/* Generated by tools/mkfonts.sh, do not edit. Rendered from DejaVu Sans 2.37
 * (Bitstream Vera and Arev licenses, tools/fonts/DejaVuSans-LICENSE.txt) and icons of
 * Font Awesome 7.3.1 Free Solid (SIL OFL 1.1, tools/fonts/fontawesome/LICENSE.txt). */
/*******************************************************************************
 * Size: 18 px
 * Bpp: 4
 * Opts: --bpp 4 --size 18 --format lvgl --font tools/fonts/DejaVuSans.ttf -r 0x20-0x7E,0xA0-0x17F,0x384-0x38A,0x38C,0x38E-0x3A1,0x3A3-0x3CE,0x400-0x45F,0x490-0x491,0x60C,0x61B,0x61F,0x621-0x652,0x660-0x669,0x67E,0x686,0x698,0x6A9,0x6AF,0x6CC,0xFB56-0xFB59,0xFB7A-0xFB7D,0xFB8A-0xFB8B,0xFB8E-0xFB95,0xFBFC-0xFBFF,0xFE70-0xFEFC,0x2013-0x2014,0x2018-0x201A,0x201C-0x201E,0x2022,0x2026,0x2190-0x2193,0x2328,0x2713,0x2717,0x26A0,0x25B6 --font tools/fonts/fontawesome/fa-solid-900.ttf -r 0xF2F9,0xF15C,0xF1D8,0xF12E,0xF0ED,0xF1DE,0xF1CD,0xF2DB,0xF5FD,0xF590,0xF05A,0xF2F5 --lv-include lvgl.h --lv-font-name orm_font_18 -o src/fonts/orm_font_18.c.tmp
 ******************************************************************************/

#ifdef LV_LVGL_H_INCLUDE_SIMPLE
#include "lvgl.h"
#else
#include "lvgl.h"
#endif

#ifndef ORM_FONT_18
#define ORM_FONT_18 1
#endif

#if ORM_FONT_18

/*-----------------
 *    BITMAPS
 *----------------*/

/*Store the image of the glyphs*/
static LV_ATTRIBUTE_LARGE_CONST const uint8_t glyph_bitmap[] = {
    /* U+0020 " " */

    /* U+0021 "!" */
    0x4f, 0x80, 0xf, 0xfe, 0x17, 0xb8, 0x0, 0x40,
    0x4c, 0x88, 0x3a, 0x80, 0x62, 0x99, 0x20, 0x10,

    /* U+0022 "\"" */
    0x4f, 0x30, 0xf8, 0x0, 0xff, 0xe3, 0x39, 0x8,
    0x1f, 0x80,

    /* U+0023 "#" */
    0x0, 0xea, 0xc0, 0x5, 0x58, 0x7, 0xc8, 0x80,
    0x2, 0x18, 0x7, 0x84, 0x58, 0x4, 0x38, 0x1,
    0x84, 0x4e, 0xc, 0x28, 0xc, 0x20, 0x9, 0xee,
    0x48, 0x6f, 0x48, 0x6f, 0x58, 0x5d, 0xc2, 0xb7,
    0x61, 0x5b, 0xb4, 0x81, 0x22, 0x8f, 0x23, 0xf,
    0x22, 0x8, 0x4, 0x4e, 0xa, 0x28, 0xa, 0x20,
    0x9, 0xee, 0x48, 0x77, 0x24, 0x3b, 0x96, 0x17,
    0x70, 0x35, 0xd8, 0x1a, 0xed, 0x20, 0x48, 0xc1,
    0xa8, 0xc1, 0x48, 0x82, 0x0, 0x90, 0x10, 0x10,
    0xc, 0x3, 0xd8, 0x60, 0xc, 0x30, 0xe,

    /* U+0024 "$" */
    0x0, 0xd8, 0x20, 0x1f, 0xfc, 0xa3, 0xbe, 0x3e,
    0xe5, 0x88, 0xb1, 0xac, 0xae, 0x0, 0xdc, 0x39,
    0x45, 0x5a, 0xc8, 0x0, 0xe0, 0x1e, 0x71, 0xb9,
    0x25, 0x0, 0x87, 0xd9, 0x6, 0xfa, 0x0, 0x3,
    0x3a, 0x74, 0x8f, 0x0, 0x1c, 0x94, 0x6a, 0x20,
    0x1e, 0x10, 0x9c, 0x74, 0x17, 0xb2, 0xaa, 0x25,
    0x50, 0xa5, 0xe5, 0xca, 0x37, 0x8b, 0xb1, 0x80,
    0x38, 0x40, 0x3f, 0x50, 0x80, 0x40,

    /* U+0025 "%" */
    0x9, 0xee, 0x50, 0x80, 0x65, 0xf1, 0x0, 0xa5,
    0xf7, 0x49, 0x60, 0x10, 0xdc, 0x88, 0x4, 0xf2,
    0x66, 0x85, 0x0, 0xac, 0x98, 0x3, 0xff, 0x80,
    0x8b, 0xc0, 0x1c, 0x94, 0x22, 0xa4, 0x0, 0x4b,
    0x90, 0x7, 0x5b, 0x77, 0x2, 0x42, 0x2, 0x0,
    0x3c, 0x37, 0xfd, 0x84, 0x47, 0x90, 0x7d, 0xd4,
    0x0, 0x70, 0x80, 0x39, 0x51, 0xa2, 0x12, 0xd0,
    0x1, 0xe6, 0x2b, 0xa, 0x65, 0x49, 0x70, 0xe,
    0x19, 0xb1, 0x2, 0xe0, 0x1, 0x0, 0x80, 0x6b,
    0x45, 0x0, 0x1f, 0x0, 0x8, 0x4, 0x2, 0x45,
    0x90, 0xa, 0x99, 0xe, 0x58, 0x3, 0x54, 0x10,
    0x4, 0xee, 0xad, 0x79, 0x0,

    /* U+0026 "&" */
    0x0, 0x15, 0x77, 0xec, 0x80, 0x7d, 0xea, 0xd2,
    0x8e, 0x40, 0x1c, 0x85, 0x10, 0x69, 0xe2, 0x0,
    0xff, 0xe3, 0x21, 0x49, 0x0, 0x7f, 0x10, 0xe,
    0x10, 0x7, 0xc3, 0x8d, 0xc7, 0x84, 0x1, 0x6e,
    0x4, 0x8d, 0xe, 0x1e, 0x18, 0x0, 0x90, 0x10,
    0x84, 0x7, 0xf, 0x4d, 0xc2, 0x80, 0x4, 0x1,
    0xe, 0x1e, 0x4b, 0x10, 0x20, 0x48, 0x4, 0x32,
    0x3, 0xa0, 0x8, 0x36, 0xc7, 0x75, 0x59, 0xd,
    0x10, 0x3, 0x20, 0x62, 0xd, 0x3b, 0xa1, 0xc2,

    /* U+0027 "'" */
    0x4f, 0x30, 0xf, 0xe7, 0x21,

    /* U+0028 "(" */
    0x0, 0x17, 0xa8, 0x2, 0xd, 0x40, 0x96, 0x40,
    0x16, 0xa, 0x0, 0x74, 0x0, 0x10, 0x98, 0x1,
    0xc3, 0x40, 0x6, 0x2, 0x1, 0xf1, 0x80, 0x80,
    0x1c, 0x34, 0x0, 0x42, 0x60, 0x13, 0xa0, 0x5,
    0x60, 0xa0, 0x2, 0x59, 0x0, 0xa0, 0xd4,

    /* U+0029 ")" */
    0x4f, 0x20, 0x2, 0x1c, 0x80, 0x52, 0x84, 0x0,
    0x50, 0xb0, 0x9, 0x1c, 0x2, 0xc1, 0x20, 0x1,
    0x3, 0x80, 0x4, 0xc, 0x3, 0xe1, 0x3, 0x0,
    0x10, 0x38, 0x3, 0x4, 0x80, 0x8, 0xe0, 0x5,
    0xb, 0x0, 0x4a, 0x10, 0x21, 0xc8, 0x0,

    /* U+002A "*" */
    0x0, 0xde, 0x1, 0xc6, 0x1, 0xc6, 0x7, 0xd2,
    0x20, 0x33, 0xc6, 0x6d, 0xec, 0xc, 0xed, 0x30,
    0x1, 0x88, 0x9, 0x80, 0xb, 0x23, 0x83, 0xa3,
    0x8, 0xe7, 0x8, 0xb, 0x24, 0xc5, 0x40, 0x39,
    0x44, 0x3, 0x68, 0x6,

    /* U+002B "+" */
    0x0, 0xf1, 0x80, 0x7f, 0xc7, 0x88, 0x1, 0xff,
    0xe1, 0x22, 0xcc, 0x4, 0x5c, 0x3, 0xbb, 0xa8,
    0x27, 0x77, 0x10, 0xd5, 0x68, 0x7, 0xaa, 0xc4,
    0xa, 0xb9, 0x3, 0x15, 0x70, 0x7, 0xff, 0x70,

    /* U+002C "," */
    0x4, 0x40, 0x55, 0x80, 0x99, 0x82, 0x10, 0xd0,

    /* U+002D "-" */
    0x2, 0x2c, 0x25, 0xbb, 0xa0, 0xaa, 0xb8,

    /* U+002E "." */
    0x3, 0x21, 0xce, 0x0, 0x80,

    /* U+002F "/" */
    0x0, 0xd3, 0xc0, 0x1c, 0xee, 0x0, 0xc6, 0x3a,
    0x1, 0xac, 0x10, 0x3, 0x2a, 0x80, 0x31, 0x13,
    0xc0, 0x32, 0x82, 0x80, 0x6b, 0x40, 0xc, 0x27,
    0xa0, 0x19, 0xc1, 0xc0, 0x36, 0x98, 0x80, 0x42,
    0x96, 0x1, 0x90, 0x14, 0x3, 0x79, 0x10, 0x3,
    0x6c, 0x80, 0x70,

    /* U+0030 "0" */
    0x0, 0x36, 0xff, 0x48, 0x80, 0x4f, 0x23, 0x2c,
    0xcc, 0x0, 0xc, 0x1e, 0x34, 0x51, 0x40, 0x30,
    0x48, 0x4, 0xa2, 0xc1, 0xa0, 0x80, 0x19, 0x4,
    0x4c, 0x2, 0x1, 0x88, 0x8, 0x3, 0xff, 0x90,
    0xc0, 0x20, 0x18, 0x80, 0xb4, 0x10, 0x3, 0x20,
    0x89, 0x82, 0x40, 0x25, 0x16, 0x1, 0x83, 0xc6,
    0x8a, 0x29, 0x0, 0x3c, 0x8c, 0xb3, 0x30, 0x40,

    /* U+0031 "1" */
    0x7, 0xae, 0xfe, 0x0, 0xd0, 0x8a, 0x1, 0xed,
    0xeb, 0x20, 0xe, 0x20, 0xf, 0xff, 0xda, 0xbb,
    0x8c, 0x5d, 0xcc, 0x13, 0x10, 0x10, 0x88, 0x50,

    /* U+0032 "2" */
    0x27, 0xce, 0xfc, 0x70, 0x5, 0xc0, 0x33, 0x84,
    0x60, 0x6f, 0x64, 0x43, 0x14, 0xd9, 0x4, 0x3,
    0x70, 0x70, 0x7, 0x84, 0x3c, 0x3, 0xd0, 0xc,
    0x1, 0xd4, 0x52, 0x20, 0x1a, 0x56, 0x18, 0x3,
    0x4b, 0x43, 0x80, 0x6a, 0x68, 0x70, 0xd, 0x4b,
    0xe, 0x1, 0xa1, 0x48, 0x1d, 0xf2, 0x98, 0x14,
    0x47, 0x78,

    /* U+0033 "3" */
    0x19, 0xde, 0xfd, 0x92, 0x0, 0x12, 0x3b, 0x3b,
    0x9b, 0x48, 0xf, 0x6a, 0x21, 0x54, 0xb, 0x0,
    0xf9, 0xc0, 0xc0, 0x31, 0x11, 0x38, 0x3c, 0x2,
    0x5d, 0xd5, 0x94, 0x28, 0x4, 0x95, 0x47, 0x30,
    0xe, 0x15, 0x54, 0x74, 0x40, 0x3, 0xe3, 0x26,
    0x0, 0xfe, 0x10, 0x20, 0xe, 0x52, 0x30, 0x8e,
    0xa8, 0x86, 0x50, 0x78, 0x72, 0x3b, 0xc2, 0xda,
    0x60,

    /* U+0034 "4" */
    0x0, 0xe1, 0xef, 0x90, 0xf, 0xa0, 0x40, 0x3f,
    0x1b, 0x40, 0x7, 0xee, 0x54, 0x0, 0xfa, 0xe,
    0xc0, 0x3e, 0x27, 0x81, 0x0, 0xfb, 0x8d, 0x80,
    0x3e, 0x63, 0xe0, 0xf, 0xd2, 0xa0, 0x44, 0x60,
    0x1, 0x1, 0x2, 0xee, 0xd4, 0xd, 0xae, 0x55,
    0x5d, 0x0, 0x94, 0xa0, 0xab, 0xc8, 0x4, 0xa4,
    0x1, 0xff, 0x0,

    /* U+0035 "5" */
    0x1f, 0xff, 0x70, 0x4, 0x71, 0x1a, 0x40, 0x25,
    0x77, 0xe0, 0xc, 0x22, 0x0, 0xf3, 0x77, 0x3e,
    0x84, 0x4, 0xde, 0xa1, 0x17, 0x4, 0x32, 0x15,
    0xed, 0x8a, 0x40, 0x3d, 0x20, 0x80, 0x1f, 0x8,
    0x80, 0x3c, 0x23, 0x10, 0x7, 0x58, 0x5d, 0xba,
    0xa2, 0x75, 0x4d, 0xf5, 0x51, 0xd8, 0x63, 0x0,

    /* U+0036 "6" */
    0x0, 0xc, 0x6f, 0xf5, 0xa0, 0x0, 0x71, 0xd9,
    0xd8, 0x8, 0x1, 0xa7, 0x97, 0x10, 0xb6, 0x3,
    0x34, 0x98, 0x7, 0xac, 0xe, 0xff, 0xda, 0xc0,
    0x2, 0xa, 0x7a, 0x90, 0x97, 0x1, 0x3, 0xc5,
    0x6d, 0x18, 0x0, 0xa8, 0x3, 0x38, 0x19, 0x0,
    0x80, 0x61, 0x7, 0xc0, 0x10, 0xc, 0x20, 0xe8,
    0x12, 0x1, 0xb, 0x9, 0x8c, 0x8e, 0xbc, 0x78,
    0x58, 0x1, 0xac, 0x61, 0xd6, 0xd4, 0x0,

    /* U+0037 "7" */
    0x8f, 0xff, 0xba, 0xe2, 0x39, 0x41, 0xd, 0xdf,
    0x8c, 0x24, 0x3, 0xcc, 0x46, 0x1, 0xcc, 0x14,
    0x1, 0xea, 0x6, 0x0, 0xe2, 0x35, 0x10, 0xe,
    0xb0, 0xe0, 0xf, 0x38, 0xa0, 0x7, 0x28, 0xb0,
    0x7, 0xb8, 0x28, 0x3, 0x89, 0x10, 0x40, 0x1d,
    0x41, 0xc0, 0x18,

    /* U+0038 "8" */
    0x1, 0x8d, 0xfe, 0xb5, 0x0, 0xb1, 0xd2, 0x64,
    0xd4, 0xe0, 0xa5, 0x12, 0xcf, 0x81, 0x40, 0x60,
    0x20, 0x10, 0x88, 0x0, 0x81, 0xa, 0x47, 0x43,
    0x0, 0x54, 0x15, 0xb8, 0x98, 0xa0, 0x1, 0x57,
    0xa9, 0x3c, 0x40, 0x3b, 0xd8, 0x56, 0xd1, 0xa0,
    0x90, 0x70, 0xc, 0xe2, 0x4c, 0x1, 0xe3, 0x0,
    0x28, 0x30, 0x4, 0x28, 0x5, 0x61, 0x14, 0xd1,
    0xe3, 0x20, 0x5c, 0xcf, 0x2e, 0x54, 0xc0,

    /* U+0039 "9" */
    0x1, 0x9e, 0xfe, 0x80, 0x8, 0x7d, 0x9e, 0x5d,
    0xd8, 0x0, 0x91, 0x99, 0x34, 0xc8, 0xd8, 0x10,
    0x18, 0x2, 0x60, 0xa0, 0x10, 0xf, 0x8c, 0x1c,
    0xc, 0x2, 0x30, 0x1, 0x48, 0x72, 0x92, 0x70,
    0x4, 0x74, 0x75, 0xb6, 0xea, 0x6, 0xb, 0xd9,
    0x7d, 0x4e, 0x2, 0x1, 0x1a, 0x9, 0x11, 0x40,
    0x3e, 0xe0, 0x90, 0x7, 0x54, 0x4f, 0x1c, 0x98,
    0x1, 0xdf, 0x2d, 0xb0, 0x0,

    /* U+003A ":" */
    0x33, 0x6e, 0x0, 0x3b, 0xc0, 0x3c, 0x66, 0xdc,
    0x0, 0x0,

    /* U+003B ";" */
    0x3, 0x30, 0x6e, 0x0, 0x6e, 0xf0, 0xf, 0xf2,
    0x20, 0x2a, 0xc0, 0x4c, 0xc1, 0x8, 0x68,

    /* U+003C "<" */
    0x0, 0xff, 0x88, 0x3, 0xf8, 0x5b, 0x34, 0x80,
    0x3c, 0xb7, 0xd2, 0x10, 0x40, 0x12, 0x4f, 0xd3,
    0x3e, 0xe3, 0x80, 0x23, 0xad, 0xdb, 0x36, 0x8,
    0x2, 0x17, 0x14, 0xf9, 0x30, 0xf, 0xd, 0x22,
    0x3b, 0x18, 0x40, 0x3c, 0xb7, 0xd2, 0x13, 0xd6,
    0xa0, 0x1e, 0x16, 0xcd, 0x76, 0xaf, 0xa1, 0x0,
    0xf1, 0x46, 0xe3, 0x21, 0x80, 0x7f, 0x1c, 0xf1,
    0x0,

    /* U+003D "=" */
    0x2, 0x2f, 0xf8, 0x7, 0x77, 0xfe, 0x21, 0xaa,
    0xff, 0x88, 0x15, 0x7f, 0xe0, 0x1, 0x17, 0xfc,
    0x3, 0xbb, 0xff, 0x10, 0xd5, 0x7f, 0xc4,

    /* U+003E ">" */
    0x2, 0x0, 0xff, 0x87, 0x71, 0xc4, 0x3, 0xf0,
    0xc8, 0x47, 0x5a, 0x80, 0x7c, 0xd9, 0xb0, 0xd5,
    0xf4, 0x80, 0x1e, 0x27, 0xdd, 0x3a, 0x5f, 0x48,
    0x7, 0xc5, 0x1e, 0xa2, 0xc4, 0x1, 0xe6, 0xbe,
    0x54, 0xa2, 0x0, 0x96, 0xbe, 0x5a, 0x3a, 0xd4,
    0x1, 0x3f, 0x48, 0xfb, 0xa7, 0x10, 0x8, 0x59,
    0x97, 0xd0, 0x40, 0x1e, 0x1f, 0x94, 0x0, 0xfe,

    /* U+003F "?" */
    0x29, 0xdf, 0xe9, 0x10, 0x97, 0x58, 0x46, 0xd0,
    0xfe, 0x87, 0xa5, 0x33, 0x20, 0x6, 0x30, 0xf,
    0x1b, 0x19, 0x80, 0x23, 0xc2, 0xd0, 0x8, 0x70,
    0xb0, 0x40, 0x27, 0x9, 0x10, 0xd, 0xc0, 0xc0,
    0x1d, 0x8e, 0x60, 0x1c, 0xb6, 0x20, 0x1d, 0x18,
    0x60, 0x1f, 0xf0,

    /* U+0040 "@" */
    0x0, 0xff, 0xe4, 0x14, 0x6f, 0xfb, 0xad, 0x40,
    0x3e, 0x9d, 0x3a, 0xbc, 0xb2, 0xbd, 0x20, 0xd,
    0x6f, 0x76, 0x74, 0x35, 0x9f, 0x7c, 0x30, 0x4,
    0xaf, 0xa0, 0x7, 0x86, 0x9f, 0x80, 0x9a, 0x84,
    0x13, 0x7f, 0xa2, 0x18, 0x12, 0x6a, 0xa2, 0x40,
    0x1b, 0x1b, 0xa3, 0x70, 0x9, 0x3f, 0x14, 0x1,
    0x23, 0x88, 0x8b, 0x10, 0x8, 0x85, 0xfc, 0x0,
    0x4a, 0x1, 0x90, 0x2, 0x21, 0x7f, 0x0, 0x13,
    0x0, 0x67, 0x0, 0xa, 0xf9, 0x98, 0x1, 0x65,
    0x22, 0x28, 0x20, 0x4c, 0x45, 0xb4, 0x20, 0x39,
    0x6e, 0xe1, 0xb1, 0xd2, 0xd8, 0x1a, 0x70, 0x1,
    0xbf, 0x7a, 0xe3, 0x7a, 0x0, 0x2a, 0x2b, 0x10,
    0x1, 0x8, 0x9, 0xa0, 0x6, 0x1c, 0x7f, 0x83,
    0x11, 0x1c, 0x7c, 0x80, 0x71, 0x64, 0x26, 0x77,
    0x31, 0x63, 0x40, 0x3e, 0x6c, 0xfd, 0xd7, 0x6b,
    0x0, 0x60,

    /* U+0041 "A" */
    0x0, 0xc3, 0xfe, 0x50, 0xf, 0xe7, 0x2, 0xe0,
    0xf, 0xea, 0x4b, 0x42, 0x0, 0xf8, 0xcd, 0xce,
    0x14, 0x1, 0xf5, 0x2, 0x8a, 0x30, 0x7, 0xce,
    0xa0, 0xe, 0x14, 0x0, 0xe5, 0x1e, 0x0, 0x28,
    0xf0, 0x7, 0x70, 0xb1, 0x14, 0x8a, 0x20, 0x11,
    0x20, 0xee, 0xe5, 0x7, 0x0, 0xa8, 0x26, 0xab,
    0x8a, 0xc0, 0x26, 0x26, 0x55, 0xea, 0x23, 0x4,
    0x1a, 0x0, 0xf2, 0x85, 0x7, 0x2, 0x80, 0x78,
    0x88, 0xc0,

    /* U+0042 "B" */
    0x3f, 0xfe, 0xda, 0x20, 0xc, 0x91, 0x13, 0xae,
    0x90, 0x4, 0x6e, 0xf5, 0x40, 0x28, 0x7, 0xe2,
    0x0, 0xe1, 0x18, 0x92, 0x5, 0x80, 0x26, 0xee,
    0x6d, 0x86, 0x8, 0x4, 0xb7, 0x6a, 0x83, 0xc2,
    0x0, 0x89, 0x10, 0xaf, 0x83, 0x20, 0x1f, 0x88,
    0x88, 0x1, 0xfc, 0x60, 0x1f, 0xc6, 0x24, 0x1,
    0x23, 0xbd, 0x38, 0x12, 0x1, 0x1c, 0x44, 0xe9,
    0x88, 0x0,

    /* U+0043 "C" */
    0x0, 0x9b, 0x3b, 0xfa, 0xd4, 0x0, 0x5b, 0x20,
    0xd0, 0xcf, 0x50, 0x1e, 0x53, 0x90, 0xf1, 0x98,
    0xf6, 0x26, 0x60, 0x7, 0x1b, 0xe8, 0x58, 0x7,
    0xe5, 0x2, 0x0, 0xfc, 0x22, 0x0, 0xfe, 0x11,
    0x0, 0x7f, 0x28, 0x10, 0x7, 0xed, 0xb, 0x0,
    0xfc, 0xc4, 0xcc, 0x0, 0xe4, 0x70, 0xf2, 0x9c,
    0x87, 0x8c, 0xbf, 0x2, 0xd9, 0x6, 0x86, 0x7a,
    0x80,

    /* U+0044 "D" */
    0x3f, 0xfd, 0xdb, 0x48, 0x1, 0xc9, 0x10, 0x97,
    0x4b, 0xc1, 0x0, 0x8d, 0xde, 0xae, 0x63, 0xd0,
    0xf, 0xe9, 0x43, 0x40, 0xf, 0xee, 0xd, 0x0,
    0xfe, 0x70, 0x20, 0xf, 0xe3, 0x7, 0x0, 0xfe,
    0x30, 0x70, 0xf, 0xe7, 0x2, 0x0, 0xfe, 0x90,
    0xd0, 0xf, 0xd2, 0x66, 0x40, 0x2, 0x3b, 0xd5,
    0xcc, 0x7a, 0x1, 0x1c, 0x44, 0xe9, 0x78, 0x20,

    /* U+0045 "E" */
    0x3f, 0xff, 0xc2, 0x0, 0x38, 0x8f, 0x8, 0x1,
    0x1d, 0xfc, 0x1, 0xff, 0xc1, 0x12, 0x2e, 0x10,
    0x9, 0xb7, 0x7c, 0x1, 0x25, 0x57, 0x40, 0x4,
    0x6a, 0xbc, 0x80, 0x1f, 0xfd, 0x54, 0x77, 0xf0,
    0x80, 0xe, 0x23, 0xc4,

    /* U+0046 "F" */
    0x3f, 0xff, 0x94, 0x0, 0x71, 0x1c, 0xe0, 0x4,
    0x77, 0xe2, 0x0, 0xff, 0x84, 0x8b, 0x8, 0x4,
    0xdb, 0xbc, 0x1, 0x25, 0x56, 0xf0, 0x8, 0xd5,
    0x71, 0x80, 0x7f, 0xf8, 0x80,

    /* U+0047 "G" */
    0x0, 0x9a, 0xfb, 0xfb, 0x20, 0x40, 0x5, 0xb2,
    0xcc, 0x86, 0x63, 0xf0, 0x87, 0x94, 0xec, 0x3c,
    0x57, 0xb8, 0x31, 0x33, 0x0, 0x3d, 0x3, 0xa1,
    0x60, 0x1f, 0xca, 0x4, 0x1, 0x88, 0xb0, 0x8,
    0x80, 0x31, 0xee, 0xe7, 0x11, 0x0, 0x63, 0xaa,
    0x38, 0x1, 0x40, 0x80, 0x32, 0xab, 0x0, 0x1a,
    0x14, 0x1, 0xfc, 0xc4, 0xec, 0x1, 0xfd, 0xe5,
    0x3b, 0xf, 0x15, 0x60, 0x40, 0x5b, 0x2c, 0xc8,
    0x76, 0x7d, 0x50,

    /* U+0048 "H" */
    0x3f, 0x80, 0xf, 0x7e, 0x0, 0x7f, 0xf5, 0xc4,
    0x8b, 0xc0, 0x19, 0xb7, 0x7c, 0x1, 0x92, 0xab,
    0xc0, 0x18, 0xd5, 0x7c, 0x1, 0xff, 0xed,

    /* U+0049 "I" */
    0x3f, 0x80, 0xf, 0xfe, 0xc0,

    /* U+004A "J" */
    0x0, 0x1f, 0xc0, 0x7, 0xff, 0xc9, 0xc3, 0xc0,
    0x1a, 0x6, 0xf4, 0xc4, 0x92, 0x8b, 0xe0,

    /* U+004B "K" */
    0x3f, 0x80, 0xc, 0x7d, 0xe6, 0x1, 0xf1, 0xe0,
    0x61, 0x80, 0x79, 0x30, 0x70, 0xc0, 0x3c, 0xb6,
    0x5e, 0x40, 0x1e, 0x6a, 0x3c, 0x10, 0xf, 0x2c,
    0x9e, 0x8, 0x7, 0xc4, 0xc, 0x1, 0xfc, 0xca,
    0xaa, 0x0, 0xfc, 0x34, 0xaa, 0xa0, 0xf, 0xea,
    0x55, 0x50, 0x7, 0xf5, 0x2a, 0xa8, 0x3, 0xfa,
    0x95, 0x54, 0x1, 0xfd, 0x4a, 0xaa, 0x0,

    /* U+004C "L" */
    0x3f, 0x80, 0xf, 0xff, 0xf8, 0x7, 0xff, 0x2d,
    0x1d, 0xfc, 0x0, 0x38, 0x8f, 0x0,

    /* U+004D "M" */
    0x3f, 0xf4, 0x80, 0x70, 0xff, 0xb0, 0x2, 0x60,
    0xe, 0x60, 0xe, 0x50, 0x50, 0xd, 0x48, 0x1,
    0xb4, 0xf8, 0x2, 0x32, 0xe0, 0xe, 0xa4, 0x10,
    0x5, 0xa, 0x80, 0x73, 0x3, 0x0, 0x1d, 0x80,
    0x3e, 0x5a, 0x5, 0x1a, 0x0, 0xfb, 0x89, 0x38,
    0xc8, 0x3, 0xe4, 0x1f, 0x4a, 0x0, 0xfe, 0x64,
    0x7, 0x0, 0xfe, 0x97, 0x91, 0x0, 0xfe, 0x18,
    0x60, 0xf, 0xfe, 0x30,

    /* U+004E "N" */
    0x3f, 0xf3, 0x0, 0x77, 0xd8, 0x5, 0x0, 0x1f,
    0xc6, 0x2e, 0x1, 0xfa, 0xce, 0x4, 0x3, 0xf7,
    0x84, 0x80, 0x7e, 0x34, 0x71, 0x0, 0xfd, 0x21,
    0x60, 0x1f, 0x89, 0x54, 0x40, 0x1f, 0xa0, 0x24,
    0x3, 0xf1, 0x32, 0x20, 0x3, 0xf4, 0x4, 0x0,
    0x7e, 0x18, 0x30, 0xf, 0xe7, 0x10, 0x0,

    /* U+004F "O" */
    0x0, 0x9f, 0x3f, 0xdb, 0x2, 0x1, 0x8b, 0x61,
    0xe2, 0xe, 0xef, 0x30, 0xb, 0xca, 0xad, 0xdd,
    0x58, 0x3a, 0x20, 0xc4, 0xca, 0x1, 0x8e, 0x46,
    0x3, 0x42, 0xc0, 0x3c, 0xc0, 0xe0, 0xa0, 0x40,
    0x1f, 0x18, 0x8e, 0x0, 0xfc, 0xe0, 0x62, 0x20,
    0xf, 0xce, 0x6, 0xa0, 0x40, 0x1f, 0x18, 0x8b,
    0x42, 0xc0, 0x3c, 0xc0, 0xe0, 0xc4, 0xca, 0x1,
    0x8e, 0x46, 0x0, 0x1e, 0x55, 0x6e, 0xea, 0xc1,
    0xd1, 0x0, 0x16, 0xc3, 0xc4, 0x1d, 0xde, 0x60,
    0x0,

    /* U+0050 "P" */
    0x3f, 0xfe, 0xc6, 0x0, 0xc9, 0x10, 0x72, 0x99,
    0x0, 0x46, 0xee, 0x8f, 0x16, 0x10, 0xf, 0xa,
    0x1, 0x0, 0x7c, 0xe0, 0x20, 0x1, 0x22, 0x1d,
    0x11, 0x90, 0x1, 0xb7, 0x58, 0xa7, 0xa0, 0x12,
    0x55, 0xdb, 0xb0, 0x40, 0x23, 0x54, 0x40, 0x80,
    0x7f, 0xf7, 0xc0,

    /* U+0051 "Q" */
    0x0, 0x9f, 0x3f, 0xdb, 0x2, 0x1, 0x8b, 0x61,
    0xe2, 0xe, 0xef, 0x30, 0xb, 0xca, 0xad, 0xdd,
    0x58, 0x3a, 0x20, 0xc4, 0xca, 0x1, 0x8e, 0x46,
    0x3, 0x42, 0xc0, 0x3c, 0xc0, 0xe0, 0xa0, 0x40,
    0x1f, 0x18, 0x8e, 0x0, 0xfc, 0xe0, 0x62, 0x20,
    0xf, 0xce, 0x4, 0xa0, 0x40, 0x1f, 0x18, 0x86,
    0x85, 0x0, 0x79, 0x81, 0x81, 0x89, 0xd4, 0x3,
    0x1c, 0xc, 0x80, 0x3c, 0xaa, 0xdd, 0xd5, 0x81,
    0xa2, 0x0, 0x2d, 0x87, 0x88, 0x29, 0x79, 0x80,
    0x73, 0xe7, 0xf9, 0x49, 0x80, 0x3f, 0xd4, 0x90,
    0xe0, 0x0,

    /* U+0052 "R" */
    0x3f, 0xfe, 0xc7, 0x0, 0xe4, 0x88, 0x38, 0xc4,
    0x80, 0x63, 0x77, 0x46, 0x8b, 0x8, 0x7, 0xe4,
    0x2, 0x0, 0xfc, 0xc0, 0x20, 0x10, 0x91, 0xe,
    0x4c, 0xc4, 0x1, 0x36, 0xeb, 0x19, 0x74, 0x3,
    0x25, 0x52, 0x5, 0x84, 0x3, 0x1a, 0xa9, 0xf4,
    0xe8, 0x3, 0xf1, 0xaa, 0x8c, 0x3, 0xf4, 0x4,
    0x0, 0x7e, 0x25, 0x43, 0x0, 0xfd, 0x1, 0x0,

    /* U+0053 "S" */
    0x1, 0x9d, 0xfe, 0xd9, 0x40, 0x2e, 0x67, 0x89,
    0x77, 0x70, 0x40, 0x55, 0x1d, 0xd5, 0xd0, 0xc,
    0xa, 0x1, 0xc4, 0xc, 0xa, 0x1, 0xf4, 0x5,
    0x6c, 0xb1, 0x0, 0x45, 0xac, 0xd, 0x3b, 0x84,
    0x0, 0x29, 0xde, 0xb5, 0x3f, 0x0, 0xe1, 0x4a,
    0x52, 0x40, 0xf, 0xb4, 0x9, 0x0, 0x3d, 0x60,
    0xb1, 0xf4, 0xee, 0x8d, 0x35, 0x3f, 0x76, 0x98,
    0x61, 0x9a, 0x0,

    /* U+0054 "T" */
    0xf, 0xff, 0xf8, 0x1, 0x11, 0x94, 0x16, 0x23,
    0x0, 0x1d, 0xf6, 0x6, 0x3b, 0xe0, 0xf, 0xff,
    0xf8, 0x7, 0xff, 0xb0,

    /* U+0055 "U" */
    0x7f, 0x50, 0xe, 0x2f, 0x90, 0xf, 0xff, 0xf8,
    0x0, 0x40, 0xc0, 0x38, 0x40, 0x4, 0x1c, 0x1,
    0xca, 0x1c, 0x82, 0xc2, 0x1, 0xa8, 0x14, 0x2c,
    0x7a, 0x5e, 0x38, 0xdc, 0x81, 0x71, 0x5e, 0x19,
    0x6a, 0x0,

    /* U+0056 "V" */
    0xaf, 0x30, 0xf, 0xb7, 0xc3, 0x82, 0x80, 0x3c,
    0x84, 0xc0, 0x82, 0xe0, 0x1e, 0xe0, 0xa0, 0x3,
    0xa, 0x80, 0x72, 0x91, 0x80, 0x28, 0x38, 0x3,
    0x30, 0x58, 0x4, 0x48, 0x81, 0x0, 0xa8, 0x1c,
    0x3, 0x70, 0x30, 0x0, 0x8d, 0x44, 0x3, 0x28,
    0xd0, 0x2, 0x83, 0x80, 0x3c, 0xe4, 0x60, 0xc2,
    0x80, 0x1e, 0xa0, 0xa4, 0x16, 0x0, 0xf8, 0xcc,
    0xde, 0x14, 0x1, 0xfa, 0x81, 0x10, 0x40, 0x1f,
    0x9c, 0x1, 0xc0, 0x1c,

    /* U+0057 "W" */
    0x4f, 0x80, 0xc, 0x7f, 0xe0, 0xe, 0xbf, 0x14,
    0x4, 0x0, 0xc8, 0x0, 0x40, 0xc, 0x84, 0x20,
    0x66, 0x0, 0xd8, 0x83, 0x80, 0x11, 0x82, 0x0,
    0x10, 0x10, 0x2, 0x4c, 0x44, 0x0, 0x48, 0x18,
    0x0, 0xc0, 0xc0, 0x1, 0x82, 0x61, 0x80, 0x58,
    0x8, 0x0, 0x40, 0x40, 0x2, 0x1, 0xa0, 0x20,
    0x1, 0xc, 0x40, 0x23, 0x30, 0x3, 0x10, 0x8,
    0x70, 0xc, 0x10, 0x3, 0x20, 0x20, 0x26, 0x0,
    0x11, 0x0, 0x81, 0x80, 0x1b, 0x3, 0xc, 0x10,
    0x1, 0x86, 0x18, 0x8, 0x1, 0x90, 0x11, 0x0,
    0x60, 0x4, 0x4, 0x41, 0x80, 0x79, 0xe, 0xd0,
    0x2, 0x21, 0x80, 0x40, 0xf, 0x60, 0x1e, 0x0,
    0x64, 0x30, 0xc0, 0xf, 0x20, 0x1, 0x0, 0x36,
    0x80, 0x10, 0x2,

    /* U+0058 "X" */
    0x8, 0xf6, 0x0, 0xec, 0xf2, 0x8, 0x29, 0x10,
    0x9, 0xce, 0x8, 0x1, 0xc1, 0x40, 0x2, 0x83,
    0x70, 0x8, 0xdd, 0x18, 0x38, 0x38, 0x3, 0xa0,
    0xe6, 0x47, 0x4, 0x1, 0xee, 0x6, 0x37, 0x0,
    0xff, 0x58, 0x7, 0xe9, 0x2, 0x82, 0x0, 0xf3,
    0x24, 0x78, 0x70, 0x7, 0x14, 0x9b, 0x94, 0x1b,
    0x0, 0x6e, 0xe, 0x0, 0x39, 0xc9, 0x0, 0x1c,
    0xe0, 0x80, 0x2e, 0xe, 0x2, 0x83, 0x70, 0xc,
    0x50, 0x6c,

    /* U+0059 "Y" */
    0xb, 0xf3, 0x0, 0xe3, 0xfb, 0x0, 0x50, 0xf0,
    0x7, 0x70, 0xd0, 0x0, 0x6c, 0xa4, 0x2, 0x92,
    0xb1, 0x0, 0x95, 0x4c, 0x80, 0x6c, 0xaa, 0x0,
    0xeb, 0x1a, 0x1e, 0x1b, 0x0, 0xf0, 0xd0, 0xf9,
    0x50, 0x80, 0x7c, 0x8c, 0x2c, 0x80, 0x1f, 0xde,
    0x1e, 0x1, 0xff, 0xfa,

    /* U+005A "Z" */
    0xf, 0xff, 0xf2, 0x84, 0x47, 0xce, 0x0, 0x70,
    0x77, 0xf8, 0xc2, 0x48, 0x3, 0xe8, 0x46, 0x60,
    0x7, 0xca, 0xe9, 0x20, 0x1f, 0x1d, 0x15, 0x0,
    0x7c, 0x3a, 0x1e, 0x20, 0x1f, 0x68, 0xd9, 0x0,
    0x7d, 0x27, 0x8, 0x1, 0xf3, 0x31, 0x5c, 0x3,
    0xe4, 0x92, 0xa0, 0xf, 0x86, 0x81, 0x1d, 0xfe,
    0x32, 0x10, 0x68, 0x8f, 0xac,

    /* U+005B "[" */
    0x7f, 0xf9, 0x0, 0x15, 0x8a, 0x0, 0x73, 0x10,
    0xf, 0xff, 0x68, 0x80, 0x6c, 0xf4, 0x6c, 0xc9,
    0x0,

    /* U+005C "\\" */
    0xda, 0x0, 0xe5, 0x50, 0x7, 0x58, 0x20, 0x6,
    0x31, 0xd0, 0xe, 0x77, 0x0, 0x76, 0x89, 0x80,
    0x64, 0x1b, 0x0, 0xe4, 0x50, 0xe, 0xf2, 0x20,
    0x6, 0x50, 0x50, 0xe, 0x5b, 0x0, 0xef, 0x31,
    0x0, 0xc8, 0xe, 0x1, 0x85, 0x34, 0x3, 0xbf,
    0x0,

    /* U+005D "]" */
    0x4f, 0xf9, 0xd3, 0x28, 0x2, 0x37, 0x0, 0xff,
    0xf9, 0x27, 0xe8, 0x1, 0x33, 0x26,

    /* U+005E "^" */
    0x0, 0xec, 0xfd, 0x10, 0xf, 0xd6, 0x6a, 0x5a,
    0x1, 0xf5, 0x24, 0xd5, 0xf, 0x0, 0x3a, 0x96,
    0x98, 0x16, 0xce, 0xc0, 0x29, 0x5b, 0x50, 0x9,
    0x31, 0x68, 0x0,

    /* U+005F "_" */
    0x0, 0xff, 0x8b, 0xff, 0xf8, 0x89, 0x99, 0xfc,
    0x40,

    /* U+0060 "`" */
    0x28, 0x30, 0x1, 0x13, 0x80, 0x2a, 0xa, 0x0,
    0xbd, 0x14,

    /* U+0061 "a" */
    0x18, 0xce, 0xfd, 0x70, 0x1, 0x32, 0xc4, 0xb4,
    0x48, 0x1f, 0x4b, 0x32, 0xd9, 0x82, 0x1, 0xed,
    0x4, 0x6, 0xcf, 0xfa, 0xc0, 0xde, 0x5a, 0xb3,
    0x12, 0x0, 0xa2, 0xa5, 0x33, 0x0, 0x7f, 0x58,
    0x1, 0x4a, 0xd9, 0xf4, 0x40, 0x10, 0xeb, 0x35,
    0x4f, 0x0, 0x0,

    /* U+0062 "b" */
    0x5f, 0x40, 0xf, 0xfe, 0xe4, 0x77, 0xea, 0x80,
    0x69, 0x59, 0x80, 0xa5, 0x0, 0x8f, 0x1d, 0xda,
    0x56, 0x1, 0x48, 0x80, 0x54, 0x28, 0x0, 0x20,
    0xc, 0x60, 0x40, 0x1f, 0xfc, 0x2, 0x0, 0xc6,
    0x4, 0x0, 0x90, 0xd, 0x42, 0x80, 0x3, 0xd7,
    0x76, 0x95, 0x80, 0x52, 0xb3, 0x1, 0x4a, 0x0,

    /* U+0063 "c" */
    0x0, 0x3e, 0xff, 0xb1, 0x83, 0x21, 0xa2, 0x57,
    0x5c, 0xde, 0xdd, 0xa6, 0xe8, 0x60, 0x3, 0x88,
    0x80, 0x1f, 0xfc, 0x22, 0x20, 0x7, 0xa8, 0x60,
    0x3, 0x9c, 0xde, 0xdd, 0xa6, 0xc3, 0x21, 0xa2,
    0xb, 0xa0,

    /* U+0064 "d" */
    0x0, 0xfb, 0x70, 0x3, 0xff, 0xa0, 0x35, 0xfe,
    0xb2, 0x0, 0xe, 0x2b, 0x48, 0xe1, 0x84, 0x95,
    0x4b, 0x53, 0x8, 0x29, 0x28, 0x5, 0x0, 0x2,
    0x60, 0xe, 0x10, 0xf, 0xf1, 0x30, 0x7, 0x8,
    0x29, 0x28, 0x5, 0x0, 0x9, 0x1a, 0x86, 0xa6,
    0x10, 0x1f, 0x57, 0x91, 0xc3, 0x0,

    /* U+0065 "e" */
    0x0, 0x3e, 0xff, 0xac, 0xc0, 0x2b, 0x87, 0x98,
    0x6c, 0x30, 0x74, 0xaa, 0x33, 0xe0, 0xc0, 0x59,
    0x28, 0x4, 0x2e, 0x80, 0x65, 0xff, 0xcc, 0x2,
    0x5, 0x99, 0xf0, 0x91, 0xc, 0xfe, 0xa, 0x8,
    0x0, 0xe1, 0x7, 0x47, 0xc7, 0x68, 0xca, 0x0,
    0x5c, 0x84, 0x4a, 0xb7, 0x80,

    /* U+0066 "f" */
    0x0, 0xd, 0x77, 0xd8, 0x2, 0xd6, 0x6a, 0x0,
    0xa, 0xa7, 0x53, 0x0, 0x8c, 0x2, 0x9f, 0x6,
    0xff, 0x25, 0xd8, 0x12, 0xec, 0xa4, 0x80, 0x48,
    0x81, 0x0, 0xff, 0xf2, 0x80,

    /* U+0067 "g" */
    0x2, 0xaf, 0xf5, 0x96, 0xe0, 0xe2, 0xbc, 0x8e,
    0x18, 0x48, 0xd4, 0x35, 0x30, 0x82, 0x92, 0x80,
    0x50, 0x0, 0x26, 0x0, 0xe1, 0x0, 0xff, 0x13,
    0x0, 0x70, 0x82, 0x92, 0x80, 0x4e, 0x0, 0x91,
    0xa8, 0x69, 0x90, 0x80, 0xe2, 0xbc, 0x96, 0x0,
    0x45, 0x5f, 0xeb, 0x21, 0x60, 0xf, 0x38, 0x78,
    0x64, 0xb3, 0x2a, 0xd, 0x42, 0xd2, 0x64, 0xee,
    0xc0,

    /* U+0068 "h" */
    0x5f, 0x40, 0xf, 0xfe, 0xc3, 0xef, 0xea, 0x80,
    0x51, 0x54, 0x80, 0xa3, 0x0, 0xe, 0xbb, 0xb0,
    0x24, 0x1, 0x60, 0x10, 0x9b, 0x0, 0x8, 0x3,
    0x38, 0x80, 0x7e, 0x30, 0xf, 0xfe, 0xc0,

    /* U+0069 "i" */
    0x4f, 0x50, 0x9, 0x3d, 0x40, 0x24, 0xf5, 0x0,
    0xff, 0xe7, 0x80,

    /* U+006A "j" */
    0x0, 0x27, 0xa8, 0x7, 0xc9, 0xea, 0x1, 0xf2,
    0x7a, 0x80, 0x7f, 0xf8, 0xc4, 0x4, 0x0, 0x60,
    0xe2, 0xd6, 0x26, 0x92, 0x3a, 0x0,

    /* U+006B "k" */
    0x5f, 0x40, 0xf, 0xfe, 0xfb, 0xfc, 0x80, 0x7a,
    0x62, 0x12, 0x1, 0xd4, 0xd2, 0xe0, 0x18, 0x71,
    0x6d, 0x80, 0x3a, 0x8f, 0x10, 0x3, 0xcc, 0x10,
    0x1, 0xf6, 0xd2, 0x60, 0x7, 0xcb, 0x47, 0x80,
    0x1f, 0x2d, 0x9e, 0x0, 0x7c, 0x96, 0x78, 0x20,

    /* U+006C "l" */
    0x4f, 0x50, 0xf, 0xfe, 0xd8,

    /* U+006D "m" */
    0x5f, 0x47, 0xdf, 0xc3, 0x3, 0xcf, 0xe7, 0x0,
    0xa2, 0xa8, 0xe5, 0x8b, 0xa9, 0x5, 0xa, 0x0,
    0x1d, 0x78, 0xb0, 0xad, 0x87, 0xc1, 0x90, 0x5,
    0x80, 0x48, 0x6, 0x60, 0x9, 0x48, 0x0, 0x40,
    0x10, 0x83, 0x0, 0x61, 0x10, 0x7, 0xff, 0xfc,

    /* U+006E "n" */
    0x5f, 0x48, 0xef, 0xd5, 0x0, 0xa4, 0xab, 0x1a,
    0x8c, 0x0, 0xd4, 0x87, 0x61, 0x20, 0xd, 0x0,
    0xc6, 0xc0, 0x2, 0x0, 0xce, 0x20, 0x1f, 0x8c,
    0x3, 0xff, 0xb0,

    /* U+006F "o" */
    0x1, 0x9e, 0xfe, 0x91, 0x0, 0xb1, 0x9e, 0x5d,
    0xb0, 0x42, 0xa, 0x64, 0xd3, 0x22, 0x90, 0x51,
    0x60, 0x9, 0x85, 0x40, 0x88, 0x1, 0xc4, 0x40,
    0xf, 0xf8, 0x88, 0x1, 0xc4, 0x40, 0x51, 0x60,
    0x9, 0x85, 0x42, 0xa, 0x64, 0xd3, 0x22, 0x90,
    0x6, 0x33, 0xcb, 0xb6, 0x8, 0x0,

    /* U+0070 "p" */
    0x5f, 0x58, 0xef, 0xd5, 0x0, 0xd6, 0x59, 0xaf,
    0x4a, 0x1, 0x1d, 0x11, 0x28, 0xec, 0x2, 0xa0,
    0xd, 0x42, 0x80, 0x3, 0x0, 0xc4, 0x4, 0x0,
    0x10, 0xf, 0xed, 0x0, 0xc6, 0x4, 0x0, 0x61,
    0x0, 0xa4, 0x50, 0x0, 0x58, 0xee, 0xd1, 0xb0,
    0xa, 0x16, 0x60, 0x29, 0x40, 0x34, 0x77, 0xea,
    0x80, 0x7f, 0xf5, 0x0,

    /* U+0071 "q" */
    0x1, 0xaf, 0xf5, 0x96, 0xe0, 0xe2, 0xb4, 0x8e,
    0x18, 0x49, 0x54, 0xb5, 0x30, 0x82, 0x92, 0x80,
    0x50, 0x0, 0x26, 0x0, 0xe1, 0x0, 0xff, 0x13,
    0x0, 0x70, 0x82, 0x92, 0x80, 0x50, 0x0, 0x91,
    0xa8, 0x6a, 0x61, 0x1, 0xf5, 0x79, 0x1c, 0x30,
    0x0, 0xd7, 0xfa, 0xc8, 0x3, 0xff, 0xa2,

    /* U+0072 "r" */
    0x0, 0xf9, 0x7d, 0x23, 0xbd, 0x80, 0x14, 0x75,
    0x88, 0x0, 0x2b, 0x43, 0x20, 0x5, 0x0, 0x78,
    0x80, 0x3f, 0xfb, 0x60,

    /* U+0073 "s" */
    0x0, 0x3e, 0xff, 0xb6, 0x40, 0x13, 0x9, 0x32,
    0x54, 0x0, 0x3a, 0x4b, 0x32, 0x34, 0x0, 0x6a,
    0x40, 0x1e, 0x90, 0xdd, 0x4a, 0x80, 0x49, 0xf4,
    0x88, 0xac, 0x0, 0x85, 0x67, 0x60, 0xd8, 0x4,
    0x3, 0x18, 0x8, 0x75, 0x3a, 0xbd, 0x2, 0x83,
    0xb4, 0xd4, 0xa6, 0x90,

    /* U+0074 "t" */
    0x2, 0x82, 0x0, 0xce, 0xe6, 0x0, 0xff, 0x45,
    0x5, 0xff, 0xaa, 0x90, 0x11, 0x76, 0x82, 0x20,
    0x1a, 0x20, 0x80, 0x3f, 0xfa, 0x22, 0x2, 0x1,
    0x94, 0x21, 0x94, 0xc0, 0x68, 0x26, 0xa4,

    /* U+0075 "u" */
    0x7f, 0x20, 0xd, 0xb8, 0x1, 0xff, 0xe1, 0x10,
    0x10, 0xc, 0x40, 0xa0, 0x80, 0x13, 0x80, 0xc,
    0xa2, 0x5e, 0xa8, 0x20, 0xf, 0x46, 0x80, 0xc3,
    0x0,

    /* U+0076 "v" */
    0x4f, 0x60, 0xe, 0xce, 0x4, 0x1a, 0x0, 0xc4,
    0x6c, 0x0, 0x63, 0x20, 0xa, 0x82, 0x80, 0x14,
    0x14, 0x1, 0x29, 0x10, 0x0, 0x46, 0xc0, 0x3,
    0x2a, 0x0, 0xd4, 0x28, 0x14, 0xc, 0x1, 0x9c,
    0x38, 0x19, 0x4, 0x3, 0xa, 0x2b, 0x7, 0x0,
    0x7b, 0x82, 0x41, 0x40, 0x3c, 0xa2, 0xc, 0x1,
    0x80,

    /* U+0077 "w" */
    0x1f, 0x80, 0xa, 0xfd, 0xc0, 0x2c, 0xd1, 0x24,
    0x0, 0x90, 0x30, 0x2, 0x34, 0x4, 0x30, 0x1,
    0x82, 0xa0, 0x1, 0x3, 0x3, 0x1, 0x2, 0xc6,
    0x40, 0xc3, 0x1, 0x1, 0x3, 0x1, 0x10, 0x62,
    0x80, 0xa6, 0x20, 0x24, 0x80, 0x78, 0x9, 0x82,
    0x48, 0x1, 0x21, 0xa8, 0x20, 0x62, 0x20, 0x30,
    0x2, 0xc0, 0x81, 0x20, 0x40, 0x80, 0x40, 0x9,
    0x0, 0x9c, 0x0, 0x42, 0x46, 0x1, 0x84, 0xc3,
    0x0, 0x24, 0x4, 0x0, 0x0,

    /* U+0078 "x" */
    0xc, 0xf2, 0x0, 0x9b, 0xe0, 0x1, 0xa3, 0xe0,
    0x2, 0x93, 0x80, 0x0, 0xd9, 0x48, 0x78, 0xe8,
    0x6, 0x56, 0x66, 0x15, 0x8, 0x7, 0x49, 0x1b,
    0x20, 0x7, 0x8c, 0x81, 0x40, 0x3e, 0xe1, 0x83,
    0x80, 0xe, 0xa2, 0xa7, 0x57, 0x30, 0x9, 0x95,
    0xd0, 0x2c, 0x74, 0x40, 0xa4, 0xe0, 0x0, 0x3a,
    0x34, 0x0,

    /* U+0079 "y" */
    0x4f, 0x70, 0xe, 0xce, 0x4, 0x2a, 0x0, 0xc4,
    0x6c, 0x0, 0xa2, 0x30, 0xa, 0x82, 0x80, 0xc,
    0x14, 0x1, 0x32, 0x10, 0x0, 0x55, 0x80, 0xa,
    0x3c, 0x1, 0xb8, 0x14, 0x38, 0x54, 0x3, 0x20,
    0xc8, 0xa3, 0x80, 0x7a, 0x4e, 0xc2, 0x80, 0x3c,
    0xc0, 0xa6, 0x60, 0xf, 0xa, 0x5, 0x0, 0x7e,
    0x10, 0x60, 0xf, 0x85, 0x58, 0x3, 0xc6, 0xba,
    0x16, 0x1, 0xea, 0xa0, 0xd1, 0x0, 0x70,

    /* U+007A "z" */
    0xf, 0xff, 0xa8, 0x2e, 0xf9, 0x80, 0x81, 0x13,
    0x3b, 0x1c, 0x0, 0x61, 0xd1, 0xd0, 0xe, 0xd1,
    0xc1, 0x0, 0xd4, 0x76, 0x40, 0x1a, 0x16, 0x10,
    0x3, 0x2b, 0xb3, 0x80, 0x62, 0xa1, 0xd4, 0x4c,
    0x62, 0x3, 0x77, 0xd2,

    /* U+007B "{" */
    0x0, 0x8a, 0xfb, 0xcc, 0x2, 0xe4, 0x8b, 0x30,
    0x8, 0xd1, 0x90, 0x3, 0x88, 0x3, 0xff, 0x92,
    0x40, 0x20, 0x18, 0x60, 0x30, 0x2, 0xce, 0x58,
    0x40, 0xb, 0xac, 0xe0, 0xc0, 0x22, 0x4e, 0xb,
    0x0, 0xe2, 0x1, 0x0, 0xff, 0xe1, 0x98, 0x7,
    0x85, 0x8, 0x3, 0xac, 0x77, 0xcc, 0x2, 0x5f,
    0xdc, 0x30,

    /* U+007C "|" */
    0xbc, 0x0, 0xff, 0xeb, 0x0,

    /* U+007D "}" */
    0xbf, 0xd6, 0x0, 0xd3, 0x6d, 0x24, 0x1, 0x12,
    0x40, 0x20, 0x7, 0x8, 0x8, 0x7, 0xff, 0x24,
    0xc3, 0x80, 0x38, 0x49, 0xd0, 0x3, 0xbc, 0xef,
    0xcc, 0x2, 0xe2, 0x9c, 0x30, 0x0, 0x9b, 0x30,
    0xc0, 0x23, 0xe, 0x0, 0xff, 0xe0, 0x88, 0x8,
    0x6, 0x1b, 0x2, 0x0, 0xb3, 0x9d, 0x10, 0x1,
    0x76, 0x75, 0x80, 0x60,

    /* U+007E "~" */
    0x0, 0xc2, 0x1, 0xfc, 0x99, 0xfd, 0xf4, 0xc4,
    0x46, 0xd2, 0x1b, 0x6a, 0xa3, 0x3c, 0xee, 0xa5,
    0x48, 0x76, 0x95, 0x53, 0xbd, 0x79, 0xf0, 0x0,

    /* U+00A0 " " */

    /* U+00A1 "¡" */
    0x4f, 0x80, 0x9, 0x32, 0x40, 0xc4, 0x5a, 0x86,
    0x44, 0x10, 0x17, 0x0, 0xde, 0x1, 0xff, 0xc0,

    /* U+00A2 "¢" */
    0x0, 0xe9, 0x0, 0xfc, 0x80, 0x1f, 0xfc, 0x23,
    0xae, 0x2e, 0xb2, 0x4, 0xc4, 0x61, 0x90, 0x60,
    0xa1, 0xf8, 0x37, 0xb4, 0x40, 0xc8, 0x80, 0x71,
    0x81, 0x80, 0x7f, 0xf0, 0xc8, 0x8, 0x3, 0xc8,
    0x16, 0x1, 0xe1, 0x72, 0xb4, 0x2, 0x73, 0x8,
    0x82, 0x59, 0x6c, 0x0, 0x4f, 0xf6, 0x39, 0xe6,
    0x1, 0x90, 0xcc, 0x1, 0xf3, 0x0, 0x40,

    /* U+00A3 "£" */
    0x0, 0x93, 0x3f, 0xd8, 0xc0, 0x3, 0xb2, 0x79,
    0x5f, 0x0, 0x50, 0x6c, 0x34, 0xc8, 0x0, 0xa0,
    0x60, 0x1f, 0xfc, 0xa8, 0xf3, 0xf, 0xf9, 0x82,
    0x70, 0x83, 0x32, 0x70, 0x13, 0x10, 0x33, 0x84,
    0x3, 0xff, 0x8e, 0xce, 0x40, 0xef, 0x9a, 0xe0,
    0x42, 0x23, 0x58,

    /* U+00A4 "¤" */
    0x0, 0xfe, 0x10, 0x6, 0x48, 0x7, 0x17, 0xa8,
    0x53, 0x56, 0xff, 0xa7, 0x9, 0x1, 0x9d, 0x5e,
    0xa1, 0xc7, 0x44, 0x0, 0x88, 0xa5, 0x7d, 0x5,
    0x0, 0x8f, 0x40, 0x23, 0x3, 0x0, 0x8b, 0xc0,
    0x22, 0x3, 0x0, 0x95, 0x9c, 0x93, 0xc1, 0x0,
    0x8, 0xe5, 0x1b, 0x62, 0x14, 0x0, 0xa4, 0xdf,
    0xcd, 0xcb, 0x56, 0xc, 0xb0, 0x1, 0x90, 0x26,
    0xb0,

    /* U+00A5 "¥" */
    0x1e, 0xa0, 0xe, 0x3f, 0x71, 0x95, 0x30, 0xd,
    0xe4, 0xe0, 0xe3, 0xe0, 0x12, 0x9c, 0x0, 0x56,
    0x6a, 0x0, 0x83, 0x50, 0x9, 0x4e, 0x1, 0x8b,
    0xc0, 0x2c, 0xf3, 0x27, 0x80, 0xcf, 0x30, 0xdd,
    0x92, 0x7, 0x37, 0x46, 0x2, 0x44, 0x80, 0x53,
    0x22, 0x0, 0x33, 0xfd, 0x80, 0xbf, 0xf1, 0x86,
    0xed, 0x60, 0xbb, 0xb1, 0x80, 0x91, 0x18, 0xc,
    0x8a, 0x0, 0xff, 0xe5, 0x80,

    /* U+00A6 "¦" */
    0x77, 0x65, 0x80, 0x7f, 0xaf, 0x0, 0xe, 0xec,
    0xb0, 0xf, 0xf0,

    /* U+00A7 "§" */
    0x0, 0x36, 0xff, 0x59, 0x0, 0x12, 0x5e, 0xec,
    0x22, 0x0, 0x60, 0x52, 0x2d, 0x18, 0x3, 0x42,
    0x0, 0x3c, 0xa4, 0xf8, 0x40, 0x1a, 0x8e, 0xb,
    0x60, 0x0, 0x2b, 0x6f, 0xce, 0xea, 0x0, 0x88,
    0x1, 0xe, 0xa2, 0x24, 0x86, 0x0, 0x68, 0x5,
    0x6d, 0x38, 0x90, 0xa2, 0x0, 0x9c, 0x1b, 0xa,
    0x0, 0xc7, 0xaa, 0x4a, 0x1, 0xeb, 0xd, 0x0,
    0x22, 0x88, 0xa4, 0x34, 0x0, 0x55, 0xdc, 0x77,
    0x28, 0x1, 0xbf, 0x75, 0xf0, 0x0,

    /* U+00A8 "¨" */
    0x1c, 0x80, 0x8c, 0x10, 0x32, 0x2, 0x30,

    /* U+00A9 "©" */
    0x0, 0xcd, 0x9d, 0xcc, 0x60, 0xf, 0x16, 0xf7,
    0x7b, 0x48, 0x2, 0x2f, 0xea, 0xbd, 0xee, 0x6f,
    0x79, 0x0, 0x3a, 0x47, 0x16, 0x72, 0x0, 0xe6,
    0x40, 0x40, 0x96, 0x18, 0x84, 0x8a, 0x8, 0xe4,
    0x96, 0x8, 0x80, 0xf, 0xad, 0x4, 0x40, 0x3,
    0x0, 0xf8, 0x47, 0x3, 0xa0, 0x7, 0xc2, 0x24,
    0xb0, 0x92, 0x91, 0x1, 0x30, 0x5, 0xa1, 0x2,
    0x1d, 0xaf, 0x7f, 0x20, 0x23, 0x90, 0x74, 0x9a,
    0x67, 0xf7, 0xb9, 0xcc, 0x80, 0x5, 0xfd, 0x4,
    0x2, 0x51, 0xde, 0x40, 0x11, 0x6f, 0x77, 0xb4,
    0x80, 0x0,

    /* U+00AA "ª" */
    0x4c, 0xfe, 0xb2, 0x0, 0x4f, 0x60, 0x70, 0x22,
    0x89, 0x49, 0x88, 0xa7, 0x7b, 0x40, 0xa9, 0x67,
    0x30, 0xe, 0xb2, 0x84, 0xe0, 0x2, 0xe2, 0x39,
    0x0, 0x7b, 0xef, 0x40, 0x0, 0xbb, 0x7d, 0xf5,
    0x37, 0x7c, 0x80,

    /* U+00AB "«" */
    0x0, 0xff, 0xe0, 0x2b, 0x80, 0x21, 0x40, 0xf,
    0x44, 0x12, 0xec, 0x13, 0x14, 0xb6, 0xf8, 0x70,
    0xd8, 0xb6, 0xb8, 0x61, 0x63, 0x21, 0xa3, 0x40,
    0x3, 0xc4, 0xc7, 0xb7, 0x90, 0x1, 0x78, 0xca,
    0x63, 0xa8, 0x0, 0x77, 0x0, 0xf1, 0x80,

    /* U+00AC "¬" */
    0x2, 0x2f, 0xf8, 0x7, 0x77, 0xfe, 0x21, 0xaa,
    0xfe, 0x70, 0x9, 0x57, 0xfb, 0x0, 0x3f, 0xf9,
    0xae, 0x40,

    /* U+00AD "­" */
    0x2, 0x2c, 0x25, 0xbb, 0xa0, 0xaa, 0xb8,

    /* U+00AE "®" */
    0x0, 0xcd, 0x9d, 0xcc, 0x60, 0xf, 0x16, 0xf7,
    0x7b, 0x48, 0x2, 0x2f, 0xe8, 0x20, 0x1, 0x47,
    0x79, 0x0, 0x3a, 0x4e, 0xbb, 0x9b, 0x64, 0x73,
    0x20, 0x20, 0x40, 0x15, 0xed, 0xe, 0x4, 0x72,
    0x4b, 0x0, 0xf0, 0x80, 0x56, 0x82, 0x20, 0x9,
    0x3b, 0xc7, 0x80, 0x2, 0x38, 0x2, 0x4e, 0x56,
    0x20, 0x0, 0x89, 0x2c, 0x3, 0xa8, 0xe4, 0x1,
    0x68, 0x40, 0x80, 0x1d, 0x4c, 0x68, 0xe4, 0x1d,
    0x27, 0x76, 0x0, 0x27, 0x84, 0xc8, 0x0, 0x5f,
    0xd0, 0x40, 0x2, 0x8e, 0xf2, 0x0, 0x8b, 0x7b,
    0xbd, 0xa4, 0x0,

    /* U+00AF "¯" */
    0x1, 0x1e, 0x2, 0xee, 0xe2, 0x26, 0x67, 0x10,

    /* U+00B0 "°" */
    0x3, 0xce, 0xb2, 0x0, 0x6a, 0x69, 0xe0, 0x18,
    0x41, 0xc0, 0x19, 0xa, 0x2, 0x9, 0xd, 0x53,
    0xea, 0x82, 0xb, 0xdd, 0x28, 0x0,

    /* U+00B1 "±" */
    0x0, 0xf1, 0x88, 0x7, 0xf8, 0xf1, 0x40, 0x3f,
    0xf8, 0xe4, 0x59, 0x80, 0x8b, 0x80, 0x77, 0x75,
    0x4, 0xee, 0xe2, 0x1a, 0xad, 0x0, 0xf5, 0x58,
    0x81, 0x57, 0x20, 0x62, 0xae, 0x0, 0xff, 0xea,
    0x1f, 0xa0, 0x7, 0x9d, 0xff, 0xe1, 0x14, 0x47,
    0xfc, 0x60,

    /* U+00B2 "²" */
    0x1a, 0xef, 0xb2, 0x0, 0x67, 0xf0, 0x78, 0xb,
    0x8, 0xb4, 0x80, 0x3a, 0xdc, 0x3, 0x50, 0xc0,
    0x5, 0x4f, 0xa0, 0x15, 0x36, 0x8, 0x0, 0x94,
    0xfb, 0xfc, 0x20,

    /* U+00B3 "³" */
    0xa, 0xef, 0xd4, 0x0, 0x4f, 0x7a, 0xd8, 0x0,
    0xc0, 0x1e, 0x1, 0xaf, 0xe2, 0xc0, 0x2b, 0xf7,
    0x90, 0xe, 0x92, 0x31, 0x40, 0x19, 0x2, 0x8,
    0xfe, 0x4b, 0x10,

    /* U+00B4 "´" */
    0x0, 0x1c, 0x10, 0xe, 0x91, 0x2, 0xca, 0x81,
    0x93, 0x40, 0x0,

    /* U+00B5 "µ" */
    0x7f, 0x20, 0xd, 0xb8, 0x1, 0xff, 0xef, 0x10,
    0xc, 0x40, 0x1c, 0x80, 0x12, 0x0, 0x7a, 0x25,
    0xa6, 0xc4, 0xe0, 0x2, 0xa5, 0x97, 0x9b, 0x5,
    0x0, 0x9f, 0x3f, 0x99, 0x7f, 0x40, 0x3f, 0xfa,
    0xc0,

    /* U+00B6 "¶" */
    0x0, 0x46, 0xff, 0xe8, 0xd, 0x72, 0x6, 0xe3,
    0x6, 0x20, 0xc, 0x2e, 0x1e, 0x1, 0xf8, 0x40,
    0x3f, 0x50, 0x7, 0xe2, 0xc3, 0x0, 0xf8, 0xf3,
    0x90, 0x3, 0xe1, 0x10, 0x7, 0xff, 0xa7, 0xf0,
    0x37, 0x0,

    /* U+00B7 "·" */
    0x3, 0x21, 0xce, 0x0, 0x80,

    /* U+00B8 "¸" */
    0x0, 0x21, 0x0, 0x6f, 0x0, 0x98, 0x88, 0xdf,
    0xa6, 0x4d, 0xdc, 0xc0,

    /* U+00B9 "¹" */
    0x8d, 0xf7, 0x0, 0x6f, 0x10, 0x4, 0xa6, 0x1,
    0xff, 0xd0, 0xaf, 0x28, 0xf3,

    /* U+00BA "º" */
    0x0, 0x47, 0x7e, 0x10, 0x1, 0xda, 0xb9, 0xb0,
    0x1, 0x32, 0x41, 0xa1, 0x61, 0x11, 0x80, 0x47,
    0xc0, 0x1f, 0x84, 0x46, 0x1, 0x1f, 0x4, 0xc2,
    0x95, 0xb, 0x3, 0xba, 0xf5, 0xb4, 0x0, 0x35,
    0x9b, 0xc2, 0x0, 0xdd, 0xf2, 0x0,

    /* U+00BB "»" */
    0x0, 0xfe, 0x48, 0x0, 0x3a, 0x80, 0x4c, 0xf4,
    0x5, 0x4e, 0x0, 0x2c, 0x4b, 0x5a, 0x89, 0x0,
    0x1f, 0xad, 0xae, 0x34, 0x0, 0x18, 0x74, 0x24,
    0x30, 0x26, 0x2d, 0xad, 0x35, 0x10, 0xf8, 0x8e,
    0xde, 0x40, 0xf8, 0x60, 0x78, 0x20, 0x0,

    /* U+00BC "¼" */
    0x36, 0x83, 0x0, 0xfa, 0xc, 0x2, 0x9c, 0x64,
    0x0, 0xf4, 0x29, 0x80, 0x55, 0x43, 0x0, 0xf1,
    0x3c, 0x80, 0x7f, 0xf0, 0x65, 0x50, 0x3, 0xff,
    0x80, 0xa9, 0x60, 0x1f, 0xfc, 0x1b, 0x81, 0x0,
    0xff, 0xe0, 0x41, 0xb8, 0x5, 0xa, 0x13, 0xe5,
    0x1e, 0x64, 0xf2, 0x1, 0x4b, 0x70, 0x4f, 0xfe,
    0x3e, 0x54, 0x0, 0x29, 0xb8, 0x7, 0xca, 0x76,
    0x0, 0x29, 0xa0, 0xf, 0x86, 0xe4, 0x40, 0x1d,
    0xc0, 0xf, 0xd0, 0x4c, 0x0, 0x33, 0x6f, 0xb2,
    0x68, 0x4, 0x6d, 0xe0, 0x11, 0xff, 0xcc, 0x9a,
    0x1, 0x7b, 0x18, 0x7, 0xdf, 0x80,

    /* U+00BD "½" */
    0x9d, 0xf7, 0x0, 0xf1, 0xf9, 0x80, 0x5b, 0xc4,
    0x1, 0xf7, 0x31, 0x80, 0x48, 0x60, 0x1f, 0x39,
    0xc8, 0x7, 0xff, 0x0, 0xa2, 0x80, 0x3f, 0xf8,
    0x32, 0xa8, 0x1, 0xff, 0xc0, 0x54, 0xb0, 0xf,
    0x4f, 0x94, 0x79, 0x8d, 0xc8, 0xef, 0xfb, 0x54,
    0x27, 0xff, 0x1c, 0x13, 0x6, 0xff, 0xae, 0x88,
    0x3, 0x8d, 0xb8, 0x3, 0x88, 0xc, 0x3, 0xb9,
    0xc8, 0x3, 0x15, 0x48, 0x80, 0x68, 0x8, 0x0,
    0xc7, 0x90, 0xc0, 0x18, 0x9e, 0x40, 0x32, 0xed,
    0x30, 0x7, 0x72, 0xa0, 0x6, 0xa1, 0xbf, 0xf2,
    0x0,

    /* U+00BE "¾" */
    0xa, 0xee, 0x62, 0x0, 0x71, 0x79, 0x80, 0x69,
    0xee, 0x5d, 0x80, 0x3b, 0x94, 0xc0, 0x31, 0x80,
    0x7e, 0x53, 0xb0, 0xf, 0x57, 0xc5, 0x80, 0x6b,
    0x81, 0x0, 0xf5, 0x7c, 0x48, 0x5, 0x6, 0xe0,
    0x1f, 0xcc, 0x48, 0x4, 0xf2, 0x1, 0xe1, 0x30,
    0x4, 0x82, 0x84, 0xa2, 0x0, 0x3, 0x4e, 0x0,
    0xfe, 0xe2, 0x58, 0xa2, 0x24, 0x2, 0xb4, 0xc0,
    0x1c, 0xee, 0x62, 0x4, 0xb9, 0x0, 0x18, 0xdc,
    0x3, 0xf3, 0x9c, 0x0, 0xe, 0xa4, 0x3, 0xf0,
    0xc5, 0x80, 0x5f, 0xc0, 0x1f, 0xd6, 0x6a, 0x0,
    0x33, 0x6f, 0xb2, 0x68, 0x6, 0x35, 0xf0, 0x8,
    0xff, 0xe6, 0x4d, 0x0, 0xde, 0xc6, 0x1, 0xf7,
    0xe0, 0x0,

    /* U+00BF "¿" */
    0x0, 0xab, 0xc8, 0x3, 0xff, 0x83, 0x18, 0x40,
    0x1c, 0x2a, 0x1, 0xea, 0x91, 0x0, 0xe3, 0x1,
    0x0, 0xc2, 0x84, 0x1, 0x87, 0x6, 0x40, 0x36,
    0x95, 0x20, 0x4, 0xe7, 0xa, 0x1, 0xb0, 0x18,
    0x3, 0x88, 0x14, 0x2, 0x32, 0xa0, 0xa8, 0x7b,
    0xc6, 0x3b, 0x27, 0x97, 0xa4,

    /* U+00C0 "À" */
    0x0, 0xca, 0xc0, 0x1f, 0xf2, 0x5c, 0x0, 0x7f,
    0x87, 0x3c, 0x40, 0x3f, 0xc2, 0xe2, 0x1, 0xfc,
    0x3f, 0xe5, 0x0, 0xfe, 0x70, 0x2e, 0x0, 0xfe,
    0xa4, 0xb4, 0x20, 0xf, 0x8c, 0xdc, 0xe1, 0x40,
    0x1f, 0x50, 0x28, 0xa3, 0x0, 0x7c, 0xea, 0x0,
    0xe1, 0x40, 0xe, 0x51, 0xe0, 0x2, 0x8f, 0x0,
    0x77, 0xb, 0x11, 0x48, 0xa2, 0x1, 0x12, 0xe,
    0xee, 0x50, 0x70, 0xa, 0x82, 0x6a, 0xb8, 0xac,
    0x2, 0x62, 0x65, 0x5e, 0xa2, 0x30, 0x41, 0xa0,
    0xf, 0x28, 0x50, 0x70, 0x28, 0x7, 0x88, 0x8c,
    0x0,

    /* U+00C1 "Á" */
    0x0, 0xf2, 0x38, 0x7, 0xf9, 0x2c, 0xc0, 0x3f,
    0xc5, 0x68, 0x1, 0xfe, 0x64, 0x0, 0xff, 0xf,
    0xf9, 0x40, 0x3f, 0x9c, 0xb, 0x80, 0x3f, 0xa9,
    0x2d, 0x8, 0x3, 0xe3, 0x37, 0x38, 0x50, 0x7,
    0xd4, 0xa, 0x28, 0xc0, 0x1f, 0x3a, 0x80, 0x38,
    0x50, 0x3, 0x94, 0x78, 0x0, 0xa3, 0xc0, 0x1d,
    0xc2, 0xc4, 0x52, 0x28, 0x80, 0x44, 0x83, 0xbb,
    0x94, 0x1c, 0x2, 0xa0, 0x9a, 0xae, 0x2b, 0x0,
    0x98, 0x99, 0x57, 0xa8, 0x8c, 0x10, 0x68, 0x3,
    0xca, 0x14, 0x1c, 0xa, 0x1, 0xe2, 0x23, 0x0,

    /* U+00C2 "Â" */
    0x0, 0xe7, 0x70, 0x80, 0x7f, 0x4e, 0x6, 0x8,
    0x7, 0xc5, 0xd6, 0xf0, 0xa0, 0x1f, 0x13, 0x80,
    0x15, 0x0, 0x3f, 0xf, 0xf9, 0x40, 0x3f, 0x9c,
    0xb, 0x80, 0x3f, 0xa9, 0x2d, 0x8, 0x3, 0xe3,
    0x37, 0x38, 0x50, 0x7, 0xd4, 0xa, 0x28, 0xc0,
    0x1f, 0x3a, 0x80, 0x38, 0x50, 0x3, 0x94, 0x78,
    0x0, 0xa3, 0xc0, 0x1d, 0xc2, 0xc4, 0x52, 0x28,
    0x80, 0x44, 0x83, 0xbb, 0x94, 0x1c, 0x2, 0xa0,
    0x9a, 0xae, 0x2b, 0x0, 0x98, 0x99, 0x57, 0xa8,
    0x8c, 0x10, 0x68, 0x3, 0xca, 0x14, 0x1c, 0xa,
    0x1, 0xe2, 0x23, 0x0,

    /* U+00C3 "Ã" */
    0x0, 0x8b, 0x71, 0xb, 0x80, 0x3e, 0x84, 0x99,
    0x6b, 0x0, 0x7d, 0x72, 0xbb, 0xf0, 0x1, 0xf0,
    0x80, 0x7f, 0xf0, 0x47, 0xfc, 0xa0, 0x1f, 0xce,
    0x5, 0xc0, 0x1f, 0xd4, 0x96, 0x84, 0x1, 0xf1,
    0x9b, 0x9c, 0x28, 0x3, 0xea, 0x5, 0x14, 0x60,
    0xf, 0x9d, 0x40, 0x1c, 0x28, 0x1, 0xca, 0x3c,
    0x0, 0x51, 0xe0, 0xe, 0xe1, 0x62, 0x29, 0x14,
    0x40, 0x22, 0x41, 0xdd, 0xca, 0xe, 0x1, 0x50,
    0x4d, 0x57, 0x15, 0x80, 0x4c, 0x4c, 0xab, 0xd4,
    0x46, 0x8, 0x34, 0x1, 0xe5, 0xa, 0xe, 0x5,
    0x0, 0xf1, 0x11, 0x80,

    /* U+00C4 "Ä" */
    0x0, 0x9f, 0xd4, 0x3f, 0x0, 0x3e, 0x23, 0x10,
    0x35, 0x0, 0xf9, 0x71, 0x3, 0x24, 0x3, 0xf0,
    0xff, 0x94, 0x3, 0xf9, 0xc0, 0xb8, 0x3, 0xfa,
    0x92, 0xd0, 0x80, 0x3e, 0x33, 0x73, 0x85, 0x0,
    0x7d, 0x40, 0xa2, 0x8c, 0x1, 0xf3, 0xa8, 0x3,
    0x85, 0x0, 0x39, 0x47, 0x80, 0xa, 0x3c, 0x1,
    0xdc, 0x2c, 0x45, 0x22, 0x88, 0x4, 0x48, 0x3b,
    0xb9, 0x41, 0xc0, 0x2a, 0x9, 0xaa, 0xe2, 0xb0,
    0x9, 0x89, 0x95, 0x7a, 0x88, 0xc1, 0x6, 0x80,
    0x3c, 0xa1, 0x41, 0xc0, 0xa0, 0x1e, 0x22, 0x30,
    0x0,

    /* U+00C5 "Å" */
    0x0, 0xc7, 0x9a, 0xe0, 0x1f, 0xdb, 0x5d, 0x28,
    0x1, 0xf1, 0x99, 0x8d, 0xb0, 0x3, 0xe2, 0x34,
    0x15, 0xd0, 0xf, 0x86, 0xed, 0xcc, 0xa0, 0x1f,
    0xb4, 0x9, 0x80, 0x3f, 0x99, 0x2c, 0x8c, 0x3,
    0xe4, 0x1d, 0x70, 0xa0, 0xf, 0xb8, 0x18, 0x51,
    0xc0, 0x3c, 0x2a, 0xa0, 0x7, 0xa, 0x80, 0x73,
    0x87, 0x0, 0x14, 0x78, 0x3, 0xa8, 0x58, 0x8a,
    0x44, 0x8, 0x4, 0x46, 0x3b, 0xb9, 0x41, 0x80,
    0x2a, 0x9, 0xaa, 0xe2, 0xa0, 0x9, 0x89, 0x95,
    0x7a, 0x88, 0xc1, 0x6, 0x80, 0x3c, 0xa1, 0x41,
    0xc0, 0xa0, 0x1e, 0x22, 0x30, 0x0,

    /* U+00C6 "Æ" */
    0x0, 0xea, 0xff, 0xff, 0x18, 0x6, 0x15, 0x27,
    0x2, 0x88, 0xf1, 0x0, 0x66, 0x8, 0x90, 0x67,
    0x7f, 0x8, 0x6, 0x92, 0x50, 0xf, 0xfe, 0xa,
    0x8d, 0x80, 0x62, 0x2f, 0x0, 0x69, 0x16, 0x0,
    0x93, 0x77, 0xc0, 0x11, 0x1b, 0x0, 0x63, 0xaa,
    0xf0, 0x5, 0x61, 0x64, 0x50, 0x3a, 0xaf, 0x80,
    0x2, 0xc1, 0x9b, 0xac, 0x0, 0xff, 0x30, 0x4d,
    0x55, 0x20, 0x1f, 0xea, 0x26, 0x55, 0x9c, 0x3,
    0xf9, 0xa, 0x80, 0x3c, 0xce, 0xfe, 0x3f, 0x6,
    0x0, 0xf1, 0x44, 0x79, 0x40,

    /* U+00C7 "Ç" */
    0x0, 0x9b, 0x3b, 0xfa, 0xd4, 0x0, 0x5b, 0x20,
    0xd0, 0xcf, 0x50, 0x1e, 0x53, 0x90, 0xf1, 0x98,
    0xf6, 0x26, 0x60, 0x7, 0x1b, 0xe8, 0x58, 0x7,
    0xe5, 0x2, 0x0, 0xfc, 0x22, 0x0, 0xfe, 0x11,
    0x0, 0x7f, 0x28, 0x10, 0x7, 0xed, 0xb, 0x0,
    0xfc, 0xc4, 0xcc, 0x0, 0xe4, 0x70, 0xf2, 0x9c,
    0x87, 0x8c, 0xbf, 0x2, 0xd9, 0x7, 0x86, 0x7a,
    0x80, 0x9, 0xb3, 0xce, 0xec, 0xa0, 0x1f, 0x5f,
    0x0, 0x7c, 0x63, 0xae, 0x1, 0xf4, 0x72, 0x40,
    0x4,

    /* U+00C8 "È" */
    0x0, 0x9d, 0x0, 0x3f, 0x1d, 0xa0, 0x7, 0xc9,
    0x86, 0x1, 0xf8, 0xdc, 0x3, 0x1f, 0xff, 0xe1,
    0x0, 0x1c, 0x47, 0x84, 0x0, 0x8e, 0xfe, 0x0,
    0xff, 0xe0, 0x89, 0x17, 0x8, 0x4, 0xdb, 0xbe,
    0x0, 0x92, 0xab, 0xa0, 0x2, 0x35, 0x5e, 0x40,
    0xf, 0xfe, 0xaa, 0x3b, 0xf8, 0x40, 0x7, 0x11,
    0xe2,

    /* U+00C9 "É" */
    0x0, 0xe6, 0x60, 0x7, 0xcf, 0xe, 0x1, 0xe1,
    0xf, 0x10, 0xf, 0xb, 0x88, 0x6, 0x3f, 0xff,
    0xc2, 0x0, 0x38, 0x8f, 0x8, 0x1, 0x1d, 0xfc,
    0x1, 0xff, 0xc1, 0x12, 0x2e, 0x10, 0x9, 0xb7,
    0x7c, 0x1, 0x25, 0x57, 0x40, 0x4, 0x6a, 0xbc,
    0x80, 0x1f, 0xfd, 0x54, 0x77, 0xf0, 0x80, 0xe,
    0x23, 0xc4,

    /* U+00CA "Ê" */
    0x0, 0x85, 0xdc, 0x1, 0xf6, 0xfe, 0x50, 0x7,
    0x24, 0xc5, 0xe9, 0x0, 0x64, 0x50, 0x3, 0x90,
    0x0, 0xff, 0xff, 0x8, 0x0, 0xe2, 0x3c, 0x20,
    0x4, 0x77, 0xf0, 0x7, 0xff, 0x4, 0x48, 0xb8,
    0x40, 0x26, 0xdd, 0xf0, 0x4, 0x95, 0x5d, 0x0,
    0x11, 0xaa, 0xf2, 0x0, 0x7f, 0xf5, 0x51, 0xdf,
    0xc2, 0x0, 0x38, 0x8f, 0x10,

    /* U+00CB "Ë" */
    0x0, 0x5f, 0x8a, 0x7c, 0x0, 0x63, 0x30, 0xb9,
    0xf0, 0x6, 0x8c, 0x3, 0xc6, 0x0, 0x1f, 0xff,
    0xe1, 0x0, 0x1c, 0x47, 0x84, 0x0, 0x8e, 0xfe,
    0x0, 0xff, 0xe0, 0x89, 0x17, 0x8, 0x4, 0xdb,
    0xbe, 0x0, 0x92, 0xab, 0xa0, 0x2, 0x35, 0x5e,
    0x40, 0xf, 0xfe, 0xaa, 0x3b, 0xf8, 0x40, 0x7,
    0x11, 0xe2,

    /* U+00CC "Ì" */
    0x17, 0x20, 0x10, 0xc1, 0x7, 0xb4, 0x0, 0x2a,
    0x80, 0xfe, 0x0, 0x3f, 0xfc, 0x80,

    /* U+00CD "Í" */
    0x0, 0x3a, 0x5, 0xe2, 0x16, 0x58, 0x13, 0x80,
    0xf, 0xe0, 0x3, 0xff, 0xca,

    /* U+00CE "Î" */
    0x0, 0x1c, 0x28, 0x4, 0x5b, 0xd0, 0xc0, 0x4,
    0xd6, 0xc1, 0x10, 0x31, 0x80, 0xb8, 0x80, 0xf,
    0xe0, 0x3, 0xff, 0xfe, 0x1, 0xff, 0x0,

    /* U+00CF "Ï" */
    0xfd, 0x8, 0xf4, 0x43, 0x87, 0x1b, 0xdd, 0x3,
    0x61, 0x81, 0xfc, 0x0, 0x7f, 0xff, 0x80,

    /* U+00D0 "Ð" */
    0x2, 0xff, 0xed, 0xa5, 0x0, 0xf1, 0xc4, 0x48,
    0x8a, 0xc1, 0x0, 0xcc, 0xef, 0x4f, 0x41, 0xe0,
    0x7, 0xf9, 0xd4, 0x94, 0x3, 0xfd, 0x21, 0xe0,
    0x1f, 0xe3, 0x7, 0xed, 0x5, 0xff, 0x48, 0x7,
    0xb6, 0x81, 0x33, 0x16, 0x1, 0xe3, 0x70, 0x13,
    0x31, 0x0, 0x48, 0xe, 0x1, 0xfe, 0xe0, 0xf0,
    0xf, 0xe8, 0x52, 0x50, 0x9, 0x9d, 0xe9, 0xe7,
    0x3c, 0x0, 0xc7, 0x11, 0x22, 0x2b, 0x4, 0x0,

    /* U+00D1 "Ñ" */
    0x0, 0x9f, 0xa4, 0x62, 0x0, 0x18, 0x63, 0x47,
    0x9a, 0x80, 0x30, 0xf1, 0xc7, 0xf1, 0x0, 0x70,
    0x80, 0x7c, 0x7f, 0xe6, 0x0, 0xef, 0xb0, 0xa,
    0x0, 0x3f, 0x8c, 0x5c, 0x3, 0xf5, 0x9c, 0x8,
    0x7, 0xef, 0x9, 0x0, 0xfc, 0x68, 0xe2, 0x1,
    0xfa, 0x42, 0xc0, 0x3f, 0x12, 0xa8, 0x80, 0x3f,
    0x40, 0x48, 0x7, 0xe2, 0x64, 0x40, 0x7, 0xe8,
    0x8, 0x0, 0xfc, 0x30, 0x60, 0x1f, 0xce, 0x20,
    0x0,

    /* U+00D2 "Ò" */
    0x0, 0xd5, 0xc0, 0x1f, 0xf5, 0x14, 0x80, 0x7f,
    0xdb, 0xc2, 0x1, 0xfe, 0x17, 0x10, 0xf, 0xcf,
    0x9f, 0xed, 0x81, 0x0, 0xc5, 0xb0, 0xf1, 0x7,
    0x77, 0x98, 0x5, 0xe5, 0x56, 0xee, 0xac, 0x1d,
    0x10, 0x62, 0x65, 0x0, 0xc7, 0x23, 0x1, 0xa1,
    0x60, 0x1e, 0x60, 0x70, 0x50, 0x20, 0xf, 0x8c,
    0x47, 0x0, 0x7e, 0x70, 0x31, 0x10, 0x7, 0xe7,
    0x3, 0x50, 0x20, 0xf, 0x8c, 0x45, 0xa1, 0x60,
    0x1e, 0x60, 0x70, 0x62, 0x65, 0x0, 0xc7, 0x23,
    0x0, 0xf, 0x2a, 0xb7, 0x75, 0x60, 0xe8, 0x80,
    0xb, 0x61, 0xe2, 0xe, 0xef, 0x30, 0x0,

    /* U+00D3 "Ó" */
    0x0, 0xf6, 0x60, 0x3, 0xfc, 0xe5, 0xa0, 0x1f,
    0xf6, 0x88, 0x7, 0xf9, 0xcc, 0x3, 0xf9, 0xf3,
    0xfd, 0xb0, 0x20, 0x18, 0xb6, 0x1e, 0x20, 0xee,
    0xf3, 0x0, 0xbc, 0xaa, 0xdd, 0xd5, 0x83, 0xa2,
    0xc, 0x4c, 0xa0, 0x18, 0xe4, 0x60, 0x34, 0x2c,
    0x3, 0xcc, 0xe, 0xa, 0x4, 0x1, 0xf1, 0x88,
    0xe0, 0xf, 0xce, 0x6, 0x22, 0x0, 0xfc, 0xe0,
    0x6a, 0x4, 0x1, 0xf1, 0x88, 0xb4, 0x2c, 0x3,
    0xcc, 0xe, 0xc, 0x4c, 0xa0, 0x18, 0xe4, 0x60,
    0x1, 0xe5, 0x56, 0xee, 0xac, 0x1d, 0x10, 0x1,
    0x6c, 0x3c, 0x41, 0xdd, 0xe6, 0x0,

    /* U+00D4 "Ô" */
    0x0, 0xc5, 0xfe, 0x40, 0xf, 0xef, 0x7a, 0xa0,
    0x80, 0x7c, 0x77, 0xb, 0x6a, 0x1, 0xf1, 0xb0,
    0x1, 0x50, 0x3, 0xe7, 0xcf, 0xf6, 0xc0, 0x80,
    0x62, 0xd8, 0x78, 0x83, 0xbb, 0xcc, 0x2, 0xf2,
    0xab, 0x77, 0x56, 0xe, 0x88, 0x31, 0x32, 0x80,
    0x63, 0x91, 0x80, 0xd0, 0xb0, 0xf, 0x30, 0x38,
    0x28, 0x10, 0x7, 0xc6, 0x23, 0x80, 0x3f, 0x38,
    0x18, 0x88, 0x3, 0xf3, 0x81, 0xa8, 0x10, 0x7,
    0xc6, 0x22, 0xd0, 0xb0, 0xf, 0x30, 0x38, 0x31,
    0x32, 0x80, 0x63, 0x91, 0x80, 0x7, 0x95, 0x5b,
    0xba, 0xb0, 0x74, 0x40, 0x5, 0xb0, 0xf1, 0x7,
    0x77, 0x98, 0x0,

    /* U+00D5 "Õ" */
    0x0, 0x8f, 0x71, 0xf, 0x40, 0x3e, 0x85, 0x9a,
    0xca, 0x0, 0xfa, 0xa1, 0x7b, 0xdc, 0x3, 0xe1,
    0x0, 0xff, 0xe0, 0x3e, 0x7f, 0xb6, 0x4, 0x3,
    0x16, 0xc3, 0xc4, 0x1d, 0xde, 0x60, 0x17, 0x95,
    0x5b, 0xba, 0xb0, 0x74, 0x41, 0x89, 0x94, 0x3,
    0x1c, 0x8c, 0x6, 0x85, 0x80, 0x79, 0x81, 0xc1,
    0x40, 0x80, 0x3e, 0x31, 0x1c, 0x1, 0xf9, 0xc0,
    0xc4, 0x40, 0x1f, 0x9c, 0xd, 0x40, 0x80, 0x3e,
    0x31, 0x16, 0x85, 0x80, 0x79, 0x81, 0xc1, 0x89,
    0x94, 0x3, 0x1c, 0x8c, 0x0, 0x3c, 0xaa, 0xdd,
    0xd5, 0x83, 0xa2, 0x0, 0x2d, 0x87, 0x88, 0x3b,
    0xbc, 0xc0, 0x0,

    /* U+00D6 "Ö" */
    0x0, 0x9b, 0xc, 0x32, 0x0, 0x3e, 0xe3, 0x71,
    0x33, 0x0, 0x7d, 0x1e, 0x83, 0xf6, 0x1, 0xff,
    0xc8, 0x7c, 0xff, 0x6c, 0x8, 0x6, 0x2d, 0x87,
    0x88, 0x3b, 0xbc, 0xc0, 0x2f, 0x2a, 0xb7, 0x75,
    0x60, 0xe8, 0x83, 0x13, 0x28, 0x6, 0x39, 0x18,
    0xd, 0xb, 0x0, 0xf3, 0x3, 0x82, 0x81, 0x0,
    0x7c, 0x62, 0x38, 0x3, 0xf3, 0x81, 0x88, 0x80,
    0x3f, 0x38, 0x1a, 0x81, 0x0, 0x7c, 0x62, 0x2d,
    0xb, 0x0, 0xf3, 0x3, 0x83, 0x13, 0x28, 0x6,
    0x39, 0x18, 0x0, 0x79, 0x55, 0xbb, 0xab, 0x7,
    0x44, 0x0, 0x5b, 0xf, 0x10, 0x77, 0x79, 0x80,
    0x0,

    /* U+00D7 "×" */
    0x6, 0x0, 0xf9, 0x81, 0x26, 0x80, 0x3a, 0x64,
    0xa9, 0xb, 0x40, 0x14, 0xb3, 0xa8, 0x3c, 0xad,
    0x4, 0xb3, 0xc0, 0x4, 0xd2, 0xba, 0xcf, 0x0,
    0x1c, 0xc6, 0x44, 0x80, 0xf, 0x49, 0xa1, 0x50,
    0x7, 0x4b, 0x45, 0xca, 0xd8, 0x5, 0x2d, 0xe,
    0xd, 0x29, 0x60, 0x8d, 0xe, 0x1, 0x34, 0xa2,
    0xa6, 0x38, 0x7, 0x36, 0x28,

    /* U+00D8 "Ø" */
    0x0, 0xff, 0xe0, 0x8, 0x7, 0x3e, 0x7f, 0xb6,
    0x5, 0x78, 0x40, 0x5, 0xb0, 0xf1, 0x6, 0x7f,
    0xaa, 0x8, 0x3, 0xca, 0xad, 0xdd, 0x72, 0x22,
    0x40, 0x3, 0x13, 0x28, 0x4, 0x36, 0xe3, 0x20,
    0xd, 0xb, 0x0, 0x87, 0x2e, 0x5, 0x80, 0xa,
    0x4, 0x1, 0x6a, 0xb0, 0x10, 0x88, 0x4, 0x40,
    0x15, 0x34, 0x0, 0x1c, 0xc, 0x4, 0x40, 0x9,
    0x6a, 0x0, 0x9c, 0xc, 0x14, 0x9, 0xdd, 0xa0,
    0x18, 0xc4, 0x41, 0xa1, 0xd1, 0x82, 0x1, 0x30,
    0x38, 0x1, 0x88, 0xd8, 0x80, 0x23, 0x91, 0x80,
    0x1, 0x90, 0xb6, 0x3b, 0xab, 0x2, 0x84, 0x1,
    0xcf, 0xd0, 0x11, 0x7, 0x6e, 0x40, 0xb, 0xe0,
    0x1f, 0x3f, 0xdb, 0x22, 0x1, 0x0,

    /* U+00D9 "Ù" */
    0x0, 0x8b, 0xd8, 0x3, 0xf1, 0x54, 0x90, 0x7,
    0xe5, 0xa7, 0x0, 0xfe, 0x55, 0x0, 0x67, 0xf5,
    0x0, 0xe2, 0xf9, 0x0, 0xff, 0xff, 0x80, 0x4,
    0xc, 0x3, 0x84, 0x0, 0x41, 0xc0, 0x1c, 0xa1,
    0xc8, 0x2c, 0x20, 0x1a, 0x81, 0x42, 0xc7, 0xa5,
    0xe3, 0x8d, 0xc8, 0x17, 0x15, 0xe1, 0x96, 0xa0,
    0x0,

    /* U+00DA "Ú" */
    0x0, 0xe4, 0xf4, 0x0, 0xf8, 0x69, 0xd0, 0x3,
    0xe2, 0x98, 0x0, 0xfc, 0x6e, 0x1, 0xcf, 0xea,
    0x1, 0xc5, 0xf2, 0x1, 0xff, 0xff, 0x0, 0x8,
    0x18, 0x7, 0x8, 0x0, 0x83, 0x80, 0x39, 0x43,
    0x90, 0x58, 0x40, 0x35, 0x2, 0x85, 0x8f, 0x4b,
    0xc7, 0x1b, 0x90, 0x2e, 0x2b, 0xc3, 0x2d, 0x40,
    0x0,

    /* U+00DB "Û" */
    0x0, 0xd3, 0xf8, 0x1, 0xf2, 0xbe, 0x84, 0x0,
    0x78, 0xb0, 0xb7, 0xc0, 0x3c, 0xe4, 0x2, 0xe0,
    0x13, 0xfa, 0x80, 0x71, 0x7c, 0x80, 0x7f, 0xff,
    0xc0, 0x2, 0x6, 0x1, 0xc2, 0x0, 0x20, 0xe0,
    0xe, 0x50, 0xe4, 0x16, 0x10, 0xd, 0x40, 0xa1,
    0x63, 0xd2, 0xf1, 0xc6, 0xe4, 0xb, 0x8a, 0xf0,
    0xcb, 0x50, 0x0,

    /* U+00DC "Ü" */
    0x0, 0xb2, 0x41, 0xf0, 0x80, 0x38, 0xd4, 0x38,
    0xc4, 0x3, 0xbf, 0x2, 0x7c, 0xc0, 0x3f, 0xf8,
    0x2f, 0xea, 0x1, 0xc5, 0xf2, 0x1, 0xff, 0xff,
    0x0, 0x8, 0x18, 0x7, 0x8, 0x0, 0x83, 0x80,
    0x39, 0x43, 0x90, 0x58, 0x40, 0x35, 0x2, 0x85,
    0x8f, 0x4b, 0xc7, 0x1b, 0x90, 0x2e, 0x2b, 0xc3,
    0x2d, 0x40, 0x0,

    /* U+00DD "Ý" */
    0x0, 0xf0, 0xc1, 0x0, 0x7f, 0xb0, 0x48, 0x3,
    0xf9, 0x2e, 0x40, 0x3f, 0xc8, 0xc0, 0x1f, 0x5f,
    0x98, 0x7, 0x1f, 0xd8, 0x2, 0x87, 0x80, 0x3b,
    0x86, 0x80, 0x3, 0x65, 0x20, 0x14, 0x95, 0x88,
    0x4, 0xaa, 0x64, 0x3, 0x65, 0x50, 0x7, 0x58,
    0xd0, 0xf0, 0xd8, 0x7, 0x86, 0x87, 0xca, 0x84,
    0x3, 0xe4, 0x61, 0x64, 0x0, 0xfe, 0xf0, 0xf0,
    0xf, 0xff, 0xd0,

    /* U+00DE "Þ" */
    0x3f, 0x80, 0xf, 0xe1, 0x21, 0x10, 0x7, 0x9b,
    0x7b, 0xa7, 0x0, 0xc9, 0x54, 0x93, 0x88, 0x0,
    0x46, 0xaa, 0x6c, 0x7, 0x0, 0xf8, 0x50, 0xc,
    0x3, 0xff, 0x8a, 0xa0, 0x40, 0x1, 0x22, 0x1d,
    0x8a, 0x88, 0x1, 0xb7, 0x58, 0x8b, 0x40, 0x12,
    0x55, 0xdb, 0xa8, 0x3, 0x1a, 0xa2, 0x4, 0x3,
    0xff, 0x82,

    /* U+00DF "ß" */
    0x0, 0x3e, 0xff, 0x48, 0x80, 0x57, 0x9, 0x4c,
    0xca, 0x0, 0x12, 0x34, 0xac, 0x4a, 0x10, 0x38,
    0x60, 0x1, 0x34, 0x1c, 0x2, 0x10, 0x6b, 0x3d,
    0x50, 0xe, 0xb4, 0x82, 0x0, 0xf1, 0xb0, 0x7,
    0xe7, 0x2b, 0x10, 0xf, 0x4b, 0xa7, 0xa0, 0x7,
    0xa3, 0xe, 0xc8, 0x3, 0xc7, 0x20, 0xa0, 0x1f,
    0xc2, 0x1, 0x44, 0x19, 0xe8, 0x5c, 0x2, 0x17,
    0x99, 0x26, 0x8,

    /* U+00E0 "à" */
    0x4, 0x71, 0x0, 0xf2, 0x5e, 0x80, 0x7d, 0xa1,
    0x20, 0x1e, 0x1d, 0xe1, 0x0, 0xf0, 0xb8, 0x80,
    0x43, 0x19, 0xdf, 0xae, 0x0, 0x26, 0x58, 0x96,
    0x89, 0x3, 0xe9, 0x66, 0x5b, 0x30, 0x40, 0x3d,
    0xa0, 0x80, 0xd9, 0xff, 0x58, 0x1b, 0xcb, 0x56,
    0x62, 0x40, 0x14, 0x54, 0xa6, 0x60, 0xf, 0xeb,
    0x0, 0x29, 0x5b, 0x3e, 0x88, 0x2, 0x1d, 0x66,
    0xa9, 0xe0, 0x0,

    /* U+00E1 "á" */
    0x0, 0xe6, 0x70, 0xf, 0x34, 0x98, 0x7, 0x1c,
    0xda, 0x0, 0x72, 0xda, 0x0, 0x79, 0x90, 0x3,
    0xc, 0x67, 0x7e, 0xb8, 0x0, 0x99, 0x62, 0x5a,
    0x24, 0xf, 0xa5, 0x99, 0x6c, 0xc1, 0x0, 0xf6,
    0x82, 0x3, 0x67, 0xfd, 0x60, 0x6f, 0x2d, 0x59,
    0x89, 0x0, 0x51, 0x52, 0x99, 0x80, 0x3f, 0xac,
    0x0, 0xa5, 0x6c, 0xfa, 0x20, 0x8, 0x75, 0x9a,
    0xa7, 0x80, 0x0,

    /* U+00E2 "â" */
    0x0, 0x91, 0xc0, 0x3c, 0x57, 0x52, 0x1, 0xdf,
    0x18, 0xe8, 0x1, 0x1d, 0xb8, 0xe9, 0x0, 0x46,
    0xc0, 0x3, 0x60, 0x0, 0xc6, 0x77, 0xeb, 0x80,
    0x9, 0x96, 0x25, 0xa2, 0x40, 0xfa, 0x59, 0x96,
    0xcc, 0x10, 0xf, 0x68, 0x20, 0x36, 0x7f, 0xd6,
    0x6, 0xf2, 0xd5, 0x98, 0x90, 0x5, 0x15, 0x29,
    0x98, 0x3, 0xfa, 0xc0, 0xa, 0x56, 0xcf, 0xa2,
    0x0, 0x87, 0x59, 0xaa, 0x78, 0x0,

    /* U+00E3 "ã" */
    0x2, 0xde, 0x61, 0xf0, 0xa, 0xde, 0xaf, 0x94,
    0x2, 0x8a, 0x4d, 0xea, 0x0, 0x84, 0x2, 0x10,
    0x8, 0x63, 0x3b, 0xf5, 0xc0, 0x4, 0xcb, 0x12,
    0xd1, 0x20, 0x7d, 0x2c, 0xcb, 0x66, 0x8, 0x7,
    0xb4, 0x10, 0x1b, 0x3f, 0xeb, 0x3, 0x79, 0x6a,
    0xcc, 0x48, 0x2, 0x8a, 0x94, 0xcc, 0x1, 0xfd,
    0x60, 0x5, 0x2b, 0x67, 0xd1, 0x0, 0x43, 0xac,
    0xd5, 0x3c, 0x0,

    /* U+00E4 "ä" */
    0x6, 0xf6, 0xf, 0xd0, 0x8, 0x8c, 0x81, 0x1c,
    0x2, 0x4c, 0x40, 0xba, 0x0, 0xff, 0x86, 0x33,
    0xbf, 0x5c, 0x0, 0x4c, 0xb1, 0x2d, 0x12, 0x7,
    0xd2, 0xcc, 0xb6, 0x60, 0x80, 0x7b, 0x41, 0x1,
    0xb3, 0xfe, 0xb0, 0x37, 0x96, 0xac, 0xc4, 0x80,
    0x28, 0xa9, 0x4c, 0xc0, 0x1f, 0xd6, 0x0, 0x52,
    0xb6, 0x7d, 0x10, 0x4, 0x3a, 0xcd, 0x53, 0xc0,
    0x0,

    /* U+00E5 "å" */
    0x0, 0x1e, 0x6b, 0x80, 0x76, 0xdf, 0x52, 0x80,
    0x44, 0xe, 0x75, 0x80, 0x11, 0x9, 0x85, 0xf8,
    0x6, 0xac, 0xf6, 0x60, 0x6, 0x5f, 0xea, 0x0,
    0x86, 0x33, 0xb9, 0xae, 0x0, 0x26, 0x58, 0x96,
    0x89, 0x3, 0xe9, 0x66, 0x5b, 0x30, 0x40, 0x3d,
    0xa0, 0x80, 0xd9, 0xff, 0x58, 0x1b, 0xcb, 0x56,
    0x62, 0x40, 0x14, 0x54, 0xa6, 0x60, 0xf, 0xeb,
    0x0, 0x29, 0x5b, 0x3e, 0x88, 0x2, 0x1d, 0x66,
    0xa9, 0xe0, 0x0,

    /* U+00E6 "æ" */
    0x18, 0xce, 0xfd, 0x70, 0x2a, 0xef, 0xd8, 0x0,
    0x13, 0x2c, 0x4b, 0x45, 0xe2, 0x34, 0xa3, 0xe0,
    0x1f, 0x4b, 0x32, 0xd9, 0xf, 0xe1, 0xa6, 0x8d,
    0x40, 0x3d, 0xa1, 0x42, 0x1, 0x28, 0x60, 0x36,
    0x7f, 0xd6, 0x11, 0xff, 0xc0, 0x4f, 0x2d, 0x59,
    0x89, 0x7, 0xcc, 0xf4, 0xd1, 0x52, 0x99, 0x80,
    0x2, 0x67, 0xe2, 0x0, 0xf5, 0x83, 0x10, 0x7,
    0xa, 0x95, 0xb3, 0xe8, 0x60, 0xec, 0xb3, 0x27,
    0x92, 0x20, 0xd3, 0x24, 0xc3, 0xf6, 0x79, 0x85,
    0x64,

    /* U+00E7 "ç" */
    0x0, 0x3e, 0xff, 0xb1, 0x83, 0x21, 0xa2, 0x57,
    0x5c, 0xde, 0xdd, 0xa6, 0xe8, 0x60, 0x3, 0x88,
    0x80, 0x1f, 0xfc, 0x22, 0x20, 0x7, 0xa8, 0x60,
    0x3, 0x9c, 0xde, 0xdd, 0xa6, 0xc3, 0x21, 0xa2,
    0x57, 0x40, 0xf, 0xb8, 0x38, 0xc0, 0x18, 0xcc,
    0xa0, 0x10, 0x91, 0xc, 0xc0, 0x11, 0xe6, 0xab,
    0x0,

    /* U+00E8 "è" */
    0x0, 0x3a, 0x80, 0x7e, 0x2a, 0x40, 0xf, 0x96,
    0x68, 0x80, 0x3e, 0x6b, 0x70, 0xf, 0xca, 0xa0,
    0xf, 0x3e, 0xff, 0xac, 0xc0, 0x2b, 0x87, 0x98,
    0x6c, 0x30, 0x74, 0xaa, 0x33, 0xe0, 0xc0, 0x59,
    0x28, 0x4, 0x2e, 0x80, 0x65, 0xff, 0xcc, 0x2,
    0x5, 0x99, 0xf0, 0x91, 0xc, 0xfe, 0xa, 0x8,
    0x0, 0xe1, 0x7, 0x47, 0xc7, 0x68, 0xca, 0x0,
    0x5c, 0x84, 0x4a, 0xb7, 0x80,

    /* U+00E9 "é" */
    0x0, 0xe2, 0x83, 0x0, 0xfb, 0xcc, 0xc0, 0x1e,
    0xb6, 0xb0, 0xf, 0x16, 0x58, 0x7, 0xc4, 0xe0,
    0x1f, 0x3e, 0xff, 0xac, 0xc0, 0x2b, 0x87, 0x98,
    0x6c, 0x30, 0x74, 0xaa, 0x33, 0xe0, 0xc0, 0x59,
    0x28, 0x4, 0x2e, 0x80, 0x65, 0xff, 0xcc, 0x2,
    0x5, 0x99, 0xf0, 0x91, 0xc, 0xfe, 0xa, 0x8,
    0x0, 0xe1, 0x7, 0x47, 0xc7, 0x68, 0xca, 0x0,
    0x5c, 0x84, 0x4a, 0xb7, 0x80,

    /* U+00EA "ê" */
    0x0, 0xce, 0x80, 0x1f, 0x55, 0x2c, 0x80, 0x39,
    0x5f, 0x1f, 0x80, 0x38, 0xbc, 0x62, 0xc8, 0x3,
    0x39, 0x0, 0x1c, 0x80, 0x33, 0xef, 0xfa, 0xcc,
    0x2, 0xb8, 0x79, 0x86, 0xc3, 0x7, 0x4a, 0xa3,
    0x3e, 0xc, 0x5, 0x92, 0x80, 0x42, 0xe8, 0x6,
    0x5f, 0xfc, 0xc0, 0x20, 0x59, 0x9f, 0x9, 0x10,
    0xcf, 0xe0, 0xa0, 0x80, 0xe, 0x10, 0x74, 0x7c,
    0x76, 0x8c, 0xa0, 0x5, 0xc8, 0x44, 0xab, 0x78,
    0x0,

    /* U+00EB "ë" */
    0x0, 0x77, 0x1, 0xfd, 0x40, 0x32, 0x20, 0x8,
    0xc4, 0x3, 0x55, 0x1, 0x71, 0x0, 0x3f, 0xf8,
    0x4f, 0xbf, 0xeb, 0x30, 0xa, 0xe1, 0xe6, 0x1b,
    0xc, 0x1d, 0x2a, 0x8c, 0xf8, 0x30, 0x16, 0x4a,
    0x1, 0xb, 0xa0, 0x19, 0x7f, 0xf3, 0x0, 0x81,
    0x66, 0x7c, 0x24, 0x43, 0x3f, 0x82, 0x82, 0x0,
    0x38, 0x41, 0xd1, 0xf1, 0xda, 0x32, 0x80, 0x17,
    0x21, 0x12, 0xad, 0xe0,

    /* U+00EC "ì" */
    0x28, 0x30, 0x1, 0x13, 0x40, 0x2a, 0x3a, 0x0,
    0xbd, 0x14, 0x0, 0x5c, 0xa0, 0x4, 0xf5, 0x0,
    0xff, 0xf0, 0x80,

    /* U+00ED "í" */
    0x0, 0x1c, 0x10, 0xe, 0x91, 0x2, 0xca, 0x81,
    0x93, 0x40, 0xd, 0xc2, 0x0, 0x4f, 0x50, 0xf,
    0xff, 0x18,

    /* U+00EE "î" */
    0x0, 0x14, 0x10, 0x6, 0xe7, 0xe0, 0x9, 0x8b,
    0x49, 0x80, 0x62, 0x8a, 0xa0, 0x45, 0xc8, 0x9,
    0xc2, 0x0, 0x4f, 0x50, 0xf, 0xff, 0xa8,

    /* U+00EF "ï" */
    0x1f, 0xa0, 0xaf, 0x10, 0x32, 0x2, 0x30, 0x1c,
    0x80, 0x8c, 0x10, 0xf, 0xe4, 0xf5, 0x0, 0xff,
    0xfa, 0x80,

    /* U+00F0 "ð" */
    0x0, 0x67, 0x98, 0x24, 0x0, 0x6d, 0x1d, 0xee,
    0x68, 0x5, 0x5e, 0x80, 0x76, 0xa0, 0x17, 0x72,
    0xb4, 0xb4, 0x3, 0x24, 0xf6, 0x1, 0xc0, 0x5,
    0x8c, 0xf5, 0x26, 0xe4, 0xe, 0x73, 0x25, 0x6f,
    0xb, 0xa, 0x16, 0x0, 0x8c, 0x90, 0x8, 0x80,
    0x1c, 0xc4, 0x1, 0xf9, 0xc0, 0x4, 0x40, 0xe,
    0x22, 0x5, 0xb, 0x0, 0x4c, 0x2a, 0xe, 0x73,
    0x26, 0x99, 0x1c, 0x0, 0x31, 0xdd, 0x2e, 0xec,
    0x0, 0x0,

    /* U+00F1 "ñ" */
    0x0, 0x3f, 0xe1, 0x3d, 0x0, 0x51, 0x69, 0xb1,
    0xc0, 0x16, 0xa4, 0x7f, 0x90, 0x2, 0x20, 0xf,
    0x2f, 0xa4, 0x77, 0xea, 0x80, 0x52, 0x55, 0x8d,
    0x46, 0x0, 0x6a, 0x43, 0xb0, 0x90, 0x6, 0x80,
    0x63, 0x60, 0x1, 0x0, 0x67, 0x10, 0xf, 0xc6,
    0x1, 0xff, 0xd8,

    /* U+00F2 "ò" */
    0x2, 0x83, 0x0, 0xf8, 0x83, 0x48, 0x3, 0xe8,
    0x7f, 0x0, 0xfd, 0x36, 0x80, 0x1f, 0x99, 0x0,
    0x38, 0x67, 0xbf, 0xa4, 0x40, 0x2c, 0x67, 0x97,
    0x6c, 0x10, 0x82, 0x99, 0x34, 0xc8, 0xa4, 0x14,
    0x58, 0x2, 0x61, 0x50, 0x22, 0x0, 0x71, 0x10,
    0x3, 0xfe, 0x22, 0x0, 0x71, 0x10, 0x14, 0x58,
    0x2, 0x61, 0x50, 0x82, 0x99, 0x34, 0xc8, 0xa4,
    0x1, 0x8c, 0xf2, 0xed, 0x82, 0x0,

    /* U+00F3 "ó" */
    0x0, 0xe3, 0x81, 0x0, 0xf1, 0x68, 0x8, 0x7,
    0xf, 0xbc, 0x0, 0x79, 0x6e, 0x40, 0x3e, 0x46,
    0x0, 0xf0, 0xcf, 0x7f, 0x48, 0x80, 0x58, 0xcf,
    0x2e, 0xd8, 0x21, 0x5, 0x32, 0x69, 0x91, 0x48,
    0x28, 0xb0, 0x4, 0xc2, 0xa0, 0x44, 0x0, 0xe2,
    0x20, 0x7, 0xfc, 0x44, 0x0, 0xe2, 0x20, 0x28,
    0xb0, 0x4, 0xc2, 0xa1, 0x5, 0x32, 0x69, 0x91,
    0x48, 0x3, 0x19, 0xe5, 0xdb, 0x4, 0x0,

    /* U+00F4 "ô" */
    0x0, 0x8a, 0x8, 0x3, 0xef, 0x5f, 0x0, 0xf4,
    0xb6, 0xb4, 0x80, 0x77, 0x50, 0x5f, 0x8, 0x6,
    0x71, 0x0, 0x38, 0x80, 0x43, 0x3d, 0xfd, 0x22,
    0x1, 0x63, 0x3c, 0xbb, 0x60, 0x84, 0x14, 0xc9,
    0xa6, 0x45, 0x20, 0xa2, 0xc0, 0x13, 0xa, 0x81,
    0x10, 0x3, 0x88, 0x80, 0x1f, 0xf1, 0x10, 0x3,
    0x88, 0x80, 0xa2, 0xc0, 0x13, 0xa, 0x84, 0x14,
    0xc9, 0xa6, 0x45, 0x20, 0xc, 0x67, 0x97, 0x6c,
    0x10,

    /* U+00F5 "õ" */
    0x0, 0x5f, 0xc8, 0xe2, 0x80, 0x48, 0xd8, 0x5c,
    0x2a, 0x1, 0x26, 0x1d, 0xf6, 0x80, 0x70, 0x80,
    0x4, 0x3, 0x86, 0x7b, 0xfa, 0x44, 0x2, 0xc6,
    0x79, 0x76, 0xc1, 0x8, 0x29, 0x93, 0x4c, 0x8a,
    0x41, 0x45, 0x80, 0x26, 0x15, 0x2, 0x20, 0x7,
    0x11, 0x0, 0x3f, 0xe2, 0x20, 0x7, 0x11, 0x1,
    0x45, 0x80, 0x26, 0x15, 0x8, 0x29, 0x93, 0x4c,
    0x8a, 0x40, 0x18, 0xcf, 0x2e, 0xd8, 0x20,

    /* U+00F6 "ö" */
    0x1, 0xfb, 0xa, 0xf2, 0x0, 0xc6, 0x60, 0x23,
    0x30, 0x4, 0x39, 0x1, 0x18, 0x20, 0x1f, 0xfc,
    0x11, 0x9e, 0xfe, 0x91, 0x0, 0xb1, 0x9e, 0x5d,
    0xb0, 0x42, 0xa, 0x64, 0xd3, 0x22, 0x90, 0x51,
    0x60, 0x9, 0x85, 0x40, 0x88, 0x1, 0xc4, 0x40,
    0xf, 0xf8, 0x88, 0x1, 0xc4, 0x40, 0x51, 0x60,
    0x9, 0x85, 0x42, 0xa, 0x64, 0xd3, 0x22, 0x90,
    0x6, 0x33, 0xcb, 0xb6, 0x8, 0x0,

    /* U+00F7 "÷" */
    0x0, 0xe8, 0xfa, 0x0, 0xff, 0xe5, 0xce, 0xd8,
    0x7, 0x88, 0xb1, 0x81, 0x91, 0x60, 0x1d, 0xdf,
    0xf8, 0x86, 0xab, 0xfe, 0x20, 0x55, 0xc8, 0xe8,
    0xab, 0x80, 0x3d, 0x3b, 0x60, 0x1f, 0xfc, 0x60,

    /* U+00F8 "ø" */
    0x0, 0xfe, 0x40, 0x8, 0x67, 0xbf, 0x61, 0xa8,
    0x40, 0x18, 0xcf, 0x28, 0xf3, 0x42, 0x10, 0x53,
    0x26, 0xb1, 0x3, 0x0, 0x28, 0xb0, 0xf, 0xd9,
    0x50, 0x0, 0x88, 0x0, 0xa5, 0x53, 0x10, 0x4,
    0xe1, 0x21, 0x0, 0xe0, 0x11, 0xab, 0xa5, 0x80,
    0x8, 0x80, 0xb, 0x19, 0xf0, 0x3, 0xa, 0x80,
    0xc, 0x6, 0xda, 0x64, 0x52, 0x3, 0x52, 0xe9,
    0x2e, 0xd8, 0x20, 0x34, 0xd1, 0xbf, 0xd2, 0x20,
    0x0,

    /* U+00F9 "ù" */
    0x1, 0x74, 0x0, 0xf0, 0x85, 0x90, 0x7, 0x9d,
    0xde, 0x20, 0x1e, 0x8b, 0x50, 0xf, 0x99, 0x0,
    0x27, 0xf2, 0x0, 0xdb, 0x80, 0x1f, 0xfe, 0x11,
    0x1, 0x0, 0xc4, 0xa, 0x8, 0x1, 0x38, 0x0,
    0xca, 0x25, 0xea, 0x82, 0x0, 0xf4, 0x68, 0xc,
    0x30,

    /* U+00FA "ú" */
    0x0, 0xe3, 0x82, 0x0, 0xe1, 0xd1, 0x20, 0xe,
    0xd4, 0x90, 0xe, 0x3b, 0xa0, 0xf, 0x1b, 0x80,
    0x67, 0xf2, 0x0, 0xdb, 0x80, 0x1f, 0xfe, 0x11,
    0x1, 0x0, 0xc4, 0xa, 0x8, 0x1, 0x38, 0x0,
    0xca, 0x25, 0xea, 0x82, 0x0, 0xf4, 0x68, 0xc,
    0x30,

    /* U+00FB "û" */
    0x0, 0x86, 0xc, 0x3, 0xda, 0xba, 0x20, 0x1a,
    0x3, 0x52, 0xc0, 0x37, 0xe8, 0x56, 0x88, 0x4,
    0xe2, 0x0, 0x71, 0x7, 0xf2, 0x0, 0xdb, 0x80,
    0x1f, 0xfe, 0x11, 0x1, 0x0, 0xc4, 0xa, 0x8,
    0x1, 0x38, 0x0, 0xca, 0x25, 0xea, 0x82, 0x0,
    0xf4, 0x68, 0xc, 0x30,

    /* U+00FC "ü" */
    0x0, 0x7e, 0x4, 0xf9, 0x80, 0x46, 0xa1, 0xc6,
    0x20, 0x16, 0x48, 0x3e, 0x10, 0x7, 0xf9, 0xfc,
    0x80, 0x36, 0xe0, 0x7, 0xff, 0x84, 0x40, 0x40,
    0x31, 0x2, 0x82, 0x0, 0x4e, 0x0, 0x32, 0x89,
    0x7a, 0xa0, 0x80, 0x3d, 0x1a, 0x3, 0xc, 0x0,

    /* U+00FD "ý" */
    0x0, 0xf6, 0x68, 0x7, 0xe8, 0x2f, 0x0, 0xf8,
    0xde, 0x88, 0x3, 0xe6, 0xa4, 0x0, 0xc9, 0xee,
    0xa, 0xa0, 0x6, 0x70, 0x21, 0x50, 0x6, 0x23,
    0x60, 0x5, 0x11, 0x80, 0x54, 0x14, 0x0, 0x60,
    0xa0, 0x9, 0x90, 0x80, 0x2, 0xac, 0x0, 0x51,
    0xe0, 0xd, 0xc0, 0xa1, 0xc2, 0xa0, 0x19, 0x6,
    0x45, 0x1c, 0x3, 0xd2, 0x76, 0x14, 0x1, 0xe6,
    0x5, 0x33, 0x0, 0x78, 0x50, 0x28, 0x3, 0xf0,
    0x83, 0x0, 0x7c, 0x2a, 0xc0, 0x1e, 0x35, 0xd0,
    0xb0, 0xf, 0x55, 0x6, 0x88, 0x3, 0x80,

    /* U+00FE "þ" */
    0x5f, 0x40, 0xf, 0xfe, 0xe4, 0x77, 0xea, 0x80,
    0x69, 0x59, 0x80, 0xa5, 0x0, 0x8f, 0x1d, 0xda,
    0x56, 0x1, 0x48, 0x80, 0x54, 0x28, 0x0, 0x20,
    0xc, 0x60, 0x40, 0x1f, 0xfc, 0x2, 0x0, 0xc6,
    0x4, 0x0, 0x90, 0xd, 0x42, 0x80, 0x3, 0xd7,
    0x76, 0x95, 0x80, 0x52, 0xb3, 0x1, 0x4a, 0x1,
    0xa3, 0xbf, 0x54, 0x3, 0xff, 0xa8,

    /* U+00FF "ÿ" */
    0x0, 0x27, 0xc0, 0x6f, 0x80, 0x73, 0x9f, 0x3,
    0xa0, 0x7, 0x1e, 0x30, 0x55, 0x80, 0x7f, 0xf0,
    0x93, 0xdc, 0x3, 0xb3, 0x81, 0xa, 0x80, 0x31,
    0x1b, 0x0, 0x28, 0x8c, 0x2, 0xa0, 0xa0, 0x3,
    0x5, 0x0, 0x4c, 0x84, 0x0, 0x15, 0x60, 0x2,
    0x8f, 0x0, 0x6e, 0x5, 0xe, 0x15, 0x0, 0xc8,
    0x32, 0x28, 0xe0, 0x1e, 0x93, 0xb0, 0xa0, 0xf,
    0x30, 0x29, 0x98, 0x3, 0xc2, 0x81, 0x40, 0x1f,
    0x84, 0x18, 0x3, 0xe1, 0x56, 0x0, 0xf1, 0xae,
    0x85, 0x80, 0x7a, 0xa8, 0x34, 0x40, 0x1c,

    /* U+0100 "Ā" */
    0x0, 0xff, 0xe2, 0x3f, 0xfe, 0xc0, 0xf, 0x9b,
    0x33, 0x70, 0x7, 0xc2, 0x67, 0x88, 0x3, 0xf0,
    0xff, 0x94, 0x3, 0xf9, 0xc0, 0xb8, 0x3, 0xfa,
    0x92, 0xd0, 0x80, 0x3e, 0x33, 0x73, 0x85, 0x0,
    0x7d, 0x40, 0xa2, 0x8c, 0x1, 0xf3, 0xa8, 0x3,
    0x85, 0x0, 0x39, 0x47, 0x80, 0xa, 0x3c, 0x1,
    0xdc, 0x2c, 0x45, 0x22, 0x88, 0x4, 0x48, 0x3b,
    0xb9, 0x41, 0xc0, 0x2a, 0x9, 0xaa, 0xe2, 0xb0,
    0x9, 0x89, 0x95, 0x7a, 0x88, 0xc1, 0x6, 0x80,
    0x3c, 0xa1, 0x41, 0xc0, 0xa0, 0x1e, 0x22, 0x30,
    0x0,

    /* U+0101 "ā" */
    0x7, 0xff, 0xd8, 0x1, 0x2d, 0xde, 0xf0, 0x8,
    0x91, 0x31, 0x80, 0x7f, 0xc3, 0x19, 0xdf, 0xae,
    0x0, 0x26, 0x58, 0x96, 0x89, 0x3, 0xe9, 0x66,
    0x5b, 0x30, 0x40, 0x3d, 0xa0, 0x80, 0xd9, 0xff,
    0x58, 0x1b, 0xcb, 0x56, 0x62, 0x40, 0x14, 0x54,
    0xa6, 0x60, 0xf, 0xeb, 0x0, 0x29, 0x5b, 0x3e,
    0x88, 0x2, 0x1d, 0x66, 0xa9, 0xe0, 0x0,

    /* U+0102 "Ă" */
    0x0, 0x97, 0x48, 0x17, 0x80, 0x3e, 0x57, 0xdf,
    0xab, 0x0, 0xfd, 0x5d, 0xbe, 0xa0, 0x1f, 0xc2,
    0x40, 0x1f, 0xe1, 0xff, 0x28, 0x7, 0xf3, 0x81,
    0x70, 0x7, 0xf5, 0x25, 0xa1, 0x0, 0x7c, 0x66,
    0xe7, 0xa, 0x0, 0xfa, 0x81, 0x45, 0x18, 0x3,
    0xe7, 0x50, 0x7, 0xa, 0x0, 0x72, 0x8f, 0x0,
    0x14, 0x78, 0x3, 0xb8, 0x58, 0x8a, 0x45, 0x10,
    0x8, 0x90, 0x77, 0x72, 0x83, 0x80, 0x54, 0x13,
    0x55, 0xc5, 0x60, 0x13, 0x13, 0x2a, 0xf5, 0x11,
    0x82, 0xd, 0x0, 0x79, 0x42, 0x83, 0x81, 0x40,
    0x3c, 0x44, 0x60,

    /* U+0103 "ă" */
    0x6, 0xc1, 0x7, 0xd0, 0x9, 0x83, 0xbe, 0x64,
    0x1, 0xb3, 0xb7, 0x90, 0x3, 0x84, 0x80, 0x30,
    0xc6, 0x77, 0xeb, 0x80, 0x9, 0x96, 0x25, 0xa2,
    0x40, 0xfa, 0x59, 0x96, 0xcc, 0x10, 0xf, 0x68,
    0x20, 0x36, 0x7f, 0xd6, 0x6, 0xf2, 0xd5, 0x98,
    0x90, 0x5, 0x15, 0x29, 0x98, 0x3, 0xfa, 0xc0,
    0xa, 0x56, 0xcf, 0xa2, 0x0, 0x87, 0x59, 0xaa,
    0x78, 0x0,

    /* U+0104 "Ą" */
    0x0, 0xc3, 0xfe, 0x50, 0xf, 0xe7, 0x0, 0x70,
    0x7, 0xf5, 0x1, 0x21, 0x0, 0x7c, 0x66, 0x4b,
    0xa, 0x0, 0xfa, 0x83, 0x9c, 0x18, 0x3, 0xe7,
    0x5, 0x14, 0x14, 0x0, 0xe5, 0x15, 0x0, 0x70,
    0x70, 0x7, 0x70, 0x70, 0x1, 0x45, 0x44, 0x2,
    0x24, 0x16, 0x22, 0x90, 0x1c, 0x2, 0xa0, 0x1d,
    0xdc, 0xa1, 0x60, 0x13, 0x5, 0x57, 0x88, 0x86,
    0x8, 0x2a, 0xbf, 0x40, 0x50, 0x70, 0x48, 0x7,
    0x94, 0x58, 0x2b, 0xcc, 0x3, 0xf6, 0x80, 0x7f,
    0x99, 0x48, 0x3, 0xfd, 0xcc, 0x44, 0x0, 0xfe,
    0xa0, 0xd8,

    /* U+0105 "ą" */
    0x18, 0xce, 0xfd, 0x70, 0x8, 0x99, 0x62, 0x5a,
    0x24, 0x0, 0x7d, 0x2c, 0xcb, 0x66, 0x8, 0x7,
    0xda, 0x8, 0x0, 0x6c, 0xff, 0xac, 0xc, 0x1e,
    0x5a, 0xb3, 0x12, 0x1, 0x51, 0x52, 0x99, 0x80,
    0x3f, 0xd6, 0x1, 0x29, 0x5b, 0x3e, 0x88, 0x5,
    0xe, 0xb3, 0x54, 0xf0, 0xd, 0x1d, 0xfa, 0xf6,
    0xcc, 0x0, 0xf9, 0xec, 0x3, 0xe1, 0x7, 0x20,
    0xf, 0xb, 0x56, 0x88,

    /* U+0106 "Ć" */
    0x0, 0xf5, 0xe0, 0x7, 0xe6, 0x5e, 0x0, 0xfc,
    0x3a, 0x40, 0x1f, 0x9c, 0xc0, 0x3e, 0x6c, 0xef,
    0xeb, 0x50, 0x1, 0x6c, 0x83, 0x43, 0x3d, 0x40,
    0x79, 0x4e, 0x43, 0xc6, 0x63, 0xd8, 0x99, 0x80,
    0x1c, 0x6f, 0xa1, 0x60, 0x1f, 0x94, 0x8, 0x3,
    0xf0, 0x88, 0x3, 0xf8, 0x44, 0x1, 0xfc, 0xa0,
    0x40, 0x1f, 0xb4, 0x2c, 0x3, 0xf3, 0x13, 0x30,
    0x3, 0x91, 0xc3, 0xca, 0x72, 0x1e, 0x32, 0xfc,
    0xb, 0x64, 0x1a, 0x19, 0xea, 0x0,

    /* U+0107 "ć" */
    0x0, 0xe2, 0x83, 0x0, 0xef, 0x33, 0x0, 0x6b,
    0x6b, 0x0, 0xc5, 0x96, 0x1, 0xc4, 0xe0, 0x1c,
    0xfb, 0xfe, 0xc6, 0xc, 0x86, 0x89, 0x5d, 0x73,
    0x7b, 0x76, 0x9b, 0xa1, 0x80, 0xe, 0x22, 0x0,
    0x7f, 0xf0, 0x88, 0x80, 0x1e, 0xa1, 0x80, 0xe,
    0x73, 0x7b, 0x76, 0x9b, 0xc, 0x86, 0x88, 0x2e,
    0x80,

    /* U+0108 "Ĉ" */
    0x0, 0xec, 0xf9, 0x0, 0xfa, 0x3, 0x5d, 0x40,
    0x3d, 0xfa, 0x58, 0x40, 0x1e, 0x71, 0x2, 0x70,
    0xe, 0x6c, 0xef, 0xeb, 0x50, 0x1, 0x6c, 0x83,
    0x43, 0x3d, 0x40, 0x79, 0x4e, 0x43, 0xc6, 0x63,
    0xd8, 0x99, 0x80, 0x1c, 0x6f, 0xa1, 0x60, 0x1f,
    0x94, 0x8, 0x3, 0xf0, 0x88, 0x3, 0xf8, 0x44,
    0x1, 0xfc, 0xa0, 0x40, 0x1f, 0xb4, 0x2c, 0x3,
    0xf3, 0x13, 0x30, 0x3, 0x91, 0xc3, 0xca, 0x72,
    0x1e, 0x32, 0xfc, 0xb, 0x64, 0x1a, 0x19, 0xea,
    0x0,

    /* U+0109 "ĉ" */
    0x0, 0xce, 0xc0, 0x1c, 0xd3, 0x24, 0x0, 0x8a,
    0x36, 0xe8, 0x40, 0xf, 0x46, 0x96, 0xa0, 0x5,
    0x40, 0x2, 0xa0, 0x1, 0xf7, 0xfd, 0x8c, 0x19,
    0xd, 0x12, 0xba, 0xe6, 0xf6, 0xed, 0x37, 0x43,
    0x0, 0x1c, 0x44, 0x0, 0xff, 0xe1, 0x11, 0x0,
    0x3d, 0x43, 0x0, 0x1c, 0xe6, 0xf6, 0xed, 0x36,
    0x19, 0xd, 0x10, 0x5d,

    /* U+010A "Ċ" */
    0x0, 0xe6, 0xc3, 0x0, 0xfc, 0x26, 0xc0, 0x1f,
    0x9f, 0xd4, 0x3, 0xff, 0x8a, 0xd9, 0xdf, 0xd6,
    0xa0, 0x2, 0xd9, 0x6, 0x86, 0x7a, 0x80, 0xf2,
    0x9c, 0x87, 0x8c, 0xc7, 0xb1, 0x33, 0x0, 0x38,
    0xdf, 0x42, 0xc0, 0x3f, 0x28, 0x10, 0x7, 0xe1,
    0x10, 0x7, 0xf0, 0x88, 0x3, 0xf9, 0x40, 0x80,
    0x3f, 0x68, 0x58, 0x7, 0xe6, 0x26, 0x60, 0x7,
    0x23, 0x87, 0x94, 0xe4, 0x3c, 0x65, 0xf8, 0x16,
    0xc8, 0x34, 0x33, 0xd4, 0x0,

    /* U+010B "ċ" */
    0x0, 0xdd, 0x60, 0x1f, 0xfc, 0x2e, 0xb0, 0xf,
    0xfe, 0x3, 0xef, 0xfb, 0x18, 0x32, 0x1a, 0x25,
    0x75, 0xcd, 0xed, 0xda, 0x6e, 0x86, 0x0, 0x38,
    0x88, 0x1, 0xff, 0xc2, 0x22, 0x0, 0x7a, 0x86,
    0x0, 0x39, 0xcd, 0xed, 0xda, 0x6c, 0x32, 0x1a,
    0x20, 0xba,

    /* U+010C "Č" */
    0x0, 0x8f, 0x88, 0x31, 0xc0, 0x38, 0xe3, 0x2d,
    0xdc, 0x1, 0xe6, 0x8c, 0xa0, 0xf, 0xcc, 0xe2,
    0x1, 0xe6, 0xce, 0xfe, 0xb5, 0x0, 0x16, 0xc8,
    0x34, 0x33, 0xd4, 0x7, 0x94, 0xe4, 0x3c, 0x66,
    0x3d, 0x89, 0x98, 0x1, 0xc6, 0xfa, 0x16, 0x1,
    0xf9, 0x40, 0x80, 0x3f, 0x8, 0x80, 0x3f, 0x84,
    0x40, 0x1f, 0xca, 0x4, 0x1, 0xfb, 0x42, 0xc0,
    0x3f, 0x31, 0x33, 0x0, 0x39, 0x1c, 0x3c, 0xa7,
    0x21, 0xe3, 0x2f, 0xc0, 0xb6, 0x41, 0xa1, 0x9e,
    0xa0,

    /* U+010D "č" */
    0x0, 0x39, 0x0, 0x1c, 0x80, 0x3, 0xe3, 0x16,
    0x40, 0x6, 0x7c, 0x7e, 0x0, 0xd7, 0x56, 0x40,
    0x18, 0x5d, 0x0, 0x33, 0xef, 0xfb, 0x18, 0x32,
    0x1a, 0x25, 0x75, 0xcd, 0xed, 0xda, 0x6e, 0x86,
    0x0, 0x38, 0x88, 0x1, 0xff, 0xc2, 0x22, 0x0,
    0x7a, 0x86, 0x0, 0x39, 0xcd, 0xed, 0xda, 0x6c,
    0x32, 0x1a, 0x20, 0xba,

    /* U+010E "Ď" */
    0x0, 0x98, 0xc0, 0x5c, 0x3, 0xe5, 0xd6, 0xf2,
    0x0, 0xf8, 0xf7, 0xad, 0x40, 0x3f, 0x1c, 0x28,
    0x7, 0x1f, 0xfe, 0xed, 0xa4, 0x0, 0xe4, 0x88,
    0x4b, 0xa5, 0xe0, 0x80, 0x46, 0xef, 0x57, 0x31,
    0xe8, 0x7, 0xf4, 0xa1, 0xa0, 0x7, 0xf7, 0x6,
    0x80, 0x7f, 0x38, 0x10, 0x7, 0xf1, 0x83, 0x80,
    0x7f, 0x18, 0x38, 0x7, 0xf3, 0x81, 0x0, 0x7f,
    0x48, 0x68, 0x7, 0xe9, 0x33, 0x20, 0x1, 0x1d,
    0xea, 0xe6, 0x3d, 0x0, 0x8e, 0x22, 0x74, 0xbc,
    0x10,

    /* U+010F "ď" */
    0x0, 0xfb, 0x70, 0x2b, 0xc0, 0x3f, 0xe7, 0x40,
    0xf, 0xf8, 0xb4, 0x3, 0xfe, 0xb6, 0x0, 0xd,
    0x7f, 0xac, 0x80, 0x24, 0x0, 0xe, 0x2b, 0x48,
    0xe1, 0x80, 0x74, 0x95, 0x4b, 0x53, 0x8, 0x7,
    0x29, 0x28, 0x5, 0x0, 0x1e, 0x26, 0x0, 0xe1,
    0x0, 0xff, 0xe3, 0x13, 0x0, 0x70, 0x80, 0x72,
    0x92, 0x80, 0x50, 0x1, 0xe9, 0x1a, 0x86, 0xa6,
    0x10, 0xe, 0x1f, 0x57, 0x91, 0xc3, 0x0, 0xe0,

    /* U+0110 "Đ" */
    0x2, 0xff, 0xed, 0xa5, 0x0, 0xf1, 0xc4, 0x48,
    0x8a, 0xc1, 0x0, 0xcc, 0xef, 0x4f, 0x41, 0xe0,
    0x7, 0xf9, 0xd4, 0x94, 0x3, 0xfd, 0x21, 0xe0,
    0x1f, 0xe3, 0x7, 0xed, 0x5, 0xff, 0x48, 0x7,
    0xb6, 0x81, 0x33, 0x16, 0x1, 0xe3, 0x70, 0x13,
    0x31, 0x0, 0x48, 0xe, 0x1, 0xfe, 0xe0, 0xf0,
    0xf, 0xe8, 0x52, 0x50, 0x9, 0x9d, 0xe9, 0xe7,
    0x3c, 0x0, 0xc7, 0x11, 0x22, 0x2b, 0x4, 0x0,

    /* U+0111 "đ" */
    0x0, 0xfb, 0x70, 0x3, 0xd5, 0xfe, 0x23, 0xf2,
    0x0, 0xd7, 0xba, 0x22, 0x69, 0x0, 0x61, 0x22,
    0x0, 0x90, 0x0, 0x6b, 0xfd, 0x64, 0x1, 0x87,
    0x15, 0xa4, 0x70, 0xc0, 0x29, 0x2a, 0x96, 0xa6,
    0x10, 0x9, 0x49, 0x40, 0x28, 0x0, 0xc4, 0xc0,
    0x1c, 0x20, 0x1f, 0xfc, 0x22, 0x60, 0xe, 0x10,
    0x9, 0x49, 0x40, 0x28, 0x0, 0xd2, 0x35, 0xd,
    0x4c, 0x20, 0x10, 0xfa, 0xbc, 0x8e, 0x18, 0x4,

    /* U+0112 "Ē" */
    0x0, 0xff, 0xe0, 0x5f, 0xfe, 0x80, 0xd, 0x39,
    0x9a, 0x80, 0x31, 0x19, 0xe2, 0x0, 0x1f, 0xff,
    0xe1, 0x0, 0x1c, 0x47, 0x84, 0x0, 0x8e, 0xfe,
    0x0, 0xff, 0xe0, 0x89, 0x17, 0x8, 0x4, 0xdb,
    0xbe, 0x0, 0x92, 0xab, 0xa0, 0x2, 0x35, 0x5e,
    0x40, 0xf, 0xfe, 0xaa, 0x3b, 0xf8, 0x40, 0x7,
    0x11, 0xe2,

    /* U+0113 "ē" */
    0x0, 0x6f, 0xfe, 0x70, 0xd, 0xd7, 0x79, 0x40,
    0x31, 0xa2, 0x62, 0x0, 0xff, 0xe1, 0x3e, 0xff,
    0xac, 0xc0, 0x2b, 0x87, 0x98, 0x6c, 0x30, 0x74,
    0xaa, 0x33, 0xe0, 0xc0, 0x59, 0x28, 0x4, 0x2e,
    0x80, 0x65, 0xff, 0xcc, 0x2, 0x5, 0x99, 0xf0,
    0x91, 0xc, 0xfe, 0xa, 0x8, 0x0, 0xe1, 0x7,
    0x47, 0xc7, 0x68, 0xca, 0x0, 0x5c, 0x84, 0x4a,
    0xb7, 0x80,

    /* U+0114 "Ĕ" */
    0x0, 0x2a, 0x0, 0x15, 0x0, 0x30, 0xd7, 0xfa,
    0x18, 0x3, 0x27, 0x75, 0xa4, 0x1, 0xe1, 0x10,
    0x6, 0x3f, 0xff, 0xc2, 0x0, 0x38, 0x8f, 0x8,
    0x1, 0x1d, 0xfc, 0x1, 0xff, 0xc1, 0x12, 0x2e,
    0x10, 0x9, 0xb7, 0x7c, 0x1, 0x25, 0x57, 0x40,
    0x4, 0x6a, 0xbc, 0x80, 0x1f, 0xfd, 0x54, 0x77,
    0xf0, 0x80, 0xe, 0x23, 0xc4,

    /* U+0115 "ĕ" */
    0x0, 0x38, 0x80, 0x11, 0x0, 0x1b, 0x20, 0xa,
    0x44, 0x3, 0x4b, 0xfe, 0xba, 0x80, 0x62, 0xed,
    0xea, 0x0, 0xf8, 0x84, 0x3, 0xcf, 0xbf, 0xeb,
    0x30, 0xa, 0xe1, 0xe6, 0x1b, 0xc, 0x1d, 0x2a,
    0x8c, 0xf8, 0x30, 0x16, 0x4a, 0x1, 0xb, 0xa0,
    0x19, 0x7f, 0xf3, 0x0, 0x81, 0x66, 0x7c, 0x24,
    0x43, 0x3f, 0x82, 0x82, 0x0, 0x38, 0x41, 0xd1,
    0xf1, 0xda, 0x32, 0x80, 0x17, 0x21, 0x12, 0xad,
    0xe0,

    /* U+0116 "Ė" */
    0x0, 0xdf, 0x80, 0x1f, 0x8d, 0x40, 0x3f, 0x64,
    0x80, 0x63, 0xff, 0xfc, 0x20, 0x3, 0x88, 0xf0,
    0x80, 0x11, 0xdf, 0xc0, 0x1f, 0xfc, 0x11, 0x22,
    0xe1, 0x0, 0x9b, 0x77, 0xc0, 0x12, 0x55, 0x74,
    0x0, 0x46, 0xab, 0xc8, 0x1, 0xff, 0xd5, 0x47,
    0x7f, 0x8, 0x0, 0xe2, 0x3c, 0x40,

    /* U+0117 "ė" */
    0x0, 0xdf, 0x20, 0x1f, 0xfc, 0x6f, 0x90, 0xf,
    0xfe, 0x23, 0xef, 0xfa, 0xcc, 0x2, 0xb8, 0x79,
    0x86, 0xc3, 0x7, 0x4a, 0xa3, 0x3e, 0xc, 0x5,
    0x92, 0x80, 0x42, 0xe8, 0x6, 0x5f, 0xfc, 0xc0,
    0x20, 0x59, 0x9f, 0x9, 0x10, 0xcf, 0xe0, 0xa0,
    0x80, 0xe, 0x10, 0x74, 0x7c, 0x76, 0x8c, 0xa0,
    0x5, 0xc8, 0x44, 0xab, 0x78, 0x0,

    /* U+0118 "Ę" */
    0x3f, 0xff, 0xc2, 0x0, 0x38, 0x8f, 0x8, 0x1,
    0x1d, 0xfc, 0x1, 0xff, 0xcb, 0x12, 0x2e, 0x10,
    0x9, 0xb7, 0x7c, 0x1, 0x25, 0x57, 0x40, 0x4,
    0x6a, 0xbc, 0x80, 0x1f, 0xfc, 0xb4, 0x77, 0xf0,
    0x80, 0xe, 0x23, 0xc4, 0x7f, 0xfd, 0x29, 0xe6,
    0x1, 0xe8, 0xf0, 0xf, 0xc2, 0x64, 0x20, 0x1e,
    0x89, 0xd2,

    /* U+0119 "ę" */
    0x0, 0x3e, 0xff, 0x50, 0x80, 0x57, 0xd, 0x2c,
    0xbe, 0x20, 0xe8, 0xd6, 0xd1, 0x83, 0x1, 0x61,
    0x0, 0x11, 0xa3, 0x81, 0x90, 0x80, 0x62, 0x10,
    0x1, 0x7f, 0xf3, 0x0, 0x91, 0x33, 0x3e, 0x1a,
    0x20, 0x33, 0xf0, 0x3a, 0x65, 0x33, 0x1e, 0xa8,
    0x0, 0xb9, 0x69, 0x94, 0x7, 0x0, 0x4d, 0x9f,
    0x65, 0x48, 0x1, 0xee, 0x50, 0xf, 0xc2, 0x42,
    0x40, 0x1e, 0xf4, 0xe5, 0x0,

    /* U+011A "Ě" */
    0x0, 0x22, 0x80, 0x18, 0xc0, 0x32, 0xda, 0xbd,
    0x98, 0x6, 0x1d, 0xa8, 0xf0, 0xf, 0x1f, 0xf8,
    0x80, 0x23, 0xff, 0xfc, 0x20, 0x3, 0x88, 0xf0,
    0x80, 0x11, 0xdf, 0xc0, 0x1f, 0xfc, 0x11, 0x22,
    0xe1, 0x0, 0x9b, 0x77, 0xc0, 0x12, 0x55, 0x74,
    0x0, 0x46, 0xab, 0xc8, 0x1, 0xff, 0xd5, 0x47,
    0x7f, 0x8, 0x0, 0xe2, 0x3c, 0x40,

    /* U+011B "ě" */
    0x0, 0x31, 0x80, 0x18, 0xc0, 0x3b, 0x81, 0x20,
    0x80, 0x33, 0xd, 0x52, 0x4, 0x3, 0xb9, 0x49,
    0x80, 0x3c, 0x5f, 0x80, 0x1e, 0x7d, 0xff, 0x59,
    0x80, 0x57, 0xf, 0x30, 0xd8, 0x60, 0xe9, 0x54,
    0x67, 0xc1, 0x80, 0xb2, 0x50, 0x8, 0x5d, 0x0,
    0xcb, 0xff, 0x98, 0x4, 0xb, 0x33, 0xe1, 0x22,
    0x19, 0xfc, 0x14, 0x10, 0x1, 0xc2, 0xe, 0x8f,
    0x8e, 0xd1, 0x94, 0x0, 0xb9, 0x8, 0x95, 0x6f,
    0x0,

    /* U+011C "Ĝ" */
    0x0, 0xea, 0xfb, 0x0, 0xfc, 0xc9, 0xae, 0xe0,
    0xf, 0x87, 0xb, 0x40, 0x3f, 0x39, 0x0, 0xb8,
    0x7, 0x9a, 0xfb, 0xfb, 0x20, 0x40, 0x5, 0xb2,
    0xcc, 0x86, 0x63, 0xf0, 0x87, 0x94, 0xec, 0x3c,
    0x57, 0xb8, 0x31, 0x33, 0x0, 0x3d, 0x3, 0xa1,
    0x60, 0x1f, 0xca, 0x4, 0x1, 0x88, 0xb0, 0x8,
    0x80, 0x31, 0xee, 0xe7, 0x11, 0x0, 0x63, 0xaa,
    0x38, 0x1, 0x40, 0x80, 0x32, 0xab, 0x0, 0x1a,
    0x14, 0x1, 0xfc, 0xc4, 0xec, 0x1, 0xfd, 0xe5,
    0x3b, 0xf, 0x15, 0x60, 0x40, 0x5b, 0x2c, 0xc8,
    0x76, 0x7d, 0x50,

    /* U+011D "ĝ" */
    0x0, 0xa3, 0xd4, 0x3, 0x89, 0xda, 0xc4, 0x3,
    0x73, 0xca, 0xc0, 0x4, 0x37, 0x1, 0x5c, 0x1,
    0x1e, 0xff, 0xa9, 0x77, 0x7, 0x15, 0xe4, 0x70,
    0xc2, 0x46, 0xa1, 0xa9, 0x84, 0x14, 0x94, 0x2,
    0x80, 0x1, 0x30, 0x7, 0x8, 0x7, 0xf8, 0x98,
    0x3, 0x84, 0x14, 0x94, 0x2, 0x70, 0x4, 0x8d,
    0x43, 0x4c, 0x84, 0x7, 0x15, 0xe4, 0xb0, 0x2,
    0x2a, 0xff, 0x59, 0xb, 0x0, 0x79, 0xc3, 0xc3,
    0x25, 0x99, 0x50, 0x6a, 0x16, 0x93, 0x27, 0x76,
    0x0,

    /* U+011E "Ğ" */
    0x0, 0xaa, 0x40, 0x15, 0x20, 0x1e, 0x84, 0xff,
    0x3c, 0x0, 0x78, 0xb7, 0xb9, 0xa2, 0x1, 0xf8,
    0x44, 0x1, 0xf9, 0xaf, 0xbf, 0xb2, 0x4, 0x0,
    0x5b, 0x2c, 0xc8, 0x66, 0x3f, 0x8, 0x79, 0x4e,
    0xc3, 0xc5, 0x7b, 0x83, 0x13, 0x30, 0x3, 0xd0,
    0x3a, 0x16, 0x1, 0xfc, 0xa0, 0x40, 0x18, 0x8b,
    0x0, 0x88, 0x3, 0x1e, 0xee, 0x71, 0x10, 0x6,
    0x3a, 0xa3, 0x80, 0x14, 0x8, 0x3, 0x2a, 0xb0,
    0x1, 0xa1, 0x40, 0x1f, 0xcc, 0x4e, 0xc0, 0x1f,
    0xde, 0x53, 0xb0, 0xf1, 0x56, 0x4, 0x5, 0xb2,
    0xcc, 0x87, 0x67, 0xd5,

    /* U+011F "ğ" */
    0x0, 0x39, 0x0, 0x18, 0xc0, 0x36, 0xff, 0xac,
    0x80, 0x27, 0xfd, 0xd8, 0x40, 0x38, 0x88, 0x1,
    0x8a, 0xbf, 0xd6, 0x5b, 0x83, 0x8a, 0xf2, 0x38,
    0x61, 0x23, 0x50, 0xd4, 0xc2, 0xa, 0x4a, 0x1,
    0x40, 0x0, 0x98, 0x3, 0x84, 0x3, 0xfc, 0x4c,
    0x1, 0xc2, 0xa, 0x4a, 0x1, 0x38, 0x2, 0x46,
    0xa1, 0xa6, 0x42, 0x3, 0x8a, 0xf2, 0x58, 0x1,
    0x15, 0x7f, 0xac, 0x85, 0x80, 0x3c, 0xe1, 0xe1,
    0x92, 0xcc, 0xa8, 0x35, 0xb, 0x49, 0x93, 0xbb,
    0x0,

    /* U+0120 "Ġ" */
    0x0, 0xe4, 0xc5, 0x0, 0xfe, 0x13, 0x20, 0xf,
    0xe5, 0xf7, 0x0, 0xff, 0xe3, 0xb5, 0xf7, 0xf6,
    0x40, 0x80, 0xb, 0x65, 0x99, 0xc, 0xc7, 0xe1,
    0xf, 0x29, 0xd8, 0x78, 0xaf, 0x70, 0x62, 0x66,
    0x0, 0x7a, 0x7, 0x42, 0xc0, 0x3f, 0x94, 0x8,
    0x3, 0x11, 0x60, 0x11, 0x0, 0x63, 0xdd, 0xce,
    0x22, 0x0, 0xc7, 0x54, 0x70, 0x2, 0x81, 0x0,
    0x65, 0x56, 0x0, 0x34, 0x28, 0x3, 0xf9, 0x89,
    0xd8, 0x3, 0xfb, 0xca, 0x76, 0x1e, 0x2a, 0xc0,
    0x80, 0xb6, 0x59, 0x90, 0xec, 0xfa, 0xa0,

    /* U+0121 "ġ" */
    0x0, 0x9b, 0xcc, 0x3, 0xff, 0x86, 0xde, 0x60,
    0x1f, 0xfc, 0x12, 0xaf, 0xf5, 0x96, 0xe0, 0xe2,
    0xbc, 0x8e, 0x18, 0x48, 0xd4, 0x35, 0x30, 0x82,
    0x92, 0x80, 0x50, 0x0, 0x26, 0x0, 0xe1, 0x0,
    0xff, 0x13, 0x0, 0x70, 0x82, 0x92, 0x80, 0x4e,
    0x0, 0x91, 0xa8, 0x69, 0x90, 0x80, 0xe2, 0xbc,
    0x96, 0x0, 0x45, 0x5f, 0xeb, 0x21, 0x60, 0xf,
    0x38, 0x78, 0x64, 0xb3, 0x2a, 0xd, 0x42, 0xd2,
    0x64, 0xee, 0xc0,

    /* U+0122 "Ģ" */
    0x0, 0x9a, 0xfb, 0xfb, 0x20, 0x40, 0x5, 0xb2,
    0xcc, 0x86, 0x63, 0xf0, 0x87, 0x94, 0xec, 0x3c,
    0x57, 0xb8, 0x31, 0x33, 0x0, 0x3d, 0x3, 0xa1,
    0x60, 0x1f, 0xca, 0x4, 0x1, 0x88, 0xb0, 0x8,
    0x80, 0x31, 0xee, 0xe7, 0x11, 0x0, 0x63, 0xaa,
    0x38, 0x1, 0x40, 0x80, 0x32, 0xab, 0x0, 0x1a,
    0x14, 0x1, 0xfc, 0xc4, 0xec, 0x1, 0xfd, 0xe5,
    0x3b, 0xf, 0x15, 0x60, 0x40, 0x5b, 0x2c, 0xc8,
    0x76, 0x7d, 0x50, 0x9, 0xaf, 0xbf, 0xd9, 0x4,
    0x1, 0xe1, 0xc7, 0x0, 0xfe, 0x43, 0x50, 0xf,
    0xec, 0x52, 0x0, 0xc0,

    /* U+0123 "ģ" */
    0x0, 0xcb, 0xc0, 0x1f, 0x42, 0x0, 0x78, 0xc7,
    0xc0, 0x3c, 0x78, 0xa0, 0x18, 0xab, 0xfd, 0x65,
    0xb8, 0x38, 0xaf, 0x23, 0x86, 0x12, 0x35, 0xd,
    0x4c, 0x20, 0xa4, 0xa0, 0x14, 0x0, 0x9, 0x80,
    0x38, 0x40, 0x3f, 0xc4, 0xc0, 0x1c, 0x20, 0xa4,
    0xa0, 0x13, 0x80, 0x24, 0x6a, 0x1a, 0x64, 0x20,
    0x38, 0xaf, 0x25, 0x80, 0x11, 0x57, 0xfa, 0xc8,
    0x58, 0x3, 0xce, 0x1e, 0x19, 0x2c, 0xca, 0x83,
    0x50, 0xb4, 0x99, 0x3b, 0xb0, 0x0,

    /* U+0124 "Ĥ" */
    0x0, 0xc5, 0xc, 0x1, 0xf0, 0xff, 0xaa, 0x0,
    0x3c, 0x92, 0xf9, 0xe2, 0x1, 0xca, 0x80, 0x7,
    0x10, 0x1, 0xfc, 0x0, 0x7b, 0xf0, 0x3, 0xff,
    0xae, 0x24, 0x5e, 0x0, 0xcd, 0xbb, 0xe0, 0xc,
    0x95, 0x5e, 0x0, 0xc6, 0xab, 0xe0, 0xf, 0xff,
    0x68,

    /* U+0125 "ĥ" */
    0x0, 0x24, 0x18, 0x7, 0xcb, 0x5d, 0xa6, 0x1,
    0xe2, 0xc6, 0xc5, 0x0, 0xf3, 0xbb, 0xd9, 0x80,
    0x1f, 0xfd, 0xf7, 0xdf, 0xd5, 0x0, 0xe8, 0xaa,
    0x40, 0x51, 0x80, 0x61, 0xd7, 0x76, 0x4, 0x80,
    0x6b, 0x0, 0x84, 0xd8, 0x3, 0x10, 0x6, 0x71,
    0x0, 0xff, 0x18, 0x7, 0xff, 0x80,

    /* U+0126 "Ħ" */
    0x0, 0x67, 0x80, 0x7a, 0x3d, 0x0, 0x2, 0x0,
    0x11, 0xf8, 0x4, 0x47, 0xc6, 0x1d, 0xde, 0x60,
    0xaa, 0x15, 0x90, 0x5d, 0xf9, 0x42, 0x20, 0x28,
    0x20, 0xcd, 0xe3, 0x3, 0x30, 0x6, 0xdd, 0xf3,
    0x0, 0x7d, 0x55, 0xe5, 0x0, 0xf9, 0x57, 0xc4,
    0x1, 0xff, 0xfd,

    /* U+0127 "ħ" */
    0xd, 0xc0, 0xf, 0x84, 0x0, 0x23, 0x0, 0x6e,
    0x23, 0xee, 0x78, 0x6, 0xb1, 0x2b, 0xb5, 0x0,
    0x64, 0x31, 0x6f, 0xbf, 0xa1, 0x0, 0x87, 0x6,
    0x19, 0x68, 0x2, 0x28, 0xa7, 0x96, 0x42, 0x0,
    0xb, 0x0, 0x5a, 0xe, 0x0, 0x20, 0xc, 0xe0,
    0x60, 0x1f, 0xfe, 0x60,

    /* U+0128 "Ĩ" */
    0x8, 0xe9, 0x19, 0x72, 0x7d, 0xe, 0x75, 0x2e,
    0x39, 0xfe, 0x20, 0x10, 0xf, 0x8f, 0xe0, 0x3,
    0xff, 0xfe, 0x1, 0xff, 0x0,

    /* U+0129 "ĩ" */
    0xb, 0xf9, 0x1c, 0x54, 0x6c, 0x2e, 0x15, 0x4c,
    0x3b, 0xed, 0x0, 0x8, 0x0, 0x40, 0x32, 0x7a,
    0x80, 0x7f, 0xfd, 0x40,

    /* U+012A "Ī" */
    0x0, 0xf7, 0xff, 0x26, 0x67, 0x29, 0x9f, 0x8,
    0x1f, 0xc0, 0x7, 0xff, 0xf8,

    /* U+012B "ī" */
    0x2f, 0xfe, 0x22, 0x5d, 0xf1, 0x2, 0x27, 0x0,
    0x7f, 0x93, 0xd4, 0x3, 0xff, 0xea,

    /* U+012C "Ĭ" */
    0x7, 0x20, 0x3, 0x10, 0x7e, 0xff, 0xb4, 0x82,
    0x3f, 0x7a, 0xc0, 0x31, 0x8, 0x6, 0x3f, 0x80,
    0xf, 0xff, 0xf8, 0x7, 0xfc,

    /* U+012D "ĭ" */
    0x2f, 0x30, 0x3f, 0x22, 0x3e, 0x7e, 0x39, 0x4,
    0x76, 0xf4, 0x0, 0x42, 0x42, 0x1, 0x93, 0xd4,
    0x3, 0xff, 0xea,

    /* U+012E "Į" */
    0x3f, 0x80, 0xf, 0xff, 0x29, 0x9b, 0x1, 0x5,
    0x0, 0x8c, 0x88, 0xe5, 0xbc,

    /* U+012F "į" */
    0x4f, 0x50, 0xe, 0x4f, 0x50, 0xe, 0x4f, 0x50,
    0xf, 0xfe, 0xca, 0x8a, 0x4, 0xa0, 0x81, 0x30,
    0x94, 0x8f, 0x50,

    /* U+0130 "İ" */
    0x3f, 0x91, 0x3e, 0x2c, 0x73, 0xf8, 0x0, 0xff,
    0xec, 0x0,

    /* U+0131 "ı" */
    0x4f, 0x50, 0xf, 0xfe, 0x78,

    /* U+0132 "Ĳ" */
    0x3f, 0x80, 0xb, 0xb4, 0x3, 0xff, 0xfe, 0x1,
    0xff, 0xc9, 0x3f, 0x80, 0x8, 0x44, 0x1, 0xc8,
    0xa, 0x1, 0x24, 0xd8, 0x50, 0x5, 0xcc, 0x76,
    0x60,

    /* U+0133 "ĳ" */
    0x4f, 0x50, 0x2, 0xfa, 0x80, 0x7e, 0x4f, 0x50,
    0x2, 0xfa, 0x80, 0x7e, 0x4f, 0x50, 0x2, 0xfa,
    0x80, 0x7f, 0xff, 0x13, 0xd4, 0x3, 0x8, 0x7,
    0x18, 0x38, 0x4, 0x2d, 0x2, 0x60, 0x12, 0x49,
    0x68, 0x0,

    /* U+0134 "Ĵ" */
    0x0, 0x56, 0xe8, 0x40, 0x12, 0x3b, 0x5a, 0x0,
    0x9b, 0x7, 0xc0, 0x8, 0xfe, 0x0, 0x3f, 0xff,
    0xe0, 0x1f, 0xfc, 0x17, 0xf, 0x0, 0xda, 0x6,
    0x0, 0x7a, 0x62, 0x40, 0x4, 0xa2, 0xf8, 0x4,

    /* U+0135 "ĵ" */
    0x0, 0x3f, 0xb8, 0x4, 0x30, 0xd0, 0x20, 0xb,
    0x69, 0x6a, 0x1, 0xd9, 0x9, 0xc1, 0x13, 0xa7,
    0xab, 0x88, 0x7, 0xff, 0xd4, 0x40, 0x40, 0x31,
    0x83, 0x80, 0x5, 0xac, 0x4c, 0x0, 0x92, 0x3a,
    0x1, 0x0,

    /* U+0136 "Ķ" */
    0x3f, 0x80, 0xc, 0x7d, 0xe6, 0x1, 0xf1, 0xe0,
    0x61, 0x80, 0x79, 0x30, 0x70, 0xc0, 0x3c, 0xb6,
    0x5e, 0x40, 0x1e, 0x6a, 0x3c, 0x10, 0xf, 0x2c,
    0x9e, 0x8, 0x7, 0xc4, 0xc, 0x1, 0xfc, 0xca,
    0xaa, 0x0, 0xfc, 0x34, 0xaa, 0xa0, 0xf, 0xea,
    0x55, 0x50, 0x7, 0xf5, 0x2a, 0xa8, 0x3, 0xfa,
    0x95, 0x54, 0x1, 0xfd, 0x4a, 0xaa, 0x3, 0xf8,
    0x0, 0xea, 0xfa, 0x0, 0xf4, 0xe0, 0x7, 0xf9,
    0xd4, 0x3, 0xf8, 0xc6, 0x0, 0x38,

    /* U+0137 "ķ" */
    0x5f, 0x40, 0xf, 0xfe, 0xfb, 0xfc, 0x80, 0x7a,
    0x62, 0x12, 0x1, 0xd4, 0xd2, 0xe0, 0x18, 0x71,
    0x6d, 0x80, 0x3a, 0x8f, 0x10, 0x3, 0xcc, 0x10,
    0x1, 0xf6, 0xd2, 0x60, 0x7, 0xcb, 0x47, 0x80,
    0x1f, 0x2d, 0x9e, 0x0, 0x7c, 0x96, 0x78, 0x2b,
    0xe8, 0x1, 0x27, 0xe0, 0x80, 0x68, 0xc1, 0x0,
    0xf9, 0x94, 0x40, 0x3c, 0x43, 0x0, 0x18,

    /* U+0138 "ĸ" */
    0x5f, 0x40, 0x9, 0xfe, 0x40, 0x3d, 0x31, 0x9,
    0x0, 0xea, 0x69, 0x70, 0xc, 0x36, 0xb6, 0xc0,
    0x1d, 0x49, 0x68, 0x1, 0xe5, 0xf, 0x0, 0xfb,
    0xa9, 0x2c, 0x3, 0xe5, 0xa4, 0xc0, 0xf, 0x96,
    0xcf, 0x0, 0x3e, 0x4b, 0x3c, 0x10,

    /* U+0139 "Ĺ" */
    0x0, 0x23, 0x80, 0x78, 0xec, 0x80, 0x3c, 0xb6,
    0xa0, 0x1e, 0x64, 0x0, 0xf1, 0xfc, 0x0, 0x7f,
    0xff, 0xc0, 0x3f, 0xf9, 0x68, 0xef, 0xe0, 0x1,
    0xc4, 0x78,

    /* U+013A "ĺ" */
    0x0, 0x2b, 0x80, 0x16, 0xd0, 0x0, 0x5a, 0x60,
    0x90, 0xc0, 0x1f, 0xff, 0x70,

    /* U+013B "Ļ" */
    0x3f, 0x80, 0xf, 0xff, 0xf8, 0x7, 0xff, 0x2d,
    0x1d, 0xfc, 0x0, 0x38, 0x8f, 0x1f, 0xff, 0xe0,
    0xd, 0x56, 0x1, 0xe1, 0x5c, 0x0, 0xf2, 0xb,
    0x80, 0x40,

    /* U+013C "ļ" */
    0x4f, 0x50, 0xf, 0xfe, 0xda, 0x7a, 0x96, 0x3a,
    0x1b, 0x63, 0x8,

    /* U+013D "Ľ" */
    0x3f, 0x80, 0x3f, 0x70, 0xf, 0x28, 0x28, 0x7,
    0xbc, 0x88, 0x1, 0xea, 0xe0, 0xf, 0x8c, 0xc0,
    0x1f, 0xfe, 0xf4, 0x77, 0xf0, 0x0, 0xe2, 0x3c,

    /* U+013E "ľ" */
    0x4f, 0x51, 0xf9, 0x0, 0x94, 0x34, 0x2, 0x30,
    0x40, 0x9, 0x70, 0x3, 0x11, 0x80, 0x7f, 0xfa,
    0xc0,

    /* U+013F "Ŀ" */
    0x3f, 0x80, 0xf, 0xfe, 0xd9, 0x90, 0x7, 0x8b,
    0x24, 0x3, 0xff, 0x86, 0x5f, 0x60, 0x1f, 0xfd,
    0x24, 0x77, 0xf0, 0x0, 0xe2, 0x3c,

    /* U+0140 "ŀ" */
    0x4f, 0x50, 0xf, 0xfe, 0x69, 0x90, 0x3, 0x72,
    0x0, 0x3e, 0xdf, 0xa0, 0xf, 0xfe, 0x68,

    /* U+0141 "Ł" */
    0x0, 0x17, 0xd0, 0x7, 0xff, 0x69, 0x0, 0x3f,
    0x8f, 0x60, 0x3, 0xf2, 0x62, 0xe0, 0x7, 0x98,
    0x1, 0x90, 0x1, 0xe7, 0xb0, 0x43, 0x0, 0xfb,
    0x64, 0x3, 0xfd, 0x48, 0x1, 0xff, 0xcd, 0x77,
    0xf8, 0x3, 0x8a, 0x23, 0xc0,

    /* U+0142 "ł" */
    0x4, 0xf5, 0x0, 0xff, 0xe6, 0x10, 0x6, 0xbf,
    0x0, 0x8, 0x2e, 0x3, 0xd0, 0x70, 0x80, 0x20,
    0x3, 0x39, 0x80, 0x7f, 0xf4, 0x0,

    /* U+0143 "Ń" */
    0x0, 0xe3, 0x70, 0xf, 0xc7, 0x84, 0x1, 0xf9,
    0x6d, 0x40, 0x3f, 0x32, 0x0, 0x71, 0xff, 0x98,
    0x3, 0xbe, 0xc0, 0x28, 0x0, 0xfe, 0x31, 0x70,
    0xf, 0xd6, 0x70, 0x20, 0x1f, 0xbc, 0x24, 0x3,
    0xf1, 0xa3, 0x88, 0x7, 0xe9, 0xb, 0x0, 0xfc,
    0x4a, 0xa2, 0x0, 0xfd, 0x1, 0x20, 0x1f, 0x89,
    0x91, 0x0, 0x1f, 0xa0, 0x20, 0x3, 0xf0, 0xc1,
    0x80, 0x7f, 0x38, 0x80, 0x0,

    /* U+0144 "ń" */
    0x0, 0xe6, 0x60, 0x7, 0x9a, 0x54, 0x3, 0x8a,
    0x64, 0x60, 0x1d, 0xcc, 0xc0, 0xf, 0x64, 0x80,
    0x65, 0xf4, 0x8e, 0xfd, 0x50, 0xa, 0x4a, 0xb1,
    0xa8, 0xc0, 0xd, 0x48, 0x76, 0x12, 0x0, 0xd0,
    0xc, 0x6c, 0x0, 0x20, 0xc, 0xe2, 0x1, 0xf8,
    0xc0, 0x3f, 0xfb, 0x0,

    /* U+0145 "Ņ" */
    0x3f, 0xf3, 0x0, 0x77, 0xd8, 0x5, 0x0, 0x1f,
    0xc6, 0x2e, 0x1, 0xfa, 0xce, 0x4, 0x3, 0xf7,
    0x84, 0x80, 0x7e, 0x34, 0x71, 0x0, 0xfd, 0x21,
    0x60, 0x1f, 0x89, 0x54, 0x40, 0x1f, 0xa0, 0x24,
    0x3, 0xf1, 0x32, 0x20, 0x3, 0xf4, 0x4, 0x0,
    0x7e, 0x18, 0x30, 0xf, 0xe7, 0x10, 0x1, 0xfb,
    0x80, 0x77, 0x7d, 0x80, 0x75, 0xd0, 0x7, 0xe2,
    0x4f, 0x0, 0xfc, 0x84, 0xa0, 0x18,

    /* U+0146 "ņ" */
    0x5f, 0x48, 0xef, 0xd5, 0x0, 0xa4, 0xab, 0x1a,
    0x8c, 0x0, 0xd4, 0x87, 0x61, 0x20, 0xd, 0x0,
    0xc6, 0xc0, 0x2, 0x0, 0xce, 0x20, 0x1f, 0x8c,
    0x3, 0xff, 0xb0, 0xbe, 0x80, 0x1a, 0xf8, 0x3,
    0x5d, 0x0, 0x78, 0x93, 0xc0, 0x3c, 0x84, 0xa0,
    0x10,

    /* U+0147 "Ň" */
    0x0, 0x98, 0xc0, 0xe, 0x20, 0x1c, 0x5a, 0x57,
    0xc2, 0x1, 0xc8, 0xda, 0xd2, 0x1, 0xf4, 0x7e,
    0x80, 0x63, 0xff, 0x30, 0x7, 0x7d, 0x80, 0x50,
    0x1, 0xfc, 0x62, 0xe0, 0x1f, 0xac, 0xe0, 0x40,
    0x3f, 0x78, 0x48, 0x7, 0xe3, 0x47, 0x10, 0xf,
    0xd2, 0x16, 0x1, 0xf8, 0x95, 0x44, 0x1, 0xfa,
    0x2, 0x40, 0x3f, 0x13, 0x22, 0x0, 0x3f, 0x40,
    0x40, 0x7, 0xe1, 0x83, 0x0, 0xfe, 0x71, 0x0,
    0x0,

    /* U+0148 "ň" */
    0x0, 0x20, 0x80, 0xc, 0x80, 0x2c, 0xa0, 0x4d,
    0x30, 0xa, 0x1e, 0xa9, 0x62, 0x1, 0xb9, 0xd9,
    0x40, 0x38, 0xb6, 0x0, 0x25, 0xf4, 0x8e, 0xfd,
    0x50, 0xa, 0x4a, 0xb1, 0xa8, 0xc0, 0xd, 0x48,
    0x76, 0x12, 0x0, 0xd0, 0xc, 0x6c, 0x0, 0x20,
    0xc, 0xe2, 0x1, 0xf8, 0xc0, 0x3f, 0xfb, 0x0,

    /* U+0149 "ŉ" */
    0x7, 0xf6, 0x0, 0xfe, 0xf0, 0x50, 0xf, 0xe4,
    0x41, 0x80, 0x7e, 0x13, 0x86, 0xf4, 0x8e, 0xfd,
    0x50, 0x1e, 0x30, 0x4, 0x95, 0x63, 0x51, 0x80,
    0x80, 0x4d, 0x48, 0x76, 0x12, 0x1, 0xda, 0x1,
    0x8d, 0x80, 0x38, 0x80, 0x33, 0x88, 0x7, 0xfc,
    0x60, 0x1f, 0xfe, 0x40,

    /* U+014A "Ŋ" */
    0x3f, 0x81, 0x9e, 0xfd, 0x70, 0xc, 0x58, 0x8c,
    0xc3, 0x87, 0x0, 0x95, 0x36, 0x27, 0xc6, 0x0,
    0x21, 0x80, 0x8, 0x58, 0x10, 0x0, 0xa2, 0x1,
    0xb8, 0x8, 0x0, 0x40, 0x1c, 0x40, 0x20, 0x1,
    0x0, 0xff, 0xff, 0x1f, 0xc0, 0x7, 0xff, 0x10,
    0x80, 0x40, 0x3c, 0x2d, 0x60, 0x80, 0x1e, 0x49,
    0xa, 0x20,

    /* U+014B "ŋ" */
    0x5f, 0x48, 0xef, 0xd6, 0x0, 0xa4, 0xab, 0x1a,
    0x4c, 0x0, 0xd4, 0x87, 0x61, 0x20, 0xd, 0x0,
    0xc6, 0xc0, 0x2, 0x0, 0xce, 0x20, 0x1f, 0x8c,
    0x3, 0xff, 0xb0, 0xbe, 0x80, 0x19, 0xcc, 0x3,
    0xe1, 0x10, 0x4, 0x4a, 0xa9, 0x24, 0x0, 0x92,
    0xa8, 0xed, 0x0,

    /* U+014C "Ō" */
    0x0, 0xff, 0xe2, 0x47, 0xfe, 0xb0, 0xf, 0xa7,
    0x33, 0x48, 0x7, 0xc2, 0x67, 0x88, 0x3, 0xe7,
    0xcf, 0xf6, 0xc0, 0x80, 0x62, 0xd8, 0x78, 0x83,
    0xbb, 0xcc, 0x2, 0xf2, 0xab, 0x77, 0x56, 0xe,
    0x88, 0x31, 0x32, 0x80, 0x63, 0x91, 0x80, 0xd0,
    0xb0, 0xf, 0x30, 0x38, 0x28, 0x10, 0x7, 0xc6,
    0x23, 0x80, 0x3f, 0x38, 0x18, 0x88, 0x3, 0xf3,
    0x81, 0xa8, 0x10, 0x7, 0xc6, 0x22, 0xd0, 0xb0,
    0xf, 0x30, 0x38, 0x31, 0x32, 0x80, 0x63, 0x91,
    0x80, 0x7, 0x95, 0x5b, 0xba, 0xb0, 0x74, 0x40,
    0x5, 0xb0, 0xf1, 0x7, 0x77, 0x98, 0x0,

    /* U+014D "ō" */
    0x1, 0xff, 0xe2, 0x0, 0x86, 0xef, 0x88, 0x3,
    0x22, 0x70, 0x7, 0xff, 0x8, 0x67, 0xbf, 0xa4,
    0x40, 0x2c, 0x67, 0x97, 0x6c, 0x10, 0x82, 0x99,
    0x34, 0xc8, 0xa4, 0x14, 0x58, 0x2, 0x61, 0x50,
    0x22, 0x0, 0x71, 0x10, 0x3, 0xfe, 0x22, 0x0,
    0x71, 0x10, 0x14, 0x58, 0x2, 0x61, 0x50, 0x82,
    0x99, 0x34, 0xc8, 0xa4, 0x1, 0x8c, 0xf2, 0xed,
    0x82, 0x0,

    /* U+014E "Ŏ" */
    0x0, 0xa2, 0x80, 0x11, 0x60, 0x1f, 0x4b, 0x7f,
    0x96, 0x40, 0x3e, 0x1c, 0xee, 0x69, 0x0, 0x7f,
    0x8, 0x80, 0x3f, 0x9f, 0x3f, 0xdb, 0x2, 0x1,
    0x8b, 0x61, 0xe2, 0xe, 0xef, 0x30, 0xb, 0xca,
    0xad, 0xdd, 0x58, 0x3a, 0x20, 0xc4, 0xca, 0x1,
    0x8e, 0x46, 0x3, 0x42, 0xc0, 0x3c, 0xc0, 0xe0,
    0xa0, 0x40, 0x1f, 0x18, 0x8e, 0x0, 0xfc, 0xe0,
    0x62, 0x20, 0xf, 0xce, 0x6, 0xa0, 0x40, 0x1f,
    0x18, 0x8b, 0x42, 0xc0, 0x3c, 0xc0, 0xe0, 0xc4,
    0xca, 0x1, 0x8e, 0x46, 0x0, 0x1e, 0x55, 0x6e,
    0xea, 0xc1, 0xd1, 0x0, 0x16, 0xc3, 0xc4, 0x1d,
    0xde, 0x60, 0x0,

    /* U+014F "ŏ" */
    0x1, 0x60, 0x9, 0x84, 0x2, 0x19, 0x50, 0x49,
    0x10, 0xd, 0x35, 0xf7, 0x20, 0x1c, 0xdf, 0xbe,
    0xc0, 0x1f, 0x10, 0x7, 0x86, 0x7b, 0xfa, 0x44,
    0x2, 0xc6, 0x79, 0x76, 0xc1, 0x8, 0x29, 0x93,
    0x4c, 0x8a, 0x41, 0x45, 0x80, 0x26, 0x15, 0x2,
    0x20, 0x7, 0x11, 0x0, 0x3f, 0xe2, 0x20, 0x7,
    0x11, 0x1, 0x45, 0x80, 0x26, 0x15, 0x8, 0x29,
    0x93, 0x4c, 0x8a, 0x40, 0x18, 0xcf, 0x2e, 0xd8,
    0x20,

    /* U+0150 "Ő" */
    0x0, 0xc3, 0xd0, 0x5e, 0xe0, 0x1f, 0x6a, 0x47,
    0x33, 0x80, 0x78, 0x62, 0x86, 0x24, 0x3, 0xe1,
    0x40, 0x14, 0x0, 0xfc, 0xf9, 0xfe, 0xd8, 0x10,
    0xc, 0x5b, 0xf, 0x10, 0x77, 0x79, 0x80, 0x5e,
    0x55, 0x6e, 0xea, 0xc1, 0xd1, 0x6, 0x26, 0x50,
    0xc, 0x72, 0x30, 0x1a, 0x16, 0x1, 0xe6, 0x7,
    0x5, 0x2, 0x0, 0xf8, 0xc4, 0x70, 0x7, 0xe7,
    0x3, 0x11, 0x0, 0x7e, 0x70, 0x35, 0x2, 0x0,
    0xf8, 0xc4, 0x5a, 0x16, 0x1, 0xe6, 0x7, 0x6,
    0x26, 0x50, 0xc, 0x72, 0x30, 0x0, 0xf2, 0xab,
    0x77, 0x56, 0xe, 0x88, 0x0, 0xb6, 0x1e, 0x20,
    0xee, 0xf3, 0x0, 0x0,

    /* U+0151 "ő" */
    0x0, 0xc6, 0x40, 0x84, 0x1, 0x8f, 0x5, 0x2c,
    0x3, 0xa1, 0x8e, 0x60, 0x80, 0x23, 0x58, 0x60,
    0x70, 0xc, 0x7c, 0x2d, 0xa0, 0x18, 0x67, 0xbf,
    0xa4, 0x40, 0x2c, 0x67, 0x97, 0x6c, 0x10, 0x82,
    0x99, 0x34, 0xc8, 0xa4, 0x14, 0x58, 0x2, 0x61,
    0x50, 0x22, 0x0, 0x71, 0x10, 0x3, 0xfe, 0x22,
    0x0, 0x71, 0x10, 0x14, 0x58, 0x2, 0x61, 0x50,
    0x82, 0x99, 0x34, 0xc8, 0xa4, 0x1, 0x8c, 0xf2,
    0xed, 0x82, 0x0,

    /* U+0152 "Œ" */
    0x0, 0x8e, 0x73, 0xbf, 0xff, 0xc0, 0x1, 0xbc,
    0x67, 0x68, 0x50, 0x48, 0x8f, 0x0, 0x35, 0x1b,
    0xee, 0x1f, 0xc3, 0x5d, 0xfc, 0xc, 0x6b, 0x20,
    0x1f, 0xfc, 0x2d, 0x9, 0x0, 0xfb, 0x88, 0xb8,
    0x41, 0x40, 0xc0, 0x3e, 0x7d, 0xde, 0xb0, 0x11,
    0x0, 0x7e, 0x6a, 0xae, 0x90, 0x11, 0x0, 0x7e,
    0xf5, 0x5e, 0x30, 0x50, 0x30, 0xf, 0xfe, 0x1e,
    0x84, 0x80, 0x7f, 0xf0, 0xd8, 0xd6, 0x40, 0x3f,
    0xf8, 0x7a, 0x8d, 0xf7, 0xf, 0xe1, 0xae, 0xfe,
    0x0, 0xd, 0xe3, 0x3b, 0x42, 0x82, 0x44, 0x78,
    0x40,

    /* U+0153 "œ" */
    0x1, 0x9e, 0xfe, 0x91, 0x4, 0xbe, 0xfd, 0x60,
    0xb, 0x19, 0xe5, 0xdb, 0x22, 0xde, 0x64, 0xd3,
    0x1, 0x5, 0x32, 0x69, 0x91, 0x3a, 0xe3, 0xb5,
    0xb3, 0x8a, 0x8b, 0x0, 0x4c, 0x21, 0x20, 0x1b,
    0x41, 0x8, 0x80, 0x1c, 0x41, 0x9f, 0xfa, 0xc0,
    0x80, 0x3f, 0xaf, 0x33, 0xcc, 0x44, 0x0, 0xe2,
    0x1, 0x33, 0xf0, 0xa8, 0xb0, 0x4, 0xc2, 0x10,
    0x1, 0xc2, 0x10, 0x53, 0x26, 0x99, 0x14, 0x17,
    0x43, 0x3d, 0x70, 0x86, 0x33, 0xcb, 0xb6, 0xbe,
    0x2b, 0x4c, 0x86, 0x44,

    /* U+0154 "Ŕ" */
    0x0, 0xe7, 0x50, 0xf, 0xd3, 0x48, 0x1, 0xf0,
    0xf6, 0x8, 0x7, 0xc2, 0xe2, 0x1, 0xc7, 0xff,
    0xd8, 0xe0, 0x1c, 0x91, 0x7, 0x18, 0x90, 0xc,
    0x6e, 0xe8, 0xd1, 0x61, 0x0, 0xfc, 0x80, 0x40,
    0x1f, 0x98, 0x4, 0x2, 0x12, 0x21, 0xc9, 0x98,
    0x80, 0x26, 0xdd, 0x63, 0x2e, 0x80, 0x64, 0xaa,
    0x40, 0xb0, 0x80, 0x63, 0x55, 0x3e, 0x9d, 0x0,
    0x7e, 0x35, 0x51, 0x80, 0x7e, 0x80, 0x80, 0xf,
    0xc4, 0xa8, 0x60, 0x1f, 0xa0, 0x20,

    /* U+0155 "ŕ" */
    0x0, 0xe6, 0x60, 0x7, 0x34, 0xa8, 0x6, 0x29,
    0x91, 0x80, 0x6e, 0x66, 0x0, 0x76, 0x48, 0x4,
    0xbe, 0x91, 0xde, 0xc0, 0x15, 0x1d, 0x62, 0x0,
    0x45, 0x68, 0x64, 0x1, 0x50, 0x7, 0xc4, 0x1,
    0xff, 0xe1,

    /* U+0156 "Ŗ" */
    0x3f, 0xfe, 0xc7, 0x0, 0xe4, 0x88, 0x38, 0xc4,
    0x80, 0x63, 0x77, 0x46, 0x8b, 0x8, 0x7, 0xe4,
    0x2, 0x0, 0xfc, 0xc0, 0x20, 0x10, 0x91, 0xe,
    0x4c, 0xc4, 0x1, 0x36, 0xeb, 0x19, 0x74, 0x3,
    0x25, 0x52, 0x5, 0x84, 0x3, 0x1a, 0xa9, 0xf4,
    0xe8, 0x3, 0xf1, 0xaa, 0x8c, 0x3, 0xf4, 0x4,
    0x0, 0x7e, 0x25, 0x43, 0x0, 0xfd, 0x1, 0x7,
    0xf0, 0x1, 0xc5, 0xf6, 0x1, 0xd5, 0x60, 0x1f,
    0xcb, 0x80, 0x1f, 0x90, 0x5c, 0x3, 0x0,

    /* U+0157 "ŗ" */
    0x0, 0xf9, 0x7d, 0x23, 0xbd, 0x80, 0x14, 0x75,
    0x88, 0x0, 0x2b, 0x43, 0x20, 0x5, 0x0, 0x78,
    0x80, 0x3f, 0xfb, 0x6b, 0xe8, 0x1, 0x8f, 0x18,
    0x3, 0x21, 0xb8, 0x6, 0xc7, 0x10, 0xc,

    /* U+0158 "Ř" */
    0x0, 0x39, 0x0, 0xb8, 0x7, 0x8b, 0xb, 0x7c,
    0x3, 0xca, 0xfa, 0x10, 0x1, 0xf4, 0xfe, 0x0,
    0x71, 0xff, 0xf6, 0x38, 0x7, 0x24, 0x41, 0xc6,
    0x24, 0x3, 0x1b, 0xba, 0x34, 0x58, 0x40, 0x3f,
    0x20, 0x10, 0x7, 0xe6, 0x1, 0x0, 0x84, 0x88,
    0x72, 0x66, 0x20, 0x9, 0xb7, 0x58, 0xcb, 0xa0,
    0x19, 0x2a, 0x90, 0x2c, 0x20, 0x18, 0xd5, 0x4f,
    0xa7, 0x40, 0x1f, 0x8d, 0x54, 0x60, 0x1f, 0xa0,
    0x20, 0x3, 0xf1, 0x2a, 0x18, 0x7, 0xe8, 0x8,

    /* U+0159 "ř" */
    0x7, 0x20, 0x3, 0x18, 0x3, 0xc1, 0xa0, 0xc1,
    0xc2, 0xa6, 0xc0, 0x2e, 0x54, 0x50, 0x8, 0xfe,
    0xc0, 0xb, 0xe9, 0x1d, 0xec, 0x0, 0xa3, 0xac,
    0x40, 0x1, 0x5a, 0x19, 0x0, 0x28, 0x3, 0xc4,
    0x1, 0xff, 0xdb,

    /* U+015A "Ś" */
    0x0, 0xc3, 0xd0, 0x1, 0xf5, 0x2c, 0x0, 0x78,
    0xb2, 0x80, 0x3e, 0x27, 0x10, 0xe, 0x19, 0xdf,
    0xed, 0x94, 0x2, 0xe6, 0x78, 0x97, 0x77, 0x4,
    0x5, 0x51, 0xdd, 0x5d, 0x0, 0xc0, 0xa0, 0x1c,
    0x40, 0xc0, 0xa0, 0x1f, 0x40, 0x56, 0xcb, 0x10,
    0x4, 0x5a, 0xc0, 0xd3, 0xb8, 0x40, 0x2, 0x9d,
    0xeb, 0x53, 0xf0, 0xe, 0x14, 0xa5, 0x24, 0x0,
    0xfb, 0x40, 0x90, 0x3, 0xd6, 0xb, 0x1f, 0x4e,
    0xe8, 0xd3, 0x53, 0xf7, 0x69, 0x86, 0x19, 0xa0,

    /* U+015B "ś" */
    0x0, 0xf3, 0xb0, 0x7, 0xa2, 0x50, 0x3, 0x95,
    0xb4, 0x80, 0x38, 0xb4, 0xc0, 0x3c, 0xe6, 0x1,
    0xcf, 0xbf, 0xed, 0x90, 0x4, 0xc2, 0x4c, 0x95,
    0x0, 0xe, 0x92, 0xcc, 0x8d, 0x0, 0x1a, 0x90,
    0x7, 0xa4, 0x37, 0x52, 0xa0, 0x12, 0x7d, 0x22,
    0x2b, 0x0, 0x21, 0x59, 0xd8, 0x36, 0x1, 0x0,
    0xc6, 0x2, 0x1d, 0x4e, 0xaf, 0x40, 0xa0, 0xed,
    0x35, 0x29, 0xa4,

    /* U+015C "Ŝ" */
    0x0, 0x9b, 0xf8, 0x40, 0x38, 0xa3, 0x1e, 0x80,
    0x39, 0xe8, 0xe7, 0x8, 0x3, 0x2a, 0x0, 0x1c,
    0x80, 0x21, 0x9d, 0xfe, 0xd9, 0x40, 0x2e, 0x67,
    0x89, 0x77, 0x70, 0x40, 0x55, 0x1d, 0xd5, 0xd0,
    0xc, 0xa, 0x1, 0xc4, 0xc, 0xa, 0x1, 0xf4,
    0x5, 0x6c, 0xb1, 0x0, 0x45, 0xac, 0xd, 0x3b,
    0x84, 0x0, 0x29, 0xde, 0xb5, 0x3f, 0x0, 0xe1,
    0x4a, 0x52, 0x40, 0xf, 0xb4, 0x9, 0x0, 0x3d,
    0x60, 0xb1, 0xf4, 0xee, 0x8d, 0x35, 0x3f, 0x76,
    0x98, 0x61, 0x9a, 0x0,

    /* U+015D "ŝ" */
    0x0, 0xce, 0xa0, 0x1e, 0x8a, 0xa1, 0x80, 0x64,
    0x6f, 0x9e, 0x0, 0xc5, 0xa4, 0xd6, 0x60, 0x13,
    0x18, 0x1, 0x8c, 0x2, 0x7d, 0xff, 0x6c, 0x80,
    0x26, 0x12, 0x64, 0xa8, 0x0, 0x74, 0x96, 0x64,
    0x68, 0x0, 0xd4, 0x80, 0x3d, 0x21, 0xba, 0x95,
    0x0, 0x93, 0xe9, 0x11, 0x58, 0x1, 0xa, 0xce,
    0xc1, 0xb0, 0x8, 0x6, 0x30, 0x10, 0xea, 0x75,
    0x7a, 0x5, 0x7, 0x69, 0xa9, 0x4d, 0x20,

    /* U+015E "Ş" */
    0x1, 0x9d, 0xfe, 0xd9, 0x40, 0x2e, 0x67, 0x89,
    0x77, 0x70, 0x40, 0x55, 0x1d, 0xd5, 0xd0, 0xc,
    0xa, 0x1, 0xc4, 0xc, 0xa, 0x1, 0xf4, 0x5,
    0x6c, 0xb1, 0x0, 0x45, 0xac, 0xd, 0x3b, 0x84,
    0x0, 0x29, 0xde, 0xb5, 0x3f, 0x0, 0xe1, 0x4a,
    0x52, 0x40, 0xf, 0xb4, 0x9, 0x0, 0x3d, 0x60,
    0xb1, 0xf4, 0xee, 0x8d, 0x35, 0x3f, 0x76, 0x98,
    0x71, 0x9a, 0x3, 0x8c, 0xec, 0x2c, 0x60, 0xf,
    0x19, 0x90, 0x3, 0x84, 0x88, 0x22, 0x0, 0xe3,
    0xcd, 0x45, 0x0, 0x80,

    /* U+015F "ş" */
    0x0, 0x3e, 0xff, 0xb6, 0x40, 0x13, 0x9, 0x32,
    0x54, 0x0, 0x3a, 0x4b, 0x32, 0x34, 0x0, 0x6a,
    0x40, 0x1e, 0x90, 0xdd, 0x4a, 0x80, 0x49, 0xf4,
    0x88, 0xac, 0x0, 0x85, 0x67, 0x60, 0xd8, 0x4,
    0x3, 0x18, 0x8, 0x75, 0x3a, 0xbd, 0x2, 0x83,
    0xb4, 0xd4, 0x26, 0x90, 0x46, 0x75, 0x95, 0x10,
    0x7, 0x21, 0xa0, 0x6, 0x12, 0x20, 0x88, 0x3,
    0x16, 0x6a, 0x28, 0x0,

    /* U+0160 "Š" */
    0x0, 0x4d, 0x2, 0x70, 0x80, 0x69, 0x7a, 0xba,
    0x10, 0xe, 0xf2, 0xa4, 0x0, 0xf1, 0x42, 0x80,
    0x70, 0xce, 0xff, 0x6c, 0xa0, 0x17, 0x33, 0xc4,
    0xbb, 0xb8, 0x20, 0x2a, 0x8e, 0xea, 0xe8, 0x6,
    0x5, 0x0, 0xe2, 0x6, 0x5, 0x0, 0xfa, 0x2,
    0xb6, 0x58, 0x80, 0x22, 0xd6, 0x6, 0x9d, 0xc2,
    0x0, 0x14, 0xef, 0x5a, 0x9f, 0x80, 0x70, 0xa5,
    0x29, 0x20, 0x7, 0xda, 0x4, 0x80, 0x1e, 0xb0,
    0x58, 0xfa, 0x77, 0x46, 0x9a, 0x9f, 0xbb, 0x4c,
    0x30, 0xcd, 0x0,

    /* U+0161 "š" */
    0x0, 0x29, 0x80, 0x19, 0x0, 0x26, 0xd2, 0x58,
    0x50, 0x8, 0xe7, 0xea, 0x82, 0x1, 0x9e, 0xa8,
    0x80, 0x1e, 0x75, 0x0, 0xe7, 0xdf, 0xf6, 0xc8,
    0x2, 0x61, 0x26, 0x4a, 0x80, 0x7, 0x49, 0x66,
    0x46, 0x80, 0xd, 0x48, 0x3, 0xd2, 0x1b, 0xa9,
    0x50, 0x9, 0x3e, 0x91, 0x15, 0x80, 0x10, 0xac,
    0xec, 0x1b, 0x0, 0x80, 0x63, 0x1, 0xe, 0xa7,
    0x57, 0xa0, 0x50, 0x76, 0x9a, 0x94, 0xd2,

    /* U+0162 "Ţ" */
    0xf, 0xff, 0xf8, 0x1, 0x11, 0x94, 0x16, 0x23,
    0x0, 0x1d, 0xf6, 0x6, 0x3b, 0xe0, 0xf, 0xff,
    0xf8, 0x7, 0xff, 0xc5, 0x89, 0x40, 0x3f, 0xeb,
    0x80, 0xf, 0xe2, 0x1f, 0x60, 0xf, 0xe8, 0xe7,
    0x80, 0xe,

    /* U+0163 "ţ" */
    0x5, 0xf4, 0x0, 0xff, 0x45, 0x5, 0xff, 0xaa,
    0x90, 0x11, 0x76, 0x82, 0x20, 0x1a, 0x20, 0x80,
    0x3f, 0xfa, 0x22, 0x2, 0x1, 0x94, 0x21, 0x94,
    0xc0, 0x68, 0x26, 0xa4, 0x0, 0xba, 0x57, 0x40,
    0x1a, 0xe0, 0x2, 0x21, 0xe1, 0x0, 0xa3, 0x9a,
    0x0,

    /* U+0164 "Ť" */
    0x0, 0xce, 0x40, 0x4e, 0x1, 0xf8, 0x7c, 0xbc,
    0x3, 0xf9, 0x9f, 0x59, 0xc0, 0x3f, 0xab, 0xec,
    0x3, 0xdf, 0xff, 0xf0, 0x2, 0x23, 0x28, 0x2c,
    0x46, 0x0, 0x3b, 0xec, 0xc, 0x77, 0xc0, 0x1f,
    0xff, 0xf0, 0xf, 0xff, 0x60,

    /* U+0165 "ť" */
    0x0, 0xe4, 0x30, 0xc, 0x56, 0x80, 0x28, 0x2e,
    0xa, 0x9, 0x6b, 0xa4, 0x40, 0xd, 0x1a, 0x11,
    0x41, 0x7f, 0xea, 0xa4, 0x4, 0x5d, 0xa0, 0x88,
    0x6, 0x88, 0x20, 0xf, 0xfe, 0x88, 0x80, 0x80,
    0x65, 0x8, 0x65, 0x30, 0x1a, 0x9, 0xa9,

    /* U+0166 "Ŧ" */
    0xf, 0xff, 0xf8, 0x1, 0x11, 0x94, 0x16, 0x23,
    0x0, 0x1d, 0xf6, 0x6, 0x3b, 0xe0, 0xf, 0xfe,
    0xf8, 0x90, 0x80, 0x90, 0x80, 0x7a, 0xb6, 0x2,
    0x36, 0x80, 0x3d, 0x14, 0xc0, 0xd5, 0x0, 0x1e,
    0x35, 0xf0, 0xf5, 0x30, 0xf, 0xfe, 0xf0,

    /* U+0167 "ŧ" */
    0x2, 0x82, 0x0, 0xce, 0xe6, 0x0, 0xff, 0x45,
    0x5, 0xff, 0xaa, 0x90, 0x11, 0x76, 0x82, 0x20,
    0x1a, 0x20, 0x80, 0x3e, 0x8a, 0xb, 0xff, 0x54,
    0xc0, 0x46, 0x62, 0x4, 0x80, 0xce, 0x20, 0x10,
    0x10, 0xc, 0xa1, 0x2c, 0xa6, 0x3, 0x23, 0x35,
    0x20,

    /* U+0168 "Ũ" */
    0x0, 0xa7, 0xa0, 0x29, 0x80, 0x31, 0xbe, 0x97,
    0xa3, 0x80, 0x63, 0xf3, 0xaf, 0xe1, 0x0, 0xe1,
    0x0, 0xf9, 0xfd, 0x40, 0x38, 0xbe, 0x40, 0x3f,
    0xff, 0xe0, 0x1, 0x3, 0x0, 0xe1, 0x0, 0x10,
    0x70, 0x7, 0x28, 0x72, 0xb, 0x8, 0x6, 0xa0,
    0x50, 0xb1, 0xe9, 0x78, 0xe3, 0x72, 0x5, 0xc5,
    0x78, 0x65, 0xa8, 0x0,

    /* U+0169 "ũ" */
    0x0, 0x4f, 0xd0, 0xd3, 0x80, 0x9, 0xb0, 0x39,
    0x14, 0x0, 0x5c, 0x75, 0xdc, 0x20, 0x8, 0x40,
    0x2, 0x1, 0x3f, 0x90, 0x6, 0xdc, 0x0, 0xff,
    0xf0, 0x88, 0x8, 0x6, 0x20, 0x50, 0x40, 0x9,
    0xc0, 0x6, 0x51, 0x2f, 0x54, 0x10, 0x7, 0xa3,
    0x40, 0x61, 0x80,

    /* U+016A "Ū" */
    0x0, 0xff, 0xe1, 0x7f, 0xf1, 0x80, 0x76, 0x67,
    0x18, 0x7, 0x19, 0xf0, 0x4, 0xfe, 0xa0, 0x1c,
    0x5f, 0x20, 0x1f, 0xff, 0xf0, 0x0, 0x81, 0x80,
    0x70, 0x80, 0x8, 0x38, 0x3, 0x94, 0x39, 0x5,
    0x84, 0x3, 0x50, 0x28, 0x58, 0xf4, 0xbc, 0x71,
    0xb9, 0x2, 0xe2, 0xbc, 0x32, 0xd4, 0x0,

    /* U+016B "ū" */
    0x0, 0x7f, 0xf2, 0x0, 0x57, 0x7c, 0xa0, 0x12,
    0x27, 0x8, 0x7, 0xf9, 0xfc, 0x80, 0x36, 0xe0,
    0x7, 0xff, 0x84, 0x40, 0x40, 0x31, 0x2, 0x82,
    0x0, 0x4e, 0x0, 0x32, 0x89, 0x7a, 0xa0, 0x80,
    0x3d, 0x1a, 0x3, 0xc, 0x0,

    /* U+016C "Ŭ" */
    0x0, 0xbd, 0x0, 0xb8, 0xc0, 0x3a, 0x6f, 0xf5,
    0x8c, 0x3, 0x9b, 0xf7, 0xe0, 0x3, 0xf1, 0x0,
    0x73, 0xfa, 0x80, 0x71, 0x7c, 0x80, 0x7f, 0xff,
    0xc0, 0x2, 0x6, 0x1, 0xc2, 0x0, 0x20, 0xe0,
    0xe, 0x50, 0xe4, 0x16, 0x10, 0xd, 0x40, 0xa1,
    0x63, 0xd2, 0xf1, 0xc6, 0xe4, 0xb, 0x8a, 0xf0,
    0xcb, 0x50, 0x0,

    /* U+016D "ŭ" */
    0x0, 0x38, 0x4, 0xa4, 0x1, 0x53, 0x81, 0xd0,
    0x6, 0x99, 0x7e, 0x39, 0x0, 0x49, 0xdb, 0xd0,
    0x1, 0xe2, 0x10, 0x9, 0xfc, 0x80, 0x36, 0xe0,
    0x7, 0xff, 0x84, 0x40, 0x40, 0x31, 0x2, 0x82,
    0x0, 0x4e, 0x0, 0x32, 0x89, 0x7a, 0xa0, 0x80,
    0x3d, 0x1a, 0x3, 0xc, 0x0,

    /* U+016E "Ů" */
    0x0, 0xd3, 0xd6, 0x20, 0x1e, 0x82, 0xc2, 0xa0,
    0xf, 0x27, 0x14, 0x20, 0x7, 0x97, 0xc1, 0x88,
    0x2, 0x7f, 0x58, 0x7f, 0x9e, 0x2f, 0x90, 0x8,
    0x77, 0x5c, 0x60, 0x1f, 0x88, 0x3, 0xff, 0xe0,
    0x20, 0x60, 0x1c, 0x20, 0x2, 0xe, 0x0, 0xe5,
    0xe, 0x41, 0x61, 0x0, 0xd4, 0xa, 0x16, 0x3d,
    0x2f, 0x1c, 0x6e, 0x40, 0xb8, 0xaf, 0xc, 0xb5,
    0x0,

    /* U+016F "ů" */
    0x0, 0xd, 0x75, 0x90, 0x6, 0xb3, 0xcc, 0x78,
    0x6, 0x1e, 0x23, 0x30, 0x6, 0x9a, 0xfa, 0xa0,
    0x6, 0x2d, 0xee, 0x20, 0x1, 0xfc, 0x80, 0x40,
    0x1b, 0x80, 0x1f, 0xfe, 0x11, 0x1, 0x0, 0xc4,
    0xa, 0x8, 0x1, 0x38, 0x0, 0xca, 0x25, 0xea,
    0x82, 0x0, 0xf4, 0x68, 0xc, 0x30,

    /* U+0170 "Ű" */
    0x0, 0xd1, 0xc3, 0x3c, 0x20, 0x19, 0x1f, 0x51,
    0xf0, 0x40, 0x33, 0xe9, 0xb6, 0x10, 0x7, 0x19,
    0x1, 0x90, 0x4, 0xfe, 0xa0, 0x1c, 0x5f, 0x20,
    0x1f, 0xff, 0xf0, 0x0, 0x81, 0x80, 0x70, 0x80,
    0x8, 0x38, 0x3, 0x94, 0x39, 0x5, 0x84, 0x3,
    0x50, 0x28, 0x58, 0xf4, 0xbc, 0x71, 0xb9, 0x2,
    0xe2, 0xbc, 0x32, 0xd4, 0x0,

    /* U+0171 "ű" */
    0x0, 0xc6, 0x60, 0x33, 0x0, 0x43, 0x8c, 0x58,
    0xe0, 0x14, 0x1a, 0xca, 0xa0, 0x0, 0x5b, 0x91,
    0x6c, 0x2, 0x1f, 0x24, 0xe1, 0x7, 0xf2, 0x0,
    0xdb, 0x80, 0x1f, 0xfe, 0x11, 0x1, 0x0, 0xc4,
    0xa, 0x8, 0x1, 0x38, 0x0, 0xca, 0x25, 0xea,
    0x82, 0x0, 0xf4, 0x68, 0xc, 0x30,

    /* U+0172 "Ų" */
    0x7f, 0x50, 0xe, 0x2f, 0x90, 0xf, 0xff, 0xf8,
    0x0, 0x40, 0xc0, 0x38, 0x40, 0x4, 0x1c, 0x1,
    0xca, 0x1c, 0x82, 0xc2, 0x1, 0xa8, 0x14, 0x2c,
    0x7a, 0x5e, 0x38, 0xdc, 0x81, 0x71, 0x5e, 0x1d,
    0x6a, 0x0, 0x23, 0xa8, 0x3f, 0xb5, 0x0, 0xf5,
    0x50, 0x3, 0xf8, 0x7c, 0x48, 0x3, 0xe8, 0x7e,
    0x70, 0x8,

    /* U+0173 "ų" */
    0x7f, 0x20, 0xd, 0xb8, 0x1, 0xff, 0xed, 0x10,
    0x10, 0xc, 0x40, 0x12, 0x82, 0x0, 0x4e, 0x1,
    0x8c, 0xa2, 0x5e, 0xa8, 0x20, 0x1b, 0xd1, 0xa0,
    0x30, 0xc0, 0x31, 0x5f, 0xfa, 0x85, 0x2c, 0x3,
    0xf0, 0xb3, 0x0, 0x3f, 0x18, 0x29, 0x80, 0x7c,
    0x4b, 0x7a, 0x0,

    /* U+0174 "Ŵ" */
    0x0, 0xf8, 0x5d, 0xc0, 0x1f, 0xfc, 0x3d, 0xfc,
    0xa0, 0xf, 0xfe, 0xa, 0x4c, 0x5e, 0x90, 0x7,
    0xff, 0x1, 0x14, 0x0, 0xe4, 0x1, 0xe4, 0xf8,
    0x0, 0xc7, 0xfe, 0x0, 0xeb, 0xf1, 0x40, 0x40,
    0xc, 0x80, 0x4, 0x0, 0xc8, 0x42, 0x6, 0x60,
    0xd, 0x88, 0x38, 0x1, 0x18, 0x20, 0x1, 0x1,
    0x0, 0x24, 0xc4, 0x40, 0x4, 0x81, 0x80, 0xc,
    0xc, 0x0, 0x18, 0x26, 0x18, 0x5, 0x80, 0x80,
    0x4, 0x4, 0x0, 0x20, 0x1a, 0x2, 0x0, 0x10,
    0xc4, 0x2, 0x33, 0x0, 0x31, 0x0, 0x87, 0x0,
    0xc1, 0x0, 0x32, 0x2, 0x2, 0x60, 0x1, 0x10,
    0x8, 0x18, 0x1, 0xb0, 0x30, 0xc1, 0x0, 0x18,
    0x61, 0x80, 0x80, 0x19, 0x1, 0x10, 0x6, 0x0,
    0x40, 0x44, 0x18, 0x7, 0x90, 0xed, 0x0, 0x22,
    0x18, 0x4, 0x0, 0xf6, 0x1, 0xe0, 0x6, 0x43,
    0xc, 0x0, 0xf2, 0x0, 0x10, 0x3, 0x68, 0x1,
    0x0, 0x20,

    /* U+0175 "ŵ" */
    0x0, 0xf1, 0xc0, 0x80, 0x7f, 0xdc, 0xf0, 0x1,
    0xfe, 0x81, 0xd6, 0x30, 0xf, 0xc4, 0xfc, 0x53,
    0xc0, 0x1f, 0x8b, 0xc8, 0x1b, 0x40, 0x30, 0xfc,
    0x0, 0x57, 0xee, 0x1, 0x66, 0x89, 0x20, 0x4,
    0x81, 0x80, 0x11, 0xa0, 0x21, 0x80, 0xc, 0x15,
    0x0, 0x8, 0x18, 0x18, 0x8, 0x16, 0x32, 0x6,
    0x18, 0x8, 0x8, 0x18, 0x8, 0x83, 0x14, 0x5,
    0x31, 0x1, 0x24, 0x3, 0xc0, 0x4c, 0x12, 0x40,
    0x9, 0xd, 0x41, 0x3, 0x11, 0x1, 0x80, 0x16,
    0x4, 0x9, 0x2, 0x4, 0x2, 0x0, 0x48, 0x4,
    0xe0, 0x2, 0x12, 0x30, 0xc, 0x26, 0x18, 0x1,
    0x20, 0x20, 0x0,

    /* U+0176 "Ŷ" */
    0x0, 0xe4, 0x84, 0x0, 0xfe, 0x4a, 0xea, 0x40,
    0xf, 0xc7, 0x8d, 0x86, 0x1, 0xf9, 0xc8, 0x9,
    0xc0, 0x3a, 0xfc, 0xc0, 0x38, 0xfe, 0xc0, 0x14,
    0x3c, 0x1, 0xdc, 0x34, 0x0, 0x1b, 0x29, 0x0,
    0xa4, 0xac, 0x40, 0x25, 0x53, 0x20, 0x1b, 0x2a,
    0x80, 0x3a, 0xc6, 0x87, 0x86, 0xc0, 0x3c, 0x34,
    0x3e, 0x54, 0x20, 0x1f, 0x23, 0xb, 0x20, 0x7,
    0xf7, 0x87, 0x80, 0x7f, 0xfe, 0x80,

    /* U+0177 "ŷ" */
    0x0, 0xd5, 0xea, 0x1, 0xf3, 0x24, 0xd8, 0x80,
    0x71, 0x46, 0xb4, 0xe8, 0x7, 0x17, 0x18, 0x3e,
    0x0, 0x49, 0xee, 0x1, 0xd9, 0xc0, 0x85, 0x40,
    0x18, 0x8d, 0x80, 0x14, 0x46, 0x1, 0x50, 0x50,
    0x1, 0x82, 0x80, 0x26, 0x42, 0x0, 0xa, 0xb0,
    0x1, 0x47, 0x80, 0x37, 0x2, 0x87, 0xa, 0x80,
    0x64, 0x19, 0x14, 0x70, 0xf, 0x49, 0xd8, 0x50,
    0x7, 0x98, 0x14, 0xcc, 0x1, 0xe1, 0x40, 0xa0,
    0xf, 0xc2, 0xc, 0x1, 0xf0, 0xab, 0x0, 0x78,
    0xd7, 0x42, 0xc0, 0x3d, 0x54, 0x1a, 0x20, 0xe,

    /* U+0178 "Ÿ" */
    0x0, 0x87, 0xec, 0x2b, 0xc8, 0x3, 0xe3, 0x30,
    0x11, 0x98, 0x3, 0xc3, 0x90, 0x11, 0x82, 0x1,
    0xaf, 0xcc, 0x3, 0x8f, 0xec, 0x1, 0x43, 0xc0,
    0x1d, 0xc3, 0x40, 0x1, 0xb2, 0x90, 0xa, 0x4a,
    0xc4, 0x2, 0x55, 0x32, 0x1, 0xb2, 0xa8, 0x3,
    0xac, 0x68, 0x78, 0x6c, 0x3, 0xc3, 0x43, 0xe5,
    0x42, 0x1, 0xf2, 0x30, 0xb2, 0x0, 0x7f, 0x78,
    0x78, 0x7, 0xff, 0xe8,

    /* U+0179 "Ź" */
    0x0, 0xf3, 0xa8, 0x7, 0xf4, 0xd2, 0x0, 0x7e,
    0x1e, 0xc1, 0x0, 0xfc, 0x2e, 0x20, 0x1e, 0xff,
    0xff, 0x28, 0x44, 0x7c, 0xe0, 0x7, 0x7, 0x7f,
    0x8c, 0x24, 0x80, 0x3e, 0x84, 0x66, 0x0, 0x7c,
    0xae, 0x92, 0x1, 0xf1, 0xd1, 0x50, 0x7, 0xc3,
    0xa1, 0xe2, 0x1, 0xf6, 0x8d, 0x90, 0x7, 0xd2,
    0x70, 0x80, 0x1f, 0x33, 0x15, 0xc0, 0x3e, 0x49,
    0x2a, 0x0, 0xf8, 0x68, 0x11, 0xdf, 0xe3, 0x21,
    0x6, 0x88, 0xfa, 0xc0,

    /* U+017A "ź" */
    0x0, 0xf3, 0x30, 0x3, 0xcd, 0x2a, 0x1, 0xc5,
    0x32, 0x30, 0xe, 0xe6, 0x60, 0x7, 0xb2, 0x40,
    0x37, 0xff, 0xd4, 0x17, 0x7c, 0xc0, 0x40, 0x89,
    0x9d, 0x8e, 0x0, 0x30, 0xe8, 0xe8, 0x7, 0x68,
    0xe0, 0x80, 0x6a, 0x3b, 0x20, 0xd, 0xb, 0x8,
    0x1, 0x95, 0xd9, 0xc0, 0x31, 0x50, 0xea, 0x26,
    0x31, 0x1, 0xbb, 0xe9,

    /* U+017B "Ż" */
    0x0, 0xeb, 0xf1, 0x0, 0xfe, 0x23, 0x10, 0xf,
    0xe9, 0xc0, 0xf, 0x7f, 0xff, 0x94, 0x22, 0x3e,
    0x70, 0x3, 0x83, 0xbf, 0xc6, 0x12, 0x40, 0x1f,
    0x42, 0x33, 0x0, 0x3e, 0x57, 0x49, 0x0, 0xf8,
    0xe8, 0xa8, 0x3, 0xe1, 0xd0, 0xf1, 0x0, 0xfb,
    0x46, 0xc8, 0x3, 0xe9, 0x38, 0x40, 0xf, 0x99,
    0x8a, 0xe0, 0x1f, 0x24, 0x95, 0x0, 0x7c, 0x34,
    0x8, 0xef, 0xf1, 0x90, 0x83, 0x44, 0x7d, 0x60,

    /* U+017C "ż" */
    0x0, 0x8b, 0xe0, 0x3, 0xff, 0x86, 0x5f, 0x0,
    0x1f, 0xfc, 0x1f, 0xff, 0xa8, 0x2e, 0xf9, 0x80,
    0x81, 0x13, 0x3b, 0x1c, 0x0, 0x61, 0xd1, 0xd0,
    0xe, 0xd1, 0xc1, 0x0, 0xd4, 0x76, 0x40, 0x1a,
    0x16, 0x10, 0x3, 0x2b, 0xb3, 0x80, 0x62, 0xa1,
    0xd4, 0x4c, 0x62, 0x3, 0x77, 0xd2,

    /* U+017D "Ž" */
    0x0, 0x89, 0xc0, 0xa, 0x80, 0x1e, 0x2e, 0xb7,
    0x85, 0x0, 0xfa, 0x77, 0xf0, 0x40, 0x3f, 0x34,
    0x8, 0x7, 0x7f, 0xff, 0x94, 0x22, 0x3e, 0x70,
    0x3, 0x83, 0xbf, 0xc6, 0x12, 0x40, 0x1f, 0x42,
    0x33, 0x0, 0x3e, 0x57, 0x49, 0x0, 0xf8, 0xe8,
    0xa8, 0x3, 0xe1, 0xd0, 0xf1, 0x0, 0xfb, 0x46,
    0xc8, 0x3, 0xe9, 0x38, 0x40, 0xf, 0x99, 0x8a,
    0xe0, 0x1f, 0x24, 0x95, 0x0, 0x7c, 0x34, 0x8,
    0xef, 0xf1, 0x90, 0x83, 0x44, 0x7d, 0x60,

    /* U+017E "ž" */
    0x0, 0x39, 0x0, 0x18, 0xc0, 0x37, 0x83, 0x41,
    0x80, 0x4e, 0x15, 0x36, 0x1, 0xdc, 0xa8, 0xa0,
    0x1c, 0x7f, 0x60, 0x1b, 0xff, 0xea, 0xb, 0xbe,
    0x60, 0x20, 0x44, 0xce, 0xc7, 0x0, 0x18, 0x74,
    0x74, 0x3, 0xb4, 0x70, 0x40, 0x35, 0x1d, 0x90,
    0x6, 0x85, 0x84, 0x0, 0xca, 0xec, 0xe0, 0x18,
    0xa8, 0x75, 0x13, 0x18, 0x80, 0xdd, 0xf4, 0x80,

    /* U+017F "ſ" */
    0x0, 0xd, 0x77, 0xd8, 0x2, 0xd6, 0x6a, 0x0,
    0xa, 0xa7, 0x53, 0x0, 0x8c, 0x2, 0x9f, 0x0,
    0xeb, 0xb0, 0x7, 0x12, 0x0, 0x7f, 0xfa, 0x80,

    /* U+0384 "΄" */
    0x0, 0x1c, 0x10, 0xe, 0x91, 0x2, 0xca, 0x81,
    0x93, 0x40, 0x0,

    /* U+0385 "΅" */
    0x0, 0xc6, 0xe2, 0x1, 0x16, 0x78, 0x80, 0x7,
    0xde, 0x0, 0x25, 0xb8, 0x0, 0xe, 0x61, 0xa3,
    0x4, 0xc, 0x80, 0x8c, 0x0,

    /* U+0386 "Ά" */
    0x0, 0x9d, 0x40, 0x3f, 0xd3, 0x27, 0x0, 0xfe,
    0x46, 0xd3, 0xff, 0x28, 0x7, 0xc, 0xc8, 0xdc,
    0xb, 0x80, 0x38, 0x75, 0x82, 0x92, 0xd0, 0x80,
    0x3e, 0x33, 0x73, 0x85, 0x0, 0x7d, 0x40, 0xa2,
    0x8c, 0x1, 0xf3, 0xa8, 0x3, 0x85, 0x0, 0x39,
    0x47, 0x80, 0xa, 0x3c, 0x1, 0xdc, 0x2c, 0x45,
    0x22, 0x88, 0x4, 0x48, 0x3b, 0xb9, 0x41, 0xc0,
    0x2a, 0x9, 0xaa, 0xe2, 0xb0, 0x9, 0x89, 0x95,
    0x7a, 0x88, 0xc1, 0x6, 0x80, 0x3c, 0xa1, 0x41,
    0xc0, 0xa0, 0x1e, 0x22, 0x30, 0x0,

    /* U+0387 "·" */
    0x3, 0x21, 0xce, 0x0, 0x80,

    /* U+0388 "Έ" */
    0x0, 0x9d, 0x80, 0x3f, 0xe7, 0x85, 0x0, 0xff,
    0x1c, 0x50, 0xff, 0xfe, 0x20, 0xf8, 0x50, 0x1,
    0xc4, 0x78, 0x83, 0x1c, 0x2, 0x57, 0x7f, 0x0,
    0x7f, 0xf2, 0x4c, 0x8b, 0x84, 0x3, 0xe5, 0xdd,
    0xec, 0x0, 0xf9, 0x2a, 0xba, 0x40, 0x3e, 0x25,
    0x5e, 0x40, 0xf, 0xff, 0x2a, 0xbb, 0xf8, 0x80,
    0x3c, 0x71, 0x1e, 0x60,

    /* U+0389 "Ή" */
    0x0, 0x99, 0x80, 0x1f, 0xfc, 0x6, 0x92, 0x0,
    0xff, 0x8a, 0x64, 0xff, 0x0, 0x1e, 0xfc, 0x8,
    0x76, 0x0, 0xff, 0xe0, 0x54, 0x0, 0x7f, 0xf5,
    0x44, 0x8b, 0xc0, 0x1f, 0x9b, 0x77, 0xc0, 0x1f,
    0x92, 0xab, 0xc0, 0x1f, 0x8d, 0x57, 0xc0, 0x1f,
    0xff, 0xf0, 0x0,

    /* U+038A "Ί" */
    0x0, 0x99, 0x80, 0x19, 0xa5, 0x40, 0x22, 0x99,
    0xf, 0xc8, 0x73, 0x30, 0x3, 0x64, 0x80, 0x7f,
    0xff, 0x80,

    /* U+038C "Ό" */
    0x0, 0x99, 0xc0, 0x3f, 0xf8, 0xb, 0x24, 0x1,
    0xff, 0xd, 0xba, 0xaa, 0xfb, 0xfa, 0x8c, 0x3,
    0x59, 0x45, 0x51, 0x99, 0xe, 0x99, 0x0, 0x14,
    0xec, 0x2a, 0xb6, 0x1e, 0x78, 0xdd, 0x80, 0x6,
    0xe, 0x34, 0x1, 0xda, 0x10, 0x1, 0x38, 0x30,
    0x7, 0x85, 0x45, 0x0, 0x1e, 0x18, 0x1, 0xf6,
    0x1, 0x80, 0x7f, 0xf5, 0x3c, 0x30, 0x3, 0xec,
    0x3, 0x0, 0x38, 0x30, 0x7, 0x85, 0x45, 0x0,
    0x2, 0xe3, 0x40, 0x1d, 0xa1, 0x0, 0x1a, 0x15,
    0x5b, 0xf, 0x3c, 0x6e, 0xc0, 0x1d, 0x54, 0x66,
    0x43, 0xa5, 0xc0, 0x0,

    /* U+038E "Ύ" */
    0x0, 0x9d, 0x40, 0x3f, 0xf8, 0x31, 0x7, 0x0,
    0xff, 0xe0, 0x1b, 0xd1, 0xf7, 0x0, 0x3c, 0xfe,
    0xe1, 0xd0, 0xa3, 0x43, 0x40, 0x18, 0xa0, 0xdc,
    0x35, 0xc0, 0x8, 0xca, 0x80, 0x17, 0x7, 0x0,
    0x7d, 0x25, 0x42, 0x10, 0x72, 0x40, 0x1f, 0xb8,
    0x6c, 0xdd, 0x18, 0x3, 0xf8, 0xdd, 0x74, 0x68,
    0x3, 0xfe, 0x82, 0x1b, 0x10, 0xf, 0xfe, 0x3,
    0x83, 0x80, 0x7f, 0xff, 0xc0, 0x3f, 0x80,

    /* U+038F "Ώ" */
    0x0, 0x9d, 0x40, 0x3f, 0xf8, 0x11, 0x7, 0x0,
    0xff, 0x8d, 0xe8, 0x96, 0xfb, 0xfa, 0x8c, 0x3,
    0x73, 0xad, 0xd2, 0xbb, 0x91, 0x71, 0xc0, 0x2f,
    0x8a, 0x46, 0xe9, 0x8a, 0xe3, 0x85, 0x0, 0x11,
    0xa9, 0xc8, 0x6, 0x1d, 0xb, 0x0, 0xac, 0x24,
    0x3, 0xc2, 0xa2, 0x60, 0x2, 0x7, 0x0, 0xfb,
    0x41, 0x80, 0x3f, 0xf8, 0x1e, 0x1, 0x88, 0x1c,
    0x3, 0xe2, 0x6, 0x0, 0x58, 0x70, 0x7, 0xca,
    0x26, 0x0, 0x34, 0x48, 0x3, 0xa0, 0x20, 0x3,
    0x51, 0x51, 0x80, 0x4e, 0xe5, 0x60, 0x9, 0xe5,
    0xc7, 0x10, 0x26, 0x0, 0xe1, 0x0, 0x14, 0xea,
    0x0, 0x30, 0x20, 0x3, 0x3e, 0x0,

    /* U+0390 "ΐ" */
    0x0, 0x8a, 0xc, 0x2, 0xe4, 0x30, 0x4, 0x16,
    0x80, 0xd, 0xf4, 0x43, 0xfb, 0xef, 0xd1, 0xe,
    0x1c, 0x6f, 0x74, 0xd, 0x86, 0x1, 0xf3, 0x7a,
    0x0, 0x7f, 0xf6, 0xcc, 0x4, 0x2, 0x40, 0x86,
    0x30, 0x1b, 0x19, 0xa0,

    /* U+0391 "Α" */
    0x0, 0xc3, 0xfe, 0x50, 0xf, 0xe7, 0x2, 0xe0,
    0xf, 0xea, 0x4b, 0x42, 0x0, 0xf8, 0xcd, 0xce,
    0x14, 0x1, 0xf5, 0x2, 0x8a, 0x30, 0x7, 0xce,
    0xa0, 0xe, 0x14, 0x0, 0xe5, 0x1e, 0x0, 0x28,
    0xf0, 0x7, 0x70, 0xb1, 0x14, 0x8a, 0x20, 0x11,
    0x20, 0xee, 0xe5, 0x7, 0x0, 0xa8, 0x26, 0xab,
    0x8a, 0xc0, 0x26, 0x26, 0x55, 0xea, 0x23, 0x4,
    0x1a, 0x0, 0xf2, 0x85, 0x7, 0x2, 0x80, 0x78,
    0x88, 0xc0,

    /* U+0392 "Β" */
    0x3f, 0xfe, 0xda, 0x20, 0xc, 0x91, 0x13, 0xae,
    0x90, 0x4, 0x6e, 0xf5, 0x40, 0x28, 0x7, 0xe2,
    0x0, 0xe1, 0x18, 0x92, 0x5, 0x80, 0x26, 0xee,
    0x6d, 0x86, 0x8, 0x4, 0xb7, 0x6a, 0x83, 0xc2,
    0x0, 0x89, 0x10, 0xaf, 0x83, 0x20, 0x1f, 0x88,
    0x88, 0x1, 0xfc, 0x60, 0x1f, 0xc6, 0x24, 0x1,
    0x23, 0xbd, 0x38, 0x12, 0x1, 0x1c, 0x44, 0xe9,
    0x88, 0x0,

    /* U+0393 "Γ" */
    0x3f, 0xff, 0xc0, 0x3, 0x88, 0xf0, 0x1, 0x1d,
    0xfc, 0x1, 0xff, 0xff, 0x0, 0xff, 0xe1, 0x80,

    /* U+0394 "Δ" */
    0x0, 0xc3, 0xfe, 0x50, 0xf, 0xe7, 0x0, 0x70,
    0x7, 0xf5, 0x13, 0xa1, 0x0, 0x7c, 0x66, 0x5b,
    0xa, 0x0, 0xfa, 0x82, 0x8c, 0x98, 0x3, 0xe7,
    0x32, 0xa, 0x14, 0x0, 0xe5, 0x1a, 0x0, 0x30,
    0x70, 0x7, 0x70, 0x30, 0x0, 0x51, 0x44, 0x2,
    0x24, 0x50, 0xd, 0xc0, 0xe0, 0x15, 0x7, 0x0,
    0x65, 0xb, 0x0, 0x98, 0x50, 0x3, 0x98, 0x8c,
    0x10, 0x49, 0xdf, 0xc6, 0x14, 0x1c, 0x7, 0x11,
    0xe5, 0x6, 0x0,

    /* U+0395 "Ε" */
    0x3f, 0xff, 0xc2, 0x0, 0x38, 0x8f, 0x8, 0x1,
    0x1d, 0xfc, 0x1, 0xff, 0xc1, 0x12, 0x2e, 0x10,
    0x9, 0xb7, 0x7c, 0x1, 0x25, 0x57, 0x40, 0x4,
    0x6a, 0xbc, 0x80, 0x1f, 0xfd, 0x54, 0x77, 0xf0,
    0x80, 0xe, 0x23, 0xc4,

    /* U+0396 "Ζ" */
    0xf, 0xff, 0xf2, 0x84, 0x47, 0xce, 0x0, 0x70,
    0x77, 0xf8, 0xc2, 0x48, 0x3, 0xe8, 0x46, 0x60,
    0x7, 0xca, 0xe9, 0x20, 0x1f, 0x1d, 0x15, 0x0,
    0x7c, 0x3a, 0x1e, 0x20, 0x1f, 0x68, 0xd9, 0x0,
    0x7d, 0x27, 0x8, 0x1, 0xf3, 0x31, 0x5c, 0x3,
    0xe4, 0x92, 0xa0, 0xf, 0x86, 0x81, 0x1d, 0xfe,
    0x32, 0x10, 0x68, 0x8f, 0xac,

    /* U+0397 "Η" */
    0x3f, 0x80, 0xf, 0x7e, 0x0, 0x7f, 0xf5, 0xc4,
    0x8b, 0xc0, 0x19, 0xb7, 0x7c, 0x1, 0x92, 0xab,
    0xc0, 0x18, 0xd5, 0x7c, 0x1, 0xff, 0xed,

    /* U+0398 "Θ" */
    0x0, 0x9f, 0x3f, 0xdb, 0x2, 0x1, 0x8b, 0x61,
    0xe2, 0xe, 0xef, 0x30, 0xb, 0xca, 0xad, 0xdd,
    0x58, 0x3a, 0x20, 0xc4, 0xca, 0x1, 0x8e, 0x46,
    0x3, 0x42, 0xc8, 0xbc, 0xc0, 0xe0, 0xa0, 0x5b,
    0xbe, 0x33, 0x8, 0xe0, 0xaa, 0xf1, 0xb8, 0x18,
    0x88, 0x15, 0x7c, 0xe, 0x6, 0xa0, 0x40, 0x1f,
    0x18, 0x8b, 0x42, 0xc0, 0x3c, 0xc0, 0xe0, 0xc4,
    0xca, 0x1, 0x8e, 0x46, 0x0, 0x1e, 0x55, 0x6e,
    0xea, 0xc1, 0xd1, 0x0, 0x16, 0xc3, 0xc4, 0x1d,
    0xde, 0x60, 0x0,

    /* U+0399 "Ι" */
    0x3f, 0x80, 0xf, 0xfe, 0xc0,

    /* U+039A "Κ" */
    0x3f, 0x80, 0xc, 0x7d, 0xe6, 0x1, 0xf1, 0xe0,
    0x61, 0x80, 0x79, 0x30, 0x70, 0xc0, 0x3c, 0xb6,
    0x5e, 0x40, 0x1e, 0x6a, 0x3c, 0x10, 0xf, 0x2c,
    0x9e, 0x8, 0x7, 0xc4, 0xc, 0x1, 0xfc, 0xca,
    0xaa, 0x0, 0xfc, 0x34, 0xaa, 0xa0, 0xf, 0xea,
    0x55, 0x50, 0x7, 0xf5, 0x2a, 0xa8, 0x3, 0xfa,
    0x95, 0x54, 0x1, 0xfd, 0x4a, 0xaa, 0x0,

    /* U+039B "Λ" */
    0x0, 0xc3, 0xfe, 0x50, 0xf, 0xe7, 0x0, 0x70,
    0x7, 0xf5, 0x13, 0x21, 0x0, 0x7c, 0x66, 0x5a,
    0xa, 0x0, 0xfa, 0x82, 0x8c, 0x98, 0x3, 0xe7,
    0x32, 0xa, 0x14, 0x0, 0xe5, 0x1a, 0x0, 0x30,
    0x70, 0x7, 0x70, 0x38, 0x0, 0x51, 0x44, 0x2,
    0x24, 0x51, 0x0, 0xb8, 0x1c, 0x2, 0xa0, 0xe0,
    0xc, 0xa1, 0x60, 0x13, 0xa, 0x0, 0x73, 0x11,
    0x82, 0xb, 0x80, 0x7a, 0x82, 0x83, 0x82, 0x80,
    0x3c, 0x64, 0xc0,

    /* U+039C "Μ" */
    0x3f, 0xf4, 0x80, 0x70, 0xff, 0xb0, 0x2, 0x60,
    0xe, 0x60, 0xe, 0x50, 0x50, 0xd, 0x48, 0x1,
    0xb4, 0xf8, 0x2, 0x32, 0xe0, 0xe, 0xa4, 0x10,
    0x5, 0xa, 0x80, 0x73, 0x3, 0x0, 0x1d, 0x80,
    0x3e, 0x5a, 0x5, 0x1a, 0x0, 0xfb, 0x89, 0x38,
    0xc8, 0x3, 0xe4, 0x1f, 0x4a, 0x0, 0xfe, 0x64,
    0x7, 0x0, 0xfe, 0x97, 0x91, 0x0, 0xfe, 0x18,
    0x60, 0xf, 0xfe, 0x30,

    /* U+039D "Ν" */
    0x3f, 0xf3, 0x0, 0x77, 0xd8, 0x5, 0x0, 0x1f,
    0xc6, 0x2e, 0x1, 0xfa, 0xce, 0x4, 0x3, 0xf7,
    0x84, 0x80, 0x7e, 0x34, 0x71, 0x0, 0xfd, 0x21,
    0x60, 0x1f, 0x89, 0x54, 0x40, 0x1f, 0xa0, 0x24,
    0x3, 0xf1, 0x32, 0x20, 0x3, 0xf4, 0x4, 0x0,
    0x7e, 0x18, 0x30, 0xf, 0xe7, 0x10, 0x0,

    /* U+039E "Ξ" */
    0x3f, 0xff, 0xb4, 0xa2, 0x3e, 0xb1, 0x77, 0xf9,
    0x80, 0x3f, 0xe2, 0x2f, 0x0, 0x17, 0x77, 0xc0,
    0x4, 0xaa, 0xeb, 0x0, 0xa, 0xaf, 0x20, 0x7,
    0xff, 0x40, 0x5d, 0xfe, 0x62, 0x88, 0xfa, 0xc0,

    /* U+039F "Ο" */
    0x0, 0x9f, 0x3f, 0xdb, 0x2, 0x1, 0x8b, 0x61,
    0xe2, 0xe, 0xef, 0x30, 0xb, 0xca, 0xad, 0xdd,
    0x58, 0x3a, 0x20, 0xc4, 0xca, 0x1, 0x8e, 0x46,
    0x3, 0x42, 0xc0, 0x3c, 0xc0, 0xe0, 0xa0, 0x40,
    0x1f, 0x18, 0x8e, 0x0, 0xfc, 0xe0, 0x62, 0x20,
    0xf, 0xce, 0x6, 0xa0, 0x40, 0x1f, 0x18, 0x8b,
    0x42, 0xc0, 0x3c, 0xc0, 0xe0, 0xc4, 0xca, 0x1,
    0x8e, 0x46, 0x0, 0x1e, 0x55, 0x6e, 0xea, 0xc1,
    0xd1, 0x0, 0x16, 0xc3, 0xc4, 0x1d, 0xde, 0x60,
    0x0,

    /* U+03A0 "Π" */
    0x3f, 0xff, 0xec, 0x0, 0x1c, 0x47, 0x80, 0x32,
    0x3b, 0xf8, 0x3, 0xff, 0xfe, 0x1, 0xff, 0xd9,

    /* U+03A1 "Ρ" */
    0x3f, 0xfe, 0xc6, 0x0, 0xc9, 0x10, 0x72, 0x99,
    0x0, 0x46, 0xee, 0x8f, 0x16, 0x10, 0xf, 0xa,
    0x1, 0x0, 0x7c, 0xe0, 0x20, 0x1, 0x22, 0x1d,
    0x11, 0x90, 0x1, 0xb7, 0x58, 0xa7, 0xa0, 0x12,
    0x55, 0xdb, 0xb0, 0x40, 0x23, 0x54, 0x40, 0x80,
    0x7f, 0xf7, 0xc0,

    /* U+03A3 "Σ" */
    0x3f, 0xff, 0xc2, 0x20, 0x3, 0xc4, 0x70, 0x95,
    0x1, 0xbb, 0xf0, 0x1, 0x65, 0x28, 0x3, 0xe6,
    0x85, 0x90, 0xf, 0x9d, 0xcd, 0x0, 0x1f, 0x68,
    0x10, 0x7, 0x8a, 0x8a, 0x80, 0x3d, 0xe1, 0xe0,
    0x1e, 0xa2, 0xa2, 0x0, 0xe7, 0x56, 0x50, 0xe,
    0x28, 0x1, 0x77, 0xe1, 0x10, 0x1, 0xe2, 0x38,
    0x80,

    /* U+03A4 "Τ" */
    0xf, 0xff, 0xf8, 0x1, 0x11, 0x94, 0x16, 0x23,
    0x0, 0x1d, 0xf6, 0x6, 0x3b, 0xe0, 0xf, 0xff,
    0xf8, 0x7, 0xff, 0xb0,

    /* U+03A5 "Υ" */
    0xb, 0xf3, 0x0, 0xe3, 0xfb, 0x0, 0x50, 0xf0,
    0x7, 0x70, 0xd0, 0x0, 0x6c, 0xa4, 0x2, 0x92,
    0xb1, 0x0, 0x95, 0x4c, 0x80, 0x6c, 0xaa, 0x0,
    0xeb, 0x1a, 0x1e, 0x1b, 0x0, 0xf0, 0xd0, 0xf9,
    0x50, 0x80, 0x7c, 0x8c, 0x2c, 0x80, 0x1f, 0xde,
    0x1e, 0x1, 0xff, 0xfa,

    /* U+03A6 "Φ" */
    0x0, 0xec, 0xf0, 0xf, 0xe3, 0x72, 0x7, 0x40,
    0xe, 0x2b, 0xc8, 0x10, 0x8b, 0xd3, 0x0, 0xe,
    0x24, 0x79, 0x87, 0xc9, 0xe1, 0x84, 0xc, 0x38,
    0x6, 0x6a, 0x8, 0x7, 0x7, 0x0, 0xf2, 0x12,
    0x0, 0x88, 0x3, 0xf3, 0x1, 0x8, 0x80, 0x3f,
    0x30, 0x13, 0x83, 0x80, 0x79, 0x8, 0xc2, 0x6,
    0x1c, 0x3, 0x2d, 0x7, 0x80, 0xe1, 0xc7, 0x98,
    0x7d, 0x1d, 0x98, 0x0, 0xb3, 0x10, 0x20, 0xf7,
    0xa8, 0x1, 0xc6, 0xe4, 0x10, 0x80, 0x18,

    /* U+03A7 "Χ" */
    0x8, 0xf6, 0x0, 0xec, 0xf2, 0x8, 0x29, 0x10,
    0x9, 0xce, 0x8, 0x1, 0xc1, 0x40, 0x2, 0x83,
    0x70, 0x8, 0xdd, 0x18, 0x38, 0x38, 0x3, 0xa0,
    0xe6, 0x47, 0x4, 0x1, 0xee, 0x6, 0x37, 0x0,
    0xff, 0x58, 0x7, 0xe9, 0x2, 0x82, 0x0, 0xf3,
    0x24, 0x78, 0x70, 0x7, 0x14, 0x9b, 0x94, 0x1b,
    0x0, 0x6e, 0xe, 0x0, 0x39, 0xc9, 0x0, 0x1c,
    0xe0, 0x80, 0x2e, 0xe, 0x2, 0x83, 0x70, 0xc,
    0x50, 0x6c,

    /* U+03A8 "Ψ" */
    0xfe, 0x0, 0xb3, 0xc0, 0x2b, 0xf2, 0x0, 0xff,
    0xed, 0x88, 0x80, 0x3f, 0x38, 0x19, 0x1, 0x0,
    0x7c, 0x42, 0x2b, 0x5, 0x0, 0xf2, 0xa, 0x3,
    0xc, 0x10, 0x6, 0x19, 0x9, 0x1, 0xa0, 0xc6,
    0x10, 0x5c, 0x28, 0x30, 0x2, 0x61, 0xc9, 0x5,
    0x1d, 0x38, 0x6, 0x3d, 0xc2, 0xc, 0xe5, 0x0,
    0xf8, 0xc4, 0xc, 0x3, 0xff, 0x8c,

    /* U+03A9 "Ω" */
    0x0, 0x86, 0x77, 0xfd, 0x8e, 0x1, 0xe4, 0xe6,
    0x63, 0xb8, 0x23, 0x48, 0x2, 0x2b, 0x1c, 0xb8,
    0x86, 0x49, 0x78, 0x5, 0x1, 0x46, 0x1, 0x99,
    0xc9, 0x80, 0xa, 0x48, 0x1, 0xe9, 0xd, 0x1,
    0x7, 0x0, 0xf8, 0x41, 0x40, 0xc0, 0x40, 0x3f,
    0x8c, 0x8, 0x18, 0x3, 0xe1, 0x1, 0x0, 0x21,
    0x18, 0x7, 0x98, 0x2c, 0x1, 0x1, 0xe0, 0x1c,
    0x32, 0x2e, 0x0, 0x38, 0x3a, 0x0, 0x87, 0x47,
    0x40, 0x5, 0x1e, 0x2b, 0x80, 0x5e, 0x66, 0xb8,
    0x7, 0x78, 0x40, 0xc0, 0x44, 0x6, 0xee, 0x10,

    /* U+03AA "Ϊ" */
    0xfd, 0x8, 0xf4, 0x43, 0x87, 0x1b, 0xdd, 0x3,
    0x61, 0x81, 0xfc, 0x0, 0x7f, 0xff, 0x80,

    /* U+03AB "Ϋ" */
    0x0, 0x87, 0xe8, 0x2f, 0xc4, 0x3, 0xe3, 0x20,
    0x33, 0x0, 0x7c, 0x39, 0x1, 0x18, 0x20, 0x1a,
    0xfc, 0xc0, 0x38, 0xfe, 0xc0, 0x14, 0x3c, 0x1,
    0xdc, 0x34, 0x0, 0x1b, 0x29, 0x0, 0xa4, 0xac,
    0x40, 0x25, 0x53, 0x20, 0x1b, 0x2a, 0x80, 0x3a,
    0xc6, 0x87, 0x86, 0xc0, 0x3c, 0x34, 0x3e, 0x54,
    0x20, 0x1f, 0x23, 0xb, 0x20, 0x7, 0xf7, 0x87,
    0x80, 0x7f, 0xfe, 0x80,

    /* U+03AC "ά" */
    0x0, 0xe3, 0x81, 0x0, 0xf0, 0xe8, 0x88, 0x3,
    0xd4, 0x52, 0x1, 0xe6, 0x5d, 0x0, 0xf9, 0xb8,
    0x40, 0x38, 0x6b, 0xbe, 0xc8, 0x39, 0xc7, 0xde,
    0xb1, 0xf1, 0x45, 0x60, 0x79, 0xf, 0xc6, 0xc8,
    0x88, 0x26, 0x0, 0x31, 0x15, 0x1, 0x10, 0x3,
    0x28, 0x28, 0x1, 0xc0, 0x30, 0x88, 0x80, 0x98,
    0x3, 0x20, 0x80, 0x10, 0x88, 0x0, 0x51, 0x4,
    0xb, 0xf, 0x43, 0xb4, 0x19, 0x52, 0xc6, 0xbc,
    0x5a, 0xa0, 0x50,

    /* U+03AD "έ" */
    0x0, 0xe6, 0x70, 0xe, 0x69, 0x30, 0xc, 0x73,
    0x68, 0x1, 0x96, 0xd0, 0x3, 0x99, 0x0, 0x32,
    0x67, 0x7f, 0x58, 0x9d, 0x8c, 0xc9, 0x80, 0xec,
    0x31, 0xda, 0x2c, 0xb0, 0x24, 0x84, 0x2, 0x4b,
    0x6d, 0xe9, 0x0, 0x1d, 0xad, 0x5d, 0x80, 0x10,
    0x36, 0xa8, 0x40, 0x7, 0x0, 0xfa, 0x87, 0x5d,
    0x5a, 0x5d, 0xad, 0xa6, 0xa1, 0x4c,

    /* U+03AE "ή" */
    0x0, 0xf6, 0xe0, 0x7, 0xa4, 0xf4, 0x3, 0x91,
    0xb4, 0x40, 0x38, 0xac, 0xc0, 0xb, 0xe9, 0x10,
    0xbd, 0x60, 0xa, 0x4a, 0xb1, 0xa4, 0xc0, 0xd,
    0x48, 0x76, 0x12, 0x0, 0xd0, 0xc, 0x6c, 0x0,
    0x20, 0xc, 0xe2, 0x1, 0xf8, 0xc0, 0x3f, 0xfb,
    0xb, 0xe8, 0x1, 0xff, 0xd5,

    /* U+03AF "ί" */
    0x0, 0x9d, 0x40, 0x13, 0x24, 0x5, 0x6d, 0x11,
    0x5c, 0x98, 0xf, 0x30, 0x2, 0x3c, 0x80, 0x3f,
    0xfa, 0x9e, 0x2, 0x0, 0x50, 0xf6, 0x22, 0x50,
    0xca, 0x80,

    /* U+03B0 "ΰ" */
    0x0, 0xc5, 0x6, 0x1, 0xef, 0x33, 0x0, 0x75,
    0xd, 0x80, 0x71, 0x6e, 0x0, 0x77, 0x63, 0xbb,
    0xd4, 0x2, 0x45, 0x2, 0x31, 0x0, 0xaa, 0xc1,
    0x71, 0x0, 0x3f, 0xeb, 0xf0, 0x9, 0x3d, 0x0,
    0x3c, 0x88, 0x90, 0xf, 0xb4, 0x88, 0x1, 0xe2,
    0x7, 0x0, 0xf0, 0x80, 0x7e, 0x20, 0x61, 0x0,
    0xea, 0x3, 0xd0, 0x20, 0x2, 0x93, 0x83, 0x7,
    0xbc, 0x51, 0xc0, 0xd, 0x8c, 0x33, 0xe0, 0x0,

    /* U+03B1 "α" */
    0x1, 0xae, 0xfb, 0x20, 0xe7, 0x1f, 0x7a, 0xc7,
    0xc5, 0x15, 0x81, 0xe4, 0x3f, 0x1b, 0x22, 0x20,
    0x98, 0x0, 0xc4, 0x54, 0x4, 0x40, 0xc, 0xa0,
    0xa0, 0x7, 0x0, 0xc2, 0x22, 0x2, 0x60, 0xc,
    0x82, 0x0, 0x42, 0x20, 0x1, 0x44, 0x10, 0x2c,
    0x3d, 0xe, 0xd0, 0x65, 0x4b, 0x1a, 0xf1, 0x6a,
    0x81, 0x40,

    /* U+03B2 "β" */
    0x0, 0x4f, 0x7e, 0xc0, 0x6, 0xa6, 0x7a, 0x57,
    0x90, 0x0, 0xaa, 0xa5, 0x61, 0xd8, 0x0, 0xa1,
    0x80, 0x16, 0x81, 0x80, 0x46, 0x1, 0x10, 0x4,
    0x20, 0x1d, 0x60, 0x60, 0x18, 0x52, 0xcd, 0x40,
    0x3a, 0x6d, 0x2, 0x40, 0x3a, 0xa9, 0x7, 0x8e,
    0x1, 0x89, 0x5f, 0x12, 0x4, 0x3, 0xec, 0x3,
    0x0, 0x68, 0x6, 0xc0, 0x20, 0x3, 0xdb, 0x32,
    0xd1, 0x80, 0x25, 0x69, 0x93, 0x44, 0x80, 0x5f,
    0xbf, 0xed, 0x70, 0xf, 0xfe, 0xa0,

    /* U+03B3 "γ" */
    0xbe, 0x60, 0xe, 0xce, 0xf, 0x59, 0x20, 0x8,
    0x8d, 0x81, 0x28, 0x14, 0x2, 0xb0, 0xa0, 0x0,
    0xa5, 0x0, 0x4e, 0x84, 0x1, 0x69, 0x10, 0x14,
    0x78, 0x3, 0x38, 0x50, 0x48, 0xa8, 0x6, 0x14,
    0x52, 0x36, 0x0, 0xf6, 0x94, 0x85, 0x0, 0x79,
    0xc1, 0xc, 0x80, 0x3c, 0x28, 0x14, 0x1, 0xfb,
    0x1, 0x0, 0x3f, 0xfb, 0x20,

    /* U+03B4 "δ" */
    0x2, 0xae, 0xff, 0x6b, 0x80, 0x5e, 0xb3, 0x55,
    0x70, 0x4, 0x46, 0xea, 0xa7, 0x90, 0x9, 0xcf,
    0xa5, 0x44, 0x3, 0x59, 0x5f, 0xf7, 0x18, 0x0,
    0x79, 0x2a, 0xd7, 0x12, 0xa1, 0x2, 0x80, 0x13,
    0x8c, 0x82, 0x28, 0x7, 0x11, 0x80, 0x1c, 0x3,
    0xf1, 0x10, 0x3, 0x88, 0x41, 0x45, 0x80, 0x26,
    0x17, 0x9, 0x29, 0x93, 0x4c, 0x86, 0x0, 0x71,
    0x9e, 0x5d, 0xbc, 0x40,

    /* U+03B5 "ε" */
    0x4, 0xce, 0xfe, 0xb1, 0x3b, 0x19, 0x93, 0x1,
    0xd8, 0x63, 0xb4, 0x59, 0x60, 0x49, 0x8, 0x4,
    0x96, 0xdb, 0xd2, 0x0, 0x3b, 0x5a, 0xbb, 0x0,
    0x20, 0x6d, 0x50, 0x80, 0xe, 0x1, 0xf5, 0xe,
    0xba, 0xb4, 0xbb, 0x5b, 0x4d, 0x42, 0x98,

    /* U+03B6 "ζ" */
    0xb, 0xff, 0xf8, 0x31, 0x9a, 0x40, 0x1, 0x83,
    0xcc, 0xbd, 0x2, 0x70, 0x2, 0x89, 0x3e, 0x60,
    0x9, 0x9d, 0x30, 0x40, 0x22, 0x92, 0xb0, 0xe,
    0xb0, 0xe0, 0xf, 0x39, 0x98, 0x3, 0xc2, 0xa0,
    0x1f, 0x8c, 0x3, 0xe1, 0x60, 0xf, 0x9c, 0xd4,
    0x3, 0xd0, 0x55, 0x47, 0x41, 0x0, 0xe, 0xc3,
    0xc5, 0xf9, 0x80, 0x4f, 0xbf, 0xc1, 0x0, 0x1e,
    0x15, 0x60, 0xf, 0x42, 0x20, 0x3, 0xca, 0xa9,

    /* U+03B7 "η" */
    0x5f, 0x48, 0xef, 0xd6, 0x0, 0xa4, 0xab, 0x1a,
    0x4c, 0x0, 0xd4, 0x87, 0x61, 0x20, 0xd, 0x0,
    0xc6, 0xc0, 0x2, 0x0, 0xce, 0x20, 0x1f, 0x8c,
    0x3, 0xff, 0xb0, 0xbe, 0x80, 0x1f, 0xfd, 0x50,

    /* U+03B8 "θ" */
    0x0, 0x36, 0xfe, 0xb0, 0x6, 0x89, 0x4a, 0x49,
    0x80, 0x1, 0x3b, 0xa5, 0x65, 0xdc, 0x41, 0x41,
    0x20, 0x15, 0x5, 0x2, 0x8, 0x80, 0x22, 0x14,
    0x2, 0x2f, 0xc6, 0x2, 0x7b, 0xbc, 0x60, 0x11,
    0x55, 0x71, 0x80, 0x4, 0x4a, 0xbc, 0x1, 0x11,
    0x0, 0x38, 0x8c, 0x10, 0x48, 0x2, 0x21, 0x40,
    0xa0, 0x80, 0xa, 0xc2, 0x80, 0xa1, 0x69, 0x65,
    0x9c, 0x80, 0xf, 0x2f, 0x49, 0x30, 0x0,

    /* U+03B9 "ι" */
    0x8f, 0x20, 0xf, 0xfe, 0xa7, 0x80, 0x80, 0x14,
    0x3d, 0x88, 0x94, 0x32, 0xa0,

    /* U+03BA "κ" */
    0x5f, 0x50, 0x0, 0xef, 0x10, 0x7, 0xe, 0x1e,
    0x10, 0x6, 0x1c, 0xf, 0x20, 0xc, 0x58, 0x78,
    0x20, 0x1d, 0x4, 0x24, 0x1, 0xe3, 0xd1, 0xe0,
    0xf, 0x49, 0x51, 0x50, 0x7, 0xc8, 0xca, 0xa0,
    0xf, 0xa4, 0xa8, 0x80, 0x3e, 0xe0, 0xe0,

    /* U+03BB "λ" */
    0x0, 0x7f, 0xa8, 0x3, 0xf5, 0x32, 0xc0, 0x7,
    0xcb, 0x26, 0xc0, 0x1f, 0xd4, 0x28, 0x1, 0xf8,
    0x83, 0x80, 0x3f, 0x70, 0x28, 0x7, 0xc4, 0xa2,
    0xc, 0x1, 0xeb, 0xd, 0xd, 0x0, 0xe1, 0x64,
    0x35, 0x41, 0x0, 0xcc, 0x1e, 0x1c, 0xc, 0x1,
    0xa4, 0x90, 0x10, 0x68, 0x2, 0x51, 0xb0, 0x9,
    0x88, 0xc0, 0x12, 0x2c, 0x1, 0x50, 0x58, 0x19,
    0xa4, 0x3, 0x11, 0xb0, 0x0,

    /* U+03BC "μ" */
    0x7f, 0x20, 0xd, 0xb8, 0x1, 0xff, 0xef, 0x10,
    0xc, 0x40, 0x1c, 0x80, 0x12, 0x0, 0x7a, 0x25,
    0xa6, 0xc4, 0xe0, 0x2, 0xa5, 0x97, 0x9b, 0x5,
    0x0, 0x9f, 0x3f, 0x99, 0x7f, 0x40, 0x3f, 0xfa,
    0xc0,

    /* U+03BD "ν" */
    0x3f, 0x80, 0x9, 0xfc, 0x80, 0xc5, 0x40, 0x27,
    0x18, 0x0, 0x39, 0x10, 0x2, 0x75, 0x0, 0x68,
    0x28, 0x5, 0xc0, 0x60, 0x81, 0x60, 0x16, 0x81,
    0x0, 0x10, 0xc4, 0x5, 0x48, 0x40, 0x1a, 0x8,
    0x16, 0x12, 0x1, 0x38, 0x7a, 0xa9, 0xd0, 0x2,
    0x13, 0x5a, 0x48, 0x0, 0xeb, 0x3, 0xb0, 0x8,

    /* U+03BE "ξ" */
    0x7, 0xff, 0xf3, 0x80, 0xd, 0x40, 0x2, 0x8a,
    0x60, 0x4, 0x61, 0xae, 0xba, 0x40, 0x3, 0x1d,
    0x28, 0x7, 0xbc, 0x10, 0x3, 0xee, 0x2, 0x0,
    0xf9, 0x87, 0x1d, 0x8, 0x40, 0x21, 0xc2, 0x8b,
    0xd8, 0x0, 0x8b, 0x8d, 0x62, 0xac, 0x2, 0xe2,
    0xda, 0x75, 0x20, 0x8, 0xdc, 0x80, 0x3e, 0x14,
    0x10, 0xf, 0xa0, 0xbe, 0x5d, 0x48, 0x2, 0x6c,
    0x44, 0x45, 0x6a, 0x80, 0x47, 0x5b, 0xfe, 0x38,
    0x0, 0xfc, 0xa4, 0x1, 0xf3, 0xb2, 0x0, 0x7d,
    0x89, 0x40,

    /* U+03BF "ο" */
    0x1, 0x9e, 0xfe, 0x91, 0x0, 0xb1, 0x9e, 0x5d,
    0xb0, 0x42, 0xa, 0x64, 0xd3, 0x22, 0x90, 0x51,
    0x60, 0x9, 0x85, 0x40, 0x88, 0x1, 0xc4, 0x40,
    0xf, 0xf8, 0x88, 0x1, 0xc4, 0x40, 0x51, 0x60,
    0x9, 0x85, 0x42, 0xa, 0x64, 0xd3, 0x22, 0x90,
    0x6, 0x33, 0xcb, 0xb6, 0x8, 0x0,

    /* U+03C0 "π" */
    0x5f, 0xff, 0xe1, 0x65, 0x2, 0x66, 0x84, 0x18,
    0x4e, 0xc1, 0x26, 0x63, 0x29, 0x0, 0xff, 0xf4,
    0x8, 0x7, 0xf9, 0xc9, 0x84, 0x3, 0xef, 0x19,
    0x40,

    /* U+03C1 "ρ" */
    0x0, 0x16, 0x7f, 0xb5, 0x40, 0x22, 0xd1, 0x88,
    0x5, 0x28, 0x3, 0x87, 0x1d, 0xda, 0x56, 0x4,
    0x72, 0x20, 0x15, 0xa, 0x30, 0x10, 0x6, 0x30,
    0x21, 0x0, 0xff, 0x88, 0x3, 0x18, 0x10, 0x2,
    0x40, 0x35, 0xa, 0x0, 0xf, 0x5d, 0xda, 0x56,
    0x1, 0x4a, 0xcc, 0x5, 0x28, 0x6, 0x8e, 0xfd,
    0x50, 0xf, 0xfe, 0xa0,

    /* U+03C2 "ς" */
    0x0, 0x3e, 0xff, 0xb1, 0x83, 0x21, 0xa2, 0x57,
    0x5c, 0xde, 0xdd, 0xa6, 0xe8, 0x60, 0x3, 0x88,
    0x80, 0x1f, 0xfc, 0x22, 0x20, 0x7, 0xa8, 0x60,
    0x3, 0x9c, 0xde, 0xdd, 0x0, 0x2c, 0x86, 0x8b,
    0xc0, 0x9, 0xf7, 0xec, 0xd8, 0x3, 0x90, 0x38,
    0x3, 0xd, 0x86, 0x0, 0x62, 0x58, 0x40,

    /* U+03C3 "σ" */
    0x2, 0xae, 0xff, 0xee, 0x1c, 0x56, 0xa8, 0x0,
    0x2b, 0x40, 0xd4, 0x2b, 0xd0, 0x14, 0x20, 0xa8,
    0x4, 0xa2, 0xa0, 0x44, 0x0, 0xe5, 0x20, 0xf,
    0xce, 0x0, 0x22, 0x0, 0x71, 0x10, 0x28, 0x58,
    0x2, 0x61, 0x50, 0x72, 0x99, 0x34, 0xc8, 0xa0,
    0x1, 0x8c, 0xf2, 0xed, 0x80, 0x0,

    /* U+03C4 "τ" */
    0x2f, 0xff, 0xe3, 0x66, 0x8c, 0x11, 0x9a, 0x19,
    0x9a, 0x82, 0x26, 0x60, 0xf, 0xff, 0x1, 0x83,
    0x0, 0x7c, 0x81, 0xc, 0x60, 0x1c, 0x36, 0x33,
    0x40,

    /* U+03C5 "υ" */
    0xbf, 0x0, 0x93, 0xd0, 0x3, 0xc8, 0x89, 0x0,
    0xfb, 0x48, 0x80, 0x1e, 0x20, 0x70, 0xf, 0x8,
    0x7, 0xe2, 0x6, 0x10, 0xe, 0xa0, 0x3d, 0x2,
    0x0, 0x29, 0x38, 0x30, 0x7b, 0xc5, 0x1c, 0x0,
    0xd8, 0xc3, 0x3e, 0x0, 0x0,

    /* U+03C6 "φ" */
    0x0, 0xd, 0x39, 0xef, 0xd0, 0x80, 0x7, 0xd4,
    0xe0, 0xdd, 0x70, 0x1, 0x3, 0x28, 0xcb, 0x10,
    0x27, 0x7, 0x16, 0x3, 0x0, 0x30, 0x60, 0xa,
    0x80, 0x70, 0x89, 0x80, 0xe, 0x1, 0xf0, 0x81,
    0x10, 0x3, 0x84, 0x4c, 0xa, 0x2c, 0x1, 0xa4,
    0x3c, 0x24, 0xa6, 0x42, 0xd6, 0xe8, 0xa0, 0x38,
    0xae, 0x4, 0xaf, 0x60, 0x10, 0xd7, 0xa, 0x74,
    0x0, 0x7f, 0xf5, 0xc0,

    /* U+03C7 "χ" */
    0x7f, 0xc3, 0x0, 0x93, 0xe5, 0x64, 0xb4, 0x2,
    0x90, 0x82, 0x6a, 0x15, 0x5, 0x27, 0x10, 0x2,
    0xf, 0x5, 0x8c, 0x80, 0x66, 0x48, 0x19, 0x10,
    0xd, 0x40, 0xe2, 0xe0, 0x1c, 0x46, 0x10, 0x1,
    0xe1, 0x30, 0x50, 0xf, 0x40, 0x2, 0x80, 0x38,
    0x58, 0x95, 0xc0, 0x3a, 0xc2, 0x78, 0x54, 0x2,
    0x25, 0x34, 0x40, 0xf0, 0x5, 0x21, 0xe0, 0x6,
    0x49, 0x53, 0x44, 0x18, 0x2, 0x19, 0xe0,

    /* U+03C8 "ψ" */
    0xf, 0xa0, 0x7, 0x58, 0x3, 0x34, 0x3, 0xff,
    0xda, 0x20, 0x1e, 0x21, 0x3, 0x50, 0xe, 0x21,
    0x60, 0x91, 0xc4, 0x7, 0x5f, 0x9, 0x5, 0x92,
    0xb1, 0x3a, 0xb, 0x30, 0x3, 0x76, 0x9, 0xee,
    0x90, 0x3, 0x8c, 0x1c, 0x80, 0x3f, 0xf9, 0xa0,

    /* U+03C9 "ω" */
    0xa, 0xf1, 0x0, 0xe1, 0xfb, 0x1, 0x54, 0x10,
    0xe, 0x15, 0x42, 0x70, 0xd0, 0xf, 0xbc, 0x17,
    0x1, 0x0, 0x3e, 0x70, 0xc6, 0x2, 0x0, 0x27,
    0xa0, 0x0, 0x81, 0x80, 0x2, 0x1, 0x84, 0x3,
    0xb, 0x1, 0x80, 0x8, 0x8, 0x0, 0x40, 0xfa,
    0xa, 0x0, 0xd1, 0xc0, 0x2, 0x86, 0x30, 0xc3,
    0xc2, 0x5a, 0x43, 0xc0, 0x30, 0xe9, 0xc3, 0x4a,
    0xcb, 0x41, 0xe0, 0x80,

    /* U+03CA "ϊ" */
    0xfd, 0x8, 0xf4, 0x43, 0x87, 0x1b, 0xdd, 0x3,
    0x61, 0x80, 0x7c, 0xde, 0x80, 0x1f, 0xfd, 0xb3,
    0x1, 0x0, 0x90, 0x21, 0x8c, 0x6, 0xc6, 0x68,

    /* U+03CB "ϋ" */
    0xd, 0xe0, 0x6f, 0x50, 0x9, 0xd4, 0xc, 0xc2,
    0x1, 0x55, 0x82, 0xe2, 0x0, 0x7f, 0xd7, 0xe0,
    0x12, 0x7a, 0x0, 0x79, 0x11, 0x20, 0x1f, 0x69,
    0x10, 0x3, 0xc4, 0xe, 0x1, 0xe1, 0x0, 0xfc,
    0x40, 0xc2, 0x1, 0xd4, 0x7, 0xa0, 0x40, 0x5,
    0x27, 0x6, 0xf, 0x78, 0xa3, 0x80, 0x1b, 0x18,
    0x67, 0xc0, 0x0,

    /* U+03CC "ό" */
    0x0, 0xe3, 0x82, 0x0, 0xf0, 0xe8, 0x90, 0x7,
    0xb5, 0x24, 0x3, 0xc7, 0x74, 0x1, 0xf1, 0xb8,
    0x7, 0x86, 0x7b, 0xfa, 0x44, 0x2, 0xc6, 0x79,
    0x76, 0xc1, 0x8, 0x29, 0x93, 0x4c, 0x8a, 0x41,
    0x45, 0x80, 0x26, 0x15, 0x2, 0x20, 0x7, 0x11,
    0x0, 0x3f, 0xe2, 0x20, 0x7, 0x11, 0x1, 0x45,
    0x80, 0x26, 0x15, 0x8, 0x29, 0x93, 0x4c, 0x8a,
    0x40, 0x18, 0xcf, 0x2e, 0xd8, 0x20,

    /* U+03CD "ύ" */
    0x0, 0xc2, 0xe8, 0x1, 0xed, 0xb4, 0x0, 0xe9,
    0xc, 0x0, 0xe1, 0xed, 0x0, 0xf0, 0xb8, 0x80,
    0x6b, 0xf0, 0x9, 0x3d, 0x0, 0x3c, 0x88, 0x90,
    0xf, 0xb4, 0x88, 0x1, 0xe2, 0x7, 0x0, 0xf0,
    0x80, 0x7e, 0x20, 0x61, 0x0, 0xea, 0x3, 0xd0,
    0x20, 0x2, 0x93, 0x83, 0x7, 0xbc, 0x51, 0xc0,
    0xd, 0x8c, 0x33, 0xe0, 0x0,

    /* U+03CE "ώ" */
    0x0, 0xf8, 0xe0, 0x80, 0x3f, 0x8b, 0x40, 0x80,
    0x3f, 0xbd, 0xe0, 0x3, 0xf9, 0x2e, 0x40, 0x3f,
    0xc8, 0xc0, 0x1f, 0x57, 0x88, 0x7, 0xf, 0xd8,
    0xa, 0xa0, 0x80, 0x70, 0xaa, 0x13, 0x86, 0x80,
    0x7d, 0xe0, 0xb8, 0x8, 0x1, 0xf3, 0x86, 0x30,
    0x10, 0x1, 0x3d, 0x0, 0x4, 0xc, 0x0, 0x10,
    0xc, 0x20, 0x18, 0x58, 0xc, 0x0, 0x40, 0x40,
    0x2, 0x7, 0xd0, 0x50, 0x6, 0x8e, 0x0, 0x14,
    0x31, 0x86, 0x1e, 0x12, 0xd2, 0x1e, 0x1, 0x87,
    0x4e, 0x1a, 0x56, 0x5a, 0xf, 0x4,

    /* U+0400 "Ѐ" */
    0x0, 0x8a, 0x8, 0x3, 0xe2, 0xf, 0x10, 0xf,
    0xa2, 0xd4, 0x3, 0xf3, 0x20, 0x4, 0x7f, 0xff,
    0x84, 0x0, 0x71, 0x1e, 0x10, 0x2, 0x3b, 0xf8,
    0x3, 0xff, 0x82, 0x24, 0x5c, 0x20, 0x13, 0x6e,
    0xf8, 0x2, 0x4a, 0xae, 0x80, 0x8, 0xd5, 0x79,
    0x0, 0x3f, 0xfa, 0xa8, 0xef, 0xe1, 0x0, 0x1c,
    0x47, 0x88,

    /* U+0401 "Ё" */
    0x0, 0x5f, 0x82, 0x7b, 0x80, 0x62, 0x30, 0x73,
    0x10, 0xd, 0x38, 0x7, 0x8c, 0x0, 0x3f, 0xff,
    0xc2, 0x0, 0x38, 0x8f, 0x8, 0x1, 0x1d, 0xfc,
    0x1, 0xff, 0xc1, 0x12, 0x2e, 0x10, 0x9, 0xb7,
    0x7c, 0x1, 0x25, 0x57, 0x40, 0x4, 0x6a, 0xbc,
    0x80, 0x1f, 0xfd, 0x54, 0x77, 0xf0, 0x80, 0xe,
    0x23, 0xc4,

    /* U+0402 "Ђ" */
    0xf, 0xff, 0xf1, 0x0, 0x51, 0x13, 0x1, 0xc4,
    0x63, 0x0, 0x9d, 0xed, 0x4, 0x77, 0xc2, 0x1,
    0xff, 0xd8, 0x12, 0x28, 0x40, 0x3f, 0x9b, 0x76,
    0xee, 0x28, 0x7, 0xcb, 0x55, 0x40, 0x51, 0x80,
    0x78, 0x95, 0x67, 0xb0, 0xa0, 0xf, 0xf9, 0x0,
    0x80, 0x3f, 0xe1, 0x7, 0x0, 0xff, 0xea, 0x27,
    0xc0, 0x6, 0x10, 0x70, 0xf, 0xf9, 0x0, 0xc0,
    0x3f, 0x96, 0x68, 0x28, 0x3, 0xfb, 0x98, 0xec,
    0x80,

    /* U+0403 "Ѓ" */
    0x0, 0xe5, 0x60, 0xf, 0x2d, 0xa8, 0x7, 0x8b,
    0x4c, 0x3, 0xce, 0x60, 0x11, 0xff, 0xfe, 0x0,
    0x1c, 0x47, 0x80, 0x8, 0xef, 0xe0, 0xf, 0xff,
    0xf8, 0x7, 0xff, 0xc,

    /* U+0404 "Є" */
    0x0, 0x9b, 0x3b, 0xfa, 0xd4, 0x0, 0x5b, 0x20,
    0xd0, 0xcc, 0xa8, 0xf, 0x2a, 0xc8, 0x78, 0xdb,
    0xf6, 0x26, 0x50, 0xe, 0x47, 0xd0, 0xa0, 0xf,
    0xca, 0x2, 0x45, 0xe0, 0x0, 0x86, 0xef, 0xb0,
    0x0, 0x21, 0x55, 0xf0, 0x1, 0x41, 0xd5, 0x79,
    0x0, 0x1a, 0x16, 0x1, 0xf9, 0x89, 0x90, 0x3,
    0x8d, 0xc3, 0xca, 0xed, 0xf, 0x19, 0x8f, 0x2,
    0xd8, 0x76, 0x86, 0x7a, 0x80,

    /* U+0405 "Ѕ" */
    0x1, 0x9d, 0xfe, 0xd9, 0x40, 0x2e, 0x67, 0x89,
    0x77, 0x70, 0x40, 0x55, 0x1d, 0xd5, 0xd0, 0xc,
    0xa, 0x1, 0xc4, 0xc, 0xa, 0x1, 0xf4, 0x5,
    0x6c, 0xb1, 0x0, 0x45, 0xac, 0xd, 0x3b, 0x84,
    0x0, 0x29, 0xde, 0xb5, 0x3f, 0x0, 0xe1, 0x4a,
    0x52, 0x40, 0xf, 0xb4, 0x9, 0x0, 0x3d, 0x60,
    0xb1, 0xf4, 0xee, 0x8d, 0x35, 0x3f, 0x76, 0x98,
    0x61, 0x9a, 0x0,

    /* U+0406 "І" */
    0x3f, 0x80, 0xf, 0xfe, 0xc0,

    /* U+0407 "Ї" */
    0xfd, 0x8, 0xf4, 0x43, 0x87, 0x1b, 0xdd, 0x3,
    0x61, 0x81, 0xfc, 0x0, 0x7f, 0xff, 0x80,

    /* U+0408 "Ј" */
    0x0, 0x1f, 0xc0, 0x7, 0xff, 0xc9, 0xc3, 0xc0,
    0x1a, 0x6, 0xf4, 0xc4, 0x92, 0x8b, 0xe0,

    /* U+0409 "Љ" */
    0x0, 0xdf, 0xff, 0x60, 0x7, 0xff, 0x0, 0xa2,
    0x30, 0x7, 0xff, 0x9, 0x9d, 0xf0, 0x7, 0xff,
    0x0, 0x40, 0x3f, 0xf9, 0x2, 0x1, 0xe2, 0x11,
    0x0, 0x7c, 0x60, 0x1f, 0x1e, 0xf7, 0x50, 0x1,
    0xc2, 0x6, 0x1, 0xc5, 0x54, 0x92, 0x7b, 0x0,
    0xcc, 0x1c, 0x1, 0xc2, 0xaa, 0x6c, 0x34, 0x30,
    0xb, 0x40, 0xc0, 0x3f, 0xc8, 0xc, 0x1, 0x28,
    0x28, 0x7, 0xff, 0xd, 0xc9, 0x4, 0x3, 0xfc,
    0xa0, 0xe5, 0x90, 0x52, 0x1, 0xe1, 0x77, 0x47,
    0x12, 0x93, 0xc, 0x61, 0x0, 0x78, 0xa2, 0xe,
    0x53, 0x40,

    /* U+040A "Њ" */
    0x3f, 0x80, 0xe, 0xee, 0x0, 0x7f, 0xfc, 0x4,
    0x8b, 0x80, 0x4, 0x41, 0x0, 0xf3, 0x6e, 0xf0,
    0x8b, 0x75, 0xdf, 0x42, 0x1, 0x25, 0x57, 0x8,
    0xaa, 0x92, 0x8b, 0x80, 0x11, 0xaa, 0xf0, 0x1,
    0x54, 0xd6, 0x84, 0xa0, 0x1f, 0xfc, 0x2d, 0xd,
    0x0, 0xff, 0xe2, 0x78, 0x7, 0xff, 0xa, 0x80,
    0xc0, 0x3f, 0x85, 0xdd, 0x1a, 0x66, 0x40, 0xf,
    0xf4, 0x41, 0xc2, 0x30, 0x0,

    /* U+040B "Ћ" */
    0xf, 0xff, 0xf1, 0x0, 0x51, 0x13, 0x1, 0xc4,
    0x63, 0x0, 0x9d, 0xed, 0x4, 0x77, 0xc2, 0x1,
    0xff, 0xca, 0x12, 0x28, 0x40, 0x3f, 0x9b, 0x76,
    0xee, 0x20, 0x7, 0xcb, 0x55, 0x40, 0xd9, 0x0,
    0x78, 0x95, 0x67, 0xa0, 0xa0, 0xf, 0xf9, 0x0,
    0xc0, 0x3f, 0xe1, 0x7, 0x0, 0xff, 0xef, 0x0,

    /* U+040C "Ќ" */
    0x0, 0xe1, 0x73, 0x0, 0xfe, 0xdd, 0x18, 0x7,
    0xe3, 0xba, 0x0, 0xfe, 0x37, 0x0, 0xf1, 0xfc,
    0x0, 0x74, 0xfd, 0x0, 0x7e, 0x96, 0x5a, 0x0,
    0xfa, 0x59, 0x68, 0x3, 0xe9, 0x64, 0xa0, 0xf,
    0xa1, 0x92, 0xc0, 0x3e, 0x87, 0xe, 0x0, 0xf9,
    0x9d, 0xa, 0xc4, 0x3, 0xc2, 0x97, 0x23, 0x40,
    0x1e, 0x3b, 0x4, 0x64, 0x50, 0xe, 0x40, 0xa,
    0x4a, 0xc4, 0x3, 0xfb, 0x86, 0x80, 0x3f, 0x8d,
    0xd1, 0x80, 0x3f, 0xa0, 0xa4, 0x80,

    /* U+040D "Ѝ" */
    0x0, 0x8e, 0x4, 0x3, 0xf1, 0x8e, 0x0, 0x7f,
    0x4d, 0xa0, 0x7, 0xf3, 0x20, 0x6, 0x3f, 0x70,
    0xe, 0xef, 0xb0, 0xf, 0x9c, 0x40, 0x3f, 0xc,
    0x18, 0x7, 0xe8, 0x8, 0x0, 0xf8, 0x99, 0x10,
    0x1, 0xf4, 0x4, 0x80, 0x7c, 0x4a, 0xa2, 0x0,
    0xfa, 0x42, 0xc0, 0x3e, 0x34, 0x71, 0x0, 0xfb,
    0xc2, 0x40, 0x3e, 0xb3, 0x81, 0x0, 0xf8, 0xc5,
    0xc0, 0x3f, 0xa0, 0x3, 0xe0,

    /* U+040E "Ў" */
    0x0, 0xb, 0x88, 0xb, 0x88, 0x6, 0x1d, 0xef,
    0xed, 0x10, 0xe, 0xaf, 0xdf, 0xa0, 0xf, 0xc4,
    0x1, 0xcf, 0xec, 0x1, 0xcf, 0xee, 0xc1, 0x60,
    0x1d, 0x20, 0xe2, 0xc4, 0x80, 0x12, 0x8b, 0x0,
    0x28, 0x3c, 0x2, 0x90, 0xb0, 0x1, 0x99, 0x8,
    0x8, 0xd0, 0x80, 0x29, 0xa, 0xb, 0xf, 0x0,
    0xca, 0x2e, 0x4c, 0x48, 0x1, 0xd2, 0x1e, 0x16,
    0x1, 0xe6, 0x2, 0x6, 0x0, 0xf0, 0xa8, 0x30,
    0x7, 0xe6, 0xb, 0x0, 0xe2, 0x8b, 0x34, 0x20,
    0xe, 0x67, 0x55, 0x50, 0x7, 0x0,

    /* U+040F "Џ" */
    0x3f, 0x80, 0xf, 0x7e, 0x0, 0x7f, 0xff, 0xc0,
    0x3f, 0xfb, 0x28, 0xef, 0xe0, 0xc, 0x71, 0x1e,
    0x0, 0x1f, 0xfe, 0x7, 0xff, 0xb0, 0x3, 0xff,
    0x94,

    /* U+0410 "А" */
    0x0, 0xc3, 0xfe, 0x50, 0xf, 0xe7, 0x2, 0xe0,
    0xf, 0xea, 0x4b, 0x42, 0x0, 0xf8, 0xcd, 0xce,
    0x14, 0x1, 0xf5, 0x2, 0x8a, 0x30, 0x7, 0xce,
    0xa0, 0xe, 0x14, 0x0, 0xe5, 0x1e, 0x0, 0x28,
    0xf0, 0x7, 0x70, 0xb1, 0x14, 0x8a, 0x20, 0x11,
    0x20, 0xee, 0xe5, 0x7, 0x0, 0xa8, 0x26, 0xab,
    0x8a, 0xc0, 0x26, 0x26, 0x55, 0xea, 0x23, 0x4,
    0x1a, 0x0, 0xf2, 0x85, 0x7, 0x2, 0x80, 0x78,
    0x88, 0xc0,

    /* U+0411 "Б" */
    0x3f, 0xff, 0xc4, 0x1, 0x24, 0x47, 0x8c, 0x2,
    0x37, 0x7f, 0x8, 0x7, 0xff, 0x8, 0x48, 0x82,
    0x1, 0xf3, 0x6e, 0xbb, 0xf5, 0x40, 0x32, 0x55,
    0x50, 0x74, 0xc0, 0x11, 0xaa, 0xcf, 0x81, 0x60,
    0x1f, 0x88, 0xa0, 0xf, 0xe3, 0x0, 0xfe, 0x31,
    0x20, 0x9, 0x1d, 0xe9, 0xc0, 0x80, 0x8, 0xe2,
    0x27, 0x4b, 0x50,

    /* U+0412 "В" */
    0x3f, 0xfe, 0xda, 0x20, 0xc, 0x91, 0x13, 0xae,
    0x90, 0x4, 0x6e, 0xf5, 0x40, 0x28, 0x7, 0xe2,
    0x0, 0xe1, 0x18, 0x92, 0x5, 0x80, 0x26, 0xee,
    0x6d, 0x86, 0x8, 0x4, 0xb7, 0x6a, 0x83, 0xc2,
    0x0, 0x89, 0x10, 0xaf, 0x83, 0x20, 0x1f, 0x88,
    0x88, 0x1, 0xfc, 0x60, 0x1f, 0xc6, 0x24, 0x1,
    0x23, 0xbd, 0x38, 0x12, 0x1, 0x1c, 0x44, 0xe9,
    0x88, 0x0,

    /* U+0413 "Г" */
    0x3f, 0xff, 0xc0, 0x3, 0x88, 0xf0, 0x1, 0x1d,
    0xfc, 0x1, 0xff, 0xff, 0x0, 0xff, 0xe1, 0x80,

    /* U+0414 "Д" */
    0x0, 0x8b, 0xff, 0xeb, 0x0, 0xf8, 0xa2, 0x27,
    0x0, 0xfe, 0x77, 0xd2, 0x1, 0xff, 0xcb, 0x30,
    0xf, 0xf8, 0x40, 0x3f, 0xf8, 0x2c, 0x1c, 0x1,
    0xff, 0x10, 0x10, 0x7, 0xfd, 0xa0, 0xe0, 0x1f,
    0xf3, 0x89, 0x0, 0x7f, 0x94, 0x90, 0x3, 0xfd,
    0x34, 0x6, 0xef, 0xa4, 0x19, 0xc4, 0x4c, 0x0,
    0x68, 0x8c, 0xe0, 0x50, 0x60, 0x9, 0xff, 0xfd,
    0x40, 0x1f, 0xfc, 0x53, 0x20, 0xf, 0xcc, 0x60,

    /* U+0415 "Е" */
    0x3f, 0xff, 0xc2, 0x0, 0x38, 0x8f, 0x8, 0x1,
    0x1d, 0xfc, 0x1, 0xff, 0xc1, 0x12, 0x2e, 0x10,
    0x9, 0xb7, 0x7c, 0x1, 0x25, 0x57, 0x40, 0x4,
    0x6a, 0xbc, 0x80, 0x1f, 0xfd, 0x54, 0x77, 0xf0,
    0x80, 0xe, 0x23, 0xc4,

    /* U+0416 "Ж" */
    0x1d, 0xf4, 0x0, 0xc7, 0xf2, 0x1, 0x87, 0x7d,
    0x0, 0x70, 0xac, 0xc0, 0x3f, 0xda, 0x54, 0x80,
    0x1, 0xc1, 0xc3, 0x0, 0xfd, 0x67, 0x2a, 0x1,
    0x87, 0x7, 0x48, 0x3, 0xd4, 0x90, 0xc0, 0x1e,
    0x2d, 0x1c, 0x10, 0xd, 0x2a, 0xee, 0x0, 0xfc,
    0x66, 0x1c, 0x70, 0x4, 0x30, 0x58, 0x7, 0xf3,
    0x9a, 0x95, 0x3, 0xb9, 0x47, 0xc0, 0x3f, 0x14,
    0x1d, 0x50, 0x40, 0x52, 0xa0, 0xdc, 0x3, 0xe9,
    0xe, 0x5, 0x80, 0x3b, 0x6, 0x48, 0x20, 0xe,
    0x64, 0x82, 0x0, 0x20, 0x28, 0x5, 0x21, 0xc0,
    0x18, 0x60, 0xdc, 0x3, 0xf8, 0xa4, 0xd8, 0x2,
    0xb1, 0xf0, 0xf, 0xf9, 0x8e, 0x44, 0x15, 0x4e,
    0x60, 0x1f, 0xfc, 0xe, 0xa, 0x0,

    /* U+0417 "З" */
    0x4a, 0xdf, 0xf6, 0xd1, 0x80, 0x3d, 0xd1, 0xdc,
    0x88, 0xc7, 0xa, 0xd9, 0x88, 0x4f, 0x8c, 0x0,
    0x80, 0x70, 0x90, 0x6, 0x12, 0x21, 0xc9, 0xc0,
    0x5, 0x3b, 0xac, 0x6a, 0x70, 0xa, 0xaa, 0x82,
    0xa6, 0x0, 0x89, 0x54, 0xfa, 0x52, 0x20, 0x1f,
    0x50, 0x28, 0x7, 0xde, 0x0, 0x50, 0xe, 0x16,
    0x4, 0x8f, 0xa8, 0x85, 0x70, 0xd0, 0x4b, 0x3b,
    0xe6, 0xd5, 0x0,

    /* U+0418 "И" */
    0x3f, 0x70, 0xe, 0xef, 0xb0, 0xf, 0x9c, 0x40,
    0x3f, 0xc, 0x18, 0x7, 0xe8, 0x8, 0x0, 0xf8,
    0x99, 0x10, 0x1, 0xf4, 0x4, 0x80, 0x7c, 0x4a,
    0xa2, 0x0, 0xfa, 0x42, 0xc0, 0x3e, 0x34, 0x71,
    0x0, 0xfb, 0xc2, 0x40, 0x3e, 0xb3, 0x81, 0x0,
    0xf8, 0xc5, 0xc0, 0x3f, 0xa0, 0x3, 0xe0,

    /* U+0419 "Й" */
    0x0, 0x9c, 0x80, 0xc, 0x40, 0x1d, 0xfb, 0xfe,
    0xd2, 0x0, 0xe8, 0xfd, 0xeb, 0x0, 0xfc, 0x42,
    0x1, 0x8f, 0xdc, 0x3, 0xbb, 0xec, 0x3, 0xe7,
    0x10, 0xf, 0xc3, 0x6, 0x1, 0xfa, 0x2, 0x0,
    0x3e, 0x26, 0x44, 0x0, 0x7d, 0x1, 0x20, 0x1f,
    0x12, 0xa8, 0x80, 0x3e, 0x90, 0xb0, 0xf, 0x8d,
    0x1c, 0x40, 0x3e, 0xf0, 0x90, 0xf, 0xac, 0xe0,
    0x40, 0x3e, 0x31, 0x70, 0xf, 0xe8, 0x0, 0xf8,

    /* U+041A "К" */
    0x3f, 0x80, 0xe, 0x9f, 0xa0, 0xf, 0xd2, 0xcb,
    0x40, 0x1f, 0x4b, 0x2d, 0x0, 0x7d, 0x2c, 0x94,
    0x1, 0xf4, 0x32, 0x58, 0x7, 0xd0, 0xe1, 0xc0,
    0x1f, 0x33, 0xa1, 0x58, 0x80, 0x78, 0x52, 0xe4,
    0x68, 0x3, 0xc7, 0x60, 0x8c, 0x8a, 0x1, 0xc8,
    0x1, 0x49, 0x58, 0x80, 0x7f, 0x70, 0xd0, 0x7,
    0xf1, 0xba, 0x30, 0x7, 0xf4, 0x14, 0x90,

    /* U+041B "Л" */
    0x0, 0xdf, 0xff, 0x60, 0x7, 0x14, 0x46, 0x0,
    0xf9, 0x9d, 0xf0, 0x7, 0x8, 0x7, 0xff, 0x4,
    0x40, 0x3f, 0x8c, 0x3, 0xfe, 0x10, 0x30, 0xf,
    0xe6, 0xe, 0x0, 0xfe, 0xd0, 0x30, 0xf, 0xe4,
    0x5, 0x0, 0xfc, 0xc6, 0x82, 0x1, 0xe2, 0xb9,
    0x19, 0x0, 0xf9, 0x98, 0xfe, 0x40, 0x1f, 0x0,

    /* U+041C "М" */
    0x3f, 0xf4, 0x80, 0x70, 0xff, 0xb0, 0x2, 0x60,
    0xe, 0x60, 0xe, 0x50, 0x50, 0xd, 0x48, 0x1,
    0xb4, 0xf8, 0x2, 0x32, 0xe0, 0xe, 0xa4, 0x10,
    0x5, 0xa, 0x80, 0x73, 0x3, 0x0, 0x1d, 0x80,
    0x3e, 0x5a, 0x5, 0x1a, 0x0, 0xfb, 0x89, 0x38,
    0xc8, 0x3, 0xe4, 0x1f, 0x4a, 0x0, 0xfe, 0x64,
    0x7, 0x0, 0xfe, 0x97, 0x91, 0x0, 0xfe, 0x18,
    0x60, 0xf, 0xfe, 0x30,

    /* U+041D "Н" */
    0x3f, 0x80, 0xf, 0x7e, 0x0, 0x7f, 0xf5, 0xc4,
    0x8b, 0xc0, 0x19, 0xb7, 0x7c, 0x1, 0x92, 0xab,
    0xc0, 0x18, 0xd5, 0x7c, 0x1, 0xff, 0xed,

    /* U+041E "О" */
    0x0, 0x9f, 0x3f, 0xdb, 0x2, 0x1, 0x8b, 0x61,
    0xe2, 0xe, 0xef, 0x30, 0xb, 0xca, 0xad, 0xdd,
    0x58, 0x3a, 0x20, 0xc4, 0xca, 0x1, 0x8e, 0x46,
    0x3, 0x42, 0xc0, 0x3c, 0xc0, 0xe0, 0xa0, 0x40,
    0x1f, 0x18, 0x8e, 0x0, 0xfc, 0xe0, 0x62, 0x20,
    0xf, 0xce, 0x6, 0xa0, 0x40, 0x1f, 0x18, 0x8b,
    0x42, 0xc0, 0x3c, 0xc0, 0xe0, 0xc4, 0xca, 0x1,
    0x8e, 0x46, 0x0, 0x1e, 0x55, 0x6e, 0xea, 0xc1,
    0xd1, 0x0, 0x16, 0xc3, 0xc4, 0x1d, 0xde, 0x60,
    0x0,

    /* U+041F "П" */
    0x3f, 0xff, 0xec, 0x0, 0x1c, 0x47, 0x80, 0x32,
    0x3b, 0xf8, 0x3, 0xff, 0xfe, 0x1, 0xff, 0xd9,

    /* U+0420 "Р" */
    0x3f, 0xfe, 0xc6, 0x0, 0xc9, 0x10, 0x72, 0x99,
    0x0, 0x46, 0xee, 0x8f, 0x16, 0x10, 0xf, 0xa,
    0x1, 0x0, 0x7c, 0xe0, 0x20, 0x1, 0x22, 0x1d,
    0x11, 0x90, 0x1, 0xb7, 0x58, 0xa7, 0xa0, 0x12,
    0x55, 0xdb, 0xb0, 0x40, 0x23, 0x54, 0x40, 0x80,
    0x7f, 0xf7, 0xc0,

    /* U+0421 "С" */
    0x0, 0x9b, 0x3b, 0xfa, 0xd4, 0x0, 0x5b, 0x20,
    0xd0, 0xcf, 0x50, 0x1e, 0x53, 0x90, 0xf1, 0x98,
    0xf6, 0x26, 0x60, 0x7, 0x1b, 0xe8, 0x58, 0x7,
    0xe5, 0x2, 0x0, 0xfc, 0x22, 0x0, 0xfe, 0x11,
    0x0, 0x7f, 0x28, 0x10, 0x7, 0xed, 0xb, 0x0,
    0xfc, 0xc4, 0xcc, 0x0, 0xe4, 0x70, 0xf2, 0x9c,
    0x87, 0x8c, 0xbf, 0x2, 0xd9, 0x6, 0x86, 0x7a,
    0x80,

    /* U+0422 "Т" */
    0xf, 0xff, 0xf8, 0x1, 0x11, 0x94, 0x16, 0x23,
    0x0, 0x1d, 0xf6, 0x6, 0x3b, 0xe0, 0xf, 0xff,
    0xf8, 0x7, 0xff, 0xb0,

    /* U+0423 "У" */
    0x7f, 0x60, 0xe, 0x7f, 0x76, 0xb, 0x0, 0xe9,
    0x7, 0x16, 0x24, 0x0, 0x94, 0x58, 0x1, 0x41,
    0xe0, 0x14, 0x85, 0x80, 0xc, 0xc8, 0x40, 0x46,
    0x84, 0x1, 0x48, 0x50, 0x58, 0x78, 0x6, 0x51,
    0x72, 0x62, 0x40, 0xe, 0x90, 0xf0, 0xb0, 0xf,
    0x30, 0x10, 0x30, 0x7, 0x85, 0x41, 0x80, 0x3f,
    0x30, 0x58, 0x7, 0x14, 0x59, 0xa1, 0x0, 0x73,
    0x3a, 0xaa, 0x80, 0x38,

    /* U+0424 "Ф" */
    0x0, 0xe2, 0xfa, 0x0, 0xfe, 0x59, 0xe0, 0x4a,
    0x72, 0x0, 0xc7, 0xb4, 0xc0, 0x13, 0xc6, 0xc8,
    0x0, 0xb0, 0xa7, 0xf8, 0x13, 0x74, 0x8d, 0x21,
    0x61, 0x2c, 0x1, 0xc5, 0x64, 0xc2, 0x80, 0xe0,
    0x1f, 0x90, 0x10, 0xc0, 0x40, 0x3f, 0x70, 0x19,
    0x1, 0x0, 0x7e, 0xd0, 0x2b, 0x8, 0x0, 0xf8,
    0x94, 0x51, 0xcd, 0x6d, 0x4, 0x0, 0x4f, 0x81,
    0x60, 0xc, 0x74, 0xbc, 0x5, 0xd8, 0x2b, 0x50,
    0xa, 0x3e, 0xe0, 0xe, 0xb7, 0x10, 0x3, 0xc8,
    0xa0, 0xca, 0x40, 0x18,

    /* U+0425 "Х" */
    0x8, 0xf6, 0x0, 0xec, 0xf2, 0x8, 0x29, 0x10,
    0x9, 0xce, 0x8, 0x1, 0xc1, 0x40, 0x2, 0x83,
    0x70, 0x8, 0xdd, 0x18, 0x38, 0x38, 0x3, 0xa0,
    0xe6, 0x47, 0x4, 0x1, 0xee, 0x6, 0x37, 0x0,
    0xff, 0x58, 0x7, 0xe9, 0x2, 0x82, 0x0, 0xf3,
    0x24, 0x78, 0x70, 0x7, 0x14, 0x9b, 0x94, 0x1b,
    0x0, 0x6e, 0xe, 0x0, 0x39, 0xc9, 0x0, 0x1c,
    0xe0, 0x80, 0x2e, 0xe, 0x2, 0x83, 0x70, 0xc,
    0x50, 0x6c,

    /* U+0426 "Ц" */
    0x3f, 0x80, 0xf, 0x7e, 0x0, 0x7f, 0xff, 0xc0,
    0x3f, 0xfd, 0xe8, 0xef, 0xe0, 0x27, 0x20, 0x1,
    0xc4, 0x78, 0x6, 0x18, 0xff, 0xff, 0xb0, 0x3,
    0xff, 0x9a, 0x26, 0xe0,

    /* U+0427 "Ч" */
    0x7f, 0x50, 0xc, 0x7f, 0x20, 0x1f, 0xfd, 0x22,
    0xd, 0x0, 0xf9, 0x5, 0xd8, 0x8a, 0x60, 0x0,
    0xd0, 0xce, 0xed, 0x40, 0x12, 0x76, 0x55, 0x50,
    0x1, 0xc6, 0xab, 0x20, 0x7, 0xff, 0x78,

    /* U+0428 "Ш" */
    0x3f, 0x80, 0xc, 0x9f, 0x0, 0x19, 0x3d, 0xc0,
    0x3f, 0xff, 0xe0, 0x1f, 0xff, 0xf0, 0xf, 0xfe,
    0x52, 0x3b, 0xed, 0x4, 0x77, 0xdc, 0x1, 0x8e,
    0x23, 0x30, 0x1c, 0x46, 0x50, 0x0,

    /* U+0429 "Щ" */
    0x3f, 0x80, 0xc, 0x9f, 0x0, 0x19, 0x3d, 0xc0,
    0x3f, 0xff, 0xe0, 0x1f, 0xff, 0xf0, 0xf, 0xfe,
    0xaa, 0x3b, 0xed, 0x4, 0x77, 0xdc, 0x18, 0xe0,
    0x3, 0x88, 0xcc, 0x7, 0x11, 0x94, 0x12, 0xf,
    0xff, 0xff, 0x86, 0xe0, 0x1f, 0xfd, 0x7e, 0x30,

    /* U+042A "Ъ" */
    0x7f, 0xfe, 0x20, 0xf, 0x92, 0x22, 0x30, 0xf,
    0xe3, 0x77, 0x94, 0x3, 0xff, 0xa2, 0xc4, 0x41,
    0x0, 0xff, 0x5e, 0xeb, 0xbe, 0xc8, 0x3, 0xe9,
    0xaa, 0x99, 0x30, 0x40, 0x3c, 0x8a, 0xb4, 0xb8,
    0xc8, 0x7, 0xfd, 0x60, 0x40, 0x1f, 0xfc, 0xda,
    0xd, 0x0, 0xf5, 0x3b, 0xa3, 0x18, 0x98, 0x3,
    0xcf, 0x10, 0x71, 0x6c, 0x10,

    /* U+042B "Ы" */
    0x3f, 0x80, 0xf, 0xd5, 0xe2, 0x1, 0xff, 0xe0,
    0x12, 0x20, 0x80, 0x7f, 0x9b, 0x75, 0xdf, 0xaa,
    0x1, 0xf2, 0x55, 0x50, 0x74, 0xc0, 0x1e, 0x35,
    0x59, 0xf0, 0x2c, 0x3, 0xfe, 0x22, 0x80, 0x3f,
    0xf8, 0x6, 0x1, 0xff, 0xc0, 0x31, 0x20, 0xf,
    0x23, 0xbd, 0x58, 0x12, 0x1, 0xe3, 0x88, 0x91,
    0x18, 0x80, 0x18,

    /* U+042C "Ь" */
    0x3f, 0x80, 0xf, 0xfe, 0xf8, 0x91, 0x4, 0x3,
    0xe6, 0xdd, 0x77, 0xea, 0x80, 0x64, 0xaa, 0xa0,
    0xe9, 0x80, 0x23, 0x55, 0x9f, 0x2, 0xc0, 0x3f,
    0x11, 0x40, 0x1f, 0xc6, 0x1, 0xfc, 0x62, 0x40,
    0x12, 0x3b, 0xd5, 0x81, 0x20, 0x11, 0xc4, 0x48,
    0x8c, 0x40,

    /* U+042D "Э" */
    0x1, 0x8c, 0xff, 0x75, 0x18, 0x6, 0xe7, 0x68,
    0x83, 0xa6, 0x40, 0x4, 0xbd, 0x4e, 0xe9, 0xe4,
    0x76, 0x0, 0x50, 0x80, 0x75, 0x4, 0x0, 0x7f,
    0xb, 0xa, 0x0, 0x44, 0x5e, 0xe0, 0x30, 0x2,
    0xee, 0xfa, 0x3, 0xc0, 0x9, 0x55, 0xe6, 0xf,
    0x0, 0xa, 0xaf, 0x80, 0x6, 0x1, 0xf8, 0x5c,
    0x50, 0x24, 0x40, 0x3a, 0xc6, 0x0, 0xd, 0xd4,
    0xee, 0x9e, 0x57, 0x60, 0x7, 0x3b, 0x44, 0x1d,
    0x32, 0x0, 0x0,

    /* U+042E "Ю" */
    0x2f, 0xa0, 0xe, 0x5b, 0xef, 0xea, 0x30, 0xf,
    0xf5, 0xd3, 0x32, 0x1d, 0x31, 0xc0, 0x3f, 0x4a,
    0x36, 0xc3, 0xcf, 0x94, 0x20, 0x7, 0x89, 0x8a,
    0x40, 0x30, 0xf8, 0x48, 0x7, 0x94, 0x2c, 0x3,
    0xc4, 0x84, 0x40, 0x8, 0x89, 0x80, 0xa0, 0x1f,
    0x18, 0x38, 0x1, 0x77, 0x48, 0x2, 0x1, 0xf7,
    0x81, 0x80, 0x12, 0xa8, 0x60, 0x20, 0x1f, 0x78,
    0x18, 0x0, 0x55, 0x48, 0xa, 0x1, 0xf1, 0x83,
    0x80, 0x75, 0x5, 0x80, 0x78, 0x90, 0x88, 0x1,
    0xc4, 0xa5, 0x20, 0x18, 0x7c, 0x24, 0x3, 0xea,
    0x46, 0xd8, 0x79, 0xf2, 0x84, 0x0, 0xfd, 0x72,
    0x2d, 0xe, 0x98, 0xe0, 0x0,

    /* U+042F "Я" */
    0x0, 0x3e, 0x7f, 0xf5, 0x85, 0x40, 0xbc, 0x44,
    0x0, 0x25, 0x1d, 0x87, 0x78, 0x0, 0xe0, 0x80,
    0x1f, 0x30, 0x30, 0x7, 0xc6, 0x47, 0x26, 0x45,
    0x0, 0x58, 0xcc, 0xcd, 0xd8, 0x2, 0x19, 0x80,
    0x6a, 0xa0, 0x6, 0x18, 0x29, 0x55, 0x0, 0x6b,
    0x9, 0x0, 0xf2, 0x2a, 0x90, 0x3, 0xd2, 0x16,
    0x1, 0xe7, 0x29, 0x10, 0xf, 0x0,

    /* U+0430 "а" */
    0x18, 0xce, 0xfd, 0x70, 0x1, 0x32, 0xc4, 0xb4,
    0x48, 0x1f, 0x4b, 0x32, 0xd9, 0x82, 0x1, 0xed,
    0x4, 0x6, 0xcf, 0xfa, 0xc0, 0xde, 0x5a, 0xb3,
    0x12, 0x0, 0xa2, 0xa5, 0x33, 0x0, 0x7f, 0x58,
    0x1, 0x4a, 0xd9, 0xf4, 0x40, 0x10, 0xeb, 0x35,
    0x4f, 0x0, 0x0,

    /* U+0431 "б" */
    0x0, 0xf8, 0x48, 0x3, 0x8e, 0xbb, 0xfb, 0x4c,
    0x2, 0x6c, 0x78, 0xbb, 0x61, 0x80, 0xe, 0x53,
    0x59, 0x10, 0x60, 0x14, 0x8d, 0x80, 0x7e, 0x45,
    0x8d, 0xfe, 0x91, 0x0, 0x85, 0x1d, 0xd2, 0xed,
    0xe2, 0x1, 0xa2, 0x9a, 0x68, 0x60, 0x3, 0x38,
    0x4, 0xa4, 0xe0, 0x1, 0x20, 0xe, 0x71, 0x10,
    0x18, 0x7, 0xf9, 0x88, 0x3, 0x9c, 0x44, 0x1a,
    0xe, 0x1, 0x29, 0x38, 0x1, 0x8e, 0x29, 0xa6,
    0x86, 0x0, 0x2c, 0x77, 0x4b, 0xaf, 0x88, 0x0,

    /* U+0432 "в" */
    0x5f, 0xfd, 0xd4, 0x20, 0x14, 0x5d, 0xa5, 0x70,
    0x2, 0x34, 0x43, 0xb1, 0x0, 0x70, 0xa3, 0x98,
    0x5, 0x7f, 0xd6, 0x5a, 0x1, 0x4e, 0x62, 0x47,
    0x4, 0x0, 0x46, 0x66, 0x92, 0x70, 0xf, 0xc2,
    0x0, 0x34, 0x43, 0x50, 0x28, 0x2, 0x2e, 0xd0,
    0xb8, 0x40,

    /* U+0433 "г" */
    0x5f, 0xff, 0x48, 0x2, 0x2e, 0xf8, 0x0, 0x68,
    0x98, 0x80, 0x3f, 0xfd, 0x80,

    /* U+0434 "д" */
    0x0, 0x9f, 0xff, 0xc6, 0x1, 0xe9, 0xbb, 0x30,
    0x7, 0xe4, 0x4b, 0xc0, 0x3f, 0xf8, 0xdc, 0x6,
    0x1, 0xfc, 0x40, 0x20, 0x1f, 0xca, 0x60, 0x1f,
    0xc8, 0x36, 0x1, 0xf9, 0x68, 0x9, 0x12, 0xf0,
    0x42, 0x1a, 0x10, 0xab, 0xb9, 0x82, 0x28, 0x1,
    0x9f, 0xff, 0x18, 0x7, 0xff, 0x4, 0x60, 0x80,
    0x3e, 0x9b,

    /* U+0435 "е" */
    0x0, 0x3e, 0xff, 0xac, 0xc0, 0x2b, 0x87, 0x98,
    0x6c, 0x30, 0x74, 0xaa, 0x33, 0xe0, 0xc0, 0x59,
    0x28, 0x4, 0x2e, 0x80, 0x65, 0xff, 0xcc, 0x2,
    0x5, 0x99, 0xf0, 0x91, 0xc, 0xfe, 0xa, 0x8,
    0x0, 0xe1, 0x7, 0x47, 0xc7, 0x68, 0xca, 0x0,
    0x5c, 0x84, 0x4a, 0xb7, 0x80,

    /* U+0436 "ж" */
    0x6, 0xf7, 0x0, 0xaf, 0x80, 0x24, 0xfa, 0x0,
    0x34, 0x41, 0x40, 0x3c, 0x76, 0x94, 0x1, 0x3b,
    0x52, 0x0, 0x62, 0xd3, 0xb0, 0xe, 0x95, 0xb3,
    0x0, 0xe, 0x1e, 0x0, 0x7c, 0xc1, 0xac, 0x38,
    0x26, 0x20, 0x1e, 0x63, 0xa2, 0x20, 0x1d, 0x8d,
    0x80, 0x71, 0x4a, 0xab, 0x48, 0x31, 0x25, 0x50,
    0x3, 0x48, 0xd8, 0xb, 0x9, 0x3, 0x1d, 0x0,
    0x4c, 0x96, 0x20, 0x1f, 0x70, 0xc8, 0xc, 0xaa,
    0x80, 0x3f, 0x14, 0x32, 0x0,

    /* U+0437 "з" */
    0x5c, 0xef, 0xea, 0x20, 0x36, 0x99, 0x3a, 0xe0,
    0x35, 0x3b, 0x4c, 0x9, 0x80, 0x42, 0x76, 0x26,
    0x0, 0xee, 0x60, 0x78, 0x5, 0xb7, 0x25, 0xa0,
    0x11, 0xa3, 0x69, 0xb0, 0x7, 0x38, 0xd, 0x43,
    0x2c, 0x58, 0x31, 0x2c, 0xd2, 0xb6, 0x88,

    /* U+0438 "и" */
    0x5f, 0x40, 0x9, 0x7f, 0xc2, 0x1, 0xe8, 0x0,
    0xfc, 0xe4, 0x80, 0x1e, 0x18, 0x73, 0x0, 0xf5,
    0x8c, 0x0, 0x79, 0x16, 0xc0, 0x3e, 0x93, 0x50,
    0xf, 0x79, 0x78, 0x7, 0xc8, 0xc6, 0x1, 0xf0,
    0xc0, 0x7, 0x80,

    /* U+0439 "й" */
    0x0, 0x30, 0x80, 0x11, 0x0, 0x1b, 0x20, 0xa,
    0x44, 0x3, 0x42, 0x7e, 0xb2, 0x80, 0x62, 0xdd,
    0x75, 0x80, 0x4b, 0xe8, 0x4, 0x2b, 0xfe, 0x10,
    0xf, 0x40, 0x7, 0xe7, 0x24, 0x0, 0xf0, 0xc3,
    0x98, 0x7, 0xac, 0x60, 0x3, 0xc8, 0xb6, 0x1,
    0xf4, 0x9a, 0x80, 0x7b, 0xcb, 0xc0, 0x3e, 0x46,
    0x30, 0xf, 0x86, 0x0, 0x3c,

    /* U+043A "к" */
    0x5f, 0x40, 0xa, 0xbd, 0x40, 0x3d, 0x4b, 0x4a,
    0x1, 0xd2, 0xb4, 0xa0, 0x1d, 0x2d, 0x2a, 0x1,
    0xd0, 0xc0, 0x20, 0x1e, 0x38, 0x58, 0x30, 0xe,
    0x77, 0x58, 0xf0, 0x7, 0x60, 0xd, 0x14, 0x0,
    0x7c, 0x8c, 0xe6, 0x1, 0xf4, 0x96, 0x80,

    /* U+043B "л" */
    0x0, 0xab, 0xff, 0xc0, 0x1e, 0xbb, 0x90, 0x3,
    0xe4, 0x48, 0x80, 0x38, 0x44, 0x1, 0xfc, 0xe0,
    0x1f, 0xe1, 0x20, 0xf, 0xe2, 0x50, 0xf, 0xcc,
    0x18, 0x1, 0xe2, 0x99, 0x1a, 0x80, 0x79, 0xd1,
    0xf0, 0x3, 0xe0,

    /* U+043C "м" */
    0x5f, 0xf1, 0x80, 0x69, 0xff, 0x0, 0x52, 0x1,
    0xb, 0x0, 0x66, 0x51, 0x0, 0x30, 0xa0, 0x5,
    0xa2, 0xc0, 0xa, 0x60, 0xe, 0x6a, 0x4, 0x29,
    0x0, 0xe9, 0x24, 0xf5, 0x10, 0xe, 0x15, 0x84,
    0xe0, 0xf, 0xb8, 0xc9, 0x0, 0x3e, 0x4e, 0xd0,
    0xf, 0xe1, 0x0, 0xe0,

    /* U+043D "н" */
    0x5f, 0x40, 0xc, 0xfe, 0x40, 0x1f, 0xfc, 0xff,
    0x0, 0xd7, 0xff, 0x9c, 0x3, 0x46, 0x66, 0x60,
    0xc, 0x67, 0xdc, 0x1, 0xff, 0xd4,

    /* U+043E "о" */
    0x1, 0x9e, 0xfe, 0x91, 0x0, 0xb1, 0x9e, 0x5d,
    0xb0, 0x42, 0xa, 0x64, 0xd3, 0x22, 0x90, 0x51,
    0x60, 0x9, 0x85, 0x40, 0x88, 0x1, 0xc4, 0x40,
    0xf, 0xf8, 0x88, 0x1, 0xc4, 0x40, 0x51, 0x60,
    0x9, 0x85, 0x42, 0xa, 0x64, 0xd3, 0x22, 0x90,
    0x6, 0x33, 0xcb, 0xb6, 0x8, 0x0,

    /* U+043F "п" */
    0x5f, 0xff, 0xc4, 0x0, 0x8b, 0xbc, 0xa0, 0x18,
    0xd1, 0x36, 0x80, 0x7f, 0xff, 0x0,

    /* U+0440 "р" */
    0x5f, 0x58, 0xef, 0xd5, 0x0, 0xd6, 0x59, 0xaf,
    0x4a, 0x1, 0x1d, 0x11, 0x28, 0xec, 0x2, 0xa0,
    0xd, 0x42, 0x80, 0x3, 0x0, 0xc4, 0x4, 0x0,
    0x10, 0xf, 0xed, 0x0, 0xc6, 0x4, 0x0, 0x61,
    0x0, 0xa4, 0x50, 0x0, 0x58, 0xee, 0xd1, 0xb0,
    0xa, 0x16, 0x60, 0x29, 0x40, 0x34, 0x77, 0xea,
    0x80, 0x7f, 0xf5, 0x0,

    /* U+0441 "с" */
    0x0, 0x3e, 0xff, 0xb1, 0x83, 0x21, 0xa2, 0x57,
    0x5c, 0xde, 0xdd, 0xa6, 0xe8, 0x60, 0x3, 0x88,
    0x80, 0x1f, 0xfc, 0x22, 0x20, 0x7, 0xa8, 0x60,
    0x3, 0x9c, 0xde, 0xdd, 0xa6, 0xc3, 0x21, 0xa2,
    0xb, 0xa0,

    /* U+0442 "т" */
    0x7f, 0xff, 0xe5, 0xbb, 0x94, 0x2e, 0xf1, 0x22,
    0x44, 0x8, 0x98, 0x3, 0xff, 0xf4,

    /* U+0443 "у" */
    0x4f, 0x70, 0xe, 0xce, 0x4, 0x2a, 0x0, 0xc4,
    0x6c, 0x0, 0xa2, 0x30, 0xa, 0x82, 0x80, 0xc,
    0x14, 0x1, 0x32, 0x10, 0x0, 0x55, 0x80, 0xa,
    0x3c, 0x1, 0xb8, 0x14, 0x38, 0x54, 0x3, 0x20,
    0xc8, 0xa3, 0x80, 0x7a, 0x4e, 0xc2, 0x80, 0x3c,
    0xc0, 0xa6, 0x60, 0xf, 0xa, 0x5, 0x0, 0x7e,
    0x10, 0x60, 0xf, 0x85, 0x58, 0x3, 0xc6, 0xba,
    0x16, 0x1, 0xea, 0xa0, 0xd1, 0x0, 0x70,

    /* U+0444 "ф" */
    0x0, 0xf1, 0x7c, 0x0, 0x7f, 0xf6, 0x8f, 0x3f,
    0x18, 0x1, 0x3f, 0xce, 0x1, 0xe, 0x14, 0x25,
    0x3, 0x14, 0xac, 0x38, 0x2, 0x3, 0x1e, 0x2c,
    0x16, 0xda, 0xd2, 0x0, 0x8, 0x64, 0x0, 0x70,
    0x30, 0xb, 0x41, 0x0, 0x98, 0x3, 0xf8, 0x80,
    0x40, 0x3f, 0xf8, 0x46, 0x2, 0xc0, 0x1f, 0xc4,
    0x4, 0xe, 0x64, 0x0, 0x70, 0x30, 0xb, 0x41,
    0x2, 0xc3, 0x1d, 0xd6, 0xb, 0x6d, 0x69, 0x0,
    0x2, 0xc2, 0x8b, 0xa0, 0x62, 0x95, 0x87, 0x0,
    0x8f, 0x3f, 0x18, 0x1, 0x3f, 0xce, 0x1, 0xff,
    0xe3,

    /* U+0445 "х" */
    0xc, 0xf2, 0x0, 0x9b, 0xe0, 0x1, 0xa3, 0xe0,
    0x2, 0x93, 0x80, 0x0, 0xd9, 0x48, 0x78, 0xe8,
    0x6, 0x56, 0x66, 0x15, 0x8, 0x7, 0x49, 0x1b,
    0x20, 0x7, 0x8c, 0x81, 0x40, 0x3e, 0xe1, 0x83,
    0x80, 0xe, 0xa2, 0xa7, 0x57, 0x30, 0x9, 0x95,
    0xd0, 0x2c, 0x74, 0x40, 0xa4, 0xe0, 0x0, 0x3a,
    0x34, 0x0,

    /* U+0446 "ц" */
    0x5f, 0x40, 0xc, 0xfe, 0x40, 0x1f, 0xff, 0xf0,
    0xe, 0x34, 0x4d, 0xa0, 0x82, 0x0, 0x8b, 0xbc,
    0xa1, 0x2e, 0xbf, 0xff, 0x88, 0x3, 0xff, 0x93,
    0x6a,

    /* U+0447 "ч" */
    0xbf, 0x0, 0xd3, 0xe0, 0x1f, 0x84, 0x3, 0xe3,
    0x0, 0xfb, 0x2, 0x44, 0x0, 0x60, 0xac, 0xce,
    0xff, 0x28, 0x2, 0x7b, 0x32, 0x40, 0x8, 0x4c,
    0xe2, 0x0, 0xff, 0xe2, 0x80,

    /* U+0448 "ш" */
    0x5f, 0x40, 0xa, 0x7c, 0x3, 0x66, 0x80, 0x7f,
    0xff, 0xc0, 0x3f, 0xf9, 0xa6, 0x89, 0x10, 0x2a,
    0x24, 0x20, 0x14, 0x5d, 0xc8, 0x15, 0x77, 0x10,
    0x0,

    /* U+0449 "щ" */
    0x5f, 0x40, 0xa, 0x7c, 0x3, 0x66, 0x80, 0x7f,
    0xff, 0xc0, 0x3f, 0xfb, 0xa6, 0x89, 0x10, 0x2a,
    0x24, 0x26, 0x80, 0x14, 0x5d, 0xc8, 0x15, 0x77,
    0x10, 0xd9, 0x2f, 0xff, 0xff, 0x3, 0x40, 0x3f,
    0xfa, 0x67, 0x4,

    /* U+044A "ъ" */
    0x7f, 0xfc, 0xa0, 0x1e, 0x5b, 0xb4, 0x0, 0x7e,
    0x24, 0x41, 0x80, 0x7f, 0xf0, 0x4c, 0x3, 0xfe,
    0x9f, 0xfb, 0x14, 0x3, 0xcf, 0x98, 0xa0, 0xa4,
    0x0, 0xed, 0x33, 0x2f, 0x6, 0x80, 0x7f, 0xf1,
    0x75, 0x10, 0xde, 0x1a, 0x1, 0xcf, 0x76, 0x86,
    0xb4,

    /* U+044B "ы" */
    0x5f, 0x40, 0xf, 0xbe, 0x40, 0x3f, 0xfb, 0x57,
    0xff, 0x62, 0x0, 0x7a, 0x33, 0x12, 0x36, 0x60,
    0x1c, 0x67, 0x34, 0x82, 0x0, 0x7f, 0xf1, 0x4d,
    0x10, 0xd4, 0xa, 0x1, 0xd1, 0x76, 0x85, 0xc2,
    0x0, 0x80,

    /* U+044C "ь" */
    0x5f, 0x40, 0xf, 0xfe, 0xbd, 0xff, 0xd8, 0x80,
    0x14, 0x66, 0x24, 0x6c, 0xc0, 0x6, 0x73, 0x48,
    0x20, 0x7, 0xfc, 0x68, 0x86, 0xa0, 0x50, 0x4,
    0x5d, 0xa1, 0x70, 0x80,

    /* U+044D "э" */
    0x8d, 0xff, 0x62, 0x80, 0x15, 0x53, 0x27, 0xa8,
    0xd, 0x86, 0x65, 0xab, 0x98, 0x7, 0x40, 0x50,
    0x77, 0xfd, 0xa0, 0x41, 0xb9, 0x98, 0x2, 0x33,
    0xc2, 0x4, 0x1, 0xd0, 0x15, 0xd0, 0xcf, 0xaa,
    0xc6, 0xcb, 0x30, 0x33, 0x20,

    /* U+044E "ю" */
    0x4f, 0x50, 0xa, 0x37, 0xfa, 0x88, 0x3, 0xeb,
    0x77, 0x4b, 0x2e, 0x10, 0x7, 0x32, 0x3d, 0x34,
    0x58, 0xc0, 0x6, 0x1d, 0x9, 0x0, 0x90, 0xd4,
    0x2, 0xae, 0x41, 0x10, 0x6, 0x50, 0x20, 0x4,
    0x59, 0x0, 0x7f, 0xc4, 0x8c, 0x22, 0x0, 0xca,
    0x4, 0x1, 0xb8, 0x24, 0x2, 0x43, 0x50, 0xe,
    0x54, 0x7a, 0x68, 0xb1, 0x80, 0xf, 0x5b, 0xba,
    0x59, 0x70, 0x80,

    /* U+044F "я" */
    0x2, 0xae, 0xff, 0xc8, 0x1e, 0xb3, 0x76, 0x70,
    0x1, 0x94, 0x3a, 0x23, 0x40, 0xe, 0x2, 0x1,
    0xe5, 0xb, 0x31, 0x0, 0xc3, 0x61, 0x9d, 0xf4,
    0x1, 0x24, 0x83, 0xe4, 0x0, 0x45, 0x4b, 0x6,
    0x40, 0x17, 0x1d, 0x0, 0x74, 0x9f, 0x80, 0x78,

    /* U+0450 "ѐ" */
    0x3, 0x81, 0x0, 0xf8, 0xcd, 0xa0, 0x1f, 0xac,
    0x28, 0x3, 0xf6, 0x69, 0x0, 0x7e, 0x72, 0x0,
    0xf3, 0xef, 0xfa, 0xcc, 0x2, 0xb8, 0x79, 0x86,
    0xc3, 0x7, 0x4a, 0xa3, 0x3e, 0xc, 0x5, 0x92,
    0x80, 0x42, 0xe8, 0x6, 0x5f, 0xfc, 0xc0, 0x20,
    0x59, 0x9f, 0x9, 0x10, 0xcf, 0xe0, 0xa0, 0x80,
    0xe, 0x10, 0x74, 0x7c, 0x76, 0x8c, 0xa0, 0x5,
    0xc8, 0x44, 0xab, 0x78, 0x0,

    /* U+0451 "ё" */
    0x0, 0x4e, 0x2, 0x62, 0x80, 0x65, 0x30, 0x13,
    0x30, 0x6, 0xcf, 0x5, 0xf6, 0x0, 0xff, 0xe1,
    0x3e, 0xff, 0xac, 0xc0, 0x2b, 0x87, 0x98, 0x6c,
    0x30, 0x74, 0xaa, 0x33, 0xe0, 0xc0, 0x59, 0x28,
    0x4, 0x2e, 0x80, 0x65, 0xff, 0xcc, 0x2, 0x5,
    0x99, 0xf0, 0x91, 0xc, 0xfe, 0xa, 0x8, 0x0,
    0xe1, 0x7, 0x47, 0xc7, 0x68, 0xca, 0x0, 0x5c,
    0x84, 0x4a, 0xb7, 0x80,

    /* U+0452 "ђ" */
    0x0, 0x4a, 0x80, 0x7f, 0x36, 0x0, 0x7f, 0xf4,
    0x67, 0xc1, 0xbf, 0xf2, 0x80, 0x2e, 0xc0, 0x97,
    0x79, 0x0, 0x4, 0x80, 0x48, 0x85, 0x41, 0x0,
    0xf2, 0xf7, 0x3e, 0x84, 0x3, 0x25, 0xcd, 0x32,
    0xd8, 0x6, 0x2c, 0x75, 0x94, 0x50, 0xc, 0x64,
    0x1, 0x60, 0x18, 0x4, 0xa0, 0x18, 0x40, 0x3f,
    0xc2, 0x2, 0x1, 0xfb, 0x8, 0x80, 0xf, 0x90,
    0x8, 0xd2, 0xc0, 0x3e, 0x2d, 0x56, 0x0, 0xf3,
    0x6a, 0x50, 0x7, 0xeb, 0xa0, 0x8,

    /* U+0453 "ѓ" */
    0x0, 0xe2, 0x83, 0x0, 0xee, 0x43, 0x0, 0xd0,
    0x5a, 0x1, 0x8d, 0xf4, 0x40, 0x31, 0xf9, 0x80,
    0x17, 0xff, 0xd2, 0x0, 0x8b, 0xbe, 0x0, 0x1a,
    0x26, 0x20, 0xf, 0xff, 0x60,

    /* U+0454 "є" */
    0x0, 0x3e, 0xff, 0xb1, 0x82, 0xe1, 0x26, 0x4b,
    0xae, 0x93, 0x26, 0x64, 0xdd, 0xb, 0x0, 0x71,
    0xf, 0xfe, 0xb0, 0x1, 0x66, 0x69, 0x2, 0x33,
    0xe2, 0xa, 0x17, 0x0, 0xe7, 0x38, 0xb6, 0x64,
    0xd8, 0x63, 0xb4, 0xc2, 0xe8,

    /* U+0455 "ѕ" */
    0x0, 0x3e, 0xff, 0xb6, 0x40, 0x13, 0x9, 0x32,
    0x54, 0x0, 0x3a, 0x4b, 0x32, 0x34, 0x0, 0x6a,
    0x40, 0x1e, 0x90, 0xdd, 0x4a, 0x80, 0x49, 0xf4,
    0x88, 0xac, 0x0, 0x85, 0x67, 0x60, 0xd8, 0x4,
    0x3, 0x18, 0x8, 0x75, 0x3a, 0xbd, 0x2, 0x83,
    0xb4, 0xd4, 0xa6, 0x90,

    /* U+0456 "і" */
    0x4f, 0x50, 0x9, 0x3d, 0x40, 0x24, 0xf5, 0x0,
    0xff, 0xe7, 0x80,

    /* U+0457 "ї" */
    0x1c, 0x80, 0x8c, 0x10, 0x32, 0x2, 0x30, 0x1f,
    0xa0, 0xaf, 0x10, 0xf, 0xe4, 0xf5, 0x0, 0xff,
    0xfa, 0x80,

    /* U+0458 "ј" */
    0x0, 0xf9, 0x3d, 0x40, 0x3e, 0x4f, 0x50, 0x2,
    0x7a, 0x80, 0x7f, 0xf8, 0xc4, 0x4, 0x0, 0x60,
    0xe2, 0xd6, 0x26, 0x92, 0x3a, 0x0,

    /* U+0459 "љ" */
    0x0, 0xab, 0xff, 0xb0, 0x3, 0xfe, 0xbb, 0x84,
    0x3, 0xff, 0x80, 0x89, 0x0, 0x7f, 0xf3, 0xd8,
    0x40, 0x31, 0xff, 0xba, 0x44, 0x3, 0x9, 0x0,
    0x63, 0xcb, 0x66, 0x68, 0x6, 0x25, 0x0, 0xe3,
    0x48, 0x53, 0x10, 0x3, 0x6, 0x0, 0x7f, 0xc5,
    0x32, 0x35, 0x0, 0xc2, 0x8b, 0xa, 0x62, 0xe8,
    0xf8, 0x1, 0xc5, 0x74, 0xaf, 0xa0,

    /* U+045A "њ" */
    0x5f, 0x40, 0xd, 0xf6, 0x1, 0xff, 0xe9, 0xbf,
    0xfc, 0x9, 0xfe, 0xe8, 0x10, 0xa, 0x33, 0x30,
    0x1e, 0x5b, 0x3d, 0x0, 0x46, 0x7c, 0xe, 0x69,
    0x8, 0x80, 0xf, 0xfe, 0x63, 0xa2, 0xca, 0x20,
    0x3, 0xf8, 0xee, 0x91, 0xec, 0x0,

    /* U+045B "ћ" */
    0x0, 0x4a, 0x80, 0x7f, 0x36, 0x0, 0x7f, 0xf4,
    0x67, 0xc1, 0xbf, 0xf2, 0x80, 0x2e, 0xc0, 0x97,
    0x79, 0x0, 0x4, 0x80, 0x48, 0x85, 0x41, 0x0,
    0xf2, 0xf7, 0x3e, 0x80, 0x39, 0x2e, 0x69, 0x55,
    0x40, 0x18, 0xb5, 0xd6, 0x91, 0x40, 0x31, 0x98,
    0x2, 0xc0, 0x20, 0x9, 0x40, 0x30, 0x80, 0x80,
    0x7f, 0xf2, 0x80,

    /* U+045C "ќ" */
    0x0, 0xe3, 0x81, 0x0, 0xf0, 0xe9, 0x8, 0x7,
    0xa8, 0xa8, 0x3, 0xcc, 0xba, 0x1, 0xf3, 0x70,
    0x80, 0x65, 0xf4, 0x0, 0xab, 0xd4, 0x3, 0xd4,
    0xb4, 0xa0, 0x1d, 0x2b, 0x4a, 0x1, 0xd2, 0xd2,
    0xa0, 0x1d, 0xc, 0x2, 0x1, 0xe3, 0x85, 0x83,
    0x0, 0xe7, 0x75, 0x8f, 0x0, 0x76, 0x0, 0xd1,
    0x40, 0x7, 0xc8, 0xce, 0x60, 0x1f, 0x49, 0x68,
    0x0,

    /* U+045D "ѝ" */
    0x3, 0x81, 0x0, 0xf8, 0xd6, 0x80, 0x3f, 0x7a,
    0xb8, 0x7, 0xc5, 0x50, 0x60, 0x1f, 0x27, 0x98,
    0x6, 0x5f, 0x40, 0x9, 0x7f, 0xc2, 0x1, 0xe8,
    0x0, 0xfc, 0xe4, 0x80, 0x1e, 0x18, 0x73, 0x0,
    0xf5, 0x8c, 0x0, 0x79, 0x16, 0xc0, 0x3e, 0x93,
    0x50, 0xf, 0x79, 0x78, 0x7, 0xc8, 0xc6, 0x1,
    0xf0, 0xc0, 0x7, 0x80,

    /* U+045E "ў" */
    0x0, 0x12, 0x80, 0x4e, 0x1, 0xc3, 0x66, 0xf,
    0x40, 0x1c, 0x6d, 0x9f, 0x32, 0x0, 0xf4, 0x76,
    0xf2, 0x0, 0x49, 0xee, 0x2, 0x40, 0xc, 0xe0,
    0x42, 0xa0, 0xc, 0x46, 0xc0, 0xa, 0x23, 0x0,
    0xa8, 0x28, 0x0, 0xc1, 0x40, 0x13, 0x21, 0x0,
    0x5, 0x58, 0x0, 0xa3, 0xc0, 0x1b, 0x81, 0x43,
    0x85, 0x40, 0x32, 0xc, 0x8a, 0x38, 0x7, 0xa4,
    0xec, 0x28, 0x3, 0xcc, 0xa, 0x66, 0x0, 0xf0,
    0xa0, 0x50, 0x7, 0xe1, 0x6, 0x0, 0xf8, 0x55,
    0x80, 0x3c, 0x6b, 0xa1, 0x60, 0x1e, 0xaa, 0xd,
    0x10, 0x7, 0x0,

    /* U+045F "џ" */
    0x5f, 0x40, 0xc, 0xfe, 0x40, 0x1f, 0xff, 0xc3,
    0x44, 0xda, 0x1, 0xa2, 0xef, 0x28, 0x1, 0x7f,
    0xe3, 0x7f, 0xf8, 0x80, 0x3f, 0xf8, 0x55, 0x80,
    0x18,

    /* U+0490 "Ґ" */
    0x0, 0xf9, 0x1c, 0x3, 0xed, 0x80, 0xf, 0xe3,
    0xff, 0xf3, 0x0, 0x47, 0x11, 0xe0, 0x2, 0x3b,
    0xf8, 0x3, 0xff, 0xfe, 0x1, 0xff, 0xc3,

    /* U+0491 "ґ" */
    0x0, 0xf2, 0xa0, 0x7, 0xbb, 0x40, 0x3f, 0x2f,
    0xff, 0x20, 0x5, 0x17, 0x7c, 0x0, 0x34, 0x4c,
    0x40, 0x1f, 0xfe, 0xc0,

    /* U+060C "،" */
    0x0, 0x19, 0x0, 0xe3, 0x4, 0x2, 0x3, 0x18,
    0x8, 0x4,

    /* U+061B "؛" */
    0x0, 0x19, 0x0, 0xe3, 0x4, 0x2, 0x3, 0x18,
    0x8, 0x4, 0x3f, 0x80, 0x1f, 0xfc, 0x23, 0x20,
    0x1c, 0xe0, 0xe,

    /* U+061F "؟" */
    0x3, 0xbf, 0xec, 0x60, 0x2c, 0x46, 0x97, 0x94,
    0xb0, 0xa9, 0x7b, 0xc6, 0x30, 0x70, 0x8, 0xcb,
    0x2, 0x80, 0x39, 0x8d, 0xd8, 0x3, 0xb0, 0xe5,
    0x0, 0x3b, 0x46, 0x40, 0x38, 0x5c, 0x80, 0x3f,
    0x8, 0x7, 0x54, 0x88, 0x7, 0xa, 0x80, 0x7a,
    0x30, 0x80, 0x3f, 0xc0,

    /* U+0621 "ء" */
    0x0, 0x2c, 0x38, 0x80, 0x2e, 0x9e, 0x10, 0x11,
    0xb, 0xdc, 0x40, 0x30, 0x81, 0x18, 0x4, 0x2c,
    0x0, 0x40, 0xca, 0xdf, 0xda, 0x3, 0x84, 0x2,
    0xe1, 0x12, 0x13, 0xf0, 0x15, 0xba, 0x60, 0x8,

    /* U+0622 "آ" */
    0x0, 0xf8, 0x71, 0xc0, 0xd, 0x31, 0x3d, 0xd7,
    0xc4, 0xac, 0xf7, 0x24, 0x40, 0x9, 0xea, 0x1,
    0xff, 0xff, 0x0, 0xff, 0xe3, 0x0,

    /* U+0623 "أ" */
    0x8, 0xda, 0x6, 0xda, 0x2, 0xba, 0x4, 0xfb,
    0xc, 0xb4, 0x0, 0xff, 0xf4, 0x0,

    /* U+0624 "ؤ" */
    0x0, 0x8b, 0x34, 0x80, 0x3a, 0xa9, 0xa4, 0x1,
    0xdb, 0xa6, 0x30, 0xe, 0xd5, 0xc0, 0xf, 0x47,
    0x51, 0x80, 0x7a, 0x29, 0x80, 0x3b, 0x5d, 0x65,
    0xc0, 0x26, 0x27, 0xe3, 0x80, 0x8, 0x43, 0x46,
    0x40, 0xc0, 0xa, 0x15, 0x4e, 0x7, 0x0, 0x15,
    0xa2, 0xa0, 0x38, 0x4, 0x97, 0xe8, 0x6, 0x1,
    0xce, 0x8a, 0x1, 0x12, 0xdc, 0x15, 0x86, 0x7e,
    0xd2, 0x2e, 0x8, 0x5b, 0x45, 0x75, 0x8, 0x0,

    /* U+0625 "إ" */
    0x4, 0xf5, 0x0, 0xff, 0xf4, 0x99, 0x78, 0x4e,
    0xd0, 0x2c, 0xc0, 0x38, 0x68,

    /* U+0626 "ئ" */
    0x0, 0x4e, 0xc0, 0x7, 0xe1, 0x4d, 0x90, 0xf,
    0xc2, 0x19, 0x60, 0x10, 0x80, 0x61, 0xbf, 0xa0,
    0x8e, 0xe7, 0xd0, 0x80, 0xb1, 0x84, 0x3a, 0x54,
    0x2d, 0x80, 0x71, 0x5, 0xab, 0xdf, 0x0, 0x77,
    0x7, 0x52, 0x24, 0xb8, 0x20, 0x4, 0xd5, 0x55,
    0xd0, 0x70, 0x88, 0x2, 0x2a, 0xf6, 0x54, 0x61,
    0x0, 0xf8, 0xc0, 0x8, 0x6c, 0x1, 0x12, 0xe2,
    0x9a, 0x41, 0x4f, 0xf7, 0xed, 0x1b, 0x68, 0xe,
    0xc2, 0x12, 0x35, 0x74, 0x88, 0x0,

    /* U+0627 "ا" */
    0x4f, 0x50, 0xf, 0xfe, 0xd8,

    /* U+0628 "ب" */
    0x38, 0x10, 0xf, 0xe1, 0xf7, 0x86, 0x10, 0xf,
    0xfb, 0xd8, 0x80, 0x3f, 0xd2, 0x1a, 0xe6, 0xa0,
    0x1f, 0x25, 0x39, 0xac, 0xd, 0x6d, 0x4c, 0xab,
    0x7e, 0xd5, 0xb0, 0xb, 0xe0, 0x51, 0x98, 0x8c,
    0xca, 0xe9, 0x0, 0x85, 0xf3, 0xbf, 0xdd, 0x72,
    0xa2, 0x1, 0xff, 0xcc, 0xc9, 0x0, 0xff, 0xe0,
    0xfd, 0x80, 0x7c,

    /* U+0629 "ة" */
    0x0, 0xfe, 0xc8, 0x9b, 0x0, 0xdf, 0x57, 0x20,
    0x18, 0xc8, 0xa0, 0xd, 0x3f, 0xb0, 0x1, 0x2b,
    0x1b, 0x3e, 0x88, 0x78, 0x65, 0xe1, 0x68, 0x31,
    0x0, 0xd, 0xcc, 0x5c, 0xc0, 0x22, 0x0, 0x60,
    0xdb, 0xda, 0xa8, 0x5d, 0xcb, 0xf, 0x34, 0x0,

    /* U+062A "ت" */
    0x0, 0xff, 0xe4, 0x6b, 0xd5, 0x0, 0x3c, 0x4e,
    0x20, 0xe, 0x68, 0x80, 0x4, 0x3c, 0xd3, 0x21,
    0x0, 0x18, 0x91, 0x0, 0x21, 0x17, 0x31, 0x0,
    0x7f, 0x9c, 0x35, 0xcd, 0x40, 0x3e, 0x39, 0x83,
    0x58, 0x1a, 0xda, 0x99, 0x56, 0xfe, 0x33, 0x34,
    0xb, 0xe0, 0x51, 0x98, 0x82, 0xd3, 0xd2, 0x20,

    /* U+062B "ث" */
    0x0, 0xff, 0xe4, 0xe4, 0x80, 0x7f, 0xf0, 0x7e,
    0xc0, 0x3f, 0xf8, 0x1a, 0x91, 0x40, 0x1e, 0x27,
    0x10, 0x7, 0x34, 0x40, 0x2, 0x1e, 0x69, 0x90,
    0x80, 0xc, 0x48, 0x80, 0x10, 0x8b, 0x98, 0x80,
    0x3f, 0xce, 0x1a, 0xe6, 0xa0, 0x1f, 0x1c, 0xc1,
    0xac, 0xd, 0x6d, 0x4c, 0xab, 0x7f, 0x19, 0x9a,
    0x5, 0xf0, 0x28, 0xcc, 0x41, 0x69, 0xe9, 0x10,

    /* U+062C "ج" */
    0x0, 0x84, 0x84, 0x3, 0x9b, 0x7f, 0xb7, 0xbf,
    0xa8, 0x0, 0x2b, 0x50, 0x20, 0x29, 0xa0, 0x7,
    0x80, 0x83, 0xbe, 0xa7, 0x0, 0x8e, 0x93, 0x50,
    0x3, 0xde, 0x36, 0x1, 0xf0, 0x9b, 0x0, 0x4a,
    0x1, 0x88, 0x38, 0x0, 0x74, 0x40, 0x11, 0x7,
    0x0, 0xf, 0xc8, 0x2, 0x12, 0x62, 0x0, 0xfd,
    0xc3, 0xb0, 0x84, 0x45, 0xa9, 0x3, 0xd4, 0x7b,
    0xdd, 0x52, 0x60, 0x0, 0xaf, 0xf2, 0xed, 0xbc,
    0xa0,

    /* U+062D "ح" */
    0x0, 0x84, 0x60, 0xe, 0x6c, 0xfe, 0xeb, 0xfa,
    0x40, 0x1e, 0xd1, 0x1, 0x0, 0x18, 0x5, 0x34,
    0x92, 0x31, 0xdb, 0x20, 0x10, 0xe8, 0x6b, 0x88,
    0x7, 0x40, 0xe9, 0x0, 0x7c, 0xca, 0x60, 0x1f,
    0x10, 0x60, 0x7, 0xe1, 0x0, 0xff, 0x10, 0x78,
    0x7, 0xe1, 0x46, 0x30, 0xf, 0xd2, 0x39, 0x28,
    0x44, 0x5a, 0x90, 0x2c, 0x56, 0xbd, 0xd5, 0x26,
    0x0, 0xa, 0xbf, 0x2e, 0xdb, 0xca,

    /* U+062E "خ" */
    0x0, 0xff, 0xe1, 0xfb, 0x0, 0x7f, 0x63, 0x80,
    0x7e, 0x12, 0x0, 0xf3, 0x67, 0xf7, 0x5f, 0xd2,
    0x0, 0xf6, 0x88, 0x8, 0x0, 0xc0, 0x29, 0xa4,
    0x91, 0x8e, 0xd9, 0x0, 0x87, 0x43, 0x5c, 0x40,
    0x3a, 0x7, 0x48, 0x3, 0xe6, 0x53, 0x0, 0xf8,
    0x83, 0x0, 0x3f, 0x8, 0x7, 0xf8, 0x83, 0xc0,
    0x3f, 0xa, 0x31, 0x80, 0x7e, 0x91, 0xc9, 0x42,
    0x22, 0xd4, 0x81, 0x62, 0xb5, 0xee, 0xa9, 0x30,
    0x0, 0x55, 0xf9, 0x76, 0xde, 0x50,

    /* U+062F "د" */
    0x0, 0x67, 0x98, 0x5, 0x85, 0xa2, 0x1, 0x70,
    0xc8, 0x4, 0x64, 0xa0, 0x19, 0x88, 0x2, 0x34,
    0x3b, 0x9b, 0xc0, 0x80, 0x64, 0x45, 0xa0,

    /* U+0630 "ذ" */
    0x0, 0x8, 0x6, 0x2e, 0x20, 0x8, 0xac, 0x80,
    0x32, 0x0, 0x75, 0xf1, 0x80, 0x54, 0x7a, 0x1,
    0xc, 0x8b, 0x80, 0x48, 0x54, 0x1, 0x98, 0x80,
    0x23, 0x43, 0xb9, 0xbc, 0x8, 0x6, 0x44, 0x5a,
    0x0,

    /* U+0631 "ر" */
    0x0, 0xf2, 0x7a, 0x80, 0x79, 0x43, 0x40, 0x3c,
    0x20, 0x20, 0x1e, 0x20, 0x10, 0xf, 0x50, 0x60,
    0x7, 0x2b, 0x92, 0x0, 0x45, 0x34, 0x3e, 0xf,
    0x5b, 0xa6, 0x4c, 0x20, 0xc4, 0x17, 0xdb, 0x20,
    0x0,

    /* U+0632 "ز" */
    0x0, 0xff, 0xe1, 0xc6, 0x80, 0x7d, 0x5c, 0x1,
    0xf1, 0x18, 0x7, 0xc4, 0xe2, 0x1, 0xf4, 0x30,
    0x7, 0x88, 0x38, 0x3, 0xff, 0x86, 0x41, 0xc0,
    0x1e, 0xb0, 0x40, 0xe, 0x66, 0x21, 0x80, 0x45,
    0x52, 0x34, 0xf, 0x7b, 0xa5, 0x57, 0x88, 0x62,
    0x8b, 0xed, 0x8, 0x0,

    /* U+0633 "س" */
    0x0, 0xff, 0xe2, 0x97, 0xb8, 0x7, 0xe7, 0x50,
    0x9, 0x5c, 0x3, 0xff, 0x83, 0x90, 0x1, 0x4c,
    0x0, 0x79, 0xd0, 0x3, 0xb0, 0x88, 0x0, 0x20,
    0x8, 0x40, 0x56, 0x0, 0x3c, 0x61, 0x0, 0x62,
    0x10, 0x16, 0x5, 0xe0, 0x80, 0x1c, 0x20, 0xbd,
    0x82, 0x6f, 0xce, 0x48, 0xc4, 0x1, 0xed, 0x4,
    0x11, 0x5f, 0x18, 0x9f, 0x80, 0x88, 0x3, 0x85,
    0x86, 0xff, 0x94, 0xb3, 0xf0, 0x81, 0xcc, 0x80,
    0x22, 0xd1, 0x90, 0xf, 0xf4, 0x86, 0xe5, 0x66,
    0x9b, 0xb8, 0x3, 0xfc, 0x78, 0x82, 0xa6, 0x97,
    0x0, 0x1f, 0xf0,

    /* U+0634 "ش" */
    0x0, 0xff, 0xe9, 0xf3, 0x0, 0x7f, 0xf1, 0x46,
    0x90, 0x3, 0xff, 0x8b, 0xc3, 0xf0, 0x1, 0xff,
    0xc4, 0xb4, 0xea, 0x0, 0xc8, 0x40, 0x1f, 0xe4,
    0x13, 0x20, 0x8, 0xad, 0x40, 0x3f, 0x5c, 0x80,
    0x53, 0x80, 0x1f, 0xfc, 0x11, 0x70, 0x9, 0x4c,
    0x3, 0xce, 0x80, 0x1d, 0x82, 0x60, 0x2, 0x1,
    0x1, 0x1, 0x58, 0x0, 0xf1, 0x4, 0x2, 0x8,
    0x40, 0x58, 0x17, 0x82, 0x0, 0x70, 0x82, 0x75,
    0x89, 0xb7, 0x39, 0x23, 0x10, 0x7, 0xb4, 0x10,
    0x45, 0x7c, 0x62, 0x9e, 0x2, 0x20, 0xe, 0x27,
    0x1b, 0xfe, 0x52, 0xcf, 0xb2, 0x7, 0x32, 0x0,
    0x8b, 0xc2, 0x40, 0x3f, 0xd2, 0x1b, 0x95, 0x9a,
    0x4e, 0xe0, 0xf, 0xf1, 0xda, 0xa, 0x9a, 0x5c,
    0x0, 0x7f, 0xc0,

    /* U+0635 "ص" */
    0x0, 0xff, 0xe1, 0x1b, 0xb9, 0x0, 0x3f, 0xf8,
    0x43, 0x79, 0x10, 0xbb, 0x0, 0x7f, 0xf0, 0xb,
    0xd2, 0x3b, 0xd9, 0x10, 0x2, 0x20, 0xe, 0xd9,
    0x2c, 0xc, 0x71, 0xd, 0x2, 0x27, 0x30, 0x7,
    0x33, 0x30, 0x30, 0xc0, 0xb, 0x40, 0x94, 0xc,
    0x1, 0xc2, 0x2, 0x51, 0x57, 0xf4, 0x32, 0x46,
    0x22, 0x0, 0xf0, 0x99, 0x95, 0x48, 0x6f, 0xcc,
    0xc, 0x40, 0x1e, 0x72, 0xcf, 0xfd, 0x90, 0x20,
    0x1, 0x10, 0x7, 0x21, 0x20, 0x7, 0xf9, 0xa,
    0x8, 0x5, 0xec, 0x28, 0x3, 0xfd, 0x24, 0xfb,
    0xfd, 0x3, 0x84, 0x1, 0xfe, 0x1d, 0xa7, 0x66,
    0x57, 0x18, 0x7, 0xfc,

    /* U+0636 "ض" */
    0x0, 0xff, 0xe9, 0x64, 0x0, 0x7f, 0xf1, 0xbe,
    0x80, 0x6, 0xee, 0x40, 0xf, 0xfe, 0x1, 0x90,
    0xde, 0x44, 0x2e, 0xc0, 0x1f, 0xfc, 0x2, 0xf4,
    0x8e, 0xf6, 0x44, 0x0, 0x88, 0x3, 0xb6, 0x4b,
    0x3, 0x1c, 0x43, 0x40, 0x89, 0xcc, 0x1, 0xcc,
    0xcc, 0xc, 0x30, 0x2, 0xd0, 0x25, 0x3, 0x0,
    0x70, 0x80, 0x94, 0x55, 0xfd, 0xc, 0x91, 0x88,
    0x80, 0x3c, 0x26, 0x65, 0x52, 0x1b, 0xf3, 0x3,
    0x10, 0x7, 0x9c, 0xb3, 0xff, 0x64, 0x8, 0x0,
    0x44, 0x1, 0xc8, 0x48, 0x1, 0xfe, 0x42, 0x82,
    0x1, 0x7b, 0xa, 0x0, 0xff, 0x49, 0x3e, 0xff,
    0x40, 0xe1, 0x0, 0x7f, 0x87, 0x69, 0xd9, 0x95,
    0xc6, 0x1, 0xff, 0x0,

    /* U+0637 "ط" */
    0x0, 0xa3, 0xc4, 0x3, 0xff, 0xfe, 0x1, 0xff,
    0xd5, 0x37, 0x72, 0x0, 0x7f, 0x16, 0x62, 0x21,
    0x76, 0x0, 0xf9, 0x34, 0xe3, 0xbd, 0x91, 0x0,
    0x1c, 0xb6, 0x38, 0xe2, 0x1a, 0x4, 0x1, 0xd4,
    0x38, 0x60, 0x5, 0xa0, 0x57, 0xaa, 0x28, 0x9,
    0x45, 0x5f, 0xd0, 0xc9, 0xe2, 0xa8, 0x80, 0x6,
    0xaa, 0x43, 0x7e, 0x60,

    /* U+0638 "ظ" */
    0x0, 0xa3, 0xc4, 0x3, 0xff, 0xfe, 0xf, 0xc0,
    0x1f, 0xfc, 0x16, 0xd0, 0xf, 0xfe, 0x8, 0x99,
    0x9d, 0xc8, 0x1, 0xfc, 0x59, 0x88, 0x85, 0xd8,
    0x3, 0xe4, 0xd3, 0x8e, 0xf6, 0x44, 0x0, 0x72,
    0xd8, 0xe3, 0x88, 0x68, 0x10, 0x7, 0x50, 0xe1,
    0x80, 0x16, 0x81, 0x5e, 0xa8, 0xa0, 0x25, 0x15,
    0x7f, 0x43, 0x27, 0x8a, 0xa2, 0x0, 0x1a, 0xa9,
    0xd, 0xf9, 0x80,

    /* U+0639 "ع" */
    0x0, 0xe1, 0x0, 0xf2, 0xef, 0xf8, 0x3, 0x9e,
    0x86, 0x2c, 0x3, 0xa1, 0x71, 0xd4, 0x3, 0x10,
    0x68, 0x0, 0xde, 0x40, 0x4, 0x71, 0x9d, 0x90,
    0x80, 0x17, 0x9, 0x94, 0xf6, 0x80, 0xb, 0x2,
    0xb1, 0x84, 0x2, 0x81, 0xd5, 0x0, 0xf2, 0x20,
    0xc0, 0x3f, 0x8, 0x7, 0xe5, 0x41, 0x0, 0xfa,
    0x7, 0xe1, 0x8, 0x8b, 0x50, 0x78, 0xaf, 0x7b,
    0xaa, 0x4d, 0x3, 0xbf, 0xcb, 0xb6, 0xf2, 0x80,

    /* U+063A "غ" */
    0x0, 0xff, 0xe0, 0x5c, 0x80, 0x7e, 0x9b, 0x0,
    0xfc, 0x44, 0x1, 0x0, 0xf2, 0xef, 0xf8, 0x3,
    0x9e, 0x86, 0x2c, 0x3, 0xa1, 0x71, 0xd4, 0x3,
    0x10, 0x68, 0x0, 0xde, 0x40, 0x4, 0x71, 0x9d,
    0x90, 0x80, 0x17, 0x9, 0x94, 0xf6, 0x80, 0xb,
    0x2, 0xb1, 0x84, 0x2, 0x81, 0xd5, 0x0, 0xf2,
    0x20, 0xc0, 0x3f, 0x8, 0x7, 0xe5, 0x41, 0x0,
    0xfa, 0x7, 0xe1, 0x8, 0x8b, 0x50, 0x78, 0xaf,
    0x7b, 0xaa, 0x4d, 0x3, 0xbf, 0xcb, 0xb6, 0xf2,
    0x80,

    /* U+0640 "ـ" */
    0x1a, 0xae, 0x43, 0x55, 0xe3,

    /* U+0641 "ف" */
    0x0, 0xff, 0xe8, 0xcd, 0x80, 0x7f, 0xf0, 0xee,
    0x40, 0x3f, 0xf8, 0x43, 0x50, 0xa0, 0x1f, 0xfc,
    0x1, 0xf7, 0x5a, 0x60, 0xf, 0xfa, 0x46, 0x78,
    0x64, 0x3, 0xfe, 0x10, 0x71, 0x70, 0x12, 0x61,
    0x0, 0xfb, 0x82, 0x49, 0x0, 0x13, 0x2, 0x1,
    0xf3, 0x9b, 0xe9, 0x80, 0xb1, 0x0, 0x7f, 0x66,
    0x2c, 0x90, 0x1c, 0xd8, 0x3, 0xf0, 0xac, 0x9c,
    0x5, 0x94, 0xf5, 0xcc, 0xaa, 0x97, 0xdc, 0x90,
    0xc3, 0x1, 0xd9, 0x25, 0x66, 0x2a, 0x32, 0x46,
    0x69, 0x80, 0x0,

    /* U+0642 "ق" */
    0x0, 0xff, 0xe4, 0x46, 0x2f, 0x80, 0x7f, 0x57,
    0xa6, 0x0, 0x7f, 0x12, 0xdd, 0x80, 0x3f, 0xaa,
    0x55, 0xec, 0x3, 0xe1, 0x53, 0xe6, 0x44, 0x0,
    0x78, 0x82, 0xc6, 0x80, 0xc0, 0x3c, 0x41, 0x65,
    0x61, 0xc0, 0x4c, 0x20, 0x1, 0x83, 0xd6, 0x0,
    0xae, 0x4, 0x2, 0x7d, 0xbf, 0xe, 0x7, 0x40,
    0xe, 0x24, 0x40, 0x20, 0x9, 0x0, 0x7d, 0x4,
    0x60, 0x2, 0x0, 0xe1, 0xb2, 0xe0, 0x1, 0xa9,
    0x0, 0x4b, 0x89, 0x46, 0x0, 0x80, 0xdb, 0xce,
    0xa3, 0xb5, 0x0, 0x92, 0xcd, 0xc, 0xa3, 0xd0,
    0x2,

    /* U+0643 "ك" */
    0x0, 0xff, 0x57, 0x80, 0x7f, 0xf4, 0x4e, 0x98,
    0x3, 0xfb, 0xed, 0x80, 0x3f, 0xab, 0x50, 0x3,
    0xf9, 0xa7, 0x0, 0x3f, 0x3e, 0x7c, 0x80, 0x7e,
    0x7c, 0xa1, 0x0, 0xe1, 0x0, 0xfc, 0x22, 0xae,
    0x0, 0xfc, 0xa4, 0x0, 0x30, 0xe, 0x2c, 0x1a,
    0x90, 0xcc, 0x4b, 0xc5, 0xe9, 0xb3, 0xf, 0x58,
    0x5a, 0x19, 0x8b, 0x72, 0x0,

    /* U+0644 "ل" */
    0x0, 0xfc, 0x5e, 0xe0, 0x1f, 0xff, 0xf0, 0xf,
    0xfe, 0xa0, 0x80, 0x17, 0x8c, 0x3, 0x9c, 0x7,
    0xc4, 0xc0, 0x3b, 0x41, 0x40, 0x40, 0x38, 0xd8,
    0x4f, 0x6, 0x84, 0xa, 0x30, 0x28, 0x19, 0x55,
    0xdf, 0xae, 0x78, 0x80, 0xa, 0xc8, 0x79, 0xdc,
    0x30, 0x0,

    /* U+0645 "م" */
    0x0, 0x86, 0xff, 0x10, 0x3, 0x6a, 0x11, 0xda,
    0x80, 0x10, 0xdb, 0x78, 0x38, 0x0, 0x61, 0x80,
    0x22, 0x71, 0xd8, 0xb, 0xab, 0x14, 0x92, 0x79,
    0x54, 0x57, 0x83, 0x8, 0x6b, 0xee, 0x40, 0x38,
    0x7, 0xff, 0x5c,

    /* U+0646 "ن" */
    0x0, 0xff, 0xe1, 0xfb, 0x0, 0x7f, 0x63, 0x80,
    0xd, 0x40, 0x38, 0xc4, 0x0, 0xd4, 0xc0, 0x1f,
    0x94, 0x35, 0xfc, 0xc0, 0x3c, 0x4d, 0xa0, 0x60,
    0x1e, 0x10, 0x11, 0x0, 0x7c, 0x6c, 0x42, 0x1,
    0xe5, 0xd, 0xc0, 0x80, 0xc, 0x76, 0x2c, 0xaa,
    0x7e, 0xba, 0xdc, 0xd, 0x0, 0x55, 0x15, 0x14,
    0x1f, 0xcc, 0x0,

    /* U+0647 "ه" */
    0x9, 0xfd, 0x80, 0x9, 0x58, 0xd9, 0xf4, 0x43,
    0xc3, 0x2f, 0xb, 0x41, 0x88, 0x0, 0x6e, 0x62,
    0xe6, 0x1, 0x10, 0x3, 0x6, 0xde, 0xd5, 0x42,
    0xee, 0x58, 0x79, 0xa0,

    /* U+0648 "و" */
    0x0, 0xd1, 0x4c, 0x1, 0xda, 0xeb, 0x2e, 0x1,
    0x31, 0x3f, 0x1c, 0x0, 0x42, 0x1a, 0x32, 0x6,
    0x0, 0x50, 0xaa, 0x70, 0x38, 0x0, 0xad, 0x15,
    0x1, 0xc0, 0x24, 0xbf, 0x40, 0x30, 0xe, 0x74,
    0x50, 0x8, 0x96, 0xe0, 0xac, 0x33, 0xf6, 0x91,
    0x70, 0x42, 0xda, 0x2b, 0xa8, 0x40, 0x0,

    /* U+0649 "ى" */
    0x0, 0xfc, 0x20, 0x1f, 0xd1, 0xdc, 0xfa, 0x10,
    0xe, 0x87, 0x4a, 0x85, 0xb0, 0xe, 0x20, 0xb5,
    0x7b, 0xe0, 0xe, 0xe0, 0xea, 0x44, 0x97, 0x4,
    0x0, 0x9a, 0xaa, 0xba, 0xe, 0x11, 0x0, 0x45,
    0x5e, 0xca, 0x8c, 0x20, 0x1f, 0x18, 0x1, 0xd,
    0x80, 0x22, 0x5c, 0x53, 0x48, 0x29, 0xfe, 0xfd,
    0xa3, 0x6d, 0x1, 0xd8, 0x42, 0x46, 0xae, 0x91,
    0x0,

    /* U+064A "ي" */
    0x0, 0xfc, 0x20, 0x1f, 0xd3, 0xdc, 0xfa, 0x10,
    0xe, 0x86, 0x4a, 0x85, 0xb0, 0xe, 0x20, 0x95,
    0x7c, 0x90, 0xe, 0x91, 0xcc, 0x31, 0x99, 0xf8,
    0x40, 0x7, 0xf0, 0x13, 0x81, 0x66, 0x20, 0x10,
    0xbe, 0x41, 0xa8, 0x7, 0xf5, 0x83, 0xd1, 0x49,
    0x9, 0x2c, 0x71, 0xc1, 0x34, 0xbe, 0xf6, 0xd2,
    0xb6, 0xb8, 0x1, 0xbb, 0x2f, 0x3b, 0x60, 0x80,
    0x3a, 0xbd, 0x7c, 0x3, 0xf5, 0xcb, 0xe8, 0x7,
    0x0,

    /* U+064B "ً" */
    0x0, 0xa, 0x45, 0x80, 0x37, 0xfb, 0xe0, 0x1,
    0xfd, 0x3, 0x40, 0x9, 0xee, 0x7e, 0x0, 0x23,
    0xb2, 0x54, 0x0,

    /* U+064C "ٌ" */
    0x0, 0xe, 0xf1, 0x80, 0x44, 0xe, 0x80, 0xb,
    0x3a, 0x68, 0x0, 0x30, 0xfa, 0xf8, 0x2, 0x3c,
    0xa8, 0x0,

    /* U+064D "ٍ" */
    0x0, 0xa, 0xc6, 0x0, 0x3b, 0x3f, 0xbc, 0x1,
    0xfb, 0x23, 0x20, 0xd, 0xe8, 0xfe, 0x0, 0x7f,
    0x5c, 0x20, 0x0,

    /* U+064E "َ" */
    0x0, 0x89, 0xa4, 0x1, 0x7d, 0xcf, 0xc0, 0x4,
    0x76, 0x4a, 0x80,

    /* U+064F "ُ" */
    0x0, 0xe, 0xf1, 0x80, 0x4a, 0xe, 0x80, 0x12,
    0x21, 0xa0, 0x0, 0x2a, 0x93, 0xe0, 0xf, 0xf9,
    0x80, 0x0,

    /* U+0650 "ِ" */
    0x0, 0x85, 0x20, 0x1, 0x3b, 0xfd, 0xe0, 0xc,
    0xc7, 0x53, 0x80,

    /* U+0651 "ّ" */
    0x0, 0x98, 0x2c, 0xc6, 0x42, 0x0, 0x40, 0x8c,
    0x4, 0x4c, 0x0, 0x64, 0x2f, 0x13, 0x30, 0x4f,
    0xee, 0x0,

    /* U+0652 "ْ" */
    0x1a, 0xea, 0x1b, 0xc, 0x8, 0x48, 0x29, 0x45,
    0xa0, 0xb7, 0x95, 0xf5, 0x82, 0xde, 0xd2,

    /* U+0660 "٠" */
    0x3, 0x22, 0x67, 0x0, 0x40,

    /* U+0661 "١" */
    0x38, 0x20, 0x9, 0xe8, 0x0, 0x64, 0xa0, 0x15,
    0x11, 0x80, 0x10, 0x14, 0x0, 0x63, 0x80, 0x12,
    0xa0, 0x4, 0x42, 0x1, 0x8, 0x8, 0x3, 0xc0,
    0x3c, 0x60, 0x1, 0x0, 0x0,

    /* U+0662 "٢" */
    0x18, 0x40, 0xc, 0xcc, 0x16, 0x90, 0xd, 0x1a,
    0xc, 0x4c, 0x0, 0x41, 0xc0, 0xa0, 0x9b, 0x9b,
    0x17, 0x2, 0x11, 0x33, 0xf, 0x0, 0x24, 0xd,
    0xfc, 0x20, 0xb, 0x44, 0x80, 0x3c, 0x40, 0xc0,
    0x1e, 0x10, 0x10, 0xf, 0x38, 0x18, 0x7, 0x84,
    0x3, 0xff, 0x86,

    /* U+0663 "٣" */
    0x18, 0x30, 0x48, 0x3, 0x81, 0x13, 0x78, 0x63,
    0x8a, 0x39, 0x83, 0x99, 0x10, 0xb, 0x80, 0xc2,
    0x83, 0x54, 0x31, 0x88, 0x40, 0xc0, 0x5a, 0xda,
    0x30, 0x2, 0x40, 0x94, 0x97, 0x10, 0x8, 0xc4,
    0x40, 0x1f, 0x70, 0x10, 0x7, 0xc4, 0xe, 0x1,
    0xfc, 0x20, 0x1f, 0x38, 0x7, 0xff, 0x14,

    /* U+0664 "٤" */
    0x0, 0xc8, 0xe0, 0x19, 0x3a, 0xe0, 0x2, 0x4b,
    0x2b, 0xf0, 0xb, 0x83, 0x10, 0x3, 0x70, 0x59,
    0x80, 0x64, 0x54, 0xc1, 0x0, 0xa9, 0x4e, 0x44,
    0x0, 0x6a, 0xd8, 0xc0, 0x12, 0x85, 0x80, 0x71,
    0x2, 0x80, 0x44, 0x28, 0x51, 0x76, 0xed, 0x20,
    0xc4, 0x42, 0x93, 0x98,

    /* U+0665 "٥" */
    0x0, 0xc, 0x38, 0x6, 0x1f, 0x78, 0xa0, 0xa,
    0x7, 0x19, 0x50, 0x0, 0xca, 0x72, 0x1e, 0xa,
    0x1c, 0x0, 0x64, 0xc, 0x4, 0x0, 0x60, 0x22,
    0x90, 0x4, 0xe0, 0x40, 0x20, 0x1c, 0x2e, 0x40,
    0x10, 0x80, 0x90, 0xa0, 0x2, 0x81, 0x68, 0x2e,
    0xd8, 0xc4, 0x66, 0xb3, 0x43, 0x5c, 0x0,

    /* U+0666 "٦" */
    0x14, 0x10, 0x0, 0xa1, 0x2, 0xdf, 0x7f, 0xba,
    0xd4, 0x12, 0xe1, 0xdd, 0x0, 0x19, 0x1e, 0x20,
    0xc1, 0xe0, 0x1e, 0x10, 0x10, 0xf, 0x84, 0x80,
    0x3e, 0x37, 0x0, 0xf9, 0x8c, 0x3, 0xe3, 0x1,
    0x0, 0xf7, 0x2, 0x80, 0x79, 0x3, 0x0, 0x3c,
    0x40, 0x80,

    /* U+0667 "٧" */
    0x28, 0x20, 0xc, 0xae, 0x4, 0xd2, 0x1, 0xd,
    0x68, 0x1, 0x90, 0x80, 0xc, 0x12, 0x0, 0xa0,
    0xa0, 0x4, 0x99, 0x80, 0x4, 0x6c, 0x6, 0x34,
    0x1, 0xac, 0x4e, 0xc1, 0xc0, 0x32, 0x85, 0xa9,
    0x88, 0x6, 0x22, 0x31, 0x20, 0x7, 0x90, 0x43,
    0x0, 0x3d, 0x80, 0x4, 0x0, 0xf3, 0x81, 0x0,
    0x7c, 0x40, 0xc0, 0x18,

    /* U+0668 "٨" */
    0x0, 0xce, 0xa0, 0x1f, 0xc, 0x48, 0x7, 0xc4,
    0x6, 0x1, 0xf2, 0x0, 0x8, 0x3, 0xd8, 0x0,
    0x40, 0xf, 0x22, 0x3, 0x0, 0x39, 0x3, 0x51,
    0x0, 0x1d, 0xc0, 0xfa, 0x28, 0x1, 0x95, 0x5,
    0xc3, 0x40, 0x25, 0xe, 0x1, 0x56, 0x0, 0xa4,
    0x54, 0x1, 0x20, 0xc0, 0x66, 0x90, 0x8, 0xcd,
    0x60,

    /* U+0669 "٩" */
    0x0, 0x13, 0xc2, 0x0, 0x64, 0xd8, 0x7b, 0x80,
    0xa, 0x8b, 0x79, 0x1c, 0xc0, 0x44, 0xa4, 0x32,
    0x8, 0x2, 0x4c, 0x82, 0x41, 0xc0, 0xe, 0xb,
    0xef, 0x2, 0x0, 0x1f, 0x53, 0xb0, 0xb8, 0x6,
    0x58, 0x95, 0x30, 0xf, 0x8c, 0x4, 0x3, 0xda,
    0x8, 0x1, 0xe7, 0xd, 0x0, 0xf1, 0x2, 0x0,

    /* U+067E "پ" */
    0x38, 0x10, 0xf, 0xe1, 0xf7, 0x86, 0x10, 0xf,
    0xfb, 0xd8, 0x80, 0x3f, 0xd2, 0x1a, 0xe6, 0xa0,
    0x1f, 0x25, 0x39, 0xac, 0xd, 0x6d, 0x4c, 0xab,
    0x7e, 0xd5, 0xb0, 0xb, 0xe0, 0x51, 0x98, 0x8c,
    0xca, 0xe9, 0x0, 0x85, 0xf3, 0xbf, 0xdd, 0x72,
    0xa2, 0x1, 0xfb, 0x5e, 0xa8, 0x1, 0xff, 0x72,
    0xcc, 0x0, 0x7f, 0xc7, 0xd4, 0x40, 0x1f, 0xfc,
    0xf, 0xb0, 0xf, 0x80,

    /* U+0686 "چ" */
    0x0, 0x84, 0x84, 0x3, 0x9b, 0x7f, 0xb7, 0xbf,
    0xa8, 0x0, 0x2b, 0x52, 0x20, 0x29, 0xa0, 0x7,
    0x81, 0x90, 0xae, 0xa7, 0x0, 0x86, 0x8b, 0xd4,
    0x3, 0xd0, 0x3e, 0x22, 0x0, 0xf3, 0x29, 0x1f,
    0x17, 0xa8, 0x0, 0x83, 0x0, 0xec, 0xb1, 0x0,
    0x2, 0x1, 0x97, 0xc0, 0x40, 0x6, 0x1e, 0x0,
    0x1a, 0x20, 0xc, 0x8c, 0x60, 0x5, 0x10, 0x1,
    0x4, 0x8e, 0x4a, 0x11, 0x17, 0x2c, 0xb, 0xd5,
    0xaf, 0x75, 0x45, 0x80, 0x1, 0xaf, 0xcb, 0xb6,
    0xf2, 0x80,

    /* U+0698 "ژ" */
    0x0, 0xff, 0xe1, 0xc6, 0x80, 0x7d, 0x5c, 0x1,
    0xe9, 0x92, 0xf0, 0x7, 0x5c, 0xbe, 0x80, 0x71,
    0x10, 0x4c, 0x3, 0xc4, 0xe2, 0x1, 0xf4, 0x30,
    0x7, 0x88, 0x38, 0x3, 0xff, 0x86, 0x41, 0xc0,
    0x1e, 0xb0, 0x40, 0xe, 0x66, 0x21, 0x80, 0x45,
    0x52, 0x34, 0xf, 0x7b, 0xa5, 0x57, 0x88, 0x62,
    0x8b, 0xed, 0x8, 0x0,

    /* U+06A9 "ک" */
    0x0, 0xff, 0xe1, 0x10, 0x7, 0xff, 0x5, 0x6f,
    0x44, 0x3, 0xf8, 0x5f, 0xa9, 0x60, 0x40, 0x3f,
    0x4f, 0x41, 0x57, 0x38, 0x7, 0xe7, 0x65, 0xdc,
    0x50, 0xf, 0xf6, 0x85, 0x90, 0x7, 0xff, 0x3,
    0x82, 0x80, 0x3f, 0xf8, 0x28, 0xe9, 0x20, 0x1f,
    0xfc, 0x18, 0x56, 0x60, 0x6, 0x38, 0x10, 0xf,
    0x51, 0x49, 0x0, 0x50, 0xc2, 0x1, 0xf7, 0x5,
    0x0, 0x4c, 0x40, 0x1f, 0xfc, 0x27, 0x35, 0x0,
    0xe1, 0x7d, 0xb, 0x0, 0xa0, 0x6b, 0xaa, 0x6b,
    0x3a, 0x2, 0x8c, 0x2, 0x2f, 0x82, 0x46, 0x40,
    0x7b, 0xe5, 0x0, 0xc0,

    /* U+06AF "گ" */
    0x0, 0xff, 0xe0, 0x94, 0x88, 0x7, 0xfc, 0xb9,
    0xa4, 0x20, 0x1f, 0x8a, 0x3a, 0xd3, 0x64, 0x3,
    0xf3, 0x6a, 0x5f, 0x6c, 0xe8, 0x80, 0x7c, 0xbb,
    0xa2, 0xea, 0x58, 0x10, 0xf, 0x8e, 0xfa, 0xa,
    0xb9, 0xc0, 0x3f, 0x3b, 0x2e, 0xe2, 0x80, 0x7f,
    0xb4, 0x2c, 0x80, 0x3f, 0xf8, 0x1c, 0x14, 0x1,
    0xff, 0xc1, 0x47, 0x49, 0x0, 0xff, 0xe0, 0xc2,
    0xb3, 0x0, 0x31, 0xc0, 0x80, 0x7a, 0x8a, 0x48,
    0x2, 0x86, 0x10, 0xf, 0xb8, 0x28, 0x2, 0x62,
    0x0, 0xff, 0xe1, 0x39, 0xa8, 0x7, 0xb, 0xe8,
    0x58, 0x5, 0x3, 0x5d, 0x53, 0x59, 0xd0, 0x14,
    0x60, 0x11, 0x7c, 0x12, 0x32, 0x3, 0xdf, 0x28,
    0x6,

    /* U+06CC "ی" */
    0x0, 0xfc, 0x20, 0x1f, 0xd1, 0xdc, 0xfa, 0x10,
    0xe, 0x87, 0x4a, 0x85, 0xb0, 0xe, 0x20, 0xb5,
    0x7b, 0xe0, 0xe, 0xe0, 0xea, 0x44, 0x97, 0x4,
    0x0, 0x9a, 0xaa, 0xba, 0xe, 0x11, 0x0, 0x45,
    0x5e, 0xca, 0x8c, 0x20, 0x1f, 0x18, 0x1, 0xd,
    0x80, 0x22, 0x5c, 0x53, 0x48, 0x29, 0xfe, 0xfd,
    0xa3, 0x6d, 0x1, 0xd8, 0x42, 0x46, 0xae, 0x91,
    0x0,

    /* U+2013 "–" */
    0x0, 0xfe, 0x2f, 0xff, 0x88, 0x99, 0x9f, 0x10,

    /* U+2014 "—" */
    0x0, 0xff, 0xe3, 0x17, 0xff, 0xff, 0x10, 0x89,
    0x99, 0xff, 0xc4, 0x20,

    /* U+2018 "‘" */
    0x4, 0xf0, 0x4, 0x20, 0x21, 0xe0, 0x18, 0x8,
    0x2d, 0xb8, 0x0,

    /* U+2019 "’" */
    0xb, 0xf2, 0x7, 0x3, 0x3, 0x71, 0x40, 0x90,
    0x4e, 0x10,

    /* U+201A "‚" */
    0x3, 0x40, 0x7, 0xd8, 0x80, 0x8e, 0x28, 0x4,
    0x16, 0x0,

    /* U+201C "“" */
    0x4, 0xf0, 0x5, 0x48, 0x42, 0x1, 0xae, 0x21,
    0xe0, 0x40, 0x21, 0x80, 0x83, 0x0, 0xad, 0xb8,
    0x75, 0x80,

    /* U+201D "”" */
    0xc, 0xf1, 0x2f, 0xb0, 0xf, 0x8, 0x1b, 0xa,
    0x4, 0xa0, 0x40, 0x62, 0x9a, 0xe0, 0x84, 0xd8,
    0x0,

    /* U+201E "„" */
    0x3, 0x40, 0x2, 0x18, 0x7d, 0x89, 0x5c, 0x0,
    0x8e, 0x3, 0x12, 0x80, 0x40, 0x94, 0x16, 0xc,
    0x71,

    /* U+2022 "•" */
    0x0, 0x84, 0x2, 0x6f, 0xed, 0x21, 0x90, 0x1,
    0x49, 0x0, 0x66, 0x20, 0xc, 0xe3, 0x64, 0xb,
    0x60,

    /* U+2026 "…" */
    0x33, 0x0, 0x63, 0x30, 0x6, 0x33, 0x6e, 0x0,
    0x6c, 0xc0, 0x6, 0xcd, 0x0, 0xff, 0xe1, 0x0,

    /* U+2190 "←" */
    0x0, 0xc8, 0x1, 0xff, 0xc1, 0xbb, 0x10, 0x7,
    0xfd, 0x69, 0x24, 0x1, 0xfe, 0xb4, 0x31, 0x77,
    0xfe, 0x1, 0x40, 0x38, 0x8f, 0xf0, 0xd, 0x1,
    0xf7, 0xff, 0xf0, 0x1, 0x68, 0xe8, 0x3, 0xff,
    0x80, 0xb4, 0xc2, 0x1, 0xff, 0xc0, 0x5d, 0x10,
    0xf, 0xe0,

    /* U+2191 "↑" */
    0x0, 0xc4, 0x1, 0xf4, 0x6c, 0x80, 0x74, 0x38,
    0x34, 0x80, 0x50, 0xe8, 0x8, 0xd2, 0x2, 0xcc,
    0x80, 0xf7, 0x62, 0x1f, 0x90, 0xa, 0x38, 0x80,
    0x40, 0x38, 0x40, 0x3f, 0xfe, 0x80,

    /* U+2192 "→" */
    0x0, 0xfe, 0x40, 0xf, 0xfe, 0x0, 0xde, 0x0,
    0x7f, 0xc3, 0x47, 0x80, 0x7, 0x7f, 0xe2, 0x43,
    0xc0, 0x88, 0xff, 0x20, 0x19, 0x7f, 0xff, 0x72,
    0x4, 0x90, 0x7, 0xf5, 0xa4, 0xb0, 0x7, 0xf0,
    0xb4, 0xb0, 0x7, 0xf8, 0x71, 0x80, 0x20,

    /* U+2193 "↓" */
    0x0, 0xc4, 0x1, 0xf1, 0xea, 0x0, 0x7f, 0xfd,
    0xcc, 0x3, 0x8c, 0x7, 0x28, 0x2, 0x9c, 0x21,
    0x95, 0xe0, 0x96, 0x82, 0x6, 0x92, 0x2, 0x87,
    0x0, 0x9a, 0x42, 0x1c, 0x3, 0x9b, 0xdc, 0x2,

    /* U+2328 "⌨" */
    0x0, 0x11, 0x7f, 0xf1, 0xc4, 0x0, 0xff, 0xbb,
    0xff, 0xc7, 0xef, 0x79, 0x6c, 0xcf, 0x5e, 0x5e,
    0x5e, 0x5e, 0x5e, 0xde, 0xde, 0x35, 0xe, 0x4c,
    0xa2, 0xbe, 0xe5, 0x29, 0x6d, 0xad, 0xad, 0xed,
    0xee, 0x7c, 0xc0, 0x11, 0xd3, 0xbd, 0x7c, 0x9a,
    0x96, 0xf6, 0xf6, 0x96, 0xd5, 0x20, 0x19, 0xed,
    0x29, 0x7a, 0xfe, 0xa7, 0xa3, 0xef, 0xe6, 0x32,
    0xa4, 0x3, 0x2d, 0x3d, 0xb4, 0x4c, 0xa3, 0xef,
    0xa7, 0x66, 0xfc, 0x3, 0xf5, 0x25, 0x25, 0x25,
    0x25, 0xa5, 0xbd, 0x27, 0x8, 0x7, 0xec, 0x7b,
    0x7b, 0x7b, 0x4a, 0x4a, 0x4b, 0x78, 0x3a, 0xa4,
    0x80, 0x74, 0xd7, 0xaf, 0xa4, 0x3c, 0x25, 0xad,
    0x2d, 0x2d, 0x54, 0x1, 0x92, 0x72, 0x1f, 0x82,
    0x82, 0xce, 0xa, 0x47, 0xda, 0xb3, 0x40, 0x36,
    0xde, 0xa0, 0x74, 0x47, 0xee, 0x4, 0xe4, 0xe0,
    0x1, 0x7e, 0xe6, 0x9a, 0x7d, 0x57, 0xef, 0x42,
    0xf3, 0xec, 0x3b, 0x4b, 0xbf, 0xfe, 0x42, 0x40,

    /* U+25B6 "▶" */
    0x40, 0xf, 0xfe, 0xd, 0xea, 0x80, 0x7f, 0xf0,
    0xa, 0xb5, 0x40, 0x3f, 0xf8, 0x5, 0x5a, 0xa0,
    0x1f, 0xfc, 0x2, 0xad, 0x50, 0xf, 0xfe, 0x1,
    0x56, 0xa8, 0x7, 0xff, 0x0, 0xab, 0x54, 0x3,
    0xff, 0x80, 0x56, 0xa0, 0x1f, 0xe1, 0x8e, 0x50,
    0xf, 0xc3, 0x1c, 0xe0, 0x1f, 0x86, 0x39, 0xc0,
    0x3f, 0xc, 0x73, 0x80, 0x7e, 0x18, 0xe7, 0x0,
    0xfc, 0x31, 0xce, 0x1, 0xfe, 0xe7, 0x0, 0xff,
    0xe0, 0x0,

    /* U+26A0 "⚠" */
    0x0, 0xff, 0xe5, 0x9c, 0x0, 0x7f, 0xf0, 0xbd,
    0x44, 0x3, 0xff, 0x80, 0xc9, 0x10, 0x0, 0xff,
    0xe0, 0x56, 0xe9, 0x48, 0x3, 0xfc, 0xf4, 0x49,
    0xf2, 0x1, 0xfc, 0x36, 0xc2, 0xc6, 0x26, 0x1,
    0xfa, 0x24, 0x8, 0xc2, 0x3c, 0x3, 0xe2, 0x55,
    0x3, 0x70, 0x12, 0xa8, 0x3, 0xd3, 0xe0, 0x2,
    0x20, 0x2, 0x24, 0x3, 0x8c, 0x4c, 0x2, 0x50,
    0x0, 0xdb, 0x0, 0x6f, 0x80, 0x9, 0xac, 0x2,
    0x7a, 0x0, 0x95, 0x8, 0x2, 0x78, 0x0, 0xd4,
    0xe0, 0x8, 0x4c, 0xcd, 0xbf, 0x99, 0xaa, 0x4,

    /* U+2713 "✓" */
    0x0, 0xfc, 0x48, 0x1, 0xf9, 0x77, 0x40, 0x1f,
    0x1d, 0x1c, 0x80, 0x7d, 0xc3, 0xa0, 0x1f, 0x51,
    0x50, 0x80, 0x79, 0x55, 0x8, 0x1, 0xa5, 0x6,
    0xcd, 0xc0, 0x31, 0xb4, 0x58, 0xf0, 0x7, 0x18,
    0x9a, 0xc9, 0x0, 0x79, 0xc1, 0x18, 0x3, 0xe9,
    0xcb, 0x0, 0xf8,

    /* U+2717 "✗" */
    0x0, 0xff, 0xe1, 0x32, 0x80, 0x53, 0xd0, 0x0,
    0x19, 0xb0, 0x4, 0x31, 0xc0, 0x0, 0x48, 0x55,
    0x9c, 0x7c, 0x3, 0x50, 0x5c, 0x86, 0x90, 0x6,
    0x60, 0x10, 0x83, 0x0, 0xe1, 0x20, 0x3, 0x80,
    0x7a, 0x48, 0x0, 0xe0, 0x1c, 0xac, 0x6, 0x12,
    0x1, 0x8a, 0x81, 0xf4, 0x45, 0x0, 0x17, 0x1,
    0x40, 0xd0, 0x20, 0x1, 0xcc, 0x38, 0x0, 0x91,
    0x0, 0x5, 0x3, 0x18, 0x4, 0xe8, 0x0, 0x71,
    0x80, 0xf, 0xd5, 0xc2, 0x1, 0xf8,

    /* U+F05A "" */
    0x0, 0xf1, 0xbc, 0xc9, 0xcc, 0x3, 0xfc, 0xdd,
    0x90, 0xcc, 0x8c, 0xe6, 0x0, 0xf0, 0xdc, 0x88,
    0x7, 0x86, 0x6c, 0x40, 0x36, 0xa0, 0x7, 0xf9,
    0x34, 0x2, 0x93, 0x0, 0xff, 0xe0, 0x1c, 0x81,
    0x30, 0x7, 0xbb, 0x80, 0x1e, 0x62, 0xa0, 0xf,
    0x88, 0x80, 0x1f, 0x52, 0x0, 0x7d, 0x98, 0x0,
    0xf9, 0x8, 0x3, 0x87, 0x3a, 0xc0, 0x3e, 0x21,
    0x0, 0xf3, 0x82, 0x10, 0x7, 0x84, 0x80, 0x38,
    0x6d, 0xc0, 0x3f, 0x13, 0x80, 0x7f, 0xf1, 0x1f,
    0xc0, 0x38, 0x75, 0x83, 0x4, 0x3, 0xbd, 0x4c,
    0x3, 0xd, 0x3b, 0xa4, 0x40, 0x31, 0xa8, 0x78,
    0x7, 0x3c, 0x41, 0xc0, 0x3b, 0xc0, 0x7, 0x60,
    0x1f, 0xfc, 0xb, 0x30, 0x9, 0x30, 0xc0, 0x3f,
    0x1e, 0xa0, 0x7, 0x1e, 0x52, 0x88, 0x0, 0x56,
    0xb0, 0x80, 0x3f, 0x2d, 0x77, 0xfb, 0xa9, 0x40,
    0x38,

    /* U+F0ED "" */
    0x0, 0xf0, 0xa3, 0xa8, 0x7, 0xff, 0x11, 0xba,
    0xe2, 0xbd, 0x80, 0x3f, 0xf8, 0x2f, 0x20, 0x1d,
    0x2c, 0x4, 0x1, 0xfc, 0x50, 0x1, 0xf4, 0xf6,
    0xfc, 0x80, 0x7c, 0x80, 0x1f, 0xc2, 0x0, 0x67,
    0x0, 0xf7, 0x80, 0x7f, 0xf0, 0x68, 0x3, 0x85,
    0x40, 0x3a, 0x74, 0x3, 0xc6, 0x1, 0x97, 0x8c,
    0x3, 0x88, 0x80, 0x1e, 0x20, 0x8, 0xe8, 0x3,
    0xff, 0x86, 0x78, 0x0, 0x90, 0xe, 0x1f, 0x80,
    0x2, 0x72, 0x80, 0x63, 0x90, 0x40, 0xe, 0x13,
    0x74, 0xb, 0x7, 0x0, 0xe6, 0x10, 0xf, 0xb1,
    0x0, 0x3, 0x84, 0x1, 0xe2, 0x50, 0xf, 0xad,
    0x4f, 0xc8, 0x3, 0xe2, 0xf0, 0xf, 0xd5, 0x82,
    0x1, 0xf1, 0x8a, 0x38, 0x7, 0xff, 0x17, 0x80,
    0x11, 0x66, 0x1, 0xff, 0xc0, 0x15, 0xd2, 0x0,
    0x93, 0x3f, 0xbb, 0xff, 0x81, 0x44, 0x0,

    /* U+F12E "" */
    0x0, 0xf3, 0xed, 0xa0, 0x7, 0xff, 0x5, 0x20,
    0x92, 0xc0, 0x3f, 0xf8, 0x2a, 0x1, 0x20, 0x7,
    0xff, 0x4, 0x54, 0x1, 0xc0, 0x1f, 0xcc, 0xef,
    0x42, 0x0, 0x25, 0xdc, 0x60, 0x1d, 0x73, 0x11,
    0x38, 0x80, 0xe, 0x21, 0x84, 0x1, 0x90, 0x3,
    0xff, 0x80, 0x80, 0x1f, 0xfc, 0x51, 0x0, 0xc2,
    0x79, 0x40, 0x1f, 0xd8, 0x53, 0xa7, 0xf8, 0x6a,
    0x60, 0x1f, 0x93, 0x58, 0xa0, 0x40, 0x25, 0x0,
    0xff, 0xe0, 0x32, 0x90, 0x1, 0x0, 0x3f, 0x84,
    0x0, 0x95, 0xb1, 0x44, 0x1, 0xf9, 0xfa, 0xde,
    0x0, 0xe, 0xa0, 0x11, 0x88, 0x6, 0xf0, 0x48,
    0x10, 0xe, 0x1d, 0xce, 0xa0, 0xf, 0xfe, 0xa,
    0x90, 0x1, 0x40, 0x3f, 0xf8, 0x28, 0x80, 0x4,
    0x80, 0x42, 0x1, 0xa0, 0x40, 0x36, 0x80, 0x1c,
    0x0, 0x6c, 0x1, 0x9f, 0xbf, 0xf4, 0x80, 0x3b,
    0xfd, 0x80, 0x1c,

    /* U+F15C "" */
    0x2c, 0xff, 0xee, 0xa1, 0x0, 0xdc, 0x60, 0x1c,
    0x2b, 0xa0, 0x18, 0xc0, 0x3c, 0xa0, 0x78, 0x1,
    0xfe, 0xfa, 0x3, 0xc0, 0xf, 0xf2, 0xd0, 0x1e,
    0x0, 0x7e, 0x30, 0x5a, 0x3, 0x50, 0xf, 0xa7,
    0x31, 0x22, 0x4, 0x1, 0xf8, 0xce, 0x10, 0xf,
    0xfe, 0x3a, 0xff, 0xf6, 0x0, 0x7f, 0xf2, 0x57,
    0xff, 0xb0, 0x3, 0xe1, 0x55, 0xe3, 0x0, 0xf9,
    0xaa, 0xbb, 0x40, 0x3e, 0x7e, 0xef, 0x0, 0x7e,
    0x11, 0xe0, 0xe, 0x20, 0xf, 0xfe, 0x1, 0xf1,
    0x0, 0x7f, 0x99, 0xf, 0x7f, 0xff, 0xd2, 0x0,

    /* U+F1CD "" */
    0x0, 0xe1, 0x69, 0xcc, 0x4b, 0x8, 0x7, 0xc2,
    0x28, 0xe9, 0x63, 0x33, 0x4f, 0x40, 0x88, 0x2,
    0x2e, 0xe3, 0x80, 0xb4, 0x41, 0x84, 0x1f, 0xb8,
    0x40, 0x1, 0x0, 0x9f, 0xa5, 0xdd, 0x3c, 0xe0,
    0x10, 0x80, 0x28, 0x2, 0x51, 0x0, 0xc2, 0xa0,
    0x15, 0x1, 0x30, 0x38, 0x17, 0xbd, 0xd9, 0xfc,
    0x81, 0xc1, 0x8a, 0x80, 0xa3, 0x0, 0x61, 0x11,
    0x2, 0x19, 0x4, 0x14, 0x60, 0xa0, 0x6e, 0x0,
    0x77, 0x0, 0x1c, 0xc1, 0x40, 0xd4, 0x34, 0x0,
    0x80, 0xd1, 0x6, 0x4, 0x0, 0x68, 0x28, 0x80,
    0x80, 0x4, 0x38, 0x1, 0xc0, 0x20, 0x1, 0x1,
    0x30, 0x30, 0x2, 0x5, 0x19, 0xa8, 0x10, 0x0,
    0x60, 0x6a, 0x18, 0x2, 0xa0, 0x59, 0x82, 0x5,
    0x0, 0x68, 0x2e, 0x2, 0x1e, 0x98, 0x10, 0x0,
    0x80, 0xf0, 0xd4, 0x31, 0x4c, 0x30, 0xc2, 0x77,
    0xb9, 0xb2, 0x7, 0x80, 0x6a, 0x10, 0x1, 0x43,
    0x0, 0x88, 0x1a, 0x0, 0x28, 0x0, 0x38, 0x5,
    0x10, 0x31, 0x11, 0xc4, 0x0, 0x27, 0x0, 0x1c,
    0x40, 0x41, 0xf3, 0xb9, 0x8e, 0x3, 0x10, 0x30,
    0x9, 0xdd, 0xd0, 0x40, 0x18, 0xa3, 0x9d, 0xc0,
    0x1f, 0x3e, 0xfe, 0xeb, 0xf5, 0xc0, 0x38,

    /* U+F1D8 "" */
    0x0, 0xff, 0xe2, 0x9c, 0x48, 0x7, 0xff, 0xc,
    0x5f, 0x71, 0xd8, 0x3, 0xff, 0x80, 0x2d, 0x9d,
    0x4, 0x0, 0x40, 0xf, 0xf2, 0xd7, 0x49, 0x80,
    0x77, 0x0, 0x7c, 0x73, 0xd4, 0xa0, 0x1f, 0x94,
    0x3, 0x14, 0x6e, 0x30, 0x80, 0x7f, 0x28, 0x4,
    0xd9, 0xae, 0x40, 0x1f, 0xfc, 0xe, 0x0, 0x2c,
    0x98, 0x7, 0xe1, 0x50, 0xc, 0x28, 0x0, 0x71,
    0x0, 0xfc, 0x59, 0xe0, 0x19, 0xc0, 0x22, 0xea,
    0x40, 0xe, 0x4c, 0x1a, 0x0, 0xd4, 0x1, 0xcb,
    0x7a, 0xe2, 0xd, 0x61, 0xa0, 0x18, 0x8c, 0x3,
    0xe2, 0x8e, 0xd9, 0xd, 0x10, 0xc, 0xa0, 0x1f,
    0xf1, 0x4, 0x98, 0x7, 0x50, 0x7, 0xff, 0x4,
    0x80, 0x38, 0xc8, 0x3, 0xff, 0x83, 0xc0, 0x1d,
    0x40, 0x1f, 0xfc, 0x25, 0x10, 0xc, 0xe0, 0x1f,
    0xfc, 0x36, 0x0, 0x90, 0x40, 0x3f, 0xf8, 0x72,
    0x1, 0x70, 0x7, 0xff, 0x10, 0x50, 0x0, 0xa0,
    0x1f, 0xfc, 0x59, 0x4a, 0x0, 0xf8,

    /* U+F1DE "" */
    0x0, 0xe9, 0xec, 0x40, 0xf, 0xe1, 0x44, 0xa9,
    0x84, 0xed, 0x51, 0x3e, 0x1c, 0xbb, 0x94, 0x3,
    0x55, 0xdf, 0xd8, 0x80, 0x1f, 0xfc, 0x44, 0x9f,
    0xfa, 0x80, 0x22, 0xff, 0xfd, 0x20, 0x19, 0x71,
    0xe7, 0x0, 0xb, 0x8, 0x1, 0xfc, 0x70, 0xc2,
    0x17, 0x4f, 0x6e, 0x1, 0x4f, 0xff, 0xf2, 0x0,
    0x51, 0xfe, 0x94, 0x0, 0xff, 0xe2, 0x26, 0x5d,
    0xfe, 0xa1, 0x0, 0x8e, 0xed, 0x82, 0x89, 0xf9,
    0x75, 0x5, 0x75, 0x10, 0x20, 0x1a, 0x76, 0x88,
    0x0, 0x77, 0xd4, 0x20, 0x18, 0xcd, 0x6c, 0x4b,
    0x88, 0x67, 0xf8, 0x37, 0x30, 0x80, 0x10, 0xde,
    0x67, 0xed, 0x70, 0xf, 0xfe, 0x23, 0xd7, 0xf9,
    0xc0, 0x23, 0xff, 0xfe, 0xa0, 0xa, 0x29, 0xa7,
    0x0, 0x3f, 0xc0,

    /* U+F2DB "" */
    0x0, 0xc7, 0x20, 0x6, 0x60, 0x2, 0x88, 0x3,
    0xf5, 0xb1, 0x5, 0xd8, 0xd, 0x54, 0x1, 0xf1,
    0x98, 0x2d, 0xcc, 0xcf, 0x41, 0x86, 0x1, 0xcb,
    0x88, 0xd, 0x2, 0x28, 0x60, 0x4c, 0x40, 0x0,
    0x9c, 0x80, 0x9, 0x13, 0xc4, 0x0, 0xf3, 0x1f,
    0xc3, 0x5, 0xdb, 0xbf, 0x6a, 0x82, 0x67, 0xd4,
    0x90, 0x68, 0x3c, 0x46, 0x70, 0x20, 0x29, 0xa4,
    0x61, 0x0, 0xa9, 0xdf, 0x58, 0x4, 0xcc, 0x46,
    0x92, 0x0, 0xff, 0xe0, 0x2c, 0xb5, 0xb0, 0x80,
    0x7f, 0xf0, 0x5, 0xaf, 0x78, 0xc0, 0x3f, 0xf8,
    0x7, 0xda, 0x2, 0x1, 0xff, 0xc1, 0x71, 0xb,
    0xe3, 0xf, 0xd, 0xff, 0xd8, 0x1, 0x27, 0x59,
    0xa8, 0x83, 0x29, 0x9f, 0x95, 0x80, 0x54, 0xe2,
    0xdc, 0x6, 0xb3, 0x3d, 0x42, 0xd, 0x70, 0x0,
    0x84, 0x0, 0xff, 0x24, 0x80, 0x61, 0xb7, 0xd,
    0xf2, 0x27, 0xe0, 0x45, 0x88, 0x7, 0xbc, 0xc,
    0x4, 0x40, 0x20, 0x20, 0x1f, 0x9f, 0x44, 0x37,
    0x40, 0x5a, 0xc0, 0x18,

    /* U+F2F5 "" */
    0x0, 0x1b, 0x34, 0x20, 0x1f, 0xfc, 0x1, 0xcc,
    0x4c, 0xd6, 0x1, 0xff, 0xc0, 0x83, 0x2, 0x2b,
    0x80, 0x32, 0xb8, 0x7, 0x9c, 0x23, 0x76, 0x40,
    0xd, 0xd1, 0x20, 0x1c, 0x20, 0x80, 0x1f, 0xe6,
    0x90, 0xf, 0xfe, 0x33, 0x48, 0x7, 0xf5, 0x7f,
    0xe4, 0x0, 0x9a, 0x40, 0x3e, 0x55, 0x0, 0x7f,
    0x34, 0x0, 0x7f, 0xf1, 0x94, 0x3, 0xce, 0x1,
    0xfe, 0x1f, 0x0, 0xf1, 0x6c, 0x46, 0x20, 0x8,
    0x70, 0x80, 0x3e, 0x27, 0x7c, 0xc0, 0x1, 0xc2,
    0x0, 0xce, 0x1, 0xfe, 0x1c, 0x20, 0x8, 0x83,
    0x88, 0x44, 0x1, 0xc2, 0x2c, 0x20, 0xd, 0x40,
    0xbb, 0xdc, 0x80, 0xd, 0x5c, 0x40, 0x1c, 0xf0,
    0x1, 0xff, 0xc6, 0x7f, 0xee, 0xa0, 0x3, 0xff,
    0x80,

    /* U+F2F9 "" */
    0x0, 0xff, 0xe7, 0x2c, 0xdd, 0xa5, 0x40, 0x33,
    0x40, 0x7, 0x3f, 0xd3, 0x22, 0x1a, 0xbe, 0x1,
    0xe5, 0xc0, 0x21, 0xc8, 0x0, 0x1b, 0x31, 0x0,
    0xf, 0xb0, 0x1, 0xd8, 0x60, 0xdf, 0x93, 0x2b,
    0xe6, 0x2, 0x0, 0xe9, 0x20, 0xb9, 0x0, 0xe1,
    0xe0, 0xf, 0x13, 0x3, 0xa0, 0x7, 0x9a, 0x0,
    0x3d, 0x40, 0x50, 0x1, 0xf7, 0x80, 0x71, 0x82,
    0x2, 0x0, 0x7e, 0x9f, 0xfe, 0xc0, 0x20, 0xf0,
    0xf, 0xfe, 0x20, 0x81, 0x0, 0x7f, 0xf1, 0x4,
    0xc, 0x3, 0xff, 0x88, 0x81, 0xa0, 0x1f, 0xfc,
    0x4f, 0x5, 0x30, 0xf, 0xf9, 0x0, 0x25, 0x20,
    0xe0, 0xf, 0xf6, 0x5b, 0x80, 0x52, 0x5, 0x84,
    0x1, 0xe2, 0xc3, 0x4, 0x0, 0x92, 0x40, 0xf6,
    0x10, 0x44, 0x91, 0xa6, 0x12, 0x60, 0x19, 0xac,
    0x41, 0xef, 0xb9, 0x6e, 0x3, 0x6c, 0x1, 0xe4,
    0xe8, 0x20, 0xc, 0x51, 0xc8, 0x1, 0xfc, 0xfb,
    0xdb, 0xae, 0xd7, 0x0, 0xff, 0xe0, 0x89, 0x10,
    0x40, 0x3e,

    /* U+F590 "" */
    0x0, 0xc2, 0xf7, 0xb9, 0x4c, 0x1, 0xf9, 0x7e,
    0x10, 0x8d, 0x67, 0x4c, 0x3, 0xaa, 0x82, 0x25,
    0x87, 0x40, 0x2c, 0x60, 0x9, 0x94, 0x1b, 0xe9,
    0xe2, 0xf4, 0xc2, 0x4c, 0x6, 0x41, 0xa4, 0x40,
    0x31, 0x61, 0x7, 0x4, 0x80, 0xc8, 0x7, 0xef,
    0x2, 0x45, 0x6, 0x0, 0xfe, 0x23, 0xd, 0x20,
    0x6f, 0xc1, 0x0, 0xc9, 0xbe, 0x60, 0x40, 0x1,
    0x3, 0x90, 0xd, 0x24, 0x1, 0x38, 0x7, 0x10,
    0x6, 0x30, 0xf, 0xfe, 0x4a, 0x0, 0x7f, 0xf0,
    0xe0, 0x3, 0x68, 0x6, 0x20, 0xe, 0x3d, 0x64,
    0x77, 0x0, 0x6e, 0x54, 0x80, 0x70, 0x29, 0xb8,
    0x0, 0x22, 0x0, 0xaa, 0xdc, 0x8, 0x3, 0x87,
    0xae, 0xe0, 0xa, 0x43, 0x0, 0x39, 0x4, 0x0,
    0x95, 0x4d, 0x64, 0x50, 0xe, 0x54, 0x0, 0x95,
    0x41, 0x16, 0x1, 0xf5, 0xff, 0xf6, 0xb8, 0x0,

    /* U+F5FD "" */
    0x0, 0xf9, 0x2a, 0x88, 0x1, 0xff, 0xc0, 0x5d,
    0xb5, 0x55, 0xeb, 0x0, 0x7e, 0x7e, 0xa2, 0x0,
    0xc5, 0x3c, 0xe0, 0x10, 0xc7, 0x40, 0x80, 0x7e,
    0x18, 0xf8, 0x1d, 0x71, 0x0, 0xff, 0xe0, 0xbe,
    0x50, 0x80, 0x7f, 0xf0, 0x86, 0xdb, 0xa4, 0x80,
    0x3f, 0xc5, 0x3c, 0xc0, 0x6, 0xda, 0x30, 0xf,
    0x1d, 0x6b, 0x0, 0x1b, 0xed, 0x17, 0x2d, 0x0,
    0x9, 0x78, 0xa9, 0x7e, 0xf4, 0x9, 0x78, 0xa9,
    0x7d, 0xcb, 0x45, 0xcb, 0x40, 0xbd, 0x81, 0x3,
    0xad, 0x63, 0x33, 0x6d, 0x18, 0xc, 0x60, 0xbf,
    0x49, 0x1, 0x4e, 0xea, 0x48, 0xa, 0x79, 0xc0,
    0xa9, 0x99, 0xb4, 0x60, 0x18, 0xeb, 0x58, 0xdc,
    0x7d, 0x67, 0x9d, 0x32, 0xd5, 0x57, 0x8a, 0xac,
    0xc4, 0x6c, 0x98, 0xc, 0x74, 0x2d, 0x51, 0x5f,
    0xa8, 0xc0, 0x65, 0x32, 0xd0, 0x0, 0xfd, 0xba,
    0xe8, 0x10, 0x3a, 0xe5, 0x0, 0x25, 0xe2, 0x80,
    0x8, 0x80, 0x4, 0xbc, 0x50, 0xf, 0x1d, 0x6b,
    0x0, 0x1b, 0x6d, 0x0, 0x3f, 0xc5, 0x3f, 0xe9,
    0x20, 0xf, 0x0,

    /* U+FB56 "ﭖ" */
    0x38, 0x10, 0xf, 0xe1, 0xf7, 0x86, 0x10, 0xf,
    0xfb, 0xd8, 0x80, 0x3f, 0xd2, 0x1a, 0xe6, 0xa0,
    0x1f, 0x25, 0x39, 0xac, 0xd, 0x6d, 0x4c, 0xab,
    0x7e, 0xd5, 0xb0, 0xb, 0xe0, 0x51, 0x98, 0x8c,
    0xca, 0xe9, 0x0, 0x85, 0xf3, 0xbf, 0xdd, 0x72,
    0xa2, 0x1, 0xfb, 0x5e, 0xa8, 0x1, 0xff, 0x72,
    0xcc, 0x0, 0x7f, 0xc7, 0xd4, 0x40, 0x1f, 0xfc,
    0xf, 0xb0, 0xf, 0x80,

    /* U+FB57 "ﭗ" */
    0x38, 0x10, 0xf, 0xf7, 0xb8, 0x2, 0x18, 0x40,
    0x3f, 0xee, 0x0, 0x31, 0x0, 0x7f, 0xa4, 0xc,
    0x0, 0xe6, 0xc0, 0x1e, 0x16, 0xd6, 0x4, 0x0,
    0x59, 0x4f, 0x5d, 0x52, 0xf7, 0xa4, 0x9a, 0x47,
    0xa0, 0x76, 0x9, 0x57, 0xb, 0x57, 0x4b, 0x40,
    0x28, 0x1, 0xf3, 0xbf, 0xdd, 0x92, 0xa2, 0x0,
    0x7e, 0xd0, 0xe, 0xd7, 0xaa, 0x0, 0x7f, 0xf0,
    0x79, 0x66, 0x0, 0x3f, 0xf8, 0x27, 0xd4, 0x40,
    0x1f, 0xfc, 0x2f, 0xb0, 0xf, 0xe0,

    /* U+FB58 "ﭘ" */
    0x0, 0xc, 0x18, 0x4, 0x4e, 0x80, 0x1c, 0x20,
    0x12, 0x81, 0x0, 0xd4, 0x8a, 0x1, 0xa9, 0x50,
    0x0, 0xbf, 0x10, 0x2, 0x2e, 0x3f, 0x60, 0x2b,
    0x2b, 0x70, 0x2, 0x70, 0x8, 0x5, 0x6a, 0x0,

    /* U+FB59 "ﭙ" */
    0x0, 0xc, 0x18, 0x6, 0x27, 0x40, 0xf, 0xf9,
    0x43, 0x40, 0x3, 0x52, 0xb, 0x6c, 0x6a, 0x52,
    0x69, 0xe5, 0xf8, 0xd9, 0xf2, 0x5, 0xc7, 0xec,
    0x0, 0x2b, 0x2b, 0x70, 0x9, 0x38, 0x4, 0x3,
    0x5a, 0x80, 0x0,

    /* U+FB7A "ﭺ" */
    0x0, 0x84, 0x84, 0x3, 0x9b, 0x7f, 0xb7, 0xbf,
    0xa8, 0x0, 0x2b, 0x52, 0x20, 0x29, 0xa0, 0x7,
    0x81, 0x90, 0xae, 0xa7, 0x0, 0x86, 0x8b, 0xd4,
    0x3, 0xd0, 0x3e, 0x22, 0x0, 0xf3, 0x29, 0x1f,
    0x17, 0xa8, 0x0, 0x83, 0x0, 0xec, 0xb1, 0x0,
    0x2, 0x1, 0x97, 0xc0, 0x40, 0x6, 0x1e, 0x0,
    0x1a, 0x20, 0xc, 0x8c, 0x60, 0x5, 0x10, 0x1,
    0x4, 0x8e, 0x4a, 0x11, 0x17, 0x2c, 0xb, 0xd5,
    0xaf, 0x75, 0x45, 0x80, 0x1, 0xaf, 0xcb, 0xb6,
    0xf2, 0x80,

    /* U+FB7B "ﭻ" */
    0x0, 0x84, 0x84, 0x3, 0x9b, 0x3f, 0xb7, 0xbf,
    0xa4, 0x1, 0xe0, 0xf0, 0x20, 0x11, 0x80, 0x27,
    0x2e, 0x45, 0x9, 0x68, 0x2, 0x1d, 0x1b, 0xb9,
    0x4, 0x2, 0x81, 0xa4, 0x6, 0x7, 0x0, 0x99,
    0x14, 0x2, 0x78, 0x10, 0x20, 0xc1, 0x50, 0x59,
    0x3d, 0x41, 0x1, 0x5a, 0x1a, 0x2c, 0x8, 0x20,
    0xf4, 0xce, 0xd3, 0x1c, 0xc0, 0xa3, 0x19, 0xa8,
    0x80, 0x22, 0x9, 0x1c, 0x91, 0x22, 0x36, 0x58,
    0x16, 0x2b, 0x5e, 0xea, 0x4b, 0x0, 0x5, 0x5f,
    0x97, 0x6d, 0xe5,

    /* U+FB7C "ﭼ" */
    0x0, 0x35, 0x4c, 0x29, 0x0, 0x76, 0x2b, 0x3d,
    0x6e, 0xa0, 0x80, 0x15, 0xfd, 0x94, 0xc6, 0xfe,
    0x1, 0x84, 0xd4, 0x44, 0xa, 0x1, 0xea, 0x73,
    0xd8, 0x0, 0xc7, 0x8a, 0xd8, 0x40, 0x35, 0x7b,
    0x87, 0x32, 0x0, 0x8d, 0x54, 0x31, 0xac, 0x1,
    0x8b, 0xfb, 0x3, 0xd3, 0xc0, 0x3e, 0x59, 0x6a,
    0x0, 0xf8, 0x89, 0xaa, 0x1, 0xf9, 0xf0, 0x3,
    0x0,

    /* U+FB7D "ﭽ" */
    0x0, 0x35, 0x4c, 0x29, 0x0, 0x7d, 0x8a, 0xcf,
    0x5b, 0xa8, 0x20, 0xd, 0x5f, 0xdb, 0x4c, 0x6f,
    0xe0, 0x1e, 0x12, 0x50, 0x10, 0x50, 0xf, 0xd6,
    0xc0, 0x50, 0x1, 0xe3, 0xc4, 0x67, 0x29, 0x0,
    0xd, 0x5e, 0xe1, 0xc4, 0xc1, 0xb6, 0x41, 0xaa,
    0x85, 0xf5, 0xc0, 0x1a, 0xc4, 0x85, 0xfd, 0x9f,
    0xe4, 0xf0, 0x19, 0xec, 0x0, 0xcb, 0x2d, 0x40,
    0x1f, 0xc4, 0x4d, 0x50, 0xf, 0xf3, 0xe0, 0x7,
    0x80,

    /* U+FB8A "ﮊ" */
    0x0, 0xff, 0xe1, 0xc6, 0x80, 0x7d, 0x5c, 0x1,
    0xe9, 0x92, 0xf0, 0x7, 0x5c, 0xbe, 0x80, 0x71,
    0x10, 0x4c, 0x3, 0xc4, 0xe2, 0x1, 0xf4, 0x30,
    0x7, 0x88, 0x38, 0x3, 0xff, 0x86, 0x41, 0xc0,
    0x1e, 0xb0, 0x40, 0xe, 0x66, 0x21, 0x80, 0x45,
    0x52, 0x34, 0xf, 0x7b, 0xa5, 0x57, 0x88, 0x62,
    0x8b, 0xed, 0x8, 0x0,

    /* U+FB8B "ﮋ" */
    0x0, 0xff, 0xe3, 0x46, 0x80, 0x7f, 0xab, 0x80,
    0x3f, 0xa6, 0x4b, 0xc0, 0x1f, 0xae, 0x5f, 0x40,
    0x3f, 0x11, 0x4, 0xc0, 0x3f, 0x8e, 0x88, 0x3,
    0xf8, 0x55, 0x40, 0x1f, 0xc4, 0x14, 0x1, 0xff,
    0x16, 0xd0, 0x80, 0x79, 0x1, 0xd, 0x40, 0x3e,
    0x80, 0xbe, 0xf1, 0x0, 0xc3, 0x67, 0x0, 0x1c,
    0x29, 0x1c, 0x8e, 0xe0, 0xd, 0x9d, 0x6e, 0x99,
    0x0, 0x1d, 0x6f, 0x5d, 0x66, 0x1, 0xe0,

    /* U+FB8E "ﮎ" */
    0x0, 0xff, 0xe1, 0x10, 0x7, 0xff, 0x5, 0x6f,
    0x44, 0x3, 0xf8, 0x5f, 0xa9, 0x60, 0x40, 0x3f,
    0x4f, 0x41, 0x57, 0x38, 0x7, 0xe7, 0x65, 0xdc,
    0x50, 0xf, 0xf6, 0x85, 0x90, 0x7, 0xff, 0x3,
    0x82, 0x80, 0x3f, 0xf8, 0x28, 0xe9, 0x20, 0x1f,
    0xfc, 0x18, 0x56, 0x60, 0x6, 0x38, 0x10, 0xf,
    0x51, 0x49, 0x0, 0x50, 0xc2, 0x1, 0xf7, 0x5,
    0x0, 0x4c, 0x40, 0x1f, 0xfc, 0x27, 0x35, 0x0,
    0xe1, 0x7d, 0xb, 0x0, 0xa0, 0x6b, 0xaa, 0x6b,
    0x3a, 0x2, 0x8c, 0x2, 0x2f, 0x82, 0x46, 0x40,
    0x7b, 0xe5, 0x0, 0xc0,

    /* U+FB8F "ﮏ" */
    0x0, 0xff, 0xe0, 0x9d, 0x8, 0x7, 0xff, 0x1,
    0xb3, 0xa, 0x1, 0xfe, 0x28, 0xe9, 0x19, 0xf1,
    0x0, 0xfc, 0x7a, 0xe9, 0x7a, 0xc0, 0x1f, 0xe9,
    0xc, 0xa4, 0x0, 0xff, 0xe0, 0x10, 0x30, 0x7,
    0xff, 0xa, 0x4a, 0x88, 0x3, 0xff, 0x82, 0x3e,
    0x1e, 0x1, 0xff, 0xc2, 0x2a, 0x2b, 0x0, 0xe8,
    0xf1, 0x0, 0xf2, 0xba, 0x40, 0x6, 0x42, 0x10,
    0xf, 0xa8, 0x1d, 0x40, 0x31, 0x80, 0x7e, 0xa0,
    0x5, 0x10, 0x2, 0x87, 0x14, 0x40, 0x4e, 0x35,
    0xca, 0x83, 0x69, 0x99, 0x7, 0x5d, 0xfd, 0x8e,
    0x11, 0xab, 0x66, 0xb8, 0xf, 0xf5, 0xe, 0xe9,
    0xdd, 0x38, 0x1, 0x33, 0xe8,

    /* U+FB90 "ﮐ" */
    0x0, 0xfc, 0x68, 0x1, 0xe6, 0xdc, 0xc0, 0x4,
    0x53, 0xf2, 0x13, 0x0, 0x8, 0xd6, 0x5c, 0xd6,
    0x0, 0x13, 0x9f, 0x51, 0x80, 0x79, 0x84, 0x3,
    0xc4, 0xaa, 0x60, 0xf, 0xa8, 0xe5, 0x0, 0x3e,
    0xd1, 0xa2, 0x0, 0xf0, 0xe8, 0xc8, 0x7, 0xc6,
    0x88, 0x0, 0xfc, 0xc0, 0x18, 0x6a, 0xad, 0x27,
    0x0, 0x8d, 0x56, 0x36, 0x80, 0x8,

    /* U+FB91 "ﮑ" */
    0x0, 0xfc, 0x68, 0x1, 0xf9, 0xb7, 0x30, 0x1,
    0xc5, 0x3f, 0x21, 0x30, 0x1, 0xa3, 0x59, 0x73,
    0x58, 0x3, 0x13, 0x9f, 0x51, 0x80, 0x7e, 0x61,
    0x0, 0xfc, 0x4a, 0xa6, 0x0, 0xfe, 0xa3, 0x94,
    0x0, 0xfe, 0xd1, 0xa2, 0x0, 0xfc, 0x3a, 0x3e,
    0x1, 0xfc, 0x68, 0x56, 0x1, 0xfc, 0xc0, 0x90,
    0x1, 0xd, 0x55, 0xa4, 0xc8, 0xf9, 0x42, 0x6a,
    0xb1, 0xbc, 0xdb, 0x12, 0x80,

    /* U+FB92 "ﮒ" */
    0x0, 0xff, 0xe0, 0x94, 0x88, 0x7, 0xfc, 0xb9,
    0xa4, 0x20, 0x1f, 0x8a, 0x3a, 0xd3, 0x64, 0x3,
    0xf3, 0x6a, 0x5f, 0x6c, 0xe8, 0x80, 0x7c, 0xbb,
    0xa2, 0xea, 0x58, 0x10, 0xf, 0x8e, 0xfa, 0xa,
    0xb9, 0xc0, 0x3f, 0x3b, 0x2e, 0xe2, 0x80, 0x7f,
    0xb4, 0x2c, 0x80, 0x3f, 0xf8, 0x1c, 0x14, 0x1,
    0xff, 0xc1, 0x47, 0x49, 0x0, 0xff, 0xe0, 0xc2,
    0xb3, 0x0, 0x31, 0xc0, 0x80, 0x7a, 0x8a, 0x48,
    0x2, 0x86, 0x10, 0xf, 0xb8, 0x28, 0x2, 0x62,
    0x0, 0xff, 0xe1, 0x39, 0xa8, 0x7, 0xb, 0xe8,
    0x58, 0x5, 0x3, 0x5d, 0x53, 0x59, 0xd0, 0x14,
    0x60, 0x11, 0x7c, 0x12, 0x32, 0x3, 0xdf, 0x28,
    0x6,

    /* U+FB93 "ﮓ" */
    0x0, 0xff, 0xe1, 0x8, 0x7, 0xff, 0x9, 0x2b,
    0x84, 0x3, 0xfc, 0x2f, 0xb6, 0x18, 0x20, 0x1f,
    0x8a, 0xba, 0xa9, 0xd3, 0x21, 0x0, 0xfc, 0xa1,
    0x7a, 0x3b, 0x8a, 0x1, 0xfc, 0xf1, 0x9d, 0x23,
    0x3e, 0x20, 0x1f, 0x8f, 0x5d, 0x2f, 0x58, 0x3,
    0xfd, 0x21, 0x94, 0x80, 0x1f, 0xfc, 0x2, 0x6,
    0x0, 0xff, 0xe1, 0x49, 0x51, 0x0, 0x7f, 0xf0,
    0x47, 0xc3, 0xc0, 0x3f, 0xf8, 0x45, 0x45, 0x60,
    0x1d, 0x1e, 0x20, 0x1e, 0x57, 0x48, 0x0, 0xc8,
    0x42, 0x1, 0xf5, 0x3, 0xa8, 0x6, 0x30, 0xf,
    0xd4, 0x0, 0xa2, 0x0, 0x50, 0xe2, 0x88, 0x9,
    0xc6, 0xb9, 0x50, 0x6d, 0x33, 0x20, 0xeb, 0xbf,
    0xb1, 0xc2, 0x35, 0x6c, 0xd7, 0x1, 0xfe, 0xa1,
    0xdd, 0x3b, 0xa7, 0x0, 0x26, 0x7d, 0x0,

    /* U+FB94 "ﮔ" */
    0x0, 0xff, 0xe2, 0xa5, 0x40, 0x6, 0x17, 0xdb,
    0xa, 0x0, 0x1d, 0x75, 0x53, 0xa5, 0x80, 0x18,
    0x17, 0xa3, 0x99, 0x0, 0x3a, 0x37, 0xe4, 0x26,
    0x0, 0x13, 0xac, 0xb9, 0xac, 0x0, 0x27, 0x3e,
    0xa3, 0x0, 0xf3, 0x8, 0x7, 0x89, 0x54, 0xc0,
    0x1f, 0x51, 0xca, 0x0, 0x7d, 0xa3, 0x44, 0x1,
    0xe1, 0xd1, 0x90, 0xf, 0x8d, 0x10, 0x1, 0xf9,
    0x80, 0x30, 0xd5, 0x5a, 0x4e, 0x1, 0x1a, 0xac,
    0x6d, 0x0, 0x10,

    /* U+FB95 "ﮕ" */
    0x0, 0xff, 0xe3, 0xa5, 0x40, 0x7, 0x85, 0xf6,
    0xc2, 0x80, 0x31, 0xd7, 0x55, 0x3a, 0x58, 0x3,
    0x60, 0x5e, 0x8e, 0x64, 0x1, 0xba, 0x37, 0xe4,
    0x26, 0x0, 0x34, 0xeb, 0x2e, 0x6b, 0x0, 0x62,
    0x73, 0xea, 0x30, 0xf, 0xcc, 0x20, 0x1f, 0x89,
    0x54, 0xc0, 0x1f, 0xd4, 0x72, 0x80, 0x1f, 0xda,
    0x34, 0x40, 0x1f, 0x87, 0x47, 0xc0, 0x3f, 0x8d,
    0xa, 0xc0, 0x3f, 0x98, 0x12, 0x0, 0x21, 0xaa,
    0xb4, 0x99, 0x1f, 0x28, 0x4d, 0x56, 0x37, 0x9b,
    0x62, 0x50,

    /* U+FBFC "ﯼ" */
    0x0, 0xfc, 0x20, 0x1f, 0xd1, 0xdc, 0xfa, 0x10,
    0xe, 0x87, 0x4a, 0x85, 0xb0, 0xe, 0x20, 0xb5,
    0x7b, 0xe0, 0xe, 0xe0, 0xea, 0x44, 0x97, 0x4,
    0x0, 0x9a, 0xaa, 0xba, 0xe, 0x11, 0x0, 0x45,
    0x5e, 0xca, 0x8c, 0x20, 0x1f, 0x18, 0x1, 0xd,
    0x80, 0x22, 0x5c, 0x53, 0x48, 0x29, 0xfe, 0xfd,
    0xa3, 0x6d, 0x1, 0xd8, 0x42, 0x46, 0xae, 0x91,
    0x0,

    /* U+FBFD "ﯽ" */
    0x0, 0xfe, 0x38, 0x40, 0x8, 0x94, 0x40, 0x39,
    0x71, 0xed, 0x40, 0x11, 0x42, 0x1, 0xd2, 0x1c,
    0x76, 0x20, 0xe6, 0x1, 0xe5, 0xb, 0xe1, 0xc1,
    0x11, 0x0, 0x7a, 0x51, 0x4a, 0xcc, 0xd4, 0x36,
    0x60, 0x11, 0x3a, 0x18, 0x27, 0x13, 0x3a, 0x67,
    0xfd, 0xb0, 0x9a, 0x1, 0xd1, 0xb2, 0xec, 0xf3,
    0xb6, 0x20, 0x18,

    /* U+FBFE "ﯾ" */
    0x0, 0xc, 0x18, 0x4, 0x4e, 0x80, 0x1c, 0x20,
    0x12, 0x81, 0x0, 0xd4, 0x8a, 0x1, 0xa9, 0x50,
    0x0, 0xbf, 0x10, 0x2, 0x2e, 0x3f, 0x60, 0x2b,
    0x3c, 0x70,

    /* U+FBFF "ﯿ" */
    0x0, 0xc, 0x18, 0x6, 0x27, 0x40, 0xf, 0xf9,
    0x43, 0x40, 0x3, 0x52, 0xb, 0x6c, 0x6a, 0x52,
    0x69, 0xe5, 0xf8, 0xd9, 0xf2, 0x5, 0xc7, 0xec,
    0x0, 0x2b, 0x3c, 0x70,

    /* U+FE70 "ﹰ" */
    0x0, 0x23, 0xd9, 0x67, 0x78, 0x79, 0x77, 0x24,
    0xb4, 0xa3, 0xbf, 0x3c, 0xa7, 0xb6, 0x58, 0x0,

    /* U+FE71 "ﹱ" */
    0x0, 0x91, 0xec, 0x83, 0x3b, 0xc3, 0xc8, 0x3b,
    0x92, 0x5a, 0x41, 0x1d, 0xf9, 0xe4, 0x13, 0xdb,
    0x2c, 0x0, 0x30, 0xf, 0xff, 0x50, 0xd5, 0x72,
    0x1a, 0xaf, 0x18,

    /* U+FE72 "ﹲ" */
    0x0, 0x67, 0x20, 0x0, 0x49, 0xb8, 0x30, 0x6d,
    0xd4, 0xc0, 0x8c, 0xde, 0x71, 0x9b, 0xa0, 0x0,

    /* U+FE73 "ﹳ" */
    0xf, 0xa0, 0x8, 0xd6, 0xe0, 0x35, 0x10, 0xc0,

    /* U+FE74 "ﹴ" */
    0x1, 0x48, 0xb2, 0xcf, 0xef, 0x82, 0xde, 0x91,
    0x92, 0xae, 0xfe, 0xf2, 0x8e, 0xc8, 0x50,

    /* U+FE76 "ﹶ" */
    0x0, 0x12, 0xc9, 0x57, 0x7e, 0x79, 0x4f, 0x6c,
    0xb0, 0x0,

    /* U+FE77 "ﹷ" */
    0x0, 0x89, 0x64, 0x82, 0xbb, 0xf3, 0xc8, 0x27,
    0xb6, 0x58, 0x0, 0x60, 0x1f, 0xfe, 0xa1, 0xaa,
    0xe4, 0x35, 0x5e, 0x30,

    /* U+FE78 "ﹸ" */
    0x0, 0x67, 0x20, 0x0, 0x49, 0xb8, 0x0, 0x32,
    0xea, 0x60, 0x94, 0xfe, 0x7b, 0xdc, 0x80, 0x0,

    /* U+FE79 "ﹹ" */
    0x0, 0xb3, 0x90, 0x2, 0x12, 0x6e, 0x0, 0x86,
    0x5d, 0x4c, 0x0, 0x94, 0xfe, 0x61, 0xbd, 0xc8,
    0x0, 0xb6, 0x8c, 0x3, 0xff, 0xde, 0x35, 0x5c,
    0x86, 0xab, 0xc6,

    /* U+FE7A "ﹺ" */
    0x0, 0x91, 0xca, 0x37, 0xbc, 0xf, 0x7f, 0xad,
    0xc4,

    /* U+FE7B "ﹻ" */
    0x1a, 0xae, 0x43, 0x55, 0xe3, 0x2f, 0xfa, 0xe1,
    0x42, 0x37, 0xbc, 0xc, 0x37, 0xfa, 0xdc, 0x40,

    /* U+FE7C "ﹼ" */
    0x0, 0x98, 0x25, 0x42, 0x82, 0x84, 0x40, 0x2c,
    0x2, 0x44, 0x0, 0x11, 0x7, 0x51, 0x2, 0x99,
    0xfb, 0xe2,

    /* U+FE7D "ﹽ" */
    0x0, 0xe4, 0x20, 0xa0, 0xc1, 0xc7, 0x16, 0x1,
    0x21, 0x0, 0x11, 0x3, 0x59, 0xc5, 0x32, 0x6b,
    0x48, 0x2b, 0x91, 0x4, 0x1, 0xff, 0xed, 0x1a,
    0xae, 0x43, 0x55, 0xe3,

    /* U+FE7E "ﹾ" */
    0x9, 0xeb, 0x10, 0x82, 0xc2, 0xa0, 0x3e, 0x28,
    0x40, 0x2f, 0x7, 0x20, 0x86, 0xf8, 0xe0, 0x1c,
    0xee, 0x18, 0x0,

    /* U+FE7F "ﹿ" */
    0x0, 0x4f, 0x58, 0x80, 0x20, 0xb0, 0xa8, 0x0,
    0x7c, 0x50, 0x80, 0x2, 0xc0, 0x72, 0x0, 0x42,
    0xfc, 0x70, 0x0, 0x73, 0xb8, 0x60, 0x18, 0x40,
    0x3f, 0xfd, 0x3, 0x55, 0xc8, 0x6a, 0xbc, 0x60,

    /* U+FE80 "ﺀ" */
    0x0, 0x2c, 0x38, 0x80, 0x2e, 0x9e, 0x10, 0x11,
    0xb, 0xdc, 0x40, 0x30, 0x81, 0x18, 0x4, 0x2c,
    0x0, 0x40, 0xca, 0xdf, 0xda, 0x3, 0x84, 0x2,
    0xe1, 0x12, 0x13, 0xf0, 0x15, 0xba, 0x60, 0x8,

    /* U+FE81 "ﺁ" */
    0x0, 0xf8, 0x71, 0xc0, 0xd, 0x31, 0x3d, 0xd7,
    0xc4, 0xac, 0xf7, 0x24, 0x40, 0x9, 0xea, 0x1,
    0xff, 0xff, 0x0, 0xff, 0xe3, 0x0,

    /* U+FE82 "ﺂ" */
    0x0, 0xf8, 0x71, 0xc0, 0xd, 0x31, 0x3d, 0xd7,
    0xc4, 0xac, 0xf7, 0x24, 0x40, 0x9, 0xea, 0x1,
    0xff, 0xfe, 0x60, 0xd0, 0xc, 0x44, 0x7b, 0x60,
    0xb, 0x8d, 0x30,

    /* U+FE83 "ﺃ" */
    0x7, 0xda, 0x9, 0xda, 0x2, 0x88, 0x0, 0x97,
    0x6, 0xd3, 0x2, 0x7a, 0x80, 0x7f, 0xfa, 0x0,

    /* U+FE84 "ﺄ" */
    0x7, 0xda, 0x0, 0xa7, 0x68, 0x2, 0x28, 0x80,
    0x4, 0x25, 0xc0, 0x16, 0xd3, 0x0, 0x49, 0xea,
    0x1, 0xff, 0xf3, 0x60, 0xd0, 0x8, 0x88, 0xf6,
    0xc0, 0xe, 0x34, 0xc0,

    /* U+FE85 "ﺅ" */
    0x0, 0x8b, 0x34, 0x80, 0x3a, 0xa9, 0xa4, 0x1,
    0xdb, 0xa6, 0x30, 0xe, 0xd5, 0xc0, 0xf, 0x47,
    0x51, 0x80, 0x7a, 0x29, 0x80, 0x3b, 0x5d, 0x65,
    0xc0, 0x26, 0x27, 0xe3, 0x80, 0x8, 0x43, 0x46,
    0x40, 0xc0, 0xa, 0x15, 0x4e, 0x7, 0x0, 0x15,
    0xa2, 0xa0, 0x38, 0x4, 0x97, 0xe8, 0x6, 0x1,
    0xce, 0x8a, 0x1, 0x12, 0xdc, 0x15, 0x86, 0x7e,
    0xd2, 0x2e, 0x8, 0x5b, 0x45, 0x75, 0x8, 0x0,

    /* U+FE86 "ﺆ" */
    0x0, 0x8b, 0x34, 0x80, 0x3e, 0xaa, 0x69, 0x0,
    0x7d, 0xb4, 0xe6, 0x1, 0xf6, 0x87, 0x8, 0x7,
    0xd1, 0x92, 0x40, 0x1f, 0x14, 0xe4, 0x0, 0x78,
    0x71, 0x8d, 0xe4, 0x3, 0x9c, 0x5f, 0x4d, 0x84,
    0x3, 0x8, 0x69, 0x50, 0x10, 0x6, 0x50, 0xab,
    0xa0, 0x8a, 0x40, 0x1, 0x59, 0xa1, 0x82, 0x29,
    0x80, 0x49, 0x9e, 0x81, 0xfe, 0x70, 0xe, 0x74,
    0x60, 0xe, 0x25, 0xb8, 0x29, 0x0, 0xb3, 0xf6,
    0x91, 0xb4, 0x3, 0x5b, 0x45, 0x74, 0x80, 0x70,

    /* U+FE87 "ﺇ" */
    0x4, 0xf5, 0x0, 0xff, 0xf4, 0x99, 0x78, 0x4e,
    0xd0, 0x2c, 0xc0, 0x38, 0x68,

    /* U+FE88 "ﺈ" */
    0x4, 0xf5, 0x0, 0xff, 0xf9, 0xb0, 0x68, 0x4,
    0x44, 0x7b, 0x60, 0x7, 0x1a, 0x60, 0x3f, 0x37,
    0xd0, 0x4e, 0xd0, 0x4, 0xb3, 0x0, 0x13, 0x86,
    0x80, 0x0,

    /* U+FE89 "ﺉ" */
    0x0, 0x4e, 0xc0, 0x7, 0xe1, 0x4d, 0x90, 0xf,
    0xc2, 0x19, 0x60, 0x10, 0x80, 0x61, 0xbf, 0xa0,
    0x8e, 0xe7, 0xd0, 0x80, 0xb1, 0x84, 0x3a, 0x54,
    0x2d, 0x80, 0x71, 0x5, 0xab, 0xdf, 0x0, 0x77,
    0x7, 0x52, 0x24, 0xb8, 0x20, 0x4, 0xd5, 0x55,
    0xd0, 0x70, 0x88, 0x2, 0x2a, 0xf6, 0x54, 0x61,
    0x0, 0xf8, 0xc0, 0x8, 0x6c, 0x1, 0x12, 0xe2,
    0x9a, 0x41, 0x4f, 0xf7, 0xed, 0x1b, 0x68, 0xe,
    0xc2, 0x12, 0x35, 0x74, 0x88, 0x0,

    /* U+FE8A "ﺊ" */
    0x0, 0xab, 0x58, 0x3, 0xfe, 0x31, 0xd7, 0x0,
    0xff, 0x89, 0x72, 0x40, 0x3f, 0xf8, 0x15, 0xb0,
    0x1, 0x1c, 0x20, 0x4, 0x4a, 0x8, 0x20, 0x12,
    0xe3, 0xda, 0x80, 0x22, 0x84, 0x3, 0xa4, 0x38,
    0xec, 0x41, 0xcc, 0x3, 0xca, 0x17, 0xc3, 0x82,
    0x22, 0x0, 0xf4, 0xa2, 0x95, 0x99, 0xa8, 0x6c,
    0xc0, 0x22, 0x74, 0x30, 0x4e, 0x26, 0x74, 0xcf,
    0xfb, 0x61, 0x34, 0x3, 0xa3, 0x65, 0xd9, 0xe7,
    0x6c, 0x40, 0x30,

    /* U+FE8B "ﺋ" */
    0x0, 0x36, 0xd8, 0x5, 0x7b, 0x60, 0x12, 0x54,
    0x0, 0x44, 0x7a, 0x1, 0x5c, 0xa8, 0x6, 0x31,
    0x0, 0x8f, 0x18, 0x3, 0x84, 0x2, 0x60, 0x30,
    0x1a, 0xa0, 0x20, 0x1a, 0x95, 0x88, 0x0,

    /* U+FE8C "ﺌ" */
    0x0, 0x36, 0xd8, 0x6, 0xbd, 0xb0, 0xc, 0x95,
    0x0, 0x18, 0x8f, 0x40, 0x35, 0xca, 0x80, 0x71,
    0x88, 0x6, 0x3c, 0x60, 0xf, 0xf9, 0x83, 0x80,
    0x3, 0x54, 0x6, 0xb6, 0x35, 0x29, 0x34, 0xf0,

    /* U+FE8D "ﺍ" */
    0x4f, 0x50, 0xf, 0xfe, 0xd8,

    /* U+FE8E "ﺎ" */
    0x4f, 0x50, 0xf, 0xff, 0x43, 0x6, 0x80, 0x8,
    0x8f, 0x6c, 0x1c, 0x69, 0x80,

    /* U+FE8F "ﺏ" */
    0x38, 0x10, 0xf, 0xe1, 0xf7, 0x86, 0x10, 0xf,
    0xfb, 0xd8, 0x80, 0x3f, 0xd2, 0x1a, 0xe6, 0xa0,
    0x1f, 0x25, 0x39, 0xac, 0xd, 0x6d, 0x4c, 0xab,
    0x7e, 0xd5, 0xb0, 0xb, 0xe0, 0x51, 0x98, 0x8c,
    0xca, 0xe9, 0x0, 0x85, 0xf3, 0xbf, 0xdd, 0x72,
    0xa2, 0x1, 0xff, 0xcc, 0xc9, 0x0, 0xff, 0xe0,
    0xfd, 0x80, 0x7c,

    /* U+FE90 "ﺐ" */
    0x38, 0x10, 0xf, 0xf7, 0xb8, 0x2, 0x18, 0x40,
    0x3f, 0xee, 0x0, 0x31, 0x0, 0x7f, 0xa4, 0xc,
    0x0, 0xe6, 0xc0, 0x1e, 0x16, 0xd6, 0x4, 0x0,
    0x59, 0x4f, 0x5d, 0x52, 0xf7, 0xa4, 0x9a, 0x47,
    0xa0, 0x76, 0x9, 0x57, 0xb, 0x57, 0x4b, 0x40,
    0x28, 0x1, 0xf3, 0xbf, 0xdd, 0x92, 0xa2, 0x0,
    0x7e, 0xd0, 0xf, 0xfe, 0x5e, 0x48, 0x7, 0xff,
    0xf, 0xec, 0x3, 0xf8,

    /* U+FE91 "ﺑ" */
    0x0, 0xc, 0x18, 0x0, 0x9d, 0x0, 0x30, 0x80,
    0x14, 0x8, 0x6a, 0x45, 0xd, 0x4a, 0x80, 0xbf,
    0x54, 0x3, 0x72, 0x0, 0x56, 0xa0,

    /* U+FE92 "ﺒ" */
    0x0, 0xc, 0x18, 0x6, 0x27, 0x40, 0xf, 0xf9,
    0x43, 0x40, 0x3, 0x52, 0xb, 0x6c, 0x6a, 0x52,
    0x69, 0xe5, 0xfa, 0xf9, 0xf2, 0x1, 0x72, 0x0,
    0x75, 0xa8, 0x0,

    /* U+FE93 "ﺓ" */
    0x0, 0xfe, 0xc8, 0x9b, 0x0, 0xdf, 0x57, 0x20,
    0x18, 0xc8, 0xa0, 0xd, 0x3f, 0xb0, 0x1, 0x2b,
    0x1b, 0x3e, 0x88, 0x78, 0x65, 0xe1, 0x68, 0x31,
    0x0, 0xd, 0xcc, 0x5c, 0xc0, 0x22, 0x0, 0x60,
    0xdb, 0xda, 0xa8, 0x5d, 0xcb, 0xf, 0x34, 0x0,

    /* U+FE94 "ﺔ" */
    0x0, 0xff, 0xb9, 0xae, 0x40, 0x3b, 0x5e, 0x6c,
    0x3, 0x8c, 0x5d, 0x0, 0x38, 0xe6, 0xe4, 0x3,
    0x4e, 0x11, 0x0, 0x40, 0xe, 0xd5, 0x72, 0xa,
    0x0, 0xd2, 0x50, 0xb, 0x80, 0x1e, 0x5f, 0xea,
    0x15, 0xb8, 0x5e, 0xaa, 0x6f, 0x2a, 0x28,

    /* U+FE95 "ﺕ" */
    0x0, 0xff, 0xe4, 0x6b, 0xd5, 0x0, 0x3c, 0x4e,
    0x20, 0xe, 0x68, 0x80, 0x4, 0x3c, 0xd3, 0x21,
    0x0, 0x18, 0x91, 0x0, 0x21, 0x17, 0x31, 0x0,
    0x7f, 0x9c, 0x35, 0xcd, 0x40, 0x3e, 0x39, 0x83,
    0x58, 0x1a, 0xda, 0x99, 0x56, 0xfe, 0x33, 0x34,
    0xb, 0xe0, 0x51, 0x98, 0x82, 0xd3, 0xd2, 0x20,

    /* U+FE96 "ﺖ" */
    0x0, 0xff, 0xe5, 0x6b, 0xd5, 0x0, 0x3f, 0x13,
    0x8, 0x3, 0x9a, 0x20, 0x1, 0xb9, 0xc0, 0x11,
    0x1, 0x0, 0x18, 0x91, 0x0, 0x30, 0xf0, 0x1,
    0xc8, 0x3, 0xfd, 0x0, 0x60, 0x7, 0x36, 0x0,
    0xf0, 0xb6, 0x38, 0x20, 0x2, 0x6, 0x7a, 0xea,
    0x97, 0xbd, 0x26, 0xd2, 0x3d, 0x5, 0xf0, 0x4a,
    0xb8, 0x5a, 0xba, 0x5a, 0x1, 0x40,

    /* U+FE97 "ﺗ" */
    0x0, 0x8, 0x6, 0x2e, 0x3f, 0x60, 0x2b, 0x3c,
    0x70, 0x2, 0x1, 0x88, 0x0, 0x5c, 0xc0, 0x22,
    0x84, 0x0, 0xe1, 0x0, 0x94, 0x8, 0x6, 0xa4,
    0x54, 0xd, 0x4a, 0x84, 0x0,

    /* U+FE98 "ﺘ" */
    0x0, 0x8, 0x7, 0x17, 0x1f, 0xb0, 0x0, 0xac,
    0xf1, 0xc0, 0x24, 0x3, 0x10, 0x8, 0x5c, 0xc0,
    0x31, 0x42, 0x0, 0x7f, 0xca, 0x1a, 0x0, 0x1a,
    0x90, 0x5b, 0x63, 0x52, 0x93, 0x4f,

    /* U+FE99 "ﺙ" */
    0x0, 0xff, 0xe4, 0xe4, 0x80, 0x7f, 0xf0, 0x7e,
    0xc0, 0x3f, 0xf8, 0x1a, 0x91, 0x40, 0x1e, 0x27,
    0x10, 0x7, 0x34, 0x40, 0x2, 0x1e, 0x69, 0x90,
    0x80, 0xc, 0x48, 0x80, 0x10, 0x8b, 0x98, 0x80,
    0x3f, 0xce, 0x1a, 0xe6, 0xa0, 0x1f, 0x1c, 0xc1,
    0xac, 0xd, 0x6d, 0x4c, 0xab, 0x7f, 0x19, 0x9a,
    0x5, 0xf0, 0x28, 0xcc, 0x41, 0x69, 0xe9, 0x10,

    /* U+FE9A "ﺚ" */
    0x0, 0xff, 0xe5, 0xe4, 0x80, 0x7f, 0xf0, 0xfe,
    0xc0, 0x3f, 0xf8, 0x5a, 0x91, 0x40, 0x1f, 0x89,
    0x84, 0x1, 0xcd, 0x10, 0x0, 0xdc, 0xe0, 0x8,
    0x80, 0x80, 0xc, 0x48, 0x80, 0x18, 0x78, 0x0,
    0xe4, 0x1, 0xfe, 0x80, 0x30, 0x3, 0x9b, 0x0,
    0x78, 0x5b, 0x1c, 0x10, 0x1, 0x3, 0x3d, 0x75,
    0x4b, 0xde, 0x93, 0x69, 0x1e, 0x82, 0xf8, 0x25,
    0x5c, 0x2d, 0x5d, 0x2d, 0x0, 0xa0,

    /* U+FE9B "ﺛ" */
    0x0, 0x84, 0x3, 0xb9, 0x0, 0x21, 0xb6, 0x0,
    0x17, 0x3e, 0xb0, 0x15, 0x9e, 0x38, 0x1, 0x0,
    0xc4, 0x0, 0x2e, 0x60, 0x11, 0x42, 0x0, 0x70,
    0x80, 0x4a, 0x4, 0x3, 0x52, 0x2a, 0x6, 0xa5,
    0x42, 0x0,

    /* U+FE9C "ﺜ" */
    0x0, 0x84, 0x3, 0xdc, 0x80, 0x18, 0x6d, 0x80,
    0x22, 0xe7, 0xd6, 0x0, 0x15, 0x9e, 0x38, 0x4,
    0x80, 0x62, 0x1, 0xb, 0x98, 0x6, 0x28, 0x40,
    0xf, 0xf9, 0x43, 0x40, 0x3, 0x52, 0xb, 0x6c,
    0x6a, 0x52, 0x69, 0xe0,

    /* U+FE9D "ﺝ" */
    0x0, 0x84, 0x84, 0x3, 0x9b, 0x7f, 0xb7, 0xbf,
    0xa8, 0x0, 0x2b, 0x50, 0x20, 0x29, 0xa0, 0x7,
    0x80, 0x83, 0xbe, 0xa7, 0x0, 0x8e, 0x93, 0x50,
    0x3, 0xde, 0x36, 0x1, 0xf0, 0x9b, 0x0, 0x4a,
    0x1, 0x88, 0x38, 0x0, 0x74, 0x40, 0x11, 0x7,
    0x0, 0xf, 0xc8, 0x2, 0x12, 0x62, 0x0, 0xfd,
    0xc3, 0xb0, 0x84, 0x45, 0xa9, 0x3, 0xd4, 0x7b,
    0xdd, 0x52, 0x60, 0x0, 0xaf, 0xf2, 0xed, 0xbc,
    0xa0,

    /* U+FE9E "ﺞ" */
    0x0, 0x84, 0x84, 0x3, 0x9b, 0x3f, 0xb7, 0xbf,
    0xa4, 0x1, 0xee, 0xe8, 0x10, 0xf, 0x4d, 0xda,
    0x45, 0x8c, 0xa4, 0x2, 0x1d, 0xc, 0x99, 0x18,
    0x80, 0x50, 0x34, 0x60, 0xa3, 0x20, 0x13, 0x22,
    0x0, 0x26, 0x72, 0x2, 0xc, 0x0, 0x21, 0x41,
    0x6c, 0x8, 0x8, 0x2, 0x54, 0x30, 0xd0, 0x83,
    0xc0, 0x1a, 0xe0, 0x39, 0x81, 0x46, 0x30, 0xf,
    0x8, 0x48, 0xe4, 0xa1, 0x11, 0x6e, 0x0, 0xb1,
    0x5a, 0xf7, 0x54, 0xb8, 0x0, 0x2a, 0xfc, 0xbb,
    0x6f, 0x28,

    /* U+FE9F "ﺟ" */
    0x0, 0x4f, 0xfb, 0x6d, 0xcc, 0x3, 0x7a, 0xa0,
    0x24, 0x66, 0xb0, 0x1, 0xaa, 0xf7, 0xe8, 0x4a,
    0x80, 0x3c, 0xd4, 0x2f, 0xa0, 0x18, 0x6a, 0x4f,
    0x60, 0x45, 0x57, 0x9c, 0xad, 0x84, 0x0, 0x35,
    0x40, 0x7c, 0x90, 0xc, 0x5f, 0xec, 0x83, 0x0,
    0xff, 0x37, 0x80, 0x7f, 0x3e, 0x0, 0x60,

    /* U+FEA0 "ﺠ" */
    0x0, 0x4f, 0xfb, 0x6d, 0xcc, 0x3, 0xde, 0xa8,
    0x9, 0x19, 0xac, 0x1, 0x9a, 0xaf, 0x7e, 0x84,
    0xa8, 0x3, 0xf3, 0x50, 0x96, 0x80, 0x78, 0x6a,
    0x4d, 0x49, 0x80, 0x3, 0x57, 0x9c, 0xaf, 0x94,
    0x51, 0xb0, 0x6a, 0x80, 0xf9, 0x0, 0xc, 0x52,
    0x42, 0xff, 0x64, 0x18, 0x4, 0x35, 0xf8, 0x1,
    0xcd, 0xe0, 0x1f, 0xf3, 0xe0, 0x7, 0x80,

    /* U+FEA1 "ﺡ" */
    0x0, 0x84, 0x60, 0xe, 0x6c, 0xfe, 0xeb, 0xfa,
    0x40, 0x1e, 0xd1, 0x1, 0x0, 0x18, 0x5, 0x34,
    0x92, 0x31, 0xdb, 0x20, 0x10, 0xe8, 0x6b, 0x88,
    0x7, 0x40, 0xe9, 0x0, 0x7c, 0xca, 0x60, 0x1f,
    0x10, 0x60, 0x7, 0xe1, 0x0, 0xff, 0x10, 0x78,
    0x7, 0xe1, 0x46, 0x30, 0xf, 0xd2, 0x39, 0x28,
    0x44, 0x5a, 0x90, 0x2c, 0x56, 0xbd, 0xd5, 0x26,
    0x0, 0xa, 0xbf, 0x2e, 0xdb, 0xca,

    /* U+FEA2 "ﺢ" */
    0x0, 0x84, 0x84, 0x3, 0x9b, 0x3f, 0xb7, 0xbf,
    0xa4, 0x1, 0xee, 0xe8, 0x10, 0xf, 0x4d, 0xda,
    0x45, 0x8c, 0xa4, 0x2, 0x1d, 0xc, 0x99, 0x18,
    0x80, 0x50, 0x34, 0x60, 0xa3, 0x20, 0x13, 0x22,
    0x0, 0x26, 0x72, 0x2, 0xc, 0x0, 0xd0, 0x5b,
    0x2, 0x2, 0x1, 0xd8, 0x68, 0x41, 0xe0, 0x1c,
    0x39, 0x81, 0x46, 0x30, 0xf, 0xd2, 0x39, 0x28,
    0x44, 0x5a, 0x90, 0x2c, 0x56, 0xbd, 0xd5, 0x26,
    0x0, 0xa, 0xbf, 0x2e, 0xdb, 0xca,

    /* U+FEA3 "ﺣ" */
    0x0, 0x4f, 0xfb, 0x6d, 0xcc, 0x3, 0x7a, 0xa0,
    0x24, 0x66, 0xb0, 0x1, 0xaa, 0xf7, 0xe8, 0x4a,
    0x80, 0x3c, 0xd4, 0x2f, 0xa0, 0x18, 0x6a, 0x4f,
    0x60, 0x45, 0x57, 0x9c, 0xad, 0x84, 0x0, 0x35,
    0x40, 0x7c, 0x90, 0xc,

    /* U+FEA4 "ﺤ" */
    0x0, 0x4f, 0xfb, 0x6d, 0xcc, 0x3, 0xde, 0xa8,
    0x9, 0x19, 0xac, 0x1, 0x9a, 0xaf, 0x7e, 0x84,
    0xa8, 0x3, 0xf3, 0x50, 0x96, 0x80, 0x78, 0x6a,
    0x4d, 0x49, 0x80, 0x3, 0x57, 0x9c, 0xaf, 0x94,
    0x51, 0xb0, 0x6a, 0x80, 0xf9, 0x0, 0xc, 0x52,
    0x40,

    /* U+FEA5 "ﺥ" */
    0x0, 0xff, 0xe1, 0xfb, 0x0, 0x7f, 0x63, 0x80,
    0x7e, 0x12, 0x0, 0xf3, 0x67, 0xf7, 0x5f, 0xd2,
    0x0, 0xf6, 0x88, 0x8, 0x0, 0xc0, 0x29, 0xa4,
    0x91, 0x8e, 0xd9, 0x0, 0x87, 0x43, 0x5c, 0x40,
    0x3a, 0x7, 0x48, 0x3, 0xe6, 0x53, 0x0, 0xf8,
    0x83, 0x0, 0x3f, 0x8, 0x7, 0xf8, 0x83, 0xc0,
    0x3f, 0xa, 0x31, 0x80, 0x7e, 0x91, 0xc9, 0x42,
    0x22, 0xd4, 0x81, 0x62, 0xb5, 0xee, 0xa9, 0x30,
    0x0, 0x55, 0xf9, 0x76, 0xde, 0x50,

    /* U+FEA6 "ﺦ" */
    0x0, 0xff, 0xe1, 0xfb, 0x0, 0x7e, 0x1a, 0x40,
    0xe, 0x6c, 0xfe, 0xad, 0xfe, 0x90, 0x7, 0xbb,
    0xa0, 0x40, 0x3d, 0x37, 0x69, 0x16, 0x32, 0x90,
    0x8, 0x74, 0x32, 0x64, 0x62, 0x1, 0x40, 0xd1,
    0x82, 0x8c, 0x80, 0x4c, 0x88, 0x0, 0x99, 0xc8,
    0x8, 0x30, 0x3, 0x41, 0x6c, 0x8, 0x8, 0x7,
    0x61, 0xa1, 0x7, 0x80, 0x70, 0xe6, 0x5, 0x18,
    0xc0, 0x3f, 0x48, 0xe4, 0xa1, 0x11, 0x6a, 0x40,
    0xb1, 0x5a, 0xf7, 0x54, 0x98, 0x0, 0x2a, 0xfc,
    0xbb, 0x6f, 0x28,

    /* U+FEA7 "ﺧ" */
    0x0, 0xff, 0xe2, 0x37, 0x80, 0x7f, 0x3e, 0x0,
    0x7f, 0x9, 0x80, 0x7a, 0x7f, 0xdb, 0x6e, 0x60,
    0x1b, 0xd5, 0x1, 0x23, 0x35, 0x80, 0xd, 0x57,
    0xbf, 0x42, 0x54, 0x1, 0xe6, 0xa1, 0x7d, 0x0,
    0xc3, 0x52, 0x7b, 0x2, 0x2a, 0xbc, 0xe5, 0x6c,
    0x20, 0x1, 0xaa, 0x3, 0xe4, 0x80, 0x60,

    /* U+FEA8 "ﺨ" */
    0x0, 0xff, 0xe3, 0x37, 0x80, 0x7f, 0xcf, 0x80,
    0x1f, 0xf0, 0x98, 0x7, 0xe9, 0xff, 0x6d, 0xb9,
    0x80, 0x7b, 0xd5, 0x1, 0x23, 0x35, 0x80, 0x33,
    0x55, 0xef, 0xd0, 0x95, 0x0, 0x7e, 0x6a, 0x12,
    0xd0, 0xf, 0xd, 0x49, 0xa9, 0x30, 0x0, 0x6a,
    0xf3, 0x95, 0xf2, 0x8a, 0x36, 0xd, 0x50, 0x1f,
    0x20, 0x1, 0x8a, 0x48,

    /* U+FEA9 "ﺩ" */
    0x0, 0x67, 0x98, 0x5, 0x85, 0xa2, 0x1, 0x70,
    0xc8, 0x4, 0x64, 0xa0, 0x19, 0x88, 0x2, 0x34,
    0x3b, 0x9b, 0xc0, 0x80, 0x64, 0x45, 0xa0,

    /* U+FEAA "ﺪ" */
    0x0, 0x5f, 0x98, 0x7, 0xac, 0xb8, 0x3, 0xee,
    0x27, 0x0, 0xf1, 0x95, 0x0, 0x7c, 0xc4, 0x1,
    0xe3, 0x40, 0x60, 0x4, 0x4d, 0xe0, 0x14, 0xdb,
    0x34, 0x88, 0xbc, 0x44, 0x60,

    /* U+FEAB "ﺫ" */
    0x0, 0x8, 0x6, 0x2e, 0x20, 0x8, 0xac, 0x80,
    0x32, 0x0, 0x75, 0xf1, 0x80, 0x54, 0x7a, 0x1,
    0xc, 0x8b, 0x80, 0x48, 0x54, 0x1, 0x98, 0x80,
    0x23, 0x43, 0xb9, 0xbc, 0x8, 0x6, 0x44, 0x5a,
    0x0,

    /* U+FEAC "ﺬ" */
    0x0, 0x8, 0x7, 0xc5, 0xc4, 0x1, 0xe2, 0xb2,
    0x0, 0xf9, 0x0, 0x3f, 0x56, 0x10, 0x7, 0xac,
    0x7c, 0x3, 0xc3, 0x24, 0xc0, 0x1e, 0x42, 0xa0,
    0xf, 0x98, 0xc0, 0x3c, 0x68, 0xc, 0x0, 0x89,
    0xbc, 0x2, 0x9b, 0x66, 0x91, 0x17, 0x88, 0x8c,

    /* U+FEAD "ﺭ" */
    0x0, 0xf2, 0x7a, 0x80, 0x79, 0x43, 0x40, 0x3c,
    0x20, 0x20, 0x1e, 0x20, 0x10, 0xf, 0x50, 0x60,
    0x7, 0x2b, 0x92, 0x0, 0x45, 0x34, 0x3e, 0xf,
    0x5b, 0xa6, 0x4c, 0x20, 0xc4, 0x17, 0xdb, 0x20,
    0x0,

    /* U+FEAE "ﺮ" */
    0x0, 0xf2, 0x7a, 0x0, 0x7f, 0x28, 0x60, 0x7,
    0xf0, 0x82, 0x80, 0x7f, 0x8, 0x16, 0xd0, 0x80,
    0x79, 0x1, 0xd, 0x40, 0x3e, 0x80, 0xbe, 0xf1,
    0x0, 0xc3, 0x85, 0x0, 0x1c, 0x29, 0x3c, 0x6e,
    0xe0, 0xd, 0x9d, 0x6c, 0x99, 0x0, 0x1d, 0x6f,
    0x5d, 0x66, 0x1, 0xe0,

    /* U+FEAF "ﺯ" */
    0x0, 0xff, 0xe1, 0xc6, 0x80, 0x7d, 0x5c, 0x1,
    0xf1, 0x18, 0x7, 0xc4, 0xe2, 0x1, 0xf4, 0x30,
    0x7, 0x88, 0x38, 0x3, 0xff, 0x86, 0x41, 0xc0,
    0x1e, 0xb0, 0x40, 0xe, 0x66, 0x21, 0x80, 0x45,
    0x52, 0x34, 0xf, 0x7b, 0xa5, 0x57, 0x88, 0x62,
    0x8b, 0xed, 0x8, 0x0,

    /* U+FEB0 "ﺰ" */
    0x0, 0xff, 0xe3, 0x46, 0x80, 0x7f, 0xab, 0x80,
    0x3f, 0xc4, 0x60, 0x1f, 0xe3, 0xa2, 0x0, 0xfe,
    0x15, 0x50, 0x7, 0xf1, 0x5, 0x0, 0x7f, 0xc5,
    0xb4, 0x20, 0x1e, 0x40, 0x43, 0x50, 0xf, 0xa0,
    0x2f, 0xbc, 0x40, 0x30, 0xd9, 0xc0, 0x7, 0xa,
    0x47, 0x23, 0xb8, 0x3, 0x67, 0x5b, 0xa6, 0x40,
    0x7, 0x5b, 0xd7, 0x59, 0x80, 0x78,

    /* U+FEB1 "ﺱ" */
    0x0, 0xff, 0xe2, 0x97, 0xb8, 0x7, 0xe7, 0x50,
    0x9, 0x5c, 0x3, 0xff, 0x83, 0x90, 0x1, 0x4c,
    0x0, 0x79, 0xd0, 0x3, 0xb0, 0x88, 0x0, 0x20,
    0x8, 0x40, 0x56, 0x0, 0x3c, 0x61, 0x0, 0x62,
    0x10, 0x16, 0x5, 0xe0, 0x80, 0x1c, 0x20, 0xbd,
    0x82, 0x6f, 0xce, 0x48, 0xc4, 0x1, 0xed, 0x4,
    0x11, 0x5f, 0x18, 0x9f, 0x80, 0x88, 0x3, 0x85,
    0x86, 0xff, 0x94, 0xb3, 0xf0, 0x81, 0xcc, 0x80,
    0x22, 0xd1, 0x90, 0xf, 0xf4, 0x86, 0xe5, 0x66,
    0x9b, 0xb8, 0x3, 0xfc, 0x78, 0x82, 0xa6, 0x97,
    0x0, 0x1f, 0xf0,

    /* U+FEB2 "ﺲ" */
    0x0, 0xff, 0xe2, 0x97, 0xb8, 0x7, 0xfc, 0xea,
    0x1, 0x2b, 0x80, 0x7f, 0xf1, 0x32, 0x0, 0x29,
    0x80, 0xf, 0xe7, 0x40, 0xe, 0xc2, 0x10, 0x0,
    0x80, 0x42, 0x1e, 0x1, 0x2c, 0x0, 0x78, 0xc2,
    0x40, 0x88, 0xc, 0xa, 0xa, 0x1, 0x78, 0x20,
    0x7, 0x8, 0x3d, 0x78, 0x14, 0xd4, 0x1, 0x6c,
    0x8b, 0x10, 0x7, 0xb4, 0x9, 0x4e, 0xb8, 0xd4,
    0xa9, 0x4d, 0x8c, 0x44, 0x1, 0xc2, 0xc1, 0xbf,
    0xca, 0x79, 0xf8, 0xb5, 0xde, 0x4e, 0x64, 0x1,
    0x16, 0x8b, 0x80, 0x7f, 0xf0, 0x64, 0x37, 0x2b,
    0x34, 0xda, 0x0, 0x3f, 0xf8, 0x27, 0x88, 0x2a,
    0x69, 0x72, 0x1, 0xff, 0xc2,

    /* U+FEB3 "ﺳ" */
    0x0, 0xff, 0xe0, 0xfc, 0x80, 0x49, 0x0, 0x12,
    0x40, 0x7, 0xed, 0x71, 0x0, 0x73, 0x80, 0x7f,
    0x8c, 0x0, 0xc0, 0x40, 0x20, 0x20, 0x13, 0x85,
    0x0, 0x98, 0x50, 0x28, 0x70, 0xd6, 0x88, 0x3d,
    0xe0, 0x13, 0xdd, 0xb, 0x1a, 0x9b, 0xe9, 0xa1,
    0xcf, 0x9a, 0x16, 0x80,

    /* U+FEB4 "ﺴ" */
    0x0, 0xff, 0xe0, 0xfc, 0x80, 0x79, 0x20, 0x2,
    0x48, 0x0, 0xff, 0xb5, 0xc4, 0x1, 0xce, 0x1,
    0xff, 0xc1, 0x30, 0x3, 0x1, 0x0, 0x81, 0x80,
    0x79, 0xc2, 0x80, 0x4c, 0x28, 0x14, 0x10, 0x40,
    0x3, 0x5a, 0x20, 0xf7, 0x80, 0x4f, 0x74, 0x3,
    0xf4, 0x46, 0xa6, 0xfc, 0x88, 0x39, 0xf3, 0x43,
    0x96, 0x5, 0x10,

    /* U+FEB5 "ﺵ" */
    0x0, 0xff, 0xe9, 0xf3, 0x0, 0x7f, 0xf1, 0x46,
    0x90, 0x3, 0xff, 0x8b, 0xc3, 0xf0, 0x1, 0xff,
    0xc4, 0xb4, 0xea, 0x0, 0xc8, 0x40, 0x1f, 0xe4,
    0x13, 0x20, 0x8, 0xad, 0x40, 0x3f, 0x5c, 0x80,
    0x53, 0x80, 0x1f, 0xfc, 0x11, 0x70, 0x9, 0x4c,
    0x3, 0xce, 0x80, 0x1d, 0x82, 0x60, 0x2, 0x1,
    0x1, 0x1, 0x58, 0x0, 0xf1, 0x4, 0x2, 0x8,
    0x40, 0x58, 0x17, 0x82, 0x0, 0x70, 0x82, 0x75,
    0x89, 0xb7, 0x39, 0x23, 0x10, 0x7, 0xb4, 0x10,
    0x45, 0x7c, 0x62, 0x9e, 0x2, 0x20, 0xe, 0x27,
    0x1b, 0xfe, 0x52, 0xcf, 0xb2, 0x7, 0x32, 0x0,
    0x8b, 0xc2, 0x40, 0x3f, 0xd2, 0x1b, 0x95, 0x9a,
    0x4e, 0xe0, 0xf, 0xf1, 0xda, 0xa, 0x9a, 0x5c,
    0x0, 0x7f, 0xc0,

    /* U+FEB6 "ﺶ" */
    0x0, 0xff, 0xeb, 0x73, 0x0, 0x7f, 0xf2, 0x6,
    0x90, 0x3, 0xff, 0x91, 0xc3, 0xf0, 0x1, 0xff,
    0xc7, 0xb4, 0xea, 0x0, 0xc8, 0x20, 0x1f, 0xfc,
    0x14, 0x13, 0x20, 0x8, 0xad, 0x80, 0x3f, 0xea,
    0x80, 0xa, 0x2c, 0x3, 0xff, 0x8a, 0xc0, 0x12,
    0x20, 0x3, 0xf9, 0xc, 0x3, 0xb0, 0x48, 0x0,
    0x40, 0x10, 0x87, 0x80, 0x49, 0x6c, 0x1, 0xc4,
    0x14, 0x4, 0x20, 0xc0, 0xa0, 0xa0, 0x17, 0x2,
    0x80, 0x70, 0x83, 0xdf, 0x80, 0xcd, 0x48, 0x16,
    0xc8, 0xb1, 0x0, 0x7b, 0x40, 0x90, 0xeb, 0x4d,
    0x4e, 0x94, 0xd8, 0xc4, 0x40, 0x1c, 0x4e, 0x1b,
    0xfc, 0xa7, 0x9f, 0x8b, 0x5d, 0xe4, 0xc6, 0x40,
    0x11, 0x78, 0x38, 0x7, 0xff, 0x7, 0xc3, 0x72,
    0xb3, 0x49, 0xa0, 0x3, 0xff, 0x82, 0x96, 0x82,
    0xa6, 0x97, 0x20, 0x1f, 0xfc, 0x20,

    /* U+FEB7 "ﺷ" */
    0x0, 0xfc, 0x20, 0x1f, 0xfc, 0x13, 0xe2, 0x0,
    0xff, 0xe0, 0x15, 0x98, 0x7, 0xfc, 0x9c, 0xdc,
    0x60, 0x1f, 0xe5, 0xb2, 0xb3, 0x0, 0x21, 0x0,
    0x78, 0x50, 0x10, 0x2, 0xbb, 0x0, 0x4d, 0x80,
    0x13, 0xe0, 0x7, 0xef, 0x31, 0x0, 0x69, 0x80,
    0x7e, 0x30, 0x30, 0x3, 0x1, 0x0, 0x80, 0x80,
    0x5, 0x2, 0x80, 0x4c, 0x28, 0x10, 0x34, 0x6b,
    0xc4, 0x1e, 0xf0, 0x9, 0xee, 0xc2, 0xa6, 0xa0,
    0xfa, 0x68, 0x73, 0xe6, 0x85, 0x80,

    /* U+FEB8 "ﺸ" */
    0x0, 0xfc, 0x20, 0x1f, 0xfc, 0x43, 0xe2, 0x0,
    0xff, 0xe1, 0x95, 0x98, 0x7, 0xff, 0x9, 0x39,
    0xb8, 0xc0, 0x3f, 0xf8, 0x2b, 0x65, 0x66, 0x0,
    0x42, 0x0, 0xfe, 0x14, 0x4, 0x0, 0xae, 0xc0,
    0x1e, 0x6c, 0x0, 0x9f, 0x0, 0x3f, 0xef, 0x31,
    0x0, 0x69, 0x80, 0x7f, 0xc6, 0x6, 0x0, 0x60,
    0x20, 0x10, 0x30, 0xe, 0x14, 0xa, 0x1, 0x30,
    0xa0, 0x40, 0x51, 0x0, 0xd, 0x78, 0x83, 0xde,
    0x1, 0x3d, 0xd8, 0x1, 0xf4, 0x46, 0xa0, 0xfc,
    0x88, 0x39, 0xf3, 0x43, 0x96, 0x5, 0x10,

    /* U+FEB9 "ﺹ" */
    0x0, 0xff, 0xe1, 0x1b, 0xb9, 0x0, 0x3f, 0xf8,
    0x43, 0x79, 0x10, 0xbb, 0x0, 0x7f, 0xf0, 0xb,
    0xd2, 0x3b, 0xd9, 0x10, 0x2, 0x20, 0xe, 0xd9,
    0x2c, 0xc, 0x71, 0xd, 0x2, 0x27, 0x30, 0x7,
    0x33, 0x30, 0x30, 0xc0, 0xb, 0x40, 0x94, 0xc,
    0x1, 0xc2, 0x2, 0x51, 0x57, 0xf4, 0x32, 0x46,
    0x22, 0x0, 0xf0, 0x99, 0x95, 0x48, 0x6f, 0xcc,
    0xc, 0x40, 0x1e, 0x72, 0xcf, 0xfd, 0x90, 0x20,
    0x1, 0x10, 0x7, 0x21, 0x20, 0x7, 0xf9, 0xa,
    0x8, 0x5, 0xec, 0x28, 0x3, 0xfd, 0x24, 0xfb,
    0xfd, 0x3, 0x84, 0x1, 0xfe, 0x1d, 0xa7, 0x66,
    0x57, 0x18, 0x7, 0xfc,

    /* U+FEBA "ﺺ" */
    0x0, 0xff, 0xe1, 0x1b, 0xb9, 0x0, 0x3f, 0xf8,
    0x83, 0x79, 0x10, 0xbb, 0x0, 0x7f, 0xf0, 0x8b,
    0xd2, 0x3b, 0xd9, 0x10, 0x1, 0x8, 0x80, 0x3b,
    0x64, 0xb0, 0x31, 0xc4, 0x34, 0x8, 0x0, 0x5c,
    0xc0, 0x1c, 0xcc, 0xc0, 0xc3, 0x0, 0x2d, 0x2,
    0x80, 0x28, 0x18, 0x3, 0x84, 0x4, 0xa2, 0xaf,
    0xe8, 0x43, 0x68, 0x8c, 0x44, 0x1, 0xe1, 0x33,
    0x2a, 0x90, 0xdf, 0x60, 0x14, 0x58, 0x80, 0x3c,
    0xe5, 0x9f, 0xfb, 0x20, 0x9f, 0xbc, 0xc4, 0x40,
    0x1c, 0x84, 0x80, 0x1f, 0xfc, 0x4, 0x28, 0x20,
    0x17, 0xb0, 0xa0, 0xf, 0xfe, 0x4, 0x93, 0xef,
    0xf4, 0xe, 0x10, 0x7, 0xff, 0x0, 0x76, 0x9d,
    0x99, 0x5c, 0x60, 0x1f, 0xfc, 0x10,

    /* U+FEBB "ﺻ" */
    0x0, 0xff, 0x34, 0x30, 0x80, 0x7f, 0x37, 0x4b,
    0xcf, 0x20, 0x4, 0xb2, 0x0, 0x99, 0x15, 0xfe,
    0xc, 0x0, 0x58, 0xc5, 0x2c, 0xcc, 0x40, 0x32,
    0x20, 0x4, 0xe1, 0xec, 0xc9, 0x0, 0x15, 0x1a,
    0xd, 0x68, 0x81, 0x1, 0xd5, 0xee, 0x94, 0xec,
    0xd4, 0xdf, 0x90, 0x15, 0x48, 0x6b, 0x58, 0x20,

    /* U+FEBC "ﺼ" */
    0x0, 0xff, 0x34, 0x30, 0x80, 0x7f, 0xcd, 0xd2,
    0xf3, 0xc8, 0x1, 0xcb, 0x20, 0x9, 0x91, 0x5f,
    0xe0, 0xc8, 0x7, 0x63, 0x14, 0xb3, 0x31, 0x0,
    0xc8, 0xc0, 0x39, 0xc3, 0xd9, 0x92, 0x0, 0x2a,
    0x32, 0x0, 0xd, 0x68, 0x81, 0x1, 0xd5, 0xee,
    0x94, 0xf, 0x1c, 0xd4, 0xdf, 0x90, 0x15, 0x48,
    0x69, 0x5a, 0x87, 0x60,

    /* U+FEBD "ﺽ" */
    0x0, 0xff, 0xe9, 0x64, 0x0, 0x7f, 0xf1, 0xbe,
    0x80, 0x6, 0xee, 0x40, 0xf, 0xfe, 0x1, 0x90,
    0xde, 0x44, 0x2e, 0xc0, 0x1f, 0xfc, 0x2, 0xf4,
    0x8e, 0xf6, 0x44, 0x0, 0x88, 0x3, 0xb6, 0x4b,
    0x3, 0x1c, 0x43, 0x40, 0x89, 0xcc, 0x1, 0xcc,
    0xcc, 0xc, 0x30, 0x2, 0xd0, 0x25, 0x3, 0x0,
    0x70, 0x80, 0x94, 0x55, 0xfd, 0xc, 0x91, 0x88,
    0x80, 0x3c, 0x26, 0x65, 0x52, 0x1b, 0xf3, 0x3,
    0x10, 0x7, 0x9c, 0xb3, 0xff, 0x64, 0x8, 0x0,
    0x44, 0x1, 0xc8, 0x48, 0x1, 0xfe, 0x42, 0x82,
    0x1, 0x7b, 0xa, 0x0, 0xff, 0x49, 0x3e, 0xff,
    0x40, 0xe1, 0x0, 0x7f, 0x87, 0x69, 0xd9, 0x95,
    0xc6, 0x1, 0xff, 0x0,

    /* U+FEBE "ﺾ" */
    0x0, 0xff, 0xea, 0x64, 0x0, 0x7f, 0xf2, 0x3e,
    0x80, 0x6, 0xee, 0x40, 0xf, 0xfe, 0x11, 0x90,
    0xde, 0x44, 0x2e, 0xc0, 0x1f, 0xfc, 0x22, 0xf4,
    0x8e, 0xf6, 0x44, 0x0, 0x42, 0x20, 0xe, 0xd9,
    0x2c, 0xc, 0x71, 0xd, 0x2, 0x0, 0x17, 0x30,
    0x7, 0x33, 0x30, 0x30, 0xc0, 0xb, 0x40, 0xa0,
    0xa, 0x6, 0x0, 0xe1, 0x1, 0x28, 0xab, 0xfa,
    0x10, 0xda, 0x23, 0x11, 0x0, 0x78, 0x4c, 0xca,
    0xa4, 0x37, 0xd8, 0x5, 0x16, 0x20, 0xf, 0x39,
    0x67, 0xfe, 0xc8, 0x27, 0xef, 0x31, 0x10, 0x7,
    0x21, 0x20, 0x7, 0xff, 0x1, 0xa, 0x8, 0x5,
    0xec, 0x28, 0x3, 0xff, 0x81, 0x24, 0xfb, 0xfd,
    0x3, 0x84, 0x1, 0xff, 0xc0, 0x1d, 0xa7, 0x66,
    0x57, 0x18, 0x7, 0xff, 0x4,

    /* U+FEBF "ﺿ" */
    0x0, 0xff, 0xe4, 0x6c, 0x0, 0x7f, 0xf0, 0x7a,
    0x80, 0x26, 0x86, 0x10, 0xf, 0x19, 0x3, 0x74,
    0xbc, 0xf2, 0x0, 0x4b, 0x20, 0x9, 0x91, 0x5f,
    0xe0, 0xc0, 0x5, 0x8c, 0x52, 0xcc, 0xc4, 0x3,
    0x22, 0x0, 0x4e, 0x1e, 0xcc, 0x90, 0x1, 0x51,
    0xa0, 0xd6, 0x88, 0x10, 0x1d, 0x5e, 0xe9, 0x4e,
    0xcd, 0x4d, 0xf9, 0x1, 0x54, 0x86, 0xb5, 0x82,

    /* U+FEC0 "ﻀ" */
    0x0, 0xff, 0xe5, 0x6c, 0x0, 0x7f, 0xf0, 0xfa,
    0x80, 0x26, 0x86, 0x10, 0xf, 0xc6, 0x40, 0xdd,
    0x2f, 0x3c, 0x80, 0x1c, 0xb2, 0x0, 0x99, 0x15,
    0xfe, 0xc, 0x80, 0x76, 0x31, 0x4b, 0x33, 0x10,
    0xc, 0x8c, 0x3, 0x9c, 0x3d, 0x99, 0x20, 0x2,
    0xa3, 0x20, 0x0, 0xd6, 0x88, 0x10, 0x1d, 0x5e,
    0xe9, 0x40, 0xf1, 0xcd, 0x4d, 0xf9, 0x1, 0x54,
    0x86, 0x95, 0xa8, 0x76,

    /* U+FEC1 "ﻁ" */
    0x0, 0xa3, 0xc4, 0x3, 0xff, 0xfe, 0x1, 0xff,
    0xd5, 0x37, 0x72, 0x0, 0x7f, 0x16, 0x62, 0x21,
    0x76, 0x0, 0xf9, 0x34, 0xe3, 0xbd, 0x91, 0x0,
    0x1c, 0xb6, 0x38, 0xe2, 0x1a, 0x4, 0x1, 0xd4,
    0x38, 0x60, 0x5, 0xa0, 0x57, 0xaa, 0x28, 0x9,
    0x45, 0x5f, 0xd0, 0xc9, 0xe2, 0xa8, 0x80, 0x6,
    0xaa, 0x43, 0x7e, 0x60,

    /* U+FEC2 "ﻂ" */
    0x0, 0xa3, 0xc4, 0x3, 0xff, 0xfe, 0x1, 0xff,
    0xe3, 0x37, 0x72, 0x0, 0x7f, 0xc5, 0x98, 0x88,
    0x5d, 0x80, 0x3f, 0x93, 0x4e, 0x3b, 0xd9, 0x10,
    0x1, 0xf2, 0xd8, 0xe3, 0x88, 0x68, 0x10, 0x7,
    0xd4, 0x38, 0x60, 0x5, 0xa0, 0x50, 0x3, 0xd5,
    0x14, 0x4, 0xa2, 0xaf, 0xe8, 0x43, 0x68, 0xb1,
    0x54, 0x40, 0x3, 0x55, 0x21, 0xbe, 0xc0, 0x2b,
    0x0,

    /* U+FEC3 "ﻃ" */
    0x0, 0xb7, 0x0, 0x3f, 0xff, 0xe0, 0x1f, 0xfd,
    0x65, 0x86, 0x20, 0xf, 0xe5, 0xea, 0x79, 0xd6,
    0x0, 0xfa, 0x28, 0xeb, 0xf4, 0xe4, 0x3, 0xce,
    0xe4, 0xc5, 0x2, 0x50, 0x10, 0xc, 0x50, 0x96,
    0x20, 0x30, 0xc4, 0x22, 0xaa, 0x18, 0x80, 0xd5,
    0x33, 0x9c, 0xbc, 0xd, 0x54, 0x20, 0x5, 0x58,
    0x92, 0x74, 0x80,

    /* U+FEC4 "ﻄ" */
    0x0, 0xb7, 0x0, 0x3f, 0xff, 0xe0, 0x1f, 0xfd,
    0xd5, 0x86, 0x20, 0xf, 0xf2, 0xf5, 0x3c, 0xeb,
    0x0, 0x7e, 0x8a, 0x3a, 0xfd, 0x39, 0x0, 0xf9,
    0xdc, 0x98, 0xa0, 0x4a, 0x2, 0x1, 0xc5, 0x9,
    0x62, 0x3, 0xc, 0x22, 0x1, 0xaa, 0x18, 0x80,
    0xd5, 0x33, 0x9c, 0x7, 0x24, 0xd5, 0x42, 0x0,
    0x55, 0x89, 0x27, 0x94, 0xd8,

    /* U+FEC5 "ﻅ" */
    0x0, 0xa3, 0xc4, 0x3, 0xff, 0xfe, 0xf, 0xc0,
    0x1f, 0xfc, 0x16, 0xd0, 0xf, 0xfe, 0x8, 0x99,
    0x9d, 0xc8, 0x1, 0xfc, 0x59, 0x88, 0x85, 0xd8,
    0x3, 0xe4, 0xd3, 0x8e, 0xf6, 0x44, 0x0, 0x72,
    0xd8, 0xe3, 0x88, 0x68, 0x10, 0x7, 0x50, 0xe1,
    0x80, 0x16, 0x81, 0x5e, 0xa8, 0xa0, 0x25, 0x15,
    0x7f, 0x43, 0x27, 0x8a, 0xa2, 0x0, 0x1a, 0xa9,
    0xd, 0xf9, 0x80,

    /* U+FEC6 "ﻆ" */
    0x0, 0xa3, 0xc4, 0x3, 0xff, 0xfe, 0x1, 0xff,
    0x3f, 0x0, 0x7f, 0xf0, 0xdb, 0x40, 0x3f, 0xf8,
    0x62, 0x66, 0x77, 0x20, 0x7, 0xfc, 0x59, 0x88,
    0x85, 0xd8, 0x3, 0xf9, 0x34, 0xe3, 0xbd, 0x91,
    0x0, 0x1f, 0x2d, 0x8e, 0x38, 0x86, 0x81, 0x0,
    0x7d, 0x43, 0x86, 0x0, 0x5a, 0x5, 0x0, 0x3d,
    0x51, 0x40, 0x4a, 0x2a, 0xfe, 0x84, 0x36, 0x8b,
    0x15, 0x44, 0x0, 0x35, 0x52, 0x1b, 0xec, 0x2,
    0xb0,

    /* U+FEC7 "ﻇ" */
    0x0, 0xb7, 0x0, 0x3f, 0xff, 0xe0, 0xc, 0x90,
    0xf, 0xfe, 0xf, 0xd8, 0x7, 0xff, 0x4, 0xc9,
    0x61, 0x88, 0x3, 0xf9, 0x7a, 0x9e, 0x75, 0x80,
    0x3e, 0x8a, 0x3a, 0xfd, 0x39, 0x0, 0xf3, 0xb9,
    0x31, 0x40, 0x94, 0x4, 0x3, 0x14, 0x25, 0x88,
    0xc, 0x31, 0x8, 0xaa, 0x86, 0x20, 0x35, 0x4c,
    0xe7, 0x2f, 0x3, 0x55, 0x8, 0x1, 0x56, 0x24,
    0x9d, 0x20,

    /* U+FEC8 "ﻈ" */
    0x0, 0xb7, 0x0, 0x3f, 0xff, 0xe0, 0x1f, 0x64,
    0x80, 0x7f, 0xf0, 0xbe, 0xc0, 0x3f, 0xf8, 0x46,
    0x4b, 0xc, 0x40, 0x1f, 0xe5, 0xea, 0x79, 0xd6,
    0x0, 0xfd, 0x14, 0x75, 0xfa, 0x72, 0x1, 0xf3,
    0xb9, 0x31, 0x40, 0x94, 0x4, 0x3, 0x8a, 0x12,
    0xc4, 0x6, 0x18, 0x44, 0x3, 0x54, 0x31, 0x1,
    0xaa, 0x67, 0x38, 0xe, 0x49, 0xaa, 0x84, 0x0,
    0xab, 0x12, 0x4f, 0x29, 0xb0,

    /* U+FEC9 "ﻉ" */
    0x0, 0xe1, 0x0, 0xf2, 0xef, 0xf8, 0x3, 0x9e,
    0x86, 0x2c, 0x3, 0xa1, 0x71, 0xd4, 0x3, 0x10,
    0x68, 0x0, 0xde, 0x40, 0x4, 0x71, 0x9d, 0x90,
    0x80, 0x17, 0x9, 0x94, 0xf6, 0x80, 0xb, 0x2,
    0xb1, 0x84, 0x2, 0x81, 0xd5, 0x0, 0xf2, 0x20,
    0xc0, 0x3f, 0x8, 0x7, 0xe5, 0x41, 0x0, 0xfa,
    0x7, 0xe1, 0x8, 0x8b, 0x50, 0x78, 0xaf, 0x7b,
    0xaa, 0x4d, 0x3, 0xbf, 0xcb, 0xb6, 0xf2, 0x80,

    /* U+FECA "ﻊ" */
    0x7, 0xdf, 0xd7, 0x0, 0xcb, 0x6, 0xa7, 0xc,
    0x1, 0xc7, 0x26, 0x1, 0xca, 0xa2, 0xc2, 0x76,
    0x0, 0x85, 0x0, 0x5, 0x60, 0x1a, 0xc6, 0x64,
    0x59, 0x8a, 0x70, 0x43, 0x66, 0x6b, 0x12, 0xd8,
    0x1, 0x80, 0x5, 0x3d, 0xf8, 0x8, 0x81, 0x0,
    0xfa, 0x47, 0xdc, 0xc8, 0x8b, 0x50, 0x78, 0xb1,
    0x9b, 0xaa, 0x4d, 0x3, 0xbf, 0xcb, 0xb6, 0xf2,
    0x80,

    /* U+FECB "ﻋ" */
    0x0, 0xf8, 0x40, 0x3c, 0xbb, 0xfe, 0x0, 0xe6,
    0xa1, 0x8b, 0x0, 0xe8, 0x4c, 0x75, 0x0, 0xc4,
    0x3a, 0x1, 0xf1, 0x7, 0x80, 0x42, 0xe0, 0x13,
    0x32, 0x16, 0x7a, 0x40, 0x29, 0x37, 0xa6, 0x7f,
    0x1a, 0xbf, 0x31, 0x8e, 0x81, 0x35, 0x5a, 0xf9,
    0xc4, 0x0,

    /* U+FECC "ﻌ" */
    0x0, 0xa3, 0xbf, 0x58, 0x3, 0x43, 0x9a, 0x94,
    0x98, 0x5, 0xe0, 0xd6, 0x20, 0x1c, 0xe8, 0x8e,
    0x19, 0x30, 0xd, 0xe0, 0x2, 0x70, 0x0, 0xd5,
    0xd8, 0x58, 0xba, 0xa0, 0xd5, 0x4d, 0xf3, 0x68,
    0xaa,

    /* U+FECD "ﻍ" */
    0x0, 0xff, 0xe0, 0x5c, 0x80, 0x7e, 0x9b, 0x0,
    0xfc, 0x44, 0x1, 0x0, 0xf2, 0xef, 0xf8, 0x3,
    0x9e, 0x86, 0x2c, 0x3, 0xa1, 0x71, 0xd4, 0x3,
    0x10, 0x68, 0x0, 0xde, 0x40, 0x4, 0x71, 0x9d,
    0x90, 0x80, 0x17, 0x9, 0x94, 0xf6, 0x80, 0xb,
    0x2, 0xb1, 0x84, 0x2, 0x81, 0xd5, 0x0, 0xf2,
    0x20, 0xc0, 0x3f, 0x8, 0x7, 0xe5, 0x41, 0x0,
    0xfa, 0x7, 0xe1, 0x8, 0x8b, 0x50, 0x78, 0xaf,
    0x7b, 0xaa, 0x4d, 0x3, 0xbf, 0xcb, 0xb6, 0xf2,
    0x80,

    /* U+FECE "ﻎ" */
    0x0, 0x84, 0x3, 0xf2, 0x70, 0x7, 0xe5, 0xb0,
    0xf, 0xc2, 0x80, 0x1f, 0x3e, 0xfe, 0xb8, 0x6,
    0x58, 0x35, 0x38, 0x60, 0xe, 0x39, 0x30, 0xe,
    0x55, 0x16, 0x13, 0xb0, 0x4, 0x28, 0x0, 0x2b,
    0x0, 0xd6, 0x33, 0x22, 0xcc, 0x53, 0x82, 0x1b,
    0x33, 0x58, 0x96, 0xc0, 0xc, 0x0, 0x29, 0xef,
    0xc0, 0x44, 0x8, 0x7, 0xd2, 0x3e, 0xe6, 0x44,
    0x5a, 0x83, 0xc5, 0x8c, 0xdd, 0x52, 0x68, 0x1d,
    0xfe, 0x5d, 0xb7, 0x94,

    /* U+FECF "ﻏ" */
    0x0, 0xff, 0xe1, 0x5c, 0x80, 0x7e, 0x9b, 0x0,
    0xfc, 0x44, 0x1, 0x0, 0xf2, 0xef, 0xf8, 0x3,
    0x9a, 0x86, 0x2c, 0x3, 0xa1, 0x31, 0xd4, 0x3,
    0x10, 0xe8, 0x7, 0xc4, 0x1e, 0x1, 0xb, 0x80,
    0x4c, 0xc8, 0x59, 0xe9, 0x0, 0xa4, 0xde, 0x99,
    0xfc, 0x6a, 0xfc, 0xc6, 0x3a, 0x4, 0xd5, 0x6b,
    0xe7, 0x10, 0x0,

    /* U+FED0 "ﻐ" */
    0x0, 0xe1, 0x0, 0xfc, 0xbc, 0x1, 0xf9, 0x2c,
    0x3, 0xf0, 0xa0, 0x7, 0xd1, 0xdf, 0xac, 0x1,
    0xa1, 0xcd, 0x4a, 0x4c, 0x2, 0xf0, 0x6b, 0x10,
    0xe, 0x74, 0x47, 0xc, 0x98, 0x6, 0xf0, 0x1,
    0x38, 0x0, 0x6a, 0xec, 0x2c, 0x5d, 0x50, 0x6a,
    0xa6, 0xf9, 0xb4, 0x55, 0x0,

    /* U+FED1 "ﻑ" */
    0x0, 0xff, 0xe8, 0xcd, 0x80, 0x7f, 0xf0, 0xee,
    0x40, 0x3f, 0xf8, 0x43, 0x50, 0xa0, 0x1f, 0xfc,
    0x1, 0xf7, 0x5a, 0x60, 0xf, 0xfa, 0x46, 0x78,
    0x64, 0x3, 0xfe, 0x10, 0x71, 0x70, 0x12, 0x61,
    0x0, 0xfb, 0x82, 0x49, 0x0, 0x13, 0x2, 0x1,
    0xf3, 0x9b, 0xe9, 0x80, 0xb1, 0x0, 0x7f, 0x66,
    0x2c, 0x90, 0x1c, 0xd8, 0x3, 0xf0, 0xac, 0x9c,
    0x5, 0x94, 0xf5, 0xcc, 0xaa, 0x97, 0xdc, 0x90,
    0xc3, 0x1, 0xd9, 0x25, 0x66, 0x2a, 0x32, 0x46,
    0x69, 0x80, 0x0,

    /* U+FED2 "ﻒ" */
    0x0, 0xff, 0xe9, 0x4d, 0x80, 0x7f, 0xf1, 0x2e,
    0x40, 0x3f, 0xf8, 0x84, 0x40, 0xf, 0xfe, 0x1a,
    0xef, 0xc8, 0x7, 0xff, 0x5, 0x28, 0xc9, 0xa8,
    0x0, 0xda, 0x20, 0x1f, 0x68, 0x66, 0x9a, 0x80,
    0x28, 0x4, 0x3, 0xe1, 0x1, 0x5, 0x0, 0xff,
    0xe0, 0xd0, 0x71, 0xb9, 0x80, 0x2c, 0xb1, 0x4,
    0x2, 0x12, 0x64, 0x2c, 0x10, 0xa8, 0x77, 0x1d,
    0xf7, 0xfd, 0xdb, 0x68, 0x6, 0x26, 0xaa, 0x8,
    0xea, 0x86, 0x69, 0xe2, 0xb3, 0xf3, 0xbf, 0xda,

    /* U+FED3 "ﻓ" */
    0x0, 0xe1, 0x0, 0xf9, 0x38, 0x3, 0xe5, 0xb0,
    0xf, 0x9b, 0x9c, 0x3, 0xb6, 0x16, 0x24, 0x2,
    0x52, 0x6e, 0x36, 0x20, 0x1, 0x5, 0xd, 0x3,
    0x0, 0xc, 0x24, 0xb4, 0x1c, 0x0, 0x8a, 0xad,
    0x40, 0x10, 0xa, 0xb6, 0xc8, 0xa1, 0xaa, 0xa6,
    0x8a, 0x40, 0xd5, 0x7a, 0xd0, 0x0,

    /* U+FED4 "ﻔ" */
    0x0, 0xe1, 0x0, 0xfe, 0x1e, 0x30, 0xf, 0xc3,
    0x66, 0x1, 0xfc, 0x80, 0x1f, 0x86, 0xff, 0x8,
    0x3, 0xd8, 0x88, 0x3c, 0x0, 0xe2, 0x23, 0x5b,
    0x89, 0x80, 0x7e, 0xf0, 0xf, 0x11, 0x19, 0xe4,
    0x4c, 0x0, 0x35, 0x40, 0x4, 0x8, 0x55, 0x8,
    0xd5, 0x46, 0x66, 0x40, 0x55, 0x30,

    /* U+FED5 "ﻕ" */
    0x0, 0xff, 0xe4, 0x46, 0x2f, 0x80, 0x7f, 0x57,
    0xa6, 0x0, 0x7f, 0x12, 0xdd, 0x80, 0x3f, 0xaa,
    0x55, 0xec, 0x3, 0xe1, 0x53, 0xe6, 0x44, 0x0,
    0x78, 0x82, 0xc6, 0x80, 0xc0, 0x3c, 0x41, 0x65,
    0x61, 0xc0, 0x4c, 0x20, 0x1, 0x83, 0xd6, 0x0,
    0xae, 0x4, 0x2, 0x7d, 0xbf, 0xe, 0x7, 0x40,
    0xe, 0x24, 0x40, 0x20, 0x9, 0x0, 0x7d, 0x4,
    0x60, 0x2, 0x0, 0xe1, 0xb2, 0xe0, 0x1, 0xa9,
    0x0, 0x4b, 0x89, 0x46, 0x0, 0x80, 0xdb, 0xce,
    0xa3, 0xb5, 0x0, 0x92, 0xcd, 0xc, 0xa3, 0xd0,
    0x2,

    /* U+FED6 "ﻖ" */
    0x0, 0xfc, 0x20, 0x1f, 0xfc, 0x21, 0xe3, 0xe6,
    0x0, 0xff, 0x86, 0xcf, 0x5c, 0x3, 0xff, 0x80,
    0x75, 0x62, 0x1, 0xff, 0x4c, 0x2b, 0xd0, 0x7,
    0xf8, 0x59, 0x39, 0xd4, 0xc0, 0x3f, 0x88, 0x30,
    0x64, 0x10, 0x3, 0xf8, 0x82, 0x18, 0x1, 0xc0,
    0x1a, 0xb4, 0x2, 0x17, 0x9, 0xe0, 0x4a, 0xa0,
    0x82, 0xb8, 0x6, 0x89, 0x20, 0x1, 0x2a, 0x88,
    0x0, 0x60, 0x1c, 0xda, 0xa1, 0x9f, 0xe3, 0x1,
    0x50, 0xf, 0x42, 0xa8, 0xc0, 0x33, 0x9b, 0x88,
    0xb, 0x63, 0xa5, 0x0, 0x74, 0xc, 0x77, 0xf4,
    0x9b, 0xd8, 0x7, 0x87, 0xa5, 0x95, 0xa7, 0xa0,
    0x3, 0xc0,

    /* U+FED7 "ﻗ" */
    0x0, 0xf0, 0x80, 0x72, 0xf9, 0x71, 0x0, 0x64,
    0xc2, 0xb2, 0x0, 0xc2, 0x94, 0x60, 0x1d, 0xb0,
    0xb1, 0x20, 0x12, 0x93, 0x71, 0xb1, 0x0, 0x8,
    0x28, 0x68, 0x18, 0x0, 0x61, 0x25, 0xa0, 0xe0,
    0x4, 0x55, 0x6a, 0x0, 0x80, 0x55, 0xb6, 0x45,
    0xd, 0x55, 0x34, 0x52, 0x6, 0xab, 0xd6, 0x80,

    /* U+FED8 "ﻘ" */
    0x0, 0xc2, 0x2, 0x1, 0xf2, 0x71, 0x72, 0x0,
    0x79, 0x6c, 0xad, 0x40, 0x3c, 0x28, 0x8, 0x20,
    0x1e, 0x1b, 0xfc, 0x20, 0xf, 0x62, 0x20, 0xf0,
    0x3, 0x88, 0x8d, 0x6e, 0x26, 0x1, 0xfb, 0xc0,
    0x3c, 0x44, 0x67, 0x91, 0x30, 0x0, 0xd5, 0x0,
    0x10, 0x21, 0x54, 0x23, 0x55, 0x19, 0x99, 0x1,
    0x54, 0xc0,

    /* U+FED9 "ﻙ" */
    0x0, 0xff, 0x57, 0x80, 0x7f, 0xf4, 0x4e, 0x98,
    0x3, 0xfb, 0xed, 0x80, 0x3f, 0xab, 0x50, 0x3,
    0xf9, 0xa7, 0x0, 0x3f, 0x3e, 0x7c, 0x80, 0x7e,
    0x7c, 0xa1, 0x0, 0xe1, 0x0, 0xfc, 0x22, 0xae,
    0x0, 0xfc, 0xa4, 0x0, 0x30, 0xe, 0x2c, 0x1a,
    0x90, 0xcc, 0x4b, 0xc5, 0xe9, 0xb3, 0xf, 0x58,
    0x5a, 0x19, 0x8b, 0x72, 0x0,

    /* U+FEDA "ﻚ" */
    0x0, 0xff, 0x57, 0x80, 0x7f, 0xf6, 0x8e, 0x98,
    0x3, 0xff, 0x81, 0xf6, 0xc0, 0x1f, 0xfc, 0xa,
    0xd4, 0x0, 0xff, 0xe0, 0x34, 0xe0, 0x7, 0xfc,
    0xf9, 0xf2, 0x1, 0xff, 0x3e, 0x50, 0x80, 0x7f,
    0xf1, 0x44, 0x3, 0x46, 0x0, 0x7e, 0x50, 0xc,
    0x46, 0x40, 0x1c, 0x58, 0x20, 0x60, 0xe, 0xd,
    0xb8, 0x78, 0xbd, 0x34, 0xd, 0xa3, 0x4d, 0x66,
    0x3c, 0x3b, 0x2d, 0xdc, 0x6a, 0xc0,

    /* U+FEDB "ﻛ" */
    0x0, 0xfc, 0x68, 0x1, 0xe6, 0xdc, 0xc0, 0x4,
    0x53, 0xf2, 0x13, 0x0, 0x8, 0xd6, 0x5c, 0xd6,
    0x0, 0x13, 0x9f, 0x51, 0x80, 0x79, 0x84, 0x3,
    0xc4, 0xaa, 0x60, 0xf, 0xa8, 0xe5, 0x0, 0x3e,
    0xd1, 0xa2, 0x0, 0xf0, 0xe8, 0xc8, 0x7, 0xc6,
    0x88, 0x0, 0xfc, 0xc0, 0x18, 0x6a, 0xad, 0x27,
    0x0, 0x8d, 0x56, 0x36, 0x80, 0x8,

    /* U+FEDC "ﻜ" */
    0x0, 0xfc, 0x68, 0x1, 0xf9, 0xb7, 0x30, 0x1,
    0xc5, 0x3f, 0x21, 0x30, 0x1, 0xa3, 0x59, 0x73,
    0x58, 0x3, 0x13, 0x9f, 0x51, 0x80, 0x7e, 0x61,
    0x0, 0xfc, 0x4a, 0xa6, 0x0, 0xfe, 0xa3, 0x94,
    0x0, 0xfe, 0xd1, 0xa2, 0x0, 0xfc, 0x3a, 0x3e,
    0x1, 0xfc, 0x68, 0x56, 0x1, 0xfc, 0xc0, 0x90,
    0x1, 0xd, 0x55, 0xa4, 0xc8, 0xf9, 0x42, 0x6a,
    0xb1, 0xbc, 0xdb, 0x12, 0x80,

    /* U+FEDD "ﻝ" */
    0x0, 0xfc, 0x5e, 0xe0, 0x1f, 0xff, 0xf0, 0xf,
    0xfe, 0xa0, 0x80, 0x17, 0x8c, 0x3, 0x9c, 0x7,
    0xc4, 0xc0, 0x3b, 0x41, 0x40, 0x40, 0x38, 0xd8,
    0x4f, 0x6, 0x84, 0xa, 0x30, 0x28, 0x19, 0x55,
    0xdf, 0xae, 0x78, 0x80, 0xa, 0xc8, 0x79, 0xdc,
    0x30, 0x0,

    /* U+FEDE "ﻞ" */
    0x0, 0xfc, 0x5e, 0xe0, 0x1f, 0xff, 0xf0, 0xf,
    0xff, 0x40, 0x80, 0x64, 0xb3, 0x0, 0xe7, 0xd,
    0x0, 0x72, 0x18, 0x7, 0x68, 0x2d, 0xc0, 0x88,
    0x3, 0x8d, 0x80, 0xd1, 0x70, 0x64, 0x40, 0xa3,
    0x2, 0x73, 0xf5, 0xd1, 0xbb, 0xf5, 0xca, 0x98,
    0x3, 0x5e, 0x43, 0xce, 0x6a, 0x80, 0x60,

    /* U+FEDF "ﻟ" */
    0x0, 0xb7, 0x0, 0x3f, 0xfd, 0x2, 0x4c, 0x35,
    0x81, 0x86, 0xa6, 0xec,

    /* U+FEE0 "ﻠ" */
    0x0, 0xb7, 0x0, 0x3f, 0xff, 0xe0, 0x1f, 0xe1,
    0x22, 0x0, 0x43, 0x58, 0x3, 0xb4, 0x26, 0xa6,
    0xcc, 0x35, 0x30,

    /* U+FEE1 "ﻡ" */
    0x0, 0x86, 0xff, 0x10, 0x3, 0x6a, 0x11, 0xda,
    0x80, 0x10, 0xdb, 0x78, 0x38, 0x0, 0x61, 0x80,
    0x22, 0x71, 0xd8, 0xb, 0xab, 0x14, 0x92, 0x79,
    0x54, 0x57, 0x83, 0x8, 0x6b, 0xee, 0x40, 0x38,
    0x7, 0xff, 0x5c,

    /* U+FEE2 "ﻢ" */
    0x0, 0xd5, 0xf8, 0x80, 0x1f, 0x5a, 0x91, 0xd9,
    0x80, 0x71, 0xa3, 0x6f, 0x4, 0x80, 0x73, 0x6,
    0x0, 0x89, 0x44, 0x2, 0x59, 0xb, 0xab, 0x10,
    0xec, 0x15, 0xa5, 0x92, 0x44, 0x11, 0x81, 0x9b,
    0x82, 0x5b, 0x3b, 0xf7, 0x3f, 0xc4, 0xe0, 0x1f,
    0xfd, 0x78, 0xa0, 0xf, 0xf0,

    /* U+FEE3 "ﻣ" */
    0x0, 0xcd, 0xdc, 0xb2, 0x0, 0xcb, 0x26, 0x49,
    0xe0, 0x1a, 0x47, 0x71, 0x88, 0x40, 0x23, 0x40,
    0x0, 0x81, 0x8d, 0x68, 0x2d, 0xd3, 0x89, 0x1a,
    0x93, 0x22, 0xa8, 0xf4, 0x0,

    /* U+FEE4 "ﻤ" */
    0x0, 0xcd, 0xdf, 0x20, 0x1f, 0x2c, 0x81, 0x35,
    0x80, 0x7a, 0x47, 0xb5, 0x10, 0x20, 0x1c, 0x68,
    0x0, 0x30, 0x60, 0x0, 0xd6, 0x82, 0xdc, 0xb0,
    0x45, 0xa9, 0xa9, 0x32, 0x2b, 0x2, 0xa, 0x60,

    /* U+FEE5 "ﻥ" */
    0x0, 0xff, 0xe1, 0xfb, 0x0, 0x7f, 0x63, 0x80,
    0xd, 0x40, 0x38, 0xc4, 0x0, 0xd4, 0xc0, 0x1f,
    0x94, 0x35, 0xfc, 0xc0, 0x3c, 0x4d, 0xa0, 0x60,
    0x1e, 0x10, 0x11, 0x0, 0x7c, 0x6c, 0x42, 0x1,
    0xe5, 0xd, 0xc0, 0x80, 0xc, 0x76, 0x2c, 0xaa,
    0x7e, 0xba, 0xdc, 0xd, 0x0, 0x55, 0x15, 0x14,
    0x1f, 0xcc, 0x0,

    /* U+FEE6 "ﻦ" */
    0x0, 0xff, 0xe2, 0xfb, 0x0, 0x7f, 0xd8, 0xe0,
    0x7, 0xf2, 0x0, 0xf1, 0x88, 0x1, 0x82, 0x80,
    0x9, 0x64, 0x1, 0xc2, 0x27, 0x10, 0xd4, 0x20,
    0xf, 0x10, 0x7c, 0x18, 0x80, 0x7c, 0x22, 0x6,
    0x0, 0xfc, 0x24, 0xfd, 0xc2, 0x12, 0x0, 0xe8,
    0xa, 0x0, 0x48, 0x7a, 0x88, 0x1d, 0x33, 0xc,
    0x0, 0x36, 0x75, 0xdf, 0x8a, 0xd2, 0x1, 0x93,
    0xa9, 0x99, 0x3b, 0x20, 0x18,

    /* U+FEE7 "ﻧ" */
    0x0, 0x84, 0x3, 0x72, 0x0, 0x56, 0xa0, 0x12,
    0x8, 0x0, 0x5c, 0xc0, 0x5, 0x8, 0x1, 0x84,
    0x0, 0xa0, 0x43, 0x52, 0x2a, 0x6a, 0x54, 0x20,

    /* U+FEE8 "ﻨ" */
    0x0, 0x84, 0x3, 0xdc, 0x80, 0x1d, 0x6a, 0x1,
    0xc8, 0x20, 0x18, 0x5c, 0xc0, 0x31, 0x42, 0x0,
    0x7f, 0xca, 0x1a, 0x0, 0x1a, 0x90, 0x5b, 0x63,
    0x52, 0x93, 0x4f,

    /* U+FEE9 "ﻩ" */
    0x9, 0xfd, 0x80, 0x9, 0x58, 0xd9, 0xf4, 0x43,
    0xc3, 0x2f, 0xb, 0x41, 0x88, 0x0, 0x6e, 0x62,
    0xe6, 0x1, 0x10, 0x3, 0x6, 0xde, 0xd5, 0x42,
    0xee, 0x58, 0x79, 0xa0,

    /* U+FEEA "ﻪ" */
    0x0, 0xca, 0xe0, 0x1c, 0x93, 0x70, 0x1, 0xaa,
    0xc9, 0x40, 0x40, 0xe, 0xb5, 0x7c, 0xa, 0x0,
    0xd2, 0x50, 0xb, 0x80, 0x1e, 0x5f, 0xea, 0x15,
    0xb8, 0x5e, 0xaa, 0x6f, 0x2a, 0x28,

    /* U+FEEB "ﻫ" */
    0x0, 0x8, 0x7, 0xf3, 0xeb, 0x0, 0x7c, 0x83,
    0x38, 0x40, 0x1c, 0xc6, 0x7, 0x86, 0x1, 0xb8,
    0x79, 0x47, 0x48, 0x2, 0x12, 0x12, 0x10, 0xe0,
    0x8, 0x8c, 0x98, 0xac, 0xcc, 0x0, 0xc0, 0xd1,
    0xa4, 0x6, 0x1a, 0xe0, 0xb, 0xa0, 0x4, 0xd5,
    0x11, 0x6, 0xee, 0x84,

    /* U+FEEC "ﻬ" */
    0x0, 0xe1, 0x0, 0xf8, 0xb3, 0xb8, 0x60, 0x1d,
    0xe7, 0x21, 0x0, 0x19, 0x4a, 0x59, 0x58, 0x3,
    0x68, 0x3b, 0x92, 0xc0, 0x3, 0x4a, 0x1b, 0x3,
    0x94, 0x86, 0xa4, 0x6, 0x2, 0xaa, 0x32, 0xf6,
    0xd, 0x31, 0xdf, 0x70, 0x7, 0x83, 0x61, 0xf0,
    0x6, 0x70, 0x93, 0x0, 0xf0, 0xd9, 0xe1, 0x48,
    0x7, 0x27, 0xde, 0xa8, 0x0,

    /* U+FEED "ﻭ" */
    0x0, 0xd1, 0x4c, 0x1, 0xda, 0xeb, 0x2e, 0x1,
    0x31, 0x3f, 0x1c, 0x0, 0x42, 0x1a, 0x32, 0x6,
    0x0, 0x50, 0xaa, 0x70, 0x38, 0x0, 0xad, 0x15,
    0x1, 0xc0, 0x24, 0xbf, 0x40, 0x30, 0xe, 0x74,
    0x50, 0x8, 0x96, 0xe0, 0xac, 0x33, 0xf6, 0x91,
    0x70, 0x42, 0xda, 0x2b, 0xa8, 0x40, 0x0,

    /* U+FEEE "ﻮ" */
    0x0, 0xc8, 0xe6, 0x1, 0xf6, 0x5c, 0x63, 0x0,
    0x73, 0x1b, 0xe9, 0xc8, 0x7, 0x8, 0x69, 0x50,
    0x18, 0x6, 0x50, 0xab, 0xa0, 0x8a, 0x40, 0x1,
    0x59, 0xa1, 0x82, 0x29, 0x80, 0x49, 0x9e, 0x81,
    0xfe, 0x70, 0xe, 0x74, 0x60, 0xe, 0x25, 0xb8,
    0x29, 0x0, 0xb3, 0xf6, 0x91, 0xb4, 0x3, 0x5b,
    0x45, 0x74, 0x80, 0x70,

    /* U+FEEF "ﻯ" */
    0x0, 0xfc, 0x20, 0x1f, 0xd1, 0xdc, 0xfa, 0x10,
    0xe, 0x87, 0x4a, 0x85, 0xb0, 0xe, 0x20, 0xb5,
    0x7b, 0xe0, 0xe, 0xe0, 0xea, 0x44, 0x97, 0x4,
    0x0, 0x9a, 0xaa, 0xba, 0xe, 0x11, 0x0, 0x45,
    0x5e, 0xca, 0x8c, 0x20, 0x1f, 0x18, 0x1, 0xd,
    0x80, 0x22, 0x5c, 0x53, 0x48, 0x29, 0xfe, 0xfd,
    0xa3, 0x6d, 0x1, 0xd8, 0x42, 0x46, 0xae, 0x91,
    0x0,

    /* U+FEF0 "ﻰ" */
    0x0, 0xfe, 0x38, 0x40, 0x8, 0x94, 0x40, 0x39,
    0x71, 0xed, 0x40, 0x11, 0x42, 0x1, 0xd2, 0x1c,
    0x76, 0x20, 0xe6, 0x1, 0xe5, 0xb, 0xe1, 0xc1,
    0x11, 0x0, 0x7a, 0x51, 0x4a, 0xcc, 0xd4, 0x36,
    0x60, 0x11, 0x3a, 0x18, 0x27, 0x13, 0x3a, 0x67,
    0xfd, 0xb0, 0x9a, 0x1, 0xd1, 0xb2, 0xec, 0xf3,
    0xb6, 0x20, 0x18,

    /* U+FEF1 "ﻱ" */
    0x0, 0xfc, 0x20, 0x1f, 0xd3, 0xdc, 0xfa, 0x10,
    0xe, 0x86, 0x4a, 0x85, 0xb0, 0xe, 0x20, 0x95,
    0x7c, 0x90, 0xe, 0x91, 0xcc, 0x31, 0x99, 0xf8,
    0x40, 0x7, 0xf0, 0x13, 0x81, 0x66, 0x20, 0x10,
    0xbe, 0x41, 0xa8, 0x7, 0xf5, 0x83, 0xd1, 0x49,
    0x9, 0x2c, 0x71, 0xc1, 0x34, 0xbe, 0xf6, 0xd2,
    0xb6, 0xb8, 0x1, 0xbb, 0x2f, 0x3b, 0x60, 0x80,
    0x3a, 0xbd, 0x7c, 0x3, 0xf5, 0xcb, 0xe8, 0x7,
    0x0,

    /* U+FEF2 "ﻲ" */
    0x0, 0xfe, 0x38, 0x40, 0x8, 0x94, 0x40, 0x39,
    0x71, 0xed, 0x40, 0x11, 0x42, 0x1, 0xd2, 0x1c,
    0x76, 0x20, 0xe6, 0x1, 0xe5, 0xb, 0xe1, 0xc1,
    0x11, 0x0, 0x7a, 0x51, 0x4a, 0xcc, 0xd4, 0x36,
    0x60, 0x11, 0x3a, 0x18, 0x27, 0x13, 0x3a, 0x67,
    0xfd, 0xb0, 0x9a, 0x1, 0xd1, 0xb0, 0xcd, 0x4e,
    0xd8, 0x80, 0x78, 0xb8, 0xbd, 0xd8, 0x80, 0x3f,
    0xae, 0x5f, 0x40, 0x3f, 0x0,

    /* U+FEF3 "ﻳ" */
    0x0, 0xc, 0x18, 0x4, 0x4e, 0x80, 0x1c, 0x20,
    0x12, 0x81, 0x0, 0xd4, 0x8a, 0x1, 0xa9, 0x50,
    0x0, 0xbf, 0x10, 0x2, 0x2e, 0x3f, 0x60, 0x2b,
    0x3c, 0x70,

    /* U+FEF4 "ﻴ" */
    0x0, 0xc, 0x18, 0x6, 0x27, 0x40, 0xf, 0xf9,
    0x43, 0x40, 0x3, 0x52, 0xb, 0x6c, 0x6a, 0x52,
    0x69, 0xe5, 0xf8, 0xd9, 0xf2, 0x5, 0xc7, 0xec,
    0x0, 0x2b, 0x3c, 0x70,

    /* U+FEF5 "ﻵ" */
    0x0, 0xff, 0x8f, 0x14, 0x5, 0xdc, 0x1, 0xa2,
    0x1f, 0xd9, 0xee, 0x1, 0xad, 0x2b, 0xb6, 0x0,
    0x7, 0xec, 0x0, 0x1e, 0x70, 0xf, 0xc2, 0x92,
    0x1, 0xfd, 0x22, 0xa0, 0x1f, 0x8c, 0xd2, 0x1,
    0xfd, 0x26, 0x60, 0xf, 0xca, 0x32, 0x1, 0xfd,
    0x2a, 0x2e, 0x6, 0x1, 0xcc, 0x12, 0x60, 0xc0,
    0x1c, 0x2c, 0xcb, 0x13, 0x0, 0xf5, 0x89, 0xc8,
    0x7, 0xca, 0x6, 0xe0, 0x1a, 0x6b, 0x20, 0xf4,
    0x3, 0xca, 0x51, 0x82, 0x0,

    /* U+FEF6 "ﻶ" */
    0x0, 0xff, 0xe0, 0x9e, 0x28, 0xb, 0xb8, 0x3,
    0xd1, 0xf, 0xec, 0xf7, 0x0, 0xf5, 0xa5, 0x76,
    0xc0, 0x0, 0xfd, 0x80, 0x30, 0xf3, 0x80, 0x7f,
    0x85, 0x24, 0x3, 0xfe, 0x91, 0x50, 0xf, 0xf1,
    0x9a, 0x40, 0x3f, 0xe9, 0x33, 0x0, 0x7f, 0x94,
    0x64, 0x3, 0xfe, 0x95, 0x17, 0x0, 0xfe, 0x60,
    0x93, 0x0, 0xfe, 0x16, 0x65, 0x80, 0x80, 0x7e,
    0xb1, 0x30, 0xe0, 0xf, 0xca, 0x6, 0x8e, 0x20,
    0x1a, 0x6b, 0x20, 0xf7, 0xc7, 0x20, 0x3, 0x29,
    0x3e, 0xa, 0x41, 0x30,

    /* U+FEF7 "ﻷ" */
    0xa, 0xd7, 0x0, 0xf1, 0x36, 0xb8, 0x7, 0x8c,
    0xb2, 0x0, 0x3e, 0xdc, 0x80, 0x8, 0xfd, 0x84,
    0xad, 0x40, 0x3e, 0x10, 0x80, 0xf, 0xde, 0x48,
    0x1, 0xf2, 0x17, 0x80, 0x7e, 0xb4, 0x20, 0xf,
    0x98, 0x6c, 0x3, 0xf3, 0x30, 0x5c, 0xc, 0x3,
    0x48, 0x31, 0x3, 0x0, 0x61, 0x59, 0xa1, 0x30,
    0xe, 0x91, 0x39, 0x0, 0xf2, 0x1, 0xb8, 0x5,
    0x35, 0x90, 0x7a, 0x1, 0xca, 0x51, 0x82, 0x0,

    /* U+FEF8 "ﻸ" */
    0xa, 0xd7, 0x0, 0xfc, 0x4d, 0xae, 0x1, 0xf8,
    0xcb, 0x20, 0x3, 0xfb, 0x72, 0x0, 0x23, 0xf6,
    0x0, 0x9, 0x5a, 0x80, 0x7f, 0x8, 0x40, 0x7,
    0xfb, 0xc9, 0x0, 0x3f, 0x90, 0xbc, 0x3, 0xfd,
    0x68, 0x40, 0x1f, 0xcc, 0x36, 0x1, 0xfe, 0x66,
    0xb, 0x80, 0x7e, 0x90, 0x62, 0x0, 0xfc, 0x2b,
    0x34, 0x2, 0x1, 0xf4, 0x89, 0x87, 0x0, 0x7c,
    0x80, 0x68, 0xe2, 0x1, 0x4d, 0x64, 0x1e, 0xf8,
    0xe4, 0x0, 0x4a, 0x4f, 0x82, 0x90, 0x4c,

    /* U+FEF9 "ﻹ" */
    0x0, 0xf1, 0xfb, 0xd, 0xa8, 0x7, 0x84, 0x20,
    0x3, 0xef, 0x24, 0x0, 0xf2, 0x17, 0x80, 0x7d,
    0x68, 0x40, 0x1e, 0x61, 0xb0, 0xf, 0x99, 0x82,
    0xe0, 0x60, 0x14, 0x83, 0x10, 0x30, 0x4, 0x2b,
    0x34, 0x26, 0x1, 0xa4, 0x4e, 0x40, 0x39, 0x0,
    0xdc, 0x1, 0x35, 0x90, 0x7a, 0x1, 0x94, 0xa3,
    0x4, 0x0, 0x88, 0x2e, 0x70, 0xd, 0xfe, 0xd0,
    0xf, 0x64, 0xc1, 0x0, 0x76, 0x8f, 0x10, 0x7,
    0x0,

    /* U+FEFA "ﻺ" */
    0x0, 0xf1, 0xfb, 0x0, 0x6, 0xd4, 0x3, 0xf0,
    0x84, 0x0, 0x7f, 0x79, 0x20, 0x7, 0xe4, 0x2f,
    0x0, 0xfe, 0xb4, 0x20, 0xf, 0xcc, 0x36, 0x1,
    0xfc, 0xcc, 0x17, 0x0, 0xfa, 0x41, 0x88, 0x3,
    0xe1, 0x59, 0xa0, 0x10, 0xf, 0x48, 0x98, 0x70,
    0x7, 0x90, 0xd, 0x1c, 0x40, 0x13, 0x59, 0x7,
    0xbe, 0x39, 0x0, 0x5, 0x27, 0xc1, 0x48, 0x26,
    0x44, 0x17, 0x40, 0x4, 0xff, 0xdf, 0xed, 0x0,
    0xfd, 0x93, 0x4, 0x1, 0xf6, 0x8f, 0x10, 0x7,
    0xc0,

    /* U+FEFB "ﻻ" */
    0x0, 0xf1, 0xfb, 0xd, 0xa8, 0x7, 0x84, 0x20,
    0x3, 0xef, 0x24, 0x0, 0xf2, 0x17, 0x80, 0x7d,
    0x68, 0x40, 0x1e, 0x61, 0xb0, 0xf, 0x99, 0x82,
    0xe0, 0x60, 0x14, 0x83, 0x10, 0x30, 0x4, 0x2b,
    0x34, 0x26, 0x1, 0xa4, 0x4e, 0x40, 0x39, 0x0,
    0xdc, 0x1, 0x35, 0x90, 0x7a, 0x1, 0x94, 0xa3,
    0x4, 0x0,

    /* U+FEFC "ﻼ" */
    0x0, 0xf1, 0xfb, 0x0, 0x6, 0xd4, 0x3, 0xf0,
    0x84, 0x0, 0x7f, 0x79, 0x20, 0x7, 0xe4, 0x2f,
    0x0, 0xfe, 0xb4, 0x20, 0xf, 0xcc, 0x36, 0x1,
    0xfc, 0xcc, 0x17, 0x0, 0xfa, 0x41, 0x88, 0x3,
    0xe1, 0x59, 0xa0, 0x10, 0xf, 0x48, 0x98, 0x70,
    0x7, 0x90, 0xd, 0x1c, 0x40, 0x13, 0x59, 0x7,
    0xbe, 0x39, 0x0, 0x5, 0x27, 0xc1, 0x48, 0x26
};


/*---------------------
 *  GLYPH DESCRIPTION
 *--------------------*/

static const lv_font_fmt_txt_glyph_dsc_t glyph_dsc[] = {
    {.bitmap_index = 0, .adv_w = 0, .box_w = 0, .box_h = 0, .ofs_x = 0, .ofs_y = 0} /* id = 0 reserved */,
    {.bitmap_index = 0, .adv_w = 92, .box_w = 0, .box_h = 0, .ofs_x = 0, .ofs_y = 0},
    {.bitmap_index = 0, .adv_w = 115, .box_w = 3, .box_h = 13, .ofs_x = 2, .ofs_y = 0},
    {.bitmap_index = 16, .adv_w = 132, .box_w = 6, .box_h = 5, .ofs_x = 1, .ofs_y = 8},
    {.bitmap_index = 26, .adv_w = 241, .box_w = 13, .box_h = 13, .ofs_x = 1, .ofs_y = 0},
    {.bitmap_index = 105, .adv_w = 183, .box_w = 9, .box_h = 17, .ofs_x = 1, .ofs_y = -3},
    {.bitmap_index = 167, .adv_w = 274, .box_w = 16, .box_h = 13, .ofs_x = 1, .ofs_y = 0},
    {.bitmap_index = 260, .adv_w = 225, .box_w = 13, .box_h = 13, .ofs_x = 1, .ofs_y = 0},
    {.bitmap_index = 332, .adv_w = 79, .box_w = 3, .box_h = 5, .ofs_x = 1, .ofs_y = 8},
    {.bitmap_index = 337, .adv_w = 112, .box_w = 5, .box_h = 16, .ofs_x = 1, .ofs_y = -2},
    {.bitmap_index = 376, .adv_w = 112, .box_w = 5, .box_h = 16, .ofs_x = 1, .ofs_y = -2},
    {.bitmap_index = 415, .adv_w = 144, .box_w = 9, .box_h = 9, .ofs_x = 0, .ofs_y = 4},
    {.bitmap_index = 451, .adv_w = 241, .box_w = 13, .box_h = 12, .ofs_x = 1, .ofs_y = 0},
    {.bitmap_index = 483, .adv_w = 92, .box_w = 3, .box_h = 5, .ofs_x = 1, .ofs_y = -2},
    {.bitmap_index = 491, .adv_w = 104, .box_w = 6, .box_h = 3, .ofs_x = 0, .ofs_y = 3},
    {.bitmap_index = 498, .adv_w = 92, .box_w = 3, .box_h = 3, .ofs_x = 1, .ofs_y = 0},
    {.bitmap_index = 503, .adv_w = 97, .box_w = 7, .box_h = 15, .ofs_x = 0, .ofs_y = -2},
    {.bitmap_index = 546, .adv_w = 183, .box_w = 10, .box_h = 13, .ofs_x = 1, .ofs_y = 0},
    {.bitmap_index = 602, .adv_w = 183, .box_w = 9, .box_h = 13, .ofs_x = 1, .ofs_y = 0},
    {.bitmap_index = 626, .adv_w = 183, .box_w = 9, .box_h = 13, .ofs_x = 1, .ofs_y = 0},
    {.bitmap_index = 676, .adv_w = 183, .box_w = 10, .box_h = 13, .ofs_x = 1, .ofs_y = 0},
    {.bitmap_index = 733, .adv_w = 183, .box_w = 11, .box_h = 13, .ofs_x = 0, .ofs_y = 0},
    {.bitmap_index = 784, .adv_w = 183, .box_w = 9, .box_h = 13, .ofs_x = 1, .ofs_y = 0},
    {.bitmap_index = 832, .adv_w = 183, .box_w = 10, .box_h = 13, .ofs_x = 1, .ofs_y = 0},
    {.bitmap_index = 895, .adv_w = 183, .box_w = 9, .box_h = 13, .ofs_x = 1, .ofs_y = 0},
    {.bitmap_index = 938, .adv_w = 183, .box_w = 10, .box_h = 13, .ofs_x = 1, .ofs_y = 0},
    {.bitmap_index = 1001, .adv_w = 183, .box_w = 10, .box_h = 13, .ofs_x = 1, .ofs_y = 0},
    {.bitmap_index = 1062, .adv_w = 97, .box_w = 2, .box_h = 10, .ofs_x = 2, .ofs_y = 0},
    {.bitmap_index = 1072, .adv_w = 97, .box_w = 3, .box_h = 12, .ofs_x = 1, .ofs_y = -2},
    {.bitmap_index = 1087, .adv_w = 241, .box_w = 13, .box_h = 11, .ofs_x = 1, .ofs_y = 0},
    {.bitmap_index = 1144, .adv_w = 241, .box_w = 13, .box_h = 7, .ofs_x = 1, .ofs_y = 2},
    {.bitmap_index = 1167, .adv_w = 241, .box_w = 13, .box_h = 11, .ofs_x = 1, .ofs_y = 0},
    {.bitmap_index = 1223, .adv_w = 153, .box_w = 8, .box_h = 13, .ofs_x = 1, .ofs_y = 0},
    {.bitmap_index = 1266, .adv_w = 288, .box_w = 16, .box_h = 17, .ofs_x = 1, .ofs_y = -4},
    {.bitmap_index = 1388, .adv_w = 197, .box_w = 13, .box_h = 13, .ofs_x = 0, .ofs_y = 0},
    {.bitmap_index = 1454, .adv_w = 198, .box_w = 11, .box_h = 13, .ofs_x = 1, .ofs_y = 0},
    {.bitmap_index = 1512, .adv_w = 201, .box_w = 11, .box_h = 13, .ofs_x = 1, .ofs_y = 0},
    {.bitmap_index = 1569, .adv_w = 222, .box_w = 12, .box_h = 13, .ofs_x = 1, .ofs_y = 0},
    {.bitmap_index = 1625, .adv_w = 182, .box_w = 10, .box_h = 13, .ofs_x = 1, .ofs_y = 0},
    {.bitmap_index = 1661, .adv_w = 166, .box_w = 9, .box_h = 13, .ofs_x = 1, .ofs_y = 0},
    {.bitmap_index = 1690, .adv_w = 223, .box_w = 12, .box_h = 13, .ofs_x = 1, .ofs_y = 0},
    {.bitmap_index = 1757, .adv_w = 217, .box_w = 11, .box_h = 13, .ofs_x = 1, .ofs_y = 0},
    {.bitmap_index = 1780, .adv_w = 85, .box_w = 3, .box_h = 13, .ofs_x = 1, .ofs_y = 0},
    {.bitmap_index = 1785, .adv_w = 85, .box_w = 5, .box_h = 17, .ofs_x = -1, .ofs_y = -4},
    {.bitmap_index = 1800, .adv_w = 189, .box_w = 12, .box_h = 13, .ofs_x = 1, .ofs_y = 0},
    {.bitmap_index = 1855, .adv_w = 160, .box_w = 9, .box_h = 13, .ofs_x = 1, .ofs_y = 0},
    {.bitmap_index = 1869, .adv_w = 248, .box_w = 13, .box_h = 13, .ofs_x = 1, .ofs_y = 0},
    {.bitmap_index = 1929, .adv_w = 215, .box_w = 11, .box_h = 13, .ofs_x = 1, .ofs_y = 0},
    {.bitmap_index = 1976, .adv_w = 227, .box_w = 13, .box_h = 13, .ofs_x = 1, .ofs_y = 0},
    {.bitmap_index = 2049, .adv_w = 174, .box_w = 10, .box_h = 13, .ofs_x = 1, .ofs_y = 0},
    {.bitmap_index = 2092, .adv_w = 227, .box_w = 13, .box_h = 15, .ofs_x = 1, .ofs_y = -2},
    {.bitmap_index = 2174, .adv_w = 200, .box_w = 11, .box_h = 13, .ofs_x = 1, .ofs_y = 0},
    {.bitmap_index = 2230, .adv_w = 183, .box_w = 10, .box_h = 13, .ofs_x = 1, .ofs_y = 0},
    {.bitmap_index = 2289, .adv_w = 176, .box_w = 13, .box_h = 13, .ofs_x = -1, .ofs_y = 0},
    {.bitmap_index = 2309, .adv_w = 211, .box_w = 11, .box_h = 13, .ofs_x = 1, .ofs_y = 0},
    {.bitmap_index = 2343, .adv_w = 197, .box_w = 13, .box_h = 13, .ofs_x = 0, .ofs_y = 0},
    {.bitmap_index = 2411, .adv_w = 285, .box_w = 18, .box_h = 13, .ofs_x = 0, .ofs_y = 0},
    {.bitmap_index = 2518, .adv_w = 197, .box_w = 12, .box_h = 13, .ofs_x = 0, .ofs_y = 0},
    {.bitmap_index = 2584, .adv_w = 176, .box_w = 13, .box_h = 13, .ofs_x = -1, .ofs_y = 0},
    {.bitmap_index = 2628, .adv_w = 197, .box_w = 12, .box_h = 13, .ofs_x = 0, .ofs_y = 0},
    {.bitmap_index = 2681, .adv_w = 112, .box_w = 5, .box_h = 17, .ofs_x = 1, .ofs_y = -3},
    {.bitmap_index = 2698, .adv_w = 97, .box_w = 7, .box_h = 15, .ofs_x = 0, .ofs_y = -2},
    {.bitmap_index = 2739, .adv_w = 112, .box_w = 5, .box_h = 17, .ofs_x = 1, .ofs_y = -3},
    {.bitmap_index = 2753, .adv_w = 241, .box_w = 13, .box_h = 5, .ofs_x = 1, .ofs_y = 8},
    {.bitmap_index = 2780, .adv_w = 144, .box_w = 11, .box_h = 3, .ofs_x = -1, .ofs_y = -5},
    {.bitmap_index = 2789, .adv_w = 144, .box_w = 5, .box_h = 4, .ofs_x = 1, .ofs_y = 11},
    {.bitmap_index = 2799, .adv_w = 176, .box_w = 9, .box_h = 10, .ofs_x = 1, .ofs_y = 0},
    {.bitmap_index = 2842, .adv_w = 183, .box_w = 10, .box_h = 14, .ofs_x = 1, .ofs_y = 0},
    {.bitmap_index = 2890, .adv_w = 158, .box_w = 8, .box_h = 10, .ofs_x = 1, .ofs_y = 0},
    {.bitmap_index = 2924, .adv_w = 183, .box_w = 9, .box_h = 14, .ofs_x = 1, .ofs_y = 0},
    {.bitmap_index = 2970, .adv_w = 177, .box_w = 10, .box_h = 10, .ofs_x = 1, .ofs_y = 0},
    {.bitmap_index = 3015, .adv_w = 101, .box_w = 7, .box_h = 14, .ofs_x = 0, .ofs_y = 0},
    {.bitmap_index = 3044, .adv_w = 183, .box_w = 9, .box_h = 14, .ofs_x = 1, .ofs_y = -4},
    {.bitmap_index = 3101, .adv_w = 183, .box_w = 9, .box_h = 14, .ofs_x = 1, .ofs_y = 0},
    {.bitmap_index = 3132, .adv_w = 80, .box_w = 3, .box_h = 14, .ofs_x = 1, .ofs_y = 0},
    {.bitmap_index = 3143, .adv_w = 80, .box_w = 5, .box_h = 18, .ofs_x = -1, .ofs_y = -4},
    {.bitmap_index = 3165, .adv_w = 167, .box_w = 10, .box_h = 14, .ofs_x = 1, .ofs_y = 0},
    {.bitmap_index = 3205, .adv_w = 80, .box_w = 3, .box_h = 14, .ofs_x = 1, .ofs_y = 0},
    {.bitmap_index = 3210, .adv_w = 281, .box_w = 15, .box_h = 10, .ofs_x = 1, .ofs_y = 0},
    {.bitmap_index = 3250, .adv_w = 183, .box_w = 9, .box_h = 10, .ofs_x = 1, .ofs_y = 0},
    {.bitmap_index = 3277, .adv_w = 176, .box_w = 10, .box_h = 10, .ofs_x = 1, .ofs_y = 0},
    {.bitmap_index = 3323, .adv_w = 183, .box_w = 10, .box_h = 14, .ofs_x = 1, .ofs_y = -4},
    {.bitmap_index = 3375, .adv_w = 183, .box_w = 9, .box_h = 14, .ofs_x = 1, .ofs_y = -4},
    {.bitmap_index = 3422, .adv_w = 118, .box_w = 7, .box_h = 11, .ofs_x = 1, .ofs_y = 0},
    {.bitmap_index = 3442, .adv_w = 150, .box_w = 9, .box_h = 10, .ofs_x = 0, .ofs_y = 0},
    {.bitmap_index = 3486, .adv_w = 113, .box_w = 7, .box_h = 13, .ofs_x = 0, .ofs_y = 0},
    {.bitmap_index = 3517, .adv_w = 183, .box_w = 9, .box_h = 10, .ofs_x = 1, .ofs_y = 0},
    {.bitmap_index = 3542, .adv_w = 170, .box_w = 11, .box_h = 10, .ofs_x = 0, .ofs_y = 0},
    {.bitmap_index = 3591, .adv_w = 236, .box_w = 14, .box_h = 10, .ofs_x = 0, .ofs_y = 0},
    {.bitmap_index = 3660, .adv_w = 170, .box_w = 11, .box_h = 10, .ofs_x = 0, .ofs_y = 0},
    {.bitmap_index = 3710, .adv_w = 170, .box_w = 11, .box_h = 14, .ofs_x = 0, .ofs_y = -4},
    {.bitmap_index = 3773, .adv_w = 151, .box_w = 9, .box_h = 10, .ofs_x = 0, .ofs_y = 0},
    {.bitmap_index = 3809, .adv_w = 183, .box_w = 8, .box_h = 17, .ofs_x = 2, .ofs_y = -3},
    {.bitmap_index = 3859, .adv_w = 97, .box_w = 2, .box_h = 18, .ofs_x = 2, .ofs_y = -4},
    {.bitmap_index = 3864, .adv_w = 183, .box_w = 8, .box_h = 17, .ofs_x = 2, .ofs_y = -3},
    {.bitmap_index = 3916, .adv_w = 241, .box_w = 13, .box_h = 4, .ofs_x = 1, .ofs_y = 4},
    {.bitmap_index = 3940, .adv_w = 92, .box_w = 0, .box_h = 0, .ofs_x = 0, .ofs_y = 0},
    {.bitmap_index = 3940, .adv_w = 115, .box_w = 3, .box_h = 13, .ofs_x = 2, .ofs_y = -3},
    {.bitmap_index = 3956, .adv_w = 183, .box_w = 9, .box_h = 16, .ofs_x = 1, .ofs_y = -3},
    {.bitmap_index = 4011, .adv_w = 183, .box_w = 9, .box_h = 13, .ofs_x = 1, .ofs_y = 0},
    {.bitmap_index = 4054, .adv_w = 183, .box_w = 11, .box_h = 11, .ofs_x = 0, .ofs_y = 0},
    {.bitmap_index = 4111, .adv_w = 183, .box_w = 11, .box_h = 13, .ofs_x = 0, .ofs_y = 0},
    {.bitmap_index = 4172, .adv_w = 97, .box_w = 2, .box_h = 16, .ofs_x = 2, .ofs_y = -3},
    {.bitmap_index = 4183, .adv_w = 144, .box_w = 9, .box_h = 16, .ofs_x = 0, .ofs_y = -3},
    {.bitmap_index = 4253, .adv_w = 144, .box_w = 7, .box_h = 2, .ofs_x = 1, .ofs_y = 12},
    {.bitmap_index = 4260, .adv_w = 288, .box_w = 14, .box_h = 13, .ofs_x = 2, .ofs_y = 0},
    {.bitmap_index = 4342, .adv_w = 136, .box_w = 7, .box_h = 10, .ofs_x = 1, .ofs_y = 4},
    {.bitmap_index = 4377, .adv_w = 176, .box_w = 9, .box_h = 9, .ofs_x = 1, .ofs_y = 1},
    {.bitmap_index = 4416, .adv_w = 241, .box_w = 13, .box_h = 6, .ofs_x = 1, .ofs_y = 2},
    {.bitmap_index = 4434, .adv_w = 104, .box_w = 6, .box_h = 3, .ofs_x = 0, .ofs_y = 3},
    {.bitmap_index = 4441, .adv_w = 288, .box_w = 14, .box_h = 13, .ofs_x = 2, .ofs_y = 0},
    {.bitmap_index = 4524, .adv_w = 144, .box_w = 7, .box_h = 3, .ofs_x = 1, .ofs_y = 11},
    {.bitmap_index = 4532, .adv_w = 144, .box_w = 7, .box_h = 6, .ofs_x = 1, .ofs_y = 7},
    {.bitmap_index = 4554, .adv_w = 241, .box_w = 13, .box_h = 12, .ofs_x = 1, .ofs_y = 0},
    {.bitmap_index = 4596, .adv_w = 115, .box_w = 7, .box_h = 8, .ofs_x = 0, .ofs_y = 6},
    {.bitmap_index = 4623, .adv_w = 115, .box_w = 7, .box_h = 8, .ofs_x = 0, .ofs_y = 6},
    {.bitmap_index = 4650, .adv_w = 144, .box_w = 5, .box_h = 4, .ofs_x = 3, .ofs_y = 11},
    {.bitmap_index = 4661, .adv_w = 183, .box_w = 11, .box_h = 14, .ofs_x = 1, .ofs_y = -4},
    {.bitmap_index = 4694, .adv_w = 183, .box_w = 9, .box_h = 15, .ofs_x = 1, .ofs_y = -2},
    {.bitmap_index = 4728, .adv_w = 92, .box_w = 3, .box_h = 3, .ofs_x = 1, .ofs_y = 5},
    {.bitmap_index = 4733, .adv_w = 144, .box_w = 5, .box_h = 5, .ofs_x = 2, .ofs_y = -4},
    {.bitmap_index = 4745, .adv_w = 115, .box_w = 6, .box_h = 8, .ofs_x = 1, .ofs_y = 6},
    {.bitmap_index = 4758, .adv_w = 136, .box_w = 8, .box_h = 10, .ofs_x = 0, .ofs_y = 4},
    {.bitmap_index = 4796, .adv_w = 176, .box_w = 9, .box_h = 9, .ofs_x = 1, .ofs_y = 1},
    {.bitmap_index = 4835, .adv_w = 279, .box_w = 16, .box_h = 14, .ofs_x = 1, .ofs_y = 0},
    {.bitmap_index = 4921, .adv_w = 279, .box_w = 16, .box_h = 13, .ofs_x = 1, .ofs_y = 0},
    {.bitmap_index = 5002, .adv_w = 279, .box_w = 17, .box_h = 14, .ofs_x = 0, .ofs_y = 0},
    {.bitmap_index = 5100, .adv_w = 153, .box_w = 8, .box_h = 14, .ofs_x = 1, .ofs_y = -4},
    {.bitmap_index = 5145, .adv_w = 197, .box_w = 13, .box_h = 17, .ofs_x = 0, .ofs_y = 0},
    {.bitmap_index = 5226, .adv_w = 197, .box_w = 13, .box_h = 17, .ofs_x = 0, .ofs_y = 0},
    {.bitmap_index = 5306, .adv_w = 197, .box_w = 13, .box_h = 17, .ofs_x = 0, .ofs_y = 0},
    {.bitmap_index = 5390, .adv_w = 197, .box_w = 13, .box_h = 17, .ofs_x = 0, .ofs_y = 0},
    {.bitmap_index = 5474, .adv_w = 197, .box_w = 13, .box_h = 16, .ofs_x = 0, .ofs_y = 0},
    {.bitmap_index = 5555, .adv_w = 197, .box_w = 13, .box_h = 17, .ofs_x = 0, .ofs_y = 0},
    {.bitmap_index = 5641, .adv_w = 281, .box_w = 17, .box_h = 13, .ofs_x = 0, .ofs_y = 0},
    {.bitmap_index = 5718, .adv_w = 201, .box_w = 11, .box_h = 17, .ofs_x = 1, .ofs_y = -4},
    {.bitmap_index = 5791, .adv_w = 182, .box_w = 10, .box_h = 17, .ofs_x = 1, .ofs_y = 0},
    {.bitmap_index = 5840, .adv_w = 182, .box_w = 10, .box_h = 17, .ofs_x = 1, .ofs_y = 0},
    {.bitmap_index = 5890, .adv_w = 182, .box_w = 10, .box_h = 17, .ofs_x = 1, .ofs_y = 0},
    {.bitmap_index = 5943, .adv_w = 182, .box_w = 10, .box_h = 16, .ofs_x = 1, .ofs_y = 0},
    {.bitmap_index = 5993, .adv_w = 85, .box_w = 4, .box_h = 17, .ofs_x = 0, .ofs_y = 0},
    {.bitmap_index = 6007, .adv_w = 85, .box_w = 4, .box_h = 17, .ofs_x = 1, .ofs_y = 0},
    {.bitmap_index = 6020, .adv_w = 85, .box_w = 7, .box_h = 17, .ofs_x = -1, .ofs_y = 0},
    {.bitmap_index = 6043, .adv_w = 85, .box_w = 6, .box_h = 16, .ofs_x = 0, .ofs_y = 0},
    {.bitmap_index = 6058, .adv_w = 223, .box_w = 13, .box_h = 13, .ofs_x = 0, .ofs_y = 0},
    {.bitmap_index = 6122, .adv_w = 215, .box_w = 11, .box_h = 17, .ofs_x = 1, .ofs_y = 0},
    {.bitmap_index = 6187, .adv_w = 227, .box_w = 13, .box_h = 17, .ofs_x = 1, .ofs_y = 0},
    {.bitmap_index = 6274, .adv_w = 227, .box_w = 13, .box_h = 17, .ofs_x = 1, .ofs_y = 0},
    {.bitmap_index = 6360, .adv_w = 227, .box_w = 13, .box_h = 17, .ofs_x = 1, .ofs_y = 0},
    {.bitmap_index = 6451, .adv_w = 227, .box_w = 13, .box_h = 17, .ofs_x = 1, .ofs_y = 0},
    {.bitmap_index = 6542, .adv_w = 227, .box_w = 13, .box_h = 17, .ofs_x = 1, .ofs_y = 0},
    {.bitmap_index = 6631, .adv_w = 241, .box_w = 11, .box_h = 11, .ofs_x = 2, .ofs_y = 0},
    {.bitmap_index = 6684, .adv_w = 227, .box_w = 14, .box_h = 15, .ofs_x = 0, .ofs_y = -1},
    {.bitmap_index = 6786, .adv_w = 211, .box_w = 11, .box_h = 17, .ofs_x = 1, .ofs_y = 0},
    {.bitmap_index = 6835, .adv_w = 211, .box_w = 11, .box_h = 17, .ofs_x = 1, .ofs_y = 0},
    {.bitmap_index = 6884, .adv_w = 211, .box_w = 11, .box_h = 17, .ofs_x = 1, .ofs_y = 0},
    {.bitmap_index = 6935, .adv_w = 211, .box_w = 11, .box_h = 17, .ofs_x = 1, .ofs_y = 0},
    {.bitmap_index = 6986, .adv_w = 176, .box_w = 13, .box_h = 17, .ofs_x = -1, .ofs_y = 0},
    {.bitmap_index = 7045, .adv_w = 174, .box_w = 10, .box_h = 13, .ofs_x = 1, .ofs_y = 0},
    {.bitmap_index = 7095, .adv_w = 181, .box_w = 10, .box_h = 14, .ofs_x = 1, .ofs_y = 0},
    {.bitmap_index = 7154, .adv_w = 176, .box_w = 9, .box_h = 15, .ofs_x = 1, .ofs_y = 0},
    {.bitmap_index = 7213, .adv_w = 176, .box_w = 9, .box_h = 15, .ofs_x = 1, .ofs_y = 0},
    {.bitmap_index = 7272, .adv_w = 176, .box_w = 9, .box_h = 15, .ofs_x = 1, .ofs_y = 0},
    {.bitmap_index = 7334, .adv_w = 176, .box_w = 9, .box_h = 14, .ofs_x = 1, .ofs_y = 0},
    {.bitmap_index = 7393, .adv_w = 176, .box_w = 9, .box_h = 14, .ofs_x = 1, .ofs_y = 0},
    {.bitmap_index = 7450, .adv_w = 176, .box_w = 9, .box_h = 16, .ofs_x = 1, .ofs_y = 0},
    {.bitmap_index = 7517, .adv_w = 283, .box_w = 16, .box_h = 10, .ofs_x = 1, .ofs_y = 0},
    {.bitmap_index = 7590, .adv_w = 158, .box_w = 8, .box_h = 14, .ofs_x = 1, .ofs_y = -4},
    {.bitmap_index = 7639, .adv_w = 177, .box_w = 10, .box_h = 15, .ofs_x = 1, .ofs_y = 0},
    {.bitmap_index = 7700, .adv_w = 177, .box_w = 10, .box_h = 15, .ofs_x = 1, .ofs_y = 0},
    {.bitmap_index = 7761, .adv_w = 177, .box_w = 10, .box_h = 15, .ofs_x = 1, .ofs_y = 0},
    {.bitmap_index = 7826, .adv_w = 177, .box_w = 10, .box_h = 14, .ofs_x = 1, .ofs_y = 0},
    {.bitmap_index = 7886, .adv_w = 80, .box_w = 5, .box_h = 15, .ofs_x = -1, .ofs_y = 0},
    {.bitmap_index = 7905, .adv_w = 80, .box_w = 5, .box_h = 15, .ofs_x = 1, .ofs_y = 0},
    {.bitmap_index = 7923, .adv_w = 80, .box_w = 7, .box_h = 15, .ofs_x = -1, .ofs_y = 0},
    {.bitmap_index = 7946, .adv_w = 80, .box_w = 7, .box_h = 14, .ofs_x = -1, .ofs_y = 0},
    {.bitmap_index = 7964, .adv_w = 176, .box_w = 10, .box_h = 14, .ofs_x = 1, .ofs_y = 0},
    {.bitmap_index = 8030, .adv_w = 183, .box_w = 9, .box_h = 14, .ofs_x = 1, .ofs_y = 0},
    {.bitmap_index = 8073, .adv_w = 176, .box_w = 10, .box_h = 15, .ofs_x = 1, .ofs_y = 0},
    {.bitmap_index = 8135, .adv_w = 176, .box_w = 10, .box_h = 15, .ofs_x = 1, .ofs_y = 0},
    {.bitmap_index = 8198, .adv_w = 176, .box_w = 10, .box_h = 15, .ofs_x = 1, .ofs_y = 0},
    {.bitmap_index = 8263, .adv_w = 176, .box_w = 10, .box_h = 14, .ofs_x = 1, .ofs_y = 0},
    {.bitmap_index = 8326, .adv_w = 176, .box_w = 10, .box_h = 14, .ofs_x = 1, .ofs_y = 0},
    {.bitmap_index = 8388, .adv_w = 241, .box_w = 13, .box_h = 9, .ofs_x = 1, .ofs_y = 1},
    {.bitmap_index = 8420, .adv_w = 176, .box_w = 11, .box_h = 12, .ofs_x = 0, .ofs_y = -1},
    {.bitmap_index = 8485, .adv_w = 183, .box_w = 9, .box_h = 15, .ofs_x = 1, .ofs_y = 0},
    {.bitmap_index = 8526, .adv_w = 183, .box_w = 9, .box_h = 15, .ofs_x = 1, .ofs_y = 0},
    {.bitmap_index = 8567, .adv_w = 183, .box_w = 9, .box_h = 15, .ofs_x = 1, .ofs_y = 0},
    {.bitmap_index = 8611, .adv_w = 183, .box_w = 9, .box_h = 14, .ofs_x = 1, .ofs_y = 0},
    {.bitmap_index = 8651, .adv_w = 170, .box_w = 11, .box_h = 18, .ofs_x = 0, .ofs_y = -4},
    {.bitmap_index = 8730, .adv_w = 183, .box_w = 10, .box_h = 18, .ofs_x = 1, .ofs_y = -4},
    {.bitmap_index = 8784, .adv_w = 170, .box_w = 11, .box_h = 18, .ofs_x = 0, .ofs_y = -4},
    {.bitmap_index = 8863, .adv_w = 197, .box_w = 13, .box_h = 17, .ofs_x = 0, .ofs_y = 0},
    {.bitmap_index = 8944, .adv_w = 176, .box_w = 9, .box_h = 14, .ofs_x = 1, .ofs_y = 0},
    {.bitmap_index = 8999, .adv_w = 197, .box_w = 13, .box_h = 17, .ofs_x = 0, .ofs_y = 0},
    {.bitmap_index = 9082, .adv_w = 176, .box_w = 9, .box_h = 14, .ofs_x = 1, .ofs_y = 0},
    {.bitmap_index = 9140, .adv_w = 197, .box_w = 13, .box_h = 17, .ofs_x = 0, .ofs_y = -4},
    {.bitmap_index = 9222, .adv_w = 176, .box_w = 10, .box_h = 14, .ofs_x = 1, .ofs_y = -4},
    {.bitmap_index = 9282, .adv_w = 201, .box_w = 11, .box_h = 17, .ofs_x = 1, .ofs_y = 0},
    {.bitmap_index = 9352, .adv_w = 158, .box_w = 8, .box_h = 15, .ofs_x = 1, .ofs_y = 0},
    {.bitmap_index = 9401, .adv_w = 201, .box_w = 11, .box_h = 17, .ofs_x = 1, .ofs_y = 0},
    {.bitmap_index = 9474, .adv_w = 158, .box_w = 8, .box_h = 15, .ofs_x = 1, .ofs_y = 0},
    {.bitmap_index = 9526, .adv_w = 201, .box_w = 11, .box_h = 17, .ofs_x = 1, .ofs_y = 0},
    {.bitmap_index = 9595, .adv_w = 158, .box_w = 8, .box_h = 14, .ofs_x = 1, .ofs_y = 0},
    {.bitmap_index = 9637, .adv_w = 201, .box_w = 11, .box_h = 17, .ofs_x = 1, .ofs_y = 0},
    {.bitmap_index = 9710, .adv_w = 158, .box_w = 8, .box_h = 15, .ofs_x = 1, .ofs_y = 0},
    {.bitmap_index = 9762, .adv_w = 222, .box_w = 12, .box_h = 17, .ofs_x = 1, .ofs_y = 0},
    {.bitmap_index = 9835, .adv_w = 183, .box_w = 13, .box_h = 14, .ofs_x = 1, .ofs_y = 0},
    {.bitmap_index = 9899, .adv_w = 223, .box_w = 13, .box_h = 13, .ofs_x = 0, .ofs_y = 0},
    {.bitmap_index = 9963, .adv_w = 183, .box_w = 11, .box_h = 14, .ofs_x = 1, .ofs_y = 0},
    {.bitmap_index = 10027, .adv_w = 182, .box_w = 10, .box_h = 17, .ofs_x = 1, .ofs_y = 0},
    {.bitmap_index = 10077, .adv_w = 177, .box_w = 10, .box_h = 14, .ofs_x = 1, .ofs_y = 0},
    {.bitmap_index = 10135, .adv_w = 182, .box_w = 10, .box_h = 17, .ofs_x = 1, .ofs_y = 0},
    {.bitmap_index = 10188, .adv_w = 177, .box_w = 10, .box_h = 15, .ofs_x = 1, .ofs_y = 0},
    {.bitmap_index = 10253, .adv_w = 182, .box_w = 10, .box_h = 16, .ofs_x = 1, .ofs_y = 0},
    {.bitmap_index = 10299, .adv_w = 177, .box_w = 10, .box_h = 14, .ofs_x = 1, .ofs_y = 0},
    {.bitmap_index = 10353, .adv_w = 182, .box_w = 10, .box_h = 17, .ofs_x = 1, .ofs_y = -4},
    {.bitmap_index = 10403, .adv_w = 177, .box_w = 10, .box_h = 14, .ofs_x = 1, .ofs_y = -4},
    {.bitmap_index = 10464, .adv_w = 182, .box_w = 10, .box_h = 17, .ofs_x = 1, .ofs_y = 0},
    {.bitmap_index = 10518, .adv_w = 177, .box_w = 10, .box_h = 15, .ofs_x = 1, .ofs_y = 0},
    {.bitmap_index = 10583, .adv_w = 223, .box_w = 12, .box_h = 17, .ofs_x = 1, .ofs_y = 0},
    {.bitmap_index = 10666, .adv_w = 183, .box_w = 9, .box_h = 18, .ofs_x = 1, .ofs_y = -4},
    {.bitmap_index = 10739, .adv_w = 223, .box_w = 12, .box_h = 17, .ofs_x = 1, .ofs_y = 0},
    {.bitmap_index = 10823, .adv_w = 183, .box_w = 9, .box_h = 18, .ofs_x = 1, .ofs_y = -4},
    {.bitmap_index = 10896, .adv_w = 223, .box_w = 12, .box_h = 17, .ofs_x = 1, .ofs_y = 0},
    {.bitmap_index = 10975, .adv_w = 183, .box_w = 9, .box_h = 18, .ofs_x = 1, .ofs_y = -4},
    {.bitmap_index = 11042, .adv_w = 223, .box_w = 12, .box_h = 17, .ofs_x = 1, .ofs_y = -4},
    {.bitmap_index = 11126, .adv_w = 183, .box_w = 9, .box_h = 18, .ofs_x = 1, .ofs_y = -4},
    {.bitmap_index = 11196, .adv_w = 217, .box_w = 11, .box_h = 17, .ofs_x = 1, .ofs_y = 0},
    {.bitmap_index = 11237, .adv_w = 183, .box_w = 11, .box_h = 17, .ofs_x = -1, .ofs_y = 0},
    {.bitmap_index = 11283, .adv_w = 264, .box_w = 14, .box_h = 13, .ofs_x = 1, .ofs_y = 0},
    {.bitmap_index = 11326, .adv_w = 200, .box_w = 10, .box_h = 14, .ofs_x = 1, .ofs_y = 0},
    {.bitmap_index = 11370, .adv_w = 85, .box_w = 7, .box_h = 17, .ofs_x = -1, .ofs_y = 0},
    {.bitmap_index = 11391, .adv_w = 80, .box_w = 7, .box_h = 14, .ofs_x = -1, .ofs_y = 0},
    {.bitmap_index = 11411, .adv_w = 85, .box_w = 6, .box_h = 17, .ofs_x = 0, .ofs_y = 0},
    {.bitmap_index = 11424, .adv_w = 80, .box_w = 7, .box_h = 14, .ofs_x = -1, .ofs_y = 0},
    {.bitmap_index = 11438, .adv_w = 85, .box_w = 7, .box_h = 17, .ofs_x = -1, .ofs_y = 0},
    {.bitmap_index = 11459, .adv_w = 80, .box_w = 7, .box_h = 14, .ofs_x = -1, .ofs_y = 0},
    {.bitmap_index = 11478, .adv_w = 85, .box_w = 4, .box_h = 17, .ofs_x = 1, .ofs_y = -4},
    {.bitmap_index = 11491, .adv_w = 80, .box_w = 4, .box_h = 18, .ofs_x = 1, .ofs_y = -4},
    {.bitmap_index = 11510, .adv_w = 85, .box_w = 3, .box_h = 16, .ofs_x = 1, .ofs_y = 0},
    {.bitmap_index = 11520, .adv_w = 80, .box_w = 3, .box_h = 10, .ofs_x = 1, .ofs_y = 0},
    {.bitmap_index = 11525, .adv_w = 170, .box_w = 8, .box_h = 17, .ofs_x = 1, .ofs_y = -4},
    {.bitmap_index = 11550, .adv_w = 160, .box_w = 8, .box_h = 18, .ofs_x = 1, .ofs_y = -4},
    {.bitmap_index = 11584, .adv_w = 85, .box_w = 7, .box_h = 20, .ofs_x = -1, .ofs_y = -4},
    {.bitmap_index = 11616, .adv_w = 80, .box_w = 7, .box_h = 18, .ofs_x = -1, .ofs_y = -4},
    {.bitmap_index = 11650, .adv_w = 189, .box_w = 12, .box_h = 17, .ofs_x = 1, .ofs_y = -4},
    {.bitmap_index = 11720, .adv_w = 167, .box_w = 10, .box_h = 18, .ofs_x = 1, .ofs_y = -4},
    {.bitmap_index = 11775, .adv_w = 167, .box_w = 10, .box_h = 10, .ofs_x = 1, .ofs_y = 0},
    {.bitmap_index = 11813, .adv_w = 160, .box_w = 9, .box_h = 17, .ofs_x = 1, .ofs_y = 0},
    {.bitmap_index = 11839, .adv_w = 80, .box_w = 5, .box_h = 17, .ofs_x = 1, .ofs_y = 0},
    {.bitmap_index = 11852, .adv_w = 160, .box_w = 9, .box_h = 17, .ofs_x = 1, .ofs_y = -4},
    {.bitmap_index = 11878, .adv_w = 80, .box_w = 3, .box_h = 18, .ofs_x = 1, .ofs_y = -4},
    {.bitmap_index = 11889, .adv_w = 160, .box_w = 9, .box_h = 13, .ofs_x = 1, .ofs_y = 0},
    {.bitmap_index = 11913, .adv_w = 108, .box_w = 6, .box_h = 14, .ofs_x = 1, .ofs_y = 0},
    {.bitmap_index = 11930, .adv_w = 160, .box_w = 9, .box_h = 13, .ofs_x = 1, .ofs_y = 0},
    {.bitmap_index = 11952, .adv_w = 98, .box_w = 5, .box_h = 14, .ofs_x = 1, .ofs_y = 0},
    {.bitmap_index = 11967, .adv_w = 162, .box_w = 12, .box_h = 13, .ofs_x = -1, .ofs_y = 0},
    {.bitmap_index = 12004, .adv_w = 82, .box_w = 6, .box_h = 14, .ofs_x = 0, .ofs_y = 0},
    {.bitmap_index = 12026, .adv_w = 215, .box_w = 11, .box_h = 17, .ofs_x = 1, .ofs_y = 0},
    {.bitmap_index = 12087, .adv_w = 183, .box_w = 9, .box_h = 15, .ofs_x = 1, .ofs_y = 0},
    {.bitmap_index = 12131, .adv_w = 215, .box_w = 11, .box_h = 17, .ofs_x = 1, .ofs_y = -4},
    {.bitmap_index = 12193, .adv_w = 183, .box_w = 9, .box_h = 14, .ofs_x = 1, .ofs_y = -4},
    {.bitmap_index = 12234, .adv_w = 215, .box_w = 11, .box_h = 17, .ofs_x = 1, .ofs_y = 0},
    {.bitmap_index = 12299, .adv_w = 183, .box_w = 9, .box_h = 15, .ofs_x = 1, .ofs_y = 0},
    {.bitmap_index = 12347, .adv_w = 234, .box_w = 12, .box_h = 13, .ofs_x = 1, .ofs_y = 0},
    {.bitmap_index = 12391, .adv_w = 215, .box_w = 11, .box_h = 17, .ofs_x = 1, .ofs_y = -4},
    {.bitmap_index = 12441, .adv_w = 183, .box_w = 9, .box_h = 14, .ofs_x = 1, .ofs_y = -4},
    {.bitmap_index = 12484, .adv_w = 227, .box_w = 13, .box_h = 17, .ofs_x = 1, .ofs_y = 0},
    {.bitmap_index = 12571, .adv_w = 176, .box_w = 10, .box_h = 14, .ofs_x = 1, .ofs_y = 0},
    {.bitmap_index = 12629, .adv_w = 227, .box_w = 13, .box_h = 17, .ofs_x = 1, .ofs_y = 0},
    {.bitmap_index = 12720, .adv_w = 176, .box_w = 10, .box_h = 15, .ofs_x = 1, .ofs_y = 0},
    {.bitmap_index = 12785, .adv_w = 227, .box_w = 13, .box_h = 17, .ofs_x = 1, .ofs_y = 0},
    {.bitmap_index = 12877, .adv_w = 176, .box_w = 10, .box_h = 15, .ofs_x = 1, .ofs_y = 0},
    {.bitmap_index = 12944, .adv_w = 308, .box_w = 18, .box_h = 13, .ofs_x = 1, .ofs_y = 0},
    {.bitmap_index = 13025, .adv_w = 295, .box_w = 17, .box_h = 10, .ofs_x = 1, .ofs_y = 0},
    {.bitmap_index = 13101, .adv_w = 200, .box_w = 11, .box_h = 17, .ofs_x = 1, .ofs_y = 0},
    {.bitmap_index = 13171, .adv_w = 118, .box_w = 8, .box_h = 15, .ofs_x = 1, .ofs_y = 0},
    {.bitmap_index = 13205, .adv_w = 200, .box_w = 11, .box_h = 17, .ofs_x = 1, .ofs_y = -4},
    {.bitmap_index = 13276, .adv_w = 118, .box_w = 7, .box_h = 15, .ofs_x = 1, .ofs_y = -4},
    {.bitmap_index = 13307, .adv_w = 200, .box_w = 11, .box_h = 17, .ofs_x = 1, .ofs_y = 0},
    {.bitmap_index = 13379, .adv_w = 118, .box_w = 7, .box_h = 15, .ofs_x = 1, .ofs_y = 0},
    {.bitmap_index = 13414, .adv_w = 183, .box_w = 10, .box_h = 17, .ofs_x = 1, .ofs_y = 0},
    {.bitmap_index = 13486, .adv_w = 150, .box_w = 9, .box_h = 15, .ofs_x = 0, .ofs_y = 0},
    {.bitmap_index = 13545, .adv_w = 183, .box_w = 10, .box_h = 17, .ofs_x = 1, .ofs_y = 0},
    {.bitmap_index = 13621, .adv_w = 150, .box_w = 9, .box_h = 15, .ofs_x = 0, .ofs_y = 0},
    {.bitmap_index = 13684, .adv_w = 183, .box_w = 10, .box_h = 17, .ofs_x = 1, .ofs_y = -4},
    {.bitmap_index = 13760, .adv_w = 150, .box_w = 9, .box_h = 14, .ofs_x = 0, .ofs_y = -4},
    {.bitmap_index = 13820, .adv_w = 183, .box_w = 10, .box_h = 17, .ofs_x = 1, .ofs_y = 0},
    {.bitmap_index = 13895, .adv_w = 150, .box_w = 9, .box_h = 15, .ofs_x = 0, .ofs_y = 0},
    {.bitmap_index = 13958, .adv_w = 176, .box_w = 13, .box_h = 17, .ofs_x = -1, .ofs_y = -4},
    {.bitmap_index = 13992, .adv_w = 113, .box_w = 7, .box_h = 16, .ofs_x = 0, .ofs_y = -4},
    {.bitmap_index = 14033, .adv_w = 176, .box_w = 13, .box_h = 17, .ofs_x = -1, .ofs_y = 0},
    {.bitmap_index = 14070, .adv_w = 113, .box_w = 7, .box_h = 15, .ofs_x = 0, .ofs_y = 0},
    {.bitmap_index = 14109, .adv_w = 176, .box_w = 13, .box_h = 13, .ofs_x = -1, .ofs_y = 0},
    {.bitmap_index = 14148, .adv_w = 113, .box_w = 7, .box_h = 13, .ofs_x = 0, .ofs_y = 0},
    {.bitmap_index = 14189, .adv_w = 211, .box_w = 11, .box_h = 17, .ofs_x = 1, .ofs_y = 0},
    {.bitmap_index = 14241, .adv_w = 183, .box_w = 9, .box_h = 14, .ofs_x = 1, .ofs_y = 0},
    {.bitmap_index = 14284, .adv_w = 211, .box_w = 11, .box_h = 17, .ofs_x = 1, .ofs_y = 0},
    {.bitmap_index = 14331, .adv_w = 183, .box_w = 9, .box_h = 14, .ofs_x = 1, .ofs_y = 0},
    {.bitmap_index = 14368, .adv_w = 211, .box_w = 11, .box_h = 17, .ofs_x = 1, .ofs_y = 0},
    {.bitmap_index = 14419, .adv_w = 183, .box_w = 9, .box_h = 15, .ofs_x = 1, .ofs_y = 0},
    {.bitmap_index = 14464, .adv_w = 211, .box_w = 11, .box_h = 17, .ofs_x = 1, .ofs_y = 0},
    {.bitmap_index = 14521, .adv_w = 183, .box_w = 9, .box_h = 15, .ofs_x = 1, .ofs_y = 0},
    {.bitmap_index = 14567, .adv_w = 211, .box_w = 11, .box_h = 17, .ofs_x = 1, .ofs_y = 0},
    {.bitmap_index = 14620, .adv_w = 183, .box_w = 9, .box_h = 15, .ofs_x = 1, .ofs_y = 0},
    {.bitmap_index = 14666, .adv_w = 211, .box_w = 11, .box_h = 17, .ofs_x = 1, .ofs_y = -4},
    {.bitmap_index = 14716, .adv_w = 183, .box_w = 11, .box_h = 14, .ofs_x = 1, .ofs_y = -4},
    {.bitmap_index = 14759, .adv_w = 285, .box_w = 18, .box_h = 17, .ofs_x = 0, .ofs_y = 0},
    {.bitmap_index = 14889, .adv_w = 236, .box_w = 14, .box_h = 15, .ofs_x = 0, .ofs_y = 0},
    {.bitmap_index = 14980, .adv_w = 176, .box_w = 13, .box_h = 17, .ofs_x = -1, .ofs_y = 0},
    {.bitmap_index = 15042, .adv_w = 170, .box_w = 11, .box_h = 18, .ofs_x = 0, .ofs_y = -4},
    {.bitmap_index = 15122, .adv_w = 176, .box_w = 13, .box_h = 16, .ofs_x = -1, .ofs_y = 0},
    {.bitmap_index = 15182, .adv_w = 197, .box_w = 12, .box_h = 17, .ofs_x = 0, .ofs_y = 0},
    {.bitmap_index = 15250, .adv_w = 151, .box_w = 9, .box_h = 15, .ofs_x = 0, .ofs_y = 0},
    {.bitmap_index = 15302, .adv_w = 197, .box_w = 12, .box_h = 16, .ofs_x = 0, .ofs_y = 0},
    {.bitmap_index = 15366, .adv_w = 151, .box_w = 9, .box_h = 14, .ofs_x = 0, .ofs_y = 0},
    {.bitmap_index = 15412, .adv_w = 197, .box_w = 12, .box_h = 17, .ofs_x = 0, .ofs_y = 0},
    {.bitmap_index = 15483, .adv_w = 151, .box_w = 9, .box_h = 15, .ofs_x = 0, .ofs_y = 0},
    {.bitmap_index = 15539, .adv_w = 101, .box_w = 7, .box_h = 14, .ofs_x = 0, .ofs_y = 0},
    {.bitmap_index = 15563, .adv_w = 144, .box_w = 5, .box_h = 4, .ofs_x = 3, .ofs_y = 11},
    {.bitmap_index = 15574, .adv_w = 144, .box_w = 7, .box_h = 6, .ofs_x = 1, .ofs_y = 12},
    {.bitmap_index = 15595, .adv_w = 199, .box_w = 13, .box_h = 15, .ofs_x = 0, .ofs_y = 0},
    {.bitmap_index = 15673, .adv_w = 92, .box_w = 3, .box_h = 3, .ofs_x = 1, .ofs_y = 5},
    {.bitmap_index = 15678, .adv_w = 215, .box_w = 14, .box_h = 15, .ofs_x = -1, .ofs_y = 0},
    {.bitmap_index = 15730, .adv_w = 251, .box_w = 15, .box_h = 15, .ofs_x = -1, .ofs_y = 0},
    {.bitmap_index = 15773, .adv_w = 118, .box_w = 7, .box_h = 15, .ofs_x = -1, .ofs_y = 0},
    {.bitmap_index = 15791, .adv_w = 234, .box_w = 15, .box_h = 15, .ofs_x = -1, .ofs_y = 0},
    {.bitmap_index = 15875, .adv_w = 238, .box_w = 16, .box_h = 15, .ofs_x = -1, .ofs_y = 0},
    {.bitmap_index = 15938, .adv_w = 238, .box_w = 15, .box_h = 15, .ofs_x = -1, .ofs_y = 0},
    {.bitmap_index = 16032, .adv_w = 97, .box_w = 6, .box_h = 18, .ofs_x = 0, .ofs_y = 0},
    {.bitmap_index = 16068, .adv_w = 197, .box_w = 13, .box_h = 13, .ofs_x = 0, .ofs_y = 0},
    {.bitmap_index = 16134, .adv_w = 198, .box_w = 11, .box_h = 13, .ofs_x = 1, .ofs_y = 0},
    {.bitmap_index = 16192, .adv_w = 160, .box_w = 9, .box_h = 13, .ofs_x = 1, .ofs_y = 0},
    {.bitmap_index = 16208, .adv_w = 197, .box_w = 13, .box_h = 13, .ofs_x = 0, .ofs_y = 0},
    {.bitmap_index = 16275, .adv_w = 182, .box_w = 10, .box_h = 13, .ofs_x = 1, .ofs_y = 0},
    {.bitmap_index = 16311, .adv_w = 197, .box_w = 12, .box_h = 13, .ofs_x = 0, .ofs_y = 0},
    {.bitmap_index = 16364, .adv_w = 217, .box_w = 11, .box_h = 13, .ofs_x = 1, .ofs_y = 0},
    {.bitmap_index = 16387, .adv_w = 227, .box_w = 13, .box_h = 13, .ofs_x = 1, .ofs_y = 0},
    {.bitmap_index = 16462, .adv_w = 85, .box_w = 3, .box_h = 13, .ofs_x = 1, .ofs_y = 0},
    {.bitmap_index = 16467, .adv_w = 189, .box_w = 12, .box_h = 13, .ofs_x = 1, .ofs_y = 0},
    {.bitmap_index = 16522, .adv_w = 197, .box_w = 13, .box_h = 13, .ofs_x = 0, .ofs_y = 0},
    {.bitmap_index = 16589, .adv_w = 248, .box_w = 13, .box_h = 13, .ofs_x = 1, .ofs_y = 0},
    {.bitmap_index = 16649, .adv_w = 215, .box_w = 11, .box_h = 13, .ofs_x = 1, .ofs_y = 0},
    {.bitmap_index = 16696, .adv_w = 182, .box_w = 9, .box_h = 13, .ofs_x = 1, .ofs_y = 0},
    {.bitmap_index = 16728, .adv_w = 227, .box_w = 13, .box_h = 13, .ofs_x = 1, .ofs_y = 0},
    {.bitmap_index = 16801, .adv_w = 217, .box_w = 11, .box_h = 13, .ofs_x = 1, .ofs_y = 0},
    {.bitmap_index = 16817, .adv_w = 174, .box_w = 10, .box_h = 13, .ofs_x = 1, .ofs_y = 0},
    {.bitmap_index = 16860, .adv_w = 182, .box_w = 10, .box_h = 13, .ofs_x = 1, .ofs_y = 0},
    {.bitmap_index = 16909, .adv_w = 176, .box_w = 13, .box_h = 13, .ofs_x = -1, .ofs_y = 0},
    {.bitmap_index = 16929, .adv_w = 176, .box_w = 13, .box_h = 13, .ofs_x = -1, .ofs_y = 0},
    {.bitmap_index = 16973, .adv_w = 227, .box_w = 13, .box_h = 13, .ofs_x = 1, .ofs_y = 0},
    {.bitmap_index = 17044, .adv_w = 197, .box_w = 12, .box_h = 13, .ofs_x = 0, .ofs_y = 0},
    {.bitmap_index = 17110, .adv_w = 227, .box_w = 13, .box_h = 13, .ofs_x = 1, .ofs_y = 0},
    {.bitmap_index = 17164, .adv_w = 220, .box_w = 14, .box_h = 13, .ofs_x = 0, .ofs_y = 0},
    {.bitmap_index = 17244, .adv_w = 85, .box_w = 6, .box_h = 16, .ofs_x = 0, .ofs_y = 0},
    {.bitmap_index = 17259, .adv_w = 176, .box_w = 13, .box_h = 16, .ofs_x = -1, .ofs_y = 0},
    {.bitmap_index = 17319, .adv_w = 190, .box_w = 10, .box_h = 15, .ofs_x = 1, .ofs_y = 0},
    {.bitmap_index = 17386, .adv_w = 156, .box_w = 8, .box_h = 15, .ofs_x = 1, .ofs_y = 0},
    {.bitmap_index = 17440, .adv_w = 183, .box_w = 9, .box_h = 18, .ofs_x = 1, .ofs_y = -4},
    {.bitmap_index = 17485, .adv_w = 97, .box_w = 5, .box_h = 15, .ofs_x = 1, .ofs_y = 0},
    {.bitmap_index = 17511, .adv_w = 167, .box_w = 9, .box_h = 18, .ofs_x = 1, .ofs_y = 0},
    {.bitmap_index = 17575, .adv_w = 190, .box_w = 10, .box_h = 10, .ofs_x = 1, .ofs_y = 0},
    {.bitmap_index = 17625, .adv_w = 184, .box_w = 10, .box_h = 18, .ofs_x = 1, .ofs_y = -4},
    {.bitmap_index = 17695, .adv_w = 170, .box_w = 11, .box_h = 14, .ofs_x = 0, .ofs_y = -4},
    {.bitmap_index = 17748, .adv_w = 176, .box_w = 10, .box_h = 13, .ofs_x = 1, .ofs_y = 0},
    {.bitmap_index = 17808, .adv_w = 156, .box_w = 8, .box_h = 10, .ofs_x = 1, .ofs_y = 0},
    {.bitmap_index = 17847, .adv_w = 157, .box_w = 9, .box_h = 18, .ofs_x = 0, .ofs_y = -4},
    {.bitmap_index = 17911, .adv_w = 183, .box_w = 9, .box_h = 14, .ofs_x = 1, .ofs_y = -4},
    {.bitmap_index = 17943, .adv_w = 176, .box_w = 10, .box_h = 14, .ofs_x = 1, .ofs_y = 0},
    {.bitmap_index = 18006, .adv_w = 97, .box_w = 5, .box_h = 10, .ofs_x = 1, .ofs_y = 0},
    {.bitmap_index = 18019, .adv_w = 170, .box_w = 10, .box_h = 10, .ofs_x = 1, .ofs_y = 0},
    {.bitmap_index = 18058, .adv_w = 170, .box_w = 11, .box_h = 14, .ofs_x = 0, .ofs_y = 0},
    {.bitmap_index = 18119, .adv_w = 183, .box_w = 11, .box_h = 14, .ofs_x = 1, .ofs_y = -4},
    {.bitmap_index = 18152, .adv_w = 161, .box_w = 10, .box_h = 10, .ofs_x = 0, .ofs_y = 0},
    {.bitmap_index = 18200, .adv_w = 161, .box_w = 10, .box_h = 18, .ofs_x = 0, .ofs_y = -4},
    {.bitmap_index = 18274, .adv_w = 176, .box_w = 10, .box_h = 10, .ofs_x = 1, .ofs_y = 0},
    {.bitmap_index = 18320, .adv_w = 173, .box_w = 11, .box_h = 10, .ofs_x = 0, .ofs_y = 0},
    {.bitmap_index = 18345, .adv_w = 183, .box_w = 10, .box_h = 14, .ofs_x = 1, .ofs_y = -4},
    {.bitmap_index = 18397, .adv_w = 169, .box_w = 8, .box_h = 14, .ofs_x = 1, .ofs_y = -4},
    {.bitmap_index = 18444, .adv_w = 183, .box_w = 10, .box_h = 10, .ofs_x = 1, .ofs_y = 0},
    {.bitmap_index = 18490, .adv_w = 173, .box_w = 10, .box_h = 10, .ofs_x = 0, .ofs_y = 0},
    {.bitmap_index = 18515, .adv_w = 167, .box_w = 9, .box_h = 10, .ofs_x = 1, .ofs_y = 0},
    {.bitmap_index = 18552, .adv_w = 190, .box_w = 11, .box_h = 14, .ofs_x = 0, .ofs_y = -4},
    {.bitmap_index = 18612, .adv_w = 166, .box_w = 10, .box_h = 14, .ofs_x = 0, .ofs_y = -4},
    {.bitmap_index = 18675, .adv_w = 190, .box_w = 11, .box_h = 14, .ofs_x = 0, .ofs_y = -4},
    {.bitmap_index = 18715, .adv_w = 241, .box_w = 13, .box_h = 10, .ofs_x = 1, .ofs_y = 0},
    {.bitmap_index = 18775, .adv_w = 97, .box_w = 6, .box_h = 14, .ofs_x = 0, .ofs_y = 0},
    {.bitmap_index = 18799, .adv_w = 167, .box_w = 9, .box_h = 14, .ofs_x = 1, .ofs_y = 0},
    {.bitmap_index = 18850, .adv_w = 176, .box_w = 10, .box_h = 15, .ofs_x = 1, .ofs_y = 0},
    {.bitmap_index = 18912, .adv_w = 167, .box_w = 9, .box_h = 15, .ofs_x = 1, .ofs_y = 0},
    {.bitmap_index = 18965, .adv_w = 241, .box_w = 13, .box_h = 15, .ofs_x = 1, .ofs_y = 0},
    {.bitmap_index = 19043, .adv_w = 182, .box_w = 10, .box_h = 17, .ofs_x = 1, .ofs_y = 0},
    {.bitmap_index = 19093, .adv_w = 182, .box_w = 10, .box_h = 16, .ofs_x = 1, .ofs_y = 0},
    {.bitmap_index = 19143, .adv_w = 226, .box_w = 14, .box_h = 17, .ofs_x = -1, .ofs_y = -4},
    {.bitmap_index = 19208, .adv_w = 176, .box_w = 9, .box_h = 17, .ofs_x = 1, .ofs_y = 0},
    {.bitmap_index = 19236, .adv_w = 201, .box_w = 11, .box_h = 13, .ofs_x = 1, .ofs_y = 0},
    {.bitmap_index = 19297, .adv_w = 183, .box_w = 10, .box_h = 13, .ofs_x = 1, .ofs_y = 0},
    {.bitmap_index = 19356, .adv_w = 85, .box_w = 3, .box_h = 13, .ofs_x = 1, .ofs_y = 0},
    {.bitmap_index = 19361, .adv_w = 85, .box_w = 6, .box_h = 16, .ofs_x = 0, .ofs_y = 0},
    {.bitmap_index = 19376, .adv_w = 85, .box_w = 5, .box_h = 17, .ofs_x = -1, .ofs_y = -4},
    {.bitmap_index = 19391, .adv_w = 315, .box_w = 19, .box_h = 13, .ofs_x = 0, .ofs_y = 0},
    {.bitmap_index = 19473, .adv_w = 301, .box_w = 17, .box_h = 13, .ofs_x = 1, .ofs_y = 0},
    {.bitmap_index = 19534, .adv_w = 226, .box_w = 14, .box_h = 13, .ofs_x = -1, .ofs_y = 0},
    {.bitmap_index = 19582, .adv_w = 204, .box_w = 12, .box_h = 17, .ofs_x = 1, .ofs_y = 0},
    {.bitmap_index = 19652, .adv_w = 215, .box_w = 11, .box_h = 17, .ofs_x = 1, .ofs_y = 0},
    {.bitmap_index = 19713, .adv_w = 176, .box_w = 11, .box_h = 17, .ofs_x = 0, .ofs_y = 0},
    {.bitmap_index = 19791, .adv_w = 217, .box_w = 11, .box_h = 16, .ofs_x = 1, .ofs_y = -3},
    {.bitmap_index = 19816, .adv_w = 197, .box_w = 13, .box_h = 13, .ofs_x = 0, .ofs_y = 0},
    {.bitmap_index = 19882, .adv_w = 198, .box_w = 11, .box_h = 13, .ofs_x = 1, .ofs_y = 0},
    {.bitmap_index = 19933, .adv_w = 198, .box_w = 11, .box_h = 13, .ofs_x = 1, .ofs_y = 0},
    {.bitmap_index = 19991, .adv_w = 176, .box_w = 9, .box_h = 13, .ofs_x = 1, .ofs_y = 0},
    {.bitmap_index = 20007, .adv_w = 225, .box_w = 14, .box_h = 16, .ofs_x = 0, .ofs_y = -3},
    {.bitmap_index = 20071, .adv_w = 182, .box_w = 10, .box_h = 13, .ofs_x = 1, .ofs_y = 0},
    {.bitmap_index = 20107, .adv_w = 310, .box_w = 20, .box_h = 13, .ofs_x = 0, .ofs_y = 0},
    {.bitmap_index = 20209, .adv_w = 185, .box_w = 10, .box_h = 13, .ofs_x = 1, .ofs_y = 0},
    {.bitmap_index = 20268, .adv_w = 215, .box_w = 11, .box_h = 13, .ofs_x = 1, .ofs_y = 0},
    {.bitmap_index = 20315, .adv_w = 215, .box_w = 11, .box_h = 17, .ofs_x = 1, .ofs_y = 0},
    {.bitmap_index = 20379, .adv_w = 204, .box_w = 12, .box_h = 13, .ofs_x = 1, .ofs_y = 0},
    {.bitmap_index = 20434, .adv_w = 217, .box_w = 12, .box_h = 13, .ofs_x = 0, .ofs_y = 0},
    {.bitmap_index = 20482, .adv_w = 248, .box_w = 13, .box_h = 13, .ofs_x = 1, .ofs_y = 0},
    {.bitmap_index = 20542, .adv_w = 217, .box_w = 11, .box_h = 13, .ofs_x = 1, .ofs_y = 0},
    {.bitmap_index = 20565, .adv_w = 227, .box_w = 13, .box_h = 13, .ofs_x = 1, .ofs_y = 0},
    {.bitmap_index = 20638, .adv_w = 217, .box_w = 11, .box_h = 13, .ofs_x = 1, .ofs_y = 0},
    {.bitmap_index = 20654, .adv_w = 174, .box_w = 10, .box_h = 13, .ofs_x = 1, .ofs_y = 0},
    {.bitmap_index = 20697, .adv_w = 201, .box_w = 11, .box_h = 13, .ofs_x = 1, .ofs_y = 0},
    {.bitmap_index = 20754, .adv_w = 176, .box_w = 13, .box_h = 13, .ofs_x = -1, .ofs_y = 0},
    {.bitmap_index = 20774, .adv_w = 176, .box_w = 11, .box_h = 13, .ofs_x = 0, .ofs_y = 0},
    {.bitmap_index = 20834, .adv_w = 248, .box_w = 14, .box_h = 13, .ofs_x = 1, .ofs_y = 0},
    {.bitmap_index = 20910, .adv_w = 197, .box_w = 12, .box_h = 13, .ofs_x = 0, .ofs_y = 0},
    {.bitmap_index = 20976, .adv_w = 224, .box_w = 13, .box_h = 16, .ofs_x = 1, .ofs_y = -3},
    {.bitmap_index = 21004, .adv_w = 197, .box_w = 10, .box_h = 13, .ofs_x = 1, .ofs_y = 0},
    {.bitmap_index = 21035, .adv_w = 308, .box_w = 17, .box_h = 13, .ofs_x = 1, .ofs_y = 0},
    {.bitmap_index = 21065, .adv_w = 315, .box_w = 18, .box_h = 16, .ofs_x = 1, .ofs_y = -3},
    {.bitmap_index = 21105, .adv_w = 240, .box_w = 14, .box_h = 13, .ofs_x = 0, .ofs_y = 0},
    {.bitmap_index = 21158, .adv_w = 254, .box_w = 14, .box_h = 13, .ofs_x = 1, .ofs_y = 0},
    {.bitmap_index = 21209, .adv_w = 198, .box_w = 11, .box_h = 13, .ofs_x = 1, .ofs_y = 0},
    {.bitmap_index = 21251, .adv_w = 201, .box_w = 12, .box_h = 13, .ofs_x = 0, .ofs_y = 0},
    {.bitmap_index = 21318, .adv_w = 311, .box_w = 18, .box_h = 13, .ofs_x = 1, .ofs_y = 0},
    {.bitmap_index = 21411, .adv_w = 200, .box_w = 10, .box_h = 13, .ofs_x = 1, .ofs_y = 0},
    {.bitmap_index = 21465, .adv_w = 176, .box_w = 9, .box_h = 10, .ofs_x = 1, .ofs_y = 0},
    {.bitmap_index = 21508, .adv_w = 178, .box_w = 11, .box_h = 15, .ofs_x = 0, .ofs_y = 0},
    {.bitmap_index = 21580, .adv_w = 170, .box_w = 9, .box_h = 10, .ofs_x = 1, .ofs_y = 0},
    {.bitmap_index = 21622, .adv_w = 151, .box_w = 8, .box_h = 10, .ofs_x = 1, .ofs_y = 0},
    {.bitmap_index = 21635, .adv_w = 199, .box_w = 12, .box_h = 13, .ofs_x = 0, .ofs_y = -3},
    {.bitmap_index = 21685, .adv_w = 177, .box_w = 10, .box_h = 10, .ofs_x = 1, .ofs_y = 0},
    {.bitmap_index = 21730, .adv_w = 259, .box_w = 16, .box_h = 10, .ofs_x = 0, .ofs_y = 0},
    {.bitmap_index = 21799, .adv_w = 153, .box_w = 8, .box_h = 10, .ofs_x = 1, .ofs_y = 0},
    {.bitmap_index = 21838, .adv_w = 187, .box_w = 10, .box_h = 10, .ofs_x = 1, .ofs_y = 0},
    {.bitmap_index = 21873, .adv_w = 187, .box_w = 10, .box_h = 14, .ofs_x = 1, .ofs_y = 0},
    {.bitmap_index = 21926, .adv_w = 174, .box_w = 10, .box_h = 10, .ofs_x = 1, .ofs_y = 0},
    {.bitmap_index = 21965, .adv_w = 184, .box_w = 11, .box_h = 10, .ofs_x = 0, .ofs_y = 0},
    {.bitmap_index = 22000, .adv_w = 217, .box_w = 11, .box_h = 10, .ofs_x = 1, .ofs_y = 0},
    {.bitmap_index = 22044, .adv_w = 188, .box_w = 10, .box_h = 10, .ofs_x = 1, .ofs_y = 0},
    {.bitmap_index = 22066, .adv_w = 176, .box_w = 10, .box_h = 10, .ofs_x = 1, .ofs_y = 0},
    {.bitmap_index = 22112, .adv_w = 188, .box_w = 10, .box_h = 10, .ofs_x = 1, .ofs_y = 0},
    {.bitmap_index = 22126, .adv_w = 183, .box_w = 10, .box_h = 14, .ofs_x = 1, .ofs_y = -4},
    {.bitmap_index = 22178, .adv_w = 158, .box_w = 8, .box_h = 10, .ofs_x = 1, .ofs_y = 0},
    {.bitmap_index = 22212, .adv_w = 168, .box_w = 10, .box_h = 10, .ofs_x = 0, .ofs_y = 0},
    {.bitmap_index = 22226, .adv_w = 170, .box_w = 11, .box_h = 14, .ofs_x = 0, .ofs_y = -4},
    {.bitmap_index = 22289, .adv_w = 246, .box_w = 15, .box_h = 17, .ofs_x = 0, .ofs_y = -4},
    {.bitmap_index = 22370, .adv_w = 170, .box_w = 11, .box_h = 10, .ofs_x = 0, .ofs_y = 0},
    {.bitmap_index = 22420, .adv_w = 196, .box_w = 11, .box_h = 13, .ofs_x = 1, .ofs_y = -3},
    {.bitmap_index = 22445, .adv_w = 170, .box_w = 8, .box_h = 10, .ofs_x = 1, .ofs_y = 0},
    {.bitmap_index = 22474, .adv_w = 264, .box_w = 14, .box_h = 10, .ofs_x = 1, .ofs_y = 0},
    {.bitmap_index = 22499, .adv_w = 271, .box_w = 16, .box_h = 13, .ofs_x = 1, .ofs_y = -3},
    {.bitmap_index = 22534, .adv_w = 203, .box_w = 12, .box_h = 10, .ofs_x = 0, .ofs_y = 0},
    {.bitmap_index = 22575, .adv_w = 227, .box_w = 12, .box_h = 10, .ofs_x = 1, .ofs_y = 0},
    {.bitmap_index = 22609, .adv_w = 170, .box_w = 9, .box_h = 10, .ofs_x = 1, .ofs_y = 0},
    {.bitmap_index = 22637, .adv_w = 158, .box_w = 8, .box_h = 10, .ofs_x = 1, .ofs_y = 0},
    {.bitmap_index = 22674, .adv_w = 242, .box_w = 14, .box_h = 10, .ofs_x = 1, .ofs_y = 0},
    {.bitmap_index = 22733, .adv_w = 173, .box_w = 9, .box_h = 10, .ofs_x = 1, .ofs_y = 0},
    {.bitmap_index = 22773, .adv_w = 177, .box_w = 10, .box_h = 15, .ofs_x = 1, .ofs_y = 0},
    {.bitmap_index = 22834, .adv_w = 177, .box_w = 10, .box_h = 14, .ofs_x = 1, .ofs_y = 0},
    {.bitmap_index = 22894, .adv_w = 180, .box_w = 11, .box_h = 18, .ofs_x = 0, .ofs_y = -4},
    {.bitmap_index = 22964, .adv_w = 151, .box_w = 8, .box_h = 15, .ofs_x = 1, .ofs_y = 0},
    {.bitmap_index = 22993, .adv_w = 158, .box_w = 8, .box_h = 10, .ofs_x = 1, .ofs_y = 0},
    {.bitmap_index = 23030, .adv_w = 150, .box_w = 9, .box_h = 10, .ofs_x = 0, .ofs_y = 0},
    {.bitmap_index = 23074, .adv_w = 80, .box_w = 3, .box_h = 14, .ofs_x = 1, .ofs_y = 0},
    {.bitmap_index = 23085, .adv_w = 80, .box_w = 7, .box_h = 14, .ofs_x = -1, .ofs_y = 0},
    {.bitmap_index = 23103, .adv_w = 80, .box_w = 5, .box_h = 18, .ofs_x = -1, .ofs_y = -4},
    {.bitmap_index = 23125, .adv_w = 260, .box_w = 16, .box_h = 10, .ofs_x = 0, .ofs_y = 0},
    {.bitmap_index = 23179, .adv_w = 259, .box_w = 15, .box_h = 10, .ofs_x = 1, .ofs_y = 0},
    {.bitmap_index = 23217, .adv_w = 188, .box_w = 11, .box_h = 14, .ofs_x = 0, .ofs_y = 0},
    {.bitmap_index = 23268, .adv_w = 174, .box_w = 10, .box_h = 15, .ofs_x = 1, .ofs_y = 0},
    {.bitmap_index = 23325, .adv_w = 187, .box_w = 10, .box_h = 15, .ofs_x = 1, .ofs_y = 0},
    {.bitmap_index = 23377, .adv_w = 170, .box_w = 11, .box_h = 18, .ofs_x = 0, .ofs_y = -4},
    {.bitmap_index = 23460, .adv_w = 188, .box_w = 10, .box_h = 13, .ofs_x = 1, .ofs_y = -3},
    {.bitmap_index = 23485, .adv_w = 176, .box_w = 9, .box_h = 16, .ofs_x = 1, .ofs_y = 0},
    {.bitmap_index = 23508, .adv_w = 151, .box_w = 8, .box_h = 13, .ofs_x = 1, .ofs_y = 0},
    {.bitmap_index = 23528, .adv_w = 93, .box_w = 4, .box_h = 5, .ofs_x = 1, .ofs_y = 0},
    {.bitmap_index = 23538, .adv_w = 92, .box_w = 4, .box_h = 12, .ofs_x = 1, .ofs_y = 0},
    {.bitmap_index = 23557, .adv_w = 153, .box_w = 8, .box_h = 14, .ofs_x = 1, .ofs_y = 0},
    {.bitmap_index = 23601, .adv_w = 135, .box_w = 7, .box_h = 9, .ofs_x = 1, .ofs_y = 0},
    {.bitmap_index = 23633, .adv_w = 80, .box_w = 7, .box_h = 18, .ofs_x = -1, .ofs_y = 0},
    {.bitmap_index = 23655, .adv_w = 80, .box_w = 4, .box_h = 18, .ofs_x = 0, .ofs_y = 0},
    {.bitmap_index = 23669, .adv_w = 139, .box_w = 9, .box_h = 16, .ofs_x = -1, .ofs_y = -5},
    {.bitmap_index = 23733, .adv_w = 80, .box_w = 4, .box_h = 18, .ofs_x = 0, .ofs_y = -4},
    {.bitmap_index = 23746, .adv_w = 225, .box_w = 12, .box_h = 13, .ofs_x = 1, .ofs_y = -3},
    {.bitmap_index = 23816, .adv_w = 80, .box_w = 3, .box_h = 14, .ofs_x = 1, .ofs_y = 0},
    {.bitmap_index = 23821, .adv_w = 271, .box_w = 15, .box_h = 10, .ofs_x = 1, .ofs_y = -4},
    {.bitmap_index = 23872, .adv_w = 151, .box_w = 8, .box_h = 11, .ofs_x = 1, .ofs_y = 0},
    {.bitmap_index = 23912, .adv_w = 271, .box_w = 15, .box_h = 8, .ofs_x = 1, .ofs_y = 0},
    {.bitmap_index = 23960, .adv_w = 271, .box_w = 15, .box_h = 10, .ofs_x = 1, .ofs_y = 0},
    {.bitmap_index = 24016, .adv_w = 186, .box_w = 11, .box_h = 13, .ofs_x = 1, .ofs_y = -5},
    {.bitmap_index = 24081, .adv_w = 186, .box_w = 11, .box_h = 14, .ofs_x = 1, .ofs_y = -5},
    {.bitmap_index = 24143, .adv_w = 186, .box_w = 11, .box_h = 17, .ofs_x = 1, .ofs_y = -5},
    {.bitmap_index = 24213, .adv_w = 128, .box_w = 6, .box_h = 8, .ofs_x = 1, .ofs_y = 0},
    {.bitmap_index = 24236, .adv_w = 128, .box_w = 6, .box_h = 12, .ofs_x = 1, .ofs_y = 0},
    {.bitmap_index = 24269, .adv_w = 139, .box_w = 9, .box_h = 9, .ofs_x = -1, .ofs_y = -4},
    {.bitmap_index = 24302, .adv_w = 139, .box_w = 9, .box_h = 14, .ofs_x = -1, .ofs_y = -4},
    {.bitmap_index = 24346, .adv_w = 352, .box_w = 20, .box_h = 11, .ofs_x = 1, .ofs_y = -4},
    {.bitmap_index = 24429, .adv_w = 352, .box_w = 20, .box_h = 16, .ofs_x = 1, .ofs_y = -4},
    {.bitmap_index = 24536, .adv_w = 348, .box_w = 20, .box_h = 12, .ofs_x = 1, .ofs_y = -5},
    {.bitmap_index = 24628, .adv_w = 348, .box_w = 20, .box_h = 14, .ofs_x = 1, .ofs_y = -5},
    {.bitmap_index = 24728, .adv_w = 266, .box_w = 15, .box_h = 14, .ofs_x = 1, .ofs_y = 0},
    {.bitmap_index = 24780, .adv_w = 266, .box_w = 15, .box_h = 14, .ofs_x = 1, .ofs_y = 0},
    {.bitmap_index = 24839, .adv_w = 172, .box_w = 10, .box_h = 15, .ofs_x = 1, .ofs_y = -5},
    {.bitmap_index = 24903, .adv_w = 172, .box_w = 10, .box_h = 18, .ofs_x = 1, .ofs_y = -5},
    {.bitmap_index = 24976, .adv_w = 84, .box_w = 7, .box_h = 2, .ofs_x = -1, .ofs_y = 0},
    {.bitmap_index = 24981, .adv_w = 299, .box_w = 17, .box_h = 13, .ofs_x = 1, .ofs_y = -1},
    {.bitmap_index = 25056, .adv_w = 223, .box_w = 13, .box_h = 16, .ofs_x = 0, .ofs_y = -4},
    {.bitmap_index = 25137, .adv_w = 237, .box_w = 12, .box_h = 14, .ofs_x = 1, .ofs_y = 0},
    {.bitmap_index = 25190, .adv_w = 209, .box_w = 11, .box_h = 17, .ofs_x = 1, .ofs_y = -3},
    {.bitmap_index = 25232, .adv_w = 178, .box_w = 9, .box_h = 11, .ofs_x = 1, .ofs_y = -4},
    {.bitmap_index = 25267, .adv_w = 212, .box_w = 11, .box_h = 12, .ofs_x = 1, .ofs_y = -3},
    {.bitmap_index = 25318, .adv_w = 151, .box_w = 8, .box_h = 7, .ofs_x = 1, .ofs_y = 0},
    {.bitmap_index = 25346, .adv_w = 139, .box_w = 9, .box_h = 11, .ofs_x = -1, .ofs_y = -5},
    {.bitmap_index = 25393, .adv_w = 225, .box_w = 12, .box_h = 11, .ofs_x = 1, .ofs_y = -3},
    {.bitmap_index = 25450, .adv_w = 225, .box_w = 12, .box_h = 13, .ofs_x = 1, .ofs_y = -5},
    {.bitmap_index = 25515, .adv_w = 0, .box_w = 7, .box_h = 5, .ofs_x = 1, .ofs_y = 10},
    {.bitmap_index = 25534, .adv_w = 0, .box_w = 7, .box_h = 5, .ofs_x = 1, .ofs_y = 11},
    {.bitmap_index = 25552, .adv_w = 0, .box_w = 7, .box_h = 5, .ofs_x = 1, .ofs_y = -5},
    {.bitmap_index = 25571, .adv_w = 0, .box_w = 7, .box_h = 3, .ofs_x = 1, .ofs_y = 10},
    {.bitmap_index = 25582, .adv_w = 0, .box_w = 7, .box_h = 5, .ofs_x = 1, .ofs_y = 11},
    {.bitmap_index = 25600, .adv_w = 0, .box_w = 7, .box_h = 3, .ofs_x = 1, .ofs_y = -3},
    {.bitmap_index = 25611, .adv_w = 0, .box_w = 7, .box_h = 5, .ofs_x = 1, .ofs_y = 11},
    {.bitmap_index = 25629, .adv_w = 0, .box_w = 5, .box_h = 6, .ofs_x = 2, .ofs_y = 10},
    {.bitmap_index = 25644, .adv_w = 155, .box_w = 3, .box_h = 3, .ofs_x = 3, .ofs_y = 4},
    {.bitmap_index = 25649, .adv_w = 155, .box_w = 5, .box_h = 12, .ofs_x = 2, .ofs_y = 0},
    {.bitmap_index = 25678, .adv_w = 155, .box_w = 9, .box_h = 12, .ofs_x = 0, .ofs_y = 0},
    {.bitmap_index = 25721, .adv_w = 155, .box_w = 10, .box_h = 12, .ofs_x = 0, .ofs_y = 0},
    {.bitmap_index = 25768, .adv_w = 155, .box_w = 8, .box_h = 12, .ofs_x = 1, .ofs_y = 0},
    {.bitmap_index = 25812, .adv_w = 155, .box_w = 8, .box_h = 12, .ofs_x = 1, .ofs_y = 0},
    {.bitmap_index = 25859, .adv_w = 155, .box_w = 9, .box_h = 12, .ofs_x = 0, .ofs_y = 0},
    {.bitmap_index = 25901, .adv_w = 155, .box_w = 10, .box_h = 12, .ofs_x = 0, .ofs_y = 0},
    {.bitmap_index = 25953, .adv_w = 155, .box_w = 10, .box_h = 12, .ofs_x = 0, .ofs_y = 0},
    {.bitmap_index = 26002, .adv_w = 155, .box_w = 9, .box_h = 12, .ofs_x = 0, .ofs_y = 0},
    {.bitmap_index = 26050, .adv_w = 271, .box_w = 15, .box_h = 11, .ofs_x = 1, .ofs_y = -5},
    {.bitmap_index = 26110, .adv_w = 186, .box_w = 11, .box_h = 14, .ofs_x = 1, .ofs_y = -6},
    {.bitmap_index = 26184, .adv_w = 139, .box_w = 9, .box_h = 16, .ofs_x = -1, .ofs_y = -4},
    {.bitmap_index = 26236, .adv_w = 258, .box_w = 16, .box_h = 15, .ofs_x = 1, .ofs_y = -1},
    {.bitmap_index = 26320, .adv_w = 258, .box_w = 16, .box_h = 17, .ofs_x = 1, .ofs_y = -1},
    {.bitmap_index = 26417, .adv_w = 225, .box_w = 12, .box_h = 11, .ofs_x = 1, .ofs_y = -3},
    {.bitmap_index = 26474, .adv_w = 144, .box_w = 9, .box_h = 3, .ofs_x = 0, .ofs_y = 3},
    {.bitmap_index = 26482, .adv_w = 288, .box_w = 18, .box_h = 3, .ofs_x = 0, .ofs_y = 3},
    {.bitmap_index = 26494, .adv_w = 92, .box_w = 4, .box_h = 5, .ofs_x = 1, .ofs_y = 8},
    {.bitmap_index = 26505, .adv_w = 92, .box_w = 4, .box_h = 5, .ofs_x = 1, .ofs_y = 8},
    {.bitmap_index = 26515, .adv_w = 92, .box_w = 4, .box_h = 5, .ofs_x = 1, .ofs_y = -2},
    {.bitmap_index = 26525, .adv_w = 149, .box_w = 7, .box_h = 5, .ofs_x = 1, .ofs_y = 8},
    {.bitmap_index = 26543, .adv_w = 149, .box_w = 7, .box_h = 5, .ofs_x = 1, .ofs_y = 8},
    {.bitmap_index = 26560, .adv_w = 149, .box_w = 7, .box_h = 5, .ofs_x = 1, .ofs_y = -2},
    {.bitmap_index = 26577, .adv_w = 170, .box_w = 6, .box_h = 6, .ofs_x = 2, .ofs_y = 4},
    {.bitmap_index = 26594, .adv_w = 288, .box_w = 14, .box_h = 3, .ofs_x = 2, .ofs_y = 0},
    {.bitmap_index = 26610, .adv_w = 241, .box_w = 15, .box_h = 9, .ofs_x = 0, .ofs_y = 1},
    {.bitmap_index = 26652, .adv_w = 241, .box_w = 9, .box_h = 14, .ofs_x = 3, .ofs_y = 0},
    {.bitmap_index = 26682, .adv_w = 241, .box_w = 14, .box_h = 9, .ofs_x = 1, .ofs_y = 1},
    {.bitmap_index = 26721, .adv_w = 241, .box_w = 9, .box_h = 15, .ofs_x = 3, .ofs_y = -1},
    {.bitmap_index = 26753, .adv_w = 416, .box_w = 24, .box_h = 14, .ofs_x = 1, .ofs_y = 0},
    {.bitmap_index = 26889, .adv_w = 221, .box_w = 14, .box_h = 15, .ofs_x = 0, .ofs_y = -3},
    {.bitmap_index = 26955, .adv_w = 258, .box_w = 16, .box_h = 14, .ofs_x = 0, .ofs_y = 0},
    {.bitmap_index = 27035, .adv_w = 241, .box_w = 11, .box_h = 11, .ofs_x = 2, .ofs_y = 1},
    {.bitmap_index = 27078, .adv_w = 241, .box_w = 11, .box_h = 15, .ofs_x = 2, .ofs_y = -1},
    {.bitmap_index = 27148, .adv_w = 288, .box_w = 18, .box_h = 19, .ofs_x = 0, .ofs_y = -3},
    {.bitmap_index = 27269, .adv_w = 324, .box_w = 21, .box_h = 17, .ofs_x = 0, .ofs_y = -2},
    {.bitmap_index = 27388, .adv_w = 288, .box_w = 18, .box_h = 19, .ofs_x = 0, .ofs_y = -3},
    {.bitmap_index = 27511, .adv_w = 216, .box_w = 14, .box_h = 19, .ofs_x = 0, .ofs_y = -3},
    {.bitmap_index = 27591, .adv_w = 288, .box_w = 18, .box_h = 19, .ofs_x = 0, .ofs_y = -3},
    {.bitmap_index = 27758, .adv_w = 324, .box_w = 21, .box_h = 20, .ofs_x = 0, .ofs_y = -3},
    {.bitmap_index = 27892, .adv_w = 288, .box_w = 18, .box_h = 17, .ofs_x = 0, .ofs_y = -2},
    {.bitmap_index = 27999, .adv_w = 288, .box_w = 18, .box_h = 19, .ofs_x = 0, .ofs_y = -3},
    {.bitmap_index = 28139, .adv_w = 288, .box_w = 19, .box_h = 17, .ofs_x = 0, .ofs_y = -2},
    {.bitmap_index = 28244, .adv_w = 288, .box_w = 19, .box_h = 21, .ofs_x = -1, .ofs_y = -4},
    {.bitmap_index = 28382, .adv_w = 252, .box_w = 16, .box_h = 19, .ofs_x = 0, .ofs_y = -3},
    {.bitmap_index = 28502, .adv_w = 288, .box_w = 18, .box_h = 19, .ofs_x = 0, .ofs_y = -3},
    {.bitmap_index = 28649, .adv_w = 271, .box_w = 15, .box_h = 11, .ofs_x = 1, .ofs_y = -5},
    {.bitmap_index = 28709, .adv_w = 283, .box_w = 17, .box_h = 11, .ofs_x = 1, .ofs_y = -5},
    {.bitmap_index = 28779, .adv_w = 80, .box_w = 6, .box_h = 11, .ofs_x = -1, .ofs_y = -5},
    {.bitmap_index = 28811, .adv_w = 87, .box_w = 7, .box_h = 11, .ofs_x = -1, .ofs_y = -5},
    {.bitmap_index = 28846, .adv_w = 186, .box_w = 11, .box_h = 14, .ofs_x = 1, .ofs_y = -6},
    {.bitmap_index = 28920, .adv_w = 186, .box_w = 11, .box_h = 14, .ofs_x = 1, .ofs_y = -5},
    {.bitmap_index = 28995, .adv_w = 178, .box_w = 11, .box_h = 12, .ofs_x = -1, .ofs_y = -4},
    {.bitmap_index = 29052, .adv_w = 186, .box_w = 13, .box_h = 12, .ofs_x = -1, .ofs_y = -4},
    {.bitmap_index = 29117, .adv_w = 139, .box_w = 9, .box_h = 16, .ofs_x = -1, .ofs_y = -4},
    {.bitmap_index = 29169, .adv_w = 159, .box_w = 12, .box_h = 16, .ofs_x = -1, .ofs_y = -5},
    {.bitmap_index = 29232, .adv_w = 258, .box_w = 16, .box_h = 15, .ofs_x = 1, .ofs_y = -1},
    {.bitmap_index = 29316, .adv_w = 258, .box_w = 17, .box_h = 15, .ofs_x = 1, .ofs_y = -1},
    {.bitmap_index = 29409, .adv_w = 137, .box_w = 10, .box_h = 14, .ofs_x = -1, .ofs_y = 0},
    {.bitmap_index = 29463, .adv_w = 159, .box_w = 12, .box_h = 14, .ofs_x = -1, .ofs_y = 0},
    {.bitmap_index = 29524, .adv_w = 258, .box_w = 16, .box_h = 17, .ofs_x = 1, .ofs_y = -1},
    {.bitmap_index = 29621, .adv_w = 258, .box_w = 17, .box_h = 18, .ofs_x = 1, .ofs_y = -1},
    {.bitmap_index = 29732, .adv_w = 137, .box_w = 10, .box_h = 17, .ofs_x = -1, .ofs_y = 0},
    {.bitmap_index = 29799, .adv_w = 159, .box_w = 12, .box_h = 17, .ofs_x = -1, .ofs_y = 0},
    {.bitmap_index = 29873, .adv_w = 225, .box_w = 12, .box_h = 11, .ofs_x = 1, .ofs_y = -3},
    {.bitmap_index = 29930, .adv_w = 240, .box_w = 15, .box_h = 8, .ofs_x = 1, .ofs_y = -3},
    {.bitmap_index = 29981, .adv_w = 80, .box_w = 6, .box_h = 9, .ofs_x = -1, .ofs_y = -3},
    {.bitmap_index = 30007, .adv_w = 87, .box_w = 7, .box_h = 9, .ofs_x = -1, .ofs_y = -3},
    {.bitmap_index = 30035, .adv_w = 84, .box_w = 6, .box_h = 5, .ofs_x = 0, .ofs_y = 10},
    {.bitmap_index = 30051, .adv_w = 84, .box_w = 7, .box_h = 15, .ofs_x = -1, .ofs_y = 0},
    {.bitmap_index = 30078, .adv_w = 84, .box_w = 6, .box_h = 5, .ofs_x = 0, .ofs_y = 11},
    {.bitmap_index = 30094, .adv_w = 75, .box_w = 5, .box_h = 3, .ofs_x = 0, .ofs_y = 0},
    {.bitmap_index = 30102, .adv_w = 84, .box_w = 6, .box_h = 5, .ofs_x = 0, .ofs_y = -5},
    {.bitmap_index = 30117, .adv_w = 84, .box_w = 6, .box_h = 3, .ofs_x = 0, .ofs_y = 10},
    {.bitmap_index = 30127, .adv_w = 84, .box_w = 7, .box_h = 13, .ofs_x = -1, .ofs_y = 0},
    {.bitmap_index = 30147, .adv_w = 84, .box_w = 6, .box_h = 5, .ofs_x = 0, .ofs_y = 11},
    {.bitmap_index = 30163, .adv_w = 84, .box_w = 7, .box_h = 16, .ofs_x = -1, .ofs_y = 0},
    {.bitmap_index = 30190, .adv_w = 84, .box_w = 6, .box_h = 3, .ofs_x = 0, .ofs_y = -3},
    {.bitmap_index = 30199, .adv_w = 84, .box_w = 7, .box_h = 5, .ofs_x = -1, .ofs_y = -3},
    {.bitmap_index = 30215, .adv_w = 84, .box_w = 7, .box_h = 5, .ofs_x = -1, .ofs_y = 11},
    {.bitmap_index = 30233, .adv_w = 84, .box_w = 7, .box_h = 16, .ofs_x = -1, .ofs_y = 0},
    {.bitmap_index = 30261, .adv_w = 84, .box_w = 6, .box_h = 6, .ofs_x = 0, .ofs_y = 10},
    {.bitmap_index = 30280, .adv_w = 84, .box_w = 7, .box_h = 16, .ofs_x = -1, .ofs_y = 0},
    {.bitmap_index = 30312, .adv_w = 135, .box_w = 7, .box_h = 9, .ofs_x = 1, .ofs_y = 0},
    {.bitmap_index = 30344, .adv_w = 80, .box_w = 7, .box_h = 18, .ofs_x = -1, .ofs_y = 0},
    {.bitmap_index = 30366, .adv_w = 88, .box_w = 7, .box_h = 18, .ofs_x = -1, .ofs_y = 0},
    {.bitmap_index = 30393, .adv_w = 80, .box_w = 4, .box_h = 19, .ofs_x = 0, .ofs_y = 0},
    {.bitmap_index = 30409, .adv_w = 88, .box_w = 6, .box_h = 19, .ofs_x = 0, .ofs_y = 0},
    {.bitmap_index = 30437, .adv_w = 139, .box_w = 9, .box_h = 16, .ofs_x = -1, .ofs_y = -5},
    {.bitmap_index = 30501, .adv_w = 149, .box_w = 11, .box_h = 16, .ofs_x = -1, .ofs_y = -5},
    {.bitmap_index = 30573, .adv_w = 80, .box_w = 4, .box_h = 18, .ofs_x = 0, .ofs_y = -4},
    {.bitmap_index = 30586, .adv_w = 88, .box_w = 6, .box_h = 18, .ofs_x = 0, .ofs_y = -4},
    {.bitmap_index = 30612, .adv_w = 225, .box_w = 12, .box_h = 13, .ofs_x = 1, .ofs_y = -3},
    {.bitmap_index = 30682, .adv_w = 240, .box_w = 15, .box_h = 11, .ofs_x = 1, .ofs_y = -3},
    {.bitmap_index = 30749, .adv_w = 80, .box_w = 6, .box_h = 11, .ofs_x = -1, .ofs_y = 0},
    {.bitmap_index = 30780, .adv_w = 87, .box_w = 7, .box_h = 11, .ofs_x = -1, .ofs_y = 0},
    {.bitmap_index = 30812, .adv_w = 80, .box_w = 3, .box_h = 14, .ofs_x = 1, .ofs_y = 0},
    {.bitmap_index = 30817, .adv_w = 88, .box_w = 5, .box_h = 14, .ofs_x = 1, .ofs_y = 0},
    {.bitmap_index = 30830, .adv_w = 271, .box_w = 15, .box_h = 10, .ofs_x = 1, .ofs_y = -4},
    {.bitmap_index = 30881, .adv_w = 283, .box_w = 17, .box_h = 10, .ofs_x = 1, .ofs_y = -4},
    {.bitmap_index = 30941, .adv_w = 80, .box_w = 5, .box_h = 9, .ofs_x = -1, .ofs_y = -3},
    {.bitmap_index = 30963, .adv_w = 87, .box_w = 7, .box_h = 9, .ofs_x = -1, .ofs_y = -3},
    {.bitmap_index = 30990, .adv_w = 151, .box_w = 8, .box_h = 11, .ofs_x = 1, .ofs_y = 0},
    {.bitmap_index = 31030, .adv_w = 154, .box_w = 9, .box_h = 10, .ofs_x = 1, .ofs_y = 0},
    {.bitmap_index = 31069, .adv_w = 271, .box_w = 15, .box_h = 8, .ofs_x = 1, .ofs_y = 0},
    {.bitmap_index = 31117, .adv_w = 283, .box_w = 17, .box_h = 8, .ofs_x = 1, .ofs_y = 0},
    {.bitmap_index = 31171, .adv_w = 80, .box_w = 6, .box_h = 10, .ofs_x = -1, .ofs_y = 0},
    {.bitmap_index = 31200, .adv_w = 87, .box_w = 7, .box_h = 10, .ofs_x = -1, .ofs_y = 0},
    {.bitmap_index = 31230, .adv_w = 271, .box_w = 15, .box_h = 10, .ofs_x = 1, .ofs_y = 0},
    {.bitmap_index = 31286, .adv_w = 283, .box_w = 17, .box_h = 10, .ofs_x = 1, .ofs_y = 0},
    {.bitmap_index = 31348, .adv_w = 80, .box_w = 6, .box_h = 12, .ofs_x = -1, .ofs_y = 0},
    {.bitmap_index = 31382, .adv_w = 87, .box_w = 7, .box_h = 12, .ofs_x = -1, .ofs_y = 0},
    {.bitmap_index = 31418, .adv_w = 186, .box_w = 11, .box_h = 13, .ofs_x = 1, .ofs_y = -5},
    {.bitmap_index = 31483, .adv_w = 186, .box_w = 11, .box_h = 14, .ofs_x = 1, .ofs_y = -5},
    {.bitmap_index = 31557, .adv_w = 178, .box_w = 11, .box_h = 10, .ofs_x = -1, .ofs_y = -3},
    {.bitmap_index = 31604, .adv_w = 186, .box_w = 13, .box_h = 10, .ofs_x = -1, .ofs_y = -3},
    {.bitmap_index = 31659, .adv_w = 186, .box_w = 11, .box_h = 14, .ofs_x = 1, .ofs_y = -5},
    {.bitmap_index = 31721, .adv_w = 186, .box_w = 11, .box_h = 14, .ofs_x = 1, .ofs_y = -5},
    {.bitmap_index = 31791, .adv_w = 178, .box_w = 11, .box_h = 7, .ofs_x = -1, .ofs_y = 0},
    {.bitmap_index = 31827, .adv_w = 186, .box_w = 13, .box_h = 7, .ofs_x = -1, .ofs_y = 0},
    {.bitmap_index = 31868, .adv_w = 186, .box_w = 11, .box_h = 17, .ofs_x = 1, .ofs_y = -5},
    {.bitmap_index = 31938, .adv_w = 186, .box_w = 11, .box_h = 16, .ofs_x = 1, .ofs_y = -5},
    {.bitmap_index = 32013, .adv_w = 178, .box_w = 11, .box_h = 11, .ofs_x = -1, .ofs_y = 0},
    {.bitmap_index = 32060, .adv_w = 186, .box_w = 13, .box_h = 11, .ofs_x = -1, .ofs_y = 0},
    {.bitmap_index = 32112, .adv_w = 128, .box_w = 6, .box_h = 8, .ofs_x = 1, .ofs_y = 0},
    {.bitmap_index = 32135, .adv_w = 151, .box_w = 9, .box_h = 8, .ofs_x = 1, .ofs_y = 0},
    {.bitmap_index = 32164, .adv_w = 128, .box_w = 6, .box_h = 12, .ofs_x = 1, .ofs_y = 0},
    {.bitmap_index = 32197, .adv_w = 151, .box_w = 9, .box_h = 12, .ofs_x = 1, .ofs_y = 0},
    {.bitmap_index = 32237, .adv_w = 139, .box_w = 9, .box_h = 9, .ofs_x = -1, .ofs_y = -4},
    {.bitmap_index = 32270, .adv_w = 159, .box_w = 12, .box_h = 10, .ofs_x = -1, .ofs_y = -5},
    {.bitmap_index = 32314, .adv_w = 139, .box_w = 9, .box_h = 14, .ofs_x = -1, .ofs_y = -4},
    {.bitmap_index = 32358, .adv_w = 159, .box_w = 12, .box_h = 14, .ofs_x = -1, .ofs_y = -5},
    {.bitmap_index = 32412, .adv_w = 352, .box_w = 20, .box_h = 11, .ofs_x = 1, .ofs_y = -4},
    {.bitmap_index = 32495, .adv_w = 367, .box_w = 23, .box_h = 11, .ofs_x = 1, .ofs_y = -4},
    {.bitmap_index = 32588, .adv_w = 241, .box_w = 15, .box_h = 7, .ofs_x = -1, .ofs_y = 0},
    {.bitmap_index = 32632, .adv_w = 257, .box_w = 18, .box_h = 7, .ofs_x = -1, .ofs_y = 0},
    {.bitmap_index = 32683, .adv_w = 352, .box_w = 20, .box_h = 16, .ofs_x = 1, .ofs_y = -4},
    {.bitmap_index = 32790, .adv_w = 367, .box_w = 23, .box_h = 16, .ofs_x = 1, .ofs_y = -4},
    {.bitmap_index = 32908, .adv_w = 241, .box_w = 15, .box_h = 12, .ofs_x = -1, .ofs_y = 0},
    {.bitmap_index = 32978, .adv_w = 257, .box_w = 18, .box_h = 12, .ofs_x = -1, .ofs_y = 0},
    {.bitmap_index = 33057, .adv_w = 348, .box_w = 20, .box_h = 12, .ofs_x = 1, .ofs_y = -5},
    {.bitmap_index = 33149, .adv_w = 353, .box_w = 22, .box_h = 12, .ofs_x = 1, .ofs_y = -5},
    {.bitmap_index = 33251, .adv_w = 245, .box_w = 15, .box_h = 7, .ofs_x = -1, .ofs_y = 0},
    {.bitmap_index = 33299, .adv_w = 250, .box_w = 17, .box_h = 7, .ofs_x = -1, .ofs_y = 0},
    {.bitmap_index = 33351, .adv_w = 348, .box_w = 20, .box_h = 14, .ofs_x = 1, .ofs_y = -5},
    {.bitmap_index = 33451, .adv_w = 353, .box_w = 22, .box_h = 14, .ofs_x = 1, .ofs_y = -5},
    {.bitmap_index = 33560, .adv_w = 245, .box_w = 15, .box_h = 9, .ofs_x = -1, .ofs_y = 0},
    {.bitmap_index = 33616, .adv_w = 250, .box_w = 17, .box_h = 9, .ofs_x = -1, .ofs_y = 0},
    {.bitmap_index = 33676, .adv_w = 266, .box_w = 15, .box_h = 14, .ofs_x = 1, .ofs_y = 0},
    {.bitmap_index = 33728, .adv_w = 273, .box_w = 17, .box_h = 14, .ofs_x = 1, .ofs_y = 0},
    {.bitmap_index = 33785, .adv_w = 229, .box_w = 15, .box_h = 14, .ofs_x = -1, .ofs_y = 0},
    {.bitmap_index = 33836, .adv_w = 236, .box_w = 16, .box_h = 14, .ofs_x = -1, .ofs_y = 0},
    {.bitmap_index = 33889, .adv_w = 266, .box_w = 15, .box_h = 14, .ofs_x = 1, .ofs_y = 0},
    {.bitmap_index = 33948, .adv_w = 273, .box_w = 17, .box_h = 14, .ofs_x = 1, .ofs_y = 0},
    {.bitmap_index = 34013, .adv_w = 229, .box_w = 15, .box_h = 14, .ofs_x = -1, .ofs_y = 0},
    {.bitmap_index = 34071, .adv_w = 236, .box_w = 16, .box_h = 14, .ofs_x = -1, .ofs_y = 0},
    {.bitmap_index = 34132, .adv_w = 172, .box_w = 10, .box_h = 15, .ofs_x = 1, .ofs_y = -5},
    {.bitmap_index = 34196, .adv_w = 153, .box_w = 10, .box_h = 12, .ofs_x = 1, .ofs_y = -5},
    {.bitmap_index = 34253, .adv_w = 172, .box_w = 10, .box_h = 10, .ofs_x = -1, .ofs_y = 0},
    {.bitmap_index = 34295, .adv_w = 139, .box_w = 10, .box_h = 7, .ofs_x = -1, .ofs_y = 0},
    {.bitmap_index = 34328, .adv_w = 172, .box_w = 10, .box_h = 18, .ofs_x = 1, .ofs_y = -5},
    {.bitmap_index = 34401, .adv_w = 153, .box_w = 10, .box_h = 16, .ofs_x = 1, .ofs_y = -5},
    {.bitmap_index = 34469, .adv_w = 151, .box_w = 10, .box_h = 13, .ofs_x = -1, .ofs_y = 0},
    {.bitmap_index = 34520, .adv_w = 139, .box_w = 10, .box_h = 11, .ofs_x = -1, .ofs_y = 0},
    {.bitmap_index = 34565, .adv_w = 299, .box_w = 17, .box_h = 13, .ofs_x = 1, .ofs_y = -1},
    {.bitmap_index = 34640, .adv_w = 298, .box_w = 18, .box_h = 12, .ofs_x = 1, .ofs_y = -1},
    {.bitmap_index = 34712, .adv_w = 138, .box_w = 9, .box_h = 12, .ofs_x = -1, .ofs_y = 0},
    {.bitmap_index = 34758, .adv_w = 146, .box_w = 11, .box_h = 11, .ofs_x = -1, .ofs_y = 0},
    {.bitmap_index = 34804, .adv_w = 223, .box_w = 13, .box_h = 16, .ofs_x = 0, .ofs_y = -4},
    {.bitmap_index = 34885, .adv_w = 240, .box_w = 16, .box_h = 15, .ofs_x = 0, .ofs_y = -5},
    {.bitmap_index = 34975, .adv_w = 138, .box_w = 9, .box_h = 12, .ofs_x = -1, .ofs_y = 0},
    {.bitmap_index = 35023, .adv_w = 146, .box_w = 11, .box_h = 11, .ofs_x = -1, .ofs_y = 0},
    {.bitmap_index = 35073, .adv_w = 237, .box_w = 12, .box_h = 14, .ofs_x = 1, .ofs_y = 0},
    {.bitmap_index = 35126, .adv_w = 243, .box_w = 15, .box_h = 14, .ofs_x = 1, .ofs_y = 0},
    {.bitmap_index = 35188, .adv_w = 137, .box_w = 10, .box_h = 14, .ofs_x = -1, .ofs_y = 0},
    {.bitmap_index = 35242, .adv_w = 159, .box_w = 12, .box_h = 14, .ofs_x = -1, .ofs_y = 0},
    {.bitmap_index = 35303, .adv_w = 209, .box_w = 11, .box_h = 17, .ofs_x = 1, .ofs_y = -3},
    {.bitmap_index = 35345, .adv_w = 218, .box_w = 13, .box_h = 17, .ofs_x = 1, .ofs_y = -3},
    {.bitmap_index = 35392, .adv_w = 88, .box_w = 5, .box_h = 14, .ofs_x = -1, .ofs_y = 0},
    {.bitmap_index = 35404, .adv_w = 95, .box_w = 8, .box_h = 14, .ofs_x = -1, .ofs_y = 0},
    {.bitmap_index = 35423, .adv_w = 178, .box_w = 9, .box_h = 11, .ofs_x = 1, .ofs_y = -4},
    {.bitmap_index = 35458, .adv_w = 192, .box_w = 12, .box_h = 11, .ofs_x = 1, .ofs_y = -5},
    {.bitmap_index = 35503, .adv_w = 154, .box_w = 10, .box_h = 6, .ofs_x = -1, .ofs_y = 0},
    {.bitmap_index = 35532, .adv_w = 167, .box_w = 12, .box_h = 6, .ofs_x = -1, .ofs_y = 0},
    {.bitmap_index = 35564, .adv_w = 212, .box_w = 11, .box_h = 12, .ofs_x = 1, .ofs_y = -3},
    {.bitmap_index = 35615, .adv_w = 219, .box_w = 13, .box_h = 12, .ofs_x = 1, .ofs_y = -5},
    {.bitmap_index = 35676, .adv_w = 80, .box_w = 5, .box_h = 10, .ofs_x = -1, .ofs_y = 0},
    {.bitmap_index = 35700, .adv_w = 87, .box_w = 7, .box_h = 10, .ofs_x = -1, .ofs_y = 0},
    {.bitmap_index = 35727, .adv_w = 151, .box_w = 8, .box_h = 7, .ofs_x = 1, .ofs_y = 0},
    {.bitmap_index = 35755, .adv_w = 154, .box_w = 9, .box_h = 7, .ofs_x = 1, .ofs_y = 0},
    {.bitmap_index = 35785, .adv_w = 152, .box_w = 10, .box_h = 10, .ofs_x = -1, .ofs_y = 0},
    {.bitmap_index = 35829, .adv_w = 133, .box_w = 10, .box_h = 12, .ofs_x = -1, .ofs_y = -5},
    {.bitmap_index = 35882, .adv_w = 139, .box_w = 9, .box_h = 11, .ofs_x = -1, .ofs_y = -5},
    {.bitmap_index = 35929, .adv_w = 149, .box_w = 11, .box_h = 11, .ofs_x = -1, .ofs_y = -5},
    {.bitmap_index = 35981, .adv_w = 225, .box_w = 12, .box_h = 11, .ofs_x = 1, .ofs_y = -3},
    {.bitmap_index = 36038, .adv_w = 240, .box_w = 15, .box_h = 8, .ofs_x = 1, .ofs_y = -3},
    {.bitmap_index = 36089, .adv_w = 225, .box_w = 12, .box_h = 13, .ofs_x = 1, .ofs_y = -5},
    {.bitmap_index = 36154, .adv_w = 240, .box_w = 15, .box_h = 10, .ofs_x = 1, .ofs_y = -5},
    {.bitmap_index = 36215, .adv_w = 80, .box_w = 6, .box_h = 9, .ofs_x = -1, .ofs_y = -3},
    {.bitmap_index = 36241, .adv_w = 87, .box_w = 7, .box_h = 9, .ofs_x = -1, .ofs_y = -3},
    {.bitmap_index = 36269, .adv_w = 164, .box_w = 11, .box_h = 17, .ofs_x = -2, .ofs_y = 0},
    {.bitmap_index = 36338, .adv_w = 172, .box_w = 13, .box_h = 17, .ofs_x = -2, .ofs_y = 0},
    {.bitmap_index = 36414, .adv_w = 164, .box_w = 10, .box_h = 17, .ofs_x = -1, .ofs_y = 0},
    {.bitmap_index = 36478, .adv_w = 172, .box_w = 12, .box_h = 17, .ofs_x = -1, .ofs_y = 0},
    {.bitmap_index = 36549, .adv_w = 164, .box_w = 9, .box_h = 18, .ofs_x = 0, .ofs_y = -4},
    {.bitmap_index = 36614, .adv_w = 172, .box_w = 11, .box_h = 18, .ofs_x = 0, .ofs_y = -4},
    {.bitmap_index = 36687, .adv_w = 164, .box_w = 9, .box_h = 14, .ofs_x = 0, .ofs_y = 0},
    {.bitmap_index = 36737, .adv_w = 172, .box_w = 11, .box_h = 14, .ofs_x = 0, .ofs_y = 0}
};

/*---------------------
 *  CHARACTER MAPPING
 *--------------------*/

static const uint8_t glyph_id_ofs_list_2[] = {
    0, 1, 2, 3, 4, 5, 6, 0,
    7
};

static const uint16_t unicode_list_6[] = {
    0x0, 0x1, 0x17c, 0x18b, 0x18f
};

static const uint16_t unicode_list_10[] = {
    0x0, 0x8, 0x1a, 0x2b, 0x31, 0x4e, 0x1995, 0x1996,
    0x199a, 0x199b, 0x199c, 0x199e, 0x199f, 0x19a0, 0x19a4, 0x19a8,
    0x1b12, 0x1b13, 0x1b14, 0x1b15, 0x1caa, 0x1f38, 0x2022, 0x2095,
    0x2099, 0xe9dc, 0xea6f, 0xeab0, 0xeade, 0xeb4f, 0xeb5a, 0xeb60,
    0xec5d, 0xec77, 0xec7b, 0xef12, 0xef7f, 0xf4d8, 0xf4d9, 0xf4da,
    0xf4db, 0xf4fc, 0xf4fd, 0xf4fe, 0xf4ff, 0xf50c, 0xf50d, 0xf510,
    0xf511, 0xf512, 0xf513, 0xf514, 0xf515, 0xf516, 0xf517, 0xf57e,
    0xf57f, 0xf580, 0xf581, 0xf7f2, 0xf7f3, 0xf7f4, 0xf7f5, 0xf7f6
};

/*Collect the unicode lists and glyph_id offsets*/
static const lv_font_fmt_txt_cmap_t cmaps[] =
{
    {
        .range_start = 32, .range_length = 95, .glyph_id_start = 1,
        .unicode_list = NULL, .glyph_id_ofs_list = NULL, .list_length = 0, .type = LV_FONT_FMT_TXT_CMAP_FORMAT0_TINY
    },
    {
        .range_start = 160, .range_length = 224, .glyph_id_start = 96,
        .unicode_list = NULL, .glyph_id_ofs_list = NULL, .list_length = 0, .type = LV_FONT_FMT_TXT_CMAP_FORMAT0_TINY
    },
    {
        .range_start = 900, .range_length = 9, .glyph_id_start = 320,
        .unicode_list = NULL, .glyph_id_ofs_list = glyph_id_ofs_list_2, .list_length = 9, .type = LV_FONT_FMT_TXT_CMAP_FORMAT0_FULL
    },
    {
        .range_start = 910, .range_length = 20, .glyph_id_start = 328,
        .unicode_list = NULL, .glyph_id_ofs_list = NULL, .list_length = 0, .type = LV_FONT_FMT_TXT_CMAP_FORMAT0_TINY
    },
    {
        .range_start = 931, .range_length = 44, .glyph_id_start = 348,
        .unicode_list = NULL, .glyph_id_ofs_list = NULL, .list_length = 0, .type = LV_FONT_FMT_TXT_CMAP_FORMAT0_TINY
    },
    {
        .range_start = 1024, .range_length = 96, .glyph_id_start = 392,
        .unicode_list = NULL, .glyph_id_ofs_list = NULL, .list_length = 0, .type = LV_FONT_FMT_TXT_CMAP_FORMAT0_TINY
    },
    {
        .range_start = 1168, .range_length = 400, .glyph_id_start = 488,
        .unicode_list = unicode_list_6, .glyph_id_ofs_list = NULL, .list_length = 5, .type = LV_FONT_FMT_TXT_CMAP_SPARSE_TINY
    },
    {
        .range_start = 1569, .range_length = 26, .glyph_id_start = 493,
        .unicode_list = NULL, .glyph_id_ofs_list = NULL, .list_length = 0, .type = LV_FONT_FMT_TXT_CMAP_FORMAT0_TINY
    },
    {
        .range_start = 1600, .range_length = 19, .glyph_id_start = 519,
        .unicode_list = NULL, .glyph_id_ofs_list = NULL, .list_length = 0, .type = LV_FONT_FMT_TXT_CMAP_FORMAT0_TINY
    },
    {
        .range_start = 1632, .range_length = 10, .glyph_id_start = 538,
        .unicode_list = NULL, .glyph_id_ofs_list = NULL, .list_length = 0, .type = LV_FONT_FMT_TXT_CMAP_FORMAT0_TINY
    },
    {
        .range_start = 1662, .range_length = 63479, .glyph_id_start = 548,
        .unicode_list = unicode_list_10, .glyph_id_ofs_list = NULL, .list_length = 64, .type = LV_FONT_FMT_TXT_CMAP_SPARSE_TINY
    },
    {
        .range_start = 65142, .range_length = 135, .glyph_id_start = 612,
        .unicode_list = NULL, .glyph_id_ofs_list = NULL, .list_length = 0, .type = LV_FONT_FMT_TXT_CMAP_FORMAT0_TINY
    }
};



/*--------------------
 *  ALL CUSTOM DATA
 *--------------------*/

#if LVGL_VERSION_MAJOR == 8
/*Store all the custom data of the font*/
static  lv_font_fmt_txt_glyph_cache_t cache;
#endif

#if LVGL_VERSION_MAJOR >= 8
static const lv_font_fmt_txt_dsc_t font_dsc = {
#else
static lv_font_fmt_txt_dsc_t font_dsc = {
#endif
    .glyph_bitmap = glyph_bitmap,
    .glyph_dsc = glyph_dsc,
    .cmaps = cmaps,
    .kern_dsc = NULL,
    .kern_scale = 0,
    .cmap_num = 12,
    .bpp = 4,
    .kern_classes = 0,
    .bitmap_format = 1,
#if LVGL_VERSION_MAJOR == 8
    .cache = &cache
#endif
};



/*-----------------
 *  PUBLIC FONT
 *----------------*/

/*Initialize a public general font descriptor*/
#if LVGL_VERSION_MAJOR >= 8
const lv_font_t orm_font_18 = {
#else
lv_font_t orm_font_18 = {
#endif
    .get_glyph_dsc = lv_font_get_glyph_dsc_fmt_txt,    /*Function pointer to get glyph's data*/
    .get_glyph_bitmap = lv_font_get_bitmap_fmt_txt,    /*Function pointer to get glyph's bitmap*/
    .line_height = 25,          /*The maximum line height required by the font*/
    .base_line = 6,             /*Baseline measured from the bottom of the line*/
#if !(LVGL_VERSION_MAJOR == 6 && LVGL_VERSION_MINOR == 0)
    .subpx = LV_FONT_SUBPX_NONE,
#endif
#if LV_VERSION_CHECK(7, 4, 0) || LVGL_VERSION_MAJOR >= 8
    .underline_position = 0,
    .underline_thickness = 1,
#endif
    .dsc = &font_dsc,          /*The custom font data. Will be accessed by `get_glyph_bitmap/dsc` */
#if LV_VERSION_CHECK(8, 2, 0) || LVGL_VERSION_MAJOR >= 9
    .fallback = NULL,
#endif
    .user_data = NULL,
};



#endif /*#if ORM_FONT_18*/
