/* Generated by tools/mkfonts.sh, do not edit. Rendered from DejaVu Sans 2.37
 * (Bitstream Vera and Arev licenses, tools/fonts/DejaVuSans-LICENSE.txt) and icons of
 * Font Awesome 7.3.1 Free Solid (SIL OFL 1.1, tools/fonts/fontawesome/LICENSE.txt). */
/*******************************************************************************
 * Size: 24 px
 * Bpp: 4
 * Opts: --bpp 4 --size 24 --format lvgl --font tools/fonts/DejaVuSans.ttf -r 0x20-0x7E,0xA0-0x17F,0x384-0x38A,0x38C,0x38E-0x3A1,0x3A3-0x3CE,0x400-0x45F,0x490-0x491,0x60C,0x61B,0x61F,0x621-0x652,0x660-0x669,0x67E,0x686,0x698,0x6A9,0x6AF,0x6CC,0xFB56-0xFB59,0xFB7A-0xFB7D,0xFB8A-0xFB8B,0xFB8E-0xFB95,0xFBFC-0xFBFF,0xFE70-0xFEFC,0x2013-0x2014,0x2018-0x201A,0x201C-0x201E,0x2022,0x2026,0x2190-0x2193,0x2328,0x2713,0x2717,0x26A0,0x25B6 --font tools/fonts/fontawesome/fa-solid-900.ttf -r 0xF2F9,0xF15C,0xF1D8,0xF12E,0xF0ED,0xF1DE,0xF1CD,0xF2DB,0xF5FD,0xF590,0xF05A,0xF2F5 --lv-include lvgl.h --lv-font-name orm_font_24 -o src/fonts/orm_font_24.c.tmp
 ******************************************************************************/

#ifdef LV_LVGL_H_INCLUDE_SIMPLE
#include "lvgl.h"
#else
#include "lvgl.h"
#endif

#ifndef ORM_FONT_24
#define ORM_FONT_24 1
#endif

#if ORM_FONT_24

/*-----------------
 *    BITMAPS
 *----------------*/

/*Store the image of the glyphs*/
static LV_ATTRIBUTE_LARGE_CONST const uint8_t glyph_bitmap[] = {
    /* U+0020 " " */

    /* U+0021 "!" */
    0x6f, 0xf0, 0x7, 0xff, 0x24, 0xc0, 0x2, 0x2,
    0xe0, 0x62, 0x2, 0x55, 0x0, 0xa8, 0x2, 0x26,
    0xee, 0x0, 0x78,

    /* U+0022 "\"" */
    0xbf, 0x40, 0x4f, 0xb0, 0xf, 0xfe, 0xb9, 0x99,
    0xc1, 0xcc, 0x80,

    /* U+0023 "#" */
    0x0, 0xfa, 0x3d, 0x80, 0x5, 0xf6, 0x1, 0xfe,
    0x30, 0x40, 0x2, 0x6, 0x0, 0x7f, 0x90, 0x48,
    0x1, 0x80, 0x80, 0x1f, 0xc6, 0x8, 0x1, 0x20,
    0x18, 0x7, 0xf2, 0x86, 0x80, 0x8, 0x4c, 0x3,
    0xd7, 0xdd, 0x48, 0x4f, 0x73, 0x0, 0xfb, 0xa3,
    0x0, 0x30, 0x8c, 0x0, 0x11, 0xc0, 0x1, 0x19,
    0xc0, 0x1b, 0xfe, 0xd0, 0x4f, 0xf8, 0x83, 0xff,
    0x20, 0x7, 0x20, 0x18, 0x0, 0x48, 0xc0, 0x3f,
    0xd8, 0x18, 0x0, 0x50, 0x50, 0xf, 0xf3, 0x82,
    0x0, 0x30, 0x30, 0x3, 0x87, 0x77, 0x10, 0x6e,
    0xce, 0x17, 0xba, 0xc0, 0x1, 0x91, 0x60, 0x1,
    0x14, 0x0, 0x12, 0x28, 0x0, 0x5f, 0xf3, 0x5,
    0xff, 0xac, 0x1b, 0xfe, 0xe0, 0xf, 0x20, 0x28,
    0x3, 0x3, 0x0, 0x3f, 0x84, 0x88, 0x20, 0x4,
    0x4, 0x0, 0xfe, 0x50, 0x40, 0x8, 0xc4, 0x40,
    0x1f, 0xd8, 0x18, 0x0, 0x30, 0x40, 0xf, 0x80,

    /* U+0024 "$" */
    0x0, 0xc3, 0xe2, 0x1, 0xff, 0xd2, 0x19, 0xde,
    0xe, 0xe6, 0x40, 0x80, 0xfb, 0x11, 0x82, 0x19,
    0x9c, 0x82, 0xc4, 0xfb, 0x42, 0xb7, 0xa0, 0x41,
    0x2, 0x4, 0x3, 0xb, 0x90, 0x8, 0x38, 0x7,
    0xf1, 0x5, 0x0, 0x7f, 0x58, 0x36, 0xc8, 0x18,
    0x7, 0x34, 0x1, 0x38, 0x6e, 0x9c, 0x3, 0x3f,
    0x4a, 0x80, 0xa, 0x38, 0x80, 0x21, 0x6b, 0xc,
    0x91, 0x17, 0x80, 0x7c, 0x4d, 0xa0, 0x44, 0x0,
    0xfc, 0x60, 0x6, 0x10, 0xf, 0x84, 0x0, 0xde,
    0xe2, 0x1, 0x8b, 0x40, 0x88, 0x31, 0xdb, 0xa0,
    0xfd, 0x30, 0xe0, 0xe8, 0x43, 0x30, 0x9, 0x36,
    0x98, 0xb, 0xdf, 0x70, 0x3b, 0x64, 0x80, 0x3f,
    0xfa, 0x42, 0xe2, 0x1, 0xc0,

    /* U+0025 "%" */
    0x0, 0x4f, 0x7e, 0xb0, 0x7, 0xcb, 0xf0, 0x1,
    0xd8, 0xc4, 0xc7, 0x2e, 0x1, 0xc3, 0x65, 0x0,
    0x19, 0x4d, 0x32, 0x7c, 0x20, 0x40, 0x34, 0xc,
    0x80, 0x76, 0x7, 0x0, 0x5, 0x81, 0x40, 0x23,
    0x65, 0x40, 0xe, 0x30, 0x60, 0xb, 0x80, 0x80,
    0x2f, 0xb, 0x0, 0xf1, 0x83, 0x0, 0x5c, 0x6,
    0x0, 0x63, 0x81, 0x0, 0xf6, 0x7, 0x0, 0x5,
    0xc1, 0x0, 0x60, 0x9c, 0x3, 0xe5, 0x34, 0xc9,
    0xf1, 0x71, 0x8, 0x19, 0x0, 0xfe, 0xc6, 0x26,
    0x39, 0x80, 0x36, 0x54, 0x7, 0xdf, 0xd6, 0x0,
    0xd3, 0xdf, 0xac, 0x0, 0xe0, 0xb0, 0x98, 0x5,
    0x39, 0x70, 0xf, 0xe7, 0x29, 0x12, 0x62, 0xda,
    0xf1, 0x81, 0x0, 0xf8, 0x60, 0xd8, 0x14, 0x28,
    0x0, 0x2e, 0x8, 0x1, 0xf5, 0x87, 0x80, 0x38,
    0x8, 0x2, 0xe0, 0x20, 0xf, 0x22, 0xb1, 0x80,
    0x7f, 0xf1, 0x64, 0x60, 0x2, 0xe0, 0x20, 0xb,
    0x80, 0x80, 0x39, 0xca, 0x4, 0x2, 0x50, 0xa0,
    0x0, 0xb8, 0x20, 0x6, 0x28, 0x36, 0x0, 0xc4,
    0xc5, 0xb3, 0xe3, 0x2, 0x1, 0xa4, 0x3c, 0x3,
    0xd3, 0x6, 0xc7, 0x2e, 0x0,

    /* U+0026 "&" */
    0x0, 0xcb, 0x7f, 0xed, 0xa5, 0x0, 0xfe, 0x8a,
    0x40, 0x1, 0x2d, 0x10, 0x7, 0xc4, 0xe0, 0xbd,
    0xfe, 0xa4, 0x0, 0xfc, 0xa0, 0x34, 0x20, 0x5,
    0xb2, 0x0, 0xfe, 0x20, 0xf, 0xfe, 0x12, 0x1,
    0x98, 0x3, 0xff, 0x82, 0x6a, 0x1a, 0x20, 0x1f,
    0xfc, 0x1, 0x70, 0x1c, 0x10, 0xf, 0xf0, 0xf9,
    0x5b, 0x16, 0x8, 0x7, 0x66, 0x4, 0x28, 0x5d,
    0x25, 0x4b, 0x4, 0x2, 0x23, 0x21, 0x24, 0x9,
    0x0, 0x52, 0x16, 0x8, 0x1, 0x1, 0x1, 0x0,
    0x84, 0x2, 0xb3, 0x2c, 0x10, 0xa0, 0xe0, 0x10,
    0xf, 0xb0, 0xcb, 0x18, 0xcc, 0x80, 0x40, 0x42,
    0x1, 0xda, 0x44, 0x90, 0xf0, 0x2, 0x0, 0x28,
    0x3, 0x87, 0x80, 0x2, 0x40, 0x1, 0x80, 0x4c,
    0x40, 0x1, 0x3e, 0x0, 0x7, 0x40, 0x27, 0x70,
    0x1d, 0xff, 0xb6, 0x2, 0x30, 0xe, 0x80, 0x28,
    0xc6, 0x20, 0x1, 0x3e, 0xb9, 0xd0, 0x2c, 0x0,

    /* U+0027 "'" */
    0xbf, 0x40, 0xf, 0xfe, 0x19, 0x99, 0xc0,

    /* U+0028 "(" */
    0x0, 0xaf, 0xcc, 0x0, 0x68, 0x83, 0x0, 0x78,
    0x40, 0x0, 0xcc, 0x46, 0x0, 0xa0, 0xa0, 0x9,
    0x81, 0x40, 0x8, 0x2, 0x40, 0x3, 0x5, 0x0,
    0xb0, 0xc, 0x2, 0x70, 0xf0, 0x8, 0x80, 0x40,
    0x38, 0xc0, 0x23, 0x3, 0x0, 0x84, 0x4, 0x2,
    0x50, 0xe0, 0xb, 0x1, 0x0, 0x27, 0x2, 0x0,
    0x88, 0xc1, 0x40, 0x2a, 0xf, 0x0, 0x98, 0x14,
    0x3, 0x38, 0x38, 0x5, 0x3, 0x20, 0x1a, 0x98,
    0x80,

    /* U+0029 ")" */
    0xd, 0xf1, 0x0, 0xd0, 0x10, 0x1, 0x94, 0x98,
    0x80, 0x35, 0x5, 0x80, 0x65, 0x7, 0x0, 0xc4,
    0x62, 0xa0, 0x19, 0x43, 0x0, 0x36, 0x2, 0x0,
    0x67, 0x2, 0x10, 0x8, 0xc0, 0x6, 0x1, 0x8,
    0x0, 0x40, 0x3c, 0xe0, 0x10, 0x80, 0x1c, 0x2,
    0x30, 0x1, 0x0, 0x4c, 0x0, 0x10, 0x8, 0xc1,
    0x0, 0x36, 0x86, 0x0, 0x65, 0x5, 0x0, 0x94,
    0xc, 0x80, 0x2f, 0x9, 0x0, 0x89, 0x49, 0x40,
    0x2b, 0x8, 0x0, 0xdd, 0xa, 0x1, 0x0,

    /* U+002A "*" */
    0x0, 0xea, 0xa0, 0x7, 0xff, 0x1a, 0x4c, 0x3,
    0xc7, 0x20, 0x2b, 0x90, 0x1, 0xa3, 0x14, 0x45,
    0x94, 0xba, 0xee, 0xd5, 0xac, 0x10, 0x2, 0xea,
    0x11, 0x13, 0x54, 0x3, 0x9d, 0x80, 0xc, 0xe0,
    0x19, 0x7a, 0x69, 0x55, 0x53, 0xca, 0x3, 0x4f,
    0xca, 0x0, 0x5e, 0x7a, 0x11, 0x74, 0x80, 0x7a,
    0x78, 0x40, 0x40, 0x3f, 0x8, 0x7, 0xbb, 0x80,
    0x1c,

    /* U+002B "+" */
    0x0, 0xfa, 0x68, 0x3, 0xff, 0x84, 0xea, 0x1,
    0xff, 0xff, 0x0, 0xff, 0xe0, 0x3f, 0xff, 0x84,
    0x3f, 0xfd, 0x20, 0x1f, 0xfc, 0x47, 0xee, 0xf0,
    0x87, 0x77, 0xa4, 0x4, 0x7c, 0x0, 0x11, 0xf0,
    0x7, 0xff, 0xfc, 0x3, 0xc0,

    /* U+002C "," */
    0x3, 0xff, 0x20, 0x7, 0x9c, 0x0, 0xa1, 0x80,
    0xc2, 0x8, 0x10, 0x0, 0x36, 0x10,

    /* U+002D "-" */
    0xdf, 0xfe, 0x70, 0xf, 0x80,

    /* U+002E "." */
    0x1, 0x10, 0x3f, 0x70, 0x3, 0xf8,

    /* U+002F "/" */
    0x0, 0xe1, 0xfe, 0x0, 0xf2, 0x2, 0x0, 0x7b,
    0xc3, 0xc0, 0x3c, 0x80, 0x80, 0x1c, 0x62, 0x62,
    0x1, 0xd6, 0x16, 0x1, 0xe5, 0x5, 0x0, 0xe2,
    0x2c, 0x1, 0xc8, 0x8, 0x1, 0xed, 0xd, 0x0,
    0xf2, 0x2, 0x0, 0x72, 0x82, 0x80, 0x7b, 0xc3,
    0x0, 0x3c, 0x80, 0xe0, 0x1c, 0x62, 0x62, 0x1,
    0xd6, 0x16, 0x1, 0xe5, 0x4, 0x0, 0xe1, 0x21,
    0x30, 0xe, 0x70, 0x70, 0xf, 0x68, 0x68, 0x7,
    0xb1, 0xd0, 0x3, 0xc0,

    /* U+0030 "0" */
    0x0, 0x86, 0x77, 0xfa, 0x8c, 0x3, 0x8f, 0xd8,
    0x80, 0x57, 0x18, 0x3, 0x68, 0x9e, 0x7f, 0x28,
    0x49, 0x80, 0x1c, 0x45, 0xa6, 0x3, 0x46, 0x10,
    0x0, 0xa0, 0x71, 0x0, 0xd0, 0x8, 0x22, 0x20,
    0xd0, 0xe, 0x40, 0x2, 0x28, 0x1, 0x40, 0x3c,
    0x41, 0xa2, 0x0, 0x10, 0xf, 0x30, 0x9, 0x80,
    0x7f, 0xc6, 0x1, 0xff, 0xc1, 0x30, 0xf, 0xf8,
    0xc4, 0x0, 0x20, 0x1e, 0x60, 0x15, 0x0, 0x28,
    0x7, 0x88, 0x34, 0x48, 0x30, 0x3, 0x90, 0x0,
    0x81, 0x40, 0xc2, 0x1, 0xa0, 0x10, 0x41, 0xc4,
    0x5a, 0x60, 0x34, 0x61, 0x0, 0x16, 0x81, 0xe7,
    0xf2, 0x84, 0x98, 0x4, 0x7c, 0xc2, 0x2, 0xb8,
    0xc0, 0x0,

    /* U+0031 "1" */
    0x15, 0x8b, 0xef, 0xf1, 0x80, 0x64, 0xa7, 0x41,
    0x0, 0xfc, 0x29, 0x12, 0x1, 0xf2, 0xf5, 0xba,
    0x0, 0x7f, 0xff, 0xc0, 0x3f, 0xfe, 0xa2, 0x38,
    0x0, 0xe2, 0x30, 0x3, 0xba, 0xc0, 0x5, 0xf7,
    0x42, 0x1, 0xff, 0xc0,

    /* U+0032 "2" */
    0x1, 0x6a, 0xef, 0xf6, 0xc0, 0x80, 0x7, 0xa5,
    0x44, 0x0, 0x4f, 0xc8, 0x6, 0x5, 0x19, 0xdb,
    0x2, 0x16, 0x47, 0x5a, 0xe6, 0x24, 0xfa, 0x0,
    0xa1, 0x50, 0xf, 0x19, 0x80, 0xc0, 0x3f, 0x98,
    0x3, 0xfe, 0x70, 0x30, 0xf, 0xcc, 0x41, 0x40,
    0x1f, 0x14, 0x83, 0x90, 0x7, 0x87, 0xc0, 0xe0,
    0x3, 0xc3, 0x84, 0x78, 0x1, 0xe1, 0xc2, 0x26,
    0x80, 0x78, 0x74, 0x89, 0x82, 0x1, 0xc3, 0xa6,
    0x58, 0x20, 0x1e, 0xd3, 0x1c, 0x10, 0xf, 0x61,
    0x8e, 0x80, 0x8f, 0x8c, 0xc0, 0x39, 0xdd, 0xef,
    0x0, 0xff, 0xe0, 0x0,

    /* U+0033 "3" */
    0x2, 0x7b, 0xdf, 0xf7, 0x52, 0x0, 0x68, 0x82,
    0x10, 0x0, 0x56, 0xe4, 0x2, 0x26, 0xac, 0xed,
    0xb4, 0x6, 0x60, 0x2, 0x25, 0x4c, 0x49, 0x2d,
    0x2, 0x80, 0x3f, 0xd8, 0x4, 0x1, 0xfe, 0xd0,
    0x20, 0xf, 0x84, 0xe5, 0x42, 0x40, 0x31, 0x7f,
    0xbb, 0x18, 0x21, 0x40, 0x3f, 0xd0, 0xe0, 0x1c,
    0x5f, 0xee, 0xc4, 0x8d, 0x20, 0xf, 0x84, 0xed,
    0x8b, 0x80, 0x3f, 0xd6, 0x6, 0x40, 0x1f, 0xc4,
    0x0, 0x60, 0xf, 0xe2, 0x0, 0xff, 0xe0, 0x40,
    0x1, 0xb, 0xa1, 0x8, 0x49, 0x71, 0x41, 0xc0,
    0x2, 0xf7, 0xbd, 0xb4, 0x60, 0xd0, 0x5, 0x6c,
    0x62, 0x0, 0x26, 0xc9, 0x0, 0x0,

    /* U+0034 "4" */
    0x0, 0xfb, 0x7f, 0xcc, 0x1, 0xf9, 0xc8, 0x3,
    0xfc, 0x50, 0x40, 0x1f, 0xe9, 0x9, 0x10, 0xf,
    0xca, 0x8a, 0x80, 0x1f, 0x86, 0xc2, 0xc0, 0x3f,
    0xa0, 0x64, 0x40, 0x3f, 0x1b, 0x1b, 0x0, 0x7f,
    0x70, 0x78, 0x7, 0xf4, 0x13, 0x18, 0x7, 0xe2,
    0x71, 0x80, 0xf, 0xe9, 0x8, 0x10, 0xf, 0x8,
    0x1, 0x82, 0x7f, 0xf8, 0x42, 0x3f, 0x80, 0x3f,
    0xf8, 0x3b, 0xff, 0xf0, 0x84, 0xff, 0x0, 0x7f,
    0xf6, 0xc0,

    /* U+0035 "5" */
    0x6, 0xff, 0xfd, 0xc0, 0x1f, 0xfc, 0x63, 0xee,
    0xf7, 0x80, 0x78, 0x47, 0xe0, 0xf, 0xfe, 0x99,
    0xf7, 0xfb, 0xa4, 0x80, 0x3e, 0x10, 0x0, 0xb6,
    0xa8, 0x4, 0x6f, 0x7d, 0xfd, 0x22, 0x14, 0x60,
    0x5, 0x84, 0x10, 0x16, 0xf1, 0x8, 0x0, 0xfe,
    0x19, 0x4, 0x0, 0xff, 0x20, 0x0, 0x80, 0x3f,
    0xf8, 0x6, 0x1, 0xfc, 0x80, 0x1, 0x0, 0xfc,
    0x52, 0x8, 0x5, 0xd0, 0x84, 0x24, 0xf8, 0x21,
    0x0, 0x1, 0x7b, 0xde, 0xd8, 0x10, 0xb3, 0x2,
    0x95, 0x21, 0x1, 0x37, 0xe4, 0x0, 0x0,

    /* U+0036 "6" */
    0x0, 0xc5, 0x3b, 0xfe, 0xd9, 0x30, 0xc, 0xda,
    0xc4, 0x0, 0x26, 0x90, 0x9, 0x64, 0x12, 0xf7,
    0x58, 0xfa, 0x0, 0x1a, 0x6, 0xb4, 0x22, 0x1c,
    0x38, 0x2, 0x40, 0xa4, 0x3, 0xf9, 0x42, 0x80,
    0x3f, 0x84, 0x81, 0xe, 0xfb, 0xf6, 0x4, 0x0,
    0x40, 0x4, 0xc4, 0x10, 0x27, 0xf2, 0x7, 0x0,
    0x41, 0x5f, 0xfa, 0x84, 0x5e, 0x1, 0xde, 0x80,
    0x5, 0xa0, 0x25, 0x0, 0x90, 0x80, 0x32, 0x10,
    0x63, 0x0, 0xc, 0x3, 0xcc, 0x4, 0x40, 0xf,
    0xfe, 0xa, 0x1, 0x80, 0x79, 0x80, 0x83, 0x81,
    0x8, 0x3, 0x21, 0x6, 0x2, 0x98, 0x7a, 0x0,
    0x16, 0x80, 0xd4, 0x1, 0xa4, 0x4b, 0xff, 0x50,
    0x96, 0x80, 0x43, 0xae, 0x40, 0x3, 0x8d, 0x10,

    /* U+0037 "7" */
    0xf, 0xff, 0xf8, 0xc0, 0x3f, 0xf8, 0x4, 0x1d,
    0xdf, 0x88, 0x14, 0x40, 0x47, 0xe3, 0x20, 0xe0,
    0xf, 0xea, 0x1, 0x40, 0xf, 0xe6, 0x6, 0x0,
    0xfe, 0x41, 0xa, 0x0, 0xfe, 0xe0, 0x32, 0x0,
    0xfc, 0x2a, 0x14, 0x1, 0xfc, 0xe0, 0x7, 0x0,
    0xfe, 0xa0, 0x51, 0x0, 0xfc, 0x46, 0x1c, 0x1,
    0xfd, 0x40, 0x28, 0x1, 0xfc, 0xc0, 0xc0, 0x1f,
    0xc8, 0x21, 0x40, 0x1f, 0xdc, 0x6, 0x40, 0x1f,
    0x85, 0x42, 0x80, 0x3f, 0x9c, 0x0, 0xe0, 0x1e,

    /* U+0038 "8" */
    0x0, 0x96, 0xfb, 0xfd, 0x90, 0x20, 0x1a, 0xe9,
    0x4, 0x0, 0x6f, 0xe4, 0x0, 0x74, 0x7, 0xef,
    0xe9, 0x1, 0xf0, 0x5, 0x2, 0xc0, 0x80, 0xb4,
    0x81, 0x10, 0xc, 0x34, 0x3, 0x90, 0x3, 0x10,
    0x68, 0x7, 0x20, 0x0, 0x82, 0x81, 0x5c, 0x40,
    0xb, 0x1, 0x20, 0x6, 0x70, 0x8e, 0xff, 0x51,
    0x5b, 0x0, 0x51, 0x20, 0x1c, 0x24, 0x1, 0xe,
    0x4b, 0x6f, 0xec, 0x14, 0xc0, 0x2, 0x8d, 0xa4,
    0x80, 0x9e, 0x81, 0xc8, 0x88, 0x16, 0x1, 0xca,
    0x20, 0xae, 0x0, 0x20, 0xf, 0x10, 0x70, 0x4,
    0x40, 0x1e, 0x20, 0x17, 0x0, 0x58, 0x7, 0x28,
    0x86, 0x92, 0x3, 0x49, 0x0, 0xb5, 0x1, 0x28,
    0x51, 0x3, 0x6f, 0xf4, 0x80, 0xf0, 0x0, 0x76,
    0x4c, 0x40, 0x6, 0xfe, 0x60,

    /* U+0039 "9" */
    0x0, 0x96, 0xfb, 0xfa, 0x48, 0x3, 0xaa, 0x88,
    0x20, 0x2d, 0xa8, 0x1, 0x42, 0x84, 0x77, 0xea,
    0x5, 0x88, 0xb, 0x83, 0xb8, 0x40, 0xac, 0x82,
    0x1, 0x0, 0x12, 0x1, 0xd6, 0xc, 0x4, 0x0,
    0x10, 0xe, 0x20, 0x1, 0x80, 0x7f, 0xf0, 0x14,
    0x80, 0x2, 0x1, 0xc4, 0x0, 0xe4, 0x0, 0x40,
    0x7, 0x58, 0x4, 0x2c, 0xd, 0x2, 0x7, 0x64,
    0x1, 0xa5, 0x1, 0xfb, 0xf1, 0x18, 0x83, 0xc0,
    0x17, 0x48, 0x22, 0x4a, 0x92, 0x2, 0x0, 0x96,
    0xfb, 0x96, 0xa6, 0x0, 0x40, 0xf, 0xe9, 0x3,
    0x10, 0xf, 0xca, 0xa0, 0x80, 0x2, 0x4a, 0x10,
    0x9c, 0xd0, 0x32, 0x0, 0x5, 0xaf, 0x7b, 0x18,
    0x1a, 0x40, 0x24, 0x73, 0x10, 0x15, 0xb9, 0x0,
    0x80,

    /* U+003A ":" */
    0x3f, 0xf2, 0x0, 0x7e, 0x3e, 0xe2, 0x0, 0x88,
    0x3, 0xff, 0x8c, 0x22, 0x3, 0xee, 0x20, 0x7,
    0xe0,

    /* U+003B ";" */
    0x3, 0xff, 0x20, 0x7, 0xfc, 0x7d, 0xc4, 0x0,
    0x8, 0x80, 0x3f, 0xf9, 0xe7, 0xfe, 0x40, 0xf,
    0x38, 0x1, 0x43, 0x1, 0x84, 0x10, 0x20, 0x0,
    0x6c, 0x20,

    /* U+003C "<" */
    0x0, 0xff, 0xe1, 0x11, 0x80, 0x7f, 0xf0, 0x17,
    0x36, 0x80, 0x3f, 0x8e, 0x7e, 0x8c, 0x38, 0x3,
    0xc2, 0xfb, 0x8c, 0x5, 0x1c, 0xe0, 0x19, 0x6f,
    0xa0, 0x85, 0xb3, 0x5c, 0x40, 0x7, 0x3f, 0x48,
    0xb, 0x7d, 0x26, 0x1, 0x9b, 0x18, 0xe, 0x7a,
    0x90, 0x3, 0xe1, 0x0, 0xd, 0xb8, 0x80, 0x7f,
    0x33, 0x88, 0xa3, 0xad, 0x40, 0x3f, 0xc, 0x75,
    0xa8, 0x25, 0x7c, 0x98, 0x7, 0xe4, 0xae, 0x93,
    0x6, 0xcd, 0x82, 0x0, 0xf8, 0x5b, 0x35, 0x84,
    0x9f, 0x71, 0x0, 0x3f, 0x14, 0xf5, 0x20, 0x1e,
    0x80, 0x7f, 0xcb, 0x7d, 0x1e,

    /* U+003D "=" */
    0x1, 0x1f, 0xfe, 0x10, 0x3f, 0x77, 0xff, 0xa,
    0x40, 0x3f, 0xf8, 0x8f, 0xff, 0xff, 0xc2, 0x90,
    0xf, 0xfe, 0x28, 0x8f, 0xff, 0x8, 0x1f, 0xbb,
    0xff, 0x85, 0x20, 0x1f, 0xfc, 0x40,

    /* U+003E ">" */
    0x32, 0x0, 0xff, 0xe1, 0x26, 0xe3, 0x8, 0x7,
    0xfc, 0x40, 0x73, 0xd4, 0x80, 0x1f, 0xcb, 0xd2,
    0x60, 0xb7, 0xd0, 0x40, 0x1f, 0xb, 0x66, 0xb8,
    0x89, 0xf7, 0x18, 0x3, 0xf1, 0x47, 0x5a, 0x81,
    0xcf, 0xd2, 0x0, 0x7e, 0x4a, 0xf9, 0x30, 0x5b,
    0x80, 0xf, 0xf3, 0xd1, 0x0, 0x4, 0x3, 0xf2,
    0x57, 0x49, 0xb, 0x58, 0x7, 0x1c, 0xf5, 0xa8,
    0x25, 0x74, 0x90, 0x0, 0x5f, 0x71, 0x84, 0xa3,
    0xad, 0x40, 0x23, 0xbe, 0x82, 0x6, 0xcd, 0x71,
    0x0, 0xe4, 0x40, 0x25, 0x7c, 0x98, 0x7, 0xe2,
    0x7d, 0xb5, 0x0, 0xff, 0x80,

    /* U+003F "?" */
    0x1, 0x7c, 0xff, 0x6c, 0x88, 0x0, 0xfa, 0xc,
    0x0, 0x4d, 0xe4, 0xe, 0xd, 0x9f, 0xd2, 0x3,
    0x20, 0xdb, 0x26, 0x2, 0xce, 0x8, 0x4, 0x40,
    0xe, 0xd0, 0xf, 0xf7, 0x81, 0x80, 0x7c, 0xea,
    0x1e, 0x1, 0xe7, 0x80, 0xa3, 0x0, 0xe6, 0x80,
    0xa5, 0x0, 0xf4, 0x84, 0xa8, 0x7, 0x90, 0x0,
    0xc0, 0x1f, 0x8, 0x8, 0x7, 0xff, 0x1d, 0x33,
    0x0, 0x1f, 0x84, 0x8c, 0x3, 0xf3, 0x77, 0x0,
    0x3f, 0xf9, 0xe0,

    /* U+0040 "@" */
    0x0, 0xf9, 0x27, 0x7b, 0xfb, 0x1c, 0x80, 0x3f,
    0xe4, 0xdb, 0x62, 0x33, 0x1, 0xc6, 0xc0, 0x7,
    0xf4, 0x59, 0x36, 0x7e, 0xe7, 0x72, 0x49, 0xf4,
    0x40, 0x3d, 0x2e, 0x5b, 0x26, 0x1, 0x85, 0xb6,
    0xb, 0x4, 0x3, 0x2b, 0x1e, 0x10, 0x7, 0xf3,
    0xc9, 0x50, 0x6, 0xb1, 0xd1, 0x0, 0x1c, 0xdd,
    0x28, 0x6, 0x66, 0x22, 0x80, 0x1c, 0x6c, 0x40,
    0xb, 0x8c, 0x8b, 0x57, 0x6f, 0x0, 0x40, 0x70,
    0x2, 0x85, 0x40, 0x3, 0x41, 0x1d, 0xf2, 0x88,
    0x0, 0x85, 0x10, 0x4, 0x47, 0x0, 0xa4, 0x1d,
    0xc2, 0xd, 0x0, 0x1d, 0x80, 0x6c, 0x18, 0x1,
    0x20, 0x50, 0x6, 0x60, 0xe, 0x10, 0x72, 0x1,
    0x0, 0x88, 0x8, 0x3, 0x8, 0x80, 0x30, 0x80,
    0x7f, 0xf2, 0x78, 0x18, 0x80, 0x40, 0x22, 0x2,
    0x0, 0xc2, 0x20, 0xc, 0xe2, 0x4c, 0x18, 0x1,
    0x20, 0x50, 0x6, 0x60, 0xc, 0xe3, 0x20, 0x44,
    0x40, 0xa, 0x81, 0xdc, 0x20, 0xd0, 0x0, 0x29,
    0x84, 0x70, 0x2, 0x92, 0x80, 0xa, 0x82, 0x3b,
    0xe5, 0x10, 0x1a, 0xcc, 0xb0, 0xa, 0x42, 0x4,
    0x0, 0xb8, 0xc8, 0xb5, 0x78, 0xb1, 0xb2, 0x1,
    0x86, 0x4a, 0x80, 0x23, 0x9b, 0xa5, 0x7, 0xa7,
    0x20, 0xf, 0x32, 0xa6, 0x8, 0x7, 0xf3, 0x88,
    0x7, 0xd4, 0xc7, 0xd0, 0x40, 0x18, 0x5b, 0x62,
    0x0, 0x1f, 0xa6, 0x89, 0xf7, 0xb3, 0x1b, 0xd2,
    0x4f, 0x20, 0x1f, 0xcb, 0xb4, 0xa6, 0x79, 0x27,
    0xa0, 0x3, 0x80,

    /* U+0041 "A" */
    0x0, 0xf2, 0xff, 0xac, 0x3, 0xff, 0x83, 0xe0,
    0x4, 0x10, 0xf, 0xf8, 0x54, 0x14, 0x18, 0x3,
    0xfe, 0x70, 0x59, 0xa, 0x0, 0xff, 0xa8, 0x38,
    0xc4, 0x8c, 0x3, 0xf8, 0x8c, 0x50, 0x18, 0x28,
    0x3, 0xfa, 0x81, 0xc0, 0x14, 0xe, 0x1, 0xfc,
    0xc1, 0x40, 0x2, 0x20, 0xa8, 0x7, 0xc8, 0x22,
    0x30, 0xa, 0x83, 0x80, 0x3e, 0xe0, 0x60, 0xc,
    0xc0, 0x82, 0x1, 0xe5, 0xa, 0x0, 0xc2, 0x60,
    0xe0, 0x1c, 0xc0, 0xd, 0xff, 0xe3, 0xa, 0x0,
    0xea, 0x0, 0xff, 0x19, 0x0, 0x44, 0x61, 0xbd,
    0xdf, 0x20, 0x50, 0x5, 0x40, 0x44, 0x11, 0xfb,
    0x81, 0x80, 0x26, 0xa, 0x0, 0xfc, 0x80, 0x28,
    0x8, 0x20, 0xa0, 0x1f, 0x85, 0x3, 0x83, 0x80,
    0x88, 0x1, 0xfd, 0xa0, 0xa2,

    /* U+0042 "B" */
    0xaf, 0xff, 0x76, 0x38, 0x7, 0xf8, 0x4e, 0x34,
    0x40, 0x24, 0xff, 0xbb, 0x5c, 0xa, 0xc0, 0x3e,
    0x12, 0x86, 0x5, 0x0, 0xff, 0x78, 0x7, 0xff,
    0x3, 0xc0, 0x80, 0x3f, 0x13, 0xb0, 0x58, 0x4,
    0x9f, 0xfb, 0x60, 0xe9, 0x80, 0x3f, 0xc5, 0xa0,
    0x19, 0x3f, 0xf7, 0x50, 0x3d, 0x0, 0x7e, 0x15,
    0xa0, 0x54, 0x0, 0xfe, 0x41, 0xd, 0x0, 0xff,
    0x10, 0x10, 0x7, 0xf8, 0x80, 0x3f, 0xe4, 0x10,
    0x30, 0xf, 0x85, 0xa8, 0x1, 0x20, 0x4, 0xff,
    0xdd, 0x22, 0x16, 0x20, 0x1f, 0x89, 0xf5, 0x0,

    /* U+0043 "C" */
    0x0, 0xe6, 0xbe, 0xff, 0x6d, 0x20, 0x7, 0x2f,
    0x4a, 0x8, 0x0, 0x96, 0xf4, 0x80, 0xd, 0x42,
    0x28, 0xce, 0xe6, 0x41, 0x11, 0x40, 0xe4, 0xf,
    0x9c, 0xc4, 0x46, 0xfb, 0x0, 0x8, 0x1, 0xd0,
    0xf, 0xce, 0xe2, 0x40, 0x91, 0x0, 0xff, 0x20,
    0x1, 0x40, 0x3f, 0xee, 0x0, 0x10, 0x7, 0xfc,
    0x20, 0x40, 0x1f, 0xfc, 0xf1, 0x2, 0x0, 0xff,
    0xe0, 0x70, 0x0, 0x80, 0x3f, 0xe4, 0x0, 0x28,
    0x7, 0xfc, 0x48, 0x12, 0x20, 0x1f, 0xf4, 0x0,
    0xe8, 0x7, 0xe7, 0x70, 0x1c, 0x81, 0xf3, 0x90,
    0x88, 0xdf, 0x60, 0x2, 0x6a, 0x11, 0x46, 0xf7,
    0x32, 0x8, 0xd4, 0x2, 0x5e, 0x94, 0x10, 0x1,
    0x2d, 0xe1, 0x0,

    /* U+0044 "D" */
    0xaf, 0xfe, 0xed, 0xa7, 0x10, 0xf, 0xf8, 0x49,
    0x63, 0xa8, 0x40, 0x39, 0x3f, 0xee, 0xc9, 0x30,
    0x5c, 0x10, 0xf, 0xc2, 0x6d, 0x92, 0x5, 0x40,
    0x1f, 0xfc, 0x6, 0x70, 0x43, 0x0, 0xff, 0xe0,
    0x48, 0x2, 0x80, 0x3f, 0xf8, 0x2, 0x80, 0x80,
    0x1f, 0xfc, 0x13, 0x2, 0x0, 0xff, 0xe0, 0xf8,
    0x7, 0xff, 0x4f, 0xc0, 0x3f, 0xf8, 0x66, 0x4,
    0x1, 0xff, 0xc0, 0x14, 0x4, 0x0, 0xff, 0xe0,
    0x48, 0x2, 0x80, 0x3f, 0xe6, 0x70, 0x43, 0x0,
    0xf8, 0x4d, 0xb2, 0x40, 0xa8, 0x3, 0x27, 0xfd,
    0xd9, 0x26, 0xb, 0x82, 0x1, 0xf8, 0x49, 0x63,
    0xa8, 0x40, 0x20,

    /* U+0045 "E" */
    0xaf, 0xff, 0xf3, 0x0, 0x7f, 0xf0, 0x93, 0xbb,
    0xf3, 0x0, 0x42, 0x3f, 0x80, 0x3f, 0xfb, 0x69,
    0xff, 0xf8, 0x40, 0x3f, 0xf8, 0x49, 0xdd, 0xf8,
    0x40, 0x21, 0x1f, 0xc0, 0x1f, 0xfe, 0x81, 0x1f,
    0xc0, 0x12, 0x77, 0x7e, 0xa0, 0xf, 0xfe, 0x0,

    /* U+0046 "F" */
    0xaf, 0xff, 0xe6, 0x0, 0xff, 0xe0, 0xa7, 0x77,
    0xcc, 0x1, 0x8, 0xfc, 0x1, 0xff, 0xd8, 0x4f,
    0xff, 0x50, 0x7, 0xff, 0x9, 0x3b, 0xbd, 0x40,
    0x18, 0x47, 0xc0, 0x1f, 0xff, 0xf0, 0xc,

    /* U+0047 "G" */
    0x0, 0xe6, 0xae, 0xff, 0x75, 0xb9, 0x0, 0x72,
    0xf4, 0xa8, 0x80, 0x5, 0x23, 0x68, 0x2, 0x6a,
    0x11, 0x46, 0x77, 0xed, 0x30, 0x29, 0x1, 0xc8,
    0x27, 0x39, 0x88, 0x12, 0xcf, 0x30, 0x2, 0x0,
    0x6c, 0x3, 0xf0, 0xc9, 0x11, 0x2, 0x0, 0x3f,
    0xf8, 0x8, 0x0, 0x40, 0xf, 0xfe, 0x7, 0x0,
    0x8, 0x3, 0xff, 0x80, 0x20, 0x40, 0x1e, 0x9f,
    0xfe, 0xa0, 0xf, 0xfe, 0x20, 0x81, 0x0, 0x7a,
    0x7f, 0xe4, 0x0, 0x70, 0x0, 0x80, 0x3f, 0xf8,
    0x8, 0x0, 0x40, 0xf, 0xfe, 0x1, 0x20, 0x40,
    0x7, 0xff, 0x6, 0x0, 0x6c, 0x3, 0xff, 0x80,
    0x72, 0x9, 0xce, 0x62, 0x2, 0x94, 0x80, 0x60,
    0x6, 0xa1, 0x14, 0x67, 0x7f, 0x5a, 0x82, 0xc0,
    0x4, 0xbd, 0x28, 0x20, 0x1, 0x48, 0xda, 0x10,

    /* U+0048 "H" */
    0xaf, 0xb0, 0xf, 0xd5, 0xf6, 0x1, 0xff, 0xff,
    0x0, 0xff, 0x93, 0xff, 0xf2, 0x80, 0x7f, 0xf1,
    0x93, 0xbb, 0xf2, 0x0, 0x70, 0x8f, 0xf0, 0x7,
    0xff, 0xfc, 0x3, 0xff, 0x9a,

    /* U+0049 "I" */
    0xaf, 0xb0, 0xf, 0xff, 0x38,

    /* U+004A "J" */
    0x0, 0xd5, 0xf6, 0x1, 0xff, 0xff, 0x0, 0xff,
    0xef, 0x88, 0x6, 0x60, 0x30, 0x8, 0x4c, 0x3c,
    0x4, 0xf4, 0x0, 0xe9, 0xd8, 0x61, 0x2, 0x1,
    0x1d, 0x38, 0x0,

    /* U+004B "K" */
    0xaf, 0xb0, 0xf, 0xe, 0xff, 0x18, 0x7, 0xf0,
    0xe1, 0xe, 0x18, 0x7, 0xe2, 0xc2, 0x1c, 0x20,
    0xf, 0xc5, 0x84, 0x4c, 0x20, 0xf, 0xc5, 0x82,
    0x58, 0x40, 0x1f, 0x8b, 0x4, 0xb0, 0x40, 0x3f,
    0x1e, 0x9, 0x60, 0x80, 0x7e, 0x6c, 0x13, 0xc1,
    0x0, 0xfe, 0x20, 0x7, 0x88, 0x7, 0xf8, 0x84,
    0x34, 0x80, 0x3f, 0xcd, 0xa0, 0x3e, 0x20, 0x1f,
    0xe3, 0xc0, 0x2c, 0x10, 0xf, 0xf1, 0xe0, 0x16,
    0x8, 0x7, 0xf8, 0xec, 0xb, 0x4, 0x3, 0xfc,
    0x96, 0x5, 0xa0, 0x1f, 0xf2, 0x50, 0x1e, 0x0,
    0x7f, 0xcb, 0x40, 0x78, 0x1, 0xff, 0x2d, 0x1,
    0xd8, 0x0,

    /* U+004C "L" */
    0xaf, 0xb0, 0xf, 0xff, 0xf8, 0x7, 0xff, 0xfc,
    0x3, 0xff, 0xa4, 0x23, 0xf8, 0x2, 0x4e, 0xef,
    0xc8, 0x1, 0xff, 0xc0,

    /* U+004D "M" */
    0xaf, 0xf8, 0x40, 0x3e, 0x5f, 0xf9, 0x40, 0x33,
    0x80, 0x7d, 0xc0, 0x1e, 0x10, 0xa0, 0xf, 0xa,
    0x8, 0x7, 0x21, 0x19, 0x0, 0x73, 0x3, 0x80,
    0x79, 0x42, 0x80, 0x3a, 0x82, 0x80, 0x3d, 0x40,
    0xc0, 0x18, 0x8a, 0x30, 0xf, 0x11, 0x8a, 0x0,
    0x54, 0x14, 0x1, 0xfa, 0x83, 0x40, 0x26, 0x5,
    0x0, 0xfc, 0xe0, 0xc0, 0x4, 0x13, 0x20, 0xf,
    0xc2, 0xa0, 0xa1, 0xc1, 0x40, 0x1f, 0xee, 0xe,
    0x5, 0x6, 0x0, 0xff, 0x20, 0xa3, 0x82, 0x80,
    0x7f, 0xf0, 0x1c, 0x20, 0x38, 0x3, 0xff, 0x81,
    0x40, 0x1, 0x40, 0xf, 0xfe, 0x1, 0xbb, 0xac,
    0x3, 0xff, 0x85, 0x10, 0x50, 0xf, 0xfe, 0xe8,

    /* U+004E "N" */
    0xaf, 0xf6, 0x0, 0x7d, 0x7f, 0x20, 0x11, 0xa8,
    0x7, 0xff, 0x6, 0x0, 0x3f, 0xe3, 0x2, 0x50,
    0xf, 0xf3, 0x38, 0x40, 0x7, 0xfd, 0x20, 0x4c,
    0x1, 0xfe, 0x17, 0xb, 0x0, 0xff, 0xa4, 0x49,
    0x80, 0x3f, 0xc3, 0x21, 0x0, 0x1f, 0xf3, 0x88,
    0x98, 0x3, 0xfe, 0x90, 0x80, 0xf, 0xf9, 0xc4,
    0x4e, 0x1, 0xff, 0x40, 0x48, 0x7, 0xfc, 0xc2,
    0x27, 0x0, 0xff, 0xa0, 0x21, 0xc0, 0x3f, 0xcc,
    0x40, 0x60, 0x1f, 0xf4, 0x0, 0x7f, 0xf0, 0x54,
    0x80, 0x20,

    /* U+004F "O" */
    0x0, 0xc2, 0xf9, 0xdf, 0xd8, 0xe0, 0x1f, 0x9b,
    0xa0, 0xc4, 0x4, 0xe3, 0x90, 0x3, 0x9e, 0x40,
    0xab, 0xbf, 0xa4, 0x45, 0x6a, 0x1, 0x1c, 0x2,
    0x6a, 0x88, 0xb, 0x79, 0x85, 0x10, 0x2, 0x0,
    0x68, 0x3, 0xc3, 0xa0, 0x8, 0x2, 0x40, 0x91,
    0x0, 0xf8, 0x58, 0x14, 0x10, 0x0, 0xa0, 0x1f,
    0xda, 0x0, 0x4e, 0x0, 0x10, 0x7, 0xf2, 0x80,
    0x8, 0x40, 0x80, 0x3f, 0xc2, 0x0, 0xe3, 0x0,
    0xff, 0xe2, 0x10, 0x10, 0x7, 0xf8, 0x40, 0x1f,
    0xc0, 0x2, 0x0, 0xfe, 0x50, 0x1, 0xa0, 0x1,
    0x40, 0x3f, 0xb4, 0x0, 0x84, 0x81, 0x20, 0x1f,
    0x85, 0x81, 0x40, 0x10, 0x3, 0x60, 0x1f, 0x68,
    0x2, 0x0, 0x7, 0x0, 0x9a, 0xa2, 0x2, 0xdc,
    0x61, 0x44, 0x1, 0x3c, 0x81, 0x57, 0x7f, 0x48,
    0x8a, 0x94, 0x3, 0x9b, 0xa0, 0xc4, 0x4, 0xe3,
    0xd4, 0x2,

    /* U+0050 "P" */
    0xaf, 0xff, 0x6c, 0x8, 0x7, 0xf1, 0x3f, 0x98,
    0x4, 0x9f, 0xf6, 0xc0, 0xe, 0x80, 0x7c, 0x4f,
    0x20, 0x2a, 0x1, 0xf9, 0x80, 0x18, 0x1, 0xfc,
    0x20, 0x60, 0x1f, 0xc2, 0x6, 0x1, 0xf9, 0x80,
    0x18, 0x1, 0xe2, 0x79, 0x1, 0x50, 0x2, 0x7f,
    0xdb, 0x0, 0xa, 0x0, 0xfc, 0x4f, 0xc8, 0x1,
    0x27, 0xfe, 0xd8, 0x10, 0xf, 0xff, 0xf0,

    /* U+0051 "Q" */
    0x0, 0xc2, 0xf9, 0xdf, 0xd8, 0xe0, 0x1f, 0x9b,
    0xa0, 0xc4, 0x4, 0xe3, 0x90, 0x3, 0x9e, 0x40,
    0xab, 0xbf, 0xa4, 0x45, 0x6a, 0x1, 0x1c, 0x2,
    0x6a, 0x88, 0xb, 0x79, 0x85, 0x8, 0x2, 0x0,
    0x68, 0x3, 0xc3, 0xc0, 0x8, 0x2, 0x40, 0x91,
    0x0, 0xf8, 0x98, 0x18, 0x10, 0x0, 0xa0, 0x1f,
    0xda, 0x0, 0x4e, 0x0, 0x10, 0x7, 0xf2, 0x80,
    0x8, 0x40, 0x80, 0x3f, 0xc2, 0x0, 0xe3, 0x0,
    0xff, 0xe2, 0x10, 0x10, 0x7, 0xf8, 0x40, 0x1f,
    0xc0, 0x2, 0x0, 0xfe, 0x20, 0x1, 0x20, 0x1,
    0x40, 0x3f, 0xa8, 0x0, 0x84, 0x81, 0x20, 0x1f,
    0x85, 0x81, 0x4, 0x20, 0x6, 0xc0, 0x3e, 0xd0,
    0x4, 0x0, 0xe, 0x1, 0x35, 0x44, 0x5, 0x74,
    0xc1, 0xcc, 0x2, 0x79, 0x2, 0xae, 0xfe, 0xa2,
    0x7, 0x80, 0xe, 0x6e, 0x83, 0x10, 0xd, 0x90,
    0x1, 0xf0, 0xbe, 0x77, 0xe8, 0x2, 0x80, 0x3f,
    0xf8, 0x25, 0x60, 0xd0, 0x1, 0xff, 0xc1, 0x49,
    0x7, 0x60, 0x0,

    /* U+0052 "R" */
    0xaf, 0xff, 0x6c, 0x90, 0x7, 0xfc, 0x4d, 0xaa,
    0x1, 0xc9, 0xff, 0x6c, 0x88, 0x50, 0x80, 0x7e,
    0x26, 0xd0, 0x3, 0x80, 0x7f, 0x8c, 0x43, 0xc0,
    0x3f, 0xf9, 0x86, 0x21, 0xc0, 0x1f, 0x85, 0x74,
    0x0, 0xa0, 0x19, 0x3f, 0xee, 0xa1, 0x9, 0x20,
    0xf, 0xfb, 0x18, 0x3, 0x93, 0xfd, 0xd8, 0x81,
    0xc2, 0x1, 0xf8, 0x4e, 0xd0, 0xa8, 0x3, 0xfe,
    0x90, 0x44, 0x0, 0x7f, 0x89, 0x42, 0x0, 0x3f,
    0xe8, 0x3, 0x40, 0xf, 0xf1, 0x20, 0x40, 0x7,
    0xfd, 0xe0, 0x66, 0x0, 0xff, 0x21, 0x84, 0x0,

    /* U+0053 "S" */
    0x0, 0x9a, 0xfb, 0xfb, 0x6d, 0x88, 0x0, 0x3b,
    0x28, 0x20, 0x24, 0x93, 0xe0, 0xd, 0x20, 0x7d,
    0xff, 0x6c, 0xa0, 0x0, 0xcc, 0x15, 0x4, 0x0,
    0x26, 0xbc, 0x5, 0x0, 0x28, 0x7, 0xc2, 0x1,
    0x84, 0x3, 0xf9, 0x0, 0x16, 0x1, 0xfc, 0x4a,
    0xb, 0xd4, 0xe6, 0x1, 0xea, 0x70, 0x15, 0x8c,
    0xfb, 0x40, 0xd, 0x1f, 0x4c, 0x60, 0x4, 0xb8,
    0x0, 0xe5, 0x9c, 0xfa, 0x20, 0x75, 0x0, 0xfc,
    0xb8, 0x21, 0xc0, 0x1f, 0xc2, 0x80, 0xc0, 0x1f,
    0xfc, 0x12, 0x20, 0x7, 0xc2, 0x80, 0xee, 0xdb,
    0x62, 0x0, 0x13, 0x78, 0x84, 0x88, 0x24, 0xef,
    0xfb, 0x64, 0x42, 0x4d, 0x36, 0x10, 0x80, 0x2,
    0x6f, 0xac, 0x0,

    /* U+0054 "T" */
    0x1f, 0xff, 0xfe, 0x15, 0x80, 0x7f, 0xf1, 0x7,
    0xbb, 0xc4, 0xf, 0xdd, 0xd6, 0x2, 0x3e, 0x0,
    0x84, 0x78, 0x3, 0xff, 0xfe, 0x1, 0xff, 0xff,
    0x0, 0xff, 0xff, 0x80,

    /* U+0055 "U" */
    0xef, 0x70, 0xf, 0xdd, 0xee, 0x1, 0xff, 0xff,
    0x0, 0xff, 0xfb, 0xf8, 0x7, 0xfc, 0x40, 0x20,
    0x1f, 0x84, 0x9, 0x41, 0x0, 0x3e, 0x40, 0x3,
    0xe8, 0x12, 0x80, 0x7a, 0x0, 0x88, 0x86, 0x14,
    0xe4, 0x0, 0x4b, 0x30, 0x80, 0x6, 0x98, 0x46,
    0xff, 0xad, 0x2, 0x14, 0x0, 0x39, 0x28, 0x20,
    0x2, 0x6d, 0x70, 0x0,

    /* U+0056 "V" */
    0xaf, 0xd0, 0xf, 0xf3, 0x7f, 0x87, 0x80, 0x8c,
    0x3, 0xfa, 0x81, 0x45, 0x4, 0x28, 0x3, 0xf1,
    0x18, 0x70, 0x1, 0x81, 0xc0, 0x3f, 0x50, 0xa,
    0x0, 0x28, 0x5, 0x0, 0x3e, 0x60, 0x60, 0x8,
    0x8c, 0x38, 0x3, 0xc8, 0x21, 0x40, 0x1a, 0x81,
    0x44, 0x3, 0xb4, 0xc, 0x80, 0x33, 0x0, 0x1c,
    0x3, 0x98, 0x28, 0x3, 0xca, 0x14, 0x1, 0x94,
    0x0, 0xe0, 0x1e, 0xe0, 0x32, 0x0, 0xb8, 0x10,
    0x40, 0x3c, 0x82, 0xa, 0x0, 0x14, 0xe, 0x0,
    0xfc, 0xc1, 0x40, 0x6, 0x1, 0x50, 0xf, 0xd4,
    0x4, 0x61, 0x40, 0xe0, 0x1f, 0xc4, 0x61, 0x46,
    0x41, 0x40, 0x1f, 0xea, 0x7, 0xa0, 0x23, 0x0,
    0xff, 0x38, 0xb, 0x5, 0x0, 0x7f, 0xc2, 0xa0,
    0x13, 0x0, 0x7f, 0xf0, 0x3c, 0x0, 0x82, 0x1,
    0xe0,

    /* U+0057 "W" */
    0x1f, 0xf2, 0x0, 0x7a, 0x7f, 0xca, 0x1, 0xe9,
    0xfd, 0x12, 0xc, 0x0, 0xf2, 0x0, 0x30, 0x3,
    0xc8, 0x8, 0x8, 0x8, 0x1, 0xc2, 0x42, 0xa,
    0x1, 0xc2, 0x41, 0x81, 0x80, 0x60, 0x1c, 0x80,
    0xe4, 0x60, 0x1c, 0xa0, 0x4, 0x4, 0x0, 0x20,
    0x6, 0xd0, 0xf4, 0x4, 0x0, 0xd8, 0x4, 0x20,
    0x24, 0x18, 0x1, 0x90, 0x13, 0x3, 0x0, 0x32,
    0x2, 0x0, 0x48, 0x8, 0x1, 0x8c, 0x49, 0xc1,
    0x0, 0x31, 0x86, 0x0, 0x5e, 0x6, 0x1, 0x20,
    0x20, 0x10, 0x98, 0x4, 0x80, 0x4, 0x0, 0x90,
    0x0, 0x60, 0xc, 0xc, 0x0, 0x20, 0x20, 0x3,
    0x0, 0x84, 0x2, 0x21, 0x4, 0x0, 0x20, 0x20,
    0x3, 0x0, 0xc0, 0x6, 0xe, 0x1, 0xc8, 0x18,
    0x0, 0x30, 0x20, 0x2, 0x86, 0x0, 0x10, 0x30,
    0x3, 0xb0, 0x10, 0xc, 0x10, 0x2, 0x30, 0x40,
    0x30, 0x2, 0x0, 0x72, 0x0, 0xd, 0x3, 0x0,
    0x32, 0x1, 0xa0, 0x9, 0x0, 0x71, 0x8, 0x26,
    0x2, 0x0, 0x6c, 0x4, 0xc0, 0x40, 0xf, 0x90,
    0x31, 0x0, 0xc0, 0x31, 0x86, 0x20, 0x60, 0x7,
    0xd8, 0x8, 0x6, 0x1, 0xc8, 0x8, 0x0, 0x40,
    0xf, 0x90, 0x2, 0x40, 0xf, 0x18, 0x0, 0x48,
    0x3, 0xe2, 0x10, 0x6, 0x0, 0x79, 0x0, 0x8,
    0x1, 0x80,

    /* U+0058 "X" */
    0x2, 0xff, 0x30, 0x7, 0xd1, 0xfc, 0x20, 0x4e,
    0x10, 0x20, 0x1c, 0x6e, 0x16, 0x20, 0x8, 0x21,
    0xb0, 0xe, 0xe0, 0x55, 0x0, 0x6e, 0x5, 0x50,
    0x5, 0x4, 0x36, 0x1, 0xc6, 0xc1, 0x62, 0x4,
    0xe1, 0x2, 0x1, 0xe9, 0x21, 0xb0, 0xe0, 0x46,
    0x0, 0xfd, 0x20, 0xb6, 0x61, 0x20, 0x1f, 0xc8,
    0xc0, 0x81, 0x24, 0x1, 0xfe, 0xa0, 0x1, 0x30,
    0x7, 0xfd, 0x0, 0x2, 0x30, 0xf, 0xf3, 0x20,
    0x18, 0x70, 0x7, 0xf0, 0xc8, 0x46, 0x89, 0x40,
    0x7, 0xea, 0x2, 0x71, 0x80, 0x72, 0x0, 0xf2,
    0xa0, 0x70, 0x1, 0x90, 0x38, 0x3, 0x86, 0xc1,
    0xcc, 0x2, 0x90, 0x37, 0x0, 0xd6, 0x25, 0x0,
    0x18, 0xa0, 0x20, 0x80, 0x8, 0xa1, 0xc0, 0x1e,
    0x73, 0x9, 0x0, 0x50, 0x31, 0x80, 0x7d, 0xc0,
    0x8a,

    /* U+0059 "Y" */
    0xb, 0xfc, 0x0, 0xfc, 0x5f, 0xe5, 0xa, 0x3,
    0x70, 0xf, 0xb8, 0x11, 0x40, 0x64, 0x20, 0x80,
    0x39, 0xcc, 0x28, 0x2, 0x64, 0xe, 0x0, 0xc5,
    0x1, 0x22, 0x1, 0xa4, 0xd, 0xc0, 0x2e, 0x4,
    0x60, 0xe, 0x28, 0x8, 0x20, 0x63, 0x9, 0x0,
    0xf9, 0xcc, 0x24, 0x64, 0x24, 0x80, 0x3f, 0x70,
    0x27, 0x81, 0xb0, 0x7, 0xf1, 0x40, 0x8, 0x70,
    0x7, 0xfc, 0xe2, 0xc, 0x40, 0x1f, 0xfc, 0x3,
    0x1, 0x0, 0xff, 0xff, 0x80, 0x7f, 0xf7, 0xc0,

    /* U+005A "Z" */
    0xaf, 0xff, 0xfe, 0x8, 0x80, 0x7f, 0xf0, 0xeb,
    0xbb, 0xfa, 0xc0, 0xc, 0x20, 0x23, 0xf8, 0x28,
    0xe, 0x40, 0x3f, 0xda, 0x22, 0xd0, 0xf, 0xf4,
    0x18, 0x50, 0x80, 0x7f, 0x2b, 0x84, 0x20, 0x7,
    0xf1, 0x50, 0x2b, 0x80, 0x7f, 0xbc, 0xa, 0x80,
    0x3f, 0xd6, 0x41, 0xe0, 0x1f, 0xe7, 0x40, 0xb2,
    0x0, 0xfe, 0x48, 0x7, 0x40, 0xf, 0xe2, 0xa0,
    0x48, 0x0, 0xff, 0x78, 0x95, 0x0, 0x7f, 0xa8,
    0x83, 0x84, 0x3, 0xf9, 0x94, 0x20, 0x84, 0x7f,
    0x82, 0x0, 0x11, 0xdd, 0xfe, 0x50, 0xf, 0xfe,
    0x18,

    /* U+005B "[" */
    0xff, 0xe0, 0x8, 0xce, 0x0, 0xbf, 0x30, 0x1,
    0xff, 0xff, 0x0, 0xff, 0xe9, 0x7e, 0x60, 0x2,
    0x33, 0x80,

    /* U+005C "\\" */
    0xdf, 0x20, 0xf, 0x28, 0x28, 0x7, 0xb0, 0x30,
    0x3, 0xc8, 0x8, 0x1, 0xf2, 0x82, 0x80, 0x7b,
    0xc3, 0xc0, 0x3c, 0x80, 0x80, 0x1e, 0x13, 0x13,
    0x0, 0xf5, 0x85, 0x80, 0x79, 0x41, 0x40, 0x3c,
    0x42, 0x42, 0x1, 0xe7, 0x7, 0x0, 0xf6, 0x86,
    0x80, 0x79, 0x1, 0x0, 0x3e, 0x40, 0x40, 0xf,
    0x68, 0x68, 0x7, 0x9c, 0x1c, 0x3, 0xc2, 0x62,
    0x60, 0x1e, 0x40, 0x40, 0xf, 0x58, 0x58, 0x7,
    0x8e, 0x2c, 0x0,

    /* U+005D "]" */
    0xaf, 0xfc, 0x84, 0x66, 0x0, 0xa3, 0x30, 0x40,
    0x1f, 0xff, 0xf0, 0xf, 0xfe, 0x8c, 0x66, 0x8,
    0x0, 0x46, 0x60, 0x8,

    /* U+005E "^" */
    0x0, 0xf4, 0x7f, 0xa8, 0x3, 0xfe, 0x77, 0x0,
    0x16, 0x40, 0x3f, 0x96, 0x1, 0xa0, 0x19, 0xc0,
    0x3e, 0x4a, 0x7, 0x97, 0x90, 0x86, 0x0, 0xe3,
    0xb0, 0x78, 0x0, 0x34, 0x84, 0xa0, 0x4, 0x5a,
    0x11, 0x0, 0xc, 0xd4, 0x16, 0x60, 0x38, 0x32,
    0xe0, 0x1e, 0x5a, 0xd, 0x20,

    /* U+005F "_" */
    0x2b, 0xbf, 0xfe, 0x1, 0xa, 0x27, 0xff, 0x0,
    0x40,

    /* U+0060 "`" */
    0x68, 0x30, 0x9, 0x5f, 0x44, 0x0, 0x74, 0x3a,
    0x1, 0x2c, 0x1c, 0x0, 0x4e, 0xce, 0x80,

    /* U+0061 "a" */
    0x1, 0x6b, 0xdf, 0xf6, 0xc0, 0x80, 0x51, 0x28,
    0x40, 0x2, 0x7f, 0x20, 0x7, 0x3e, 0xff, 0xd8,
    0x63, 0x20, 0x7, 0x82, 0x0, 0x8f, 0x45, 0x8,
    0x3, 0xf0, 0xa8, 0x20, 0x0, 0xe7, 0x7f, 0xf2,
    0x0, 0x83, 0x63, 0x11, 0xc, 0xe1, 0xf, 0x19,
    0x7, 0xfd, 0xcc, 0x90, 0x0, 0xe0, 0x70, 0x1,
    0xc2, 0x0, 0xe0, 0x60, 0xf, 0x20, 0x3, 0xc1,
    0x80, 0x3a, 0x0, 0x24, 0x3, 0x80, 0x0, 0xc3,
    0x88, 0x0, 0xd4, 0x1f, 0xfb, 0x8e, 0xc8, 0x1,
    0x54, 0x10, 0x0, 0xe6, 0x40, 0x10,

    /* U+0062 "b" */
    0xdf, 0x50, 0xf, 0xff, 0x80, 0xcf, 0x7f, 0x48,
    0x80, 0x62, 0xf6, 0x1, 0x13, 0x78, 0x80, 0x50,
    0x17, 0xdc, 0xc1, 0x16, 0x80, 0x6d, 0x40, 0x1,
    0xe0, 0x1a, 0x0, 0x10, 0xc0, 0x31, 0x20, 0x68,
    0x3, 0x0, 0x3d, 0x80, 0xa0, 0x2, 0x0, 0xf1,
    0x1, 0x0, 0x7f, 0xf0, 0x88, 0x3, 0xc4, 0x4,
    0x0, 0xc0, 0xf, 0x60, 0x28, 0x1, 0xc, 0x3,
    0x12, 0x6, 0x80, 0x5a, 0x80, 0x3, 0xc0, 0x34,
    0x0, 0x48, 0x5f, 0xfb, 0x4, 0x5a, 0x1, 0x1f,
    0xb0, 0x80, 0xb7, 0x88, 0x0,

    /* U+0063 "c" */
    0x0, 0x8a, 0x77, 0xfb, 0x60, 0x80, 0xf, 0xac,
    0x40, 0x24, 0xf2, 0xd, 0x0, 0xbb, 0xfe, 0xe9,
    0x30, 0x80, 0x6a, 0x20, 0x0, 0xb4, 0x28, 0x84,
    0x0, 0x7d, 0xa0, 0x82, 0x1, 0xf1, 0x1, 0x0,
    0x7f, 0xf1, 0xc8, 0x8, 0x3, 0xf6, 0x82, 0x8,
    0x7, 0xca, 0x21, 0x0, 0x1f, 0xa0, 0x1a, 0x88,
    0x0, 0x2d, 0x0, 0xd0, 0xb, 0xbf, 0xee, 0x93,
    0x0, 0x3e, 0x28, 0x80, 0x93, 0xc8,

    /* U+0064 "d" */
    0x0, 0xfe, 0x1f, 0xf0, 0x80, 0x7f, 0xfa, 0xdf,
    0x7f, 0xa8, 0x80, 0x3d, 0x70, 0x40, 0x5, 0xd4,
    0x0, 0xd0, 0x81, 0x5f, 0xda, 0x74, 0x1, 0xb,
    0x84, 0xa8, 0x0, 0xb0, 0x40, 0x24, 0x1, 0x60,
    0xe, 0x90, 0xb, 0x1, 0x0, 0x3c, 0x80, 0x11,
    0x81, 0x80, 0x78, 0x80, 0x3f, 0xf8, 0x6, 0x1,
    0x18, 0x18, 0x7, 0x84, 0x2, 0xc0, 0x40, 0xf,
    0x20, 0x4, 0x80, 0x2c, 0x1, 0xd2, 0x1, 0xb,
    0x84, 0xb0, 0x0, 0xb0, 0x40, 0x34, 0x20, 0x4f,
    0xf6, 0x9d, 0x0, 0x75, 0xc1, 0x0, 0x17, 0x50,
    0x2,

    /* U+0065 "e" */
    0x0, 0x8e, 0xbb, 0xfd, 0x8c, 0x1, 0xcf, 0x8a,
    0x20, 0x3, 0x9b, 0x0, 0x96, 0x2, 0x3b, 0xfd,
    0x42, 0x92, 0x0, 0xb0, 0xa7, 0x10, 0x2, 0xe8,
    0x30, 0xa0, 0x92, 0x80, 0x71, 0x90, 0x26, 0x1,
    0xe6, 0x7c, 0x60, 0x44, 0x1, 0x33, 0xf8, 0x40,
    0x32, 0xff, 0xff, 0x39, 0x3, 0x0, 0x7f, 0xb4,
    0xc, 0x80, 0x3f, 0x94, 0x42, 0x40, 0x3e, 0x10,
    0x5, 0x82, 0x59, 0x80, 0x47, 0x1e, 0x0, 0x59,
    0x4, 0xcf, 0xef, 0xc7, 0x10, 0x9, 0xb5, 0x88,
    0x4, 0x49, 0x1c, 0x0,

    /* U+0066 "f" */
    0x0, 0xd1, 0xbf, 0xee, 0x0, 0xad, 0xc8, 0x44,
    0x40, 0x2, 0x40, 0xce, 0xe6, 0x0, 0x1c, 0x8,
    0xc0, 0x38, 0xc0, 0x40, 0x33, 0xfc, 0x81, 0xff,
    0xca, 0x46, 0x40, 0x3, 0x39, 0x97, 0x2c, 0xf,
    0x32, 0x30, 0xf, 0xff, 0xf8, 0x7, 0xff, 0x30,

    /* U+0067 "g" */
    0x0, 0x9f, 0x7f, 0xa8, 0xc7, 0xfc, 0x20, 0xc,
    0x82, 0x0, 0x2e, 0x20, 0x6, 0x93, 0xa, 0xfe,
    0xd4, 0xa0, 0x8, 0x58, 0x29, 0x40, 0x5, 0x64,
    0x1, 0x38, 0xa, 0x80, 0x75, 0x0, 0x5e, 0x8,
    0x1, 0xe4, 0x0, 0x8c, 0xc, 0x3, 0xc4, 0x1,
    0xff, 0xc4, 0x30, 0x30, 0xf, 0x10, 0x5, 0xe0,
    0x80, 0x1e, 0x40, 0x9, 0xc0, 0x54, 0x3, 0xa8,
    0x2, 0x16, 0xa, 0x50, 0x1, 0x59, 0x0, 0x69,
    0x30, 0xaf, 0xed, 0x4a, 0x0, 0x8, 0x3, 0x20,
    0x80, 0xb, 0xae, 0x1, 0xe7, 0xdf, 0xea, 0x27,
    0x3, 0x0, 0xff, 0x48, 0x20, 0x0, 0x64, 0xc0,
    0x22, 0xb3, 0xa, 0x0, 0x9b, 0x3f, 0xb9, 0xa8,
    0x14, 0x40, 0x1, 0x84, 0x11, 0x89, 0xb5, 0x40,
    0x0,

    /* U+0068 "h" */
    0xdf, 0x50, 0xf, 0xff, 0x8c, 0x6f, 0xf5, 0x8,
    0x6, 0x3d, 0x72, 0x1, 0x5f, 0x10, 0xa, 0x2,
    0xff, 0xd4, 0x3, 0x0, 0x10, 0xfa, 0x0, 0x16,
    0x1, 0xc0, 0x25, 0x20, 0xc, 0xa0, 0x22, 0x0,
    0x68, 0x7, 0x10, 0x0, 0xc0, 0x4, 0x1, 0xff,
    0xff, 0x0, 0xff, 0xe3, 0x0,

    /* U+0069 "i" */
    0xbf, 0x60, 0x8, 0x88, 0x73, 0xaa, 0x1, 0x5f,
    0xb0, 0x7, 0xff, 0x6c,

    /* U+006A "j" */
    0x0, 0xaf, 0xd8, 0x3, 0xf8, 0x88, 0x60, 0x14,
    0xea, 0x80, 0x7f, 0x5f, 0xb0, 0x7, 0xff, 0xfc,
    0x3, 0xce, 0x1, 0xc2, 0x4, 0x0, 0x42, 0x5,
    0x6f, 0xb0, 0x51, 0x10, 0xb, 0xd0, 0x0,

    /* U+006B "k" */
    0xdf, 0x50, 0xf, 0xff, 0xad, 0xfe, 0x90, 0x7,
    0xd8, 0x85, 0x84, 0x1, 0xc3, 0x86, 0x6c, 0x10,
    0xe, 0x1c, 0x33, 0x60, 0x80, 0x71, 0x79, 0x26,
    0x0, 0x7b, 0x70, 0x56, 0xc0, 0x3e, 0x71, 0x2a,
    0x0, 0xfc, 0xa0, 0x50, 0x1, 0xfb, 0xe8, 0x1d,
    0xc0, 0x1f, 0x96, 0x42, 0x1c, 0x3, 0xf3, 0x48,
    0x43, 0x0, 0x7e, 0x69, 0x9, 0x60, 0xf, 0xcd,
    0x1, 0x2a, 0x1, 0xf9, 0xe0, 0x29, 0x40,

    /* U+006C "l" */
    0xbf, 0x60, 0xf, 0xff, 0x50,

    /* U+006D "m" */
    0xdf, 0x50, 0x8d, 0xfd, 0x70, 0x9, 0x2f, 0xbe,
    0xcc, 0x3, 0x1e, 0xb9, 0x1, 0x45, 0x3, 0xda,
    0x8, 0x26, 0x18, 0x5, 0x1, 0x7f, 0xd0, 0xa,
    0xf0, 0xfd, 0xf8, 0x41, 0xe0, 0x10, 0xfa, 0x0,
    0xba, 0x4, 0x34, 0x8, 0x1c, 0x81, 0x88, 0x1,
    0x48, 0x3, 0x68, 0x2, 0xc0, 0x32, 0x0, 0x14,
    0x1, 0xa0, 0x1c, 0x60, 0x2, 0x0, 0xe2, 0x1,
    0x0, 0x10, 0x7, 0xc4, 0x1, 0xff, 0xff, 0x0,
    0xff, 0xff, 0x0,

    /* U+006E "n" */
    0xdf, 0x50, 0x8d, 0xfe, 0xa1, 0x0, 0xc7, 0xae,
    0x40, 0x2b, 0xe2, 0x1, 0x40, 0x5f, 0xfa, 0x80,
    0x60, 0x2, 0x1f, 0x40, 0x2, 0xc0, 0x38, 0x4,
    0xa4, 0x1, 0x94, 0x4, 0x40, 0xd, 0x0, 0xe2,
    0x0, 0x18, 0x0, 0x80, 0x3f, 0xff, 0xe0, 0x1f,
    0xfc, 0x60,

    /* U+006F "o" */
    0x0, 0x96, 0xfb, 0xfa, 0x88, 0x3, 0xaa, 0x88,
    0x23, 0x2e, 0xb0, 0x5, 0xa, 0x11, 0xfd, 0xc4,
    0x9, 0x30, 0x17, 0x8, 0x70, 0x0, 0xd9, 0x84,
    0x2, 0x0, 0x1c, 0x3, 0xa0, 0x10, 0x74, 0x10,
    0x3, 0xc8, 0x0, 0x52, 0x2, 0x0, 0xfe, 0x10,
    0x1, 0x80, 0x7f, 0x88, 0x18, 0x3, 0xf8, 0x74,
    0xc, 0x40, 0x39, 0x0, 0xa, 0x80, 0x9, 0x0,
    0xe8, 0x4, 0x11, 0x38, 0x3b, 0x80, 0x3, 0x66,
    0x10, 0x0, 0x85, 0x8, 0xfe, 0xe2, 0x4, 0x98,
    0x5, 0x54, 0x41, 0x19, 0x75, 0x80, 0x0,

    /* U+0070 "p" */
    0xdf, 0x51, 0x9e, 0xfe, 0x91, 0x0, 0xc5, 0xec,
    0x2, 0x26, 0xf1, 0x0, 0xa0, 0x2f, 0xb9, 0x82,
    0x2d, 0x0, 0xda, 0x80, 0x3, 0xc0, 0x34, 0x0,
    0x21, 0x80, 0x62, 0x40, 0xd0, 0x6, 0x0, 0x7b,
    0x1, 0x40, 0x4, 0x1, 0xe2, 0x2, 0x0, 0xff,
    0xe1, 0x10, 0x7, 0x88, 0x8, 0x1, 0x80, 0x1e,
    0xc0, 0x50, 0x2, 0x18, 0x6, 0x24, 0xd, 0x0,
    0xb5, 0x0, 0x7, 0x80, 0x68, 0x0, 0x90, 0xbf,
    0xf6, 0x8, 0xb4, 0x2, 0x3f, 0x61, 0x1, 0x6f,
    0x10, 0xc, 0x33, 0xdf, 0xd2, 0x20, 0x1f, 0xfe,
    0x60,

    /* U+0071 "q" */
    0x0, 0x9f, 0x7f, 0xa8, 0x87, 0xfc, 0x20, 0xb,
    0x82, 0x0, 0x2e, 0xa0, 0x6, 0x84, 0xa, 0xfe,
    0xd3, 0xa0, 0x8, 0x5c, 0x25, 0x40, 0x5, 0x82,
    0x1, 0x20, 0xb, 0x0, 0x74, 0x80, 0x58, 0x8,
    0x1, 0xe4, 0x0, 0x8c, 0xc, 0x3, 0xc4, 0x1,
    0xff, 0xc0, 0x30, 0x8, 0xc0, 0xc0, 0x3c, 0x20,
    0x16, 0x2, 0x0, 0x79, 0x0, 0x24, 0x1, 0x60,
    0xe, 0x90, 0x8, 0x5c, 0x25, 0x80, 0x5, 0x82,
    0x1, 0xa1, 0x2, 0x7f, 0xb4, 0xe8, 0x3, 0xae,
    0x8, 0x0, 0xba, 0x80, 0x1e, 0x7d, 0xfe, 0xa2,
    0x0, 0xff, 0xf6, 0x0,

    /* U+0072 "r" */
    0xdf, 0x50, 0x8d, 0xfd, 0x0, 0x1e, 0xb9, 0x0,
    0x68, 0x3a, 0xef, 0xe0, 0x0, 0xea, 0x88, 0x18,
    0x1, 0xc, 0x3, 0xd8, 0x1, 0xf1, 0x0, 0x7f,
    0xfc, 0x40,

    /* U+0073 "s" */
    0x0, 0x36, 0x7f, 0xbb, 0x64, 0xc0, 0x17, 0x26,
    0x2, 0x22, 0x69, 0x5, 0x40, 0xaf, 0xef, 0xe9,
    0xc0, 0xc0, 0x65, 0x0, 0x85, 0x98, 0x2, 0x6,
    0x1, 0xfa, 0xc1, 0x6d, 0x44, 0x3, 0x8e, 0x1,
    0x2b, 0xb6, 0x8, 0x2, 0x7e, 0x84, 0x2, 0x7d,
    0x50, 0x8, 0x5e, 0xff, 0x10, 0x28, 0x3, 0xe3,
    0xb0, 0x1, 0x80, 0x7f, 0x9e, 0xa5, 0x0, 0x21,
    0xa0, 0x2, 0xb, 0x5f, 0xf7, 0xf2, 0x85, 0x4,
    0xc2, 0x10, 0x81, 0x36, 0xa8, 0x0,

    /* U+0074 "t" */
    0x0, 0x34, 0x18, 0x7, 0xa9, 0xd4, 0x3, 0xff,
    0x94, 0xbe, 0x61, 0x3f, 0xf6, 0x89, 0x80, 0x8,
    0xce, 0x74, 0xc3, 0xb, 0xcc, 0xa8, 0x3, 0xff,
    0xea, 0xe0, 0x20, 0x1e, 0x30, 0xb1, 0x0, 0xea,
    0x3, 0xee, 0xac, 0x0, 0x56, 0x82, 0x33, 0x0,

    /* U+0075 "u" */
    0xff, 0x18, 0x7, 0x17, 0xf8, 0x3, 0xff, 0xfe,
    0x1, 0xff, 0xc6, 0x10, 0x8, 0x41, 0x80, 0x39,
    0x40, 0x25, 0xf, 0x0, 0xeb, 0x0, 0xb8, 0x15,
    0xc4, 0xf, 0xc, 0x2, 0x54, 0x8, 0xef, 0xc2,
    0xa0, 0xd, 0x6e, 0x40, 0x2d, 0xec, 0x1, 0x0,

    /* U+0076 "v" */
    0x1f, 0xf1, 0x0, 0x7d, 0xfe, 0x41, 0x30, 0xa0,
    0xf, 0x28, 0xa, 0x5, 0x2, 0x80, 0x7b, 0xc1,
    0xc0, 0xe, 0x4, 0x60, 0x1c, 0xa1, 0xa0, 0x1,
    0x40, 0xa0, 0xc, 0xa0, 0x28, 0x1, 0x70, 0x38,
    0x6, 0xe0, 0x60, 0xc, 0xa0, 0x28, 0x0, 0x14,
    0xb, 0x0, 0xe5, 0xd, 0x0, 0x38, 0x11, 0x80,
    0x77, 0x3, 0x0, 0x28, 0x28, 0x3, 0xc8, 0x20,
    0xa2, 0x60, 0xa0, 0x1f, 0x38, 0x7b, 0x1, 0x90,
    0x7, 0xd4, 0xb, 0x41, 0x60, 0x1f, 0x8c, 0x40,
    0x81, 0x80, 0x3f, 0x98, 0x0, 0x82, 0x1, 0x80,

    /* U+0077 "w" */
    0xdf, 0x40, 0xd, 0x3f, 0xe3, 0x0, 0xd5, 0xf0,
    0x81, 0x80, 0x19, 0x0, 0x8, 0x1, 0x90, 0x33,
    0xc1, 0x0, 0x21, 0x20, 0x6, 0x0, 0x44, 0x20,
    0x88, 0x3, 0x0, 0x90, 0x18, 0x50, 0x2, 0x40,
    0x30, 0x21, 0x4, 0x0, 0x68, 0x62, 0x81, 0x80,
    0x30, 0x10, 0x0, 0x81, 0x80, 0x4, 0x4, 0xc0,
    0x40, 0x2, 0x6, 0x0, 0x30, 0x10, 0x0, 0x64,
    0x28, 0x18, 0x4, 0x20, 0x80, 0x4, 0x3, 0x4,
    0x4, 0x3, 0x5, 0x4, 0x3, 0x0, 0x88, 0x41,
    0x30, 0x30, 0x0, 0x82, 0x5e, 0x8, 0x1, 0x90,
    0x31, 0x1, 0x0, 0x18, 0x8, 0x80, 0xc0, 0xd,
    0x80, 0x86, 0x42, 0x0, 0x40, 0xa2, 0x4, 0x0,
    0xc8, 0x6, 0x8, 0x1, 0x18, 0x18, 0x18, 0x7,
    0x10, 0x80, 0x30, 0x3, 0x20, 0x1, 0x0, 0x3c,
    0x80, 0x4, 0x0, 0xd8, 0x0, 0xc0, 0x8,

    /* U+0078 "x" */
    0x8, 0xfe, 0x10, 0xe, 0xbf, 0xc0, 0x4, 0x18,
    0xd0, 0x6, 0x64, 0xe, 0x0, 0xb8, 0x11, 0x80,
    0x5, 0x21, 0x24, 0x1, 0x14, 0x84, 0x90, 0x70,
    0x23, 0x0, 0x73, 0x20, 0x74, 0x18, 0xd0, 0x7,
    0xd4, 0x26, 0xe1, 0x62, 0x1, 0xf0, 0xc0, 0x1,
    0x54, 0x1, 0xfd, 0x40, 0x7, 0x0, 0xfe, 0x73,
    0x1, 0x29, 0x0, 0xf8, 0xe0, 0x2a, 0x80, 0xc8,
    0x1, 0xee, 0x5, 0x52, 0x38, 0x50, 0x80, 0x69,
    0x21, 0xb0, 0x4, 0x10, 0xd8, 0x4, 0x8c, 0x14,
    0x20, 0x17, 0x2, 0xb0, 0xd, 0x3, 0x20, 0x6,
    0x38, 0x9, 0x20,

    /* U+0079 "y" */
    0x1f, 0xf1, 0x80, 0x7d, 0xfe, 0x41, 0x40, 0xa0,
    0xf, 0x28, 0xa, 0x7, 0x83, 0x80, 0x7b, 0x81,
    0x80, 0x8, 0x22, 0x50, 0xc, 0x48, 0x14, 0x1,
    0x30, 0x70, 0x6, 0xa0, 0x32, 0x0, 0xa8, 0x10,
    0x40, 0x26, 0x9, 0x0, 0xc4, 0x80, 0xc0, 0x4,
    0x10, 0x50, 0xe, 0xe0, 0xa0, 0x7, 0x3, 0x0,
    0x79, 0x44, 0x8c, 0x14, 0x28, 0x3, 0xe7, 0xa,
    0x60, 0x23, 0x0, 0xfa, 0xc1, 0xac, 0x28, 0x3,
    0xf1, 0x18, 0x10, 0x30, 0x7, 0xf5, 0x0, 0x10,
    0x40, 0x3f, 0x9c, 0x1, 0xe0, 0x1f, 0xe4, 0x1,
    0x40, 0xf, 0xf7, 0x3, 0x0, 0x7f, 0x95, 0x2,
    0x40, 0x3e, 0x1e, 0xe5, 0x3, 0x88, 0x7, 0xe1,
    0x11, 0x44, 0x0, 0x3e,

    /* U+007A "z" */
    0xaf, 0xff, 0xe9, 0x23, 0x3f, 0x80, 0x28, 0xcc,
    0xf5, 0x0, 0x28, 0x3, 0xc7, 0x21, 0x26, 0x1,
    0xc3, 0xa0, 0xcc, 0x0, 0xf6, 0x89, 0xc8, 0x7,
    0xa4, 0xc7, 0x40, 0x3c, 0xcc, 0xd, 0x10, 0xe,
    0x39, 0x9, 0x30, 0xe, 0x1d, 0x6, 0x60, 0x7,
    0xb4, 0x4e, 0x40, 0x3d, 0x26, 0x3a, 0x1, 0xf3,
    0x0, 0x37, 0x33, 0xce, 0x0, 0x13, 0x3f, 0xb8,

    /* U+007B "{" */
    0x0, 0xc3, 0x1b, 0xfe, 0x40, 0xd, 0xae, 0x44,
    0x37, 0x0, 0x88, 0xc2, 0xf7, 0xc, 0x2, 0x60,
    0x14, 0x0, 0xf0, 0x81, 0x80, 0x7f, 0xf4, 0x44,
    0x3, 0xe3, 0x0, 0xfe, 0xf0, 0x60, 0xe, 0x15,
    0x60, 0xf0, 0xd, 0xfd, 0x43, 0x4a, 0x1, 0x90,
    0xc0, 0x7c, 0x3, 0xaf, 0x38, 0x55, 0xc0, 0x3c,
    0x2c, 0x18, 0x1, 0xf7, 0x3, 0x80, 0x7c, 0x60,
    0x20, 0x1f, 0xfd, 0x13, 0x0, 0xf9, 0xc0, 0x4c,
    0x3, 0xc4, 0x40, 0xcd, 0xc3, 0x0, 0xd8, 0xc4,
    0x43, 0x70,

    /* U+007C "|" */
    0xff, 0x0, 0x7f, 0xff, 0x40,

    /* U+007D "}" */
    0xff, 0x6d, 0x10, 0x7, 0x19, 0x89, 0x70, 0x40,
    0x36, 0x63, 0x84, 0x4e, 0x1, 0xe1, 0x40, 0xe0,
    0xf, 0x88, 0x4, 0x3, 0xff, 0xb6, 0x60, 0x1f,
    0x70, 0x38, 0x7, 0xce, 0x5, 0x2, 0x1, 0xc3,
    0x86, 0xfd, 0xe8, 0x1, 0x90, 0xc0, 0x91, 0xc0,
    0x23, 0x80, 0xbd, 0xb3, 0x0, 0x90, 0xd, 0x0,
    0x3d, 0xe0, 0xc0, 0x1f, 0xc6, 0x1, 0xff, 0xcf,
    0x10, 0xf, 0xc2, 0xe1, 0xe0, 0x1b, 0x31, 0xc2,
    0xe, 0x1, 0x8c, 0xc2, 0xb8, 0x20, 0x18,

    /* U+007E "~" */
    0x0, 0xff, 0xe3, 0x2d, 0xff, 0x5a, 0x80, 0x79,
    0x60, 0x6e, 0x90, 0x5, 0x2b, 0x9c, 0x80, 0xea,
    0x82, 0xc8, 0x8b, 0xed, 0x82, 0x18, 0xdf, 0xc5,
    0x3b, 0x9, 0xb4, 0x12, 0x7d, 0xb5, 0x10, 0x39,
    0xc2, 0x76, 0x0, 0xf2, 0x57, 0x7e, 0x30, 0x0,

    /* U+00A0 " " */

    /* U+00A1 "¡" */
    0x6f, 0xf0, 0x7, 0x9b, 0xb8, 0x2, 0x20, 0x8,
    0xbf, 0x4, 0x5, 0xc0, 0xc4, 0x4, 0x2, 0x30,
    0xf, 0xfe, 0x42, 0x55, 0x0,

    /* U+00A2 "¢" */
    0x0, 0xf5, 0x8, 0x7, 0xf2, 0x98, 0x7, 0xff,
    0x41, 0x6f, 0xc3, 0x75, 0x2, 0x0, 0xba, 0x40,
    0x0, 0x93, 0xb8, 0x29, 0x2, 0x78, 0x33, 0xa0,
    0xd1, 0x42, 0xd8, 0x40, 0x2, 0xeb, 0xc0, 0x68,
    0x1, 0xf3, 0x85, 0x80, 0x7e, 0x20, 0x20, 0xf,
    0xfe, 0x38, 0x81, 0x0, 0x7e, 0x50, 0xd0, 0xf,
    0xda, 0xa, 0x40, 0x1f, 0x31, 0x7, 0x8, 0x6,
    0x33, 0x7, 0x9, 0xf5, 0x84, 0x66, 0x14, 0xf,
    0x14, 0x10, 0x14, 0xc9, 0x40, 0x5, 0x5d, 0x61,
    0x3b, 0xa3, 0x0, 0xc2, 0x80, 0x84, 0x1, 0xff,
    0xc7, 0x13, 0x0, 0x80,

    /* U+00A3 "£" */
    0x0, 0xe5, 0xbe, 0xfe, 0xb5, 0x0, 0xe8, 0xa4,
    0x10, 0x14, 0xb0, 0xc, 0x4e, 0xb, 0xdf, 0xd6,
    0xe0, 0x19, 0x40, 0x68, 0x40, 0x52, 0x40, 0x36,
    0x82, 0x80, 0x7f, 0x84, 0x4, 0x3, 0xff, 0xad,
    0x98, 0x50, 0x4c, 0xcc, 0x40, 0x11, 0x98, 0x40,
    0x4c, 0xf0, 0x80, 0x5f, 0xe4, 0x5, 0xff, 0xc6,
    0x1, 0xff, 0xeb, 0x11, 0x0, 0x42, 0x3e, 0x7,
    0xee, 0x20, 0x2f, 0x77, 0x88, 0x3, 0xff, 0x82,

    /* U+00A4 "¤" */
    0x5, 0x0, 0xfe, 0x41, 0x8, 0xa8, 0x0, 0xf9,
    0x2f, 0x2, 0xc1, 0xdc, 0xd9, 0xfb, 0x9, 0x61,
    0x40, 0x76, 0x11, 0x26, 0x4, 0xf6, 0xe, 0xe0,
    0x2, 0x28, 0x1e, 0x7f, 0x30, 0xc, 0x0, 0x42,
    0xa3, 0x86, 0x3, 0x2a, 0x2a, 0x1, 0x28, 0x38,
    0x7, 0x70, 0x68, 0x7, 0xff, 0x15, 0x41, 0xc0,
    0x3b, 0x83, 0x40, 0x21, 0x51, 0xc2, 0x1, 0x85,
    0x15, 0x0, 0x91, 0x40, 0xf7, 0xf9, 0xc0, 0x60,
    0x0, 0x76, 0x11, 0x26, 0x4, 0xf6, 0xe, 0xe0,
    0xa0, 0x77, 0x36, 0x7e, 0xc2, 0x60, 0x50, 0x4d,
    0x40, 0x7, 0xc7, 0x98, 0x0,

    /* U+00A5 "¥" */
    0xc, 0xf7, 0x0, 0xf8, 0xff, 0xc2, 0x1e, 0x12,
    0x1, 0xf4, 0x4, 0x8, 0x1a, 0xc, 0x0, 0x72,
    0x20, 0x5c, 0x2, 0x90, 0x71, 0x0, 0xd0, 0x10,
    0x1, 0x89, 0x42, 0x0, 0x25, 0x32, 0x60, 0xe,
    0x80, 0x61, 0x0, 0x40, 0x40, 0x7, 0x89, 0x82,
    0x1, 0x88, 0x8a, 0x1, 0x9b, 0xfc, 0xc0, 0xc7,
    0x0, 0x5f, 0xea, 0x0, 0x2b, 0xbc, 0x81, 0xa2,
    0x4e, 0xf7, 0x80, 0xe, 0x22, 0xa0, 0x10, 0x98,
    0x89, 0x40, 0x3c, 0x2c, 0x4, 0x80, 0x1e, 0x6f,
    0xfc, 0xc0, 0x5f, 0xfa, 0x80, 0xa, 0xef, 0x8c,
    0x5, 0xdf, 0x78, 0x0, 0xe2, 0x32, 0x1, 0xc4,
    0x65, 0x0, 0xff, 0xf8, 0x80,

    /* U+00A6 "¦" */
    0xff, 0x0, 0x7f, 0xf3, 0x72, 0xc0, 0xd0, 0x3,
    0x1a, 0x6, 0x58, 0x7, 0xff, 0x34,

    /* U+00A7 "§" */
    0x0, 0x25, 0xf7, 0xed, 0x20, 0x1, 0xad, 0x0,
    0xcc, 0xbe, 0x0, 0x90, 0x8e, 0xce, 0xcd, 0x1,
    0x0, 0x30, 0x4, 0x6c, 0x2, 0x0, 0x70, 0xf,
    0x9c, 0x25, 0xc0, 0x3d, 0x60, 0x8, 0xd3, 0x0,
    0x8b, 0x6, 0x8c, 0xb2, 0x40, 0x10, 0x14, 0xb9,
    0x20, 0xd8, 0x8, 0x8, 0x0, 0x6d, 0x13, 0x82,
    0x5, 0x0, 0x8a, 0x81, 0x68, 0x29, 0x0, 0x24,
    0x0, 0x33, 0x2, 0xe4, 0x41, 0x81, 0x42, 0x68,
    0x5b, 0xe6, 0x45, 0x0, 0x5, 0xf6, 0x16, 0xc,
    0x0, 0xc3, 0x36, 0x0, 0x80, 0xf, 0x25, 0x3,
    0x0, 0x7c, 0x80, 0x1, 0x8, 0x20, 0xa, 0x40,
    0x44, 0xf, 0xbd, 0x9c, 0xe1, 0x60, 0x9, 0x40,
    0x31, 0x4b, 0x50,

    /* U+00A8 "¨" */
    0x37, 0x60, 0x3, 0x39, 0xa4, 0x40, 0x1, 0x10,
    0x40, 0xf, 0xc0,

    /* U+00A9 "©" */
    0x0, 0xff, 0xe5, 0x9c, 0xef, 0xfb, 0x64, 0xc0,
    0x3f, 0xd, 0x61, 0x5d, 0xe2, 0xca, 0x0, 0xf0,
    0xe3, 0x6d, 0xb2, 0x21, 0xaf, 0x5b, 0x44, 0x3,
    0x6b, 0x61, 0x0, 0x4, 0x40, 0x2, 0xc6, 0xd0,
    0x9, 0xca, 0x80, 0x11, 0xdd, 0x7e, 0x20, 0x51,
    0x38, 0x2, 0x2c, 0x43, 0x5c, 0xa2, 0xa1, 0xcc,
    0x6, 0xe4, 0x14, 0x54, 0x24, 0x9b, 0x1d, 0x5e,
    0xdc, 0x0, 0xa0, 0x9a, 0x80, 0x6, 0x8, 0x0,
    0xfe, 0x4c, 0x22, 0x1, 0x1, 0x8, 0x7, 0xf1,
    0x90, 0x7, 0x8, 0x7, 0xf8, 0x40, 0xc4, 0x8,
    0xc, 0x3, 0xfc, 0x44, 0xc4, 0x0, 0x28, 0x38,
    0x7, 0xf2, 0x6a, 0x12, 0x4, 0xc, 0x52, 0x11,
    0xbb, 0x0, 0x10, 0x50, 0x5a, 0x0, 0xb1, 0x16,
    0xf7, 0x24, 0xc0, 0x10, 0xc2, 0x10, 0x52, 0x5,
    0x7d, 0x76, 0xde, 0x50, 0x92, 0x80, 0x0, 0xeb,
    0xd0, 0x0, 0x51, 0x4, 0x0, 0xa7, 0xd1, 0x0,
    0x8f, 0x1f, 0x9c, 0xc4, 0x46, 0xfc, 0xf8, 0x60,
    0x1c, 0x5b, 0x17, 0x9d, 0xcc, 0xb8, 0xd2, 0x0,
    0xfc, 0xd9, 0xdb, 0xae, 0xc6, 0x0, 0xe0,

    /* U+00AA "ª" */
    0x7, 0xce, 0xfe, 0xa2, 0x0, 0x62, 0x45, 0x4a,
    0x60, 0x85, 0xc3, 0x2b, 0x50, 0xb0, 0x1d, 0xff,
    0xba, 0xc3, 0x4f, 0x1a, 0x6e, 0xd4, 0x0, 0xa0,
    0xe6, 0x44, 0x30, 0x7, 0xe9, 0x0, 0x68, 0x6b,
    0xb5, 0xa0, 0x1, 0x28, 0xe2, 0x5, 0x86, 0x40,
    0xbb, 0xfd, 0x25, 0x90, 0x4c, 0xdf, 0x22, 0x26,
    0x7e, 0xf0,

    /* U+00AB "«" */
    0x0, 0xe3, 0x40, 0x8, 0x94, 0x3, 0x26, 0x8,
    0x0, 0xf0, 0x80, 0x24, 0xb0, 0x60, 0x3c, 0x13,
    0x0, 0x2d, 0x8e, 0x1a, 0x60, 0x5a, 0x3, 0x50,
    0xe1, 0xad, 0x86, 0x20, 0x14, 0x86, 0x10, 0x50,
    0x61, 0x80, 0x9, 0x2, 0x0, 0xa, 0x10, 0x1,
    0xad, 0x16, 0xc2, 0x99, 0x30, 0x40, 0x2b, 0x54,
    0xc1, 0x97, 0x3c, 0x10, 0xa, 0x98, 0xd0, 0x22,
    0x4, 0xc0, 0x1a, 0x60, 0x2, 0x79, 0x10, 0xe,
    0x75, 0x0, 0x99, 0x80,

    /* U+00AC "¬" */
    0x1, 0x1f, 0xfe, 0x10, 0x3f, 0x77, 0xff, 0xa,
    0x40, 0x3f, 0xf8, 0x8f, 0xff, 0xff, 0xc0, 0x90,
    0xf, 0xff, 0xb0,

    /* U+00AD "­" */
    0xdf, 0xfe, 0x70, 0xf, 0x80,

    /* U+00AE "®" */
    0x0, 0xff, 0xe5, 0x9c, 0xef, 0xfb, 0x64, 0xc0,
    0x3f, 0xd, 0x61, 0x5d, 0xe2, 0xca, 0x0, 0xf0,
    0xe3, 0x6d, 0xb2, 0x21, 0xaf, 0x5b, 0x44, 0x3,
    0x6b, 0x61, 0x0, 0x78, 0xb1, 0xb4, 0x2, 0x72,
    0xa0, 0x9f, 0xfd, 0xae, 0x0, 0xa2, 0x70, 0x4,
    0x58, 0x80, 0x53, 0x96, 0xd0, 0xe0, 0x37, 0x20,
    0xa2, 0xa0, 0x18, 0x8d, 0x28, 0x2c, 0x0, 0xa0,
    0x9a, 0x80, 0x1f, 0x84, 0x3, 0x93, 0x8, 0x80,
    0x1f, 0xc, 0x82, 0x0, 0x46, 0x40, 0x1f, 0x5f,
    0xf3, 0xba, 0x0, 0x21, 0x3, 0x10, 0xe, 0x9b,
    0x21, 0xb0, 0xc, 0x44, 0xc4, 0x0, 0xe2, 0x4f,
    0xd, 0x10, 0x9, 0x35, 0x9, 0x0, 0x3c, 0x52,
    0x30, 0x0, 0x41, 0x41, 0x68, 0x0, 0xf9, 0x8d,
    0x8c, 0x21, 0x84, 0x20, 0xa4, 0x2e, 0xca, 0x1,
    0x6d, 0x8c, 0x94, 0x0, 0x7, 0x5e, 0x89, 0x4,
    0x2, 0x14, 0x87, 0xd1, 0x0, 0x8f, 0x1f, 0x9c,
    0xc4, 0x46, 0xfc, 0xf8, 0x60, 0x1c, 0x5b, 0x17,
    0x9d, 0xcc, 0xb8, 0xd2, 0x0, 0xfc, 0xd9, 0xdb,
    0xae, 0xc6, 0x0, 0xe0,

    /* U+00AF "¯" */
    0x6c, 0xcf, 0x37, 0x19, 0xfb, 0x80,

    /* U+00B0 "°" */
    0x0, 0x1c, 0x40, 0xc0, 0x28, 0xc7, 0x76, 0x40,
    0x23, 0xaf, 0x71, 0x5d, 0x38, 0x68, 0x45, 0x43,
    0xa2, 0x60, 0x18, 0xc8, 0xc8, 0xc0, 0x6, 0x59,
    0x23, 0x95, 0x4c, 0x16, 0x1c, 0x45, 0x5b, 0xc4,

    /* U+00B1 "±" */
    0x0, 0xf9, 0xe0, 0x3, 0xff, 0x85, 0x2e, 0x1,
    0xff, 0xeb, 0x7f, 0xff, 0x8, 0x7f, 0xfa, 0x40,
    0x3f, 0xf8, 0x8f, 0xdd, 0xe1, 0xe, 0xef, 0x48,
    0x8, 0xf8, 0x0, 0x23, 0xe0, 0xf, 0xff, 0x67,
    0x78, 0x7, 0xe1, 0x1f, 0xfe, 0x10, 0x3f, 0x77,
    0xff, 0xa, 0x40, 0x3f, 0xf8, 0x80,

    /* U+00B2 "²" */
    0x6b, 0xef, 0xd8, 0x10, 0xc3, 0xbb, 0x3b, 0xb4,
    0x2a, 0x15, 0x28, 0x8c, 0x3, 0x88, 0x8a, 0x1,
    0x8b, 0xce, 0x80, 0x23, 0xc1, 0xd0, 0x9, 0x71,
    0x30, 0x40, 0x11, 0x49, 0xea, 0xb0, 0x30, 0x25,
    0x56, 0x10,

    /* U+00B3 "³" */
    0x5c, 0xef, 0xea, 0x20, 0x1a, 0xa5, 0xc2, 0x60,
    0x23, 0x22, 0x46, 0x22, 0x0, 0x7f, 0xb4, 0x9c,
    0x40, 0x19, 0x88, 0x3c, 0x0, 0x8c, 0xcf, 0x76,
    0x20, 0xe, 0xf0, 0x79, 0x64, 0x44, 0x38, 0x20,
    0xdd, 0xca, 0xda, 0x20,

    /* U+00B4 "´" */
    0x0, 0x92, 0x18, 0x0, 0x56, 0xe8, 0x0, 0xe0,
    0xb2, 0x9, 0x39, 0x40, 0x46, 0x68, 0x0,

    /* U+00B5 "µ" */
    0xff, 0x18, 0x7, 0x17, 0xf8, 0x3, 0xff, 0xfe,
    0x1, 0xff, 0xce, 0x10, 0xf, 0x30, 0x7, 0x30,
    0x7, 0xbc, 0x3, 0xb8, 0x3, 0xcb, 0x2, 0x3,
    0x28, 0x0, 0x31, 0x0, 0x23, 0xf7, 0xf3, 0x28,
    0x86, 0x58, 0x2, 0x20, 0x40, 0x2f, 0x56, 0x22,
    0xc0, 0x9, 0xf7, 0xfa, 0x1, 0x7b, 0x8c, 0x1,
    0xff, 0xe8,

    /* U+00B6 "¶" */
    0x0, 0x96, 0xfb, 0xff, 0xa8, 0x1, 0x54, 0x41,
    0x1, 0x77, 0x0, 0x4e, 0xa0, 0x18, 0xa2, 0x0,
    0x14, 0x80, 0x7f, 0x84, 0x40, 0x1f, 0xfc, 0xa1,
    0x0, 0xff, 0xe0, 0x30, 0x7, 0xfd, 0x4, 0x1,
    0xfe, 0x1d, 0x61, 0x0, 0xff, 0x4f, 0x68, 0x80,
    0x7f, 0x88, 0x3, 0xff, 0xfe, 0x1, 0xff, 0xd5,
    0x9a, 0x0, 0x47, 0x80,

    /* U+00B7 "·" */
    0x1, 0x10, 0x3f, 0x70, 0x3, 0xf8,

    /* U+00B8 "¸" */
    0x0, 0x17, 0xa8, 0x4, 0x4d, 0x60, 0x1b, 0x84,
    0xde, 0x62, 0x40, 0x81, 0xdc, 0x72, 0x20,

    /* U+00B9 "¹" */
    0x3b, 0xdf, 0xe0, 0xc, 0x70, 0x40, 0x18, 0xe1,
    0x44, 0x3, 0xff, 0xb2, 0x88, 0x10, 0x44, 0x9,
    0x5d, 0x88, 0x6e, 0xc8,

    /* U+00BA "º" */
    0x0, 0x46, 0xff, 0x51, 0x0, 0x5a, 0xee, 0xa9,
    0x5d, 0x30, 0x72, 0x7a, 0x57, 0xc0, 0xf0, 0xb0,
    0x90, 0x8, 0xce, 0x11, 0x0, 0x80, 0x66, 0x3,
    0x10, 0x10, 0xc, 0xc0, 0x76, 0x12, 0x1, 0x19,
    0xc2, 0xe4, 0xf4, 0xd1, 0x81, 0xe0, 0xc, 0x77,
    0x4b, 0x2e, 0x18, 0x0, 0x63, 0x7f, 0xa8, 0xc0,
    0x4, 0xcd, 0xf2, 0x2, 0x4c, 0xfd, 0xe0,

    /* U+00BB "»" */
    0x60, 0xc, 0xc0, 0x1d, 0xb8, 0x1, 0x66, 0x4,
    0x2, 0x33, 0x60, 0x86, 0x9e, 0x8, 0x2, 0x1c,
    0xf0, 0x5e, 0xb, 0xc8, 0x1, 0x10, 0x2f, 0x27,
    0x91, 0xc3, 0x0, 0x3b, 0x86, 0x41, 0xa4, 0x78,
    0x0, 0x4c, 0x1a, 0x5, 0x61, 0x40, 0x78, 0x34,
    0xc5, 0x85, 0x2e, 0x98, 0x36, 0xa7, 0x83, 0x4c,
    0x1e, 0x18, 0x81, 0x23, 0x6a, 0x0, 0x1c, 0x30,
    0x1, 0xe2, 0x0, 0x54, 0x60, 0x14, 0x98, 0x6,

    /* U+00BC "¼" */
    0x16, 0x9b, 0xa0, 0xf, 0xe1, 0xb9, 0x0, 0xe7,
    0x95, 0x52, 0x0, 0x7f, 0x42, 0x68, 0x7, 0x37,
    0xe1, 0x0, 0x7f, 0x13, 0x22, 0x0, 0x3f, 0xf8,
    0xdc, 0x12, 0x1, 0xff, 0xc6, 0x53, 0x72, 0x0,
    0xff, 0xe3, 0x58, 0xc0, 0x7, 0xff, 0x1a, 0x6,
    0xc0, 0x3f, 0xf8, 0xc4, 0xe6, 0xa0, 0x1f, 0xc2,
    0x20, 0x0, 0x88, 0x2, 0x90, 0xe0, 0xc, 0x77,
    0x40, 0x2, 0xee, 0x18, 0xf7, 0x14, 0x11, 0xc,
    0x40, 0x1b, 0x91, 0x0, 0x2, 0xbb, 0xf2, 0x4,
    0x8c, 0x0, 0x69, 0x73, 0x0, 0xc8, 0x9e, 0x17,
    0x28, 0x10, 0x9, 0x5e, 0xc0, 0x3f, 0xe1, 0x83,
    0x60, 0x8, 0x6e, 0x84, 0x3, 0xfe, 0xb0, 0xf0,
    0xd, 0x4e, 0x80, 0x1f, 0xf1, 0xaa, 0x8c, 0x2,
    0x65, 0x81, 0x10, 0x0, 0x40, 0x3e, 0xe0, 0xb0,
    0xd, 0x83, 0xdd, 0x18, 0xf3, 0x80, 0x73, 0x14,
    0x8, 0x6, 0x8b, 0xbc, 0x43, 0x6a, 0x1, 0x86,
    0x9, 0xc0, 0x38, 0x91, 0x30, 0x82, 0x10, 0x6,
    0x72, 0x90, 0xf, 0xfa, 0x60, 0x0,

    /* U+00BD "½" */
    0x0, 0x9, 0x98, 0x3, 0xfc, 0x66, 0x0, 0xc9,
    0xdc, 0xcd, 0x0, 0xfe, 0x4c, 0xa0, 0xe, 0x6a,
    0x20, 0xf, 0xf4, 0x84, 0x0, 0x64, 0x85, 0x10,
    0xf, 0xe6, 0x28, 0x10, 0xf, 0xfe, 0x20, 0xc1,
    0x38, 0x7, 0xff, 0x16, 0x46, 0x0, 0x3f, 0xf8,
    0xa4, 0xe8, 0xa0, 0x1f, 0xfc, 0x59, 0x9, 0x0,
    0xff, 0xe2, 0xa2, 0x18, 0x80, 0x3f, 0x8, 0x80,
    0x2, 0x20, 0xa, 0x46, 0x6, 0x37, 0xfd, 0x88,
    0x5, 0xdc, 0x31, 0xee, 0x28, 0x31, 0x48, 0x92,
    0xd5, 0xc9, 0x5a, 0x15, 0xdf, 0x90, 0x60, 0x9c,
    0xf, 0x5d, 0x1b, 0x43, 0x41, 0x13, 0xc3, 0x3,
    0x20, 0x1f, 0x38, 0x8, 0x7, 0xc4, 0xc8, 0x80,
    0xf, 0xa4, 0x64, 0x3, 0xe9, 0x9, 0x0, 0xfa,
    0xca, 0x84, 0x3, 0xc8, 0x86, 0x20, 0xf, 0x52,
    0x52, 0x0, 0x7d, 0x23, 0x0, 0x1e, 0xb5, 0xa5,
    0x0, 0xf9, 0xca, 0x4, 0x3, 0xad, 0x29, 0x4,
    0x60, 0xc, 0x30, 0x4c, 0x1, 0xc8, 0x80, 0xae,
    0xea, 0x80, 0x33, 0x9c, 0x80, 0x79, 0x6e, 0xfd,
    0x0,

    /* U+00BE "¾" */
    0x0, 0xff, 0xe5, 0x2e, 0xff, 0xd4, 0x20, 0x1f,
    0x17, 0xd8, 0x7, 0xaa, 0xed, 0xb, 0x80, 0x1f,
    0x48, 0x48, 0x7, 0x2b, 0xa2, 0x1d, 0x48, 0x40,
    0x39, 0x51, 0xc8, 0x3, 0xf0, 0xa2, 0x8, 0x40,
    0x3a, 0xc6, 0x0, 0x3f, 0x7f, 0x5a, 0xe0, 0x7,
    0x38, 0xc0, 0x7, 0xf6, 0x5b, 0xa5, 0x80, 0x61,
    0x83, 0x60, 0xf, 0xe3, 0x48, 0x75, 0x40, 0xa,
    0xc3, 0xc0, 0x3f, 0xf8, 0x3e, 0x2, 0x0, 0x35,
    0x51, 0x80, 0x7e, 0x73, 0x11, 0x2c, 0x2, 0x0,
    0x3c, 0x2c, 0x3, 0x2f, 0xe8, 0x3, 0x31, 0xdc,
    0xa3, 0xb1, 0x6, 0x38, 0x10, 0x8, 0x6c, 0x4c,
    0x1, 0x7d, 0x98, 0xec, 0x40, 0x4, 0x13, 0x80,
    0x6a, 0x62, 0x0, 0xc2, 0x66, 0x10, 0xa, 0x6,
    0x0, 0x33, 0x32, 0x0, 0x3f, 0xe2, 0x74, 0x50,
    0x8, 0xa7, 0x80, 0x3f, 0xf8, 0x12, 0x12, 0x1,
    0xb9, 0xcc, 0x3, 0xfe, 0x44, 0x31, 0x0, 0x4c,
    0x52, 0x22, 0x0, 0x8, 0x7, 0xd2, 0x30, 0x1,
    0xb0, 0x7b, 0xa3, 0x1e, 0x70, 0xe, 0x72, 0x81,
    0x0, 0xd1, 0x77, 0x88, 0x6d, 0x40, 0x30, 0xc1,
    0x30, 0x7, 0x12, 0x26, 0x10, 0x42, 0x0, 0xce,
    0x72, 0x1, 0xff, 0x4c, 0x0, 0x0,

    /* U+00BF "¿" */
    0x0, 0xc7, 0xfe, 0x20, 0xf, 0xfe, 0x89, 0xf7,
    0x8, 0x3, 0xf0, 0x88, 0x3, 0xf1, 0x7f, 0x84,
    0x3, 0xff, 0x92, 0x20, 0x1f, 0x28, 0x8, 0x7,
    0xc7, 0x1, 0x20, 0x1e, 0x2d, 0x4, 0x70, 0xe,
    0x1c, 0x13, 0xb0, 0xf, 0x50, 0x96, 0x80, 0x78,
    0x90, 0x24, 0x40, 0x3c, 0xc0, 0x5, 0x0, 0xf9,
    0xc0, 0x8, 0x1, 0xcc, 0x6, 0x21, 0x6a, 0x2,
    0xb9, 0x20, 0xa, 0x1, 0xaf, 0xea, 0x31, 0x0,
    0x26, 0x28, 0x80, 0xa4, 0xf0, 0x0,

    /* U+00C0 "À" */
    0x0, 0xe3, 0xfd, 0x0, 0xff, 0xe1, 0x1d, 0x15,
    0x0, 0x7f, 0xf0, 0x96, 0x55, 0xc0, 0x3f, 0xf8,
    0x4d, 0xee, 0x1, 0xff, 0xd2, 0x5f, 0xf5, 0x80,
    0x7f, 0xf0, 0x7c, 0x0, 0x82, 0x1, 0xff, 0xa,
    0x82, 0x83, 0x0, 0x7f, 0xce, 0xb, 0x21, 0x40,
    0x1f, 0xf5, 0x7, 0x18, 0x91, 0x80, 0x7f, 0x11,
    0x8a, 0x3, 0x5, 0x0, 0x7f, 0x50, 0x38, 0x2,
    0x81, 0xc0, 0x3f, 0x98, 0x28, 0x0, 0x44, 0x15,
    0x0, 0xf9, 0x4, 0x46, 0x1, 0x50, 0x70, 0x7,
    0xdc, 0xc, 0x1, 0x98, 0x10, 0x40, 0x3c, 0xa1,
    0x40, 0x18, 0x4c, 0x1c, 0x3, 0x98, 0x1, 0xbf,
    0xfc, 0x61, 0x40, 0x1d, 0x40, 0x1f, 0xe3, 0x20,
    0x8, 0x8c, 0x37, 0xbb, 0xe4, 0xa, 0x0, 0xa8,
    0x8, 0x82, 0x3f, 0x70, 0x30, 0x4, 0xc1, 0x40,
    0x1f, 0x90, 0x5, 0x1, 0x4, 0x14, 0x3, 0xf0,
    0xa0, 0x70, 0x70, 0x11, 0x0, 0x3f, 0xb4, 0x14,
    0x40,

    /* U+00C1 "Á" */
    0x0, 0xfd, 0x1f, 0x20, 0x1f, 0xfc, 0x14, 0x75,
    0x90, 0xf, 0xfe, 0x1, 0x51, 0xd0, 0x7, 0xff,
    0x4, 0xbb, 0x0, 0x3f, 0xfa, 0x6b, 0xfe, 0xb0,
    0xf, 0xfe, 0xf, 0x80, 0x10, 0x40, 0x3f, 0xe1,
    0x50, 0x50, 0x60, 0xf, 0xf9, 0xc1, 0x64, 0x28,
    0x3, 0xfe, 0xa0, 0xe3, 0x12, 0x30, 0xf, 0xe2,
    0x31, 0x40, 0x60, 0xa0, 0xf, 0xea, 0x7, 0x0,
    0x50, 0x38, 0x7, 0xf3, 0x5, 0x0, 0x8, 0x82,
    0xa0, 0x1f, 0x20, 0x88, 0xc0, 0x2a, 0xe, 0x0,
    0xfb, 0x81, 0x80, 0x33, 0x2, 0x8, 0x7, 0x94,
    0x28, 0x3, 0x9, 0x83, 0x80, 0x73, 0x0, 0x37,
    0xff, 0x8c, 0x28, 0x3, 0xa8, 0x3, 0xfc, 0x64,
    0x1, 0x11, 0x86, 0xf7, 0x7c, 0x81, 0x40, 0x15,
    0x1, 0x10, 0x47, 0xee, 0x6, 0x0, 0x98, 0x28,
    0x3, 0xf2, 0x0, 0xa0, 0x20, 0x82, 0x80, 0x7e,
    0x14, 0xe, 0xe, 0x2, 0x20, 0x7, 0xf6, 0x82,
    0x88,

    /* U+00C2 "Â" */
    0x0, 0xf2, 0xff, 0xac, 0x3, 0xff, 0x80, 0x54,
    0x94, 0x90, 0x1, 0xfe, 0x1c, 0x4b, 0x5a, 0x75,
    0x0, 0xfe, 0x1e, 0xb0, 0x2, 0xfa, 0x80, 0x7f,
    0xf4, 0x17, 0xfd, 0x60, 0x1f, 0xfc, 0x1f, 0x0,
    0x20, 0x80, 0x7f, 0xc2, 0xa0, 0xa0, 0xc0, 0x1f,
    0xf3, 0x82, 0xc8, 0x50, 0x7, 0xfd, 0x41, 0xc6,
    0x24, 0x60, 0x1f, 0xc4, 0x62, 0x80, 0xc1, 0x40,
    0x1f, 0xd4, 0xe, 0x0, 0xa0, 0x70, 0xf, 0xe6,
    0xa, 0x0, 0x11, 0x5, 0x40, 0x3e, 0x41, 0x11,
    0x80, 0x54, 0x1c, 0x1, 0xf7, 0x3, 0x0, 0x66,
    0x4, 0x10, 0xf, 0x28, 0x50, 0x6, 0x13, 0x7,
    0x0, 0xe6, 0x0, 0x6f, 0xff, 0x18, 0x50, 0x7,
    0x50, 0x7, 0xf8, 0xc8, 0x2, 0x23, 0xd, 0xee,
    0xf9, 0x2, 0x80, 0x2a, 0x2, 0x20, 0x8f, 0xdc,
    0xc, 0x1, 0x30, 0x50, 0x7, 0xe4, 0x1, 0x40,
    0x41, 0x5, 0x0, 0xfc, 0x28, 0x1c, 0x1c, 0x4,
    0x40, 0xf, 0xed, 0x5, 0x10,

    /* U+00C3 "Ã" */
    0x0, 0xf0, 0x80, 0x62, 0x0, 0xfe, 0x1d, 0xee,
    0x49, 0xd6, 0x80, 0x7f, 0x49, 0x4b, 0xb6, 0x2c,
    0x0, 0x7f, 0x5d, 0x9a, 0x7e, 0xf5, 0xc0, 0x3f,
    0x8d, 0x0, 0x24, 0x20, 0xf, 0xfe, 0x8a, 0xff,
    0xac, 0x3, 0xff, 0x83, 0xe0, 0x4, 0x10, 0xf,
    0xf8, 0x54, 0x14, 0x18, 0x3, 0xfe, 0x70, 0x59,
    0xa, 0x0, 0xff, 0xa8, 0x38, 0xc4, 0x8c, 0x3,
    0xf8, 0x8c, 0x50, 0x18, 0x28, 0x3, 0xfa, 0x81,
    0xc0, 0x14, 0xe, 0x1, 0xfc, 0xc1, 0x40, 0x2,
    0x20, 0xa8, 0x7, 0xc8, 0x22, 0x30, 0xa, 0x83,
    0x80, 0x3e, 0xe0, 0x60, 0xc, 0xc0, 0x82, 0x1,
    0xe5, 0xa, 0x0, 0xc2, 0x60, 0xe0, 0x1c, 0xc0,
    0xd, 0xff, 0xe3, 0xa, 0x0, 0xea, 0x0, 0xff,
    0x19, 0x0, 0x44, 0x61, 0xbd, 0xdf, 0x20, 0x50,
    0x5, 0x40, 0x44, 0x11, 0xfb, 0x81, 0x80, 0x26,
    0xa, 0x0, 0xfc, 0x80, 0x28, 0x8, 0x20, 0xa0,
    0x1f, 0x85, 0x3, 0x83, 0x80, 0x88, 0x1, 0xfd,
    0xa0, 0xa2,

    /* U+00C4 "Ä" */
    0x0, 0xc9, 0xfe, 0x10, 0xbf, 0xb0, 0xf, 0xfe,
    0x73, 0x44, 0x4, 0x3a, 0x38, 0x3, 0xf8, 0x9d,
    0xc0, 0x5, 0x75, 0x0, 0xff, 0xe8, 0x2f, 0xfa,
    0xc0, 0x3f, 0xf8, 0x3e, 0x0, 0x41, 0x0, 0xff,
    0x85, 0x41, 0x41, 0x80, 0x3f, 0xe7, 0x5, 0x90,
    0xa0, 0xf, 0xfa, 0x83, 0x8c, 0x48, 0xc0, 0x3f,
    0x88, 0xc5, 0x1, 0x82, 0x80, 0x3f, 0xa8, 0x1c,
    0x1, 0x40, 0xe0, 0x1f, 0xcc, 0x14, 0x0, 0x22,
    0xa, 0x80, 0x7c, 0x82, 0x23, 0x0, 0xa8, 0x38,
    0x3, 0xee, 0x6, 0x0, 0xcc, 0x8, 0x20, 0x1e,
    0x50, 0xa0, 0xc, 0x26, 0xe, 0x1, 0xcc, 0x0,
    0xdf, 0xfe, 0x30, 0xa0, 0xe, 0xa0, 0xf, 0xf1,
    0x90, 0x4, 0x46, 0x1b, 0xdd, 0xf2, 0x5, 0x0,
    0x54, 0x4, 0x41, 0x1f, 0xb8, 0x18, 0x2, 0x60,
    0xa0, 0xf, 0xc8, 0x2, 0x80, 0x82, 0xa, 0x1,
    0xf8, 0x50, 0x38, 0x38, 0x8, 0x80, 0x1f, 0xda,
    0xa, 0x20,

    /* U+00C5 "Å" */
    0x0, 0xf3, 0x6f, 0x50, 0x80, 0x7f, 0xcd, 0x2c,
    0xeb, 0x80, 0x1f, 0xf5, 0xad, 0xce, 0x12, 0x0,
    0x7f, 0x8b, 0x40, 0x4, 0x4, 0x1, 0xfe, 0x39,
    0x31, 0x80, 0x50, 0xf, 0xf7, 0x8e, 0x73, 0x30,
    0xc0, 0x3f, 0xc6, 0x80, 0x15, 0x80, 0x7f, 0xc2,
    0x80, 0xa1, 0x40, 0x1f, 0xf3, 0x2, 0xc8, 0x28,
    0x7, 0xfd, 0x41, 0xc6, 0x24, 0x60, 0x1f, 0xc6,
    0x42, 0x80, 0xc1, 0x40, 0x1f, 0xd4, 0xe, 0x0,
    0xa0, 0x60, 0xf, 0xe7, 0xa, 0x0, 0x11, 0x1,
    0x40, 0x3e, 0x41, 0x11, 0x80, 0x54, 0x1c, 0x1,
    0xf7, 0x3, 0x0, 0x65, 0x4, 0x10, 0xe, 0x15,
    0xb, 0x0, 0xc4, 0x60, 0xc0, 0x1c, 0xe0, 0xc,
    0xff, 0xe3, 0xa, 0x0, 0xea, 0x0, 0xff, 0x11,
    0x80, 0x44, 0x61, 0xbd, 0xdf, 0x20, 0x58, 0x5,
    0x40, 0x44, 0x11, 0xfb, 0x81, 0x80, 0x26, 0xa,
    0x0, 0xfc, 0x80, 0x28, 0x8, 0x20, 0xa0, 0x1f,
    0x85, 0x3, 0x83, 0x80, 0x88, 0x1, 0xfd, 0xa0,
    0xa2,

    /* U+00C6 "Æ" */
    0x0, 0xfb, 0x3f, 0xff, 0xf8, 0x34, 0x1, 0xe3,
    0x30, 0x7, 0xff, 0x22, 0x80, 0xba, 0x0, 0x1d,
    0xdf, 0xa8, 0x3, 0xcc, 0x16, 0x20, 0x10, 0x8f,
    0xe0, 0xf, 0x30, 0x1, 0x80, 0x3f, 0xf8, 0xd6,
    0xc, 0x1, 0xff, 0xc6, 0x32, 0xb, 0x0, 0xff,
    0xe3, 0x48, 0x21, 0x0, 0x77, 0xff, 0xe4, 0x0,
    0x85, 0x43, 0xc0, 0x3f, 0xf8, 0xcc, 0x4, 0x80,
    0x1e, 0xee, 0xfc, 0x80, 0x15, 0x5, 0x80, 0x7c,
    0x23, 0xf8, 0x2, 0x42, 0x9, 0xff, 0xd0, 0x1,
    0xff, 0xc1, 0xe0, 0xf, 0xfe, 0x40, 0xa8, 0x67,
    0x77, 0x40, 0x7, 0xff, 0x1, 0x80, 0x8c, 0x47,
    0x80, 0x3f, 0xf8, 0x32, 0x14, 0x1, 0xfc, 0x23,
    0xfc, 0x82, 0xc, 0x1, 0xfd, 0xdd, 0xfb, 0x3c,
    0x10, 0x40, 0x3f, 0xf8, 0xc0,

    /* U+00C7 "Ç" */
    0x0, 0xe6, 0xbe, 0xff, 0x6d, 0x20, 0x7, 0x2f,
    0x4a, 0x8, 0x0, 0x96, 0xf4, 0x80, 0xd, 0x42,
    0x28, 0xce, 0xe6, 0x41, 0x11, 0x40, 0xe4, 0xf,
    0x9c, 0xc4, 0x46, 0xfb, 0x0, 0x8, 0x1, 0xd0,
    0xf, 0xce, 0xe2, 0x40, 0x91, 0x0, 0xff, 0x20,
    0x1, 0x40, 0x3f, 0xee, 0x0, 0x10, 0x7, 0xfc,
    0x20, 0x40, 0x1f, 0xfc, 0xf1, 0x2, 0x0, 0xff,
    0xe0, 0x70, 0x0, 0x80, 0x3f, 0xe4, 0x0, 0x28,
    0x7, 0xfc, 0x48, 0x12, 0x20, 0x1f, 0xf4, 0x0,
    0xe8, 0x7, 0xe7, 0x70, 0x1c, 0x81, 0xf3, 0x90,
    0x88, 0xdf, 0x60, 0x2, 0x6a, 0x11, 0x46, 0xf7,
    0x32, 0x8, 0xd4, 0x2, 0x5e, 0x94, 0x10, 0x1,
    0x2d, 0xe1, 0x0, 0x73, 0x5f, 0x48, 0x7d, 0x20,
    0x7, 0xf9, 0x82, 0xc0, 0x3f, 0xf8, 0x22, 0xa0,
    0x1f, 0xeb, 0x8b, 0x15, 0x0, 0xff, 0x33, 0xa2,
    0x20, 0x3, 0x0,

    /* U+00C8 "È" */
    0x0, 0xa3, 0xe4, 0x3, 0xfa, 0x15, 0x94, 0x3,
    0xfa, 0x92, 0x88, 0x3, 0xfa, 0xfc, 0x80, 0x3f,
    0xf8, 0x95, 0xff, 0xfe, 0x60, 0xf, 0xfe, 0x12,
    0x77, 0x7e, 0x60, 0x8, 0x47, 0xf0, 0x7, 0xff,
    0x6d, 0x3f, 0xff, 0x8, 0x7, 0xff, 0x9, 0x3b,
    0xbf, 0x8, 0x4, 0x23, 0xf8, 0x3, 0xff, 0xd0,
    0x23, 0xf8, 0x2, 0x4e, 0xef, 0xd4, 0x1, 0xff,
    0xc0,

    /* U+00C9 "É" */
    0x0, 0xf6, 0xfa, 0x0, 0x7e, 0xa2, 0xa4, 0x0,
    0xf9, 0x96, 0x14, 0x3, 0xf3, 0x7b, 0x80, 0x7f,
    0xf1, 0x6b, 0xff, 0xfc, 0xc0, 0x1f, 0xfc, 0x24,
    0xee, 0xfc, 0xc0, 0x10, 0x8f, 0xe0, 0xf, 0xfe,
    0xda, 0x7f, 0xfe, 0x10, 0xf, 0xfe, 0x12, 0x77,
    0x7e, 0x10, 0x8, 0x47, 0xf0, 0x7, 0xff, 0xa0,
    0x47, 0xf0, 0x4, 0x9d, 0xdf, 0xa8, 0x3, 0xff,
    0x80,

    /* U+00CA "Ê" */
    0x0, 0xd5, 0xfe, 0x50, 0xf, 0x9d, 0x65, 0x68,
    0xc0, 0x39, 0x62, 0x5a, 0x97, 0x44, 0x3, 0x2f,
    0xb0, 0x2, 0xb8, 0x40, 0x3f, 0xf8, 0x55, 0xff,
    0xfe, 0x60, 0xf, 0xfe, 0x12, 0x77, 0x7e, 0x60,
    0x8, 0x47, 0xf0, 0x7, 0xff, 0x6d, 0x3f, 0xff,
    0x8, 0x7, 0xff, 0x9, 0x3b, 0xbf, 0x8, 0x4,
    0x23, 0xf8, 0x3, 0xff, 0xd0, 0x23, 0xf8, 0x2,
    0x4e, 0xef, 0xd4, 0x1, 0xff, 0xc0,

    /* U+00CB "Ë" */
    0x0, 0x57, 0xe0, 0x3, 0xfc, 0xa0, 0x1f, 0xfc,
    0x4e, 0x89, 0x0, 0x44, 0x1c, 0x3, 0x23, 0xa8,
    0x1, 0xdc, 0x40, 0x1f, 0xfc, 0x2a, 0xff, 0xff,
    0x30, 0x7, 0xff, 0x9, 0x3b, 0xbf, 0x30, 0x4,
    0x23, 0xf8, 0x3, 0xff, 0xb6, 0x9f, 0xff, 0x84,
    0x3, 0xff, 0x84, 0x9d, 0xdf, 0x84, 0x2, 0x11,
    0xfc, 0x1, 0xff, 0xe8, 0x11, 0xfc, 0x1, 0x27,
    0x77, 0xea, 0x0, 0xff, 0xe0, 0x0,

    /* U+00CC "Ì" */
    0xc, 0xf4, 0x0, 0xb4, 0xa8, 0x40, 0x3, 0xe1,
    0xa0, 0x11, 0x76, 0x0, 0x7f, 0x57, 0xd8, 0x7,
    0xff, 0xfc, 0x3, 0xff, 0xa0,

    /* U+00CD "Í" */
    0x0, 0x1f, 0xe8, 0x80, 0xe8, 0xe0, 0x85, 0xe,
    0x8, 0x2, 0xfc, 0x80, 0x3f, 0xab, 0xec, 0x3,
    0xff, 0xfe, 0x1, 0xff, 0xd1,

    /* U+00CE "Î" */
    0x0, 0xf, 0x7f, 0x10, 0x6, 0xd0, 0xb3, 0xf0,
    0xa, 0x4b, 0x13, 0x2, 0xc0, 0x13, 0xc4, 0x3,
    0xb6, 0x1, 0xff, 0xc1, 0xaf, 0xb0, 0xf, 0xff,
    0xf8, 0x7, 0xff, 0xfc, 0x3, 0xc0,

    /* U+00CF "Ï" */
    0xef, 0x70, 0x5f, 0xf0, 0x7, 0xf4, 0x41, 0x1,
    0xe2, 0x0, 0xce, 0x60, 0x4e, 0xe0, 0xf, 0xfa,
    0xbe, 0xc0, 0x3f, 0xff, 0xe0, 0x1f, 0xff, 0x40,

    /* U+00D0 "Ð" */
    0x0, 0x47, 0xff, 0x76, 0xdb, 0x90, 0x7, 0xff,
    0x4, 0x49, 0x23, 0x6c, 0x40, 0x3e, 0x2f, 0xfb,
    0xb6, 0x50, 0x13, 0xc8, 0x3, 0xfc, 0x24, 0xd7,
    0x40, 0x3e, 0x1, 0xff, 0xc2, 0x59, 0x2, 0x50,
    0xf, 0xfe, 0x13, 0x8, 0x70, 0x7, 0xff, 0xd,
    0xc1, 0x0, 0x3f, 0xf8, 0x7e, 0x0, 0x1e, 0xf7,
    0x2, 0xff, 0xb0, 0x3, 0x8c, 0x0, 0x68, 0x62,
    0x0, 0x33, 0x94, 0x3, 0xfa, 0xb1, 0x80, 0xb3,
    0x29, 0x0, 0xe3, 0x0, 0x18, 0x7, 0xff, 0xb,
    0xc0, 0x2, 0x1, 0xff, 0xc2, 0x70, 0x40, 0xf,
    0xfe, 0x13, 0x8, 0x70, 0x7, 0xff, 0x5, 0x64,
    0x9, 0x40, 0x3f, 0x84, 0x9a, 0xe8, 0x7, 0xc0,
    0x3c, 0x5f, 0xf7, 0x6c, 0xa0, 0x27, 0x90, 0x7,
    0xfc, 0x49, 0x1b, 0x62, 0x1, 0x0,

    /* U+00D1 "Ñ" */
    0x0, 0xe1, 0x0, 0x84, 0x40, 0x1e, 0x3e, 0xe9,
    0xcb, 0x28, 0x3, 0xde, 0x14, 0x91, 0xa5, 0xe0,
    0x1e, 0x8d, 0x5a, 0xeb, 0xe4, 0x0, 0xf2, 0x18,
    0x0, 0x50, 0x40, 0x3f, 0xf8, 0xd5, 0xfe, 0xc0,
    0xf, 0xaf, 0xe4, 0x2, 0x35, 0x0, 0xff, 0xe0,
    0xc0, 0x7, 0xfc, 0x60, 0x4a, 0x1, 0xfe, 0x67,
    0x8, 0x0, 0xff, 0xa4, 0x9, 0x80, 0x3f, 0xc2,
    0xe1, 0x60, 0x1f, 0xf4, 0x89, 0x30, 0x7, 0xf8,
    0x64, 0x20, 0x3, 0xfe, 0x71, 0x13, 0x0, 0x7f,
    0xd2, 0x10, 0x1, 0xff, 0x38, 0x89, 0xc0, 0x3f,
    0xe8, 0x9, 0x0, 0xff, 0x98, 0x44, 0xe0, 0x1f,
    0xf4, 0x4, 0x38, 0x7, 0xf9, 0x88, 0xc, 0x3,
    0xfe, 0x80, 0xf, 0xfe, 0xa, 0x90, 0x4,

    /* U+00D2 "Ò" */
    0x0, 0xe1, 0x77, 0x0, 0x7f, 0xf0, 0x87, 0xe2,
    0x0, 0x1f, 0xfc, 0x28, 0x67, 0x50, 0xf, 0xfe,
    0x14, 0xc1, 0x0, 0x7f, 0xf0, 0xdd, 0xc0, 0x1f,
    0xfd, 0x1, 0x7c, 0xef, 0xec, 0x70, 0xf, 0xcd,
    0xd0, 0x62, 0x2, 0x71, 0xc8, 0x1, 0xcf, 0x20,
    0x55, 0xdf, 0xd2, 0x22, 0xb5, 0x0, 0x8e, 0x1,
    0x35, 0x44, 0x5, 0xbc, 0xc2, 0x88, 0x1, 0x0,
    0x34, 0x1, 0xe1, 0xd0, 0x4, 0x1, 0x20, 0x48,
    0x80, 0x7c, 0x2c, 0xa, 0x8, 0x0, 0x50, 0xf,
    0xed, 0x0, 0x27, 0x0, 0x8, 0x3, 0xf9, 0x40,
    0x4, 0x20, 0x40, 0x1f, 0xe1, 0x0, 0x71, 0x80,
    0x7f, 0xf1, 0x8, 0x8, 0x3, 0xfc, 0x20, 0xf,
    0xe0, 0x1, 0x0, 0x7f, 0x28, 0x0, 0xd0, 0x0,
    0xa0, 0x1f, 0xda, 0x0, 0x42, 0x40, 0x90, 0xf,
    0xc2, 0xc0, 0xa0, 0x8, 0x1, 0xb0, 0xf, 0xb4,
    0x1, 0x0, 0x3, 0x80, 0x4d, 0x51, 0x1, 0x6e,
    0x30, 0xa2, 0x0, 0x9e, 0x40, 0xab, 0xbf, 0xa4,
    0x45, 0x4a, 0x1, 0xcd, 0xd0, 0x62, 0x2, 0x71,
    0xea, 0x1, 0x0,

    /* U+00D3 "Ó" */
    0x0, 0xfe, 0x77, 0x0, 0x7f, 0xf0, 0xaa, 0x4,
    0x3, 0xff, 0x82, 0xcb, 0xc, 0x1, 0xff, 0xc1,
    0x19, 0x70, 0xf, 0xfe, 0x13, 0xb0, 0x7, 0xff,
    0x44, 0x5f, 0x3b, 0xfb, 0x1c, 0x3, 0xf3, 0x74,
    0x18, 0x80, 0x9c, 0x72, 0x0, 0x73, 0xc8, 0x15,
    0x77, 0xf4, 0x88, 0xad, 0x40, 0x23, 0x80, 0x4d,
    0x51, 0x1, 0x6f, 0x30, 0xa2, 0x0, 0x40, 0xd,
    0x0, 0x78, 0x74, 0x1, 0x0, 0x48, 0x12, 0x20,
    0x1f, 0xb, 0x2, 0x82, 0x0, 0x14, 0x3, 0xfb,
    0x40, 0x9, 0xc0, 0x2, 0x0, 0xfe, 0x50, 0x1,
    0x8, 0x10, 0x7, 0xf8, 0x40, 0x1c, 0x60, 0x1f,
    0xfc, 0x42, 0x2, 0x0, 0xff, 0x8, 0x3, 0xf8,
    0x0, 0x40, 0x1f, 0xca, 0x0, 0x34, 0x0, 0x28,
    0x7, 0xf6, 0x80, 0x10, 0x90, 0x24, 0x3, 0xf0,
    0xb0, 0x28, 0x2, 0x0, 0x6c, 0x3, 0xed, 0x0,
    0x40, 0x0, 0xe0, 0x13, 0x54, 0x40, 0x5b, 0x8c,
    0x28, 0x80, 0x27, 0x90, 0x2a, 0xef, 0xe9, 0x11,
    0x52, 0x80, 0x73, 0x74, 0x18, 0x80, 0x9c, 0x7a,
    0x80, 0x40,

    /* U+00D4 "Ô" */
    0x0, 0xf9, 0xa1, 0x80, 0x3f, 0xf8, 0x2f, 0x29,
    0x2c, 0x1, 0xff, 0x24, 0x43, 0x1a, 0x4c, 0x3,
    0xfc, 0x72, 0xe1, 0x32, 0x50, 0xf, 0xf3, 0xb0,
    0x4, 0xcc, 0x0, 0xff, 0xe7, 0xb, 0xe7, 0x7f,
    0x63, 0x80, 0x7e, 0x6e, 0x83, 0x10, 0x13, 0x8e,
    0x40, 0xe, 0x79, 0x2, 0xae, 0xfe, 0x91, 0x15,
    0xa8, 0x4, 0x70, 0x9, 0xaa, 0x20, 0x2d, 0xe6,
    0x14, 0x40, 0x8, 0x1, 0xa0, 0xf, 0xe, 0x80,
    0x20, 0x9, 0x2, 0x44, 0x3, 0xe1, 0x60, 0x50,
    0x40, 0x2, 0x80, 0x7f, 0x68, 0x1, 0x38, 0x0,
    0x40, 0x1f, 0xca, 0x0, 0x21, 0x2, 0x0, 0xff,
    0x8, 0x3, 0x8c, 0x3, 0xff, 0x88, 0x40, 0x40,
    0x1f, 0xe1, 0x0, 0x7f, 0x0, 0x8, 0x3, 0xf9,
    0x40, 0x6, 0x80, 0x5, 0x0, 0xfe, 0xd0, 0x2,
    0x12, 0x4, 0x80, 0x7e, 0x16, 0x5, 0x0, 0x40,
    0xd, 0x80, 0x7d, 0xa0, 0x8, 0x0, 0x1c, 0x2,
    0x6a, 0x88, 0xb, 0x71, 0x85, 0x10, 0x4, 0xf2,
    0x5, 0x5d, 0xfd, 0x22, 0x2a, 0x50, 0xe, 0x6e,
    0x83, 0x10, 0x13, 0x8f, 0x50, 0x8,

    /* U+00D5 "Õ" */
    0x0, 0xf0, 0x80, 0x62, 0x0, 0xff, 0x57, 0x7d,
    0x23, 0xe9, 0x80, 0x7e, 0x45, 0x78, 0x4b, 0x84,
    0x30, 0xf, 0xcb, 0x50, 0xfd, 0x98, 0xb0, 0xf,
    0xe1, 0x50, 0x8, 0xcc, 0x1, 0xff, 0xcf, 0x17,
    0xce, 0xfe, 0xc7, 0x0, 0xfc, 0xdd, 0x6, 0x20,
    0x27, 0x1c, 0x80, 0x1c, 0xf2, 0x5, 0x5d, 0xfd,
    0x22, 0x2b, 0x50, 0x8, 0xe0, 0x13, 0x54, 0x40,
    0x5b, 0xcc, 0x28, 0x80, 0x10, 0x3, 0x40, 0x1e,
    0x1d, 0x0, 0x40, 0x12, 0x4, 0x88, 0x7, 0xc2,
    0xc0, 0xa0, 0x80, 0x5, 0x0, 0xfe, 0xd0, 0x2,
    0x70, 0x0, 0x80, 0x3f, 0x94, 0x0, 0x42, 0x4,
    0x1, 0xfe, 0x10, 0x7, 0x18, 0x7, 0xff, 0x10,
    0x80, 0x80, 0x3f, 0xc2, 0x0, 0xfe, 0x0, 0x10,
    0x7, 0xf2, 0x80, 0xd, 0x0, 0xa, 0x1, 0xfd,
    0xa0, 0x4, 0x24, 0x9, 0x0, 0xfc, 0x2c, 0xa,
    0x0, 0x80, 0x1b, 0x0, 0xfb, 0x40, 0x10, 0x0,
    0x38, 0x4, 0xd5, 0x10, 0x16, 0xe3, 0xa, 0x20,
    0x9, 0xe4, 0xa, 0xbb, 0xfa, 0x44, 0x54, 0xa0,
    0x1c, 0xdd, 0x6, 0x20, 0x27, 0x1e, 0xa0, 0x10,

    /* U+00D6 "Ö" */
    0x0, 0xef, 0xf2, 0x83, 0xff, 0x80, 0x3f, 0xf9,
    0xf1, 0x7, 0x4, 0x88, 0x0, 0x7f, 0x9d, 0xc4,
    0x6, 0xee, 0x0, 0xff, 0xe7, 0xb, 0xe7, 0x7f,
    0x63, 0x80, 0x7e, 0x6e, 0x83, 0x10, 0x13, 0x8e,
    0x40, 0xe, 0x79, 0x2, 0xae, 0xfe, 0x91, 0x15,
    0xa8, 0x4, 0x70, 0x9, 0xaa, 0x20, 0x2d, 0xe6,
    0x14, 0x40, 0x8, 0x1, 0xa0, 0xf, 0xe, 0x80,
    0x20, 0x9, 0x2, 0x44, 0x3, 0xe1, 0x60, 0x50,
    0x40, 0x2, 0x80, 0x7f, 0x68, 0x1, 0x38, 0x0,
    0x40, 0x1f, 0xca, 0x0, 0x21, 0x2, 0x0, 0xff,
    0x8, 0x3, 0x8c, 0x3, 0xff, 0x88, 0x40, 0x40,
    0x1f, 0xe1, 0x0, 0x7f, 0x0, 0x8, 0x3, 0xf9,
    0x40, 0x6, 0x80, 0x5, 0x0, 0xfe, 0xd0, 0x2,
    0x12, 0x4, 0x80, 0x7e, 0x16, 0x5, 0x0, 0x40,
    0xd, 0x80, 0x7d, 0xa0, 0x8, 0x0, 0x1c, 0x2,
    0x6a, 0x88, 0xb, 0x71, 0x85, 0x10, 0x4, 0xf2,
    0x5, 0x5d, 0xfd, 0x22, 0x2a, 0x50, 0xe, 0x6e,
    0x83, 0x10, 0x13, 0x8f, 0x50, 0x8,

    /* U+00D7 "×" */
    0x9, 0x20, 0xf, 0xc3, 0x40, 0xed, 0x84, 0x1,
    0xe1, 0xc5, 0x97, 0x31, 0xf1, 0x0, 0xed, 0x22,
    0x40, 0x61, 0x96, 0x8, 0x5, 0x86, 0x58, 0x20,
    0xd, 0x22, 0x60, 0x85, 0x98, 0xf8, 0x80, 0x43,
    0x84, 0x4d, 0xb4, 0x1c, 0x20, 0xe, 0x1c, 0x13,
    0x41, 0xc2, 0x0, 0xf8, 0x54, 0x0, 0x44, 0x0,
    0xfd, 0x48, 0x2, 0x76, 0x1, 0xf4, 0xa8, 0x5e,
    0xa, 0x50, 0x7, 0x43, 0x5, 0xa1, 0x68, 0x2d,
    0x0, 0x50, 0xe1, 0x48, 0x0, 0x3c, 0x5, 0x90,
    0x67, 0xa, 0x50, 0xc, 0x76, 0xd, 0xe, 0x32,
    0xa0, 0x1e, 0x4b, 0x1b, 0x1e, 0x60, 0xf, 0xc9,
    0xc6,

    /* U+00D8 "Ø" */
    0x0, 0xff, 0xe1, 0x98, 0x7, 0xb, 0xe7, 0x7f,
    0x5b, 0x0, 0x13, 0x18, 0x2, 0x6e, 0x83, 0x10,
    0x14, 0x9e, 0x5b, 0x27, 0x0, 0x3c, 0x81, 0x57,
    0x7f, 0x48, 0x8a, 0x87, 0xc4, 0xe, 0x1, 0x35,
    0x44, 0x5, 0xbc, 0x2, 0x30, 0x7, 0x80, 0xd0,
    0x7, 0xac, 0x8c, 0x60, 0x8, 0xc2, 0x44, 0x3,
    0xa1, 0x3e, 0x81, 0x81, 0x0, 0xa, 0x1, 0xcc,
    0xf4, 0x48, 0x0, 0x4e, 0x0, 0x10, 0x6, 0x49,
    0x92, 0x1, 0x0, 0x8, 0x40, 0x80, 0x31, 0xdb,
    0x30, 0x3, 0xb8, 0xc0, 0xc0, 0x21, 0xd3, 0x90,
    0xf, 0x88, 0x4, 0x2, 0xc0, 0xd0, 0xc, 0x20,
    0xf, 0xe0, 0x0, 0x85, 0x96, 0x88, 0x6, 0x50,
    0x1, 0xa0, 0x1, 0xe5, 0x28, 0xc0, 0x3b, 0x80,
    0x8, 0x48, 0x12, 0xce, 0xa0, 0x1c, 0x4a, 0xa,
    0x0, 0x80, 0x0, 0xc0, 0x7, 0xf, 0x80, 0x20,
    0x3, 0x87, 0x54, 0x40, 0x5b, 0xc8, 0x28, 0x80,
    0x74, 0x64, 0x4a, 0xbb, 0xfa, 0x44, 0x54, 0xa0,
    0x9, 0x1d, 0x6e, 0x83, 0x10, 0x13, 0x8f, 0x50,
    0xa, 0x30, 0xc0, 0xf, 0x9d, 0xfd, 0x8e, 0x20,
    0x18,

    /* U+00D9 "Ù" */
    0x0, 0xcd, 0x4, 0x1, 0xff, 0x2b, 0xf8, 0x7,
    0xfc, 0x76, 0x54, 0x1, 0xff, 0x25, 0x90, 0x80,
    0x7f, 0xc9, 0x2, 0x1, 0xff, 0xc7, 0xef, 0x70,
    0xf, 0xdd, 0xee, 0x1, 0xff, 0xff, 0x0, 0xff,
    0xfb, 0xf8, 0x7, 0xfc, 0x40, 0x20, 0x1f, 0x84,
    0x9, 0x41, 0x0, 0x3e, 0x40, 0x3, 0xe8, 0x12,
    0x80, 0x7a, 0x0, 0x88, 0x86, 0x14, 0xe4, 0x0,
    0x4b, 0x30, 0x80, 0x6, 0x98, 0x46, 0xff, 0xad,
    0x2, 0x14, 0x0, 0x39, 0x28, 0x20, 0x2, 0x6d,
    0x70, 0x0,

    /* U+00DA "Ú" */
    0x0, 0xf9, 0xa0, 0xc0, 0x3f, 0xcb, 0x26, 0x60,
    0xf, 0xe2, 0xa3, 0xb0, 0xf, 0xf3, 0xc6, 0x80,
    0x7f, 0xca, 0xe2, 0x1, 0xff, 0xc8, 0xef, 0x70,
    0xf, 0xdd, 0xee, 0x1, 0xff, 0xff, 0x0, 0xff,
    0xfb, 0xf8, 0x7, 0xfc, 0x40, 0x20, 0x1f, 0x84,
    0x9, 0x41, 0x0, 0x3e, 0x40, 0x3, 0xe8, 0x12,
    0x80, 0x7a, 0x0, 0x88, 0x86, 0x14, 0xe4, 0x0,
    0x4b, 0x30, 0x80, 0x6, 0x98, 0x46, 0xff, 0xad,
    0x2, 0x14, 0x0, 0x39, 0x28, 0x20, 0x2, 0x6d,
    0x70, 0x0,

    /* U+00DB "Û" */
    0x0, 0xe4, 0x87, 0x0, 0xff, 0x15, 0xa4, 0x58,
    0x7, 0xe1, 0xc3, 0xcb, 0x48, 0x0, 0xf9, 0x67,
    0x1, 0x2f, 0xc4, 0x3, 0xc8, 0xe0, 0x12, 0x38,
    0x80, 0x7f, 0xf1, 0x7b, 0xdc, 0x3, 0xf7, 0x7b,
    0x80, 0x7f, 0xff, 0xc0, 0x3f, 0xfe, 0xfe, 0x1,
    0xff, 0x10, 0x8, 0x7, 0xe1, 0x2, 0x50, 0x40,
    0xf, 0x90, 0x0, 0xfa, 0x4, 0xa0, 0x1e, 0x80,
    0x22, 0x21, 0x85, 0x39, 0x0, 0x12, 0xcc, 0x20,
    0x1, 0xa6, 0x11, 0xbf, 0xeb, 0x40, 0x85, 0x0,
    0xe, 0x4a, 0x8, 0x0, 0x9b, 0x5c, 0x0,

    /* U+00DC "Ü" */
    0x0, 0xaf, 0xec, 0x7, 0xfc, 0x80, 0x1f, 0xfc,
    0x8e, 0x8e, 0x1, 0x88, 0x28, 0x7, 0x95, 0xd4,
    0x0, 0xee, 0x10, 0xf, 0xfe, 0x2f, 0x7b, 0x80,
    0x7e, 0xef, 0x70, 0xf, 0xff, 0xf8, 0x7, 0xff,
    0xdf, 0xc0, 0x3f, 0xe2, 0x1, 0x0, 0xfc, 0x20,
    0x4a, 0x8, 0x1, 0xf2, 0x0, 0x1f, 0x40, 0x94,
    0x3, 0xd0, 0x4, 0x44, 0x30, 0xa7, 0x20, 0x2,
    0x59, 0x84, 0x0, 0x34, 0xc2, 0x37, 0xfd, 0x68,
    0x10, 0xa0, 0x1, 0xc9, 0x41, 0x0, 0x13, 0x6b,
    0x80, 0x0,

    /* U+00DD "Ý" */
    0x0, 0xfc, 0xdf, 0x60, 0x1f, 0xfc, 0x2, 0x93,
    0xb0, 0xf, 0xfe, 0x7, 0x96, 0x80, 0x7f, 0xf0,
    0x77, 0x42, 0x1, 0xff, 0xcb, 0xbf, 0xc0, 0xf,
    0xc5, 0xfe, 0x50, 0xa0, 0x37, 0x0, 0xfb, 0x81,
    0x14, 0x6, 0x42, 0x8, 0x3, 0x9c, 0xc2, 0x80,
    0x26, 0x40, 0xe0, 0xc, 0x50, 0x12, 0x20, 0x1a,
    0x40, 0xdc, 0x2, 0xe0, 0x46, 0x0, 0xe2, 0x80,
    0x82, 0x6, 0x30, 0x90, 0xf, 0x9c, 0xc2, 0x46,
    0x42, 0x48, 0x3, 0xf7, 0x2, 0x78, 0x1b, 0x0,
    0x7f, 0x14, 0x0, 0x87, 0x0, 0x7f, 0xce, 0x20,
    0xc4, 0x1, 0xff, 0xc0, 0x30, 0x10, 0xf, 0xff,
    0xf8, 0x7, 0xff, 0x7c,

    /* U+00DE "Þ" */
    0xaf, 0xb0, 0xf, 0xfe, 0xba, 0x7f, 0xed, 0x81,
    0x0, 0xfe, 0x27, 0xe4, 0x0, 0x93, 0xfe, 0xd8,
    0x0, 0x50, 0x7, 0xc4, 0xf2, 0x2, 0xc0, 0x1f,
    0x98, 0x1, 0xe0, 0x1f, 0xc2, 0x6, 0x1, 0xfc,
    0x20, 0x60, 0x1f, 0x98, 0x1, 0x80, 0x1e, 0x27,
    0x90, 0x15, 0x0, 0x27, 0xfd, 0xb0, 0x0, 0xd0,
    0xf, 0xc4, 0xfc, 0x60, 0x12, 0x7f, 0xed, 0x81,
    0x0, 0xff, 0xed, 0x0,

    /* U+00DF "ß" */
    0x0, 0x25, 0xf7, 0xf5, 0x18, 0x7, 0x45, 0xa0,
    0x8c, 0xb8, 0x80, 0x11, 0xb8, 0x3f, 0xf7, 0xb0,
    0x50, 0x5, 0x40, 0x90, 0x1, 0x49, 0xa, 0x0,
    0x14, 0x30, 0x3, 0x20, 0x81, 0x80, 0x61, 0x0,
    0xe, 0x59, 0x29, 0x0, 0x4, 0x3, 0x69, 0xb7,
    0x52, 0x80, 0x78, 0x8c, 0x24, 0x3, 0xf8, 0x40,
    0x40, 0x3f, 0xc4, 0x3, 0x0, 0x1f, 0xc2, 0xe0,
    0xf8, 0x40, 0x1f, 0xa2, 0x0, 0x7a, 0xa0, 0x1f,
    0x9f, 0x4c, 0x29, 0x0, 0x3f, 0x16, 0x20, 0x40,
    0x7, 0xfa, 0x0, 0xc0, 0x3f, 0xce, 0x2, 0x1,
    0x89, 0x44, 0x0, 0x52, 0x8, 0x1, 0x9a, 0xbb,
    0xfd, 0xa4, 0x30, 0x1, 0x9c, 0xc4, 0x0, 0x4d,
    0xe4, 0x0,

    /* U+00E0 "à" */
    0x0, 0x34, 0x18, 0x7, 0xf2, 0xbe, 0x88, 0x7,
    0xe3, 0xa1, 0xa0, 0xf, 0xe5, 0x84, 0x70, 0xf,
    0xe7, 0x58, 0x30, 0xf, 0xea, 0xf3, 0x0, 0xff,
    0xe2, 0x8b, 0x5e, 0xff, 0xb6, 0x4, 0x2, 0x89,
    0x42, 0x0, 0x13, 0xf9, 0x0, 0x39, 0xf7, 0xfe,
    0xc3, 0x19, 0x0, 0x3c, 0x10, 0x4, 0x7a, 0x28,
    0x40, 0x1f, 0x85, 0x41, 0x0, 0x7, 0x3b, 0xff,
    0x90, 0x4, 0x1b, 0x18, 0x88, 0x67, 0x8, 0x78,
    0xc8, 0x3f, 0xee, 0x64, 0x80, 0x7, 0x3, 0x80,
    0xe, 0x10, 0x7, 0x3, 0x0, 0x79, 0x0, 0x1e,
    0xc, 0x1, 0xd0, 0x1, 0x20, 0x1c, 0x0, 0x6,
    0x1c, 0x40, 0x6, 0xa0, 0xff, 0xdc, 0x76, 0x40,
    0xa, 0xa0, 0x80, 0x7, 0x32, 0x0, 0x80,

    /* U+00E1 "á" */
    0x0, 0xf9, 0x21, 0x40, 0x3f, 0x15, 0xb3, 0x80,
    0x7e, 0xf0, 0xd2, 0x0, 0xfa, 0x4a, 0x4c, 0x3,
    0xe5, 0x67, 0x60, 0xf, 0xcb, 0xf0, 0x1, 0xff,
    0xc6, 0x16, 0xbd, 0xff, 0x6c, 0x8, 0x5, 0x12,
    0x84, 0x0, 0x27, 0xf2, 0x0, 0x73, 0xef, 0xfd,
    0x86, 0x32, 0x0, 0x78, 0x20, 0x8, 0xf4, 0x50,
    0x80, 0x3f, 0xa, 0x82, 0x0, 0xe, 0x77, 0xff,
    0x20, 0x8, 0x36, 0x31, 0x10, 0xce, 0x10, 0xf1,
    0x90, 0x7f, 0xdc, 0xc9, 0x0, 0xe, 0x7, 0x0,
    0x1c, 0x20, 0xe, 0x6, 0x0, 0xf2, 0x0, 0x3c,
    0x18, 0x3, 0xa0, 0x2, 0x40, 0x38, 0x0, 0xc,
    0x38, 0x80, 0xd, 0x41, 0xff, 0xb8, 0xec, 0x80,
    0x15, 0x41, 0x0, 0xe, 0x64, 0x1, 0x0,

    /* U+00E2 "â" */
    0x0, 0xe7, 0x70, 0x7, 0xf4, 0x44, 0xe0, 0x1f,
    0x1b, 0xaa, 0x41, 0x0, 0x7b, 0xc6, 0xa8, 0x32,
    0x1, 0xce, 0x7a, 0x3, 0x48, 0xc0, 0x19, 0xfc,
    0xc0, 0x9, 0xec, 0x1, 0xff, 0xc3, 0x16, 0xbd,
    0xff, 0x6c, 0x8, 0x5, 0x12, 0x84, 0x0, 0x27,
    0xf2, 0x0, 0x73, 0xef, 0xfd, 0x86, 0x32, 0x0,
    0x78, 0x20, 0x8, 0xf4, 0x50, 0x80, 0x3f, 0xa,
    0x82, 0x0, 0xe, 0x77, 0xff, 0x20, 0x8, 0x36,
    0x31, 0x10, 0xce, 0x10, 0xf1, 0x90, 0x7f, 0xdc,
    0xc9, 0x0, 0xe, 0x7, 0x0, 0x1c, 0x20, 0xe,
    0x6, 0x0, 0xf2, 0x0, 0x3c, 0x18, 0x3, 0xa0,
    0x2, 0x40, 0x38, 0x0, 0xc, 0x38, 0x80, 0xd,
    0x41, 0xff, 0xb8, 0xec, 0x80, 0x15, 0x41, 0x0,
    0xe, 0x64, 0x1, 0x0,

    /* U+00E3 "ã" */
    0x0, 0x16, 0x7e, 0x28, 0xe6, 0x0, 0x34, 0x93,
    0x15, 0x71, 0xd0, 0x6, 0xcb, 0x9e, 0xa7, 0xa6,
    0x0, 0xce, 0xa0, 0x5, 0x85, 0x0, 0xff, 0xe2,
    0xb, 0x5e, 0xff, 0xb6, 0x4, 0x2, 0x89, 0x42,
    0x0, 0x13, 0xf9, 0x0, 0x39, 0xf7, 0xfe, 0xc3,
    0x19, 0x0, 0x3c, 0x10, 0x4, 0x7a, 0x28, 0x40,
    0x1f, 0x85, 0x41, 0x0, 0x7, 0x3b, 0xff, 0x90,
    0x4, 0x1b, 0x18, 0x88, 0x67, 0x8, 0x78, 0xc8,
    0x3f, 0xee, 0x64, 0x80, 0x7, 0x3, 0x80, 0xe,
    0x10, 0x7, 0x3, 0x0, 0x79, 0x0, 0x1e, 0xc,
    0x1, 0xd0, 0x1, 0x20, 0x1c, 0x0, 0x6, 0x1c,
    0x40, 0x6, 0xa0, 0xff, 0xdc, 0x76, 0x40, 0xa,
    0xa0, 0x80, 0x7, 0x32, 0x0, 0x80,

    /* U+00E4 "ä" */
    0x0, 0x47, 0xe8, 0x3, 0xfc, 0xe0, 0x1f, 0xfc,
    0x4b, 0x8b, 0x0, 0x44, 0x10, 0x3, 0x1b, 0xb0,
    0x1, 0xdc, 0x60, 0x1f, 0xfc, 0x31, 0x6b, 0xdf,
    0xf6, 0xc0, 0x80, 0x51, 0x28, 0x40, 0x2, 0x7f,
    0x20, 0x7, 0x3e, 0xff, 0xd8, 0x63, 0x20, 0x7,
    0x82, 0x0, 0x8f, 0x45, 0x8, 0x3, 0xf0, 0xa8,
    0x20, 0x0, 0xe7, 0x7f, 0xf2, 0x0, 0x83, 0x63,
    0x11, 0xc, 0xe1, 0xf, 0x19, 0x7, 0xfd, 0xcc,
    0x90, 0x0, 0xe0, 0x70, 0x1, 0xc2, 0x0, 0xe0,
    0x60, 0xf, 0x20, 0x3, 0xc1, 0x80, 0x3a, 0x0,
    0x24, 0x3, 0x80, 0x0, 0xc3, 0x88, 0x0, 0xd4,
    0x1f, 0xfb, 0x8e, 0xc8, 0x1, 0x54, 0x10, 0x0,
    0xe6, 0x40, 0x10,

    /* U+00E5 "å" */
    0x0, 0xc4, 0xec, 0x20, 0x1f, 0x26, 0xc4, 0xf1,
    0x80, 0x7a, 0x8f, 0xb4, 0xb8, 0x3, 0x88, 0x60,
    0x4a, 0x8, 0x40, 0x3f, 0xf8, 0x84, 0x30, 0x25,
    0x4, 0x20, 0x1d, 0x47, 0xda, 0x5c, 0x1, 0xe4,
    0xd8, 0x9e, 0x30, 0xf, 0x89, 0xd8, 0x40, 0x38,
    0x5a, 0xf7, 0xfd, 0xb0, 0x20, 0x14, 0x4a, 0x10,
    0x0, 0x9f, 0xc8, 0x1, 0xcf, 0xbf, 0xf6, 0x18,
    0xc8, 0x1, 0xe0, 0x80, 0x23, 0xd1, 0x42, 0x0,
    0xfc, 0x2a, 0x8, 0x0, 0x39, 0xdf, 0xfc, 0x80,
    0x20, 0xd8, 0xc4, 0x43, 0x38, 0x43, 0xc6, 0x41,
    0xff, 0x73, 0x24, 0x0, 0x38, 0x1c, 0x0, 0x70,
    0x80, 0x38, 0x18, 0x3, 0xc8, 0x0, 0xf0, 0x60,
    0xe, 0x80, 0x9, 0x0, 0xe0, 0x0, 0x30, 0xe2,
    0x0, 0x35, 0x7, 0xfe, 0xe3, 0xb2, 0x0, 0x55,
    0x4, 0x0, 0x39, 0x90, 0x4,

    /* U+00E6 "æ" */
    0x1, 0x6b, 0xdf, 0xf6, 0x38, 0x4, 0x95, 0xdf,
    0xd6, 0x80, 0x1a, 0x25, 0x8, 0x0, 0x71, 0xc5,
    0x36, 0xa2, 0x2, 0x97, 0x20, 0x17, 0x3e, 0xff,
    0xd8, 0x63, 0xac, 0x35, 0xff, 0x48, 0x33, 0x0,
    0xf, 0x4, 0x1, 0x1e, 0x88, 0x3, 0x14, 0x2,
    0x69, 0x8, 0x0, 0xfe, 0x15, 0x5, 0x20, 0xe,
    0x60, 0x12, 0x0, 0x1c, 0xef, 0xfe, 0x40, 0x7c,
    0xcf, 0x80, 0xc, 0xd, 0x8c, 0x44, 0x33, 0x84,
    0x8, 0xcf, 0xe0, 0x8, 0x64, 0x1f, 0xf7, 0x32,
    0x40, 0x8f, 0xff, 0xe4, 0x70, 0x38, 0x0, 0xe1,
    0xe, 0x0, 0xff, 0x70, 0x30, 0x7, 0x90, 0x1c,
    0x3, 0xfd, 0xe0, 0xc0, 0x1d, 0x0, 0x1, 0x70,
    0xf, 0x84, 0x10, 0xe, 0x0, 0x3, 0xe, 0x72,
    0x11, 0x22, 0x1, 0x25, 0x68, 0x1a, 0x83, 0xff,
    0x71, 0xcb, 0x5a, 0x1, 0xbb, 0xaf, 0xb5, 0x0,
    0xaa, 0x4c, 0x4, 0xa3, 0x44, 0x1f, 0x18, 0x84,
    0x64, 0xad, 0x0,

    /* U+00E7 "ç" */
    0x0, 0x8a, 0x77, 0xfb, 0x60, 0x80, 0xf, 0xac,
    0x40, 0x24, 0xf2, 0xd, 0x0, 0xbb, 0xfe, 0xe9,
    0x30, 0x80, 0x6a, 0x20, 0x0, 0xb4, 0x28, 0x84,
    0x0, 0x7d, 0xa0, 0x82, 0x1, 0xf1, 0x1, 0x0,
    0x7f, 0xf1, 0xc8, 0x8, 0x3, 0xf6, 0x82, 0x8,
    0x7, 0xca, 0x21, 0x0, 0x1f, 0xa0, 0x1a, 0x88,
    0x0, 0x2d, 0x0, 0xd0, 0xb, 0xbf, 0xee, 0x93,
    0x0, 0x3e, 0x28, 0x80, 0x9, 0xe4, 0x2, 0x3a,
    0xeb, 0xe, 0x82, 0x0, 0xf2, 0x14, 0x0, 0x7f,
    0xa, 0x80, 0x7a, 0xe2, 0x8d, 0x40, 0x3e, 0x75,
    0x39, 0x0, 0x0,

    /* U+00E8 "è" */
    0x0, 0xb, 0xb8, 0x3, 0xfc, 0x3f, 0x14, 0x1,
    0xfe, 0x85, 0x53, 0x0, 0x7f, 0xa8, 0xe4, 0x80,
    0x3f, 0xda, 0x3e, 0x1, 0xfe, 0x1e, 0xd0, 0xf,
    0xfe, 0x49, 0xd7, 0x7f, 0xb1, 0x80, 0x39, 0xf1,
    0x44, 0x0, 0x73, 0x60, 0x12, 0xc0, 0x47, 0x7f,
    0xa8, 0x52, 0x40, 0x16, 0x14, 0xe2, 0x0, 0x5d,
    0x6, 0x14, 0x12, 0x50, 0xe, 0x32, 0x4, 0xc0,
    0x3c, 0xcf, 0x8c, 0x8, 0x80, 0x26, 0x7f, 0x8,
    0x6, 0x5f, 0xff, 0xe7, 0x20, 0x60, 0xf, 0xf6,
    0x81, 0x90, 0x7, 0xf2, 0x88, 0x48, 0x7, 0xc2,
    0x0, 0xb0, 0x4b, 0x30, 0x8, 0xe3, 0xc0, 0xb,
    0x20, 0x99, 0xfd, 0xf8, 0xe2, 0x1, 0x36, 0xb1,
    0x0, 0x89, 0x23, 0x80,

    /* U+00E9 "é" */
    0x0, 0xfc, 0xf0, 0x60, 0x1f, 0xcf, 0x6, 0x60,
    0xf, 0xc7, 0x5, 0x60, 0x1f, 0xdc, 0x3e, 0x1,
    0xfd, 0x45, 0xa4, 0x1, 0xfd, 0x5e, 0x60, 0x1f,
    0xfc, 0x93, 0xae, 0xff, 0x63, 0x0, 0x73, 0xe2,
    0x88, 0x0, 0xe6, 0xc0, 0x25, 0x80, 0x8e, 0xff,
    0x50, 0xa4, 0x80, 0x2c, 0x29, 0xc4, 0x0, 0xba,
    0xc, 0x28, 0x24, 0xa0, 0x1c, 0x64, 0x9, 0x80,
    0x79, 0x9f, 0x18, 0x11, 0x0, 0x4c, 0xfe, 0x10,
    0xc, 0xbf, 0xff, 0xce, 0x40, 0xc0, 0x1f, 0xed,
    0x3, 0x20, 0xf, 0xe5, 0x10, 0x90, 0xf, 0x84,
    0x1, 0x60, 0x96, 0x60, 0x11, 0xc7, 0x80, 0x16,
    0x41, 0x33, 0xfb, 0xf1, 0xc4, 0x2, 0x6d, 0x62,
    0x1, 0x12, 0x47, 0x0,

    /* U+00EA "ê" */
    0x0, 0xe3, 0x85, 0x0, 0xff, 0x73, 0xd1, 0x0,
    0x7e, 0x82, 0x90, 0xe0, 0xf, 0x89, 0xd9, 0x94,
    0x6c, 0x1, 0xee, 0x29, 0x5, 0x54, 0x88, 0x7,
    0x66, 0x80, 0x55, 0xe2, 0x1, 0xff, 0xc6, 0x3a,
    0xef, 0xf6, 0x30, 0x7, 0x3e, 0x28, 0x80, 0xe,
    0x6c, 0x2, 0x58, 0x8, 0xef, 0xf5, 0xa, 0x48,
    0x2, 0xc2, 0x9c, 0x40, 0xb, 0xa0, 0xc2, 0x82,
    0x4a, 0x1, 0xc6, 0x40, 0x98, 0x7, 0x99, 0xf1,
    0x81, 0x10, 0x4, 0xcf, 0xe1, 0x0, 0xcb, 0xff,
    0xfc, 0xe4, 0xc, 0x1, 0xfe, 0xd0, 0x32, 0x0,
    0xfe, 0x51, 0x9, 0x0, 0xf8, 0x40, 0x16, 0x9,
    0x66, 0x1, 0x1c, 0x78, 0x1, 0x64, 0x13, 0x3f,
    0xbf, 0x1c, 0x40, 0x26, 0xd6, 0x20, 0x11, 0x24,
    0x70, 0x0,

    /* U+00EB "ë" */
    0x0, 0xb7, 0xe0, 0x13, 0xfc, 0x20, 0x1f, 0xfc,
    0x6b, 0x8b, 0x5, 0x88, 0x8, 0x7, 0x33, 0x98,
    0xb, 0xb8, 0x3, 0xff, 0x8e, 0x75, 0xdf, 0xec,
    0x60, 0xe, 0x7c, 0x51, 0x0, 0x1c, 0xd8, 0x4,
    0xb0, 0x11, 0xdf, 0xea, 0x14, 0x90, 0x5, 0x85,
    0x38, 0x80, 0x17, 0x41, 0x85, 0x4, 0x94, 0x3,
    0x8c, 0x81, 0x30, 0xf, 0x33, 0xe3, 0x2, 0x20,
    0x9, 0x9f, 0xc2, 0x1, 0x97, 0xff, 0xf9, 0xc8,
    0x18, 0x3, 0xfd, 0xa0, 0x64, 0x1, 0xfc, 0xa2,
    0x12, 0x1, 0xf0, 0x80, 0x2c, 0x12, 0xcc, 0x2,
    0x38, 0xf0, 0x2, 0xc8, 0x26, 0x7f, 0x7e, 0x38,
    0x80, 0x4d, 0xac, 0x40, 0x22, 0x48, 0xe0,

    /* U+00EC "ì" */
    0x4f, 0xe1, 0x0, 0x24, 0x8d, 0x0, 0x4c, 0xe8,
    0xe0, 0x14, 0x24, 0x18, 0x5, 0x70, 0xa0, 0x19,
    0xd8, 0x2, 0xbf, 0x60, 0xf, 0xff, 0xf8, 0x4,

    /* U+00ED "í" */
    0x0, 0x9b, 0xf4, 0x2, 0x29, 0x1c, 0x0, 0xbc,
    0x34, 0x40, 0x12, 0x54, 0x60, 0x1, 0xea, 0x50,
    0x8, 0x5d, 0x40, 0x3a, 0xfd, 0x80, 0x3f, 0xff,
    0xe0, 0x1f, 0xfc, 0x70,

    /* U+00EE "î" */
    0x0, 0xb7, 0xe0, 0x3, 0x9c, 0x88, 0xe4, 0x1,
    0x14, 0x2e, 0xf, 0x0, 0x5c, 0x36, 0x34, 0x6e,
    0x2, 0x9a, 0x20, 0x94, 0x0, 0x18, 0x30, 0x9,
    0x5c, 0x3, 0x5f, 0xb0, 0x7, 0xff, 0xfc, 0x3,
    0xff, 0xc2,

    /* U+00EF "ï" */
    0x2f, 0xf1, 0x84, 0xfe, 0x80, 0x7e, 0x38, 0x81,
    0x6, 0xc5, 0x8b, 0xb8, 0x41, 0x1d, 0x80, 0x3f,
    0xeb, 0xf6, 0x0, 0xff, 0xff, 0x80, 0x7f, 0xf4,
    0xc0,

    /* U+00F0 "ð" */
    0x0, 0xe, 0xfd, 0x80, 0x48, 0xc0, 0x18, 0x70,
    0x92, 0xeb, 0xab, 0xc0, 0x30, 0xb8, 0x82, 0x23,
    0x7a, 0x40, 0x25, 0xea, 0xbb, 0x8, 0x90, 0x3,
    0x97, 0xb1, 0xd3, 0x46, 0x14, 0x3, 0x85, 0x6f,
    0xb0, 0x42, 0x88, 0x3, 0x4d, 0x20, 0x90, 0x80,
    0x38, 0x2, 0x76, 0x8, 0xfd, 0xed, 0x3, 0x50,
    0x4, 0x4, 0x38, 0x4, 0x4e, 0x12, 0xa, 0x0,
    0x70, 0xe, 0xb0, 0x30, 0xd0, 0x40, 0xf, 0x18,
    0x0, 0xc8, 0x8, 0x3, 0xe1, 0x6, 0x0, 0xff,
    0x8, 0x0, 0x80, 0x80, 0x3f, 0x87, 0x41, 0x0,
    0x3c, 0xa0, 0x5, 0x50, 0x84, 0x0, 0x74, 0x82,
    0x8, 0x40, 0x3b, 0x80, 0x5, 0x66, 0x12, 0x0,
    0x66, 0x4, 0x7f, 0x6a, 0x5, 0x90, 0x5, 0x36,
    0x82, 0x33, 0x6a, 0x0, 0x0,

    /* U+00F1 "ñ" */
    0x0, 0x1e, 0xfc, 0x80, 0x3a, 0x40, 0x37, 0x9a,
    0xb7, 0x50, 0xe0, 0x6, 0x39, 0xab, 0x25, 0x65,
    0x0, 0xde, 0xe0, 0x99, 0xf2, 0x1, 0xff, 0xc3,
    0xdf, 0x50, 0x8d, 0xfe, 0xa1, 0x0, 0xc7, 0xae,
    0x40, 0x2b, 0xe2, 0x1, 0x40, 0x5f, 0xfa, 0x80,
    0x60, 0x2, 0x1f, 0x40, 0x2, 0xc0, 0x38, 0x4,
    0xa4, 0x1, 0x94, 0x4, 0x40, 0xd, 0x0, 0xe2,
    0x0, 0x18, 0x0, 0x80, 0x3f, 0xff, 0xe0, 0x1f,
    0xfc, 0x60,

    /* U+00F2 "ò" */
    0x0, 0x1c, 0x30, 0x7, 0xf8, 0xd2, 0x58, 0x3,
    0xfd, 0xa5, 0x24, 0x1, 0xfc, 0x3e, 0x1e, 0x1,
    0xfe, 0x2b, 0x29, 0x0, 0xff, 0x27, 0xc8, 0x7,
    0xff, 0x25, 0x6f, 0xbf, 0xa8, 0x80, 0x3a, 0xa8,
    0x82, 0x32, 0xeb, 0x0, 0x50, 0xa1, 0x1f, 0xdc,
    0x40, 0x93, 0x1, 0x70, 0x87, 0x0, 0xd, 0x98,
    0x40, 0x20, 0x1, 0xc0, 0x3a, 0x1, 0x7, 0x41,
    0x0, 0x3c, 0x80, 0x5, 0x20, 0x20, 0xf, 0xe1,
    0x0, 0x18, 0x7, 0xf8, 0x81, 0x80, 0x3f, 0x87,
    0x40, 0xc4, 0x3, 0x90, 0x0, 0xa8, 0x0, 0x90,
    0xe, 0x80, 0x41, 0x13, 0x83, 0xb8, 0x0, 0x36,
    0x61, 0x0, 0x8, 0x50, 0x8f, 0xee, 0x20, 0x49,
    0x80, 0x55, 0x44, 0x11, 0x97, 0x58, 0x0,

    /* U+00F3 "ó" */
    0x0, 0xf8, 0x61, 0xc0, 0x3f, 0xd4, 0xe0, 0x1f,
    0xe7, 0x46, 0x70, 0xf, 0xc7, 0x9, 0x20, 0x1f,
    0xdc, 0x54, 0x1, 0xfe, 0xdd, 0x8, 0x7, 0xff,
    0x25, 0x6f, 0xbf, 0xa8, 0x80, 0x3a, 0xa8, 0x82,
    0x32, 0xeb, 0x0, 0x50, 0xa1, 0x1f, 0xdc, 0x40,
    0x93, 0x1, 0x70, 0x87, 0x0, 0xd, 0x98, 0x40,
    0x20, 0x1, 0xc0, 0x3a, 0x1, 0x7, 0x41, 0x0,
    0x3c, 0x80, 0x5, 0x20, 0x20, 0xf, 0xe1, 0x0,
    0x18, 0x7, 0xf8, 0x81, 0x80, 0x3f, 0x87, 0x40,
    0xc4, 0x3, 0x90, 0x0, 0xa8, 0x0, 0x90, 0xe,
    0x80, 0x41, 0x13, 0x83, 0xb8, 0x0, 0x36, 0x61,
    0x0, 0x8, 0x50, 0x8f, 0xee, 0x20, 0x49, 0x80,
    0x55, 0x44, 0x11, 0x97, 0x58, 0x0,

    /* U+00F4 "ô" */
    0x0, 0xe5, 0x83, 0x0, 0xfe, 0x2a, 0x7e, 0x0,
    0xfe, 0xe1, 0x82, 0x70, 0xf, 0x98, 0xed, 0xd6,
    0x8, 0x3, 0x86, 0x59, 0x42, 0x8b, 0x80, 0x38,
    0x7e, 0x40, 0x2d, 0xc0, 0xf, 0xfe, 0x3a, 0xdf,
    0x7f, 0x51, 0x0, 0x75, 0x51, 0x4, 0x65, 0xd6,
    0x0, 0xa1, 0x42, 0x3f, 0xb8, 0x81, 0x26, 0x2,
    0xe1, 0xe, 0x0, 0x1b, 0x30, 0x80, 0x40, 0x3,
    0x80, 0x74, 0x2, 0xe, 0x82, 0x0, 0x79, 0x0,
    0xa, 0x40, 0x40, 0x1f, 0xc2, 0x0, 0x30, 0xf,
    0xf1, 0x3, 0x0, 0x7f, 0xe, 0x81, 0x88, 0x7,
    0x20, 0x1, 0x50, 0x1, 0x20, 0x1d, 0x0, 0x82,
    0x27, 0x7, 0x70, 0x0, 0x6c, 0xc2, 0x0, 0x10,
    0xa1, 0x1f, 0xdc, 0x40, 0x93, 0x0, 0xaa, 0x88,
    0x23, 0x2e, 0xb0, 0x0,

    /* U+00F5 "õ" */
    0x0, 0xa7, 0xfa, 0x5, 0xfc, 0x80, 0x32, 0xb2,
    0x13, 0xf4, 0x19, 0x0, 0x61, 0x7b, 0xcc, 0x44,
    0x34, 0x3, 0x92, 0x0, 0x6, 0xee, 0x10, 0xf,
    0xfe, 0x3a, 0xdf, 0x7f, 0x51, 0x0, 0x75, 0x51,
    0x4, 0x65, 0xd6, 0x0, 0xa1, 0x42, 0x3f, 0xb8,
    0x81, 0x26, 0x2, 0xe1, 0xe, 0x0, 0x1b, 0x30,
    0x80, 0x40, 0x3, 0x80, 0x74, 0x2, 0xe, 0x82,
    0x0, 0x79, 0x0, 0xa, 0x40, 0x40, 0x1f, 0xc2,
    0x0, 0x30, 0xf, 0xf1, 0x3, 0x0, 0x7f, 0xe,
    0x81, 0x88, 0x7, 0x20, 0x1, 0x50, 0x1, 0x20,
    0x1d, 0x0, 0x82, 0x27, 0x7, 0x70, 0x0, 0x6c,
    0xc2, 0x0, 0x10, 0xa1, 0x1f, 0xdc, 0x40, 0x93,
    0x0, 0xaa, 0x88, 0x23, 0x2e, 0xb0, 0x0,

    /* U+00F6 "ö" */
    0x0, 0x17, 0xf9, 0x2, 0x3f, 0x40, 0x3f, 0xf8,
    0xc5, 0x10, 0x50, 0xc8, 0xb0, 0xf, 0x3b, 0x84,
    0x11, 0xd8, 0x3, 0xff, 0x8e, 0xb7, 0xdf, 0xd4,
    0x40, 0x1d, 0x54, 0x41, 0x19, 0x75, 0x80, 0x28,
    0x50, 0x8f, 0xee, 0x20, 0x49, 0x80, 0xb8, 0x43,
    0x80, 0x6, 0xcc, 0x20, 0x10, 0x0, 0xe0, 0x1d,
    0x0, 0x83, 0xa0, 0x80, 0x1e, 0x40, 0x2, 0x90,
    0x10, 0x7, 0xf0, 0x80, 0xc, 0x3, 0xfc, 0x40,
    0xc0, 0x1f, 0xc3, 0xa0, 0x62, 0x1, 0xc8, 0x0,
    0x54, 0x0, 0x48, 0x7, 0x40, 0x20, 0x89, 0xc1,
    0xdc, 0x0, 0x1b, 0x30, 0x80, 0x4, 0x28, 0x47,
    0xf7, 0x10, 0x24, 0xc0, 0x2a, 0xa2, 0x8, 0xcb,
    0xac, 0x0,

    /* U+00F7 "÷" */
    0x0, 0xf3, 0x7f, 0xa0, 0x3, 0xff, 0xc0, 0xdf,
    0xe8, 0x0, 0xff, 0xe5, 0x3f, 0xff, 0xff, 0xa,
    0x40, 0x3f, 0xf8, 0x8f, 0xdd, 0xff, 0xc2, 0x90,
    0x11, 0xff, 0xe1, 0x0, 0x7c, 0xdf, 0xe8, 0x0,
    0xff, 0xed, 0x0,

    /* U+00F8 "ø" */
    0x0, 0xff, 0xe0, 0x39, 0x0, 0x65, 0xbe, 0xfe,
    0x92, 0x48, 0xa0, 0xa, 0xa8, 0x82, 0x2, 0xdb,
    0x67, 0x0, 0x8, 0x50, 0x8f, 0xf6, 0xa0, 0x2,
    0x0, 0x2, 0xe1, 0xe, 0x0, 0x20, 0xb, 0xc0,
    0x8, 0x0, 0x70, 0xa, 0x12, 0x41, 0x4, 0x30,
    0x10, 0x2, 0x57, 0xa6, 0x0, 0x28, 0x18, 0x8,
    0x0, 0xe9, 0xd4, 0x4, 0x4, 0x2, 0x30, 0x1d,
    0x48, 0x0, 0x8, 0x4, 0x40, 0x41, 0xa1, 0x40,
    0x1, 0x0, 0x8, 0x68, 0x2d, 0x1e, 0x88, 0x1,
    0x0, 0xa, 0xa, 0x2, 0xb2, 0x60, 0x14, 0x82,
    0x8, 0x1, 0x80, 0x38, 0x6c, 0xc2, 0x0, 0x4,
    0xe2, 0x13, 0xfe, 0xe4, 0x9, 0x30, 0x7, 0x87,
    0xd2, 0x8, 0xa, 0xeb, 0x0, 0x57, 0xa2, 0xb7,
    0xdf, 0xd4, 0x40, 0x10,

    /* U+00F9 "ù" */
    0x2, 0x87, 0x0, 0xfe, 0x23, 0x87, 0x0, 0xfe,
    0xb2, 0x83, 0x0, 0xfe, 0xc1, 0xd1, 0x0, 0xfc,
    0x3a, 0x36, 0x1, 0xfc, 0x7f, 0x40, 0x1f, 0xfc,
    0x5f, 0xf1, 0x80, 0x71, 0x7f, 0x80, 0x3f, 0xff,
    0xe0, 0x1f, 0xfc, 0x61, 0x0, 0x84, 0x18, 0x3,
    0x94, 0x2, 0x50, 0xf0, 0xe, 0xb0, 0xb, 0x81,
    0x5c, 0x40, 0xf0, 0xc0, 0x25, 0x40, 0x8e, 0xfc,
    0x2a, 0x0, 0xd6, 0xe4, 0x2, 0xde, 0xc0, 0x10,

    /* U+00FA "ú" */
    0x0, 0xf9, 0xdc, 0x20, 0x1f, 0xaa, 0x3c, 0x40,
    0x3e, 0x65, 0x48, 0x0, 0xf8, 0xa4, 0xec, 0x3,
    0xf7, 0xe, 0x80, 0x7f, 0x67, 0x8, 0x7, 0xff,
    0x17, 0xfc, 0x60, 0x1c, 0x5f, 0xe0, 0xf, 0xff,
    0xf8, 0x7, 0xff, 0x18, 0x40, 0x21, 0x6, 0x0,
    0xe5, 0x0, 0x94, 0x3c, 0x3, 0xac, 0x2, 0xe0,
    0x57, 0x10, 0x3c, 0x30, 0x9, 0x50, 0x23, 0xbf,
    0xa, 0x80, 0x35, 0xb9, 0x0, 0xb7, 0xb0, 0x4,

    /* U+00FB "û" */
    0x0, 0xc9, 0x6, 0x1, 0xf8, 0x6d, 0xf4, 0x3,
    0xf5, 0x4, 0x8c, 0x80, 0x79, 0x52, 0x59, 0xd8,
    0xc0, 0x30, 0xda, 0xb0, 0x41, 0xf0, 0x6, 0x1e,
    0xa0, 0xb, 0x34, 0x3, 0xff, 0x87, 0xfe, 0x30,
    0xe, 0x2f, 0xf0, 0x7, 0xff, 0xfc, 0x3, 0xff,
    0x8c, 0x20, 0x10, 0x83, 0x0, 0x72, 0x80, 0x4a,
    0x1e, 0x1, 0xd6, 0x1, 0x70, 0x2b, 0x88, 0x1e,
    0x18, 0x4, 0xa8, 0x11, 0xdf, 0x85, 0x40, 0x1a,
    0xdc, 0x80, 0x5b, 0xd8, 0x2,

    /* U+00FC "ü" */
    0x0, 0x7f, 0x94, 0x1f, 0xf8, 0x3, 0xff, 0x8b,
    0x10, 0x70, 0x48, 0x80, 0x7, 0x3b, 0x88, 0xd,
    0xd8, 0x3, 0xff, 0x87, 0xfe, 0x30, 0xe, 0x2f,
    0xf0, 0x7, 0xff, 0xfc, 0x3, 0xff, 0x8c, 0x20,
    0x10, 0x83, 0x0, 0x72, 0x80, 0x4a, 0x1e, 0x1,
    0xd6, 0x1, 0x70, 0x2b, 0x88, 0x1e, 0x18, 0x4,
    0xa8, 0x11, 0xdf, 0x85, 0x40, 0x1a, 0xdc, 0x80,
    0x5b, 0xd8, 0x2,

    /* U+00FD "ý" */
    0x0, 0xfd, 0x5f, 0x40, 0x1f, 0xe5, 0x51, 0xd0,
    0x7, 0xf1, 0x51, 0x68, 0x7, 0xfb, 0x87, 0xc4,
    0x3, 0xf8, 0x93, 0x48, 0x3, 0xfc, 0x50, 0x60,
    0x1e, 0x1f, 0xf1, 0x80, 0x7d, 0xfe, 0x41, 0x40,
    0xa0, 0xf, 0x28, 0xa, 0x7, 0x83, 0x80, 0x7b,
    0x81, 0x80, 0x8, 0x22, 0x50, 0xc, 0x48, 0x14,
    0x1, 0x30, 0x70, 0x6, 0xa0, 0x32, 0x0, 0xa8,
    0x10, 0x40, 0x26, 0x9, 0x0, 0xc4, 0x80, 0xc0,
    0x4, 0x10, 0x50, 0xe, 0xe0, 0xa0, 0x7, 0x3,
    0x0, 0x79, 0x44, 0x8c, 0x14, 0x28, 0x3, 0xe7,
    0xa, 0x60, 0x23, 0x0, 0xfa, 0xc1, 0xac, 0x28,
    0x3, 0xf1, 0x18, 0x10, 0x30, 0x7, 0xf5, 0x0,
    0x10, 0x40, 0x3f, 0x9c, 0x1, 0xe0, 0x1f, 0xe4,
    0x1, 0x40, 0xf, 0xf7, 0x3, 0x0, 0x7f, 0x95,
    0x2, 0x40, 0x3e, 0x1e, 0xe5, 0x3, 0x88, 0x7,
    0xe1, 0x11, 0x44, 0x0, 0x3e,

    /* U+00FE "þ" */
    0xdf, 0x50, 0xf, 0xff, 0x80, 0xcf, 0x7f, 0x48,
    0x80, 0x62, 0xf6, 0x1, 0x13, 0x78, 0x80, 0x50,
    0x17, 0xdc, 0xc1, 0x16, 0x80, 0x6d, 0x40, 0x1,
    0xe0, 0x1a, 0x0, 0x10, 0xc0, 0x31, 0x20, 0x68,
    0x3, 0x0, 0x3d, 0x80, 0xa0, 0x2, 0x0, 0xf1,
    0x1, 0x0, 0x7f, 0xf0, 0x88, 0x3, 0xc4, 0x4,
    0x0, 0xc0, 0xf, 0x60, 0x28, 0x1, 0xc, 0x3,
    0x12, 0x6, 0x80, 0x5a, 0x80, 0x3, 0xc0, 0x34,
    0x0, 0x48, 0x5f, 0xfb, 0x4, 0x5a, 0x1, 0x1f,
    0xb0, 0x80, 0xb7, 0x88, 0x6, 0x19, 0xef, 0xe9,
    0x10, 0xf, 0xff, 0x30,

    /* U+00FF "ÿ" */
    0x0, 0x9b, 0xfc, 0x0, 0xcf, 0x90, 0xf, 0xfe,
    0x42, 0x44, 0x0, 0x13, 0x1a, 0x1, 0xe2, 0x77,
    0x0, 0x15, 0xd0, 0x3, 0xff, 0x8a, 0x3f, 0xe3,
    0x0, 0xfb, 0xfc, 0x82, 0x81, 0x40, 0x1e, 0x50,
    0x14, 0xf, 0x7, 0x0, 0xf7, 0x3, 0x0, 0x10,
    0x44, 0xa0, 0x18, 0x90, 0x28, 0x2, 0x60, 0xe0,
    0xd, 0x40, 0x64, 0x1, 0x50, 0x20, 0x80, 0x4c,
    0x12, 0x1, 0x89, 0x1, 0x80, 0x8, 0x20, 0xa0,
    0x1d, 0xc1, 0x40, 0xe, 0x6, 0x0, 0xf2, 0x89,
    0x18, 0x28, 0x50, 0x7, 0xce, 0x14, 0xc0, 0x46,
    0x1, 0xf5, 0x83, 0x58, 0x50, 0x7, 0xe2, 0x30,
    0x20, 0x60, 0xf, 0xea, 0x0, 0x20, 0x80, 0x7f,
    0x38, 0x3, 0xc0, 0x3f, 0xc8, 0x2, 0x80, 0x1f,
    0xee, 0x6, 0x0, 0xff, 0x2a, 0x4, 0x80, 0x7c,
    0x3d, 0xca, 0x7, 0x10, 0xf, 0xc2, 0x22, 0x88,
    0x0, 0x7c,

    /* U+0100 "Ā" */
    0x0, 0xc7, 0xbb, 0xe9, 0x0, 0xfe, 0x72, 0x2f,
    0x80, 0x3f, 0x93, 0xff, 0xd6, 0x1, 0xff, 0xe1,
    0x5f, 0xf5, 0x80, 0x7f, 0xf0, 0x7c, 0x0, 0x82,
    0x1, 0xff, 0xa, 0x82, 0x83, 0x0, 0x7f, 0xce,
    0xb, 0x21, 0x40, 0x1f, 0xf5, 0x7, 0x18, 0x91,
    0x80, 0x7f, 0x11, 0x8a, 0x3, 0x5, 0x0, 0x7f,
    0x50, 0x38, 0x2, 0x81, 0xc0, 0x3f, 0x98, 0x28,
    0x0, 0x44, 0x15, 0x0, 0xf9, 0x4, 0x46, 0x1,
    0x50, 0x70, 0x7, 0xdc, 0xc, 0x1, 0x98, 0x10,
    0x40, 0x3c, 0xa1, 0x40, 0x18, 0x4c, 0x1c, 0x3,
    0x98, 0x1, 0xbf, 0xfc, 0x61, 0x40, 0x1d, 0x40,
    0x1f, 0xe3, 0x20, 0x8, 0x8c, 0x37, 0xbb, 0xe4,
    0xa, 0x0, 0xa8, 0x8, 0x82, 0x3f, 0x70, 0x30,
    0x4, 0xc1, 0x40, 0x1f, 0x90, 0x5, 0x1, 0x4,
    0x14, 0x3, 0xf0, 0xa0, 0x70, 0x70, 0x11, 0x0,
    0x3f, 0xb4, 0x14, 0x40,

    /* U+0101 "ā" */
    0x0, 0x57, 0xff, 0x98, 0x3, 0x11, 0x9f, 0x88,
    0x3, 0x46, 0x67, 0x90, 0x3, 0xff, 0x9e, 0x2d,
    0x7b, 0xfe, 0xd8, 0x10, 0xa, 0x25, 0x8, 0x0,
    0x4f, 0xe4, 0x0, 0xe7, 0xdf, 0xfb, 0xc, 0x64,
    0x0, 0xf0, 0x40, 0x11, 0xe8, 0xa1, 0x0, 0x7e,
    0x15, 0x4, 0x0, 0x1c, 0xef, 0xfe, 0x40, 0x10,
    0x6c, 0x62, 0x21, 0x9c, 0x21, 0xe3, 0x20, 0xff,
    0xb9, 0x92, 0x0, 0x1c, 0xe, 0x0, 0x38, 0x40,
    0x1c, 0xc, 0x1, 0xe4, 0x0, 0x78, 0x30, 0x7,
    0x40, 0x4, 0x80, 0x70, 0x0, 0x18, 0x71, 0x0,
    0x1a, 0x83, 0xff, 0x71, 0xd9, 0x0, 0x2a, 0x82,
    0x0, 0x1c, 0xc8, 0x2,

    /* U+0102 "Ă" */
    0x0, 0xc3, 0x2, 0x1, 0x1b, 0x80, 0x7f, 0xb,
    0xc8, 0x5, 0x14, 0x1, 0xfe, 0x57, 0xdb, 0xe4,
    0xa0, 0xf, 0xf5, 0x38, 0x21, 0xc3, 0x80, 0x7f,
    0xd1, 0xbf, 0xae, 0x1, 0xff, 0xd1, 0x5f, 0xf5,
    0x80, 0x7f, 0xf0, 0x7c, 0x0, 0x82, 0x1, 0xff,
    0xa, 0x82, 0x83, 0x0, 0x7f, 0xce, 0xb, 0x21,
    0x40, 0x1f, 0xf5, 0x7, 0x18, 0x91, 0x80, 0x7f,
    0x11, 0x8a, 0x3, 0x5, 0x0, 0x7f, 0x50, 0x38,
    0x2, 0x81, 0xc0, 0x3f, 0x98, 0x28, 0x0, 0x44,
    0x15, 0x0, 0xf9, 0x4, 0x46, 0x1, 0x50, 0x70,
    0x7, 0xdc, 0xc, 0x1, 0x98, 0x10, 0x40, 0x3c,
    0xa1, 0x40, 0x18, 0x4c, 0x1c, 0x3, 0x98, 0x1,
    0xbf, 0xfc, 0x61, 0x40, 0x1d, 0x40, 0x1f, 0xe3,
    0x20, 0x8, 0x8c, 0x37, 0xbb, 0xe4, 0xa, 0x0,
    0xa8, 0x8, 0x82, 0x3f, 0x70, 0x30, 0x4, 0xc1,
    0x40, 0x1f, 0x90, 0x5, 0x1, 0x4, 0x14, 0x3,
    0xf0, 0xa0, 0x70, 0x70, 0x11, 0x0, 0x3f, 0xb4,
    0x14, 0x40,

    /* U+0103 "ă" */
    0x0, 0x4e, 0x80, 0x43, 0xee, 0x1, 0xb4, 0xba,
    0xed, 0xc0, 0xa0, 0x19, 0x28, 0x91, 0x53, 0x8,
    0x3, 0x97, 0x3f, 0xac, 0xc0, 0x3f, 0xf8, 0x82,
    0xd7, 0xbf, 0xed, 0x81, 0x0, 0xa2, 0x50, 0x80,
    0x4, 0xfe, 0x40, 0xe, 0x7d, 0xff, 0xb0, 0xc6,
    0x40, 0xf, 0x4, 0x1, 0x1e, 0x8a, 0x10, 0x7,
    0xe1, 0x50, 0x40, 0x1, 0xce, 0xff, 0xe4, 0x1,
    0x6, 0xc6, 0x22, 0x19, 0xc2, 0x1e, 0x32, 0xf,
    0xfb, 0x99, 0x20, 0x1, 0xc0, 0xe0, 0x3, 0x84,
    0x1, 0xc0, 0xc0, 0x1e, 0x40, 0x7, 0x83, 0x0,
    0x74, 0x0, 0x48, 0x7, 0x0, 0x1, 0x87, 0x10,
    0x1, 0xa8, 0x3f, 0xf7, 0x1d, 0x90, 0x2, 0xa8,
    0x20, 0x1, 0xcc, 0x80, 0x20,

    /* U+0104 "Ą" */
    0x0, 0xf2, 0xff, 0xac, 0x3, 0xff, 0x83, 0xe0,
    0x4, 0x10, 0xf, 0xf8, 0x54, 0x14, 0x18, 0x3,
    0xfe, 0x70, 0x59, 0xa, 0x0, 0xff, 0xa8, 0x38,
    0xc4, 0x8c, 0x3, 0xf8, 0x8c, 0x50, 0x18, 0x28,
    0x3, 0xfa, 0x81, 0xc0, 0x14, 0xe, 0x1, 0xfc,
    0xc1, 0x40, 0x2, 0x20, 0xa8, 0x7, 0xc8, 0x22,
    0x30, 0xa, 0x83, 0x80, 0x3e, 0xe0, 0x60, 0xc,
    0xc0, 0x82, 0x1, 0xe5, 0xa, 0x0, 0xc2, 0x60,
    0xe0, 0x1c, 0xc0, 0xd, 0xff, 0xe3, 0xa, 0x0,
    0xea, 0x0, 0xff, 0x19, 0x0, 0x44, 0x61, 0xbd,
    0xdf, 0x20, 0x50, 0x5, 0x40, 0x44, 0x11, 0xfb,
    0x81, 0x80, 0x26, 0xa, 0x0, 0xfc, 0x80, 0x28,
    0x8, 0x20, 0xa0, 0x1f, 0x85, 0x3, 0x83, 0x80,
    0x88, 0x1, 0xfd, 0xa0, 0xa3, 0x5f, 0xa0, 0x1f,
    0xee, 0x1f, 0x10, 0xf, 0xfe, 0x1, 0x3c, 0x0,
    0x7f, 0xf0, 0x90, 0x14, 0x3, 0xff, 0x84, 0x41,
    0xd1, 0x40, 0x1f, 0xfc, 0x4, 0x73, 0x76,

    /* U+0105 "ą" */
    0x1, 0x6b, 0xdf, 0xf6, 0xc0, 0x80, 0x68, 0x94,
    0x21, 0x2, 0x7f, 0x20, 0x8, 0x5f, 0x3f, 0xbe,
    0xc8, 0x64, 0x2, 0x88, 0x18, 0x4, 0x98, 0x8,
    0x40, 0x1f, 0xc2, 0x80, 0x80, 0x19, 0x66, 0xed,
    0x98, 0x50, 0x10, 0x1, 0xf5, 0x32, 0x20, 0xcc,
    0x21, 0xe0, 0x3a, 0x29, 0x7d, 0xff, 0x28, 0x4,
    0xe2, 0x56, 0x82, 0x1, 0x8, 0x5, 0xc0, 0xe0,
    0x1e, 0x50, 0xb, 0xc1, 0x80, 0x39, 0xc4, 0x2,
    0x40, 0x38, 0x0, 0xc, 0x40, 0x40, 0x23, 0x50,
    0x7f, 0xee, 0x3a, 0xa0, 0x6, 0xa8, 0x20, 0x1,
    0xcd, 0x0, 0x79, 0xf7, 0xfb, 0x18, 0x52, 0x20,
    0x1, 0xfd, 0x22, 0xe0, 0x1f, 0xe5, 0x20, 0xf,
    0xf9, 0x8a, 0x64, 0xc0, 0x1f, 0xa4, 0xd9, 0x80,

    /* U+0106 "Ć" */
    0x0, 0xfe, 0x77, 0x8, 0x7, 0xfd, 0x30, 0x2,
    0x1, 0xfe, 0x56, 0x77, 0x0, 0x7f, 0xc5, 0x10,
    0x0, 0xff, 0xe0, 0x3b, 0x80, 0x3f, 0xf9, 0xcd,
    0x7d, 0xfe, 0xda, 0x40, 0xe, 0x5e, 0x94, 0x10,
    0x1, 0x2d, 0xe9, 0x0, 0x1a, 0x84, 0x51, 0x9d,
    0xcc, 0x82, 0x22, 0x81, 0xc8, 0x1f, 0x39, 0x88,
    0x8d, 0xf6, 0x0, 0x10, 0x3, 0xa0, 0x1f, 0x9d,
    0xc4, 0x81, 0x22, 0x1, 0xfe, 0x40, 0x2, 0x80,
    0x7f, 0xdc, 0x0, 0x20, 0xf, 0xf8, 0x40, 0x80,
    0x3f, 0xf9, 0xe2, 0x4, 0x1, 0xff, 0xc0, 0xe0,
    0x1, 0x0, 0x7f, 0xc8, 0x0, 0x50, 0xf, 0xf8,
    0x90, 0x24, 0x40, 0x3f, 0xe8, 0x1, 0xd0, 0xf,
    0xce, 0xe0, 0x39, 0x3, 0xe7, 0x21, 0x11, 0xbe,
    0xc0, 0x4, 0xd4, 0x22, 0x8d, 0xee, 0x64, 0x11,
    0xa8, 0x4, 0xbd, 0x28, 0x20, 0x2, 0x5b, 0xc2,

    /* U+0107 "ć" */
    0x0, 0xfc, 0xf0, 0x40, 0x1f, 0x3c, 0x19, 0x0,
    0x78, 0xe0, 0xac, 0x3, 0xc3, 0xa3, 0x80, 0x1f,
    0x58, 0xe8, 0x80, 0x7d, 0x5e, 0x60, 0x1f, 0xfc,
    0x52, 0x9d, 0xfe, 0xd8, 0x20, 0x3, 0xeb, 0x10,
    0x9, 0x3c, 0x83, 0x40, 0x2e, 0xff, 0xba, 0x4c,
    0x20, 0x1a, 0x88, 0x0, 0x2d, 0xa, 0x21, 0x0,
    0x1f, 0x68, 0x20, 0x80, 0x7c, 0x40, 0x40, 0x1f,
    0xfc, 0x72, 0x2, 0x0, 0xfd, 0xa0, 0x82, 0x1,
    0xf2, 0x88, 0x40, 0x7, 0xe8, 0x6, 0xa2, 0x0,
    0xb, 0x40, 0x34, 0x2, 0xef, 0xfb, 0xa4, 0xc0,
    0xf, 0x8a, 0x20, 0x24, 0xf2,

    /* U+0108 "Ĉ" */
    0x0, 0xf8, 0xe2, 0x2, 0x1, 0xfe, 0x1d, 0x56,
    0xd0, 0xf, 0xf6, 0x1e, 0x69, 0x50, 0x7, 0xe3,
    0xac, 0x13, 0xd2, 0x20, 0x7, 0xc6, 0xe2, 0x0,
    0x38, 0x20, 0xf, 0xfe, 0x53, 0x5f, 0x7f, 0xb6,
    0x90, 0x3, 0x97, 0xa5, 0x4, 0x0, 0x4b, 0x7a,
    0x40, 0x6, 0xa1, 0x14, 0x67, 0x73, 0x20, 0x88,
    0xa0, 0x72, 0x7, 0xce, 0x62, 0x23, 0x7d, 0x80,
    0x4, 0x0, 0xe8, 0x7, 0xe7, 0x71, 0x20, 0x48,
    0x80, 0x7f, 0x90, 0x0, 0xa0, 0x1f, 0xf7, 0x0,
    0x8, 0x3, 0xfe, 0x10, 0x20, 0xf, 0xfe, 0x78,
    0x81, 0x0, 0x7f, 0xf0, 0x38, 0x0, 0x40, 0x1f,
    0xf2, 0x0, 0x14, 0x3, 0xfe, 0x24, 0x9, 0x10,
    0xf, 0xfa, 0x0, 0x74, 0x3, 0xf3, 0xb8, 0xe,
    0x40, 0xf9, 0xc8, 0x44, 0x6f, 0xb0, 0x1, 0x35,
    0x8, 0xa3, 0x7b, 0x99, 0x4, 0x6a, 0x1, 0x2f,
    0x4a, 0x8, 0x0, 0x96, 0xf0, 0x80,

    /* U+0109 "ĉ" */
    0x0, 0xf3, 0xb8, 0x3, 0xf4, 0xc4, 0x18, 0x3,
    0xc6, 0xcc, 0x39, 0x10, 0xe, 0xe2, 0x9d, 0x1a,
    0x0, 0xce, 0x5c, 0x3, 0x68, 0xa0, 0x13, 0xf9,
    0x80, 0x17, 0xd4, 0x3, 0xff, 0x84, 0x53, 0xbf,
    0xdb, 0x4, 0x0, 0x7d, 0x62, 0x1, 0x27, 0x90,
    0x68, 0x5, 0xdf, 0xf7, 0x49, 0x84, 0x3, 0x51,
    0x0, 0x5, 0xa1, 0x44, 0x20, 0x3, 0xed, 0x4,
    0x10, 0xf, 0x88, 0x8, 0x3, 0xff, 0x8e, 0x40,
    0x40, 0x1f, 0xb4, 0x10, 0x40, 0x3e, 0x51, 0x8,
    0x0, 0xfd, 0x0, 0xd4, 0x40, 0x1, 0x68, 0x6,
    0x80, 0x5d, 0xff, 0x74, 0x98, 0x1, 0xf1, 0x44,
    0x4, 0x9e, 0x40,

    /* U+010A "Ċ" */
    0x0, 0xf9, 0x3f, 0xc2, 0x1, 0xff, 0xce, 0x67,
    0x70, 0x80, 0x7f, 0xc5, 0x10, 0x0, 0xff, 0xe6,
    0xb5, 0xf7, 0xfb, 0x69, 0x0, 0x39, 0x7a, 0x50,
    0x40, 0x4, 0xb7, 0xa4, 0x0, 0x6a, 0x11, 0x46,
    0x77, 0x32, 0x8, 0x8a, 0x7, 0x20, 0x7c, 0xe6,
    0x22, 0x37, 0xd8, 0x0, 0x40, 0xe, 0x80, 0x7e,
    0x77, 0x12, 0x4, 0x88, 0x7, 0xf9, 0x0, 0xa,
    0x1, 0xff, 0x70, 0x0, 0x80, 0x3f, 0xe1, 0x2,
    0x0, 0xff, 0xe7, 0x88, 0x10, 0x7, 0xff, 0x3,
    0x80, 0x4, 0x1, 0xff, 0x20, 0x1, 0x40, 0x3f,
    0xe2, 0x40, 0x91, 0x0, 0xff, 0xa0, 0x7, 0x40,
    0x3f, 0x3b, 0x80, 0xe4, 0xf, 0x9c, 0x84, 0x46,
    0xfb, 0x0, 0x13, 0x50, 0x8a, 0x37, 0xb9, 0x90,
    0x46, 0xa0, 0x12, 0xf4, 0xa0, 0x80, 0x9, 0x6f,
    0x8,

    /* U+010B "ċ" */
    0x0, 0xe2, 0xff, 0x0, 0x7f, 0xf2, 0x8, 0x80,
    0x1f, 0x8b, 0x74, 0x1, 0xff, 0xc5, 0x29, 0xdf,
    0xed, 0x82, 0x0, 0x3e, 0xb1, 0x0, 0x93, 0xc8,
    0x34, 0x2, 0xef, 0xfb, 0xa4, 0xc2, 0x1, 0xa8,
    0x80, 0x2, 0xd0, 0xa2, 0x10, 0x1, 0xf6, 0x82,
    0x8, 0x7, 0xc4, 0x4, 0x1, 0xff, 0xc7, 0x20,
    0x20, 0xf, 0xda, 0x8, 0x20, 0x1f, 0x28, 0x84,
    0x0, 0x7e, 0x80, 0x6a, 0x20, 0x0, 0xb4, 0x3,
    0x40, 0x2e, 0xff, 0xba, 0x4c, 0x0, 0xf8, 0xa2,
    0x2, 0x4f, 0x20,

    /* U+010C "Č" */
    0x0, 0xe6, 0x60, 0x4, 0xce, 0x1, 0xf9, 0x66,
    0x2, 0x24, 0xc0, 0x3f, 0x1c, 0xbe, 0x3c, 0x20,
    0x7, 0xf3, 0x4a, 0x4b, 0x80, 0x7f, 0xcd, 0xc,
    0x1, 0xff, 0xcd, 0x6b, 0xef, 0xf6, 0xd2, 0x0,
    0x72, 0xf4, 0xa0, 0x80, 0x9, 0x6f, 0x48, 0x0,
    0xd4, 0x22, 0x8c, 0xee, 0x64, 0x11, 0x14, 0xe,
    0x40, 0xf9, 0xcc, 0x44, 0x6f, 0xb0, 0x0, 0x80,
    0x1d, 0x0, 0xfc, 0xee, 0x24, 0x9, 0x10, 0xf,
    0xf2, 0x0, 0x14, 0x3, 0xfe, 0xe0, 0x1, 0x0,
    0x7f, 0xc2, 0x4, 0x1, 0xff, 0xcf, 0x10, 0x20,
    0xf, 0xfe, 0x7, 0x0, 0x8, 0x3, 0xfe, 0x40,
    0x2, 0x80, 0x7f, 0xc4, 0x81, 0x22, 0x1, 0xff,
    0x40, 0xe, 0x80, 0x7e, 0x77, 0x1, 0xc8, 0x1f,
    0x39, 0x8, 0x8d, 0xf6, 0x0, 0x26, 0xa1, 0x14,
    0x6f, 0x73, 0x20, 0x8d, 0x40, 0x25, 0xe9, 0x41,
    0x0, 0x12, 0xde, 0x10,

    /* U+010D "č" */
    0x0, 0x9d, 0x40, 0x23, 0x81, 0x0, 0xd4, 0x60,
    0x3a, 0x62, 0x1, 0x39, 0x70, 0xd0, 0xd0, 0x7,
    0x71, 0x62, 0x48, 0x80, 0x71, 0xb1, 0x1b, 0x0,
    0x7d, 0x3f, 0x80, 0x1f, 0xfc, 0x52, 0x9d, 0xfe,
    0xd8, 0x20, 0x3, 0xeb, 0x10, 0x9, 0x3c, 0x83,
    0x40, 0x2e, 0xff, 0xba, 0x4c, 0x20, 0x1a, 0x88,
    0x0, 0x2d, 0xa, 0x21, 0x0, 0x1f, 0x68, 0x20,
    0x80, 0x7c, 0x40, 0x40, 0x1f, 0xfc, 0x72, 0x2,
    0x0, 0xfd, 0xa0, 0x82, 0x1, 0xf2, 0x88, 0x40,
    0x7, 0xe8, 0x6, 0xa2, 0x0, 0xb, 0x40, 0x34,
    0x2, 0xef, 0xfb, 0xa4, 0xc0, 0xf, 0x8a, 0x20,
    0x24, 0xf2,

    /* U+010E "Ď" */
    0x0, 0x9b, 0xd4, 0x1, 0x7a, 0x20, 0x1f, 0x99,
    0x94, 0xb6, 0x9e, 0x20, 0x1f, 0xd2, 0x94, 0x96,
    0x40, 0x1f, 0xf5, 0xff, 0x90, 0x3, 0xff, 0x97,
    0x5f, 0xfd, 0xdb, 0x4e, 0x20, 0x1f, 0xf0, 0x92,
    0xc7, 0x50, 0x80, 0x72, 0x7f, 0xdd, 0x92, 0x60,
    0xb8, 0x20, 0x1f, 0x84, 0xdb, 0x24, 0xa, 0x80,
    0x3f, 0xf8, 0xc, 0xe0, 0x86, 0x1, 0xff, 0xc0,
    0x90, 0x5, 0x0, 0x7f, 0xf0, 0x5, 0x1, 0x0,
    0x3f, 0xf8, 0x26, 0x4, 0x1, 0xff, 0xc1, 0xf0,
    0xf, 0xfe, 0x9f, 0x80, 0x7f, 0xf0, 0xcc, 0x8,
    0x3, 0xff, 0x80, 0x28, 0x8, 0x1, 0xff, 0xc0,
    0x90, 0x5, 0x0, 0x7f, 0xcc, 0xe0, 0x86, 0x1,
    0xf0, 0x9b, 0x64, 0x81, 0x50, 0x6, 0x4f, 0xfb,
    0xb2, 0x4c, 0x17, 0x4, 0x3, 0xf0, 0x92, 0xc7,
    0x50, 0x80, 0x40,

    /* U+010F "ď" */
    0x0, 0xfe, 0x1f, 0xf0, 0x86, 0xfb, 0x0, 0x7f,
    0xf0, 0x88, 0x1c, 0x3, 0xff, 0x82, 0x60, 0x42,
    0x1, 0xff, 0xc1, 0x50, 0x50, 0xf, 0xfe, 0x11,
    0xad, 0x0, 0x67, 0xdf, 0xea, 0x20, 0xc, 0xb4,
    0x40, 0x15, 0xc1, 0x0, 0x17, 0x50, 0x3, 0xf4,
    0x20, 0x57, 0xf6, 0x9d, 0x0, 0x7c, 0x2e, 0x12,
    0xa0, 0x2, 0xc1, 0x0, 0xf9, 0x0, 0x58, 0x3,
    0xa4, 0x3, 0xec, 0x4, 0x0, 0xf2, 0x0, 0x7c,
    0x60, 0x60, 0x1e, 0x20, 0xf, 0xfe, 0x21, 0x80,
    0x7c, 0x60, 0x60, 0x1e, 0x10, 0xf, 0xb0, 0x10,
    0x3, 0xc8, 0x1, 0xf2, 0x0, 0xb0, 0x7, 0x48,
    0x7, 0xc2, 0xe1, 0x2c, 0x0, 0x2c, 0x10, 0xf,
    0xd0, 0x81, 0x3f, 0xda, 0x74, 0x1, 0xfd, 0x70,
    0x40, 0x5, 0xd4, 0x0, 0xf8,

    /* U+0110 "Đ" */
    0x0, 0x47, 0xff, 0x76, 0xdb, 0x90, 0x7, 0xff,
    0x4, 0x49, 0x23, 0x6c, 0x40, 0x3e, 0x2f, 0xfb,
    0xb6, 0x50, 0x13, 0xc8, 0x3, 0xfc, 0x24, 0xd7,
    0x40, 0x3e, 0x1, 0xff, 0xc2, 0x59, 0x2, 0x50,
    0xf, 0xfe, 0x13, 0x8, 0x70, 0x7, 0xff, 0xd,
    0xc1, 0x0, 0x3f, 0xf8, 0x7e, 0x0, 0x1e, 0xf7,
    0x2, 0xff, 0xb0, 0x3, 0x8c, 0x0, 0x68, 0x62,
    0x0, 0x33, 0x94, 0x3, 0xfa, 0xb1, 0x80, 0xb3,
    0x29, 0x0, 0xe3, 0x0, 0x18, 0x7, 0xff, 0xb,
    0xc0, 0x2, 0x1, 0xff, 0xc2, 0x70, 0x40, 0xf,
    0xfe, 0x13, 0x8, 0x70, 0x7, 0xff, 0x5, 0x64,
    0x9, 0x40, 0x3f, 0x84, 0x9a, 0xe8, 0x7, 0xc0,
    0x3c, 0x5f, 0xf7, 0x6c, 0xa0, 0x27, 0x90, 0x7,
    0xfc, 0x49, 0x1b, 0x62, 0x1, 0x0,

    /* U+0111 "đ" */
    0x0, 0xfe, 0x1f, 0xf0, 0x80, 0x7c, 0xf1, 0x10,
    0x2, 0x5c, 0x3, 0xd2, 0xee, 0x60, 0x3, 0xd0,
    0x7, 0xbb, 0xfd, 0xc0, 0xe, 0xd0, 0xf, 0xfe,
    0x2b, 0xef, 0xf5, 0x10, 0x7, 0xd7, 0x4, 0x0,
    0x5d, 0x40, 0xe, 0x84, 0xa, 0xfe, 0xd3, 0xa0,
    0xc, 0x2e, 0x12, 0xa0, 0x2, 0xc1, 0x0, 0xc8,
    0x2, 0xc0, 0x1d, 0x20, 0x1b, 0x1, 0x0, 0x3c,
    0x80, 0x18, 0xc0, 0xc0, 0x3c, 0x40, 0x1f, 0xfc,
    0x13, 0x0, 0xc6, 0x6, 0x1, 0xe1, 0x0, 0xd8,
    0x8, 0x1, 0xe4, 0x0, 0xc8, 0x2, 0xc0, 0x1d,
    0x20, 0x18, 0x5c, 0x25, 0x80, 0x5, 0x82, 0x1,
    0xd0, 0x81, 0x3f, 0xda, 0x74, 0x1, 0xeb, 0x82,
    0x0, 0x2e, 0xa0, 0x6,

    /* U+0112 "Ē" */
    0x0, 0x3e, 0xef, 0x94, 0x3, 0x71, 0x17, 0x8c,
    0x3, 0x4f, 0xff, 0x98, 0x3, 0xff, 0x9d, 0x5f,
    0xff, 0xe6, 0x0, 0xff, 0xe1, 0x27, 0x77, 0xe6,
    0x0, 0x84, 0x7f, 0x0, 0x7f, 0xf6, 0xd3, 0xff,
    0xf0, 0x80, 0x7f, 0xf0, 0x93, 0xbb, 0xf0, 0x80,
    0x42, 0x3f, 0x80, 0x3f, 0xfd, 0x2, 0x3f, 0x80,
    0x24, 0xee, 0xfd, 0x40, 0x1f, 0xfc, 0x0,

    /* U+0113 "ē" */
    0x0, 0xb3, 0xff, 0xc8, 0x1, 0xca, 0x67, 0xe7,
    0x0, 0xe9, 0xcc, 0xf1, 0x80, 0x7f, 0xf4, 0xce,
    0xbb, 0xfd, 0x8c, 0x1, 0xcf, 0x8a, 0x20, 0x3,
    0x9b, 0x0, 0x96, 0x2, 0x3b, 0xfd, 0x42, 0x92,
    0x0, 0xb0, 0xa7, 0x10, 0x2, 0xe8, 0x30, 0xa0,
    0x92, 0x80, 0x71, 0x90, 0x26, 0x1, 0xe6, 0x7c,
    0x60, 0x44, 0x1, 0x33, 0xf8, 0x40, 0x32, 0xff,
    0xff, 0x39, 0x3, 0x0, 0x7f, 0xb4, 0xc, 0x80,
    0x3f, 0x94, 0x42, 0x40, 0x3e, 0x10, 0x5, 0x82,
    0x59, 0x80, 0x47, 0x1e, 0x0, 0x59, 0x4, 0xcf,
    0xef, 0xc7, 0x10, 0x9, 0xb5, 0x88, 0x4, 0x49,
    0x1c, 0x0,

    /* U+0114 "Ĕ" */
    0x0, 0x57, 0x18, 0x1, 0x7d, 0x80, 0x34, 0xe,
    0x7f, 0xa8, 0x9c, 0x3, 0x17, 0x4b, 0x3d, 0x68,
    0x80, 0x70, 0xb4, 0xc2, 0x80, 0x7f, 0xf1, 0x2b,
    0xff, 0xfc, 0xc0, 0x1f, 0xfc, 0x24, 0xee, 0xfc,
    0xc0, 0x10, 0x8f, 0xe0, 0xf, 0xfe, 0xda, 0x7f,
    0xfe, 0x10, 0xf, 0xfe, 0x12, 0x77, 0x7e, 0x10,
    0x8, 0x47, 0xf0, 0x7, 0xff, 0xa0, 0x47, 0xf0,
    0x4, 0x9d, 0xdf, 0xa8, 0x3, 0xff, 0x80,

    /* U+0115 "ĕ" */
    0x0, 0xb2, 0x40, 0x21, 0xf5, 0x0, 0xe5, 0x65,
    0x1, 0xa0, 0x40, 0xe, 0x81, 0xaf, 0xe4, 0x71,
    0x0, 0xe1, 0xf8, 0x67, 0xb8, 0x0, 0xf8, 0x5e,
    0x61, 0x0, 0x3f, 0xf9, 0x7, 0x5d, 0xfe, 0xc6,
    0x0, 0xe7, 0xc5, 0x10, 0x1, 0xcd, 0x80, 0x4b,
    0x1, 0x1d, 0xfe, 0xa1, 0x49, 0x0, 0x58, 0x53,
    0x88, 0x1, 0x74, 0x18, 0x50, 0x49, 0x40, 0x38,
    0xc8, 0x13, 0x0, 0xf3, 0x3e, 0x30, 0x22, 0x0,
    0x99, 0xfc, 0x20, 0x19, 0x7f, 0xff, 0x9c, 0x81,
    0x80, 0x3f, 0xda, 0x6, 0x40, 0x1f, 0xca, 0x21,
    0x20, 0x1f, 0x8, 0x2, 0xc1, 0x2c, 0xc0, 0x23,
    0x8f, 0x0, 0x2c, 0x82, 0x67, 0xf7, 0xe3, 0x88,
    0x4, 0xda, 0xc4, 0x2, 0x24, 0x8e, 0x0,

    /* U+0116 "Ė" */
    0x0, 0xcb, 0xfe, 0x0, 0xff, 0xe4, 0xbb, 0xc0,
    0x1f, 0xc5, 0x10, 0x0, 0xff, 0xe2, 0xd7, 0xff,
    0xf9, 0x80, 0x3f, 0xf8, 0x49, 0xdd, 0xf9, 0x80,
    0x21, 0x1f, 0xc0, 0x1f, 0xfd, 0xb4, 0xff, 0xfc,
    0x20, 0x1f, 0xfc, 0x24, 0xee, 0xfc, 0x20, 0x10,
    0x8f, 0xe0, 0xf, 0xff, 0x40, 0x8f, 0xe0, 0x9,
    0x3b, 0xbf, 0x50, 0x7, 0xff, 0x0,

    /* U+0117 "ė" */
    0x0, 0xe5, 0xfd, 0x0, 0xff, 0xe5, 0x89, 0x38,
    0x7, 0xf9, 0x36, 0x80, 0x3f, 0xf9, 0x27, 0x5d,
    0xfe, 0xc6, 0x0, 0xe7, 0xc5, 0x10, 0x1, 0xcd,
    0x80, 0x4b, 0x1, 0x1d, 0xfe, 0xa1, 0x49, 0x0,
    0x58, 0x53, 0x88, 0x1, 0x74, 0x18, 0x50, 0x49,
    0x40, 0x38, 0xc8, 0x13, 0x0, 0xf3, 0x3e, 0x30,
    0x22, 0x0, 0x99, 0xfc, 0x20, 0x19, 0x7f, 0xff,
    0x9c, 0x81, 0x80, 0x3f, 0xda, 0x6, 0x40, 0x1f,
    0xca, 0x21, 0x20, 0x1f, 0x8, 0x2, 0xc1, 0x2c,
    0xc0, 0x23, 0x8f, 0x0, 0x2c, 0x82, 0x67, 0xf7,
    0xe3, 0x88, 0x4, 0xda, 0xc4, 0x2, 0x24, 0x8e,
    0x0,

    /* U+0118 "Ę" */
    0xaf, 0xff, 0xf3, 0x0, 0x7f, 0xf0, 0x93, 0xbb,
    0xf3, 0x0, 0x42, 0x3f, 0x80, 0x3f, 0xfb, 0x69,
    0xff, 0xf8, 0x40, 0x3f, 0xf8, 0x49, 0xdd, 0xf8,
    0x40, 0x21, 0x1f, 0xc0, 0x1f, 0xfe, 0x81, 0x1f,
    0xc0, 0x12, 0x77, 0x7e, 0xa0, 0xf, 0xfe, 0x5,
    0x7f, 0xfc, 0x6b, 0xf4, 0x1, 0xf3, 0x1c, 0x0,
    0x7f, 0x60, 0x10, 0x7, 0xf1, 0x85, 0xc3, 0x80,
    0x7d, 0x8, 0x87, 0xf0,

    /* U+0119 "ę" */
    0x0, 0x8e, 0xbb, 0xfa, 0xd4, 0x3, 0x9f, 0x14,
    0x46, 0x4a, 0x90, 0x9, 0x60, 0x1f, 0xb9, 0xf4,
    0xc, 0xc0, 0x5, 0x83, 0xc0, 0x80, 0x16, 0x42,
    0x1, 0x4, 0x20, 0x3, 0x98, 0x44, 0x78, 0x6,
    0x1, 0xf2, 0x82, 0x90, 0x1f, 0xff, 0xc8, 0x2,
    0x0, 0x13, 0x3f, 0xe2, 0x20, 0x26, 0x67, 0xf2,
    0xe8, 0x20, 0x7, 0xf9, 0x44, 0x50, 0x1, 0xfe,
    0xb0, 0x79, 0x20, 0x8, 0x9f, 0x40, 0xb, 0x20,
    0xdb, 0xfd, 0xfb, 0x4, 0x1, 0x36, 0xb1, 0x0,
    0x80, 0x23, 0x80, 0x31, 0x4e, 0xff, 0xb, 0xb8,
    0x40, 0x3f, 0x30, 0xc8, 0x7, 0xfb, 0x40, 0x40,
    0x3f, 0xc4, 0x17, 0x10, 0x0, 0xfd, 0x2a, 0xa7,
    0x0, 0x0,

    /* U+011A "Ě" */
    0x0, 0x1f, 0xb8, 0x2, 0x7c, 0x80, 0x31, 0xcc,
    0x3c, 0xb5, 0x90, 0x7, 0x33, 0x21, 0xa1, 0x0,
    0x3e, 0x9f, 0xf3, 0x80, 0x7f, 0xf1, 0x2b, 0xff,
    0xfc, 0xc0, 0x1f, 0xfc, 0x24, 0xee, 0xfc, 0xc0,
    0x10, 0x8f, 0xe0, 0xf, 0xfe, 0xda, 0x7f, 0xfe,
    0x10, 0xf, 0xfe, 0x12, 0x77, 0x7e, 0x10, 0x8,
    0x47, 0xf0, 0x7, 0xff, 0xa0, 0x47, 0xf0, 0x4,
    0x9d, 0xdf, 0xa8, 0x3, 0xff, 0x80,

    /* U+011B "ě" */
    0x0, 0x99, 0x80, 0x11, 0x41, 0x0, 0x7a, 0x50,
    0x1, 0xca, 0x40, 0x1c, 0xc5, 0x20, 0xe7, 0x0,
    0x1f, 0x49, 0x54, 0x1a, 0x80, 0x7c, 0x88, 0x50,
    0xf0, 0xf, 0xe9, 0x79, 0x30, 0xf, 0xe2, 0x86,
    0x0, 0xfc, 0x75, 0xdf, 0xec, 0x60, 0xe, 0x7c,
    0x51, 0x0, 0x1c, 0xd8, 0x4, 0xb0, 0x11, 0xdf,
    0xea, 0x14, 0x90, 0x5, 0x85, 0x38, 0x80, 0x17,
    0x41, 0x85, 0x4, 0x94, 0x3, 0x8c, 0x81, 0x30,
    0xf, 0x33, 0xe3, 0x2, 0x20, 0x9, 0x9f, 0xc2,
    0x1, 0x97, 0xff, 0xf9, 0xc8, 0x18, 0x3, 0xfd,
    0xa0, 0x64, 0x1, 0xfc, 0xa2, 0x12, 0x1, 0xf0,
    0x80, 0x2c, 0x12, 0xcc, 0x2, 0x38, 0xf0, 0x2,
    0xc8, 0x26, 0x7f, 0x7e, 0x38, 0x80, 0x4d, 0xac,
    0x40, 0x22, 0x48, 0xe0,

    /* U+011C "Ĝ" */
    0x0, 0xf8, 0x62, 0x6, 0x1, 0xff, 0xc0, 0xd6,
    0x5d, 0x10, 0xf, 0xf5, 0x16, 0x60, 0xf4, 0x3,
    0xf8, 0x89, 0xa4, 0x39, 0x66, 0x1, 0xf8, 0xa0,
    0xc0, 0x2, 0xe6, 0x1, 0xff, 0xcc, 0x6a, 0xef,
    0xf7, 0x5b, 0x90, 0x7, 0x2f, 0x4a, 0x88, 0x0,
    0x52, 0x36, 0x80, 0x26, 0xa1, 0x14, 0x67, 0x7e,
    0xd3, 0x2, 0x90, 0x1c, 0x82, 0x73, 0x98, 0x81,
    0x2c, 0xf3, 0x0, 0x20, 0x6, 0xc0, 0x3f, 0xc,
    0x91, 0x10, 0x20, 0x3, 0xff, 0x80, 0x80, 0x4,
    0x0, 0xff, 0xe0, 0x70, 0x0, 0x80, 0x3f, 0xf8,
    0x2, 0x4, 0x1, 0xe9, 0xff, 0xea, 0x0, 0xff,
    0xe2, 0x8, 0x10, 0x7, 0xa7, 0xfe, 0x40, 0x7,
    0x0, 0x8, 0x3, 0xff, 0x80, 0x80, 0x4, 0x0,
    0xff, 0xe0, 0x12, 0x4, 0x0, 0x7f, 0xf0, 0x60,
    0x6, 0xc0, 0x3f, 0xf8, 0x7, 0x20, 0x9c, 0xe6,
    0x20, 0x29, 0x48, 0x6, 0x0, 0x6a, 0x11, 0x46,
    0x77, 0xf5, 0xa8, 0x2c, 0x0, 0x4b, 0xd2, 0x82,
    0x0, 0x14, 0x8d, 0xa1,

    /* U+011D "ĝ" */
    0x0, 0xee, 0xf6, 0x0, 0xfe, 0x91, 0x29, 0x10,
    0xf, 0x8d, 0x9f, 0xc2, 0xc0, 0x3e, 0xe3, 0x82,
    0x95, 0x50, 0x7, 0x12, 0xf0, 0x1, 0xa4, 0xc0,
    0x38, 0xa0, 0x80, 0x26, 0x60, 0x7, 0x9f, 0x7f,
    0xa8, 0xc7, 0xfc, 0x20, 0xc, 0x82, 0x0, 0x2e,
    0x20, 0x6, 0x93, 0xa, 0xfe, 0xd4, 0xa0, 0x8,
    0x58, 0x29, 0x40, 0x5, 0x64, 0x1, 0x38, 0xa,
    0x80, 0x75, 0x0, 0x5e, 0x8, 0x1, 0xe4, 0x0,
    0x8c, 0xc, 0x3, 0xc4, 0x1, 0xff, 0xc4, 0x30,
    0x30, 0xf, 0x10, 0x5, 0xe0, 0x80, 0x1e, 0x40,
    0x9, 0xc0, 0x54, 0x3, 0xa8, 0x2, 0x16, 0xa,
    0x50, 0x1, 0x59, 0x0, 0x69, 0x30, 0xaf, 0xed,
    0x4a, 0x0, 0x8, 0x3, 0x20, 0x80, 0xb, 0xae,
    0x1, 0xe7, 0xdf, 0xea, 0x27, 0x3, 0x0, 0xff,
    0x48, 0x20, 0x0, 0x64, 0xc0, 0x22, 0xb3, 0xa,
    0x0, 0x9b, 0x3f, 0xb9, 0xa8, 0x14, 0x40, 0x1,
    0x84, 0x11, 0x89, 0xb5, 0x40, 0x0,

    /* U+011E "Ğ" */
    0x0, 0xc5, 0x2, 0x1, 0x23, 0x80, 0x7e, 0x37,
    0xb1, 0x3, 0xac, 0x0, 0xfc, 0x2e, 0xbd, 0xf8,
    0x30, 0x1, 0xfd, 0x18, 0xed, 0x1c, 0x60, 0x1f,
    0xe3, 0x89, 0x71, 0x0, 0xff, 0xe7, 0x35, 0x77,
    0xfb, 0xad, 0xc8, 0x3, 0x97, 0xa5, 0x44, 0x0,
    0x29, 0x1b, 0x40, 0x13, 0x50, 0x8a, 0x33, 0xbf,
    0x69, 0x81, 0x48, 0xe, 0x41, 0x39, 0xcc, 0x40,
    0x96, 0x79, 0x80, 0x10, 0x3, 0x60, 0x1f, 0x86,
    0x48, 0x88, 0x10, 0x1, 0xff, 0xc0, 0x40, 0x2,
    0x0, 0x7f, 0xf0, 0x38, 0x0, 0x40, 0x1f, 0xfc,
    0x1, 0x2, 0x0, 0xf4, 0xff, 0xf5, 0x0, 0x7f,
    0xf1, 0x4, 0x8, 0x3, 0xd3, 0xff, 0x20, 0x3,
    0x80, 0x4, 0x1, 0xff, 0xc0, 0x40, 0x2, 0x0,
    0x7f, 0xf0, 0x9, 0x2, 0x0, 0x3f, 0xf8, 0x30,
    0x3, 0x60, 0x1f, 0xfc, 0x3, 0x90, 0x4e, 0x73,
    0x10, 0x14, 0xa4, 0x3, 0x0, 0x35, 0x8, 0xa3,
    0x3b, 0xfa, 0xd4, 0x16, 0x0, 0x25, 0xe9, 0x41,
    0x0, 0xa, 0x46, 0xd0, 0x80,

    /* U+011F "ğ" */
    0x0, 0xb9, 0xc0, 0x23, 0xf3, 0x0, 0xe5, 0x94,
    0x2, 0xf0, 0x30, 0xe, 0x91, 0xbf, 0xd3, 0x90,
    0xf, 0x17, 0x42, 0xbe, 0x30, 0x7, 0xc2, 0xf5,
    0x6, 0x1, 0xff, 0xc8, 0x7d, 0xfe, 0xa3, 0x1f,
    0xf0, 0x80, 0x32, 0x8, 0x0, 0xb8, 0x80, 0x1a,
    0x4c, 0x2b, 0xfb, 0x52, 0x80, 0x21, 0x60, 0xa5,
    0x0, 0x15, 0x90, 0x4, 0xe0, 0x2a, 0x1, 0xd4,
    0x1, 0x78, 0x20, 0x7, 0x90, 0x2, 0x30, 0x30,
    0xf, 0x10, 0x7, 0xff, 0x10, 0xc0, 0xc0, 0x3c,
    0x40, 0x17, 0x82, 0x0, 0x79, 0x0, 0x27, 0x1,
    0x50, 0xe, 0xa0, 0x8, 0x58, 0x29, 0x40, 0x5,
    0x64, 0x1, 0xa4, 0xc2, 0xbf, 0xb5, 0x28, 0x0,
    0x20, 0xc, 0x82, 0x0, 0x2e, 0xb8, 0x7, 0x9f,
    0x7f, 0xa8, 0x9c, 0xc, 0x3, 0xfd, 0x20, 0x80,
    0x1, 0x93, 0x0, 0x8a, 0xcc, 0x28, 0x2, 0x6c,
    0xfe, 0xe6, 0xa0, 0x51, 0x0, 0x6, 0x10, 0x46,
    0x26, 0xd5, 0x0, 0x0,

    /* U+0120 "Ġ" */
    0x0, 0xf8, 0x7f, 0xc8, 0x1, 0xff, 0xd0, 0x17,
    0x73, 0x0, 0x7f, 0xf0, 0x62, 0x4, 0x1, 0xff,
    0xce, 0x6a, 0xef, 0xf7, 0x5b, 0x90, 0x7, 0x2f,
    0x4a, 0x88, 0x0, 0x52, 0x36, 0x80, 0x26, 0xa1,
    0x14, 0x67, 0x7e, 0xd3, 0x2, 0x90, 0x1c, 0x82,
    0x73, 0x98, 0x81, 0x2c, 0xf3, 0x0, 0x20, 0x6,
    0xc0, 0x3f, 0xc, 0x91, 0x10, 0x20, 0x3, 0xff,
    0x80, 0x80, 0x4, 0x0, 0xff, 0xe0, 0x70, 0x0,
    0x80, 0x3f, 0xf8, 0x2, 0x4, 0x1, 0xe9, 0xff,
    0xea, 0x0, 0xff, 0xe2, 0x8, 0x10, 0x7, 0xa7,
    0xfe, 0x40, 0x7, 0x0, 0x8, 0x3, 0xff, 0x80,
    0x80, 0x4, 0x0, 0xff, 0xe0, 0x12, 0x4, 0x0,
    0x7f, 0xf0, 0x60, 0x6, 0xc0, 0x3f, 0xf8, 0x7,
    0x20, 0x9c, 0xe6, 0x20, 0x29, 0x48, 0x6, 0x0,
    0x6a, 0x11, 0x46, 0x77, 0xf5, 0xa8, 0x2c, 0x0,
    0x4b, 0xd2, 0x82, 0x0, 0x14, 0x8d, 0xa1,

    /* U+0121 "ġ" */
    0x0, 0xed, 0xf4, 0x0, 0xff, 0xe5, 0xb1, 0x0,
    0x7f, 0xd7, 0xa8, 0x1, 0xff, 0xc9, 0x7d, 0xfe,
    0xa3, 0x1f, 0xf0, 0x80, 0x32, 0x8, 0x0, 0xb8,
    0x80, 0x1a, 0x4c, 0x2b, 0xfb, 0x52, 0x80, 0x21,
    0x60, 0xa5, 0x0, 0x15, 0x90, 0x4, 0xe0, 0x2a,
    0x1, 0xd4, 0x1, 0x78, 0x20, 0x7, 0x90, 0x2,
    0x30, 0x30, 0xf, 0x10, 0x7, 0xff, 0x10, 0xc0,
    0xc0, 0x3c, 0x40, 0x17, 0x82, 0x0, 0x79, 0x0,
    0x27, 0x1, 0x50, 0xe, 0xa0, 0x8, 0x58, 0x29,
    0x40, 0x5, 0x64, 0x1, 0xa4, 0xc2, 0xbf, 0xb5,
    0x28, 0x0, 0x20, 0xc, 0x82, 0x0, 0x2e, 0xb8,
    0x7, 0x9f, 0x7f, 0xa8, 0x9c, 0xc, 0x3, 0xfd,
    0x20, 0x80, 0x1, 0x93, 0x0, 0x8a, 0xcc, 0x28,
    0x2, 0x6c, 0xfe, 0xe6, 0xa0, 0x51, 0x0, 0x6,
    0x10, 0x46, 0x26, 0xd5, 0x0, 0x0,

    /* U+0122 "Ģ" */
    0x0, 0xe6, 0xae, 0xff, 0x75, 0xb9, 0x0, 0x72,
    0xf4, 0xa8, 0x80, 0x5, 0x23, 0x68, 0x2, 0x6a,
    0x11, 0x46, 0x77, 0xed, 0x30, 0x29, 0x1, 0xc8,
    0x27, 0x39, 0x88, 0x12, 0xcf, 0x30, 0x2, 0x0,
    0x6c, 0x3, 0xf0, 0xc9, 0x11, 0x2, 0x0, 0x3f,
    0xf8, 0x8, 0x0, 0x40, 0xf, 0xfe, 0x7, 0x0,
    0x8, 0x3, 0xff, 0x80, 0x20, 0x40, 0x1e, 0x9f,
    0xfe, 0xa0, 0xf, 0xfe, 0x20, 0x81, 0x0, 0x7a,
    0x7f, 0xe4, 0x0, 0x70, 0x0, 0x80, 0x3f, 0xf8,
    0x8, 0x0, 0x40, 0xf, 0xfe, 0x1, 0x20, 0x40,
    0x7, 0xff, 0x6, 0x0, 0x6c, 0x3, 0xff, 0x80,
    0x72, 0x9, 0xce, 0x62, 0x2, 0x94, 0x80, 0x60,
    0x6, 0xa1, 0x14, 0x67, 0x7f, 0x5a, 0x82, 0xc0,
    0x4, 0xbd, 0x28, 0x20, 0x1, 0x48, 0xda, 0x10,
    0xe, 0x6b, 0xef, 0xf7, 0x5b, 0x90, 0x7, 0xff,
    0x3b, 0x7e, 0x0, 0x3f, 0xf8, 0x2, 0x41, 0x20,
    0x1f, 0xfc, 0x5, 0x7, 0x10, 0xf, 0xfe, 0x1,
    0x8c, 0x80, 0x78,

    /* U+0123 "ģ" */
    0x0, 0xf2, 0xfa, 0x0, 0x7f, 0xa0, 0x14, 0x3,
    0xf9, 0x48, 0xc4, 0x3, 0xfb, 0x85, 0x0, 0x3f,
    0xd7, 0xd0, 0x1, 0xf9, 0xf7, 0xfa, 0x8c, 0x7f,
    0xc2, 0x0, 0xc8, 0x20, 0x2, 0xe2, 0x0, 0x69,
    0x30, 0xaf, 0xed, 0x4a, 0x0, 0x85, 0x82, 0x94,
    0x0, 0x56, 0x40, 0x13, 0x80, 0xa8, 0x7, 0x50,
    0x5, 0xe0, 0x80, 0x1e, 0x40, 0x8, 0xc0, 0xc0,
    0x3c, 0x40, 0x1f, 0xfc, 0x43, 0x3, 0x0, 0xf1,
    0x0, 0x5e, 0x8, 0x1, 0xe4, 0x0, 0x9c, 0x5,
    0x40, 0x3a, 0x80, 0x21, 0x60, 0xa5, 0x0, 0x15,
    0x90, 0x6, 0x93, 0xa, 0xfe, 0xd4, 0xa0, 0x0,
    0x80, 0x32, 0x8, 0x0, 0xba, 0xe0, 0x1e, 0x7d,
    0xfe, 0xa2, 0x70, 0x30, 0xf, 0xf4, 0x82, 0x0,
    0x6, 0x4c, 0x2, 0x2b, 0x30, 0xa0, 0x9, 0xb3,
    0xfb, 0x9a, 0x81, 0x44, 0x0, 0x18, 0x41, 0x18,
    0x9b, 0x54, 0x0,

    /* U+0124 "Ĥ" */
    0x0, 0xe7, 0xff, 0x40, 0x7, 0xf2, 0xc3, 0xc3,
    0xa8, 0x7, 0xc5, 0x4d, 0xe, 0xea, 0x30, 0xf,
    0x17, 0xc8, 0x2, 0x3c, 0xc0, 0x3f, 0xf8, 0xb5,
    0xf6, 0x1, 0xfa, 0xbe, 0xc0, 0x3f, 0xff, 0xe0,
    0x1f, 0xf2, 0x7f, 0xfe, 0x50, 0xf, 0xfe, 0x32,
    0x77, 0x7e, 0x40, 0xe, 0x11, 0xfe, 0x0, 0xff,
    0xff, 0x80, 0x7f, 0xf3, 0x40,

    /* U+0125 "ĥ" */
    0x0, 0x27, 0xfa, 0xc0, 0x3f, 0xc5, 0x49, 0x49,
    0x20, 0x1f, 0xde, 0x56, 0xb6, 0xcc, 0x0, 0xfd,
    0xb8, 0x0, 0x4f, 0x60, 0xf, 0xf6, 0xfa, 0x80,
    0x7f, 0xff, 0xc2, 0x37, 0xfa, 0x84, 0x3, 0xe3,
    0xd7, 0x20, 0x15, 0xf1, 0x0, 0xf4, 0x5, 0xff,
    0xa8, 0x6, 0x0, 0x3c, 0x3e, 0x80, 0x5, 0x80,
    0x70, 0xf, 0x29, 0x0, 0x65, 0x1, 0x10, 0x7,
    0x68, 0x7, 0x10, 0x0, 0xc0, 0x38, 0x80, 0x3f,
    0xff, 0xe0, 0x1f, 0xfd, 0xb0,

    /* U+0126 "Ħ" */
    0x0, 0x57, 0xd8, 0x7, 0xeb, 0xfa, 0x0, 0xff,
    0xed, 0x57, 0xa8, 0x27, 0xff, 0xe4, 0x5, 0xfa,
    0x0, 0xff, 0xe3, 0x57, 0xa8, 0x27, 0xff, 0xe4,
    0x5, 0xfa, 0x0, 0xff, 0xe5, 0x27, 0xff, 0xe4,
    0x0, 0xff, 0xe7, 0x27, 0x77, 0xe4, 0x0, 0xfe,
    0x11, 0xfc, 0x1, 0xff, 0xff, 0x0, 0xff, 0xf6,
    0x0,

    /* U+0127 "ħ" */
    0x2, 0xff, 0x0, 0x7f, 0x4e, 0x80, 0x3f, 0xf1,
    0x0, 0x7f, 0xf1, 0x67, 0x40, 0x1f, 0xf8, 0x80,
    0x3f, 0xf9, 0x45, 0x5d, 0xfa, 0xe0, 0x1e, 0x4d,
    0x51, 0x2, 0x8b, 0x0, 0xea, 0x4d, 0xfe, 0x70,
    0x44, 0x0, 0x63, 0xb2, 0x1, 0x83, 0xd, 0x0,
    0xd0, 0x1, 0xd6, 0xa, 0x1, 0x9c, 0x3, 0x88,
    0x4, 0x3, 0x10, 0x7, 0x8, 0x7, 0xff, 0xfc,
    0x3, 0xff, 0x8c,

    /* U+0128 "Ĩ" */
    0x0, 0xf8, 0x80, 0x13, 0xfe, 0xb4, 0x6d, 0x43,
    0x66, 0x43, 0x5c, 0x9a, 0x15, 0x4b, 0xee, 0x5e,
    0x0, 0xa8, 0x4, 0x68, 0x1, 0xff, 0xc2, 0xaf,
    0xb0, 0xf, 0xff, 0xf8, 0x7, 0xff, 0xfc, 0x3,
    0xc0,

    /* U+0129 "ĩ" */
    0x8, 0xed, 0x50, 0x5f, 0x23, 0x75, 0xa, 0xb8,
    0x12, 0x40, 0xbd, 0x75, 0x3a, 0x7, 0xf0, 0x4,
    0x77, 0x10, 0x3, 0xff, 0x83, 0x7e, 0xc0, 0x1f,
    0xff, 0xf0, 0xf, 0xff, 0x8,

    /* U+012A "Ī" */
    0xcd, 0xdf, 0x1, 0x91, 0x78, 0x3f, 0xfe, 0x0,
    0xff, 0xe3, 0xd7, 0xd8, 0x7, 0xff, 0xfc, 0x3,
    0xff, 0xe8,

    /* U+012B "ī" */
    0x2f, 0xff, 0x68, 0x11, 0x79, 0xcb, 0x77, 0xd4,
    0x1, 0xff, 0xc7, 0xbf, 0x60, 0xf, 0xff, 0xf8,
    0x7, 0xff, 0x4c,

    /* U+012C "Ĭ" */
    0xf, 0xa1, 0x1, 0x9f, 0x10, 0x85, 0xef, 0xe6,
    0x71, 0x7, 0xc8, 0x67, 0xc8, 0x0, 0x8d, 0xe6,
    0xc, 0x3, 0xff, 0x85, 0x5f, 0x60, 0x1f, 0xff,
    0xf0, 0xf, 0xff, 0xf8, 0x7, 0x80,

    /* U+012D "ĭ" */
    0x28, 0x10, 0x8, 0xdc, 0xd, 0xec, 0x40, 0xfa,
    0xc0, 0x5d, 0x7b, 0xf0, 0xa0, 0x1, 0x16, 0xca,
    0xfa, 0x80, 0x12, 0x4d, 0x41, 0x0, 0x7f, 0xf0,
    0xaf, 0xd8, 0x3, 0xff, 0xfe, 0x1, 0xff, 0xe1,

    /* U+012E "Į" */
    0xaf, 0xb0, 0xf, 0xff, 0xf8, 0x7, 0xff, 0x2,
    0xc7, 0x40, 0x10, 0xc, 0x0, 0x75, 0x0, 0x89,
    0x26, 0x4b, 0xe6, 0xce, 0x0,

    /* U+012F "į" */
    0xb, 0xf6, 0x0, 0xfe, 0x22, 0x18, 0x5, 0x3a,
    0xa0, 0x1f, 0xd7, 0xec, 0x1, 0xff, 0xff, 0x0,
    0xf7, 0x2, 0x0, 0x56, 0xc4, 0x0, 0x31, 0xe0,
    0x8, 0x82, 0x62, 0x84, 0x52, 0x6e, 0x80,

    /* U+0130 "İ" */
    0xaf, 0xc0, 0xb, 0xde, 0x96, 0x18, 0x2, 0xaf,
    0xb0, 0xf, 0xff, 0x38,

    /* U+0131 "ı" */
    0xbf, 0x60, 0xf, 0xfe, 0xd8,

    /* U+0132 "Ĳ" */
    0xaf, 0xb0, 0xd, 0x3f, 0x80, 0x1f, 0xff, 0xf0,
    0xf, 0xff, 0xf8, 0x7, 0xff, 0x22, 0xbe, 0xc0,
    0x31, 0x3, 0x0, 0x7c, 0xa0, 0x40, 0x18, 0x4e,
    0xc4, 0x28, 0x2, 0x2e, 0xc4, 0x6, 0x20, 0xf,
    0x1c, 0xc8, 0x0,

    /* U+0133 "ĳ" */
    0xbf, 0x60, 0x8, 0x7f, 0xc2, 0x1, 0xfe, 0x22,
    0x18, 0x6, 0x22, 0x4, 0xea, 0x80, 0x43, 0xba,
    0x10, 0xf, 0xf5, 0xfb, 0x0, 0x43, 0xfe, 0x10,
    0xf, 0xff, 0xf8, 0x7, 0xff, 0xae, 0xfd, 0x80,
    0x3c, 0x20, 0x1e, 0x20, 0xf, 0xe9, 0x3, 0x0,
    0xeb, 0xf5, 0x9, 0x0, 0xe7, 0x3, 0xa5, 0x0,

    /* U+0134 "Ĵ" */
    0x0, 0x87, 0xbf, 0x88, 0x3, 0xb4, 0x2c, 0xfc,
    0x3, 0x49, 0x62, 0x61, 0xd8, 0x5, 0x3c, 0x40,
    0x3d, 0x60, 0x1f, 0xfc, 0x3a, 0xfb, 0x0, 0xff,
    0xff, 0x80, 0x7f, 0xff, 0xc0, 0x3f, 0xf8, 0xe2,
    0x1, 0xf3, 0x1, 0x80, 0x78, 0x4c, 0x3c, 0x3,
    0x9, 0xe8, 0x1, 0xc0, 0x24, 0xec, 0x30, 0x81,
    0x0, 0xf1, 0xd3, 0x80, 0x60,

    /* U+0135 "ĵ" */
    0x0, 0xb7, 0xe0, 0x3, 0x9c, 0x88, 0xe4, 0x1,
    0x14, 0x2e, 0xf, 0x0, 0x5c, 0x36, 0x34, 0x6e,
    0x2, 0x9a, 0x20, 0x94, 0x0, 0x18, 0x30, 0x9,
    0x5c, 0x3, 0x5f, 0xb0, 0x7, 0xff, 0xfc, 0x3,
    0xff, 0xc8, 0xe0, 0x1f, 0x84, 0x8, 0x3, 0x90,
    0x81, 0x40, 0x26, 0xfb, 0x5, 0x10, 0x8, 0x40,
    0x5e, 0x80, 0x30,

    /* U+0136 "Ķ" */
    0xaf, 0xb0, 0xf, 0xe, 0xff, 0x18, 0x7, 0xf0,
    0xe1, 0xe, 0x18, 0x7, 0xe2, 0xc2, 0x1c, 0x20,
    0xf, 0xc5, 0x84, 0x4c, 0x20, 0xf, 0xc5, 0x82,
    0x58, 0x40, 0x1f, 0x8b, 0x4, 0xb0, 0x40, 0x3f,
    0x1e, 0x9, 0x60, 0x80, 0x7e, 0x6c, 0x13, 0xc1,
    0x0, 0xfe, 0x20, 0x7, 0x88, 0x7, 0xf8, 0x84,
    0x34, 0x80, 0x3f, 0xcd, 0xa0, 0x3e, 0x20, 0x1f,
    0xe3, 0xc0, 0x2c, 0x10, 0xf, 0xf1, 0xe0, 0x16,
    0x8, 0x7, 0xf8, 0xec, 0xb, 0x4, 0x3, 0xfc,
    0x96, 0x5, 0xa0, 0x1f, 0xf2, 0x50, 0x1e, 0x0,
    0x7f, 0xcb, 0x40, 0x78, 0x1, 0xff, 0x2d, 0x1,
    0xd8, 0x57, 0xd8, 0x7, 0xcb, 0xfe, 0xb0, 0xf,
    0xfe, 0x54, 0xfe, 0x0, 0x7f, 0xf0, 0x10, 0x20,
    0x3, 0xfe, 0x12, 0x34, 0x0, 0xff, 0x94, 0x60,
    0x3, 0xe0,

    /* U+0137 "ķ" */
    0xdf, 0x50, 0xf, 0xff, 0xad, 0xfe, 0x90, 0x7,
    0xd8, 0x85, 0x84, 0x1, 0xc3, 0x86, 0x6c, 0x10,
    0xe, 0x1c, 0x33, 0x60, 0x80, 0x71, 0x79, 0x26,
    0x0, 0x7b, 0x70, 0x56, 0xc0, 0x3e, 0x71, 0x2a,
    0x0, 0xfc, 0xa0, 0x50, 0x1, 0xfb, 0xe8, 0x1d,
    0xc0, 0x1f, 0x96, 0x42, 0x1c, 0x3, 0xf3, 0x48,
    0x43, 0x0, 0x7e, 0x69, 0x9, 0x60, 0xf, 0xcd,
    0x1, 0x2a, 0x1, 0xf9, 0xe0, 0x29, 0x77, 0xd4,
    0x3, 0x9f, 0xfc, 0xa0, 0x1f, 0xfc, 0x5e, 0xf7,
    0x0, 0xfc, 0x42, 0x27, 0x0, 0xfc, 0x81, 0x20,
    0x1f, 0xde, 0x4e, 0x1, 0xc0,

    /* U+0138 "ĸ" */
    0xdf, 0x50, 0xe, 0xbf, 0xd2, 0x0, 0xfb, 0x10,
    0xb0, 0x80, 0x38, 0x70, 0xcd, 0x82, 0x1, 0xc3,
    0x86, 0x6c, 0x10, 0xe, 0x2c, 0x24, 0xc0, 0xf,
    0x6e, 0x12, 0x58, 0x7, 0xce, 0x25, 0x60, 0x1f,
    0x94, 0x9, 0xc0, 0x3f, 0x7c, 0x84, 0x38, 0x7,
    0xe6, 0x90, 0x86, 0x0, 0xfc, 0xd2, 0x12, 0xc0,
    0x1f, 0x9a, 0x2, 0x58, 0x3, 0xf3, 0xc0, 0x4a,
    0x80, 0x7e, 0x78, 0xa, 0x50,

    /* U+0139 "Ĺ" */
    0x0, 0x3f, 0xd0, 0x7, 0xe3, 0x84, 0xa0, 0xf,
    0x87, 0x4a, 0xc0, 0x3f, 0xf, 0x68, 0x7, 0xff,
    0x26, 0xbe, 0xc0, 0x3f, 0xff, 0xe0, 0x1f, 0xff,
    0xf0, 0xf, 0xfe, 0x90, 0x8f, 0xe0, 0x9, 0x3b,
    0xbf, 0x20, 0x7, 0xff, 0x0,

    /* U+013A "ĺ" */
    0x0, 0x57, 0xb0, 0x3a, 0xbb, 0x1c, 0x2c, 0x1,
    0xfd, 0x0, 0x2f, 0xd8, 0x3, 0xff, 0xfe, 0x1,
    0xff, 0xc5,

    /* U+013B "Ļ" */
    0xaf, 0xb0, 0xf, 0xff, 0xf8, 0x7, 0xff, 0xfc,
    0x3, 0xff, 0xa4, 0x23, 0xf8, 0x2, 0x4e, 0xef,
    0xc8, 0x1, 0xff, 0xc0, 0xaf, 0xff, 0xf2, 0x0,
    0x7f, 0xf1, 0x7, 0xfc, 0x80, 0x1f, 0x90, 0xd,
    0x0, 0x3f, 0x60, 0x40, 0x7, 0xf2, 0xa2, 0x0,
    0x38,

    /* U+013C "ļ" */
    0xb, 0xf6, 0x0, 0xff, 0xff, 0x80, 0x7f, 0xf1,
    0x6f, 0xd8, 0x3, 0xe9, 0xfc, 0x0, 0x28, 0x40,
    0x9, 0x99, 0x1, 0x46, 0x0, 0x0,

    /* U+013D "Ľ" */
    0xaf, 0xb0, 0x1, 0xff, 0x84, 0x3, 0xf2, 0x81,
    0x88, 0x7, 0xef, 0xb, 0x0, 0xfe, 0x50, 0x50,
    0xf, 0xe4, 0x72, 0x0, 0xfe, 0x88, 0x0, 0x7f,
    0xff, 0xc0, 0x3f, 0xfb, 0xa2, 0x3f, 0x80, 0x24,
    0xee, 0xfc, 0x80, 0x1f, 0xfc, 0x0,

    /* U+013E "ľ" */
    0xbf, 0x60, 0x6f, 0xd0, 0xd, 0xe0, 0xa0, 0x19,
    0x43, 0x0, 0x31, 0x8a, 0x0, 0x66, 0x80, 0xe,
    0x96, 0x0, 0xff, 0xff, 0x80, 0x7f, 0xf1, 0x40,

    /* U+013F "Ŀ" */
    0xaf, 0xb0, 0xf, 0xff, 0xf8, 0x6f, 0xc8, 0x7,
    0xff, 0x57, 0x3a, 0x0, 0x3f, 0x84, 0x60, 0xf,
    0xff, 0x48, 0x8f, 0xe0, 0x9, 0x3b, 0xbf, 0x20,
    0x7, 0xff, 0x0,

    /* U+0140 "ŀ" */
    0xbf, 0x60, 0xf, 0xfe, 0xf7, 0x7c, 0x0, 0x7f,
    0xf0, 0xff, 0xa0, 0x2, 0x11, 0x0, 0x7f, 0xf7,
    0xc0,

    /* U+0141 "Ł" */
    0x0, 0xa3, 0xf4, 0x3, 0xff, 0xfe, 0x0, 0x7e,
    0x10, 0xf, 0xf0, 0xe4, 0x10, 0x7, 0xf8, 0xbc,
    0xdf, 0x4, 0x3, 0xfe, 0xc8, 0x0, 0xfc, 0x6a,
    0x3, 0xe6, 0x1, 0xf9, 0xb0, 0x80, 0xc4, 0x3,
    0xfa, 0xcd, 0x40, 0x3f, 0xf8, 0x19, 0x82, 0x0,
    0xff, 0xe0, 0x8, 0x7, 0xff, 0x58, 0x47, 0xf0,
    0x7, 0x8b, 0xbb, 0xf3, 0x0, 0x7f, 0xf0, 0xc0,

    /* U+0142 "ł" */
    0x0, 0x57, 0xb8, 0x7, 0xff, 0x79, 0x88, 0x3,
    0x4c, 0xac, 0x3, 0xb, 0xc8, 0x3a, 0x83, 0xc0,
    0x54, 0x0, 0x3c, 0x1, 0x90, 0xa0, 0x19, 0x9c,
    0x3, 0xff, 0xc6,

    /* U+0143 "Ń" */
    0x0, 0xf3, 0x7d, 0x0, 0x7f, 0x8e, 0x4e, 0x80,
    0x3f, 0x87, 0x4b, 0x40, 0x3f, 0xc3, 0xda, 0x20,
    0x1f, 0xfc, 0x8a, 0xff, 0x60, 0x7, 0xd7, 0xf2,
    0x1, 0x1a, 0x80, 0x7f, 0xf0, 0x60, 0x3, 0xfe,
    0x30, 0x25, 0x0, 0xff, 0x33, 0x84, 0x0, 0x7f,
    0xd2, 0x4, 0xc0, 0x1f, 0xe1, 0x70, 0xb0, 0xf,
    0xfa, 0x44, 0x98, 0x3, 0xfc, 0x32, 0x10, 0x1,
    0xff, 0x38, 0x89, 0x80, 0x3f, 0xe9, 0x8, 0x0,
    0xff, 0x9c, 0x44, 0xe0, 0x1f, 0xf4, 0x4, 0x80,
    0x7f, 0xcc, 0x22, 0x70, 0xf, 0xfa, 0x2, 0x1c,
    0x3, 0xfc, 0xc4, 0x6, 0x1, 0xff, 0x40, 0x7,
    0xff, 0x5, 0x48, 0x2,

    /* U+0144 "ń" */
    0x0, 0xe1, 0xef, 0x50, 0xf, 0xd6, 0x30, 0xa0,
    0x1f, 0x32, 0xb3, 0x80, 0x7c, 0x52, 0x92, 0x1,
    0xf9, 0xe2, 0x80, 0x3f, 0x95, 0xc4, 0x3, 0xdb,
    0xea, 0x11, 0xbf, 0xd4, 0x20, 0x18, 0xf5, 0xc8,
    0x5, 0x7c, 0x40, 0x28, 0xb, 0xff, 0x50, 0xc,
    0x0, 0x43, 0xe8, 0x0, 0x58, 0x7, 0x0, 0x94,
    0x80, 0x32, 0x80, 0x88, 0x1, 0xa0, 0x1c, 0x40,
    0x3, 0x0, 0x10, 0x7, 0xff, 0xfc, 0x3, 0xff,
    0x8c,

    /* U+0145 "Ņ" */
    0xaf, 0xf6, 0x0, 0x7d, 0x7f, 0x20, 0x11, 0xa8,
    0x7, 0xff, 0x6, 0x0, 0x3f, 0xe3, 0x2, 0x50,
    0xf, 0xf3, 0x38, 0x40, 0x7, 0xfd, 0x20, 0x4c,
    0x1, 0xfe, 0x17, 0xb, 0x0, 0xff, 0xa4, 0x49,
    0x80, 0x3f, 0xc3, 0x21, 0x0, 0x1f, 0xf3, 0x88,
    0x98, 0x3, 0xfe, 0x90, 0x80, 0xf, 0xf9, 0xc4,
    0x4e, 0x1, 0xff, 0x40, 0x48, 0x7, 0xfc, 0xc2,
    0x27, 0x0, 0xff, 0xa0, 0x21, 0xc0, 0x3f, 0xcc,
    0x40, 0x60, 0x1f, 0xf4, 0x0, 0x7f, 0xf0, 0x54,
    0x80, 0x2a, 0xfa, 0x0, 0xfb, 0x7f, 0xd2, 0x1,
    0xff, 0xc8, 0xef, 0x60, 0xf, 0xf1, 0x8, 0x98,
    0x3, 0xfc, 0x81, 0x20, 0x1f, 0xf7, 0x93, 0x80,
    0x78,

    /* U+0146 "ņ" */
    0xdf, 0x50, 0x8d, 0xfe, 0xa1, 0x0, 0xc7, 0xae,
    0x40, 0x2b, 0xe2, 0x1, 0x40, 0x5f, 0xfa, 0x80,
    0x60, 0x2, 0x1f, 0x40, 0x2, 0xc0, 0x38, 0x4,
    0xa4, 0x1, 0x94, 0x4, 0x40, 0xd, 0x0, 0xe2,
    0x0, 0x18, 0x0, 0x80, 0x3f, 0xff, 0xe0, 0x1f,
    0xfc, 0x6d, 0xf5, 0x0, 0xf7, 0xf8, 0x80, 0x3f,
    0xf8, 0x87, 0xfe, 0x20, 0xf, 0xc8, 0xc, 0x40,
    0x1f, 0xb0, 0x2c, 0x3, 0xf9, 0x98, 0x40, 0x1c,

    /* U+0147 "Ň" */
    0x0, 0x93, 0xd8, 0x1, 0x5c, 0x20, 0x1e, 0x48,
    0x96, 0xa5, 0xd1, 0x0, 0xf9, 0xd6, 0x56, 0x4c,
    0x3, 0xfa, 0xbf, 0xcc, 0x1, 0xff, 0xc7, 0xaf,
    0xf6, 0x0, 0x7d, 0x7f, 0x20, 0x11, 0xa8, 0x7,
    0xff, 0x6, 0x0, 0x3f, 0xe3, 0x2, 0x50, 0xf,
    0xf3, 0x38, 0x40, 0x7, 0xfd, 0x20, 0x4c, 0x1,
    0xfe, 0x17, 0xb, 0x0, 0xff, 0xa4, 0x49, 0x80,
    0x3f, 0xc3, 0x21, 0x0, 0x1f, 0xf3, 0x88, 0x98,
    0x3, 0xfe, 0x90, 0x80, 0xf, 0xf9, 0xc4, 0x4e,
    0x1, 0xff, 0x40, 0x48, 0x7, 0xfc, 0xc2, 0x27,
    0x0, 0xff, 0xa0, 0x21, 0xc0, 0x3f, 0xcc, 0x40,
    0x60, 0x1f, 0xf4, 0x0, 0x7f, 0xf0, 0x54, 0x80,
    0x20,

    /* U+0148 "ň" */
    0x0, 0x66, 0x80, 0x53, 0xe2, 0x1, 0xb8, 0xa4,
    0x11, 0xa0, 0x40, 0x31, 0x3b, 0x32, 0x8d, 0xc0,
    0x3d, 0x5, 0x23, 0xe0, 0x1f, 0xb9, 0xa4, 0xc0,
    0x3f, 0x1c, 0xb0, 0x7, 0x6f, 0xa8, 0x46, 0xff,
    0x50, 0x80, 0x63, 0xd7, 0x20, 0x15, 0xf1, 0x0,
    0xa0, 0x2f, 0xfd, 0x40, 0x30, 0x1, 0xf, 0xa0,
    0x1, 0x60, 0x1c, 0x2, 0x52, 0x0, 0xca, 0x2,
    0x20, 0x6, 0x80, 0x71, 0x0, 0xc, 0x0, 0x40,
    0x1f, 0xff, 0xf0, 0xf, 0xfe, 0x30,

    /* U+0149 "ŉ" */
    0xa, 0xfd, 0x0, 0xff, 0xe8, 0xb8, 0x50, 0x7,
    0xff, 0x0, 0x48, 0x1c, 0x3, 0xff, 0x80, 0xa0,
    0xe1, 0xbe, 0xa1, 0x1b, 0xfd, 0x42, 0x0, 0x24,
    0x90, 0x8, 0xf5, 0xc8, 0x5, 0x7c, 0x41, 0xac,
    0x40, 0x28, 0xb, 0xff, 0x50, 0xc, 0x0, 0x7c,
    0x3e, 0x80, 0x5, 0x80, 0x70, 0xf, 0x94, 0x80,
    0x32, 0x80, 0x88, 0x3, 0xda, 0x1, 0xc4, 0x0,
    0x30, 0xf, 0x10, 0x7, 0xff, 0xfc, 0x3, 0xff,
    0xc4,

    /* U+014A "Ŋ" */
    0xaf, 0xb0, 0x3, 0xef, 0xfb, 0x14, 0x3, 0xc3,
    0x90, 0x40, 0x3, 0xa8, 0x0, 0xea, 0x33, 0x3c,
    0xb0, 0x1, 0xd0, 0x2, 0x44, 0x4e, 0x43, 0x4e,
    0x80, 0x3c, 0x3, 0x33, 0x0, 0x31, 0x38, 0x20,
    0x6, 0x80, 0xf, 0x60, 0x0, 0x80, 0x4, 0x20,
    0x1e, 0x50, 0x0, 0x80, 0x4, 0x3, 0xfc, 0xe0,
    0x7, 0x0, 0xff, 0xff, 0x80, 0x7f, 0xfc, 0xab,
    0xec, 0x3, 0xff, 0x92, 0x60, 0x7, 0x0, 0xff,
    0x58, 0x0, 0xc0, 0x3f, 0x57, 0xb0, 0x38, 0x7,
    0xf3, 0x1, 0x44, 0x0,

    /* U+014B "ŋ" */
    0xdf, 0x50, 0x8d, 0xfe, 0xa2, 0x0, 0xc7, 0xae,
    0x40, 0x2b, 0x82, 0x1, 0x40, 0x5f, 0xfa, 0x80,
    0x60, 0x2, 0x1f, 0x40, 0x2, 0xc0, 0x38, 0x4,
    0xa4, 0x1, 0x94, 0x4, 0x40, 0xd, 0x0, 0xe2,
    0x0, 0x18, 0x0, 0x80, 0x3f, 0xff, 0xe0, 0x1f,
    0xfc, 0x6d, 0xf5, 0x0, 0xff, 0xe2, 0x88, 0x0,
    0xc0, 0x3f, 0x48, 0x10, 0x80, 0x6c, 0xee, 0x7b,
    0x85, 0x80, 0x70, 0x8c, 0x5, 0x2c, 0x0,

    /* U+014C "Ō" */
    0x0, 0xed, 0xdf, 0x60, 0x7, 0xf8, 0x8b, 0xc6,
    0x1, 0xfe, 0xff, 0xf8, 0x3, 0xff, 0xbe, 0x2f,
    0x9d, 0xfd, 0x8e, 0x1, 0xf9, 0xba, 0xc, 0x40,
    0x4e, 0x39, 0x0, 0x39, 0xe4, 0xa, 0xbb, 0xfa,
    0x44, 0x56, 0xa0, 0x11, 0xc0, 0x26, 0xa8, 0x80,
    0xb7, 0x98, 0x51, 0x0, 0x20, 0x6, 0x80, 0x3c,
    0x3a, 0x0, 0x80, 0x24, 0x9, 0x10, 0xf, 0x85,
    0x81, 0x41, 0x0, 0xa, 0x1, 0xfd, 0xa0, 0x4,
    0xe0, 0x1, 0x0, 0x7f, 0x28, 0x0, 0x84, 0x8,
    0x3, 0xfc, 0x20, 0xe, 0x30, 0xf, 0xfe, 0x21,
    0x1, 0x0, 0x7f, 0x84, 0x1, 0xfc, 0x0, 0x20,
    0xf, 0xe5, 0x0, 0x1a, 0x0, 0x14, 0x3, 0xfb,
    0x40, 0x8, 0x48, 0x12, 0x1, 0xf8, 0x58, 0x14,
    0x1, 0x0, 0x36, 0x1, 0xf6, 0x80, 0x20, 0x0,
    0x70, 0x9, 0xaa, 0x20, 0x2d, 0xc6, 0x14, 0x40,
    0x13, 0xc8, 0x15, 0x77, 0xf4, 0x88, 0xa9, 0x40,
    0x39, 0xba, 0xc, 0x40, 0x4e, 0x3d, 0x40, 0x20,

    /* U+014D "ō" */
    0x0, 0x17, 0xff, 0xb4, 0x3, 0xc4, 0x5e, 0x60,
    0xe, 0x2d, 0xdf, 0x58, 0x7, 0xff, 0x51, 0x6f,
    0xbf, 0xa8, 0x80, 0x3a, 0xa8, 0x82, 0x32, 0xeb,
    0x0, 0x50, 0xa1, 0x1f, 0xdc, 0x40, 0x93, 0x1,
    0x70, 0x87, 0x0, 0xd, 0x98, 0x40, 0x20, 0x1,
    0xc0, 0x3a, 0x1, 0x7, 0x41, 0x0, 0x3c, 0x80,
    0x5, 0x20, 0x20, 0xf, 0xe1, 0x0, 0x18, 0x7,
    0xf8, 0x81, 0x80, 0x3f, 0x87, 0x40, 0xc4, 0x3,
    0x90, 0x0, 0xa8, 0x0, 0x90, 0xe, 0x80, 0x41,
    0x13, 0x83, 0xb8, 0x0, 0x36, 0x61, 0x0, 0x8,
    0x50, 0x8f, 0xee, 0x20, 0x49, 0x80, 0x55, 0x44,
    0x11, 0x97, 0x58, 0x0,

    /* U+014E "Ŏ" */
    0x0, 0xc3, 0x4, 0x1, 0x14, 0x0, 0x7f, 0xb,
    0xf1, 0x1, 0x7b, 0x0, 0x7f, 0xa4, 0xf7, 0xf4,
    0xac, 0x3, 0xfc, 0xdb, 0xd, 0x1a, 0xa0, 0x1f,
    0xf1, 0x3c, 0xb9, 0x0, 0x7f, 0xf3, 0xc5, 0xf3,
    0xbf, 0xb1, 0xc0, 0x3f, 0x37, 0x41, 0x88, 0x9,
    0xc7, 0x20, 0x7, 0x3c, 0x81, 0x57, 0x7f, 0x48,
    0x8a, 0xd4, 0x2, 0x38, 0x4, 0xd5, 0x10, 0x16,
    0xf3, 0xa, 0x20, 0x4, 0x0, 0xd0, 0x7, 0x87,
    0x40, 0x10, 0x4, 0x81, 0x22, 0x1, 0xf0, 0xb0,
    0x28, 0x20, 0x1, 0x40, 0x3f, 0xb4, 0x0, 0x9c,
    0x0, 0x20, 0xf, 0xe5, 0x0, 0x10, 0x81, 0x0,
    0x7f, 0x84, 0x1, 0xc6, 0x1, 0xff, 0xc4, 0x20,
    0x20, 0xf, 0xf0, 0x80, 0x3f, 0x80, 0x4, 0x1,
    0xfc, 0xa0, 0x3, 0x40, 0x2, 0x80, 0x7f, 0x68,
    0x1, 0x9, 0x2, 0x40, 0x3f, 0xb, 0x2, 0x80,
    0x20, 0x6, 0xc0, 0x3e, 0xd0, 0x4, 0x0, 0xe,
    0x1, 0x35, 0x44, 0x5, 0xb8, 0xc2, 0x88, 0x2,
    0x79, 0x2, 0xae, 0xfe, 0x91, 0x15, 0x28, 0x7,
    0x37, 0x41, 0x88, 0x9, 0xc7, 0xa8, 0x4,

    /* U+014F "ŏ" */
    0x0, 0x1f, 0x98, 0x5, 0x1c, 0x1, 0xc6, 0x1e,
    0x40, 0x8e, 0x80, 0x1e, 0x93, 0xdf, 0xb0, 0x80,
    0xf, 0x36, 0x3a, 0xc7, 0x10, 0x7, 0xc7, 0x14,
    0xe2, 0x1, 0xff, 0xc8, 0x5b, 0xef, 0xea, 0x20,
    0xe, 0xaa, 0x20, 0x8c, 0xba, 0xc0, 0x14, 0x28,
    0x47, 0xf7, 0x10, 0x24, 0xc0, 0x5c, 0x21, 0xc0,
    0x3, 0x66, 0x10, 0x8, 0x0, 0x70, 0xe, 0x80,
    0x41, 0xd0, 0x40, 0xf, 0x20, 0x1, 0x48, 0x8,
    0x3, 0xf8, 0x40, 0x6, 0x1, 0xfe, 0x20, 0x60,
    0xf, 0xe1, 0xd0, 0x31, 0x0, 0xe4, 0x0, 0x2a,
    0x0, 0x24, 0x3, 0xa0, 0x10, 0x44, 0xe0, 0xee,
    0x0, 0xd, 0x98, 0x40, 0x2, 0x14, 0x23, 0xfb,
    0x88, 0x12, 0x60, 0x15, 0x51, 0x4, 0x65, 0xd6,
    0x0, 0x0,

    /* U+0150 "Ő" */
    0x0, 0xf8, 0x8c, 0x40, 0x8c, 0x40, 0x3f, 0x87,
    0x74, 0x5, 0xbc, 0x1, 0xfe, 0xd0, 0xd1, 0xf0,
    0xf1, 0x0, 0xfc, 0xe7, 0x47, 0x25, 0x64, 0x1,
    0xfc, 0xfe, 0xa1, 0x3e, 0x80, 0x1f, 0xfc, 0xe1,
    0x7c, 0xef, 0xec, 0x70, 0xf, 0xcd, 0xd0, 0x62,
    0x2, 0x71, 0xc8, 0x1, 0xcf, 0x20, 0x55, 0xdf,
    0xd2, 0x22, 0xb5, 0x0, 0x8e, 0x1, 0x35, 0x44,
    0x5, 0xbc, 0xc2, 0x88, 0x1, 0x0, 0x34, 0x1,
    0xe1, 0xd0, 0x4, 0x1, 0x20, 0x48, 0x80, 0x7c,
    0x2c, 0xa, 0x8, 0x0, 0x50, 0xf, 0xed, 0x0,
    0x27, 0x0, 0x8, 0x3, 0xf9, 0x40, 0x4, 0x20,
    0x40, 0x1f, 0xe1, 0x0, 0x71, 0x80, 0x7f, 0xf1,
    0x8, 0x8, 0x3, 0xfc, 0x20, 0xf, 0xe0, 0x1,
    0x0, 0x7f, 0x28, 0x0, 0xd0, 0x0, 0xa0, 0x1f,
    0xda, 0x0, 0x42, 0x40, 0x90, 0xf, 0xc2, 0xc0,
    0xa0, 0x8, 0x1, 0xb0, 0xf, 0xb4, 0x1, 0x0,
    0x3, 0x80, 0x4d, 0x51, 0x1, 0x6e, 0x30, 0xa2,
    0x0, 0x9e, 0x40, 0xab, 0xbf, 0xa4, 0x45, 0x4a,
    0x1, 0xcd, 0xd0, 0x62, 0x2, 0x71, 0xea, 0x1,
    0x0,

    /* U+0151 "ő" */
    0x0, 0xe2, 0x96, 0x3, 0x96, 0x0, 0xf5, 0xb1,
    0x4, 0x32, 0x80, 0x70, 0xb2, 0x26, 0x63, 0x0,
    0xe8, 0x9, 0x8, 0x19, 0x0, 0xe1, 0x66, 0x12,
    0x9d, 0x80, 0x78, 0x7e, 0x41, 0x7d, 0x40, 0x3f,
    0xf8, 0xeb, 0x7d, 0xfd, 0x44, 0x1, 0xd5, 0x44,
    0x11, 0x97, 0x58, 0x2, 0x85, 0x8, 0xfe, 0xe2,
    0x4, 0x98, 0xb, 0x84, 0x38, 0x0, 0x6c, 0xc2,
    0x1, 0x0, 0xe, 0x1, 0xd0, 0x8, 0x3a, 0x8,
    0x1, 0xe4, 0x0, 0x29, 0x1, 0x0, 0x7f, 0x8,
    0x0, 0xc0, 0x3f, 0xc4, 0xc, 0x1, 0xfc, 0x3a,
    0x6, 0x20, 0x1c, 0x80, 0x5, 0x40, 0x4, 0x80,
    0x74, 0x2, 0x8, 0x9c, 0x1d, 0xc0, 0x1, 0xb3,
    0x8, 0x0, 0x42, 0x84, 0x7f, 0x71, 0x2, 0x4c,
    0x2, 0xaa, 0x20, 0x8c, 0xba, 0xc0, 0x0,

    /* U+0152 "Œ" */
    0x0, 0xe2, 0x7b, 0xde, 0xff, 0xff, 0xe0, 0x80,
    0x61, 0xbd, 0x84, 0x21, 0x0, 0xff, 0xe2, 0x1f,
    0x20, 0x24, 0xe6, 0xf6, 0x0, 0x2f, 0xbb, 0xf0,
    0x0, 0xb4, 0x6, 0xec, 0xc6, 0x42, 0x20, 0x3,
    0x88, 0xfe, 0x0, 0x40, 0x86, 0x20, 0x7, 0xff,
    0x18, 0x54, 0x1c, 0x80, 0x3f, 0xf8, 0xee, 0x0,
    0xa0, 0xf, 0xfe, 0x47, 0x0, 0x8, 0x3, 0xfd,
    0x9f, 0xff, 0x48, 0x8, 0x8, 0x7, 0xff, 0x5e,
    0xfb, 0xbe, 0x90, 0x10, 0x10, 0xf, 0xf9, 0xc4,
    0x7e, 0x0, 0x70, 0x0, 0x80, 0x3f, 0xf9, 0xe,
    0x0, 0xa0, 0xf, 0xfe, 0x40, 0xa8, 0x39, 0x0,
    0x7f, 0xf2, 0x20, 0x1, 0x88, 0x1, 0xff, 0xc7,
    0x2b, 0x1, 0xbb, 0x31, 0x90, 0x88, 0x0, 0xe2,
    0x3f, 0x80, 0x24, 0xd4, 0x4, 0x9c, 0xde, 0xc0,
    0x5, 0xf7, 0x7e, 0x20, 0x8, 0xaf, 0x61, 0x8,
    0x40, 0x3f, 0xf8, 0x40,

    /* U+0153 "œ" */
    0x0, 0x96, 0xfb, 0xfa, 0x48, 0x2, 0x4a, 0xef,
    0xeb, 0x40, 0xe, 0xaa, 0x20, 0x8c, 0xda, 0xa1,
    0x56, 0xa2, 0x2, 0x97, 0x20, 0x14, 0x28, 0x47,
    0xf7, 0x10, 0x2b, 0x14, 0x6b, 0xfe, 0x90, 0x66,
    0x0, 0xb8, 0x43, 0x80, 0x6, 0xcc, 0xc, 0x31,
    0x40, 0x26, 0x90, 0xb0, 0x40, 0x3, 0x80, 0x74,
    0x0, 0x14, 0x80, 0x39, 0x80, 0x89, 0xa0, 0x80,
    0x1e, 0x40, 0x3, 0xe6, 0x7c, 0x0, 0x12, 0x2,
    0x0, 0xfe, 0x23, 0x3f, 0x80, 0xe, 0x0, 0x30,
    0xf, 0xe9, 0xff, 0xfe, 0x42, 0x6, 0x0, 0xfe,
    0xf0, 0xf, 0xf6, 0x81, 0x88, 0x7, 0x20, 0x1,
    0xc0, 0x3f, 0xc8, 0x0, 0x90, 0xe, 0x80, 0x0,
    0xb8, 0x7, 0xc2, 0x2, 0xe0, 0xee, 0x0, 0xd,
    0x98, 0x30, 0x44, 0x90, 0x4, 0x95, 0xa0, 0x8,
    0x50, 0x8f, 0xee, 0x20, 0x5c, 0xb8, 0x36, 0xff,
    0x7d, 0xa8, 0x6, 0xaa, 0x20, 0x88, 0x9b, 0x50,
    0x23, 0x18, 0x80, 0x44, 0x93, 0xa0,

    /* U+0154 "Ŕ" */
    0x0, 0xe1, 0xef, 0x20, 0xf, 0xf5, 0xd, 0x90,
    0x7, 0xf4, 0x25, 0x20, 0x7, 0xfa, 0x3d, 0x40,
    0x3f, 0xf9, 0x35, 0xff, 0xed, 0x92, 0x0, 0xff,
    0x89, 0xb5, 0x40, 0x39, 0x3f, 0xed, 0x91, 0xa,
    0x10, 0xf, 0xc4, 0xda, 0x0, 0x70, 0xf, 0xf1,
    0x88, 0x78, 0x7, 0xff, 0x30, 0xc4, 0x38, 0x3,
    0xf0, 0xae, 0x80, 0x14, 0x3, 0x27, 0xfd, 0xd4,
    0x21, 0x24, 0x1, 0xff, 0x63, 0x0, 0x72, 0x7f,
    0xbb, 0x10, 0x38, 0x40, 0x3f, 0x9, 0xda, 0x15,
    0x0, 0x7f, 0xd2, 0x8, 0x80, 0xf, 0xf1, 0x28,
    0x40, 0x7, 0xfd, 0x0, 0x68, 0x1, 0xfe, 0x24,
    0x8, 0x0, 0xff, 0xbc, 0xc, 0xc0, 0x1f, 0xe4,
    0x30, 0x80,

    /* U+0155 "ŕ" */
    0x0, 0xe1, 0xef, 0x50, 0xe, 0xb1, 0x85, 0x0,
    0xcc, 0xac, 0xe0, 0x18, 0xa5, 0x24, 0x3, 0x9e,
    0x28, 0x3, 0xca, 0xe2, 0x1, 0x6f, 0xa8, 0x46,
    0xfe, 0x80, 0x47, 0xae, 0x40, 0x1d, 0x7, 0x5d,
    0xfc, 0x1, 0xe, 0xa8, 0x81, 0x80, 0x48, 0x60,
    0x1f, 0x60, 0x7, 0xe2, 0x0, 0xff, 0xfc, 0x80,

    /* U+0156 "Ŗ" */
    0xaf, 0xff, 0x6c, 0x90, 0x7, 0xfc, 0x4d, 0xaa,
    0x1, 0xc9, 0xff, 0x6c, 0x88, 0x50, 0x80, 0x7e,
    0x26, 0xd0, 0x3, 0x80, 0x7f, 0x8c, 0x43, 0xc0,
    0x3f, 0xf9, 0x86, 0x21, 0xc0, 0x1f, 0x85, 0x74,
    0x0, 0xa0, 0x19, 0x3f, 0xee, 0xa1, 0x9, 0x20,
    0xf, 0xfb, 0x18, 0x3, 0x93, 0xfd, 0xd8, 0x81,
    0xc2, 0x1, 0xf8, 0x4e, 0xd0, 0xa8, 0x3, 0xfe,
    0x90, 0x44, 0x0, 0x7f, 0x89, 0x42, 0x0, 0x3f,
    0xe8, 0x3, 0x40, 0xf, 0xf1, 0x20, 0x40, 0x7,
    0xfd, 0xe0, 0x66, 0x0, 0xff, 0x21, 0x84, 0x57,
    0xd8, 0x7, 0xec, 0xfb, 0x0, 0xff, 0xe4, 0x5f,
    0xc8, 0x7, 0xfc, 0x81, 0x60, 0x1f, 0xe3, 0x5,
    0x20, 0xf, 0xf2, 0x8c, 0x0, 0x78,

    /* U+0157 "ŗ" */
    0xd, 0xf5, 0x8, 0xdf, 0xd0, 0x8, 0xf5, 0xc8,
    0x3, 0xa0, 0xeb, 0xbf, 0x80, 0x21, 0xd5, 0x10,
    0x30, 0x9, 0xc, 0x3, 0xec, 0x0, 0xfc, 0x40,
    0x1f, 0xff, 0x9d, 0xf5, 0x0, 0xff, 0xe1, 0xd7,
    0xd8, 0x7, 0x90, 0x20, 0x3, 0x88, 0x50, 0xc0,
    0x39, 0xc6, 0x0, 0x3c,

    /* U+0158 "Ř" */
    0x0, 0x5f, 0x8, 0x17, 0x50, 0x7, 0xd6, 0x78,
    0x98, 0x54, 0x1, 0xfb, 0xce, 0xc3, 0x40, 0x3f,
    0x8b, 0xbf, 0x84, 0x3, 0xff, 0x91, 0x5f, 0xfe,
    0xd9, 0x20, 0xf, 0xf8, 0x9b, 0x54, 0x3, 0x93,
    0xfe, 0xd9, 0x10, 0xa1, 0x0, 0xfc, 0x4d, 0xa0,
    0x7, 0x0, 0xff, 0x18, 0x87, 0x80, 0x7f, 0xf3,
    0xc, 0x43, 0x80, 0x3f, 0xa, 0xe8, 0x1, 0x40,
    0x32, 0x7f, 0xdd, 0x42, 0x12, 0x40, 0x1f, 0xf6,
    0x30, 0x7, 0x27, 0xfb, 0xb1, 0x3, 0x84, 0x3,
    0xf0, 0x9d, 0xa1, 0x50, 0x7, 0xfd, 0x20, 0x88,
    0x0, 0xff, 0x12, 0x84, 0x0, 0x7f, 0xd0, 0x6,
    0x80, 0x1f, 0xe2, 0x40, 0x80, 0xf, 0xfb, 0xc0,
    0xcc, 0x1, 0xfe, 0x43, 0x8,

    /* U+0159 "ř" */
    0x2f, 0x80, 0xb, 0xac, 0xa, 0x1d, 0x2, 0x86,
    0x40, 0xe, 0x74, 0xeb, 0x4, 0x1, 0x78, 0xc1,
    0xb8, 0x6, 0x3a, 0x7e, 0x0, 0xf2, 0xc1, 0x0,
    0x5b, 0xea, 0x11, 0xbf, 0xa0, 0x11, 0xeb, 0x90,
    0x7, 0x41, 0xd7, 0x7f, 0x0, 0x43, 0xaa, 0x20,
    0x60, 0x12, 0x18, 0x7, 0xd8, 0x1, 0xf8, 0x80,
    0x3f, 0xff, 0x20,

    /* U+015A "Ś" */
    0x0, 0xf9, 0xa0, 0x80, 0x3f, 0x9a, 0x48, 0x80,
    0x1f, 0x8a, 0x4e, 0x80, 0x3f, 0x9e, 0x34, 0x3,
    0xfc, 0xae, 0x20, 0x1f, 0xfc, 0x96, 0xbe, 0xfe,
    0xdb, 0x62, 0x0, 0xe, 0xca, 0x8, 0x9, 0x24,
    0xf8, 0x3, 0x48, 0x1f, 0x7f, 0xdb, 0x28, 0x0,
    0x33, 0x5, 0x41, 0x0, 0x9, 0xaf, 0x1, 0x40,
    0xa, 0x1, 0xf0, 0x80, 0x61, 0x0, 0xfe, 0x40,
    0x5, 0x80, 0x7f, 0x12, 0x82, 0xf5, 0x39, 0x80,
    0x7a, 0x9c, 0x5, 0x63, 0x3e, 0xd0, 0x3, 0x47,
    0xd3, 0x18, 0x1, 0x2e, 0x0, 0x39, 0x67, 0x3e,
    0x88, 0x1d, 0x40, 0x3f, 0x2e, 0x8, 0x70, 0x7,
    0xf0, 0xa0, 0x30, 0x7, 0xff, 0x4, 0x88, 0x1,
    0xf0, 0xa0, 0x3b, 0xb6, 0xd8, 0x80, 0x4, 0xde,
    0x21, 0x22, 0x9, 0x3b, 0xfe, 0xd9, 0x10, 0x93,
    0x4d, 0x84, 0x20, 0x0, 0x9b, 0xeb, 0x0,

    /* U+015B "ś" */
    0x0, 0xf9, 0xa1, 0x0, 0x3e, 0x59, 0x54, 0x0,
    0xf0, 0xd8, 0xf8, 0x7, 0xda, 0x3a, 0x40, 0x1e,
    0x83, 0xa3, 0x0, 0xfa, 0x3d, 0x40, 0x3f, 0xf8,
    0xad, 0x9f, 0xee, 0xd9, 0x30, 0x5, 0xc9, 0x80,
    0x88, 0x9a, 0x41, 0x50, 0x2b, 0xfb, 0xfa, 0x70,
    0x30, 0x19, 0x40, 0x21, 0x66, 0x0, 0x81, 0x80,
    0x7e, 0xb0, 0x5b, 0x51, 0x0, 0xe3, 0x80, 0x4a,
    0xed, 0x82, 0x0, 0x9f, 0xa1, 0x0, 0x9f, 0x54,
    0x2, 0x17, 0xbf, 0xc4, 0xa, 0x0, 0xf8, 0xec,
    0x0, 0x60, 0x1f, 0xe7, 0xa9, 0x40, 0x8, 0x68,
    0x0, 0x82, 0xd7, 0xfd, 0xfc, 0xa1, 0x41, 0x30,
    0x84, 0x20, 0x4d, 0xaa, 0x0,

    /* U+015C "Ŝ" */
    0x0, 0xe4, 0x87, 0x0, 0xfe, 0x3b, 0x48, 0xa0,
    0xf, 0x87, 0x53, 0x29, 0x5c, 0x3, 0xc9, 0x36,
    0xb, 0x60, 0x1f, 0x2b, 0x80, 0x48, 0xe0, 0x1f,
    0xfc, 0x76, 0xbe, 0xfe, 0xdb, 0x62, 0x0, 0xe,
    0xca, 0x8, 0x9, 0x24, 0xf8, 0x3, 0x48, 0x1f,
    0x7f, 0xdb, 0x28, 0x0, 0x33, 0x5, 0x41, 0x0,
    0x9, 0xaf, 0x1, 0x40, 0xa, 0x1, 0xf0, 0x80,
    0x61, 0x0, 0xfe, 0x40, 0x5, 0x80, 0x7f, 0x12,
    0x82, 0xf5, 0x39, 0x80, 0x7a, 0x9c, 0x5, 0x63,
    0x3e, 0xd0, 0x3, 0x47, 0xd3, 0x18, 0x1, 0x2e,
    0x0, 0x39, 0x67, 0x3e, 0x88, 0x1d, 0x40, 0x3f,
    0x2e, 0x8, 0x70, 0x7, 0xf0, 0xa0, 0x30, 0x7,
    0xff, 0x4, 0x88, 0x1, 0xf0, 0xa0, 0x3b, 0xb6,
    0xd8, 0x80, 0x4, 0xde, 0x21, 0x22, 0x9, 0x3b,
    0xfe, 0xd9, 0x10, 0x93, 0x4d, 0x84, 0x20, 0x0,
    0x9b, 0xeb, 0x0,

    /* U+015D "ŝ" */
    0x0, 0xc9, 0x6, 0x1, 0xf0, 0xdb, 0xe8, 0x7,
    0xd4, 0x12, 0x32, 0x1, 0xca, 0x92, 0xce, 0xc6,
    0x1, 0xd, 0xab, 0x4, 0x1f, 0x0, 0x43, 0xd4,
    0x1, 0x66, 0x80, 0x7f, 0xf0, 0xdb, 0x3f, 0xdd,
    0xb2, 0x60, 0xb, 0x93, 0x1, 0x11, 0x34, 0x82,
    0xa0, 0x57, 0xf7, 0xf4, 0xe0, 0x60, 0x32, 0x80,
    0x42, 0xcc, 0x1, 0x3, 0x0, 0xfd, 0x60, 0xb6,
    0xa2, 0x1, 0xc7, 0x0, 0x95, 0xdb, 0x4, 0x1,
    0x3f, 0x42, 0x1, 0x3e, 0xa8, 0x4, 0x2f, 0x7f,
    0x88, 0x14, 0x1, 0xf1, 0xd8, 0x0, 0xc0, 0x3f,
    0xcf, 0x52, 0x80, 0x10, 0xd0, 0x1, 0x5, 0xaf,
    0xfb, 0xf9, 0x42, 0x82, 0x61, 0x8, 0x40, 0x9b,
    0x54, 0x0,

    /* U+015E "Ş" */
    0x0, 0x9a, 0xfb, 0xfb, 0x6d, 0x88, 0x0, 0x3b,
    0x28, 0x20, 0x24, 0x93, 0xe0, 0xd, 0x20, 0x7d,
    0xff, 0x6c, 0xa0, 0x0, 0xcc, 0x15, 0x4, 0x0,
    0x26, 0xbc, 0x5, 0x0, 0x28, 0x7, 0xc2, 0x1,
    0x84, 0x3, 0xf9, 0x0, 0x16, 0x1, 0xfc, 0x4a,
    0xb, 0xd4, 0xe6, 0x1, 0xea, 0x70, 0x15, 0x8c,
    0xfb, 0x40, 0xd, 0x1f, 0x4c, 0x60, 0x4, 0xb8,
    0x0, 0xe5, 0x9c, 0xfa, 0x20, 0x75, 0x0, 0xfc,
    0xb8, 0x21, 0xc0, 0x1f, 0xc2, 0x80, 0xc0, 0x1f,
    0xfc, 0x12, 0x20, 0x7, 0xc2, 0x80, 0xee, 0xdb,
    0x62, 0x0, 0x13, 0x78, 0x84, 0x88, 0x24, 0xef,
    0xfb, 0x64, 0x42, 0x4d, 0x36, 0x10, 0x80, 0x23,
    0x7d, 0x60, 0x1, 0x3d, 0xef, 0xd8, 0x7c, 0x10,
    0x7, 0xe4, 0x19, 0x0, 0xff, 0x8d, 0xc0, 0x3f,
    0x5c, 0x51, 0x30, 0x7, 0xe7, 0x72, 0xa4, 0x80,
    0x60,

    /* U+015F "ş" */
    0x0, 0x36, 0x7f, 0xbb, 0x64, 0xc0, 0x17, 0x26,
    0x2, 0x22, 0x69, 0x5, 0x40, 0xaf, 0xef, 0xe9,
    0xc0, 0xc0, 0x65, 0x0, 0x85, 0x98, 0x2, 0x6,
    0x1, 0xfa, 0xc1, 0x6d, 0x44, 0x3, 0x8e, 0x1,
    0x2b, 0xb6, 0x8, 0x2, 0x7e, 0x84, 0x2, 0x7d,
    0x50, 0x8, 0x5e, 0xff, 0x10, 0x28, 0x3, 0xe3,
    0xb0, 0x1, 0x80, 0x7f, 0x9e, 0xa5, 0x0, 0x21,
    0xa0, 0x2, 0xb, 0x5f, 0xf7, 0xf2, 0x85, 0x4,
    0xc2, 0x10, 0x80, 0x1b, 0x54, 0x9, 0xef, 0x7d,
    0x4a, 0x48, 0x3, 0xee, 0x25, 0x0, 0xfc, 0xc0,
    0x40, 0x1c, 0x95, 0x1e, 0x4, 0x1, 0xce, 0xf1,
    0xba, 0x80, 0x40,

    /* U+0160 "Š" */
    0x0, 0x95, 0xc0, 0x25, 0x70, 0xf, 0x3c, 0x50,
    0x35, 0x8, 0x7, 0x8a, 0xd7, 0x25, 0xd8, 0x3,
    0xe4, 0xa4, 0x88, 0x0, 0x7f, 0x2c, 0x38, 0x7,
    0xff, 0x25, 0xaf, 0xbf, 0xb6, 0xd8, 0x80, 0x3,
    0xb2, 0x82, 0x2, 0x49, 0x3e, 0x0, 0xd2, 0x7,
    0xdf, 0xf6, 0xca, 0x0, 0xc, 0xc1, 0x50, 0x40,
    0x2, 0x6b, 0xc0, 0x50, 0x2, 0x80, 0x7c, 0x20,
    0x18, 0x40, 0x3f, 0x90, 0x1, 0x60, 0x1f, 0xc4,
    0xa0, 0xbd, 0x4e, 0x60, 0x1e, 0xa7, 0x1, 0x58,
    0xcf, 0xb4, 0x0, 0xd1, 0xf4, 0xc6, 0x0, 0x4b,
    0x80, 0xe, 0x59, 0xcf, 0xa2, 0x7, 0x50, 0xf,
    0xcb, 0x82, 0x1c, 0x1, 0xfc, 0x28, 0xc, 0x1,
    0xff, 0xc1, 0x22, 0x0, 0x7c, 0x28, 0xe, 0xed,
    0xb6, 0x20, 0x1, 0x37, 0x88, 0x48, 0x82, 0x4e,
    0xff, 0xb6, 0x44, 0x24, 0xd3, 0x61, 0x8, 0x0,
    0x26, 0xfa, 0xc0,

    /* U+0161 "š" */
    0x0, 0x3a, 0x0, 0x48, 0xe0, 0x1b, 0xac, 0x80,
    0xaf, 0x80, 0x34, 0x8f, 0x7, 0xc, 0x0, 0x75,
    0x9e, 0x9d, 0x88, 0x7, 0x2a, 0x89, 0x14, 0x3,
    0xea, 0xfb, 0x0, 0xff, 0xe2, 0xb6, 0x7f, 0xbb,
    0x64, 0xc0, 0x17, 0x26, 0x2, 0x22, 0x69, 0x5,
    0x40, 0xaf, 0xef, 0xe9, 0xc0, 0xc0, 0x65, 0x0,
    0x85, 0x98, 0x2, 0x6, 0x1, 0xfa, 0xc1, 0x6d,
    0x44, 0x3, 0x8e, 0x1, 0x2b, 0xb6, 0x8, 0x2,
    0x7e, 0x84, 0x2, 0x7d, 0x50, 0x8, 0x5e, 0xff,
    0x10, 0x28, 0x3, 0xe3, 0xb0, 0x1, 0x80, 0x7f,
    0x9e, 0xa5, 0x0, 0x21, 0xa0, 0x2, 0xb, 0x5f,
    0xf7, 0xf2, 0x85, 0x4, 0xc2, 0x10, 0x81, 0x36,
    0xa8, 0x0,

    /* U+0162 "Ţ" */
    0x1f, 0xff, 0xfe, 0x15, 0x80, 0x7f, 0xf1, 0x7,
    0xbb, 0xc4, 0xf, 0xdd, 0xd6, 0x2, 0x3e, 0x0,
    0x84, 0x78, 0x3, 0xff, 0xfe, 0x1, 0xff, 0xff,
    0x0, 0xff, 0xff, 0x80, 0x7d, 0xe1, 0x80, 0x1f,
    0xfc, 0x12, 0x59, 0x0, 0xff, 0xe1, 0x11, 0x40,
    0x1f, 0xe8, 0x98, 0x70, 0x30, 0xf, 0xf9, 0xdc,
    0x54, 0x20, 0x1c,

    /* U+0163 "ţ" */
    0x0, 0x34, 0x18, 0x7, 0xa9, 0xd4, 0x3, 0xff,
    0x94, 0xbe, 0x61, 0x3f, 0xf6, 0x89, 0x80, 0x8,
    0xce, 0x74, 0xc3, 0xb, 0xcc, 0xa8, 0x3, 0xff,
    0xea, 0xe0, 0x20, 0x1e, 0x30, 0xb1, 0x0, 0xea,
    0x3, 0xee, 0xac, 0x0, 0x56, 0x82, 0x33, 0x0,
    0x49, 0x72, 0x3d, 0xa0, 0x1c, 0xe1, 0x0, 0x1f,
    0x12, 0x0, 0x6b, 0x8a, 0x36, 0x0, 0xce, 0xe5,
    0x39, 0x0,

    /* U+0164 "Ť" */
    0x0, 0xec, 0xd1, 0x3, 0xf8, 0x0, 0xfe, 0xd3,
    0xd4, 0xc5, 0x80, 0xf, 0xe1, 0xd3, 0xb2, 0xa0,
    0xf, 0xf8, 0xff, 0xda, 0x1, 0xff, 0xca, 0x1f,
    0xff, 0xfe, 0x15, 0x80, 0x7f, 0xf1, 0x7, 0xbb,
    0xc4, 0xf, 0xdd, 0xd6, 0x2, 0x3e, 0x0, 0x84,
    0x78, 0x3, 0xff, 0xfe, 0x1, 0xff, 0xff, 0x0,
    0xff, 0xff, 0x80,

    /* U+0165 "ť" */
    0x0, 0xf1, 0xcc, 0x0, 0x7a, 0xd8, 0x80, 0x3c,
    0x61, 0xe0, 0x9, 0xd5, 0x5, 0x4, 0x0, 0x29,
    0x18, 0x88, 0xc4, 0x3, 0x87, 0xf0, 0x3, 0xfc,
    0xbe, 0x61, 0x3f, 0xf6, 0x89, 0x80, 0x8, 0xce,
    0x74, 0xc3, 0xb, 0xcc, 0xa8, 0x3, 0xff, 0xea,
    0xe0, 0x20, 0x1e, 0x30, 0xb1, 0x0, 0xea, 0x3,
    0xee, 0xac, 0x0, 0x56, 0x82, 0x33, 0x0,

    /* U+0166 "Ŧ" */
    0x1f, 0xff, 0xfe, 0x15, 0x80, 0x7f, 0xf1, 0x7,
    0xbb, 0xc4, 0xf, 0xdd, 0xd6, 0x2, 0x3e, 0x0,
    0x84, 0x78, 0x3, 0xff, 0xf2, 0x23, 0x0, 0x42,
    0x20, 0xf, 0xdd, 0xd1, 0x3, 0xf7, 0x28, 0x3,
    0xff, 0x97, 0xff, 0x10, 0x3f, 0xfa, 0x80, 0x3f,
    0xff, 0xe0, 0x1f, 0xfc, 0xc0,

    /* U+0167 "ŧ" */
    0x0, 0x34, 0x18, 0x7, 0xa9, 0xd4, 0x3, 0xff,
    0x94, 0xbe, 0x61, 0x3f, 0xf6, 0x89, 0x80, 0x8,
    0xce, 0x74, 0xc3, 0xb, 0xcc, 0xa8, 0x3, 0xff,
    0x8c, 0xbe, 0x61, 0x3f, 0xf6, 0x8a, 0x0, 0x9,
    0x13, 0xac, 0xc2, 0xef, 0x48, 0x7, 0xff, 0x21,
    0xc0, 0x40, 0x3c, 0x61, 0x62, 0x1, 0xd6, 0x7,
    0xdd, 0x58, 0x0, 0xed, 0x4, 0x66,

    /* U+0168 "Ũ" */
    0x0, 0xe1, 0x0, 0x84, 0x40, 0x1e, 0x5f, 0xed,
    0x63, 0xe9, 0x0, 0xf5, 0x9c, 0x8c, 0xe0, 0xd0,
    0x7, 0xaf, 0x9b, 0x36, 0xfc, 0x80, 0x3c, 0xa4,
    0x0, 0x24, 0x10, 0xf, 0xfe, 0x37, 0x7b, 0x80,
    0x7e, 0xef, 0x70, 0xf, 0xff, 0xf8, 0x7, 0xff,
    0xdf, 0xc0, 0x3f, 0xe2, 0x1, 0x0, 0xfc, 0x20,
    0x4a, 0x8, 0x1, 0xf2, 0x0, 0x1f, 0x40, 0x94,
    0x3, 0xd0, 0x4, 0x44, 0x30, 0xa7, 0x20, 0x2,
    0x59, 0x84, 0x0, 0x34, 0xc2, 0x37, 0xfd, 0x68,
    0x10, 0xa0, 0x1, 0xc9, 0x41, 0x0, 0x13, 0x6b,
    0x80, 0x0,

    /* U+0169 "ũ" */
    0x0, 0x3f, 0x72, 0x49, 0x3d, 0x40, 0x22, 0x82,
    0x46, 0xdb, 0x14, 0x0, 0xcf, 0xb5, 0xb1, 0xc,
    0x10, 0x8, 0xa0, 0x40, 0x9d, 0xc4, 0x1, 0xff,
    0xc3, 0xff, 0x18, 0x7, 0x17, 0xf8, 0x3, 0xff,
    0xfe, 0x1, 0xff, 0xc6, 0x10, 0x8, 0x41, 0x80,
    0x39, 0x40, 0x25, 0xf, 0x0, 0xeb, 0x0, 0xb8,
    0x15, 0xc4, 0xf, 0xc, 0x2, 0x54, 0x8, 0xef,
    0xc2, 0xa0, 0xd, 0x6e, 0x40, 0x2d, 0xec, 0x1,
    0x0,

    /* U+016A "Ū" */
    0x0, 0xa7, 0x77, 0xc6, 0x1, 0xe2, 0x2f, 0x9c,
    0x3, 0xd7, 0xff, 0xe4, 0x0, 0xff, 0xe9, 0xf7,
    0xb8, 0x7, 0xee, 0xf7, 0x0, 0xff, 0xff, 0x80,
    0x7f, 0xfd, 0xfc, 0x3, 0xfe, 0x20, 0x10, 0xf,
    0xc2, 0x4, 0xa0, 0x80, 0x1f, 0x20, 0x1, 0xf4,
    0x9, 0x40, 0x3d, 0x0, 0x44, 0x43, 0xa, 0x72,
    0x0, 0x25, 0x98, 0x40, 0x3, 0x4c, 0x23, 0x7f,
    0xd6, 0x81, 0xa, 0x0, 0x1c, 0x94, 0x10, 0x1,
    0x36, 0xb8, 0x0,

    /* U+016B "ū" */
    0x0, 0x7f, 0xfc, 0x1, 0xc6, 0x45, 0xe0, 0xe,
    0xcd, 0xdf, 0x0, 0x7f, 0xf3, 0xff, 0xc6, 0x1,
    0xc5, 0xfe, 0x0, 0xff, 0xff, 0x80, 0x7f, 0xf1,
    0x84, 0x2, 0x10, 0x60, 0xe, 0x50, 0x9, 0x43,
    0xc0, 0x3a, 0xc0, 0x2e, 0x5, 0x71, 0x3, 0xc3,
    0x0, 0x95, 0x2, 0x3b, 0xf0, 0xa8, 0x3, 0x5b,
    0x90, 0xb, 0x7b, 0x0, 0x40,

    /* U+016C "Ŭ" */
    0x0, 0x99, 0x0, 0x33, 0x98, 0x7, 0xb2, 0x90,
    0x6, 0x60, 0x3, 0xe8, 0xb, 0xfe, 0x65, 0x30,
    0xf, 0x17, 0xcb, 0x3d, 0xd0, 0x7, 0xe1, 0x69,
    0x84, 0x0, 0xff, 0xe3, 0xf7, 0xb8, 0x7, 0xee,
    0xf7, 0x0, 0xff, 0xff, 0x80, 0x7f, 0xfd, 0xfc,
    0x3, 0xfe, 0x20, 0x10, 0xf, 0xc2, 0x4, 0xa0,
    0x80, 0x1f, 0x20, 0x1, 0xf4, 0x9, 0x40, 0x3d,
    0x0, 0x44, 0x43, 0xa, 0x72, 0x0, 0x25, 0x98,
    0x40, 0x3, 0x4c, 0x23, 0x7f, 0xd6, 0x81, 0xa,
    0x0, 0x1c, 0x94, 0x10, 0x1, 0x36, 0xb8, 0x0,

    /* U+016D "ŭ" */
    0x0, 0x7b, 0x0, 0x4b, 0xe2, 0x1, 0x8e, 0xc,
    0xe, 0x8, 0x40, 0x37, 0x8e, 0x7e, 0x14, 0x80,
    0x71, 0xeb, 0xab, 0xea, 0x0, 0x78, 0xa2, 0xa0,
    0x80, 0x3f, 0xf8, 0x9f, 0xe3, 0x0, 0xe2, 0xff,
    0x0, 0x7f, 0xff, 0xc0, 0x3f, 0xf8, 0xc2, 0x1,
    0x8, 0x30, 0x7, 0x28, 0x4, 0xa1, 0xe0, 0x1d,
    0x60, 0x17, 0x2, 0xb8, 0x81, 0xe1, 0x80, 0x4a,
    0x81, 0x1d, 0xf8, 0x54, 0x1, 0xad, 0xc8, 0x5,
    0xbd, 0x80, 0x20,

    /* U+016E "Ů" */
    0x0, 0xe2, 0x76, 0x0, 0xff, 0x36, 0xc4, 0xf0,
    0x80, 0x7c, 0x32, 0xbd, 0x81, 0x60, 0x1f, 0x28,
    0x58, 0x9b, 0x20, 0x7, 0xc2, 0x1, 0xc2, 0x1,
    0xf2, 0x5, 0x89, 0xb2, 0x0, 0x6e, 0xf7, 0x17,
    0x5e, 0xc1, 0x80, 0xef, 0x70, 0xd, 0x12, 0xad,
    0xa6, 0x1, 0xfc, 0xd5, 0x24, 0x1, 0xff, 0xff,
    0x0, 0xff, 0xf0, 0x78, 0x7, 0xfc, 0x40, 0x20,
    0x1f, 0x84, 0x9, 0x41, 0x0, 0x3e, 0x40, 0x3,
    0xe8, 0x12, 0x80, 0x7a, 0x0, 0x88, 0x86, 0x14,
    0xe4, 0x0, 0x4b, 0x30, 0x80, 0x6, 0x98, 0x46,
    0xff, 0xad, 0x2, 0x14, 0x0, 0x39, 0x28, 0x20,
    0x2, 0x6d, 0x70, 0x0,

    /* U+016F "ů" */
    0x0, 0xc8, 0xe8, 0x1, 0xfb, 0x2e, 0x2e, 0xc0,
    0x1e, 0x73, 0xaf, 0x94, 0x60, 0xe, 0xc4, 0x50,
    0x62, 0xf0, 0xe, 0x26, 0x0, 0x8c, 0x40, 0x3a,
    0x8b, 0x23, 0x46, 0x80, 0x38, 0xec, 0x1c, 0x70,
    0x80, 0x3c, 0x99, 0xf8, 0x60, 0x1b, 0xfc, 0x60,
    0x1c, 0x5f, 0xe0, 0xf, 0xff, 0xf8, 0x7, 0xff,
    0x18, 0x40, 0x21, 0x6, 0x0, 0xe5, 0x0, 0x94,
    0x3c, 0x3, 0xac, 0x2, 0xe0, 0x57, 0x10, 0x3c,
    0x30, 0x9, 0x50, 0x23, 0xbf, 0xa, 0x80, 0x35,
    0xb9, 0x0, 0xb7, 0xb0, 0x4,

    /* U+0170 "Ű" */
    0x0, 0xe1, 0x33, 0x0, 0x99, 0x0, 0x7d, 0x58,
    0xc1, 0xb8, 0xc0, 0x1e, 0x74, 0x75, 0x83, 0x84,
    0x0, 0xe2, 0x84, 0x83, 0x76, 0x70, 0xf, 0x17,
    0xd8, 0x1f, 0xc8, 0x7, 0xff, 0x1b, 0xbd, 0xc0,
    0x3f, 0x77, 0xb8, 0x7, 0xff, 0xfc, 0x3, 0xff,
    0xef, 0xe0, 0x1f, 0xf1, 0x0, 0x80, 0x7e, 0x10,
    0x25, 0x4, 0x0, 0xf9, 0x0, 0xf, 0xa0, 0x4a,
    0x1, 0xe8, 0x2, 0x22, 0x18, 0x53, 0x90, 0x1,
    0x2c, 0xc2, 0x0, 0x1a, 0x61, 0x1b, 0xfe, 0xb4,
    0x8, 0x50, 0x0, 0xe4, 0xa0, 0x80, 0x9, 0xb5,
    0xc0, 0x0,

    /* U+0171 "ű" */
    0x0, 0xe9, 0x80, 0x19, 0x80, 0xe, 0x66, 0x78,
    0x4b, 0x70, 0x7, 0x41, 0x38, 0xb9, 0xb0, 0x6,
    0x61, 0x80, 0x80, 0xe0, 0xe, 0xb3, 0x52, 0x67,
    0x20, 0xe, 0xdc, 0x2, 0xf8, 0x0, 0xff, 0xe1,
    0xff, 0x8c, 0x3, 0x8b, 0xfc, 0x1, 0xff, 0xff,
    0x0, 0xff, 0xe3, 0x8, 0x4, 0x20, 0xc0, 0x1c,
    0xa0, 0x12, 0x87, 0x80, 0x75, 0x80, 0x5c, 0xa,
    0xe2, 0x7, 0x86, 0x1, 0x2a, 0x4, 0x77, 0xe1,
    0x50, 0x6, 0xb7, 0x20, 0x16, 0xf6, 0x0, 0x80,

    /* U+0172 "Ų" */
    0xef, 0x70, 0xf, 0xdd, 0xee, 0x1, 0xff, 0xff,
    0x0, 0xff, 0xfb, 0xf8, 0x7, 0xfc, 0x40, 0x20,
    0x1f, 0x84, 0x9, 0x41, 0x0, 0x3e, 0x40, 0x3,
    0xe8, 0x12, 0x80, 0x7a, 0x0, 0x88, 0x86, 0x14,
    0xe4, 0x0, 0x4b, 0x30, 0x80, 0x6, 0x98, 0x46,
    0xff, 0xad, 0x2, 0x14, 0x0, 0x39, 0x28, 0x20,
    0x2, 0x6d, 0x70, 0xe, 0x6b, 0x90, 0xed, 0x92,
    0x0, 0xfd, 0xc, 0x20, 0x1f, 0xe2, 0x1, 0x0,
    0xff, 0x88, 0x1a, 0x28, 0x80, 0x3f, 0xa8, 0xdd,
    0x0, 0x38,

    /* U+0173 "ų" */
    0xff, 0x18, 0x7, 0x17, 0xf8, 0x3, 0xff, 0xfe,
    0x1, 0xff, 0xce, 0x10, 0xc, 0x20, 0xc0, 0x1c,
    0xa0, 0x19, 0x43, 0xc0, 0x3a, 0xc0, 0x37, 0x2,
    0xb8, 0x81, 0xe1, 0x80, 0x65, 0x40, 0x8e, 0xfc,
    0x2a, 0x0, 0xeb, 0x72, 0x1, 0x6f, 0x60, 0xf,
    0x46, 0xff, 0x48, 0x91, 0xa0, 0x7, 0xf9, 0x4e,
    0x0, 0x3f, 0xd8, 0x6, 0x1, 0xfe, 0x10, 0xb8,
    0x80, 0x7, 0xe9, 0x55, 0x38, 0x80,

    /* U+0174 "Ŵ" */
    0x0, 0xff, 0x1c, 0x38, 0x80, 0x7f, 0xf1, 0xf5,
    0xa2, 0xc0, 0x3f, 0xf8, 0xd4, 0x3b, 0x2a, 0xc0,
    0x1f, 0xfc, 0x45, 0x55, 0x1b, 0x32, 0x48, 0x3,
    0xff, 0x86, 0xbe, 0xa0, 0x9, 0xf2, 0x0, 0xff,
    0xe9, 0xf, 0xf9, 0x0, 0x3d, 0x3f, 0xe5, 0x0,
    0xf4, 0xfe, 0x89, 0x6, 0x0, 0x79, 0x0, 0x18,
    0x1, 0xe4, 0x4, 0x4, 0x4, 0x0, 0xe1, 0x21,
    0x5, 0x0, 0xe1, 0x20, 0xc0, 0xc0, 0x30, 0xe,
    0x40, 0x72, 0x30, 0xe, 0x50, 0x2, 0x2, 0x0,
    0x10, 0x3, 0x68, 0x7a, 0x2, 0x0, 0x6c, 0x2,
    0x10, 0x12, 0xc, 0x0, 0xc8, 0x9, 0x81, 0x80,
    0x19, 0x1, 0x0, 0x24, 0x4, 0x0, 0xc6, 0x24,
    0xe0, 0x80, 0x18, 0xc3, 0x0, 0x2f, 0x3, 0x0,
    0x90, 0x10, 0x8, 0x4c, 0x2, 0x40, 0x2, 0x0,
    0x48, 0x0, 0x30, 0x6, 0x6, 0x0, 0x10, 0x10,
    0x1, 0x80, 0x42, 0x1, 0x10, 0x82, 0x0, 0x10,
    0x10, 0x1, 0x80, 0x60, 0x3, 0x7, 0x0, 0xe4,
    0xc, 0x0, 0x18, 0x10, 0x1, 0x43, 0x0, 0x8,
    0x18, 0x1, 0xd8, 0x8, 0x6, 0x8, 0x1, 0x18,
    0x20, 0x18, 0x1, 0x0, 0x39, 0x0, 0x6, 0x81,
    0x80, 0x19, 0x0, 0xd0, 0x4, 0x80, 0x38, 0x84,
    0x13, 0x1, 0x0, 0x36, 0x2, 0x60, 0x20, 0x7,
    0xc8, 0x18, 0x80, 0x60, 0x18, 0xc3, 0x10, 0x30,
    0x3, 0xec, 0x4, 0x3, 0x0, 0xe4, 0x4, 0x0,
    0x20, 0x7, 0xc8, 0x1, 0x20, 0x7, 0x8c, 0x0,
    0x24, 0x1, 0xf1, 0x8, 0x3, 0x0, 0x3c, 0x80,
    0x4, 0x0, 0xc0,

    /* U+0175 "ŵ" */
    0x0, 0xf9, 0xbf, 0x84, 0x3, 0xff, 0x82, 0x30,
    0x43, 0x60, 0x1f, 0xfc, 0x1b, 0x1f, 0x75, 0x40,
    0xf, 0xf9, 0x16, 0x4a, 0xe, 0x40, 0x3f, 0xe2,
    0x86, 0x0, 0x72, 0x98, 0x7, 0xf9, 0x9c, 0x2,
    0x28, 0x30, 0xe, 0xdf, 0x40, 0xd, 0x3f, 0xe3,
    0x0, 0xd5, 0xf0, 0x81, 0x80, 0x19, 0x0, 0x8,
    0x1, 0x90, 0x33, 0xc1, 0x0, 0x21, 0x20, 0x6,
    0x0, 0x44, 0x20, 0x88, 0x3, 0x0, 0x90, 0x18,
    0x50, 0x2, 0x40, 0x30, 0x21, 0x4, 0x0, 0x68,
    0x62, 0x81, 0x80, 0x30, 0x10, 0x0, 0x81, 0x80,
    0x4, 0x4, 0xc0, 0x40, 0x2, 0x6, 0x0, 0x30,
    0x10, 0x0, 0x64, 0x28, 0x18, 0x4, 0x20, 0x80,
    0x4, 0x3, 0x4, 0x4, 0x3, 0x5, 0x4, 0x3,
    0x0, 0x88, 0x41, 0x30, 0x30, 0x0, 0x82, 0x5e,
    0x8, 0x1, 0x90, 0x31, 0x1, 0x0, 0x18, 0x8,
    0x80, 0xc0, 0xd, 0x80, 0x86, 0x42, 0x0, 0x40,
    0xa2, 0x4, 0x0, 0xc8, 0x6, 0x8, 0x1, 0x18,
    0x18, 0x18, 0x7, 0x10, 0x80, 0x30, 0x3, 0x20,
    0x1, 0x0, 0x3c, 0x80, 0x4, 0x0, 0xd8, 0x0,
    0xc0, 0x8,

    /* U+0176 "Ŷ" */
    0x0, 0xf9, 0xe1, 0x0, 0x3f, 0xf8, 0xf, 0xd,
    0x64, 0x1, 0xfe, 0x38, 0x5f, 0x1f, 0x0, 0xff,
    0x71, 0xd0, 0xe1, 0x40, 0x7, 0xf6, 0xe0, 0x0,
    0xbe, 0x0, 0x3f, 0xf9, 0x37, 0xf8, 0x1, 0xf8,
    0xbf, 0xca, 0x14, 0x6, 0xe0, 0x1f, 0x70, 0x22,
    0x80, 0xc8, 0x41, 0x0, 0x73, 0x98, 0x50, 0x4,
    0xc8, 0x1c, 0x1, 0x8a, 0x2, 0x44, 0x3, 0x48,
    0x1b, 0x80, 0x5c, 0x8, 0xc0, 0x1c, 0x50, 0x10,
    0x40, 0xc6, 0x12, 0x1, 0xf3, 0x98, 0x48, 0xc8,
    0x49, 0x0, 0x7e, 0xe0, 0x4f, 0x3, 0x60, 0xf,
    0xe2, 0x80, 0x10, 0xe0, 0xf, 0xf9, 0xc4, 0x18,
    0x80, 0x3f, 0xf8, 0x6, 0x2, 0x1, 0xff, 0xff,
    0x0, 0xff, 0xef, 0x80,

    /* U+0177 "ŷ" */
    0x0, 0xf3, 0xb8, 0x3, 0xfe, 0x58, 0x88, 0x3,
    0xfd, 0x62, 0x8e, 0x40, 0x1f, 0x9c, 0x6a, 0x81,
    0x20, 0x1f, 0xc, 0x2a, 0xc, 0xa2, 0x0, 0x3c,
    0x4f, 0x60, 0x6, 0x81, 0x0, 0xf1, 0xc0, 0x80,
    0x4e, 0xa0, 0x10, 0xff, 0x8c, 0x3, 0xef, 0xf2,
    0xa, 0x5, 0x0, 0x79, 0x40, 0x50, 0x3c, 0x1c,
    0x3, 0xdc, 0xc, 0x0, 0x41, 0x12, 0x80, 0x62,
    0x40, 0xa0, 0x9, 0x83, 0x80, 0x35, 0x1, 0x90,
    0x5, 0x40, 0x82, 0x1, 0x30, 0x48, 0x6, 0x24,
    0x6, 0x0, 0x20, 0x82, 0x80, 0x77, 0x5, 0x0,
    0x38, 0x18, 0x3, 0xca, 0x24, 0x60, 0xa1, 0x40,
    0x1f, 0x38, 0x53, 0x1, 0x18, 0x7, 0xd6, 0xd,
    0x61, 0x40, 0x1f, 0x88, 0xc0, 0x81, 0x80, 0x3f,
    0xa8, 0x0, 0x82, 0x1, 0xfc, 0xe0, 0xf, 0x0,
    0xff, 0x20, 0xa, 0x0, 0x7f, 0xb8, 0x18, 0x3,
    0xfc, 0xa8, 0x12, 0x1, 0xf0, 0xf7, 0x28, 0x1c,
    0x40, 0x3f, 0x8, 0x8a, 0x20, 0x1, 0xf0,

    /* U+0178 "Ÿ" */
    0x0, 0xc5, 0xfe, 0x40, 0x8f, 0xd0, 0xf, 0xfe,
    0x61, 0x44, 0x14, 0x32, 0x2c, 0x3, 0xf9, 0xdc,
    0x20, 0x8e, 0xc0, 0x1f, 0xfc, 0x9b, 0xfc, 0x0,
    0xfc, 0x5f, 0xe5, 0xa, 0x3, 0x70, 0xf, 0xb8,
    0x11, 0x40, 0x64, 0x20, 0x80, 0x39, 0xcc, 0x28,
    0x2, 0x64, 0xe, 0x0, 0xc5, 0x1, 0x22, 0x1,
    0xa4, 0xd, 0xc0, 0x2e, 0x4, 0x60, 0xe, 0x28,
    0x8, 0x20, 0x63, 0x9, 0x0, 0xf9, 0xcc, 0x24,
    0x64, 0x24, 0x80, 0x3f, 0x70, 0x27, 0x81, 0xb0,
    0x7, 0xf1, 0x40, 0x8, 0x70, 0x7, 0xfc, 0xe2,
    0xc, 0x40, 0x1f, 0xfc, 0x3, 0x1, 0x0, 0xff,
    0xff, 0x80, 0x7f, 0xf7, 0xc0,

    /* U+0179 "Ź" */
    0x0, 0xf0, 0xf7, 0x90, 0x7, 0xfd, 0x43, 0x64,
    0x1, 0xfe, 0x84, 0xa4, 0x0, 0xff, 0xa3, 0xd4,
    0x3, 0xff, 0x95, 0x5f, 0xff, 0xfc, 0x11, 0x0,
    0xff, 0xe1, 0xd7, 0x77, 0xf5, 0x80, 0x18, 0x40,
    0x47, 0xf0, 0x50, 0x1c, 0x80, 0x7f, 0xb4, 0x45,
    0xa0, 0x1f, 0xe8, 0x30, 0xa1, 0x0, 0xfe, 0x57,
    0x8, 0x40, 0xf, 0xe2, 0xa0, 0x57, 0x0, 0xff,
    0x78, 0x15, 0x0, 0x7f, 0xac, 0x83, 0xc0, 0x3f,
    0xce, 0x81, 0x64, 0x1, 0xfc, 0x90, 0xe, 0x80,
    0x1f, 0xc5, 0x40, 0x90, 0x1, 0xfe, 0xf1, 0x2a,
    0x0, 0xff, 0x51, 0x7, 0x8, 0x7, 0xf3, 0x28,
    0x41, 0x8, 0xff, 0x4, 0x0, 0x23, 0xbb, 0xfc,
    0xa0, 0x1f, 0xfc, 0x30,

    /* U+017A "ź" */
    0x0, 0xf0, 0xf7, 0xa8, 0x7, 0xd6, 0x30, 0xa0,
    0x1e, 0x65, 0x67, 0x0, 0xf1, 0x4a, 0x48, 0x7,
    0xcf, 0x14, 0x1, 0xf9, 0x5c, 0x40, 0x35, 0x7f,
    0xff, 0x49, 0x19, 0xfc, 0x1, 0x46, 0x67, 0xa8,
    0x1, 0x40, 0x1e, 0x39, 0x9, 0x30, 0xe, 0x1d,
    0x6, 0x60, 0x7, 0xb4, 0x4e, 0x40, 0x3d, 0x26,
    0x3a, 0x1, 0xe6, 0x60, 0x68, 0x80, 0x71, 0xc8,
    0x49, 0x80, 0x70, 0xe8, 0x33, 0x0, 0x3d, 0xa2,
    0x72, 0x1, 0xe9, 0x31, 0xd0, 0xf, 0x98, 0x1,
    0xb9, 0x9e, 0x70, 0x0, 0x99, 0xfd, 0xc0,

    /* U+017B "Ż" */
    0x0, 0xf7, 0xf9, 0x80, 0x3f, 0xf9, 0xf0, 0xea,
    0x1, 0xff, 0xc0, 0x78, 0x30, 0xf, 0xfe, 0x4d,
    0x7f, 0xff, 0xf0, 0x44, 0x3, 0xff, 0x87, 0x5d,
    0xdf, 0xd6, 0x0, 0x61, 0x1, 0x1f, 0xc1, 0x40,
    0x72, 0x1, 0xfe, 0xd1, 0x16, 0x80, 0x7f, 0xa0,
    0xc2, 0x84, 0x3, 0xf9, 0x5c, 0x21, 0x0, 0x3f,
    0x8a, 0x81, 0x5c, 0x3, 0xfd, 0xe0, 0x54, 0x1,
    0xfe, 0xb2, 0xf, 0x0, 0xff, 0x3a, 0x5, 0x90,
    0x7, 0xf2, 0x40, 0x3a, 0x0, 0x7f, 0x15, 0x2,
    0x40, 0x7, 0xfb, 0xc4, 0xa8, 0x3, 0xfd, 0x44,
    0x1c, 0x20, 0x1f, 0xcc, 0xa1, 0x4, 0x23, 0xfc,
    0x10, 0x0, 0x8e, 0xef, 0xf2, 0x80, 0x7f, 0xf0,
    0xc0,

    /* U+017C "ż" */
    0x0, 0xdb, 0xea, 0x1, 0xff, 0xc7, 0x62, 0x10,
    0xf, 0xd7, 0xa8, 0x1, 0xff, 0xc3, 0xaf, 0xff,
    0xe9, 0x23, 0x3f, 0x80, 0x28, 0xcc, 0xf5, 0x0,
    0x28, 0x3, 0xc7, 0x21, 0x26, 0x1, 0xc3, 0xa0,
    0xcc, 0x0, 0xf6, 0x89, 0xc8, 0x7, 0xa4, 0xc7,
    0x40, 0x3c, 0xcc, 0xd, 0x10, 0xe, 0x39, 0x9,
    0x30, 0xe, 0x1d, 0x6, 0x60, 0x7, 0xb4, 0x4e,
    0x40, 0x3d, 0x26, 0x3a, 0x1, 0xf3, 0x0, 0x37,
    0x33, 0xce, 0x0, 0x13, 0x3f, 0xb8,

    /* U+017D "Ž" */
    0x0, 0x87, 0x6c, 0x0, 0xbe, 0xc0, 0x1f, 0xf,
    0xa5, 0xad, 0x3b, 0x0, 0x7e, 0x2b, 0x4a, 0x48,
    0x0, 0xff, 0x27, 0xfa, 0xc0, 0x3f, 0xf9, 0x35,
    0xff, 0xff, 0xc1, 0x10, 0xf, 0xfe, 0x1d, 0x77,
    0x7f, 0x58, 0x1, 0x84, 0x4, 0x7f, 0x5, 0x1,
    0xc8, 0x7, 0xfb, 0x44, 0x5a, 0x1, 0xfe, 0x83,
    0xa, 0x10, 0xf, 0xe5, 0x70, 0x84, 0x0, 0xfe,
    0x2a, 0x5, 0x70, 0xf, 0xf7, 0x81, 0x50, 0x7,
    0xfa, 0xc8, 0x3c, 0x3, 0xfc, 0xe8, 0x16, 0x40,
    0x1f, 0xc9, 0x0, 0xe8, 0x1, 0xfc, 0x54, 0x9,
    0x0, 0x1f, 0xef, 0x12, 0xa0, 0xf, 0xf5, 0x10,
    0x70, 0x80, 0x7f, 0x32, 0x84, 0x10, 0x8f, 0xf0,
    0x40, 0x2, 0x3b, 0xbf, 0xca, 0x1, 0xff, 0xc3,

    /* U+017E "ž" */
    0x2, 0xf8, 0x0, 0xba, 0xc0, 0x22, 0x87, 0x40,
    0xa1, 0x90, 0xc, 0xe7, 0x4e, 0xb0, 0x40, 0x1d,
    0xe3, 0x6, 0xe0, 0x1e, 0x3a, 0x7e, 0x0, 0xfc,
    0xb0, 0x40, 0x1a, 0xbf, 0xff, 0xa4, 0x8c, 0xfe,
    0x0, 0xa3, 0x33, 0xd4, 0x0, 0xa0, 0xf, 0x1c,
    0x84, 0x98, 0x7, 0xe, 0x83, 0x30, 0x3, 0xda,
    0x27, 0x20, 0x1e, 0x93, 0x1d, 0x0, 0xf3, 0x30,
    0x34, 0x40, 0x38, 0xe4, 0x24, 0xc0, 0x38, 0x74,
    0x19, 0x80, 0x1e, 0xd1, 0x39, 0x0, 0xf4, 0x98,
    0xe8, 0x7, 0xcc, 0x0, 0xdc, 0xcf, 0x38, 0x0,
    0x4c, 0xfe, 0xe0,

    /* U+017F "ſ" */
    0x0, 0xd1, 0xbf, 0xee, 0x0, 0xad, 0xc8, 0x44,
    0x40, 0x2, 0x40, 0xbe, 0xe6, 0x0, 0x1c, 0x9,
    0x0, 0x38, 0xc0, 0x40, 0x33, 0xfc, 0x80, 0x78,
    0x8c, 0x80, 0x3c, 0xb9, 0x60, 0x1f, 0xff, 0xf0,
    0xf, 0xfe, 0x90,

    /* U+0384 "΄" */
    0x0, 0x92, 0x18, 0x0, 0x56, 0xe8, 0x0, 0xe0,
    0xb2, 0x9, 0x39, 0x40, 0x46, 0x68, 0x0,

    /* U+0385 "΅" */
    0x0, 0xeb, 0xf8, 0x0, 0xce, 0x8b, 0x0, 0x11,
    0xc1, 0xd0, 0x6, 0xe1, 0xd0, 0xc, 0x6b, 0x82,
    0x0, 0x37, 0x58, 0x26, 0x73, 0x48, 0x80, 0x2,
    0x20, 0x80, 0x1f, 0x80,

    /* U+0386 "Ά" */
    0x0, 0x8b, 0xfc, 0x40, 0x1f, 0xfc, 0x1f, 0xb,
    0x20, 0xf, 0xfe, 0x4, 0x14, 0x22, 0xff, 0xac,
    0x3, 0xf2, 0x3a, 0xb8, 0x78, 0x1, 0x4, 0x3,
    0xed, 0x5a, 0x1, 0x50, 0x50, 0x60, 0xf, 0xa6,
    0x80, 0xe, 0xb, 0x21, 0x40, 0x1f, 0xf5, 0x7,
    0x18, 0x91, 0x80, 0x7f, 0x11, 0x8a, 0x3, 0x5,
    0x0, 0x7f, 0x50, 0x38, 0x2, 0x81, 0xc0, 0x3f,
    0x98, 0x28, 0x0, 0x44, 0x15, 0x0, 0xf9, 0x4,
    0x46, 0x1, 0x50, 0x70, 0x7, 0xdc, 0xc, 0x1,
    0x98, 0x10, 0x40, 0x3c, 0xa1, 0x40, 0x18, 0x4c,
    0x1c, 0x3, 0x98, 0x1, 0xbf, 0xfc, 0x61, 0x40,
    0x1d, 0x40, 0x1f, 0xe3, 0x20, 0x8, 0x8c, 0x37,
    0xbb, 0xe4, 0xa, 0x0, 0xa8, 0x8, 0x82, 0x3f,
    0x70, 0x30, 0x4, 0xc1, 0x40, 0x1f, 0x90, 0x5,
    0x1, 0x4, 0x14, 0x3, 0xf0, 0xa0, 0x70, 0x70,
    0x11, 0x0, 0x3f, 0xb4, 0x14, 0x40,

    /* U+0387 "·" */
    0x1, 0x10, 0x3f, 0x70, 0x3, 0xf8,

    /* U+0388 "Έ" */
    0x0, 0x97, 0xf4, 0x40, 0x3f, 0xf8, 0x23, 0x61,
    0xe2, 0x1, 0xff, 0xc1, 0xa1, 0xa2, 0xef, 0xff,
    0xf1, 0x3, 0x23, 0xa8, 0x7, 0xff, 0x4, 0x75,
    0xa0, 0x3, 0x3f, 0x77, 0xe2, 0x1b, 0x90, 0xe,
    0xf1, 0x1f, 0xc0, 0x1f, 0xff, 0x38, 0xff, 0xfb,
    0x0, 0x3f, 0xf9, 0xef, 0xdd, 0xf6, 0x0, 0x7f,
    0x78, 0x8f, 0xc0, 0x1f, 0xff, 0xf0, 0xf, 0xbc,
    0x47, 0xf0, 0x7, 0xf3, 0xf7, 0x7e, 0x60, 0xf,
    0xfe, 0x30,

    /* U+0389 "Ή" */
    0x0, 0x8f, 0xf8, 0x80, 0x3f, 0xf8, 0x9a, 0x14,
    0x40, 0x1f, 0xfc, 0x3a, 0x19, 0x4f, 0xf3, 0x0,
    0x7e, 0xff, 0x28, 0x2a, 0x99, 0x80, 0x1f, 0xfc,
    0x4c, 0x69, 0x0, 0xff, 0xe2, 0xcc, 0x80, 0x3f,
    0xff, 0xe0, 0x1f, 0xe9, 0xff, 0xfc, 0x1, 0xff,
    0xd3, 0x9e, 0xef, 0xc0, 0x1f, 0xfc, 0x1, 0x1f,
    0xc0, 0x1f, 0xff, 0xf0, 0xf, 0xff, 0xc0,

    /* U+038A "Ί" */
    0x0, 0x93, 0xf8, 0x40, 0x30, 0xd0, 0x68, 0x80,
    0x6b, 0x19, 0x3e, 0xf7, 0x5, 0x53, 0x30, 0x3,
    0xb9, 0x64, 0x3, 0xd7, 0x40, 0x1f, 0xff, 0xf0,
    0xf, 0xff, 0x68,

    /* U+038C "Ό" */
    0x0, 0xcf, 0x4, 0x1, 0xff, 0xc4, 0x78, 0x42,
    0x0, 0xff, 0xe1, 0x8c, 0x7, 0x0, 0x7f, 0xf1,
    0x2c, 0x24, 0x81, 0x2b, 0x7f, 0xdb, 0x26, 0x1,
    0xe3, 0x54, 0x61, 0xcb, 0x52, 0x0, 0x13, 0x65,
    0x0, 0x77, 0xd, 0xf, 0x98, 0x36, 0x7f, 0xb1,
    0x41, 0x70, 0x3, 0x67, 0xd, 0x8, 0x5c, 0x98,
    0x0, 0xea, 0x40, 0xe4, 0x2, 0x10, 0x44, 0x4,
    0xa0, 0x7, 0x99, 0x80, 0xc2, 0x1, 0xb8, 0x5,
    0x80, 0x3f, 0x40, 0x1, 0x80, 0x32, 0x3, 0x80,
    0x7f, 0x9, 0x86, 0x0, 0x42, 0x20, 0xf0, 0xf,
    0xf2, 0x82, 0x80, 0x46, 0x0, 0x30, 0xf, 0xf0,
    0x80, 0x80, 0x7f, 0xf2, 0xcc, 0x0, 0x60, 0x1f,
    0xe1, 0x1, 0x0, 0x84, 0x41, 0xe0, 0x1f, 0xe5,
    0x5, 0x0, 0xc8, 0xe, 0x1, 0xfc, 0x26, 0x18,
    0x1, 0xb8, 0x5, 0x80, 0x3f, 0x40, 0x1, 0x80,
    0x32, 0x20, 0x24, 0xc0, 0x3c, 0xcc, 0x6, 0x10,
    0xe, 0xa1, 0xc, 0x83, 0x0, 0x1d, 0x48, 0x1c,
    0x80, 0x78, 0x7c, 0xc1, 0xf3, 0xfd, 0x8a, 0xb,
    0x80, 0x1f, 0x87, 0x29, 0x48, 0x0, 0x4d, 0x94,
    0x1, 0x80,

    /* U+038E "Ύ" */
    0x0, 0x9b, 0xf4, 0x3, 0xff, 0x8a, 0x52, 0x3e,
    0x1, 0xff, 0xc5, 0xe0, 0xa2, 0xbf, 0xc0, 0xf,
    0xc7, 0xfe, 0x50, 0x73, 0x84, 0xa, 0x3, 0x70,
    0xf, 0xbc, 0x11, 0x46, 0xd9, 0xc0, 0x3, 0x21,
    0x4, 0x1, 0xce, 0x61, 0x40, 0x39, 0x20, 0x19,
    0x90, 0x38, 0x3, 0x14, 0x4, 0x88, 0x7, 0xf4,
    0x81, 0xb0, 0x5, 0xc0, 0x8c, 0x1, 0xfe, 0x28,
    0x9, 0x20, 0x63, 0x9, 0x0, 0xff, 0xe0, 0x39,
    0x84, 0x8c, 0x84, 0x10, 0x7, 0xff, 0x7, 0x81,
    0x3c, 0xd, 0xc0, 0x3f, 0xf8, 0x45, 0x0, 0x21,
    0xc0, 0x1f, 0xfc, 0x47, 0x10, 0x62, 0x0, 0xff,
    0xe2, 0x98, 0x8, 0x7, 0xff, 0xfc, 0x3, 0xff,
    0xfe, 0x1, 0x0,

    /* U+038F "Ώ" */
    0x0, 0x9f, 0xf0, 0x3, 0xff, 0x88, 0x50, 0x3a,
    0x1, 0xff, 0xc4, 0xe0, 0xa1, 0x5, 0xae, 0xfe,
    0xd8, 0x20, 0xf, 0x39, 0xba, 0x16, 0xd2, 0x88,
    0x9, 0x3e, 0xc8, 0x6, 0x28, 0x48, 0x2c, 0x20,
    0x6b, 0xdd, 0x51, 0x83, 0x58, 0x4, 0x5f, 0x61,
    0xe2, 0x2d, 0x94, 0x22, 0x2e, 0x40, 0x23, 0x80,
    0x73, 0x90, 0x69, 0x0, 0x79, 0xd4, 0x20, 0x40,
    0x35, 0x2, 0x18, 0x7, 0xeb, 0x0, 0x38, 0x4,
    0x24, 0x1a, 0x1, 0xfc, 0x26, 0x18, 0x1, 0x10,
    0x1, 0x40, 0x3f, 0xcc, 0xc, 0x1, 0xe1, 0x0,
    0xff, 0x18, 0x8, 0x4, 0x20, 0x1, 0x0, 0xff,
    0x18, 0x30, 0x4, 0x40, 0x5, 0x0, 0xff, 0x38,
    0x10, 0x6, 0x40, 0xd0, 0xf, 0xe2, 0x20, 0x60,
    0x6, 0xe0, 0x43, 0x0, 0xfd, 0x0, 0x2a, 0x1,
    0x95, 0x3, 0x84, 0x3, 0xca, 0xa0, 0x80, 0xf,
    0x51, 0x13, 0x44, 0x3, 0x25, 0x3, 0x30, 0x3,
    0x9, 0x1c, 0x81, 0xf9, 0x80, 0x22, 0xc0, 0xec,
    0x88, 0x1, 0x36, 0xea, 0xc0, 0x3, 0x40, 0x7,
    0x0, 0x1e, 0xec, 0x20, 0x1f, 0xfc, 0x80,

    /* U+0390 "ΐ" */
    0x0, 0xe7, 0x82, 0x0, 0xd1, 0x2, 0x20, 0x4,
    0x8e, 0x74, 0x1, 0xd, 0x16, 0x80, 0x6a, 0x1f,
    0x10, 0xd, 0x7e, 0x40, 0x17, 0xf9, 0xc1, 0x7f,
    0xc0, 0x1f, 0xd1, 0x4, 0x7, 0x88, 0x3, 0xb8,
    0xc0, 0x9d, 0xc0, 0x1f, 0xf7, 0x7a, 0x80, 0x7f,
    0xf0, 0x4c, 0x3, 0xff, 0xe6, 0xc0, 0x40, 0x1c,
    0x61, 0x62, 0x1, 0xa4, 0xf, 0xb8, 0xc0, 0x1,
    0xc4, 0x1, 0x10,

    /* U+0391 "Α" */
    0x0, 0xf2, 0xff, 0xac, 0x3, 0xff, 0x83, 0xe0,
    0x4, 0x10, 0xf, 0xf8, 0x54, 0x14, 0x18, 0x3,
    0xfe, 0x70, 0x59, 0xa, 0x0, 0xff, 0xa8, 0x38,
    0xc4, 0x8c, 0x3, 0xf8, 0x8c, 0x50, 0x18, 0x28,
    0x3, 0xfa, 0x81, 0xc0, 0x14, 0xe, 0x1, 0xfc,
    0xc1, 0x40, 0x2, 0x20, 0xa8, 0x7, 0xc8, 0x22,
    0x30, 0xa, 0x83, 0x80, 0x3e, 0xe0, 0x60, 0xc,
    0xc0, 0x82, 0x1, 0xe5, 0xa, 0x0, 0xc2, 0x60,
    0xe0, 0x1c, 0xc0, 0xd, 0xff, 0xe3, 0xa, 0x0,
    0xea, 0x0, 0xff, 0x19, 0x0, 0x44, 0x61, 0xbd,
    0xdf, 0x20, 0x50, 0x5, 0x40, 0x44, 0x11, 0xfb,
    0x81, 0x80, 0x26, 0xa, 0x0, 0xfc, 0x80, 0x28,
    0x8, 0x20, 0xa0, 0x1f, 0x85, 0x3, 0x83, 0x80,
    0x88, 0x1, 0xfd, 0xa0, 0xa2,

    /* U+0392 "Β" */
    0xaf, 0xff, 0x76, 0x38, 0x7, 0xf8, 0x4e, 0x34,
    0x40, 0x24, 0xff, 0xbb, 0x5c, 0xa, 0xc0, 0x3e,
    0x12, 0x86, 0x5, 0x0, 0xff, 0x78, 0x7, 0xff,
    0x3, 0xc0, 0x80, 0x3f, 0x13, 0xb0, 0x58, 0x4,
    0x9f, 0xfb, 0x60, 0xe9, 0x80, 0x3f, 0xc5, 0xa0,
    0x19, 0x3f, 0xf7, 0x50, 0x3d, 0x0, 0x7e, 0x15,
    0xa0, 0x54, 0x0, 0xfe, 0x41, 0xd, 0x0, 0xff,
    0x10, 0x10, 0x7, 0xf8, 0x80, 0x3f, 0xe4, 0x10,
    0x30, 0xf, 0x85, 0xa8, 0x1, 0x20, 0x4, 0xff,
    0xdd, 0x22, 0x16, 0x20, 0x1f, 0x89, 0xf5, 0x0,

    /* U+0393 "Γ" */
    0xaf, 0xff, 0xf2, 0x0, 0x7f, 0xf0, 0x93, 0xbb,
    0xf2, 0x0, 0x42, 0x3f, 0x80, 0x3f, 0xff, 0xe0,
    0x1f, 0xff, 0xf0, 0xf, 0xfe, 0x38,

    /* U+0394 "Δ" */
    0x0, 0xf2, 0xff, 0xac, 0x3, 0xff, 0x83, 0xe0,
    0x4, 0x10, 0xf, 0xf8, 0x54, 0xc, 0x18, 0x3,
    0xfe, 0x70, 0x49, 0xa, 0x0, 0xff, 0xa8, 0x35,
    0x40, 0x8c, 0x3, 0xf8, 0x8c, 0x1c, 0x14, 0x28,
    0x3, 0xfa, 0x81, 0x4, 0x38, 0x1c, 0x3, 0xf9,
    0x83, 0x80, 0x8, 0x22, 0x50, 0xf, 0x90, 0x41,
    0x40, 0x27, 0xe, 0x0, 0xfb, 0x81, 0x40, 0x35,
    0x2, 0x8, 0x7, 0x94, 0x38, 0x3, 0x18, 0x83,
    0x80, 0x73, 0x0, 0xa0, 0x7, 0x30, 0x50, 0x7,
    0x50, 0x38, 0x7, 0xac, 0xc, 0x80, 0x22, 0x30,
    0xd0, 0xf, 0x19, 0x5, 0x0, 0x54, 0x2, 0x80,
    0x1f, 0x50, 0x30, 0x4, 0xc0, 0xe0, 0x1f, 0x90,
    0x5, 0x1, 0x4, 0x1b, 0xff, 0xf6, 0x0, 0x38,
    0x38, 0x3, 0xff, 0x84, 0xa2,

    /* U+0395 "Ε" */
    0xaf, 0xff, 0xf3, 0x0, 0x7f, 0xf0, 0x93, 0xbb,
    0xf3, 0x0, 0x42, 0x3f, 0x80, 0x3f, 0xfb, 0x69,
    0xff, 0xf8, 0x40, 0x3f, 0xf8, 0x49, 0xdd, 0xf8,
    0x40, 0x21, 0x1f, 0xc0, 0x1f, 0xfe, 0x81, 0x1f,
    0xc0, 0x12, 0x77, 0x7e, 0xa0, 0xf, 0xfe, 0x0,

    /* U+0396 "Ζ" */
    0xaf, 0xff, 0xfe, 0x8, 0x80, 0x7f, 0xf0, 0xeb,
    0xbb, 0xfa, 0xc0, 0xc, 0x20, 0x23, 0xf8, 0x28,
    0xe, 0x40, 0x3f, 0xda, 0x22, 0xd0, 0xf, 0xf4,
    0x18, 0x50, 0x80, 0x7f, 0x2b, 0x84, 0x20, 0x7,
    0xf1, 0x50, 0x2b, 0x80, 0x7f, 0xbc, 0xa, 0x80,
    0x3f, 0xd6, 0x41, 0xe0, 0x1f, 0xe7, 0x40, 0xb2,
    0x0, 0xfe, 0x48, 0x7, 0x40, 0xf, 0xe2, 0xa0,
    0x48, 0x0, 0xff, 0x78, 0x95, 0x0, 0x7f, 0xa8,
    0x83, 0x84, 0x3, 0xf9, 0x94, 0x20, 0x84, 0x7f,
    0x82, 0x0, 0x11, 0xdd, 0xfe, 0x50, 0xf, 0xfe,
    0x18,

    /* U+0397 "Η" */
    0xaf, 0xb0, 0xf, 0xd5, 0xf6, 0x1, 0xff, 0xff,
    0x0, 0xff, 0x93, 0xff, 0xf2, 0x80, 0x7f, 0xf1,
    0x93, 0xbb, 0xf2, 0x0, 0x70, 0x8f, 0xf0, 0x7,
    0xff, 0xfc, 0x3, 0xff, 0x9a,

    /* U+0398 "Θ" */
    0x0, 0xc2, 0xf9, 0xdf, 0xd8, 0xe0, 0x1f, 0x9b,
    0xa0, 0xc4, 0x4, 0xe3, 0x90, 0x3, 0x9e, 0x40,
    0xab, 0xbf, 0xa4, 0x45, 0x6a, 0x1, 0x1c, 0x2,
    0x6a, 0x88, 0xb, 0x71, 0x85, 0x10, 0x2, 0x0,
    0x68, 0x3, 0xed, 0x0, 0x40, 0x12, 0x4, 0x88,
    0x7, 0xc2, 0xc0, 0xa0, 0x80, 0x5, 0x1, 0x1f,
    0x82, 0x80, 0x9, 0xc0, 0x2, 0xbe, 0xef, 0xa4,
    0xc0, 0x4, 0x20, 0x40, 0x1f, 0xfc, 0x1e, 0x30,
    0xa, 0xff, 0xfe, 0x90, 0xc, 0x40, 0x40, 0x1f,
    0xfc, 0x1f, 0xe0, 0x1, 0x0, 0x7f, 0x18, 0x0,
    0xd0, 0x0, 0xa0, 0x1f, 0xd4, 0x0, 0x42, 0x40,
    0x90, 0xf, 0xc2, 0xc0, 0xa0, 0x8, 0x1, 0xb0,
    0xf, 0xb4, 0x1, 0x0, 0x3, 0x80, 0x4d, 0x51,
    0x1, 0x6e, 0x30, 0xa2, 0x0, 0x9e, 0x40, 0xab,
    0xbf, 0xa4, 0x45, 0x6a, 0x1, 0xcd, 0xd0, 0x62,
    0x2, 0x71, 0xc8, 0x1, 0x0,

    /* U+0399 "Ι" */
    0xaf, 0xb0, 0xf, 0xff, 0x38,

    /* U+039A "Κ" */
    0xaf, 0xb0, 0xf, 0xe, 0xff, 0x18, 0x7, 0xf0,
    0xe1, 0xe, 0x18, 0x7, 0xe2, 0xc2, 0x1c, 0x20,
    0xf, 0xc5, 0x84, 0x4c, 0x20, 0xf, 0xc5, 0x82,
    0x58, 0x40, 0x1f, 0x8b, 0x4, 0xb0, 0x40, 0x3f,
    0x1e, 0x9, 0x60, 0x80, 0x7e, 0x6c, 0x13, 0xc1,
    0x0, 0xfe, 0x20, 0x7, 0x88, 0x7, 0xf8, 0x84,
    0x34, 0x80, 0x3f, 0xcd, 0xa0, 0x3e, 0x20, 0x1f,
    0xe3, 0xc0, 0x2c, 0x10, 0xf, 0xf1, 0xe0, 0x16,
    0x8, 0x7, 0xf8, 0xec, 0xb, 0x4, 0x3, 0xfc,
    0x96, 0x5, 0xa0, 0x1f, 0xf2, 0x50, 0x1e, 0x0,
    0x7f, 0xcb, 0x40, 0x78, 0x1, 0xff, 0x2d, 0x1,
    0xd8, 0x0,

    /* U+039B "Λ" */
    0x0, 0xf2, 0xff, 0xac, 0x3, 0xff, 0x83, 0xe0,
    0x4, 0x10, 0xf, 0xf8, 0x54, 0x4, 0x18, 0x3,
    0xfe, 0x70, 0x28, 0xa, 0x0, 0xff, 0xa8, 0x29,
    0xc0, 0x8c, 0x3, 0xf8, 0x8c, 0x18, 0x50, 0x28,
    0x3, 0xfa, 0x80, 0xc4, 0x38, 0x1c, 0x3, 0xf9,
    0x82, 0x80, 0xa, 0x2, 0xa0, 0x1f, 0x20, 0x83,
    0x80, 0x4a, 0x1c, 0x1, 0xf7, 0x2, 0x8, 0x5,
    0xc0, 0x82, 0x1, 0xe5, 0xe, 0x0, 0xc8, 0x20,
    0xe0, 0x1c, 0xc0, 0x5, 0x0, 0xe6, 0xa, 0x0,
    0xea, 0x5, 0x0, 0xf5, 0x81, 0x90, 0x4, 0x46,
    0x1c, 0x1, 0xe3, 0x20, 0xa0, 0xa, 0x80, 0x50,
    0x3, 0xea, 0x6, 0x0, 0x98, 0x1c, 0x3, 0xf2,
    0x80, 0xa0, 0x20, 0x85, 0x0, 0x7e, 0x23, 0xe,
    0xe, 0x2, 0x30, 0xf, 0xea, 0x5, 0x10,

    /* U+039C "Μ" */
    0xaf, 0xf8, 0x40, 0x3e, 0x5f, 0xf9, 0x40, 0x33,
    0x80, 0x7d, 0xc0, 0x1e, 0x10, 0xa0, 0xf, 0xa,
    0x8, 0x7, 0x21, 0x19, 0x0, 0x73, 0x3, 0x80,
    0x79, 0x42, 0x80, 0x3a, 0x82, 0x80, 0x3d, 0x40,
    0xc0, 0x18, 0x8a, 0x30, 0xf, 0x11, 0x8a, 0x0,
    0x54, 0x14, 0x1, 0xfa, 0x83, 0x40, 0x26, 0x5,
    0x0, 0xfc, 0xe0, 0xc0, 0x4, 0x13, 0x20, 0xf,
    0xc2, 0xa0, 0xa1, 0xc1, 0x40, 0x1f, 0xee, 0xe,
    0x5, 0x6, 0x0, 0xff, 0x20, 0xa3, 0x82, 0x80,
    0x7f, 0xf0, 0x1c, 0x20, 0x38, 0x3, 0xff, 0x81,
    0x40, 0x1, 0x40, 0xf, 0xfe, 0x1, 0xbb, 0xac,
    0x3, 0xff, 0x85, 0x10, 0x50, 0xf, 0xfe, 0xe8,

    /* U+039D "Ν" */
    0xaf, 0xf6, 0x0, 0x7d, 0x7f, 0x20, 0x11, 0xa8,
    0x7, 0xff, 0x6, 0x0, 0x3f, 0xe3, 0x2, 0x50,
    0xf, 0xf3, 0x38, 0x40, 0x7, 0xfd, 0x20, 0x4c,
    0x1, 0xfe, 0x17, 0xb, 0x0, 0xff, 0xa4, 0x49,
    0x80, 0x3f, 0xc3, 0x21, 0x0, 0x1f, 0xf3, 0x88,
    0x98, 0x3, 0xfe, 0x90, 0x80, 0xf, 0xf9, 0xc4,
    0x4e, 0x1, 0xff, 0x40, 0x48, 0x7, 0xfc, 0xc2,
    0x27, 0x0, 0xff, 0xa0, 0x21, 0xc0, 0x3f, 0xcc,
    0x40, 0x60, 0x1f, 0xf4, 0x0, 0x7f, 0xf0, 0x54,
    0x80, 0x20,

    /* U+039E "Ξ" */
    0xaf, 0xff, 0xf1, 0x0, 0x7f, 0xf0, 0x2b, 0xbb,
    0xfc, 0x40, 0x23, 0xfe, 0x0, 0xff, 0xed, 0x37,
    0xff, 0xdc, 0x1, 0xff, 0xc3, 0x6e, 0xef, 0xc0,
    0x18, 0x47, 0xe0, 0xf, 0xff, 0x40, 0x8f, 0xf8,
    0x2b, 0xbb, 0xfc, 0x40, 0x1f, 0xfc, 0x0,

    /* U+039F "Ο" */
    0x0, 0xc2, 0xf9, 0xdf, 0xd8, 0xe0, 0x1f, 0x9b,
    0xa0, 0xc4, 0x4, 0xe3, 0x90, 0x3, 0x9e, 0x40,
    0xab, 0xbf, 0xa4, 0x45, 0x6a, 0x1, 0x1c, 0x2,
    0x6a, 0x88, 0xb, 0x79, 0x85, 0x10, 0x2, 0x0,
    0x68, 0x3, 0xc3, 0xa0, 0x8, 0x2, 0x40, 0x91,
    0x0, 0xf8, 0x58, 0x14, 0x10, 0x0, 0xa0, 0x1f,
    0xda, 0x0, 0x4e, 0x0, 0x10, 0x7, 0xf2, 0x80,
    0x8, 0x40, 0x80, 0x3f, 0xc2, 0x0, 0xe3, 0x0,
    0xff, 0xe2, 0x10, 0x10, 0x7, 0xf8, 0x40, 0x1f,
    0xc0, 0x2, 0x0, 0xfe, 0x50, 0x1, 0xa0, 0x1,
    0x40, 0x3f, 0xb4, 0x0, 0x84, 0x81, 0x20, 0x1f,
    0x85, 0x81, 0x40, 0x10, 0x3, 0x60, 0x1f, 0x68,
    0x2, 0x0, 0x7, 0x0, 0x9a, 0xa2, 0x2, 0xdc,
    0x61, 0x44, 0x1, 0x3c, 0x81, 0x57, 0x7f, 0x48,
    0x8a, 0x94, 0x3, 0x9b, 0xa0, 0xc4, 0x4, 0xe3,
    0xd4, 0x2,

    /* U+03A0 "Π" */
    0xaf, 0xff, 0xfe, 0x5, 0x80, 0x7f, 0xf1, 0x13,
    0xbb, 0xf2, 0x0, 0x70, 0x8f, 0xf0, 0x7, 0xff,
    0xfc, 0x3, 0xff, 0xfe, 0x1, 0xff, 0xe4,

    /* U+03A1 "Ρ" */
    0xaf, 0xff, 0x6c, 0x8, 0x7, 0xf1, 0x3f, 0x98,
    0x4, 0x9f, 0xf6, 0xc0, 0xe, 0x80, 0x7c, 0x4f,
    0x20, 0x2a, 0x1, 0xf9, 0x80, 0x18, 0x1, 0xfc,
    0x20, 0x60, 0x1f, 0xc2, 0x6, 0x1, 0xf9, 0x80,
    0x18, 0x1, 0xe2, 0x79, 0x1, 0x50, 0x2, 0x7f,
    0xdb, 0x0, 0xa, 0x0, 0xfc, 0x4f, 0xc8, 0x1,
    0x27, 0xfe, 0xd8, 0x10, 0xf, 0xff, 0xf0,

    /* U+03A3 "Σ" */
    0xaf, 0xff, 0xf3, 0x0, 0x7f, 0xf0, 0x38, 0x0,
    0xfd, 0xdf, 0x32, 0x48, 0x3a, 0x8, 0xf8, 0x0,
    0xce, 0x14, 0x80, 0x1f, 0xa1, 0x82, 0xc8, 0x3,
    0xf4, 0xa0, 0x60, 0x80, 0x7e, 0xb3, 0x1c, 0x10,
    0xf, 0xde, 0x4, 0xc0, 0x1f, 0xbc, 0x9, 0xc0,
    0x3e, 0x93, 0xf, 0x0, 0xf9, 0x58, 0x28, 0x80,
    0x3c, 0x54, 0xc, 0xa0, 0x1f, 0x70, 0x14, 0x80,
    0x7d, 0x26, 0x1e, 0x1, 0xf2, 0xb0, 0x41, 0x88,
    0xf8, 0x3c, 0x1, 0x1d, 0xdf, 0x50, 0x7, 0xff,
    0x0,

    /* U+03A4 "Τ" */
    0x1f, 0xff, 0xfe, 0x15, 0x80, 0x7f, 0xf1, 0x7,
    0xbb, 0xc4, 0xf, 0xdd, 0xd6, 0x2, 0x3e, 0x0,
    0x84, 0x78, 0x3, 0xff, 0xfe, 0x1, 0xff, 0xff,
    0x0, 0xff, 0xff, 0x80,

    /* U+03A5 "Υ" */
    0xb, 0xfc, 0x0, 0xfc, 0x5f, 0xe5, 0xa, 0x3,
    0x70, 0xf, 0xb8, 0x11, 0x40, 0x64, 0x20, 0x80,
    0x39, 0xcc, 0x28, 0x2, 0x64, 0xe, 0x0, 0xc5,
    0x1, 0x22, 0x1, 0xa4, 0xd, 0xc0, 0x2e, 0x4,
    0x60, 0xe, 0x28, 0x8, 0x20, 0x63, 0x9, 0x0,
    0xf9, 0xcc, 0x24, 0x64, 0x24, 0x80, 0x3f, 0x70,
    0x27, 0x81, 0xb0, 0x7, 0xf1, 0x40, 0x8, 0x70,
    0x7, 0xfc, 0xe2, 0xc, 0x40, 0x1f, 0xfc, 0x3,
    0x1, 0x0, 0xff, 0xff, 0x80, 0x7f, 0xf7, 0xc0,

    /* U+03A6 "Φ" */
    0x0, 0xfa, 0xfe, 0x80, 0x3f, 0xfa, 0xd, 0x7e,
    0x80, 0xbd, 0x6a, 0x1, 0xe2, 0xd9, 0x40, 0xc,
    0x29, 0x58, 0x20, 0x11, 0x61, 0x3, 0xea, 0x2,
    0xeb, 0x1, 0xe0, 0x80, 0x38, 0x43, 0x20, 0x80,
    0x22, 0x9b, 0x2, 0xb0, 0x33, 0x4, 0x98, 0x7,
    0xc8, 0xe0, 0xa3, 0x60, 0x7, 0x0, 0xfe, 0xa0,
    0x3, 0x88, 0x8, 0x80, 0x3f, 0x88, 0x0, 0x20,
    0x1f, 0xfc, 0x4f, 0x10, 0x10, 0xf, 0xf1, 0x0,
    0x3a, 0xc0, 0xc, 0x1, 0xfd, 0x40, 0x4, 0x33,
    0x4, 0x98, 0x7, 0xc8, 0xe0, 0xa4, 0x1c, 0x21,
    0x90, 0x40, 0x11, 0x45, 0x80, 0xd8, 0x0, 0xb0,
    0x81, 0xf5, 0x1, 0x75, 0xc0, 0xf0, 0x40, 0x22,
    0xd9, 0x40, 0xe, 0x4a, 0xc2, 0x0, 0xf3, 0x5f,
    0xa0, 0x2f, 0xda, 0x80, 0x7f, 0xf2, 0x40,

    /* U+03A7 "Χ" */
    0x2, 0xff, 0x30, 0x7, 0xd1, 0xfc, 0x20, 0x4e,
    0x10, 0x20, 0x1c, 0x6e, 0x16, 0x20, 0x8, 0x21,
    0xb0, 0xe, 0xe0, 0x55, 0x0, 0x6e, 0x5, 0x50,
    0x5, 0x4, 0x36, 0x1, 0xc6, 0xc1, 0x62, 0x4,
    0xe1, 0x2, 0x1, 0xe9, 0x21, 0xb0, 0xe0, 0x46,
    0x0, 0xfd, 0x20, 0xb6, 0x61, 0x20, 0x1f, 0xc8,
    0xc0, 0x81, 0x24, 0x1, 0xfe, 0xa0, 0x1, 0x30,
    0x7, 0xfd, 0x0, 0x2, 0x30, 0xf, 0xf3, 0x20,
    0x18, 0x70, 0x7, 0xf0, 0xc8, 0x46, 0x89, 0x40,
    0x7, 0xea, 0x2, 0x71, 0x80, 0x72, 0x0, 0xf2,
    0xa0, 0x70, 0x1, 0x90, 0x38, 0x3, 0x86, 0xc1,
    0xcc, 0x2, 0x90, 0x37, 0x0, 0xd6, 0x25, 0x0,
    0x18, 0xa0, 0x20, 0x80, 0x8, 0xa1, 0xc0, 0x1e,
    0x73, 0x9, 0x0, 0x50, 0x31, 0x80, 0x7d, 0xc0,
    0x8a,

    /* U+03A8 "Ψ" */
    0xaf, 0xd0, 0xd, 0x7f, 0x40, 0x1b, 0xbe, 0x40,
    0x3f, 0xfe, 0xe2, 0x60, 0x1f, 0xfc, 0x11, 0x0,
    0x8, 0x10, 0x7, 0xff, 0x7, 0xf8, 0x0, 0x40,
    0x1f, 0xc6, 0x0, 0x34, 0x0, 0x20, 0x7, 0xf5,
    0x80, 0x14, 0x8c, 0x2c, 0x3, 0xf9, 0x81, 0x44,
    0x20, 0xa, 0x0, 0x3e, 0xa1, 0x9, 0x0, 0x23,
    0x3, 0xc8, 0x80, 0x43, 0x4a, 0xe, 0x60, 0x14,
    0xa8, 0x37, 0x20, 0x2f, 0x28, 0x34, 0x0, 0x75,
    0x48, 0x80, 0x71, 0x54, 0x80, 0x7c, 0xdd, 0xa6,
    0x9, 0xba, 0x50, 0xf, 0xf1, 0x38, 0x9, 0x0,
    0x7f, 0xf7, 0x0,

    /* U+03A9 "Ω" */
    0x0, 0xe3, 0x9d, 0xff, 0x75, 0x28, 0x7, 0xf4,
    0xe3, 0x10, 0x0, 0x56, 0xb0, 0x80, 0x3d, 0x6c,
    0x7, 0x5b, 0xab, 0x60, 0x3c, 0x20, 0xd, 0x8,
    0x11, 0x8a, 0x44, 0x49, 0xc1, 0x17, 0x80, 0x42,
    0xe0, 0xce, 0x1, 0xe3, 0xa0, 0x26, 0x0, 0x30,
    0x2, 0x0, 0x3f, 0x22, 0x2, 0x80, 0x18, 0x6,
    0x20, 0x1f, 0xda, 0x6, 0x0, 0x60, 0x50, 0xf,
    0xf1, 0x0, 0x8, 0x2, 0x10, 0xf, 0xf3, 0x80,
    0x4, 0x4, 0x4, 0x3, 0xfc, 0xe0, 0x2, 0x6,
    0x5, 0x0, 0xff, 0x18, 0x0, 0x43, 0xc0, 0xc4,
    0x3, 0xfa, 0xc1, 0x0, 0xa, 0x21, 0x0, 0x1f,
    0x90, 0xc3, 0x80, 0x28, 0x6, 0x50, 0xf, 0xd,
    0x2, 0x28, 0x4, 0xca, 0x14, 0x60, 0x18, 0x74,
    0x45, 0x40, 0x11, 0x12, 0x4c, 0x31, 0xc0, 0x7,
    0xe6, 0x14, 0x64, 0x22, 0xdd, 0x61, 0x80, 0x20,
    0x1, 0x42, 0x0, 0xbd, 0xd3, 0x80, 0x7f, 0xf1,
    0x80,

    /* U+03AA "Ϊ" */
    0xef, 0x70, 0x5f, 0xf0, 0x7, 0xf4, 0x41, 0x1,
    0xe2, 0x0, 0xce, 0x60, 0x4e, 0xe0, 0xf, 0xfa,
    0xbe, 0xc0, 0x3f, 0xff, 0xe0, 0x1f, 0xff, 0x40,

    /* U+03AB "Ϋ" */
    0x0, 0xc5, 0xfe, 0x30, 0x9f, 0xd0, 0xf, 0xfe,
    0x61, 0xc4, 0x8, 0x36, 0x2c, 0x3, 0xf0, 0xbb,
    0x84, 0x11, 0xd8, 0x3, 0xff, 0x93, 0x7f, 0x80,
    0x1f, 0x8b, 0xfc, 0xa1, 0x40, 0x6e, 0x1, 0xf7,
    0x2, 0x28, 0xc, 0x84, 0x10, 0x7, 0x39, 0x85,
    0x0, 0x4c, 0x81, 0xc0, 0x18, 0xa0, 0x24, 0x40,
    0x34, 0x81, 0xb8, 0x5, 0xc0, 0x8c, 0x1, 0xc5,
    0x1, 0x4, 0xc, 0x61, 0x20, 0x1f, 0x39, 0x84,
    0x8c, 0x84, 0x90, 0x7, 0xee, 0x4, 0xf0, 0x36,
    0x0, 0xfe, 0x28, 0x1, 0xe, 0x0, 0xff, 0x9c,
    0x41, 0x88, 0x3, 0xff, 0x80, 0x60, 0x20, 0x1f,
    0xff, 0xf0, 0xf, 0xfe, 0xf8,

    /* U+03AC "ά" */
    0x0, 0xf8, 0x61, 0xc0, 0x3f, 0xea, 0x70, 0xf,
    0xf9, 0x91, 0xe, 0x1, 0xfc, 0x32, 0x34, 0x1,
    0xfe, 0xa0, 0xd1, 0x0, 0xfe, 0x13, 0xa3, 0x0,
    0xff, 0xc, 0x28, 0x7, 0xf9, 0xf7, 0xfa, 0xcc,
    0x1, 0xde, 0x20, 0xc, 0x82, 0x1, 0x4c, 0x33,
    0xa, 0x8, 0x51, 0x8e, 0x7f, 0x28, 0x7d, 0x86,
    0x81, 0x28, 0x41, 0x80, 0xd0, 0x1b, 0x3, 0x82,
    0x0, 0x18, 0x3, 0x28, 0x9, 0x88, 0x78, 0x18,
    0x7, 0x68, 0x2, 0xc0, 0x6, 0xc, 0x1, 0xc6,
    0x0, 0x50, 0xc, 0x60, 0x1c, 0xc0, 0x24, 0x0,
    0x30, 0x20, 0xe, 0x40, 0xe, 0xf0, 0x50, 0xe,
    0xa0, 0x11, 0x0, 0x10, 0x5, 0x0, 0x22, 0x30,
    0x2, 0x80, 0x9, 0x2, 0x8c, 0x7, 0x80, 0x82,
    0x0, 0x2a, 0x11, 0x67, 0x70, 0xcb, 0x4, 0xfe,
    0x40, 0x7d, 0xc8, 0x40, 0xfc, 0x74, 0xc0, 0xc0,

    /* U+03AD "έ" */
    0x0, 0xf9, 0x21, 0x40, 0x3e, 0x3b, 0x67, 0x0,
    0xfb, 0x83, 0x48, 0x3, 0xd4, 0x54, 0x60, 0x1e,
    0x55, 0x3a, 0x80, 0x7c, 0xbf, 0x0, 0x1f, 0xfc,
    0x52, 0x9d, 0xff, 0x6d, 0xb8, 0x1, 0x75, 0x88,
    0x0, 0x49, 0x20, 0xb, 0x4, 0xcf, 0xfb, 0x20,
    0x0, 0x21, 0x46, 0x1, 0x1b, 0x0, 0x4, 0x20,
    0x40, 0x3e, 0xa0, 0x6e, 0xe6, 0xd0, 0x6, 0x4c,
    0x20, 0x12, 0x60, 0xc, 0xd8, 0x37, 0xdf, 0x80,
    0x11, 0x48, 0xe2, 0x8, 0x7, 0x20, 0x28, 0x7,
    0xe3, 0x5, 0x0, 0xfc, 0x80, 0x38, 0x60, 0x11,
    0x3a, 0xd, 0x1, 0xe7, 0xf7, 0xec, 0x8, 0x2e,
    0xb1, 0x0, 0x88, 0xdd, 0x0,

    /* U+03AE "ή" */
    0x0, 0xf9, 0xbf, 0x0, 0x3f, 0x14, 0x8e, 0x80,
    0x7e, 0xf0, 0xd1, 0x0, 0xfa, 0x4a, 0x8c, 0x3,
    0xe1, 0xea, 0x50, 0xf, 0xc2, 0xea, 0x1, 0xdb,
    0xea, 0x11, 0xbf, 0xd4, 0x40, 0x18, 0xf5, 0xc8,
    0x5, 0x70, 0x40, 0x28, 0xb, 0xff, 0x50, 0xc,
    0x0, 0x43, 0xe8, 0x0, 0x58, 0x7, 0x0, 0x94,
    0x80, 0x32, 0x80, 0x88, 0x1, 0xa0, 0x1c, 0x40,
    0x3, 0x0, 0x10, 0x7, 0xff, 0xfc, 0x3, 0xff,
    0x8d, 0xbe, 0xa0, 0x1f, 0xfe, 0xd0,

    /* U+03AF "ί" */
    0x0, 0xdb, 0xea, 0x1, 0x51, 0x3a, 0x80, 0x15,
    0x68, 0x0, 0x15, 0x1d, 0x0, 0x4f, 0x1a, 0x1,
    0x95, 0xc4, 0x3, 0x7f, 0x88, 0x3, 0xff, 0xee,
    0x20, 0xc0, 0x19, 0x43, 0x80, 0x37, 0x82, 0xff,
    0x20, 0x25, 0x98, 0x8, 0x0,

    /* U+03B0 "ΰ" */
    0x0, 0xf3, 0x7e, 0x80, 0x7e, 0x18, 0xf, 0x0,
    0xfd, 0x43, 0x44, 0x1, 0xf2, 0xa3, 0x28, 0x7,
    0xc3, 0x67, 0x20, 0x1f, 0x87, 0xb0, 0x3, 0xe2,
    0xff, 0x18, 0x4f, 0xe0, 0x7, 0xff, 0x10, 0xe2,
    0x4, 0x1b, 0x12, 0x1, 0x85, 0xdc, 0x20, 0x8e,
    0xa0, 0x1f, 0xfc, 0x34, 0xff, 0x0, 0x63, 0xfe,
    0x0, 0xfe, 0x36, 0x18, 0x7, 0x0, 0xfa, 0xc1,
    0x80, 0x3f, 0x88, 0x44, 0x60, 0x1f, 0xca, 0xa,
    0x1, 0xff, 0x8, 0x7, 0xf3, 0x80, 0x7f, 0xc6,
    0x4, 0x1, 0xf8, 0xc0, 0xe, 0x20, 0x1f, 0x50,
    0x11, 0x40, 0x3, 0x0, 0x89, 0x82, 0xc0, 0x8,
    0x1e, 0x20, 0x7e, 0x6, 0xc0, 0x9, 0x13, 0xef,
    0xc2, 0x3d, 0x0, 0x8b, 0x14, 0x40, 0xa3, 0x4,
    0x0,

    /* U+03B1 "α" */
    0x0, 0x9f, 0x7f, 0xac, 0xc0, 0x1d, 0xe2, 0x0,
    0xc8, 0x20, 0x14, 0xc3, 0x30, 0xa0, 0x85, 0x18,
    0xe7, 0xf2, 0x87, 0xd8, 0x68, 0x12, 0x84, 0x18,
    0xd, 0x1, 0xb0, 0x38, 0x20, 0x1, 0x80, 0x32,
    0x80, 0x98, 0x87, 0x81, 0x80, 0x76, 0x80, 0x2c,
    0x0, 0x60, 0xc0, 0x1c, 0x60, 0x5, 0x0, 0xc6,
    0x1, 0xcc, 0x2, 0x40, 0x3, 0x2, 0x0, 0xe4,
    0x0, 0xef, 0x5, 0x0, 0xea, 0x1, 0x10, 0x1,
    0x0, 0x50, 0x2, 0x23, 0x0, 0x28, 0x0, 0x90,
    0x28, 0xc0, 0x78, 0x8, 0x20, 0x2, 0xa1, 0x16,
    0x77, 0xc, 0xb0, 0x4f, 0xe4, 0x7, 0xdc, 0x84,
    0xf, 0xc7, 0x4c, 0xc,

    /* U+03B2 "β" */
    0x0, 0x2e, 0x7f, 0xba, 0x8c, 0x3, 0x45, 0x18,
    0x10, 0xae, 0x28, 0x0, 0xdc, 0x1f, 0xf7, 0xdc,
    0x2c, 0x1, 0x60, 0x50, 0x1, 0x40, 0x88, 0xc0,
    0xc1, 0x40, 0x38, 0x81, 0xc0, 0x2f, 0x0, 0xe2,
    0x7, 0x7, 0x1, 0x0, 0xca, 0x20, 0x40, 0x1e,
    0x17, 0xa0, 0x51, 0x0, 0xef, 0xe8, 0x3, 0xb0,
    0xf, 0xf1, 0xc8, 0x7, 0xbf, 0xad, 0x81, 0xe8,
    0x3, 0xc2, 0x93, 0x60, 0xa6, 0x1, 0xf9, 0x10,
    0x8, 0x1, 0xfc, 0x21, 0xc0, 0x1f, 0xc2, 0x1c,
    0x0, 0xa0, 0xe, 0x14, 0x3, 0x0, 0x1e, 0x18,
    0x0, 0xf4, 0x5, 0x0, 0x23, 0xcf, 0xf6, 0x18,
    0x68, 0x4, 0xec, 0x40, 0x2, 0x6d, 0x30, 0xb,
    0xa7, 0x7f, 0xdb, 0x24, 0x1, 0xff, 0xe6,

    /* U+03B3 "γ" */
    0xaf, 0xb2, 0x0, 0xfb, 0xfc, 0x86, 0x9, 0xe0,
    0x1e, 0x60, 0x14, 0x9e, 0x12, 0x50, 0xe, 0xa0,
    0x60, 0x0, 0xc0, 0x70, 0x6, 0x23, 0xa, 0x0,
    0x9c, 0x10, 0x3, 0x50, 0x19, 0x0, 0x42, 0x80,
    0xa0, 0x13, 0x4, 0x80, 0x76, 0x87, 0x0, 0x10,
    0x41, 0x40, 0x39, 0xc1, 0x4, 0x38, 0x18, 0x3,
    0xc2, 0x80, 0xe2, 0xa1, 0x40, 0x1f, 0x68, 0x6b,
    0x1, 0x18, 0x7, 0xce, 0x9, 0x41, 0x40, 0x1f,
    0x85, 0x0, 0x81, 0x80, 0x3f, 0xb4, 0x0, 0xa2,
    0x1, 0xfc, 0xe0, 0xe, 0x0, 0xff, 0x8, 0x1,
    0xc0, 0x3f, 0xfe, 0x20,

    /* U+03B4 "δ" */
    0x0, 0x9f, 0x3b, 0xfd, 0xb4, 0x60, 0x1b, 0x20,
    0xc4, 0x62, 0x5f, 0x0, 0x90, 0xc2, 0xff, 0xb9,
    0xfb, 0x20, 0x10, 0x80, 0xa0, 0x6, 0x25, 0x0,
    0x90, 0x45, 0xd0, 0x60, 0x1f, 0xe, 0x8, 0x93,
    0x3e, 0xd0, 0x3, 0xac, 0x37, 0x3f, 0x1a, 0xe4,
    0x2, 0x76, 0xa2, 0x0, 0x1e, 0x93, 0x30, 0x6,
    0x5, 0x0, 0x3a, 0x2, 0x1, 0xc1, 0x40, 0x3c,
    0xa0, 0x27, 0xe0, 0x40, 0x1f, 0x8, 0x31, 0x81,
    0x80, 0x7c, 0x20, 0x3, 0x1, 0x0, 0xf0, 0x80,
    0x7, 0xc1, 0x0, 0x3c, 0x80, 0x5, 0x70, 0x4,
    0x0, 0x74, 0x1, 0x88, 0x9c, 0x1d, 0xc0, 0x1,
    0xb2, 0x8, 0x0, 0x42, 0x84, 0x7f, 0x71, 0x2,
    0x50, 0x2, 0xaa, 0x20, 0x8c, 0xb8, 0xc0, 0x0,

    /* U+03B5 "ε" */
    0x0, 0x14, 0xef, 0xfb, 0x6d, 0xc0, 0xb, 0xac,
    0x40, 0x2, 0x49, 0x0, 0x58, 0x26, 0x7f, 0xd9,
    0x0, 0x1, 0xa, 0x30, 0x8, 0xd8, 0x0, 0x21,
    0x2, 0x1, 0xf5, 0x3, 0x77, 0x36, 0x80, 0x32,
    0x61, 0x0, 0x93, 0x0, 0x66, 0xc1, 0xbe, 0xfc,
    0x0, 0x8a, 0x47, 0x10, 0x40, 0x39, 0x1, 0x40,
    0x3f, 0x18, 0x28, 0x7, 0xe4, 0x1, 0xc3, 0x0,
    0x89, 0xd0, 0x68, 0xf, 0x3f, 0xbf, 0x60, 0x41,
    0x75, 0x88, 0x4, 0x46, 0xe8,

    /* U+03B6 "ζ" */
    0x4f, 0xff, 0xee, 0x0, 0xff, 0x96, 0xef, 0x90,
    0x2, 0x91, 0x44, 0x97, 0xd0, 0x17, 0x9c, 0x2,
    0x2f, 0x41, 0xaa, 0x8, 0x4, 0x38, 0x25, 0x8a,
    0x1, 0xda, 0x25, 0x84, 0x1, 0xce, 0x61, 0xe2,
    0x1, 0xe9, 0x8, 0x20, 0xf, 0x28, 0x89, 0xc0,
    0x3e, 0xc0, 0x40, 0xf, 0xc4, 0x1a, 0x1, 0xff,
    0xc7, 0x10, 0xf0, 0xf, 0xda, 0x8, 0x1, 0xf9,
    0x40, 0xd4, 0x3, 0xe2, 0x60, 0xa8, 0x20, 0xf,
    0x4a, 0x83, 0xef, 0xed, 0x98, 0x5, 0x56, 0xa4,
    0x4, 0x98, 0x40, 0x12, 0x56, 0xff, 0x94, 0x20,
    0x3, 0xf7, 0x3, 0x0, 0x7e, 0xc0, 0x60, 0xf,
    0xb5, 0xc2, 0x40, 0x3f, 0x1d, 0x98,

    /* U+03B7 "η" */
    0xdf, 0x50, 0x8d, 0xfe, 0xa2, 0x0, 0xc7, 0xae,
    0x40, 0x2b, 0x82, 0x1, 0x40, 0x5f, 0xfa, 0x80,
    0x60, 0x2, 0x1f, 0x40, 0x2, 0xc0, 0x38, 0x4,
    0xa4, 0x1, 0x94, 0x4, 0x40, 0xd, 0x0, 0xe2,
    0x0, 0x18, 0x0, 0x80, 0x3f, 0xff, 0xe0, 0x1f,
    0xfc, 0x6d, 0xf5, 0x0, 0xff, 0xf6, 0x80,

    /* U+03B8 "θ" */
    0x0, 0x8a, 0xbb, 0xf6, 0x0, 0x3c, 0x9a, 0xa2,
    0x44, 0x7d, 0x10, 0x8, 0x68, 0x1f, 0xf7, 0x8c,
    0xa8, 0x2, 0x81, 0x48, 0x0, 0xe, 0x8a, 0x20,
    0x0, 0xe1, 0xe0, 0x18, 0x5c, 0x38, 0xc, 0x41,
    0x0, 0x3b, 0x1, 0x41, 0x40, 0xc0, 0x3c, 0xe0,
    0x2, 0xf0, 0x70, 0xf, 0x10, 0x1, 0x8c, 0x13,
    0xff, 0xe0, 0x0, 0x80, 0x7f, 0xf0, 0xd7, 0xbb,
    0xe0, 0x8, 0xc0, 0x47, 0xf0, 0x0, 0x7c, 0x18,
    0x3, 0xc4, 0x0, 0x65, 0x2, 0x0, 0xf3, 0x80,
    0x91, 0x88, 0x20, 0x7, 0x78, 0x20, 0x1, 0x82,
    0x0, 0x31, 0x28, 0x70, 0x2, 0x44, 0xe4, 0x0,
    0x5c, 0x8, 0x80, 0x0, 0xd0, 0x37, 0xf6, 0x99,
    0x50, 0x6, 0x4d, 0x51, 0x11, 0x3e, 0x88, 0x0,

    /* U+03B9 "ι" */
    0xf, 0xf1, 0x0, 0x7f, 0xfd, 0xc4, 0x18, 0x3,
    0x28, 0x70, 0x6, 0xf0, 0x5f, 0xe4, 0x4, 0xb3,
    0x1, 0x0,

    /* U+03BA "κ" */
    0xcf, 0x70, 0xc, 0xbf, 0xe4, 0x0, 0xf9, 0x68,
    0x2d, 0x0, 0x3c, 0xb4, 0x14, 0x80, 0x1e, 0x4a,
    0xa, 0x50, 0xf, 0x25, 0x85, 0x28, 0x7, 0xb2,
    0xc0, 0xd4, 0x3, 0xe4, 0x0, 0x1b, 0x0, 0x7e,
    0xa8, 0x9, 0x20, 0xf, 0x3a, 0xb9, 0x87, 0x0,
    0x7b, 0xc0, 0x1c, 0x6, 0xe0, 0x1f, 0x8a, 0x42,
    0x8, 0x3, 0xf3, 0x18, 0x78, 0x7, 0xf7, 0x1,
    0x40, 0x7, 0xe2, 0x90, 0x73,

    /* U+03BB "λ" */
    0x0, 0x2f, 0xfb, 0xc, 0x3, 0xf8, 0x44, 0x7,
    0x84, 0x1, 0xf9, 0x3b, 0x84, 0x16, 0x1, 0xfe,
    0x1b, 0x7, 0x0, 0xff, 0x98, 0x5, 0x0, 0x3f,
    0xe5, 0xe, 0x0, 0xff, 0x98, 0x14, 0x3, 0xfc,
    0x86, 0x0, 0x50, 0xf, 0xef, 0x0, 0xb8, 0x3,
    0xf1, 0x20, 0x40, 0x20, 0x80, 0x7d, 0x60, 0x6e,
    0x40, 0xc0, 0x1f, 0x30, 0x48, 0x28, 0x58, 0x7,
    0x9c, 0x5, 0x42, 0x80, 0xc8, 0x3, 0xa8, 0x24,
    0x0, 0x46, 0x14, 0x1, 0x94, 0x81, 0xc0, 0x2a,
    0x5, 0x0, 0xd2, 0xc, 0x1, 0x9c, 0x8, 0xc0,
    0x6, 0x60, 0xb0, 0xc, 0x28, 0x14, 0x0, 0x90,
    0x52, 0x0, 0xee, 0x7, 0x1, 0x50, 0x90, 0xf,
    0x28, 0xa, 0x0,

    /* U+03BC "μ" */
    0xff, 0x18, 0x7, 0x17, 0xf8, 0x3, 0xff, 0xfe,
    0x1, 0xff, 0xce, 0x10, 0xf, 0x30, 0x7, 0x30,
    0x7, 0xbc, 0x3, 0xb8, 0x3, 0xcb, 0x2, 0x3,
    0x28, 0x0, 0x31, 0x0, 0x23, 0xf7, 0xf3, 0x28,
    0x86, 0x58, 0x2, 0x20, 0x40, 0x2f, 0x56, 0x22,
    0xc0, 0x9, 0xf7, 0xfa, 0x1, 0x7b, 0x8c, 0x1,
    0xff, 0xe8,

    /* U+03BD "ν" */
    0xf, 0xf2, 0x80, 0x66, 0xfb, 0x0, 0x90, 0x30,
    0x3, 0x31, 0xa2, 0x0, 0x1a, 0xe, 0x1, 0xd4,
    0x1e, 0x0, 0x40, 0x13, 0x0, 0xce, 0x8, 0x0,
    0x22, 0x2, 0x0, 0x61, 0x0, 0x18, 0x1, 0x42,
    0xc0, 0x3f, 0xd8, 0x6, 0x20, 0x11, 0x80, 0x8,
    0x0, 0x80, 0x4, 0x0, 0xa8, 0x8, 0x40, 0x24,
    0xf, 0x0, 0x13, 0x5, 0x80, 0x6d, 0x4, 0x0,
    0x48, 0x1b, 0x0, 0x64, 0x1, 0x36, 0x40, 0xe0,
    0xe, 0x22, 0x4, 0x48, 0x51, 0x0, 0x79, 0x41,
    0x1, 0xd4, 0x3, 0xec, 0x0, 0x2c, 0x0, 0x60,

    /* U+03BE "ξ" */
    0xf, 0xff, 0xe4, 0x0, 0xff, 0xe1, 0x5b, 0x80,
    0x9, 0xa6, 0xad, 0x40, 0x2, 0xe3, 0x7b, 0x2c,
    0xa8, 0x20, 0xb, 0xd, 0x40, 0xf, 0x84, 0x63,
    0x0, 0xfc, 0x20, 0x24, 0x1, 0xfc, 0xc1, 0xb2,
    0x84, 0x1, 0xe9, 0x71, 0x6b, 0xdf, 0xf0, 0x80,
    0x6b, 0x40, 0xf, 0xe6, 0xc5, 0x39, 0xce, 0xf1,
    0x0, 0x14, 0x84, 0xe3, 0x18, 0x80, 0x6b, 0x4,
    0x60, 0xf, 0xc4, 0x18, 0x1, 0xfc, 0x21, 0xe0,
    0x1f, 0xda, 0xc, 0x20, 0x1f, 0x98, 0x45, 0x8c,
    0x40, 0x1e, 0x1d, 0x12, 0x9d, 0xff, 0x62, 0x80,
    0x47, 0xd2, 0xa4, 0x0, 0x3a, 0x60, 0xc, 0xd5,
    0xbf, 0xe7, 0xb, 0x0, 0xfe, 0x90, 0x20, 0xf,
    0xe7, 0x2, 0x0, 0xfd, 0x52, 0x16, 0x1, 0xfc,
    0x52, 0xc0,

    /* U+03BF "ο" */
    0x0, 0x96, 0xfb, 0xfa, 0x88, 0x3, 0xaa, 0x88,
    0x23, 0x2e, 0xb0, 0x5, 0xa, 0x11, 0xfd, 0xc4,
    0x9, 0x30, 0x17, 0x8, 0x70, 0x0, 0xd9, 0x84,
    0x2, 0x0, 0x1c, 0x3, 0xa0, 0x10, 0x74, 0x10,
    0x3, 0xc8, 0x0, 0x52, 0x2, 0x0, 0xfe, 0x10,
    0x1, 0x80, 0x7f, 0x88, 0x18, 0x3, 0xf8, 0x74,
    0xc, 0x40, 0x39, 0x0, 0xa, 0x80, 0x9, 0x0,
    0xe8, 0x4, 0x11, 0x38, 0x3b, 0x80, 0x3, 0x66,
    0x10, 0x0, 0x85, 0x8, 0xfe, 0xe2, 0x4, 0x98,
    0x5, 0x54, 0x41, 0x19, 0x75, 0x80, 0x0,

    /* U+03C0 "π" */
    0x2f, 0xff, 0xfe, 0x3, 0x80, 0x7f, 0xf0, 0x8a,
    0xd8, 0xa, 0xef, 0x38, 0x15, 0xb0, 0x27, 0x0,
    0xa2, 0x6e, 0x1, 0x41, 0x0, 0xff, 0xff, 0x80,
    0x7f, 0xf5, 0xc, 0xc, 0x3, 0xfe, 0x70, 0x7,
    0xd0, 0x7, 0xf1, 0x40, 0x83, 0x0,

    /* U+03C1 "ρ" */
    0x0, 0x9b, 0x7f, 0xdd, 0x22, 0x1, 0xaa, 0x48,
    0x46, 0x6f, 0x10, 0x4, 0xa8, 0xdf, 0x73, 0x4,
    0x5a, 0x4, 0xc1, 0xa8, 0x0, 0x3c, 0x3, 0x45,
    0x4, 0x30, 0xc, 0x48, 0x1b, 0xa0, 0xc0, 0xf,
    0x60, 0x2b, 0x1, 0x0, 0x78, 0x80, 0x80, 0x3f,
    0xf8, 0x2, 0x4, 0x1, 0xe2, 0x2, 0x0, 0x60,
    0x7, 0xb0, 0x14, 0x0, 0x86, 0x1, 0x89, 0x3,
    0x40, 0x2d, 0x40, 0x1, 0xe0, 0x1a, 0x0, 0x24,
    0x2f, 0xfd, 0x82, 0x2d, 0x0, 0x8f, 0xd8, 0x40,
    0x5b, 0xc4, 0x3, 0xc, 0xf7, 0xf4, 0x88, 0x7,
    0xff, 0x98,

    /* U+03C2 "ς" */
    0x0, 0x8a, 0x77, 0xfb, 0x60, 0x80, 0xf, 0xac,
    0x40, 0x24, 0xf2, 0xd, 0x0, 0xbb, 0xfe, 0xe9,
    0x30, 0x80, 0x6a, 0x20, 0x0, 0xb4, 0x28, 0x84,
    0x0, 0x7d, 0xa0, 0x82, 0x1, 0xf1, 0x1, 0x0,
    0x7f, 0xf1, 0xc8, 0x8, 0x3, 0xf6, 0x82, 0x8,
    0x7, 0xca, 0x21, 0x0, 0x1f, 0xa0, 0x1a, 0x88,
    0x3, 0xcd, 0x0, 0xbb, 0xfb, 0x0, 0x19, 0xf1,
    0x88, 0x9, 0xec, 0x3, 0x1c, 0xef, 0xe8, 0xa1,
    0x80, 0x7c, 0x48, 0xa, 0x1, 0xf0, 0xb8, 0x10,
    0x7, 0x93, 0x88, 0xd0, 0x3, 0xe1, 0x5d, 0x0,

    /* U+03C3 "σ" */
    0x0, 0x9f, 0x3f, 0xff, 0x40, 0xe, 0xc1, 0x89,
    0x80, 0x7e, 0xb2, 0xb, 0xec, 0xf7, 0x0, 0x45,
    0xd1, 0x28, 0x4a, 0x0, 0x50, 0x81, 0x88, 0x48,
    0x2, 0xc0, 0x1d, 0xe0, 0x82, 0x1e, 0xa, 0x1,
    0xe4, 0x0, 0x28, 0x18, 0x10, 0x7, 0xc2, 0x2,
    0x1, 0x18, 0x7, 0xc2, 0x1, 0x10, 0x8, 0x7,
    0x84, 0x0, 0xc1, 0xa0, 0x80, 0x1e, 0x40, 0x1,
    0x82, 0x80, 0x20, 0x3, 0xa4, 0x10, 0x2, 0x80,
    0x77, 0x0, 0x6, 0xcc, 0x24, 0x2, 0x76, 0x8,
    0xfe, 0xe2, 0x5, 0x10, 0x6, 0x9a, 0x41, 0x19,
    0x75, 0x40, 0x20,

    /* U+03C4 "τ" */
    0xdf, 0xff, 0xf9, 0x0, 0x3f, 0xf8, 0x3d, 0x77,
    0x84, 0x22, 0xef, 0x29, 0xa2, 0x60, 0x1, 0xa2,
    0x61, 0x0, 0xff, 0xff, 0x80, 0x7e, 0x20, 0x20,
    0xf, 0xf2, 0x85, 0x8, 0x7, 0xf5, 0x81, 0xf7,
    0x18, 0x3, 0xe2, 0xc4, 0x1, 0x0, 0x80,

    /* U+03C5 "υ" */
    0x4f, 0xf0, 0x6, 0x3f, 0xe0, 0xf, 0xe3, 0x61,
    0x80, 0x70, 0xf, 0xac, 0x18, 0x3, 0xf8, 0x84,
    0x46, 0x1, 0xfc, 0xa0, 0xa0, 0x1f, 0xf0, 0x80,
    0x7f, 0x38, 0x7, 0xfc, 0x60, 0x40, 0x1f, 0x8c,
    0x0, 0xe2, 0x1, 0xf5, 0x1, 0x14, 0x0, 0x30,
    0x8, 0x98, 0x2c, 0x0, 0x81, 0xe2, 0x7, 0xe0,
    0x6c, 0x0, 0x91, 0x3e, 0xfc, 0x23, 0xd0, 0x8,
    0xb1, 0x44, 0xa, 0x30, 0x40, 0x0,

    /* U+03C6 "φ" */
    0x0, 0x9f, 0x40, 0x6f, 0xf5, 0xc0, 0x30, 0xe4,
    0x10, 0x52, 0x1, 0x45, 0x80, 0x56, 0x61, 0x40,
    0x81, 0xb4, 0x8, 0xe0, 0x4a, 0x10, 0xa4, 0x0,
    0x25, 0x70, 0x90, 0x40, 0x3, 0x80, 0x80, 0x6a,
    0x1, 0x3f, 0x3, 0x0, 0xf8, 0x84, 0x18, 0xc1,
    0x80, 0x3f, 0x18, 0x18, 0x7, 0xff, 0x8, 0xc0,
    0x40, 0x3f, 0x10, 0x1e, 0x2, 0x0, 0x7c, 0x40,
    0x7, 0x40, 0x3, 0x80, 0x7a, 0x0, 0xc8, 0x5c,
    0x21, 0x80, 0x21, 0xa5, 0x8, 0x0, 0x42, 0x4,
    0xe0, 0x3, 0x94, 0x21, 0x0, 0x2b, 0x93, 0x0,
    0xc9, 0x6e, 0x1, 0xcd, 0x98, 0x0, 0x7d, 0xa0,
    0x7, 0xff, 0xbc,

    /* U+03C7 "χ" */
    0x5f, 0xea, 0x20, 0xe, 0xaf, 0xe0, 0x11, 0x97,
    0x0, 0x31, 0x28, 0x40, 0x27, 0x69, 0xb, 0x80,
    0x52, 0x4, 0xc0, 0x11, 0x40, 0x50, 0x0, 0xd0,
    0x20, 0x3, 0x94, 0x48, 0x81, 0xe0, 0x6a, 0x1,
    0xe7, 0xa, 0x43, 0x8, 0x0, 0xfa, 0x81, 0xa0,
    0xd, 0x0, 0x3e, 0x32, 0x13, 0xf, 0x0, 0xfe,
    0xa0, 0x2, 0x18, 0x7, 0xf0, 0x80, 0x20, 0x3,
    0xfd, 0x60, 0x5, 0x0, 0xfe, 0x62, 0x0, 0x50,
    0x7, 0xf4, 0x2, 0x81, 0x90, 0x7, 0xce, 0x21,
    0x6a, 0xa, 0x1, 0xf4, 0x83, 0xf, 0x5, 0x0,
    0x79, 0xc4, 0x20, 0x10, 0x48, 0xc0, 0x30, 0xc0,
    0x38, 0x80, 0x1c, 0x38, 0x80, 0x29, 0x0, 0x48,
    0x5, 0x0, 0x5b, 0xe4, 0x2e, 0x10, 0x20, 0x10,
    0xe2, 0x8, 0x0,

    /* U+03C8 "ψ" */
    0xbf, 0x80, 0x1, 0xff, 0x80, 0x2b, 0xf7, 0x0,
    0xff, 0xff, 0x80, 0x7f, 0xf2, 0xc4, 0x3, 0xfc,
    0xe0, 0x24, 0x4, 0x1, 0xf8, 0x80, 0xf0, 0x14,
    0x40, 0x3c, 0xa2, 0x8, 0x82, 0xc, 0x50, 0x8,
    0x5a, 0x81, 0x84, 0x3c, 0x89, 0x58, 0x0, 0xe9,
    0x4, 0x90, 0x1, 0x6c, 0x98, 0x6, 0x5b, 0xb0,
    0x7, 0x36, 0x60, 0x1, 0xf4, 0x80, 0x1f, 0xfe,
    0xf0,

    /* U+03C9 "ω" */
    0x0, 0x67, 0xc0, 0x7, 0xe7, 0xfd, 0x0, 0x8c,
    0xc1, 0x40, 0x1f, 0x98, 0x9, 0x0, 0x14, 0x6,
    0x40, 0x1f, 0x84, 0xc3, 0x80, 0xe, 0x8, 0x1,
    0xfe, 0xb0, 0x40, 0x21, 0xc, 0x0, 0xff, 0x18,
    0x9, 0x38, 0x1, 0x80, 0x33, 0xb8, 0x3, 0x28,
    0x1, 0xcc, 0x0, 0x60, 0x1a, 0x20, 0x1, 0x84,
    0x0, 0x60, 0x1f, 0xe1, 0x0, 0xf8, 0xc0, 0x6,
    0x1, 0x10, 0x0, 0xc0, 0x21, 0x0, 0x1b, 0x80,
    0x18, 0x2, 0x70, 0x3, 0x80, 0x4a, 0x0, 0x62,
    0x10, 0xd0, 0xb, 0x0, 0x1e, 0x1, 0x60, 0x0,
    0xc1, 0xc1, 0x90, 0xd, 0x91, 0xa, 0x80, 0x8e,
    0xc, 0x0, 0x82, 0xb, 0xfc, 0xf, 0xf0, 0x5f,
    0xd8, 0xc, 0x0, 0x7, 0x18, 0x40, 0xa9, 0x11,
    0x44, 0x2, 0xde, 0x20,

    /* U+03CA "ϊ" */
    0xff, 0x38, 0x2f, 0xf8, 0x3, 0xfa, 0x20, 0x80,
    0xf1, 0x0, 0x77, 0x18, 0x13, 0xb8, 0x3, 0xfe,
    0xef, 0x50, 0xf, 0xfe, 0x9, 0x80, 0x7f, 0xfc,
    0xd8, 0x8, 0x3, 0x8c, 0x2c, 0x40, 0x34, 0x81,
    0xf7, 0x18, 0x0, 0x38, 0x80, 0x22,

    /* U+03CB "ϋ" */
    0x2, 0xff, 0x18, 0x4f, 0xe8, 0x7, 0xff, 0x10,
    0xe2, 0x4, 0x1b, 0x16, 0x1, 0x85, 0xdc, 0x20,
    0x8e, 0xc0, 0x1f, 0xfc, 0x34, 0xff, 0x0, 0x63,
    0xfe, 0x0, 0xfe, 0x36, 0x18, 0x7, 0x0, 0xfa,
    0xc1, 0x80, 0x3f, 0x88, 0x44, 0x60, 0x1f, 0xca,
    0xa, 0x1, 0xff, 0x8, 0x7, 0xf3, 0x80, 0x7f,
    0xc6, 0x4, 0x1, 0xf8, 0xc0, 0xe, 0x20, 0x1f,
    0x50, 0x11, 0x40, 0x3, 0x0, 0x89, 0x82, 0xc0,
    0x8, 0x1e, 0x20, 0x7e, 0x6, 0xc0, 0x9, 0x13,
    0xef, 0xc2, 0x3d, 0x0, 0x8b, 0x14, 0x40, 0xa3,
    0x4, 0x0,

    /* U+03CC "ό" */
    0x0, 0xfc, 0xf0, 0x20, 0x1f, 0xd5, 0x2, 0x20,
    0xf, 0xca, 0xa4, 0x90, 0xf, 0xc5, 0x45, 0x60,
    0x1f, 0xdc, 0x38, 0x1, 0xfe, 0xce, 0x10, 0xf,
    0xfe, 0x4a, 0xdf, 0x7f, 0x51, 0x0, 0x75, 0x51,
    0x4, 0x65, 0xd6, 0x0, 0xa1, 0x42, 0x3f, 0xb8,
    0x81, 0x26, 0x2, 0xe1, 0xe, 0x0, 0x1b, 0x30,
    0x80, 0x40, 0x3, 0x80, 0x74, 0x2, 0xe, 0x82,
    0x0, 0x79, 0x0, 0xa, 0x40, 0x40, 0x1f, 0xc2,
    0x0, 0x30, 0xf, 0xf1, 0x3, 0x0, 0x7f, 0xe,
    0x81, 0x88, 0x7, 0x20, 0x1, 0x50, 0x1, 0x20,
    0x1d, 0x0, 0x82, 0x27, 0x7, 0x70, 0x0, 0x6c,
    0xc2, 0x0, 0x10, 0xa1, 0x1f, 0xdc, 0x40, 0x93,
    0x0, 0xaa, 0x88, 0x23, 0x2e, 0xb0, 0x0,

    /* U+03CD "ύ" */
    0x0, 0xf0, 0xbb, 0x84, 0x3, 0xf5, 0x47, 0x88,
    0x7, 0xcc, 0x8b, 0x0, 0x1f, 0x14, 0x9d, 0x0,
    0x7e, 0xf1, 0xd0, 0xf, 0xed, 0xe1, 0x0, 0xff,
    0xe2, 0xa7, 0xf8, 0x3, 0x1f, 0xf0, 0x7, 0xf1,
    0xb0, 0xc0, 0x38, 0x7, 0xd6, 0xc, 0x1, 0xfc,
    0x42, 0x23, 0x0, 0xfe, 0x50, 0x50, 0xf, 0xf8,
    0x40, 0x3f, 0x9c, 0x3, 0xfe, 0x30, 0x20, 0xf,
    0xc6, 0x0, 0x71, 0x0, 0xfa, 0x80, 0x8a, 0x0,
    0x18, 0x4, 0x4c, 0x16, 0x0, 0x40, 0xf1, 0x3,
    0xf0, 0x36, 0x0, 0x48, 0x9f, 0x7e, 0x11, 0xe8,
    0x4, 0x58, 0xa2, 0x5, 0x18, 0x20, 0x0,

    /* U+03CE "ώ" */
    0x0, 0xff, 0x24, 0x30, 0x7, 0xff, 0x8, 0x69,
    0xd4, 0x3, 0xff, 0x85, 0xa3, 0x46, 0x1, 0xff,
    0xc1, 0x83, 0x85, 0x0, 0xff, 0xe0, 0xa3, 0xb3,
    0x80, 0x7f, 0xf0, 0x93, 0xe4, 0x3, 0xff, 0xa1,
    0x9f, 0x0, 0x1f, 0x9f, 0xf4, 0x2, 0x33, 0x5,
    0x0, 0x7e, 0x60, 0x24, 0x0, 0x50, 0x19, 0x0,
    0x7e, 0x13, 0xe, 0x0, 0x38, 0x20, 0x7, 0xfa,
    0xc1, 0x0, 0x84, 0x30, 0x3, 0xfc, 0x60, 0x24,
    0xe0, 0x6, 0x0, 0xce, 0xe0, 0xc, 0xa0, 0x7,
    0x30, 0x1, 0x80, 0x68, 0x80, 0x6, 0x10, 0x1,
    0x80, 0x7f, 0x84, 0x3, 0xe3, 0x0, 0x18, 0x4,
    0x40, 0x3, 0x0, 0x84, 0x0, 0x6e, 0x0, 0x60,
    0x9, 0xc0, 0xe, 0x1, 0x28, 0x1, 0x88, 0x43,
    0x40, 0x2c, 0x0, 0x78, 0x5, 0x80, 0x3, 0x7,
    0x6, 0x40, 0x36, 0x44, 0x2a, 0x2, 0x38, 0x30,
    0x2, 0x8, 0x2f, 0xf0, 0x3f, 0xc1, 0x7f, 0x60,
    0x30, 0x0, 0x1c, 0x61, 0x2, 0xa4, 0x45, 0x10,
    0xb, 0x78, 0x80,

    /* U+0400 "Ѐ" */
    0x0, 0xd3, 0xf0, 0x1, 0xfd, 0x28, 0xe8, 0x1,
    0xfd, 0x67, 0x42, 0x1, 0xfd, 0x9c, 0x20, 0x1f,
    0xfc, 0x3a, 0xff, 0xff, 0x30, 0x7, 0xff, 0x9,
    0x3b, 0xbf, 0x30, 0x4, 0x23, 0xf8, 0x3, 0xff,
    0xb6, 0x9f, 0xff, 0x84, 0x3, 0xff, 0x84, 0x9d,
    0xdf, 0x84, 0x2, 0x11, 0xfc, 0x1, 0xff, 0xe8,
    0x11, 0xfc, 0x1, 0x27, 0x77, 0xea, 0x0, 0xff,
    0xe0, 0x0,

    /* U+0401 "Ё" */
    0x0, 0x57, 0xd8, 0xf, 0xf9, 0x40, 0x3f, 0xf8,
    0x9d, 0x1c, 0x3, 0x10, 0x70, 0xc, 0x8e, 0xa0,
    0x7, 0x71, 0x0, 0x7f, 0xf0, 0xab, 0xff, 0xfc,
    0xc0, 0x1f, 0xfc, 0x24, 0xee, 0xfc, 0xc0, 0x10,
    0x8f, 0xe0, 0xf, 0xfe, 0xda, 0x7f, 0xfe, 0x10,
    0xf, 0xfe, 0x12, 0x77, 0x7e, 0x10, 0x8, 0x47,
    0xf0, 0x7, 0xff, 0xa0, 0x47, 0xf0, 0x4, 0x9d,
    0xdf, 0xa8, 0x3, 0xff, 0x80,

    /* U+0402 "Ђ" */
    0x1f, 0xff, 0xfe, 0xc, 0x80, 0x7f, 0xf2, 0xc7,
    0xbb, 0x80, 0x13, 0xdd, 0xd2, 0x1, 0xc2, 0x3c,
    0x0, 0x31, 0x1e, 0x0, 0xff, 0xfd, 0x57, 0xff,
    0x6b, 0x80, 0x7f, 0xf1, 0x4a, 0x2c, 0x3, 0xfd,
    0x3d, 0xdb, 0x10, 0x11, 0x40, 0x3f, 0x8c, 0x47,
    0x1d, 0x90, 0x70, 0x7, 0xff, 0x11, 0x41, 0x40,
    0x3f, 0xf8, 0x9c, 0x2, 0x1, 0xff, 0xc4, 0x30,
    0xf, 0xff, 0xf9, 0x80, 0x7f, 0x7f, 0x94, 0x3,
    0xc2, 0x2, 0x1, 0xff, 0xc4, 0xb0, 0x50, 0xf,
    0xfe, 0x11, 0x49, 0x87, 0x0, 0x7f, 0xf0, 0x7f,
    0x58, 0x11, 0x40, 0x3f, 0xf8, 0x65, 0x16, 0x0,

    /* U+0403 "Ѓ" */
    0x0, 0xf5, 0xfb, 0x0, 0x7e, 0x74, 0x76, 0x0,
    0xf8, 0xe1, 0x60, 0x3, 0xf1, 0xfd, 0x0, 0x7f,
    0xf1, 0x6b, 0xff, 0xfc, 0x80, 0x1f, 0xfc, 0x24,
    0xee, 0xfc, 0x80, 0x10, 0x8f, 0xe0, 0xf, 0xff,
    0xf8, 0x7, 0xff, 0xfc, 0x3, 0xff, 0x8e,

    /* U+0404 "Є" */
    0x0, 0xe6, 0xbe, 0xff, 0x6d, 0x20, 0x7, 0x2f,
    0x4a, 0x8, 0x0, 0x96, 0xf4, 0x80, 0xd, 0x42,
    0x53, 0xbd, 0xcc, 0x82, 0x22, 0x81, 0xc8, 0x2e,
    0xb1, 0x8, 0x8d, 0xf6, 0x4, 0x20, 0xa, 0x80,
    0x3f, 0x3b, 0x12, 0x5, 0x80, 0x7f, 0xc8, 0x0,
    0x70, 0xf, 0xfb, 0x80, 0x40, 0x47, 0xf0, 0x4,
    0x20, 0x3d, 0xdf, 0xc6, 0x1, 0xff, 0xc5, 0x10,
    0x1f, 0xff, 0xe3, 0x0, 0x70, 0x8, 0x80, 0x3f,
    0xe4, 0x0, 0x38, 0x7, 0xfc, 0x48, 0x16, 0x1,
    0xff, 0xc0, 0x80, 0x2a, 0x0, 0xfc, 0xee, 0x3,
    0x90, 0x5d, 0x62, 0x11, 0x1b, 0xf4, 0x0, 0x4d,
    0x42, 0x53, 0xbd, 0xcc, 0x81, 0x35, 0x0, 0x97,
    0xa5, 0x4, 0x0, 0x4b, 0x78, 0x40,

    /* U+0405 "Ѕ" */
    0x0, 0x9a, 0xfb, 0xfb, 0x6d, 0x88, 0x0, 0x3b,
    0x28, 0x20, 0x24, 0x93, 0xe0, 0xd, 0x20, 0x7d,
    0xff, 0x6c, 0xa0, 0x0, 0xcc, 0x15, 0x4, 0x0,
    0x26, 0xbc, 0x5, 0x0, 0x28, 0x7, 0xc2, 0x1,
    0x84, 0x3, 0xf9, 0x0, 0x16, 0x1, 0xfc, 0x4a,
    0xb, 0xd4, 0xe6, 0x1, 0xea, 0x70, 0x15, 0x8c,
    0xfb, 0x40, 0xd, 0x1f, 0x4c, 0x60, 0x4, 0xb8,
    0x0, 0xe5, 0x9c, 0xfa, 0x20, 0x75, 0x0, 0xfc,
    0xb8, 0x21, 0xc0, 0x1f, 0xc2, 0x80, 0xc0, 0x1f,
    0xfc, 0x12, 0x20, 0x7, 0xc2, 0x80, 0xee, 0xdb,
    0x62, 0x0, 0x13, 0x78, 0x84, 0x88, 0x24, 0xef,
    0xfb, 0x64, 0x42, 0x4d, 0x36, 0x10, 0x80, 0x2,
    0x6f, 0xac, 0x0,

    /* U+0406 "І" */
    0xaf, 0xb0, 0xf, 0xff, 0x38,

    /* U+0407 "Ї" */
    0xef, 0x70, 0x5f, 0xf0, 0x7, 0xf4, 0x41, 0x1,
    0xe2, 0x0, 0xce, 0x60, 0x4e, 0xe0, 0xf, 0xfa,
    0xbe, 0xc0, 0x3f, 0xff, 0xe0, 0x1f, 0xff, 0x40,

    /* U+0408 "Ј" */
    0x0, 0xd5, 0xf6, 0x1, 0xff, 0xff, 0x0, 0xff,
    0xef, 0x88, 0x6, 0x60, 0x30, 0x8, 0x4c, 0x3c,
    0x4, 0xf4, 0x0, 0xe9, 0xd8, 0x61, 0x2, 0x1,
    0x1d, 0x38, 0x0,

    /* U+0409 "Љ" */
    0x0, 0xeb, 0xff, 0xfe, 0xb0, 0xf, 0xfe, 0xea,
    0xf7, 0x72, 0x0, 0x7f, 0xf1, 0xc4, 0x78, 0x3,
    0xff, 0x8e, 0x60, 0x1f, 0xfc, 0xa7, 0x0, 0xff,
    0xf2, 0x88, 0x8, 0x7, 0xc9, 0xff, 0x76, 0x38,
    0x7, 0xe3, 0xf, 0x0, 0xff, 0x84, 0xe3, 0x88,
    0x3, 0xc2, 0x2, 0x1, 0xf2, 0x7f, 0xda, 0xe0,
    0x3e, 0x1, 0xc2, 0x0, 0x20, 0xf, 0xf8, 0xa2,
    0x0, 0x48, 0x1, 0x94, 0x0, 0xa0, 0x1f, 0xfc,
    0x16, 0x0, 0x18, 0x6, 0xc0, 0x11, 0x0, 0x7f,
    0xf0, 0x44, 0x1, 0xe0, 0x19, 0x81, 0x0, 0x3f,
    0xf8, 0x42, 0x0, 0xf0, 0xa, 0x44, 0x38, 0x3,
    0xff, 0x84, 0xc0, 0x3, 0x4, 0xb6, 0x4, 0x40,
    0x7, 0xff, 0x0, 0xa2, 0x0, 0x48, 0x16, 0x80,
    0xb6, 0x1, 0xfc, 0x9f, 0xf6, 0xb8, 0xf, 0x80,
    0x5, 0xb2, 0x80, 0x3f, 0xf8, 0x42, 0x71, 0xc4,
    0x0,

    /* U+040A "Њ" */
    0xaf, 0xb0, 0xf, 0xb7, 0xe0, 0x3, 0xff, 0xfe,
    0x1, 0xff, 0xf8, 0x4f, 0xff, 0x88, 0x1f, 0xfe,
    0xeb, 0x60, 0xf, 0xfe, 0x38, 0xa4, 0xe0, 0x80,
    0x49, 0xdd, 0xf1, 0x3, 0xf7, 0x58, 0xc0, 0x76,
    0x1, 0x84, 0x7e, 0x0, 0x84, 0x63, 0x95, 0x5,
    0x10, 0xf, 0xfe, 0x37, 0x0, 0x14, 0x3, 0xff,
    0x8c, 0xc0, 0x1, 0x0, 0xff, 0xe3, 0x30, 0x0,
    0x40, 0x3f, 0xf8, 0xdc, 0x0, 0x50, 0xf, 0xfe,
    0x18, 0x9d, 0x28, 0x28, 0x80, 0x7f, 0xf0, 0x1f,
    0xfd, 0xd8, 0xa0, 0x76, 0x1, 0xff, 0xc5, 0x14,
    0x9c, 0x10,

    /* U+040B "Ћ" */
    0x1f, 0xff, 0xfe, 0xc, 0x80, 0x7f, 0xf2, 0xc7,
    0xbb, 0x80, 0x13, 0xdd, 0xd2, 0x1, 0xc2, 0x3c,
    0x0, 0x31, 0x1e, 0x0, 0xff, 0xfd, 0x57, 0xff,
    0x6b, 0x80, 0x7f, 0xf1, 0x4a, 0x2c, 0x3, 0xfd,
    0x3d, 0xdb, 0x10, 0x11, 0x40, 0x3f, 0x8c, 0x47,
    0x1d, 0x90, 0x70, 0x7, 0xff, 0x11, 0x41, 0x40,
    0x3f, 0xf8, 0x9c, 0x2, 0x1, 0xff, 0xc4, 0x30,
    0xf, 0xff, 0xf8, 0x6,

    /* U+040C "Ќ" */
    0x0, 0xf0, 0xf7, 0x98, 0x7, 0xfd, 0x43, 0x66,
    0x1, 0xfe, 0x74, 0x94, 0x0, 0xff, 0x9f, 0xd8,
    0x3, 0xff, 0x95, 0x5f, 0x60, 0x1f, 0x27, 0xfa,
    0xc0, 0x3f, 0xc9, 0x60, 0x76, 0x1, 0xfc, 0x76,
    0x7, 0x80, 0x1f, 0xc7, 0x80, 0x5a, 0x1, 0xfc,
    0x5a, 0x5, 0x82, 0x1, 0xf8, 0xb0, 0x4b, 0x4,
    0x3, 0xf0, 0xe0, 0x8b, 0xc4, 0x3, 0xf0, 0xe0,
    0x82, 0x90, 0x7, 0xe7, 0xc2, 0x0, 0x22, 0x80,
    0x7e, 0x32, 0xc, 0x60, 0xb1, 0x0, 0xfe, 0xb3,
    0x92, 0x1b, 0x0, 0xfd, 0x68, 0x0, 0x90, 0x55,
    0x0, 0x79, 0x10, 0x1, 0x23, 0x5, 0x88, 0x7,
    0xfd, 0x22, 0x2b, 0x0, 0xff, 0xe0, 0x50, 0x2a,
    0x0, 0x7f, 0xc8, 0xa1, 0x40, 0x1f, 0xfc, 0xb,
    0x11, 0x48, 0x7, 0xfc, 0x36, 0xc, 0x80,

    /* U+040D "Ѝ" */
    0x0, 0xd7, 0xec, 0x1, 0xff, 0x59, 0xc9, 0x80,
    0x7f, 0xda, 0x5c, 0x20, 0x1f, 0xe1, 0xdd, 0x8,
    0x7, 0xff, 0x1e, 0xbe, 0x80, 0x3e, 0xdf, 0xf4,
    0x80, 0x7f, 0x29, 0x0, 0x7f, 0xf0, 0x20, 0x3,
    0xff, 0x80, 0xc4, 0x6, 0x1, 0xfe, 0x80, 0x87,
    0x0, 0xfe, 0x61, 0x13, 0x80, 0x7f, 0xa0, 0x24,
    0x3, 0xfc, 0xe2, 0x27, 0x0, 0xff, 0x48, 0x40,
    0x7, 0xf9, 0xc4, 0x4c, 0x1, 0xfe, 0x90, 0x80,
    0xf, 0xf4, 0x9, 0x30, 0x7, 0xf0, 0xb8, 0x58,
    0x7, 0xfa, 0x40, 0x98, 0x3, 0xf9, 0x9c, 0x20,
    0x3, 0xfc, 0x60, 0x4a, 0x1, 0xff, 0xc0, 0x80,
    0xf, 0xfe, 0x1, 0xa8, 0x7, 0xf0,

    /* U+040E "Ў" */
    0x0, 0x8f, 0xdc, 0x40, 0xb3, 0x40, 0x3e, 0x35,
    0x8e, 0xfd, 0x38, 0x0, 0xfd, 0x56, 0xed, 0x1a,
    0xa0, 0x1f, 0xc9, 0x12, 0xe4, 0x1, 0xff, 0xc8,
    0x6f, 0xf1, 0x0, 0x7d, 0x1f, 0xe0, 0x61, 0xb,
    0x0, 0xf9, 0x81, 0x80, 0xe, 0xc, 0x1, 0xe5,
    0x10, 0xb0, 0x5, 0x80, 0x18, 0x3, 0xa4, 0xc,
    0x80, 0x4, 0x81, 0x40, 0x18, 0xcc, 0x12, 0x1,
    0xb8, 0xc, 0xc0, 0x15, 0x0, 0xa8, 0x6, 0x51,
    0x9, 0x0, 0xb, 0x3, 0x0, 0x7a, 0x41, 0x44,
    0x18, 0x1, 0x40, 0x1e, 0x60, 0x3, 0x5, 0x2,
    0x10, 0x7, 0x85, 0x42, 0x90, 0x83, 0xc0, 0x3f,
    0x70, 0x15, 0x1, 0x20, 0x7, 0xe4, 0x20, 0x10,
    0xa0, 0xf, 0xf5, 0x80, 0x4c, 0x1, 0xfe, 0x70,
    0x2, 0x88, 0x7, 0xf9, 0x0, 0x12, 0x1, 0xfc,
    0x29, 0x0, 0x66, 0x0, 0xfd, 0x7d, 0x64, 0x10,
    0x1, 0xff, 0xa, 0x5a, 0x0, 0x7c,

    /* U+040F "Џ" */
    0xaf, 0xb0, 0xf, 0xd5, 0xf6, 0x1, 0xff, 0xff,
    0x0, 0xff, 0xff, 0x80, 0x7f, 0xf9, 0x44, 0x7f,
    0x80, 0x32, 0x77, 0x7e, 0x40, 0xf, 0xfe, 0x25,
    0x7f, 0xf0, 0x3, 0xff, 0xac, 0x3, 0xff, 0xbc,

    /* U+0410 "А" */
    0x0, 0xf2, 0xff, 0xac, 0x3, 0xff, 0x83, 0xe0,
    0x4, 0x10, 0xf, 0xf8, 0x54, 0x14, 0x18, 0x3,
    0xfe, 0x70, 0x59, 0xa, 0x0, 0xff, 0xa8, 0x38,
    0xc4, 0x8c, 0x3, 0xf8, 0x8c, 0x50, 0x18, 0x28,
    0x3, 0xfa, 0x81, 0xc0, 0x14, 0xe, 0x1, 0xfc,
    0xc1, 0x40, 0x2, 0x20, 0xa8, 0x7, 0xc8, 0x22,
    0x30, 0xa, 0x83, 0x80, 0x3e, 0xe0, 0x60, 0xc,
    0xc0, 0x82, 0x1, 0xe5, 0xa, 0x0, 0xc2, 0x60,
    0xe0, 0x1c, 0xc0, 0xd, 0xff, 0xe3, 0xa, 0x0,
    0xea, 0x0, 0xff, 0x19, 0x0, 0x44, 0x61, 0xbd,
    0xdf, 0x20, 0x50, 0x5, 0x40, 0x44, 0x11, 0xfb,
    0x81, 0x80, 0x26, 0xa, 0x0, 0xfc, 0x80, 0x28,
    0x8, 0x20, 0xa0, 0x1f, 0x85, 0x3, 0x83, 0x80,
    0x88, 0x1, 0xfd, 0xa0, 0xa2,

    /* U+0411 "Б" */
    0xaf, 0xff, 0xf4, 0x0, 0x7f, 0xf1, 0x13, 0xff,
    0xf4, 0x0, 0x7f, 0xfa, 0xd3, 0xff, 0xb6, 0x8,
    0x3, 0xfc, 0x4f, 0xa8, 0x1, 0x27, 0xfe, 0xe9,
    0x10, 0xb1, 0x0, 0xf8, 0x5a, 0x80, 0xc, 0x1,
    0xfc, 0x82, 0x1a, 0x1, 0xfe, 0x20, 0x10, 0xf,
    0xf1, 0x0, 0x80, 0x7f, 0x20, 0x86, 0x80, 0x7c,
    0x2d, 0x40, 0x6, 0x0, 0x27, 0xfe, 0xe9, 0x10,
    0xa1, 0x0, 0xfc, 0x4d, 0xaa, 0x0,

    /* U+0412 "В" */
    0xaf, 0xff, 0x76, 0x38, 0x7, 0xf8, 0x4e, 0x34,
    0x40, 0x24, 0xff, 0xbb, 0x5c, 0xa, 0xc0, 0x3e,
    0x12, 0x86, 0x5, 0x0, 0xff, 0x78, 0x7, 0xff,
    0x3, 0xc0, 0x80, 0x3f, 0x13, 0xb0, 0x58, 0x4,
    0x9f, 0xfb, 0x60, 0xe9, 0x80, 0x3f, 0xc5, 0xa0,
    0x19, 0x3f, 0xf7, 0x50, 0x3d, 0x0, 0x7e, 0x15,
    0xa0, 0x54, 0x0, 0xfe, 0x41, 0xd, 0x0, 0xff,
    0x10, 0x10, 0x7, 0xf8, 0x80, 0x3f, 0xe4, 0x10,
    0x30, 0xf, 0x85, 0xa8, 0x1, 0x20, 0x4, 0xff,
    0xdd, 0x22, 0x16, 0x20, 0x1f, 0x89, 0xf5, 0x0,

    /* U+0413 "Г" */
    0xaf, 0xff, 0xf2, 0x0, 0x7f, 0xf0, 0x93, 0xbb,
    0xf2, 0x0, 0x42, 0x3f, 0x80, 0x3f, 0xff, 0xe0,
    0x1f, 0xff, 0xf0, 0xf, 0xfe, 0x38,

    /* U+0414 "Д" */
    0x0, 0xdb, 0xff, 0xfd, 0x20, 0x1f, 0xfc, 0xd6,
    0xee, 0xe2, 0x0, 0xff, 0x8, 0xfc, 0x1, 0xff,
    0xcd, 0x30, 0xf, 0xfe, 0x37, 0x80, 0x7f, 0xf0,
    0x84, 0x3, 0xff, 0x8c, 0x40, 0x1f, 0xfc, 0x12,
    0x0, 0x8, 0x7, 0xff, 0x5, 0x80, 0xc, 0x1,
    0xff, 0xc1, 0x30, 0x1, 0x0, 0x7f, 0xf0, 0x74,
    0xc, 0x3, 0xff, 0x84, 0x80, 0x80, 0x1f, 0xfc,
    0x15, 0x10, 0xb0, 0xf, 0xf8, 0x56, 0x80, 0xc8,
    0x47, 0xe0, 0x0, 0x86, 0x50, 0x0, 0xfb, 0xbe,
    0x20, 0x6e, 0x90, 0xf, 0xfe, 0x3e, 0xff, 0xff,
    0xd2, 0x1, 0xff, 0xd8, 0x61, 0x0, 0xff, 0xe0,
    0x88, 0x80,

    /* U+0415 "Е" */
    0xaf, 0xff, 0xf3, 0x0, 0x7f, 0xf0, 0x93, 0xbb,
    0xf3, 0x0, 0x42, 0x3f, 0x80, 0x3f, 0xfb, 0x69,
    0xff, 0xf8, 0x40, 0x3f, 0xf8, 0x49, 0xdd, 0xf8,
    0x40, 0x21, 0x1f, 0xc0, 0x1f, 0xfe, 0x81, 0x1f,
    0xc0, 0x12, 0x77, 0x7e, 0xa0, 0xf, 0xfe, 0x0,

    /* U+0416 "Ж" */
    0xa, 0xff, 0x18, 0x7, 0x93, 0xfc, 0x20, 0x1e,
    0x5f, 0xf4, 0x0, 0x29, 0x3, 0x48, 0x3, 0xff,
    0x84, 0x94, 0xd, 0x0, 0x15, 0x90, 0xe0, 0x80,
    0x7f, 0xf0, 0xe, 0xc1, 0x24, 0x3, 0xb0, 0x87,
    0x4, 0x3, 0xfc, 0x5a, 0x7, 0x60, 0x1e, 0x1f,
    0x12, 0xd0, 0xf, 0xe1, 0xf1, 0x2d, 0x0, 0xfc,
    0x5a, 0x7, 0x40, 0x1f, 0xb4, 0x87, 0xc4, 0x3,
    0xf8, 0xec, 0x16, 0x40, 0x3d, 0x66, 0x18, 0x40,
    0x1f, 0xf2, 0x88, 0x33, 0x80, 0x6a, 0x40, 0x22,
    0x0, 0x7f, 0xf0, 0x20, 0x40, 0x11, 0xc0, 0xb,
    0x50, 0x1, 0x38, 0x7, 0xfc, 0x6c, 0x18, 0xc0,
    0xa0, 0x5, 0x8, 0x90, 0x82, 0x0, 0xff, 0x70,
    0x31, 0xca, 0x80, 0x67, 0x73, 0x18, 0x48, 0x7,
    0xf3, 0x90, 0xc0, 0x2, 0x8c, 0x0, 0xb0, 0x0,
    0xe0, 0x45, 0x0, 0xf8, 0xa0, 0x2c, 0x40, 0x28,
    0x0, 0x58, 0x4, 0x4e, 0x16, 0x1, 0xf4, 0x82,
    0x28, 0x7, 0xff, 0x2, 0x8, 0x64, 0x3, 0x95,
    0x2, 0x40, 0x3f, 0xf8, 0x52, 0xc, 0x60, 0x10,
    0xd8, 0x41, 0x0, 0x7f, 0xf0, 0x91, 0x43, 0x80,
    0x28, 0x12, 0x70, 0xf, 0xfe, 0x25, 0x89, 0x38,
    0x1b, 0x4, 0x80, 0x7f, 0xf1, 0x46, 0x2, 0x4,

    /* U+0417 "З" */
    0x5, 0x9c, 0xef, 0xf6, 0xd2, 0x80, 0x47, 0x4c,
    0x62, 0x0, 0x25, 0xad, 0x20, 0x0, 0xb5, 0xf7,
    0x59, 0x0, 0x5e, 0x7, 0xd2, 0x82, 0x31, 0xbd,
    0x81, 0x20, 0x7, 0xf2, 0x0, 0x4, 0x3, 0xf8,
    0xc0, 0xe, 0x1, 0xf0, 0xae, 0x83, 0x90, 0x4,
    0xdf, 0xf7, 0x51, 0xd4, 0x0, 0x7f, 0x8b, 0x0,
    0x39, 0xbf, 0xed, 0x91, 0x6c, 0x0, 0xfc, 0x4d,
    0x80, 0x6c, 0x1, 0xfc, 0x4a, 0x18, 0x1, 0xfe,
    0x30, 0x60, 0xf, 0xf1, 0x3, 0x99, 0x0, 0x7c,
    0x68, 0x1a, 0xbb, 0x4a, 0x42, 0x49, 0x38, 0x6,
    0xc0, 0x5, 0xad, 0xed, 0xb6, 0x4, 0xd0, 0x6c,
    0x74, 0x10, 0x1, 0x36, 0x58, 0x80,

    /* U+0418 "И" */
    0xaf, 0xa0, 0xf, 0xb7, 0xfd, 0x20, 0x1f, 0xca,
    0x40, 0x1f, 0xfc, 0x8, 0x0, 0xff, 0xe0, 0x31,
    0x1, 0x80, 0x7f, 0xa0, 0x21, 0xc0, 0x3f, 0x98,
    0x44, 0xe0, 0x1f, 0xe8, 0x9, 0x0, 0xff, 0x38,
    0x89, 0xc0, 0x3f, 0xd2, 0x10, 0x1, 0xfe, 0x71,
    0x13, 0x0, 0x7f, 0xa4, 0x20, 0x3, 0xfd, 0x2,
    0x4c, 0x1, 0xfc, 0x2e, 0x16, 0x1, 0xfe, 0x90,
    0x26, 0x0, 0xfe, 0x67, 0x8, 0x0, 0xff, 0x18,
    0x12, 0x80, 0x7f, 0xf0, 0x20, 0x3, 0xff, 0x80,
    0x6a, 0x1, 0xfc,

    /* U+0419 "Й" */
    0x0, 0xab, 0x4c, 0x0, 0xbe, 0xc0, 0x1e, 0x92,
    0xcf, 0xf5, 0x13, 0x0, 0x78, 0xfa, 0x59, 0xeb,
    0x40, 0x3f, 0xb, 0x4c, 0x28, 0x7, 0xff, 0x1e,
    0xbe, 0x80, 0x3e, 0xdf, 0xf4, 0x80, 0x7f, 0x29,
    0x0, 0x7f, 0xf0, 0x20, 0x3, 0xff, 0x80, 0xc4,
    0x6, 0x1, 0xfe, 0x80, 0x87, 0x0, 0xfe, 0x61,
    0x13, 0x80, 0x7f, 0xa0, 0x24, 0x3, 0xfc, 0xe2,
    0x27, 0x0, 0xff, 0x48, 0x40, 0x7, 0xf9, 0xc4,
    0x4c, 0x1, 0xfe, 0x90, 0x80, 0xf, 0xf4, 0x9,
    0x30, 0x7, 0xf0, 0xb8, 0x58, 0x7, 0xfa, 0x40,
    0x98, 0x3, 0xf9, 0x9c, 0x20, 0x3, 0xfc, 0x60,
    0x4a, 0x1, 0xff, 0xc0, 0x80, 0xf, 0xfe, 0x1,
    0xa8, 0x7, 0xf0,

    /* U+041A "К" */
    0xaf, 0xb0, 0xf, 0x93, 0xfd, 0x60, 0x1f, 0xe4,
    0xb0, 0x3b, 0x0, 0xfe, 0x3b, 0x3, 0xc0, 0xf,
    0xe3, 0xc0, 0x2d, 0x0, 0xfe, 0x2d, 0x2, 0xc1,
    0x0, 0xfc, 0x58, 0x25, 0x82, 0x1, 0xf8, 0x70,
    0x45, 0xe2, 0x1, 0xf8, 0x70, 0x41, 0x48, 0x3,
    0xf3, 0xe1, 0x0, 0x11, 0x40, 0x3f, 0x19, 0x6,
    0x30, 0x58, 0x80, 0x7f, 0x59, 0xc9, 0xd, 0x80,
    0x7e, 0xb4, 0x0, 0x48, 0x2a, 0x80, 0x3c, 0x88,
    0x0, 0x91, 0x82, 0xc4, 0x3, 0xfe, 0x91, 0x15,
    0x80, 0x7f, 0xf0, 0x28, 0x15, 0x0, 0x3f, 0xe4,
    0x50, 0xa0, 0xf, 0xfe, 0x5, 0x88, 0xa4, 0x3,
    0xfe, 0x1b, 0x6, 0x40,

    /* U+041B "Л" */
    0x0, 0xeb, 0xff, 0xfe, 0xb0, 0xf, 0xfe, 0x5a,
    0xf7, 0x72, 0x0, 0x7f, 0x84, 0x78, 0x3, 0xfc,
    0x60, 0x1f, 0xfc, 0x17, 0x0, 0xff, 0xe9, 0x88,
    0x8, 0x7, 0xff, 0x4, 0xc3, 0xc0, 0x3f, 0xf8,
    0x22, 0x2, 0x1, 0xff, 0xc0, 0x20, 0x1, 0x0,
    0x7f, 0xf0, 0x18, 0x0, 0xa0, 0x1f, 0xfc, 0xc,
    0x1, 0x10, 0x7, 0xff, 0x1, 0x41, 0x0, 0x3f,
    0xf8, 0xc, 0x41, 0xc0, 0x1f, 0xe3, 0xa9, 0x4,
    0x40, 0x7, 0xfb, 0x14, 0x16, 0xc0, 0x3f, 0xe1,
    0x6c, 0xa0, 0xf, 0xf8,

    /* U+041C "М" */
    0xaf, 0xf8, 0x40, 0x3e, 0x5f, 0xf9, 0x40, 0x33,
    0x80, 0x7d, 0xc0, 0x1e, 0x10, 0xa0, 0xf, 0xa,
    0x8, 0x7, 0x21, 0x19, 0x0, 0x73, 0x3, 0x80,
    0x79, 0x42, 0x80, 0x3a, 0x82, 0x80, 0x3d, 0x40,
    0xc0, 0x18, 0x8a, 0x30, 0xf, 0x11, 0x8a, 0x0,
    0x54, 0x14, 0x1, 0xfa, 0x83, 0x40, 0x26, 0x5,
    0x0, 0xfc, 0xe0, 0xc0, 0x4, 0x13, 0x20, 0xf,
    0xc2, 0xa0, 0xa1, 0xc1, 0x40, 0x1f, 0xee, 0xe,
    0x5, 0x6, 0x0, 0xff, 0x20, 0xa3, 0x82, 0x80,
    0x7f, 0xf0, 0x1c, 0x20, 0x38, 0x3, 0xff, 0x81,
    0x40, 0x1, 0x40, 0xf, 0xfe, 0x1, 0xbb, 0xac,
    0x3, 0xff, 0x85, 0x10, 0x50, 0xf, 0xfe, 0xe8,

    /* U+041D "Н" */
    0xaf, 0xb0, 0xf, 0xd5, 0xf6, 0x1, 0xff, 0xff,
    0x0, 0xff, 0x93, 0xff, 0xf2, 0x80, 0x7f, 0xf1,
    0x93, 0xbb, 0xf2, 0x0, 0x70, 0x8f, 0xf0, 0x7,
    0xff, 0xfc, 0x3, 0xff, 0x9a,

    /* U+041E "О" */
    0x0, 0xc2, 0xf9, 0xdf, 0xd8, 0xe0, 0x1f, 0x9b,
    0xa0, 0xc4, 0x4, 0xe3, 0x90, 0x3, 0x9e, 0x40,
    0xab, 0xbf, 0xa4, 0x45, 0x6a, 0x1, 0x1c, 0x2,
    0x6a, 0x88, 0xb, 0x79, 0x85, 0x10, 0x2, 0x0,
    0x68, 0x3, 0xc3, 0xa0, 0x8, 0x2, 0x40, 0x91,
    0x0, 0xf8, 0x58, 0x14, 0x10, 0x0, 0xa0, 0x1f,
    0xda, 0x0, 0x4e, 0x0, 0x10, 0x7, 0xf2, 0x80,
    0x8, 0x40, 0x80, 0x3f, 0xc2, 0x0, 0xe3, 0x0,
    0xff, 0xe2, 0x10, 0x10, 0x7, 0xf8, 0x40, 0x1f,
    0xc0, 0x2, 0x0, 0xfe, 0x50, 0x1, 0xa0, 0x1,
    0x40, 0x3f, 0xb4, 0x0, 0x84, 0x81, 0x20, 0x1f,
    0x85, 0x81, 0x40, 0x10, 0x3, 0x60, 0x1f, 0x68,
    0x2, 0x0, 0x7, 0x0, 0x9a, 0xa2, 0x2, 0xdc,
    0x61, 0x44, 0x1, 0x3c, 0x81, 0x57, 0x7f, 0x48,
    0x8a, 0x94, 0x3, 0x9b, 0xa0, 0xc4, 0x4, 0xe3,
    0xd4, 0x2,

    /* U+041F "П" */
    0xaf, 0xff, 0xfe, 0x5, 0x80, 0x7f, 0xf1, 0x13,
    0xbb, 0xf2, 0x0, 0x70, 0x8f, 0xf0, 0x7, 0xff,
    0xfc, 0x3, 0xff, 0xfe, 0x1, 0xff, 0xe4,

    /* U+0420 "Р" */
    0xaf, 0xff, 0x6c, 0x8, 0x7, 0xf1, 0x3f, 0x98,
    0x4, 0x9f, 0xf6, 0xc0, 0xe, 0x80, 0x7c, 0x4f,
    0x20, 0x2a, 0x1, 0xf9, 0x80, 0x18, 0x1, 0xfc,
    0x20, 0x60, 0x1f, 0xc2, 0x6, 0x1, 0xf9, 0x80,
    0x18, 0x1, 0xe2, 0x79, 0x1, 0x50, 0x2, 0x7f,
    0xdb, 0x0, 0xa, 0x0, 0xfc, 0x4f, 0xc8, 0x1,
    0x27, 0xfe, 0xd8, 0x10, 0xf, 0xff, 0xf0,

    /* U+0421 "С" */
    0x0, 0xe6, 0xbe, 0xff, 0x6d, 0x20, 0x7, 0x2f,
    0x4a, 0x8, 0x0, 0x96, 0xf4, 0x80, 0xd, 0x42,
    0x28, 0xce, 0xe6, 0x41, 0x11, 0x40, 0xe4, 0xf,
    0x9c, 0xc4, 0x46, 0xfb, 0x0, 0x8, 0x1, 0xd0,
    0xf, 0xce, 0xe2, 0x40, 0x91, 0x0, 0xff, 0x20,
    0x1, 0x40, 0x3f, 0xee, 0x0, 0x10, 0x7, 0xfc,
    0x20, 0x40, 0x1f, 0xfc, 0xf1, 0x2, 0x0, 0xff,
    0xe0, 0x70, 0x0, 0x80, 0x3f, 0xe4, 0x0, 0x28,
    0x7, 0xfc, 0x48, 0x12, 0x20, 0x1f, 0xf4, 0x0,
    0xe8, 0x7, 0xe7, 0x70, 0x1c, 0x81, 0xf3, 0x90,
    0x88, 0xdf, 0x60, 0x2, 0x6a, 0x11, 0x46, 0xf7,
    0x32, 0x8, 0xd4, 0x2, 0x5e, 0x94, 0x10, 0x1,
    0x2d, 0xe1, 0x0,

    /* U+0422 "Т" */
    0x1f, 0xff, 0xfe, 0x15, 0x80, 0x7f, 0xf1, 0x7,
    0xbb, 0xc4, 0xf, 0xdd, 0xd6, 0x2, 0x3e, 0x0,
    0x84, 0x78, 0x3, 0xff, 0xfe, 0x1, 0xff, 0xff,
    0x0, 0xff, 0xff, 0x80,

    /* U+0423 "У" */
    0x6f, 0xf1, 0x0, 0x7d, 0x1f, 0xe0, 0x61, 0xb,
    0x0, 0xf9, 0x81, 0x80, 0xe, 0xc, 0x1, 0xe5,
    0x10, 0xb0, 0x5, 0x80, 0x18, 0x3, 0xa4, 0xc,
    0x80, 0x4, 0x81, 0x40, 0x18, 0xcc, 0x12, 0x1,
    0xb8, 0xc, 0xc0, 0x15, 0x0, 0xa8, 0x6, 0x51,
    0x9, 0x0, 0xb, 0x3, 0x0, 0x7a, 0x41, 0x44,
    0x18, 0x1, 0x40, 0x1e, 0x60, 0x3, 0x5, 0x2,
    0x10, 0x7, 0x85, 0x42, 0x90, 0x83, 0xc0, 0x3f,
    0x70, 0x15, 0x1, 0x20, 0x7, 0xe4, 0x20, 0x10,
    0xa0, 0xf, 0xf5, 0x80, 0x4c, 0x1, 0xfe, 0x70,
    0x2, 0x88, 0x7, 0xf9, 0x0, 0x12, 0x1, 0xfc,
    0x29, 0x0, 0x66, 0x0, 0xfd, 0x7d, 0x64, 0x10,
    0x1, 0xff, 0xa, 0x5a, 0x0, 0x7c,

    /* U+0424 "Ф" */
    0x0, 0xfd, 0xbf, 0x0, 0x1f, 0xfc, 0x21, 0x33,
    0x1, 0x18, 0x7, 0xf8, 0x5f, 0x7b, 0x4, 0x17,
    0x3e, 0xd4, 0x3, 0xc9, 0xf0, 0x40, 0x60, 0x1,
    0x20, 0x4a, 0xc1, 0x0, 0x8e, 0xc4, 0x53, 0xf8,
    0x40, 0xdb, 0xa6, 0x3, 0xc0, 0xb, 0x80, 0x7d,
    0x80, 0x3c, 0x53, 0x40, 0x50, 0x6, 0x41, 0x62,
    0x1, 0xfc, 0xa8, 0xc, 0x8, 0x0, 0x50, 0xf,
    0xfb, 0x40, 0x4b, 0xc0, 0x3f, 0xf8, 0x44, 0x0,
    0x10, 0xf, 0xfe, 0x3f, 0x0, 0x8, 0x3, 0xfe,
    0x30, 0x1, 0x38, 0x2, 0xc0, 0x3f, 0xe9, 0x3,
    0x11, 0x30, 0x33, 0x80, 0x7e, 0x1b, 0x10, 0x80,
    0x4, 0x98, 0x46, 0xba, 0x0, 0x5, 0x23, 0xd0,
    0x21, 0x0, 0x2c, 0x70, 0x28, 0xb2, 0x6, 0xb7,
    0x12, 0xa7, 0x0, 0xe8, 0xe9, 0x53, 0x0, 0xa,
    0x3d, 0xea, 0x80, 0x7c, 0x2d, 0x58, 0x40, 0xd7,
    0x8, 0x1, 0xff, 0xcc,

    /* U+0425 "Х" */
    0x2, 0xff, 0x30, 0x7, 0xd1, 0xfc, 0x20, 0x4e,
    0x10, 0x20, 0x1c, 0x6e, 0x16, 0x20, 0x8, 0x21,
    0xb0, 0xe, 0xe0, 0x55, 0x0, 0x6e, 0x5, 0x50,
    0x5, 0x4, 0x36, 0x1, 0xc6, 0xc1, 0x62, 0x4,
    0xe1, 0x2, 0x1, 0xe9, 0x21, 0xb0, 0xe0, 0x46,
    0x0, 0xfd, 0x20, 0xb6, 0x61, 0x20, 0x1f, 0xc8,
    0xc0, 0x81, 0x24, 0x1, 0xfe, 0xa0, 0x1, 0x30,
    0x7, 0xfd, 0x0, 0x2, 0x30, 0xf, 0xf3, 0x20,
    0x18, 0x70, 0x7, 0xf0, 0xc8, 0x46, 0x89, 0x40,
    0x7, 0xea, 0x2, 0x71, 0x80, 0x72, 0x0, 0xf2,
    0xa0, 0x70, 0x1, 0x90, 0x38, 0x3, 0x86, 0xc1,
    0xcc, 0x2, 0x90, 0x37, 0x0, 0xd6, 0x25, 0x0,
    0x18, 0xa0, 0x20, 0x80, 0x8, 0xa1, 0xc0, 0x1e,
    0x73, 0x9, 0x0, 0x50, 0x31, 0x80, 0x7d, 0xc0,
    0x8a,

    /* U+0426 "Ц" */
    0xaf, 0xb0, 0xf, 0xd5, 0xf6, 0x1, 0xff, 0xff,
    0x0, 0xff, 0xff, 0x80, 0x7f, 0xff, 0xc0, 0x30,
    0x8f, 0xf0, 0x0, 0x40, 0x24, 0xee, 0xfc, 0x80,
    0x9d, 0x60, 0x1f, 0xfc, 0x4a, 0xff, 0xff, 0xe0,
    0x50, 0x7, 0xff, 0x8c, 0x46,

    /* U+0427 "Ч" */
    0xff, 0x30, 0x7, 0x93, 0xfc, 0x20, 0x1f, 0xfe,
    0x81, 0xe, 0x0, 0xff, 0x10, 0x28, 0x7, 0xfa,
    0xc0, 0xa4, 0x80, 0x3f, 0x39, 0x83, 0x6f, 0xfe,
    0xb0, 0xd, 0x8e, 0x20, 0x1f, 0xf4, 0x77, 0xf7,
    0x6a, 0x0, 0xfc, 0x23, 0xc0, 0x1f, 0xff, 0xf0,
    0xf, 0x0,

    /* U+0428 "Ш" */
    0xaf, 0xb0, 0xf, 0x2f, 0xf8, 0x3, 0xc3, 0xfe,
    0x50, 0xf, 0xff, 0xf8, 0x7, 0xff, 0xfc, 0x3,
    0xff, 0xfe, 0x1, 0xff, 0xff, 0x0, 0xff, 0x84,
    0x7c, 0x60, 0x1, 0x1f, 0x18, 0x7, 0x27, 0x77,
    0xa4, 0x1, 0xdd, 0xed, 0x0, 0xff, 0xe6, 0x80,

    /* U+0429 "Щ" */
    0xaf, 0xb0, 0xf, 0x2f, 0xf8, 0x3, 0xc3, 0xfe,
    0x50, 0xf, 0xff, 0xf8, 0x7, 0xff, 0xfc, 0x3,
    0xff, 0xfe, 0x1, 0xff, 0xff, 0x0, 0xff, 0xee,
    0x88, 0xf8, 0xc0, 0x2, 0x3e, 0x30, 0x8, 0x40,
    0x24, 0xee, 0xf4, 0x80, 0x3b, 0xbd, 0xa0, 0xa,
    0xe4, 0x0, 0xff, 0xe6, 0x57, 0xff, 0xff, 0x21,
    0x0, 0x3f, 0xff, 0x62, 0x20,

    /* U+042A "Ъ" */
    0x4f, 0xff, 0x8c, 0x3, 0xff, 0xa2, 0x9d, 0xdb,
    0x0, 0x3f, 0xf8, 0x42, 0x3c, 0x1, 0xff, 0xff,
    0x0, 0xb3, 0xff, 0x75, 0xa8, 0x7, 0xff, 0x10,
    0x52, 0xac, 0x3, 0xfd, 0x7f, 0xfb, 0x14, 0x12,
    0x40, 0x3f, 0x9c, 0x3, 0x1d, 0x20, 0x30, 0x7,
    0xff, 0x13, 0x80, 0x6, 0x1, 0xff, 0xc3, 0x10,
    0x3, 0x80, 0x7f, 0xf0, 0xc4, 0x0, 0xe0, 0x1f,
    0xfc, 0x3e, 0x0, 0x18, 0x7, 0xe7, 0x0, 0x84,
    0xed, 0x1, 0x80, 0x3f, 0xaf, 0xfe, 0xec, 0x40,
    0x49, 0x0, 0xff, 0xe1, 0xa, 0x55, 0x80, 0x0,

    /* U+042B "Ы" */
    0xaf, 0xb0, 0xf, 0xfa, 0x3f, 0x40, 0x3f, 0xff,
    0xe0, 0x1f, 0xfd, 0x14, 0xff, 0xed, 0x82, 0x0,
    0xff, 0xe1, 0x13, 0xea, 0x0, 0x7c, 0x9f, 0xfb,
    0xa4, 0x42, 0xc4, 0x3, 0xfe, 0x16, 0xa0, 0x3,
    0x0, 0x7f, 0xf0, 0x50, 0x43, 0x40, 0x3f, 0xf8,
    0x44, 0x2, 0x1, 0xff, 0xc2, 0x20, 0x10, 0xf,
    0xfe, 0xa, 0x8, 0x68, 0x7, 0xfc, 0x2d, 0x40,
    0x6, 0x0, 0xf2, 0x7f, 0xee, 0x91, 0xb, 0x10,
    0xf, 0xfe, 0x1, 0x3e, 0xa0, 0x7, 0x0,

    /* U+042C "Ь" */
    0xaf, 0xb0, 0xf, 0xff, 0xf8, 0x7, 0xff, 0xd,
    0x3f, 0xfb, 0x60, 0x80, 0x3f, 0xc4, 0xfa, 0x80,
    0x12, 0x7f, 0xee, 0x91, 0xb, 0x10, 0xf, 0x85,
    0xa8, 0x0, 0xc0, 0x1f, 0xc8, 0x21, 0xa0, 0x1f,
    0xe2, 0x1, 0x0, 0xff, 0x10, 0x8, 0x7, 0xf2,
    0x8, 0x68, 0x7, 0xc2, 0xd4, 0x0, 0x60, 0x2,
    0x7f, 0xee, 0x91, 0xb, 0x10, 0xf, 0xc4, 0xfa,
    0x80,

    /* U+042D "Э" */
    0x0, 0x35, 0xf7, 0xfb, 0x69, 0x40, 0x39, 0x7a,
    0x50, 0x40, 0x4, 0xb5, 0xa4, 0x1, 0x70, 0x9c,
    0xef, 0xf6, 0x40, 0x96, 0x98, 0x0, 0xaf, 0x18,
    0x80, 0x4d, 0xfc, 0x83, 0x80, 0x12, 0x80, 0x1f,
    0xf, 0x81, 0x38, 0x7, 0xfc, 0x4a, 0x12, 0x1,
    0xff, 0xc0, 0xf0, 0x12, 0x0, 0x84, 0x7f, 0x30,
    0x1, 0x80, 0xf, 0xdd, 0xfb, 0x0, 0x2, 0x1,
    0xff, 0xc5, 0x7f, 0xff, 0xda, 0x0, 0x10, 0xf,
    0xf9, 0xc0, 0xc, 0x1, 0xff, 0x78, 0x9, 0x0,
    0x7f, 0x89, 0x42, 0x42, 0x94, 0x3, 0xe1, 0xf0,
    0x17, 0x1, 0xac, 0x62, 0x1, 0x37, 0xf2, 0xd,
    0x0, 0x70, 0x9c, 0xef, 0xf6, 0x40, 0x96, 0x98,
    0x1, 0x7a, 0x50, 0x40, 0x4, 0xb5, 0xa4, 0x1,
    0x0,

    /* U+042E "Ю" */
    0x8f, 0xd0, 0xf, 0x85, 0xf3, 0xbf, 0xb1, 0xc4,
    0x3, 0xff, 0x82, 0xdd, 0x6, 0x20, 0x27, 0x1e,
    0xa0, 0x1f, 0xf3, 0x48, 0x15, 0x77, 0xf4, 0x88,
    0xa9, 0x40, 0x3f, 0x8e, 0x41, 0x35, 0x44, 0x5,
    0xb8, 0xc2, 0x88, 0x3, 0xf4, 0x0, 0xd0, 0x7,
    0xda, 0x0, 0x80, 0xf, 0x85, 0x2, 0x44, 0x3,
    0xe1, 0x70, 0x51, 0x0, 0xf3, 0x80, 0x14, 0x3,
    0xfa, 0xc0, 0xa, 0x1, 0x8, 0xde, 0x0, 0x20,
    0xf, 0xe3, 0x0, 0x18, 0x0, 0xbb, 0xa6, 0x1,
    0x0, 0xff, 0xe0, 0xf8, 0x7, 0xff, 0x34, 0xbf,
    0xe7, 0x1, 0x0, 0xff, 0xe0, 0xf8, 0x7, 0xb8,
    0x0, 0x40, 0x1f, 0xc6, 0x0, 0x30, 0xf, 0x38,
    0x1, 0x40, 0x3f, 0xac, 0x0, 0xa0, 0x1e, 0x14,
    0x9, 0x10, 0xf, 0x85, 0xc1, 0x44, 0x3, 0xe9,
    0x1, 0xa0, 0xf, 0xb4, 0x1, 0x0, 0x1f, 0x8a,
    0x41, 0x35, 0x44, 0x5, 0xb4, 0xc2, 0x88, 0x3,
    0xf9, 0xa8, 0xa, 0xbb, 0xfa, 0x48, 0x69, 0x40,
    0x3f, 0xe5, 0xe8, 0x31, 0x1, 0x38, 0xf5, 0x0,
    0x80,

    /* U+042F "Я" */
    0x0, 0x8e, 0x77, 0xff, 0xe5, 0x0, 0x3e, 0x31,
    0x0, 0x7f, 0x1c, 0x0, 0xd6, 0xff, 0xdc, 0x1,
    0xa8, 0x1, 0xaa, 0x40, 0x10, 0x80, 0x65, 0x1,
    0x30, 0xf, 0xfe, 0x62, 0x80, 0x98, 0x7, 0xfa,
    0x80, 0x1c, 0xa2, 0x1, 0xf8, 0xec, 0x4a, 0xbb,
    0xff, 0x0, 0x72, 0x74, 0x88, 0x7, 0xff, 0x1,
    0xc4, 0x1f, 0xfd, 0xc0, 0x1f, 0x58, 0xc, 0x0,
    0x4, 0x3, 0xc6, 0xa1, 0x60, 0x1f, 0xef, 0x3,
    0x50, 0xf, 0xe6, 0x30, 0xf0, 0xf, 0xf4, 0x3,
    0x18, 0x7, 0xf4, 0x8, 0x40, 0x7, 0xf1, 0x38,
    0x40, 0x80, 0x7f, 0x0,

    /* U+0430 "а" */
    0x1, 0x6b, 0xdf, 0xf6, 0xc0, 0x80, 0x51, 0x28,
    0x40, 0x2, 0x7f, 0x20, 0x7, 0x3e, 0xff, 0xd8,
    0x63, 0x20, 0x7, 0x82, 0x0, 0x8f, 0x45, 0x8,
    0x3, 0xf0, 0xa8, 0x20, 0x0, 0xe7, 0x7f, 0xf2,
    0x0, 0x83, 0x63, 0x11, 0xc, 0xe1, 0xf, 0x19,
    0x7, 0xfd, 0xcc, 0x90, 0x0, 0xe0, 0x70, 0x1,
    0xc2, 0x0, 0xe0, 0x60, 0xf, 0x20, 0x3, 0xc1,
    0x80, 0x3a, 0x0, 0x24, 0x3, 0x80, 0x0, 0xc3,
    0x88, 0x0, 0xd4, 0x1f, 0xfb, 0x8e, 0xc8, 0x1,
    0x54, 0x10, 0x0, 0xe6, 0x40, 0x10,

    /* U+0431 "б" */
    0x0, 0xff, 0xe2, 0x94, 0x5e, 0xf7, 0x3c, 0x40,
    0x35, 0x6b, 0xa1, 0x8, 0x81, 0x0, 0x2c, 0x50,
    0x6d, 0xff, 0xca, 0x0, 0x83, 0xb, 0x92, 0x0,
    0xf9, 0xc2, 0x50, 0x3, 0xf2, 0x81, 0x30, 0x7,
    0xf6, 0x2, 0x22, 0xfb, 0xfa, 0x8c, 0x2, 0x30,
    0x7b, 0x41, 0x19, 0x71, 0xc0, 0x30, 0x83, 0xf7,
    0x4c, 0x10, 0xa0, 0x19, 0xa0, 0x40, 0x65, 0x2,
    0x0, 0xc0, 0x10, 0x1, 0xd0, 0x4, 0x40, 0x1,
    0x8, 0x7, 0x18, 0x83, 0x80, 0x18, 0x3, 0xe3,
    0x2, 0xe0, 0x70, 0xf, 0xf0, 0x81, 0x0, 0x7c,
    0x60, 0x48, 0x2, 0x40, 0x1c, 0x62, 0xe, 0x44,
    0x8, 0x0, 0xe8, 0x2, 0x20, 0x40, 0x2c, 0x8,
    0xc, 0xa0, 0x40, 0x1, 0x5c, 0x1f, 0xba, 0x60,
    0x85, 0x0, 0xa2, 0xd0, 0x46, 0x5c, 0x70, 0x0,

    /* U+0432 "в" */
    0xdf, 0xfe, 0xeb, 0x40, 0xc, 0x46, 0x62, 0x14,
    0xb6, 0x0, 0xa3, 0x31, 0xbc, 0xa1, 0x0, 0x1f,
    0xc, 0x0, 0x88, 0x3, 0xe1, 0x0, 0x8, 0x7,
    0x93, 0x81, 0x80, 0x2a, 0xff, 0xac, 0xa6, 0x40,
    0x11, 0x19, 0x88, 0x42, 0x58, 0x2, 0x8c, 0xc6,
    0xf5, 0x4, 0x98, 0x7, 0xca, 0xa0, 0xa0, 0xf,
    0xf1, 0x0, 0x7c, 0xaa, 0xc, 0x0, 0x46, 0x63,
    0x7a, 0x80, 0x9c, 0x0, 0x46, 0x62, 0x13, 0x8d,
    0x0,

    /* U+0433 "г" */
    0xdf, 0xff, 0xce, 0x0, 0x23, 0x3f, 0x10, 0x2,
    0x33, 0x3c, 0xa0, 0x1f, 0xff, 0xf0, 0xf, 0xfe,
    0xb8,

    /* U+0434 "д" */
    0x0, 0x93, 0xff, 0xf5, 0x0, 0x7e, 0x33, 0xc2,
    0x1, 0xfc, 0x39, 0x99, 0x80, 0x3f, 0xfb, 0x22,
    0x6, 0x1, 0xff, 0xc0, 0x20, 0x10, 0xf, 0xfe,
    0x7, 0x3, 0x0, 0x7f, 0xf0, 0x14, 0x34, 0x3,
    0xff, 0x80, 0x60, 0x60, 0x1f, 0xf3, 0x0, 0xa0,
    0x7, 0xf8, 0xa0, 0x18, 0x3, 0xfd, 0x3a, 0x20,
    0xb9, 0x9c, 0xc0, 0x98, 0x8a, 0x1, 0x11, 0x9f,
    0x8, 0x9, 0x88, 0x3, 0xff, 0xfd, 0x20, 0x1f,
    0xfd, 0x49, 0x80, 0xf, 0xf2, 0x43, 0x80,

    /* U+0435 "е" */
    0x0, 0x8e, 0xbb, 0xfd, 0x8c, 0x1, 0xcf, 0x8a,
    0x20, 0x3, 0x9b, 0x0, 0x96, 0x2, 0x3b, 0xfd,
    0x42, 0x92, 0x0, 0xb0, 0xa7, 0x10, 0x2, 0xe8,
    0x30, 0xa0, 0x92, 0x80, 0x71, 0x90, 0x26, 0x1,
    0xe6, 0x7c, 0x60, 0x44, 0x1, 0x33, 0xf8, 0x40,
    0x32, 0xff, 0xff, 0x39, 0x3, 0x0, 0x7f, 0xb4,
    0xc, 0x80, 0x3f, 0x94, 0x42, 0x40, 0x3e, 0x10,
    0x5, 0x82, 0x59, 0x80, 0x47, 0x1e, 0x0, 0x59,
    0x4, 0xcf, 0xef, 0xc7, 0x10, 0x9, 0xb5, 0x88,
    0x4, 0x49, 0x1c, 0x0,

    /* U+0436 "ж" */
    0x2, 0xef, 0x70, 0xc, 0x9f, 0xc0, 0x1d, 0x9f,
    0x40, 0x2, 0xd0, 0x85, 0x0, 0xff, 0x51, 0x9a,
    0x80, 0x23, 0xa0, 0xa3, 0x0, 0xfd, 0x2a, 0x5a,
    0x1, 0xcb, 0x1, 0xa4, 0x1, 0xe6, 0x60, 0xf8,
    0x80, 0x79, 0xd8, 0x7c, 0x40, 0x32, 0xc8, 0x69,
    0x0, 0x7e, 0x91, 0x2d, 0x0, 0x8e, 0x81, 0x8c,
    0x3, 0xf9, 0xc4, 0xe, 0x40, 0x74, 0x0, 0xc4,
    0x1, 0xf8, 0xa0, 0x2c, 0x88, 0x0, 0x16, 0x60,
    0x48, 0x7, 0xe9, 0x7, 0x4f, 0x10, 0x2, 0x4c,
    0x85, 0x14, 0x3, 0xca, 0x83, 0x0, 0x56, 0x3,
    0x60, 0xb, 0xb, 0x10, 0xc, 0x36, 0x14, 0x1,
    0x8, 0x7, 0x2a, 0xc, 0x0, 0x68, 0x15, 0x40,
    0xf, 0xf5, 0x3, 0x18, 0x0, 0xd8, 0x2c, 0x3,
    0xfe, 0x18, 0xe, 0x0, 0x70, 0x48, 0x80, 0x7f,
    0xf0, 0x1c, 0xc9, 0xc0,

    /* U+0437 "з" */
    0x8, 0xbd, 0xff, 0x6c, 0x90, 0x4, 0xe8, 0x40,
    0x2, 0x6d, 0x40, 0x4, 0xe7, 0xfd, 0x86, 0x12,
    0x0, 0x63, 0x0, 0x8f, 0xc0, 0x80, 0x3e, 0x19,
    0x3, 0x0, 0xd9, 0xbd, 0xc5, 0x1f, 0x0, 0xc4,
    0x41, 0x2, 0xc3, 0x0, 0xdd, 0xfd, 0x61, 0xaa,
    0x1, 0xe1, 0x4c, 0xa, 0x10, 0xf, 0x84, 0x81,
    0x40, 0x3e, 0x12, 0x0, 0x2b, 0x88, 0x4, 0x98,
    0x2, 0x85, 0x1d, 0xfd, 0xf6, 0x41, 0x40, 0xae,
    0x62, 0x20, 0x26, 0xd4, 0x0,

    /* U+0438 "и" */
    0xdf, 0x50, 0xe, 0xaf, 0xf3, 0x0, 0x7c, 0x6a,
    0x1, 0xfe, 0xf0, 0xf, 0xf2, 0x99, 0x20, 0x7,
    0xe8, 0x9, 0x0, 0xfc, 0xe4, 0x88, 0x0, 0xf8,
    0x60, 0x24, 0x3, 0xf4, 0x3, 0x10, 0x7, 0xc4,
    0xc1, 0x0, 0x1f, 0xa4, 0x20, 0x40, 0x3e, 0xc4,
    0x17, 0x0, 0xfc, 0xc1, 0x60, 0x1f, 0xe3, 0x50,
    0xf, 0xf7, 0x80, 0x7e,

    /* U+0439 "й" */
    0x0, 0x65, 0x0, 0x43, 0xea, 0x1, 0x91, 0x54,
    0x3, 0x60, 0xe0, 0x1a, 0x46, 0xbf, 0x95, 0xc8,
    0x3, 0xf, 0x43, 0x32, 0xe0, 0x3, 0xe7, 0x99,
    0x20, 0x6, 0xdf, 0x50, 0xe, 0xaf, 0xf3, 0x0,
    0x7c, 0x6a, 0x1, 0xfe, 0xf0, 0xf, 0xf2, 0x99,
    0x20, 0x7, 0xe8, 0x9, 0x0, 0xfc, 0xe4, 0x88,
    0x0, 0xf8, 0x60, 0x24, 0x3, 0xf4, 0x3, 0x10,
    0x7, 0xc4, 0xc1, 0x0, 0x1f, 0xa4, 0x20, 0x40,
    0x3e, 0xc4, 0x17, 0x0, 0xfc, 0xc1, 0x60, 0x1f,
    0xe3, 0x50, 0xf, 0xf7, 0x80, 0x7e,

    /* U+043A "к" */
    0xdf, 0x50, 0xc, 0x5d, 0xf2, 0x1, 0xf0, 0xf8,
    0xac, 0x80, 0x78, 0x70, 0x92, 0x80, 0x3e, 0xd2,
    0x3b, 0x0, 0xfa, 0xcc, 0xb4, 0x3, 0xea, 0x40,
    0xe1, 0x0, 0xf4, 0x28, 0x3, 0xc0, 0x3e, 0x21,
    0xb1, 0x36, 0x0, 0xfb, 0x52, 0xc2, 0x48, 0x3,
    0xa4, 0xc1, 0x54, 0x12, 0x1, 0xc6, 0x1, 0x58,
    0xa3, 0x0, 0x7e, 0x1b, 0x9, 0x10, 0xf, 0xca,
    0x81, 0x40, 0x1f, 0xd4, 0x8, 0xa0,

    /* U+043B "л" */
    0x0, 0xd1, 0xff, 0xf9, 0x40, 0x3c, 0x26, 0x78,
    0x3, 0xf9, 0x33, 0x31, 0x0, 0x7f, 0xf2, 0x8c,
    0x3, 0xfe, 0x10, 0xf, 0xfe, 0x9, 0x80, 0x80,
    0x7f, 0xcc, 0x1c, 0x1, 0xff, 0x10, 0x10, 0x7,
    0xf8, 0x84, 0x14, 0x3, 0xfd, 0x40, 0x62, 0x1,
    0xf8, 0x61, 0xc2, 0x40, 0x3f, 0xf, 0x38, 0x3a,
    0x80, 0x7f, 0xa, 0xe4, 0x0, 0x7f, 0x0,

    /* U+043C "м" */
    0xdf, 0xf4, 0x0, 0x79, 0xbf, 0xdc, 0x1, 0x30,
    0x7, 0xa8, 0x3, 0x88, 0x54, 0x3, 0x19, 0x88,
    0x3, 0x50, 0x70, 0x6, 0xa0, 0xa0, 0xc, 0x48,
    0x82, 0x0, 0x98, 0x90, 0x3, 0xb8, 0x28, 0x0,
    0xc1, 0x40, 0x1e, 0x51, 0x60, 0x5, 0x3, 0x0,
    0x7c, 0xc2, 0xa6, 0x65, 0x10, 0xf, 0xa8, 0x3a,
    0x83, 0x80, 0x3f, 0x12, 0x21, 0x89, 0x0, 0x3f,
    0xb8, 0x1, 0x40, 0x1f, 0xe5, 0xaa, 0x30, 0x7,
    0xfc, 0xaa, 0x10, 0xf, 0xfe, 0x38,

    /* U+043D "н" */
    0xdf, 0x50, 0xf, 0x57, 0xc0, 0x7, 0xff, 0xca,
    0xbf, 0xfc, 0xa0, 0x18, 0x8c, 0xfc, 0x20, 0x1a,
    0x33, 0x3c, 0x80, 0x1f, 0xff, 0x20,

    /* U+043E "о" */
    0x0, 0x96, 0xfb, 0xfa, 0x88, 0x3, 0xaa, 0x88,
    0x23, 0x2e, 0xb0, 0x5, 0xa, 0x11, 0xfd, 0xc4,
    0x9, 0x30, 0x17, 0x8, 0x70, 0x0, 0xd9, 0x84,
    0x2, 0x0, 0x1c, 0x3, 0xa0, 0x10, 0x74, 0x10,
    0x3, 0xc8, 0x0, 0x52, 0x2, 0x0, 0xfe, 0x10,
    0x1, 0x80, 0x7f, 0x88, 0x18, 0x3, 0xf8, 0x74,
    0xc, 0x40, 0x39, 0x0, 0xa, 0x80, 0x9, 0x0,
    0xe8, 0x4, 0x11, 0x38, 0x3b, 0x80, 0x3, 0x66,
    0x10, 0x0, 0x85, 0x8, 0xfe, 0xe2, 0x4, 0x98,
    0x5, 0x54, 0x41, 0x19, 0x75, 0x80, 0x0,

    /* U+043F "п" */
    0xdf, 0xff, 0xf4, 0x0, 0x8, 0xcf, 0xc2, 0x1,
    0xa3, 0x33, 0xc8, 0x1, 0xff, 0xff, 0x0, 0xff,
    0xf7, 0x80,

    /* U+0440 "р" */
    0xdf, 0x51, 0x9e, 0xfe, 0x91, 0x0, 0xc5, 0xec,
    0x2, 0x26, 0xf1, 0x0, 0xa0, 0x2f, 0xb9, 0x82,
    0x2d, 0x0, 0xda, 0x80, 0x3, 0xc0, 0x34, 0x0,
    0x21, 0x80, 0x62, 0x40, 0xd0, 0x6, 0x0, 0x7b,
    0x1, 0x40, 0x4, 0x1, 0xe2, 0x2, 0x0, 0xff,
    0xe1, 0x10, 0x7, 0x88, 0x8, 0x1, 0x80, 0x1e,
    0xc0, 0x50, 0x2, 0x18, 0x6, 0x24, 0xd, 0x0,
    0xb5, 0x0, 0x7, 0x80, 0x68, 0x0, 0x90, 0xbf,
    0xf6, 0x8, 0xb4, 0x2, 0x3f, 0x61, 0x1, 0x6f,
    0x10, 0xc, 0x33, 0xdf, 0xd2, 0x20, 0x1f, 0xfe,
    0x60,

    /* U+0441 "с" */
    0x0, 0x8a, 0x77, 0xfb, 0x60, 0x80, 0xf, 0xac,
    0x40, 0x24, 0xf2, 0xd, 0x0, 0xbb, 0xfe, 0xe9,
    0x30, 0x80, 0x6a, 0x20, 0x0, 0xb4, 0x28, 0x84,
    0x0, 0x7d, 0xa0, 0x82, 0x1, 0xf1, 0x1, 0x0,
    0x7f, 0xf1, 0xc8, 0x8, 0x3, 0xf6, 0x82, 0x8,
    0x7, 0xca, 0x21, 0x0, 0x1f, 0xa0, 0x1a, 0x88,
    0x0, 0x2d, 0x0, 0xd0, 0xb, 0xbf, 0xee, 0x93,
    0x0, 0x3e, 0x28, 0x80, 0x93, 0xc8,

    /* U+0442 "т" */
    0x4f, 0xff, 0xfe, 0x2, 0x39, 0x9f, 0x0, 0xc,
    0xf9, 0xcf, 0x33, 0x68, 0x3, 0x33, 0x8c, 0x3,
    0xff, 0xfe, 0x1, 0xff, 0xff, 0x0, 0xc0,

    /* U+0443 "у" */
    0x1f, 0xf1, 0x80, 0x7d, 0xfe, 0x41, 0x40, 0xa0,
    0xf, 0x28, 0xa, 0x7, 0x83, 0x80, 0x7b, 0x81,
    0x80, 0x8, 0x22, 0x50, 0xc, 0x48, 0x14, 0x1,
    0x30, 0x70, 0x6, 0xa0, 0x32, 0x0, 0xa8, 0x10,
    0x40, 0x26, 0x9, 0x0, 0xc4, 0x80, 0xc0, 0x4,
    0x10, 0x50, 0xe, 0xe0, 0xa0, 0x7, 0x3, 0x0,
    0x79, 0x44, 0x8c, 0x14, 0x28, 0x3, 0xe7, 0xa,
    0x60, 0x23, 0x0, 0xfa, 0xc1, 0xac, 0x28, 0x3,
    0xf1, 0x18, 0x10, 0x30, 0x7, 0xf5, 0x0, 0x10,
    0x40, 0x3f, 0x9c, 0x1, 0xe0, 0x1f, 0xe4, 0x1,
    0x40, 0xf, 0xf7, 0x3, 0x0, 0x7f, 0x95, 0x2,
    0x40, 0x3e, 0x1e, 0xe5, 0x3, 0x88, 0x7, 0xe1,
    0x11, 0x44, 0x0, 0x3e,

    /* U+0444 "ф" */
    0x0, 0xfd, 0xbe, 0xa0, 0x1f, 0xff, 0x71, 0xae,
    0xe4, 0x80, 0x64, 0xdf, 0xd6, 0x0, 0xc3, 0xea,
    0x20, 0xd8, 0x0, 0xcb, 0x20, 0x29, 0x80, 0xa,
    0xc4, 0xb7, 0xb4, 0x48, 0x19, 0xff, 0xd0, 0xe,
    0x60, 0x4a, 0x1e, 0x40, 0x5e, 0x0, 0x68, 0x0,
    0x3a, 0x84, 0x82, 0x1, 0x90, 0x4, 0x44, 0xc,
    0x0, 0xdc, 0x8, 0x1e, 0xc, 0x1, 0xff, 0xc0,
    0x50, 0x11, 0x18, 0x18, 0x7, 0xff, 0x0, 0x40,
    0x6, 0x1, 0xff, 0xc7, 0x30, 0x30, 0xf, 0xfe,
    0x0, 0x80, 0xf, 0xc1, 0x80, 0x3f, 0xf8, 0xa,
    0x0, 0x14, 0x3, 0x20, 0x8, 0x88, 0x1e, 0x1,
    0xb8, 0x14, 0x9, 0x3, 0xc8, 0xb, 0xc0, 0xb,
    0x0, 0x7, 0x50, 0x90, 0x5, 0x9, 0x6f, 0x6b,
    0x10, 0x33, 0xff, 0xa0, 0x1c, 0xc0, 0x3, 0xea,
    0x0, 0x6b, 0x0, 0x65, 0x90, 0x14, 0xc0, 0x6,
    0x1a, 0xfe, 0x90, 0xc, 0x9b, 0xfa, 0xc0, 0x1f,
    0xff, 0xf0, 0xc,

    /* U+0445 "х" */
    0x8, 0xfe, 0x10, 0xe, 0xbf, 0xc0, 0x4, 0x18,
    0xd0, 0x6, 0x64, 0xe, 0x0, 0xb8, 0x11, 0x80,
    0x5, 0x21, 0x24, 0x1, 0x14, 0x84, 0x90, 0x70,
    0x23, 0x0, 0x73, 0x20, 0x74, 0x18, 0xd0, 0x7,
    0xd4, 0x26, 0xe1, 0x62, 0x1, 0xf0, 0xc0, 0x1,
    0x54, 0x1, 0xfd, 0x40, 0x7, 0x0, 0xfe, 0x73,
    0x1, 0x29, 0x0, 0xf8, 0xe0, 0x2a, 0x80, 0xc8,
    0x1, 0xee, 0x5, 0x52, 0x38, 0x50, 0x80, 0x69,
    0x21, 0xb0, 0x4, 0x10, 0xd8, 0x4, 0x8c, 0x14,
    0x20, 0x17, 0x2, 0xb0, 0xd, 0x3, 0x20, 0x6,
    0x38, 0x9, 0x20,

    /* U+0446 "ц" */
    0xdf, 0x50, 0xf, 0x57, 0xc0, 0x7, 0xff, 0xfc,
    0x3, 0xff, 0xfe, 0x1, 0xfa, 0x33, 0x3c, 0x80,
    0xd8, 0x40, 0x2, 0x33, 0xf0, 0x80, 0x98, 0xef,
    0xff, 0xfa, 0x0, 0x3f, 0xfb, 0xa9, 0x4,

    /* U+0447 "ч" */
    0x3f, 0xe0, 0xe, 0x2f, 0xf0, 0x7, 0xff, 0x30,
    0x40, 0x3f, 0x8, 0x0, 0x40, 0x3e, 0x21, 0xb,
    0x0, 0xfd, 0x0, 0xbf, 0x99, 0x78, 0x4, 0xd4,
    0x60, 0x67, 0x10, 0x6, 0x5c, 0xff, 0xda, 0x1,
    0xff, 0xed,

    /* U+0448 "ш" */
    0xdf, 0x50, 0xc, 0x3f, 0xe1, 0x0, 0xcd, 0xf8,
    0x1, 0xff, 0xff, 0x0, 0xff, 0xff, 0x80, 0x7f,
    0xf9, 0xa3, 0x33, 0x80, 0x1b, 0x99, 0xa0, 0x3,
    0x11, 0x9e, 0x20, 0x1, 0x9f, 0x8, 0x0,

    /* U+0449 "щ" */
    0xdf, 0x50, 0xc, 0x3f, 0xe1, 0x0, 0xcd, 0xf8,
    0x1, 0xff, 0xff, 0x0, 0xff, 0xff, 0x80, 0x7f,
    0xff, 0xa3, 0x33, 0x80, 0x1b, 0x99, 0xa0, 0xf,
    0x18, 0x0, 0x46, 0x78, 0x80, 0x6, 0x7c, 0x20,
    0x3, 0xed, 0xff, 0xff, 0xe2, 0x60, 0x7, 0xff,
    0xbc, 0xa2, 0xc0,

    /* U+044A "ъ" */
    0x4f, 0xff, 0x10, 0x7, 0xe7, 0x33, 0xc0, 0x1f,
    0xf1, 0xe6, 0x60, 0xf, 0xff, 0xb6, 0xff, 0xdd,
    0x6c, 0x1, 0xfc, 0x46, 0x62, 0x14, 0x9a, 0x0,
    0xfd, 0xf9, 0x8d, 0xf8, 0x5, 0x40, 0xf, 0xfe,
    0x3, 0x90, 0x60, 0x7, 0xff, 0xf, 0xc0, 0x3f,
    0xf8, 0xe, 0x40, 0x60, 0x1f, 0x7e, 0x63, 0x7e,
    0x1, 0x50, 0x3, 0xe2, 0x33, 0x10, 0xa4, 0xd0,
    0x0,

    /* U+044B "ы" */
    0xdf, 0x50, 0xf, 0xe5, 0xfd, 0x0, 0xff, 0xff,
    0x80, 0x2b, 0xff, 0x63, 0x80, 0x7e, 0x23, 0x31,
    0x9, 0xc6, 0x80, 0x7d, 0x19, 0x8d, 0xea, 0x2,
    0x70, 0xf, 0xf9, 0x54, 0x18, 0x1, 0xff, 0xc2,
    0x10, 0xf, 0xf9, 0x54, 0x1a, 0x1, 0xe8, 0xcc,
    0x6f, 0x50, 0x13, 0x80, 0x78, 0x8c, 0xc4, 0x27,
    0x1a, 0x1, 0xc0,

    /* U+044C "ь" */
    0xdf, 0x50, 0xf, 0xff, 0xad, 0x7f, 0xec, 0x70,
    0xc, 0x46, 0x62, 0x13, 0x8d, 0x0, 0xa3, 0x31,
    0xbd, 0x40, 0x4e, 0x1, 0xf2, 0xa8, 0x30, 0x3,
    0xfc, 0x20, 0x1f, 0x2a, 0x83, 0x40, 0x11, 0x98,
    0xde, 0xa0, 0x27, 0x0, 0x11, 0x98, 0x84, 0xe3,
    0x40,

    /* U+044D "э" */
    0x28, 0xde, 0xfd, 0x93, 0x0, 0xa1, 0xc8, 0x40,
    0x9b, 0x1c, 0x1, 0x95, 0xdf, 0xee, 0x80, 0x86,
    0x6, 0x51, 0x0, 0xb, 0xc8, 0x40, 0x7, 0xe6,
    0x21, 0x50, 0x2c, 0xcf, 0x18, 0x60, 0x9, 0x9f,
    0x84, 0xc, 0xf, 0xff, 0xca, 0x1, 0xfe, 0x60,
    0x30, 0xf, 0x84, 0xc3, 0x0, 0x3e, 0xb0, 0x2,
    0xcb, 0x88, 0x0, 0xa9, 0x42, 0x40, 0xe3, 0xbf,
    0xda, 0xa0, 0xec, 0x10, 0xe4, 0x20, 0x2b, 0x90,
    0x0,

    /* U+044E "ю" */
    0xbf, 0x60, 0xc, 0x53, 0xbf, 0xec, 0x70, 0xf,
    0xe5, 0xd6, 0x20, 0x1, 0xc6, 0x8, 0x7, 0x8a,
    0x80, 0xf3, 0xfd, 0x40, 0x74, 0x1, 0xe8, 0x1,
    0xd3, 0x0, 0x2d, 0x82, 0x18, 0x7, 0x28, 0x30,
    0x80, 0x64, 0x30, 0xa0, 0x4, 0x6e, 0x80, 0x18,
    0x1, 0xe4, 0x5, 0x0, 0x9, 0x10, 0x0, 0xc0,
    0x1e, 0xe0, 0x10, 0x4, 0xff, 0x0, 0x7f, 0xf1,
    0x4, 0x0, 0xc0, 0x1e, 0xe0, 0x10, 0xe, 0x30,
    0xc0, 0xf, 0x20, 0x28, 0x7, 0x50, 0x38, 0x80,
    0x64, 0x30, 0xa0, 0xe, 0x62, 0xd, 0x30, 0x2,
    0xd8, 0x21, 0x80, 0x7b, 0xc4, 0xf3, 0xfd, 0x40,
    0x74, 0x1, 0xf1, 0x7b, 0x90, 0x0, 0xe3, 0x4,
    0x0,

    /* U+044F "я" */
    0x0, 0xc, 0x6f, 0xff, 0x98, 0x7, 0xdc, 0x84,
    0xce, 0x0, 0xd2, 0x22, 0xce, 0xcc, 0x8c, 0x2,
    0x40, 0x63, 0x0, 0xfc, 0xe0, 0x1f, 0xf1, 0x83,
    0x98, 0x7, 0xe9, 0x20, 0xce, 0xcc, 0x8c, 0x2,
    0x1d, 0x81, 0x11, 0x9c, 0x1, 0xe5, 0x10, 0xcf,
    0xf1, 0x80, 0x74, 0x83, 0x18, 0x7, 0xcc, 0x83,
    0x20, 0x1f, 0xc, 0x5, 0x0, 0x7e, 0xb1, 0x54,
    0x0, 0xf9, 0x54, 0x36, 0x1, 0xf8,

    /* U+0450 "ѐ" */
    0x0, 0x2c, 0x20, 0x7, 0xf9, 0xdd, 0x64, 0x1,
    0xfc, 0x56, 0x1c, 0x1, 0xfe, 0x49, 0x38, 0x0,
    0xff, 0x33, 0xb9, 0x0, 0x3f, 0xd1, 0xe8, 0x1,
    0xff, 0xc9, 0x3a, 0xef, 0xf6, 0x30, 0x7, 0x3e,
    0x28, 0x80, 0xe, 0x6c, 0x2, 0x58, 0x8, 0xef,
    0xf5, 0xa, 0x48, 0x2, 0xc2, 0x9c, 0x40, 0xb,
    0xa0, 0xc2, 0x82, 0x4a, 0x1, 0xc6, 0x40, 0x98,
    0x7, 0x99, 0xf1, 0x81, 0x10, 0x4, 0xcf, 0xe1,
    0x0, 0xcb, 0xff, 0xfc, 0xe4, 0xc, 0x1, 0xfe,
    0xd0, 0x32, 0x0, 0xfe, 0x51, 0x9, 0x0, 0xf8,
    0x40, 0x16, 0x9, 0x66, 0x1, 0x1c, 0x78, 0x1,
    0x64, 0x13, 0x3f, 0xbf, 0x1c, 0x40, 0x26, 0xd6,
    0x20, 0x11, 0x24, 0x70, 0x0,

    /* U+0451 "ё" */
    0x0, 0x95, 0xd0, 0x5, 0xdc, 0x20, 0x1d, 0xd1,
    0xc0, 0x71, 0x2, 0x0, 0xff, 0xe3, 0x5f, 0xd0,
    0x17, 0xf8, 0xc0, 0x3f, 0xfa, 0x67, 0x5d, 0xfe,
    0xc6, 0x0, 0xe7, 0xc5, 0x10, 0x1, 0xcd, 0x80,
    0x4b, 0x1, 0x1d, 0xfe, 0xa1, 0x49, 0x0, 0x58,
    0x53, 0x88, 0x1, 0x74, 0x18, 0x50, 0x49, 0x40,
    0x38, 0xc8, 0x13, 0x0, 0xf3, 0x3e, 0x30, 0x22,
    0x0, 0x99, 0xfc, 0x20, 0x19, 0x7f, 0xff, 0x9c,
    0x81, 0x80, 0x3f, 0xda, 0x6, 0x40, 0x1f, 0xca,
    0x21, 0x20, 0x1f, 0x8, 0x2, 0xc1, 0x2c, 0xc0,
    0x23, 0x8f, 0x0, 0x2c, 0x82, 0x67, 0xf7, 0xe3,
    0x88, 0x4, 0xda, 0xc4, 0x2, 0x24, 0x8e, 0x0,

    /* U+0452 "ђ" */
    0x0, 0x37, 0xe0, 0x7, 0xff, 0xd5, 0xfe, 0x40,
    0xff, 0xfc, 0x40, 0x2, 0x32, 0x0, 0x19, 0xfc,
    0x0, 0x5c, 0xb0, 0x3c, 0xcf, 0x8, 0x7, 0xff,
    0x61, 0x2f, 0xfd, 0x8a, 0x1, 0xf3, 0xda, 0x0,
    0xe, 0x9c, 0x3, 0x8a, 0x21, 0xdf, 0xa8, 0x10,
    0x20, 0x18, 0x5d, 0xc2, 0x5, 0x62, 0xe, 0x1,
    0xd0, 0x1, 0xca, 0x1e, 0x1, 0x88, 0x3, 0xc4,
    0x6, 0x1, 0x84, 0x3, 0xff, 0x90, 0x60, 0x40,
    0x1f, 0xf2, 0x5, 0x80, 0x1b, 0xf0, 0x3, 0x94,
    0x4c, 0xc0, 0x1f, 0xc3, 0x61, 0xe0, 0x1f, 0xc5,
    0x83, 0x26, 0x1, 0xfa, 0x34, 0xa5, 0x80, 0x3f,
    0x94, 0xf1, 0x80, 0x3f, 0xd9, 0x83, 0x0, 0xc0,

    /* U+0453 "ѓ" */
    0x0, 0xf1, 0xff, 0x88, 0x3, 0xdc, 0x16, 0x40,
    0x1d, 0x25, 0x28, 0x1, 0xca, 0xcd, 0x0, 0x78,
    0xa2, 0x40, 0x3e, 0x77, 0x0, 0x6d, 0xff, 0xfc,
    0xe0, 0x2, 0x33, 0xf1, 0x0, 0x23, 0x33, 0xca,
    0x1, 0xff, 0xff, 0x0, 0xff, 0xeb, 0x80,

    /* U+0454 "є" */
    0x0, 0x8a, 0x77, 0xfb, 0x60, 0x80, 0xf, 0xac,
    0x40, 0x24, 0xf2, 0xb, 0x1, 0x1d, 0xfe, 0xea,
    0xc0, 0xb0, 0x87, 0x10, 0x0, 0xab, 0xa8, 0x89,
    0xc0, 0x3e, 0xd0, 0x1c, 0xcf, 0x18, 0x10, 0x0,
    0xcf, 0xce, 0x1, 0x2f, 0xff, 0x90, 0x8, 0x1c,
    0x3, 0xf6, 0x81, 0x10, 0x3, 0xe5, 0x10, 0x80,
    0xf, 0xd0, 0xb, 0x64, 0x0, 0x16, 0x90, 0x67,
    0x4, 0xdf, 0xf7, 0x49, 0x0, 0x23, 0x14, 0x40,
    0x49, 0xe4,

    /* U+0455 "ѕ" */
    0x0, 0x36, 0x7f, 0xbb, 0x64, 0xc0, 0x17, 0x26,
    0x2, 0x22, 0x69, 0x5, 0x40, 0xaf, 0xef, 0xe9,
    0xc0, 0xc0, 0x65, 0x0, 0x85, 0x98, 0x2, 0x6,
    0x1, 0xfa, 0xc1, 0x6d, 0x44, 0x3, 0x8e, 0x1,
    0x2b, 0xb6, 0x8, 0x2, 0x7e, 0x84, 0x2, 0x7d,
    0x50, 0x8, 0x5e, 0xff, 0x10, 0x28, 0x3, 0xe3,
    0xb0, 0x1, 0x80, 0x7f, 0x9e, 0xa5, 0x0, 0x21,
    0xa0, 0x2, 0xb, 0x5f, 0xf7, 0xf2, 0x85, 0x4,
    0xc2, 0x10, 0x81, 0x36, 0xa8, 0x0,

    /* U+0456 "і" */
    0xbf, 0x60, 0x8, 0x88, 0x73, 0xaa, 0x1, 0x5f,
    0xb0, 0x7, 0xff, 0x6c,

    /* U+0457 "ї" */
    0x2f, 0xf1, 0x84, 0xfe, 0x80, 0x7e, 0x38, 0x81,
    0x6, 0xc5, 0x8b, 0xb8, 0x41, 0x1d, 0x80, 0x3f,
    0xeb, 0xf6, 0x0, 0xff, 0xff, 0x80, 0x7f, 0xf4,
    0xc0,

    /* U+0458 "ј" */
    0x0, 0xaf, 0xd8, 0x3, 0xf8, 0x88, 0x60, 0x14,
    0xea, 0x80, 0x7f, 0x5f, 0xb0, 0x7, 0xff, 0xfc,
    0x3, 0xce, 0x1, 0xc2, 0x4, 0x0, 0x42, 0x5,
    0x6f, 0xb0, 0x51, 0x10, 0xb, 0xd0, 0x0,

    /* U+0459 "љ" */
    0x0, 0xd1, 0xff, 0xf8, 0x3, 0xff, 0x84, 0x26,
    0x71, 0x0, 0x7f, 0xf1, 0x13, 0x32, 0xf0, 0xf,
    0xfe, 0xc9, 0x80, 0x7f, 0xf1, 0x84, 0x3, 0xff,
    0x90, 0x60, 0x20, 0x1e, 0xff, 0xba, 0x8c, 0x3,
    0xcc, 0x1c, 0x1, 0xe3, 0x31, 0xa, 0xe3, 0x0,
    0x71, 0x1, 0x0, 0x7b, 0x31, 0xbc, 0x81, 0x20,
    0x18, 0x84, 0x14, 0x3, 0xf8, 0x64, 0x0, 0x60,
    0x12, 0x81, 0x88, 0x7, 0xff, 0x4, 0x40, 0xf,
    0x1, 0x20, 0x1f, 0xe1, 0x90, 0x1, 0xf, 0xc0,
    0x3a, 0x80, 0x7d, 0x98, 0xde, 0x40, 0x90, 0x0,
    0xae, 0x40, 0x7, 0xe3, 0x31, 0xa, 0xe3, 0x0,

    /* U+045A "њ" */
    0xdf, 0x50, 0xe, 0x4f, 0xe0, 0xf, 0xff, 0xf8,
    0x7, 0xff, 0x4a, 0xbf, 0xfa, 0xc0, 0x7f, 0xed,
    0xa2, 0x0, 0xc4, 0x67, 0xc4, 0x0, 0x33, 0x11,
    0x17, 0x50, 0x2, 0x8c, 0xce, 0x90, 0x1c, 0xc6,
    0xf1, 0x84, 0x80, 0x7f, 0xf0, 0xc6, 0x0, 0x84,
    0x3, 0xff, 0xaa, 0x30, 0x4, 0x20, 0x1f, 0xe1,
    0xcc, 0x6f, 0x18, 0x48, 0x7, 0xff, 0x0, 0xcc,
    0x44, 0x5c, 0x40,

    /* U+045B "ћ" */
    0x0, 0x37, 0xe0, 0x7, 0xff, 0xd5, 0xfe, 0x40,
    0xff, 0xfc, 0x40, 0x2, 0x32, 0x0, 0x19, 0xfc,
    0x0, 0x5c, 0xb0, 0x3c, 0xcf, 0x8, 0x7, 0xff,
    0x61, 0x2f, 0xbf, 0x14, 0x3, 0xe7, 0xb4, 0x10,
    0x3a, 0x70, 0xe, 0x28, 0x87, 0x7e, 0xa0, 0x40,
    0x80, 0x61, 0x77, 0x8, 0x15, 0x88, 0x38, 0x7,
    0x40, 0x7, 0x20, 0x70, 0x6, 0x20, 0xf, 0x18,
    0x8, 0x6, 0x10, 0xf, 0x8, 0x7, 0xff, 0x48,

    /* U+045C "ќ" */
    0x0, 0xf3, 0x7e, 0x0, 0x7e, 0x29, 0x1d, 0x0,
    0xfd, 0xe1, 0x82, 0x1, 0xf4, 0x95, 0x90, 0x7,
    0xc3, 0xd4, 0x80, 0x1f, 0x85, 0xd4, 0x3, 0xdb,
    0xea, 0x1, 0x8b, 0xbe, 0x40, 0x3e, 0x1f, 0x15,
    0x90, 0xf, 0xe, 0x12, 0x50, 0x7, 0xda, 0x47,
    0x60, 0x1f, 0x59, 0x96, 0x80, 0x7d, 0x48, 0x1c,
    0x20, 0x1e, 0x85, 0x0, 0x78, 0x7, 0xc4, 0x36,
    0x26, 0xc0, 0x1f, 0x6a, 0x58, 0x49, 0x0, 0x74,
    0x98, 0x2a, 0x82, 0x40, 0x38, 0xc0, 0x2b, 0x14,
    0x60, 0xf, 0xc3, 0x61, 0x22, 0x1, 0xf9, 0x50,
    0x28, 0x3, 0xfa, 0x81, 0x14,

    /* U+045D "ѝ" */
    0x8, 0xfb, 0x0, 0xfe, 0x85, 0x47, 0x0, 0xfe,
    0xa3, 0x83, 0x0, 0xfe, 0xd2, 0xd1, 0x0, 0xfc,
    0x3e, 0xca, 0x1, 0xfc, 0x50, 0x80, 0x1d, 0xbe,
    0xa0, 0x1d, 0x5f, 0xe6, 0x0, 0xf8, 0xd4, 0x3,
    0xfd, 0xe0, 0x1f, 0xe5, 0x32, 0x40, 0xf, 0xd0,
    0x12, 0x1, 0xf9, 0xc9, 0x10, 0x1, 0xf0, 0xc0,
    0x48, 0x7, 0xe8, 0x6, 0x20, 0xf, 0x89, 0x82,
    0x0, 0x3f, 0x48, 0x40, 0x80, 0x7d, 0x88, 0x2e,
    0x1, 0xf9, 0x82, 0xc0, 0x3f, 0xc6, 0xa0, 0x1f,
    0xef, 0x0, 0xfc,

    /* U+045E "ў" */
    0x0, 0x9f, 0xc4, 0x2, 0xda, 0x0, 0xf2, 0x87,
    0x5d, 0xb8, 0xb8, 0x3, 0xc5, 0x88, 0xa8, 0x54,
    0x80, 0x1f, 0x1d, 0xf7, 0xe2, 0x80, 0x7f, 0xf1,
    0x87, 0xfc, 0x60, 0x1f, 0x7f, 0x90, 0x50, 0x28,
    0x3, 0xca, 0x2, 0x81, 0xe0, 0xe0, 0x1e, 0xe0,
    0x60, 0x2, 0x8, 0x94, 0x3, 0x12, 0x5, 0x0,
    0x4c, 0x1c, 0x1, 0xa8, 0xc, 0x80, 0x2a, 0x4,
    0x10, 0x9, 0x82, 0x40, 0x31, 0x20, 0x30, 0x1,
    0x4, 0x14, 0x3, 0xb8, 0x28, 0x1, 0xc0, 0xc0,
    0x1e, 0x51, 0x23, 0x5, 0xa, 0x0, 0xf9, 0xc2,
    0x98, 0x8, 0xc0, 0x3e, 0xb0, 0x6b, 0xa, 0x0,
    0xfc, 0x46, 0x4, 0xc, 0x1, 0xfd, 0x40, 0x4,
    0x10, 0xf, 0xe7, 0x0, 0x78, 0x7, 0xf9, 0x0,
    0x50, 0x3, 0xfd, 0xc0, 0xc0, 0x1f, 0xe5, 0x40,
    0x90, 0xf, 0x87, 0xb9, 0x40, 0xe2, 0x1, 0xf8,
    0x44, 0x51, 0x0, 0xf, 0x80,

    /* U+045F "џ" */
    0xdf, 0x50, 0xf, 0x57, 0xc0, 0x7, 0xff, 0xfc,
    0x3, 0xff, 0xdf, 0x19, 0x9e, 0x40, 0xc, 0x46,
    0x7e, 0x10, 0x6, 0xff, 0xe0, 0x4f, 0xfd, 0x0,
    0x1f, 0xfd, 0x17, 0xe0, 0xe,

    /* U+0490 "Ґ" */
    0x0, 0xfe, 0xcf, 0x40, 0xf, 0xfe, 0xc5, 0x7f,
    0xfe, 0x30, 0xf, 0xfe, 0x22, 0x77, 0x7e, 0x40,
    0x8, 0x47, 0xf0, 0x7, 0xff, 0xfc, 0x3, 0xff,
    0xfe, 0x1, 0xff, 0xc7,

    /* U+0491 "ґ" */
    0x0, 0xf8, 0xa0, 0xc0, 0x3e, 0x67, 0x40, 0xf,
    0xfe, 0x46, 0xff, 0xfa, 0xc0, 0x31, 0x19, 0xf8,
    0x80, 0x11, 0x99, 0xe5, 0x0, 0xff, 0xff, 0x80,
    0x7f, 0xf5, 0xc0,

    /* U+060C "،" */
    0x0, 0x45, 0x81, 0x38, 0x84, 0x6, 0x1a, 0x82,
    0x20, 0x0, 0x40, 0x18,

    /* U+061B "؛" */
    0x0, 0x66, 0x82, 0x1a, 0x4, 0x6, 0x21, 0x82,
    0x18, 0x0, 0x48, 0xcc, 0xb, 0x98, 0x0, 0xff,
    0xe4, 0xb7, 0xf8, 0x4, 0x3, 0xe0,

    /* U+061F "؟" */
    0x0, 0x1d, 0x77, 0xf5, 0xb0, 0x4, 0x98, 0xa2,
    0x2, 0x93, 0xc0, 0xa, 0x2, 0xcf, 0xf6, 0x28,
    0x88, 0xc4, 0x24, 0xc0, 0x7, 0x58, 0x20, 0x13,
    0x0, 0x71, 0x81, 0x80, 0x14, 0x3, 0xf4, 0x4,
    0x20, 0x7, 0xce, 0xc1, 0x68, 0x1, 0xf4, 0xb0,
    0x59, 0x80, 0x7d, 0x28, 0x1e, 0x1, 0xfa, 0x0,
    0xc0, 0x3f, 0x10, 0x0, 0x80, 0x3f, 0xf8, 0xc3,
    0x76, 0x20, 0xf, 0xc8, 0x80, 0xf, 0xc5, 0xfe,
    0x30, 0xf, 0xfe, 0x68,

    /* U+0621 "ء" */
    0x0, 0xe1, 0x0, 0xe2, 0xbf, 0xef, 0x50, 0x1,
    0x6a, 0x0, 0x46, 0x0, 0x80, 0x2c, 0xfd, 0x70,
    0x2, 0x4, 0x98, 0x10, 0x80, 0x4, 0x1c, 0x3,
    0xc6, 0x1c, 0x60, 0x2, 0x20, 0x78, 0x16, 0x76,
    0xe9, 0xc0, 0xf8, 0xc0, 0x48, 0x4, 0x2b, 0xcc,
    0x0, 0xda, 0x82, 0xa2, 0x73, 0xd2, 0x40, 0x33,
    0xb8, 0xc2, 0x1, 0x0,

    /* U+0622 "آ" */
    0x1, 0x10, 0x7, 0x1a, 0x7f, 0x98, 0x44, 0xbb,
    0x73, 0x2b, 0x8e, 0xe5, 0xd4, 0x73, 0xaf, 0x6e,
    0xb9, 0xc0, 0xc0, 0x22, 0x20, 0x7, 0xaf, 0xd8,
    0x3, 0xff, 0xfe, 0x1, 0xff, 0xff, 0x0, 0xf0,

    /* U+0623 "أ" */
    0x1b, 0xfd, 0x8, 0xc, 0x80, 0x3c, 0x35, 0xe,
    0x8a, 0xa1, 0xf0, 0x38, 0xc, 0xf6, 0xd1, 0x1d,
    0x7b, 0x0, 0x7f, 0xff, 0xc0, 0x3f, 0xe0,

    /* U+0624 "ؤ" */
    0x0, 0xc5, 0x7f, 0x80, 0x1f, 0x40, 0xe4, 0x80,
    0x7c, 0x3a, 0x6a, 0x1, 0xf7, 0x45, 0x59, 0x0,
    0x7a, 0x40, 0x4c, 0xc0, 0x1e, 0xef, 0xb8, 0x10,
    0xf, 0x10, 0x19, 0x0, 0x7c, 0xff, 0x9b, 0x84,
    0x1, 0x9e, 0x0, 0x23, 0xf0, 0xd, 0x20, 0xbd,
    0x80, 0x4c, 0x1, 0x8, 0x78, 0x9b, 0x87, 0x80,
    0x44, 0x10, 0xa5, 0xe0, 0x40, 0x14, 0x81, 0x56,
    0xc0, 0x7, 0x26, 0x31, 0x0, 0x42, 0x1, 0x8e,
    0x77, 0xcc, 0x30, 0x3, 0xe7, 0x30, 0x70, 0xf,
    0x4c, 0x3, 0x89, 0x1a, 0x34, 0xf3, 0x2, 0xc0,
    0x6e, 0x5c, 0xb0, 0x84, 0x50, 0x6, 0x13, 0x6a,
    0xf7, 0x0, 0x80,

    /* U+0625 "إ" */
    0xb, 0xf6, 0x0, 0xff, 0xff, 0x80, 0x7f, 0xf0,
    0x2f, 0xd8, 0x6, 0xff, 0x42, 0x3, 0x20, 0xc,
    0xe5, 0xe, 0x7c, 0xc2, 0x78, 0xb5, 0x2d, 0xf5,
    0x30, 0x80,

    /* U+0626 "ئ" */
    0x0, 0x9b, 0xbd, 0x80, 0x3f, 0xf8, 0x3, 0x37,
    0x8a, 0x1, 0xff, 0xc2, 0x43, 0x30, 0x7, 0xff,
    0x0, 0x4f, 0xb3, 0x0, 0x1f, 0xfc, 0x3, 0x15,
    0xae, 0x0, 0x2d, 0x6e, 0xa8, 0xc0, 0x31, 0xed,
    0x31, 0xe, 0x52, 0x91, 0x17, 0x18, 0x3, 0xf3,
    0x18, 0xd7, 0xf3, 0x84, 0x80, 0x7e, 0xe0, 0x55,
    0x0, 0xc5, 0x50, 0x40, 0x3e, 0xd0, 0x4c, 0x61,
    0x5, 0x50, 0x81, 0x10, 0x40, 0x24, 0x90, 0x39,
    0xe9, 0x10, 0xb, 0x74, 0x60, 0x19, 0xba, 0x50,
    0x1b, 0x0, 0xa, 0x4, 0x40, 0xe, 0x16, 0xbe,
    0x2, 0x50, 0x30, 0x60, 0xf, 0xe1, 0x0, 0x10,
    0x10, 0x28, 0x7, 0xe1, 0xb0, 0x2, 0x82, 0x8,
    0xb1, 0x0, 0x4, 0x8d, 0x5c, 0x81, 0x44, 0x0,
    0xc1, 0x3b, 0xff, 0x6d, 0xca, 0x82, 0x6a, 0x80,
    0x45, 0xd0, 0x40, 0x1, 0x36, 0xae, 0xb2, 0x0,
    0x80,

    /* U+0627 "ا" */
    0xbf, 0x60, 0xf, 0xff, 0x38,

    /* U+0628 "ب" */
    0x6, 0x82, 0x0, 0xff, 0xe0, 0xb7, 0xc9, 0x4b,
    0x10, 0x7, 0xff, 0x4, 0xc0, 0x90, 0x8, 0x3,
    0xff, 0x85, 0xa0, 0x20, 0x7, 0x0, 0xff, 0xe0,
    0x93, 0x86, 0x28, 0x22, 0x0, 0x3f, 0xc2, 0xf8,
    0x4, 0xc6, 0x81, 0x76, 0x52, 0x11, 0x12, 0x34,
    0xe7, 0x40, 0x9e, 0x0, 0x2d, 0x41, 0x2b, 0x7b,
    0x9b, 0x72, 0xc6, 0x7, 0x38, 0x20, 0x15, 0x6b,
    0x98, 0x80, 0x4, 0x91, 0xeb, 0xb1, 0x80, 0x3c,
    0x51, 0x9d, 0xfe, 0xed, 0xb8, 0x51, 0x0, 0xff,
    0xea, 0xaf, 0xb0, 0x7, 0xff, 0x14, 0x4c, 0xc0,
    0x1f, 0xc0,

    /* U+0629 "ة" */
    0x1, 0xfb, 0x2f, 0xa0, 0xc, 0x26, 0x7b, 0x40,
    0x3b, 0x20, 0x71, 0xc0, 0x3f, 0xf8, 0x77, 0xfe,
    0xd6, 0x0, 0xd4, 0x80, 0x2, 0x9c, 0x10, 0x15,
    0x9, 0xfa, 0x13, 0xc1, 0x50, 0x16, 0x5, 0xf2,
    0x24, 0x88, 0x10, 0x4, 0x30, 0xa, 0x1, 0xf1,
    0x80, 0xb8, 0x1b, 0x0, 0x1a, 0x41, 0x9, 0x2,
    0x7f, 0xd2, 0x7, 0x1, 0x6e, 0x40, 0x2b, 0x78,
    0x0,

    /* U+062A "ت" */
    0x0, 0xfa, 0x6c, 0x2a, 0x80, 0x1f, 0xfc, 0x35,
    0x40, 0x74, 0x0, 0xe1, 0x32, 0x7, 0x82, 0x0,
    0xb3, 0xc3, 0x78, 0x3, 0x9f, 0x20, 0xa1, 0x88,
    0x3, 0xff, 0x82, 0x60, 0x28, 0xa, 0x1, 0xff,
    0xc2, 0xc0, 0x10, 0xf, 0xfe, 0x21, 0xb0, 0x7a,
    0x82, 0x20, 0x3, 0xfc, 0x2f, 0x80, 0x6a, 0x68,
    0x17, 0x66, 0x21, 0x11, 0x23, 0xce, 0xf4, 0x2,
    0x68, 0x2, 0xd4, 0x12, 0x77, 0xb9, 0xb7, 0xc,
    0x40, 0x75, 0x62, 0x1, 0x56, 0xb9, 0x88, 0x0,
    0x49, 0x1e, 0xbb, 0x14, 0x2,

    /* U+062B "ث" */
    0x0, 0xfc, 0x98, 0xa0, 0x1f, 0xfc, 0x51, 0x33,
    0x0, 0x7f, 0xf1, 0x57, 0xd8, 0x3, 0xff, 0x89,
    0x36, 0x15, 0x40, 0xf, 0xfe, 0x1a, 0xa0, 0x3a,
    0x0, 0x70, 0x99, 0x3, 0xc1, 0x0, 0x59, 0xe1,
    0xbc, 0x1, 0xcf, 0x90, 0x50, 0xc4, 0x1, 0xff,
    0xc1, 0x30, 0x14, 0x5, 0x0, 0xff, 0xe1, 0x60,
    0x8, 0x7, 0xff, 0x10, 0xd8, 0x3d, 0x41, 0x10,
    0x1, 0xfe, 0x17, 0xc0, 0x35, 0x34, 0xb, 0xb3,
    0x10, 0x88, 0x91, 0xe7, 0x7a, 0x1, 0x34, 0x1,
    0x6a, 0x9, 0x3b, 0xdc, 0xdb, 0x86, 0x20, 0x3a,
    0xb1, 0x0, 0xab, 0x5c, 0xc4, 0x0, 0x24, 0x8f,
    0x5d, 0x8a, 0x1, 0x0,

    /* U+062C "ج" */
    0x5, 0x8b, 0xde, 0xff, 0x76, 0x53, 0x80, 0x45,
    0x4e, 0x84, 0x20, 0x1, 0x35, 0x81, 0x0, 0x92,
    0x6f, 0x60, 0x40, 0x6, 0xce, 0x20, 0x2, 0xb6,
    0x49, 0x81, 0x7d, 0xc9, 0x80, 0xf, 0x5a, 0xe,
    0x41, 0x0, 0x7e, 0x74, 0x1f, 0x30, 0xf, 0xf4,
    0x85, 0x8, 0x7, 0xf9, 0x44, 0x90, 0x3, 0xfe,
    0xd0, 0x40, 0xd, 0x74, 0x1, 0xe1, 0x1, 0x0,
    0xca, 0xe0, 0x1e, 0x10, 0x20, 0xd, 0xda, 0x1,
    0xec, 0x4, 0x10, 0xf, 0xf9, 0x4, 0x54, 0x1,
    0xfc, 0x20, 0xa, 0x4, 0xd6, 0x20, 0x8, 0x9b,
    0x18, 0x0, 0x96, 0x25, 0x3b, 0xff, 0x6c, 0x98,
    0x6, 0x4e, 0xa5, 0x21, 0x0, 0x12, 0xd3, 0x80,

    /* U+062D "ح" */
    0x6, 0x9c, 0xde, 0xff, 0x76, 0xdc, 0x0, 0x45,
    0x2c, 0x64, 0x20, 0x1, 0x24, 0x71, 0x0, 0x96,
    0x73, 0x60, 0x40, 0x6, 0xd0, 0x20, 0x2, 0xa6,
    0x2e, 0x81, 0x7e, 0xc9, 0x70, 0xf, 0x51, 0x96,
    0xc0, 0x80, 0x7e, 0x74, 0x1c, 0x20, 0xf, 0xf4,
    0x5, 0x8, 0x7, 0xf9, 0x40, 0x90, 0x3, 0xfe,
    0xd0, 0x40, 0xf, 0xfe, 0x0, 0x80, 0x80, 0x7f,
    0xf0, 0x4, 0x8, 0x3, 0xff, 0x81, 0x80, 0xa2,
    0x1, 0xff, 0x20, 0x85, 0x0, 0x7f, 0x8, 0x2,
    0x81, 0x35, 0x88, 0x2, 0x27, 0xd6, 0x0, 0x25,
    0x89, 0x4e, 0xff, 0xdb, 0x4, 0x1, 0x93, 0xa9,
    0x48, 0x40, 0x4, 0xb4, 0xe0,

    /* U+062E "خ" */
    0x0, 0xe4, 0xf8, 0x0, 0xff, 0xe0, 0x39, 0xf0,
    0x7, 0xff, 0x0, 0xf1, 0x80, 0x3f, 0xf9, 0x6d,
    0x39, 0xbd, 0xfe, 0xed, 0xb8, 0x0, 0x8a, 0x58,
    0xc8, 0x40, 0x2, 0x48, 0xe2, 0x1, 0x2c, 0xe6,
    0xc0, 0x80, 0xd, 0xa0, 0x40, 0x5, 0x4c, 0x5d,
    0x2, 0xfd, 0x92, 0xe0, 0x1e, 0xa3, 0x2d, 0x81,
    0x0, 0xfc, 0xe8, 0x38, 0x40, 0x1f, 0xe8, 0xa,
    0x10, 0xf, 0xf2, 0x81, 0x20, 0x7, 0xfd, 0xa0,
    0x80, 0x1f, 0xfc, 0x1, 0x1, 0x0, 0xff, 0xe0,
    0x8, 0x10, 0x7, 0xff, 0x3, 0x1, 0x44, 0x3,
    0xfe, 0x41, 0xa, 0x0, 0xfe, 0x10, 0x5, 0x2,
    0x6b, 0x10, 0x4, 0x4f, 0xac, 0x0, 0x4b, 0x12,
    0x9d, 0xff, 0xb6, 0x8, 0x3, 0x27, 0x52, 0x90,
    0x80, 0x9, 0x69, 0xc0,

    /* U+062F "د" */
    0x0, 0xb, 0xc2, 0x0, 0x70, 0x93, 0xda, 0x0,
    0x72, 0xc0, 0x50, 0x80, 0x73, 0x98, 0xc8, 0x7,
    0xa0, 0x1c, 0x3, 0xc8, 0x0, 0x30, 0xf, 0xce,
    0x1, 0xca, 0x0, 0x54, 0x52, 0x39, 0xa0, 0x41,
    0xca, 0xdc, 0x60, 0x2a, 0xd, 0x20, 0x1, 0xc6,
    0x88, 0x0,

    /* U+0630 "ذ" */
    0x0, 0x16, 0x30, 0x7, 0x84, 0xfc, 0x3, 0xc7,
    0xf2, 0x1, 0xff, 0xc3, 0x19, 0x92, 0x80, 0x70,
    0xeb, 0x52, 0x80, 0x72, 0x48, 0x50, 0x80, 0x73,
    0x20, 0x40, 0x7, 0xbc, 0x18, 0x3, 0xc8, 0x0,
    0x30, 0xf, 0xce, 0x1, 0xcc, 0x0, 0x54, 0x52,
    0x39, 0x90, 0x20, 0xe5, 0x6e, 0x30, 0x15, 0x6,
    0x90, 0x0, 0xe3, 0x44, 0x0,

    /* U+0631 "ر" */
    0x0, 0xfc, 0x90, 0xa0, 0x1f, 0xe7, 0x80, 0xf,
    0xe5, 0x2, 0x0, 0xfe, 0x10, 0x1, 0x0, 0x7f,
    0xc6, 0x1, 0xf8, 0xc0, 0x2, 0x1, 0xfa, 0xc0,
    0xc0, 0x3f, 0x13, 0x85, 0x0, 0x7c, 0x5e, 0x2,
    0xc0, 0x1e, 0x7d, 0x20, 0xd0, 0x1, 0x1b, 0x4f,
    0x40, 0xe, 0x18, 0x3, 0x72, 0x58, 0x45, 0x1c,
    0x60, 0x18, 0x4d, 0xaf, 0x9c, 0x3, 0x80,

    /* U+0632 "ز" */
    0x0, 0xfd, 0x5e, 0x20, 0x1f, 0xc4, 0x62, 0x1,
    0xfd, 0x18, 0x1, 0xff, 0xca, 0x25, 0x30, 0xf,
    0xe7, 0xae, 0x0, 0xfe, 0x40, 0x20, 0xf, 0xe1,
    0x0, 0x10, 0x7, 0xfc, 0x60, 0x1f, 0x88, 0x0,
    0x20, 0x1f, 0x94, 0xc, 0x3, 0xf0, 0xc0, 0x58,
    0x7, 0xc5, 0x80, 0x2e, 0x1, 0xe6, 0xc2, 0xa,
    0x0, 0x11, 0xb4, 0xf4, 0x88, 0xad, 0x0, 0x1b,
    0x92, 0xc2, 0x27, 0xf4, 0x0, 0xc2, 0x6d, 0x7d,
    0x2, 0x1, 0x80,

    /* U+0633 "س" */
    0x0, 0xff, 0xe6, 0x6f, 0xa8, 0x7, 0xfc, 0xf0,
    0x20, 0x19, 0xe0, 0x40, 0x3f, 0xf8, 0xb8, 0xee,
    0x0, 0xd0, 0xe4, 0x1, 0xff, 0xc5, 0xd0, 0xc0,
    0xf, 0x38, 0x7, 0x8, 0x1c, 0x30, 0x7, 0xc8,
    0xa, 0x1, 0x18, 0x0, 0xc0, 0x22, 0x0, 0xa1,
    0xc4, 0x3, 0xe3, 0x0, 0x38, 0x2, 0x80, 0x12,
    0x20, 0x60, 0x6, 0x14, 0x6, 0x0, 0xf8, 0x40,
    0x11, 0x32, 0x60, 0x11, 0x64, 0x70, 0x11, 0x14,
    0x8, 0x40, 0x3e, 0x20, 0x9, 0x98, 0xb, 0x20,
    0x4e, 0x41, 0x20, 0x40, 0xc0, 0x1f, 0x94, 0x5,
    0x40, 0x52, 0xde, 0x44, 0x13, 0x10, 0x4, 0x3,
    0xf8, 0x64, 0x1e, 0xbf, 0xac, 0x41, 0xbb, 0xec,
    0xc0, 0x4, 0xa, 0x1, 0xf5, 0x8, 0x50, 0x7,
    0xff, 0x5, 0x0, 0x6d, 0x4, 0x5, 0x75, 0x1,
    0xcc, 0x3, 0xff, 0x82, 0x30, 0x9, 0x7d, 0xfd,
    0x44, 0xf, 0x0, 0x1f, 0xfc, 0x37, 0xa3, 0x0,
    0xe5, 0xc8, 0x0, 0xff, 0xe2, 0xae, 0x7e, 0xed,
    0xf4, 0x60, 0x1f, 0xfc, 0x40,

    /* U+0634 "ش" */
    0x0, 0xff, 0xe1, 0xd5, 0x0, 0x3f, 0xf9, 0xa8,
    0x80, 0xf, 0xfe, 0x6f, 0x70, 0x3, 0xff, 0x96,
    0x98, 0x8b, 0x88, 0x1, 0xff, 0xc9, 0x13, 0x23,
    0x30, 0x80, 0x7f, 0xf2, 0x57, 0xd9, 0x9e, 0xa0,
    0x1c, 0xac, 0x40, 0x1f, 0xfc, 0xc8, 0x97, 0x0,
    0xff, 0xa2, 0x48, 0x3, 0x44, 0x88, 0x7, 0xff,
    0x14, 0x99, 0x0, 0x33, 0xb1, 0x0, 0x7f, 0xf1,
    0x70, 0x30, 0x3, 0xce, 0x1, 0xc2, 0x7, 0x2e,
    0x1, 0xf2, 0x2, 0x80, 0x46, 0x0, 0x30, 0x8,
    0x80, 0x2f, 0x61, 0x0, 0xf8, 0x80, 0xe, 0x0,
    0xa0, 0x4, 0x88, 0x18, 0x1, 0x44, 0xc1, 0xc0,
    0x3f, 0xd1, 0x32, 0x60, 0x11, 0x64, 0x68, 0x18,
    0xa0, 0x10, 0x80, 0x7c, 0x40, 0x13, 0x30, 0x16,
    0x40, 0x9c, 0x43, 0xc0, 0xc1, 0x80, 0x3f, 0x28,
    0xa, 0x80, 0xa5, 0xbc, 0x88, 0x26, 0x18, 0x8,
    0x7, 0xf0, 0xc8, 0x3d, 0x7f, 0x58, 0x83, 0x77,
    0xd9, 0x80, 0x8, 0x14, 0x3, 0xea, 0x10, 0xa0,
    0xf, 0xfe, 0xa, 0x0, 0xda, 0x8, 0xb, 0x6a,
    0x3, 0x98, 0x7, 0xff, 0x4, 0x60, 0x12, 0xfb,
    0xfa, 0x48, 0x1e, 0x0, 0x3f, 0xf8, 0x6f, 0x48,
    0x1, 0xcb, 0x90, 0x1, 0xff, 0xc5, 0x5b, 0xfd,
    0xdb, 0xe8, 0xc0, 0x3f, 0xf8, 0x80,

    /* U+0635 "ص" */
    0x0, 0xff, 0xe3, 0xc, 0x6f, 0xf5, 0xa0, 0x7,
    0xff, 0x1d, 0x3d, 0xc8, 0x5, 0x2d, 0x80, 0x3f,
    0xf8, 0xaf, 0x62, 0x77, 0xdc, 0x60, 0x80, 0xf,
    0xfe, 0x3, 0xc0, 0x1, 0xe0, 0x23, 0x10, 0x45,
    0x20, 0x24, 0x2, 0x86, 0x1, 0xf5, 0xba, 0x2c,
    0x5, 0x38, 0x6, 0x20, 0xd, 0x17, 0x60, 0xf,
    0x94, 0x26, 0x82, 0x14, 0x3, 0x26, 0x0, 0x90,
    0x30, 0x58, 0x7, 0xc2, 0x4, 0x6, 0xa4, 0x68,
    0xf9, 0x62, 0x14, 0x6, 0x2, 0x60, 0x1f, 0xf1,
    0xee, 0xb2, 0xe0, 0xc0, 0xb1, 0x1, 0x41, 0x40,
    0x3f, 0x8, 0x21, 0x0, 0x71, 0x35, 0xe9, 0x80,
    0x4, 0x4, 0x3, 0xf2, 0x86, 0xeb, 0xff, 0xb6,
    0x50, 0x3, 0x8, 0x8, 0x7, 0xc4, 0x60, 0xa0,
    0x1f, 0xfc, 0x12, 0x4, 0x10, 0xe, 0x2f, 0x2,
    0x30, 0xf, 0xfe, 0xa, 0x8, 0x7b, 0xa1, 0xa4,
    0xe9, 0x4, 0x80, 0x7f, 0xf0, 0xf4, 0x6, 0x2f,
    0x2d, 0x80, 0x6d, 0x0, 0x3f, 0xf8, 0x67, 0xce,
    0x60, 0x11, 0xc7, 0x20, 0x7, 0xff, 0xc,

    /* U+0636 "ض" */
    0x0, 0xff, 0xe0, 0x8f, 0xd8, 0x7, 0xff, 0x30,
    0x4c, 0xc0, 0x1f, 0xfc, 0xdc, 0x80, 0x0, 0xc6,
    0xff, 0x5a, 0x0, 0x7f, 0xf1, 0xd3, 0xdc, 0x80,
    0x52, 0xd8, 0x3, 0xff, 0x8a, 0xf6, 0x27, 0x7d,
    0xc6, 0x8, 0x0, 0xff, 0xe0, 0x3c, 0x0, 0x1e,
    0x2, 0x31, 0x4, 0x52, 0x2, 0x40, 0x28, 0x60,
    0x1f, 0x5b, 0xa2, 0xc0, 0x53, 0x80, 0x62, 0x0,
    0xd1, 0x76, 0x0, 0xf9, 0x42, 0x68, 0x21, 0x40,
    0x32, 0x60, 0x9, 0x3, 0x5, 0x80, 0x7c, 0x20,
    0x40, 0x6a, 0x46, 0x8f, 0x96, 0x21, 0x40, 0x60,
    0x26, 0x1, 0xff, 0x1e, 0xeb, 0x2e, 0xc, 0xb,
    0x10, 0x14, 0x14, 0x3, 0xf0, 0x82, 0x10, 0x7,
    0x13, 0x5e, 0x98, 0x0, 0x40, 0x40, 0x3f, 0x28,
    0x6e, 0xbf, 0xfb, 0x65, 0x0, 0x30, 0x80, 0x80,
    0x7c, 0x46, 0xa, 0x1, 0xff, 0xc1, 0x20, 0x41,
    0x0, 0xe2, 0xf0, 0x23, 0x0, 0xff, 0xe0, 0xa0,
    0x87, 0xba, 0x1a, 0x4e, 0x90, 0x48, 0x7, 0xff,
    0xf, 0x40, 0x62, 0xf2, 0xd8, 0x6, 0xd0, 0x3,
    0xff, 0x86, 0x7c, 0xe6, 0x1, 0x1c, 0x72, 0x0,
    0x7f, 0xf0, 0xc0,

    /* U+0637 "ط" */
    0x0, 0xef, 0xf1, 0x0, 0x7f, 0xff, 0xc0, 0x3f,
    0xff, 0xe0, 0x1f, 0xfd, 0x66, 0xcf, 0xf6, 0x38,
    0x7, 0xff, 0x0, 0xf6, 0x4c, 0x0, 0x71, 0x60,
    0x1f, 0xe5, 0xc2, 0x18, 0xee, 0x50, 0x22, 0x0,
    0x3f, 0x2d, 0x1, 0xfb, 0x88, 0x95, 0x41, 0x80,
    0x1f, 0x35, 0x2, 0x60, 0x80, 0x66, 0x0, 0xfe,
    0xa0, 0x2b, 0x0, 0xc3, 0x66, 0x18, 0x4, 0x58,
    0x0, 0x21, 0x24, 0x43, 0x6a, 0xe4, 0x5, 0x45,
    0xdd, 0xc0, 0x1a, 0xf7, 0x59, 0x2a, 0x0, 0x8a,
    0x0, 0xff, 0xe1, 0x12, 0x4f, 0x38, 0x0,

    /* U+0638 "ظ" */
    0x0, 0xef, 0xf1, 0x0, 0x7f, 0xff, 0xc0, 0x3f,
    0xfc, 0x6d, 0x84, 0x1, 0xff, 0xc5, 0xf3, 0x10,
    0xf, 0xfe, 0x2c, 0xf9, 0x80, 0x7f, 0xf1, 0xdb,
    0x3f, 0xd8, 0xe0, 0x1f, 0xfc, 0x3, 0xd9, 0x30,
    0x1, 0xc5, 0x80, 0x7f, 0x97, 0x8, 0x63, 0xb9,
    0x40, 0x88, 0x0, 0xfc, 0xb4, 0x7, 0xee, 0x22,
    0x55, 0x6, 0x0, 0x7c, 0xd4, 0x9, 0x82, 0x1,
    0x98, 0x3, 0xfa, 0x80, 0xac, 0x3, 0xd, 0x98,
    0x60, 0x11, 0x60, 0x0, 0x84, 0x91, 0xd, 0xab,
    0x90, 0x15, 0x17, 0x77, 0x0, 0x6b, 0xdd, 0x64,
    0xa8, 0x2, 0x28, 0x3, 0xff, 0x84, 0x49, 0x3c,
    0xe0, 0x0,

    /* U+0639 "ع" */
    0x0, 0xcd, 0x7d, 0xe6, 0x1, 0xf1, 0x6c, 0xa0,
    0x80, 0x7f, 0x79, 0x12, 0x77, 0xcc, 0x3, 0xca,
    0x47, 0xac, 0x40, 0x1f, 0xb4, 0x10, 0x3, 0x8d,
    0x0, 0x37, 0x82, 0x99, 0x36, 0x7e, 0x50, 0x6,
    0x62, 0x26, 0x6c, 0x98, 0xa, 0x80, 0x61, 0xf2,
    0x0, 0xc, 0x6f, 0x58, 0x6, 0x2c, 0x21, 0x9e,
    0x72, 0x0, 0xf7, 0x89, 0x7b, 0x0, 0x7e, 0x52,
    0xc, 0x10, 0xf, 0xec, 0x5, 0x10, 0xf, 0xfe,
    0x1, 0x0, 0x7f, 0xc2, 0x4, 0x1, 0xff, 0x60,
    0x2a, 0x0, 0x7f, 0x91, 0x1, 0x74, 0x82, 0x1,
    0x1c, 0xf8, 0x85, 0xa8, 0x2d, 0xf7, 0xfd, 0x8c,
    0x1, 0xab, 0x5d, 0x4, 0x2, 0x37, 0xd1,

    /* U+063A "غ" */
    0x0, 0x9f, 0x4, 0x3, 0xfe, 0xe3, 0x30, 0x7,
    0xfd, 0x3e, 0x40, 0x1f, 0xfc, 0xe6, 0xbe, 0xf3,
    0x0, 0xf8, 0xb6, 0x50, 0x40, 0x3f, 0xbc, 0x89,
    0x3b, 0xe6, 0x1, 0xe5, 0x23, 0xd6, 0x20, 0xf,
    0xda, 0x8, 0x1, 0xc6, 0x80, 0x1b, 0xc1, 0x4c,
    0x9b, 0x3f, 0x28, 0x3, 0x31, 0x13, 0x36, 0x4c,
    0x5, 0x40, 0x30, 0xf9, 0x0, 0x6, 0x37, 0xac,
    0x3, 0x16, 0x10, 0xcf, 0x39, 0x0, 0x7b, 0xc4,
    0xbd, 0x80, 0x3f, 0x29, 0x6, 0x8, 0x7, 0xf6,
    0x2, 0x88, 0x7, 0xff, 0x0, 0x80, 0x3f, 0xe1,
    0x2, 0x0, 0xff, 0xb0, 0x15, 0x0, 0x3f, 0xc8,
    0x80, 0xba, 0x41, 0x0, 0x8e, 0x7c, 0x42, 0xd4,
    0x16, 0xfb, 0xfe, 0xc6, 0x0, 0xd5, 0xae, 0x82,
    0x1, 0x1b, 0xe8, 0x80,

    /* U+0640 "ـ" */
    0x2, 0x2f, 0x80, 0xf7, 0x7e, 0x40, 0xf, 0xe0,

    /* U+0641 "ف" */
    0x0, 0xff, 0xe2, 0x17, 0xd0, 0x7, 0xff, 0x1c,
    0xcd, 0xa0, 0x1f, 0xfc, 0x71, 0xc7, 0x0, 0xff,
    0xe4, 0x19, 0x80, 0x3f, 0xf8, 0xcd, 0xd9, 0x8e,
    0x30, 0xf, 0xfe, 0x1a, 0xc8, 0x80, 0x7, 0x8,
    0x3, 0xff, 0x85, 0xc0, 0x5b, 0xa2, 0xb, 0x0,
    0xff, 0xe1, 0x38, 0x51, 0x12, 0x81, 0x41, 0x14,
    0x40, 0x3f, 0xce, 0x16, 0x22, 0xc0, 0x12, 0xba,
    0x0, 0xff, 0xa0, 0xf, 0xb8, 0x80, 0x2e, 0x6,
    0x20, 0x1f, 0xe3, 0xc5, 0x24, 0x60, 0x63, 0x7,
    0x0, 0xff, 0xe0, 0x1d, 0x6d, 0x20, 0x79, 0x2,
    0x28, 0x7, 0xff, 0x0, 0x5f, 0xc8, 0x8a, 0x88,
    0xa, 0xb6, 0x32, 0x11, 0x11, 0x11, 0x63, 0x3a,
    0x4, 0xbc, 0x1, 0x6a, 0x9, 0x39, 0xbd, 0xcd,
    0xd5, 0xd3, 0x98, 0x14, 0x69, 0x0, 0x55, 0xae,
    0x62, 0x1, 0x84, 0x91, 0xeb, 0x74, 0xe0, 0x10,

    /* U+0642 "ق" */
    0x0, 0xfe, 0xc8, 0x1c, 0x70, 0xf, 0xf8, 0xcc,
    0x7, 0xa0, 0x1f, 0xf7, 0xd8, 0xfd, 0x0, 0x7f,
    0xf3, 0xca, 0xbf, 0xa0, 0x3, 0xfc, 0x7a, 0xa0,
    0x2f, 0x0, 0x1f, 0xd0, 0x3, 0x2e, 0xe, 0x40,
    0x1f, 0x94, 0x21, 0xa1, 0x2, 0x80, 0x3f, 0x8,
    0x10, 0x0, 0x80, 0xc0, 0x3f, 0x18, 0x40, 0x89,
    0xc1, 0xc0, 0x3f, 0x40, 0x1f, 0x70, 0x40, 0x2e,
    0xf2, 0x0, 0xc9, 0x68, 0x48, 0xe0, 0xe8, 0x26,
    0x40, 0x1c, 0x97, 0xb7, 0xe0, 0x58, 0x8, 0x1,
    0xfe, 0xb0, 0xc2, 0xe, 0x0, 0xfe, 0x33, 0x2,
    0x88, 0x7, 0xf8, 0x74, 0x20, 0x4, 0x3c, 0x3,
    0xe2, 0xc1, 0x37, 0xc, 0x7, 0x10, 0xe, 0x5c,
    0x22, 0x68, 0x1, 0x84, 0x58, 0xa8, 0xb1, 0xb4,
    0x27, 0x82, 0x1, 0x50, 0x15, 0x5d, 0x39, 0x3,
    0xe0, 0x80, 0x64, 0xd5, 0x10, 0x13, 0x7e, 0x80,
    0xe,

    /* U+0643 "ك" */
    0x0, 0xff, 0xe1, 0x6f, 0xa8, 0x7, 0xff, 0xb8,
    0x67, 0x98, 0x3, 0xff, 0x83, 0x41, 0xec, 0x1,
    0xff, 0xc1, 0x10, 0x20, 0xf, 0xfe, 0x15, 0x76,
    0xa8, 0x7, 0xff, 0x9, 0x94, 0xc0, 0x3f, 0xf8,
    0x1b, 0xfc, 0x4c, 0x1, 0xff, 0xc0, 0xde, 0xf9,
    0x0, 0xff, 0xe1, 0x8, 0x7, 0x8c, 0x4, 0x11,
    0x0, 0x1f, 0xf0, 0x83, 0x9d, 0xd0, 0x7, 0xf9,
    0x0, 0x6, 0xe0, 0x22, 0x0, 0xfc, 0x94, 0xa,
    0x8, 0x21, 0xee, 0x60, 0x10, 0xad, 0xd8, 0x45,
    0x0, 0xd, 0x11, 0x46, 0x7f, 0xdd, 0x48, 0x7,
    0x84, 0x0, 0x3e, 0x94, 0x10, 0x8, 0x4d, 0x6f,
    0x8, 0x0,

    /* U+0644 "ل" */
    0x0, 0xff, 0xe0, 0x77, 0xa0, 0x7, 0xff, 0xfc,
    0x3, 0xff, 0xfe, 0x1, 0xff, 0xe2, 0x24, 0x20,
    0xf, 0xc2, 0xe, 0x19, 0x6c, 0x1, 0xf0, 0x80,
    0x4, 0xc4, 0x10, 0x3, 0xe4, 0x0, 0x13, 0x81,
    0x0, 0x7e, 0x80, 0x40, 0x60, 0x22, 0x0, 0x70,
    0xd9, 0x7, 0x81, 0x18, 0x63, 0x11, 0x12, 0x7d,
    0x2, 0x10, 0x1, 0xc4, 0x33, 0xba, 0xb6, 0x11,
    0x53, 0x80, 0x45, 0x90, 0x62, 0x4, 0xb5, 0xca,
    0x1, 0x0,

    /* U+0645 "م" */
    0x0, 0xf0, 0xaa, 0x0, 0x7f, 0x3f, 0x55, 0xfb,
    0x80, 0x79, 0xa0, 0x3, 0x43, 0x80, 0x74, 0x2,
    0xff, 0x28, 0x48, 0x6, 0x21, 0xb, 0x1, 0x90,
    0x11, 0x0, 0x12, 0x0, 0xe, 0x21, 0x40, 0x1,
    0x6, 0xb5, 0x0, 0x4f, 0x7b, 0x2, 0x80, 0x24,
    0x1f, 0xa0, 0xc0, 0x5, 0x34, 0x8, 0x0, 0x81,
    0x7c, 0xff, 0x6b, 0x0, 0x4, 0x3, 0xff, 0xfe,
    0x0,

    /* U+0646 "ن" */
    0x0, 0xe4, 0xf8, 0x0, 0xff, 0xe0, 0x39, 0xf0,
    0x7, 0xff, 0x0, 0xf1, 0x80, 0x24, 0xa8, 0x0,
    0xff, 0xe0, 0x2a, 0x9c, 0xc0, 0x3f, 0xe1, 0x40,
    0xb0, 0x78, 0x30, 0xf, 0xc6, 0x6, 0x30, 0xe2,
    0x1, 0xfb, 0x41, 0xc8, 0x0, 0x40, 0x1f, 0xe1,
    0x70, 0x10, 0xf, 0xed, 0x1, 0x70, 0xf, 0xf9,
    0x1, 0x8, 0x4, 0x40, 0x1f, 0x21, 0x85, 0x9,
    0x4, 0x0, 0x78, 0xa8, 0x10, 0x82, 0x1, 0xb1,
    0x8c, 0xcb, 0x3a, 0x22, 0xa0, 0x2, 0xc8, 0x1c,
    0xe6, 0x29, 0x80, 0xf0, 0x40, 0x26, 0xe7, 0x30,
    0x0, 0xad, 0xe1, 0x0, 0x0,

    /* U+0647 "ه" */
    0x0, 0xff, 0xe0, 0x5f, 0xfb, 0x58, 0x3, 0x52,
    0x0, 0xa, 0x70, 0x40, 0x54, 0x27, 0xe8, 0x4f,
    0x5, 0x40, 0x58, 0x17, 0xc8, 0x92, 0x20, 0x40,
    0x10, 0xc0, 0x28, 0x7, 0xc6, 0x2, 0xe0, 0x6c,
    0x0, 0x69, 0x4, 0x24, 0x9, 0xff, 0x48, 0x1c,
    0x5, 0xb9, 0x0, 0xad, 0xe0, 0x0,

    /* U+0648 "و" */
    0x0, 0xf1, 0x90, 0x7, 0xcf, 0xf9, 0xb8, 0x40,
    0x19, 0xe0, 0x2, 0x3f, 0x0, 0xd2, 0xb, 0xd8,
    0x4, 0xc0, 0x10, 0x87, 0x89, 0xb8, 0x78, 0x4,
    0x41, 0xa, 0x5e, 0x4, 0x1, 0x48, 0x15, 0x6c,
    0x0, 0x72, 0x63, 0x10, 0x4, 0x20, 0x18, 0xe7,
    0x7c, 0xc3, 0x0, 0x3e, 0x73, 0x7, 0x0, 0xf4,
    0xc0, 0x38, 0x91, 0xa3, 0x4f, 0x30, 0x2c, 0x6,
    0xe5, 0xcb, 0x8, 0x45, 0x0, 0x61, 0x36, 0xaf,
    0x70, 0x8,

    /* U+0649 "ى" */
    0x0, 0xfe, 0x5a, 0xdd, 0x51, 0x80, 0x7f, 0xe,
    0x52, 0x91, 0x17, 0x18, 0x3, 0xf3, 0x18, 0xd7,
    0xf3, 0x84, 0x80, 0x7e, 0xe0, 0x55, 0x0, 0xc5,
    0x50, 0x40, 0x3e, 0xd0, 0x4c, 0x61, 0x5, 0x50,
    0x81, 0x10, 0x40, 0x24, 0x90, 0x39, 0xe9, 0x10,
    0xb, 0x74, 0x60, 0x19, 0xba, 0x50, 0x1b, 0x0,
    0xa, 0x4, 0x40, 0xe, 0x16, 0xbe, 0x2, 0x50,
    0x30, 0x60, 0xf, 0xe1, 0x0, 0x10, 0x10, 0x28,
    0x7, 0xe1, 0xb0, 0x2, 0x82, 0x8, 0xb1, 0x0,
    0x4, 0x8d, 0x5c, 0x81, 0x44, 0x0, 0xc1, 0x3b,
    0xff, 0x6d, 0xca, 0x82, 0x6a, 0x80, 0x45, 0xd0,
    0x40, 0x1, 0x36, 0xae, 0xb2, 0x0, 0x80,

    /* U+064A "ي" */
    0x0, 0xfe, 0x5a, 0xdd, 0x51, 0x80, 0x7f, 0xb2,
    0x94, 0x88, 0xb8, 0xc0, 0x1f, 0x9c, 0xc2, 0xbf,
    0x9c, 0x24, 0x3, 0xf7, 0x2, 0xa8, 0x6, 0x2a,
    0x44, 0x3, 0xec, 0x5, 0xc5, 0x0, 0x2b, 0x8,
    0x0, 0x40, 0x32, 0xb8, 0x1d, 0x7c, 0x0, 0x6e,
    0xe1, 0x0, 0x68, 0xe7, 0x20, 0x7c, 0x0, 0x20,
    0x91, 0x0, 0x38, 0x63, 0x70, 0xd, 0x40, 0x81,
    0x80, 0x3f, 0x8c, 0x40, 0x80, 0xc1, 0x80, 0x3f,
    0xa8, 0x41, 0x1, 0x0, 0xac, 0x80, 0x22, 0x59,
    0xe5, 0x7, 0x30, 0x1a, 0x4, 0xdf, 0xef, 0xda,
    0x61, 0x14, 0xc0, 0x4, 0xb8, 0x80, 0x1, 0x0,
    0xa, 0xd7, 0x30, 0x7, 0x1d, 0xf6, 0x5e, 0x7f,
    0x52, 0x80, 0x7f, 0xbc, 0xc7, 0x18, 0x3, 0xfe,
    0x33, 0x68, 0x9f, 0x0, 0x7c,

    /* U+064B "ً" */
    0x0, 0xc4, 0xd2, 0xa4, 0xf7, 0xdb, 0x4, 0xc9,
    0x65, 0x7b, 0xd6, 0x6d, 0x92, 0x8f, 0x38, 0xc7,
    0x5d, 0xca, 0x24, 0x43, 0x1c, 0x6f, 0xdc, 0x10,

    /* U+064C "ٌ" */
    0x0, 0xff, 0xab, 0xf9, 0x40, 0x32, 0xa8, 0xb8,
    0x16, 0x2, 0x9c, 0xd1, 0x80, 0xc1, 0x54, 0x58,
    0xee, 0x43, 0x67, 0x93, 0x12, 0x6c, 0x99, 0x20,
    0x5, 0x3b, 0xcc, 0x1, 0x0,

    /* U+064D "ٍ" */
    0x0, 0xc6, 0xf4, 0xa5, 0x19, 0xf9, 0x46, 0xc8,
    0x69, 0x7d, 0xb2, 0x6d, 0x70, 0xee, 0xad, 0x63,
    0xbf, 0xc8, 0xb, 0x77, 0x1d, 0x77, 0x29, 0x84,

    /* U+064E "َ" */
    0x0, 0x85, 0x67, 0x18, 0xeb, 0xb9, 0x44, 0x88,
    0x63, 0x8d, 0xfb, 0x82,

    /* U+064F "ُ" */
    0x0, 0xff, 0x9f, 0xf8, 0x80, 0x34, 0x40, 0xa0,
    0x3, 0xb5, 0xc0, 0x3a, 0x55, 0x15, 0x80, 0x24,
    0x24, 0xc7, 0x2, 0x7d, 0x7b, 0x31, 0x6d, 0xbb,
    0x50, 0x4, 0xfd, 0x88, 0x1, 0x80,

    /* U+0650 "ِ" */
    0x0, 0xe1, 0x53, 0x3, 0x6a, 0xee, 0x53, 0x33,
    0x2c, 0x23, 0x3d, 0x5f, 0xb6, 0x98, 0xc0, 0x0,

    /* U+0651 "ّ" */
    0x0, 0xf2, 0xa0, 0x5, 0x32, 0xc, 0xd8, 0xa0,
    0xc, 0x26, 0x26, 0x0, 0x20, 0x13, 0x30, 0x1,
    0x52, 0x1b, 0x89, 0xe0, 0x9d, 0xc6, 0xf2, 0x4d,
    0x51, 0xf8, 0x0,

    /* U+0652 "ْ" */
    0x0, 0xfe, 0x1b, 0xff, 0x50, 0x80, 0x35, 0x66,
    0x49, 0x40, 0x47, 0x6c, 0xc8, 0x41, 0x0, 0x8,
    0x0, 0xc0, 0x4, 0x49, 0x33, 0x41, 0x8, 0x71,
    0xe6, 0x3, 0xc0, 0x7, 0xd9, 0x8d, 0x20,

    /* U+0660 "٠" */
    0xce, 0xa1, 0x18, 0x2,

    /* U+0661 "١" */
    0x8f, 0xb0, 0xa, 0x81, 0x4, 0x0, 0x48, 0xc,
    0x1, 0x68, 0x58, 0x4, 0xe0, 0x62, 0x0, 0x13,
    0x4, 0x0, 0x94, 0x30, 0x2, 0xc0, 0x50, 0x9,
    0x80, 0xc0, 0x22, 0x0, 0xe1, 0x0, 0x8, 0x7,
    0x18, 0x7, 0xf0, 0x80, 0x80, 0x78,

    /* U+0662 "٢" */
    0xd, 0xf8, 0x0, 0xe6, 0xfb, 0xb, 0x7, 0x20,
    0xd, 0xa0, 0x60, 0xe0, 0xc, 0x51, 0x7, 0x40,
    0xa0, 0x14, 0x1, 0xae, 0xf8, 0x7, 0x20, 0x6,
    0x80, 0x10, 0x0, 0x31, 0x0, 0x9, 0xc0, 0x13,
    0xfe, 0xe7, 0x0, 0xc2, 0x40, 0x80, 0x1f, 0xce,
    0x1e, 0x1, 0xfc, 0x40, 0x40, 0x1f, 0xdc, 0xe,
    0x1, 0xfc, 0x60, 0x20, 0x1f, 0xc2, 0x1, 0xff,
    0x38, 0x18, 0x7, 0xff, 0x48,

    /* U+0663 "٣" */
    0xe, 0xf5, 0x0, 0x7f, 0x84, 0x3b, 0xcc, 0x18,
    0x38, 0x3, 0x18, 0x4, 0x21, 0x20, 0x82, 0x20,
    0x3, 0x90, 0x81, 0x80, 0x98, 0x6e, 0x0, 0x2b,
    0x40, 0x44, 0x0, 0xb0, 0x32, 0x13, 0x0, 0xd,
    0x0, 0x4a, 0x0, 0xbe, 0xcd, 0xd7, 0x20, 0x4,
    0x42, 0x1, 0x88, 0x80, 0x1e, 0x50, 0x30, 0xf,
    0xf1, 0x7, 0x0, 0x7f, 0xb8, 0x8, 0x3, 0xfc,
    0x20, 0xe0, 0x1f, 0xe3, 0x0, 0xff, 0xe0, 0x8,
    0x8, 0x7, 0xff, 0x54,

    /* U+0664 "٤" */
    0x0, 0xc7, 0x18, 0xa0, 0x10, 0xde, 0x39, 0x98,
    0x0, 0x5e, 0x80, 0xd6, 0xc0, 0x9, 0x14, 0xe9,
    0x40, 0x9, 0x83, 0xc4, 0x3, 0xa8, 0x29, 0x80,
    0x39, 0xe0, 0x67, 0xc4, 0x2, 0x49, 0x0, 0xf0,
    0xd8, 0x8a, 0x38, 0x40, 0x10, 0x7, 0xce, 0x20,
    0x13, 0x84, 0x0, 0x7e, 0x70, 0xf, 0x10, 0x58,
    0x7, 0x15, 0x3, 0xb8, 0xd1, 0xf3, 0x59, 0x2,
    0x32, 0xe0, 0xc0, 0x16, 0xe2, 0x2, 0x6f, 0xa0,

    /* U+0665 "٥" */
    0x0, 0x8b, 0x3e, 0xc4, 0x3, 0x87, 0xc, 0x13,
    0x0, 0x3a, 0x4, 0xac, 0x49, 0xc0, 0x21, 0x60,
    0xe4, 0xb0, 0x90, 0x9, 0x80, 0xcc, 0xa, 0x42,
    0xa0, 0xb, 0xa, 0x0, 0x94, 0x3c, 0x4, 0xc1,
    0xc0, 0x2b, 0x5, 0x5, 0x1, 0x10, 0x4, 0x60,
    0x2, 0x20, 0x10, 0x7, 0x8, 0x30, 0x1, 0xc0,
    0x38, 0x80, 0x6, 0x1, 0xf0, 0x80, 0x4, 0x14,
    0x3, 0x88, 0x19, 0x40, 0x50, 0x2, 0x50, 0x1,
    0x9, 0x84, 0xaa, 0x35, 0x82, 0x0, 0x3c, 0xa,
    0xae, 0x44, 0x52, 0x0, 0x3d, 0x51, 0x1, 0x5c,
    0x20,

    /* U+0666 "٦" */
    0x74, 0x10, 0x0, 0x92, 0xb8, 0x2, 0x2f, 0xbf,
    0xdd, 0xb5, 0x0, 0x5, 0x20, 0xc, 0x20, 0x1a,
    0xb7, 0xfb, 0x9f, 0x80, 0x1f, 0x8, 0x80, 0xc0,
    0x3f, 0xc2, 0x0, 0x20, 0xf, 0xf0, 0x80, 0x7e,
    0x20, 0x70, 0xf, 0xc2, 0x4, 0x1, 0xf9, 0x83,
    0x80, 0x3f, 0x10, 0x10, 0x7, 0xed, 0x7, 0x0,
    0xfc, 0xc0, 0x40, 0x1f, 0x8c, 0x0, 0x80, 0x1f,
    0x8c, 0xc, 0x3, 0xf2, 0x6, 0x0,

    /* U+0667 "٧" */
    0x1f, 0xf1, 0x80, 0x72, 0xff, 0x0, 0xb8, 0x48,
    0x7, 0x48, 0x40, 0x2, 0x81, 0x44, 0x2, 0x33,
    0xb, 0x0, 0x9, 0x2, 0x40, 0x29, 0x6, 0x0,
    0xdc, 0xc, 0x1, 0x28, 0x50, 0x6, 0x51, 0x11,
    0x82, 0x81, 0x90, 0x7, 0x20, 0x50, 0x70, 0x58,
    0x7, 0xb8, 0x1c, 0x10, 0x14, 0x3, 0xc8, 0x2,
    0xe0, 0x44, 0x0, 0xf9, 0x2, 0x1, 0x0, 0x3f,
    0x68, 0x5, 0x80, 0x1f, 0x90, 0x2, 0x40, 0xf,
    0xc4, 0x0, 0x11, 0x0, 0x7f, 0x10, 0x10, 0x7,
    0xf9, 0xc1, 0x40, 0x38,

    /* U+0668 "٨" */
    0x0, 0xea, 0xf9, 0x0, 0xff, 0x38, 0x28, 0x7,
    0xf8, 0x80, 0x80, 0x3f, 0x88, 0x0, 0x22, 0x0,
    0xfc, 0x80, 0x12, 0x0, 0x7e, 0xd0, 0xb, 0x0,
    0x3f, 0x20, 0x40, 0x20, 0x7, 0xc8, 0x2, 0xe0,
    0x44, 0x0, 0xf7, 0x3, 0x82, 0x2, 0x80, 0x79,
    0x2, 0x83, 0x82, 0xc0, 0x39, 0x44, 0x46, 0xa,
    0x6, 0x40, 0x1b, 0x81, 0x80, 0x25, 0xa, 0x0,
    0x89, 0x2, 0x40, 0x29, 0x6, 0x0, 0xa8, 0x14,
    0x40, 0x23, 0x30, 0xb0, 0xb, 0x84, 0x80, 0x74,
    0x84, 0x0,

    /* U+0669 "٩" */
    0x0, 0xc2, 0x1, 0xfa, 0x7f, 0xbe, 0x44, 0x3,
    0x63, 0x0, 0x4d, 0x82, 0x0, 0x83, 0x1b, 0xfb,
    0x12, 0x90, 0x2, 0x4, 0x20, 0x25, 0x83, 0x0,
    0x61, 0x0, 0x90, 0x4, 0x1, 0x41, 0x10, 0x42,
    0x30, 0x1, 0x3, 0x28, 0x3d, 0xee, 0x80, 0x2,
    0x0, 0xac, 0x62, 0x0, 0xcc, 0x1, 0x1c, 0xef,
    0xf9, 0x3, 0x40, 0x3f, 0x18, 0x10, 0x7, 0xee,
    0x7, 0x0, 0xfc, 0xa0, 0x40, 0x1f, 0x8c, 0x0,
    0x80, 0x1f, 0x8c, 0xc, 0x3, 0xf2, 0x86, 0x0,

    /* U+067E "پ" */
    0x6, 0x82, 0x0, 0xff, 0xe0, 0xb7, 0xc9, 0x4b,
    0x10, 0x7, 0xff, 0x4, 0xc0, 0x90, 0x8, 0x3,
    0xff, 0x85, 0xa0, 0x20, 0x7, 0x0, 0xff, 0xe0,
    0x93, 0x86, 0x28, 0x22, 0x0, 0x3f, 0xc2, 0xf8,
    0x4, 0xc6, 0x81, 0x76, 0x52, 0x11, 0x12, 0x34,
    0xe7, 0x40, 0x9e, 0x0, 0x2d, 0x41, 0x2b, 0x7b,
    0x9b, 0x72, 0xc6, 0x7, 0x38, 0x20, 0x15, 0x6b,
    0x98, 0x80, 0x4, 0x91, 0xeb, 0xb1, 0x80, 0x3c,
    0x51, 0x9d, 0xfe, 0xed, 0xb8, 0x51, 0x0, 0xff,
    0xe0, 0x67, 0x86, 0xf0, 0x7, 0xff, 0xd, 0x50,
    0x1d, 0x0, 0x3f, 0xf8, 0x73, 0x61, 0x54, 0x0,
    0xff, 0xe2, 0x2f, 0xb0, 0x7, 0xff, 0x15, 0x8c,
    0xc0, 0x1f, 0xc0,

    /* U+0686 "چ" */
    0x6, 0x9c, 0xde, 0xff, 0x76, 0xdc, 0x0, 0x45,
    0x2c, 0x64, 0x20, 0x1, 0x24, 0x71, 0x0, 0x92,
    0x73, 0x60, 0x40, 0x6, 0xd0, 0x20, 0x2, 0xb6,
    0x2e, 0x81, 0x7e, 0xc9, 0x70, 0xf, 0x51, 0x96,
    0xc0, 0x80, 0x7e, 0x74, 0x1c, 0x20, 0xf, 0xf4,
    0x5, 0x8, 0x7, 0xf9, 0x40, 0x90, 0xf, 0xe1,
    0x7d, 0xc0, 0x36, 0x82, 0x0, 0x4, 0xf9, 0x8c,
    0x80, 0x30, 0x80, 0x80, 0xb, 0x3f, 0xd8, 0xa0,
    0x18, 0x40, 0x80, 0x32, 0x98, 0x7, 0xb0, 0x14,
    0x40, 0x2c, 0xf0, 0xf, 0x20, 0x85, 0x0, 0x7f,
    0x10, 0x2, 0x81, 0x35, 0x88, 0x2, 0x28, 0xe5,
    0x0, 0x25, 0x89, 0x4e, 0xff, 0xda, 0xe2, 0x1,
    0x93, 0xa9, 0x48, 0x40, 0x4, 0xb4, 0xe0,

    /* U+0698 "ژ" */
    0x0, 0xfd, 0x5e, 0x20, 0x1f, 0xc4, 0x62, 0x1,
    0xfd, 0x18, 0x1, 0xf8, 0xbe, 0x8f, 0xe0, 0x3,
    0xc6, 0x6d, 0x13, 0xe0, 0xf, 0xe, 0x39, 0x63,
    0x0, 0x7f, 0xf2, 0x9, 0x4c, 0x3, 0xf9, 0xeb,
    0x80, 0x3f, 0x90, 0x8, 0x3, 0xf8, 0x40, 0x4,
    0x1, 0xff, 0x18, 0x7, 0xe2, 0x0, 0x8, 0x7,
    0xe5, 0x3, 0x0, 0xfc, 0x30, 0x16, 0x1, 0xf1,
    0x60, 0xb, 0x80, 0x79, 0xb0, 0x82, 0x80, 0x4,
    0x6d, 0x3d, 0x22, 0x2b, 0x40, 0x6, 0xe4, 0xb0,
    0x89, 0xfd, 0x0, 0x30, 0x9b, 0x5f, 0x40, 0x80,
    0x60,

    /* U+06A9 "ک" */
    0x0, 0xff, 0xe4, 0x8, 0x7, 0xff, 0x14, 0x63,
    0x98, 0x3, 0xff, 0x86, 0x97, 0xce, 0x20, 0x1f,
    0xfc, 0x11, 0x7d, 0xb4, 0x5, 0xc7, 0x0, 0xff,
    0xa3, 0xa0, 0x86, 0x3a, 0x8c, 0x3, 0xfe, 0x77,
    0x1, 0xd7, 0x38, 0x80, 0x7f, 0xf0, 0x68, 0x1b,
    0x14, 0x3, 0xff, 0x8c, 0x20, 0x1f, 0xfc, 0x6b,
    0x7, 0x40, 0xf, 0xfe, 0x2b, 0x28, 0x59, 0x0,
    0x7f, 0xf1, 0x68, 0x83, 0xc4, 0x3, 0xff, 0x8b,
    0xe2, 0x5a, 0x1, 0xe6, 0x82, 0x0, 0xfc, 0x54,
    0x6, 0xe0, 0x18, 0xa5, 0x88, 0x3, 0xf9, 0x1c,
    0x24, 0x3, 0x20, 0x28, 0x7, 0xfd, 0x40, 0x22,
    0x0, 0xff, 0xe2, 0xb8, 0x0, 0x40, 0x25, 0x4,
    0x40, 0x7, 0xe1, 0x8a, 0x4, 0x0, 0xc6, 0x81,
    0x76, 0x62, 0x12, 0x36, 0xbe, 0x70, 0x29, 0x0,
    0xeb, 0x50, 0x49, 0xde, 0xdc, 0x94, 0x2, 0x8d,
    0x20, 0xf, 0x56, 0xb9, 0x88, 0x0, 0x92, 0x37,
    0x4e, 0x1, 0xe0,

    /* U+06AF "گ" */
    0x0, 0xff, 0xe3, 0x9a, 0x0, 0x7f, 0xf1, 0x5b,
    0x30, 0x60, 0x1f, 0xfc, 0x22, 0x9f, 0x92, 0x76,
    0x0, 0xff, 0xe0, 0x2e, 0x6b, 0x1d, 0x74, 0x0,
    0x7f, 0xcd, 0xd4, 0x6d, 0xb8, 0x91, 0xcc, 0x1,
    0xfe, 0xc3, 0x9f, 0x96, 0xbe, 0x71, 0x0, 0xff,
    0xaf, 0x5d, 0xdb, 0x68, 0xb, 0x8e, 0x1, 0xfe,
    0x18, 0xe8, 0x21, 0x8e, 0xa3, 0x0, 0xff, 0x9d,
    0xc0, 0x75, 0xce, 0x20, 0x1f, 0xfc, 0x1a, 0x6,
    0xc5, 0x0, 0xff, 0xe3, 0x8, 0x7, 0xff, 0x1a,
    0xc1, 0xd0, 0x3, 0xff, 0x8a, 0xca, 0x16, 0x40,
    0x1f, 0xfc, 0x5a, 0x20, 0xf1, 0x0, 0xff, 0xe2,
    0xf8, 0x96, 0x80, 0x79, 0xa0, 0x80, 0x3f, 0x15,
    0x1, 0xb8, 0x6, 0x29, 0x62, 0x0, 0xfe, 0x47,
    0x9, 0x0, 0xc8, 0xa, 0x1, 0xff, 0x50, 0x8,
    0x80, 0x3f, 0xf8, 0xae, 0x0, 0x10, 0x9, 0x41,
    0x10, 0x1, 0xf8, 0x62, 0x81, 0x0, 0x31, 0xa0,
    0x5d, 0x98, 0x84, 0x8d, 0xaf, 0x9c, 0xa, 0x40,
    0x3a, 0xd4, 0x12, 0x77, 0xb7, 0x25, 0x0, 0xa3,
    0x48, 0x3, 0xd5, 0xae, 0x62, 0x0, 0x24, 0x8d,
    0xd3, 0x80, 0x78,

    /* U+06CC "ی" */
    0x0, 0xfe, 0x5a, 0xdd, 0x51, 0x80, 0x7f, 0xe,
    0x52, 0x91, 0x17, 0x18, 0x3, 0xf3, 0x18, 0xd7,
    0xf3, 0x84, 0x80, 0x7e, 0xe0, 0x55, 0x0, 0xc5,
    0x50, 0x40, 0x3e, 0xd0, 0x4c, 0x61, 0x5, 0x50,
    0x81, 0x10, 0x40, 0x24, 0x90, 0x39, 0xe9, 0x10,
    0xb, 0x74, 0x60, 0x19, 0xba, 0x50, 0x1b, 0x0,
    0xa, 0x4, 0x40, 0xe, 0x16, 0xbe, 0x2, 0x50,
    0x30, 0x60, 0xf, 0xe1, 0x0, 0x10, 0x10, 0x28,
    0x7, 0xe1, 0xb0, 0x2, 0x82, 0x8, 0xb1, 0x0,
    0x4, 0x8d, 0x5c, 0x81, 0x44, 0x0, 0xc1, 0x3b,
    0xff, 0x6d, 0xca, 0x82, 0x6a, 0x80, 0x45, 0xd0,
    0x40, 0x1, 0x36, 0xae, 0xb2, 0x0, 0x80,

    /* U+2013 "–" */
    0xac, 0xcf, 0xd4, 0xe6, 0x7f, 0x9c,

    /* U+2014 "—" */
    0xac, 0xcf, 0xfe, 0x45, 0x39, 0x9f, 0xff, 0x21,
    0xc0,

    /* U+2018 "‘" */
    0x4, 0xf5, 0x8, 0x4, 0x41, 0x90, 0xc0, 0x20,
    0x18, 0x8, 0x7, 0x7f, 0xa0, 0x0,

    /* U+2019 "’" */
    0xf, 0xf4, 0x0, 0x61, 0x0, 0x5a, 0x2, 0x1e,
    0x4, 0x0, 0x18, 0xc0,

    /* U+201A "‚" */
    0xf, 0xf3, 0x80, 0x61, 0x0, 0x1a, 0x1, 0xa6,
    0x4, 0x2, 0x1a, 0x0,

    /* U+201C "“" */
    0x4, 0xf5, 0x0, 0x3f, 0x90, 0x40, 0x20, 0x2,
    0x44, 0x90, 0xc8, 0x41, 0xc5, 0x2, 0x1, 0x0,
    0x12, 0x18, 0x6, 0x2, 0x4, 0x20, 0x60, 0x1f,
    0xef, 0xf4, 0x1, 0x7f, 0x94, 0x0,

    /* U+201D "”" */
    0xf, 0xf3, 0x81, 0xff, 0x90, 0x3, 0xf8, 0x40,
    0x6, 0xe, 0x0, 0x54, 0x3, 0x40, 0xc0, 0x61,
    0xc0, 0x80, 0x2, 0x4, 0x2, 0x1a, 0x0, 0xd,
    0x84, 0x37, 0x0, 0x2f, 0x90, 0x0,

    /* U+201E "„" */
    0xf, 0xf3, 0x81, 0xff, 0x90, 0x3, 0xf8, 0x40,
    0x6, 0xe, 0x0, 0x54, 0x3, 0x40, 0xc0, 0x61,
    0xc0, 0x80, 0x2, 0x4, 0x2, 0x1a, 0x0, 0xd,
    0x84, 0x0,

    /* U+2022 "•" */
    0x0, 0x88, 0xc0, 0x31, 0x6e, 0xb3, 0x90, 0x1,
    0xe4, 0x0, 0x1a, 0x14, 0x20, 0xc, 0x2e, 0x20,
    0x1e, 0xe6, 0x0, 0xf7, 0x1a, 0x0, 0x62, 0x60,
    0xb6, 0x10, 0x5c, 0x0,

    /* U+2026 "…" */
    0x1, 0x10, 0x7, 0x84, 0x40, 0x1e, 0x11, 0x1,
    0xf7, 0x10, 0x3, 0x1f, 0x71, 0x0, 0x32, 0x77,
    0xc, 0x3, 0xff, 0xb8,

    /* U+2190 "←" */
    0x0, 0xd2, 0x40, 0x1f, 0xfc, 0x3a, 0x6f, 0x0,
    0xff, 0xe1, 0x52, 0x8f, 0x0, 0x7f, 0xf0, 0x69,
    0x47, 0x4c, 0x3, 0xff, 0x81, 0x4a, 0x7, 0x17,
    0x7f, 0xfc, 0x7, 0x40, 0x1, 0x22, 0x7f, 0xf0,
    0x77, 0x40, 0x3, 0xbb, 0xff, 0xe0, 0xc1, 0xe0,
    0x1e, 0xa2, 0x7f, 0xf0, 0x8, 0xf, 0x1, 0xa4,
    0x3, 0xff, 0x84, 0x78, 0x1, 0xff, 0xc5, 0x3d,
    0x90, 0xf, 0xfe, 0x0,

    /* U+2191 "↑" */
    0x0, 0xe6, 0x70, 0xf, 0xe8, 0x98, 0xa0, 0xf,
    0xa1, 0xc0, 0xb, 0x40, 0x1d, 0xe, 0x1, 0x96,
    0x80, 0x28, 0x70, 0xb0, 0x5, 0x82, 0xd0, 0x0,
    0x42, 0xd0, 0x0, 0x98, 0x1, 0xa7, 0x50, 0x3,
    0x1e, 0xd0, 0x4, 0x40, 0x1e, 0x20, 0xf, 0xff,
    0xf8, 0x7, 0xff, 0x8c,

    /* U+2192 "→" */
    0x0, 0xff, 0xe0, 0x14, 0x80, 0x7f, 0xf1, 0x3d,
    0xa8, 0x3, 0xff, 0x87, 0xc2, 0xb4, 0x1, 0xff,
    0xc2, 0x3d, 0x15, 0xa0, 0x7b, 0xbf, 0xfe, 0x4,
    0x18, 0x2d, 0x6a, 0x27, 0xff, 0x4, 0x80, 0x9,
    0x17, 0x7f, 0xfc, 0x13, 0x0, 0x51, 0x22, 0x7f,
    0xf0, 0x34, 0xc2, 0xd0, 0x3, 0xff, 0x81, 0x2c,
    0x16, 0x80, 0x1f, 0xfc, 0x3b, 0x40, 0xf, 0xfe,
    0x14, 0xea, 0x0, 0x40,

    /* U+2193 "↓" */
    0x0, 0xe7, 0x80, 0xf, 0xf4, 0x38, 0x7, 0xff,
    0xfc, 0x3, 0xff, 0xce, 0x76, 0x1, 0xea, 0x40,
    0x7, 0x26, 0x0, 0x43, 0x4b, 0x40, 0xf, 0x13,
    0xc0, 0x5, 0x28, 0xe0, 0x0, 0xb0, 0x4c, 0x0,
    0x83, 0x84, 0x1, 0x16, 0x8, 0x0, 0x74, 0x80,
    0x38, 0xb0, 0x45, 0xa6, 0x1, 0xf1, 0x77, 0xc,
    0x3, 0x0,

    /* U+2328 "⌨" */
    0x2, 0x68, 0x8f, 0xfe, 0x73, 0xa8, 0x0, 0xf6,
    0x5d, 0xff, 0xf9, 0xd1, 0x54, 0xb, 0x8, 0xcc,
    0xff, 0xe7, 0x59, 0x28, 0x10, 0x32, 0x71, 0x7d,
    0xbf, 0x4, 0xc0, 0xf3, 0x27, 0x97, 0xdb, 0x70,
    0xcc, 0x83, 0xb8, 0xce, 0x2, 0x1, 0x8c, 0x4,
    0x63, 0x71, 0x70, 0x33, 0x79, 0x1, 0x1, 0x98,
    0x46, 0x3, 0x30, 0x7, 0xcf, 0x41, 0x9a, 0xba,
    0xd5, 0x5, 0xab, 0x14, 0x19, 0x86, 0xa1, 0xaf,
    0x7a, 0xa1, 0x0, 0x78, 0xae, 0x62, 0xcb, 0x25,
    0xed, 0x7b, 0x4e, 0xda, 0x2c, 0xae, 0x1a, 0xef,
    0x18, 0x7, 0x8a, 0x2e, 0xa0, 0xa7, 0xd2, 0x12,
    0x2c, 0xa1, 0x66, 0x45, 0x3c, 0xa4, 0x1, 0xff,
    0xc0, 0x92, 0xc5, 0x3f, 0x3d, 0x66, 0x71, 0xfd,
    0x96, 0xa8, 0x71, 0x20, 0x7, 0xfd, 0x8a, 0x69,
    0xba, 0x43, 0x5c, 0x64, 0x64, 0x73, 0x42, 0xf5,
    0x11, 0x0, 0x42, 0x1, 0xf5, 0xe9, 0x74, 0xc6,
    0x97, 0x4a, 0xea, 0xe6, 0xb, 0x9a, 0x74, 0x63,
    0x76, 0x20, 0xf, 0x93, 0x5a, 0xb8, 0x76, 0x65,
    0xa5, 0xba, 0x5d, 0x5d, 0xe2, 0xd8, 0x9d, 0xd8,
    0xc0, 0x3e, 0x66, 0x2f, 0x38, 0xbe, 0xe3, 0x1b,
    0xd3, 0xb3, 0xd3, 0x9b, 0x66, 0xb3, 0x44, 0x1,
    0xe5, 0xb9, 0xb3, 0x81, 0x16, 0xe8, 0x20, 0x7e,
    0xc2, 0xfc, 0x5e, 0x53, 0x31, 0x40, 0x60, 0x1e,
    0xc6, 0x17, 0xd0, 0x36, 0x6f, 0xfe, 0x6, 0x80,
    0x1f, 0x95, 0x98, 0x1, 0x18, 0x1c, 0xf0, 0xf5,
    0x1, 0x6e, 0xff, 0xf0, 0x28, 0x1, 0xd4, 0xda,
    0x82, 0x3, 0xc1, 0xf7, 0x57, 0x54, 0xbb, 0x4c,
    0xff, 0xf0, 0x2a, 0xed, 0x54, 0xb9, 0xc4, 0x20,
    0x75, 0x24, 0x4f, 0xfe, 0x71, 0x97, 0x0,

    /* U+25B6 "▶" */
    0x20, 0xf, 0xfe, 0x36, 0x59, 0x80, 0x7f, 0xf1,
    0x53, 0x2c, 0xc0, 0x3f, 0xf8, 0xa9, 0x96, 0x60,
    0x1f, 0xfc, 0x54, 0xcb, 0x30, 0xf, 0xfe, 0x2a,
    0x65, 0x98, 0x7, 0xff, 0x15, 0x32, 0xcc, 0x3,
    0xff, 0x8a, 0x99, 0x46, 0x1, 0xff, 0xc5, 0x5c,
    0xa2, 0x0, 0xff, 0xe2, 0xae, 0xd0, 0x80, 0x7f,
    0xf1, 0x12, 0x44, 0x3, 0xff, 0x84, 0x99, 0x66,
    0x1, 0xff, 0xc1, 0x4c, 0xb3, 0x0, 0xff, 0xe0,
    0xa6, 0x59, 0x80, 0x7f, 0xf0, 0x53, 0x2c, 0xc0,
    0x3f, 0xf8, 0x29, 0x96, 0x60, 0x1f, 0xfc, 0x14,
    0xcb, 0x30, 0xf, 0xfe, 0xa, 0x65, 0x98, 0x7,
    0xff, 0x5, 0x32, 0xcc, 0x3, 0xff, 0x86,

    /* U+26A0 "⚠" */
    0x0, 0xfe, 0x20, 0xf, 0xfe, 0x3c, 0xb8, 0x7,
    0xff, 0x15, 0x52, 0x4, 0x3, 0xff, 0x89, 0x14,
    0x70, 0x1, 0xff, 0xc3, 0x71, 0x5f, 0x62, 0x0,
    0xff, 0xe0, 0x8c, 0xfd, 0x23, 0x40, 0x7, 0xff,
    0x6, 0x50, 0xd7, 0x21, 0x4c, 0x3, 0xfe, 0x27,
    0x80, 0x11, 0x9e, 0x0, 0x3f, 0xe8, 0x62, 0x2,
    0x20, 0x42, 0xa0, 0x7, 0xf1, 0xa4, 0x0, 0x1f,
    0x80, 0x11, 0x0, 0xf, 0xef, 0x91, 0x0, 0x11,
    0x80, 0x18, 0x54, 0x3, 0xe5, 0x27, 0x0, 0xb9,
    0x80, 0x28, 0x80, 0x7, 0xd1, 0x60, 0x18, 0x8c,
    0x2, 0x51, 0x60, 0xe, 0x61, 0x50, 0xc, 0xa0,
    0x1d, 0xf0, 0x1, 0xd1, 0x0, 0xe, 0xc8, 0x0,
    0xc6, 0x90, 0x1, 0x42, 0xa0, 0x7, 0x3f, 0x80,
    0x74, 0x30, 0x80, 0xbc, 0x80, 0x7a, 0xdc, 0x3,
    0x89, 0xe0, 0x20, 0x37, 0xff, 0xff, 0x84, 0xcc,
    0x20,

    /* U+2713 "✓" */
    0x0, 0xff, 0x2e, 0x60, 0x3, 0xfc, 0xd4, 0x7e,
    0x1, 0xfc, 0x72, 0x12, 0x60, 0x1f, 0x87, 0x41,
    0x58, 0x3, 0xfa, 0x84, 0xa8, 0x3, 0xf9, 0x90,
    0x3c, 0x3, 0xf8, 0xa4, 0x28, 0x80, 0x38, 0xd4,
    0x1, 0xc0, 0xca, 0x1, 0xc9, 0x94, 0x2c, 0x63,
    0x20, 0x1f, 0xd7, 0x21, 0x40, 0x1f, 0x20, 0x1,
    0x41, 0x90, 0x3, 0xf3, 0x0, 0xa, 0x40, 0x3f,
    0xac, 0x8f, 0x80, 0x3f, 0x80,

    /* U+2717 "✗" */
    0x0, 0xff, 0xe0, 0x21, 0xa0, 0x6, 0x39, 0x90,
    0x6, 0x4b, 0xcf, 0x0, 0xd6, 0xcc, 0x20, 0x2,
    0x58, 0xd, 0x0, 0x6b, 0x0, 0x50, 0x1d, 0x80,
    0x34, 0x40, 0x31, 0x88, 0x39, 0x68, 0x2, 0xcc,
    0x3, 0xcc, 0x0, 0xd1, 0x7, 0x40, 0xf, 0xa8,
    0x3, 0x24, 0x0, 0x7e, 0x23, 0x0, 0xa8, 0x3,
    0xf8, 0x8c, 0x2, 0x20, 0xf, 0xef, 0x0, 0xd2,
    0x1, 0xfa, 0xc8, 0x8, 0x0, 0xa6, 0x1, 0xe7,
    0x40, 0x7, 0xb0, 0x2, 0x0, 0x38, 0xa0, 0x1,
    0x25, 0x2, 0x8, 0x80, 0xd, 0xe0, 0x4, 0x60,
    0x1a, 0x0, 0x10, 0x5, 0x4, 0x0, 0xa0, 0x9,
    0x1c, 0xd8, 0x0, 0x2e, 0x0, 0x91, 0x0, 0xd1,
    0x80, 0x11, 0x80, 0xd, 0x80, 0x3f, 0xc4, 0x61,
    0xe0, 0x1f, 0xfc, 0xd, 0xe3, 0x0, 0xff, 0x80,

    /* U+F05A "" */
    0x0, 0xf8, 0x5a, 0xf7, 0xfd, 0xb6, 0xc2, 0x1,
    0xff, 0xc0, 0x19, 0xe9, 0x42, 0x0, 0x12, 0x4f,
    0x48, 0x80, 0x7f, 0x27, 0x30, 0x7, 0xf9, 0xb9,
    0x0, 0x3e, 0x6b, 0x0, 0xff, 0xe1, 0x5b, 0x0,
    0x72, 0x48, 0x7, 0xff, 0x12, 0x50, 0x2, 0x1b,
    0x0, 0xff, 0xe3, 0x58, 0x80, 0x20, 0x3, 0xf0,
    0xe6, 0x4, 0x3, 0xf4, 0x0, 0xb0, 0x7, 0xe7,
    0x33, 0x38, 0x7, 0xe6, 0x17, 0x0, 0xfe, 0x73,
    0x33, 0x80, 0x7f, 0x3e, 0x80, 0x7f, 0xe, 0x60,
    0x40, 0x3f, 0xb5, 0x80, 0x3f, 0x1b, 0xc3, 0x0,
    0x7f, 0x98, 0x80, 0x3f, 0x6c, 0x3c, 0xb0, 0x7,
    0xf1, 0x0, 0x7f, 0x49, 0x0, 0x38, 0x3, 0xfc,
    0x40, 0x1f, 0x9f, 0x4c, 0x3, 0xfe, 0x26, 0x0,
    0xff, 0xe5, 0x36, 0x80, 0x7f, 0x10, 0x0, 0x40,
    0x3f, 0xb5, 0xc0, 0x3f, 0x66, 0x98, 0x36, 0x0,
    0x7e, 0x71, 0x60, 0xf, 0x98, 0x3, 0x30, 0x7,
    0xcc, 0x21, 0x0, 0x1f, 0x57, 0xfe, 0xa0, 0xf,
    0xa0, 0x0, 0x36, 0x1, 0xff, 0xc6, 0xb1, 0x0,
    0x92, 0x40, 0x3f, 0xf8, 0x92, 0x80, 0x1c, 0xd6,
    0x1, 0xff, 0xc2, 0xb6, 0x0, 0xf9, 0x39, 0x80,
    0x3f, 0xcd, 0xc8, 0x1, 0xfc, 0x33, 0xd2, 0x84,
    0x0, 0x24, 0x9e, 0x91, 0x0, 0xe0,

    /* U+F0ED "" */
    0x0, 0xff, 0x19, 0x84, 0x3, 0xff, 0x92, 0x35,
    0xf9, 0x8e, 0xd6, 0x0, 0xff, 0xe3, 0x27, 0xa8,
    0x6, 0x29, 0xb0, 0xf, 0xfe, 0x20, 0xd8, 0x80,
    0x7c, 0x94, 0x4, 0x62, 0x1, 0xff, 0x50, 0x7,
    0xf9, 0x77, 0x59, 0xd6, 0x40, 0x1f, 0x89, 0x0,
    0x3f, 0xe2, 0x0, 0x93, 0x4, 0x3, 0xe4, 0x0,
    0xff, 0xe2, 0x8c, 0x0, 0x7c, 0x20, 0x1f, 0xfc,
    0x64, 0x0, 0xfb, 0x80, 0x3e, 0x6f, 0x60, 0xf,
    0xc6, 0x1, 0xc9, 0xac, 0x1, 0xf7, 0x87, 0x80,
    0x7e, 0x50, 0xc, 0x96, 0x40, 0x1f, 0xfc, 0x77,
    0x20, 0x0, 0xd8, 0x7, 0xff, 0x24, 0xf5, 0x2,
    0x40, 0x3f, 0x5f, 0x18, 0x4, 0x7d, 0x60, 0x1f,
    0x58, 0xa0, 0x7, 0xe7, 0x1c, 0x40, 0x4c, 0x10,
    0xf, 0xe8, 0x30, 0xf, 0xda, 0x60, 0x40, 0x40,
    0x74, 0x1, 0xf9, 0x4, 0x3, 0xf0, 0xe2, 0x0,
    0x49, 0x82, 0x1, 0xf8, 0x94, 0x3, 0xfd, 0x6a,
    0xb, 0x60, 0x1f, 0xe3, 0xe0, 0xf, 0xfa, 0xba,
    0x80, 0x3f, 0xe5, 0x58, 0x3, 0xfe, 0x10, 0xf,
    0xf8, 0x60, 0x29, 0x0, 0x3f, 0xf9, 0x54, 0x20,
    0xb, 0xa1, 0x0, 0xff, 0xe3, 0x26, 0xa0, 0x6,
    0x5e, 0xdb, 0xbf, 0xfe, 0x1e, 0xfd, 0x90, 0x0,

    /* U+F12E "" */
    0x0, 0xfc, 0xb9, 0xfa, 0xc0, 0x1f, 0xfc, 0x73,
    0xa3, 0x2, 0x96, 0x0, 0xff, 0xe3, 0x28, 0x7,
    0x78, 0x7, 0xff, 0x19, 0x88, 0x3, 0x58, 0x7,
    0xff, 0x1e, 0x0, 0x26, 0x20, 0xf, 0xfe, 0x3f,
    0x80, 0x48, 0x20, 0x1f, 0xf1, 0x67, 0xff, 0x94,
    0x2, 0x2e, 0xff, 0x6a, 0x0, 0x7d, 0xc6, 0x1,
    0xff, 0xc2, 0x2a, 0x0, 0xf8, 0xc0, 0x3f, 0xf8,
    0x82, 0x40, 0x1f, 0xfd, 0x51, 0x64, 0x0, 0xff,
    0xe0, 0x88, 0x1, 0x94, 0x0, 0xa5, 0x93, 0x6a,
    0x1, 0xff, 0xc0, 0xf7, 0xd9, 0xa7, 0xa, 0xd2,
    0x0, 0x40, 0x7, 0xff, 0x0, 0xe0, 0x80, 0x10,
    0x1, 0xe2, 0x0, 0xff, 0xe3, 0x8, 0x7, 0x10,
    0x7, 0xff, 0x18, 0x6b, 0x48, 0x1, 0x0, 0x1f,
    0xfc, 0x3, 0x82, 0x0, 0x38, 0x29, 0x64, 0xda,
    0x80, 0x7f, 0xf0, 0x3d, 0xf6, 0x6a, 0x0, 0x21,
    0x64, 0x0, 0xff, 0xe0, 0x88, 0x1, 0x94, 0x3,
    0xfc, 0xb9, 0xfa, 0xc0, 0x1f, 0xfc, 0x73, 0xa3,
    0x2, 0x96, 0x0, 0xff, 0xe3, 0x28, 0x7, 0x70,
    0x7, 0xff, 0x19, 0xc8, 0x2, 0x19, 0x0, 0xff,
    0x88, 0x3, 0xc3, 0xe0, 0x16, 0x8, 0x4, 0x24,
    0x1, 0xee, 0x20, 0xf, 0x38, 0x4, 0xe0, 0x11,
    0x50, 0x7, 0xc0,

    /* U+F15C "" */
    0x8, 0xef, 0xff, 0xba, 0x0, 0x3d, 0xe, 0x20,
    0x1f, 0xb, 0xd8, 0x7, 0x30, 0x7, 0xfc, 0x96,
    0x1, 0x84, 0x3, 0xf1, 0xb8, 0x1, 0x2c, 0x3,
    0xff, 0x83, 0xe, 0x0, 0x4b, 0x0, 0xff, 0xe0,
    0xc4, 0x0, 0x9, 0x60, 0x1f, 0xfc, 0x17, 0x80,
    0x2, 0x40, 0x7, 0xf1, 0x0, 0x4f, 0x0, 0x6,
    0x0, 0xfe, 0x1e, 0xcc, 0xac, 0x0, 0x20, 0x1f,
    0xe1, 0x33, 0xc0, 0x1f, 0xfd, 0xf3, 0xef, 0xff,
    0x71, 0x80, 0x7e, 0x71, 0x0, 0xf0, 0xb8, 0x7,
    0xe4, 0xff, 0xfc, 0x80, 0x1f, 0xfc, 0xe1, 0x9b,
    0xbf, 0x48, 0x80, 0x7e, 0x76, 0x44, 0xf3, 0x38,
    0x7, 0xe7, 0x54, 0x4f, 0x2b, 0x80, 0x7e, 0x1a,
    0xbb, 0xf5, 0x8, 0x7, 0xff, 0x28, 0x40, 0x3f,
    0xf8, 0x82, 0xc0, 0x1f, 0xfc, 0x46, 0x87, 0x10,
    0xf, 0xfe, 0x0, 0xbc, 0x0,

    /* U+F1CD "" */
    0x0, 0xf8, 0x5e, 0xf7, 0xfd, 0xb6, 0xe2, 0x1,
    0xff, 0xc0, 0x1a, 0xe8, 0x42, 0x0, 0x12, 0x47,
    0x50, 0x80, 0x7c, 0x55, 0x3e, 0xa0, 0x1f, 0xe5,
    0xf9, 0xa2, 0x0, 0xd0, 0xac, 0x20, 0x2, 0x9c,
    0xee, 0x64, 0x90, 0x0, 0x59, 0x60, 0x3, 0x18,
    0x6, 0xad, 0x63, 0x11, 0x1b, 0x6d, 0x0, 0x63,
    0x0, 0x85, 0xc0, 0x36, 0x80, 0x7e, 0xd0, 0xc,
    0xe2, 0x0, 0xb1, 0x0, 0xcf, 0x0, 0x1, 0x10,
    0x2, 0x1c, 0x3, 0xc, 0x0, 0xa8, 0x2, 0x50,
    0x0, 0xf5, 0xbd, 0xcd, 0xa7, 0x0, 0x24, 0x80,
    0x18, 0x58, 0x0, 0x4d, 0x68, 0x0, 0x52, 0x0,
    0x12, 0x80, 0x16, 0xd8, 0x80, 0xd, 0x80, 0xb,
    0x0, 0x59, 0x80, 0x7e, 0x3a, 0x0, 0x58, 0x3,
    0x14, 0x0, 0xa0, 0x11, 0x0, 0x23, 0xfd, 0x0,
    0x2, 0x0, 0x94, 0x0, 0xc2, 0x0, 0x20, 0x1,
    0x8, 0x13, 0x80, 0x1c, 0x80, 0x48, 0x0, 0x40,
    0x2, 0x0, 0xff, 0xe1, 0x18, 0x7, 0xf0, 0x80,
    0x8, 0x0, 0x40, 0x2, 0x70, 0x3, 0x88, 0x9,
    0x0, 0x8, 0x0, 0x4a, 0x0, 0x50, 0x8, 0xc0,
    0x11, 0xfe, 0x80, 0x1, 0x0, 0x4a, 0x0, 0x6c,
    0x0, 0x58, 0x2, 0x8c, 0x3, 0xf1, 0xd0, 0x2,
    0xc0, 0x18, 0xc0, 0x2, 0x6a, 0x50, 0x2, 0x8,
    0x0, 0x50, 0x0, 0xb6, 0xa4, 0x0, 0x61, 0x50,
    0x4, 0xa8, 0x1, 0xaf, 0xbb, 0x5b, 0x0, 0x12,
    0x80, 0xa, 0x21, 0x62, 0x1, 0x9a, 0x40, 0x2,
    0x20, 0x4, 0xb0, 0x6, 0x1b, 0x0, 0xb, 0x80,
    0x6c, 0x0, 0xfd, 0x80, 0x19, 0xc4, 0x2, 0x30,
    0xd, 0x5a, 0xc6, 0x22, 0x36, 0xca, 0x0, 0xc6,
    0x1, 0xa1, 0x58, 0x40, 0x5, 0x39, 0xdc, 0xc9,
    0x30, 0x0, 0xb2, 0xc0, 0x6, 0x2a, 0x9f, 0x50,
    0xf, 0xf2, 0xfc, 0xd1, 0x0, 0x7c, 0x35, 0xd0,
    0x82, 0x0, 0x14, 0x8e, 0xa1, 0x0, 0xe0,

    /* U+F1D8 "" */
    0x0, 0xff, 0xe6, 0x98, 0x7, 0xff, 0x2d, 0x2b,
    0xf2, 0x80, 0x3f, 0xf8, 0xe7, 0x1d, 0x6a, 0x0,
    0x10, 0xf, 0xfe, 0x21, 0x3e, 0xe3, 0x88, 0x6,
    0xe0, 0xf, 0xfe, 0x8, 0xb6, 0x6c, 0x10, 0x7,
    0xca, 0x1, 0xff, 0x2d, 0xf4, 0x98, 0x7, 0xf2,
    0x80, 0x7f, 0x24, 0xfd, 0x20, 0x7, 0xff, 0x3,
    0x80, 0x3c, 0x51, 0xd6, 0xc0, 0x1f, 0xfc, 0x21,
    0x40, 0x8, 0x5f, 0x74, 0xe2, 0x1, 0xff, 0xc4,
    0x70, 0xa, 0x7a, 0x8, 0x3, 0xff, 0x8f, 0x40,
    0x2, 0x60, 0xf, 0xfe, 0x8, 0xc0, 0x7, 0x88,
    0xc0, 0x4, 0x40, 0xf, 0xfe, 0x1, 0xfb, 0x0,
    0x7a, 0x80, 0x36, 0x41, 0x0, 0x7f, 0x2e, 0xe,
    0x80, 0x79, 0x40, 0x30, 0xbe, 0xda, 0x80, 0x7a,
    0x28, 0x28, 0xc0, 0x38, 0xc8, 0x3, 0xe4, 0xae,
    0x82, 0x0, 0x5b, 0x83, 0xa8, 0x7, 0xa8, 0x3,
    0xfc, 0x2f, 0xb9, 0xc8, 0x9, 0x0, 0x1f, 0x38,
    0x7, 0xff, 0x4, 0xc4, 0xa, 0xc0, 0x3e, 0x41,
    0x0, 0xff, 0xe2, 0x40, 0x7, 0xee, 0x0, 0xff,
    0xe2, 0x98, 0x7, 0xe5, 0x0, 0xff, 0xe2, 0xd8,
    0x7, 0xca, 0x1, 0xff, 0xc6, 0x23, 0x0, 0xf7,
    0x0, 0x7f, 0xf1, 0xe4, 0x3, 0x85, 0x0, 0x3f,
    0xf8, 0xea, 0x20, 0x19, 0x80, 0x3f, 0xf9, 0x2c,
    0x1, 0xac, 0x3, 0xff, 0x93, 0x40, 0x11, 0x18,
    0x7, 0xff, 0x24, 0x90, 0x1, 0x40, 0x1f, 0xfc,
    0xba, 0x57, 0x70, 0x7, 0xe0,

    /* U+F1DE "" */
    0x0, 0xfc, 0x88, 0x0, 0xff, 0xe4, 0x27, 0xdd,
    0xbd, 0x0, 0x3f, 0xf8, 0x22, 0x38, 0xec, 0x3,
    0x59, 0x88, 0xff, 0x82, 0x3b, 0xb6, 0x0, 0x7b,
    0x3b, 0xbf, 0xd0, 0xc0, 0x1f, 0xfc, 0xa6, 0xb2,
    0x11, 0xc0, 0x1e, 0x11, 0xff, 0x15, 0xae, 0xf7,
    0x5e, 0x40, 0x18, 0xbf, 0xbb, 0xfb, 0x54, 0x3,
    0x87, 0xcc, 0x0, 0x7e, 0x20, 0x1f, 0xfc, 0x52,
    0xce, 0xe6, 0x10, 0x0, 0xab, 0x68, 0x80, 0x3f,
    0xf8, 0x22, 0x20, 0x8, 0x71, 0x49, 0x70, 0x40,
    0x38, 0xd1, 0x3f, 0xed, 0x10, 0x8, 0x75, 0x10,
    0x61, 0x59, 0x77, 0xff, 0x18, 0x7, 0x1d, 0xdb,
    0x29, 0xc0, 0x3f, 0xf9, 0x4f, 0xca, 0x89, 0xff,
    0x0, 0x7c, 0x88, 0x5e, 0x3a, 0xbb, 0xff, 0xb0,
    0x3, 0xb2, 0xed, 0x46, 0x1, 0xe2, 0x52, 0x0,
    0xc7, 0xb0, 0xd1, 0xa6, 0x1, 0xfd, 0x7b, 0x5b,
    0x60, 0x18, 0x9e, 0x5c, 0x80, 0x3c, 0x23, 0x4a,
    0x0, 0x49, 0x22, 0x3f, 0xfc, 0x0, 0x8e, 0xe9,
    0x80, 0x39, 0xbb, 0xbf, 0xf8, 0x10, 0xc0, 0x1f,
    0xfc, 0xa6, 0xb2, 0x11, 0x0, 0x7c, 0x23, 0xff,
    0x15, 0xae, 0xf7, 0x24, 0x3, 0xa7, 0xbb, 0xfe,
    0xd5, 0x0, 0xcd, 0x0, 0x14, 0x30, 0x7, 0xff,
    0x19, 0xff, 0xbd, 0xc0, 0x3f, 0xf8, 0x40,

    /* U+F2DB "" */
    0x0, 0xf5, 0x68, 0x5, 0x76, 0x0, 0xb6, 0x80,
    0x3f, 0xf8, 0xa, 0x46, 0x2, 0x88, 0x10, 0x32,
    0x50, 0xf, 0xfe, 0xb4, 0x70, 0x3, 0x3f, 0x80,
    0x1d, 0xf8, 0x0, 0xe8, 0x0, 0xfa, 0x1c, 0x40,
    0x3f, 0xf8, 0x2, 0xf0, 0x1, 0xe6, 0x0, 0xff,
    0xe2, 0x30, 0x5, 0x5f, 0xe1, 0x0, 0x3f, 0xff,
    0xf9, 0xc0, 0x3, 0xfe, 0xa7, 0x0, 0xe8, 0x0,
    0xff, 0x40, 0x7, 0x3e, 0xe6, 0x0, 0x3a, 0x2e,
    0xfd, 0x0, 0x1d, 0x98, 0xd0, 0x33, 0x0, 0x71,
    0xa2, 0x78, 0xc0, 0x38, 0xcc, 0x0, 0x11, 0x0,
    0x7f, 0xf1, 0x84, 0x41, 0x7d, 0xc0, 0xf, 0xfe,
    0x37, 0x72, 0xc0, 0x3f, 0xf9, 0x97, 0xdc, 0x0,
    0xff, 0xe3, 0x77, 0x2c, 0x4, 0x40, 0x1f, 0xfc,
    0x61, 0x10, 0x0, 0xcc, 0x1, 0xc6, 0x89, 0xe3,
    0x0, 0xe3, 0x30, 0x6e, 0x60, 0x3, 0xa2, 0xef,
    0xd0, 0x1, 0xd9, 0x8d, 0x70, 0xe, 0x80, 0xf,
    0xf4, 0x0, 0x73, 0xd7, 0xf8, 0x40, 0xf, 0xff,
    0xfe, 0x70, 0x0, 0xff, 0xa8, 0x2, 0x60, 0xf,
    0xfe, 0x23, 0x0, 0x7a, 0x1c, 0x40, 0x3f, 0xf8,
    0x2, 0xf0, 0x1, 0xf4, 0x70, 0x3, 0x3f, 0x80,
    0x1d, 0xf8, 0x0, 0xe8, 0x0, 0xff, 0xeb, 0x29,
    0x18, 0xa, 0x20, 0x40, 0xc9, 0x40, 0x3c,

    /* U+F2F5 "" */
    0x0, 0x85, 0x12, 0x30, 0xf, 0xfe, 0x31, 0x5f,
    0x5d, 0xd9, 0x40, 0x1f, 0xfc, 0x41, 0xc4, 0x0,
    0xe7, 0x0, 0xff, 0xe2, 0x40, 0x80, 0xd, 0x10,
    0xbc, 0x1, 0xe8, 0xb1, 0x0, 0xf9, 0x0, 0x15,
    0x97, 0x6a, 0x30, 0xf, 0x3a, 0x60, 0x80, 0x78,
    0x80, 0xa, 0x1, 0xff, 0xc1, 0x2c, 0x10, 0xf,
    0xfe, 0x59, 0x60, 0x80, 0x7f, 0xf2, 0xcb, 0x4,
    0x3, 0xfe, 0x8f, 0xff, 0x0, 0x71, 0x60, 0x80,
    0x7f, 0x23, 0x80, 0x7f, 0xf0, 0xb, 0x4, 0x3,
    0xf1, 0x80, 0x7f, 0xf0, 0x8b, 0x40, 0x3f, 0xfa,
    0xa4, 0x1, 0xff, 0xc2, 0x2d, 0x0, 0xfc, 0xae,
    0x1, 0xff, 0xc0, 0x2c, 0x10, 0xf, 0xe8, 0xff,
    0xf0, 0x7, 0x16, 0x8, 0x7, 0xff, 0x24, 0xb0,
    0x40, 0x3f, 0xf9, 0x25, 0x82, 0x1, 0xf0, 0x80,
    0x7f, 0xf0, 0x4b, 0x4, 0x3, 0x90, 0x1, 0xaa,
    0x88, 0x30, 0xf, 0x9d, 0x30, 0x40, 0x3d, 0xe0,
    0x3, 0xab, 0xb6, 0x50, 0x7, 0xa2, 0xc4, 0x3,
    0xe4, 0x80, 0xf, 0x38, 0x7, 0xff, 0x15, 0xf1,
    0xd1, 0x25, 0xe0, 0xf, 0xfe, 0x20,

    /* U+F2F9 "" */
    0x0, 0xff, 0xf8, 0x8b, 0x5e, 0xff, 0xba, 0x9c,
    0x40, 0x31, 0x6d, 0x0, 0x7c, 0x33, 0xd2, 0x84,
    0x0, 0x15, 0x8e, 0xa1, 0x2, 0xc2, 0x50, 0xf,
    0x27, 0x30, 0x7, 0xf9, 0x7d, 0xf0, 0x40, 0x3e,
    0x6b, 0x0, 0x92, 0x77, 0xfd, 0xb2, 0x80, 0x1,
    0x81, 0x0, 0xf9, 0x24, 0x0, 0x59, 0x6c, 0x40,
    0x2, 0x6b, 0xc2, 0x0, 0xfe, 0x1b, 0x0, 0x26,
    0x98, 0x7, 0xe1, 0x30, 0xf, 0xe8, 0x0, 0x15,
    0x80, 0x7f, 0x16, 0x8, 0x7, 0xe1, 0x60, 0x7,
    0x0, 0x7f, 0xbc, 0x40, 0x3f, 0x9c, 0x0, 0x86,
    0x1, 0xfe, 0x70, 0xf, 0x94, 0x1, 0xa0, 0xd,
    0x0, 0xff, 0xab, 0xff, 0xea, 0x0, 0x30, 0x1,
    0x0, 0x3f, 0xf9, 0x44, 0x0, 0x20, 0xf, 0xff,
    0x21, 0x0, 0x8, 0x3, 0xff, 0x94, 0xc0, 0x4,
    0x0, 0xff, 0xe5, 0x68, 0x3, 0x40, 0x3f, 0xf9,
    0x4e, 0x0, 0x43, 0x0, 0xff, 0xe1, 0xb1, 0x0,
    0x61, 0x60, 0x7, 0x0, 0x7f, 0xf0, 0xb6, 0x70,
    0x3, 0xa0, 0x0, 0x56, 0x1, 0xff, 0xc0, 0xb2,
    0x0, 0xf8, 0x6c, 0x0, 0x9a, 0x60, 0x1f, 0x8f,
    0x50, 0x1, 0x40, 0x1e, 0x49, 0x0, 0x16, 0x5b,
    0x10, 0x0, 0x9a, 0xf0, 0x80, 0x12, 0x80, 0x1f,
    0x35, 0x80, 0x49, 0x3b, 0xfe, 0xd9, 0x40, 0xa,
    0xd8, 0x3, 0xf9, 0x39, 0x80, 0x3f, 0xcd, 0xc8,
    0x1, 0xff, 0xc, 0xf4, 0xa1, 0x0, 0x9, 0x27,
    0xa4, 0x40, 0x3f, 0xf8, 0x42, 0xd7, 0xbf, 0xed,
    0xb6, 0x10, 0xf, 0xfe, 0xa8,

    /* U+F590 "" */
    0x0, 0xf1, 0x46, 0x77, 0xf6, 0x41, 0x0, 0x7f,
    0x8a, 0xb5, 0xcc, 0x40, 0x4d, 0xf6, 0x88, 0x3,
    0xe4, 0xd5, 0x0, 0xfe, 0x5d, 0x40, 0xe, 0x4b,
    0x0, 0x92, 0xb7, 0xf6, 0x90, 0x2, 0xb4, 0x0,
    0x8a, 0xc0, 0x5, 0x76, 0x52, 0x2, 0x5b, 0xb1,
    0x0, 0x2c, 0x80, 0x12, 0x0, 0x1c, 0x40, 0xf,
    0x93, 0x4, 0x1, 0x0, 0x68, 0x0, 0xd1, 0x0,
    0xfe, 0x1d, 0x0, 0x29, 0x58, 0x1, 0xc, 0x3,
    0xfe, 0x34, 0x0, 0x52, 0x0, 0x38, 0x3, 0xff,
    0x83, 0xc0, 0x4, 0x20, 0x4, 0x7f, 0xa0, 0x3,
    0xe8, 0xff, 0x40, 0x0, 0x84, 0x0, 0x40, 0x7,
    0x40, 0xe, 0x57, 0x0, 0x10, 0x0, 0x40, 0x3e,
    0x30, 0xe, 0x20, 0xf, 0xfe, 0x17, 0x80, 0x77,
    0x80, 0x7f, 0xf4, 0xc, 0x3, 0xff, 0x91, 0x60,
    0x1e, 0xf0, 0xe, 0xf0, 0xf, 0x9c, 0xc0, 0x38,
    0x80, 0x38, 0xc0, 0x3f, 0x64, 0x18, 0x1, 0x94,
    0x3, 0x91, 0xc0, 0x4, 0xa0, 0x19, 0xf3, 0xfd,
    0x20, 0x1f, 0x47, 0xfb, 0x78, 0x3, 0xfc, 0x2f,
    0xe, 0x20, 0x1c, 0x60, 0x60, 0x1f, 0xf, 0xc3,
    0xc7, 0x88, 0x4, 0x50, 0x8, 0x1, 0xf3, 0x88,
    0x4, 0x30, 0x88, 0x7d, 0x2, 0x80, 0xf, 0x8c,
    0x3, 0x9a, 0xed, 0x0, 0x5c, 0x1, 0xf9, 0x5c,
    0x3, 0xe3, 0x7d, 0x30,

    /* U+F5FD "" */
    0x0, 0xff, 0xea, 0x94, 0xf7, 0x24, 0x80, 0x3f,
    0xf8, 0x87, 0x5a, 0xc2, 0x26, 0xda, 0x30, 0xf,
    0xfe, 0x2, 0x5e, 0x28, 0x7, 0x97, 0x2d, 0x0,
    0x3f, 0x2e, 0x5a, 0x0, 0x7f, 0x92, 0xf1, 0x40,
    0x33, 0x6d, 0x18, 0x7, 0xff, 0x8, 0xeb, 0x58,
    0x32, 0x48, 0x3, 0xff, 0x8c, 0x53, 0x80, 0x1f,
    0xfc, 0xcc, 0x92, 0x0, 0xff, 0xe3, 0x14, 0xe0,
    0x36, 0xd1, 0x80, 0x7f, 0xf0, 0x8e, 0xb5, 0x80,
    0x32, 0xe5, 0xa0, 0x7, 0xf9, 0x2f, 0x14, 0x3,
    0x35, 0x18, 0x25, 0xe2, 0x80, 0x79, 0x72, 0xd0,
    0xe, 0x98, 0x32, 0x57, 0x2d, 0x0, 0xeb, 0x58,
    0x44, 0xdb, 0x46, 0x9, 0x78, 0xb3, 0x80, 0x19,
    0x2f, 0x14, 0xa, 0x7b, 0x92, 0x40, 0xb9, 0x68,
    0x1, 0xb2, 0x48, 0x2, 0x3a, 0xd6, 0x10, 0x0,
    0xb6, 0xd1, 0x80, 0x45, 0x38, 0xd, 0xb4, 0x60,
    0x11, 0x4f, 0x6e, 0xba, 0x48, 0x2, 0x3a, 0xd6,
    0x0, 0xcb, 0x96, 0x80, 0x18, 0x88, 0x1, 0x92,
    0xf1, 0x40, 0x33, 0xd1, 0x82, 0x5e, 0x28, 0x7,
    0x97, 0x2d, 0x0, 0xe9, 0x83, 0x21, 0x73, 0x8,
    0x7, 0x5a, 0xc2, 0x26, 0xda, 0x30, 0x4b, 0xc5,
    0x9c, 0x0, 0xc7, 0x7a, 0xa0, 0x53, 0xdc, 0x92,
    0x5, 0xdb, 0x40, 0xd, 0x92, 0x40, 0x11, 0x57,
    0x30, 0x80, 0x5, 0xba, 0x88, 0x2, 0x29, 0xc0,
    0x6d, 0xa3, 0x0, 0x86, 0x7b, 0xb4, 0x88, 0x4,
    0x75, 0xac, 0x1, 0x97, 0x2d, 0x0, 0x30, 0x88,
    0x3, 0x25, 0xe2, 0x80, 0x7e, 0x4b, 0xc5, 0x0,
    0xf2, 0xed, 0xa0, 0x7, 0xff, 0x0, 0xeb, 0x58,
    0x44, 0xfd, 0x44, 0x1, 0xff, 0xc4, 0x29, 0xee,
    0x40, 0x80, 0x7f, 0x0,

    /* U+FB56 "ﭖ" */
    0x6, 0x82, 0x0, 0xff, 0xe0, 0xb7, 0xc9, 0x4b,
    0x10, 0x7, 0xff, 0x4, 0xc0, 0x90, 0x8, 0x3,
    0xff, 0x85, 0xa0, 0x20, 0x7, 0x0, 0xff, 0xe0,
    0x93, 0x86, 0x28, 0x22, 0x0, 0x3f, 0xc2, 0xf8,
    0x4, 0xc6, 0x81, 0x76, 0x52, 0x11, 0x12, 0x34,
    0xe7, 0x40, 0x9e, 0x0, 0x2d, 0x41, 0x2b, 0x7b,
    0x9b, 0x72, 0xc6, 0x7, 0x38, 0x20, 0x15, 0x6b,
    0x98, 0x80, 0x4, 0x91, 0xeb, 0xb1, 0x80, 0x3c,
    0x51, 0x9d, 0xfe, 0xed, 0xb8, 0x51, 0x0, 0xff,
    0xe0, 0x67, 0x86, 0xf0, 0x7, 0xff, 0xd, 0x50,
    0x1d, 0x0, 0x3f, 0xf8, 0x73, 0x61, 0x54, 0x0,
    0xff, 0xe2, 0x2f, 0xb0, 0x7, 0xff, 0x15, 0x8c,
    0xc0, 0x1f, 0xc0,

    /* U+FB57 "ﭗ" */
    0x0, 0xff, 0xe2, 0xb7, 0xd0, 0x6, 0xef, 0x20,
    0xf, 0xfe, 0x9, 0x0, 0x80, 0x4a, 0x26, 0x40,
    0x1f, 0xfc, 0x12, 0x6, 0x0, 0x8c, 0x1c, 0x3,
    0xff, 0x82, 0x50, 0x6, 0x1, 0x10, 0x28, 0x80,
    0x7f, 0xcf, 0xa2, 0x2, 0x40, 0x4, 0x21, 0xf7,
    0x20, 0xe, 0x25, 0x9f, 0x80, 0x23, 0xf, 0x52,
    0xc, 0x41, 0x8d, 0xfe, 0xe7, 0xfb, 0x69, 0x80,
    0xa7, 0x78, 0xa, 0xb8, 0x6, 0xf1, 0x8c, 0x47,
    0x12, 0x34, 0xf6, 0xb0, 0x16, 0x18, 0x7, 0x1c,
    0xe7, 0x7f, 0xbb, 0x6e, 0x58, 0x40, 0x31, 0xe7,
    0xe0, 0x7, 0xd3, 0x61, 0x54, 0x0, 0xff, 0xe3,
    0x2a, 0x3, 0xa0, 0x7, 0xff, 0x1b, 0x3c, 0x37,
    0x80, 0x3f, 0xf8, 0xeb, 0xec, 0x1, 0xff, 0xc8,
    0x63, 0x30, 0x7, 0xff, 0x0,

    /* U+FB58 "ﭘ" */
    0x0, 0xa7, 0xe4, 0x3, 0xff, 0x8c, 0x41, 0xc0,
    0x3, 0x74, 0x3, 0x3, 0xc8, 0x3, 0x40, 0xc,
    0xba, 0x0, 0x3f, 0xf5, 0x8, 0x6, 0xab, 0xb,
    0xa0, 0x3, 0xa8, 0x2b, 0x80, 0x37, 0x83, 0xb4,
    0x2, 0x6f, 0x60, 0xc, 0x46, 0x40,

    /* U+FB59 "ﭙ" */
    0x0, 0xa7, 0xe4, 0x3, 0xff, 0x98, 0x40, 0x40,
    0x18, 0xdd, 0x1, 0x1c, 0xc4, 0xf2, 0x0, 0x28,
    0xc6, 0x0, 0x97, 0x14, 0x40, 0x7, 0xfe, 0xa3,
    0xae, 0xf7, 0x0, 0x55, 0x85, 0xd0, 0x6, 0x75,
    0x5, 0x70, 0xd, 0xbc, 0x1d, 0xa0, 0x1c, 0xde,
    0xc0, 0x1e, 0x23, 0x20, 0x8,

    /* U+FB7A "ﭺ" */
    0x6, 0x9c, 0xde, 0xff, 0x76, 0xdc, 0x0, 0x45,
    0x2c, 0x64, 0x20, 0x1, 0x24, 0x71, 0x0, 0x92,
    0x73, 0x60, 0x40, 0x6, 0xd0, 0x20, 0x2, 0xb6,
    0x2e, 0x81, 0x7e, 0xc9, 0x70, 0xf, 0x51, 0x96,
    0xc0, 0x80, 0x7e, 0x74, 0x1c, 0x20, 0xf, 0xf4,
    0x5, 0x8, 0x7, 0xf9, 0x40, 0x90, 0xf, 0xe1,
    0x7d, 0xc0, 0x36, 0x82, 0x0, 0x4, 0xf9, 0x8c,
    0x80, 0x30, 0x80, 0x80, 0xb, 0x3f, 0xd8, 0xa0,
    0x18, 0x40, 0x80, 0x32, 0x98, 0x7, 0xb0, 0x14,
    0x40, 0x2c, 0xf0, 0xf, 0x20, 0x85, 0x0, 0x7f,
    0x10, 0x2, 0x81, 0x35, 0x88, 0x2, 0x28, 0xe5,
    0x0, 0x25, 0x89, 0x4e, 0xff, 0xda, 0xe2, 0x1,
    0x93, 0xa9, 0x48, 0x40, 0x4, 0xb4, 0xe0,

    /* U+FB7B "ﭻ" */
    0x6, 0x9c, 0xdf, 0xfb, 0xb6, 0xe0, 0x2, 0x29,
    0x63, 0x20, 0x8, 0x49, 0x1c, 0x40, 0x25, 0x9c,
    0xe8, 0x10, 0x8, 0xe0, 0x40, 0x5, 0x4c, 0x5b,
    0x2, 0xf2, 0x0, 0x70, 0xf, 0x51, 0x96, 0xc3,
    0x11, 0x90, 0x7, 0x3a, 0xe, 0x10, 0x2, 0xc2,
    0x0, 0x3a, 0x2, 0x84, 0x2, 0x61, 0x55, 0x0,
    0x4a, 0x4, 0x86, 0xa0, 0x8b, 0x61, 0x52, 0x81,
    0xa0, 0x81, 0x14, 0x11, 0x4a, 0xc0, 0xde, 0x2,
    0x2, 0x1f, 0x21, 0x32, 0x9, 0x81, 0x0, 0x8,
    0x10, 0x22, 0x30, 0xd8, 0x0, 0xfd, 0x61, 0x80,
    0xa2, 0x2, 0x7c, 0x1, 0xf2, 0x10, 0x50, 0x1f,
    0xc0, 0x6, 0x24, 0x0, 0x70, 0x27, 0x39, 0x88,
    0xa, 0x56, 0x98, 0x0, 0xf0, 0x86, 0x33, 0xbf,
    0xad, 0x40, 0x40, 0x23, 0xdb, 0x63, 0x21, 0x11,
    0xb5, 0xb0,

    /* U+FB7C "ﭼ" */
    0x0, 0x88, 0xc8, 0x40, 0x3f, 0xc5, 0xb9, 0xbd,
    0xf9, 0x8, 0x1, 0xff, 0xc0, 0x37, 0xbf, 0xa4,
    0x0, 0x8b, 0xfd, 0xdb, 0x72, 0xa4, 0xb, 0x62,
    0x1, 0xc2, 0x48, 0xdc, 0x1, 0x10, 0x80, 0x7e,
    0x9b, 0x22, 0x56, 0x80, 0x7c, 0x78, 0xc0, 0xfa,
    0xa0, 0x11, 0x10, 0xda, 0xf0, 0xc7, 0x20, 0x3,
    0x1e, 0xeb, 0x25, 0x1, 0x3c, 0xc0, 0x3f, 0x12,
    0x46, 0xd8, 0x80, 0x78, 0xff, 0xdb, 0x69, 0xca,
    0x98, 0x80, 0x1f, 0xcc, 0x64, 0x43, 0x20, 0xf,
    0xe5, 0xf7, 0x6f, 0x60, 0xf, 0xfa, 0xac, 0x3,
    0xff, 0x82, 0xea, 0x1, 0xe0,

    /* U+FB7D "ﭽ" */
    0x0, 0x88, 0xc8, 0x40, 0x3f, 0xf8, 0x5, 0xb9,
    0xbd, 0xf9, 0x8, 0x1, 0xff, 0xc2, 0x37, 0xbf,
    0xa4, 0x0, 0xe2, 0xff, 0x76, 0xdc, 0xb1, 0x2,
    0xd8, 0x80, 0x7c, 0x24, 0x8d, 0x80, 0x11, 0x8,
    0x7, 0xfa, 0x68, 0x81, 0x34, 0x3, 0xf8, 0xf1,
    0x81, 0x81, 0x18, 0x3, 0x11, 0xd, 0xaf, 0xc,
    0x72, 0x58, 0x26, 0x46, 0x27, 0xba, 0xc9, 0x40,
    0x4f, 0x30, 0x93, 0x6, 0xca, 0x0, 0x89, 0x23,
    0x6c, 0x40, 0x2c, 0x82, 0x0, 0x1f, 0xfb, 0x6d,
    0x39, 0x53, 0x10, 0x0, 0xfb, 0xf6, 0x1, 0xcc,
    0x64, 0x43, 0x20, 0xf, 0xf9, 0x7d, 0xdb, 0xd8,
    0x3, 0xff, 0x83, 0x56, 0x1, 0xff, 0xc3, 0x75,
    0x0, 0xfc,

    /* U+FB8A "ﮊ" */
    0x0, 0xfd, 0x5e, 0x20, 0x1f, 0xc4, 0x62, 0x1,
    0xfd, 0x18, 0x1, 0xf8, 0xbe, 0x8f, 0xe0, 0x3,
    0xc6, 0x6d, 0x13, 0xe0, 0xf, 0xe, 0x39, 0x63,
    0x0, 0x7f, 0xf2, 0x9, 0x4c, 0x3, 0xf9, 0xeb,
    0x80, 0x3f, 0x90, 0x8, 0x3, 0xf8, 0x40, 0x4,
    0x1, 0xff, 0x18, 0x7, 0xe2, 0x0, 0x8, 0x7,
    0xe5, 0x3, 0x0, 0xfc, 0x30, 0x16, 0x1, 0xf1,
    0x60, 0xb, 0x80, 0x79, 0xb0, 0x82, 0x80, 0x4,
    0x6d, 0x3d, 0x22, 0x2b, 0x40, 0x6, 0xe4, 0xb0,
    0x89, 0xfd, 0x0, 0x30, 0x9b, 0x5f, 0x40, 0x80,
    0x60,

    /* U+FB8B "ﮋ" */
    0x0, 0xfd, 0x5e, 0x20, 0x1f, 0xfc, 0x2, 0x31,
    0x0, 0xff, 0xe0, 0x46, 0x0, 0x7f, 0xc5, 0xf4,
    0x7f, 0x0, 0x1f, 0xc6, 0x6d, 0x13, 0xe0, 0xf,
    0xe1, 0xc7, 0x2c, 0x60, 0xf, 0xfe, 0x71, 0xb1,
    0x80, 0x7f, 0xf0, 0x1a, 0x7c, 0x3, 0xff, 0x80,
    0x80, 0x60, 0x1f, 0xfc, 0x1, 0x0, 0x28, 0x7,
    0xff, 0xa, 0xd4, 0x84, 0x3, 0xf1, 0x0, 0x6,
    0xb5, 0x80, 0x3f, 0x28, 0x1a, 0x88, 0x7, 0xf1,
    0x40, 0x55, 0x3b, 0xdc, 0x3, 0xc5, 0xe0, 0x4c,
    0x1, 0xfc, 0xda, 0x41, 0xc0, 0x1c, 0x46, 0xd3,
    0xd2, 0x3, 0x86, 0x1, 0xdb, 0x92, 0xc2, 0x28,
    0xe3, 0x0, 0xf8, 0x4d, 0xaf, 0x9c, 0x3, 0xf0,

    /* U+FB8E "ﮎ" */
    0x0, 0xff, 0xe4, 0x8, 0x7, 0xff, 0x14, 0x63,
    0x98, 0x3, 0xff, 0x86, 0x97, 0xce, 0x20, 0x1f,
    0xfc, 0x11, 0x7d, 0xb4, 0x5, 0xc7, 0x0, 0xff,
    0xa3, 0xa0, 0x86, 0x3a, 0x8c, 0x3, 0xfe, 0x77,
    0x1, 0xd7, 0x38, 0x80, 0x7f, 0xf0, 0x68, 0x1b,
    0x14, 0x3, 0xff, 0x8c, 0x20, 0x1f, 0xfc, 0x6b,
    0x7, 0x40, 0xf, 0xfe, 0x2b, 0x28, 0x59, 0x0,
    0x7f, 0xf1, 0x68, 0x83, 0xc4, 0x3, 0xff, 0x8b,
    0xe2, 0x5a, 0x1, 0xe6, 0x82, 0x0, 0xfc, 0x54,
    0x6, 0xe0, 0x18, 0xa5, 0x88, 0x3, 0xf9, 0x1c,
    0x24, 0x3, 0x20, 0x28, 0x7, 0xfd, 0x40, 0x22,
    0x0, 0xff, 0xe2, 0xb8, 0x0, 0x40, 0x25, 0x4,
    0x40, 0x7, 0xe1, 0x8a, 0x4, 0x0, 0xc6, 0x81,
    0x76, 0x62, 0x12, 0x36, 0xbe, 0x70, 0x29, 0x0,
    0xeb, 0x50, 0x49, 0xde, 0xdc, 0x94, 0x2, 0x8d,
    0x20, 0xf, 0x56, 0xb9, 0x88, 0x0, 0x92, 0x37,
    0x4e, 0x1, 0xe0,

    /* U+FB8F "ﮏ" */
    0x0, 0xff, 0xe4, 0x8, 0x7, 0xff, 0x1c, 0x63,
    0x98, 0x3, 0xff, 0x8a, 0x97, 0xce, 0x20, 0x1f,
    0xfc, 0x46, 0xdb, 0x40, 0x5c, 0x70, 0xf, 0xfe,
    0xc, 0x7c, 0x90, 0xc7, 0x51, 0x80, 0x7f, 0xf0,
    0x5d, 0xc0, 0x75, 0xce, 0x20, 0x1f, 0xfc, 0x3a,
    0x6, 0xc5, 0x0, 0xff, 0xe4, 0x8, 0x7, 0xff,
    0x22, 0x81, 0xd0, 0x3, 0xff, 0x8e, 0xe8, 0x16,
    0x40, 0x1f, 0xfc, 0x7b, 0x20, 0xf1, 0x0, 0xff,
    0xe3, 0xf8, 0x15, 0x0, 0x7e, 0x68, 0x20, 0xf,
    0xc5, 0x60, 0x90, 0x1, 0xe2, 0x96, 0x20, 0xf,
    0xe4, 0x70, 0x75, 0x0, 0xe4, 0x2, 0x0, 0xff,
    0xa8, 0x1, 0x46, 0x1, 0xe7, 0x0, 0xff, 0x98,
    0x2, 0xd1, 0x0, 0x88, 0x10, 0xc0, 0x3f, 0x9e,
    0xc0, 0xc4, 0x58, 0xa4, 0x28, 0x61, 0x94, 0x82,
    0x0, 0x25, 0xaf, 0x80, 0x3d, 0xd0, 0x15, 0x6c,
    0x86, 0xa0, 0x2d, 0xf7, 0xfb, 0x69, 0x40, 0xa7,
    0x4, 0xf5, 0x40, 0x30, 0xde, 0x31, 0x0, 0x63,
    0x7b, 0xd6, 0x0, 0x8a, 0xbf, 0xd0, 0x1, 0x1c,
    0xef, 0xfe, 0xc8, 0x40, 0xf, 0xf0,

    /* U+FB90 "ﮐ" */
    0x0, 0xff, 0xe5, 0xb6, 0xb0, 0x7, 0xc7, 0x3f,
    0x24, 0x1, 0xe5, 0xcc, 0x30, 0x1d, 0x30, 0x4,
    0xfd, 0x46, 0xd, 0xb8, 0xa0, 0x13, 0xc0, 0x94,
    0xfc, 0x90, 0x7, 0x48, 0x36, 0xb0, 0x7, 0xfb,
    0x80, 0x3f, 0xcc, 0x10, 0x60, 0x1f, 0xd0, 0x61,
    0xa2, 0x1, 0xfd, 0xa2, 0x2d, 0x0, 0xfe, 0x1d,
    0x3, 0xa0, 0xf, 0xe3, 0xa0, 0x56, 0x0, 0xfe,
    0x56, 0xb, 0x0, 0xff, 0x50, 0x10, 0x7, 0xf9,
    0x80, 0x3e, 0x22, 0xcb, 0x60, 0xa0, 0x18, 0xf7,
    0x75, 0x8, 0x40, 0x7, 0xf0, 0xae, 0x90, 0x6,

    /* U+FB91 "ﮑ" */
    0x0, 0xff, 0xe6, 0xb6, 0xb0, 0x7, 0xf1, 0xcf,
    0xc9, 0x0, 0x7e, 0x5c, 0xc3, 0x1, 0xd3, 0x0,
    0x73, 0xf5, 0x18, 0x36, 0xe2, 0x80, 0x73, 0xc0,
    0x94, 0xfc, 0x90, 0x7, 0xd2, 0xd, 0xac, 0x1,
    0xff, 0xc0, 0xe0, 0xf, 0xfe, 0x3, 0x4, 0x18,
    0x7, 0xfd, 0x6, 0x1a, 0x20, 0x1f, 0xf6, 0x88,
    0xb4, 0x3, 0xfe, 0x1d, 0x3, 0x90, 0xf, 0xf8,
    0xe8, 0x19, 0xc0, 0x3f, 0xe5, 0x60, 0x84, 0x0,
    0xff, 0xa8, 0x1, 0x64, 0x1, 0xfe, 0x60, 0xb,
    0xc4, 0x3, 0x11, 0x65, 0xb0, 0x30, 0x2d, 0x42,
    0x13, 0xdd, 0xd4, 0x22, 0xeb, 0x3, 0xbd, 0x60,
    0xe, 0x15, 0xc2, 0x4c, 0x40, 0x8,

    /* U+FB92 "ﮒ" */
    0x0, 0xff, 0xe3, 0x9a, 0x0, 0x7f, 0xf1, 0x5b,
    0x30, 0x60, 0x1f, 0xfc, 0x22, 0x9f, 0x92, 0x76,
    0x0, 0xff, 0xe0, 0x2e, 0x6b, 0x1d, 0x74, 0x0,
    0x7f, 0xcd, 0xd4, 0x6d, 0xb8, 0x91, 0xcc, 0x1,
    0xfe, 0xc3, 0x9f, 0x96, 0xbe, 0x71, 0x0, 0xff,
    0xaf, 0x5d, 0xdb, 0x68, 0xb, 0x8e, 0x1, 0xfe,
    0x18, 0xe8, 0x21, 0x8e, 0xa3, 0x0, 0xff, 0x9d,
    0xc0, 0x75, 0xce, 0x20, 0x1f, 0xfc, 0x1a, 0x6,
    0xc5, 0x0, 0xff, 0xe3, 0x8, 0x7, 0xff, 0x1a,
    0xc1, 0xd0, 0x3, 0xff, 0x8a, 0xca, 0x16, 0x40,
    0x1f, 0xfc, 0x5a, 0x20, 0xf1, 0x0, 0xff, 0xe2,
    0xf8, 0x96, 0x80, 0x79, 0xa0, 0x80, 0x3f, 0x15,
    0x1, 0xb8, 0x6, 0x29, 0x62, 0x0, 0xfe, 0x47,
    0x9, 0x0, 0xc8, 0xa, 0x1, 0xff, 0x50, 0x8,
    0x80, 0x3f, 0xf8, 0xae, 0x0, 0x10, 0x9, 0x41,
    0x10, 0x1, 0xf8, 0x62, 0x81, 0x0, 0x31, 0xa0,
    0x5d, 0x98, 0x84, 0x8d, 0xaf, 0x9c, 0xa, 0x40,
    0x3a, 0xd4, 0x12, 0x77, 0xb7, 0x25, 0x0, 0xa3,
    0x48, 0x3, 0xd5, 0xae, 0x62, 0x0, 0x24, 0x8d,
    0xd3, 0x80, 0x78,

    /* U+FB93 "ﮓ" */
    0x0, 0xff, 0xe3, 0x9a, 0x0, 0x7f, 0xf1, 0xdb,
    0x30, 0x60, 0x1f, 0xfc, 0x42, 0x9f, 0x92, 0x76,
    0x0, 0xff, 0xe1, 0x2e, 0x6b, 0x1d, 0x74, 0x0,
    0x7f, 0xf0, 0x5b, 0xa8, 0xdb, 0x71, 0x23, 0x98,
    0x3, 0xff, 0x81, 0x87, 0x3f, 0x2d, 0x7c, 0xe2,
    0x1, 0xff, 0xc1, 0xbd, 0x66, 0x6d, 0xa0, 0x2e,
    0x38, 0x7, 0xff, 0x0, 0x63, 0xe4, 0x86, 0x3a,
    0x8c, 0x3, 0xff, 0x82, 0xee, 0x3, 0xae, 0x71,
    0x0, 0xff, 0xe1, 0xd0, 0x36, 0x28, 0x7, 0xff,
    0x20, 0x40, 0x3f, 0xf9, 0x14, 0xe, 0x80, 0x1f,
    0xfc, 0x77, 0x40, 0xb2, 0x0, 0xff, 0xe3, 0xd9,
    0x7, 0x88, 0x7, 0xff, 0x1f, 0xc0, 0xa8, 0x3,
    0xf3, 0x41, 0x0, 0x7e, 0x2b, 0x4, 0x80, 0xf,
    0x14, 0xb1, 0x0, 0x7f, 0x23, 0x83, 0xa8, 0x7,
    0x20, 0x10, 0x7, 0xfd, 0x40, 0xa, 0x30, 0xf,
    0x38, 0x7, 0xfc, 0xc0, 0x16, 0x88, 0x4, 0x40,
    0x86, 0x1, 0xfc, 0xf6, 0x6, 0x22, 0xc5, 0x21,
    0x43, 0xc, 0xa4, 0x10, 0x1, 0x2d, 0x7c, 0x1,
    0xee, 0x80, 0xab, 0x64, 0x35, 0x1, 0x6f, 0xbf,
    0xdb, 0x4a, 0x5, 0x38, 0x27, 0xaa, 0x1, 0x86,
    0xf1, 0x88, 0x3, 0x1b, 0xde, 0xb0, 0x4, 0x55,
    0xfe, 0x80, 0x8, 0xe7, 0x7f, 0xf6, 0x42, 0x0,
    0x7f, 0x80,

    /* U+FB94 "ﮔ" */
    0x0, 0xff, 0x88, 0x80, 0x1f, 0xc9, 0x7a, 0x80,
    0x1e, 0x17, 0xeb, 0x45, 0x40, 0xc, 0x95, 0xd0,
    0x71, 0xd4, 0x40, 0x5, 0xdb, 0x55, 0x5e, 0xbb,
    0xb5, 0x80, 0x1c, 0x6f, 0xd4, 0xf3, 0xf2, 0x40,
    0x14, 0xf4, 0x26, 0x61, 0x80, 0xe9, 0x80, 0x4,
    0xfd, 0x46, 0xd, 0xb8, 0xa0, 0x13, 0xc0, 0x94,
    0xfc, 0x90, 0x7, 0x48, 0x36, 0xb0, 0x7, 0xfb,
    0x80, 0x3f, 0xcc, 0x10, 0x60, 0x1f, 0xd0, 0x61,
    0xa2, 0x1, 0xfd, 0xa2, 0x2d, 0x0, 0xfe, 0x1d,
    0x3, 0xa0, 0xf, 0xe3, 0xa0, 0x56, 0x0, 0xfe,
    0x56, 0xb, 0x0, 0xff, 0x50, 0x10, 0x7, 0xf9,
    0x80, 0x3e, 0x22, 0xcb, 0x60, 0xa0, 0x18, 0xf7,
    0x75, 0x8, 0x40, 0x7, 0xf0, 0xae, 0x90, 0x6,

    /* U+FB95 "ﮕ" */
    0x0, 0xff, 0x88, 0x80, 0x1f, 0xf2, 0x5e, 0xa0,
    0x7, 0xe1, 0x7e, 0xb4, 0x54, 0x0, 0xf2, 0x57,
    0x41, 0xc7, 0x51, 0x0, 0x65, 0xdb, 0x55, 0x5e,
    0xbb, 0xb5, 0x80, 0x37, 0x1b, 0xf5, 0x3c, 0xfc,
    0x90, 0x7, 0x4f, 0x42, 0x66, 0x18, 0xe, 0x98,
    0x3, 0x13, 0xf5, 0x18, 0x36, 0xe2, 0x80, 0x73,
    0xc0, 0x94, 0xfc, 0x90, 0x7, 0xd2, 0xd, 0xac,
    0x1, 0xff, 0xc0, 0xe0, 0xf, 0xfe, 0x3, 0x4,
    0x18, 0x7, 0xfd, 0x6, 0x1a, 0x20, 0x1f, 0xf6,
    0x88, 0xb4, 0x3, 0xfe, 0x1d, 0x3, 0x90, 0xf,
    0xf8, 0xe8, 0x19, 0xc0, 0x3f, 0xe5, 0x60, 0x84,
    0x0, 0xff, 0xa8, 0x1, 0x64, 0x1, 0xfe, 0x60,
    0xb, 0xc4, 0x3, 0x11, 0x65, 0xb0, 0x30, 0x2d,
    0x42, 0x13, 0xdd, 0xd4, 0x22, 0xeb, 0x3, 0xbd,
    0x60, 0xe, 0x15, 0xc2, 0x4c, 0x40, 0x8,

    /* U+FBFC "ﯼ" */
    0x0, 0xfe, 0x5a, 0xdd, 0x51, 0x80, 0x7f, 0xe,
    0x52, 0x91, 0x17, 0x18, 0x3, 0xf3, 0x18, 0xd7,
    0xf3, 0x84, 0x80, 0x7e, 0xe0, 0x55, 0x0, 0xc5,
    0x50, 0x40, 0x3e, 0xd0, 0x4c, 0x61, 0x5, 0x50,
    0x81, 0x10, 0x40, 0x24, 0x90, 0x39, 0xe9, 0x10,
    0xb, 0x74, 0x60, 0x19, 0xba, 0x50, 0x1b, 0x0,
    0xa, 0x4, 0x40, 0xe, 0x16, 0xbe, 0x2, 0x50,
    0x30, 0x60, 0xf, 0xe1, 0x0, 0x10, 0x10, 0x28,
    0x7, 0xe1, 0xb0, 0x2, 0x82, 0x8, 0xb1, 0x0,
    0x4, 0x8d, 0x5c, 0x81, 0x44, 0x0, 0xc1, 0x3b,
    0xff, 0x6d, 0xca, 0x82, 0x6a, 0x80, 0x45, 0xd0,
    0x40, 0x1, 0x36, 0xae, 0xb2, 0x0, 0x80,

    /* U+FBFD "ﯽ" */
    0x0, 0xff, 0xe0, 0x26, 0xfe, 0x10, 0x6, 0x56,
    0x20, 0xf, 0x92, 0xc8, 0xf, 0xc0, 0x22, 0xa9,
    0x20, 0xf, 0xbc, 0x17, 0x48, 0x92, 0x0, 0x70,
    0x30, 0xf, 0xc2, 0xe, 0x3e, 0xc, 0xc0, 0x30,
    0x70, 0xf, 0xd6, 0x65, 0x85, 0x21, 0x26, 0x40,
    0x84, 0x1, 0xf0, 0xf8, 0x0, 0x5a, 0x4, 0x10,
    0x83, 0x18, 0x80, 0x21, 0x38, 0xd0, 0x31, 0x7,
    0xe3, 0xf, 0x11, 0x4e, 0xff, 0xdd, 0x8e, 0x29,
    0xa0, 0x1e, 0x2e, 0x83, 0x0, 0xe2, 0x5b, 0xb0,
    0x80, 0x7e, 0x7c, 0xfe, 0xde, 0xfd, 0xa4, 0x0,
    0xf8,

    /* U+FBFE "ﯾ" */
    0x0, 0xa7, 0xe4, 0x3, 0xff, 0x8c, 0x41, 0xc0,
    0x3, 0x74, 0x3, 0x3, 0xc8, 0x3, 0x40, 0xc,
    0xba, 0x0, 0x3f, 0xf5, 0x8, 0x7, 0xfd, 0xbc,
    0x1d, 0xa0, 0x7, 0x50, 0x47,

    /* U+FBFF "ﯿ" */
    0x0, 0xa7, 0xe4, 0x3, 0xff, 0x98, 0x40, 0x40,
    0x18, 0xdd, 0x1, 0x1c, 0xc4, 0xf2, 0x0, 0x28,
    0xc6, 0x0, 0x97, 0x14, 0x40, 0x7, 0xfe, 0xa3,
    0xae, 0xf7, 0x0, 0xff, 0xb7, 0x83, 0xb4, 0x3,
    0x3a, 0x82, 0x38, 0x0,

    /* U+FE70 "ﹰ" */
    0x0, 0xc8, 0xf4, 0xb3, 0xbf, 0x76, 0x28, 0x2a,
    0xcf, 0xc8, 0xdb, 0x70, 0x7a, 0xd8, 0xcf, 0xca,
    0x3b, 0x24, 0xbe, 0xd9, 0x60,

    /* U+FE71 "ﹱ" */
    0x0, 0xe4, 0x7a, 0x0, 0x2c, 0xef, 0xdd, 0x88,
    0x1, 0x5, 0x59, 0xf9, 0x0, 0xd, 0xb7, 0x7,
    0xad, 0x0, 0x46, 0x7e, 0x51, 0xd8, 0x0, 0x92,
    0xfb, 0x65, 0x80, 0x15, 0x8, 0x20, 0x1f, 0xff,
    0xf0, 0xf, 0xfe, 0x41, 0x17, 0xc0, 0x7b, 0xbf,
    0x20, 0x7, 0xf0,

    /* U+FE72 "ﹲ" */
    0x0, 0xfe, 0x3e, 0xfb, 0x0, 0xac, 0x1d, 0xe,
    0xca, 0x5d, 0xc1, 0x8c, 0x22, 0x80, 0x8c, 0x49,
    0x2d, 0x37, 0x3b, 0x4d, 0xd, 0x0, 0x17, 0x6e,
    0x8, 0x0,

    /* U+FE73 "ﹳ" */
    0x68, 0x30, 0xb, 0x5e, 0xc0, 0x23, 0x7, 0x62,
    0x19, 0x10, 0x9d, 0x91, 0xc4, 0x0, 0x80,

    /* U+FE74 "ﹴ" */
    0x0, 0x85, 0x62, 0xda, 0xbb, 0x94, 0x79, 0x41,
    0x1b, 0xf6, 0xf9, 0x4e, 0xd1, 0x7d, 0x3b, 0xd6,
    0x87, 0x41, 0x59, 0xf9, 0x8,

    /* U+FE76 "ﹶ" */
    0x0, 0x8d, 0xeb, 0x63, 0x3f, 0x28, 0xec, 0x92,
    0xfb, 0x65, 0x80,

    /* U+FE77 "ﹷ" */
    0x0, 0xc6, 0xf5, 0xa0, 0x8, 0xcf, 0xca, 0x3b,
    0x0, 0x12, 0x5f, 0x6c, 0xb0, 0x2, 0xa1, 0x4,
    0x3, 0xff, 0xfe, 0x1, 0xff, 0xc8, 0x22, 0xf8,
    0xf, 0x77, 0xe4, 0x0, 0xfe,

    /* U+FE78 "ﹸ" */
    0x0, 0xfe, 0x1d, 0xf9, 0x0, 0x98, 0x25, 0x88,
    0x2, 0x21, 0x1, 0x0, 0x31, 0xc0, 0x60, 0x0,
    0x6c, 0x2b, 0x5, 0x2e, 0x6d, 0x4f, 0xec, 0xbd,
    0x0, 0x19, 0xf2, 0x20, 0x10,

    /* U+FE79 "ﹹ" */
    0x0, 0xff, 0xe0, 0xe, 0xfc, 0x80, 0x73, 0x4,
    0xb1, 0x0, 0x71, 0x8, 0x7, 0x98, 0xe0, 0x34,
    0x3, 0xd, 0x84, 0xe0, 0x0, 0x52, 0xe6, 0xd8,
    0xc0, 0x1f, 0x65, 0xe8, 0x1, 0xb3, 0xe4, 0x40,
    0x38, 0x80, 0x3f, 0xff, 0xe0, 0x1f, 0xfc, 0x22,
    0x2f, 0x80, 0xf7, 0x7e, 0x40, 0xf, 0xe0,

    /* U+FE7A "ﹺ" */
    0x0, 0xe3, 0x61, 0x58, 0xcf, 0xcb, 0xfa, 0x44,
    0x5f, 0x6e, 0x7e, 0x42, 0x8, 0x0,

    /* U+FE7B "ﹻ" */
    0x2, 0x2f, 0x80, 0xf7, 0x7e, 0x40, 0xf, 0xe3,
    0xff, 0xec, 0x94, 0x1, 0x58, 0xcf, 0xcb, 0x0,
    0x7d, 0x22, 0x2f, 0xb4, 0x1, 0x9f, 0x90, 0x82,
    0x0,

    /* U+FE7C "ﹼ" */
    0x0, 0xf0, 0xc0, 0x6, 0x1f, 0x11, 0x39, 0x7,
    0x90, 0x0, 0xc0, 0x21, 0x3, 0x0, 0x30, 0x81,
    0x80, 0x44, 0x11, 0x60, 0x22, 0x8, 0xf6, 0x25,
    0x90, 0x4, 0x3b, 0x4f, 0x7b, 0x0,

    /* U+FE7D "ﹽ" */
    0x0, 0xf0, 0xf8, 0x80, 0x43, 0xe2, 0x20, 0x30,
    0xf2, 0x0, 0x18, 0x4, 0x20, 0x60, 0x6, 0x20,
    0x30, 0x8, 0x82, 0x24, 0x46, 0x8, 0xf8, 0x14,
    0xb0, 0x4, 0x3b, 0x3e, 0xfa, 0x80, 0x1f, 0xa8,
    0x3, 0xff, 0xfe, 0x1, 0xff, 0xc9, 0x22, 0xf8,
    0xf, 0x77, 0xe4, 0x0, 0xfe,

    /* U+FE7E "ﹾ" */
    0x0, 0x84, 0x3, 0x37, 0x74, 0xa0, 0x92, 0x94,
    0x94, 0x7a, 0x54, 0xb4, 0x54, 0x62, 0x1, 0x8,
    0x79, 0xb9, 0x39, 0xe2, 0xbc, 0x6c, 0x3a, 0x84,
    0x75, 0xf4, 0x0,

    /* U+FE7F "ﹿ" */
    0x0, 0xc2, 0x1, 0xe6, 0xee, 0x94, 0x2, 0x49,
    0x4a, 0x4a, 0x30, 0x6, 0x95, 0x2d, 0x15, 0x0,
    0xc, 0x40, 0x21, 0x0, 0xbc, 0xdc, 0x9c, 0xf0,
    0x0, 0xaf, 0x1b, 0xe, 0xa0, 0x14, 0x75, 0xf4,
    0x0, 0x70, 0xa0, 0x80, 0x7f, 0xff, 0xc0, 0x3f,
    0xf8, 0xe4, 0x5f, 0x1, 0xee, 0xfc, 0x80, 0x1f,
    0xc0,

    /* U+FE80 "ﺀ" */
    0x0, 0xe1, 0x0, 0xe2, 0xbf, 0xef, 0x50, 0x1,
    0x6a, 0x0, 0x46, 0x0, 0x80, 0x2c, 0xfd, 0x70,
    0x2, 0x4, 0x98, 0x10, 0x80, 0x4, 0x1c, 0x3,
    0xc6, 0x1c, 0x60, 0x2, 0x20, 0x78, 0x16, 0x76,
    0xe9, 0xc0, 0xf8, 0xc0, 0x48, 0x4, 0x2b, 0xcc,
    0x0, 0xda, 0x82, 0xa2, 0x73, 0xd2, 0x40, 0x33,
    0xb8, 0xc2, 0x1, 0x0,

    /* U+FE81 "ﺁ" */
    0x1, 0x10, 0x7, 0x1a, 0x7f, 0x98, 0x44, 0xbb,
    0x73, 0x2b, 0x8e, 0xe5, 0xd4, 0x73, 0xaf, 0x6e,
    0xb9, 0xc0, 0xc0, 0x22, 0x20, 0x7, 0xaf, 0xd8,
    0x3, 0xff, 0xfe, 0x1, 0xff, 0xff, 0x0, 0xf0,

    /* U+FE82 "ﺂ" */
    0x1, 0x10, 0x7, 0x1a, 0x7f, 0x98, 0x44, 0xbb,
    0x73, 0x2b, 0x8e, 0xe5, 0xd4, 0x73, 0xaf, 0x6e,
    0xb9, 0xc0, 0xc0, 0x22, 0x20, 0x7, 0xaf, 0xd8,
    0x3, 0xff, 0xfe, 0x1, 0xff, 0xe4, 0x10, 0xf0,
    0xf, 0x68, 0x33, 0x8, 0x40, 0x26, 0x10, 0x9d,
    0x90, 0x8, 0x71, 0x0, 0x20,

    /* U+FE83 "ﺃ" */
    0x1b, 0xfd, 0x9, 0xc, 0x80, 0x2c, 0x35, 0xf,
    0x88, 0x49, 0xe0, 0x3a, 0x8e, 0x5f, 0xe1, 0x2a,
    0x0, 0x6b, 0xf6, 0x0, 0xff, 0xff, 0x80, 0x7f,
    0xc0,

    /* U+FE84 "ﺄ" */
    0x1b, 0xfd, 0x0, 0xa4, 0x32, 0x0, 0x22, 0xc3,
    0x50, 0xb, 0xe2, 0x12, 0x60, 0xc, 0x7, 0x51,
    0x0, 0x65, 0xfe, 0x10, 0x1, 0x50, 0x3, 0xd7,
    0xec, 0x1, 0xff, 0xff, 0x0, 0xff, 0xe4, 0x8,
    0x78, 0x6, 0xd0, 0x66, 0x10, 0x83, 0x8, 0x4e,
    0xc8, 0xe, 0x20, 0x4,

    /* U+FE85 "ﺅ" */
    0x0, 0xc5, 0x7f, 0x80, 0x1f, 0x40, 0xe4, 0x80,
    0x7c, 0x3a, 0x6a, 0x1, 0xf7, 0x45, 0x59, 0x0,
    0x7a, 0x40, 0x4c, 0xc0, 0x1e, 0xef, 0xb8, 0x10,
    0xf, 0x10, 0x19, 0x0, 0x7c, 0xff, 0x9b, 0x84,
    0x1, 0x9e, 0x0, 0x23, 0xf0, 0xd, 0x20, 0xbd,
    0x80, 0x4c, 0x1, 0x8, 0x78, 0x9b, 0x87, 0x80,
    0x44, 0x10, 0xa5, 0xe0, 0x40, 0x14, 0x81, 0x56,
    0xc0, 0x7, 0x26, 0x31, 0x0, 0x42, 0x1, 0x8e,
    0x77, 0xcc, 0x30, 0x3, 0xe7, 0x30, 0x70, 0xf,
    0x4c, 0x3, 0x89, 0x1a, 0x34, 0xf3, 0x2, 0xc0,
    0x6e, 0x5c, 0xb0, 0x84, 0x50, 0x6, 0x13, 0x6a,
    0xf7, 0x0, 0x80,

    /* U+FE86 "ﺆ" */
    0x0, 0xc5, 0x7f, 0x80, 0x1f, 0xe8, 0x1c, 0x90,
    0xf, 0xf0, 0xe9, 0xa8, 0x7, 0xfb, 0xa3, 0x34,
    0xc0, 0x3f, 0xa4, 0x96, 0xcc, 0x3, 0xfb, 0x36,
    0x58, 0x3, 0xfe, 0x37, 0x61, 0x0, 0xfe, 0xac,
    0x89, 0xe4, 0x0, 0xfa, 0x14, 0xc, 0x42, 0xc4,
    0x3, 0xcc, 0xf, 0x9e, 0x20, 0xc0, 0x1e, 0x10,
    0xe0, 0x16, 0xe, 0x0, 0xf1, 0x84, 0x31, 0x80,
    0x14, 0xcc, 0x20, 0x17, 0x80, 0xce, 0x38, 0x1e,
    0x62, 0xc0, 0x23, 0xc5, 0x10, 0xf, 0xf8, 0xeb,
    0xbc, 0xc2, 0x7f, 0xd4, 0x1, 0xf3, 0x98, 0x38,
    0x7, 0xf4, 0xc0, 0x40, 0x80, 0x44, 0x68, 0xd3,
    0xcc, 0xc, 0xe0, 0x1b, 0x72, 0xe5, 0x84, 0x53,
    0x20, 0xf, 0x84, 0xda, 0xb9, 0x80, 0x3c,

    /* U+FE87 "ﺇ" */
    0xb, 0xf6, 0x0, 0xff, 0xff, 0x80, 0x7f, 0xf0,
    0x2f, 0xd8, 0x6, 0xff, 0x42, 0x3, 0x20, 0xc,
    0xe5, 0xe, 0x7c, 0xc2, 0x78, 0xb5, 0x2d, 0xf5,
    0x30, 0x80,

    /* U+FE88 "ﺈ" */
    0xb, 0xf6, 0x0, 0xff, 0xff, 0x80, 0x7f, 0xf2,
    0x4, 0x3c, 0x3, 0x68, 0x33, 0x8, 0x41, 0x84,
    0x27, 0x64, 0x7, 0x10, 0x3, 0x8a, 0xff, 0xd0,
    0x37, 0xfa, 0x1, 0x40, 0x64, 0x0, 0x46, 0x72,
    0x80, 0x5c, 0xf9, 0x84, 0x0, 0x78, 0xb5, 0x28,
    0x2, 0xfa, 0x98, 0x40, 0x0,

    /* U+FE89 "ﺉ" */
    0x0, 0x9b, 0xbd, 0x80, 0x3f, 0xf8, 0x3, 0x37,
    0x8a, 0x1, 0xff, 0xc2, 0x43, 0x30, 0x7, 0xff,
    0x0, 0x4f, 0xb3, 0x0, 0x1f, 0xfc, 0x3, 0x15,
    0xae, 0x0, 0x2d, 0x6e, 0xa8, 0xc0, 0x31, 0xed,
    0x31, 0xe, 0x52, 0x91, 0x17, 0x18, 0x3, 0xf3,
    0x18, 0xd7, 0xf3, 0x84, 0x80, 0x7e, 0xe0, 0x55,
    0x0, 0xc5, 0x50, 0x40, 0x3e, 0xd0, 0x4c, 0x61,
    0x5, 0x50, 0x81, 0x10, 0x40, 0x24, 0x90, 0x39,
    0xe9, 0x10, 0xb, 0x74, 0x60, 0x19, 0xba, 0x50,
    0x1b, 0x0, 0xa, 0x4, 0x40, 0xe, 0x16, 0xbe,
    0x2, 0x50, 0x30, 0x60, 0xf, 0xe1, 0x0, 0x10,
    0x10, 0x28, 0x7, 0xe1, 0xb0, 0x2, 0x82, 0x8,
    0xb1, 0x0, 0x4, 0x8d, 0x5c, 0x81, 0x44, 0x0,
    0xc1, 0x3b, 0xff, 0x6d, 0xca, 0x82, 0x6a, 0x80,
    0x45, 0xd0, 0x40, 0x1, 0x36, 0xae, 0xb2, 0x0,
    0x80,

    /* U+FE8A "ﺊ" */
    0x0, 0xc9, 0xbf, 0x20, 0x1f, 0xfc, 0x4a, 0xa6,
    0x68, 0x7, 0xff, 0x14, 0xcc, 0x80, 0x1f, 0xfc,
    0x47, 0xbc, 0xe0, 0xf, 0xfe, 0x22, 0x2d, 0xe8,
    0x7, 0xff, 0x13, 0x69, 0xcc, 0x3, 0x26, 0xfe,
    0x10, 0x6, 0x56, 0x20, 0xf, 0x92, 0xc8, 0xf,
    0xc0, 0x22, 0xa9, 0x20, 0xf, 0xbc, 0x17, 0x48,
    0x92, 0x0, 0x70, 0x30, 0xf, 0xc2, 0xe, 0x3e,
    0xc, 0xc0, 0x30, 0x70, 0xf, 0xd6, 0x65, 0x85,
    0x21, 0x26, 0x40, 0x84, 0x1, 0xf0, 0xf8, 0x0,
    0x5a, 0x4, 0x10, 0x83, 0x18, 0x80, 0x21, 0x38,
    0xd0, 0x31, 0x7, 0xe3, 0xf, 0x11, 0x4e, 0xff,
    0xdd, 0x8e, 0x29, 0xa0, 0x1e, 0x2e, 0x83, 0x0,
    0xe2, 0x5b, 0xb0, 0x80, 0x7e, 0x7c, 0xfe, 0xde,
    0xfd, 0xa4, 0x0, 0xf8,

    /* U+FE8B "ﺋ" */
    0x0, 0xab, 0xb4, 0x80, 0xc, 0xfb, 0x26, 0x0,
    0x17, 0x34, 0x10, 0x2, 0xaa, 0xec, 0xc0, 0xa,
    0x7, 0x34, 0x0, 0x4f, 0xe4, 0x10, 0x0, 0x40,
    0x3e, 0x12, 0x10, 0xd, 0x1b, 0x0, 0x1f, 0xfc,
    0x65, 0xe, 0x0, 0x1b, 0x98, 0x18, 0x1e, 0x40,
    0x1a, 0x0, 0x65, 0xd0, 0x0,

    /* U+FE8C "ﺌ" */
    0x0, 0xab, 0xb4, 0x80, 0x33, 0x3e, 0xc9, 0x80,
    0x61, 0x73, 0x41, 0x0, 0xca, 0xab, 0xb3, 0x0,
    0x6a, 0x7, 0x34, 0x0, 0xd3, 0xf9, 0x4, 0x1,
    0x84, 0x3, 0xf8, 0x48, 0x40, 0x3d, 0x1b, 0x0,
    0x1f, 0xfc, 0xc5, 0x5, 0x0, 0xc6, 0xe6, 0x7,
    0x6, 0x27, 0x90, 0x1, 0x3e, 0x30, 0x4, 0xb8,
    0xa2, 0x0,

    /* U+FE8D "ﺍ" */
    0xbf, 0x60, 0xf, 0xff, 0x38,

    /* U+FE8E "ﺎ" */
    0xbf, 0x60, 0xf, 0xff, 0xf8, 0x7, 0x84, 0x3c,
    0x2, 0xd0, 0x66, 0x10, 0xb0, 0x84, 0xec, 0x8e,
    0x20, 0x4,

    /* U+FE8F "ﺏ" */
    0x6, 0x82, 0x0, 0xff, 0xe0, 0xb7, 0xc9, 0x4b,
    0x10, 0x7, 0xff, 0x4, 0xc0, 0x90, 0x8, 0x3,
    0xff, 0x85, 0xa0, 0x20, 0x7, 0x0, 0xff, 0xe0,
    0x93, 0x86, 0x28, 0x22, 0x0, 0x3f, 0xc2, 0xf8,
    0x4, 0xc6, 0x81, 0x76, 0x52, 0x11, 0x12, 0x34,
    0xe7, 0x40, 0x9e, 0x0, 0x2d, 0x41, 0x2b, 0x7b,
    0x9b, 0x72, 0xc6, 0x7, 0x38, 0x20, 0x15, 0x6b,
    0x98, 0x80, 0x4, 0x91, 0xeb, 0xb1, 0x80, 0x3c,
    0x51, 0x9d, 0xfe, 0xed, 0xb8, 0x51, 0x0, 0xff,
    0xea, 0xaf, 0xb0, 0x7, 0xff, 0x14, 0x4c, 0xc0,
    0x1f, 0xc0,

    /* U+FE90 "ﺐ" */
    0x0, 0xff, 0xe2, 0xb7, 0xd0, 0x6, 0xef, 0x20,
    0xf, 0xfe, 0x9, 0x0, 0x80, 0x4a, 0x26, 0x40,
    0x1f, 0xfc, 0x12, 0x6, 0x0, 0x8c, 0x1c, 0x3,
    0xff, 0x82, 0x50, 0x6, 0x1, 0x10, 0x28, 0x80,
    0x7f, 0xcf, 0xa2, 0x2, 0x40, 0x4, 0x21, 0xf7,
    0x20, 0xe, 0x25, 0x9f, 0x80, 0x23, 0xf, 0x52,
    0xc, 0x41, 0x8d, 0xfe, 0xe7, 0xfb, 0x69, 0x80,
    0xa7, 0x78, 0xa, 0xb8, 0x6, 0xf1, 0x8c, 0x47,
    0x12, 0x34, 0xf6, 0xb0, 0x16, 0x18, 0x7, 0x1c,
    0xe7, 0x7f, 0xbb, 0x6e, 0x58, 0x40, 0x31, 0xe7,
    0xe0, 0x7, 0xff, 0x4d, 0x31, 0x40, 0x3f, 0xf9,
    0x2, 0x66, 0x0, 0xff, 0xe0, 0x0,

    /* U+FE91 "ﺑ" */
    0x0, 0xa7, 0xe4, 0x3, 0xff, 0x86, 0x41, 0xc0,
    0x6e, 0x80, 0x66, 0xc8, 0x3, 0x40, 0x9, 0x74,
    0xf, 0xfd, 0x42, 0x1, 0xfe, 0x6f, 0x60, 0x8,
    0x8c, 0x80,

    /* U+FE92 "ﺒ" */
    0x0, 0xa7, 0xe4, 0x3, 0xff, 0x98, 0x40, 0x40,
    0x18, 0xdd, 0x1, 0x1c, 0xc4, 0xf2, 0x0, 0x28,
    0xc6, 0x0, 0x97, 0x14, 0x40, 0x7, 0xfe, 0xa3,
    0xae, 0xf7, 0x0, 0xff, 0xe0, 0x37, 0xb0, 0x7,
    0x88, 0xc8, 0x2,

    /* U+FE93 "ﺓ" */
    0x1, 0xfb, 0x2f, 0xa0, 0xc, 0x26, 0x7b, 0x40,
    0x3b, 0x20, 0x71, 0xc0, 0x3f, 0xf8, 0x77, 0xfe,
    0xd6, 0x0, 0xd4, 0x80, 0x2, 0x9c, 0x10, 0x15,
    0x9, 0xfa, 0x13, 0xc1, 0x50, 0x16, 0x5, 0xf2,
    0x24, 0x88, 0x10, 0x4, 0x30, 0xa, 0x1, 0xf1,
    0x80, 0xb8, 0x1b, 0x0, 0x1a, 0x41, 0x9, 0x2,
    0x7f, 0xd2, 0x7, 0x1, 0x6e, 0x40, 0x2b, 0x78,
    0x0,

    /* U+FE94 "ﺔ" */
    0x0, 0xbb, 0x43, 0xf0, 0x3, 0xf2, 0x38, 0x22,
    0x80, 0x7e, 0xaa, 0x5, 0xc8, 0x7, 0xfd, 0x10,
    0x20, 0xf, 0xc8, 0xef, 0x30, 0x7, 0x93, 0x6e,
    0x0, 0x2, 0x1, 0xcb, 0x64, 0xda, 0xa1, 0xa0,
    0x1d, 0x41, 0x52, 0x5a, 0x6, 0x1, 0x8c, 0x11,
    0x40, 0x8, 0x8, 0x20, 0x10, 0x82, 0x4b, 0xd6,
    0x0, 0x28, 0xc8, 0xa, 0x85, 0xa1, 0x4e, 0x1,
    0x33, 0x44, 0x17, 0xb9, 0xbf, 0x8f, 0x66, 0x1,
    0x0,

    /* U+FE95 "ﺕ" */
    0x0, 0xfa, 0x6c, 0x2a, 0x80, 0x1f, 0xfc, 0x35,
    0x40, 0x74, 0x0, 0xe1, 0x32, 0x7, 0x82, 0x0,
    0xb3, 0xc3, 0x78, 0x3, 0x9f, 0x20, 0xa1, 0x88,
    0x3, 0xff, 0x82, 0x60, 0x28, 0xa, 0x1, 0xff,
    0xc2, 0xc0, 0x10, 0xf, 0xfe, 0x21, 0xb0, 0x7a,
    0x82, 0x20, 0x3, 0xfc, 0x2f, 0x80, 0x6a, 0x68,
    0x17, 0x66, 0x21, 0x11, 0x23, 0xce, 0xf4, 0x2,
    0x68, 0x2, 0xd4, 0x12, 0x77, 0xb9, 0xb7, 0xc,
    0x40, 0x75, 0x62, 0x1, 0x56, 0xb9, 0x88, 0x0,
    0x49, 0x1e, 0xbb, 0x14, 0x2,

    /* U+FE96 "ﺖ" */
    0x0, 0xfb, 0x3c, 0x37, 0x80, 0x3f, 0xf8, 0xca,
    0x80, 0xe8, 0x1, 0xc6, 0xe8, 0x1, 0xb3, 0x48,
    0x2, 0x9b, 0xa, 0xa0, 0x7, 0x3c, 0x78, 0x4,
    0x86, 0x4, 0x1, 0xff, 0xc1, 0x10, 0x70, 0x8,
    0x81, 0x80, 0x3f, 0xf8, 0x52, 0x4, 0x1, 0x18,
    0x28, 0x80, 0x7f, 0xcb, 0xc6, 0x2, 0x40, 0x5,
    0x21, 0xf6, 0x10, 0xe, 0x25, 0x8e, 0xa1, 0x23,
    0xf, 0x42, 0xc, 0x31, 0x9e, 0xfe, 0xe7, 0xfb,
    0x69, 0xc4, 0xa7, 0x78, 0xa, 0xf8, 0x7, 0x30,
    0xc6, 0x23, 0x89, 0x1a, 0x7b, 0x58, 0xb, 0xc,
    0x0,

    /* U+FE97 "ﺗ" */
    0x0, 0x55, 0x85, 0x50, 0x0, 0xea, 0x8, 0xe0,
    0xd, 0xe0, 0xed, 0x0, 0xff, 0xe2, 0xcf, 0xc8,
    0x7, 0xff, 0x18, 0x83, 0x80, 0x6, 0xe8, 0x6,
    0x7, 0x90, 0x6, 0x80, 0x19, 0x74, 0x0,

    /* U+FE98 "ﺘ" */
    0x0, 0x55, 0x85, 0x50, 0x3, 0x3a, 0x82, 0x38,
    0x6, 0xde, 0xe, 0xd0, 0xf, 0xfe, 0x5c, 0xfc,
    0x80, 0x7f, 0xf3, 0x8, 0x8, 0x3, 0x1b, 0xa0,
    0x23, 0x98, 0x9e, 0x40, 0x5, 0x18, 0xc0, 0x12,
    0xe2, 0x88, 0x0,

    /* U+FE99 "ﺙ" */
    0x0, 0xfc, 0x98, 0xa0, 0x1f, 0xfc, 0x51, 0x33,
    0x0, 0x7f, 0xf1, 0x57, 0xd8, 0x3, 0xff, 0x89,
    0x36, 0x15, 0x40, 0xf, 0xfe, 0x1a, 0xa0, 0x3a,
    0x0, 0x70, 0x99, 0x3, 0xc1, 0x0, 0x59, 0xe1,
    0xbc, 0x1, 0xcf, 0x90, 0x50, 0xc4, 0x1, 0xff,
    0xc1, 0x30, 0x14, 0x5, 0x0, 0xff, 0xe1, 0x60,
    0x8, 0x7, 0xff, 0x10, 0xd8, 0x3d, 0x41, 0x10,
    0x1, 0xfe, 0x17, 0xc0, 0x35, 0x34, 0xb, 0xb3,
    0x10, 0x88, 0x91, 0xe7, 0x7a, 0x1, 0x34, 0x1,
    0x6a, 0x9, 0x3b, 0xdc, 0xdb, 0x86, 0x20, 0x3a,
    0xb1, 0x0, 0xab, 0x5c, 0xc4, 0x0, 0x24, 0x8f,
    0x5d, 0x8a, 0x1, 0x0,

    /* U+FE9A "ﺚ" */
    0x0, 0xfc, 0xbe, 0xc0, 0x1f, 0xfc, 0x81, 0x33,
    0x0, 0x7f, 0xf2, 0x13, 0x14, 0x3, 0xff, 0x8f,
    0x9e, 0x1b, 0xc0, 0x1f, 0xfc, 0x65, 0x40, 0x74,
    0x0, 0xe3, 0x74, 0x0, 0xd9, 0xa4, 0x1, 0x4d,
    0x85, 0x50, 0x3, 0x9e, 0x3c, 0x2, 0x43, 0x2,
    0x0, 0xff, 0xe0, 0x88, 0x38, 0x4, 0x40, 0xc0,
    0x1f, 0xfc, 0x29, 0x2, 0x0, 0x8c, 0x14, 0x40,
    0x3f, 0xe5, 0xe3, 0x1, 0x20, 0x2, 0x90, 0xfb,
    0x8, 0x7, 0x12, 0xc7, 0x50, 0x91, 0x87, 0xa1,
    0x6, 0x18, 0xcf, 0x7f, 0x73, 0xfd, 0xb4, 0xe2,
    0x53, 0xbc, 0x5, 0x7c, 0x3, 0x98, 0x63, 0x11,
    0xc4, 0x8d, 0x3d, 0xac, 0x5, 0x86, 0x0,

    /* U+FE9B "ﺛ" */
    0x0, 0x93, 0x10, 0x3, 0x11, 0x90, 0x6, 0x6f,
    0x60, 0xa, 0xac, 0x2a, 0x80, 0x7, 0x50, 0x47,
    0x0, 0x6f, 0x7, 0x68, 0x7, 0xff, 0x16, 0x7e,
    0x40, 0x3f, 0xf8, 0xc4, 0x1c, 0x0, 0x37, 0x40,
    0x30, 0x3c, 0x80, 0x34, 0x0, 0xcb, 0xa0, 0x0,

    /* U+FE9C "ﺜ" */
    0x0, 0x93, 0x10, 0x3, 0xc4, 0x64, 0x1, 0xe6,
    0xf6, 0x0, 0xea, 0xb0, 0xaa, 0x0, 0x67, 0x50,
    0x47, 0x0, 0xdb, 0xc1, 0xda, 0x1, 0xff, 0xcb,
    0x9f, 0x90, 0xf, 0xfe, 0x61, 0x1, 0x0, 0x63,
    0x74, 0x4, 0x73, 0x13, 0xc8, 0x0, 0xa3, 0x18,
    0x2, 0x5c, 0x51, 0x0, 0x0,

    /* U+FE9D "ﺝ" */
    0x5, 0x8b, 0xde, 0xff, 0x76, 0x53, 0x80, 0x45,
    0x4e, 0x84, 0x20, 0x1, 0x35, 0x81, 0x0, 0x92,
    0x6f, 0x60, 0x40, 0x6, 0xce, 0x20, 0x2, 0xb6,
    0x49, 0x81, 0x7d, 0xc9, 0x80, 0xf, 0x5a, 0xe,
    0x41, 0x0, 0x7e, 0x74, 0x1f, 0x30, 0xf, 0xf4,
    0x85, 0x8, 0x7, 0xf9, 0x44, 0x90, 0x3, 0xfe,
    0xd0, 0x40, 0xd, 0x74, 0x1, 0xe1, 0x1, 0x0,
    0xca, 0xe0, 0x1e, 0x10, 0x20, 0xd, 0xda, 0x1,
    0xec, 0x4, 0x10, 0xf, 0xf9, 0x4, 0x54, 0x1,
    0xfc, 0x20, 0xa, 0x4, 0xd6, 0x20, 0x8, 0x9b,
    0x18, 0x0, 0x96, 0x25, 0x3b, 0xff, 0x6c, 0x98,
    0x6, 0x4e, 0xa5, 0x21, 0x0, 0x12, 0xd3, 0x80,

    /* U+FE9E "ﺞ" */
    0x6, 0x9c, 0xdf, 0xfb, 0xb6, 0xe0, 0x2, 0x29,
    0x63, 0x20, 0x8, 0x49, 0x1c, 0x40, 0x25, 0x9c,
    0xe8, 0x10, 0x8, 0xe0, 0x40, 0x5, 0x4c, 0x5b,
    0x2, 0xf2, 0x0, 0x70, 0xf, 0x51, 0x96, 0xc3,
    0x11, 0x90, 0x7, 0x3a, 0xe, 0x10, 0x2, 0xc2,
    0xc0, 0x3a, 0x2, 0x84, 0x2, 0x61, 0x64, 0x0,
    0x94, 0x9, 0x0, 0x3a, 0xc2, 0xd8, 0x43, 0x41,
    0x0, 0x3c, 0xac, 0x13, 0x40, 0x20, 0x20, 0x16,
    0x78, 0x2, 0x60, 0x40, 0x2, 0x4, 0x1, 0x2a,
    0x0, 0x4f, 0xd6, 0x18, 0xa, 0x20, 0x9, 0xb0,
    0xf, 0x90, 0x82, 0x80, 0x3f, 0x84, 0x1, 0xc0,
    0x9c, 0xe6, 0x20, 0x3, 0x7d, 0x60, 0x1, 0xe1,
    0xc, 0x67, 0x7f, 0xb2, 0x8, 0x40, 0x23, 0xdb,
    0x63, 0x21, 0x11, 0xb5, 0xb0,

    /* U+FE9F "ﺟ" */
    0x0, 0x88, 0xc8, 0x40, 0x3f, 0xc5, 0xb9, 0xbd,
    0xf9, 0x8, 0x1, 0xff, 0xc0, 0x37, 0xbf, 0xa4,
    0x0, 0x8b, 0xfd, 0xdb, 0x72, 0xa4, 0xb, 0x62,
    0x1, 0xc2, 0x48, 0xdc, 0x1, 0x10, 0x80, 0x7e,
    0x9b, 0x22, 0x56, 0x80, 0x7c, 0x78, 0xc0, 0xfa,
    0xa0, 0x11, 0x10, 0xda, 0xf0, 0xc7, 0x20, 0x3,
    0x1e, 0xeb, 0x25, 0x1, 0x3c, 0xc0, 0x3f, 0x12,
    0x46, 0xd8, 0x80, 0x78, 0xff, 0xdb, 0x6e, 0x40,
    0x1f, 0xfd, 0x2d, 0xe0, 0xf, 0xfe, 0xb, 0xa0,
    0x7, 0x80,

    /* U+FEA0 "ﺠ" */
    0x0, 0x88, 0xc8, 0x40, 0x3f, 0xf8, 0x5, 0xb9,
    0xbd, 0xf9, 0x8, 0x1, 0xff, 0xc2, 0x37, 0xbf,
    0xa4, 0x0, 0xe2, 0xff, 0x76, 0xdc, 0xb1, 0x2,
    0xd8, 0x80, 0x7c, 0x24, 0x8d, 0x80, 0x11, 0x8,
    0x7, 0xfa, 0x68, 0x81, 0x34, 0x3, 0xf8, 0xf1,
    0x81, 0x81, 0x18, 0x3, 0x11, 0xd, 0xaf, 0xc,
    0x72, 0x58, 0x26, 0x46, 0x27, 0xba, 0xc9, 0x40,
    0x4f, 0x30, 0x93, 0x6, 0xca, 0x0, 0x89, 0x23,
    0x6c, 0x40, 0x2c, 0x82, 0x0, 0x1f, 0xfb, 0x6d,
    0xc8, 0x3, 0xcf, 0xbf, 0x60, 0x1f, 0xfc, 0xcd,
    0xe0, 0xf, 0xfe, 0x1b, 0xa0, 0x7, 0xe0,

    /* U+FEA1 "ﺡ" */
    0x6, 0x9c, 0xde, 0xff, 0x76, 0xdc, 0x0, 0x45,
    0x2c, 0x64, 0x20, 0x1, 0x24, 0x71, 0x0, 0x96,
    0x73, 0x60, 0x40, 0x6, 0xd0, 0x20, 0x2, 0xa6,
    0x2e, 0x81, 0x7e, 0xc9, 0x70, 0xf, 0x51, 0x96,
    0xc0, 0x80, 0x7e, 0x74, 0x1c, 0x20, 0xf, 0xf4,
    0x5, 0x8, 0x7, 0xf9, 0x40, 0x90, 0x3, 0xfe,
    0xd0, 0x40, 0xf, 0xfe, 0x0, 0x80, 0x80, 0x7f,
    0xf0, 0x4, 0x8, 0x3, 0xff, 0x81, 0x80, 0xa2,
    0x1, 0xff, 0x20, 0x85, 0x0, 0x7f, 0x8, 0x2,
    0x81, 0x35, 0x88, 0x2, 0x27, 0xd6, 0x0, 0x25,
    0x89, 0x4e, 0xff, 0xdb, 0x4, 0x1, 0x93, 0xa9,
    0x48, 0x40, 0x4, 0xb4, 0xe0,

    /* U+FEA2 "ﺢ" */
    0x6, 0x9c, 0xdf, 0xfb, 0xb6, 0xe0, 0x2, 0x29,
    0x63, 0x20, 0x8, 0x49, 0x1c, 0x40, 0x25, 0x9c,
    0xe8, 0x10, 0x8, 0xe0, 0x40, 0x5, 0x4c, 0x5b,
    0x2, 0xf2, 0x0, 0x70, 0xf, 0x51, 0x96, 0xc3,
    0x11, 0x90, 0x7, 0x3a, 0xe, 0x10, 0x2, 0xc2,
    0xc0, 0x3a, 0x2, 0x84, 0x2, 0x61, 0x64, 0x0,
    0x94, 0x9, 0x0, 0x3a, 0xc2, 0xd8, 0x43, 0x41,
    0x0, 0x3c, 0xac, 0x13, 0x40, 0x20, 0x20, 0x1f,
    0x4c, 0x8, 0x0, 0x40, 0x80, 0x3f, 0x3f, 0x58,
    0x60, 0x28, 0x80, 0x7f, 0xc8, 0x41, 0x40, 0x1f,
    0xc4, 0x0, 0xe0, 0x4e, 0x73, 0x10, 0x1, 0xc7,
    0x28, 0x0, 0xf0, 0x86, 0x33, 0xbf, 0xd8, 0xe2,
    0x20, 0x8, 0xf6, 0xd8, 0xc8, 0x44, 0x6d, 0x6c,

    /* U+FEA3 "ﺣ" */
    0x0, 0x88, 0xc8, 0x40, 0x3f, 0xc5, 0xb9, 0xbd,
    0xf9, 0x8, 0x1, 0xff, 0xc0, 0x37, 0xbf, 0xa4,
    0x0, 0x8b, 0xfd, 0xdb, 0x72, 0xa4, 0xb, 0x62,
    0x1, 0xc2, 0x48, 0xdc, 0x1, 0x10, 0x80, 0x7e,
    0x9b, 0x22, 0x56, 0x80, 0x7c, 0x78, 0xc0, 0xfa,
    0xa0, 0x11, 0x10, 0xda, 0xf0, 0xc7, 0x20, 0x3,
    0x1e, 0xeb, 0x25, 0x1, 0x3c, 0xc0, 0x3f, 0x12,
    0x46, 0xd8, 0x80, 0x78,

    /* U+FEA4 "ﺤ" */
    0x0, 0x88, 0xc8, 0x40, 0x3f, 0xf8, 0x5, 0xb9,
    0xbd, 0xf9, 0x8, 0x1, 0xff, 0xc2, 0x37, 0xbf,
    0xa4, 0x0, 0xe2, 0xff, 0x76, 0xdc, 0xb1, 0x2,
    0xd8, 0x80, 0x7c, 0x24, 0x8d, 0x80, 0x11, 0x8,
    0x7, 0xfa, 0x68, 0x81, 0x34, 0x3, 0xf8, 0xf1,
    0x81, 0x81, 0x18, 0x3, 0x11, 0xd, 0xaf, 0xc,
    0x72, 0x58, 0x26, 0x46, 0x27, 0xba, 0xc9, 0x40,
    0x4f, 0x30, 0x93, 0x6, 0xca, 0x0, 0x89, 0x23,
    0x6c, 0x40, 0x2c, 0x82, 0x0, 0x0,

    /* U+FEA5 "ﺥ" */
    0x0, 0xe4, 0xf8, 0x0, 0xff, 0xe0, 0x39, 0xf0,
    0x7, 0xff, 0x0, 0xf1, 0x80, 0x3f, 0xf9, 0x6d,
    0x39, 0xbd, 0xfe, 0xed, 0xb8, 0x0, 0x8a, 0x58,
    0xc8, 0x40, 0x2, 0x48, 0xe2, 0x1, 0x2c, 0xe6,
    0xc0, 0x80, 0xd, 0xa0, 0x40, 0x5, 0x4c, 0x5d,
    0x2, 0xfd, 0x92, 0xe0, 0x1e, 0xa3, 0x2d, 0x81,
    0x0, 0xfc, 0xe8, 0x38, 0x40, 0x1f, 0xe8, 0xa,
    0x10, 0xf, 0xf2, 0x81, 0x20, 0x7, 0xfd, 0xa0,
    0x80, 0x1f, 0xfc, 0x1, 0x1, 0x0, 0xff, 0xe0,
    0x8, 0x10, 0x7, 0xff, 0x3, 0x1, 0x44, 0x3,
    0xfe, 0x41, 0xa, 0x0, 0xfe, 0x10, 0x5, 0x2,
    0x6b, 0x10, 0x4, 0x4f, 0xac, 0x0, 0x4b, 0x12,
    0x9d, 0xff, 0xb6, 0x8, 0x3, 0x27, 0x52, 0x90,
    0x80, 0x9, 0x69, 0xc0,

    /* U+FEA6 "ﺦ" */
    0x0, 0xe4, 0xf8, 0x0, 0xff, 0xe0, 0x39, 0xf0,
    0x7, 0xff, 0x0, 0xf1, 0x80, 0x3f, 0xf9, 0x6d,
    0x39, 0xbf, 0xf7, 0x6d, 0xc0, 0x4, 0x52, 0xc6,
    0x40, 0x10, 0x92, 0x38, 0x80, 0x4b, 0x39, 0xd0,
    0x20, 0x11, 0xc0, 0x80, 0xa, 0x98, 0xb6, 0x5,
    0xe4, 0x0, 0xe0, 0x1e, 0xa3, 0x2d, 0x86, 0x23,
    0x20, 0xe, 0x74, 0x1c, 0x20, 0x5, 0x85, 0x80,
    0x74, 0x5, 0x8, 0x4, 0xc2, 0xc8, 0x1, 0x28,
    0x12, 0x0, 0x75, 0x85, 0xb0, 0x86, 0x82, 0x0,
    0x79, 0x58, 0x26, 0x80, 0x40, 0x40, 0x3e, 0x98,
    0x10, 0x0, 0x81, 0x0, 0x7e, 0x7e, 0xb0, 0xc0,
    0x51, 0x0, 0xff, 0x90, 0x82, 0x80, 0x3f, 0x88,
    0x1, 0xc0, 0x9c, 0xe6, 0x20, 0x3, 0x8e, 0x50,
    0x1, 0xe1, 0xc, 0x67, 0x7f, 0xb1, 0xc4, 0x40,
    0x11, 0xed, 0xb1, 0x90, 0x88, 0xda, 0xd8,

    /* U+FEA7 "ﺧ" */
    0x0, 0xfb, 0x78, 0x3, 0xff, 0x82, 0xe8, 0x1,
    0xff, 0xc1, 0xaa, 0x0, 0x7f, 0x11, 0x90, 0x80,
    0x7f, 0x8b, 0x73, 0x7b, 0xf2, 0x10, 0x3, 0xff,
    0x80, 0x6f, 0x7f, 0x48, 0x1, 0x17, 0xfb, 0xb6,
    0xe5, 0x48, 0x16, 0xc4, 0x3, 0x84, 0x91, 0xb8,
    0x2, 0x21, 0x0, 0xfd, 0x36, 0x44, 0xad, 0x0,
    0xf8, 0xf1, 0x81, 0xf5, 0x40, 0x22, 0x21, 0xb5,
    0xe1, 0x8e, 0x40, 0x6, 0x3d, 0xd6, 0x4a, 0x2,
    0x79, 0x80, 0x7e, 0x24, 0x8d, 0xb1, 0x0, 0xf0,

    /* U+FEA8 "ﺨ" */
    0x0, 0xfb, 0x78, 0x3, 0xff, 0x86, 0xe8, 0x1,
    0xff, 0xc3, 0xaa, 0x0, 0x7f, 0xc4, 0x64, 0x20,
    0x1f, 0xfc, 0x2, 0xdc, 0xde, 0xfc, 0x84, 0x0,
    0xff, 0xe1, 0x1b, 0xdf, 0xd2, 0x0, 0x71, 0x7f,
    0xbb, 0x6e, 0x58, 0x81, 0x6c, 0x40, 0x3e, 0x12,
    0x46, 0xc0, 0x8, 0x84, 0x3, 0xfd, 0x34, 0x40,
    0x9a, 0x1, 0xfc, 0x78, 0xc0, 0xc0, 0x8c, 0x1,
    0x88, 0x86, 0xd7, 0x86, 0x39, 0x2c, 0x13, 0x23,
    0x13, 0xdd, 0x64, 0xa0, 0x27, 0x98, 0x49, 0x83,
    0x65, 0x0, 0x44, 0x91, 0xb6, 0x20, 0x16, 0x41,
    0x0, 0x0,

    /* U+FEA9 "ﺩ" */
    0x0, 0xb, 0xc2, 0x0, 0x70, 0x93, 0xda, 0x0,
    0x72, 0xc0, 0x50, 0x80, 0x73, 0x98, 0xc8, 0x7,
    0xa0, 0x1c, 0x3, 0xc8, 0x0, 0x30, 0xf, 0xce,
    0x1, 0xca, 0x0, 0x54, 0x52, 0x39, 0xa0, 0x41,
    0xca, 0xdc, 0x60, 0x2a, 0xd, 0x20, 0x1, 0xc6,
    0x88, 0x0,

    /* U+FEAA "ﺪ" */
    0x0, 0xb, 0xc1, 0x80, 0x7e, 0x12, 0x7c, 0x30,
    0xf, 0xcb, 0x21, 0xc0, 0x1f, 0xcc, 0x64, 0xe0,
    0x1f, 0xd0, 0x12, 0x1, 0xfc, 0x80, 0x24, 0x1,
    0xff, 0x38, 0x7, 0xe5, 0x0, 0x70, 0x4, 0x24,
    0x43, 0x9a, 0x0, 0x24, 0x99, 0x4e, 0xeb, 0x18,
    0xa, 0x81, 0xb3, 0xc0, 0x31, 0xc6, 0xad, 0x90,
    0x0,

    /* U+FEAB "ﺫ" */
    0x0, 0x16, 0x30, 0x7, 0x84, 0xfc, 0x3, 0xc7,
    0xf2, 0x1, 0xff, 0xc3, 0x19, 0x92, 0x80, 0x70,
    0xeb, 0x52, 0x80, 0x72, 0x48, 0x50, 0x80, 0x73,
    0x20, 0x40, 0x7, 0xbc, 0x18, 0x3, 0xc8, 0x0,
    0x30, 0xf, 0xce, 0x1, 0xcc, 0x0, 0x54, 0x52,
    0x39, 0x90, 0x20, 0xe5, 0x6e, 0x30, 0x15, 0x6,
    0x90, 0x0, 0xe3, 0x44, 0x0,

    /* U+FEAC "ﺬ" */
    0x0, 0x16, 0x30, 0x7, 0xf0, 0x9f, 0x80, 0x7f,
    0x1f, 0xc8, 0x7, 0xff, 0x24, 0x5e, 0xc, 0x3,
    0xf0, 0x93, 0xe1, 0x80, 0x7e, 0x59, 0xe, 0x0,
    0xfe, 0x63, 0x27, 0x0, 0xfe, 0x80, 0x90, 0xf,
    0xe4, 0x1, 0x20, 0xf, 0xf9, 0xc0, 0x3f, 0x28,
    0x3, 0x80, 0x21, 0x22, 0x1c, 0xd0, 0x1, 0x24,
    0xca, 0x77, 0x58, 0xc0, 0x54, 0xd, 0x9e, 0x1,
    0x8e, 0x35, 0x6c, 0x80, 0x0,

    /* U+FEAD "ﺭ" */
    0x0, 0xfc, 0x90, 0xa0, 0x1f, 0xe7, 0x80, 0xf,
    0xe5, 0x2, 0x0, 0xfe, 0x10, 0x1, 0x0, 0x7f,
    0xc6, 0x1, 0xf8, 0xc0, 0x2, 0x1, 0xfa, 0xc0,
    0xc0, 0x3f, 0x13, 0x85, 0x0, 0x7c, 0x5e, 0x2,
    0xc0, 0x1e, 0x7d, 0x20, 0xd0, 0x1, 0x1b, 0x4f,
    0x40, 0xe, 0x18, 0x3, 0x72, 0x58, 0x45, 0x1c,
    0x60, 0x18, 0x4d, 0xaf, 0x9c, 0x3, 0x80,

    /* U+FEAE "ﺮ" */
    0x0, 0xfc, 0x90, 0xa0, 0x1f, 0xfc, 0x17, 0x90,
    0xf, 0xfe, 0x2, 0x81, 0x80, 0x7f, 0xf0, 0x4,
    0x0, 0xc0, 0x1f, 0xfc, 0x28, 0x52, 0x10, 0xf,
    0xc6, 0x0, 0x1a, 0xd6, 0x0, 0xfd, 0x60, 0x6a,
    0x20, 0x1f, 0xc4, 0xe1, 0x54, 0xef, 0x70, 0xf,
    0x17, 0x81, 0x30, 0x7, 0xf3, 0xe9, 0x7, 0x0,
    0x71, 0x1b, 0x4f, 0x40, 0xe, 0x18, 0x7, 0x6e,
    0x4b, 0x8, 0xa3, 0x8c, 0x3, 0xe1, 0x36, 0xbe,
    0x70, 0xf, 0xc0,

    /* U+FEAF "ﺯ" */
    0x0, 0xfd, 0x5e, 0x20, 0x1f, 0xc4, 0x62, 0x1,
    0xfd, 0x18, 0x1, 0xff, 0xca, 0x25, 0x30, 0xf,
    0xe7, 0xae, 0x0, 0xfe, 0x40, 0x20, 0xf, 0xe1,
    0x0, 0x10, 0x7, 0xfc, 0x60, 0x1f, 0x88, 0x0,
    0x20, 0x1f, 0x94, 0xc, 0x3, 0xf0, 0xc0, 0x58,
    0x7, 0xc5, 0x80, 0x2e, 0x1, 0xe6, 0xc2, 0xa,
    0x0, 0x11, 0xb4, 0xf4, 0x88, 0xad, 0x0, 0x1b,
    0x92, 0xc2, 0x27, 0xf4, 0x0, 0xc2, 0x6d, 0x7d,
    0x2, 0x1, 0x80,

    /* U+FEB0 "ﺰ" */
    0x0, 0xfd, 0x5e, 0x20, 0x1f, 0xfc, 0x2, 0x31,
    0x0, 0xff, 0xe0, 0x46, 0x0, 0x7f, 0xf4, 0xd,
    0x8c, 0x3, 0xff, 0x80, 0xd3, 0xe0, 0x1f, 0xfc,
    0x4, 0x3, 0x0, 0xff, 0xe0, 0x8, 0x1, 0x40,
    0x3f, 0xf8, 0x56, 0xa4, 0x20, 0x1f, 0x88, 0x0,
    0x35, 0xac, 0x1, 0xf9, 0x40, 0xd4, 0x40, 0x3f,
    0x8a, 0x2, 0xa9, 0xde, 0xe0, 0x1e, 0x2f, 0x2,
    0x60, 0xf, 0xe6, 0xd2, 0xe, 0x0, 0xe2, 0x36,
    0x9e, 0x90, 0x1c, 0x30, 0xe, 0xdc, 0x96, 0x11,
    0x47, 0x18, 0x7, 0xc2, 0x6d, 0x7c, 0xe0, 0x1f,
    0x80,

    /* U+FEB1 "ﺱ" */
    0x0, 0xff, 0xe6, 0x6f, 0xa8, 0x7, 0xfc, 0xf0,
    0x20, 0x19, 0xe0, 0x40, 0x3f, 0xf8, 0xb8, 0xee,
    0x0, 0xd0, 0xe4, 0x1, 0xff, 0xc5, 0xd0, 0xc0,
    0xf, 0x38, 0x7, 0x8, 0x1c, 0x30, 0x7, 0xc8,
    0xa, 0x1, 0x18, 0x0, 0xc0, 0x22, 0x0, 0xa1,
    0xc4, 0x3, 0xe3, 0x0, 0x38, 0x2, 0x80, 0x12,
    0x20, 0x60, 0x6, 0x14, 0x6, 0x0, 0xf8, 0x40,
    0x11, 0x32, 0x60, 0x11, 0x64, 0x70, 0x11, 0x14,
    0x8, 0x40, 0x3e, 0x20, 0x9, 0x98, 0xb, 0x20,
    0x4e, 0x41, 0x20, 0x40, 0xc0, 0x1f, 0x94, 0x5,
    0x40, 0x52, 0xde, 0x44, 0x13, 0x10, 0x4, 0x3,
    0xf8, 0x64, 0x1e, 0xbf, 0xac, 0x41, 0xbb, 0xec,
    0xc0, 0x4, 0xa, 0x1, 0xf5, 0x8, 0x50, 0x7,
    0xff, 0x5, 0x0, 0x6d, 0x4, 0x5, 0x75, 0x1,
    0xcc, 0x3, 0xff, 0x82, 0x30, 0x9, 0x7d, 0xfd,
    0x44, 0xf, 0x0, 0x1f, 0xfc, 0x37, 0xa3, 0x0,
    0xe5, 0xc8, 0x0, 0xff, 0xe2, 0xae, 0x7e, 0xed,
    0xf4, 0x60, 0x1f, 0xfc, 0x40,

    /* U+FEB2 "ﺲ" */
    0x0, 0xff, 0xe6, 0x6f, 0xa8, 0x7, 0xff, 0x9,
    0xe0, 0x40, 0x33, 0xc0, 0x80, 0x7f, 0xf2, 0x31,
    0xdc, 0x1, 0xa1, 0xc8, 0x3, 0xff, 0x91, 0xa1,
    0xe0, 0x1e, 0x70, 0xf, 0xf1, 0xc3, 0x0, 0x7c,
    0x80, 0xe0, 0x11, 0x0, 0x8, 0x2, 0x30, 0x30,
    0xd, 0xe, 0x20, 0x1f, 0x18, 0xa, 0x0, 0x14,
    0x1, 0x40, 0x1, 0x10, 0x68, 0x4, 0x28, 0xc,
    0x1, 0xf0, 0x80, 0x29, 0x11, 0x20, 0x3, 0x93,
    0xb0, 0x2, 0x41, 0xa, 0x81, 0x8, 0x7, 0xc4,
    0x0, 0x1b, 0xb0, 0x9b, 0x3, 0x62, 0x80, 0x4f,
    0xb8, 0x40, 0xc0, 0x1f, 0x94, 0x0, 0x60, 0x29,
    0xb3, 0x2, 0x7, 0x3c, 0xc2, 0x0, 0x10, 0xf,
    0xe1, 0x90, 0x5c, 0xfe, 0xb1, 0x7, 0xef, 0xc6,
    0x19, 0xef, 0xd2, 0x5, 0x0, 0xfa, 0x84, 0x38,
    0x3, 0xff, 0x88, 0x80, 0x36, 0x82, 0x2, 0xba,
    0x80, 0xa8, 0x1, 0xff, 0xc4, 0x18, 0x4, 0xbe,
    0xfe, 0xa2, 0x6, 0xa0, 0xf, 0xfe, 0x33, 0xd1,
    0x80, 0x72, 0x64, 0x80, 0x7f, 0xf2, 0x17, 0x3f,
    0x76, 0xfb, 0x30, 0xf, 0xfe, 0x38,

    /* U+FEB3 "ﺳ" */
    0x0, 0xff, 0xe2, 0xff, 0x88, 0x3, 0x2c, 0x18,
    0x4, 0x31, 0x0, 0xf, 0xfb, 0x9d, 0x40, 0x23,
    0x77, 0x0, 0x7f, 0xf0, 0x44, 0x2, 0x10, 0x0,
    0x80, 0x71, 0x80, 0x66, 0xe, 0x0, 0x98, 0x0,
    0x40, 0x1, 0x0, 0xf1, 0x10, 0x1c, 0x2, 0xf0,
    0x4, 0x80, 0x14, 0x0, 0x20, 0x49, 0xe0, 0x1,
    0xa3, 0x65, 0x0, 0x2b, 0x9c, 0x2, 0x81, 0xed,
    0x90, 0x20, 0x2e, 0x48, 0x31, 0x84, 0x61, 0x8d,
    0x80, 0x63, 0xab, 0x71, 0x2, 0x69, 0xd6, 0x10,
    0x5c, 0x10,

    /* U+FEB4 "ﺴ" */
    0x0, 0xff, 0xe2, 0xff, 0x88, 0x3, 0xe5, 0x83,
    0x0, 0x86, 0x20, 0x1, 0xff, 0xc2, 0xe7, 0x50,
    0x8, 0xdd, 0xc0, 0x1f, 0xfc, 0x41, 0x0, 0x84,
    0x0, 0x20, 0x1f, 0xfc, 0x16, 0xe, 0x0, 0x98,
    0x0, 0x40, 0x1, 0x0, 0x8, 0x7, 0x88, 0x80,
    0xe0, 0x17, 0x80, 0x24, 0x0, 0xa0, 0xb, 0x0,
    0xc4, 0x9e, 0x0, 0x1a, 0x36, 0x50, 0x2, 0xb9,
    0xc0, 0x1, 0xdc, 0x62, 0x7b, 0x64, 0xa, 0xb,
    0x92, 0xc, 0x61, 0x18, 0x60, 0x14, 0x65, 0x80,
    0x47, 0x55, 0x18, 0x13, 0x4e, 0xb0, 0x82, 0x5e,
    0x20, 0x4,

    /* U+FEB5 "ﺵ" */
    0x0, 0xff, 0xe1, 0xd5, 0x0, 0x3f, 0xf9, 0xa8,
    0x80, 0xf, 0xfe, 0x6f, 0x70, 0x3, 0xff, 0x96,
    0x98, 0x8b, 0x88, 0x1, 0xff, 0xc9, 0x13, 0x23,
    0x30, 0x80, 0x7f, 0xf2, 0x57, 0xd9, 0x9e, 0xa0,
    0x1c, 0xac, 0x40, 0x1f, 0xfc, 0xc8, 0x97, 0x0,
    0xff, 0xa2, 0x48, 0x3, 0x44, 0x88, 0x7, 0xff,
    0x14, 0x99, 0x0, 0x33, 0xb1, 0x0, 0x7f, 0xf1,
    0x70, 0x30, 0x3, 0xce, 0x1, 0xc2, 0x7, 0x2e,
    0x1, 0xf2, 0x2, 0x80, 0x46, 0x0, 0x30, 0x8,
    0x80, 0x2f, 0x61, 0x0, 0xf8, 0x80, 0xe, 0x0,
    0xa0, 0x4, 0x88, 0x18, 0x1, 0x44, 0xc1, 0xc0,
    0x3f, 0xd1, 0x32, 0x60, 0x11, 0x64, 0x68, 0x18,
    0xa0, 0x10, 0x80, 0x7c, 0x40, 0x13, 0x30, 0x16,
    0x40, 0x9c, 0x43, 0xc0, 0xc1, 0x80, 0x3f, 0x28,
    0xa, 0x80, 0xa5, 0xbc, 0x88, 0x26, 0x18, 0x8,
    0x7, 0xf0, 0xc8, 0x3d, 0x7f, 0x58, 0x83, 0x77,
    0xd9, 0x80, 0x8, 0x14, 0x3, 0xea, 0x10, 0xa0,
    0xf, 0xfe, 0xa, 0x0, 0xda, 0x8, 0xb, 0x6a,
    0x3, 0x98, 0x7, 0xff, 0x4, 0x60, 0x12, 0xfb,
    0xfa, 0x48, 0x1e, 0x0, 0x3f, 0xf8, 0x6f, 0x48,
    0x1, 0xcb, 0x90, 0x1, 0xff, 0xc5, 0x5b, 0xfd,
    0xdb, 0xe8, 0xc0, 0x3f, 0xf8, 0x80,

    /* U+FEB6 "ﺶ" */
    0x0, 0xff, 0xe1, 0xd5, 0x0, 0x3f, 0xfa, 0x8,
    0x80, 0xf, 0xfe, 0x87, 0x70, 0x3, 0xff, 0x9c,
    0x98, 0x8b, 0x88, 0x1, 0xff, 0xcc, 0x13, 0x23,
    0x30, 0x80, 0x7f, 0xf3, 0x17, 0xd9, 0x9e, 0xa0,
    0x1c, 0xac, 0x20, 0x1f, 0xfc, 0xf8, 0x94, 0x0,
    0xff, 0xe1, 0x33, 0x88, 0x6, 0x67, 0x10, 0xf,
    0xfe, 0x46, 0xc3, 0x80, 0x69, 0x82, 0x0, 0xff,
    0xe4, 0x68, 0x78, 0x7, 0x9c, 0x3, 0xfc, 0x2a,
    0x80, 0x1f, 0x20, 0x38, 0x4, 0x40, 0x2, 0x0,
    0x8c, 0xc, 0x3, 0x5d, 0x60, 0x7, 0xc6, 0x2,
    0x80, 0x5, 0x0, 0x50, 0x0, 0x44, 0x14, 0x1,
    0xa, 0x84, 0x80, 0x7c, 0x20, 0xa, 0x43, 0x90,
    0x1, 0xc9, 0xd8, 0x0, 0xe4, 0xc5, 0x40, 0x84,
    0x3, 0xe2, 0x0, 0xd, 0xe0, 0x9b, 0x3, 0x62,
    0x80, 0x4d, 0x98, 0x20, 0x60, 0xf, 0xca, 0x0,
    0x30, 0x14, 0xd9, 0x81, 0x3, 0x9e, 0x61, 0x0,
    0x8, 0x8, 0x7, 0xc3, 0x20, 0xb9, 0xfd, 0x62,
    0xf, 0xdf, 0x8c, 0x33, 0xdf, 0xa4, 0x8, 0x1,
    0xf5, 0x8, 0x70, 0x7, 0xff, 0x11, 0x0, 0x6d,
    0x4, 0x5, 0x75, 0x1, 0x50, 0x3, 0xff, 0x88,
    0x30, 0x9, 0x7d, 0xfd, 0x44, 0xd, 0x40, 0x1f,
    0xfc, 0x67, 0xa3, 0x0, 0xe4, 0xc9, 0x0, 0xff,
    0xe4, 0x2e, 0x7e, 0xed, 0xf6, 0x60, 0x1f, 0xfc,
    0x70,

    /* U+FEB7 "ﺷ" */
    0x0, 0xff, 0x5d, 0x0, 0x7f, 0xf1, 0x95, 0xc0,
    0x3f, 0xf8, 0xdd, 0xa0, 0x1f, 0xfc, 0x44, 0xc4,
    0x5c, 0x30, 0xf, 0xfe, 0x11, 0x19, 0x10, 0xd8,
    0x3, 0xff, 0x84, 0xde, 0xcf, 0xea, 0x1, 0x33,
    0x0, 0x3f, 0xf8, 0xd3, 0x22, 0x0, 0xca, 0xe6,
    0x1, 0x9d, 0xc0, 0x1f, 0xf7, 0x42, 0x80, 0x45,
    0x10, 0x0, 0xff, 0xe0, 0x88, 0x4, 0x20, 0x1,
    0x0, 0xe3, 0x0, 0xcc, 0x1c, 0x1, 0x30, 0x0,
    0x80, 0x2, 0x1, 0xe2, 0x20, 0x38, 0x5, 0xe0,
    0xa, 0x0, 0x20, 0x8, 0x80, 0x93, 0xc0, 0x3,
    0x26, 0xca, 0x0, 0x67, 0x38, 0x7, 0x3, 0xdb,
    0x20, 0x40, 0x6c, 0x90, 0x63, 0x8, 0xc2, 0x18,
    0x0, 0xc7, 0x56, 0xe2, 0x4, 0xd3, 0xac, 0x20,
    0xbe, 0x20,

    /* U+FEB8 "ﺸ" */
    0x0, 0xff, 0x5d, 0x0, 0x7f, 0xf2, 0x55, 0xc0,
    0x3f, 0xf9, 0x3d, 0xa0, 0x1f, 0xfc, 0x74, 0xc4,
    0x5c, 0x30, 0xf, 0xfe, 0x29, 0x19, 0x10, 0xd8,
    0x3, 0xff, 0x8a, 0xde, 0xcf, 0xea, 0x1, 0x33,
    0x0, 0x3f, 0xf9, 0x33, 0x22, 0x0, 0xf9, 0x5c,
    0xc0, 0x33, 0xb8, 0x3, 0xff, 0x85, 0xd0, 0xa0,
    0x11, 0x44, 0x0, 0x3f, 0xf8, 0x82, 0x1, 0x8,
    0x0, 0x40, 0x3f, 0xf8, 0x2c, 0x1c, 0x1, 0x30,
    0x0, 0x80, 0x2, 0x0, 0x10, 0xf, 0x11, 0x1,
    0xc0, 0x2f, 0x0, 0x50, 0x1, 0x0, 0x14, 0x1,
    0x89, 0x3c, 0x0, 0x32, 0x6c, 0xa0, 0x6, 0x73,
    0x80, 0x3, 0x39, 0x89, 0xed, 0x90, 0x28, 0x36,
    0x48, 0x31, 0x84, 0x61, 0x0, 0x51, 0x96, 0x1,
    0x1d, 0x54, 0x60, 0x4d, 0x3a, 0xc2, 0x9, 0x78,
    0x80, 0x10,

    /* U+FEB9 "ﺹ" */
    0x0, 0xff, 0xe3, 0xc, 0x6f, 0xf5, 0xa0, 0x7,
    0xff, 0x1d, 0x3d, 0xc8, 0x5, 0x2d, 0x80, 0x3f,
    0xf8, 0xaf, 0x62, 0x77, 0xdc, 0x60, 0x80, 0xf,
    0xfe, 0x3, 0xc0, 0x1, 0xe0, 0x23, 0x10, 0x45,
    0x20, 0x24, 0x2, 0x86, 0x1, 0xf5, 0xba, 0x2c,
    0x5, 0x38, 0x6, 0x20, 0xd, 0x17, 0x60, 0xf,
    0x94, 0x26, 0x82, 0x14, 0x3, 0x26, 0x0, 0x90,
    0x30, 0x58, 0x7, 0xc2, 0x4, 0x6, 0xa4, 0x68,
    0xf9, 0x62, 0x14, 0x6, 0x2, 0x60, 0x1f, 0xf1,
    0xee, 0xb2, 0xe0, 0xc0, 0xb1, 0x1, 0x41, 0x40,
    0x3f, 0x8, 0x21, 0x0, 0x71, 0x35, 0xe9, 0x80,
    0x4, 0x4, 0x3, 0xf2, 0x86, 0xeb, 0xff, 0xb6,
    0x50, 0x3, 0x8, 0x8, 0x7, 0xc4, 0x60, 0xa0,
    0x1f, 0xfc, 0x12, 0x4, 0x10, 0xe, 0x2f, 0x2,
    0x30, 0xf, 0xfe, 0xa, 0x8, 0x7b, 0xa1, 0xa4,
    0xe9, 0x4, 0x80, 0x7f, 0xf0, 0xf4, 0x6, 0x2f,
    0x2d, 0x80, 0x6d, 0x0, 0x3f, 0xf8, 0x67, 0xce,
    0x60, 0x11, 0xc7, 0x20, 0x7, 0xff, 0xc,

    /* U+FEBA "ﺺ" */
    0x0, 0xff, 0xe3, 0xc6, 0xff, 0x5a, 0x0, 0x7f,
    0xf2, 0x53, 0x9c, 0x80, 0x52, 0xd8, 0x3, 0xff,
    0x8e, 0xf6, 0x27, 0x7d, 0xc6, 0x8, 0x0, 0xff,
    0xe1, 0x3c, 0x0, 0x1e, 0x2, 0x31, 0x4, 0x52,
    0x2, 0x40, 0x10, 0xa1, 0x80, 0x7d, 0x6e, 0x8b,
    0x1, 0x4e, 0x1, 0x88, 0x3, 0xd1, 0x76, 0x0,
    0xf9, 0x42, 0x68, 0x21, 0x40, 0x32, 0x60, 0x9,
    0x0, 0x4c, 0x16, 0x1, 0xf0, 0x81, 0x1, 0xa9,
    0x1a, 0x3e, 0x58, 0x80, 0xb9, 0x89, 0x80, 0x98,
    0x7, 0xfc, 0x7b, 0xac, 0xb8, 0x30, 0x21, 0x8,
    0xcb, 0x50, 0x50, 0xf, 0xc2, 0x8, 0x40, 0x1c,
    0x4d, 0x7b, 0xea, 0x20, 0x1, 0x1, 0x0, 0xfc,
    0xa1, 0xba, 0xff, 0xed, 0x94, 0x1, 0xae, 0xfa,
    0x10, 0x10, 0xf, 0x88, 0xc1, 0x40, 0x3f, 0xf8,
    0x64, 0x8, 0x20, 0x1c, 0x5e, 0x4, 0x60, 0x1f,
    0xfc, 0x34, 0x10, 0xf7, 0x43, 0x49, 0xd2, 0x9,
    0x0, 0xff, 0xe2, 0xe8, 0xc, 0x5e, 0x5b, 0x0,
    0xda, 0x0, 0x7f, 0xf1, 0x4f, 0x9c, 0xc0, 0x23,
    0x8e, 0x40, 0xf, 0xfe, 0x28,

    /* U+FEBB "ﺻ" */
    0x0, 0xff, 0xe0, 0x2e, 0x7f, 0xb1, 0xc0, 0x3f,
    0xf8, 0x3, 0x94, 0x60, 0x3, 0x8c, 0x0, 0xe4,
    0x62, 0x0, 0x1f, 0x98, 0xc6, 0xf5, 0x1, 0xa8,
    0x6, 0xf9, 0x40, 0x3c, 0x13, 0xf7, 0x21, 0x55,
    0x6, 0x80, 0x66, 0xf, 0x1d, 0x4, 0xc1, 0x0,
    0xcc, 0x1, 0xc4, 0x40, 0x6c, 0x13, 0xb0, 0xc,
    0x36, 0x61, 0x80, 0x49, 0xe0, 0x11, 0x4, 0x11,
    0xd, 0xab, 0x90, 0x15, 0xf, 0x6c, 0x81, 0x40,
    0x2b, 0xdd, 0x64, 0xa8, 0x2, 0x28, 0x3, 0x1d,
    0x54, 0x60, 0x1c, 0x49, 0x3c, 0xe0, 0x0,

    /* U+FEBC "ﺼ" */
    0x0, 0xff, 0xe0, 0x2e, 0x7f, 0x63, 0x80, 0x7f,
    0xf0, 0xc7, 0x28, 0xc0, 0x4e, 0x30, 0x3, 0xf2,
    0x31, 0x0, 0xf, 0xcc, 0x63, 0x7a, 0x80, 0xd4,
    0x3, 0xef, 0x94, 0x3, 0xc1, 0x3f, 0x72, 0x15,
    0x50, 0x60, 0x7, 0xcc, 0x1e, 0x3a, 0x9, 0x82,
    0x1, 0x98, 0x3, 0xf1, 0x10, 0x1b, 0x4, 0xec,
    0x3, 0xd, 0x98, 0x60, 0x6, 0x24, 0xf0, 0x8,
    0x82, 0x8, 0x86, 0xd5, 0xc8, 0x0, 0xe4, 0x20,
    0x3d, 0xb2, 0x5, 0x0, 0xaf, 0x75, 0x92, 0xa0,
    0x3, 0x4, 0xbd, 0x0, 0xc7, 0x55, 0x18, 0x7,
    0xa, 0x47, 0x64, 0x90, 0x4,

    /* U+FEBD "ﺽ" */
    0x0, 0xff, 0xe0, 0x8f, 0xd8, 0x7, 0xff, 0x30,
    0x4c, 0xc0, 0x1f, 0xfc, 0xdc, 0x80, 0x0, 0xc6,
    0xff, 0x5a, 0x0, 0x7f, 0xf1, 0xd3, 0xdc, 0x80,
    0x52, 0xd8, 0x3, 0xff, 0x8a, 0xf6, 0x27, 0x7d,
    0xc6, 0x8, 0x0, 0xff, 0xe0, 0x3c, 0x0, 0x1e,
    0x2, 0x31, 0x4, 0x52, 0x2, 0x40, 0x28, 0x60,
    0x1f, 0x5b, 0xa2, 0xc0, 0x53, 0x80, 0x62, 0x0,
    0xd1, 0x76, 0x0, 0xf9, 0x42, 0x68, 0x21, 0x40,
    0x32, 0x60, 0x9, 0x3, 0x5, 0x80, 0x7c, 0x20,
    0x40, 0x6a, 0x46, 0x8f, 0x96, 0x21, 0x40, 0x60,
    0x26, 0x1, 0xff, 0x1e, 0xeb, 0x2e, 0xc, 0xb,
    0x10, 0x14, 0x14, 0x3, 0xf0, 0x82, 0x10, 0x7,
    0x13, 0x5e, 0x98, 0x0, 0x40, 0x40, 0x3f, 0x28,
    0x6e, 0xbf, 0xfb, 0x65, 0x0, 0x30, 0x80, 0x80,
    0x7c, 0x46, 0xa, 0x1, 0xff, 0xc1, 0x20, 0x41,
    0x0, 0xe2, 0xf0, 0x23, 0x0, 0xff, 0xe0, 0xa0,
    0x87, 0xba, 0x1a, 0x4e, 0x90, 0x48, 0x7, 0xff,
    0xf, 0x40, 0x62, 0xf2, 0xd8, 0x6, 0xd0, 0x3,
    0xff, 0x86, 0x7c, 0xe6, 0x1, 0x1c, 0x72, 0x0,
    0x7f, 0xf0, 0xc0,

    /* U+FEBE "ﺾ" */
    0x0, 0xff, 0xe0, 0x8f, 0xd8, 0x7, 0xff, 0x38,
    0x4c, 0xc0, 0x1f, 0xfc, 0xfc, 0x80, 0xa, 0x37,
    0xfa, 0xd0, 0x3, 0xff, 0x92, 0x9c, 0xe4, 0x2,
    0x96, 0xc0, 0x1f, 0xfc, 0x77, 0xb1, 0x3b, 0xee,
    0x30, 0x40, 0x7, 0xff, 0x9, 0xe0, 0x0, 0xf0,
    0x11, 0x88, 0x22, 0x90, 0x12, 0x0, 0x85, 0xc,
    0x3, 0xeb, 0x74, 0x58, 0xa, 0x70, 0xc, 0x40,
    0x1e, 0x8b, 0xb0, 0x7, 0xca, 0x13, 0x41, 0xa,
    0x1, 0x93, 0x0, 0x48, 0x2, 0x60, 0xb0, 0xf,
    0x84, 0x8, 0xd, 0x48, 0xd1, 0xf2, 0xc4, 0x5,
    0xcc, 0x4c, 0x4, 0xc0, 0x3f, 0xe3, 0xdd, 0x65,
    0xc1, 0x81, 0x8, 0x46, 0x5a, 0x82, 0x80, 0x7e,
    0x10, 0x42, 0x0, 0xe2, 0x6b, 0xdf, 0x51, 0x0,
    0x8, 0x8, 0x7, 0xe5, 0xd, 0xd7, 0xff, 0x6c,
    0xa0, 0xd, 0x77, 0xd0, 0x80, 0x80, 0x7c, 0x46,
    0xa, 0x1, 0xff, 0xc3, 0x20, 0x41, 0x0, 0xe2,
    0xf0, 0x23, 0x0, 0xff, 0xe1, 0xa0, 0x87, 0xba,
    0x1a, 0x4e, 0x90, 0x48, 0x7, 0xff, 0x17, 0x40,
    0x62, 0xf2, 0xd8, 0x6, 0xd0, 0x3, 0xff, 0x8a,
    0x7c, 0xe6, 0x1, 0x1c, 0x72, 0x0, 0x7f, 0xf1,
    0x40,

    /* U+FEBF "ﺿ" */
    0x0, 0xf3, 0xfa, 0x80, 0x7f, 0xf1, 0x48, 0xc4,
    0x3, 0xff, 0x8a, 0xb8, 0x80, 0x12, 0xe7, 0xfb,
    0x1c, 0x3, 0xff, 0x80, 0x39, 0x46, 0x0, 0x38,
    0xc0, 0xe, 0x46, 0x20, 0x1, 0xf9, 0x8c, 0x6f,
    0x50, 0x1a, 0x80, 0x6f, 0x94, 0x3, 0xc1, 0x3f,
    0x72, 0x15, 0x50, 0x68, 0x6, 0x60, 0xf1, 0xd0,
    0x4c, 0x10, 0xc, 0xc0, 0x1c, 0x44, 0x6, 0xc1,
    0x3b, 0x0, 0xc3, 0x66, 0x18, 0x4, 0x9e, 0x1,
    0x10, 0x41, 0x10, 0xda, 0xb9, 0x1, 0x50, 0xf6,
    0xc8, 0x14, 0x2, 0xbd, 0xd6, 0x4a, 0x80, 0x22,
    0x80, 0x31, 0xd5, 0x46, 0x1, 0xc4, 0x93, 0xce,
    0x0,

    /* U+FEC0 "ﻀ" */
    0x0, 0xf3, 0xfa, 0x80, 0x7f, 0xf2, 0x8, 0xc4,
    0x3, 0xff, 0x90, 0xb8, 0x80, 0x12, 0xe7, 0xf6,
    0x38, 0x7, 0xff, 0xc, 0x72, 0x8c, 0x4, 0xe3,
    0x0, 0x3f, 0x23, 0x10, 0x0, 0xfc, 0xc6, 0x37,
    0xa8, 0xd, 0x40, 0x3e, 0xf9, 0x40, 0x3c, 0x13,
    0xf7, 0x21, 0x55, 0x6, 0x0, 0x7c, 0xc1, 0xe3,
    0xa0, 0x98, 0x20, 0x19, 0x80, 0x3f, 0x11, 0x1,
    0xb0, 0x4e, 0xc0, 0x30, 0xd9, 0x86, 0x0, 0x62,
    0x4f, 0x0, 0x88, 0x20, 0x88, 0x6d, 0x5c, 0x80,
    0xe, 0x42, 0x3, 0xdb, 0x20, 0x50, 0xa, 0xf7,
    0x59, 0x2a, 0x0, 0x30, 0x4b, 0xd0, 0xc, 0x75,
    0x51, 0x80, 0x70, 0xa4, 0x76, 0x49, 0x0, 0x40,

    /* U+FEC1 "ﻁ" */
    0x0, 0xef, 0xf1, 0x0, 0x7f, 0xff, 0xc0, 0x3f,
    0xff, 0xe0, 0x1f, 0xfd, 0x66, 0xcf, 0xf6, 0x38,
    0x7, 0xff, 0x0, 0xf6, 0x4c, 0x0, 0x71, 0x60,
    0x1f, 0xe5, 0xc2, 0x18, 0xee, 0x50, 0x22, 0x0,
    0x3f, 0x2d, 0x1, 0xfb, 0x88, 0x95, 0x41, 0x80,
    0x1f, 0x35, 0x2, 0x60, 0x80, 0x66, 0x0, 0xfe,
    0xa0, 0x2b, 0x0, 0xc3, 0x66, 0x18, 0x4, 0x58,
    0x0, 0x21, 0x24, 0x43, 0x6a, 0xe4, 0x5, 0x45,
    0xdd, 0xc0, 0x1a, 0xf7, 0x59, 0x2a, 0x0, 0x8a,
    0x0, 0xff, 0xe1, 0x12, 0x4f, 0x38, 0x0,

    /* U+FEC2 "ﻂ" */
    0x0, 0xef, 0xf1, 0x0, 0x7f, 0xff, 0xc0, 0x3f,
    0xff, 0xe0, 0x1f, 0xff, 0x16, 0xcf, 0xf6, 0x38,
    0x7, 0xff, 0xc, 0xf6, 0x4c, 0x0, 0x71, 0x80,
    0x1f, 0xfc, 0x15, 0xc2, 0x18, 0xee, 0x50, 0x1a,
    0x80, 0x7f, 0xcb, 0x40, 0x7e, 0xe2, 0x25, 0x50,
    0x68, 0x7, 0xf9, 0xa8, 0x13, 0x4, 0x3, 0x30,
    0x8, 0x7, 0xfa, 0x80, 0xac, 0x3, 0xd, 0x98,
    0x60, 0x6, 0x22, 0xc0, 0x1, 0x9, 0x22, 0x1b,
    0x57, 0x20, 0x3, 0x90, 0x81, 0x77, 0x70, 0x6,
    0xbd, 0xd6, 0x4a, 0x80, 0xc, 0x12, 0xf4, 0x3,
    0xff, 0x84, 0x29, 0x3d, 0x90, 0x40, 0x10,

    /* U+FEC3 "ﻃ" */
    0x0, 0x87, 0xfc, 0x1, 0xff, 0xff, 0x0, 0xff,
    0xff, 0x80, 0x7f, 0xf3, 0x9b, 0x3f, 0xb1, 0x80,
    0x3f, 0xe4, 0xe9, 0x30, 0x13, 0x9a, 0x0, 0xfe,
    0x6b, 0x11, 0x4f, 0x72, 0x41, 0x4c, 0x3, 0xe6,
    0x90, 0x3f, 0x61, 0x13, 0x18, 0x28, 0x7, 0x92,
    0x41, 0x70, 0x40, 0x30, 0x80, 0x7e, 0xa0, 0x3a,
    0x0, 0xc5, 0x84, 0x8, 0x4, 0x50, 0x0, 0x45,
    0xe4, 0x43, 0x6a, 0xd3, 0x7, 0x23, 0xdd, 0x60,
    0x4, 0x39, 0xba, 0xc9, 0x50, 0x19, 0x80, 0xf,
    0xfe, 0x9, 0x2c, 0xf3, 0x0, 0x0,

    /* U+FEC4 "ﻄ" */
    0x0, 0x87, 0xfc, 0x1, 0xff, 0xff, 0x0, 0xff,
    0xff, 0x80, 0x7f, 0xf8, 0x1b, 0x3f, 0xb1, 0x80,
    0x3f, 0xf8, 0x29, 0xd2, 0x60, 0x27, 0x34, 0x1,
    0xff, 0x35, 0x88, 0xa7, 0xb9, 0x20, 0xa6, 0x1,
    0xfc, 0xd2, 0x7, 0xec, 0x22, 0x63, 0x4, 0x0,
    0xfc, 0x92, 0xb, 0x82, 0x1, 0x84, 0x3, 0xfd,
    0x40, 0x74, 0x1, 0x8b, 0x8, 0x10, 0x2, 0x22,
    0x80, 0x2, 0x2f, 0x22, 0x1b, 0x56, 0x98, 0x2,
    0x4c, 0x8f, 0x75, 0x80, 0x10, 0xe6, 0xeb, 0x25,
    0x40, 0x4, 0xb, 0x98, 0x0, 0xff, 0xe0, 0x12,
    0xcf, 0x6c, 0x8, 0x0,

    /* U+FEC5 "ﻅ" */
    0x0, 0xef, 0xf1, 0x0, 0x7f, 0xff, 0xc0, 0x3f,
    0xfc, 0x6d, 0x84, 0x1, 0xff, 0xc5, 0xf3, 0x10,
    0xf, 0xfe, 0x2c, 0xf9, 0x80, 0x7f, 0xf1, 0xdb,
    0x3f, 0xd8, 0xe0, 0x1f, 0xfc, 0x3, 0xd9, 0x30,
    0x1, 0xc5, 0x80, 0x7f, 0x97, 0x8, 0x63, 0xb9,
    0x40, 0x88, 0x0, 0xfc, 0xb4, 0x7, 0xee, 0x22,
    0x55, 0x6, 0x0, 0x7c, 0xd4, 0x9, 0x82, 0x1,
    0x98, 0x3, 0xfa, 0x80, 0xac, 0x3, 0xd, 0x98,
    0x60, 0x11, 0x60, 0x0, 0x84, 0x91, 0xd, 0xab,
    0x90, 0x15, 0x17, 0x77, 0x0, 0x6b, 0xdd, 0x64,
    0xa8, 0x2, 0x28, 0x3, 0xff, 0x84, 0x49, 0x3c,
    0xe0, 0x0,

    /* U+FEC6 "ﻆ" */
    0x0, 0xef, 0xf1, 0x0, 0x7f, 0xff, 0xc0, 0x3f,
    0xfe, 0xad, 0x84, 0x1, 0xff, 0xc8, 0xf3, 0x10,
    0xf, 0xfe, 0x44, 0xf9, 0x80, 0x7f, 0xf2, 0x9b,
    0x3f, 0xd8, 0xe0, 0x1f, 0xfc, 0x33, 0xd9, 0x30,
    0x1, 0xc6, 0x0, 0x7f, 0xf0, 0x57, 0x8, 0x63,
    0xb9, 0x40, 0x6a, 0x1, 0xff, 0x2d, 0x1, 0xfb,
    0x88, 0x95, 0x41, 0xa0, 0x1f, 0xe6, 0xa0, 0x4c,
    0x10, 0xc, 0xc0, 0x20, 0x1f, 0xea, 0x2, 0xb0,
    0xc, 0x36, 0x61, 0x80, 0x18, 0x8b, 0x0, 0x4,
    0x24, 0x88, 0x6d, 0x5c, 0x80, 0xe, 0x42, 0x5,
    0xdd, 0xc0, 0x1a, 0xf7, 0x59, 0x2a, 0x0, 0x30,
    0x4b, 0xd0, 0xf, 0xfe, 0x10, 0xa4, 0xf6, 0x41,
    0x0, 0x40,

    /* U+FEC7 "ﻇ" */
    0x0, 0x87, 0xfc, 0x1, 0xff, 0xff, 0x0, 0xff,
    0xef, 0x46, 0x8, 0x7, 0xff, 0x10, 0x8c, 0x3,
    0xff, 0x8b, 0x5e, 0x20, 0x1f, 0xfc, 0x66, 0xcf,
    0xec, 0x60, 0xf, 0xf9, 0x3a, 0x4c, 0x4, 0xe6,
    0x80, 0x3f, 0x9a, 0xc4, 0x53, 0xdc, 0x90, 0x53,
    0x0, 0xf9, 0xa4, 0xf, 0xd8, 0x44, 0xc6, 0xa,
    0x1, 0xe4, 0x90, 0x5c, 0x10, 0xc, 0x20, 0x1f,
    0xa8, 0xe, 0x80, 0x31, 0x61, 0x2, 0x1, 0x14,
    0x0, 0x11, 0x79, 0x10, 0xda, 0xb4, 0xc1, 0xc8,
    0xf7, 0x58, 0x1, 0xe, 0x6e, 0xb2, 0x54, 0x6,
    0x60, 0x3, 0xff, 0x82, 0x4b, 0x3c, 0xc0, 0x0,

    /* U+FEC8 "ﻈ" */
    0x0, 0x87, 0xfc, 0x1, 0xff, 0xff, 0x0, 0xff,
    0xf5, 0x46, 0x8, 0x7, 0xff, 0x18, 0x8c, 0x3,
    0xff, 0x8f, 0x5e, 0x20, 0x1f, 0xfc, 0x86, 0xcf,
    0xec, 0x60, 0xf, 0xfe, 0xa, 0x74, 0x98, 0x9,
    0xcd, 0x0, 0x7f, 0xcd, 0x62, 0x29, 0xee, 0x48,
    0x29, 0x80, 0x7f, 0x34, 0x81, 0xfb, 0x8, 0x98,
    0xc1, 0x0, 0x3f, 0x24, 0x82, 0xe0, 0x80, 0x61,
    0x0, 0xff, 0x50, 0x1d, 0x0, 0x62, 0xc2, 0x4,
    0x0, 0x88, 0xa0, 0x0, 0x8b, 0xc8, 0x86, 0xd5,
    0xa6, 0x0, 0x93, 0x23, 0xdd, 0x60, 0x4, 0x39,
    0xba, 0xc9, 0x50, 0x1, 0x2, 0xe6, 0x0, 0x3f,
    0xf8, 0x4, 0xb3, 0xdb, 0x2, 0x0,

    /* U+FEC9 "ﻉ" */
    0x0, 0xcd, 0x7d, 0xe6, 0x1, 0xf1, 0x6c, 0xa0,
    0x80, 0x7f, 0x79, 0x12, 0x77, 0xcc, 0x3, 0xca,
    0x47, 0xac, 0x40, 0x1f, 0xb4, 0x10, 0x3, 0x8d,
    0x0, 0x37, 0x82, 0x99, 0x36, 0x7e, 0x50, 0x6,
    0x62, 0x26, 0x6c, 0x98, 0xa, 0x80, 0x61, 0xf2,
    0x0, 0xc, 0x6f, 0x58, 0x6, 0x2c, 0x21, 0x9e,
    0x72, 0x0, 0xf7, 0x89, 0x7b, 0x0, 0x7e, 0x52,
    0xc, 0x10, 0xf, 0xec, 0x5, 0x10, 0xf, 0xfe,
    0x1, 0x0, 0x7f, 0xc2, 0x4, 0x1, 0xff, 0x60,
    0x2a, 0x0, 0x7f, 0x91, 0x1, 0x74, 0x82, 0x1,
    0x1c, 0xf8, 0x85, 0xa8, 0x2d, 0xf7, 0xfd, 0x8c,
    0x1, 0xab, 0x5d, 0x4, 0x2, 0x37, 0xd1,

    /* U+FECA "ﻊ" */
    0x0, 0xc2, 0x20, 0xf, 0xf4, 0xf7, 0x5f, 0x22,
    0x1, 0xea, 0x61, 0x0, 0x9b, 0x40, 0x3c, 0x80,
    0x3d, 0xe4, 0x6, 0x1, 0xe7, 0x1, 0x6a, 0x20,
    0x40, 0xf, 0x49, 0x84, 0x28, 0x35, 0x80, 0x78,
    0xc8, 0x2, 0x59, 0x0, 0xfb, 0x84, 0x4c, 0xb,
    0xce, 0x64, 0x40, 0x3, 0x10, 0x6c, 0xd8, 0x8a,
    0x33, 0x74, 0x0, 0xf0, 0x53, 0x4, 0xe9, 0x41,
    0x0, 0xf1, 0x0, 0x66, 0xbe, 0xff, 0x0, 0x38,
    0xc, 0x3, 0xfe, 0x50, 0x45, 0x0, 0xfc, 0x40,
    0x4c, 0x15, 0x45, 0x20, 0x0, 0xad, 0x68, 0x84,
    0xb8, 0x2d, 0x6f, 0xfb, 0xa9, 0x40, 0x34, 0x74,
    0x21, 0x8, 0xc9, 0x1c, 0x20,

    /* U+FECB "ﻋ" */
    0x0, 0xf2, 0xde, 0xf9, 0x80, 0x7d, 0x74, 0x84,
    0x1, 0xfa, 0x90, 0x67, 0x7c, 0xc0, 0x38, 0x94,
    0x7d, 0x88, 0x3, 0xe4, 0x7, 0x10, 0xf, 0xee,
    0x1, 0x0, 0xff, 0x78, 0x18, 0x7, 0x98, 0x2,
    0x40, 0x45, 0x0, 0xb, 0xf4, 0x0, 0x46, 0xa1,
    0x59, 0x7d, 0x2, 0x40, 0x1a, 0x98, 0xd, 0x0,
    0xeb, 0x0, 0x8d, 0xad, 0x80, 0x7, 0x78, 0xa0,
    0x7b, 0x92, 0x80, 0x99, 0x84, 0x0, 0xe1, 0x48,
    0xeb, 0x30, 0xe,

    /* U+FECC "ﻌ" */
    0x0, 0xf1, 0x8, 0x7, 0xe2, 0xaf, 0xde, 0xe3,
    0x80, 0x7b, 0x14, 0x2, 0x18, 0x80, 0x6, 0x21,
    0x4, 0xfc, 0x0, 0x18, 0x6, 0x23, 0x4, 0x44,
    0x80, 0x38, 0x3, 0xb4, 0x82, 0xd4, 0x21, 0x40,
    0x38, 0x78, 0x2, 0x37, 0x0, 0xc4, 0x6f, 0xa0,
    0x11, 0xda, 0x91, 0xf, 0x72, 0x4, 0xb6, 0x41,
    0x2b, 0x7c, 0x2, 0x39, 0xd2, 0x6d, 0x61, 0x0,
    0x0,

    /* U+FECD "ﻍ" */
    0x0, 0x9f, 0x4, 0x3, 0xfe, 0xe3, 0x30, 0x7,
    0xfd, 0x3e, 0x40, 0x1f, 0xfc, 0xe6, 0xbe, 0xf3,
    0x0, 0xf8, 0xb6, 0x50, 0x40, 0x3f, 0xbc, 0x89,
    0x3b, 0xe6, 0x1, 0xe5, 0x23, 0xd6, 0x20, 0xf,
    0xda, 0x8, 0x1, 0xc6, 0x80, 0x1b, 0xc1, 0x4c,
    0x9b, 0x3f, 0x28, 0x3, 0x31, 0x13, 0x36, 0x4c,
    0x5, 0x40, 0x30, 0xf9, 0x0, 0x6, 0x37, 0xac,
    0x3, 0x16, 0x10, 0xcf, 0x39, 0x0, 0x7b, 0xc4,
    0xbd, 0x80, 0x3f, 0x29, 0x6, 0x8, 0x7, 0xf6,
    0x2, 0x88, 0x7, 0xff, 0x0, 0x80, 0x3f, 0xe1,
    0x2, 0x0, 0xff, 0xb0, 0x15, 0x0, 0x3f, 0xc8,
    0x80, 0xba, 0x41, 0x0, 0x8e, 0x7c, 0x42, 0xd4,
    0x16, 0xfb, 0xfe, 0xc6, 0x0, 0xd5, 0xae, 0x82,
    0x1, 0x1b, 0xe8, 0x80,

    /* U+FECE "ﻎ" */
    0x0, 0xdf, 0x60, 0x1f, 0xfc, 0x3, 0x30, 0x7,
    0xff, 0x3, 0x20, 0x3, 0xff, 0x80, 0x22, 0x0,
    0xff, 0x4f, 0x75, 0xf2, 0x20, 0x1e, 0xa6, 0x10,
    0x9, 0xb4, 0x3, 0xc8, 0x3, 0xde, 0x40, 0x60,
    0x1e, 0x70, 0x16, 0xa2, 0x4, 0x0, 0xf4, 0x98,
    0x42, 0x83, 0x58, 0x7, 0x8c, 0x80, 0x25, 0x90,
    0xf, 0xb8, 0x44, 0xc0, 0xbc, 0xe6, 0x44, 0x0,
    0x31, 0x6, 0xcd, 0x88, 0xa3, 0x37, 0x40, 0xf,
    0x5, 0x30, 0x4e, 0x94, 0x10, 0xf, 0x10, 0x6,
    0x6b, 0xef, 0xf0, 0x3, 0x80, 0xc0, 0x3f, 0xe5,
    0x4, 0x50, 0xf, 0xc4, 0x4, 0xc1, 0x54, 0x52,
    0x0, 0xa, 0xd6, 0x88, 0x4b, 0x82, 0xd6, 0xff,
    0xba, 0x94, 0x3, 0x47, 0x42, 0x10, 0x8c, 0x91,
    0xc2,

    /* U+FECF "ﻏ" */
    0x0, 0xe7, 0xc1, 0x0, 0xff, 0x71, 0x98, 0x3,
    0xfd, 0x3e, 0x40, 0x1f, 0xf2, 0xde, 0xf9, 0x80,
    0x7d, 0x74, 0x84, 0x1, 0xfa, 0x90, 0x67, 0x7c,
    0xc0, 0x38, 0x94, 0x7d, 0x88, 0x3, 0xe4, 0x7,
    0x10, 0xf, 0xee, 0x1, 0x0, 0xff, 0x78, 0x18,
    0x7, 0x98, 0x2, 0x40, 0x45, 0x0, 0xb, 0xf4,
    0x0, 0x46, 0xa1, 0x59, 0x7d, 0x2, 0x40, 0x1a,
    0x98, 0xd, 0x0, 0xeb, 0x0, 0x8d, 0xad, 0x80,
    0x7, 0x78, 0xa0, 0x7b, 0x92, 0x80, 0x99, 0x84,
    0x0, 0xe1, 0x48, 0xeb, 0x30, 0xe,

    /* U+FED0 "ﻐ" */
    0x0, 0xe1, 0xfa, 0x0, 0xff, 0x8c, 0x80, 0x3f,
    0xc3, 0x90, 0x1, 0xff, 0x10, 0x80, 0x7e, 0x2a,
    0xfd, 0xee, 0x38, 0x7, 0xb1, 0x40, 0x21, 0x88,
    0x0, 0x62, 0x10, 0x4f, 0xc0, 0x1, 0x80, 0x62,
    0x30, 0x44, 0x48, 0x3, 0x80, 0x3b, 0x48, 0x2d,
    0x42, 0x14, 0x3, 0x87, 0x80, 0x23, 0x70, 0xc,
    0x46, 0xfa, 0x1, 0x1d, 0xa9, 0x10, 0xf7, 0x20,
    0x4b, 0x64, 0x12, 0xb7, 0xc0, 0x23, 0x9d, 0x26,
    0xd6, 0x10, 0x0,

    /* U+FED1 "ﻑ" */
    0x0, 0xff, 0xe2, 0x17, 0xd0, 0x7, 0xff, 0x1c,
    0xcd, 0xa0, 0x1f, 0xfc, 0x71, 0xc7, 0x0, 0xff,
    0xe4, 0x19, 0x80, 0x3f, 0xf8, 0xcd, 0xd9, 0x8e,
    0x30, 0xf, 0xfe, 0x1a, 0xc8, 0x80, 0x7, 0x8,
    0x3, 0xff, 0x85, 0xc0, 0x5b, 0xa2, 0xb, 0x0,
    0xff, 0xe1, 0x38, 0x51, 0x12, 0x81, 0x41, 0x14,
    0x40, 0x3f, 0xce, 0x16, 0x22, 0xc0, 0x12, 0xba,
    0x0, 0xff, 0xa0, 0xf, 0xb8, 0x80, 0x2e, 0x6,
    0x20, 0x1f, 0xe3, 0xc5, 0x24, 0x60, 0x63, 0x7,
    0x0, 0xff, 0xe0, 0x1d, 0x6d, 0x20, 0x79, 0x2,
    0x28, 0x7, 0xff, 0x0, 0x5f, 0xc8, 0x8a, 0x88,
    0xa, 0xb6, 0x32, 0x11, 0x11, 0x11, 0x63, 0x3a,
    0x4, 0xbc, 0x1, 0x6a, 0x9, 0x39, 0xbd, 0xcd,
    0xd5, 0xd3, 0x98, 0x14, 0x69, 0x0, 0x55, 0xae,
    0x62, 0x1, 0x84, 0x91, 0xeb, 0x74, 0xe0, 0x10,

    /* U+FED2 "ﻒ" */
    0x0, 0xff, 0xe2, 0x17, 0xd0, 0x7, 0xff, 0x28,
    0xcd, 0xa0, 0x1f, 0xfc, 0xa1, 0xc7, 0x0, 0xff,
    0xe5, 0x99, 0x0, 0x7f, 0xf2, 0x53, 0xb3, 0x74,
    0x60, 0x1f, 0xfc, 0x64, 0xb1, 0x0, 0x16, 0x10,
    0x6, 0x57, 0x20, 0xf, 0xf7, 0x81, 0x76, 0x88,
    0x50, 0x4, 0x55, 0x4, 0x1, 0xfe, 0x70, 0xb1,
    0x29, 0x3, 0x0, 0x90, 0xc, 0x3, 0xfe, 0x60,
    0xc0, 0x0, 0x80, 0x80, 0x73, 0x80, 0x7f, 0xde,
    0xa, 0xa0, 0xa0, 0xd0, 0x8, 0x81, 0x10, 0x1,
    0xfe, 0x53, 0xa, 0xd3, 0x4, 0x22, 0x2, 0x18,
    0x5d, 0x20, 0x80, 0x61, 0x35, 0x87, 0x0, 0x10,
    0x3, 0x37, 0x42, 0x1a, 0x80, 0xb7, 0xdf, 0xfb,
    0xb2, 0x9d, 0x0, 0x94, 0x80, 0x3c, 0x37, 0x65,
    0x10, 0xf, 0x8d, 0xa3, 0x36, 0xb7, 0xff, 0x8,
    0x4, 0x95, 0xdf, 0xdd, 0xbf, 0xd9, 0x2e, 0x60,
    0x1f, 0x80,

    /* U+FED3 "ﻓ" */
    0x0, 0xf7, 0xd8, 0x7, 0xf1, 0x98, 0x3, 0xfb,
    0x20, 0x3, 0xf8, 0xcc, 0x1, 0xf3, 0xfe, 0x63,
    0x48, 0x3, 0x34, 0x0, 0x45, 0x82, 0x1, 0x58,
    0x27, 0x60, 0x8a, 0x40, 0x23, 0xe, 0x13, 0x70,
    0x30, 0x8, 0xc3, 0x84, 0x48, 0x1, 0xd0, 0x9,
    0xdc, 0x20, 0x10, 0x9, 0x6d, 0x9, 0x8, 0x8,
    0x3, 0x25, 0xec, 0x10, 0x58, 0x11, 0x46, 0xb1,
    0xa0, 0x67, 0x6e, 0xd9, 0x4e, 0x22, 0xe0, 0xf,
    0x9, 0xbf, 0x90, 0x0,

    /* U+FED4 "ﻔ" */
    0x0, 0xf4, 0xd8, 0x7, 0xff, 0x1, 0x10, 0x1,
    0xff, 0xc0, 0xdf, 0x0, 0xff, 0xe7, 0x8, 0x80,
    0x3f, 0xc3, 0x7d, 0xcd, 0x30, 0xf, 0xd8, 0x80,
    0x2, 0xc2, 0x0, 0xf3, 0x10, 0x5e, 0x8, 0x50,
    0x7, 0xb8, 0x11, 0x6, 0xc0, 0x40, 0x1f, 0x9c,
    0x0, 0x40, 0x1f, 0xac, 0xd, 0xd5, 0x41, 0xe0,
    0x18, 0x88, 0x4, 0x11, 0x40, 0x2c, 0x44, 0x3,
    0xdd, 0x61, 0x0, 0x61, 0xcd, 0xd3, 0x0, 0x61,
    0x48, 0x94, 0x20, 0xc,

    /* U+FED5 "ﻕ" */
    0x0, 0xfe, 0xc8, 0x1c, 0x70, 0xf, 0xf8, 0xcc,
    0x7, 0xa0, 0x1f, 0xf7, 0xd8, 0xfd, 0x0, 0x7f,
    0xf3, 0xca, 0xbf, 0xa0, 0x3, 0xfc, 0x7a, 0xa0,
    0x2f, 0x0, 0x1f, 0xd0, 0x3, 0x2e, 0xe, 0x40,
    0x1f, 0x94, 0x21, 0xa1, 0x2, 0x80, 0x3f, 0x8,
    0x10, 0x0, 0x80, 0xc0, 0x3f, 0x18, 0x40, 0x89,
    0xc1, 0xc0, 0x3f, 0x40, 0x1f, 0x70, 0x40, 0x2e,
    0xf2, 0x0, 0xc9, 0x68, 0x48, 0xe0, 0xe8, 0x26,
    0x40, 0x1c, 0x97, 0xb7, 0xe0, 0x58, 0x8, 0x1,
    0xfe, 0xb0, 0xc2, 0xe, 0x0, 0xfe, 0x33, 0x2,
    0x88, 0x7, 0xf8, 0x74, 0x20, 0x4, 0x3c, 0x3,
    0xe2, 0xc1, 0x37, 0xc, 0x7, 0x10, 0xe, 0x5c,
    0x22, 0x68, 0x1, 0x84, 0x58, 0xa8, 0xb1, 0xb4,
    0x27, 0x82, 0x1, 0x50, 0x15, 0x5d, 0x39, 0x3,
    0xe0, 0x80, 0x64, 0xd5, 0x10, 0x13, 0x7e, 0x80,
    0xe,

    /* U+FED6 "ﻖ" */
    0x0, 0xfe, 0x7f, 0x58, 0xf3, 0x0, 0xff, 0xe1,
    0x11, 0xb7, 0x18, 0x80, 0x7f, 0xf0, 0x97, 0xd,
    0xb0, 0x80, 0x3f, 0xf8, 0x47, 0x9f, 0xd0, 0x1,
    0xff, 0xc2, 0x3c, 0x30, 0x17, 0x70, 0x7, 0xff,
    0x6, 0x0, 0xa9, 0xc2, 0x4, 0x3, 0xff, 0x80,
    0xa1, 0xb, 0x8, 0xc, 0x1, 0xff, 0xc2, 0x30,
    0x6, 0x6, 0x80, 0x7f, 0xf0, 0x8, 0x25, 0x80,
    0x81, 0x80, 0x30, 0xcc, 0x80, 0x3a, 0x0, 0x13,
    0xf0, 0x2, 0x45, 0x3, 0x30, 0x80, 0x39, 0x20,
    0x2, 0x20, 0x2d, 0xd9, 0x34, 0xc, 0x3, 0xcf,
    0xae, 0x60, 0x1f, 0x8, 0x70, 0x7, 0xc5, 0x1e,
    0x0, 0xaf, 0xf9, 0x4, 0x38, 0x3, 0xf1, 0x68,
    0x12, 0x80, 0x6c, 0x6, 0x10, 0xf, 0x36, 0x8,
    0xbc, 0x3, 0x98, 0x7, 0xdd, 0x10, 0xb1, 0xd2,
    0x22, 0xc2, 0x0, 0xf5, 0x0, 0xc5, 0xda, 0x9c,
    0x41, 0xbc, 0x80, 0x3e, 0x5d, 0x62, 0x10, 0x1,
    0xbe, 0xc8, 0x80, 0x7c,

    /* U+FED7 "ﻗ" */
    0x0, 0xcf, 0xe9, 0x1e, 0x60, 0x1c, 0x46, 0xfc,
    0x62, 0x1, 0xcb, 0x86, 0xd8, 0x40, 0x1f, 0x19,
    0x80, 0x3e, 0x7f, 0xcc, 0x69, 0x0, 0x66, 0x80,
    0x8, 0xb0, 0x40, 0x2b, 0x4, 0xec, 0x11, 0x48,
    0x4, 0x61, 0xc2, 0x6e, 0x6, 0x1, 0x18, 0x70,
    0x89, 0x0, 0x3a, 0x1, 0x3b, 0x84, 0x2, 0x1,
    0x2d, 0xa1, 0x21, 0x1, 0x0, 0x64, 0xbd, 0x82,
    0xb, 0x2, 0x28, 0xd6, 0x34, 0xc, 0xed, 0xdb,
    0x29, 0xc4, 0x5c, 0x1, 0xe1, 0x37, 0xf2, 0x0,

    /* U+FED8 "ﻘ" */
    0x0, 0xc9, 0x8a, 0x98, 0x80, 0x1f, 0x84, 0xcc,
    0x46, 0x20, 0x1f, 0x97, 0xd9, 0x9e, 0xa0, 0x1f,
    0xfc, 0xc1, 0x10, 0x7, 0xf8, 0x6f, 0xb9, 0xa6,
    0x1, 0xfb, 0x10, 0x0, 0x58, 0x40, 0x1e, 0x62,
    0xb, 0xc1, 0xa, 0x0, 0xf7, 0x2, 0x20, 0xd8,
    0x8, 0x3, 0xf3, 0x80, 0x8, 0x3, 0xf5, 0x81,
    0xba, 0xa8, 0x3c, 0x3, 0x11, 0x0, 0x82, 0x28,
    0x5, 0x88, 0x80, 0x7b, 0xac, 0x20, 0xc, 0x39,
    0xba, 0x60, 0xc, 0x29, 0x12, 0x84, 0x1, 0x80,

    /* U+FED9 "ﻙ" */
    0x0, 0xff, 0xe1, 0x6f, 0xa8, 0x7, 0xff, 0xb8,
    0x67, 0x98, 0x3, 0xff, 0x83, 0x41, 0xec, 0x1,
    0xff, 0xc1, 0x10, 0x20, 0xf, 0xfe, 0x15, 0x76,
    0xa8, 0x7, 0xff, 0x9, 0x94, 0xc0, 0x3f, 0xf8,
    0x1b, 0xfc, 0x4c, 0x1, 0xff, 0xc0, 0xde, 0xf9,
    0x0, 0xff, 0xe1, 0x8, 0x7, 0x8c, 0x4, 0x11,
    0x0, 0x1f, 0xf0, 0x83, 0x9d, 0xd0, 0x7, 0xf9,
    0x0, 0x6, 0xe0, 0x22, 0x0, 0xfc, 0x94, 0xa,
    0x8, 0x21, 0xee, 0x60, 0x10, 0xad, 0xd8, 0x45,
    0x0, 0xd, 0x11, 0x46, 0x7f, 0xdd, 0x48, 0x7,
    0x84, 0x0, 0x3e, 0x94, 0x10, 0x8, 0x4d, 0x6f,
    0x8, 0x0,

    /* U+FEDA "ﻚ" */
    0x0, 0xff, 0xe1, 0x6f, 0xa8, 0x7, 0xff, 0xe8,
    0x67, 0x98, 0x3, 0xff, 0x89, 0x41, 0xec, 0x1,
    0xff, 0xc4, 0x10, 0x20, 0xf, 0xfe, 0x2d, 0x76,
    0xa8, 0x7, 0xff, 0x15, 0x94, 0xc0, 0x3f, 0xf8,
    0x7b, 0xfc, 0x4c, 0x1, 0xff, 0xc3, 0xde, 0xf9,
    0x0, 0xff, 0xe2, 0x88, 0x7, 0x8c, 0x3, 0xff,
    0x8e, 0x20, 0x1c, 0x5d, 0xc0, 0xf, 0xf2, 0x0,
    0x79, 0x84, 0x40, 0x1f, 0xc9, 0x40, 0x2, 0x0,
    0x94, 0x1, 0xac, 0x60, 0x10, 0xad, 0xd8, 0x40,
    0x12, 0xa4, 0x22, 0xb1, 0x29, 0xcf, 0xfb, 0xa9,
    0x0, 0xf0, 0xc6, 0xb5, 0x81, 0x3e, 0x50, 0x40,
    0x21, 0x37, 0xcc, 0x1e, 0x30, 0x80, 0x0,

    /* U+FEDB "ﻛ" */
    0x0, 0xff, 0xe5, 0xb6, 0xb0, 0x7, 0xc7, 0x3f,
    0x24, 0x1, 0xe5, 0xcc, 0x30, 0x1d, 0x30, 0x4,
    0xfd, 0x46, 0xd, 0xb8, 0xa0, 0x13, 0xc0, 0x94,
    0xfc, 0x90, 0x7, 0x48, 0x36, 0xb0, 0x7, 0xfb,
    0x80, 0x3f, 0xcc, 0x10, 0x60, 0x1f, 0xd0, 0x61,
    0xa2, 0x1, 0xfd, 0xa2, 0x2d, 0x0, 0xfe, 0x1d,
    0x3, 0xa0, 0xf, 0xe3, 0xa0, 0x56, 0x0, 0xfe,
    0x56, 0xb, 0x0, 0xff, 0x50, 0x10, 0x7, 0xf9,
    0x80, 0x3e, 0x22, 0xcb, 0x60, 0xa0, 0x18, 0xf7,
    0x75, 0x8, 0x40, 0x7, 0xf0, 0xae, 0x90, 0x6,

    /* U+FEDC "ﻜ" */
    0x0, 0xff, 0xe6, 0xb6, 0xb0, 0x7, 0xf1, 0xcf,
    0xc9, 0x0, 0x7e, 0x5c, 0xc3, 0x1, 0xd3, 0x0,
    0x73, 0xf5, 0x18, 0x36, 0xe2, 0x80, 0x73, 0xc0,
    0x94, 0xfc, 0x90, 0x7, 0xd2, 0xd, 0xac, 0x1,
    0xff, 0xc0, 0xe0, 0xf, 0xfe, 0x3, 0x4, 0x18,
    0x7, 0xfd, 0x6, 0x1a, 0x20, 0x1f, 0xf6, 0x88,
    0xb4, 0x3, 0xfe, 0x1d, 0x3, 0x90, 0xf, 0xf8,
    0xe8, 0x19, 0xc0, 0x3f, 0xe5, 0x60, 0x84, 0x0,
    0xff, 0xa8, 0x1, 0x64, 0x1, 0xfe, 0x60, 0xb,
    0xc4, 0x3, 0x11, 0x65, 0xb0, 0x30, 0x2d, 0x42,
    0x13, 0xdd, 0xd4, 0x22, 0xeb, 0x3, 0xbd, 0x60,
    0xe, 0x15, 0xc2, 0x4c, 0x40, 0x8,

    /* U+FEDD "ﻝ" */
    0x0, 0xff, 0xe0, 0x77, 0xa0, 0x7, 0xff, 0xfc,
    0x3, 0xff, 0xfe, 0x1, 0xff, 0xe2, 0x24, 0x20,
    0xf, 0xc2, 0xe, 0x19, 0x6c, 0x1, 0xf0, 0x80,
    0x4, 0xc4, 0x10, 0x3, 0xe4, 0x0, 0x13, 0x81,
    0x0, 0x7e, 0x80, 0x40, 0x60, 0x22, 0x0, 0x70,
    0xd9, 0x7, 0x81, 0x18, 0x63, 0x11, 0x12, 0x7d,
    0x2, 0x10, 0x1, 0xc4, 0x33, 0xba, 0xb6, 0x11,
    0x53, 0x80, 0x45, 0x90, 0x62, 0x4, 0xb5, 0xca,
    0x1, 0x0,

    /* U+FEDE "ﻞ" */
    0x0, 0xff, 0xe0, 0x77, 0xa0, 0x7, 0xff, 0xfc,
    0x3, 0xff, 0xfe, 0x1, 0xff, 0xff, 0x0, 0xff,
    0xe0, 0xb4, 0xa0, 0x7, 0xe1, 0x3, 0x0, 0x86,
    0x59, 0x80, 0x1f, 0x8, 0x2, 0x54, 0x84, 0x80,
    0x48, 0x3, 0xe4, 0x0, 0xd, 0x6b, 0xb8, 0xc,
    0x3, 0xf4, 0x2, 0x18, 0x4, 0xc0, 0x46, 0x1,
    0xc3, 0x64, 0x15, 0x9f, 0xe6, 0x24, 0xc, 0x72,
    0x22, 0x4f, 0xa0, 0x58, 0x80, 0x75, 0x10, 0x46,
    0xea, 0xd8, 0x4b, 0x10, 0x3, 0xc3, 0xb0, 0x40,
    0x2, 0x6b, 0xd3, 0x0, 0xf0,

    /* U+FEDF "ﻟ" */
    0x0, 0x87, 0xfc, 0x1, 0xff, 0xff, 0x0, 0xff,
    0xe4, 0x28, 0x6, 0x24, 0x90, 0x30, 0x3d, 0xb2,
    0x9, 0x0, 0xc5, 0x4a, 0x0,

    /* U+FEE0 "ﻠ" */
    0x0, 0x87, 0xfc, 0x1, 0xff, 0xff, 0x0, 0xff,
    0xf9, 0x28, 0x0, 0xc0, 0x31, 0x24, 0x80, 0x3d,
    0x8, 0xf, 0x6c, 0x80, 0x7, 0x7a, 0x60, 0x11,
    0x54, 0x90, 0x4,

    /* U+FEE1 "ﻡ" */
    0x0, 0xf0, 0xaa, 0x0, 0x7f, 0x3f, 0x55, 0xfb,
    0x80, 0x79, 0xa0, 0x3, 0x43, 0x80, 0x74, 0x2,
    0xff, 0x28, 0x48, 0x6, 0x21, 0xb, 0x1, 0x90,
    0x11, 0x0, 0x12, 0x0, 0xe, 0x21, 0x40, 0x1,
    0x6, 0xb5, 0x0, 0x4f, 0x7b, 0x2, 0x80, 0x24,
    0x1f, 0xa0, 0xc0, 0x5, 0x34, 0x8, 0x0, 0x81,
    0x7c, 0xff, 0x6b, 0x0, 0x4, 0x3, 0xff, 0xfe,
    0x0,

    /* U+FEE2 "ﻢ" */
    0x0, 0xe1, 0xaf, 0xe8, 0x0, 0xff, 0xb1, 0x40,
    0x5f, 0x44, 0x3, 0xf4, 0x90, 0xc4, 0x4, 0xa0,
    0x3, 0xf3, 0x5, 0x3b, 0xac, 0x18, 0x3, 0xe2,
    0x0, 0x28, 0x1, 0x80, 0xa, 0x1, 0xe4, 0x0,
    0x49, 0x8c, 0x80, 0x2d, 0xd4, 0x40, 0xfa, 0x40,
    0xf, 0x9c, 0xa0, 0x1, 0x8a, 0x20, 0xe1, 0x7f,
    0x94, 0x10, 0x13, 0x51, 0x0, 0x8c, 0x82, 0x1,
    0xaf, 0xbf, 0xb2, 0xbb, 0xfc, 0x6c, 0x1, 0xff,
    0xf3, 0x13, 0x30, 0x7, 0xff, 0x4,

    /* U+FEE3 "ﻣ" */
    0x0, 0xe2, 0xbf, 0xeb, 0x20, 0xe, 0x3d, 0x40,
    0x14, 0xd3, 0x0, 0xde, 0x5, 0x50, 0x21, 0x0,
    0x18, 0xc3, 0xd5, 0xe0, 0x14, 0x2, 0x40, 0x12,
    0x0, 0x18, 0x4, 0x49, 0x20, 0x2e, 0x65, 0x20,
    0x47, 0xb6, 0x40, 0x8, 0xcd, 0x30, 0x90, 0x8,
    0xa5, 0x88, 0x0, 0x74, 0xa0,

    /* U+FEE4 "ﻤ" */
    0x0, 0xe2, 0xaf, 0xe8, 0x0, 0xff, 0x1e, 0xa8,
    0xb, 0xe8, 0x80, 0x7e, 0xf0, 0x2a, 0x80, 0x29,
    0x0, 0xfc, 0x61, 0xea, 0xf0, 0xa, 0x1, 0xf2,
    0x0, 0x90, 0x0, 0xc0, 0x88, 0x1, 0x89, 0x24,
    0x5, 0xcc, 0xbc, 0x1, 0xc8, 0x40, 0x7b, 0x64,
    0x0, 0x8c, 0xd4, 0x0, 0x1d, 0xe8, 0x80, 0x45,
    0x2c, 0x40, 0x1, 0x55, 0x8, 0x4,

    /* U+FEE5 "ﻥ" */
    0x0, 0xe4, 0xf8, 0x0, 0xff, 0xe0, 0x39, 0xf0,
    0x7, 0xff, 0x0, 0xf1, 0x80, 0x24, 0xa8, 0x0,
    0xff, 0xe0, 0x2a, 0x9c, 0xc0, 0x3f, 0xe1, 0x40,
    0xb0, 0x78, 0x30, 0xf, 0xc6, 0x6, 0x30, 0xe2,
    0x1, 0xfb, 0x41, 0xc8, 0x0, 0x40, 0x1f, 0xe1,
    0x70, 0x10, 0xf, 0xed, 0x1, 0x70, 0xf, 0xf9,
    0x1, 0x8, 0x4, 0x40, 0x1f, 0x21, 0x85, 0x9,
    0x4, 0x0, 0x78, 0xa8, 0x10, 0x82, 0x1, 0xb1,
    0x8c, 0xcb, 0x3a, 0x22, 0xa0, 0x2, 0xc8, 0x1c,
    0xe6, 0x29, 0x80, 0xf0, 0x40, 0x26, 0xe7, 0x30,
    0x0, 0xad, 0xe1, 0x0, 0x0,

    /* U+FEE6 "ﻦ" */
    0x0, 0xe4, 0xf8, 0x0, 0xff, 0xe1, 0xb9, 0xf0,
    0x4, 0x72, 0xe0, 0x1f, 0xc7, 0x8c, 0x1, 0x13,
    0x40, 0x80, 0x7f, 0xf0, 0x85, 0x1, 0xc0, 0x33,
    0xc9, 0x80, 0x7e, 0xc0, 0xb0, 0xd, 0xc, 0x20,
    0x1f, 0x88, 0xa, 0xcc, 0x48, 0x0, 0x40, 0x1f,
    0x8c, 0x0, 0x99, 0x22, 0x2, 0x1, 0xfd, 0xc0,
    0x42, 0x1, 0xff, 0xc2, 0x40, 0x5e, 0xf8, 0x20,
    0x11, 0x0, 0x7c, 0x86, 0x16, 0x1, 0x9, 0x4,
    0x0, 0x78, 0xa8, 0x14, 0xc0, 0x34, 0x83, 0x63,
    0x19, 0x96, 0x34, 0x4a, 0xc0, 0x39, 0x24, 0xe,
    0x73, 0x14, 0xe0, 0x98, 0x20, 0x1e, 0x6e, 0x73,
    0x0, 0xa, 0xdd, 0x84, 0x3, 0x80,

    /* U+FEE7 "ﻧ" */
    0x0, 0x93, 0x10, 0x2, 0x23, 0x20, 0x9, 0xbd,
    0x80, 0x3f, 0xf8, 0x73, 0xf2, 0x1, 0xff, 0xc3,
    0x20, 0xe0, 0x37, 0x40, 0x33, 0x64, 0x1, 0xa0,
    0x4, 0xba, 0x0,

    /* U+FEE8 "ﻨ" */
    0x0, 0x93, 0x10, 0x3, 0xc4, 0x64, 0x1, 0xe6,
    0xf6, 0x0, 0xff, 0xe6, 0x4f, 0xc8, 0x7, 0xff,
    0x30, 0x80, 0x80, 0x31, 0xba, 0x2, 0x39, 0x89,
    0xe4, 0x0, 0x51, 0x8c, 0x1, 0x2e, 0x28, 0x80,
    0x0,

    /* U+FEE9 "ﻩ" */
    0x0, 0xff, 0xe0, 0x5f, 0xfb, 0x58, 0x3, 0x52,
    0x0, 0xa, 0x70, 0x40, 0x54, 0x27, 0xe8, 0x4f,
    0x5, 0x40, 0x58, 0x17, 0xc8, 0x92, 0x20, 0x40,
    0x10, 0xc0, 0x28, 0x7, 0xc6, 0x2, 0xe0, 0x6c,
    0x0, 0x69, 0x4, 0x24, 0x9, 0xff, 0x48, 0x1c,
    0x5, 0xb9, 0x0, 0xad, 0xe0, 0x0,

    /* U+FEEA "ﻪ" */
    0x0, 0xf7, 0x79, 0x80, 0x7c, 0x75, 0xa2, 0xe,
    0x1, 0xe8, 0xc5, 0x31, 0x2, 0x0, 0xe8, 0x71,
    0xae, 0x70, 0xe0, 0xc, 0x2e, 0x18, 0xa1, 0xe0,
    0x80, 0x19, 0x40, 0xc8, 0x0, 0x60, 0x64, 0x1,
    0x28, 0x1f, 0x67, 0x50, 0x3, 0x8c, 0x80, 0x68,
    0x84, 0xc4, 0xe0, 0xf, 0x34, 0x41, 0x77, 0xb7,
    0xf1, 0xec, 0xc0, 0x20,

    /* U+FEEB "ﻫ" */
    0x0, 0xa5, 0x0, 0x3f, 0xe4, 0xbc, 0x30, 0xf,
    0xeb, 0x23, 0xc7, 0x0, 0xfd, 0xc4, 0x0, 0x8a,
    0x0, 0xf0, 0xb8, 0x31, 0x82, 0xd8, 0x7, 0x20,
    0x24, 0xe8, 0x1, 0x20, 0x3, 0x8, 0x8, 0x8,
    0x11, 0x1c, 0xc0, 0x26, 0x4, 0x6, 0x1, 0x90,
    0x80, 0x8, 0x84, 0x55, 0x0, 0xa8, 0x48, 0x20,
    0x44, 0x50, 0x51, 0x14, 0x0, 0x81, 0x9b, 0x74,
    0x80, 0x12, 0x9, 0x90, 0x18, 0x4, 0x26, 0x80,
    0xbf, 0x82, 0x62, 0x7f, 0xee, 0xcb, 0xb2, 0x8,
    0x97, 0x40,

    /* U+FEEC "ﻬ" */
    0x0, 0xe8, 0xef, 0xb2, 0x0, 0xfa, 0xdc, 0x41,
    0x38, 0x3, 0xcc, 0x81, 0x7c, 0x6, 0x20, 0x1d,
    0x60, 0xe8, 0x22, 0x0, 0xf8, 0x82, 0x82, 0x85,
    0x4, 0x2, 0x24, 0x0, 0x36, 0x29, 0xc1, 0x10,
    0xf, 0x6c, 0x1, 0x66, 0x7, 0x9b, 0xa4, 0x0,
    0xff, 0xe0, 0x9f, 0xe8, 0x3, 0x50, 0xf, 0xbf,
    0xc8, 0x0, 0x20, 0xa, 0xd8, 0xf4, 0x3, 0xc6,
    0x14, 0x12, 0x26, 0x40, 0x1d, 0x40, 0xe8, 0x42,
    0x6, 0x1, 0xcc, 0xa1, 0x7a, 0x8, 0x20, 0x1e,
    0xa8, 0x21, 0x4a, 0x0, 0x80,

    /* U+FEED "ﻭ" */
    0x0, 0xf1, 0x90, 0x7, 0xcf, 0xf9, 0xb8, 0x40,
    0x19, 0xe0, 0x2, 0x3f, 0x0, 0xd2, 0xb, 0xd8,
    0x4, 0xc0, 0x10, 0x87, 0x89, 0xb8, 0x78, 0x4,
    0x41, 0xa, 0x5e, 0x4, 0x1, 0x48, 0x15, 0x6c,
    0x0, 0x72, 0x63, 0x10, 0x4, 0x20, 0x18, 0xe7,
    0x7c, 0xc3, 0x0, 0x3e, 0x73, 0x7, 0x0, 0xf4,
    0xc0, 0x38, 0x91, 0xa3, 0x4f, 0x30, 0x2c, 0x6,
    0xe5, 0xcb, 0x8, 0x45, 0x0, 0x61, 0x36, 0xaf,
    0x70, 0x8,

    /* U+FEEE "ﻮ" */
    0x0, 0xe3, 0x76, 0x10, 0xf, 0xea, 0xc8, 0x9e,
    0x40, 0xf, 0xa1, 0x40, 0xc4, 0x2c, 0x40, 0x3c,
    0xc0, 0xf9, 0xe2, 0xc, 0x1, 0xe1, 0xe, 0x1,
    0x60, 0xe0, 0xf, 0x18, 0x43, 0x18, 0x1, 0x4c,
    0xc2, 0x1, 0x78, 0xc, 0xe3, 0x81, 0xe6, 0x2c,
    0x2, 0x3c, 0x51, 0x0, 0xff, 0x8e, 0xbb, 0xcc,
    0x27, 0xfd, 0x40, 0x1f, 0x39, 0x83, 0x80, 0x7f,
    0x4c, 0x4, 0x8, 0x4, 0x46, 0x8d, 0x3c, 0xc0,
    0xce, 0x1, 0xb7, 0x2e, 0x58, 0x45, 0x32, 0x0,
    0xf8, 0x4d, 0xab, 0x98, 0x3, 0xc0,

    /* U+FEEF "ﻯ" */
    0x0, 0xfe, 0x5a, 0xdd, 0x51, 0x80, 0x7f, 0xe,
    0x52, 0x91, 0x17, 0x18, 0x3, 0xf3, 0x18, 0xd7,
    0xf3, 0x84, 0x80, 0x7e, 0xe0, 0x55, 0x0, 0xc5,
    0x50, 0x40, 0x3e, 0xd0, 0x4c, 0x61, 0x5, 0x50,
    0x81, 0x10, 0x40, 0x24, 0x90, 0x39, 0xe9, 0x10,
    0xb, 0x74, 0x60, 0x19, 0xba, 0x50, 0x1b, 0x0,
    0xa, 0x4, 0x40, 0xe, 0x16, 0xbe, 0x2, 0x50,
    0x30, 0x60, 0xf, 0xe1, 0x0, 0x10, 0x10, 0x28,
    0x7, 0xe1, 0xb0, 0x2, 0x82, 0x8, 0xb1, 0x0,
    0x4, 0x8d, 0x5c, 0x81, 0x44, 0x0, 0xc1, 0x3b,
    0xff, 0x6d, 0xca, 0x82, 0x6a, 0x80, 0x45, 0xd0,
    0x40, 0x1, 0x36, 0xae, 0xb2, 0x0, 0x80,

    /* U+FEF0 "ﻰ" */
    0x0, 0xff, 0xe0, 0x26, 0xfe, 0x10, 0x6, 0x56,
    0x20, 0xf, 0x92, 0xc8, 0xf, 0xc0, 0x22, 0xa9,
    0x20, 0xf, 0xbc, 0x17, 0x48, 0x92, 0x0, 0x70,
    0x30, 0xf, 0xc2, 0xe, 0x3e, 0xc, 0xc0, 0x30,
    0x70, 0xf, 0xd6, 0x65, 0x85, 0x21, 0x26, 0x40,
    0x84, 0x1, 0xf0, 0xf8, 0x0, 0x5a, 0x4, 0x10,
    0x83, 0x18, 0x80, 0x21, 0x38, 0xd0, 0x31, 0x7,
    0xe3, 0xf, 0x11, 0x4e, 0xff, 0xdd, 0x8e, 0x29,
    0xa0, 0x1e, 0x2e, 0x83, 0x0, 0xe2, 0x5b, 0xb0,
    0x80, 0x7e, 0x7c, 0xfe, 0xde, 0xfd, 0xa4, 0x0,
    0xf8,

    /* U+FEF1 "ﻱ" */
    0x0, 0xfe, 0x5a, 0xdd, 0x51, 0x80, 0x7f, 0xb2,
    0x94, 0x88, 0xb8, 0xc0, 0x1f, 0x9c, 0xc2, 0xbf,
    0x9c, 0x24, 0x3, 0xf7, 0x2, 0xa8, 0x6, 0x2a,
    0x44, 0x3, 0xec, 0x5, 0xc5, 0x0, 0x2b, 0x8,
    0x0, 0x40, 0x32, 0xb8, 0x1d, 0x7c, 0x0, 0x6e,
    0xe1, 0x0, 0x68, 0xe7, 0x20, 0x7c, 0x0, 0x20,
    0x91, 0x0, 0x38, 0x63, 0x70, 0xd, 0x40, 0x81,
    0x80, 0x3f, 0x8c, 0x40, 0x80, 0xc1, 0x80, 0x3f,
    0xa8, 0x41, 0x1, 0x0, 0xac, 0x80, 0x22, 0x59,
    0xe5, 0x7, 0x30, 0x1a, 0x4, 0xdf, 0xef, 0xda,
    0x61, 0x14, 0xc0, 0x4, 0xb8, 0x80, 0x1, 0x0,
    0xa, 0xd7, 0x30, 0x7, 0x1d, 0xf6, 0x5e, 0x7f,
    0x52, 0x80, 0x7f, 0xbc, 0xc7, 0x18, 0x3, 0xfe,
    0x33, 0x68, 0x9f, 0x0, 0x7c,

    /* U+FEF2 "ﻲ" */
    0x0, 0xff, 0xe0, 0x26, 0xfe, 0x10, 0x6, 0x56,
    0x20, 0xf, 0x92, 0xc8, 0xf, 0xc0, 0x22, 0xa9,
    0x20, 0xf, 0xbc, 0x17, 0x48, 0x92, 0x0, 0x70,
    0x30, 0xf, 0xc2, 0xe, 0x3e, 0xc, 0xc0, 0x30,
    0x70, 0xf, 0xd6, 0x65, 0x85, 0x21, 0x26, 0x40,
    0x84, 0x1, 0xf0, 0xf8, 0x0, 0x5a, 0x4, 0x10,
    0x83, 0x18, 0x80, 0x21, 0x38, 0xd0, 0x31, 0x7,
    0xe3, 0xf, 0x11, 0x4e, 0xff, 0xdd, 0x8e, 0x29,
    0xa0, 0x1e, 0x2e, 0x83, 0x0, 0xe2, 0x5b, 0xb0,
    0x80, 0x7e, 0x7c, 0xfe, 0xde, 0xfd, 0xa4, 0x0,
    0xff, 0x8b, 0xec, 0x7a, 0x0, 0x3f, 0xf8, 0x46,
    0x6d, 0x13, 0xe0, 0xf, 0xf0,

    /* U+FEF3 "ﻳ" */
    0x0, 0xa7, 0xe4, 0x3, 0xff, 0x8c, 0x41, 0xc0,
    0x3, 0x74, 0x3, 0x3, 0xc8, 0x3, 0x40, 0xc,
    0xba, 0x0, 0x3f, 0xf5, 0x8, 0x7, 0xfd, 0xbc,
    0x1d, 0xa0, 0x7, 0x50, 0x47,

    /* U+FEF4 "ﻴ" */
    0x0, 0xa7, 0xe4, 0x3, 0xff, 0x98, 0x40, 0x40,
    0x18, 0xdd, 0x1, 0x1c, 0xc4, 0xf2, 0x0, 0x28,
    0xc6, 0x0, 0x97, 0x14, 0x40, 0x7, 0xfe, 0xa3,
    0xae, 0xf7, 0x0, 0xff, 0xb7, 0x83, 0xb4, 0x3,
    0x3a, 0x82, 0x38, 0x0,

    /* U+FEF5 "ﻵ" */
    0x0, 0x18, 0x7, 0x18, 0x7, 0x86, 0xf2, 0x8c,
    0x4e, 0x70, 0x3, 0xcc, 0x18, 0x39, 0xd8, 0x5a,
    0x1, 0xe5, 0xb3, 0xbe, 0xdf, 0xb2, 0x0, 0xbb,
    0xcc, 0x80, 0x24, 0x40, 0x7, 0xff, 0x7, 0x25,
    0xc0, 0x3f, 0xf8, 0x16, 0x12, 0x1, 0xff, 0xc0,
    0x24, 0x16, 0x0, 0xff, 0xe0, 0x40, 0x58, 0x7,
    0xff, 0x0, 0xcc, 0x48, 0x1, 0xff, 0xc0, 0x80,
    0x80, 0xf, 0xfe, 0x2, 0x11, 0x98, 0x0, 0x20,
    0x1f, 0xd6, 0x12, 0x1, 0x84, 0x3, 0xe6, 0x15,
    0x22, 0x0, 0x8, 0x3, 0xf4, 0x85, 0xa0, 0x18,
    0x7, 0xf3, 0x83, 0x40, 0x58, 0x7, 0xf9, 0xc0,
    0x44, 0xe0, 0x1f, 0xe2, 0x0, 0x58, 0x7, 0x89,
    0x49, 0x31, 0x42, 0x14, 0x3, 0xcf, 0x5b, 0x66,
    0x14, 0xe0, 0x1f, 0x31, 0x0, 0xb7, 0x28, 0x6,

    /* U+FEF6 "ﻶ" */
    0x0, 0x18, 0x7, 0x18, 0x7, 0xf0, 0xde, 0x51,
    0x89, 0xce, 0x0, 0x7f, 0x30, 0x60, 0xe7, 0x61,
    0x68, 0x7, 0xf2, 0xd9, 0xdf, 0x6f, 0xd9, 0x0,
    0x5d, 0xe6, 0x1, 0x10, 0x4, 0x88, 0x0, 0xff,
    0xe2, 0x64, 0xb8, 0x7, 0xff, 0xe, 0xc2, 0x40,
    0x3f, 0xf8, 0x64, 0x82, 0xc0, 0x1f, 0xfc, 0x38,
    0xb, 0x0, 0xff, 0xe1, 0x99, 0x89, 0x0, 0x3f,
    0xf8, 0x70, 0x10, 0x1, 0xff, 0xc3, 0x42, 0x33,
    0x0, 0x4, 0x3, 0xff, 0x81, 0x61, 0x20, 0x1f,
    0xfc, 0x36, 0x15, 0x22, 0x0, 0x7f, 0xf0, 0xa4,
    0x2d, 0x0, 0x3f, 0xf8, 0x4e, 0xd, 0x0, 0x7,
    0x0, 0xff, 0xe0, 0x38, 0x8, 0x0, 0xc0, 0x3f,
    0xf8, 0x4, 0x0, 0x60, 0xa0, 0xf, 0x89, 0x49,
    0x31, 0x42, 0x24, 0x4a, 0x48, 0x40, 0x33, 0xd6,
    0xd9, 0x85, 0x38, 0x40, 0x36, 0xc0, 0x6, 0x62,
    0x1, 0x6e, 0x50, 0x3, 0x48, 0x80, 0x0,

    /* U+FEF7 "ﻷ" */
    0x7, 0xee, 0x28, 0x7, 0xe2, 0x8a, 0xd6, 0x0,
    0xfc, 0x22, 0x43, 0x30, 0x7, 0xe3, 0xb, 0x87,
    0x0, 0xfc, 0x62, 0x8a, 0x1, 0xfc, 0x37, 0xfa,
    0xe0, 0x1d, 0xde, 0x64, 0x8a, 0xa0, 0xf, 0xfb,
    0xe9, 0xc0, 0x3f, 0xd0, 0x12, 0x1, 0xfe, 0x24,
    0x16, 0x0, 0xff, 0x40, 0x58, 0x7, 0xf8, 0xcc,
    0x48, 0x1, 0xfe, 0x90, 0x80, 0xf, 0xf2, 0x91,
    0x98, 0x0, 0x20, 0x1f, 0x58, 0x48, 0x6, 0x10,
    0xe, 0x61, 0x52, 0x20, 0x0, 0x80, 0x3d, 0x21,
    0x68, 0x6, 0x1, 0xf3, 0x3, 0x40, 0x58, 0x7,
    0xc2, 0xe0, 0x22, 0x70, 0xf, 0xc4, 0x0, 0xb0,
    0xc, 0x4a, 0x49, 0x8a, 0x10, 0xa0, 0x19, 0xeb,
    0x6c, 0xc2, 0x9c, 0x3, 0x98, 0x80, 0x5b, 0x94,
    0x3, 0x0,

    /* U+FEF8 "ﻸ" */
    0x7, 0xee, 0x28, 0x7, 0xfc, 0x51, 0x5a, 0xc0,
    0x1f, 0xf0, 0x89, 0xc, 0xc0, 0x1f, 0xf1, 0x85,
    0xc3, 0x80, 0x7f, 0xc6, 0x28, 0xa0, 0x1f, 0xfc,
    0x1, 0xbf, 0xd7, 0x0, 0xee, 0xf3, 0x0, 0x89,
    0x15, 0x40, 0x1f, 0xfc, 0x2f, 0xa7, 0x0, 0xff,
    0xe0, 0xc0, 0x48, 0x7, 0xff, 0x4, 0x90, 0x58,
    0x3, 0xff, 0x83, 0x1, 0x60, 0x1f, 0xfc, 0x13,
    0x31, 0x20, 0x7, 0xff, 0x6, 0x42, 0x0, 0x3f,
    0xf8, 0x2a, 0x46, 0x60, 0x0, 0x80, 0x7f, 0xac,
    0x24, 0x3, 0xff, 0x82, 0xc2, 0xa4, 0x40, 0xf,
    0xfe, 0x4, 0x85, 0xa0, 0x7, 0xff, 0x1, 0x81,
    0xa0, 0x0, 0xe0, 0x1f, 0xc2, 0xe0, 0x20, 0x3,
    0x0, 0xff, 0x10, 0x1, 0x82, 0x80, 0x38, 0x94,
    0x93, 0x14, 0x22, 0x44, 0xa4, 0x84, 0x0, 0xf5,
    0xb6, 0x61, 0x4e, 0x10, 0xd, 0xb0, 0x0, 0x62,
    0x1, 0x6e, 0x50, 0x3, 0x48, 0x80, 0x0,

    /* U+FEF9 "ﻹ" */
    0x0, 0xfe, 0xef, 0x30, 0x55, 0x0, 0x7f, 0xbe,
    0x9c, 0x3, 0xfa, 0x2, 0x40, 0x3f, 0x89, 0x5,
    0x80, 0x3f, 0xa0, 0x2c, 0x3, 0xf8, 0xcc, 0x48,
    0x1, 0xfd, 0x21, 0x0, 0x1f, 0xca, 0x46, 0x60,
    0x0, 0x80, 0x7a, 0xc2, 0x40, 0x30, 0x80, 0x66,
    0x15, 0x22, 0x0, 0x8, 0x3, 0xa4, 0x2d, 0x0,
    0xc0, 0x3c, 0xc0, 0xd0, 0x16, 0x1, 0xe1, 0x70,
    0x11, 0x38, 0x7, 0xc4, 0x0, 0xb0, 0x8, 0x94,
    0x93, 0x14, 0x21, 0x40, 0x27, 0xad, 0xb3, 0xa,
    0x70, 0xc, 0xc4, 0x2, 0xdc, 0xa0, 0x18, 0x60,
    0x89, 0xd2, 0x20, 0x1d, 0x1, 0x90, 0x1, 0xf8,
    0xce, 0x50, 0xf, 0xdc, 0xf9, 0x84, 0x0, 0xfb,
    0xc5, 0xa9, 0x40, 0x3e, 0xbe, 0xa6, 0x10, 0xf,
    0x80,

    /* U+FEFA "ﻺ" */
    0x0, 0xfe, 0xef, 0x30, 0xc, 0xaa, 0x0, 0xff,
    0xe0, 0xfd, 0x38, 0x7, 0xff, 0x2, 0x2, 0x40,
    0x3f, 0xf8, 0x4, 0x82, 0xc0, 0x1f, 0xfc, 0x8,
    0xb, 0x0, 0xff, 0xe0, 0x19, 0x89, 0x0, 0x3f,
    0xf8, 0x12, 0x10, 0x1, 0xff, 0xc0, 0x52, 0x33,
    0x0, 0x4, 0x3, 0xfa, 0xc2, 0x40, 0x3f, 0xf8,
    0xc, 0x2a, 0x44, 0x0, 0xff, 0xa4, 0x2d, 0x0,
    0x3f, 0xe6, 0x6, 0x80, 0x3, 0x80, 0x7e, 0x17,
    0x1, 0x0, 0x18, 0x7, 0xf1, 0x0, 0x18, 0x28,
    0x3, 0x12, 0x92, 0x62, 0x84, 0x48, 0x94, 0x90,
    0x83, 0xd6, 0xd9, 0x85, 0x38, 0x40, 0x36, 0xc0,
    0x31, 0x0, 0xb7, 0x28, 0x1, 0xa4, 0x40, 0x3,
    0x4, 0x4e, 0x91, 0x0, 0xcd, 0xdf, 0x30, 0x19,
    0x0, 0x1f, 0xf1, 0x9c, 0xa0, 0x1f, 0xf7, 0x3e,
    0x61, 0x0, 0x3f, 0xde, 0x2d, 0x4a, 0x1, 0xfe,
    0xbe, 0xa6, 0x10, 0xf, 0xf0,

    /* U+FEFB "ﻻ" */
    0x0, 0xfe, 0xef, 0x30, 0x55, 0x0, 0x7f, 0xbe,
    0x9c, 0x3, 0xfa, 0x2, 0x40, 0x3f, 0x89, 0x5,
    0x80, 0x3f, 0xa0, 0x2c, 0x3, 0xf8, 0xcc, 0x48,
    0x1, 0xfd, 0x21, 0x0, 0x1f, 0xca, 0x46, 0x60,
    0x0, 0x80, 0x7a, 0xc2, 0x40, 0x30, 0x80, 0x66,
    0x15, 0x22, 0x0, 0x8, 0x3, 0xa4, 0x2d, 0x0,
    0xc0, 0x3c, 0xc0, 0xd0, 0x16, 0x1, 0xe1, 0x70,
    0x11, 0x38, 0x7, 0xc4, 0x0, 0xb0, 0x8, 0x94,
    0x93, 0x14, 0x21, 0x40, 0x27, 0xad, 0xb3, 0xa,
    0x70, 0xc, 0xc4, 0x2, 0xdc, 0xa0, 0x18,

    /* U+FEFC "ﻼ" */
    0x0, 0xfe, 0xef, 0x30, 0xc, 0xaa, 0x0, 0xff,
    0xe0, 0xfd, 0x38, 0x7, 0xff, 0x2, 0x2, 0x40,
    0x3f, 0xf8, 0x4, 0x82, 0xc0, 0x1f, 0xfc, 0x8,
    0xb, 0x0, 0xff, 0xe0, 0x19, 0x89, 0x0, 0x3f,
    0xf8, 0x12, 0x10, 0x1, 0xff, 0xc0, 0x52, 0x33,
    0x0, 0x4, 0x3, 0xfa, 0xc2, 0x40, 0x3f, 0xf8,
    0xc, 0x2a, 0x44, 0x0, 0xff, 0xa4, 0x2d, 0x0,
    0x3f, 0xe6, 0x6, 0x80, 0x3, 0x80, 0x7e, 0x17,
    0x1, 0x0, 0x18, 0x7, 0xf1, 0x0, 0x18, 0x28,
    0x3, 0x12, 0x92, 0x62, 0x84, 0x48, 0x94, 0x90,
    0x83, 0xd6, 0xd9, 0x85, 0x38, 0x40, 0x36, 0xc0,
    0x31, 0x0, 0xb7, 0x28, 0x1, 0xa4, 0x40, 0x0
};


/*---------------------
 *  GLYPH DESCRIPTION
 *--------------------*/

static const lv_font_fmt_txt_glyph_dsc_t glyph_dsc[] = {
    {.bitmap_index = 0, .adv_w = 0, .box_w = 0, .box_h = 0, .ofs_x = 0, .ofs_y = 0} /* id = 0 reserved */,
    {.bitmap_index = 0, .adv_w = 122, .box_w = 0, .box_h = 0, .ofs_x = 0, .ofs_y = 0},
    {.bitmap_index = 0, .adv_w = 154, .box_w = 3, .box_h = 18, .ofs_x = 3, .ofs_y = 0},
    {.bitmap_index = 19, .adv_w = 177, .box_w = 7, .box_h = 7, .ofs_x = 2, .ofs_y = 11},
    {.bitmap_index = 30, .adv_w = 322, .box_w = 18, .box_h = 18, .ofs_x = 1, .ofs_y = 0},
    {.bitmap_index = 158, .adv_w = 244, .box_w = 12, .box_h = 23, .ofs_x = 2, .ofs_y = -4},
    {.bitmap_index = 259, .adv_w = 365, .box_w = 21, .box_h = 18, .ofs_x = 1, .ofs_y = 0},
    {.bitmap_index = 416, .adv_w = 299, .box_w = 17, .box_h = 18, .ofs_x = 1, .ofs_y = 0},
    {.bitmap_index = 544, .adv_w = 106, .box_w = 3, .box_h = 7, .ofs_x = 2, .ofs_y = 11},
    {.bitmap_index = 551, .adv_w = 150, .box_w = 6, .box_h = 23, .ofs_x = 2, .ofs_y = -4},
    {.bitmap_index = 616, .adv_w = 150, .box_w = 7, .box_h = 23, .ofs_x = 1, .ofs_y = -4},
    {.bitmap_index = 687, .adv_w = 192, .box_w = 12, .box_h = 12, .ofs_x = 0, .ofs_y = 6},
    {.bitmap_index = 744, .adv_w = 322, .box_w = 16, .box_h = 16, .ofs_x = 2, .ofs_y = 0},
    {.bitmap_index = 781, .adv_w = 122, .box_w = 5, .box_h = 6, .ofs_x = 1, .ofs_y = -3},
    {.bitmap_index = 795, .adv_w = 139, .box_w = 7, .box_h = 2, .ofs_x = 1, .ofs_y = 6},
    {.bitmap_index = 800, .adv_w = 122, .box_w = 4, .box_h = 4, .ofs_x = 2, .ofs_y = 0},
    {.bitmap_index = 806, .adv_w = 129, .box_w = 9, .box_h = 21, .ofs_x = 0, .ofs_y = -3},
    {.bitmap_index = 874, .adv_w = 244, .box_w = 13, .box_h = 18, .ofs_x = 1, .ofs_y = 0},
    {.bitmap_index = 972, .adv_w = 244, .box_w = 12, .box_h = 18, .ofs_x = 2, .ofs_y = 0},
    {.bitmap_index = 1008, .adv_w = 244, .box_w = 12, .box_h = 18, .ofs_x = 1, .ofs_y = 0},
    {.bitmap_index = 1092, .adv_w = 244, .box_w = 13, .box_h = 18, .ofs_x = 1, .ofs_y = 0},
    {.bitmap_index = 1186, .adv_w = 244, .box_w = 13, .box_h = 18, .ofs_x = 1, .ofs_y = 0},
    {.bitmap_index = 1252, .adv_w = 244, .box_w = 13, .box_h = 18, .ofs_x = 1, .ofs_y = 0},
    {.bitmap_index = 1331, .adv_w = 244, .box_w = 13, .box_h = 18, .ofs_x = 1, .ofs_y = 0},
    {.bitmap_index = 1435, .adv_w = 244, .box_w = 13, .box_h = 18, .ofs_x = 1, .ofs_y = 0},
    {.bitmap_index = 1507, .adv_w = 244, .box_w = 13, .box_h = 18, .ofs_x = 1, .ofs_y = 0},
    {.bitmap_index = 1616, .adv_w = 244, .box_w = 13, .box_h = 18, .ofs_x = 1, .ofs_y = 0},
    {.bitmap_index = 1721, .adv_w = 129, .box_w = 4, .box_h = 13, .ofs_x = 2, .ofs_y = 0},
    {.bitmap_index = 1738, .adv_w = 129, .box_w = 5, .box_h = 16, .ofs_x = 1, .ofs_y = -3},
    {.bitmap_index = 1764, .adv_w = 322, .box_w = 16, .box_h = 14, .ofs_x = 2, .ofs_y = 1},
    {.bitmap_index = 1849, .adv_w = 322, .box_w = 16, .box_h = 8, .ofs_x = 2, .ofs_y = 4},
    {.bitmap_index = 1879, .adv_w = 322, .box_w = 16, .box_h = 14, .ofs_x = 2, .ofs_y = 1},
    {.bitmap_index = 1964, .adv_w = 204, .box_w = 11, .box_h = 18, .ofs_x = 1, .ofs_y = 0},
    {.bitmap_index = 2031, .adv_w = 384, .box_w = 22, .box_h = 22, .ofs_x = 1, .ofs_y = -4},
    {.bitmap_index = 2234, .adv_w = 263, .box_w = 17, .box_h = 18, .ofs_x = 0, .ofs_y = 0},
    {.bitmap_index = 2343, .adv_w = 263, .box_w = 13, .box_h = 18, .ofs_x = 2, .ofs_y = 0},
    {.bitmap_index = 2423, .adv_w = 268, .box_w = 15, .box_h = 18, .ofs_x = 1, .ofs_y = 0},
    {.bitmap_index = 2522, .adv_w = 296, .box_w = 16, .box_h = 18, .ofs_x = 2, .ofs_y = 0},
    {.bitmap_index = 2613, .adv_w = 243, .box_w = 12, .box_h = 18, .ofs_x = 2, .ofs_y = 0},
    {.bitmap_index = 2653, .adv_w = 221, .box_w = 11, .box_h = 18, .ofs_x = 2, .ofs_y = 0},
    {.bitmap_index = 2684, .adv_w = 298, .box_w = 16, .box_h = 18, .ofs_x = 1, .ofs_y = 0},
    {.bitmap_index = 2796, .adv_w = 289, .box_w = 14, .box_h = 18, .ofs_x = 2, .ofs_y = 0},
    {.bitmap_index = 2825, .adv_w = 113, .box_w = 3, .box_h = 18, .ofs_x = 2, .ofs_y = 0},
    {.bitmap_index = 2830, .adv_w = 113, .box_w = 7, .box_h = 23, .ofs_x = -2, .ofs_y = -5},
    {.bitmap_index = 2857, .adv_w = 252, .box_w = 15, .box_h = 18, .ofs_x = 2, .ofs_y = 0},
    {.bitmap_index = 2947, .adv_w = 214, .box_w = 12, .box_h = 18, .ofs_x = 2, .ofs_y = 0},
    {.bitmap_index = 2967, .adv_w = 331, .box_w = 17, .box_h = 18, .ofs_x = 2, .ofs_y = 0},
    {.bitmap_index = 3063, .adv_w = 287, .box_w = 14, .box_h = 18, .ofs_x = 2, .ofs_y = 0},
    {.bitmap_index = 3137, .adv_w = 302, .box_w = 17, .box_h = 18, .ofs_x = 1, .ofs_y = 0},
    {.bitmap_index = 3259, .adv_w = 232, .box_w = 12, .box_h = 18, .ofs_x = 2, .ofs_y = 0},
    {.bitmap_index = 3314, .adv_w = 302, .box_w = 17, .box_h = 21, .ofs_x = 1, .ofs_y = -3},
    {.bitmap_index = 3453, .adv_w = 267, .box_w = 14, .box_h = 18, .ofs_x = 2, .ofs_y = 0},
    {.bitmap_index = 3533, .adv_w = 244, .box_w = 13, .box_h = 18, .ofs_x = 1, .ofs_y = 0},
    {.bitmap_index = 3632, .adv_w = 235, .box_w = 16, .box_h = 18, .ofs_x = -1, .ofs_y = 0},
    {.bitmap_index = 3660, .adv_w = 281, .box_w = 14, .box_h = 18, .ofs_x = 2, .ofs_y = 0},
    {.bitmap_index = 3712, .adv_w = 263, .box_w = 17, .box_h = 18, .ofs_x = 0, .ofs_y = 0},
    {.bitmap_index = 3825, .adv_w = 380, .box_w = 23, .box_h = 18, .ofs_x = 0, .ofs_y = 0},
    {.bitmap_index = 4003, .adv_w = 263, .box_w = 16, .box_h = 18, .ofs_x = 0, .ofs_y = 0},
    {.bitmap_index = 4116, .adv_w = 235, .box_w = 16, .box_h = 18, .ofs_x = -1, .ofs_y = 0},
    {.bitmap_index = 4188, .adv_w = 263, .box_w = 15, .box_h = 18, .ofs_x = 1, .ofs_y = 0},
    {.bitmap_index = 4269, .adv_w = 150, .box_w = 6, .box_h = 22, .ofs_x = 2, .ofs_y = -3},
    {.bitmap_index = 4287, .adv_w = 129, .box_w = 9, .box_h = 21, .ofs_x = 0, .ofs_y = -3},
    {.bitmap_index = 4354, .adv_w = 150, .box_w = 6, .box_h = 22, .ofs_x = 2, .ofs_y = -3},
    {.bitmap_index = 4374, .adv_w = 322, .box_w = 16, .box_h = 7, .ofs_x = 2, .ofs_y = 11},
    {.bitmap_index = 4419, .adv_w = 192, .box_w = 14, .box_h = 2, .ofs_x = -1, .ofs_y = -6},
    {.bitmap_index = 4428, .adv_w = 192, .box_w = 6, .box_h = 5, .ofs_x = 2, .ofs_y = 15},
    {.bitmap_index = 4443, .adv_w = 235, .box_w = 12, .box_h = 14, .ofs_x = 1, .ofs_y = 0},
    {.bitmap_index = 4521, .adv_w = 244, .box_w = 12, .box_h = 19, .ofs_x = 2, .ofs_y = 0},
    {.bitmap_index = 4598, .adv_w = 211, .box_w = 11, .box_h = 14, .ofs_x = 1, .ofs_y = 0},
    {.bitmap_index = 4660, .adv_w = 244, .box_w = 13, .box_h = 19, .ofs_x = 1, .ofs_y = 0},
    {.bitmap_index = 4741, .adv_w = 236, .box_w = 13, .box_h = 14, .ofs_x = 1, .ofs_y = 0},
    {.bitmap_index = 4817, .adv_w = 135, .box_w = 9, .box_h = 19, .ofs_x = 0, .ofs_y = 0},
    {.bitmap_index = 4857, .adv_w = 244, .box_w = 13, .box_h = 19, .ofs_x = 1, .ofs_y = -5},
    {.bitmap_index = 4962, .adv_w = 243, .box_w = 12, .box_h = 19, .ofs_x = 2, .ofs_y = 0},
    {.bitmap_index = 5007, .adv_w = 107, .box_w = 3, .box_h = 19, .ofs_x = 2, .ofs_y = 0},
    {.bitmap_index = 5019, .adv_w = 107, .box_w = 6, .box_h = 24, .ofs_x = -1, .ofs_y = -5},
    {.bitmap_index = 5050, .adv_w = 222, .box_w = 12, .box_h = 19, .ofs_x = 2, .ofs_y = 0},
    {.bitmap_index = 5113, .adv_w = 107, .box_w = 3, .box_h = 19, .ofs_x = 2, .ofs_y = 0},
    {.bitmap_index = 5118, .adv_w = 374, .box_w = 20, .box_h = 14, .ofs_x = 2, .ofs_y = 0},
    {.bitmap_index = 5185, .adv_w = 243, .box_w = 12, .box_h = 14, .ofs_x = 2, .ofs_y = 0},
    {.bitmap_index = 5227, .adv_w = 235, .box_w = 13, .box_h = 14, .ofs_x = 1, .ofs_y = 0},
    {.bitmap_index = 5306, .adv_w = 244, .box_w = 12, .box_h = 19, .ofs_x = 2, .ofs_y = -5},
    {.bitmap_index = 5387, .adv_w = 244, .box_w = 13, .box_h = 19, .ofs_x = 1, .ofs_y = -5},
    {.bitmap_index = 5471, .adv_w = 158, .box_w = 8, .box_h = 14, .ofs_x = 2, .ofs_y = 0},
    {.bitmap_index = 5497, .adv_w = 200, .box_w = 11, .box_h = 14, .ofs_x = 1, .ofs_y = 0},
    {.bitmap_index = 5567, .adv_w = 151, .box_w = 9, .box_h = 18, .ofs_x = 0, .ofs_y = 0},
    {.bitmap_index = 5607, .adv_w = 243, .box_w = 12, .box_h = 14, .ofs_x = 2, .ofs_y = 0},
    {.bitmap_index = 5647, .adv_w = 227, .box_w = 14, .box_h = 14, .ofs_x = 0, .ofs_y = 0},
    {.bitmap_index = 5727, .adv_w = 314, .box_w = 18, .box_h = 14, .ofs_x = 1, .ofs_y = 0},
    {.bitmap_index = 5846, .adv_w = 227, .box_w = 14, .box_h = 14, .ofs_x = 0, .ofs_y = 0},
    {.bitmap_index = 5929, .adv_w = 227, .box_w = 14, .box_h = 19, .ofs_x = 0, .ofs_y = -5},
    {.bitmap_index = 6029, .adv_w = 202, .box_w = 11, .box_h = 14, .ofs_x = 1, .ofs_y = 0},
    {.bitmap_index = 6085, .adv_w = 244, .box_w = 10, .box_h = 23, .ofs_x = 3, .ofs_y = -4},
    {.bitmap_index = 6159, .adv_w = 129, .box_w = 3, .box_h = 25, .ofs_x = 3, .ofs_y = -6},
    {.bitmap_index = 6164, .adv_w = 244, .box_w = 10, .box_h = 23, .ofs_x = 3, .ofs_y = -4},
    {.bitmap_index = 6235, .adv_w = 322, .box_w = 16, .box_h = 6, .ofs_x = 2, .ofs_y = 5},
    {.bitmap_index = 6275, .adv_w = 122, .box_w = 0, .box_h = 0, .ofs_x = 0, .ofs_y = 0},
    {.bitmap_index = 6275, .adv_w = 154, .box_w = 3, .box_h = 19, .ofs_x = 3, .ofs_y = -5},
    {.bitmap_index = 6296, .adv_w = 244, .box_w = 11, .box_h = 22, .ofs_x = 2, .ofs_y = -4},
    {.bitmap_index = 6380, .adv_w = 244, .box_w = 13, .box_h = 18, .ofs_x = 1, .ofs_y = 0},
    {.bitmap_index = 6444, .adv_w = 244, .box_w = 14, .box_h = 14, .ofs_x = 1, .ofs_y = 1},
    {.bitmap_index = 6529, .adv_w = 244, .box_w = 15, .box_h = 18, .ofs_x = 0, .ofs_y = 0},
    {.bitmap_index = 6622, .adv_w = 129, .box_w = 3, .box_h = 22, .ofs_x = 3, .ofs_y = -4},
    {.bitmap_index = 6636, .adv_w = 192, .box_w = 10, .box_h = 21, .ofs_x = 1, .ofs_y = -3},
    {.bitmap_index = 6735, .adv_w = 192, .box_w = 8, .box_h = 3, .ofs_x = 2, .ofs_y = 16},
    {.bitmap_index = 6746, .adv_w = 384, .box_w = 18, .box_h = 20, .ofs_x = 3, .ofs_y = -1},
    {.bitmap_index = 6897, .adv_w = 181, .box_w = 9, .box_h = 12, .ofs_x = 1, .ofs_y = 5},
    {.bitmap_index = 6947, .adv_w = 235, .box_w = 12, .box_h = 12, .ofs_x = 1, .ofs_y = 1},
    {.bitmap_index = 7015, .adv_w = 322, .box_w = 16, .box_h = 8, .ofs_x = 2, .ofs_y = 3},
    {.bitmap_index = 7034, .adv_w = 139, .box_w = 7, .box_h = 2, .ofs_x = 1, .ofs_y = 6},
    {.bitmap_index = 7039, .adv_w = 384, .box_w = 18, .box_h = 20, .ofs_x = 3, .ofs_y = -1},
    {.bitmap_index = 7187, .adv_w = 192, .box_w = 8, .box_h = 2, .ofs_x = 2, .ofs_y = 17},
    {.bitmap_index = 7193, .adv_w = 192, .box_w = 8, .box_h = 8, .ofs_x = 2, .ofs_y = 11},
    {.bitmap_index = 7225, .adv_w = 322, .box_w = 16, .box_h = 16, .ofs_x = 2, .ofs_y = 0},
    {.bitmap_index = 7271, .adv_w = 154, .box_w = 8, .box_h = 9, .ofs_x = 1, .ofs_y = 8},
    {.bitmap_index = 7305, .adv_w = 154, .box_w = 8, .box_h = 9, .ofs_x = 1, .ofs_y = 8},
    {.bitmap_index = 7341, .adv_w = 192, .box_w = 6, .box_h = 5, .ofs_x = 4, .ofs_y = 15},
    {.bitmap_index = 7356, .adv_w = 244, .box_w = 13, .box_h = 19, .ofs_x = 2, .ofs_y = -5},
    {.bitmap_index = 7406, .adv_w = 244, .box_w = 12, .box_h = 21, .ofs_x = 1, .ofs_y = -3},
    {.bitmap_index = 7458, .adv_w = 122, .box_w = 4, .box_h = 4, .ofs_x = 2, .ofs_y = 7},
    {.bitmap_index = 7464, .adv_w = 192, .box_w = 6, .box_h = 5, .ofs_x = 3, .ofs_y = -5},
    {.bitmap_index = 7479, .adv_w = 154, .box_w = 8, .box_h = 9, .ofs_x = 1, .ofs_y = 8},
    {.bitmap_index = 7499, .adv_w = 181, .box_w = 10, .box_h = 12, .ofs_x = 1, .ofs_y = 5},
    {.bitmap_index = 7554, .adv_w = 235, .box_w = 11, .box_h = 12, .ofs_x = 2, .ofs_y = 1},
    {.bitmap_index = 7618, .adv_w = 372, .box_w = 22, .box_h = 19, .ofs_x = 1, .ofs_y = 0},
    {.bitmap_index = 7760, .adv_w = 372, .box_w = 21, .box_h = 20, .ofs_x = 1, .ofs_y = -1},
    {.bitmap_index = 7905, .adv_w = 372, .box_w = 22, .box_h = 20, .ofs_x = 1, .ofs_y = 0},
    {.bitmap_index = 8071, .adv_w = 204, .box_w = 11, .box_h = 19, .ofs_x = 1, .ofs_y = -5},
    {.bitmap_index = 8141, .adv_w = 263, .box_w = 17, .box_h = 23, .ofs_x = 0, .ofs_y = 0},
    {.bitmap_index = 8270, .adv_w = 263, .box_w = 17, .box_h = 23, .ofs_x = 0, .ofs_y = 0},
    {.bitmap_index = 8399, .adv_w = 263, .box_w = 17, .box_h = 23, .ofs_x = 0, .ofs_y = 0},
    {.bitmap_index = 8532, .adv_w = 263, .box_w = 17, .box_h = 24, .ofs_x = 0, .ofs_y = 0},
    {.bitmap_index = 8670, .adv_w = 263, .box_w = 17, .box_h = 23, .ofs_x = 0, .ofs_y = 0},
    {.bitmap_index = 8800, .adv_w = 263, .box_w = 17, .box_h = 23, .ofs_x = 0, .ofs_y = 0},
    {.bitmap_index = 8937, .adv_w = 374, .box_w = 22, .box_h = 18, .ofs_x = 0, .ofs_y = 0},
    {.bitmap_index = 9046, .adv_w = 268, .box_w = 15, .box_h = 23, .ofs_x = 1, .ofs_y = -5},
    {.bitmap_index = 9169, .adv_w = 243, .box_w = 12, .box_h = 23, .ofs_x = 2, .ofs_y = 0},
    {.bitmap_index = 9226, .adv_w = 243, .box_w = 12, .box_h = 23, .ofs_x = 2, .ofs_y = 0},
    {.bitmap_index = 9283, .adv_w = 243, .box_w = 12, .box_h = 23, .ofs_x = 2, .ofs_y = 0},
    {.bitmap_index = 9345, .adv_w = 243, .box_w = 12, .box_h = 23, .ofs_x = 2, .ofs_y = 0},
    {.bitmap_index = 9407, .adv_w = 113, .box_w = 6, .box_h = 23, .ofs_x = 0, .ofs_y = 0},
    {.bitmap_index = 9428, .adv_w = 113, .box_w = 6, .box_h = 23, .ofs_x = 1, .ofs_y = 0},
    {.bitmap_index = 9449, .adv_w = 113, .box_w = 9, .box_h = 23, .ofs_x = -1, .ofs_y = 0},
    {.bitmap_index = 9479, .adv_w = 113, .box_w = 8, .box_h = 23, .ofs_x = 0, .ofs_y = 0},
    {.bitmap_index = 9503, .adv_w = 298, .box_w = 18, .box_h = 18, .ofs_x = 0, .ofs_y = 0},
    {.bitmap_index = 9613, .adv_w = 287, .box_w = 14, .box_h = 24, .ofs_x = 2, .ofs_y = 0},
    {.bitmap_index = 9716, .adv_w = 302, .box_w = 17, .box_h = 24, .ofs_x = 1, .ofs_y = 0},
    {.bitmap_index = 9863, .adv_w = 302, .box_w = 17, .box_h = 24, .ofs_x = 1, .ofs_y = 0},
    {.bitmap_index = 10009, .adv_w = 302, .box_w = 17, .box_h = 24, .ofs_x = 1, .ofs_y = 0},
    {.bitmap_index = 10159, .adv_w = 302, .box_w = 17, .box_h = 24, .ofs_x = 1, .ofs_y = 0},
    {.bitmap_index = 10311, .adv_w = 302, .box_w = 17, .box_h = 23, .ofs_x = 1, .ofs_y = 0},
    {.bitmap_index = 10453, .adv_w = 322, .box_w = 14, .box_h = 15, .ofs_x = 3, .ofs_y = 0},
    {.bitmap_index = 10542, .adv_w = 302, .box_w = 17, .box_h = 20, .ofs_x = 1, .ofs_y = -1},
    {.bitmap_index = 10695, .adv_w = 281, .box_w = 14, .box_h = 24, .ofs_x = 2, .ofs_y = 0},
    {.bitmap_index = 10769, .adv_w = 281, .box_w = 14, .box_h = 24, .ofs_x = 2, .ofs_y = 0},
    {.bitmap_index = 10843, .adv_w = 281, .box_w = 14, .box_h = 24, .ofs_x = 2, .ofs_y = 0},
    {.bitmap_index = 10922, .adv_w = 281, .box_w = 14, .box_h = 23, .ofs_x = 2, .ofs_y = 0},
    {.bitmap_index = 10996, .adv_w = 235, .box_w = 16, .box_h = 23, .ofs_x = -1, .ofs_y = 0},
    {.bitmap_index = 11088, .adv_w = 232, .box_w = 12, .box_h = 18, .ofs_x = 2, .ofs_y = 0},
    {.bitmap_index = 11148, .adv_w = 242, .box_w = 13, .box_h = 19, .ofs_x = 2, .ofs_y = 0},
    {.bitmap_index = 11246, .adv_w = 235, .box_w = 12, .box_h = 21, .ofs_x = 1, .ofs_y = 0},
    {.bitmap_index = 11349, .adv_w = 235, .box_w = 12, .box_h = 21, .ofs_x = 1, .ofs_y = 0},
    {.bitmap_index = 11452, .adv_w = 235, .box_w = 12, .box_h = 21, .ofs_x = 1, .ofs_y = 0},
    {.bitmap_index = 11560, .adv_w = 235, .box_w = 12, .box_h = 19, .ofs_x = 1, .ofs_y = 0},
    {.bitmap_index = 11662, .adv_w = 235, .box_w = 12, .box_h = 19, .ofs_x = 1, .ofs_y = 0},
    {.bitmap_index = 11761, .adv_w = 235, .box_w = 12, .box_h = 23, .ofs_x = 1, .ofs_y = 0},
    {.bitmap_index = 11878, .adv_w = 377, .box_w = 22, .box_h = 14, .ofs_x = 1, .ofs_y = 0},
    {.bitmap_index = 12009, .adv_w = 211, .box_w = 11, .box_h = 19, .ofs_x = 1, .ofs_y = -5},
    {.bitmap_index = 12092, .adv_w = 236, .box_w = 13, .box_h = 21, .ofs_x = 1, .ofs_y = 0},
    {.bitmap_index = 12192, .adv_w = 236, .box_w = 13, .box_h = 21, .ofs_x = 1, .ofs_y = 0},
    {.bitmap_index = 12292, .adv_w = 236, .box_w = 13, .box_h = 21, .ofs_x = 1, .ofs_y = 0},
    {.bitmap_index = 12398, .adv_w = 236, .box_w = 13, .box_h = 19, .ofs_x = 1, .ofs_y = 0},
    {.bitmap_index = 12493, .adv_w = 107, .box_w = 6, .box_h = 20, .ofs_x = -1, .ofs_y = 0},
    {.bitmap_index = 12517, .adv_w = 107, .box_w = 7, .box_h = 20, .ofs_x = 1, .ofs_y = 0},
    {.bitmap_index = 12545, .adv_w = 107, .box_w = 9, .box_h = 20, .ofs_x = -1, .ofs_y = 0},
    {.bitmap_index = 12579, .adv_w = 107, .box_w = 8, .box_h = 19, .ofs_x = -1, .ofs_y = 0},
    {.bitmap_index = 12604, .adv_w = 235, .box_w = 13, .box_h = 19, .ofs_x = 1, .ofs_y = 0},
    {.bitmap_index = 12713, .adv_w = 243, .box_w = 12, .box_h = 19, .ofs_x = 2, .ofs_y = 0},
    {.bitmap_index = 12779, .adv_w = 235, .box_w = 13, .box_h = 21, .ofs_x = 1, .ofs_y = 0},
    {.bitmap_index = 12882, .adv_w = 235, .box_w = 13, .box_h = 21, .ofs_x = 1, .ofs_y = 0},
    {.bitmap_index = 12984, .adv_w = 235, .box_w = 13, .box_h = 21, .ofs_x = 1, .ofs_y = 0},
    {.bitmap_index = 13092, .adv_w = 235, .box_w = 13, .box_h = 19, .ofs_x = 1, .ofs_y = 0},
    {.bitmap_index = 13195, .adv_w = 235, .box_w = 13, .box_h = 19, .ofs_x = 1, .ofs_y = 0},
    {.bitmap_index = 13293, .adv_w = 322, .box_w = 16, .box_h = 12, .ofs_x = 2, .ofs_y = 2},
    {.bitmap_index = 13328, .adv_w = 235, .box_w = 14, .box_h = 16, .ofs_x = 0, .ofs_y = -1},
    {.bitmap_index = 13436, .adv_w = 243, .box_w = 12, .box_h = 21, .ofs_x = 2, .ofs_y = 0},
    {.bitmap_index = 13500, .adv_w = 243, .box_w = 12, .box_h = 21, .ofs_x = 2, .ofs_y = 0},
    {.bitmap_index = 13564, .adv_w = 243, .box_w = 12, .box_h = 21, .ofs_x = 2, .ofs_y = 0},
    {.bitmap_index = 13633, .adv_w = 243, .box_w = 12, .box_h = 19, .ofs_x = 2, .ofs_y = 0},
    {.bitmap_index = 13692, .adv_w = 227, .box_w = 14, .box_h = 25, .ofs_x = 0, .ofs_y = -5},
    {.bitmap_index = 13817, .adv_w = 244, .box_w = 12, .box_h = 24, .ofs_x = 2, .ofs_y = -5},
    {.bitmap_index = 13901, .adv_w = 227, .box_w = 14, .box_h = 24, .ofs_x = 0, .ofs_y = -5},
    {.bitmap_index = 14023, .adv_w = 263, .box_w = 17, .box_h = 23, .ofs_x = 0, .ofs_y = 0},
    {.bitmap_index = 14147, .adv_w = 235, .box_w = 12, .box_h = 19, .ofs_x = 1, .ofs_y = 0},
    {.bitmap_index = 14239, .adv_w = 263, .box_w = 17, .box_h = 24, .ofs_x = 0, .ofs_y = 0},
    {.bitmap_index = 14377, .adv_w = 235, .box_w = 12, .box_h = 19, .ofs_x = 1, .ofs_y = 0},
    {.bitmap_index = 14478, .adv_w = 263, .box_w = 17, .box_h = 23, .ofs_x = 0, .ofs_y = -5},
    {.bitmap_index = 14613, .adv_w = 235, .box_w = 13, .box_h = 19, .ofs_x = 1, .ofs_y = -5},
    {.bitmap_index = 14717, .adv_w = 268, .box_w = 15, .box_h = 24, .ofs_x = 1, .ofs_y = 0},
    {.bitmap_index = 14837, .adv_w = 211, .box_w = 11, .box_h = 21, .ofs_x = 1, .ofs_y = 0},
    {.bitmap_index = 14922, .adv_w = 268, .box_w = 15, .box_h = 24, .ofs_x = 1, .ofs_y = 0},
    {.bitmap_index = 15048, .adv_w = 211, .box_w = 11, .box_h = 21, .ofs_x = 1, .ofs_y = 0},
    {.bitmap_index = 15139, .adv_w = 268, .box_w = 15, .box_h = 23, .ofs_x = 1, .ofs_y = 0},
    {.bitmap_index = 15252, .adv_w = 211, .box_w = 11, .box_h = 19, .ofs_x = 1, .ofs_y = 0},
    {.bitmap_index = 15327, .adv_w = 268, .box_w = 15, .box_h = 24, .ofs_x = 1, .ofs_y = 0},
    {.bitmap_index = 15451, .adv_w = 211, .box_w = 11, .box_h = 21, .ofs_x = 1, .ofs_y = 0},
    {.bitmap_index = 15541, .adv_w = 296, .box_w = 16, .box_h = 23, .ofs_x = 2, .ofs_y = 0},
    {.bitmap_index = 15656, .adv_w = 244, .box_w = 17, .box_h = 19, .ofs_x = 1, .ofs_y = 0},
    {.bitmap_index = 15765, .adv_w = 298, .box_w = 18, .box_h = 18, .ofs_x = 0, .ofs_y = 0},
    {.bitmap_index = 15875, .adv_w = 244, .box_w = 14, .box_h = 19, .ofs_x = 1, .ofs_y = 0},
    {.bitmap_index = 15975, .adv_w = 243, .box_w = 12, .box_h = 23, .ofs_x = 2, .ofs_y = 0},
    {.bitmap_index = 16030, .adv_w = 236, .box_w = 13, .box_h = 19, .ofs_x = 1, .ofs_y = 0},
    {.bitmap_index = 16120, .adv_w = 243, .box_w = 12, .box_h = 23, .ofs_x = 2, .ofs_y = 0},
    {.bitmap_index = 16183, .adv_w = 236, .box_w = 13, .box_h = 20, .ofs_x = 1, .ofs_y = 0},
    {.bitmap_index = 16286, .adv_w = 243, .box_w = 12, .box_h = 23, .ofs_x = 2, .ofs_y = 0},
    {.bitmap_index = 16340, .adv_w = 236, .box_w = 13, .box_h = 19, .ofs_x = 1, .ofs_y = 0},
    {.bitmap_index = 16429, .adv_w = 243, .box_w = 12, .box_h = 23, .ofs_x = 2, .ofs_y = -5},
    {.bitmap_index = 16489, .adv_w = 236, .box_w = 13, .box_h = 19, .ofs_x = 1, .ofs_y = -5},
    {.bitmap_index = 16587, .adv_w = 243, .box_w = 12, .box_h = 23, .ofs_x = 2, .ofs_y = 0},
    {.bitmap_index = 16649, .adv_w = 236, .box_w = 13, .box_h = 21, .ofs_x = 1, .ofs_y = 0},
    {.bitmap_index = 16757, .adv_w = 298, .box_w = 16, .box_h = 24, .ofs_x = 1, .ofs_y = 0},
    {.bitmap_index = 16897, .adv_w = 244, .box_w = 13, .box_h = 25, .ofs_x = 1, .ofs_y = -5},
    {.bitmap_index = 17031, .adv_w = 298, .box_w = 16, .box_h = 24, .ofs_x = 1, .ofs_y = 0},
    {.bitmap_index = 17172, .adv_w = 244, .box_w = 13, .box_h = 25, .ofs_x = 1, .ofs_y = -5},
    {.bitmap_index = 17304, .adv_w = 298, .box_w = 16, .box_h = 23, .ofs_x = 1, .ofs_y = 0},
    {.bitmap_index = 17431, .adv_w = 244, .box_w = 13, .box_h = 24, .ofs_x = 1, .ofs_y = -5},
    {.bitmap_index = 17549, .adv_w = 298, .box_w = 16, .box_h = 24, .ofs_x = 1, .ofs_y = -6},
    {.bitmap_index = 17688, .adv_w = 244, .box_w = 13, .box_h = 24, .ofs_x = 1, .ofs_y = -5},
    {.bitmap_index = 17811, .adv_w = 289, .box_w = 14, .box_h = 23, .ofs_x = 2, .ofs_y = 0},
    {.bitmap_index = 17864, .adv_w = 243, .box_w = 15, .box_h = 23, .ofs_x = -1, .ofs_y = 0},
    {.bitmap_index = 17933, .adv_w = 352, .box_w = 18, .box_h = 18, .ofs_x = 2, .ofs_y = 0},
    {.bitmap_index = 17982, .adv_w = 267, .box_w = 13, .box_h = 19, .ofs_x = 1, .ofs_y = 0},
    {.bitmap_index = 18041, .adv_w = 113, .box_w = 9, .box_h = 24, .ofs_x = -1, .ofs_y = 0},
    {.bitmap_index = 18074, .adv_w = 107, .box_w = 9, .box_h = 19, .ofs_x = -1, .ofs_y = 0},
    {.bitmap_index = 18103, .adv_w = 113, .box_w = 8, .box_h = 23, .ofs_x = 0, .ofs_y = 0},
    {.bitmap_index = 18121, .adv_w = 107, .box_w = 8, .box_h = 19, .ofs_x = -1, .ofs_y = 0},
    {.bitmap_index = 18140, .adv_w = 113, .box_w = 9, .box_h = 23, .ofs_x = -1, .ofs_y = 0},
    {.bitmap_index = 18170, .adv_w = 107, .box_w = 9, .box_h = 20, .ofs_x = -1, .ofs_y = 0},
    {.bitmap_index = 18202, .adv_w = 113, .box_w = 5, .box_h = 23, .ofs_x = 2, .ofs_y = -5},
    {.bitmap_index = 18223, .adv_w = 107, .box_w = 6, .box_h = 24, .ofs_x = 1, .ofs_y = -5},
    {.bitmap_index = 18254, .adv_w = 113, .box_w = 3, .box_h = 23, .ofs_x = 2, .ofs_y = 0},
    {.bitmap_index = 18266, .adv_w = 107, .box_w = 3, .box_h = 14, .ofs_x = 2, .ofs_y = 0},
    {.bitmap_index = 18271, .adv_w = 227, .box_w = 10, .box_h = 23, .ofs_x = 2, .ofs_y = -5},
    {.bitmap_index = 18306, .adv_w = 213, .box_w = 10, .box_h = 24, .ofs_x = 2, .ofs_y = -5},
    {.bitmap_index = 18354, .adv_w = 113, .box_w = 10, .box_h = 28, .ofs_x = -2, .ofs_y = -5},
    {.bitmap_index = 18407, .adv_w = 107, .box_w = 9, .box_h = 25, .ofs_x = -1, .ofs_y = -5},
    {.bitmap_index = 18458, .adv_w = 252, .box_w = 15, .box_h = 24, .ofs_x = 2, .ofs_y = -6},
    {.bitmap_index = 18572, .adv_w = 222, .box_w = 12, .box_h = 25, .ofs_x = 2, .ofs_y = -6},
    {.bitmap_index = 18657, .adv_w = 222, .box_w = 12, .box_h = 14, .ofs_x = 2, .ofs_y = 0},
    {.bitmap_index = 18718, .adv_w = 214, .box_w = 12, .box_h = 23, .ofs_x = 2, .ofs_y = 0},
    {.bitmap_index = 18755, .adv_w = 107, .box_w = 5, .box_h = 23, .ofs_x = 2, .ofs_y = 0},
    {.bitmap_index = 18773, .adv_w = 214, .box_w = 12, .box_h = 24, .ofs_x = 2, .ofs_y = -6},
    {.bitmap_index = 18814, .adv_w = 107, .box_w = 5, .box_h = 25, .ofs_x = 1, .ofs_y = -6},
    {.bitmap_index = 18836, .adv_w = 214, .box_w = 12, .box_h = 18, .ofs_x = 2, .ofs_y = 0},
    {.bitmap_index = 18874, .adv_w = 144, .box_w = 7, .box_h = 19, .ofs_x = 2, .ofs_y = 0},
    {.bitmap_index = 18898, .adv_w = 214, .box_w = 12, .box_h = 18, .ofs_x = 2, .ofs_y = 0},
    {.bitmap_index = 18925, .adv_w = 131, .box_w = 6, .box_h = 19, .ofs_x = 2, .ofs_y = 0},
    {.bitmap_index = 18942, .adv_w = 216, .box_w = 15, .box_h = 18, .ofs_x = -1, .ofs_y = 0},
    {.bitmap_index = 18998, .adv_w = 109, .box_w = 7, .box_h = 19, .ofs_x = 0, .ofs_y = 0},
    {.bitmap_index = 19025, .adv_w = 287, .box_w = 14, .box_h = 23, .ofs_x = 2, .ofs_y = 0},
    {.bitmap_index = 19117, .adv_w = 243, .box_w = 12, .box_h = 20, .ofs_x = 2, .ofs_y = 0},
    {.bitmap_index = 19182, .adv_w = 287, .box_w = 14, .box_h = 24, .ofs_x = 2, .ofs_y = -6},
    {.bitmap_index = 19279, .adv_w = 243, .box_w = 12, .box_h = 20, .ofs_x = 2, .ofs_y = -6},
    {.bitmap_index = 19343, .adv_w = 287, .box_w = 14, .box_h = 23, .ofs_x = 2, .ofs_y = 0},
    {.bitmap_index = 19440, .adv_w = 243, .box_w = 12, .box_h = 20, .ofs_x = 2, .ofs_y = 0},
    {.bitmap_index = 19510, .adv_w = 312, .box_w = 16, .box_h = 18, .ofs_x = 2, .ofs_y = 0},
    {.bitmap_index = 19575, .adv_w = 287, .box_w = 14, .box_h = 23, .ofs_x = 2, .ofs_y = -5},
    {.bitmap_index = 19651, .adv_w = 243, .box_w = 12, .box_h = 19, .ofs_x = 2, .ofs_y = -5},
    {.bitmap_index = 19714, .adv_w = 302, .box_w = 17, .box_h = 23, .ofs_x = 1, .ofs_y = 0},
    {.bitmap_index = 19850, .adv_w = 235, .box_w = 13, .box_h = 19, .ofs_x = 1, .ofs_y = 0},
    {.bitmap_index = 19942, .adv_w = 302, .box_w = 17, .box_h = 24, .ofs_x = 1, .ofs_y = 0},
    {.bitmap_index = 20093, .adv_w = 235, .box_w = 13, .box_h = 20, .ofs_x = 1, .ofs_y = 0},
    {.bitmap_index = 20199, .adv_w = 302, .box_w = 17, .box_h = 24, .ofs_x = 1, .ofs_y = 0},
    {.bitmap_index = 20352, .adv_w = 235, .box_w = 13, .box_h = 21, .ofs_x = 1, .ofs_y = 0},
    {.bitmap_index = 20463, .adv_w = 411, .box_w = 24, .box_h = 18, .ofs_x = 1, .ofs_y = 0},
    {.bitmap_index = 20587, .adv_w = 393, .box_w = 23, .box_h = 14, .ofs_x = 1, .ofs_y = 0},
    {.bitmap_index = 20721, .adv_w = 267, .box_w = 14, .box_h = 23, .ofs_x = 2, .ofs_y = 0},
    {.bitmap_index = 20819, .adv_w = 158, .box_w = 9, .box_h = 20, .ofs_x = 2, .ofs_y = 0},
    {.bitmap_index = 20867, .adv_w = 267, .box_w = 14, .box_h = 24, .ofs_x = 2, .ofs_y = -6},
    {.bitmap_index = 20969, .adv_w = 158, .box_w = 9, .box_h = 20, .ofs_x = 1, .ofs_y = -6},
    {.bitmap_index = 21013, .adv_w = 267, .box_w = 14, .box_h = 23, .ofs_x = 2, .ofs_y = 0},
    {.bitmap_index = 21114, .adv_w = 158, .box_w = 9, .box_h = 20, .ofs_x = 2, .ofs_y = 0},
    {.bitmap_index = 21165, .adv_w = 244, .box_w = 13, .box_h = 24, .ofs_x = 1, .ofs_y = 0},
    {.bitmap_index = 21284, .adv_w = 200, .box_w = 11, .box_h = 21, .ofs_x = 1, .ofs_y = 0},
    {.bitmap_index = 21377, .adv_w = 244, .box_w = 13, .box_h = 24, .ofs_x = 1, .ofs_y = 0},
    {.bitmap_index = 21500, .adv_w = 200, .box_w = 11, .box_h = 21, .ofs_x = 1, .ofs_y = 0},
    {.bitmap_index = 21598, .adv_w = 244, .box_w = 13, .box_h = 23, .ofs_x = 1, .ofs_y = -5},
    {.bitmap_index = 21719, .adv_w = 200, .box_w = 11, .box_h = 19, .ofs_x = 1, .ofs_y = -5},
    {.bitmap_index = 21810, .adv_w = 244, .box_w = 13, .box_h = 24, .ofs_x = 1, .ofs_y = 0},
    {.bitmap_index = 21933, .adv_w = 200, .box_w = 11, .box_h = 21, .ofs_x = 1, .ofs_y = 0},
    {.bitmap_index = 22031, .adv_w = 235, .box_w = 16, .box_h = 23, .ofs_x = -1, .ofs_y = -5},
    {.bitmap_index = 22082, .adv_w = 151, .box_w = 9, .box_h = 23, .ofs_x = 0, .ofs_y = -5},
    {.bitmap_index = 22140, .adv_w = 235, .box_w = 16, .box_h = 23, .ofs_x = -1, .ofs_y = 0},
    {.bitmap_index = 22191, .adv_w = 151, .box_w = 9, .box_h = 21, .ofs_x = 0, .ofs_y = 0},
    {.bitmap_index = 22246, .adv_w = 235, .box_w = 16, .box_h = 18, .ofs_x = -1, .ofs_y = 0},
    {.bitmap_index = 22291, .adv_w = 151, .box_w = 9, .box_h = 18, .ofs_x = 0, .ofs_y = 0},
    {.bitmap_index = 22345, .adv_w = 281, .box_w = 14, .box_h = 24, .ofs_x = 2, .ofs_y = 0},
    {.bitmap_index = 22427, .adv_w = 243, .box_w = 12, .box_h = 19, .ofs_x = 2, .ofs_y = 0},
    {.bitmap_index = 22492, .adv_w = 281, .box_w = 14, .box_h = 23, .ofs_x = 2, .ofs_y = 0},
    {.bitmap_index = 22559, .adv_w = 243, .box_w = 12, .box_h = 19, .ofs_x = 2, .ofs_y = 0},
    {.bitmap_index = 22612, .adv_w = 281, .box_w = 14, .box_h = 24, .ofs_x = 2, .ofs_y = 0},
    {.bitmap_index = 22692, .adv_w = 243, .box_w = 12, .box_h = 20, .ofs_x = 2, .ofs_y = 0},
    {.bitmap_index = 22759, .adv_w = 281, .box_w = 14, .box_h = 24, .ofs_x = 2, .ofs_y = 0},
    {.bitmap_index = 22851, .adv_w = 243, .box_w = 12, .box_h = 22, .ofs_x = 2, .ofs_y = 0},
    {.bitmap_index = 22928, .adv_w = 281, .box_w = 14, .box_h = 24, .ofs_x = 2, .ofs_y = 0},
    {.bitmap_index = 23010, .adv_w = 243, .box_w = 12, .box_h = 21, .ofs_x = 2, .ofs_y = 0},
    {.bitmap_index = 23082, .adv_w = 281, .box_w = 14, .box_h = 23, .ofs_x = 2, .ofs_y = -5},
    {.bitmap_index = 23156, .adv_w = 243, .box_w = 13, .box_h = 19, .ofs_x = 2, .ofs_y = -5},
    {.bitmap_index = 23218, .adv_w = 380, .box_w = 23, .box_h = 24, .ofs_x = 0, .ofs_y = 0},
    {.bitmap_index = 23429, .adv_w = 314, .box_w = 18, .box_h = 20, .ofs_x = 1, .ofs_y = 0},
    {.bitmap_index = 23583, .adv_w = 235, .box_w = 16, .box_h = 24, .ofs_x = -1, .ofs_y = 0},
    {.bitmap_index = 23683, .adv_w = 227, .box_w = 14, .box_h = 26, .ofs_x = 0, .ofs_y = -5},
    {.bitmap_index = 23818, .adv_w = 235, .box_w = 16, .box_h = 23, .ofs_x = -1, .ofs_y = 0},
    {.bitmap_index = 23911, .adv_w = 263, .box_w = 15, .box_h = 23, .ofs_x = 1, .ofs_y = 0},
    {.bitmap_index = 24011, .adv_w = 202, .box_w = 11, .box_h = 20, .ofs_x = 1, .ofs_y = 0},
    {.bitmap_index = 24090, .adv_w = 263, .box_w = 15, .box_h = 23, .ofs_x = 1, .ofs_y = 0},
    {.bitmap_index = 24187, .adv_w = 202, .box_w = 11, .box_h = 19, .ofs_x = 1, .ofs_y = 0},
    {.bitmap_index = 24257, .adv_w = 263, .box_w = 15, .box_h = 23, .ofs_x = 1, .ofs_y = 0},
    {.bitmap_index = 24361, .adv_w = 202, .box_w = 11, .box_h = 20, .ofs_x = 1, .ofs_y = 0},
    {.bitmap_index = 24444, .adv_w = 135, .box_w = 9, .box_h = 19, .ofs_x = 0, .ofs_y = 0},
    {.bitmap_index = 24479, .adv_w = 192, .box_w = 6, .box_h = 5, .ofs_x = 4, .ofs_y = 15},
    {.bitmap_index = 24494, .adv_w = 192, .box_w = 8, .box_h = 8, .ofs_x = 2, .ofs_y = 16},
    {.bitmap_index = 24522, .adv_w = 266, .box_w = 17, .box_h = 20, .ofs_x = 0, .ofs_y = 0},
    {.bitmap_index = 24648, .adv_w = 122, .box_w = 4, .box_h = 4, .ofs_x = 2, .ofs_y = 7},
    {.bitmap_index = 24654, .adv_w = 287, .box_w = 18, .box_h = 20, .ofs_x = -1, .ofs_y = 0},
    {.bitmap_index = 24720, .adv_w = 335, .box_w = 20, .box_h = 20, .ofs_x = -1, .ofs_y = 0},
    {.bitmap_index = 24775, .adv_w = 157, .box_w = 9, .box_h = 20, .ofs_x = -1, .ofs_y = 0},
    {.bitmap_index = 24802, .adv_w = 312, .box_w = 20, .box_h = 21, .ofs_x = -1, .ofs_y = 0},
    {.bitmap_index = 24956, .adv_w = 317, .box_w = 21, .box_h = 20, .ofs_x = -1, .ofs_y = 0},
    {.bitmap_index = 25055, .adv_w = 317, .box_w = 20, .box_h = 20, .ofs_x = -1, .ofs_y = 0},
    {.bitmap_index = 25206, .adv_w = 130, .box_w = 8, .box_h = 25, .ofs_x = 0, .ofs_y = 0},
    {.bitmap_index = 25265, .adv_w = 263, .box_w = 17, .box_h = 18, .ofs_x = 0, .ofs_y = 0},
    {.bitmap_index = 25374, .adv_w = 263, .box_w = 13, .box_h = 18, .ofs_x = 2, .ofs_y = 0},
    {.bitmap_index = 25454, .adv_w = 214, .box_w = 12, .box_h = 18, .ofs_x = 2, .ofs_y = 0},
    {.bitmap_index = 25476, .adv_w = 263, .box_w = 17, .box_h = 18, .ofs_x = 0, .ofs_y = 0},
    {.bitmap_index = 25585, .adv_w = 243, .box_w = 12, .box_h = 18, .ofs_x = 2, .ofs_y = 0},
    {.bitmap_index = 25625, .adv_w = 263, .box_w = 15, .box_h = 18, .ofs_x = 1, .ofs_y = 0},
    {.bitmap_index = 25706, .adv_w = 289, .box_w = 14, .box_h = 18, .ofs_x = 2, .ofs_y = 0},
    {.bitmap_index = 25735, .adv_w = 302, .box_w = 17, .box_h = 18, .ofs_x = 1, .ofs_y = 0},
    {.bitmap_index = 25860, .adv_w = 113, .box_w = 3, .box_h = 18, .ofs_x = 2, .ofs_y = 0},
    {.bitmap_index = 25865, .adv_w = 252, .box_w = 15, .box_h = 18, .ofs_x = 2, .ofs_y = 0},
    {.bitmap_index = 25955, .adv_w = 263, .box_w = 17, .box_h = 18, .ofs_x = 0, .ofs_y = 0},
    {.bitmap_index = 26066, .adv_w = 331, .box_w = 17, .box_h = 18, .ofs_x = 2, .ofs_y = 0},
    {.bitmap_index = 26162, .adv_w = 287, .box_w = 14, .box_h = 18, .ofs_x = 2, .ofs_y = 0},
    {.bitmap_index = 26236, .adv_w = 243, .box_w = 12, .box_h = 18, .ofs_x = 2, .ofs_y = 0},
    {.bitmap_index = 26275, .adv_w = 302, .box_w = 17, .box_h = 18, .ofs_x = 1, .ofs_y = 0},
    {.bitmap_index = 26397, .adv_w = 289, .box_w = 14, .box_h = 18, .ofs_x = 2, .ofs_y = 0},
    {.bitmap_index = 26420, .adv_w = 232, .box_w = 12, .box_h = 18, .ofs_x = 2, .ofs_y = 0},
    {.bitmap_index = 26475, .adv_w = 243, .box_w = 12, .box_h = 18, .ofs_x = 2, .ofs_y = 0},
    {.bitmap_index = 26548, .adv_w = 235, .box_w = 16, .box_h = 18, .ofs_x = -1, .ofs_y = 0},
    {.bitmap_index = 26576, .adv_w = 235, .box_w = 16, .box_h = 18, .ofs_x = -1, .ofs_y = 0},
    {.bitmap_index = 26648, .adv_w = 302, .box_w = 17, .box_h = 18, .ofs_x = 1, .ofs_y = 0},
    {.bitmap_index = 26759, .adv_w = 263, .box_w = 16, .box_h = 18, .ofs_x = 0, .ofs_y = 0},
    {.bitmap_index = 26872, .adv_w = 302, .box_w = 17, .box_h = 18, .ofs_x = 1, .ofs_y = 0},
    {.bitmap_index = 26955, .adv_w = 293, .box_w = 18, .box_h = 18, .ofs_x = 0, .ofs_y = 0},
    {.bitmap_index = 27084, .adv_w = 113, .box_w = 8, .box_h = 23, .ofs_x = 0, .ofs_y = 0},
    {.bitmap_index = 27108, .adv_w = 235, .box_w = 16, .box_h = 23, .ofs_x = -1, .ofs_y = 0},
    {.bitmap_index = 27201, .adv_w = 253, .box_w = 14, .box_h = 21, .ofs_x = 1, .ofs_y = 0},
    {.bitmap_index = 27321, .adv_w = 208, .box_w = 11, .box_h = 21, .ofs_x = 1, .ofs_y = 0},
    {.bitmap_index = 27414, .adv_w = 243, .box_w = 12, .box_h = 25, .ofs_x = 2, .ofs_y = -5},
    {.bitmap_index = 27484, .adv_w = 130, .box_w = 7, .box_h = 20, .ofs_x = 1, .ofs_y = 0},
    {.bitmap_index = 27521, .adv_w = 222, .box_w = 12, .box_h = 25, .ofs_x = 1, .ofs_y = 0},
    {.bitmap_index = 27626, .adv_w = 253, .box_w = 14, .box_h = 14, .ofs_x = 1, .ofs_y = 0},
    {.bitmap_index = 27718, .adv_w = 245, .box_w = 12, .box_h = 24, .ofs_x = 2, .ofs_y = -5},
    {.bitmap_index = 27821, .adv_w = 227, .box_w = 14, .box_h = 19, .ofs_x = 0, .ofs_y = -5},
    {.bitmap_index = 27905, .adv_w = 235, .box_w = 13, .box_h = 18, .ofs_x = 1, .ofs_y = 0},
    {.bitmap_index = 28009, .adv_w = 208, .box_w = 11, .box_h = 14, .ofs_x = 1, .ofs_y = 0},
    {.bitmap_index = 28078, .adv_w = 209, .box_w = 11, .box_h = 24, .ofs_x = 1, .ofs_y = -5},
    {.bitmap_index = 28172, .adv_w = 243, .box_w = 12, .box_h = 19, .ofs_x = 2, .ofs_y = -5},
    {.bitmap_index = 28219, .adv_w = 235, .box_w = 13, .box_h = 19, .ofs_x = 1, .ofs_y = 0},
    {.bitmap_index = 28323, .adv_w = 130, .box_w = 7, .box_h = 14, .ofs_x = 1, .ofs_y = 0},
    {.bitmap_index = 28341, .adv_w = 226, .box_w = 12, .box_h = 14, .ofs_x = 2, .ofs_y = 0},
    {.bitmap_index = 28402, .adv_w = 227, .box_w = 14, .box_h = 19, .ofs_x = 0, .ofs_y = 0},
    {.bitmap_index = 28501, .adv_w = 244, .box_w = 13, .box_h = 19, .ofs_x = 2, .ofs_y = -5},
    {.bitmap_index = 28551, .adv_w = 215, .box_w = 13, .box_h = 14, .ofs_x = 0, .ofs_y = 0},
    {.bitmap_index = 28631, .adv_w = 214, .box_w = 12, .box_h = 24, .ofs_x = 1, .ofs_y = -5},
    {.bitmap_index = 28737, .adv_w = 235, .box_w = 13, .box_h = 14, .ofs_x = 1, .ofs_y = 0},
    {.bitmap_index = 28816, .adv_w = 231, .box_w = 14, .box_h = 14, .ofs_x = 0, .ofs_y = 0},
    {.bitmap_index = 28854, .adv_w = 244, .box_w = 12, .box_h = 19, .ofs_x = 2, .ofs_y = -5},
    {.bitmap_index = 28936, .adv_w = 225, .box_w = 11, .box_h = 19, .ofs_x = 1, .ofs_y = -5},
    {.bitmap_index = 29016, .adv_w = 243, .box_w = 14, .box_h = 14, .ofs_x = 1, .ofs_y = 0},
    {.bitmap_index = 29099, .adv_w = 231, .box_w = 13, .box_h = 14, .ofs_x = 1, .ofs_y = 0},
    {.bitmap_index = 29138, .adv_w = 222, .box_w = 12, .box_h = 14, .ofs_x = 1, .ofs_y = 0},
    {.bitmap_index = 29200, .adv_w = 253, .box_w = 14, .box_h = 19, .ofs_x = 1, .ofs_y = -5},
    {.bitmap_index = 29291, .adv_w = 222, .box_w = 14, .box_h = 19, .ofs_x = 0, .ofs_y = -5},
    {.bitmap_index = 29398, .adv_w = 253, .box_w = 14, .box_h = 19, .ofs_x = 1, .ofs_y = -5},
    {.bitmap_index = 29455, .adv_w = 322, .box_w = 18, .box_h = 14, .ofs_x = 1, .ofs_y = 0},
    {.bitmap_index = 29563, .adv_w = 130, .box_w = 8, .box_h = 19, .ofs_x = 0, .ofs_y = 0},
    {.bitmap_index = 29601, .adv_w = 222, .box_w = 12, .box_h = 19, .ofs_x = 1, .ofs_y = 0},
    {.bitmap_index = 29683, .adv_w = 235, .box_w = 13, .box_h = 21, .ofs_x = 1, .ofs_y = 0},
    {.bitmap_index = 29786, .adv_w = 222, .box_w = 12, .box_h = 21, .ofs_x = 1, .ofs_y = 0},
    {.bitmap_index = 29873, .adv_w = 322, .box_w = 18, .box_h = 21, .ofs_x = 1, .ofs_y = 0},
    {.bitmap_index = 30012, .adv_w = 243, .box_w = 12, .box_h = 23, .ofs_x = 2, .ofs_y = 0},
    {.bitmap_index = 30070, .adv_w = 243, .box_w = 12, .box_h = 23, .ofs_x = 2, .ofs_y = 0},
    {.bitmap_index = 30131, .adv_w = 302, .box_w = 19, .box_h = 23, .ofs_x = -1, .ofs_y = -5},
    {.bitmap_index = 30219, .adv_w = 234, .box_w = 12, .box_h = 23, .ofs_x = 2, .ofs_y = 0},
    {.bitmap_index = 30258, .adv_w = 268, .box_w = 15, .box_h = 18, .ofs_x = 1, .ofs_y = 0},
    {.bitmap_index = 30360, .adv_w = 244, .box_w = 13, .box_h = 18, .ofs_x = 1, .ofs_y = 0},
    {.bitmap_index = 30459, .adv_w = 113, .box_w = 3, .box_h = 18, .ofs_x = 2, .ofs_y = 0},
    {.bitmap_index = 30464, .adv_w = 113, .box_w = 8, .box_h = 23, .ofs_x = 0, .ofs_y = 0},
    {.bitmap_index = 30488, .adv_w = 113, .box_w = 7, .box_h = 23, .ofs_x = -2, .ofs_y = -5},
    {.bitmap_index = 30515, .adv_w = 420, .box_w = 25, .box_h = 18, .ofs_x = 0, .ofs_y = 0},
    {.bitmap_index = 30636, .adv_w = 401, .box_w = 22, .box_h = 18, .ofs_x = 2, .ofs_y = 0},
    {.bitmap_index = 30718, .adv_w = 302, .box_w = 19, .box_h = 18, .ofs_x = -1, .ofs_y = 0},
    {.bitmap_index = 30778, .adv_w = 273, .box_w = 15, .box_h = 23, .ofs_x = 2, .ofs_y = 0},
    {.bitmap_index = 30889, .adv_w = 287, .box_w = 14, .box_h = 23, .ofs_x = 2, .ofs_y = 0},
    {.bitmap_index = 30983, .adv_w = 234, .box_w = 15, .box_h = 23, .ofs_x = 0, .ofs_y = 0},
    {.bitmap_index = 31109, .adv_w = 289, .box_w = 14, .box_h = 22, .ofs_x = 2, .ofs_y = -4},
    {.bitmap_index = 31141, .adv_w = 263, .box_w = 17, .box_h = 18, .ofs_x = 0, .ofs_y = 0},
    {.bitmap_index = 31250, .adv_w = 263, .box_w = 13, .box_h = 18, .ofs_x = 2, .ofs_y = 0},
    {.bitmap_index = 31312, .adv_w = 263, .box_w = 13, .box_h = 18, .ofs_x = 2, .ofs_y = 0},
    {.bitmap_index = 31392, .adv_w = 234, .box_w = 12, .box_h = 18, .ofs_x = 2, .ofs_y = 0},
    {.bitmap_index = 31414, .adv_w = 300, .box_w = 17, .box_h = 22, .ofs_x = 1, .ofs_y = -4},
    {.bitmap_index = 31504, .adv_w = 243, .box_w = 12, .box_h = 18, .ofs_x = 2, .ofs_y = 0},
    {.bitmap_index = 31544, .adv_w = 414, .box_w = 26, .box_h = 18, .ofs_x = 0, .ofs_y = 0},
    {.bitmap_index = 31712, .adv_w = 246, .box_w = 13, .box_h = 18, .ofs_x = 1, .ofs_y = 0},
    {.bitmap_index = 31806, .adv_w = 287, .box_w = 14, .box_h = 18, .ofs_x = 2, .ofs_y = 0},
    {.bitmap_index = 31881, .adv_w = 287, .box_w = 14, .box_h = 23, .ofs_x = 2, .ofs_y = 0},
    {.bitmap_index = 31980, .adv_w = 273, .box_w = 15, .box_h = 18, .ofs_x = 2, .ofs_y = 0},
    {.bitmap_index = 32072, .adv_w = 289, .box_w = 16, .box_h = 18, .ofs_x = 0, .ofs_y = 0},
    {.bitmap_index = 32148, .adv_w = 331, .box_w = 17, .box_h = 18, .ofs_x = 2, .ofs_y = 0},
    {.bitmap_index = 32244, .adv_w = 289, .box_w = 14, .box_h = 18, .ofs_x = 2, .ofs_y = 0},
    {.bitmap_index = 32273, .adv_w = 302, .box_w = 17, .box_h = 18, .ofs_x = 1, .ofs_y = 0},
    {.bitmap_index = 32395, .adv_w = 289, .box_w = 14, .box_h = 18, .ofs_x = 2, .ofs_y = 0},
    {.bitmap_index = 32418, .adv_w = 232, .box_w = 12, .box_h = 18, .ofs_x = 2, .ofs_y = 0},
    {.bitmap_index = 32473, .adv_w = 268, .box_w = 15, .box_h = 18, .ofs_x = 1, .ofs_y = 0},
    {.bitmap_index = 32572, .adv_w = 235, .box_w = 16, .box_h = 18, .ofs_x = -1, .ofs_y = 0},
    {.bitmap_index = 32600, .adv_w = 234, .box_w = 15, .box_h = 18, .ofs_x = 0, .ofs_y = 0},
    {.bitmap_index = 32702, .adv_w = 331, .box_w = 19, .box_h = 18, .ofs_x = 1, .ofs_y = 0},
    {.bitmap_index = 32826, .adv_w = 263, .box_w = 16, .box_h = 18, .ofs_x = 0, .ofs_y = 0},
    {.bitmap_index = 32939, .adv_w = 298, .box_w = 16, .box_h = 22, .ofs_x = 2, .ofs_y = -4},
    {.bitmap_index = 32976, .adv_w = 263, .box_w = 13, .box_h = 18, .ofs_x = 2, .ofs_y = 0},
    {.bitmap_index = 33018, .adv_w = 411, .box_w = 22, .box_h = 18, .ofs_x = 2, .ofs_y = 0},
    {.bitmap_index = 33058, .adv_w = 420, .box_w = 24, .box_h = 22, .ofs_x = 2, .ofs_y = -4},
    {.bitmap_index = 33111, .adv_w = 320, .box_w = 19, .box_h = 18, .ofs_x = 0, .ofs_y = 0},
    {.bitmap_index = 33191, .adv_w = 339, .box_w = 17, .box_h = 18, .ofs_x = 2, .ofs_y = 0},
    {.bitmap_index = 33262, .adv_w = 263, .box_w = 13, .box_h = 18, .ofs_x = 2, .ofs_y = 0},
    {.bitmap_index = 33319, .adv_w = 268, .box_w = 15, .box_h = 18, .ofs_x = 1, .ofs_y = 0},
    {.bitmap_index = 33424, .adv_w = 415, .box_w = 23, .box_h = 18, .ofs_x = 2, .ofs_y = 0},
    {.bitmap_index = 33569, .adv_w = 267, .box_w = 14, .box_h = 18, .ofs_x = 1, .ofs_y = 0},
    {.bitmap_index = 33653, .adv_w = 235, .box_w = 12, .box_h = 14, .ofs_x = 1, .ofs_y = 0},
    {.bitmap_index = 33731, .adv_w = 237, .box_w = 13, .box_h = 21, .ofs_x = 1, .ofs_y = 0},
    {.bitmap_index = 33843, .adv_w = 226, .box_w = 11, .box_h = 14, .ofs_x = 2, .ofs_y = 0},
    {.bitmap_index = 33908, .adv_w = 202, .box_w = 10, .box_h = 14, .ofs_x = 2, .ofs_y = 0},
    {.bitmap_index = 33925, .adv_w = 266, .box_w = 15, .box_h = 18, .ofs_x = 1, .ofs_y = -4},
    {.bitmap_index = 33996, .adv_w = 236, .box_w = 13, .box_h = 14, .ofs_x = 1, .ofs_y = 0},
    {.bitmap_index = 34072, .adv_w = 346, .box_w = 21, .box_h = 14, .ofs_x = 0, .ofs_y = 0},
    {.bitmap_index = 34188, .adv_w = 204, .box_w = 11, .box_h = 14, .ofs_x = 1, .ofs_y = 0},
    {.bitmap_index = 34257, .adv_w = 250, .box_w = 12, .box_h = 14, .ofs_x = 2, .ofs_y = 0},
    {.bitmap_index = 34309, .adv_w = 250, .box_w = 12, .box_h = 19, .ofs_x = 2, .ofs_y = 0},
    {.bitmap_index = 34387, .adv_w = 232, .box_w = 12, .box_h = 14, .ofs_x = 2, .ofs_y = 0},
    {.bitmap_index = 34449, .adv_w = 245, .box_w = 14, .box_h = 14, .ofs_x = 0, .ofs_y = 0},
    {.bitmap_index = 34504, .adv_w = 290, .box_w = 14, .box_h = 14, .ofs_x = 2, .ofs_y = 0},
    {.bitmap_index = 34574, .adv_w = 251, .box_w = 12, .box_h = 14, .ofs_x = 2, .ofs_y = 0},
    {.bitmap_index = 34596, .adv_w = 235, .box_w = 13, .box_h = 14, .ofs_x = 1, .ofs_y = 0},
    {.bitmap_index = 34675, .adv_w = 251, .box_w = 12, .box_h = 14, .ofs_x = 2, .ofs_y = 0},
    {.bitmap_index = 34693, .adv_w = 244, .box_w = 12, .box_h = 19, .ofs_x = 2, .ofs_y = -5},
    {.bitmap_index = 34774, .adv_w = 211, .box_w = 11, .box_h = 14, .ofs_x = 1, .ofs_y = 0},
    {.bitmap_index = 34836, .adv_w = 224, .box_w = 14, .box_h = 14, .ofs_x = 0, .ofs_y = 0},
    {.bitmap_index = 34859, .adv_w = 227, .box_w = 14, .box_h = 19, .ofs_x = 0, .ofs_y = -5},
    {.bitmap_index = 34959, .adv_w = 328, .box_w = 19, .box_h = 23, .ofs_x = 1, .ofs_y = -5},
    {.bitmap_index = 35090, .adv_w = 227, .box_w = 14, .box_h = 14, .ofs_x = 0, .ofs_y = 0},
    {.bitmap_index = 35173, .adv_w = 261, .box_w = 14, .box_h = 18, .ofs_x = 2, .ofs_y = -4},
    {.bitmap_index = 35204, .adv_w = 227, .box_w = 11, .box_h = 14, .ofs_x = 1, .ofs_y = 0},
    {.bitmap_index = 35238, .adv_w = 351, .box_w = 18, .box_h = 14, .ofs_x = 2, .ofs_y = 0},
    {.bitmap_index = 35269, .adv_w = 362, .box_w = 20, .box_h = 18, .ofs_x = 2, .ofs_y = -4},
    {.bitmap_index = 35312, .adv_w = 271, .box_w = 16, .box_h = 14, .ofs_x = 0, .ofs_y = 0},
    {.bitmap_index = 35369, .adv_w = 303, .box_w = 15, .box_h = 14, .ofs_x = 2, .ofs_y = 0},
    {.bitmap_index = 35420, .adv_w = 226, .box_w = 11, .box_h = 14, .ofs_x = 2, .ofs_y = 0},
    {.bitmap_index = 35461, .adv_w = 211, .box_w = 11, .box_h = 14, .ofs_x = 1, .ofs_y = 0},
    {.bitmap_index = 35526, .adv_w = 323, .box_w = 17, .box_h = 14, .ofs_x = 2, .ofs_y = 0},
    {.bitmap_index = 35623, .adv_w = 231, .box_w = 12, .box_h = 14, .ofs_x = 1, .ofs_y = 0},
    {.bitmap_index = 35685, .adv_w = 236, .box_w = 13, .box_h = 21, .ofs_x = 1, .ofs_y = 0},
    {.bitmap_index = 35786, .adv_w = 236, .box_w = 13, .box_h = 20, .ofs_x = 1, .ofs_y = 0},
    {.bitmap_index = 35882, .adv_w = 240, .box_w = 14, .box_h = 25, .ofs_x = 0, .ofs_y = -6},
    {.bitmap_index = 35978, .adv_w = 202, .box_w = 10, .box_h = 20, .ofs_x = 2, .ofs_y = 0},
    {.bitmap_index = 36017, .adv_w = 211, .box_w = 11, .box_h = 14, .ofs_x = 1, .ofs_y = 0},
    {.bitmap_index = 36083, .adv_w = 200, .box_w = 11, .box_h = 14, .ofs_x = 1, .ofs_y = 0},
    {.bitmap_index = 36153, .adv_w = 107, .box_w = 3, .box_h = 19, .ofs_x = 2, .ofs_y = 0},
    {.bitmap_index = 36165, .adv_w = 107, .box_w = 8, .box_h = 19, .ofs_x = -1, .ofs_y = 0},
    {.bitmap_index = 36190, .adv_w = 107, .box_w = 6, .box_h = 24, .ofs_x = -1, .ofs_y = -5},
    {.bitmap_index = 36221, .adv_w = 347, .box_w = 21, .box_h = 14, .ofs_x = 0, .ofs_y = 0},
    {.bitmap_index = 36309, .adv_w = 345, .box_w = 19, .box_h = 14, .ofs_x = 2, .ofs_y = 0},
    {.bitmap_index = 36368, .adv_w = 250, .box_w = 14, .box_h = 19, .ofs_x = 0, .ofs_y = 0},
    {.bitmap_index = 36432, .adv_w = 232, .box_w = 12, .box_h = 20, .ofs_x = 2, .ofs_y = 0},
    {.bitmap_index = 36517, .adv_w = 250, .box_w = 12, .box_h = 20, .ofs_x = 2, .ofs_y = 0},
    {.bitmap_index = 36592, .adv_w = 227, .box_w = 14, .box_h = 24, .ofs_x = 0, .ofs_y = -5},
    {.bitmap_index = 36717, .adv_w = 251, .box_w = 12, .box_h = 18, .ofs_x = 2, .ofs_y = -4},
    {.bitmap_index = 36746, .adv_w = 234, .box_w = 12, .box_h = 22, .ofs_x = 2, .ofs_y = 0},
    {.bitmap_index = 36774, .adv_w = 202, .box_w = 10, .box_h = 18, .ofs_x = 2, .ofs_y = 0},
    {.bitmap_index = 36801, .adv_w = 124, .box_w = 4, .box_h = 6, .ofs_x = 2, .ofs_y = 0},
    {.bitmap_index = 36813, .adv_w = 122, .box_w = 4, .box_h = 15, .ofs_x = 2, .ofs_y = 0},
    {.bitmap_index = 36835, .adv_w = 204, .box_w = 11, .box_h = 18, .ofs_x = 1, .ofs_y = 0},
    {.bitmap_index = 36903, .adv_w = 181, .box_w = 9, .box_h = 12, .ofs_x = 1, .ofs_y = 1},
    {.bitmap_index = 36955, .adv_w = 107, .box_w = 9, .box_h = 23, .ofs_x = -1, .ofs_y = 0},
    {.bitmap_index = 36987, .adv_w = 107, .box_w = 5, .box_h = 24, .ofs_x = 1, .ofs_y = 0},
    {.bitmap_index = 37010, .adv_w = 185, .box_w = 11, .box_h = 20, .ofs_x = -1, .ofs_y = -6},
    {.bitmap_index = 37101, .adv_w = 107, .box_w = 5, .box_h = 25, .ofs_x = 1, .ofs_y = -7},
    {.bitmap_index = 37127, .adv_w = 301, .box_w = 17, .box_h = 17, .ofs_x = 1, .ofs_y = -3},
    {.bitmap_index = 37248, .adv_w = 107, .box_w = 3, .box_h = 18, .ofs_x = 2, .ofs_y = 0},
    {.bitmap_index = 37253, .adv_w = 362, .box_w = 20, .box_h = 12, .ofs_x = 1, .ofs_y = -4},
    {.bitmap_index = 37335, .adv_w = 201, .box_w = 10, .box_h = 13, .ofs_x = 1, .ofs_y = 0},
    {.bitmap_index = 37392, .adv_w = 362, .box_w = 20, .box_h = 10, .ofs_x = 1, .ofs_y = 0},
    {.bitmap_index = 37469, .adv_w = 362, .box_w = 20, .box_h = 13, .ofs_x = 1, .ofs_y = 0},
    {.bitmap_index = 37561, .adv_w = 248, .box_w = 15, .box_h = 16, .ofs_x = 1, .ofs_y = -6},
    {.bitmap_index = 37657, .adv_w = 248, .box_w = 15, .box_h = 16, .ofs_x = 1, .ofs_y = -6},
    {.bitmap_index = 37750, .adv_w = 248, .box_w = 15, .box_h = 20, .ofs_x = 1, .ofs_y = -6},
    {.bitmap_index = 37858, .adv_w = 171, .box_w = 9, .box_h = 11, .ofs_x = 1, .ofs_y = 0},
    {.bitmap_index = 37900, .adv_w = 171, .box_w = 9, .box_h = 15, .ofs_x = 1, .ofs_y = 0},
    {.bitmap_index = 37953, .adv_w = 185, .box_w = 12, .box_h = 13, .ofs_x = -1, .ofs_y = -6},
    {.bitmap_index = 38008, .adv_w = 185, .box_w = 12, .box_h = 17, .ofs_x = -1, .ofs_y = -6},
    {.bitmap_index = 38075, .adv_w = 469, .box_w = 27, .box_h = 15, .ofs_x = 1, .ofs_y = -6},
    {.bitmap_index = 38216, .adv_w = 469, .box_w = 27, .box_h = 21, .ofs_x = 1, .ofs_y = -6},
    {.bitmap_index = 38390, .adv_w = 464, .box_w = 27, .box_h = 15, .ofs_x = 1, .ofs_y = -6},
    {.bitmap_index = 38533, .adv_w = 464, .box_w = 27, .box_h = 17, .ofs_x = 1, .ofs_y = -6},
    {.bitmap_index = 38688, .adv_w = 355, .box_w = 20, .box_h = 18, .ofs_x = 1, .ofs_y = 0},
    {.bitmap_index = 38767, .adv_w = 355, .box_w = 20, .box_h = 18, .ofs_x = 1, .ofs_y = 0},
    {.bitmap_index = 38857, .adv_w = 229, .box_w = 14, .box_h = 18, .ofs_x = 1, .ofs_y = -6},
    {.bitmap_index = 38952, .adv_w = 229, .box_w = 14, .box_h = 22, .ofs_x = 1, .ofs_y = -6},
    {.bitmap_index = 39060, .adv_w = 113, .box_w = 9, .box_h = 3, .ofs_x = -1, .ofs_y = 0},
    {.bitmap_index = 39068, .adv_w = 398, .box_w = 22, .box_h = 16, .ofs_x = 1, .ofs_y = -1},
    {.bitmap_index = 39188, .adv_w = 298, .box_w = 16, .box_h = 21, .ofs_x = 1, .ofs_y = -5},
    {.bitmap_index = 39309, .adv_w = 317, .box_w = 17, .box_h = 18, .ofs_x = 1, .ofs_y = 0},
    {.bitmap_index = 39399, .adv_w = 279, .box_w = 15, .box_h = 22, .ofs_x = 1, .ofs_y = -4},
    {.bitmap_index = 39465, .adv_w = 238, .box_w = 13, .box_h = 15, .ofs_x = 1, .ofs_y = -6},
    {.bitmap_index = 39522, .adv_w = 282, .box_w = 15, .box_h = 15, .ofs_x = 1, .ofs_y = -4},
    {.bitmap_index = 39607, .adv_w = 201, .box_w = 10, .box_h = 10, .ofs_x = 1, .ofs_y = 0},
    {.bitmap_index = 39653, .adv_w = 185, .box_w = 11, .box_h = 14, .ofs_x = -1, .ofs_y = -6},
    {.bitmap_index = 39719, .adv_w = 301, .box_w = 17, .box_h = 13, .ofs_x = 1, .ofs_y = -3},
    {.bitmap_index = 39814, .adv_w = 301, .box_w = 17, .box_h = 16, .ofs_x = 1, .ofs_y = -6},
    {.bitmap_index = 39923, .adv_w = 0, .box_w = 8, .box_h = 6, .ofs_x = 2, .ofs_y = 14},
    {.bitmap_index = 39947, .adv_w = 0, .box_w = 8, .box_h = 8, .ofs_x = 2, .ofs_y = 13},
    {.bitmap_index = 39976, .adv_w = 0, .box_w = 8, .box_h = 6, .ofs_x = 2, .ofs_y = -6},
    {.bitmap_index = 40000, .adv_w = 0, .box_w = 8, .box_h = 3, .ofs_x = 2, .ofs_y = 14},
    {.bitmap_index = 40012, .adv_w = 0, .box_w = 8, .box_h = 9, .ofs_x = 2, .ofs_y = 13},
    {.bitmap_index = 40042, .adv_w = 0, .box_w = 8, .box_h = 4, .ofs_x = 2, .ofs_y = -4},
    {.bitmap_index = 40058, .adv_w = 0, .box_w = 8, .box_h = 7, .ofs_x = 2, .ofs_y = 14},
    {.bitmap_index = 40085, .adv_w = 0, .box_w = 8, .box_h = 8, .ofs_x = 2, .ofs_y = 14},
    {.bitmap_index = 40116, .adv_w = 206, .box_w = 3, .box_h = 3, .ofs_x = 5, .ofs_y = 5},
    {.bitmap_index = 40120, .adv_w = 206, .box_w = 6, .box_h = 15, .ofs_x = 3, .ofs_y = 0},
    {.bitmap_index = 40158, .adv_w = 206, .box_w = 12, .box_h = 15, .ofs_x = 0, .ofs_y = 0},
    {.bitmap_index = 40219, .adv_w = 206, .box_w = 13, .box_h = 15, .ofs_x = 0, .ofs_y = 0},
    {.bitmap_index = 40287, .adv_w = 206, .box_w = 9, .box_h = 16, .ofs_x = 2, .ofs_y = 0},
    {.bitmap_index = 40351, .adv_w = 206, .box_w = 11, .box_h = 16, .ofs_x = 1, .ofs_y = 0},
    {.bitmap_index = 40432, .adv_w = 206, .box_w = 11, .box_h = 16, .ofs_x = 1, .ofs_y = 0},
    {.bitmap_index = 40494, .adv_w = 206, .box_w = 13, .box_h = 15, .ofs_x = 0, .ofs_y = 0},
    {.bitmap_index = 40570, .adv_w = 206, .box_w = 13, .box_h = 15, .ofs_x = 0, .ofs_y = 0},
    {.bitmap_index = 40644, .adv_w = 206, .box_w = 11, .box_h = 16, .ofs_x = 1, .ofs_y = 0},
    {.bitmap_index = 40716, .adv_w = 362, .box_w = 20, .box_h = 14, .ofs_x = 1, .ofs_y = -6},
    {.bitmap_index = 40815, .adv_w = 248, .box_w = 15, .box_h = 16, .ofs_x = 1, .ofs_y = -6},
    {.bitmap_index = 40918, .adv_w = 185, .box_w = 12, .box_h = 20, .ofs_x = -1, .ofs_y = -6},
    {.bitmap_index = 40999, .adv_w = 344, .box_w = 21, .box_h = 20, .ofs_x = 1, .ofs_y = -1},
    {.bitmap_index = 41130, .adv_w = 344, .box_w = 21, .box_h = 23, .ofs_x = 1, .ofs_y = -1},
    {.bitmap_index = 41285, .adv_w = 301, .box_w = 17, .box_h = 13, .ofs_x = 1, .ofs_y = -3},
    {.bitmap_index = 41380, .adv_w = 192, .box_w = 10, .box_h = 2, .ofs_x = 1, .ofs_y = 6},
    {.bitmap_index = 41386, .adv_w = 384, .box_w = 22, .box_h = 2, .ofs_x = 1, .ofs_y = 6},
    {.bitmap_index = 41395, .adv_w = 122, .box_w = 4, .box_h = 7, .ofs_x = 2, .ofs_y = 11},
    {.bitmap_index = 41409, .adv_w = 122, .box_w = 4, .box_h = 6, .ofs_x = 2, .ofs_y = 12},
    {.bitmap_index = 41421, .adv_w = 122, .box_w = 4, .box_h = 6, .ofs_x = 2, .ofs_y = -3},
    {.bitmap_index = 41433, .adv_w = 199, .box_w = 9, .box_h = 7, .ofs_x = 2, .ofs_y = 11},
    {.bitmap_index = 41463, .adv_w = 199, .box_w = 9, .box_h = 7, .ofs_x = 2, .ofs_y = 11},
    {.bitmap_index = 41493, .adv_w = 199, .box_w = 9, .box_h = 6, .ofs_x = 2, .ofs_y = -3},
    {.bitmap_index = 41519, .adv_w = 227, .box_w = 8, .box_h = 8, .ofs_x = 3, .ofs_y = 6},
    {.bitmap_index = 41547, .adv_w = 384, .box_w = 20, .box_h = 4, .ofs_x = 2, .ofs_y = 0},
    {.bitmap_index = 41567, .adv_w = 322, .box_w = 18, .box_h = 11, .ofs_x = 1, .ofs_y = 2},
    {.bitmap_index = 41627, .adv_w = 322, .box_w = 12, .box_h = 18, .ofs_x = 4, .ofs_y = 0},
    {.bitmap_index = 41671, .adv_w = 322, .box_w = 18, .box_h = 11, .ofs_x = 1, .ofs_y = 2},
    {.bitmap_index = 41731, .adv_w = 322, .box_w = 12, .box_h = 19, .ofs_x = 4, .ofs_y = -1},
    {.bitmap_index = 41781, .adv_w = 554, .box_w = 33, .box_h = 18, .ofs_x = 1, .ofs_y = 0},
    {.bitmap_index = 42012, .adv_w = 295, .box_w = 19, .box_h = 19, .ofs_x = 0, .ofs_y = -3},
    {.bitmap_index = 42107, .adv_w = 344, .box_w = 20, .box_h = 18, .ofs_x = 1, .ofs_y = 0},
    {.bitmap_index = 42228, .adv_w = 322, .box_w = 14, .box_h = 13, .ofs_x = 3, .ofs_y = 2},
    {.bitmap_index = 42289, .adv_w = 322, .box_w = 15, .box_h = 19, .ofs_x = 2, .ofs_y = -1},
    {.bitmap_index = 42401, .adv_w = 384, .box_w = 24, .box_h = 24, .ofs_x = 0, .ofs_y = -3},
    {.bitmap_index = 42575, .adv_w = 432, .box_w = 27, .box_h = 22, .ofs_x = 0, .ofs_y = -2},
    {.bitmap_index = 42743, .adv_w = 384, .box_w = 25, .box_h = 24, .ofs_x = 0, .ofs_y = -3},
    {.bitmap_index = 42914, .adv_w = 288, .box_w = 18, .box_h = 24, .ofs_x = 0, .ofs_y = -3},
    {.bitmap_index = 43031, .adv_w = 384, .box_w = 24, .box_h = 24, .ofs_x = 0, .ofs_y = -3},
    {.bitmap_index = 43286, .adv_w = 432, .box_w = 27, .box_h = 27, .ofs_x = 0, .ofs_y = -4},
    {.bitmap_index = 43483, .adv_w = 384, .box_w = 24, .box_h = 24, .ofs_x = 0, .ofs_y = -3},
    {.bitmap_index = 43658, .adv_w = 384, .box_w = 24, .box_h = 24, .ofs_x = 0, .ofs_y = -3},
    {.bitmap_index = 43833, .adv_w = 384, .box_w = 25, .box_h = 22, .ofs_x = 0, .ofs_y = -2},
    {.bitmap_index = 43983, .adv_w = 384, .box_w = 26, .box_h = 28, .ofs_x = -2, .ofs_y = -5},
    {.bitmap_index = 44188, .adv_w = 336, .box_w = 21, .box_h = 24, .ofs_x = 0, .ofs_y = -3},
    {.bitmap_index = 44368, .adv_w = 384, .box_w = 24, .box_h = 26, .ofs_x = 0, .ofs_y = -4},
    {.bitmap_index = 44596, .adv_w = 362, .box_w = 20, .box_h = 14, .ofs_x = 1, .ofs_y = -6},
    {.bitmap_index = 44695, .adv_w = 377, .box_w = 23, .box_h = 14, .ofs_x = 1, .ofs_y = -6},
    {.bitmap_index = 44804, .adv_w = 107, .box_w = 7, .box_h = 13, .ofs_x = -1, .ofs_y = -6},
    {.bitmap_index = 44842, .adv_w = 116, .box_w = 9, .box_h = 13, .ofs_x = -1, .ofs_y = -6},
    {.bitmap_index = 44887, .adv_w = 248, .box_w = 15, .box_h = 16, .ofs_x = 1, .ofs_y = -6},
    {.bitmap_index = 44990, .adv_w = 248, .box_w = 15, .box_h = 16, .ofs_x = 1, .ofs_y = -6},
    {.bitmap_index = 45104, .adv_w = 237, .box_w = 15, .box_h = 15, .ofs_x = -1, .ofs_y = -5},
    {.bitmap_index = 45189, .adv_w = 248, .box_w = 17, .box_h = 15, .ofs_x = -1, .ofs_y = -5},
    {.bitmap_index = 45287, .adv_w = 185, .box_w = 12, .box_h = 20, .ofs_x = -1, .ofs_y = -6},
    {.bitmap_index = 45368, .adv_w = 212, .box_w = 15, .box_h = 20, .ofs_x = -1, .ofs_y = -6},
    {.bitmap_index = 45464, .adv_w = 344, .box_w = 21, .box_h = 20, .ofs_x = 1, .ofs_y = -1},
    {.bitmap_index = 45595, .adv_w = 344, .box_w = 23, .box_h = 21, .ofs_x = 1, .ofs_y = -2},
    {.bitmap_index = 45745, .adv_w = 183, .box_w = 13, .box_h = 19, .ofs_x = -1, .ofs_y = 0},
    {.bitmap_index = 45825, .adv_w = 212, .box_w = 15, .box_h = 19, .ofs_x = -1, .ofs_y = 0},
    {.bitmap_index = 45919, .adv_w = 344, .box_w = 21, .box_h = 23, .ofs_x = 1, .ofs_y = -1},
    {.bitmap_index = 46074, .adv_w = 344, .box_w = 23, .box_h = 24, .ofs_x = 1, .ofs_y = -2},
    {.bitmap_index = 46252, .adv_w = 183, .box_w = 13, .box_h = 22, .ofs_x = -1, .ofs_y = 0},
    {.bitmap_index = 46356, .adv_w = 212, .box_w = 15, .box_h = 22, .ofs_x = -1, .ofs_y = 0},
    {.bitmap_index = 46475, .adv_w = 301, .box_w = 17, .box_h = 13, .ofs_x = 1, .ofs_y = -3},
    {.bitmap_index = 46570, .adv_w = 320, .box_w = 20, .box_h = 10, .ofs_x = 1, .ofs_y = -4},
    {.bitmap_index = 46651, .adv_w = 107, .box_w = 7, .box_h = 11, .ofs_x = -1, .ofs_y = -4},
    {.bitmap_index = 46680, .adv_w = 116, .box_w = 9, .box_h = 11, .ofs_x = -1, .ofs_y = -4},
    {.bitmap_index = 46716, .adv_w = 113, .box_w = 7, .box_h = 6, .ofs_x = 0, .ofs_y = 14},
    {.bitmap_index = 46737, .adv_w = 113, .box_w = 9, .box_h = 20, .ofs_x = -1, .ofs_y = 0},
    {.bitmap_index = 46780, .adv_w = 113, .box_w = 7, .box_h = 8, .ofs_x = 0, .ofs_y = 13},
    {.bitmap_index = 46806, .adv_w = 101, .box_w = 6, .box_h = 5, .ofs_x = 1, .ofs_y = 0},
    {.bitmap_index = 46821, .adv_w = 113, .box_w = 7, .box_h = 6, .ofs_x = 0, .ofs_y = -6},
    {.bitmap_index = 46842, .adv_w = 113, .box_w = 7, .box_h = 3, .ofs_x = 0, .ofs_y = 14},
    {.bitmap_index = 46853, .adv_w = 113, .box_w = 9, .box_h = 17, .ofs_x = -1, .ofs_y = 0},
    {.bitmap_index = 46882, .adv_w = 113, .box_w = 7, .box_h = 9, .ofs_x = 0, .ofs_y = 13},
    {.bitmap_index = 46911, .adv_w = 113, .box_w = 9, .box_h = 22, .ofs_x = -1, .ofs_y = 0},
    {.bitmap_index = 46958, .adv_w = 113, .box_w = 7, .box_h = 4, .ofs_x = 0, .ofs_y = -4},
    {.bitmap_index = 46972, .adv_w = 113, .box_w = 9, .box_h = 7, .ofs_x = -1, .ofs_y = -4},
    {.bitmap_index = 46997, .adv_w = 113, .box_w = 9, .box_h = 7, .ofs_x = -1, .ofs_y = 14},
    {.bitmap_index = 47027, .adv_w = 113, .box_w = 9, .box_h = 21, .ofs_x = -1, .ofs_y = 0},
    {.bitmap_index = 47072, .adv_w = 113, .box_w = 7, .box_h = 8, .ofs_x = 0, .ofs_y = 14},
    {.bitmap_index = 47099, .adv_w = 113, .box_w = 9, .box_h = 22, .ofs_x = -1, .ofs_y = 0},
    {.bitmap_index = 47148, .adv_w = 181, .box_w = 9, .box_h = 12, .ofs_x = 1, .ofs_y = 1},
    {.bitmap_index = 47200, .adv_w = 107, .box_w = 9, .box_h = 23, .ofs_x = -1, .ofs_y = 0},
    {.bitmap_index = 47232, .adv_w = 117, .box_w = 9, .box_h = 23, .ofs_x = -1, .ofs_y = 0},
    {.bitmap_index = 47277, .adv_w = 107, .box_w = 5, .box_h = 25, .ofs_x = 1, .ofs_y = 0},
    {.bitmap_index = 47302, .adv_w = 117, .box_w = 7, .box_h = 25, .ofs_x = 1, .ofs_y = 0},
    {.bitmap_index = 47346, .adv_w = 185, .box_w = 11, .box_h = 20, .ofs_x = -1, .ofs_y = -6},
    {.bitmap_index = 47437, .adv_w = 198, .box_w = 14, .box_h = 20, .ofs_x = -1, .ofs_y = -6},
    {.bitmap_index = 47540, .adv_w = 107, .box_w = 5, .box_h = 25, .ofs_x = 1, .ofs_y = -7},
    {.bitmap_index = 47566, .adv_w = 117, .box_w = 7, .box_h = 25, .ofs_x = 1, .ofs_y = -7},
    {.bitmap_index = 47611, .adv_w = 301, .box_w = 17, .box_h = 17, .ofs_x = 1, .ofs_y = -3},
    {.bitmap_index = 47732, .adv_w = 320, .box_w = 20, .box_h = 15, .ofs_x = 1, .ofs_y = -4},
    {.bitmap_index = 47840, .adv_w = 107, .box_w = 7, .box_h = 15, .ofs_x = -1, .ofs_y = 0},
    {.bitmap_index = 47885, .adv_w = 116, .box_w = 9, .box_h = 15, .ofs_x = -1, .ofs_y = 0},
    {.bitmap_index = 47935, .adv_w = 107, .box_w = 3, .box_h = 18, .ofs_x = 2, .ofs_y = 0},
    {.bitmap_index = 47940, .adv_w = 117, .box_w = 6, .box_h = 18, .ofs_x = 2, .ofs_y = 0},
    {.bitmap_index = 47958, .adv_w = 362, .box_w = 20, .box_h = 12, .ofs_x = 1, .ofs_y = -4},
    {.bitmap_index = 48040, .adv_w = 377, .box_w = 23, .box_h = 12, .ofs_x = 1, .ofs_y = -4},
    {.bitmap_index = 48134, .adv_w = 107, .box_w = 6, .box_h = 11, .ofs_x = -1, .ofs_y = -4},
    {.bitmap_index = 48160, .adv_w = 116, .box_w = 9, .box_h = 11, .ofs_x = -1, .ofs_y = -4},
    {.bitmap_index = 48195, .adv_w = 201, .box_w = 10, .box_h = 13, .ofs_x = 1, .ofs_y = 0},
    {.bitmap_index = 48252, .adv_w = 206, .box_w = 13, .box_h = 12, .ofs_x = 1, .ofs_y = 0},
    {.bitmap_index = 48317, .adv_w = 362, .box_w = 20, .box_h = 10, .ofs_x = 1, .ofs_y = 0},
    {.bitmap_index = 48394, .adv_w = 377, .box_w = 23, .box_h = 9, .ofs_x = 1, .ofs_y = 0},
    {.bitmap_index = 48475, .adv_w = 107, .box_w = 7, .box_h = 12, .ofs_x = -1, .ofs_y = 0},
    {.bitmap_index = 48506, .adv_w = 116, .box_w = 9, .box_h = 12, .ofs_x = -1, .ofs_y = 0},
    {.bitmap_index = 48541, .adv_w = 362, .box_w = 20, .box_h = 13, .ofs_x = 1, .ofs_y = 0},
    {.bitmap_index = 48633, .adv_w = 377, .box_w = 23, .box_h = 12, .ofs_x = 1, .ofs_y = 0},
    {.bitmap_index = 48728, .adv_w = 107, .box_w = 7, .box_h = 15, .ofs_x = -1, .ofs_y = 0},
    {.bitmap_index = 48768, .adv_w = 116, .box_w = 9, .box_h = 15, .ofs_x = -1, .ofs_y = 0},
    {.bitmap_index = 48813, .adv_w = 248, .box_w = 15, .box_h = 16, .ofs_x = 1, .ofs_y = -6},
    {.bitmap_index = 48909, .adv_w = 248, .box_w = 15, .box_h = 16, .ofs_x = 1, .ofs_y = -6},
    {.bitmap_index = 49018, .adv_w = 237, .box_w = 15, .box_h = 14, .ofs_x = -1, .ofs_y = -4},
    {.bitmap_index = 49092, .adv_w = 248, .box_w = 17, .box_h = 14, .ofs_x = -1, .ofs_y = -4},
    {.bitmap_index = 49179, .adv_w = 248, .box_w = 15, .box_h = 16, .ofs_x = 1, .ofs_y = -6},
    {.bitmap_index = 49272, .adv_w = 248, .box_w = 15, .box_h = 16, .ofs_x = 1, .ofs_y = -6},
    {.bitmap_index = 49376, .adv_w = 237, .box_w = 15, .box_h = 10, .ofs_x = -1, .ofs_y = 0},
    {.bitmap_index = 49436, .adv_w = 248, .box_w = 17, .box_h = 10, .ofs_x = -1, .ofs_y = 0},
    {.bitmap_index = 49506, .adv_w = 248, .box_w = 15, .box_h = 20, .ofs_x = 1, .ofs_y = -6},
    {.bitmap_index = 49614, .adv_w = 248, .box_w = 15, .box_h = 20, .ofs_x = 1, .ofs_y = -6},
    {.bitmap_index = 49733, .adv_w = 237, .box_w = 15, .box_h = 13, .ofs_x = -1, .ofs_y = 0},
    {.bitmap_index = 49805, .adv_w = 248, .box_w = 17, .box_h = 13, .ofs_x = -1, .ofs_y = 0},
    {.bitmap_index = 49887, .adv_w = 171, .box_w = 9, .box_h = 11, .ofs_x = 1, .ofs_y = 0},
    {.bitmap_index = 49929, .adv_w = 202, .box_w = 12, .box_h = 11, .ofs_x = 1, .ofs_y = 0},
    {.bitmap_index = 49978, .adv_w = 171, .box_w = 9, .box_h = 15, .ofs_x = 1, .ofs_y = 0},
    {.bitmap_index = 50031, .adv_w = 202, .box_w = 12, .box_h = 15, .ofs_x = 1, .ofs_y = 0},
    {.bitmap_index = 50092, .adv_w = 185, .box_w = 12, .box_h = 13, .ofs_x = -1, .ofs_y = -6},
    {.bitmap_index = 50147, .adv_w = 212, .box_w = 15, .box_h = 13, .ofs_x = -1, .ofs_y = -6},
    {.bitmap_index = 50214, .adv_w = 185, .box_w = 12, .box_h = 17, .ofs_x = -1, .ofs_y = -6},
    {.bitmap_index = 50281, .adv_w = 212, .box_w = 15, .box_h = 17, .ofs_x = -1, .ofs_y = -6},
    {.bitmap_index = 50362, .adv_w = 469, .box_w = 27, .box_h = 15, .ofs_x = 1, .ofs_y = -6},
    {.bitmap_index = 50503, .adv_w = 490, .box_w = 30, .box_h = 15, .ofs_x = 1, .ofs_y = -6},
    {.bitmap_index = 50653, .adv_w = 322, .box_w = 20, .box_h = 9, .ofs_x = -1, .ofs_y = 0},
    {.bitmap_index = 50727, .adv_w = 343, .box_w = 23, .box_h = 9, .ofs_x = -1, .ofs_y = 0},
    {.bitmap_index = 50809, .adv_w = 469, .box_w = 27, .box_h = 21, .ofs_x = 1, .ofs_y = -6},
    {.bitmap_index = 50983, .adv_w = 490, .box_w = 30, .box_h = 21, .ofs_x = 1, .ofs_y = -6},
    {.bitmap_index = 51168, .adv_w = 322, .box_w = 20, .box_h = 15, .ofs_x = -1, .ofs_y = 0},
    {.bitmap_index = 51274, .adv_w = 343, .box_w = 23, .box_h = 15, .ofs_x = -1, .ofs_y = 0},
    {.bitmap_index = 51388, .adv_w = 464, .box_w = 27, .box_h = 15, .ofs_x = 1, .ofs_y = -6},
    {.bitmap_index = 51531, .adv_w = 470, .box_w = 29, .box_h = 15, .ofs_x = 1, .ofs_y = -6},
    {.bitmap_index = 51680, .adv_w = 326, .box_w = 20, .box_h = 9, .ofs_x = -1, .ofs_y = 0},
    {.bitmap_index = 51759, .adv_w = 333, .box_w = 23, .box_h = 9, .ofs_x = -1, .ofs_y = 0},
    {.bitmap_index = 51844, .adv_w = 464, .box_w = 27, .box_h = 17, .ofs_x = 1, .ofs_y = -6},
    {.bitmap_index = 51999, .adv_w = 470, .box_w = 29, .box_h = 17, .ofs_x = 1, .ofs_y = -6},
    {.bitmap_index = 52160, .adv_w = 326, .box_w = 20, .box_h = 11, .ofs_x = -1, .ofs_y = 0},
    {.bitmap_index = 52249, .adv_w = 333, .box_w = 23, .box_h = 11, .ofs_x = -1, .ofs_y = 0},
    {.bitmap_index = 52345, .adv_w = 355, .box_w = 20, .box_h = 18, .ofs_x = 1, .ofs_y = 0},
    {.bitmap_index = 52424, .adv_w = 365, .box_w = 23, .box_h = 18, .ofs_x = 1, .ofs_y = 0},
    {.bitmap_index = 52511, .adv_w = 306, .box_w = 19, .box_h = 18, .ofs_x = -1, .ofs_y = 0},
    {.bitmap_index = 52589, .adv_w = 315, .box_w = 21, .box_h = 18, .ofs_x = -1, .ofs_y = 0},
    {.bitmap_index = 52673, .adv_w = 355, .box_w = 20, .box_h = 18, .ofs_x = 1, .ofs_y = 0},
    {.bitmap_index = 52763, .adv_w = 365, .box_w = 23, .box_h = 18, .ofs_x = 1, .ofs_y = 0},
    {.bitmap_index = 52861, .adv_w = 306, .box_w = 19, .box_h = 18, .ofs_x = -1, .ofs_y = 0},
    {.bitmap_index = 52949, .adv_w = 315, .box_w = 21, .box_h = 18, .ofs_x = -1, .ofs_y = 0},
    {.bitmap_index = 53043, .adv_w = 229, .box_w = 14, .box_h = 18, .ofs_x = 1, .ofs_y = -6},
    {.bitmap_index = 53138, .adv_w = 204, .box_w = 14, .box_h = 16, .ofs_x = 1, .ofs_y = -6},
    {.bitmap_index = 53231, .adv_w = 229, .box_w = 13, .box_h = 13, .ofs_x = -1, .ofs_y = 0},
    {.bitmap_index = 53298, .adv_w = 185, .box_w = 13, .box_h = 10, .ofs_x = -1, .ofs_y = 0},
    {.bitmap_index = 53355, .adv_w = 229, .box_w = 14, .box_h = 22, .ofs_x = 1, .ofs_y = -6},
    {.bitmap_index = 53463, .adv_w = 204, .box_w = 14, .box_h = 19, .ofs_x = 1, .ofs_y = -6},
    {.bitmap_index = 53568, .adv_w = 201, .box_w = 13, .box_h = 16, .ofs_x = -1, .ofs_y = 0},
    {.bitmap_index = 53646, .adv_w = 185, .box_w = 13, .box_h = 13, .ofs_x = -1, .ofs_y = 0},
    {.bitmap_index = 53713, .adv_w = 398, .box_w = 22, .box_h = 16, .ofs_x = 1, .ofs_y = -1},
    {.bitmap_index = 53833, .adv_w = 398, .box_w = 25, .box_h = 15, .ofs_x = 1, .ofs_y = -2},
    {.bitmap_index = 53955, .adv_w = 184, .box_w = 11, .box_h = 15, .ofs_x = -1, .ofs_y = 0},
    {.bitmap_index = 54023, .adv_w = 194, .box_w = 14, .box_h = 14, .ofs_x = -1, .ofs_y = 0},
    {.bitmap_index = 54091, .adv_w = 298, .box_w = 16, .box_h = 21, .ofs_x = 1, .ofs_y = -5},
    {.bitmap_index = 54212, .adv_w = 320, .box_w = 20, .box_h = 18, .ofs_x = 1, .ofs_y = -6},
    {.bitmap_index = 54344, .adv_w = 184, .box_w = 11, .box_h = 15, .ofs_x = -1, .ofs_y = 0},
    {.bitmap_index = 54416, .adv_w = 194, .box_w = 14, .box_h = 14, .ofs_x = -1, .ofs_y = 0},
    {.bitmap_index = 54488, .adv_w = 317, .box_w = 17, .box_h = 18, .ofs_x = 1, .ofs_y = 0},
    {.bitmap_index = 54578, .adv_w = 324, .box_w = 20, .box_h = 18, .ofs_x = 1, .ofs_y = 0},
    {.bitmap_index = 54673, .adv_w = 183, .box_w = 13, .box_h = 19, .ofs_x = -1, .ofs_y = 0},
    {.bitmap_index = 54753, .adv_w = 212, .box_w = 15, .box_h = 19, .ofs_x = -1, .ofs_y = 0},
    {.bitmap_index = 54847, .adv_w = 279, .box_w = 15, .box_h = 22, .ofs_x = 1, .ofs_y = -4},
    {.bitmap_index = 54913, .adv_w = 291, .box_w = 18, .box_h = 22, .ofs_x = 1, .ofs_y = -4},
    {.bitmap_index = 54990, .adv_w = 117, .box_w = 7, .box_h = 18, .ofs_x = -1, .ofs_y = 0},
    {.bitmap_index = 55011, .adv_w = 127, .box_w = 10, .box_h = 18, .ofs_x = -1, .ofs_y = 0},
    {.bitmap_index = 55038, .adv_w = 238, .box_w = 13, .box_h = 15, .ofs_x = 1, .ofs_y = -6},
    {.bitmap_index = 55095, .adv_w = 256, .box_w = 16, .box_h = 14, .ofs_x = 1, .ofs_y = -6},
    {.bitmap_index = 55165, .adv_w = 206, .box_w = 12, .box_h = 8, .ofs_x = -1, .ofs_y = 0},
    {.bitmap_index = 55210, .adv_w = 222, .box_w = 16, .box_h = 8, .ofs_x = -1, .ofs_y = 0},
    {.bitmap_index = 55264, .adv_w = 282, .box_w = 15, .box_h = 15, .ofs_x = 1, .ofs_y = -4},
    {.bitmap_index = 55349, .adv_w = 292, .box_w = 18, .box_h = 14, .ofs_x = 1, .ofs_y = -6},
    {.bitmap_index = 55443, .adv_w = 107, .box_w = 6, .box_h = 12, .ofs_x = -1, .ofs_y = 0},
    {.bitmap_index = 55470, .adv_w = 116, .box_w = 9, .box_h = 12, .ofs_x = -1, .ofs_y = 0},
    {.bitmap_index = 55503, .adv_w = 201, .box_w = 10, .box_h = 10, .ofs_x = 1, .ofs_y = 0},
    {.bitmap_index = 55549, .adv_w = 206, .box_w = 13, .box_h = 9, .ofs_x = 1, .ofs_y = 0},
    {.bitmap_index = 55601, .adv_w = 203, .box_w = 13, .box_h = 13, .ofs_x = -1, .ofs_y = -1},
    {.bitmap_index = 55675, .adv_w = 177, .box_w = 13, .box_h = 14, .ofs_x = -1, .ofs_y = -6},
    {.bitmap_index = 55752, .adv_w = 185, .box_w = 11, .box_h = 14, .ofs_x = -1, .ofs_y = -6},
    {.bitmap_index = 55818, .adv_w = 198, .box_w = 14, .box_h = 14, .ofs_x = -1, .ofs_y = -6},
    {.bitmap_index = 55896, .adv_w = 301, .box_w = 17, .box_h = 13, .ofs_x = 1, .ofs_y = -3},
    {.bitmap_index = 55991, .adv_w = 320, .box_w = 20, .box_h = 10, .ofs_x = 1, .ofs_y = -4},
    {.bitmap_index = 56072, .adv_w = 301, .box_w = 17, .box_h = 16, .ofs_x = 1, .ofs_y = -6},
    {.bitmap_index = 56181, .adv_w = 320, .box_w = 20, .box_h = 12, .ofs_x = 1, .ofs_y = -6},
    {.bitmap_index = 56274, .adv_w = 107, .box_w = 7, .box_h = 11, .ofs_x = -1, .ofs_y = -4},
    {.bitmap_index = 56303, .adv_w = 116, .box_w = 9, .box_h = 11, .ofs_x = -1, .ofs_y = -4},
    {.bitmap_index = 56339, .adv_w = 219, .box_w = 15, .box_h = 21, .ofs_x = -3, .ofs_y = 0},
    {.bitmap_index = 56451, .adv_w = 229, .box_w = 18, .box_h = 21, .ofs_x = -3, .ofs_y = 0},
    {.bitmap_index = 56578, .adv_w = 219, .box_w = 13, .box_h = 23, .ofs_x = -1, .ofs_y = 0},
    {.bitmap_index = 56684, .adv_w = 229, .box_w = 16, .box_h = 23, .ofs_x = -1, .ofs_y = 0},
    {.bitmap_index = 56811, .adv_w = 219, .box_w = 12, .box_h = 24, .ofs_x = 0, .ofs_y = -6},
    {.bitmap_index = 56916, .adv_w = 229, .box_w = 15, .box_h = 24, .ofs_x = 0, .ofs_y = -6},
    {.bitmap_index = 57041, .adv_w = 219, .box_w = 12, .box_h = 18, .ofs_x = 0, .ofs_y = 0},
    {.bitmap_index = 57120, .adv_w = 229, .box_w = 15, .box_h = 18, .ofs_x = 0, .ofs_y = 0}
};

/*---------------------
 *  CHARACTER MAPPING
 *--------------------*/

static const uint8_t glyph_id_ofs_list_2[] = {
    0, 1, 2, 3, 4, 5, 6, 0,
    7
};

static const uint16_t unicode_list_6[] = {
    0x0, 0x1, 0x17c, 0x18b, 0x18f
};

static const uint16_t unicode_list_10[] = {
    0x0, 0x8, 0x1a, 0x2b, 0x31, 0x4e, 0x1995, 0x1996,
    0x199a, 0x199b, 0x199c, 0x199e, 0x199f, 0x19a0, 0x19a4, 0x19a8,
    0x1b12, 0x1b13, 0x1b14, 0x1b15, 0x1caa, 0x1f38, 0x2022, 0x2095,
    0x2099, 0xe9dc, 0xea6f, 0xeab0, 0xeade, 0xeb4f, 0xeb5a, 0xeb60,
    0xec5d, 0xec77, 0xec7b, 0xef12, 0xef7f, 0xf4d8, 0xf4d9, 0xf4da,
    0xf4db, 0xf4fc, 0xf4fd, 0xf4fe, 0xf4ff, 0xf50c, 0xf50d, 0xf510,
    0xf511, 0xf512, 0xf513, 0xf514, 0xf515, 0xf516, 0xf517, 0xf57e,
    0xf57f, 0xf580, 0xf581, 0xf7f2, 0xf7f3, 0xf7f4, 0xf7f5, 0xf7f6
};

/*Collect the unicode lists and glyph_id offsets*/
static const lv_font_fmt_txt_cmap_t cmaps[] =
{
    {
        .range_start = 32, .range_length = 95, .glyph_id_start = 1,
        .unicode_list = NULL, .glyph_id_ofs_list = NULL, .list_length = 0, .type = LV_FONT_FMT_TXT_CMAP_FORMAT0_TINY
    },
    {
        .range_start = 160, .range_length = 224, .glyph_id_start = 96,
        .unicode_list = NULL, .glyph_id_ofs_list = NULL, .list_length = 0, .type = LV_FONT_FMT_TXT_CMAP_FORMAT0_TINY
    },
    {
        .range_start = 900, .range_length = 9, .glyph_id_start = 320,
        .unicode_list = NULL, .glyph_id_ofs_list = glyph_id_ofs_list_2, .list_length = 9, .type = LV_FONT_FMT_TXT_CMAP_FORMAT0_FULL
    },
    {
        .range_start = 910, .range_length = 20, .glyph_id_start = 328,
        .unicode_list = NULL, .glyph_id_ofs_list = NULL, .list_length = 0, .type = LV_FONT_FMT_TXT_CMAP_FORMAT0_TINY
    },
    {
        .range_start = 931, .range_length = 44, .glyph_id_start = 348,
        .unicode_list = NULL, .glyph_id_ofs_list = NULL, .list_length = 0, .type = LV_FONT_FMT_TXT_CMAP_FORMAT0_TINY
    },
    {
        .range_start = 1024, .range_length = 96, .glyph_id_start = 392,
        .unicode_list = NULL, .glyph_id_ofs_list = NULL, .list_length = 0, .type = LV_FONT_FMT_TXT_CMAP_FORMAT0_TINY
    },
    {
        .range_start = 1168, .range_length = 400, .glyph_id_start = 488,
        .unicode_list = unicode_list_6, .glyph_id_ofs_list = NULL, .list_length = 5, .type = LV_FONT_FMT_TXT_CMAP_SPARSE_TINY
    },
    {
        .range_start = 1569, .range_length = 26, .glyph_id_start = 493,
        .unicode_list = NULL, .glyph_id_ofs_list = NULL, .list_length = 0, .type = LV_FONT_FMT_TXT_CMAP_FORMAT0_TINY
    },
    {
        .range_start = 1600, .range_length = 19, .glyph_id_start = 519,
        .unicode_list = NULL, .glyph_id_ofs_list = NULL, .list_length = 0, .type = LV_FONT_FMT_TXT_CMAP_FORMAT0_TINY
    },
    {
        .range_start = 1632, .range_length = 10, .glyph_id_start = 538,
        .unicode_list = NULL, .glyph_id_ofs_list = NULL, .list_length = 0, .type = LV_FONT_FMT_TXT_CMAP_FORMAT0_TINY
    },
    {
        .range_start = 1662, .range_length = 63479, .glyph_id_start = 548,
        .unicode_list = unicode_list_10, .glyph_id_ofs_list = NULL, .list_length = 64, .type = LV_FONT_FMT_TXT_CMAP_SPARSE_TINY
    },
    {
        .range_start = 65142, .range_length = 135, .glyph_id_start = 612,
        .unicode_list = NULL, .glyph_id_ofs_list = NULL, .list_length = 0, .type = LV_FONT_FMT_TXT_CMAP_FORMAT0_TINY
    }
};



/*--------------------
 *  ALL CUSTOM DATA
 *--------------------*/

#if LVGL_VERSION_MAJOR == 8
/*Store all the custom data of the font*/
static  lv_font_fmt_txt_glyph_cache_t cache;
#endif

#if LVGL_VERSION_MAJOR >= 8
static const lv_font_fmt_txt_dsc_t font_dsc = {
#else
static lv_font_fmt_txt_dsc_t font_dsc = {
#endif
    .glyph_bitmap = glyph_bitmap,
    .glyph_dsc = glyph_dsc,
    .cmaps = cmaps,
    .kern_dsc = NULL,
    .kern_scale = 0,
    .cmap_num = 12,
    .bpp = 4,
    .kern_classes = 0,
    .bitmap_format = 1,
#if LVGL_VERSION_MAJOR == 8
    .cache = &cache
#endif
};



/*-----------------
 *  PUBLIC FONT
 *----------------*/

/*Initialize a public general font descriptor*/
#if LVGL_VERSION_MAJOR >= 8
const lv_font_t orm_font_24 = {
#else
lv_font_t orm_font_24 = {
#endif
    .get_glyph_dsc = lv_font_get_glyph_dsc_fmt_txt,    /*Function pointer to get glyph's data*/
    .get_glyph_bitmap = lv_font_get_bitmap_fmt_txt,    /*Function pointer to get glyph's bitmap*/
    .line_height = 32,          /*The maximum line height required by the font*/
    .base_line = 7,             /*Baseline measured from the bottom of the line*/
#if !(LVGL_VERSION_MAJOR == 6 && LVGL_VERSION_MINOR == 0)
    .subpx = LV_FONT_SUBPX_NONE,
#endif
#if LV_VERSION_CHECK(7, 4, 0) || LVGL_VERSION_MAJOR >= 8
    .underline_position = 0,
    .underline_thickness = 1,
#endif
    .dsc = &font_dsc,          /*The custom font data. Will be accessed by `get_glyph_bitmap/dsc` */
#if LV_VERSION_CHECK(8, 2, 0) || LVGL_VERSION_MAJOR >= 9
    .fallback = NULL,
#endif
    .user_data = NULL,
};



#endif /*#if ORM_FONT_24*/
