/* Generated by tools/mkfonts.sh, do not edit. Rendered from DejaVu Sans 2.37
 * (Bitstream Vera and Arev licenses, tools/fonts/DejaVuSans-LICENSE.txt) and icons of
 * Font Awesome 7.3.1 Free Solid (SIL OFL 1.1, tools/fonts/fontawesome/LICENSE.txt). */
/*******************************************************************************
 * Size: 32 px
 * Bpp: 4
 * Opts: --bpp 4 --size 32 --format lvgl --font tools/fonts/DejaVuSans.ttf -r 0x20-0x7E,0xA0-0x17F,0x384-0x38A,0x38C,0x38E-0x3A1,0x3A3-0x3CE,0x400-0x45F,0x490-0x491,0x60C,0x61B,0x61F,0x621-0x652,0x660-0x669,0x67E,0x686,0x698,0x6A9,0x6AF,0x6CC,0xFB56-0xFB59,0xFB7A-0xFB7D,0xFB8A-0xFB8B,0xFB8E-0xFB95,0xFBFC-0xFBFF,0xFE70-0xFEFC,0x2013-0x2014,0x2018-0x201A,0x201C-0x201E,0x2022,0x2026,0x2190-0x2193,0x2328,0x2713,0x2717,0x26A0,0x25B6 --font tools/fonts/fontawesome/fa-solid-900.ttf -r 0xF2F9,0xF15C,0xF1D8,0xF12E,0xF0ED,0xF1DE,0xF1CD,0xF2DB,0xF5FD,0xF590,0xF05A,0xF2F5 --lv-include lvgl.h --lv-font-name orm_font_32 -o src/fonts/orm_font_32.c.tmp
 ******************************************************************************/

#ifdef LV_LVGL_H_INCLUDE_SIMPLE
#include "lvgl.h"
#else
#include "lvgl.h"
#endif

#ifndef ORM_FONT_32
#define ORM_FONT_32 1
#endif

#if ORM_FONT_32

/*-----------------
 *    BITMAPS
 *----------------*/

/*Store the image of the glyphs*/
static LV_ATTRIBUTE_LARGE_CONST const uint8_t glyph_bitmap[] = {
    /* U+0020 " " */

    /* U+0021 "!" */
    0x2f, 0xf8, 0x3, 0xff, 0xb8, 0x60, 0x1, 0x10,
    0x7, 0x8c, 0x4, 0x4, 0x8, 0x58, 0x33, 0xa8,
    0x3, 0xf1, 0x7f, 0xc0, 0x1f, 0xfc, 0x0,

    /* U+0022 "\"" */
    0xef, 0xb0, 0xb, 0xfd, 0x40, 0x1f, 0xff, 0x34,
    0x41, 0x80, 0x48, 0x8d,

    /* U+0023 "#" */
    0x0, 0xfe, 0xaf, 0xe0, 0xd, 0x1f, 0xe0, 0xf,
    0xfe, 0xa, 0x2, 0x0, 0x64, 0x4, 0x0, 0xff,
    0xe0, 0x10, 0x86, 0x0, 0x63, 0xc, 0x0, 0xff,
    0xe0, 0x38, 0x1, 0x0, 0x24, 0x0, 0x20, 0x7,
    0xff, 0x3, 0x0, 0x48, 0x2, 0xc0, 0x1, 0x80,
    0x7f, 0xf0, 0x10, 0x10, 0x3, 0x20, 0x20, 0x7,
    0xca, 0xcd, 0x9c, 0x80, 0x59, 0xb1, 0x80, 0x19,
    0xb1, 0x0, 0x26, 0x7a, 0x0, 0x9, 0x33, 0x80,
    0x9, 0x33, 0x9c, 0x3, 0xff, 0x9b, 0x9f, 0xf8,
    0x81, 0x7f, 0xf1, 0x82, 0x7f, 0xf2, 0x80, 0x78,
    0x48, 0x30, 0x3, 0x18, 0x60, 0x7, 0xff, 0x1,
    0xc0, 0x8, 0x1, 0x20, 0x1, 0x0, 0x3f, 0xf8,
    0x18, 0x2, 0x40, 0x16, 0x0, 0xc, 0x3, 0xff,
    0x80, 0x80, 0x80, 0x19, 0x1, 0x0, 0x3e, 0x8f,
    0xfe, 0x10, 0x5f, 0xfc, 0x60, 0x9f, 0xfa, 0x40,
    0x3f, 0xf9, 0xb7, 0x33, 0x8c, 0x6, 0x67, 0x18,
    0x2, 0x67, 0xa8, 0x0, 0x6c, 0xd8, 0x81, 0xd9,
    0xb0, 0x1, 0x19, 0xb8, 0xc0, 0x3c, 0x42, 0x1e,
    0x1, 0x8c, 0x30, 0x3, 0xff, 0x80, 0x80, 0x4,
    0x0, 0x90, 0x0, 0x80, 0x1f, 0xfc, 0xf, 0x1,
    0x20, 0xb, 0x0, 0x6, 0x1, 0xff, 0xc0, 0x40,
    0x40, 0xc, 0x80, 0x80, 0x1f, 0xfc, 0x1, 0x20,
    0xc0, 0xc, 0x61, 0x80, 0x1f, 0xc0,

    /* U+0024 "$" */
    0x0, 0xfb, 0x34, 0x3, 0xff, 0xbc, 0x73, 0xbe,
    0x65, 0xfb, 0x92, 0xa0, 0x1a, 0x31, 0x88, 0x3,
    0x11, 0xb5, 0x20, 0x1, 0xdc, 0x0, 0x6b, 0x32,
    0xca, 0x72, 0x0, 0xd2, 0x0, 0xb9, 0x40, 0x1,
    0xac, 0x6d, 0xb0, 0x18, 0x82, 0x20, 0x3, 0xf2,
    0x10, 0x30, 0x0, 0x80, 0x3f, 0xf8, 0x2, 0x0,
    0x50, 0xf, 0xfe, 0x2, 0x80, 0xd, 0x80, 0x3f,
    0xe1, 0x60, 0x4, 0xe3, 0x88, 0x7, 0xf4, 0xa8,
    0x0, 0xe0, 0x89, 0xb4, 0xa0, 0x1e, 0xab, 0x40,
    0xc, 0x4b, 0x5c, 0xa0, 0x1c, 0x97, 0xd6, 0x40,
    0x20, 0x1, 0xa7, 0x0, 0xf0, 0xa0, 0x97, 0x59,
    0x80, 0x20, 0x80, 0x3f, 0xc9, 0x86, 0x0, 0x50,
    0xf, 0xfe, 0x4, 0x80, 0x34, 0x3, 0xff, 0x80,
    0xc0, 0x10, 0x80, 0x7f, 0xc8, 0x0, 0x24, 0xd4,
    0x0, 0xfc, 0x70, 0x0, 0xb0, 0x2b, 0xe9, 0x64,
    0x0, 0x35, 0xe0, 0x1, 0x4d, 0x84, 0x5, 0xa6,
    0xcc, 0xa5, 0x0, 0x9, 0x40, 0x7d, 0x8e, 0x82,
    0x1, 0x89, 0x6e, 0xc0, 0x18, 0xe2, 0xfb, 0xcc,
    0xbf, 0x69, 0x0, 0x3f, 0xfd, 0xd5, 0x60, 0x1f,
    0x0,

    /* U+0025 "%" */
    0x0, 0x9b, 0x3f, 0xdb, 0x2, 0x1, 0xfc, 0x3f,
    0xe6, 0x0, 0xfa, 0xe4, 0xc0, 0x4, 0xfe, 0x40,
    0x1f, 0xa8, 0xd, 0x80, 0x3d, 0x8, 0xd, 0xbd,
    0x20, 0x3c, 0x1, 0xf2, 0xa0, 0x70, 0x7, 0xcc,
    0x9, 0x24, 0x2d, 0x0, 0x66, 0x0, 0xe1, 0xb0,
    0x72, 0x0, 0xf1, 0x8, 0x68, 0x6, 0x60, 0x2,
    0x0, 0x74, 0x9, 0x40, 0x7, 0xc2, 0x0, 0x20,
    0xc, 0x20, 0xf, 0x0, 0xc6, 0xc1, 0x20, 0x1f,
    0x84, 0x0, 0x40, 0x18, 0x40, 0x1e, 0x1, 0xb8,
    0x19, 0x0, 0x3f, 0x10, 0x86, 0x80, 0x67, 0x0,
    0x20, 0x5, 0x4, 0x30, 0x1, 0xfe, 0x60, 0x48,
    0x11, 0x34, 0x81, 0x98, 0x0, 0x4e, 0x16, 0x20,
    0x1f, 0xe8, 0x40, 0x7e, 0xe4, 0x80, 0xf0, 0x5,
    0xc0, 0x8a, 0x1, 0xff, 0xc0, 0xb9, 0x30, 0x1,
    0x3f, 0x90, 0x1, 0x8c, 0x24, 0x0, 0x77, 0xdf,
    0xae, 0x1, 0xe6, 0xcf, 0xf6, 0xc0, 0x80, 0x6,
    0x42, 0x8, 0x1b, 0x10, 0x40, 0xa3, 0x44, 0x3,
    0xff, 0x83, 0x60, 0x6e, 0x5, 0x20, 0x9b, 0xf2,
    0x5, 0x60, 0x1f, 0xfc, 0x5, 0x50, 0x78, 0x2,
    0x0, 0x16, 0x40, 0xce, 0xa, 0x40, 0x1f, 0xf5,
    0x83, 0x98, 0x1, 0x1, 0x80, 0x35, 0x0, 0x10,
    0x3, 0xfd, 0x22, 0x50, 0x0, 0x11, 0x7, 0x0,
    0x62, 0x0, 0x78, 0x7, 0xf1, 0xb0, 0x48, 0x4,
    0x60, 0x1, 0x0, 0xe1, 0x0, 0xff, 0xb8, 0x15,
    0x0, 0x23, 0x0, 0x8, 0x7, 0x8, 0x7, 0xf9,
    0xc8, 0x6c, 0x3, 0x8, 0x83, 0x80, 0x30, 0x80,
    0x3c, 0x3, 0xe2, 0x80, 0x81, 0x0, 0xe4, 0x6,
    0x0, 0xd2, 0x0, 0x40, 0xf, 0xb8, 0x11, 0x80,
    0x3d, 0x20, 0xb, 0x20, 0x57, 0x5, 0x20, 0xf,
    0x31, 0x84, 0x80, 0x7c, 0x72, 0x9, 0xbf, 0x40,
    0x56, 0x1, 0xe1, 0x80, 0x82, 0x0, 0xfc, 0xd6,
    0x82, 0x4, 0xfa, 0x20,

    /* U+0026 "&" */
    0x0, 0xe3, 0xad, 0xff, 0x75, 0xb9, 0x0, 0x7f,
    0xf0, 0x27, 0x14, 0x80, 0x2, 0x91, 0xa6, 0x1,
    0xfe, 0x86, 0x0, 0x13, 0x3b, 0x18, 0x7, 0xff,
    0x5, 0xc0, 0x11, 0xb3, 0x13, 0x9a, 0xe2, 0x1,
    0xfc, 0x80, 0x3, 0x70, 0xe, 0x28, 0x20, 0xf,
    0xfe, 0x3, 0x0, 0x7f, 0xf1, 0x94, 0x0, 0x80,
    0x1f, 0xfc, 0x61, 0x40, 0x19, 0x0, 0xff, 0xe3,
    0x50, 0x1, 0xa0, 0x3, 0xff, 0x8b, 0x0, 0x13,
    0xc0, 0x7, 0xff, 0xe, 0xd8, 0x29, 0x1, 0xe4,
    0x3, 0xf4, 0xc9, 0xc0, 0x12, 0x81, 0x2b, 0x68,
    0xd, 0x20, 0x1e, 0x26, 0x66, 0x81, 0xb0, 0x1b,
    0x0, 0x2c, 0xc1, 0xa8, 0x3, 0x9c, 0x1, 0xa1,
    0x40, 0x9, 0x0, 0xd8, 0x60, 0xb6, 0x1, 0xb0,
    0x0, 0xa0, 0x80, 0x4, 0x0, 0xed, 0x30, 0x4b,
    0x0, 0x98, 0xc, 0x80, 0x80, 0x2, 0x1, 0xc3,
    0xa4, 0x9, 0x80, 0xe0, 0x8, 0x0, 0x8, 0x0,
    0xc0, 0x3c, 0x38, 0x40, 0x7b, 0x0, 0x88, 0x0,
    0x28, 0x2, 0x80, 0x3e, 0x1c, 0x20, 0x20, 0x5,
    0x0, 0x5a, 0x0, 0x64, 0x0, 0xf8, 0x78, 0x2,
    0x20, 0xc, 0xc4, 0x0, 0xb7, 0x0, 0xf3, 0x68,
    0x4, 0x5a, 0x1, 0xb0, 0x40, 0x11, 0xd5, 0x32,
    0xbf, 0x91, 0x7, 0x10, 0x3b, 0x0, 0x87, 0xd0,
    0x0, 0x2a, 0xcc, 0x40, 0x1, 0xe4, 0x68, 0x1,
    0x24, 0x2, 0x1b, 0xc6, 0x31, 0x1, 0x26, 0xbc,
    0x30, 0x39, 0x0, 0x34, 0x0,

    /* U+0027 "'" */
    0xef, 0xb0, 0xf, 0xfe, 0x4a, 0x20, 0xc0,

    /* U+0028 "(" */
    0x0, 0xed, 0xfa, 0x0, 0xce, 0x41, 0x0, 0x10,
    0xc0, 0x31, 0x0, 0x52, 0x0, 0xb0, 0x8, 0x5c,
    0x10, 0x80, 0x26, 0x0, 0x70, 0x6, 0xa0, 0x2,
    0x80, 0x44, 0x40, 0x40, 0xc, 0xa0, 0xc, 0x0,
    0xd8, 0x0, 0x30, 0xc, 0xa0, 0x5, 0x0, 0xc2,
    0x0, 0x10, 0x8, 0x80, 0x4, 0x1, 0x84, 0x3,
    0xfc, 0x20, 0x1f, 0x8, 0x6, 0x20, 0x1, 0x80,
    0x61, 0x0, 0x8, 0x7, 0x18, 0x0, 0x80, 0x32,
    0x80, 0x1c, 0x3, 0x60, 0x3, 0x0, 0x32, 0x80,
    0x10, 0x3, 0x94, 0x8, 0x80, 0x1a, 0x40, 0x14,
    0x1, 0x8c, 0xc0, 0xc0, 0x1d, 0x0, 0x2a, 0x1,
    0x90, 0xc2, 0x0, 0x3b, 0xc0, 0x94, 0x3, 0x1d,
    0x39, 0x80,

    /* U+0029 ")" */
    0x2f, 0xf2, 0x80, 0x62, 0x50, 0xb0, 0xe, 0x80,
    0x18, 0x0, 0xc4, 0xa0, 0xe2, 0x1, 0xb8, 0x0,
    0xc0, 0x19, 0x8, 0x24, 0x3, 0x94, 0x5, 0x0,
    0x35, 0x80, 0x38, 0x3, 0x18, 0x1, 0x0, 0x38,
    0xc0, 0x48, 0x3, 0x28, 0x1, 0x0, 0x37, 0x0,
    0x38, 0x3, 0x8, 0x0, 0x80, 0x31, 0x80, 0x4,
    0x3, 0xff, 0x86, 0x20, 0x18, 0xc0, 0x6, 0x1,
    0xb8, 0x1, 0xc0, 0x18, 0xc0, 0x6, 0x1, 0x94,
    0x0, 0xa0, 0x10, 0x88, 0xc, 0x40, 0x27, 0x0,
    0x58, 0x6, 0xd0, 0x3, 0x0, 0x42, 0x80, 0x82,
    0x1, 0x30, 0x3, 0xc0, 0x34, 0x81, 0xa0, 0x4,
    0xa2, 0x1e, 0x1, 0xa0, 0x14, 0xc0, 0x22, 0x57,
    0xb0, 0xc,

    /* U+002A "*" */
    0x0, 0xfb, 0xb8, 0x1, 0xff, 0xdc, 0x9d, 0x40,
    0xf, 0xc9, 0xb2, 0x1, 0x15, 0xd0, 0x80, 0x61,
    0xab, 0x20, 0xa, 0x75, 0x55, 0xce, 0x0, 0x7e,
    0x55, 0x6c, 0x80, 0x45, 0x58, 0x70, 0x22, 0x83,
    0xca, 0x20, 0xf, 0x1e, 0x90, 0x0, 0xb4, 0xc0,
    0x3e, 0x18, 0xe2, 0x0, 0x17, 0x40, 0x80, 0x73,
    0xfb, 0xa6, 0x88, 0xb5, 0x1f, 0xdc, 0x2, 0xc8,
    0xa, 0xb2, 0x0, 0x15, 0xd0, 0x46, 0x0, 0x29,
    0xf9, 0x40, 0x3c, 0xbc, 0xf2, 0x0, 0x68, 0x0,
    0xff, 0x42, 0x80, 0x7f, 0xf3, 0x1d, 0xc0, 0x1f,
    0x0,

    /* U+002B "+" */
    0x0, 0xfe, 0x22, 0x8, 0x7, 0xff, 0x1b, 0x36,
    0x80, 0x3f, 0xff, 0xe0, 0x1f, 0xff, 0xf0, 0xf,
    0x35, 0x57, 0xe1, 0x5, 0xaa, 0xfc, 0x9e, 0xab,
    0xf8, 0x0, 0x2a, 0xbf, 0x88, 0x3, 0xff, 0x93,
    0x3f, 0xff, 0x84, 0x13, 0xff, 0xf3, 0x0, 0x7f,
    0xff, 0xc0, 0x3f, 0xff, 0xe0, 0x1f, 0xfc, 0x60,

    /* U+002C "," */
    0x2, 0xbb, 0x80, 0xc, 0x89, 0x0, 0x7e, 0x20,
    0x1, 0x80, 0x30, 0x1, 0x0, 0x4, 0x3, 0x40,
    0x21, 0xf, 0x0, 0x20, 0x21, 0x80, 0x0,

    /* U+002D "-" */
    0x49, 0x9f, 0xc6, 0xcd, 0xf8, 0x3, 0xf8,

    /* U+002E "." */
    0x9f, 0xf5, 0x80, 0x7f, 0xf0, 0x0,

    /* U+002F "/" */
    0x0, 0xfd, 0xfe, 0xa0, 0xf, 0x94, 0x1, 0xe0,
    0x1f, 0x78, 0x1, 0x40, 0x3e, 0x40, 0x40, 0xf,
    0x90, 0x43, 0x40, 0x3e, 0xd0, 0x3, 0x80, 0x7c,
    0x80, 0x62, 0x1, 0xe2, 0x20, 0x58, 0x7, 0xca,
    0x0, 0x50, 0xf, 0xac, 0x8, 0x80, 0x1e, 0x13,
    0x5, 0x0, 0xf9, 0xc0, 0x18, 0x1, 0xf6, 0x80,
    0xa0, 0x7, 0xc8, 0x8, 0x1, 0xf2, 0x80, 0x3c,
    0x3, 0xef, 0x0, 0x28, 0x7, 0xc8, 0x8, 0x1,
    0xf1, 0x88, 0x68, 0x7, 0xd6, 0x0, 0x70, 0xf,
    0x94, 0xc, 0x40, 0x3c, 0x44, 0xb, 0x0, 0xf9,
    0x40, 0x8, 0x1, 0xf5, 0x80, 0x98, 0x7, 0x84,
    0xc1, 0xc0, 0x3e, 0x70, 0x6, 0x80, 0x7d, 0xa0,
    0x4, 0x0, 0xfb, 0x1e, 0x80, 0x3f, 0x0,

    /* U+0030 "0" */
    0x0, 0xc5, 0x1b, 0xdf, 0xb4, 0x80, 0x1f, 0x9b,
    0x5c, 0x84, 0x9, 0x6e, 0x80, 0x3c, 0xd2, 0x0,
    0x26, 0x74, 0x0, 0x2d, 0x80, 0x62, 0x90, 0x3,
    0xec, 0xc5, 0xd8, 0x0, 0x8e, 0x1, 0x40, 0x1,
    0x20, 0x3, 0x25, 0x0, 0x24, 0x2, 0x50, 0x4,
    0x0, 0x79, 0x48, 0x5, 0x41, 0x40, 0x4, 0x60,
    0x1f, 0x50, 0x3, 0xc3, 0x40, 0x8, 0x1, 0xf8,
    0xc0, 0xe, 0x6, 0x0, 0xe0, 0xf, 0xca, 0x0,
    0x20, 0x70, 0x1, 0x0, 0x7e, 0x10, 0x8, 0x84,
    0x3, 0xff, 0x88, 0x60, 0x1, 0x0, 0xfe, 0x10,
    0x0, 0x98, 0x0, 0x40, 0x3f, 0x84, 0x0, 0x22,
    0x0, 0xff, 0xe2, 0x38, 0x0, 0x80, 0x3f, 0x8,
    0x4, 0x46, 0x0, 0xe0, 0xf, 0xca, 0x0, 0x20,
    0xd0, 0x2, 0x0, 0x7e, 0x30, 0x3, 0x82, 0x80,
    0x8, 0x80, 0x1f, 0x50, 0x3, 0xc0, 0xa, 0x0,
    0x80, 0xf, 0x29, 0x0, 0x14, 0x1, 0x0, 0x5,
    0x80, 0xc, 0x76, 0x0, 0x80, 0x8, 0xa4, 0x0,
    0xfb, 0x31, 0x78, 0x20, 0x8e, 0x1, 0x9a, 0x0,
    0x4, 0xce, 0x80, 0x5, 0xb0, 0xf, 0x3e, 0xb9,
    0x8, 0x12, 0xdd, 0x0, 0x60,

    /* U+0031 "1" */
    0x1, 0x47, 0xae, 0xff, 0x90, 0x3, 0x9f, 0xae,
    0x14, 0x40, 0x3f, 0xf9, 0x82, 0x8f, 0x5b, 0xe2,
    0x1, 0xf9, 0xae, 0x14, 0x80, 0x3f, 0xff, 0xe0,
    0x1f, 0xff, 0xf0, 0xf, 0xff, 0xf8, 0x7, 0xfd,
    0x55, 0xc2, 0x0, 0x8a, 0xac, 0x80, 0xab, 0xc0,
    0x11, 0xaa, 0xe2, 0x0, 0xff, 0xe1, 0x80,

    /* U+0032 "2" */
    0x0, 0x13, 0x56, 0xff, 0xba, 0xdc, 0x40, 0x32,
    0x66, 0xca, 0x90, 0x0, 0x52, 0x39, 0xc0, 0x2c,
    0x30, 0x8, 0x91, 0x4, 0x1, 0x44, 0x80, 0x64,
    0xae, 0xdb, 0xb6, 0xe8, 0xc0, 0xc, 0x81, 0x9b,
    0x6a, 0x20, 0x18, 0xb0, 0x80, 0x1e, 0x8, 0x40,
    0x1f, 0xd0, 0x0, 0x40, 0xf, 0xfe, 0x3, 0x80,
    0x7f, 0xf0, 0xd8, 0x0, 0x20, 0x1f, 0xfc, 0xd,
    0x0, 0x20, 0x7, 0xfc, 0x4c, 0x0, 0x90, 0xf,
    0xfb, 0x80, 0xa, 0x60, 0x1f, 0xeb, 0x30, 0x2a,
    0x0, 0xff, 0x52, 0x0, 0xf8, 0x7, 0xfa, 0x94,
    0x7, 0x8, 0x3, 0xfa, 0x94, 0x7, 0x8, 0x3,
    0xfa, 0x94, 0x7, 0x8, 0x3, 0xfa, 0xd4, 0x7,
    0x8, 0x3, 0xfa, 0xd0, 0x7, 0x8, 0x3, 0xfa,
    0xd0, 0xb, 0x8, 0x3, 0xfb, 0x10, 0xb, 0x8,
    0x3, 0xfa, 0x4c, 0x0, 0x37, 0x55, 0xfc, 0x26,
    0x1, 0x1a, 0xaf, 0xf8, 0xc0, 0x3f, 0xf8, 0x80,

    /* U+0033 "3" */
    0x1, 0x48, 0xbd, 0xef, 0xf6, 0xd2, 0x0, 0x76,
    0x5b, 0xa1, 0x8, 0x0, 0x96, 0xf4, 0x80, 0x3c,
    0x24, 0x88, 0x30, 0x8, 0xb0, 0x80, 0x15, 0x4e,
    0xe6, 0xdd, 0xb3, 0xe8, 0x40, 0x64, 0x0, 0xea,
    0x20, 0x1e, 0x5a, 0x0, 0x20, 0x80, 0x7f, 0xc8,
    0x1, 0x10, 0x7, 0xff, 0xc, 0x40, 0x3f, 0xe6,
    0x0, 0x9, 0x0, 0x7e, 0x13, 0x99, 0x0, 0x20,
    0x3, 0xa3, 0xfe, 0xec, 0x60, 0x5, 0x30, 0x7,
    0xff, 0x1, 0xb9, 0x40, 0x3d, 0xac, 0xc5, 0x41,
    0x6, 0xc4, 0x0, 0xf2, 0xcc, 0xaa, 0xfa, 0x84,
    0xad, 0x80, 0x3f, 0xe5, 0xc0, 0x4, 0x90, 0x7,
    0xfc, 0x4c, 0x0, 0xa0, 0xf, 0xfe, 0x7, 0x80,
    0xc, 0x3, 0xff, 0x86, 0xe0, 0x1f, 0xfc, 0xc,
    0x0, 0x30, 0x7, 0xfc, 0x6a, 0x0, 0xc8, 0xa4,
    0x0, 0xf0, 0xbe, 0x0, 0x9, 0x85, 0x6f, 0xf6,
    0xea, 0xf7, 0xa0, 0x0, 0x3c, 0x2, 0x1, 0x12,
    0x2a, 0x10, 0x4, 0x78, 0x61, 0x1b, 0xa, 0x40,
    0x10, 0x9b, 0xe6, 0x8, 0x0,

    /* U+0034 "4" */
    0x0, 0xfe, 0x1f, 0xfc, 0x60, 0x1f, 0xfc, 0xa,
    0x0, 0xff, 0xe2, 0x32, 0x0, 0x7f, 0xf0, 0xc6,
    0x41, 0x84, 0x3, 0xff, 0x83, 0x40, 0x32, 0x1,
    0xff, 0xc1, 0x64, 0xa, 0x0, 0xff, 0xe0, 0x8c,
    0x82, 0xa0, 0x7, 0xff, 0x6, 0x80, 0x6c, 0x3,
    0xff, 0x82, 0xc8, 0x16, 0x20, 0x1f, 0xfc, 0x1,
    0x90, 0x45, 0x0, 0xff, 0xe0, 0xd0, 0x2, 0x80,
    0x3f, 0xf8, 0x2c, 0x81, 0x22, 0x1, 0xff, 0xc0,
    0x19, 0x4, 0x60, 0xf, 0xfe, 0xd, 0x0, 0x24,
    0x3, 0xff, 0x82, 0xa8, 0x10, 0x40, 0x1f, 0xfc,
    0x12, 0x0, 0x47, 0xff, 0xc2, 0x0, 0xcf, 0xf4,
    0x80, 0x7f, 0xf1, 0x8d, 0x57, 0xfc, 0x1, 0x22,
    0xab, 0x12, 0xab, 0xfc, 0x20, 0x8, 0xaa, 0x28,
    0x7, 0xff, 0xf0,

    /* U+0035 "5" */
    0x8, 0xff, 0xff, 0xb4, 0x3, 0xff, 0x94, 0x6a,
    0xbf, 0x90, 0x3, 0xd3, 0x55, 0xfa, 0x40, 0x3f,
    0xfd, 0x5d, 0x9f, 0xee, 0xb7, 0x10, 0xf, 0xc8,
    0x60, 0x1, 0x48, 0xe6, 0x0, 0xf8, 0x91, 0x50,
    0x40, 0x29, 0x90, 0x5, 0xd3, 0xdb, 0x75, 0x7d,
    0x64, 0x0, 0x65, 0x0, 0x33, 0x4, 0x3, 0x93,
    0x4c, 0x1, 0x0, 0x1f, 0xfc, 0xe, 0x0, 0x11,
    0x80, 0x7f, 0xc4, 0x60, 0x5, 0x0, 0xff, 0xe0,
    0x30, 0x3, 0x80, 0x3f, 0xfa, 0xc, 0x0, 0xe0,
    0xf, 0xf8, 0x8c, 0x0, 0xa0, 0x1f, 0xf7, 0x0,
    0x4, 0xe2, 0xd4, 0x3, 0xc9, 0xa6, 0x0, 0xb0,
    0x2, 0x57, 0xed, 0xd5, 0xf5, 0x90, 0x1, 0x94,
    0x3, 0x89, 0x15, 0x4, 0x2, 0x99, 0x0, 0x23,
    0x21, 0x8, 0x40, 0x4, 0xb3, 0xec, 0x1, 0x0,

    /* U+0036 "6" */
    0x0, 0xf3, 0x5e, 0xff, 0xb6, 0xd8, 0x80, 0x3c,
    0xbd, 0x28, 0x40, 0x2, 0x49, 0xf0, 0xe, 0x7a,
    0x10, 0x1, 0x22, 0x8, 0x40, 0x3c, 0xd0, 0x0,
    0x7e, 0xdb, 0xb6, 0xf6, 0x40, 0x4, 0x32, 0x0,
    0xb8, 0x10, 0xe, 0x35, 0x0, 0xa0, 0x0, 0xe8,
    0x1, 0xff, 0xc0, 0x60, 0x4, 0x80, 0x7f, 0xf0,
    0x10, 0x0, 0x82, 0x53, 0xbf, 0xdb, 0x24, 0x1,
    0x8c, 0x0, 0x6d, 0xac, 0x40, 0x24, 0xdb, 0x0,
    0x16, 0x80, 0x12, 0x40, 0x55, 0xd8, 0x40, 0xf,
    0x0, 0x1, 0x0, 0x18, 0x2f, 0x54, 0x4f, 0x30,
    0x1, 0xd0, 0x1c, 0x2, 0x2a, 0x0, 0xe9, 0x40,
    0x7, 0x83, 0x80, 0x50, 0x1, 0xf4, 0x0, 0x10,
    0x4, 0x2, 0x40, 0xf, 0x8c, 0x2, 0x33, 0x0,
    0x42, 0x1, 0xf8, 0x80, 0xf, 0xe0, 0x1f, 0xfc,
    0x45, 0x0, 0x84, 0x3, 0xf1, 0x0, 0x1c, 0xc8,
    0x0, 0x80, 0x1f, 0x18, 0x4, 0x61, 0x40, 0x8,
    0x0, 0xfa, 0x0, 0x8, 0x0, 0x71, 0x2, 0xa0,
    0xe, 0x94, 0x0, 0x40, 0x5, 0x40, 0x5, 0xea,
    0x89, 0xe6, 0x0, 0x41, 0x80, 0x49, 0x62, 0x2,
    0xae, 0xc2, 0x0, 0x97, 0x0, 0xe4, 0xe9, 0x31,
    0x1, 0x37, 0xe6, 0x0, 0x80,

    /* U+0037 "7" */
    0x6f, 0xff, 0xfe, 0x15, 0x0, 0x7f, 0xf0, 0xc8,
    0x8a, 0xbf, 0xe4, 0x0, 0xa9, 0x2a, 0xbf, 0xd8,
    0x0, 0x32, 0x0, 0xff, 0xa4, 0x1, 0x40, 0x1f,
    0xf2, 0x8, 0x1, 0x80, 0x3f, 0xee, 0x0, 0x30,
    0x7, 0xfc, 0x2a, 0x0, 0xa0, 0xf, 0xf9, 0x80,
    0x4, 0x60, 0x1f, 0xf5, 0x0, 0x28, 0x3, 0xfe,
    0x32, 0x0, 0x30, 0x7, 0xfd, 0x20, 0x5, 0x10,
    0xf, 0xf0, 0xa8, 0x3, 0x80, 0x3f, 0xe7, 0x0,
    0x12, 0x0, 0x7f, 0xd4, 0x0, 0xa0, 0xf, 0xf8,
    0xcc, 0x0, 0x60, 0xf, 0xfa, 0x80, 0x8, 0x20,
    0x1f, 0xf3, 0x0, 0x3c, 0x3, 0xfe, 0x60, 0x0,
    0xa0, 0x7, 0xfd, 0x40, 0x6, 0x0, 0xff, 0x88,
    0xc0, 0x14, 0x1, 0xff, 0x50, 0x1, 0x8, 0x3,
    0xfe, 0x60, 0x7, 0x0, 0x7e,

    /* U+0038 "8" */
    0x0, 0xcd, 0x7d, 0xfe, 0xec, 0x82, 0x0, 0xf2,
    0x74, 0xa0, 0x80, 0x4, 0xdf, 0x64, 0x3, 0x1d,
    0x88, 0x1, 0x19, 0xd4, 0x40, 0xd, 0x40, 0x17,
    0x80, 0xf, 0x6e, 0x62, 0xb9, 0xc0, 0xa, 0x60,
    0x46, 0x0, 0xe2, 0x0, 0xe8, 0x30, 0x5, 0x83,
    0x0, 0x4, 0x80, 0x3e, 0x40, 0x0, 0x83, 0x80,
    0x4, 0x3, 0xf0, 0x80, 0x38, 0xc, 0x2, 0x60,
    0xf, 0xb, 0x80, 0x14, 0x1, 0x0, 0x9, 0x91,
    0x88, 0x13, 0xf8, 0x84, 0x90, 0x1, 0xdc, 0x0,
    0x6c, 0xef, 0xd8, 0x14, 0xc6, 0x0, 0xd1, 0x8a,
    0x1, 0xe2, 0xc2, 0x0, 0xe2, 0x95, 0x4, 0x77,
    0x28, 0x94, 0x79, 0x80, 0x49, 0xaa, 0x7b, 0x71,
    0xa, 0xe7, 0x1, 0xc2, 0x1, 0xb0, 0x1d, 0x20,
    0xe, 0x85, 0x0, 0x40, 0x48, 0x1, 0xc4, 0x3,
    0xe9, 0x0, 0x28, 0x20, 0x3, 0xc0, 0x3f, 0x18,
    0x4, 0x40, 0x1f, 0xfc, 0x57, 0x0, 0x78, 0x7,
    0xe3, 0x0, 0x88, 0xc0, 0xe, 0x20, 0x1f, 0x48,
    0x0, 0xc2, 0x80, 0x3, 0xa4, 0x1, 0xd2, 0xa0,
    0x9, 0x2, 0x80, 0x1, 0xed, 0xcc, 0x57, 0x30,
    0x1, 0x14, 0x0, 0xf0, 0x1, 0x23, 0x3a, 0x88,
    0x1, 0xac, 0x3, 0x3f, 0x42, 0x8, 0x0, 0x4d,
    0xf6, 0x40, 0x20,

    /* U+0039 "9" */
    0x0, 0xcd, 0x7d, 0xfd, 0xb0, 0x40, 0x1f, 0x27,
    0x4a, 0x8, 0x9, 0x3e, 0xc0, 0x7, 0x25, 0x88,
    0x1, 0x5d, 0x8c, 0x0, 0xf0, 0x1, 0xd, 0x80,
    0x13, 0xaa, 0x27, 0x2c, 0x0, 0xe8, 0x0, 0x60,
    0x1, 0x58, 0x80, 0x64, 0xa0, 0x4, 0x80, 0x2c,
    0x1, 0x40, 0x1f, 0x29, 0x1, 0x18, 0x10, 0x1,
    0x0, 0x3f, 0x38, 0x2, 0xc0, 0x40, 0x3f, 0xe3,
    0x0, 0x18, 0x8, 0x1, 0x80, 0x3f, 0x10, 0x1,
    0x41, 0x40, 0x1e, 0x1, 0xf0, 0xa0, 0x0, 0x43,
    0x80, 0xa, 0x80, 0x1e, 0xb0, 0xe, 0x53, 0x0,
    0x5c, 0x10, 0x1, 0x31, 0x40, 0x30, 0x86, 0x90,
    0x1, 0xf7, 0xfd, 0x66, 0x12, 0x1, 0x8, 0xe,
    0xb8, 0x7, 0x8b, 0x14, 0x3, 0xe8, 0xfb, 0x98,
    0x9c, 0xd3, 0x50, 0x1, 0x0, 0x79, 0x19, 0xd8,
    0xc0, 0x18, 0x0, 0x40, 0xf, 0xfe, 0xa, 0x80,
    0x30, 0x3, 0xff, 0x80, 0xe0, 0x1, 0x50, 0xf,
    0xf9, 0x20, 0x1, 0x0, 0x12, 0xb8, 0x80, 0x73,
    0xd8, 0x1, 0x18, 0x2, 0x28, 0xed, 0xbb, 0x67,
    0xc0, 0x0, 0xec, 0x3, 0xe2, 0x44, 0x18, 0x4,
    0xd8, 0x1, 0xcd, 0x4c, 0x62, 0x2, 0x6f, 0xb2,
    0x1, 0xc0,

    /* U+003A ":" */
    0x3f, 0xf8, 0x1c, 0x3, 0xff, 0x84, 0x9f, 0xf0,
    0x7, 0xff, 0x74, 0xff, 0xe0, 0x70, 0xf, 0xfe,
    0x10,

    /* U+003B ";" */
    0x4, 0xff, 0x80, 0x3f, 0xf8, 0x4e, 0x1, 0xc7,
    0xff, 0x0, 0x7f, 0xf8, 0xa, 0xee, 0x0, 0x32,
    0x24, 0x1, 0xf8, 0x80, 0x6, 0x0, 0xc0, 0x4,
    0x0, 0x10, 0xd, 0x0, 0x84, 0x3c, 0x0, 0x80,
    0x86, 0x0,

    /* U+003C "<" */
    0x0, 0xff, 0xe3, 0xaa, 0x0, 0x7f, 0xf1, 0xe,
    0x7e, 0x88, 0x3, 0xff, 0x82, 0x51, 0xb8, 0xc0,
    0x1f, 0xfc, 0x11, 0x6c, 0xd7, 0x20, 0x1, 0x3b,
    0x80, 0x3f, 0x2d, 0xf4, 0x98, 0x0, 0x5b, 0x36,
    0x4, 0x3, 0x8e, 0x7a, 0x90, 0x2, 0x5b, 0xe9,
    0x30, 0xe, 0x28, 0xdc, 0x61, 0x0, 0x25, 0x7d,
    0x20, 0x7, 0x93, 0x35, 0xc8, 0x0, 0x71, 0xd6,
    0xa0, 0x1f, 0xda, 0x60, 0x2, 0x7d, 0xc7, 0x10,
    0xf, 0xfe, 0x19, 0x11, 0x80, 0x3f, 0xf8, 0x54,
    0xa0, 0x12, 0xdf, 0x49, 0x80, 0x7f, 0xc7, 0x5f,
    0x48, 0x0, 0x16, 0xcd, 0x72, 0x0, 0xff, 0x96,
    0xfa, 0x8, 0x0, 0x51, 0xb8, 0xc2, 0x1, 0xfe,
    0x17, 0xdc, 0x71, 0x0, 0x1c, 0xf5, 0xa8, 0x7,
    0xfc, 0x71, 0xd6, 0xa0, 0x12, 0x57, 0xd1, 0x0,
    0x7f, 0xc9, 0x5f, 0x28, 0x1, 0x2a, 0x0, 0x7f,
    0xf0, 0x9a, 0xfa, 0x8, 0x3, 0xff, 0x8c, 0x2f,
    0xb8, 0xa0,

    /* U+003D "=" */
    0x9f, 0xff, 0xfe, 0x3b, 0x0, 0x7f, 0xf2, 0x7d,
    0x57, 0xff, 0x8e, 0x4d, 0x55, 0xff, 0xc7, 0x40,
    0xf, 0xfe, 0xf3, 0x55, 0x7f, 0xf1, 0xd3, 0xd5,
    0x7f, 0xf8, 0xe4, 0x1, 0xff, 0xc9,

    /* U+003E ">" */
    0x54, 0x0, 0xff, 0xe3, 0xe5, 0xf4, 0x10, 0x7,
    0xff, 0x18, 0x5f, 0x71, 0xc4, 0x3, 0xff, 0x83,
    0x6c, 0x20, 0x3, 0x8e, 0xb5, 0x0, 0xff, 0x8a,
    0x7a, 0xd4, 0x2, 0x4a, 0xf9, 0x40, 0xf, 0xf9,
    0x2b, 0xe9, 0x0, 0x26, 0xbe, 0x82, 0x0, 0xff,
    0x96, 0xfa, 0xc, 0x0, 0x2f, 0xb8, 0xe2, 0x1,
    0xfe, 0x17, 0xcd, 0x72, 0x0, 0x1c, 0x75, 0x98,
    0x7, 0xfc, 0x51, 0xb8, 0xc2, 0x0, 0x45, 0x0,
    0xff, 0xe1, 0x31, 0x8, 0x7, 0xff, 0xd, 0x2b,
    0xe9, 0x0, 0x2, 0xc8, 0x1, 0xf8, 0xe7, 0xad,
    0x40, 0x25, 0xbe, 0x92, 0x0, 0xe2, 0x8d, 0xc6,
    0x10, 0x1, 0xcf, 0xd2, 0x0, 0x70, 0xb6, 0x6b,
    0x90, 0x0, 0xa3, 0x71, 0x80, 0x3c, 0x97, 0xd2,
    0x60, 0x1, 0x6c, 0xd7, 0x20, 0xf, 0xda, 0x80,
    0x12, 0xdf, 0x49, 0x80, 0x7f, 0xf0, 0x4e, 0x7a,
    0x90, 0x3, 0xff, 0x85, 0xba, 0xc6, 0x10, 0xf,
    0xfe, 0x20,

    /* U+003F "?" */
    0x0, 0x24, 0xef, 0x7f, 0x5b, 0x0, 0x49, 0xb6,
    0xc4, 0x20, 0x29, 0x3a, 0x41, 0xe4, 0x0, 0x46,
    0x52, 0x0, 0x17, 0x80, 0xa, 0x7e, 0xe6, 0xb6,
    0x40, 0x4, 0xdf, 0xac, 0x1, 0xcc, 0xa0, 0xc,
    0x40, 0xf, 0xda, 0x0, 0x10, 0xf, 0xed, 0x0,
    0x18, 0x7, 0xe3, 0x50, 0x5, 0x0, 0x7c, 0x7a,
    0x0, 0x82, 0x0, 0xf1, 0xe0, 0x83, 0xb8, 0x3,
    0xc7, 0x80, 0x8, 0x80, 0x7, 0x87, 0x40, 0x10,
    0xe0, 0x1f, 0x30, 0x82, 0xb8, 0x7, 0xec, 0x0,
    0x70, 0x7, 0xf3, 0x80, 0x1c, 0x3, 0xff, 0x94,
    0xc4, 0x41, 0x0, 0xfe, 0xad, 0xd1, 0x0, 0x7f,
    0xf2, 0xbb, 0xfc, 0x80, 0x1f, 0xfe, 0x0,

    /* U+0040 "@" */
    0x0, 0xff, 0xe0, 0x9, 0x9c, 0x20, 0x1f, 0xfc,
    0x71, 0x6b, 0xfe, 0xcc, 0xbb, 0x94, 0xa0, 0x1f,
    0xfc, 0x37, 0xf9, 0x40, 0xf, 0xa, 0xd7, 0x30,
    0x7, 0xfc, 0x7d, 0x2, 0xb, 0x5b, 0xdf, 0xed,
    0x95, 0x1, 0x9b, 0x10, 0xf, 0xcd, 0x82, 0x11,
    0xf4, 0xa4, 0x20, 0x2, 0x6a, 0xe5, 0x4, 0xc2,
    0x0, 0xf2, 0xc8, 0x1f, 0x38, 0x7, 0xf8, 0x6a,
    0xc0, 0xbc, 0x40, 0x31, 0xd0, 0x26, 0x8, 0x7,
    0xff, 0x5, 0x2c, 0xa, 0xc0, 0x37, 0x81, 0xd8,
    0x7, 0xff, 0x11, 0x28, 0x15, 0x0, 0xa, 0x61,
    0xc0, 0x1c, 0x75, 0xdf, 0xd4, 0x80, 0xf9, 0x0,
    0x5, 0x50, 0x40, 0x2, 0x1, 0x88, 0x3, 0x36,
    0x28, 0x80, 0xad, 0xc7, 0x19, 0x0, 0x52, 0x6,
    0x46, 0x41, 0x60, 0x19, 0x24, 0x0, 0xf5, 0x6e,
    0xe, 0xc0, 0x1c, 0x64, 0x8, 0x80, 0x32, 0x0,
    0xd2, 0x3, 0xb0, 0xa9, 0x1a, 0x20, 0x1f, 0x38,
    0x66, 0x82, 0x0, 0x63, 0x20, 0x82, 0x0, 0xc5,
    0x60, 0x1f, 0x10, 0xb, 0x87, 0x0, 0x64, 0x0,
    0x38, 0x7, 0x94, 0x3, 0xff, 0x80, 0x60, 0x1b,
    0xc0, 0x2, 0x1, 0xf1, 0x0, 0x78, 0x40, 0x40,
    0x3e, 0x10, 0x10, 0xf, 0xfe, 0x1a, 0x86, 0x88,
    0x10, 0x6, 0xe0, 0x11, 0x0, 0x7c, 0x40, 0x1c,
    0x46, 0x8, 0xc1, 0xc0, 0x18, 0xc0, 0xe, 0x1,
    0xe5, 0x0, 0xf4, 0x81, 0x9b, 0x41, 0xc0, 0x32,
    0x10, 0x41, 0x0, 0x61, 0xb0, 0xe, 0x94, 0xf,
    0x5, 0x1, 0x30, 0xd, 0x0, 0x3b, 0x8, 0x87,
    0xf1, 0x0, 0x33, 0xeb, 0x5, 0x18, 0x11, 0x84,
    0x0, 0x65, 0x80, 0x3, 0xdd, 0xa0, 0x59, 0x80,
    0x70, 0x44, 0xc5, 0x0, 0xa0, 0x11, 0x0, 0x19,
    0xf1, 0x44, 0x5, 0x6e, 0x40, 0x49, 0xaf, 0x4c,
    0x3, 0x22, 0x2, 0x88, 0x3, 0x1d, 0x77, 0xf5,
    0x20, 0x4f, 0x6c, 0xa0, 0x7, 0xd4, 0x22, 0xf1,
    0x0, 0xff, 0xe5, 0x8e, 0x81, 0x7a, 0x0, 0x7f,
    0xf0, 0xa, 0x88, 0x3, 0xf1, 0xe0, 0x8a, 0xe8,
    0x80, 0x3f, 0xc, 0x6a, 0xf8, 0x7, 0xf1, 0xf9,
    0x82, 0xee, 0xa5, 0x95, 0x15, 0xf3, 0x9c, 0x6,
    0x40, 0x3f, 0xc3, 0x96, 0x40, 0x4d, 0x35, 0x75,
    0x6, 0x3, 0x1c, 0x80, 0x1f, 0xfc, 0x4, 0xdc,
    0x74, 0x10, 0x0, 0x9b, 0xdf, 0x38, 0x7, 0xc0,

    /* U+0041 "A" */
    0x0, 0xfc, 0x3f, 0xf7, 0x0, 0x7f, 0xf1, 0x5c,
    0x2, 0x14, 0x0, 0xff, 0xe2, 0x58, 0x6, 0xf0,
    0xf, 0xfe, 0x19, 0x90, 0x29, 0x82, 0x8, 0x7,
    0xff, 0xa, 0x80, 0x1d, 0x40, 0x6, 0x0, 0xff,
    0xe1, 0x30, 0xa, 0x38, 0x2, 0x80, 0x3f, 0xf8,
    0x2a, 0x0, 0x60, 0x15, 0x2, 0x30, 0xf, 0xfe,
    0x4, 0x80, 0x28, 0x1, 0xc0, 0x9, 0x0, 0xff,
    0x88, 0xc0, 0xc8, 0x0, 0x82, 0xa, 0x1, 0xff,
    0x50, 0x2, 0xc0, 0x33, 0x80, 0x18, 0x3, 0xfc,
    0xc0, 0x6, 0x0, 0xd4, 0x0, 0xa0, 0xf, 0xe4,
    0x10, 0x41, 0x0, 0xc6, 0x40, 0x64, 0x1, 0xfb,
    0x80, 0x1c, 0x1, 0xea, 0x0, 0x58, 0x7, 0xc2,
    0xa0, 0x5, 0x0, 0xf3, 0x0, 0x1c, 0x3, 0xe6,
    0x0, 0xd, 0x57, 0xd6, 0x0, 0x15, 0x0, 0xf5,
    0x0, 0x5, 0x57, 0xf0, 0x5, 0xc0, 0x1c, 0x64,
    0x1, 0xff, 0xc2, 0x41, 0x0, 0xd4, 0x0, 0x7f,
    0xff, 0xf3, 0x0, 0x18, 0x3, 0x30, 0x2, 0x80,
    0x3f, 0xda, 0x0, 0x90, 0x9, 0x80, 0x4, 0x40,
    0xf, 0xf2, 0x8, 0xa, 0x0, 0x28, 0x1, 0x40,
    0x1f, 0xfc, 0x6, 0x0, 0x70, 0x11, 0x80, 0x18,
    0x3, 0xff, 0x81, 0x60, 0x5, 0x1a, 0x0, 0x18,
    0x80, 0x7f, 0xf0, 0xc, 0x80, 0xe,

    /* U+0042 "B" */
    0xdf, 0xff, 0xdd, 0x92, 0x60, 0x1f, 0xfc, 0x11,
    0x36, 0xca, 0x0, 0xf2, 0x33, 0x65, 0x40, 0x9,
    0x6c, 0x3, 0xbe, 0x67, 0x55, 0xfb, 0x0, 0x11,
    0x0, 0x1f, 0xfc, 0x9, 0x30, 0x6, 0x80, 0x7f,
    0xf0, 0x50, 0x0, 0x40, 0x1f, 0xfc, 0x42, 0x0,
    0xff, 0xe0, 0xa0, 0x3, 0xc0, 0x3f, 0xf8, 0x10,
    0x60, 0x2c, 0x1, 0xbe, 0x67, 0xaf, 0x9c, 0x7,
    0x40, 0x39, 0x19, 0xb9, 0x4, 0x1f, 0x8c, 0x3,
    0xff, 0x84, 0xfa, 0x60, 0x1d, 0x7f, 0xfd, 0xd6,
    0xa0, 0x58, 0x80, 0x1f, 0xe1, 0x4a, 0x80, 0x5,
    0x0, 0x7f, 0xf0, 0x5c, 0x40, 0x54, 0x3, 0xff,
    0x82, 0xa0, 0xc, 0x0, 0xff, 0xe0, 0x88, 0x0,
    0xc0, 0x3f, 0xf8, 0x2c, 0x0, 0x30, 0xf, 0xfe,
    0x1, 0x98, 0x1, 0xe0, 0x1f, 0xf2, 0x68, 0x0,
    0x5c, 0x2, 0xf9, 0x9e, 0xad, 0xb1, 0x0, 0x58,
    0x80, 0x48, 0xcd, 0xca, 0x40, 0x1, 0xa5, 0x0,
    0xff, 0x89, 0x67, 0x94, 0x0,

    /* U+0043 "C" */
    0x0, 0xf8, 0xe2, 0xf7, 0xfd, 0xd9, 0x28, 0x1,
    0xf8, 0xf3, 0xe, 0x84, 0x0, 0x13, 0x6b, 0xe6,
    0x0, 0xe7, 0xc3, 0x0, 0x8d, 0x54, 0x84, 0x0,
    0x19, 0x80, 0x9, 0xe0, 0x0, 0x55, 0xf9, 0x54,
    0xbd, 0xe8, 0x10, 0x10, 0x2, 0x40, 0x1, 0x75,
    0x40, 0x3c, 0x2f, 0xce, 0x1, 0x48, 0x0, 0xe8,
    0x3, 0xfe, 0x88, 0x2, 0x90, 0x3, 0x80, 0x3f,
    0xf8, 0x22, 0x1e, 0x0, 0x42, 0x0, 0xff, 0xe1,
    0xa0, 0x3, 0x0, 0x3f, 0xf8, 0x82, 0x0, 0x30,
    0xf, 0xfe, 0x19, 0x0, 0x4e, 0x1, 0xff, 0xc7,
    0x10, 0xf, 0xfe, 0x38, 0x80, 0x7f, 0xf0, 0xc8,
    0x2, 0x70, 0xf, 0xfe, 0x20, 0x80, 0xc, 0x3,
    0xff, 0x88, 0x80, 0xc, 0x0, 0xff, 0xe2, 0x78,
    0x1, 0x8, 0x3, 0xff, 0x86, 0xa4, 0x0, 0xe0,
    0xf, 0xfe, 0x8, 0x80, 0x24, 0x0, 0x74, 0x1,
    0xff, 0x44, 0x0, 0x9, 0x0, 0x5, 0xd5, 0x0,
    0xf0, 0xbf, 0x38, 0x6, 0x78, 0x0, 0x15, 0x7e,
    0x55, 0x2f, 0x7a, 0x4, 0x4, 0x3, 0x3e, 0x18,
    0x4, 0x6a, 0xa4, 0x20, 0x0, 0xcc, 0x0, 0x71,
    0xe6, 0x1c, 0xc8, 0x0, 0x26, 0xd7, 0xcc, 0x0,

    /* U+0044 "D" */
    0xdf, 0xff, 0xbb, 0x69, 0xd0, 0x3, 0xff, 0x86,
    0x24, 0xb1, 0x7d, 0x0, 0x1f, 0x91, 0x9a, 0x54,
    0x30, 0x8, 0x5f, 0x90, 0x3, 0xdf, 0x33, 0x55,
    0xe7, 0xe2, 0x80, 0x6, 0xcc, 0x3, 0xff, 0x82,
    0x75, 0x62, 0x0, 0xd1, 0x0, 0xff, 0xe1, 0x26,
    0x80, 0x6, 0x40, 0x3f, 0xf8, 0x66, 0xc0, 0x7,
    0x0, 0xff, 0xe2, 0x58, 0x4, 0x60, 0x1f, 0xfc,
    0x32, 0x10, 0x2, 0x0, 0x7f, 0xf1, 0x14, 0x1,
    0xc0, 0x1f, 0xfc, 0x41, 0x0, 0x18, 0x7, 0xff,
    0x10, 0xc0, 0x2, 0x1, 0xff, 0xc4, 0x30, 0x0,
    0x80, 0x7f, 0xf1, 0x4, 0x0, 0x60, 0x1f, 0xfc,
    0x45, 0x0, 0x70, 0x7, 0xff, 0xc, 0x84, 0x0,
    0x80, 0x1f, 0xfc, 0x3b, 0x0, 0x8c, 0x3, 0xff,
    0x84, 0x6c, 0x0, 0x70, 0xf, 0xfe, 0x12, 0x68,
    0x0, 0x64, 0x3, 0xff, 0x80, 0x75, 0x62, 0x0,
    0xd1, 0x0, 0xdf, 0x33, 0x55, 0xe7, 0xe2, 0x80,
    0x6, 0xcc, 0x3, 0x91, 0x9a, 0x54, 0x30, 0x8,
    0x5f, 0x90, 0x3, 0xfe, 0x12, 0x48, 0xbe, 0x80,
    0xe,

    /* U+0045 "E" */
    0xdf, 0xff, 0xfe, 0xf, 0x0, 0x7f, 0xf2, 0xd,
    0x57, 0xfc, 0xe0, 0x1a, 0x2a, 0xbf, 0xd2, 0x1,
    0xff, 0xff, 0x0, 0xfe, 0x8a, 0xaf, 0xf2, 0x0,
    0x63, 0x55, 0xff, 0x10, 0x7, 0xff, 0x22, 0xff,
    0xff, 0xcc, 0x1, 0xff, 0xff, 0x0, 0xff, 0xee,
    0xc5, 0x57, 0xfc, 0x20, 0x11, 0xaa, 0xff, 0xc6,
    0x1, 0xff, 0xc4,

    /* U+0046 "F" */
    0xdf, 0xff, 0xfe, 0x4, 0x0, 0x7f, 0xf1, 0x4d,
    0x57, 0xfb, 0x40, 0x28, 0xaa, 0xfe, 0x50, 0xf,
    0xff, 0xed, 0xff, 0xfe, 0x80, 0xf, 0xfe, 0x31,
    0xaa, 0xfe, 0xd0, 0xd, 0x15, 0x5f, 0x94, 0x3,
    0xff, 0xfe, 0x1, 0xff, 0xf6,

    /* U+0047 "G" */
    0x0, 0xf8, 0x9e, 0xf7, 0xbf, 0xb6, 0x9c, 0x80,
    0x3f, 0x8e, 0xf6, 0x10, 0x84, 0x4, 0x96, 0x37,
    0x14, 0x3, 0xcf, 0x88, 0x1, 0x1a, 0x2a, 0x8c,
    0x40, 0x7, 0x50, 0x1, 0x9e, 0x0, 0x5, 0x3f,
    0x97, 0x54, 0xce, 0xd7, 0x10, 0x10, 0x9, 0x20,
    0x0, 0xba, 0xc0, 0x1f, 0x14, 0x73, 0x88, 0x5,
    0x20, 0x3, 0xa0, 0xf, 0xfe, 0x4, 0x40, 0x0,
    0xa4, 0x0, 0xe0, 0xf, 0xfe, 0x2f, 0x80, 0x10,
    0x80, 0x3f, 0xf8, 0xa8, 0x0, 0xc0, 0xf, 0xfe,
    0x30, 0x80, 0xc, 0x3, 0xff, 0x8a, 0x40, 0x13,
    0x80, 0x7c, 0x33, 0x3f, 0x84, 0x3, 0x8, 0x7,
    0xe6, 0x6f, 0xc6, 0x1, 0xff, 0xca, 0x20, 0x9,
    0x80, 0x3e, 0x1f, 0xfe, 0x0, 0xe1, 0x0, 0x18,
    0x7, 0xff, 0x19, 0x0, 0x18, 0x1, 0xff, 0xc6,
    0xf0, 0x2, 0x10, 0x7, 0xff, 0x15, 0x48, 0x1,
    0xc0, 0x1f, 0xfc, 0x69, 0x0, 0x1d, 0x0, 0x7f,
    0xf1, 0x51, 0xc0, 0xb, 0xac, 0x1, 0xf1, 0x40,
    0x7, 0xd1, 0x0, 0x1, 0x4f, 0xe5, 0xd5, 0x2f,
    0x74, 0xe0, 0x3, 0x30, 0x6, 0x7c, 0x40, 0x8,
    0xd1, 0x54, 0x84, 0x0, 0x3a, 0xc1, 0x0, 0xe3,
    0xbc, 0x84, 0x21, 0x1, 0x24, 0x8c, 0xc2, 0x80,
    0x0,

    /* U+0048 "H" */
    0xdf, 0xf2, 0x0, 0x7f, 0x8f, 0xfd, 0xc0, 0x1f,
    0xff, 0xf0, 0xf, 0xff, 0xe4, 0x55, 0x7f, 0xa0,
    0x3, 0xc6, 0xab, 0xfe, 0x40, 0xf, 0xfe, 0x65,
    0xff, 0xff, 0xb0, 0x3, 0xff, 0xfe, 0x1, 0xff,
    0xff, 0x0, 0xff, 0xea, 0x80,

    /* U+0049 "I" */
    0xdf, 0xf2, 0x0, 0x7f, 0xff, 0xc0, 0x3f, 0xf8,
    0x20,

    /* U+004A "J" */
    0x0, 0xed, 0xff, 0x20, 0x7, 0xff, 0xfc, 0x3,
    0xff, 0xfe, 0x1, 0xff, 0xe0, 0x30, 0xf, 0xc2,
    0x0, 0x70, 0xc, 0x20, 0x11, 0x0, 0x67, 0x0,
    0x8, 0x80, 0x23, 0x80, 0x3, 0x3, 0xde, 0x60,
    0x40, 0x12, 0x1a, 0x86, 0x1, 0x58, 0x80, 0x42,
    0x6f, 0xc8, 0x0,

    /* U+004B "K" */
    0xdf, 0xf2, 0x0, 0x7f, 0x5f, 0xfc, 0xa0, 0x1f,
    0xfc, 0x1, 0xc4, 0x0, 0x5a, 0x80, 0x7f, 0xc3,
    0x86, 0x3, 0x88, 0x1, 0xff, 0x16, 0x10, 0xe,
    0x18, 0x7, 0xfc, 0x58, 0x40, 0x5e, 0x40, 0x1f,
    0xf1, 0xe0, 0x81, 0xe0, 0x80, 0x7f, 0xc9, 0x82,
    0x7, 0x82, 0x1, 0xff, 0x2d, 0x80, 0x13, 0x0,
    0x3f, 0xf8, 0xd, 0x40, 0x5, 0xb0, 0xf, 0xfe,
    0x7, 0xc8, 0x1, 0xe8, 0x3, 0xff, 0x82, 0x80,
    0x6, 0x80, 0xf, 0xfe, 0x2b, 0x90, 0x7, 0xff,
    0xa, 0x4, 0x7, 0x8, 0x3, 0xff, 0x82, 0x78,
    0x20, 0x38, 0x40, 0x1f, 0xfc, 0x12, 0xc1, 0x1,
    0xc2, 0x0, 0xff, 0xe0, 0x96, 0x8, 0xe, 0x10,
    0x7, 0xff, 0x4, 0xb0, 0x40, 0x70, 0x80, 0x3f,
    0xf8, 0x25, 0x82, 0x3, 0x84, 0x1, 0xff, 0xc1,
    0x2c, 0x10, 0x1c, 0x20, 0xf, 0xfe, 0x9, 0x60,
    0x80, 0xe1, 0x80, 0x7f, 0xf0, 0x4b, 0x4, 0x7,
    0x4c, 0x3, 0xff, 0x82, 0x58, 0x20, 0x3a, 0x60,
    0x1f, 0xfc, 0x12, 0xc1, 0x1, 0xc3,

    /* U+004C "L" */
    0xdf, 0xf2, 0x0, 0x7f, 0xff, 0xc0, 0x3f, 0xff,
    0xe0, 0x1f, 0xff, 0xf0, 0xf, 0xff, 0xf4, 0x55,
    0x7f, 0x9c, 0x2, 0x35, 0x5f, 0xf6, 0x80, 0x7f,
    0xf0, 0xc0,

    /* U+004D "M" */
    0xdf, 0xfc, 0x20, 0x1f, 0xe6, 0xff, 0xce, 0x1,
    0xce, 0x1, 0xfe, 0xa0, 0xf, 0xf5, 0x0, 0x7f,
    0x11, 0x80, 0x7e, 0x40, 0x32, 0x0, 0xfd, 0x40,
    0x4, 0x0, 0xf7, 0x0, 0x28, 0x3, 0xf3, 0x1,
    0x90, 0x7, 0x98, 0xc1, 0x80, 0x3e, 0x51, 0xa,
    0x0, 0xfd, 0x40, 0x2a, 0x1, 0xee, 0x0, 0x30,
    0x7, 0xe6, 0x0, 0x70, 0x7, 0xa, 0x3, 0x0,
    0x7f, 0x94, 0x10, 0x40, 0x33, 0x0, 0x28, 0x3,
    0xfd, 0x20, 0x6, 0x0, 0xd4, 0x4, 0x60, 0x1f,
    0xe3, 0x20, 0xa0, 0x8, 0xc8, 0x28, 0x3, 0xff,
    0x81, 0x40, 0x46, 0x0, 0xa0, 0x3, 0x0, 0x7f,
    0xf0, 0x18, 0x1, 0x40, 0x6, 0x4, 0x10, 0xf,
    0xfe, 0x0, 0xa0, 0x30, 0x30, 0x3, 0x80, 0x3f,
    0xf8, 0x5c, 0x0, 0x5a, 0x1, 0x50, 0xf, 0xfe,
    0x12, 0x88, 0x41, 0x83, 0x80, 0x7f, 0xf1, 0x1c,
    0x8, 0x1, 0x60, 0x1f, 0xfc, 0x4a, 0x0, 0x8c,
    0x80, 0x3f, 0xf8, 0x86, 0xec, 0xc8, 0x0, 0xff,
    0xe3, 0x44, 0xc9, 0x0, 0x3f, 0xff, 0xe0,

    /* U+004E "N" */
    0xdf, 0xfa, 0x80, 0x3f, 0x93, 0xfd, 0x80, 0x19,
    0x4c, 0x3, 0xff, 0x8b, 0x0, 0x1f, 0xfc, 0x54,
    0x40, 0x7, 0xff, 0x9, 0x80, 0x10, 0x1, 0xff,
    0xc2, 0xa2, 0x3, 0x50, 0xf, 0xfe, 0x14, 0x0,
    0x20, 0x3, 0xff, 0x84, 0xa6, 0x4, 0xc0, 0x1f,
    0xfc, 0x28, 0x0, 0x40, 0x7, 0xff, 0x9, 0x10,
    0x2, 0xe0, 0x1f, 0xfc, 0x29, 0x0, 0x40, 0x80,
    0x7f, 0xf0, 0x49, 0x40, 0x10, 0x1, 0xff, 0xc2,
    0x80, 0x3, 0x10, 0x7, 0xff, 0x4, 0x98, 0x1,
    0x0, 0x1f, 0xfc, 0x28, 0x0, 0x29, 0x80, 0x7f,
    0xf0, 0x46, 0x0, 0x10, 0x1, 0xff, 0xc2, 0x71,
    0x4, 0x40, 0x7, 0xff, 0xa, 0x0, 0x10, 0x1,
    0xff, 0xc2, 0x62, 0x3, 0xd0, 0xf, 0xfe, 0x14,
    0x0, 0x18, 0x3, 0xff, 0x84, 0xa6, 0x1, 0xff,
    0xc5, 0x80, 0xf, 0xfe, 0x2a, 0x20, 0x3, 0x0,

    /* U+004F "O" */
    0x0, 0xf9, 0x27, 0x7b, 0xfb, 0x69, 0x40, 0x3f,
    0xf8, 0xb, 0xb6, 0xc4, 0x20, 0x24, 0xb5, 0xcc,
    0x1, 0xfd, 0x14, 0x40, 0x1, 0x56, 0x52, 0x0,
    0xc, 0xd0, 0x7, 0xd0, 0xe0, 0x3, 0xce, 0xa9,
    0xad, 0xd2, 0x80, 0x16, 0xc0, 0x39, 0x1c, 0x0,
    0xb8, 0x60, 0x1c, 0x55, 0x0, 0x4, 0x70, 0xd,
    0x20, 0x3, 0xa0, 0xf, 0xe7, 0x60, 0x4, 0x8,
    0x1, 0x48, 0x1, 0xc0, 0x1f, 0xf4, 0x80, 0x52,
    0x0, 0xf0, 0x1, 0x90, 0x7, 0xff, 0x1, 0x80,
    0xa, 0x0, 0x40, 0x5, 0x80, 0x7f, 0xf0, 0x74,
    0x0, 0x42, 0x2, 0x0, 0x30, 0xf, 0xfe, 0xa,
    0x80, 0x44, 0x40, 0x9, 0xc0, 0x3f, 0xf8, 0x22,
    0x1, 0x30, 0x6, 0x10, 0xf, 0xfe, 0xe9, 0x0,
    0x4c, 0x1, 0xff, 0xc1, 0x10, 0x9, 0x80, 0x40,
    0x6, 0x1, 0xff, 0xc1, 0x50, 0x8, 0x81, 0x0,
    0x16, 0x1, 0xff, 0xc1, 0xd0, 0x1, 0x8, 0x78,
    0x0, 0xc8, 0x3, 0xff, 0x80, 0xe0, 0x5, 0x0,
    0x29, 0x0, 0x38, 0x3, 0xfe, 0x91, 0x0, 0x48,
    0x5, 0x0, 0x3, 0x90, 0xf, 0xe7, 0x60, 0x4,
    0x8, 0x4, 0xae, 0x0, 0x6c, 0x30, 0xe, 0x2a,
    0x80, 0x2, 0x38, 0x7, 0x43, 0x80, 0xf, 0x36,
    0xa6, 0xb7, 0x4a, 0x0, 0x5b, 0x0, 0xfa, 0x28,
    0x80, 0x4, 0xac, 0xa4, 0x0, 0x19, 0xa0, 0xf,
    0xe5, 0xdb, 0x62, 0x10, 0x12, 0x5a, 0xe6, 0x0,
    0xe0,

    /* U+0050 "P" */
    0xdf, 0xff, 0xbb, 0x24, 0xc0, 0x3f, 0xf8, 0x2,
    0x6d, 0x96, 0x20, 0x1c, 0x8c, 0xd2, 0xa0, 0x4,
    0x98, 0x1, 0xdf, 0x33, 0x55, 0xfb, 0x0, 0xa,
    0x0, 0x3f, 0xe9, 0x40, 0x2, 0x80, 0x7f, 0xf0,
    0x3c, 0x0, 0x42, 0x1, 0xff, 0x30, 0x4, 0x60,
    0x1f, 0xf0, 0x80, 0x7f, 0xf0, 0xd4, 0x2, 0x20,
    0xf, 0xf0, 0xc0, 0x0, 0xc0, 0x3f, 0x85, 0xbc,
    0x40, 0x10, 0x1, 0xaf, 0xff, 0x74, 0x88, 0x1,
    0xd0, 0x3, 0xff, 0x80, 0x55, 0x0, 0x1c, 0x8c,
    0xd9, 0xe7, 0x35, 0x40, 0x3d, 0xf3, 0x3a, 0x18,
    0xc0, 0x3f, 0xff, 0xe0, 0x1f, 0xfe, 0xe0,

    /* U+0051 "Q" */
    0x0, 0xf9, 0x27, 0x7b, 0xfb, 0x69, 0x40, 0x3f,
    0xf8, 0xb, 0xb6, 0xc4, 0x20, 0x24, 0xb5, 0xcc,
    0x1, 0xfd, 0x14, 0x40, 0x1, 0x56, 0x52, 0x0,
    0xc, 0xd0, 0x7, 0xd0, 0xe0, 0x3, 0xce, 0xa9,
    0xad, 0xd2, 0x80, 0x16, 0xc0, 0x39, 0x1c, 0x0,
    0xb8, 0x60, 0x1c, 0x55, 0x0, 0x4, 0x70, 0xd,
    0x20, 0x3, 0xa0, 0xf, 0xe7, 0x60, 0x4, 0x8,
    0x1, 0x48, 0x1, 0xc0, 0x1f, 0xf4, 0x80, 0x52,
    0x0, 0xf0, 0x1, 0x90, 0x7, 0xff, 0x1, 0x80,
    0xa, 0x0, 0x40, 0x5, 0x80, 0x7f, 0xf0, 0x74,
    0x0, 0x42, 0x2, 0x0, 0x30, 0xf, 0xfe, 0xa,
    0x80, 0x44, 0x40, 0x9, 0xc0, 0x3f, 0xf8, 0x22,
    0x1, 0x30, 0x6, 0x10, 0xf, 0xfe, 0xe9, 0x0,
    0x4c, 0x1, 0xff, 0xc1, 0x10, 0x8, 0x40, 0x40,
    0x6, 0x1, 0xff, 0xc1, 0x50, 0x9, 0x41, 0x0,
    0x18, 0x1, 0xff, 0xc1, 0xc0, 0x1, 0x8, 0x78,
    0x1, 0x8, 0x3, 0xff, 0x80, 0xc0, 0x5, 0x0,
    0x29, 0x0, 0x38, 0x3, 0xfe, 0x91, 0x0, 0x48,
    0x5, 0x20, 0x3, 0x90, 0xf, 0xe6, 0x60, 0x2,
    0x4, 0x2, 0x47, 0x0, 0x35, 0x98, 0x7, 0xc,
    0xc8, 0x0, 0x8e, 0x1, 0xd0, 0xe0, 0x4, 0xcd,
    0xa9, 0xac, 0xe6, 0x0, 0x2d, 0x80, 0x7d, 0x14,
    0x40, 0x2, 0x56, 0x53, 0x0, 0xc, 0xd0, 0x7,
    0xf2, 0xed, 0xb1, 0x8, 0x7, 0x43, 0x0, 0x7f,
    0xf0, 0x12, 0x77, 0xbf, 0xcc, 0x0, 0x95, 0x0,
    0xff, 0xe3, 0x4b, 0x0, 0x29, 0x0, 0x3f, 0xf8,
    0xd2, 0xc0, 0xb, 0x40, 0xf, 0xfe, 0x34, 0xc9,
    0xdc, 0x60, 0x10,

    /* U+0052 "R" */
    0xdf, 0xff, 0xbb, 0x69, 0x0, 0x3f, 0xf8, 0x62,
    0x4b, 0x78, 0x40, 0x1f, 0x91, 0x9a, 0x54, 0x10,
    0x1, 0xe0, 0x80, 0x7d, 0xf3, 0x35, 0x5f, 0x40,
    0x0, 0x60, 0x3, 0xff, 0x84, 0xec, 0x0, 0x70,
    0xf, 0xfe, 0x1d, 0x0, 0x4, 0x40, 0x1f, 0xfc,
    0x21, 0x0, 0x8c, 0x3, 0xff, 0x84, 0x20, 0x1f,
    0xfc, 0x6a, 0x0, 0x88, 0x3, 0xff, 0x82, 0xec,
    0x0, 0x60, 0xf, 0xbe, 0x67, 0x5f, 0x40, 0x0,
    0xa0, 0x3, 0xe4, 0x66, 0xc8, 0x20, 0x5, 0xc1,
    0x0, 0xff, 0xe1, 0xa5, 0x88, 0x7, 0xeb, 0xff,
    0xba, 0xd0, 0x13, 0x4, 0x3, 0xff, 0x80, 0x29,
    0x6c, 0x5, 0xa0, 0x1f, 0xfc, 0x39, 0x20, 0x36,
    0x0, 0xff, 0xe1, 0xc8, 0x2, 0x0, 0x3f, 0xf8,
    0x68, 0x60, 0x30, 0x1, 0xff, 0xc3, 0x80, 0x3,
    0x88, 0x7, 0xff, 0x9, 0xc, 0x1, 0x20, 0x1f,
    0xfc, 0x38, 0x0, 0x38, 0x80, 0x7f, 0xf0, 0x90,
    0xc0, 0x12, 0x1, 0xff, 0xc3, 0x90, 0x3, 0x88,

    /* U+0053 "S" */
    0x0, 0x85, 0xaf, 0xbf, 0xed, 0xb8, 0x40, 0xe,
    0x6e, 0x94, 0x10, 0x8, 0x91, 0xef, 0xc4, 0x1,
    0x12, 0x1, 0x1a, 0xb2, 0xa0, 0x80, 0x46, 0x6,
    0xe0, 0x4, 0xdc, 0xa9, 0xab, 0xec, 0x71, 0x0,
    0x48, 0x0, 0xec, 0x80, 0x3c, 0x71, 0xc4, 0xe,
    0x0, 0x90, 0xf, 0xfe, 0x90, 0x80, 0x30, 0x3,
    0xff, 0x83, 0x60, 0x6, 0x60, 0x7, 0xff, 0x1,
    0xc8, 0x1, 0x3d, 0x4e, 0x60, 0x1f, 0xde, 0x60,
    0x1, 0x58, 0xcf, 0xd8, 0x30, 0xe, 0x2c, 0xa4,
    0x0, 0xe2, 0x7c, 0xb1, 0x0, 0xe5, 0xbf, 0xc9,
    0x62, 0x0, 0x93, 0xc8, 0x3, 0xe3, 0x69, 0xdd,
    0x30, 0x0, 0x78, 0x3, 0xfe, 0x29, 0x90, 0x0,
    0xcc, 0x1, 0xff, 0xc0, 0x61, 0x0, 0x20, 0x7,
    0xff, 0x4, 0x80, 0x1e, 0x1, 0xff, 0xc1, 0x20,
    0x7, 0x28, 0x7, 0xfc, 0xa2, 0x0, 0x59, 0xf9,
    0x30, 0xf, 0x9e, 0x80, 0x4, 0x60, 0x6, 0xcf,
    0xca, 0x99, 0x5f, 0xc0, 0x5, 0xc0, 0x82, 0x1,
    0x1a, 0xb3, 0x10, 0x2, 0x3d, 0x30, 0x8e, 0xc8,
    0x42, 0x0, 0x84, 0xdf, 0x30, 0x40, 0x0,

    /* U+0054 "T" */
    0x1f, 0xff, 0xfe, 0x3d, 0x0, 0x7f, 0xf2, 0x95,
    0x7f, 0x0, 0x46, 0xab, 0xf6, 0xd, 0x57, 0xe2,
    0x0, 0x4d, 0x57, 0xcc, 0x1, 0xff, 0xff, 0x0,
    0xff, 0xff, 0x80, 0x7f, 0xff, 0xc0, 0x3f, 0xff,
    0xe0, 0x1f, 0xff, 0xf0, 0xf, 0xfe, 0x60,

    /* U+0055 "U" */
    0x3f, 0xf8, 0x3, 0xfe, 0x8f, 0xf5, 0x0, 0x7f,
    0xff, 0xc0, 0x3f, 0xff, 0xe0, 0x1f, 0xff, 0xf0,
    0xf, 0xfe, 0xc8, 0x80, 0xc, 0x40, 0x21, 0x0,
    0xff, 0x18, 0x0, 0x48, 0x2, 0x50, 0xf, 0xf3,
    0x80, 0x38, 0xc, 0x1, 0xa0, 0x1f, 0xc4, 0x40,
    0x2, 0x5, 0x0, 0x18, 0x80, 0x3f, 0x40, 0x0,
    0x88, 0xc, 0x40, 0xc, 0x40, 0xe, 0x1a, 0x50,
    0x4, 0x0, 0x5c, 0x0, 0x1b, 0xda, 0x9a, 0xce,
    0x50, 0x3, 0xa8, 0x4, 0x7a, 0x60, 0x2, 0x56,
    0x53, 0x0, 0xa6, 0x0, 0x38, 0xb2, 0xd8, 0x84,
    0x0, 0x29, 0x1c, 0xc0, 0x10,

    /* U+0056 "V" */
    0x8f, 0xf5, 0x80, 0x7f, 0xf0, 0xb7, 0xfc, 0xd4,
    0x0, 0x42, 0x0, 0xff, 0xe0, 0x19, 0x0, 0x1c,
    0x8c, 0x1, 0x40, 0x1f, 0xfc, 0xa, 0x0, 0x28,
    0x85, 0x0, 0x18, 0x3, 0xff, 0x80, 0xc0, 0xe,
    0x0, 0x30, 0x0, 0x50, 0x3, 0xfc, 0xc0, 0x1,
    0x40, 0x9, 0x80, 0x1c, 0x1, 0xfe, 0xa0, 0x4,
    0x80, 0x6a, 0x0, 0x28, 0x7, 0xf1, 0x18, 0x1,
    0x80, 0x31, 0x90, 0x1, 0x80, 0x3f, 0x50, 0x1,
    0x4, 0x3, 0xa8, 0x1, 0x40, 0x1f, 0x98, 0x1,
    0xc0, 0x1e, 0x60, 0x1, 0x90, 0x7, 0x90, 0x40,
    0x54, 0x3, 0xc2, 0xa0, 0xa, 0x0, 0xf7, 0x0,
    0x1c, 0x3, 0xf7, 0x0, 0x18, 0x3, 0x85, 0x40,
    0x16, 0x1, 0xf9, 0x4, 0x5, 0x40, 0x33, 0x0,
    0xc, 0x80, 0x3f, 0x98, 0x1, 0xc0, 0x1a, 0x80,
    0x14, 0x1, 0xfe, 0xa0, 0x2, 0x8, 0x0, 0xc8,
    0x0, 0xc0, 0x1f, 0xe2, 0x30, 0x3, 0x0, 0x28,
    0x0, 0xa0, 0x1f, 0xfc, 0x9, 0x0, 0x50, 0x1,
    0xc0, 0x12, 0x1, 0xff, 0xc0, 0x50, 0x1, 0x1a,
    0x88, 0x11, 0x80, 0x7f, 0xf0, 0x58, 0x1, 0x5c,
    0x0, 0xa0, 0xf, 0xfe, 0x15, 0x0, 0x19, 0x0,
    0xc, 0x1, 0xff, 0xc2, 0x32, 0x0, 0xc8, 0x20,
    0x1f, 0xfc, 0x3b, 0x0, 0xde, 0x1, 0xff, 0xc4,
    0x70, 0x8, 0x50, 0x3, 0xf0,

    /* U+0057 "W" */
    0xdf, 0xf2, 0x80, 0x7e, 0x1f, 0xfa, 0xc0, 0x3f,
    0xaf, 0xfc, 0xea, 0x0, 0xf0, 0xf, 0xc8, 0x1,
    0x20, 0x7, 0xf2, 0x0, 0x13, 0x0, 0x8, 0x1,
    0xfb, 0x0, 0x31, 0x80, 0x7c, 0x60, 0x11, 0xa0,
    0x0, 0x48, 0x3, 0xe4, 0x3, 0x0, 0x20, 0x7,
    0xc8, 0x0, 0x40, 0x1, 0x80, 0x10, 0x3, 0xc2,
    0x41, 0x66, 0x18, 0x1, 0xf6, 0x0, 0x30, 0x0,
    0x80, 0xc, 0x0, 0xf2, 0x0, 0x11, 0x0, 0x80,
    0x1f, 0x20, 0x1, 0x0, 0x18, 0x0, 0x40, 0xf,
    0x60, 0x0, 0xf0, 0x0, 0x60, 0x1c, 0x60, 0x1,
    0x30, 0x2, 0x0, 0x4, 0x80, 0x39, 0x1, 0x1,
    0x40, 0x8, 0x1, 0xc8, 0x0, 0x40, 0xc, 0x60,
    0x4, 0x0, 0xc2, 0x41, 0x80, 0x26, 0x18, 0x1,
    0xd6, 0x0, 0xc0, 0xc, 0x80, 0xc, 0x0, 0xc8,
    0x0, 0x40, 0x2, 0x82, 0x0, 0x71, 0x80, 0x10,
    0x3, 0x60, 0x1, 0x0, 0x36, 0x0, 0xc, 0x1,
    0x80, 0x3, 0x0, 0x90, 0x0, 0x24, 0x1, 0x90,
    0x0, 0x24, 0x1, 0x20, 0x20, 0x4, 0x80, 0x4,
    0x0, 0xb0, 0x0, 0x80, 0x1e, 0x30, 0x2, 0x0,
    0x4, 0x83, 0x0, 0x21, 0x20, 0xc0, 0x9, 0x0,
    0x18, 0x1, 0xe4, 0x0, 0x60, 0x1, 0x0, 0x8,
    0x1, 0x90, 0x10, 0x2, 0x30, 0x2, 0x0, 0x7b,
    0x0, 0x8, 0x0, 0xc0, 0x1, 0x80, 0x6c, 0x0,
    0x20, 0x20, 0x0, 0x48, 0x3, 0xc8, 0x0, 0x12,
    0x4, 0x4, 0x0, 0xe4, 0x0, 0x60, 0x60, 0x1,
    0x0, 0x3f, 0x20, 0x1, 0x4, 0x83, 0x0, 0x38,
    0x48, 0x10, 0x10, 0x1, 0x80, 0x1f, 0xb0, 0x1,
    0x88, 0x0, 0x40, 0xf, 0x20, 0x18, 0x98, 0x1,
    0x0, 0x3f, 0x20, 0x1, 0x30, 0x0, 0x60, 0x1e,
    0xc0, 0x4, 0x80, 0x4, 0x80, 0x3f, 0x18, 0x0,
    0x58, 0x10, 0x3, 0xe4, 0x0, 0x38, 0x1, 0xc0,
    0x3f, 0xc8, 0x1, 0xb0, 0x3, 0xe1, 0x20, 0xd,
    0x80, 0x1f, 0xec, 0x0, 0xc8, 0x1, 0xf9, 0x0,
    0x32, 0x0, 0x7f, 0x90, 0x3, 0x18, 0x7, 0xec,
    0x0, 0x88, 0x40, 0x38,

    /* U+0058 "X" */
    0x0, 0x57, 0xfa, 0xc0, 0x3f, 0xc9, 0xff, 0x10,
    0x2, 0xc4, 0x11, 0x80, 0x3f, 0xd, 0x0, 0x24,
    0x80, 0x3, 0x40, 0x9, 0x20, 0xf, 0xac, 0x41,
    0x18, 0x3, 0x23, 0x0, 0x38, 0x3, 0xca, 0xa0,
    0x1a, 0x0, 0xf4, 0x88, 0x1b, 0x80, 0x61, 0xb0,
    0x5, 0x88, 0x7, 0xd4, 0x0, 0x82, 0x0, 0xa8,
    0x41, 0x14, 0x3, 0xf2, 0x30, 0x3, 0x80, 0xc,
    0x80, 0x34, 0x1, 0xfe, 0x92, 0x3, 0x72, 0x90,
    0x5, 0x88, 0x7, 0xfd, 0xc0, 0x8, 0xf0, 0x2,
    0xa8, 0x3, 0xff, 0x80, 0x6e, 0x0, 0x20, 0x1b,
    0x0, 0xff, 0xe1, 0x40, 0x80, 0x54, 0x20, 0x1f,
    0xfc, 0x24, 0x10, 0x9, 0xc0, 0x3f, 0xf8, 0x74,
    0x1, 0xb8, 0x3, 0xff, 0x85, 0x22, 0x6, 0x40,
    0x50, 0x1, 0xff, 0xc0, 0x46, 0x0, 0x77, 0x0,
    0xe, 0x60, 0x1f, 0xe1, 0xa0, 0x4, 0x91, 0xb8,
    0x3, 0x80, 0x3f, 0xd6, 0x20, 0x8c, 0x0, 0x83,
    0x2, 0x90, 0xf, 0xca, 0xa0, 0x4, 0x80, 0x6e,
    0x0, 0x31, 0x80, 0x78, 0x6c, 0x1, 0x24, 0x1,
    0x8a, 0x0, 0x1c, 0x1, 0xeb, 0x10, 0x46, 0x0,
    0xf3, 0x98, 0x14, 0x80, 0x65, 0x50, 0x2, 0x80,
    0x3f, 0x70, 0x1, 0x90, 0x0, 0x36, 0x0, 0xa1,
    0x0, 0xfc, 0x50, 0x0, 0x90, 0x5, 0x8, 0x22,
    0x80, 0x7f, 0x9c, 0xc0, 0xa4,

    /* U+0059 "Y" */
    0xb, 0xff, 0x50, 0x7, 0xfc, 0x5f, 0xf2, 0x5,
    0x8, 0x2a, 0x80, 0x3f, 0xdc, 0x0, 0x64, 0x1,
    0xb0, 0x5, 0x88, 0x7, 0xe7, 0x30, 0x29, 0x0,
    0x95, 0x40, 0x34, 0x1, 0xf1, 0x40, 0x3, 0x80,
    0x3a, 0xc4, 0x11, 0x80, 0x3d, 0xe0, 0x7, 0x30,
    0xe, 0x1a, 0x0, 0x49, 0x0, 0x68, 0x20, 0x28,
    0x0, 0xf9, 0x18, 0x1, 0xc0, 0x11, 0xb8, 0x3,
    0xc0, 0x3f, 0xa4, 0x80, 0xdc, 0x1, 0xc0, 0x8,
    0x20, 0xf, 0xf4, 0x80, 0x20, 0xa0, 0x80, 0xdc,
    0x3, 0xfe, 0x47, 0x0, 0x7b, 0x80, 0x38, 0x3,
    0xff, 0x83, 0x4, 0x4, 0x0, 0x92, 0x0, 0xff,
    0xe1, 0x70, 0x4, 0x8c, 0x1, 0xff, 0xc3, 0x32,
    0x0, 0x70, 0x7, 0xff, 0xfc, 0x3, 0xff, 0xfe,
    0x1, 0xff, 0xf8,

    /* U+005A "Z" */
    0x3f, 0xff, 0xfe, 0x31, 0x0, 0x7f, 0xf2, 0x5,
    0x57, 0xff, 0x84, 0x1, 0x9, 0x12, 0xab, 0xff,
    0x83, 0xa0, 0x15, 0x0, 0x7f, 0xf0, 0x96, 0x0,
    0x12, 0x80, 0x1f, 0xfc, 0x12, 0xa0, 0x3, 0x30,
    0x3, 0xff, 0x82, 0x38, 0x0, 0x49, 0x0, 0xff,
    0xe1, 0x68, 0x81, 0x50, 0x7, 0xff, 0xa, 0x4c,
    0x1, 0xe2, 0x1, 0xff, 0xc1, 0x76, 0x0, 0x59,
    0x0, 0x7f, 0xf0, 0x52, 0x0, 0x10, 0x80, 0x1f,
    0xfc, 0x12, 0xa0, 0x2, 0xb8, 0x7, 0xff, 0xb,
    0xc4, 0xe, 0x80, 0x3f, 0xf8, 0x56, 0x40, 0x3a,
    0x1, 0xff, 0xc2, 0x84, 0x0, 0x68, 0x80, 0x7f,
    0xf0, 0x59, 0xc0, 0x14, 0x60, 0x1f, 0xfc, 0x13,
    0x90, 0x3, 0xa8, 0x7, 0xff, 0x4, 0x74, 0x0,
    0x90, 0x1, 0xff, 0xc2, 0xd1, 0x2, 0xb0, 0xf,
    0xfe, 0x15, 0x18, 0xf, 0x80, 0x7f, 0xf0, 0x99,
    0x40, 0x7, 0x15, 0x5f, 0xfc, 0x15, 0xf0, 0x8,
    0x95, 0x7f, 0xf8, 0x44, 0x1, 0xff, 0xc8,

    /* U+005B "[" */
    0x4f, 0xff, 0x30, 0x7, 0xfc, 0x97, 0x73, 0x80,
    0x42, 0x89, 0x8, 0x7, 0xff, 0xfc, 0x3, 0xff,
    0xfe, 0x1, 0xff, 0xd1, 0x13, 0x38, 0x40, 0x24,
    0xcc, 0x9c, 0x3, 0xf0,

    /* U+005C "\\" */
    0xdf, 0xc0, 0xf, 0xca, 0x6, 0x20, 0x1f, 0x58,
    0x1, 0xc0, 0x3e, 0x31, 0xd, 0x0, 0xfc, 0xe0,
    0x80, 0x1f, 0xb0, 0x0, 0xa0, 0x1f, 0x28, 0x3,
    0xc0, 0x3f, 0x20, 0x20, 0x7, 0xed, 0x1, 0x40,
    0xf, 0x9c, 0x1, 0xa0, 0x1f, 0x9, 0x82, 0x0,
    0x7e, 0xb0, 0x22, 0x0, 0x7c, 0xa0, 0x5, 0x0,
    0xf8, 0x88, 0x16, 0x1, 0xf9, 0x40, 0xc4, 0x3,
    0xec, 0x0, 0x38, 0x7, 0xc8, 0x21, 0xa0, 0x1f,
    0x90, 0x10, 0x3, 0xf7, 0x80, 0x14, 0x3, 0xe5,
    0x0, 0x78, 0x7, 0xe4, 0x4, 0x0, 0xfd, 0xa0,
    0x26, 0x1, 0xf3, 0x80, 0x2c, 0x3, 0xe1, 0x30,
    0x50, 0xf, 0xd6, 0x4, 0x40, 0xf, 0x94, 0x0,
    0xa0, 0x1f, 0x14, 0x39, 0x0,

    /* U+005D "]" */
    0xef, 0xfe, 0xb0, 0xf, 0xb6, 0xed, 0x40, 0x11,
    0xa2, 0x1c, 0x3, 0xff, 0xfe, 0x1, 0xff, 0xff,
    0x0, 0xf8, 0xce, 0x70, 0xb, 0x73, 0x14, 0x1,
    0xfe,

    /* U+005E "^" */
    0x0, 0xfd, 0x3f, 0xf3, 0x0, 0x7f, 0xf0, 0xe1,
    0x80, 0x29, 0x50, 0xf, 0xfe, 0xb, 0xb8, 0x0,
    0x40, 0xa, 0x40, 0xf, 0xf9, 0xa0, 0x1, 0x1a,
    0xa0, 0xb, 0x40, 0xf, 0xe5, 0x90, 0x4, 0xb8,
    0x53, 0x0, 0x2c, 0xc0, 0x3e, 0x5a, 0x0, 0x53,
    0x0, 0x53, 0x0, 0xd, 0x20, 0xe, 0x4a, 0x0,
    0x5a, 0x80, 0x73, 0xc8, 0xe, 0x10, 0x4, 0x76,
    0x3, 0x88, 0x1, 0xf3, 0x50, 0xe, 0x8, 0x1e,
    0x0, 0xe1, 0x80, 0x7f, 0x2d, 0x80, 0xe0, 0x80,

    /* U+005F "_" */
    0x14, 0x4f, 0xfe, 0x20, 0xa5, 0xdf, 0xff, 0x11,
    0x0, 0x3f, 0xf8, 0xc0,

    /* U+0060 "`" */
    0x1d, 0xff, 0x10, 0x6, 0x1f, 0x10, 0xe0, 0xe,
    0x2d, 0x3, 0x90, 0xe, 0x39, 0x6, 0x40, 0xe,
    0x67, 0xa, 0x10, 0xe, 0x85, 0x1d, 0x0,

    /* U+0061 "a" */
    0x0, 0x8d, 0xef, 0xbf, 0xdd, 0x6e, 0x20, 0x1d,
    0x79, 0x8, 0x20, 0x1, 0x48, 0xf4, 0x0, 0xce,
    0x2, 0x8f, 0x10, 0x51, 0x1, 0xb3, 0x0, 0x92,
    0xfa, 0xe1, 0xdd, 0x5c, 0xe0, 0xe, 0x0, 0xa1,
    0x0, 0x3e, 0x85, 0x2, 0x30, 0xf, 0xfe, 0x7,
    0x0, 0x10, 0x3, 0xc2, 0x66, 0x44, 0x88, 0x1,
    0xc0, 0x11, 0x4f, 0x73, 0x31, 0x77, 0x48, 0x0,
    0xc0, 0xd, 0xac, 0x20, 0x1f, 0xc2, 0x9, 0x20,
    0x6, 0xbd, 0xff, 0xda, 0x1, 0xbc, 0x1, 0x52,
    0x84, 0x1, 0x84, 0x3, 0x20, 0xa, 0x80, 0x7c,
    0xa0, 0x1e, 0x30, 0xf, 0xda, 0x1, 0xe2, 0x0,
    0xf9, 0x10, 0x1, 0x8c, 0x1, 0x40, 0x1c, 0x96,
    0x1, 0xd0, 0x0, 0x5d, 0x97, 0x8c, 0xb0, 0x70,
    0xc, 0x90, 0x0, 0x26, 0x87, 0x30, 0x9a, 0x0,
    0xe7, 0xc5, 0x10, 0x12, 0x7d, 0x60, 0xc,

    /* U+0062 "b" */
    0x1f, 0xf6, 0x0, 0x7f, 0xff, 0xc0, 0x3f, 0xfa,
    0x2d, 0x7d, 0xfd, 0x46, 0x1, 0xf8, 0x72, 0x50,
    0x40, 0x57, 0x20, 0x3, 0xed, 0x31, 0x68, 0x73,
    0x0, 0x3c, 0x0, 0x71, 0x99, 0x3a, 0x5e, 0x32,
    0x40, 0xe, 0x60, 0x1c, 0x56, 0x1, 0xcc, 0xe0,
    0x8, 0x0, 0xeb, 0x0, 0xfa, 0x0, 0x8, 0x20,
    0x19, 0xc0, 0x3f, 0x20, 0x1, 0x40, 0x21, 0x10,
    0x7, 0xe3, 0x0, 0x18, 0x4, 0x60, 0x1f, 0xde,
    0x0, 0xf0, 0xf, 0xfe, 0x41, 0x80, 0x7f, 0x78,
    0x3, 0xc0, 0x21, 0x10, 0x7, 0xe3, 0x0, 0x18,
    0x6, 0x70, 0xf, 0xc8, 0x0, 0x50, 0xd, 0x60,
    0x1f, 0x40, 0x1, 0x4, 0x3, 0x15, 0x80, 0x73,
    0x38, 0x2, 0x0, 0x31, 0x99, 0x3a, 0x5e, 0x32,
    0x40, 0xe, 0x60, 0x1d, 0xa6, 0x2d, 0xe, 0x60,
    0x7, 0x80, 0xf, 0xe, 0x49, 0x88, 0xa, 0xe4,
    0x0, 0x40,

    /* U+0063 "c" */
    0x0, 0xe3, 0x8c, 0xef, 0xf6, 0xca, 0x80, 0x61,
    0xac, 0x73, 0x10, 0x1, 0x35, 0x48, 0x0, 0x71,
    0x40, 0x6, 0xd0, 0xea, 0x20, 0x1a, 0x88, 0x6,
    0xf2, 0x5e, 0x2b, 0xb3, 0x0, 0x88, 0x0, 0x62,
    0x0, 0x78, 0xd4, 0x3c, 0x0, 0xe4, 0x1, 0xfe,
    0x40, 0x5, 0x0, 0x7f, 0x88, 0x0, 0x24, 0x1,
    0xfe, 0x10, 0x1, 0x80, 0x7f, 0xf3, 0x84, 0x0,
    0x60, 0x1f, 0xf1, 0x0, 0x4, 0x80, 0x3f, 0xe4,
    0x0, 0x50, 0x7, 0xfd, 0xe0, 0x7, 0x20, 0xf,
    0xf2, 0x20, 0x1, 0x88, 0x1, 0xe3, 0x50, 0x5,
    0x10, 0xd, 0xe4, 0x3c, 0x57, 0x66, 0x0, 0x3,
    0x88, 0x0, 0x37, 0x87, 0x51, 0x0, 0xe1, 0xbc,
    0x62, 0x10, 0x1, 0x35, 0xc8,

    /* U+0064 "d" */
    0x0, 0xff, 0xe0, 0xbf, 0xf9, 0x80, 0x3f, 0xff,
    0xe0, 0x1f, 0xfc, 0x21, 0x8d, 0xfe, 0xd8, 0x10,
    0xf, 0xc9, 0xee, 0x40, 0x24, 0xfe, 0x80, 0x1e,
    0x3b, 0x10, 0x16, 0x87, 0x21, 0xbe, 0x0, 0xee,
    0x0, 0x2f, 0x4b, 0xc6, 0xc0, 0x30, 0x6, 0x62,
    0x2, 0xa0, 0xe, 0x76, 0x0, 0xea, 0x0, 0x40,
    0x7, 0xd0, 0x1, 0xc6, 0x0, 0x50, 0xf, 0x84,
    0xc0, 0x22, 0x0, 0x10, 0x7, 0xf2, 0x80, 0x42,
    0x0, 0x10, 0xf, 0xee, 0x0, 0xff, 0xe2, 0x78,
    0x4, 0x20, 0x1, 0x0, 0xfe, 0x10, 0x8, 0x80,
    0x4, 0x1, 0xfc, 0xa0, 0x18, 0xc0, 0xa, 0x1,
    0xf0, 0x98, 0x6, 0xa0, 0x4, 0x0, 0x7d, 0x0,
    0x1c, 0xc2, 0x5, 0x40, 0x1c, 0xec, 0x1, 0xea,
    0x0, 0x2f, 0x4b, 0xc6, 0xc0, 0x30, 0x7, 0x25,
    0x80, 0x5, 0xa1, 0xc8, 0x6f, 0x80, 0x3c, 0x9c,
    0xe4, 0x0, 0x27, 0xf4, 0x0, 0xc0,

    /* U+0065 "e" */
    0x0, 0xe3, 0x9d, 0xef, 0xeb, 0x60, 0xf, 0xd5,
    0x8c, 0x42, 0x2, 0x93, 0xc6, 0x1, 0x87, 0x54,
    0x0, 0x8f, 0xc, 0x40, 0x38, 0x60, 0x15, 0x10,
    0x2f, 0x5c, 0x3c, 0xec, 0x0, 0x34, 0x0, 0x88,
    0x4, 0xa1, 0x0, 0xe7, 0x60, 0x16, 0xe, 0x0,
    0x40, 0x7, 0xeb, 0x0, 0x60, 0x20, 0x0, 0xc0,
    0x3f, 0x10, 0x1, 0xc4, 0x40, 0xf, 0xff, 0xf0,
    0x0, 0x88, 0x1, 0xff, 0xc7, 0x2b, 0xbf, 0xfe,
    0x6, 0x8, 0x0, 0xd1, 0x3f, 0xf8, 0x6, 0x40,
    0x1, 0x20, 0xf, 0xfe, 0xa, 0x0, 0x2c, 0x3,
    0xff, 0x83, 0xe0, 0x6, 0x30, 0xf, 0xfe, 0x2,
    0x20, 0x1, 0x8a, 0x1, 0xf2, 0x5a, 0x0, 0x2c,
    0xc0, 0x15, 0xb2, 0xee, 0x8b, 0xfb, 0x41, 0x0,
    0xb1, 0x80, 0x4, 0xd1, 0x7, 0x40, 0x0, 0xb0,
    0x6, 0x9d, 0x73, 0x10, 0x0, 0x9b, 0xdf, 0x18,

    /* U+0066 "f" */
    0x0, 0xe3, 0xad, 0xff, 0xb8, 0x3, 0x36, 0x29,
    0x0, 0x7c, 0x32, 0x0, 0x58, 0x99, 0x58, 0x4,
    0x80, 0x5, 0xa7, 0x66, 0x28, 0x4, 0x40, 0xc,
    0x0, 0xfd, 0xe0, 0x1f, 0x93, 0xfc, 0xe0, 0x9,
    0xff, 0xc2, 0x1, 0xff, 0xc0, 0x5b, 0xb2, 0x80,
    0x1e, 0xef, 0x8, 0x91, 0x4, 0x0, 0xe4, 0x4c,
    0x1, 0xff, 0xff, 0x0, 0xff, 0xff, 0x80, 0x7f,
    0xf1, 0xc0,

    /* U+0067 "g" */
    0x0, 0xc3, 0x1b, 0xfd, 0xb0, 0x20, 0xff, 0xe6,
    0x0, 0x97, 0x9c, 0x80, 0x49, 0xfd, 0x0, 0x3c,
    0x94, 0x0, 0x16, 0x87, 0x31, 0xbe, 0x0, 0xea,
    0x0, 0x2f, 0x4b, 0xc6, 0x48, 0x30, 0x6, 0x61,
    0x3, 0xa0, 0xe, 0x66, 0x0, 0x75, 0x0, 0x24,
    0x3, 0xe8, 0x0, 0xe3, 0x0, 0x28, 0x7, 0xc2,
    0x80, 0x11, 0x0, 0x8, 0x3, 0xf8, 0x80, 0x21,
    0x0, 0x8, 0x7, 0xf7, 0x0, 0x7f, 0xf1, 0x3c,
    0x2, 0x10, 0x0, 0x80, 0x7f, 0x8, 0x4, 0x40,
    0x2, 0x0, 0xfe, 0x20, 0xc, 0x60, 0x4, 0x0,
    0xf8, 0x50, 0x3, 0x50, 0x2, 0x0, 0x3e, 0x90,
    0xe, 0x61, 0x3, 0xa0, 0xe, 0x67, 0x0, 0xf5,
    0x0, 0x17, 0xa5, 0xe3, 0x24, 0x18, 0x3, 0x92,
    0x80, 0x2, 0xd0, 0xe6, 0x37, 0xc0, 0x3, 0x0,
    0x97, 0x9c, 0x80, 0x4, 0xfe, 0x9e, 0x0, 0x10,
    0xc, 0x31, 0xbf, 0xed, 0x81, 0x3, 0x0, 0x30,
    0x7, 0xff, 0x5, 0x40, 0x4, 0x1, 0xff, 0xc0,
    0x71, 0x5, 0x0, 0x86, 0x4, 0x3, 0xcd, 0x0,
    0x9, 0x0, 0x8d, 0xfa, 0xe1, 0x99, 0x1b, 0x20,
    0x6, 0x30, 0xf, 0x23, 0xcc, 0x9c, 0x80, 0xf,
    0x20, 0x18, 0xb1, 0xcc, 0x80, 0x2, 0x6f, 0xb0,
    0x1, 0x0,

    /* U+0068 "h" */
    0x1f, 0xf6, 0x0, 0x7f, 0xff, 0xc0, 0x3f, 0xf9,
    0x6b, 0x7d, 0xfd, 0x68, 0x1, 0xfa, 0xa8, 0x82,
    0x2, 0x97, 0x20, 0x1e, 0xa5, 0x5, 0x76, 0x20,
    0x3, 0x30, 0x3, 0x1a, 0xab, 0xaa, 0x27, 0x5c,
    0x1, 0x0, 0x1c, 0x74, 0x20, 0x1a, 0x8, 0x4,
    0xc0, 0x34, 0x0, 0x7c, 0xa0, 0x5, 0x0, 0xc8,
    0x1, 0xf6, 0x80, 0x38, 0x2, 0x20, 0xf, 0xfe,
    0x18, 0x80, 0x7f, 0xc2, 0x1, 0xff, 0xff, 0x0,
    0xff, 0xfc, 0x80,

    /* U+0069 "i" */
    0xff, 0x70, 0x7, 0x95, 0x4f, 0x54, 0x90, 0xb,
    0xfd, 0xc0, 0x1f, 0xfe, 0x70,

    /* U+006A "j" */
    0x0, 0xdf, 0xee, 0x0, 0xff, 0xe3, 0x2a, 0x9c,
    0x3, 0x55, 0x24, 0x3, 0xfe, 0xff, 0x70, 0x7,
    0xff, 0xfc, 0x3, 0xff, 0xda, 0x60, 0x11, 0x0,
    0x18, 0x2, 0x50, 0x1, 0xa3, 0xd4, 0x0, 0x2b,
    0x61, 0x40, 0xe, 0x40, 0x1, 0x4a, 0x80,

    /* U+006B "k" */
    0x1f, 0xf6, 0x0, 0x7f, 0xff, 0xc0, 0x3f, 0xfa,
    0xc7, 0xdf, 0xe7, 0x0, 0xff, 0x97, 0x4, 0x25,
    0xc0, 0x3f, 0xcd, 0x40, 0xa, 0x60, 0xf, 0xf3,
    0xc8, 0x3, 0x14, 0x3, 0xfd, 0x30, 0x3, 0xa6,
    0x1, 0xfe, 0xa6, 0x2, 0xc2, 0x0, 0xff, 0x5a,
    0x81, 0xe1, 0x0, 0x7f, 0xe, 0xa0, 0x26, 0x8,
    0x7, 0xf8, 0x88, 0x0, 0xa0, 0xf, 0xfe, 0x1,
    0x10, 0x1, 0xa2, 0x1, 0xff, 0xe, 0x10, 0x1e,
    0x88, 0x7, 0xfc, 0x38, 0x60, 0x7a, 0x20, 0x1f,
    0xf0, 0xe9, 0x81, 0xe8, 0x80, 0x7f, 0xc3, 0xa6,
    0x7, 0x82, 0x1, 0xff, 0xe, 0x18, 0x16, 0x8,
    0x7, 0xff, 0x3, 0xc, 0xb, 0x4, 0x3, 0xff,
    0x81, 0x86, 0x5, 0x82, 0x1, 0xff, 0xc0, 0xc3,
    0x2, 0xc1,

    /* U+006C "l" */
    0xff, 0x70, 0x7, 0xff, 0xe4,

    /* U+006D "m" */
    0x1f, 0xf6, 0x0, 0x16, 0xfb, 0xf6, 0x44, 0x3,
    0x14, 0xef, 0xf5, 0xa0, 0x7, 0xeb, 0xa4, 0x10,
    0x26, 0xe3, 0x0, 0x46, 0xb1, 0x0, 0xa5, 0xc0,
    0x7, 0xad, 0x5, 0x5d, 0x44, 0x1, 0xa0, 0xee,
    0x4, 0x76, 0x20, 0x3, 0xa8, 0x6, 0x34, 0x5e,
    0xa8, 0xaf, 0x20, 0x1a, 0x82, 0xdb, 0x89, 0xd6,
    0x0, 0x48, 0x7, 0x1d, 0x0, 0x61, 0x90, 0x2,
    0x87, 0x90, 0x6, 0x91, 0x3, 0x10, 0xd, 0xe0,
    0x1e, 0x40, 0x9, 0x88, 0x3, 0xc8, 0x0, 0x50,
    0xc, 0x60, 0x1f, 0x10, 0x3, 0x40, 0x3e, 0xd0,
    0x1, 0x0, 0x44, 0x1, 0xf8, 0x40, 0xc, 0x1,
    0xfe, 0x10, 0x8, 0x40, 0x3f, 0xff, 0xe0, 0x1f,
    0xff, 0xf0, 0xf, 0xff, 0xf8, 0x7, 0xff, 0x74,

    /* U+006E "n" */
    0x1f, 0xf6, 0x0, 0x16, 0xfb, 0xfa, 0xd0, 0x3,
    0xf5, 0x51, 0x4, 0x5, 0x2e, 0x40, 0x3d, 0x4a,
    0xa, 0xec, 0x40, 0x6, 0x60, 0x6, 0x35, 0x57,
    0x54, 0x4e, 0xb8, 0x2, 0x0, 0x38, 0xe8, 0x40,
    0x34, 0x10, 0x9, 0x80, 0x68, 0x0, 0xf9, 0x40,
    0xa, 0x1, 0x90, 0x3, 0xed, 0x0, 0x70, 0x4,
    0x40, 0x1f, 0xfc, 0x31, 0x0, 0xff, 0x84, 0x3,
    0xff, 0xfe, 0x1, 0xff, 0xf9,

    /* U+006F "o" */
    0x0, 0xe6, 0xbe, 0xff, 0x6c, 0x98, 0x7, 0xc7,
    0xb2, 0x82, 0x0, 0x26, 0xc9, 0x0, 0xe3, 0xc2,
    0x0, 0x2c, 0x39, 0x80, 0x1a, 0xc0, 0x37, 0x0,
    0xf, 0xa9, 0xe3, 0x28, 0x0, 0x8e, 0x0, 0x62,
    0x1, 0xd1, 0x0, 0xcb, 0x20, 0x9, 0x0, 0x50,
    0x2, 0x4, 0x3, 0xcc, 0x40, 0x2a, 0x6, 0x0,
    0x70, 0xf, 0xca, 0x0, 0xc2, 0x0, 0x8, 0x80,
    0x3f, 0x68, 0x0, 0x84, 0x0, 0x60, 0x1f, 0xc2,
    0x0, 0x70, 0xf, 0xfe, 0x28, 0x80, 0xc, 0x3,
    0xf8, 0x40, 0xe, 0x40, 0x1, 0x10, 0x7, 0xed,
    0x0, 0x10, 0x18, 0x1, 0xc0, 0x3f, 0x28, 0x3,
    0x2, 0x80, 0x10, 0x1, 0xf3, 0x10, 0xa, 0x83,
    0x10, 0xe, 0x8, 0x6, 0x59, 0x0, 0x48, 0x5,
    0xc0, 0x3, 0xea, 0x78, 0xca, 0x0, 0x23, 0x80,
    0x47, 0x84, 0x0, 0x58, 0x73, 0x0, 0x35, 0x80,
    0x71, 0xec, 0xa0, 0x80, 0x9, 0xb2, 0x40, 0x20,

    /* U+0070 "p" */
    0x1f, 0xf6, 0x0, 0x1a, 0xfb, 0xfa, 0x8c, 0x3,
    0xf0, 0xe4, 0xa0, 0x80, 0xae, 0x40, 0x7, 0xda,
    0x62, 0xd0, 0xe6, 0x0, 0x78, 0x0, 0xe3, 0x32,
    0x74, 0xbc, 0x64, 0x80, 0x1c, 0xc0, 0x38, 0xac,
    0x3, 0x99, 0xc0, 0x10, 0x1, 0xd6, 0x1, 0xf4,
    0x0, 0x10, 0x40, 0x33, 0x80, 0x7e, 0x40, 0x2,
    0x80, 0x42, 0x20, 0xf, 0xc6, 0x0, 0x30, 0x8,
    0xc0, 0x3f, 0xbc, 0x1, 0xe0, 0x1f, 0xfc, 0x83,
    0x0, 0xfe, 0xf0, 0x7, 0x80, 0x42, 0x20, 0xf,
    0xc6, 0x0, 0x30, 0xc, 0xe0, 0x1f, 0x90, 0x0,
    0xa0, 0x1a, 0xc0, 0x3e, 0x80, 0x2, 0x8, 0x6,
    0x2b, 0x0, 0xe6, 0x70, 0x4, 0x0, 0x63, 0x32,
    0x74, 0xbc, 0x64, 0x80, 0x1c, 0xc0, 0x3b, 0x4c,
    0x5a, 0x1c, 0xc0, 0xf, 0x0, 0x1e, 0x1c, 0x93,
    0x10, 0x15, 0xc8, 0x0, 0xfe, 0x6c, 0xef, 0xea,
    0x30, 0xf, 0xff, 0xf8, 0x7, 0xff, 0x4c,

    /* U+0071 "q" */
    0x0, 0xc3, 0x1b, 0xfd, 0xb0, 0x20, 0xff, 0xe6,
    0x0, 0x93, 0xdc, 0x80, 0x49, 0xfd, 0x0, 0x3c,
    0x76, 0x20, 0x2d, 0xe, 0x43, 0x7c, 0x1, 0xdc,
    0x0, 0x5e, 0x97, 0x8d, 0x80, 0x60, 0xc, 0xc4,
    0x5, 0x40, 0x1c, 0xec, 0x1, 0xd4, 0x0, 0x80,
    0xf, 0xa0, 0x3, 0x8c, 0x0, 0xa0, 0x1f, 0x9,
    0x80, 0x44, 0x0, 0x20, 0xf, 0xe5, 0x0, 0x84,
    0x0, 0x20, 0x1f, 0xdc, 0x1, 0xff, 0xc4, 0xf0,
    0x8, 0x40, 0x2, 0x1, 0xfc, 0x20, 0x11, 0x0,
    0x8, 0x3, 0xf9, 0x40, 0x31, 0x80, 0x14, 0x3,
    0xe1, 0x30, 0xd, 0x40, 0x8, 0x0, 0xfa, 0x0,
    0x39, 0x84, 0xa, 0x80, 0x39, 0xd8, 0x3, 0xd4,
    0x0, 0x5e, 0x97, 0x8d, 0x80, 0x60, 0xe, 0x4b,
    0x0, 0xb, 0x43, 0x90, 0xdf, 0x0, 0x79, 0x39,
    0xc8, 0x0, 0x4f, 0xe8, 0x1, 0xf8, 0x63, 0x7f,
    0xdb, 0x2, 0x1, 0xff, 0xff, 0x0, 0xff, 0xea,
    0x0,

    /* U+0072 "r" */
    0x1f, 0xf6, 0x0, 0x16, 0xfb, 0xfc, 0x40, 0x18,
    0x6e, 0x90, 0x40, 0x3e, 0xa4, 0x4, 0x65, 0x20,
    0xc, 0x68, 0x7d, 0x73, 0x5a, 0x40, 0x18, 0xb0,
    0x40, 0x3f, 0xa0, 0x3, 0xfe, 0x50, 0xf, 0xf1,
    0x0, 0x7f, 0xc2, 0x1, 0xff, 0xff, 0x0, 0xff,
    0xee, 0x80,

    /* U+0073 "s" */
    0x0, 0x8e, 0x77, 0xfd, 0xdb, 0x90, 0x60, 0x1a,
    0x31, 0x88, 0x0, 0x24, 0x6f, 0x84, 0x0, 0x77,
    0x0, 0x11, 0xe2, 0xe, 0x80, 0x1d, 0x20, 0xb,
    0xb4, 0x3b, 0xa2, 0xfe, 0x8c, 0x4, 0x40, 0x88,
    0x0, 0xf9, 0x44, 0x3, 0x38, 0x7, 0xfc, 0x22,
    0x3, 0x70, 0xf, 0xfa, 0x40, 0x11, 0xf4, 0xc6,
    0x1, 0xf3, 0xb8, 0x2, 0x59, 0xcf, 0xa3, 0x0,
    0xe8, 0xe8, 0x40, 0xc, 0xb9, 0x40, 0x1c, 0x2f,
    0x7f, 0x90, 0x60, 0x5, 0x80, 0xf, 0xc6, 0xf9,
    0x0, 0x6, 0x0, 0xff, 0x9c, 0x0, 0x22, 0x0,
    0xff, 0x84, 0x0, 0x29, 0x48, 0x1, 0xf3, 0x88,
    0x18, 0x1, 0x6f, 0xae, 0x1d, 0xd3, 0xb0, 0x0,
    0x80, 0xc, 0x28, 0xf1, 0x6, 0x20, 0x1a, 0x40,
    0x4d, 0x95, 0x21, 0x0, 0xa, 0x47, 0xa8, 0x0,

    /* U+0074 "t" */
    0x0, 0xa2, 0xc, 0x1, 0xfc, 0xee, 0xb0, 0xf,
    0xfe, 0xf1, 0x7f, 0x80, 0x5, 0xff, 0xd8, 0x1,
    0xff, 0xc0, 0x2b, 0xb0, 0x0, 0x6e, 0xfb, 0xc1,
    0x10, 0x0, 0x34, 0x4e, 0x30, 0xf, 0xff, 0xf8,
    0x7, 0xff, 0x68, 0x80, 0x3f, 0x8c, 0x0, 0x60,
    0x1f, 0xac, 0x1, 0xb0, 0xec, 0xc5, 0x0, 0x9c,
    0x80, 0x5e, 0x26, 0x60, 0xd, 0xb0, 0x62, 0x1,
    0x80,

    /* U+0075 "u" */
    0x4f, 0xf4, 0x80, 0x7e, 0x8f, 0xf3, 0x0, 0x7f,
    0xff, 0xc0, 0x3f, 0xff, 0xe0, 0x1f, 0xe7, 0x0,
    0x18, 0x7, 0xe2, 0x0, 0x84, 0x0, 0xc0, 0x1f,
    0x90, 0x2, 0x20, 0x1, 0x90, 0x7, 0x9c, 0x40,
    0x32, 0x80, 0x38, 0x40, 0x33, 0xc0, 0x7, 0x40,
    0x0, 0xfe, 0xa2, 0x7a, 0x5, 0x80, 0x31, 0x50,
    0x0, 0x55, 0xd8, 0x4b, 0x4, 0x3, 0x97, 0x58,
    0x80, 0x4e, 0x34, 0x80, 0x30,

    /* U+0076 "v" */
    0xd, 0xff, 0x10, 0x7, 0xf1, 0xff, 0xb0, 0x14,
    0x1, 0x40, 0x1f, 0xd4, 0x0, 0xa0, 0xa0, 0x3,
    0x0, 0x7f, 0x38, 0x1, 0xc0, 0x8c, 0x5, 0x0,
    0x3e, 0x51, 0x4, 0x10, 0x5, 0x0, 0x38, 0x3,
    0xee, 0x0, 0x70, 0x4, 0xe0, 0x5, 0x0, 0xf0,
    0xa0, 0x1, 0x40, 0x21, 0x50, 0x2, 0x80, 0x73,
    0x80, 0x18, 0x3, 0xbc, 0x1, 0xc0, 0x1d, 0x40,
    0xa, 0x0, 0xe5, 0x10, 0x41, 0x0, 0x88, 0xc0,
    0x4c, 0x3, 0xce, 0x0, 0x70, 0xa, 0x80, 0xc,
    0x1, 0xf5, 0x0, 0x28, 0x2, 0x50, 0x5, 0x0,
    0x7c, 0x64, 0x6, 0x40, 0x64, 0x6, 0x40, 0x1f,
    0xa8, 0x1, 0x41, 0x40, 0xa, 0x0, 0xfe, 0x50,
    0x3, 0x3, 0x80, 0x1c, 0x3, 0xf8, 0x8c, 0x6,
    0x4, 0x10, 0x40, 0x3f, 0xd4, 0x0, 0x70, 0x7,
    0x0, 0x7f, 0xce, 0x1, 0x85, 0x40, 0x3f, 0xe1,
    0x50, 0x9, 0xc0, 0x3c,

    /* U+0077 "w" */
    0x8f, 0xf2, 0x80, 0x7a, 0xff, 0xdc, 0x1, 0xe2,
    0xff, 0x5e, 0x0, 0x30, 0x3, 0xc8, 0x0, 0x12,
    0x0, 0xe4, 0x0, 0x62, 0x0, 0x10, 0x3, 0x8c,
    0x3, 0x20, 0x7, 0x60, 0x1, 0x0, 0xc0, 0x84,
    0x3, 0x58, 0x0, 0x43, 0x0, 0x39, 0x0, 0x4c,
    0x10, 0x0, 0x80, 0x19, 0x0, 0xdc, 0x10, 0x3,
    0x18, 0x82, 0x0, 0x30, 0x1, 0x80, 0x18, 0xc1,
    0x30, 0x4, 0x80, 0x24, 0x0, 0x60, 0x1, 0x0,
    0xe, 0x1, 0x20, 0x3, 0x10, 0x0, 0xa0, 0x16,
    0x0, 0x10, 0x2, 0x30, 0x12, 0x0, 0x60, 0x1,
    0x4, 0x83, 0x0, 0x24, 0x1, 0x20, 0xa, 0xc0,
    0x8, 0x0, 0x40, 0x40, 0x2, 0x2, 0x0, 0xc,
    0x0, 0x80, 0x19, 0x0, 0x18, 0x0, 0x30, 0xc0,
    0x6, 0x0, 0xc, 0x10, 0x1, 0x80, 0x18, 0xc0,
    0x8, 0x8, 0x0, 0x40, 0x2, 0x0, 0x10, 0x30,
    0x0, 0x80, 0x1c, 0x80, 0x25, 0x80, 0x3, 0x0,
    0x9, 0x86, 0x2, 0x0, 0x90, 0x7, 0x60, 0x1,
    0x10, 0x8, 0x1, 0x90, 0x11, 0x0, 0x4, 0x0,
    0xf2, 0x0, 0x34, 0xc3, 0x0, 0x36, 0x0, 0x3c,
    0x1, 0x80, 0x1e, 0x30, 0x2, 0x0, 0x10, 0x3,
    0x20, 0x1, 0x0, 0x8, 0x1, 0xf2, 0x0, 0x63,
    0x0, 0xe3, 0x0, 0x84, 0x80, 0x3e, 0xc0, 0x9,
    0x0, 0x3c, 0x80, 0x12, 0x0, 0x7e, 0x40, 0xb,
    0x0, 0x3d, 0x80, 0x16, 0x0, 0x60,

    /* U+0078 "x" */
    0x2, 0xff, 0x90, 0x3, 0xe3, 0xff, 0x8c, 0xa,
    0x40, 0x14, 0x20, 0x1e, 0xe0, 0x4, 0x18, 0x1,
    0x90, 0x6, 0x80, 0x3a, 0x88, 0x11, 0xc0, 0x35,
    0x8, 0x23, 0x0, 0x4a, 0xa0, 0x1a, 0x0, 0xe1,
    0xd0, 0x4, 0x90, 0x15, 0x0, 0x2c, 0x40, 0x3c,
    0x6e, 0x0, 0xf0, 0xe0, 0x3, 0x28, 0x7, 0xe8,
    0x30, 0x2e, 0x30, 0x29, 0x0, 0xff, 0x70, 0x0,
    0x40, 0x1e, 0x1, 0xff, 0x14, 0x0, 0x50, 0x40,
    0x1f, 0xf0, 0xc8, 0x5, 0x60, 0x1f, 0xfc, 0xb,
    0x10, 0x8, 0xdc, 0x3, 0xfc, 0xca, 0x3, 0x60,
    0x8, 0x30, 0xf, 0xc5, 0x20, 0xa, 0x48, 0x0,
    0x70, 0x7, 0xee, 0x0, 0x3a, 0x3, 0xa0, 0x15,
    0x0, 0x7a, 0xc, 0xe, 0x0, 0x2a, 0x10, 0x55,
    0x0, 0x64, 0x70, 0x7, 0x0, 0x61, 0xa0, 0x5,
    0x10, 0x0, 0x68, 0x1, 0x24, 0x1, 0xc8, 0xc0,
    0xe, 0x0, 0x50, 0x82, 0xb0, 0x7, 0xd2, 0x40,
    0x70,

    /* U+0079 "y" */
    0xd, 0xff, 0x18, 0x7, 0xf2, 0x7f, 0xb0, 0x28,
    0x1, 0x40, 0x1f, 0xdc, 0x0, 0xa0, 0x60, 0x3,
    0x80, 0x7f, 0x28, 0x1, 0x80, 0x54, 0x5, 0x40,
    0x3e, 0x60, 0x3, 0x0, 0x5c, 0x0, 0xe0, 0xf,
    0xa8, 0x1, 0x40, 0x12, 0x10, 0x20, 0x80, 0x71,
    0x18, 0x11, 0x80, 0x6a, 0x0, 0x48, 0x7, 0x58,
    0x2, 0x80, 0x39, 0x80, 0xc, 0x1, 0xce, 0x0,
    0x60, 0xe, 0x15, 0x1, 0x40, 0x9, 0x44, 0x14,
    0x40, 0x3d, 0xc0, 0xe, 0x0, 0xb8, 0x1, 0xc0,
    0x1f, 0x20, 0x82, 0x88, 0xa, 0x0, 0xa0, 0x7,
    0xe9, 0x0, 0x38, 0x30, 0x1, 0x80, 0x3f, 0x98,
    0x1, 0x41, 0x40, 0xa, 0x0, 0xfe, 0x14, 0x3,
    0x72, 0x4, 0x20, 0xf, 0xf7, 0x80, 0x20, 0x1,
    0xc0, 0x1f, 0xf2, 0x8, 0x4, 0x2a, 0x1, 0xff,
    0xc0, 0x60, 0x9, 0xc0, 0x3f, 0xf8, 0x34, 0x1,
    0x58, 0x7, 0xff, 0x4, 0x40, 0x6, 0x40, 0x1f,
    0xfc, 0x1a, 0x0, 0x50, 0x7, 0xff, 0x9, 0x80,
    0xc, 0x1, 0xff, 0xc1, 0x80, 0x3, 0x0, 0x7f,
    0x8d, 0x9e, 0xdc, 0x1, 0x0, 0x1f, 0xe4, 0x98,
    0x40, 0x4, 0x88, 0x7, 0xff, 0x4, 0x53, 0x18,
    0x3, 0xf8,

    /* U+007A "z" */
    0x3f, 0xff, 0xfe, 0xb, 0x0, 0x7f, 0xf0, 0xca,
    0xab, 0xfa, 0x40, 0x23, 0x15, 0x5f, 0xea, 0x0,
    0x22, 0x80, 0x7f, 0x51, 0x81, 0x58, 0x7, 0xf3,
    0xa8, 0xf, 0x80, 0x7f, 0x24, 0x0, 0x28, 0x80,
    0x3f, 0x15, 0x80, 0x25, 0x0, 0x3f, 0xf, 0x80,
    0x19, 0x80, 0x1f, 0xda, 0x40, 0x92, 0x1, 0xfd,
    0x26, 0x5, 0x40, 0x1f, 0xce, 0xc0, 0x3e, 0x20,
    0x1f, 0x92, 0x0, 0x14, 0x40, 0x1f, 0x8a, 0xc0,
    0x12, 0x80, 0x1f, 0x87, 0xc0, 0xc, 0xc0, 0xf,
    0xe8, 0x20, 0x1c, 0x55, 0xfe, 0x23, 0x0, 0xd,
    0x57, 0xf9, 0x0, 0x3f, 0xf8, 0x60,

    /* U+007B "{" */
    0x0, 0xf0, 0xc6, 0x77, 0xf9, 0x40, 0x38, 0xbd,
    0xcc, 0x40, 0x3f, 0x40, 0x81, 0x45, 0xd9, 0x0,
    0x39, 0x0, 0x18, 0xe8, 0x81, 0x0, 0xc2, 0x20,
    0x21, 0x0, 0xff, 0x84, 0x3, 0xf8, 0xc0, 0x3f,
    0xfb, 0xae, 0x1, 0xfc, 0x20, 0x1f, 0xfc, 0x6,
    0x0, 0x8, 0x7, 0xf4, 0x80, 0x30, 0x3, 0x91,
    0xd, 0x86, 0x4, 0xc0, 0x1d, 0x76, 0x93, 0x6,
    0xc0, 0xf, 0xf9, 0x48, 0x3, 0xdf, 0xed, 0x70,
    0x3d, 0x10, 0xf, 0x8a, 0x14, 0x5, 0x80, 0x3f,
    0xb8, 0x1, 0xa0, 0x1f, 0xcc, 0x0, 0x10, 0xf,
    0xfe, 0x6b, 0x80, 0x7f, 0xf5, 0xcc, 0x3, 0xff,
    0x86, 0x20, 0x1f, 0xc2, 0x20, 0x22, 0x0, 0x7f,
    0x20, 0x3, 0xdd, 0x10, 0x20, 0x1d, 0x2, 0x5,
    0x17, 0x64, 0x0, 0xe2, 0xf7, 0x31, 0x0, 0x80,

    /* U+007C "|" */
    0xff, 0x58, 0x7, 0xff, 0xfc, 0x3, 0xff, 0x8c,

    /* U+007D "}" */
    0xff, 0x76, 0xc9, 0x80, 0x7f, 0x9, 0x36, 0x30,
    0x7, 0xae, 0xd4, 0xa0, 0x9, 0x0, 0xf2, 0x21,
    0x68, 0xc0, 0x8, 0x1, 0xfd, 0x60, 0x2, 0x0,
    0xfe, 0x10, 0x0, 0x80, 0x7f, 0xfc, 0x4c, 0x1,
    0xe0, 0x1f, 0xc2, 0x0, 0x30, 0xf, 0xe5, 0x0,
    0x21, 0x0, 0x7e, 0x16, 0x0, 0x64, 0x22, 0x4,
    0x3, 0xa6, 0x44, 0x2f, 0x76, 0x40, 0xf, 0x79,
    0x0, 0x7f, 0xa9, 0x80, 0xef, 0xfc, 0xa0, 0x18,
    0x54, 0x7, 0x10, 0x3, 0xe5, 0x0, 0x20, 0x7,
    0xf0, 0x80, 0x8, 0x3, 0xf8, 0xc0, 0x1e, 0x1,
    0xff, 0xf1, 0x10, 0x0, 0x80, 0x7f, 0x58, 0x0,
    0x80, 0x39, 0x10, 0xb4, 0x60, 0x4, 0x0, 0xeb,
    0xb5, 0x28, 0x2, 0x40, 0x3f, 0x89, 0xb1, 0x80,
    0x3c,

    /* U+007E "~" */
    0x0, 0x85, 0x62, 0x5d, 0x0, 0x3f, 0xca, 0xa0,
    0x1a, 0xea, 0x76, 0x8b, 0xfa, 0x50, 0xe, 0x3b,
    0xa3, 0x5e, 0x50, 0xf, 0x96, 0xbf, 0x2a, 0x9b,
    0x88, 0x0, 0xc0, 0x17, 0xcf, 0xec, 0x83, 0x0,
    0x8d, 0x54, 0x40, 0x34, 0xc0, 0xdd, 0x6, 0x2,
    0x6f, 0x9b, 0x8, 0x20, 0x29, 0x3c, 0xa1, 0x12,
    0x1, 0xf8, 0x9e, 0xfb, 0xfa, 0xd8, 0x2,

    /* U+00A0 " " */

    /* U+00A1 "¡" */
    0x2f, 0xf8, 0x3, 0xff, 0x80, 0x5f, 0xf0, 0x7,
    0xf6, 0x75, 0x1, 0xb, 0x0, 0x80, 0x80, 0x46,
    0x20, 0x11, 0x80, 0x4, 0x3, 0xff, 0xb8,

    /* U+00A2 "¢" */
    0x0, 0xfc, 0x72, 0x20, 0x1f, 0xfc, 0x5, 0x62,
    0x0, 0xff, 0xf5, 0x24, 0xec, 0x86, 0x75, 0x28,
    0x6, 0x1b, 0xb3, 0x10, 0x4, 0x2b, 0x50, 0x0,
    0x2f, 0x40, 0x2, 0x20, 0x19, 0x84, 0x1, 0xb8,
    0x40, 0xb6, 0xf4, 0x2a, 0x77, 0x34, 0x14, 0xc0,
    0x1e, 0x40, 0x1e, 0x35, 0x9, 0x0, 0x41, 0x0,
    0x7f, 0x8c, 0x0, 0xc0, 0x1f, 0xe3, 0x0, 0x8,
    0x80, 0x3f, 0xce, 0x0, 0x20, 0xf, 0xfe, 0x73,
    0x80, 0x4, 0x3, 0xfe, 0x20, 0x1, 0x0, 0x7f,
    0xc2, 0x40, 0x4, 0x0, 0xff, 0x94, 0x1, 0x0,
    0x1f, 0xf4, 0x80, 0xe, 0x40, 0x3f, 0x8, 0xd,
    0x0, 0x1b, 0x14, 0x40, 0x6, 0xfb, 0x20, 0x5,
    0x90, 0x1, 0xd4, 0x6, 0x62, 0x8, 0x3, 0x36,
    0xa8, 0x7, 0xc9, 0x60, 0x18, 0xab, 0xf1, 0x81,
    0xf3, 0xec, 0xc0, 0x3e, 0x3f, 0xb, 0x30, 0xf,
    0xfe, 0xe9, 0x88, 0x80, 0x30,

    /* U+00A3 "£" */
    0x0, 0xf0, 0xc6, 0x77, 0xf6, 0x42, 0x0, 0x79,
    0x79, 0xcc, 0x40, 0x4d, 0xec, 0xc0, 0x31, 0x50,
    0x4, 0xae, 0xe4, 0x0, 0xfa, 0x0, 0x5, 0xd5,
    0x10, 0xbf, 0xa1, 0x0, 0xca, 0x0, 0x91, 0x0,
    0xe5, 0x20, 0x8, 0x80, 0x24, 0x0, 0xff, 0x98,
    0x0, 0x20, 0x1f, 0xfc, 0x33, 0x0, 0xff, 0xee,
    0x89, 0x9c, 0x1, 0x19, 0xf8, 0x2, 0x7c, 0xc4,
    0x0, 0xb, 0x33, 0xc0, 0x1f, 0xfc, 0x76, 0xff,
    0x58, 0x0, 0xbf, 0xfc, 0x1, 0xff, 0xff, 0x0,
    0xff, 0xe6, 0x55, 0x50, 0x0, 0x2a, 0xaf, 0xca,
    0xb8, 0xc0, 0x25, 0x5f, 0xda, 0x1, 0xff, 0xc4,

    /* U+00A4 "¤" */
    0x0, 0x20, 0x7, 0xff, 0x0, 0x50, 0x1, 0x76,
    0x50, 0xf, 0xf0, 0xe5, 0xa1, 0xa0, 0x52, 0x80,
    0xd, 0x9d, 0x40, 0x3, 0x84, 0x1a, 0x76, 0x0,
    0xa8, 0xdc, 0x98, 0xaf, 0x8c, 0x20, 0x59, 0x4,
    0xb0, 0x3, 0x90, 0x7, 0x39, 0x2, 0xd0, 0x4,
    0x90, 0x0, 0x19, 0xef, 0xc4, 0x0, 0xd, 0x0,
    0x75, 0x80, 0xfb, 0x8, 0x1d, 0xb0, 0xa, 0x0,
    0x63, 0x30, 0x58, 0x80, 0x74, 0x88, 0x68, 0x6,
    0x50, 0x2, 0x80, 0x7c, 0x80, 0xa0, 0x1f, 0xfc,
    0x33, 0x1, 0x0, 0xc4, 0x0, 0x20, 0xf, 0x94,
    0x18, 0x3, 0x20, 0x2, 0xc0, 0x3c, 0x66, 0xd,
    0x0, 0xe6, 0x6, 0x70, 0xc, 0x7a, 0x2, 0xc0,
    0x1c, 0x40, 0x8, 0xd8, 0x85, 0xe0, 0x80, 0x98,
    0x6, 0xb4, 0x0, 0x89, 0xdc, 0x80, 0x1b, 0xc,
    0x1, 0x68, 0x7, 0xd4, 0x80, 0x2, 0x7e, 0x90,
    0x6, 0x1a, 0x20, 0xf, 0x5, 0x6f, 0xfd, 0xb0,
    0x2d, 0x20, 0xa, 0x4a, 0x3c, 0x0, 0xff, 0x34,
    0xac, 0x82, 0xe0, 0x7, 0xff, 0x1, 0xa8, 0x0,

    /* U+00A5 "¥" */
    0x7f, 0xf4, 0x0, 0x7f, 0x8f, 0xfd, 0x80, 0xe4,
    0xe, 0x20, 0x1f, 0xde, 0x0, 0xf0, 0x4, 0x0,
    0x20, 0x3, 0xf2, 0x18, 0x29, 0x80, 0x14, 0xc1,
    0x88, 0x3, 0xe9, 0x0, 0x40, 0x6, 0xf0, 0x4,
    0x80, 0x79, 0x88, 0x1c, 0x80, 0x31, 0xa0, 0x22,
    0x0, 0x3a, 0x0, 0x64, 0x3, 0xd2, 0x0, 0x80,
    0xc, 0xe2, 0x12, 0x20, 0x1e, 0x26, 0x3, 0x50,
    0x0, 0xc0, 0xb, 0x80, 0x7e, 0x80, 0x5, 0x80,
    0x20, 0x1, 0x60, 0x1e, 0xef, 0xf7, 0x0, 0x5,
    0xc9, 0x80, 0x15, 0xff, 0x18, 0x0, 0xc0, 0x3d,
    0x32, 0x0, 0xff, 0x6f, 0xfe, 0x90, 0x14, 0x4,
    0xff, 0xe3, 0x0, 0xf9, 0x8c, 0x2, 0x90, 0xf,
    0xfe, 0x15, 0x0, 0x10, 0x80, 0x3f, 0x77, 0xff,
    0x48, 0x1, 0x3f, 0xfc, 0x60, 0x3, 0x0, 0xff,
    0xe3, 0x6f, 0xff, 0x48, 0x0, 0xff, 0xfc, 0x60,
    0x1f, 0xff, 0xf0, 0xf, 0xfe, 0xe0,

    /* U+00A6 "¦" */
    0xff, 0x58, 0x7, 0xff, 0x48, 0x84, 0x5b, 0xd4,
    0x1, 0xfd, 0xbd, 0x44, 0x22, 0x0, 0xff, 0xe9,
    0x0,

    /* U+00A7 "§" */
    0x0, 0x86, 0x37, 0xfd, 0xb6, 0xe6, 0x1, 0x93,
    0x9c, 0x80, 0x4, 0x91, 0x80, 0x10, 0xd0, 0x0,
    0xe6, 0xe9, 0x84, 0x3, 0x38, 0x82, 0x63, 0x22,
    0xcf, 0x58, 0x5, 0xc0, 0xd, 0x0, 0xf2, 0x0,
    0x5c, 0x0, 0xc0, 0xf, 0xf3, 0x80, 0x16, 0x0,
    0x3f, 0x86, 0x80, 0xf, 0x84, 0x1, 0xff, 0xc0,
    0x3d, 0x91, 0x0, 0xe6, 0xa0, 0x67, 0x0, 0x37,
    0xa8, 0x4, 0x32, 0xd, 0x31, 0xa8, 0x3, 0x52,
    0x0, 0x70, 0x4, 0x0, 0xa, 0xe8, 0x41, 0xa4,
    0x38, 0x0, 0x20, 0x19, 0x70, 0x41, 0x8f, 0x80,
    0xc, 0x1, 0xc5, 0x40, 0x4, 0x70, 0x4, 0xa8,
    0x7, 0x20, 0x4, 0x32, 0x0, 0xa9, 0x10, 0x8,
    0xc0, 0x6, 0xd, 0x40, 0x6, 0xf6, 0x0, 0x70,
    0x12, 0x0, 0x17, 0x94, 0x6, 0x77, 0x44, 0x3e,
    0x1, 0x86, 0xac, 0x80, 0x88, 0x3e, 0x40, 0x1e,
    0x4d, 0x70, 0x0, 0xc8, 0x7, 0xf4, 0x50, 0x1,
    0xc8, 0x3, 0xf9, 0x58, 0x0, 0x80, 0x1f, 0xee,
    0x0, 0x8, 0x0, 0x88, 0x1, 0xeb, 0x0, 0x18,
    0x1, 0xf7, 0x21, 0x51, 0xb4, 0xc0, 0x90, 0x3,
    0x1b, 0xd5, 0xc9, 0x0, 0xf8, 0x4, 0xb4, 0xc6,
    0x20, 0x3, 0x8e, 0x20, 0x0,

    /* U+00A8 "¨" */
    0x12, 0x20, 0x80, 0x4, 0x88, 0x37, 0xba, 0x90,
    0x4, 0xee, 0xac, 0x3, 0xff, 0x90,

    /* U+00A9 "©" */
    0x0, 0xf8, 0x5a, 0xf7, 0xfd, 0xb6, 0xc2, 0x1,
    0xff, 0xc0, 0x19, 0xe9, 0x56, 0x55, 0x32, 0xcf,
    0x48, 0x80, 0x7f, 0x1f, 0xb2, 0x5f, 0x5d, 0x52,
    0xfb, 0x11, 0xbc, 0xc0, 0x3e, 0x4c, 0xb, 0xb2,
    0x0, 0x78, 0xee, 0xc1, 0x88, 0x1, 0xc5, 0x63,
    0x88, 0x0, 0x6a, 0xcd, 0xba, 0x51, 0x4f, 0x2b,
    0x20, 0xd, 0xe1, 0x84, 0x9, 0xd2, 0xa6, 0x48,
    0xb5, 0x60, 0x3e, 0x1e, 0x1, 0x31, 0x49, 0x2,
    0x58, 0x8a, 0x7b, 0xfa, 0xdc, 0xc0, 0x5, 0x24,
    0xc0, 0xb, 0x26, 0x0, 0x50, 0x17, 0xb0, 0x80,
    0xa4, 0x48, 0x4, 0xc5, 0x60, 0x44, 0xa0, 0x3,
    0x8, 0x48, 0x80, 0x7f, 0xca, 0x44, 0x40, 0x40,
    0x6, 0x0, 0xa0, 0x7, 0xff, 0x2, 0xc1, 0x4,
    0x8, 0x0, 0xe0, 0xa0, 0x1f, 0xfc, 0x12, 0x1,
    0xf0, 0x10, 0x1, 0x80, 0x80, 0x7f, 0xf0, 0x44,
    0x3f, 0xc0, 0x20, 0x3, 0x1, 0x0, 0xff, 0xe0,
    0x88, 0x78, 0x81, 0x0, 0x1c, 0x14, 0x3, 0xff,
    0x82, 0x40, 0x28, 0x8, 0x0, 0xc0, 0x14, 0x0,
    0xff, 0xe0, 0x58, 0x21, 0x12, 0x80, 0xc, 0x21,
    0x22, 0x1, 0xff, 0x29, 0x10, 0x2c, 0x98, 0x1,
    0x40, 0x5e, 0xc4, 0x2, 0x71, 0x20, 0x13, 0x15,
    0x80, 0x18, 0xa4, 0x81, 0x2c, 0x45, 0x3b, 0xfd,
    0x8e, 0x60, 0x2, 0x92, 0x60, 0xb, 0xc3, 0x8,
    0x13, 0xa5, 0x4c, 0x8d, 0x6a, 0x80, 0x3e, 0x1e,
    0x1, 0x8a, 0xc7, 0x10, 0x0, 0xd5, 0x9b, 0x94,
    0xa0, 0x9e, 0x56, 0x40, 0x1c, 0x98, 0x17, 0x63,
    0x0, 0xf1, 0xdd, 0x83, 0x10, 0x3, 0xe3, 0xf6,
    0x4c, 0xeb, 0xaa, 0x5f, 0x62, 0x37, 0x98, 0x7,
    0xf0, 0xcf, 0x4a, 0xb2, 0xa9, 0x96, 0x7a, 0x44,
    0x3, 0x80,

    /* U+00AA "ª" */
    0x0, 0x2d, 0x6f, 0x7f, 0x5a, 0x0, 0x49, 0x4a,
    0x46, 0x22, 0x4b, 0x80, 0x3, 0xad, 0xfe, 0xf7,
    0x18, 0x1c, 0xc0, 0xe9, 0x0, 0x21, 0x93, 0xa,
    0x0, 0xfe, 0x40, 0x50, 0x0, 0xc6, 0x77, 0xfc,
    0xe0, 0x40, 0x7c, 0xe6, 0x22, 0x22, 0x8, 0x5,
    0xc0, 0x79, 0xfd, 0xba, 0x90, 0x1, 0x10, 0x3c,
    0xc0, 0x37, 0x0, 0x7f, 0x85, 0x80, 0x4, 0x0,
    0xf2, 0x0, 0x26, 0x0, 0x69, 0x3, 0xdf, 0xf5,
    0x9b, 0x0, 0x4d, 0x46, 0x0, 0x27, 0xfd, 0x47,
    0x0, 0x2e, 0x7f, 0xb6, 0x5, 0x2e, 0x40, 0x3f,
    0xf8, 0x3b, 0xff, 0xfd, 0xc0, 0x20, 0x1f, 0xe0,

    /* U+00AB "«" */
    0x0, 0xf8, 0xc0, 0x3c, 0x60, 0x1e, 0x7f, 0x0,
    0xea, 0xa0, 0x7, 0x4c, 0x0, 0x75, 0xa8, 0x7,
    0x53, 0x2, 0x80, 0x7, 0x10, 0x30, 0x2, 0xb5,
    0x7, 0x90, 0x2c, 0x30, 0xa5, 0x1, 0xd4, 0x9,
    0x80, 0x3c, 0x20, 0xb5, 0x2, 0xf2, 0xa, 0x60,
    0x4c, 0x11, 0x6a, 0x0, 0x28, 0x42, 0x54, 0x1,
    0x0, 0xc, 0x20, 0xb, 0x0, 0x10, 0x60, 0xa,
    0x0, 0x70, 0x80, 0x49, 0x82, 0x2c, 0x40, 0x6a,
    0x3, 0xc2, 0x0, 0x8f, 0x8, 0x2d, 0x41, 0x6c,
    0xb, 0xc, 0x2, 0x2c, 0x30, 0xa7, 0x4, 0xc1,
    0x16, 0x20, 0x4, 0x38, 0x81, 0x60, 0x3, 0xc2,
    0xd, 0x0, 0xeb, 0x60, 0xc, 0x58, 0x60, 0x1f,
    0x4c, 0x80, 0x30, 0xe6, 0x80,

    /* U+00AC "¬" */
    0x6a, 0xaf, 0xfe, 0x3a, 0x7a, 0xaf, 0xff, 0x1c,
    0x80, 0x3f, 0xf9, 0x33, 0xff, 0xff, 0xc4, 0xc0,
    0xf, 0xff, 0xf8, 0x7, 0xff, 0x98, 0x9d, 0xca,

    /* U+00AD "­" */
    0x49, 0x9f, 0xc6, 0xcd, 0xf8, 0x3, 0xf8,

    /* U+00AE "®" */
    0x0, 0xf8, 0x5a, 0xf7, 0xfd, 0xb6, 0xc2, 0x1,
    0xff, 0xc0, 0x19, 0xe9, 0x56, 0x55, 0x32, 0xcf,
    0x48, 0x80, 0x7f, 0x1f, 0xb2, 0x5f, 0x5d, 0x52,
    0xfb, 0x11, 0xbc, 0xc0, 0x3e, 0x4c, 0xb, 0xb2,
    0x0, 0x78, 0xee, 0xc1, 0x88, 0x1, 0xc5, 0x63,
    0x88, 0xf3, 0x3c, 0xe6, 0x0, 0x4f, 0x2b, 0x20,
    0xd, 0xe1, 0x84, 0x16, 0xcd, 0xd1, 0x9a, 0x40,
    0x3e, 0x1e, 0x1, 0x31, 0x49, 0x0, 0x65, 0xff,
    0xac, 0x4b, 0x80, 0x5, 0x24, 0xc0, 0xb, 0x26,
    0x0, 0xfe, 0x49, 0x3, 0x10, 0x3, 0x15, 0x81,
    0x12, 0x80, 0x3f, 0xe1, 0x0, 0xf2, 0x91, 0x10,
    0x10, 0x3, 0xfe, 0xd0, 0x21, 0x0, 0xac, 0x10,
    0x40, 0x80, 0x3c, 0xf3, 0x2a, 0xd4, 0x9, 0x0,
    0xc4, 0x3, 0xe0, 0x20, 0x1e, 0x26, 0x62, 0x93,
    0x72, 0x0, 0x61, 0xf, 0xf0, 0x8, 0x7, 0x97,
    0xf4, 0xc1, 0xc0, 0x3c, 0x21, 0xe2, 0x4, 0x1,
    0xf8, 0xb4, 0x45, 0x40, 0x1c, 0x40, 0x28, 0x8,
    0x1, 0xfc, 0x36, 0x8, 0xc0, 0x1a, 0xc1, 0x8,
    0x94, 0x1, 0xfe, 0x54, 0x8, 0x10, 0x9, 0x48,
    0x81, 0x64, 0xc0, 0x1f, 0xe9, 0x1, 0x80, 0x3,
    0x15, 0x80, 0x18, 0xa4, 0x80, 0x8, 0xb8, 0x1,
    0x8a, 0x54, 0xc4, 0xa4, 0x98, 0x2, 0xf0, 0xc2,
    0x8, 0xa6, 0x0, 0xe6, 0xaa, 0x7, 0x87, 0x80,
    0x62, 0xb1, 0xc4, 0x0, 0xff, 0x27, 0x95, 0x90,
    0x7, 0x26, 0x5, 0xd8, 0xc0, 0x3c, 0x77, 0x60,
    0xc4, 0x0, 0xf8, 0xfd, 0x93, 0x3a, 0xea, 0x97,
    0xd8, 0x8d, 0xe6, 0x1, 0xfc, 0x33, 0xd2, 0xac,
    0xaa, 0x65, 0x9e, 0x91, 0x0, 0xe0,

    /* U+00AF "¯" */
    0x35, 0x5f, 0xc7, 0x35, 0x5f, 0xa4, 0x3, 0xfc,

    /* U+00B0 "°" */
    0x0, 0x26, 0x7f, 0xad, 0x0, 0x28, 0xb3, 0x0,
    0x25, 0xb8, 0x23, 0x84, 0x6e, 0x9c, 0x21, 0x3c,
    0x1d, 0xc4, 0x48, 0x70, 0xf5, 0xa, 0x0, 0xd4,
    0xa, 0x0, 0x30, 0xc, 0x60, 0x5, 0x6, 0x0,
    0xcc, 0xb, 0xc1, 0xe, 0x22, 0x78, 0xf, 0x56,
    0x8, 0xee, 0x40, 0x3a, 0x4, 0xd1, 0x80, 0xe,
    0xe0, 0x0,

    /* U+00B1 "±" */
    0x0, 0xfe, 0xef, 0xb0, 0xf, 0xff, 0xf8, 0x7,
    0xff, 0x6e, 0x7f, 0xff, 0x8, 0x27, 0xff, 0xe6,
    0x0, 0xff, 0xe4, 0xfa, 0xaf, 0xe0, 0x0, 0xaa,
    0xfe, 0x26, 0xaa, 0xfc, 0x20, 0xb5, 0x5f, 0x90,
    0x3, 0xff, 0xfe, 0x1, 0xff, 0xc6, 0x22, 0x80,
    0x3f, 0xf8, 0xd9, 0xb2, 0x1, 0xff, 0xd2, 0x6a,
    0xaf, 0xfe, 0x3a, 0x7a, 0xaf, 0xff, 0x1c, 0x80,
    0x3f, 0xf9, 0x20,

    /* U+00B2 "²" */
    0x16, 0xad, 0xfe, 0xc6, 0x0, 0x34, 0xa8, 0x18,
    0x1c, 0xe0, 0x1c, 0xf6, 0xe7, 0x48, 0x1b, 0xa3,
    0x8, 0x4, 0xc8, 0x1a, 0x1, 0xf3, 0x1, 0x0,
    0x79, 0xc8, 0x64, 0x3, 0x96, 0x3, 0x44, 0x3,
    0x2d, 0x5, 0x18, 0x6, 0x6a, 0xa, 0x50, 0xd,
    0x12, 0x38, 0xa0, 0x1a, 0x9c, 0xb0, 0xc0, 0x33,
    0xa8, 0x1f, 0xee, 0xea, 0xf0, 0x0, 0x91, 0x73,
    0x80,

    /* U+00B3 "³" */
    0x8, 0xbd, 0xff, 0x6c, 0x10, 0x4, 0xe8, 0x6,
    0x44, 0x7d, 0x30, 0x6, 0xfe, 0xe6, 0xf1, 0x4,
    0x0, 0x8, 0x3, 0xa, 0x83, 0x0, 0x78, 0x55,
    0x82, 0x80, 0x37, 0xfb, 0xa8, 0x21, 0xc0, 0x32,
    0xa1, 0x0, 0x3c, 0x3, 0xaa, 0xf7, 0x89, 0xe8,
    0x3, 0xe1, 0x80, 0x51, 0x0, 0xff, 0x19, 0xc0,
    0x18, 0xe4, 0x4, 0x93, 0x3b, 0x73, 0xb0, 0x82,
    0x81, 0x18, 0x8c, 0xc2, 0x4f, 0xa8, 0x0,

    /* U+00B4 "´" */
    0x0, 0xc7, 0xfe, 0xc0, 0xe, 0xe0, 0x1d, 0x0,
    0xd4, 0x41, 0xa2, 0x1, 0x32, 0x85, 0x18, 0x4,
    0x52, 0x10, 0xa0, 0x1b, 0x81, 0x9c, 0x3, 0x0,

    /* U+00B5 "µ" */
    0x4f, 0xf4, 0x80, 0x7e, 0x8f, 0xf3, 0x0, 0x7f,
    0xff, 0xc0, 0x3f, 0xff, 0xe0, 0x1f, 0xfd, 0x73,
    0x0, 0xfc, 0x20, 0x1f, 0x98, 0x3, 0xf2, 0x80,
    0x7e, 0x32, 0x0, 0xf1, 0x98, 0x3, 0xfb, 0x84,
    0x3, 0x1e, 0x80, 0x42, 0x1, 0xc2, 0x7d, 0x51,
    0x37, 0x82, 0x40, 0x9, 0x93, 0x80, 0x4e, 0xa0,
    0xae, 0xc8, 0x7, 0x80, 0x1, 0x6e, 0x0, 0xd5,
    0x26, 0x0, 0x28, 0xc1, 0xb2, 0x4, 0xa0, 0xe,
    0x6c, 0xff, 0x6b, 0x80, 0x13, 0x7e, 0xcc, 0x3,
    0xff, 0xfe, 0x1, 0xff, 0xd5,

    /* U+00B6 "¶" */
    0x0, 0xcd, 0x7d, 0xff, 0xf7, 0x0, 0xf, 0x65,
    0x4, 0x3, 0xf8, 0xb0, 0x80, 0x39, 0x3f, 0xd4,
    0x1, 0x70, 0x7, 0xff, 0x4, 0xcc, 0x1, 0xff,
    0xc1, 0x50, 0xf, 0xfe, 0x17, 0x0, 0x7f, 0xf0,
    0xbc, 0x3, 0xff, 0x84, 0x60, 0x1f, 0xfc, 0x24,
    0x10, 0xf, 0xfe, 0x15, 0x0, 0x7f, 0xf0, 0x92,
    0x80, 0x3f, 0xf8, 0x4b, 0xce, 0x40, 0x1f, 0xfc,
    0x1, 0x8d, 0xe6, 0x0, 0xff, 0xe0, 0x88, 0x80,
    0x3f, 0xff, 0xe0, 0x1f, 0xff, 0xf0, 0xf, 0xfe,
    0x8d, 0xc7, 0x0, 0x1e, 0x20,

    /* U+00B7 "·" */
    0x9f, 0xf5, 0x80, 0x7f, 0xf0, 0x0,

    /* U+00B8 "¸" */
    0x0, 0x8f, 0xec, 0x3, 0x8d, 0x91, 0x80, 0x3a,
    0x82, 0xc0, 0x84, 0x1, 0x60, 0x40, 0xbd, 0xfe,
    0x70, 0x50, 0x32, 0x0, 0x13, 0x58, 0x0,

    /* U+00B9 "¹" */
    0x69, 0xcf, 0xf7, 0x0, 0x6b, 0x63, 0x10, 0xf,
    0x4e, 0xfc, 0x0, 0x79, 0x8, 0x3, 0xff, 0xfe,
    0x1, 0x36, 0x62, 0xc0, 0x73, 0x20, 0xf3, 0x31,
    0x0, 0xc, 0xe1,

    /* U+00BA "º" */
    0x0, 0x92, 0xfb, 0xfa, 0xd4, 0x3, 0xa6, 0xd0,
    0x48, 0x52, 0xa8, 0x1, 0x33, 0x1, 0xbf, 0x7e,
    0x1, 0x5c, 0x1, 0x0, 0x92, 0x1, 0x3a, 0x84,
    0xa, 0x8, 0x78, 0x7, 0x40, 0x1, 0x8, 0x0,
    0xa0, 0x1c, 0x40, 0x2, 0x10, 0x0, 0x80, 0x78,
    0x43, 0xc4, 0x0, 0x20, 0x1e, 0x10, 0xf2, 0x0,
    0x28, 0x7, 0x10, 0x0, 0x90, 0x43, 0xc0, 0x3a,
    0x0, 0x8, 0x10, 0x9, 0x22, 0x0, 0x85, 0x7,
    0x10, 0x66, 0x3, 0x77, 0x3d, 0xc1, 0x60, 0x2,
    0x9b, 0x41, 0x19, 0x2a, 0x80, 0x1c, 0x97, 0xdf,
    0xd6, 0xa0, 0x1f, 0xfc, 0x5d, 0xff, 0xfe, 0xe0,
    0x0, 0x80, 0x7f, 0xc0,

    /* U+00BB "»" */
    0x30, 0xe, 0x11, 0x0, 0x7d, 0x88, 0x1, 0x8b,
    0xc8, 0x3, 0xeb, 0x60, 0xc, 0x38, 0x60, 0x1c,
    0x61, 0x30, 0x0, 0x21, 0x16, 0x28, 0x6, 0xc4,
    0x7, 0x90, 0x1f, 0x20, 0xa6, 0x0, 0xd6, 0xc0,
    0xd6, 0x3, 0x86, 0x13, 0x0, 0x1a, 0x60, 0x13,
    0x4, 0x58, 0xa0, 0xf2, 0x1, 0x9d, 0x80, 0xd0,
    0x1, 0x46, 0xc, 0x40, 0x12, 0xb0, 0xb, 0x80,
    0x20, 0xc0, 0xc8, 0x0, 0xd4, 0x5, 0xe4, 0x12,
    0xe0, 0xb8, 0x0, 0x89, 0x4, 0xd1, 0xb, 0x60,
    0x6a, 0x0, 0x53, 0x82, 0xd8, 0x3, 0x10, 0x22,
    0x40, 0x25, 0x7, 0xa0, 0x1, 0x98, 0x29, 0xc0,
    0x3a, 0x20, 0x1, 0xd6, 0xa0, 0x1d, 0x4e, 0x1,
    0x87, 0x10, 0x3, 0xc0,

    /* U+00BC "¼" */
    0x1, 0x47, 0x87, 0x0, 0xff, 0xe0, 0xe7, 0xd8,
    0x7, 0xb7, 0xae, 0x1e, 0x40, 0x3f, 0xf8, 0xa,
    0x61, 0x20, 0x1e, 0x64, 0x76, 0x0, 0xff, 0xe1,
    0x58, 0x39, 0x0, 0x7a, 0xed, 0x1e, 0x1, 0xff,
    0xc1, 0x81, 0x14, 0x0, 0x7f, 0xf2, 0xc9, 0xc2,
    0xc0, 0x3f, 0xf9, 0x92, 0x6, 0xa0, 0x1f, 0xfc,
    0xb5, 0x40, 0xe0, 0xf, 0xfe, 0x65, 0x83, 0x10,
    0x7, 0xff, 0x2e, 0x4, 0x50, 0x1, 0xff, 0xcb,
    0x27, 0x8, 0x10, 0xf, 0xfe, 0x5c, 0x81, 0xb0,
    0x7, 0xff, 0x2d, 0x10, 0x1e, 0x1, 0xe2, 0xff,
    0x70, 0x2, 0x7f, 0xd2, 0x3, 0xff, 0x8, 0x2,
    0x41, 0x8c, 0x3, 0xde, 0x1, 0xde, 0x89, 0xf8,
    0x41, 0xc8, 0x60, 0x3, 0xd2, 0x4a, 0x1, 0x9a,
    0xef, 0xf0, 0xc, 0x4, 0x8, 0x7, 0x2b, 0x46,
    0x0, 0x7f, 0xf0, 0xac, 0xd, 0x80, 0x38, 0xa9,
    0x1c, 0x3, 0xff, 0x84, 0x8a, 0x1e, 0x1, 0xef,
    0x2a, 0x0, 0xff, 0xe1, 0xc8, 0x29, 0x80, 0x74,
    0x97, 0x8, 0x7, 0xff, 0x9, 0xc8, 0x2c, 0x3,
    0x95, 0xa4, 0xc0, 0x3f, 0xf8, 0x43, 0x1, 0x2,
    0x1, 0xd0, 0x1b, 0x77, 0x80, 0x6e, 0xc0, 0x1f,
    0x58, 0x13, 0x80, 0x7e, 0x44, 0xc4, 0x0, 0x44,
    0x0, 0x78, 0xd4, 0x24, 0x3, 0xed, 0xff, 0xe9,
    0x1, 0xff, 0x0, 0x7b, 0x81, 0x50, 0x3, 0xff,
    0x96, 0xe4, 0x16, 0x1, 0xff, 0xcd, 0x7b, 0x10,
    0xf, 0xfe, 0x13, 0x7f, 0x0, 0x0,

    /* U+00BD "½" */
    0x2, 0x47, 0x87, 0x0, 0xff, 0xe0, 0xe7, 0xd8,
    0x7, 0x6e, 0xae, 0x1e, 0x40, 0x3f, 0xf8, 0xa,
    0x61, 0x20, 0x1c, 0xed, 0x2e, 0x1, 0xff, 0xc2,
    0xb0, 0x72, 0x0, 0xea, 0x96, 0xe0, 0xf, 0xfe,
    0xc, 0x8, 0xa0, 0x3, 0xff, 0x94, 0x4e, 0x16,
    0x1, 0xff, 0xcb, 0x90, 0x35, 0x0, 0xff, 0xe5,
    0x2a, 0x7, 0x0, 0x7f, 0xf2, 0xec, 0x18, 0x80,
    0x3f, 0xf9, 0x50, 0x22, 0x80, 0xf, 0xfe, 0x51,
    0x38, 0x40, 0x80, 0x7f, 0xf2, 0xa4, 0xd, 0x80,
    0x7, 0x15, 0x48, 0x30, 0xf, 0xfe, 0x12, 0x20,
    0x3c, 0xb, 0x30, 0xea, 0xa7, 0xc9, 0x9, 0xff,
    0x48, 0xf, 0xfc, 0x20, 0x9, 0x6, 0x30, 0x63,
    0x6d, 0xfd, 0x60, 0x67, 0xf4, 0x4f, 0xc2, 0xe,
    0x43, 0x0, 0x6, 0xd9, 0x20, 0x29, 0x40, 0xb6,
    0xbb, 0xfc, 0x3, 0x1, 0x2, 0x0, 0x22, 0x0,
    0x71, 0x80, 0x80, 0x7f, 0xac, 0xd, 0x80, 0x3f,
    0xca, 0xa, 0x1, 0xfc, 0x8a, 0x1e, 0x1, 0xfe,
    0x92, 0x18, 0x0, 0xfe, 0x90, 0x53, 0x0, 0xfe,
    0x76, 0xd, 0x0, 0xfe, 0x72, 0xb, 0x0, 0xfe,
    0x68, 0xa, 0x30, 0xf, 0xc3, 0x1, 0x2, 0x1,
    0xf9, 0xa4, 0x29, 0x40, 0x3f, 0xac, 0x9, 0xc0,
    0x3f, 0x3c, 0x85, 0xa8, 0x7, 0xf1, 0xa8, 0x48,
    0x7, 0xe8, 0x80, 0xe2, 0x0, 0x7f, 0xb8, 0x15,
    0x0, 0x3e, 0x57, 0x0, 0x7e, 0x67, 0x0, 0x73,
    0x90, 0x58, 0x7, 0xfc, 0x26, 0x7e, 0x0, 0xf3,
    0xd8, 0x80, 0x7e, 0x5f, 0xff, 0xe0,

    /* U+00BE "¾" */
    0x8, 0xbe, 0xff, 0x6c, 0x8, 0x7, 0xfd, 0x9f,
    0x60, 0x1f, 0x3a, 0x1a, 0x11, 0x1f, 0xc8, 0x3,
    0xf9, 0x4c, 0x24, 0x3, 0xec, 0xfd, 0xbd, 0xe2,
    0x19, 0x0, 0xfe, 0xb0, 0x72, 0x0, 0xf8, 0xc0,
    0x30, 0xa8, 0x30, 0x7, 0xe8, 0x11, 0x40, 0x7,
    0xff, 0x4, 0x54, 0x10, 0x3, 0xe2, 0x70, 0xb0,
    0xf, 0xfa, 0xaf, 0x38, 0x8e, 0x0, 0x3e, 0x90,
    0x35, 0x0, 0xff, 0x95, 0xc, 0xf, 0x84, 0x3,
    0xca, 0x81, 0xc0, 0x1f, 0xfc, 0xf, 0xf7, 0x41,
    0xea, 0x80, 0x7a, 0xc1, 0x88, 0x3, 0xff, 0x84,
    0x2f, 0x21, 0x40, 0x1d, 0x2, 0x28, 0x0, 0xff,
    0xe2, 0xa8, 0x0, 0x80, 0x22, 0x70, 0x81, 0x0,
    0xff, 0xe2, 0xa0, 0x0, 0xc0, 0x29, 0x3, 0x60,
    0xf, 0x19, 0xc0, 0x5, 0x83, 0x10, 0x27, 0x80,
    0x41, 0x0, 0x22, 0x3, 0xc0, 0x3c, 0x99, 0x8d,
    0x0, 0x13, 0xe7, 0x7e, 0xc0, 0x1d, 0x0, 0x52,
    0xc, 0x60, 0x1c, 0x34, 0x1, 0xcf, 0x6e, 0xa8,
    0xaf, 0x98, 0x10, 0x3, 0x90, 0xc0, 0x7, 0xa8,
    0x5c, 0x3, 0x92, 0x2a, 0xea, 0xc, 0x2, 0x18,
    0x8, 0x10, 0xe, 0x74, 0xae, 0x0, 0xff, 0xe1,
    0xd8, 0x1b, 0x0, 0x71, 0xc3, 0x28, 0x7, 0xff,
    0xd, 0x14, 0x3c, 0x3, 0xdc, 0x52, 0x1, 0xff,
    0xc4, 0x90, 0x53, 0x0, 0xea, 0x2f, 0x0, 0xff,
    0xe2, 0x39, 0x5, 0x80, 0x73, 0x2c, 0x90, 0x7,
    0xff, 0xc, 0x60, 0x20, 0x40, 0x3a, 0xc3, 0x6e,
    0xf0, 0xd, 0xd8, 0x3, 0xf5, 0x81, 0x38, 0x7,
    0xe4, 0x4c, 0x40, 0x4, 0x40, 0x7, 0xc6, 0xa1,
    0x20, 0x1f, 0x6f, 0xff, 0x48, 0xf, 0xf8, 0x3,
    0xee, 0x5, 0x40, 0xf, 0xfe, 0x63, 0x90, 0x58,
    0x7, 0xff, 0x39, 0xec, 0x40, 0x3f, 0xf8, 0x4d,
    0xfc, 0x0,

    /* U+00BF "¿" */
    0x0, 0xe4, 0xff, 0x70, 0x7, 0xff, 0x68, 0xc0,
    0x3f, 0x93, 0xfd, 0xa0, 0x1f, 0xfc, 0xa1, 0x99,
    0x38, 0x7, 0xf1, 0x33, 0x2c, 0x3, 0xff, 0x9a,
    0xe0, 0x1f, 0xcc, 0x0, 0x10, 0xf, 0xe9, 0x0,
    0x60, 0x7, 0xe9, 0x30, 0x16, 0x0, 0xfa, 0x18,
    0x1, 0x40, 0x1f, 0x3b, 0x80, 0x12, 0x80, 0x1e,
    0x58, 0x0, 0x4b, 0x0, 0x78, 0x6c, 0x0, 0xec,
    0x1, 0xf3, 0x8, 0x14, 0x0, 0x7e, 0xc0, 0x5,
    0x0, 0x7f, 0xf2, 0x88, 0x1, 0x80, 0x1f, 0xb,
    0x68, 0x1, 0x1c, 0x3, 0xc, 0x76, 0xa1, 0x80,
    0x23, 0xaa, 0x73, 0x9c, 0x2, 0xd3, 0x0, 0xa,
    0xb1, 0x80, 0xb, 0xc0, 0x72, 0x90, 0x40, 0x4,
    0xd7, 0xa8,

    /* U+00C0 "À" */
    0x0, 0xf9, 0xff, 0xcc, 0x1, 0xff, 0xc6, 0x75,
    0x9, 0x10, 0xf, 0xfe, 0x35, 0x10, 0x50, 0x7,
    0xff, 0x1f, 0xc5, 0x18, 0x3, 0xff, 0x8c, 0x5a,
    0xe2, 0x1, 0xff, 0xc7, 0x38, 0x70, 0xf, 0xfe,
    0xd8, 0xff, 0xdc, 0x1, 0xff, 0xc5, 0x70, 0x8,
    0x50, 0x3, 0xff, 0x89, 0x60, 0x1b, 0xc0, 0x3f,
    0xf8, 0x66, 0x40, 0xa6, 0x8, 0x20, 0x1f, 0xfc,
    0x2a, 0x0, 0x75, 0x0, 0x18, 0x3, 0xff, 0x84,
    0xc0, 0x28, 0xe0, 0xa, 0x0, 0xff, 0xe0, 0xa8,
    0x1, 0x80, 0x54, 0x8, 0xc0, 0x3f, 0xf8, 0x12,
    0x0, 0xa0, 0x7, 0x0, 0x24, 0x3, 0xfe, 0x23,
    0x3, 0x20, 0x2, 0x8, 0x28, 0x7, 0xfd, 0x40,
    0xb, 0x0, 0xce, 0x0, 0x60, 0xf, 0xf3, 0x0,
    0x18, 0x3, 0x50, 0x2, 0x80, 0x3f, 0x90, 0x41,
    0x4, 0x3, 0x19, 0x1, 0x90, 0x7, 0xee, 0x0,
    0x70, 0x7, 0xa8, 0x1, 0x60, 0x1f, 0xa, 0x80,
    0x14, 0x3, 0xcc, 0x0, 0x70, 0xf, 0x98, 0x0,
    0x35, 0x5f, 0x58, 0x0, 0x54, 0x3, 0xd4, 0x0,
    0x15, 0x5f, 0xc0, 0x17, 0x0, 0x71, 0x90, 0x7,
    0xff, 0x9, 0x4, 0x3, 0x50, 0x1, 0xff, 0xff,
    0xcc, 0x0, 0x60, 0xc, 0xc0, 0xa, 0x0, 0xff,
    0x68, 0x2, 0x40, 0x26, 0x0, 0x11, 0x0, 0x3f,
    0xc8, 0x20, 0x28, 0x0, 0xa0, 0x5, 0x0, 0x7f,
    0xf0, 0x18, 0x1, 0xc0, 0x46, 0x0, 0x60, 0xf,
    0xfe, 0x5, 0x80, 0x14, 0x68, 0x0, 0x62, 0x1,
    0xff, 0xc0, 0x32, 0x0, 0x38,

    /* U+00C1 "Á" */
    0x0, 0xff, 0xa3, 0xfc, 0x80, 0x1f, 0xfc, 0x53,
    0x70, 0x84, 0x0, 0xff, 0xe2, 0xf0, 0x23, 0x80,
    0x7f, 0xf1, 0x64, 0x89, 0x60, 0x1f, 0xfc, 0x6e,
    0x7f, 0x0, 0xff, 0xe3, 0xbc, 0x10, 0x7, 0xff,
    0x70, 0x7f, 0xee, 0x0, 0xff, 0xe2, 0xb8, 0x4,
    0x28, 0x1, 0xff, 0xc4, 0xb0, 0xd, 0xe0, 0x1f,
    0xfc, 0x33, 0x20, 0x53, 0x4, 0x10, 0xf, 0xfe,
    0x15, 0x0, 0x3a, 0x80, 0xc, 0x1, 0xff, 0xc2,
    0x60, 0x14, 0x70, 0x5, 0x0, 0x7f, 0xf0, 0x54,
    0x0, 0xc0, 0x2a, 0x4, 0x60, 0x1f, 0xfc, 0x9,
    0x0, 0x50, 0x3, 0x80, 0x12, 0x1, 0xff, 0x11,
    0x81, 0x90, 0x1, 0x4, 0x14, 0x3, 0xfe, 0xa0,
    0x5, 0x80, 0x67, 0x0, 0x30, 0x7, 0xf9, 0x80,
    0xc, 0x1, 0xa8, 0x1, 0x40, 0x1f, 0xc8, 0x20,
    0x82, 0x1, 0x8c, 0x80, 0xc8, 0x3, 0xf7, 0x0,
    0x38, 0x3, 0xd4, 0x0, 0xb0, 0xf, 0x85, 0x40,
    0xa, 0x1, 0xe6, 0x0, 0x38, 0x7, 0xcc, 0x0,
    0x1a, 0xaf, 0xac, 0x0, 0x2a, 0x1, 0xea, 0x0,
    0xa, 0xaf, 0xe0, 0xb, 0x80, 0x38, 0xc8, 0x3,
    0xff, 0x84, 0x82, 0x1, 0xa8, 0x0, 0xff, 0xff,
    0xe6, 0x0, 0x30, 0x6, 0x60, 0x5, 0x0, 0x7f,
    0xb4, 0x1, 0x20, 0x13, 0x0, 0x8, 0x80, 0x1f,
    0xe4, 0x10, 0x14, 0x0, 0x50, 0x2, 0x80, 0x3f,
    0xf8, 0xc, 0x0, 0xe0, 0x23, 0x0, 0x30, 0x7,
    0xff, 0x2, 0xc0, 0xa, 0x34, 0x0, 0x31, 0x0,
    0xff, 0xe0, 0x19, 0x0, 0x1c,

    /* U+00C2 "Â" */
    0x0, 0xfe, 0xdf, 0xf6, 0x0, 0x7f, 0xf1, 0x68,
    0x88, 0x27, 0x0, 0x1f, 0xfc, 0x35, 0x50, 0xfe,
    0x83, 0x98, 0x7, 0xff, 0x4, 0xa8, 0x34, 0x8e,
    0x83, 0x44, 0x3, 0xff, 0x80, 0xee, 0xb3, 0x0,
    0x2d, 0x32, 0x80, 0x7f, 0xf0, 0x16, 0x10, 0x3,
    0x2c, 0x20, 0x7, 0xff, 0x60, 0x7f, 0xee, 0x0,
    0xff, 0xe2, 0xb8, 0x4, 0x28, 0x1, 0xff, 0xc4,
    0xb0, 0xd, 0xe0, 0x1f, 0xfc, 0x33, 0x20, 0x53,
    0x4, 0x10, 0xf, 0xfe, 0x15, 0x0, 0x3a, 0x80,
    0xc, 0x1, 0xff, 0xc2, 0x60, 0x14, 0x70, 0x5,
    0x0, 0x7f, 0xf0, 0x54, 0x0, 0xc0, 0x2a, 0x4,
    0x60, 0x1f, 0xfc, 0x9, 0x0, 0x50, 0x3, 0x80,
    0x12, 0x1, 0xff, 0x11, 0x81, 0x90, 0x1, 0x4,
    0x14, 0x3, 0xfe, 0xa0, 0x5, 0x80, 0x67, 0x0,
    0x30, 0x7, 0xf9, 0x80, 0xc, 0x1, 0xa8, 0x1,
    0x40, 0x1f, 0xc8, 0x20, 0x82, 0x1, 0x8c, 0x80,
    0xc8, 0x3, 0xf7, 0x0, 0x38, 0x3, 0xd4, 0x0,
    0xb0, 0xf, 0x85, 0x40, 0xa, 0x1, 0xe6, 0x0,
    0x38, 0x7, 0xcc, 0x0, 0x1a, 0xaf, 0xac, 0x0,
    0x2a, 0x1, 0xea, 0x0, 0xa, 0xaf, 0xe0, 0xb,
    0x80, 0x38, 0xc8, 0x3, 0xff, 0x84, 0x82, 0x1,
    0xa8, 0x0, 0xff, 0xff, 0xe6, 0x0, 0x30, 0x6,
    0x60, 0x5, 0x0, 0x7f, 0xb4, 0x1, 0x20, 0x13,
    0x0, 0x8, 0x80, 0x1f, 0xe4, 0x10, 0x14, 0x0,
    0x50, 0x2, 0x80, 0x3f, 0xf8, 0xc, 0x0, 0xe0,
    0x23, 0x0, 0x30, 0x7, 0xff, 0x2, 0xc0, 0xa,
    0x34, 0x0, 0x31, 0x0, 0xff, 0xe0, 0x19, 0x0,
    0x1c,

    /* U+00C3 "Ã" */
    0x0, 0xfa, 0x32, 0xd4, 0x2, 0xcd, 0x0, 0xff,
    0xe0, 0x4b, 0x9a, 0x55, 0x92, 0x18, 0x7, 0xff,
    0x5, 0x83, 0x70, 0xd3, 0x6c, 0x2c, 0x3, 0xfe,
    0x22, 0x29, 0x1e, 0x49, 0x9a, 0x58, 0x3, 0xfe,
    0x2d, 0xa0, 0x9, 0xb3, 0xc, 0x1, 0xff, 0xef,
    0x1f, 0xfb, 0x80, 0x3f, 0xf8, 0xae, 0x1, 0xa,
    0x0, 0x7f, 0xf1, 0x2c, 0x3, 0x78, 0x7, 0xff,
    0xc, 0xc8, 0x14, 0xc1, 0x4, 0x3, 0xff, 0x85,
    0x40, 0xe, 0xa0, 0x3, 0x0, 0x7f, 0xf0, 0x98,
    0x5, 0x1c, 0x1, 0x40, 0x1f, 0xfc, 0x15, 0x0,
    0x30, 0xa, 0x81, 0x18, 0x7, 0xff, 0x2, 0x40,
    0x14, 0x0, 0xe0, 0x4, 0x80, 0x7f, 0xc4, 0x60,
    0x64, 0x0, 0x41, 0x5, 0x0, 0xff, 0xa8, 0x1,
    0x60, 0x19, 0xc0, 0xc, 0x1, 0xfe, 0x60, 0x3,
    0x0, 0x6a, 0x0, 0x50, 0x7, 0xf2, 0x8, 0x20,
    0x80, 0x63, 0x20, 0x32, 0x0, 0xfd, 0xc0, 0xe,
    0x0, 0xf5, 0x0, 0x2c, 0x3, 0xe1, 0x50, 0x2,
    0x80, 0x79, 0x80, 0xe, 0x1, 0xf3, 0x0, 0x6,
    0xab, 0xeb, 0x0, 0xa, 0x80, 0x7a, 0x80, 0x2,
    0xab, 0xf8, 0x2, 0xe0, 0xe, 0x32, 0x0, 0xff,
    0xe1, 0x20, 0x80, 0x6a, 0x0, 0x3f, 0xff, 0xf9,
    0x80, 0xc, 0x1, 0x98, 0x1, 0x40, 0x1f, 0xed,
    0x0, 0x48, 0x4, 0xc0, 0x2, 0x20, 0x7, 0xf9,
    0x4, 0x5, 0x0, 0x14, 0x0, 0xa0, 0xf, 0xfe,
    0x3, 0x0, 0x38, 0x8, 0xc0, 0xc, 0x1, 0xff,
    0xc0, 0xb0, 0x2, 0x8d, 0x0, 0xc, 0x40, 0x3f,
    0xf8, 0x6, 0x40, 0x7,

    /* U+00C4 "Ä" */
    0x0, 0xf1, 0x19, 0x84, 0x0, 0x26, 0x61, 0x0,
    0xff, 0xe0, 0x4e, 0x61, 0x80, 0x11, 0x98, 0x80,
    0xf, 0xff, 0x65, 0xff, 0x9c, 0x1, 0x3f, 0xe9,
    0x0, 0xff, 0xf7, 0xf, 0xfd, 0xc0, 0x1f, 0xfc,
    0x57, 0x0, 0x85, 0x0, 0x3f, 0xf8, 0x96, 0x1,
    0xbc, 0x3, 0xff, 0x86, 0x64, 0xa, 0x60, 0x82,
    0x1, 0xff, 0xc2, 0xa0, 0x7, 0x50, 0x1, 0x80,
    0x3f, 0xf8, 0x4c, 0x2, 0x8e, 0x0, 0xa0, 0xf,
    0xfe, 0xa, 0x80, 0x18, 0x5, 0x40, 0x8c, 0x3,
    0xff, 0x81, 0x20, 0xa, 0x0, 0x70, 0x2, 0x40,
    0x3f, 0xe2, 0x30, 0x32, 0x0, 0x20, 0x82, 0x80,
    0x7f, 0xd4, 0x0, 0xb0, 0xc, 0xe0, 0x6, 0x0,
    0xff, 0x30, 0x1, 0x80, 0x35, 0x0, 0x28, 0x3,
    0xf9, 0x4, 0x10, 0x40, 0x31, 0x90, 0x19, 0x0,
    0x7e, 0xe0, 0x7, 0x0, 0x7a, 0x80, 0x16, 0x1,
    0xf0, 0xa8, 0x1, 0x40, 0x3c, 0xc0, 0x7, 0x0,
    0xf9, 0x80, 0x3, 0x55, 0xf5, 0x80, 0x5, 0x40,
    0x3d, 0x40, 0x1, 0x55, 0xfc, 0x1, 0x70, 0x7,
    0x19, 0x0, 0x7f, 0xf0, 0x90, 0x40, 0x35, 0x0,
    0x1f, 0xff, 0xfc, 0xc0, 0x6, 0x0, 0xcc, 0x0,
    0xa0, 0xf, 0xf6, 0x80, 0x24, 0x2, 0x60, 0x1,
    0x10, 0x3, 0xfc, 0x82, 0x2, 0x80, 0xa, 0x0,
    0x50, 0x7, 0xff, 0x1, 0x80, 0x1c, 0x4, 0x60,
    0x6, 0x0, 0xff, 0xe0, 0x58, 0x1, 0x46, 0x80,
    0x6, 0x20, 0x1f, 0xfc, 0x3, 0x20, 0x3, 0x80,

    /* U+00C5 "Å" */
    0x0, 0xfc, 0x55, 0xdb, 0x22, 0x1, 0xff, 0xc3,
    0x4d, 0x51, 0x26, 0xf2, 0x0, 0xff, 0xe1, 0x50,
    0x37, 0x71, 0x47, 0x80, 0x3f, 0xf8, 0x26, 0x27,
    0x22, 0x2a, 0x13, 0x10, 0xf, 0xfe, 0x3, 0x2,
    0x80, 0x65, 0x2, 0x0, 0xff, 0xe0, 0x38, 0x28,
    0x6, 0x50, 0x20, 0xf, 0xfe, 0x1, 0x19, 0xa4,
    0x45, 0x42, 0xa2, 0x1, 0xff, 0xc1, 0xe2, 0x6e,
    0xe2, 0x9d, 0x80, 0x7f, 0xf0, 0x89, 0x0, 0x35,
    0x88, 0x7, 0xff, 0xd, 0x80, 0x35, 0x0, 0x7f,
    0xf0, 0xd4, 0x0, 0xa6, 0x4, 0x80, 0x1f, 0xfc,
    0x2e, 0x0, 0x75, 0x0, 0x38, 0x3, 0xff, 0x82,
    0x48, 0x2, 0x8e, 0x0, 0x50, 0xf, 0xfe, 0xd,
    0x0, 0x18, 0x5, 0x40, 0xc, 0x1, 0xff, 0xc0,
    0x50, 0x5, 0x80, 0x38, 0x1, 0x40, 0x1f, 0xf2,
    0x10, 0x11, 0x80, 0x10, 0x40, 0xc8, 0x3, 0xfd,
    0xc0, 0xa, 0x0, 0xce, 0x0, 0xa0, 0xf, 0xf2,
    0x80, 0x18, 0x3, 0x50, 0x1, 0x80, 0x3f, 0x98,
    0x0, 0x82, 0x1, 0x8c, 0x80, 0x50, 0x3, 0xf5,
    0x0, 0x38, 0x3, 0xd4, 0x0, 0xe0, 0xf, 0x88,
    0xc0, 0xa, 0x1, 0xe6, 0x0, 0x28, 0x80, 0x7a,
    0x80, 0x3, 0x55, 0xf5, 0x80, 0x4e, 0x1, 0xe6,
    0x0, 0xa, 0xaf, 0xe0, 0xa, 0x80, 0x39, 0x4,
    0x3, 0xff, 0x84, 0x64, 0x1, 0xb8, 0x0, 0xff,
    0xff, 0xe6, 0x0, 0x50, 0x4, 0x2a, 0x0, 0xa0,
    0xf, 0xf6, 0x80, 0x18, 0x2, 0x70, 0x1, 0x10,
    0x3, 0xfc, 0x82, 0x2, 0x80, 0xa, 0x0, 0x50,
    0x7, 0xff, 0x1, 0x80, 0x1c, 0x4, 0x60, 0x6,
    0x0, 0xff, 0xe0, 0x58, 0x1, 0x46, 0xc0, 0x6,
    0x20, 0x1f, 0xfc, 0x3, 0x20, 0x3, 0x80,

    /* U+00C6 "Æ" */
    0x0, 0xfe, 0x5f, 0xff, 0xfe, 0x36, 0x80, 0x7f,
    0xb8, 0x3, 0xff, 0xa0, 0x48, 0x0, 0x55, 0x0,
    0x46, 0xab, 0xff, 0x0, 0x7f, 0x58, 0x1, 0x2a,
    0x82, 0x0, 0x8a, 0xaf, 0xf4, 0x0, 0x7e, 0x16,
    0x0, 0x78, 0x7, 0xff, 0x35, 0x80, 0x4, 0x80,
    0x1f, 0xfc, 0xda, 0x0, 0x40, 0x7, 0xff, 0x35,
    0x8, 0x5, 0x40, 0x3f, 0xf9, 0xbe, 0x0, 0x90,
    0xf, 0xfe, 0x69, 0x20, 0x1, 0x80, 0x3e, 0x8a,
    0xaf, 0xf1, 0x80, 0x7a, 0xc0, 0xc, 0x20, 0x1f,
    0x1a, 0xaf, 0xf9, 0x80, 0x3c, 0xc0, 0xb, 0x0,
    0xff, 0xe6, 0xb0, 0x1, 0x8, 0x3, 0xf5, 0xff,
    0xff, 0x94, 0x3, 0xac, 0x1, 0xe0, 0x1f, 0xfc,
    0xd4, 0x20, 0x7, 0x55, 0x78, 0x40, 0x3f, 0xf8,
    0xde, 0x1, 0x2a, 0xfc, 0x1, 0xff, 0xc6, 0x24,
    0x0, 0xff, 0xe8, 0x50, 0x1, 0xbf, 0xff, 0x8,
    0x7, 0xff, 0x15, 0x80, 0x14, 0x1, 0xff, 0xcd,
    0x61, 0x3, 0x30, 0x7, 0xff, 0x36, 0x80, 0x12,
    0x1, 0xff, 0xc0, 0x8a, 0xaf, 0xf8, 0x4c, 0xc0,
    0x2a, 0x1, 0xff, 0xc0, 0x35, 0x5f, 0xf8, 0xe4,
    0x0, 0xc0, 0x1f, 0xfc, 0xe0,

    /* U+00C7 "Ç" */
    0x0, 0xf8, 0xe2, 0xf7, 0xfd, 0xd9, 0x28, 0x1,
    0xf8, 0xf3, 0xe, 0x84, 0x0, 0x13, 0x6b, 0xe6,
    0x0, 0xe7, 0xc3, 0x0, 0x8d, 0x54, 0x84, 0x0,
    0x19, 0x80, 0x9, 0xe0, 0x0, 0x55, 0xf9, 0x54,
    0xbd, 0xe8, 0x10, 0x10, 0x2, 0x40, 0x1, 0x75,
    0x40, 0x3c, 0x2f, 0xce, 0x1, 0x48, 0x0, 0xe8,
    0x3, 0xfe, 0x88, 0x2, 0x90, 0x3, 0x80, 0x3f,
    0xf8, 0x22, 0x1e, 0x0, 0x42, 0x0, 0xff, 0xe1,
    0xa0, 0x3, 0x0, 0x3f, 0xf8, 0x82, 0x0, 0x30,
    0xf, 0xfe, 0x19, 0x0, 0x4e, 0x1, 0xff, 0xc7,
    0x10, 0xf, 0xfe, 0x38, 0x80, 0x7f, 0xf0, 0xc8,
    0x2, 0x70, 0xf, 0xfe, 0x20, 0x80, 0xc, 0x3,
    0xff, 0x88, 0x80, 0xc, 0x0, 0xff, 0xe2, 0x78,
    0x1, 0x8, 0x3, 0xff, 0x86, 0xa4, 0x0, 0xe0,
    0xf, 0xfe, 0x8, 0x80, 0x24, 0x0, 0x74, 0x1,
    0xff, 0x44, 0x0, 0x9, 0x0, 0x5, 0xd5, 0x0,
    0xf0, 0xbf, 0x38, 0x6, 0x78, 0x0, 0x15, 0x7e,
    0x55, 0x2f, 0x7a, 0x4, 0x4, 0x3, 0x3e, 0x18,
    0x4, 0x6a, 0xa4, 0x20, 0x0, 0xcc, 0x0, 0x71,
    0xe6, 0x1c, 0xc8, 0x2, 0x36, 0xbe, 0x60, 0xf,
    0xc7, 0x19, 0xb4, 0xb, 0x92, 0x80, 0x1f, 0xfc,
    0x25, 0x15, 0x30, 0xf, 0xfe, 0x2b, 0x85, 0x80,
    0x7f, 0xf1, 0x44, 0x8, 0x3, 0xff, 0x82, 0xa2,
    0x4, 0xa0, 0x60, 0x1f, 0xfc, 0x19, 0xef, 0xd2,
    0xa, 0x0, 0xff, 0xe0, 0xa0, 0x80, 0x9d, 0x98,
    0x7, 0x0,

    /* U+00C8 "È" */
    0x0, 0x87, 0x7f, 0x40, 0x3f, 0xf8, 0x3, 0xe0,
    0x52, 0x1, 0xff, 0xc0, 0x2a, 0x6, 0x40, 0xf,
    0xfe, 0x2, 0xb8, 0x50, 0x80, 0x7f, 0xf0, 0x22,
    0xc, 0x40, 0x1f, 0xfc, 0x17, 0x83, 0x0, 0xff,
    0xe5, 0x6f, 0xff, 0xff, 0x7, 0x80, 0x3f, 0xf9,
    0x6, 0xab, 0xfe, 0x70, 0xd, 0x15, 0x5f, 0xe9,
    0x0, 0xff, 0xff, 0x80, 0x7f, 0x45, 0x57, 0xf9,
    0x0, 0x31, 0xaa, 0xff, 0x88, 0x3, 0xff, 0x91,
    0x7f, 0xff, 0xe6, 0x0, 0xff, 0xff, 0x80, 0x7f,
    0xf7, 0x62, 0xab, 0xfe, 0x10, 0x8, 0xd5, 0x7f,
    0xe3, 0x0, 0xff, 0xe2, 0x0,

    /* U+00C9 "É" */
    0x0, 0xf8, 0x7b, 0xf0, 0x3, 0xff, 0x81, 0x42,
    0x2d, 0x0, 0xff, 0x99, 0x2, 0x84, 0x3, 0xfc,
    0x32, 0x10, 0x80, 0x1f, 0xf2, 0xbc, 0xb8, 0x7,
    0xff, 0x1, 0x21, 0x80, 0x3f, 0xf9, 0x9b, 0xff,
    0xff, 0xc1, 0xe0, 0xf, 0xfe, 0x41, 0xaa, 0xff,
    0x9c, 0x3, 0x45, 0x57, 0xfa, 0x40, 0x3f, 0xff,
    0xe0, 0x1f, 0xd1, 0x55, 0xfe, 0x40, 0xc, 0x6a,
    0xbf, 0xe2, 0x0, 0xff, 0xe4, 0x5f, 0xff, 0xf9,
    0x80, 0x3f, 0xff, 0xe0, 0x1f, 0xfd, 0xd8, 0xaa,
    0xff, 0x84, 0x2, 0x35, 0x5f, 0xf8, 0xc0, 0x3f,
    0xf8, 0x80,

    /* U+00CA "Ê" */
    0x0, 0xe5, 0xff, 0x90, 0x3, 0xfc, 0x54, 0x6,
    0x14, 0x20, 0x1f, 0xdc, 0xd, 0x8a, 0x3a, 0x1,
    0xfa, 0x4d, 0x24, 0x28, 0xcd, 0x0, 0x1f, 0x74,
    0x58, 0x5, 0xb1, 0xe0, 0x1f, 0x3b, 0x80, 0x30,
    0xbb, 0x80, 0x3f, 0xf9, 0x1b, 0xff, 0xff, 0xc1,
    0xe0, 0xf, 0xfe, 0x41, 0xaa, 0xff, 0x9c, 0x3,
    0x45, 0x57, 0xfa, 0x40, 0x3f, 0xff, 0xe0, 0x1f,
    0xd1, 0x55, 0xfe, 0x40, 0xc, 0x6a, 0xbf, 0xe2,
    0x0, 0xff, 0xe4, 0x5f, 0xff, 0xf9, 0x80, 0x3f,
    0xff, 0xe0, 0x1f, 0xfd, 0xd8, 0xaa, 0xff, 0x84,
    0x2, 0x35, 0x5f, 0xf8, 0xc0, 0x3f, 0xf8, 0x80,

    /* U+00CB "Ë" */
    0x0, 0x8c, 0xe0, 0x8, 0xce, 0x0, 0xf1, 0x66,
    0x40, 0x1, 0xcc, 0x84, 0x3, 0xff, 0xb2, 0x5f,
    0xf0, 0x0, 0x7f, 0xe1, 0x0, 0xff, 0xeb, 0xef,
    0xff, 0xff, 0x7, 0x80, 0x3f, 0xf9, 0x6, 0xab,
    0xfe, 0x70, 0xd, 0x15, 0x5f, 0xe9, 0x0, 0xff,
    0xff, 0x80, 0x7f, 0x45, 0x57, 0xf9, 0x0, 0x31,
    0xaa, 0xff, 0x88, 0x3, 0xff, 0x91, 0x7f, 0xff,
    0xe6, 0x0, 0xff, 0xff, 0x80, 0x7f, 0xf7, 0x62,
    0xab, 0xfe, 0x10, 0x8, 0xd5, 0x7f, 0xe3, 0x0,
    0xff, 0xe2, 0x0,

    /* U+00CC "Ì" */
    0xa, 0xff, 0x18, 0x5, 0x44, 0x1c, 0x1, 0xbc,
    0xa, 0x0, 0x22, 0xb0, 0x73, 0x0, 0x92, 0x9d,
    0x80, 0x32, 0xc2, 0x80, 0x7f, 0xb7, 0xfc, 0x80,
    0x1f, 0xff, 0xf0, 0xf, 0xff, 0xf8, 0x6,

    /* U+00CD "Í" */
    0x0, 0xaf, 0xfc, 0x40, 0x6, 0x40, 0xb2, 0x2,
    0x90, 0x74, 0x0, 0x70, 0x24, 0x0, 0x9, 0x22,
    0x80, 0x22, 0x87, 0x10, 0xf, 0xfb, 0x7f, 0xc8,
    0x1, 0xff, 0xff, 0x0, 0xff, 0xff, 0x80, 0x78,

    /* U+00CE "Î" */
    0x0, 0x8b, 0xfe, 0x90, 0xf, 0x70, 0x18, 0x32,
    0x0, 0x69, 0x33, 0x64, 0x85, 0x8, 0x1, 0x18,
    0x74, 0x19, 0xc7, 0x40, 0x4, 0xf8, 0x20, 0x8,
    0x82, 0x10, 0x34, 0x10, 0x6, 0x78, 0x20, 0xf,
    0xfe, 0x1e, 0xff, 0x90, 0x3, 0xff, 0xfe, 0x1,
    0xff, 0xff, 0x0, 0xff, 0xff, 0x80, 0x7f, 0xf2,
    0x0,

    /* U+00CF "Ï" */
    0x23, 0x30, 0x4, 0x46, 0x61, 0xcc, 0x90, 0x1,
    0xd9, 0x87, 0x0, 0xff, 0xe4, 0x77, 0xf9, 0x0,
    0x19, 0xfe, 0x60, 0xf, 0xfe, 0x5e, 0xff, 0x90,
    0x3, 0xff, 0xfe, 0x1, 0xff, 0xff, 0x0, 0xff,
    0xfe, 0x80,

    /* U+00D0 "Ð" */
    0x0, 0xaf, 0xff, 0xee, 0xdb, 0x85, 0x0, 0xff,
    0xe3, 0x9, 0x23, 0xd7, 0xc8, 0x80, 0x7f, 0x8d,
    0x9a, 0x55, 0x18, 0x6, 0x6f, 0x50, 0xf, 0xeb,
    0x99, 0xaa, 0x99, 0xf8, 0xc0, 0x1, 0xa5, 0x0,
    0xff, 0xe2, 0x1c, 0xe9, 0x0, 0x28, 0x80, 0x3f,
    0xf8, 0xa5, 0xe2, 0x0, 0x80, 0xf, 0xfe, 0x31,
    0x48, 0x1, 0x48, 0x3, 0xff, 0x8c, 0xe0, 0x12,
    0x0, 0x7f, 0xf1, 0xcc, 0x1, 0x86, 0x88, 0x70,
    0x7, 0x22, 0x63, 0x0, 0xf9, 0x0, 0xd, 0xd7,
    0x63, 0x0, 0x35, 0xde, 0x80, 0xf, 0xbc, 0x0,
    0x20, 0x1f, 0xfc, 0xa3, 0xdf, 0xf2, 0x0, 0x23,
    0xff, 0x58, 0x7, 0xf8, 0xc0, 0x3f, 0xf8, 0xfc,
    0x0, 0x10, 0xf, 0xfe, 0x3a, 0x80, 0x18, 0x3,
    0xff, 0x8e, 0x60, 0xc, 0x0, 0xff, 0xe3, 0x38,
    0x4, 0x80, 0x1f, 0xfc, 0x52, 0x90, 0x2, 0x90,
    0x7, 0xff, 0x10, 0xbc, 0x40, 0x10, 0x1, 0xff,
    0xc3, 0x39, 0xd2, 0x0, 0x51, 0x0, 0x7d, 0x73,
    0x35, 0x53, 0x3f, 0x18, 0x0, 0x34, 0xa0, 0x1f,
    0x8d, 0x9a, 0x55, 0x18, 0x6, 0x6f, 0x50, 0xf,
    0xfe, 0x10, 0x92, 0x3d, 0x7c, 0x88, 0x6,

    /* U+00D1 "Ñ" */
    0x0, 0xe7, 0xcb, 0x50, 0xa, 0xf4, 0x3, 0xf4,
    0x40, 0xd2, 0xac, 0x8d, 0xc, 0x3, 0xf3, 0x86,
    0x60, 0xd3, 0x70, 0x24, 0x3, 0xe1, 0x24, 0x33,
    0x64, 0x99, 0xa1, 0xc0, 0x3e, 0x1d, 0xb0, 0x9,
    0xb3, 0xe, 0x1, 0xff, 0xdd, 0xdf, 0xfa, 0x80,
    0x3f, 0x93, 0xfd, 0x80, 0x19, 0x4c, 0x3, 0xff,
    0x8b, 0x0, 0x1f, 0xfc, 0x54, 0x40, 0x7, 0xff,
    0x9, 0x80, 0x10, 0x1, 0xff, 0xc2, 0xa2, 0x3,
    0x50, 0xf, 0xfe, 0x14, 0x0, 0x20, 0x3, 0xff,
    0x84, 0xa6, 0x4, 0xc0, 0x1f, 0xfc, 0x28, 0x0,
    0x40, 0x7, 0xff, 0x9, 0x10, 0x2, 0xe0, 0x1f,
    0xfc, 0x29, 0x0, 0x40, 0x80, 0x7f, 0xf0, 0x49,
    0x40, 0x10, 0x1, 0xff, 0xc2, 0x80, 0x3, 0x10,
    0x7, 0xff, 0x4, 0x98, 0x1, 0x0, 0x1f, 0xfc,
    0x28, 0x0, 0x29, 0x80, 0x7f, 0xf0, 0x46, 0x0,
    0x10, 0x1, 0xff, 0xc2, 0x71, 0x4, 0x40, 0x7,
    0xff, 0xa, 0x0, 0x10, 0x1, 0xff, 0xc2, 0x62,
    0x3, 0xd0, 0xf, 0xfe, 0x14, 0x0, 0x18, 0x3,
    0xff, 0x84, 0xa6, 0x1, 0xff, 0xc5, 0x80, 0xf,
    0xfe, 0x2a, 0x20, 0x3, 0x0,

    /* U+00D2 "Ò" */
    0x0, 0xfc, 0xf0, 0xe0, 0x1f, 0xfc, 0x81, 0x78,
    0x60, 0xf, 0xfe, 0x3b, 0x30, 0x24, 0x80, 0x3f,
    0xf8, 0xf2, 0x61, 0xc0, 0x1f, 0xfc, 0x8d, 0x13,
    0x70, 0xf, 0xfe, 0x38, 0xf7, 0xb8, 0x7, 0xff,
    0xc9, 0x27, 0x7b, 0xfb, 0x69, 0x40, 0x3f, 0xf8,
    0xb, 0xb6, 0xc4, 0x20, 0x24, 0xb5, 0xcc, 0x1,
    0xfd, 0x14, 0x40, 0x1, 0x56, 0x52, 0x0, 0xc,
    0xd0, 0x7, 0xd0, 0xe0, 0x3, 0xce, 0xa9, 0xad,
    0xd2, 0x80, 0x16, 0xc0, 0x39, 0x1c, 0x0, 0xb8,
    0x60, 0x1c, 0x55, 0x0, 0x4, 0x70, 0xd, 0x20,
    0x3, 0xa0, 0xf, 0xe7, 0x60, 0x4, 0x8, 0x1,
    0x48, 0x1, 0xc0, 0x1f, 0xf4, 0x80, 0x52, 0x0,
    0xf0, 0x1, 0x90, 0x7, 0xff, 0x1, 0x80, 0xa,
    0x0, 0x40, 0x5, 0x80, 0x7f, 0xf0, 0x74, 0x0,
    0x42, 0x2, 0x0, 0x30, 0xf, 0xfe, 0xa, 0x80,
    0x44, 0x40, 0x9, 0xc0, 0x3f, 0xf8, 0x22, 0x1,
    0x30, 0x6, 0x10, 0xf, 0xfe, 0xe9, 0x0, 0x4c,
    0x1, 0xff, 0xc1, 0x10, 0x9, 0x80, 0x40, 0x6,
    0x1, 0xff, 0xc1, 0x50, 0x8, 0x81, 0x0, 0x16,
    0x1, 0xff, 0xc1, 0xd0, 0x1, 0x8, 0x78, 0x0,
    0xc8, 0x3, 0xff, 0x80, 0xe0, 0x5, 0x0, 0x29,
    0x0, 0x38, 0x3, 0xfe, 0x91, 0x0, 0x48, 0x5,
    0x0, 0x3, 0x90, 0xf, 0xe7, 0x60, 0x4, 0x8,
    0x4, 0xae, 0x0, 0x6c, 0x30, 0xe, 0x2a, 0x80,
    0x2, 0x38, 0x7, 0x43, 0x80, 0xf, 0x36, 0xa6,
    0xb7, 0x4a, 0x0, 0x5b, 0x0, 0xfa, 0x28, 0x80,
    0x4, 0xac, 0xa4, 0x0, 0x19, 0xa0, 0xf, 0xe5,
    0xdb, 0x62, 0x10, 0x12, 0x5a, 0xe6, 0x0, 0xe0,

    /* U+00D3 "Ó" */
    0x0, 0xff, 0xe0, 0x2c, 0x38, 0x80, 0x7f, 0xf1,
    0x8e, 0x9f, 0x84, 0x3, 0xff, 0x8d, 0xc0, 0x72,
    0x1, 0xff, 0xc6, 0x92, 0x1d, 0x0, 0xff, 0xe3,
    0x23, 0x6, 0x88, 0x7, 0xff, 0x19, 0x3f, 0xc6,
    0x1, 0xff, 0xf3, 0x49, 0xde, 0xfe, 0xda, 0x50,
    0xf, 0xfe, 0x2, 0xed, 0xb1, 0x8, 0x9, 0x2d,
    0x73, 0x0, 0x7f, 0x45, 0x10, 0x0, 0x55, 0x94,
    0x80, 0x3, 0x34, 0x1, 0xf4, 0x38, 0x0, 0xf3,
    0xaa, 0x6b, 0x74, 0xa0, 0x5, 0xb0, 0xe, 0x47,
    0x0, 0x2e, 0x18, 0x7, 0x15, 0x40, 0x1, 0x1c,
    0x3, 0x48, 0x0, 0xe8, 0x3, 0xf9, 0xd8, 0x1,
    0x2, 0x0, 0x52, 0x0, 0x70, 0x7, 0xfd, 0x20,
    0x14, 0x80, 0x3c, 0x0, 0x64, 0x1, 0xff, 0xc0,
    0x60, 0x2, 0x80, 0x10, 0x1, 0x60, 0x1f, 0xfc,
    0x1d, 0x0, 0x10, 0x80, 0x80, 0xc, 0x3, 0xff,
    0x82, 0xa0, 0x11, 0x10, 0x2, 0x70, 0xf, 0xfe,
    0x8, 0x80, 0x4c, 0x1, 0x84, 0x3, 0xff, 0xba,
    0x40, 0x13, 0x0, 0x7f, 0xf0, 0x44, 0x2, 0x60,
    0x10, 0x1, 0x80, 0x7f, 0xf0, 0x54, 0x2, 0x20,
    0x40, 0x5, 0x80, 0x7f, 0xf0, 0x74, 0x0, 0x42,
    0x1e, 0x0, 0x32, 0x0, 0xff, 0xe0, 0x38, 0x1,
    0x40, 0xa, 0x40, 0xe, 0x0, 0xff, 0xa4, 0x40,
    0x12, 0x1, 0x40, 0x0, 0xe4, 0x3, 0xf9, 0xd8,
    0x1, 0x2, 0x1, 0x2b, 0x80, 0x1b, 0xc, 0x3,
    0x8a, 0xa0, 0x0, 0x8e, 0x1, 0xd0, 0xe0, 0x3,
    0xcd, 0xa9, 0xad, 0xd2, 0x80, 0x16, 0xc0, 0x3e,
    0x8a, 0x20, 0x1, 0x2b, 0x29, 0x0, 0x6, 0x68,
    0x3, 0xf9, 0x76, 0xd8, 0x84, 0x4, 0x96, 0xb9,
    0x80, 0x38,

    /* U+00D4 "Ô" */
    0x0, 0xff, 0x3c, 0x40, 0x80, 0x3f, 0xf8, 0xd3,
    0xe, 0xee, 0x0, 0xff, 0xe2, 0xab, 0x5, 0x91,
    0xc0, 0x7, 0xff, 0xc, 0x6c, 0x29, 0x3c, 0x5d,
    0x0, 0x3f, 0xf8, 0x5a, 0x30, 0xa0, 0x54, 0x14,
    0x20, 0x1f, 0xfc, 0x1c, 0xf7, 0x0, 0x93, 0xf8,
    0x40, 0x3f, 0xfd, 0xe9, 0x3b, 0xdf, 0xdb, 0x4a,
    0x1, 0xff, 0xc0, 0x5d, 0xb6, 0x21, 0x1, 0x25,
    0xae, 0x60, 0xf, 0xe8, 0xa2, 0x0, 0xa, 0xb2,
    0x90, 0x0, 0x66, 0x80, 0x3e, 0x87, 0x0, 0x1e,
    0x75, 0x4d, 0x6e, 0x94, 0x0, 0xb6, 0x1, 0xc8,
    0xe0, 0x5, 0xc3, 0x0, 0xe2, 0xa8, 0x0, 0x23,
    0x80, 0x69, 0x0, 0x1d, 0x0, 0x7f, 0x3b, 0x0,
    0x20, 0x40, 0xa, 0x40, 0xe, 0x0, 0xff, 0xa4,
    0x2, 0x90, 0x7, 0x80, 0xc, 0x80, 0x3f, 0xf8,
    0xc, 0x0, 0x50, 0x2, 0x0, 0x2c, 0x3, 0xff,
    0x83, 0xa0, 0x2, 0x10, 0x10, 0x1, 0x80, 0x7f,
    0xf0, 0x54, 0x2, 0x22, 0x0, 0x4e, 0x1, 0xff,
    0xc1, 0x10, 0x9, 0x80, 0x30, 0x80, 0x7f, 0xf7,
    0x48, 0x2, 0x60, 0xf, 0xfe, 0x8, 0x80, 0x4c,
    0x2, 0x0, 0x30, 0xf, 0xfe, 0xa, 0x80, 0x44,
    0x8, 0x0, 0xb0, 0xf, 0xfe, 0xe, 0x80, 0x8,
    0x43, 0xc0, 0x6, 0x40, 0x1f, 0xfc, 0x7, 0x0,
    0x28, 0x1, 0x48, 0x1, 0xc0, 0x1f, 0xf4, 0x88,
    0x2, 0x40, 0x28, 0x0, 0x1c, 0x80, 0x7f, 0x3b,
    0x0, 0x20, 0x40, 0x25, 0x70, 0x3, 0x61, 0x80,
    0x71, 0x54, 0x0, 0x11, 0xc0, 0x3a, 0x1c, 0x0,
    0x79, 0xb5, 0x35, 0xba, 0x50, 0x2, 0xd8, 0x7,
    0xd1, 0x44, 0x0, 0x25, 0x65, 0x20, 0x0, 0xcd,
    0x0, 0x7f, 0x2e, 0xdb, 0x10, 0x80, 0x92, 0xd7,
    0x30, 0x7, 0x0,

    /* U+00D5 "Õ" */
    0x0, 0xf9, 0x77, 0xf6, 0x48, 0x17, 0xe8, 0x3,
    0xff, 0x80, 0x54, 0x42, 0x4d, 0xbd, 0x41, 0xe0,
    0x1f, 0xfc, 0x5, 0x6, 0xee, 0x41, 0x8, 0xa1,
    0x40, 0x3f, 0xf8, 0xf, 0xf2, 0x2, 0xfb, 0xfc,
    0xe0, 0x1f, 0xff, 0xf0, 0xf, 0xc9, 0x3b, 0xdf,
    0xdb, 0x4a, 0x1, 0xff, 0xc0, 0x5d, 0xb6, 0x21,
    0x1, 0x25, 0xae, 0x60, 0xf, 0xe8, 0xa2, 0x0,
    0xa, 0xb2, 0x90, 0x0, 0x66, 0x80, 0x3e, 0x87,
    0x0, 0x1e, 0x75, 0x4d, 0x6e, 0x94, 0x0, 0xb6,
    0x1, 0xc8, 0xe0, 0x5, 0xc3, 0x0, 0xe2, 0xa8,
    0x0, 0x23, 0x80, 0x69, 0x0, 0x1d, 0x0, 0x7f,
    0x3b, 0x0, 0x20, 0x40, 0xa, 0x40, 0xe, 0x0,
    0xff, 0xa4, 0x2, 0x90, 0x7, 0x80, 0xc, 0x80,
    0x3f, 0xf8, 0xc, 0x0, 0x50, 0x2, 0x0, 0x2c,
    0x3, 0xff, 0x83, 0xa0, 0x2, 0x10, 0x10, 0x1,
    0x80, 0x7f, 0xf0, 0x54, 0x2, 0x22, 0x0, 0x4e,
    0x1, 0xff, 0xc1, 0x10, 0x9, 0x80, 0x30, 0x80,
    0x7f, 0xf7, 0x48, 0x2, 0x60, 0xf, 0xfe, 0x8,
    0x80, 0x4c, 0x2, 0x0, 0x30, 0xf, 0xfe, 0xa,
    0x80, 0x44, 0x8, 0x0, 0xb0, 0xf, 0xfe, 0xe,
    0x80, 0x8, 0x43, 0xc0, 0x6, 0x40, 0x1f, 0xfc,
    0x7, 0x0, 0x28, 0x1, 0x48, 0x1, 0xc0, 0x1f,
    0xf4, 0x88, 0x2, 0x40, 0x28, 0x0, 0x1c, 0x80,
    0x7f, 0x3b, 0x0, 0x20, 0x40, 0x25, 0x70, 0x3,
    0x61, 0x80, 0x71, 0x54, 0x0, 0x11, 0xc0, 0x3a,
    0x1c, 0x0, 0x79, 0xb5, 0x35, 0xba, 0x50, 0x2,
    0xd8, 0x7, 0xd1, 0x44, 0x0, 0x25, 0x65, 0x20,
    0x0, 0xcd, 0x0, 0x7f, 0x2e, 0xdb, 0x10, 0x80,
    0x92, 0xd7, 0x30, 0x7, 0x0,

    /* U+00D6 "Ö" */
    0x0, 0xfb, 0xfe, 0x20, 0x7, 0x7f, 0x90, 0x3,
    0xff, 0xdf, 0x99, 0x10, 0x3, 0x32, 0x40, 0xf,
    0xfe, 0x9, 0x9c, 0x1, 0x11, 0x98, 0x3, 0xff,
    0xe0, 0x93, 0xbd, 0xfd, 0xb4, 0xa0, 0x1f, 0xfc,
    0x5, 0xdb, 0x62, 0x10, 0x12, 0x5a, 0xe6, 0x0,
    0xfe, 0x8a, 0x20, 0x0, 0xab, 0x29, 0x0, 0x6,
    0x68, 0x3, 0xe8, 0x70, 0x1, 0xe7, 0x54, 0xd6,
    0xe9, 0x40, 0xb, 0x60, 0x1c, 0x8e, 0x0, 0x5c,
    0x30, 0xe, 0x2a, 0x80, 0x2, 0x38, 0x6, 0x90,
    0x1, 0xd0, 0x7, 0xf3, 0xb0, 0x2, 0x4, 0x0,
    0xa4, 0x0, 0xe0, 0xf, 0xfa, 0x40, 0x29, 0x0,
    0x78, 0x0, 0xc8, 0x3, 0xff, 0x80, 0xc0, 0x5,
    0x0, 0x20, 0x2, 0xc0, 0x3f, 0xf8, 0x3a, 0x0,
    0x21, 0x1, 0x0, 0x18, 0x7, 0xff, 0x5, 0x40,
    0x22, 0x20, 0x4, 0xe0, 0x1f, 0xfc, 0x11, 0x0,
    0x98, 0x3, 0x8, 0x7, 0xff, 0x74, 0x80, 0x26,
    0x0, 0xff, 0xe0, 0x88, 0x4, 0xc0, 0x20, 0x3,
    0x0, 0xff, 0xe0, 0xa8, 0x4, 0x40, 0x80, 0xb,
    0x0, 0xff, 0xe0, 0xe8, 0x0, 0x84, 0x3c, 0x0,
    0x64, 0x1, 0xff, 0xc0, 0x70, 0x2, 0x80, 0x14,
    0x80, 0x1c, 0x1, 0xff, 0x48, 0x80, 0x24, 0x2,
    0x80, 0x1, 0xc8, 0x7, 0xf3, 0xb0, 0x2, 0x4,
    0x2, 0x57, 0x0, 0x36, 0x18, 0x7, 0x15, 0x40,
    0x1, 0x1c, 0x3, 0xa1, 0xc0, 0x7, 0x9b, 0x53,
    0x5b, 0xa5, 0x0, 0x2d, 0x80, 0x7d, 0x14, 0x40,
    0x2, 0x56, 0x52, 0x0, 0xc, 0xd0, 0x7, 0xf2,
    0xed, 0xb1, 0x8, 0x9, 0x2d, 0x73, 0x0, 0x70,

    /* U+00D7 "×" */
    0x0, 0xff, 0xe4, 0x36, 0x8, 0x7, 0xfc, 0x5a,
    0x80, 0xb2, 0x7a, 0x20, 0x1f, 0xc5, 0x85, 0x64,
    0xa6, 0x7, 0xa2, 0x1, 0xf1, 0x60, 0x82, 0x90,
    0x69, 0x81, 0xe8, 0x80, 0x71, 0x60, 0x82, 0xd0,
    0x0, 0x74, 0xc0, 0xf4, 0x40, 0x22, 0xc1, 0x5,
    0xa0, 0xc, 0x3a, 0x40, 0x7a, 0x20, 0x58, 0x20,
    0xb4, 0x1, 0xe1, 0xc2, 0x3, 0xd3, 0xc1, 0x4,
    0xa0, 0xf, 0xc3, 0x84, 0x7, 0x82, 0x9, 0x60,
    0x1f, 0xe1, 0xc2, 0x0, 0x92, 0xc0, 0x3f, 0xf8,
    0x6, 0x60, 0x9, 0xc0, 0x3f, 0xf8, 0x5, 0x82,
    0x1, 0x1e, 0x0, 0x7f, 0x8b, 0x4, 0x13, 0x88,
    0xf, 0x0, 0x3f, 0x16, 0x8, 0x25, 0x8e, 0x10,
    0x1e, 0x0, 0x78, 0xb0, 0x41, 0x2c, 0x0, 0x38,
    0x40, 0x78, 0x1, 0x8b, 0x4, 0x12, 0xc0, 0x30,
    0xe1, 0x1, 0xe0, 0x0, 0xb0, 0x41, 0x2c, 0x3,
    0xc3, 0x84, 0x7, 0x80, 0xc2, 0x9, 0x60, 0x1f,
    0x87, 0x8, 0x8, 0x89, 0x69, 0x60, 0x1f, 0xe1,
    0xc3, 0xc2, 0x4, 0xb0, 0xf, 0xfe, 0x0, 0xe1,
    0x0,

    /* U+00D8 "Ø" */
    0x0, 0xff, 0xe4, 0x11, 0x80, 0x7e, 0x49, 0xde,
    0xfe, 0xd9, 0x50, 0x8, 0x7f, 0x10, 0x3, 0x97,
    0x6d, 0x88, 0x40, 0x49, 0xab, 0x50, 0x34, 0x88,
    0xa0, 0x1a, 0x28, 0x80, 0x2, 0xac, 0xa4, 0x0,
    0x2b, 0xd3, 0x1f, 0x10, 0xa, 0x1c, 0x0, 0x79,
    0xd5, 0x35, 0xba, 0x50, 0x1, 0x6, 0x90, 0x4,
    0x8e, 0x0, 0x5c, 0x30, 0xe, 0x2a, 0x40, 0x9,
    0x80, 0x34, 0x80, 0xe, 0x80, 0x3f, 0x2a, 0x28,
    0x2, 0xc0, 0x25, 0x20, 0x7, 0x0, 0x7e, 0x4a,
    0x4a, 0x60, 0x16, 0x0, 0x78, 0x0, 0xc8, 0x3,
    0xe3, 0xb2, 0xa0, 0xc0, 0x5, 0x0, 0x10, 0x1,
    0x60, 0x1f, 0x16, 0x8f, 0x88, 0x38, 0x0, 0xc0,
    0x2, 0x0, 0x30, 0xf, 0xf, 0x8d, 0x10, 0x0,
    0x80, 0x23, 0x20, 0x9, 0xc0, 0x3d, 0xa5, 0x28,
    0x1, 0xf3, 0x0, 0x61, 0x0, 0xeb, 0x37, 0x60,
    0xf, 0xfe, 0x35, 0x22, 0x20, 0x3, 0xfc, 0x60,
    0x13, 0x0, 0x52, 0xa7, 0x60, 0x1e, 0x20, 0x9,
    0x84, 0x40, 0x2, 0x0, 0x3b, 0xe, 0x80, 0x7c,
    0xe0, 0x11, 0x2, 0x0, 0x34, 0x1a, 0x3, 0x44,
    0x3, 0xef, 0x0, 0x10, 0x87, 0x80, 0x11, 0xe4,
    0x28, 0xc0, 0x3e, 0x15, 0x0, 0x28, 0x1, 0x48,
    0x1, 0x1, 0xa, 0x1, 0xfa, 0xc0, 0x29, 0x0,
    0xa4, 0x2, 0x27, 0x0, 0xfd, 0xa, 0x0, 0x71,
    0x0, 0x94, 0x40, 0x5, 0x86, 0x1, 0xc5, 0x6e,
    0x0, 0x48, 0x0, 0xda, 0x24, 0x0, 0x3c, 0xea,
    0x9a, 0xdd, 0x20, 0x1, 0x2c, 0x3, 0x59, 0x8e,
    0x60, 0xc0, 0x2, 0xac, 0xa4, 0x0, 0x18, 0xb0,
    0xc, 0x4a, 0x1a, 0x27, 0x96, 0xc6, 0x20, 0x24,
    0xb3, 0xce, 0x1, 0xc5, 0x96, 0x60, 0x12, 0x4e,
    0x77, 0xf6, 0xd3, 0x0, 0x7c,

    /* U+00D9 "Ù" */
    0x0, 0xf3, 0xc3, 0x80, 0x7f, 0xf1, 0xd, 0xe2,
    0x0, 0x1f, 0xfc, 0x34, 0x80, 0x73, 0x0, 0xff,
    0xe1, 0xba, 0x7, 0x0, 0x7f, 0xf1, 0x2c, 0x89,
    0x0, 0x1f, 0xfc, 0x4d, 0xf8, 0x0, 0xff, 0xf0,
    0x9f, 0xfc, 0x1, 0xff, 0x47, 0xfa, 0x80, 0x3f,
    0xff, 0xe0, 0x1f, 0xff, 0xf0, 0xf, 0xff, 0xf8,
    0x7, 0xff, 0x64, 0x40, 0x6, 0x20, 0x10, 0x80,
    0x7f, 0x8c, 0x0, 0x24, 0x1, 0x28, 0x7, 0xf9,
    0xc0, 0x1c, 0x6, 0x0, 0xd0, 0xf, 0xe2, 0x20,
    0x1, 0x2, 0x80, 0xc, 0x40, 0x1f, 0xa0, 0x0,
    0x44, 0x6, 0x20, 0x6, 0x20, 0x7, 0xd, 0x28,
    0x2, 0x0, 0x2e, 0x0, 0xd, 0xed, 0x4d, 0x67,
    0x28, 0x1, 0xd4, 0x2, 0x3d, 0x30, 0x1, 0x2b,
    0x29, 0x80, 0x53, 0x0, 0x1c, 0x59, 0x6c, 0x42,
    0x0, 0x14, 0x8e, 0x60, 0x8,

    /* U+00DA "Ú" */
    0x0, 0xff, 0x24, 0x40, 0x80, 0x3f, 0xf8, 0x45,
    0x6e, 0x44, 0x0, 0xff, 0xe1, 0x70, 0x15, 0x0,
    0x7f, 0xf0, 0x9c, 0xc3, 0xc0, 0x3f, 0xf8, 0x45,
    0x1, 0x64, 0x1, 0xff, 0xc2, 0x2f, 0xf2, 0x0,
    0x7f, 0xf8, 0x8f, 0xfe, 0x0, 0xff, 0xa3, 0xfd,
    0x40, 0x1f, 0xff, 0xf0, 0xf, 0xff, 0xf8, 0x7,
    0xff, 0xfc, 0x3, 0xff, 0xb2, 0x20, 0x3, 0x10,
    0x8, 0x40, 0x3f, 0xc6, 0x0, 0x12, 0x0, 0x94,
    0x3, 0xfc, 0xe0, 0xe, 0x3, 0x0, 0x68, 0x7,
    0xf1, 0x10, 0x0, 0x81, 0x40, 0x6, 0x20, 0xf,
    0xd0, 0x0, 0x22, 0x3, 0x10, 0x3, 0x10, 0x3,
    0x86, 0x94, 0x1, 0x0, 0x17, 0x0, 0x6, 0xf6,
    0xa6, 0xb3, 0x94, 0x0, 0xea, 0x1, 0x1e, 0x98,
    0x0, 0x95, 0x94, 0xc0, 0x29, 0x80, 0xe, 0x2c,
    0xb6, 0x21, 0x0, 0xa, 0x47, 0x30, 0x4,

    /* U+00DB "Û" */
    0x0, 0xfc, 0xf1, 0x2, 0x0, 0xff, 0xe1, 0x3c,
    0x3b, 0xbc, 0x3, 0xff, 0x82, 0x70, 0x14, 0x65,
    0x40, 0x1f, 0xf0, 0xe8, 0x4a, 0xe8, 0xab, 0x0,
    0x7f, 0xac, 0x5d, 0x80, 0x70, 0x24, 0x80, 0x3f,
    0xab, 0xe0, 0x2, 0x2f, 0xf1, 0x0, 0x7f, 0xf7,
    0x8f, 0xfe, 0x0, 0xff, 0xa3, 0xfd, 0x40, 0x1f,
    0xff, 0xf0, 0xf, 0xff, 0xf8, 0x7, 0xff, 0xfc,
    0x3, 0xff, 0xb2, 0x20, 0x3, 0x10, 0x8, 0x40,
    0x3f, 0xc6, 0x0, 0x12, 0x0, 0x94, 0x3, 0xfc,
    0xe0, 0xe, 0x3, 0x0, 0x68, 0x7, 0xf1, 0x10,
    0x0, 0x81, 0x40, 0x6, 0x20, 0xf, 0xd0, 0x0,
    0x22, 0x3, 0x10, 0x3, 0x10, 0x3, 0x86, 0x94,
    0x1, 0x0, 0x17, 0x0, 0x6, 0xf6, 0xa6, 0xb3,
    0x94, 0x0, 0xea, 0x1, 0x1e, 0x98, 0x0, 0x95,
    0x94, 0xc0, 0x29, 0x80, 0xe, 0x2c, 0xb6, 0x21,
    0x0, 0xa, 0x47, 0x30, 0x4,

    /* U+00DC "Ü" */
    0x0, 0xee, 0xff, 0x20, 0x3, 0x7f, 0xca, 0x1,
    0xff, 0xe3, 0xcc, 0x90, 0x1, 0xf9, 0x84, 0x0,
    0xfe, 0x23, 0x30, 0x4, 0x46, 0x61, 0x0, 0xff,
    0xef, 0x1f, 0xfc, 0x1, 0xff, 0x47, 0xfa, 0x80,
    0x3f, 0xff, 0xe0, 0x1f, 0xff, 0xf0, 0xf, 0xff,
    0xf8, 0x7, 0xff, 0x64, 0x40, 0x6, 0x20, 0x10,
    0x80, 0x7f, 0x8c, 0x0, 0x24, 0x1, 0x28, 0x7,
    0xf9, 0xc0, 0x1c, 0x6, 0x0, 0xd0, 0xf, 0xe2,
    0x20, 0x1, 0x2, 0x80, 0xc, 0x40, 0x1f, 0xa0,
    0x0, 0x44, 0x6, 0x20, 0x6, 0x20, 0x7, 0xd,
    0x28, 0x2, 0x0, 0x2e, 0x0, 0xd, 0xed, 0x4d,
    0x67, 0x28, 0x1, 0xd4, 0x2, 0x3d, 0x30, 0x1,
    0x2b, 0x29, 0x80, 0x53, 0x0, 0x1c, 0x59, 0x6c,
    0x42, 0x0, 0x14, 0x8e, 0x60, 0x8,

    /* U+00DD "Ý" */
    0x0, 0xff, 0xab, 0xfc, 0x60, 0x1f, 0xfc, 0x45,
    0x50, 0x51, 0x80, 0x7f, 0xf0, 0xc6, 0xc1, 0x94,
    0x3, 0xff, 0x89, 0x42, 0x72, 0x1, 0xff, 0xc4,
    0x13, 0x8d, 0x0, 0xff, 0xe2, 0x8c, 0x38, 0x80,
    0x7f, 0xf4, 0xef, 0xfd, 0x40, 0x1f, 0xf1, 0x7f,
    0xc8, 0x14, 0x20, 0xaa, 0x0, 0xff, 0x70, 0x1,
    0x90, 0x6, 0xc0, 0x16, 0x20, 0x1f, 0x9c, 0xc0,
    0xa4, 0x2, 0x55, 0x0, 0xd0, 0x7, 0xc5, 0x0,
    0xe, 0x0, 0xeb, 0x10, 0x46, 0x0, 0xf7, 0x80,
    0x1c, 0xc0, 0x38, 0x68, 0x1, 0x24, 0x1, 0xa0,
    0x80, 0xa0, 0x3, 0xe4, 0x60, 0x7, 0x0, 0x46,
    0xe0, 0xf, 0x0, 0xfe, 0x92, 0x3, 0x70, 0x7,
    0x0, 0x20, 0x80, 0x3f, 0xd2, 0x0, 0x82, 0x82,
    0x3, 0x70, 0xf, 0xf9, 0x1c, 0x1, 0xee, 0x0,
    0xe0, 0xf, 0xfe, 0xc, 0x10, 0x10, 0x2, 0x48,
    0x3, 0xff, 0x85, 0xc0, 0x12, 0x30, 0x7, 0xff,
    0xc, 0xc8, 0x1, 0xc0, 0x1f, 0xff, 0xf0, 0xf,
    0xff, 0xf8, 0x7, 0xff, 0xe0,

    /* U+00DE "Þ" */
    0xdf, 0xf2, 0x0, 0x7f, 0xfc, 0xef, 0xff, 0x76,
    0x4a, 0x0, 0x7f, 0xf0, 0x4, 0xda, 0xec, 0x20,
    0x1c, 0x8c, 0xd9, 0x0, 0x24, 0xc0, 0xe, 0xf9,
    0x9d, 0x7e, 0xc0, 0x2, 0x80, 0xf, 0xfa, 0x50,
    0x0, 0xc0, 0x1f, 0xfc, 0xf, 0x0, 0x8, 0x80,
    0x3f, 0xe6, 0x0, 0x8c, 0x3, 0xfe, 0x10, 0xf,
    0xfe, 0x1a, 0x80, 0x44, 0x1, 0xfe, 0x18, 0x0,
    0x18, 0x7, 0xf0, 0xb7, 0x88, 0x2, 0x0, 0x35,
    0xff, 0xee, 0x91, 0x0, 0x3a, 0x0, 0x7f, 0xf0,
    0xa, 0xa0, 0x3, 0x91, 0x9b, 0x3c, 0xe6, 0xa8,
    0x7, 0xbe, 0x67, 0x43, 0x18, 0x7, 0xff, 0xe4,

    /* U+00DF "ß" */
    0x0, 0xcb, 0x5d, 0xfe, 0xda, 0x40, 0xf, 0x8b,
    0x29, 0x44, 0x0, 0x4b, 0x74, 0x1, 0xef, 0x30,
    0x3, 0x44, 0x14, 0x0, 0xb0, 0x1, 0xa0, 0x80,
    0xba, 0x5d, 0xd5, 0xa2, 0xe, 0x20, 0x12, 0x80,
    0x38, 0x40, 0x31, 0x40, 0x1, 0xc0, 0x22, 0x1,
    0x30, 0xf, 0x18, 0x3, 0x0, 0x2, 0x0, 0x30,
    0xe, 0x8e, 0xa0, 0x0, 0x80, 0x7f, 0xb1, 0xc5,
    0x6f, 0xac, 0x3, 0xfa, 0xc, 0x22, 0x90, 0x40,
    0x3f, 0xcc, 0x2, 0xe0, 0x1f, 0xfc, 0x11, 0x3,
    0x0, 0xff, 0xe1, 0x8, 0x12, 0x0, 0x7f, 0xf0,
    0x5c, 0x1, 0x6a, 0x1, 0xff, 0xc0, 0x93, 0x0,
    0x55, 0x88, 0x7, 0xfd, 0x8c, 0x0, 0x4e, 0x50,
    0xf, 0xfa, 0x70, 0xc0, 0x14, 0xe0, 0x1f, 0xf1,
    0xe4, 0x0, 0x20, 0x80, 0x3f, 0xf8, 0xe, 0xc0,
    0xa, 0x0, 0xff, 0xe0, 0xe8, 0x0, 0x80, 0x3f,
    0xf8, 0x24, 0x0, 0x30, 0xe, 0x11, 0x0, 0x7a,
    0xc0, 0x18, 0x1, 0xcf, 0xd9, 0x2e, 0xe9, 0xe2,
    0x2, 0x50, 0xf, 0x8d, 0xa2, 0xc, 0x20, 0x5e,
    0x1, 0xe5, 0x42, 0x0, 0x85, 0x27, 0x48, 0x0,

    /* U+00E0 "à" */
    0x0, 0xa7, 0xfc, 0xc0, 0x1f, 0xfc, 0x9, 0x50,
    0x93, 0x0, 0xff, 0xe0, 0x52, 0x6, 0x88, 0x7,
    0xff, 0x2, 0xcc, 0x74, 0x3, 0xff, 0x83, 0xa4,
    0x72, 0x1, 0xff, 0xc0, 0x1c, 0x81, 0x10, 0x7,
    0xff, 0x0, 0x5e, 0x4, 0x3, 0xff, 0x98, 0x6f,
    0x7d, 0xfe, 0xeb, 0x71, 0x0, 0xeb, 0xc8, 0x41,
    0x0, 0xa, 0x47, 0xa0, 0x6, 0x70, 0x14, 0x78,
    0x82, 0x88, 0xd, 0x98, 0x4, 0x97, 0xd7, 0xe,
    0xea, 0xe7, 0x0, 0x70, 0x5, 0x8, 0x1, 0xf4,
    0x28, 0x11, 0x80, 0x7f, 0xf0, 0x38, 0x0, 0x80,
    0x1e, 0x13, 0x32, 0x24, 0x40, 0xe, 0x0, 0x8a,
    0x7b, 0x99, 0x8b, 0xba, 0x40, 0x6, 0x0, 0x6d,
    0x61, 0x0, 0xfe, 0x10, 0x49, 0x0, 0x35, 0xef,
    0xfe, 0xd0, 0xd, 0xe0, 0xa, 0x94, 0x20, 0xc,
    0x20, 0x19, 0x0, 0x54, 0x3, 0xe5, 0x0, 0xf1,
    0x80, 0x7e, 0xd0, 0xf, 0x10, 0x7, 0xc8, 0x80,
    0xc, 0x60, 0xa, 0x0, 0xe4, 0xb0, 0xe, 0x80,
    0x2, 0xec, 0xbc, 0x65, 0x83, 0x80, 0x64, 0x80,
    0x1, 0x34, 0x39, 0x84, 0xd0, 0x7, 0x3e, 0x28,
    0x80, 0x93, 0xeb, 0x0, 0x60,

    /* U+00E1 "á" */
    0x0, 0xfe, 0x1d, 0xfe, 0x20, 0xf, 0xfa, 0x88,
    0x34, 0x80, 0x3f, 0xd0, 0x81, 0x66, 0x1, 0xfe,
    0x57, 0xa, 0x40, 0xf, 0xf1, 0x50, 0x4a, 0x80,
    0x7f, 0xce, 0xea, 0x60, 0xf, 0xfe, 0x2, 0xc2,
    0x80, 0x7f, 0xf3, 0x8d, 0xef, 0xbf, 0xdd, 0x6e,
    0x20, 0x1d, 0x79, 0x8, 0x20, 0x1, 0x48, 0xf4,
    0x0, 0xce, 0x2, 0x8f, 0x10, 0x51, 0x1, 0xb3,
    0x0, 0x92, 0xfa, 0xe1, 0xdd, 0x5c, 0xe0, 0xe,
    0x0, 0xa1, 0x0, 0x3e, 0x85, 0x2, 0x30, 0xf,
    0xfe, 0x7, 0x0, 0x10, 0x3, 0xc2, 0x66, 0x44,
    0x88, 0x1, 0xc0, 0x11, 0x4f, 0x73, 0x31, 0x77,
    0x48, 0x0, 0xc0, 0xd, 0xac, 0x20, 0x1f, 0xc2,
    0x9, 0x20, 0x6, 0xbd, 0xff, 0xda, 0x1, 0xbc,
    0x1, 0x52, 0x84, 0x1, 0x84, 0x3, 0x20, 0xa,
    0x80, 0x7c, 0xa0, 0x1e, 0x30, 0xf, 0xda, 0x1,
    0xe2, 0x0, 0xf9, 0x10, 0x1, 0x8c, 0x1, 0x40,
    0x1c, 0x96, 0x1, 0xd0, 0x0, 0x5d, 0x97, 0x8c,
    0xb0, 0x70, 0xc, 0x90, 0x0, 0x26, 0x87, 0x30,
    0x9a, 0x0, 0xe7, 0xc5, 0x10, 0x12, 0x7d, 0x60,
    0xc,

    /* U+00E2 "â" */
    0x0, 0xf1, 0xff, 0xb0, 0x3, 0xff, 0x81, 0xc0,
    0x3, 0x70, 0xf, 0xf4, 0x91, 0xd8, 0x41, 0x80,
    0x7e, 0x46, 0x1d, 0x48, 0xe, 0x0, 0xf8, 0x68,
    0x28, 0x41, 0xd0, 0xa4, 0x3, 0xca, 0xd4, 0x80,
    0x15, 0xc7, 0x0, 0x79, 0x21, 0x40, 0x39, 0xdc,
    0x1, 0xff, 0xca, 0x37, 0xbe, 0xff, 0x75, 0xb8,
    0x80, 0x75, 0xe4, 0x20, 0x80, 0x5, 0x23, 0xd0,
    0x3, 0x38, 0xa, 0x3c, 0x41, 0x44, 0x6, 0xcc,
    0x2, 0x4b, 0xeb, 0x87, 0x75, 0x73, 0x80, 0x38,
    0x2, 0x84, 0x0, 0xfa, 0x14, 0x8, 0xc0, 0x3f,
    0xf8, 0x1c, 0x0, 0x40, 0xf, 0x9, 0x99, 0x12,
    0x20, 0x7, 0x0, 0x45, 0x3d, 0xcc, 0xc5, 0xdd,
    0x20, 0x3, 0x0, 0x36, 0xb0, 0x80, 0x7f, 0x8,
    0x24, 0x80, 0x1a, 0xf7, 0xff, 0x68, 0x6, 0xf0,
    0x5, 0x4a, 0x10, 0x6, 0x10, 0xc, 0x80, 0x2a,
    0x1, 0xf2, 0x80, 0x78, 0xc0, 0x3f, 0x68, 0x7,
    0x88, 0x3, 0xe4, 0x40, 0x6, 0x30, 0x5, 0x0,
    0x72, 0x58, 0x7, 0x40, 0x1, 0x76, 0x5e, 0x32,
    0xc1, 0xc0, 0x32, 0x40, 0x0, 0x9a, 0x1c, 0xc2,
    0x68, 0x3, 0x9f, 0x14, 0x40, 0x49, 0xf5, 0x80,
    0x30,

    /* U+00E3 "ã" */
    0x0, 0xcf, 0xdf, 0x44, 0x0, 0x9f, 0x50, 0xe,
    0x48, 0x10, 0x5c, 0x51, 0x40, 0x60, 0xe, 0xe0,
    0x8e, 0x51, 0xae, 0x22, 0x18, 0x7, 0x30, 0x28,
    0xd5, 0x8, 0xf, 0xc0, 0x3d, 0x9e, 0x40, 0x5,
    0xdf, 0xc2, 0x0, 0xff, 0xed, 0x1b, 0xdf, 0x7f,
    0xba, 0xdc, 0x40, 0x3a, 0xf2, 0x10, 0x40, 0x2,
    0x91, 0xe8, 0x1, 0x9c, 0x5, 0x1e, 0x20, 0xa2,
    0x3, 0x66, 0x1, 0x25, 0xf5, 0xc3, 0xba, 0xb9,
    0xc0, 0x1c, 0x1, 0x42, 0x0, 0x7d, 0xa, 0x4,
    0x60, 0x1f, 0xfc, 0xe, 0x0, 0x20, 0x7, 0x84,
    0xcc, 0x89, 0x10, 0x3, 0x80, 0x22, 0x9e, 0xe6,
    0x62, 0xee, 0x90, 0x1, 0x80, 0x1b, 0x58, 0x40,
    0x3f, 0x84, 0x12, 0x40, 0xd, 0x7b, 0xff, 0xb4,
    0x3, 0x78, 0x2, 0xa5, 0x8, 0x3, 0x8, 0x6,
    0x40, 0x15, 0x0, 0xf9, 0x40, 0x3c, 0x60, 0x1f,
    0xb4, 0x3, 0xc4, 0x1, 0xf2, 0x20, 0x3, 0x18,
    0x2, 0x80, 0x39, 0x2c, 0x3, 0xa0, 0x0, 0xbb,
    0x2f, 0x19, 0x60, 0xe0, 0x19, 0x20, 0x0, 0x4d,
    0xe, 0x61, 0x34, 0x1, 0xcf, 0x8a, 0x20, 0x24,
    0xfa, 0xc0, 0x18,

    /* U+00E4 "ä" */
    0x0, 0x97, 0xfd, 0xa0, 0x4, 0xff, 0x70, 0x7,
    0xff, 0x69, 0x77, 0x5e, 0x0, 0x4d, 0xd6, 0x0,
    0x7c, 0x45, 0x0, 0x44, 0x50, 0x7, 0xff, 0x28,
    0xde, 0xfb, 0xfd, 0xd6, 0xe2, 0x1, 0xd7, 0x90,
    0x82, 0x0, 0x14, 0x8f, 0x40, 0xc, 0xe0, 0x28,
    0xf1, 0x5, 0x10, 0x1b, 0x30, 0x9, 0x2f, 0xae,
    0x1d, 0xd5, 0xce, 0x0, 0xe0, 0xa, 0x10, 0x3,
    0xe8, 0x50, 0x23, 0x0, 0xff, 0xe0, 0x70, 0x1,
    0x0, 0x3c, 0x26, 0x64, 0x48, 0x80, 0x1c, 0x1,
    0x14, 0xf7, 0x33, 0x17, 0x74, 0x80, 0xc, 0x0,
    0xda, 0xc2, 0x1, 0xfc, 0x20, 0x92, 0x0, 0x6b,
    0xdf, 0xfd, 0xa0, 0x1b, 0xc0, 0x15, 0x28, 0x40,
    0x18, 0x40, 0x32, 0x0, 0xa8, 0x7, 0xca, 0x1,
    0xe3, 0x0, 0xfd, 0xa0, 0x1e, 0x20, 0xf, 0x91,
    0x0, 0x18, 0xc0, 0x14, 0x1, 0xc9, 0x60, 0x1d,
    0x0, 0x5, 0xd9, 0x78, 0xcb, 0x7, 0x0, 0xc9,
    0x0, 0x2, 0x68, 0x73, 0x9, 0xa0, 0xe, 0x7c,
    0x51, 0x1, 0x27, 0xd6, 0x0, 0xc0,

    /* U+00E5 "å" */
    0x0, 0xf4, 0x6f, 0x5a, 0x0, 0x7f, 0xb1, 0xc8,
    0x52, 0xd8, 0x3, 0xf4, 0x19, 0xb7, 0xe4, 0x24,
    0x40, 0x3e, 0x60, 0xe2, 0x6, 0x60, 0x30, 0x7,
    0xc2, 0x4, 0x1, 0x78, 0x78, 0x7, 0xc2, 0x4,
    0x1, 0x78, 0x70, 0x7, 0xcc, 0x1c, 0x40, 0xcc,
    0x7, 0x0, 0xfa, 0xc, 0xdb, 0xf2, 0x12, 0x20,
    0x1f, 0xb1, 0xc8, 0x52, 0xd8, 0x3, 0xfd, 0x1b,
    0xd6, 0x80, 0x1f, 0xfc, 0xc3, 0x7b, 0xef, 0xf7,
    0x5b, 0x88, 0x7, 0x5e, 0x42, 0x8, 0x0, 0x52,
    0x3d, 0x0, 0x33, 0x80, 0xa3, 0xc4, 0x14, 0x40,
    0x6c, 0xc0, 0x24, 0xbe, 0xb8, 0x77, 0x57, 0x38,
    0x3, 0x80, 0x28, 0x40, 0xf, 0xa1, 0x40, 0x8c,
    0x3, 0xff, 0x81, 0xc0, 0x4, 0x0, 0xf0, 0x99,
    0x91, 0x22, 0x0, 0x70, 0x4, 0x53, 0xdc, 0xcc,
    0x5d, 0xd2, 0x0, 0x30, 0x3, 0x6b, 0x8, 0x7,
    0xf0, 0x82, 0x48, 0x1, 0xaf, 0x7f, 0xf6, 0x80,
    0x6f, 0x0, 0x54, 0xa1, 0x0, 0x61, 0x0, 0xc8,
    0x2, 0xa0, 0x1f, 0x28, 0x7, 0x8c, 0x3, 0xf6,
    0x80, 0x78, 0x80, 0x3e, 0x44, 0x0, 0x63, 0x0,
    0x50, 0x7, 0x25, 0x80, 0x74, 0x0, 0x17, 0x65,
    0xe3, 0x2c, 0x1c, 0x3, 0x24, 0x0, 0x9, 0xa1,
    0xcc, 0x26, 0x80, 0x39, 0xf1, 0x44, 0x4, 0x9f,
    0x58, 0x3, 0x0,

    /* U+00E6 "æ" */
    0x0, 0x8d, 0xef, 0xbf, 0xdd, 0x6c, 0x1, 0xc9,
    0x3b, 0xfe, 0xea, 0x50, 0xf, 0x5e, 0x42, 0x8,
    0x0, 0x52, 0x79, 0x0, 0xb2, 0xd8, 0x80, 0x2,
    0xb5, 0x82, 0x1, 0x9c, 0x5, 0x1e, 0x20, 0xa2,
    0x3, 0x6d, 0x86, 0x2, 0xb1, 0x5, 0x10, 0x3c,
    0x10, 0x9, 0x2f, 0xae, 0x1d, 0xd5, 0xce, 0x0,
    0x91, 0x8, 0xea, 0x77, 0x57, 0x28, 0x15, 0x80,
    0x50, 0x80, 0x1f, 0x42, 0x80, 0x4e, 0xe0, 0xf,
    0x51, 0x2, 0x90, 0x7, 0xff, 0x3, 0x80, 0x28,
    0x0, 0xfd, 0x60, 0x4, 0x0, 0xf0, 0x99, 0x91,
    0x22, 0x0, 0x20, 0x7, 0xf2, 0x80, 0x3c, 0x2,
    0x29, 0xee, 0x66, 0x2e, 0xe9, 0x0, 0x27, 0xff,
    0xf6, 0x0, 0x8, 0x0, 0xda, 0xc2, 0x1, 0xff,
    0xcc, 0x49, 0x0, 0x35, 0xef, 0xfe, 0xd0, 0x2,
    0xdd, 0xff, 0xf0, 0x24, 0x3c, 0x1, 0x52, 0x84,
    0x1, 0x84, 0x2, 0x44, 0xff, 0xe0, 0x10, 0x20,
    0xa, 0x80, 0x7c, 0xa0, 0x4, 0x0, 0xff, 0xe2,
    0x18, 0x7, 0xed, 0x0, 0xa, 0x0, 0x7f, 0xf0,
    0xc8, 0x3, 0xe4, 0x40, 0x5, 0x22, 0x1, 0xff,
    0xc0, 0x30, 0x5, 0x0, 0x72, 0x58, 0x29, 0x81,
    0x61, 0x0, 0x78, 0x5b, 0x44, 0x20, 0x0, 0xbb,
    0x2f, 0x19, 0x60, 0x55, 0xa2, 0x5, 0xb9, 0xe,
    0xe8, 0xce, 0x92, 0x0, 0x24, 0x0, 0x9, 0xa1,
    0xcc, 0x13, 0x0, 0x7d, 0x40, 0x6, 0xf1, 0x7,
    0x30, 0x1, 0x8, 0x1, 0xf1, 0x88, 0x0, 0x4b,
    0x76, 0x10, 0x0, 0xd6, 0x39, 0x88, 0x0, 0x92,
    0x33, 0x40,

    /* U+00E7 "ç" */
    0x0, 0xe3, 0x8c, 0xef, 0xf6, 0xca, 0x80, 0x61,
    0xac, 0x73, 0x10, 0x1, 0x35, 0x48, 0x0, 0x71,
    0x40, 0x6, 0xd0, 0xea, 0x20, 0x1a, 0x88, 0x6,
    0xf2, 0x5e, 0x2b, 0xb3, 0x0, 0x88, 0x0, 0x62,
    0x0, 0x78, 0xd4, 0x3c, 0x0, 0xe4, 0x1, 0xfe,
    0x40, 0x5, 0x0, 0x7f, 0x88, 0x0, 0x24, 0x1,
    0xfe, 0x10, 0x1, 0x80, 0x7f, 0xf3, 0x84, 0x0,
    0x60, 0x1f, 0xf1, 0x0, 0x4, 0x80, 0x3f, 0xe4,
    0x0, 0x50, 0x7, 0xfd, 0xe0, 0x7, 0x20, 0xf,
    0xf2, 0x20, 0x1, 0x88, 0x1, 0xe3, 0x50, 0x5,
    0x10, 0xd, 0xe4, 0x3c, 0x57, 0x66, 0x0, 0x3,
    0x88, 0x0, 0x37, 0x87, 0x51, 0x0, 0xe1, 0xbc,
    0x62, 0x0, 0x89, 0xae, 0x40, 0x38, 0xe7, 0x7c,
    0xc3, 0xa5, 0x0, 0x3f, 0xd2, 0x10, 0x1, 0xff,
    0xc0, 0x50, 0x41, 0x0, 0xff, 0xe1, 0x10, 0x7,
    0xc2, 0x80, 0x7, 0x0, 0x10, 0x7, 0xc5, 0x7f,
    0xe8, 0x4, 0x10, 0xf, 0x84, 0xc4, 0x5, 0xa8,
    0x2,

    /* U+00E8 "è" */
    0x0, 0xd7, 0xfe, 0x40, 0xf, 0xfe, 0xd, 0x98,
    0x59, 0x0, 0x7f, 0xf0, 0x70, 0xc3, 0xc0, 0x3f,
    0xf8, 0x5a, 0x44, 0xb0, 0xf, 0xfe, 0x8, 0xe0,
    0xa4, 0x0, 0x7f, 0xf0, 0x47, 0x1f, 0xc0, 0x3f,
    0xf8, 0x45, 0xe, 0x1, 0xff, 0xd0, 0x39, 0xde,
    0xfe, 0xb6, 0x0, 0xfd, 0x58, 0xc4, 0x20, 0x29,
    0x3c, 0x60, 0x18, 0x75, 0x40, 0x8, 0xf0, 0xc4,
    0x3, 0x86, 0x1, 0x51, 0x2, 0xf5, 0xc3, 0xce,
    0xc0, 0x3, 0x40, 0x8, 0x80, 0x4a, 0x10, 0xe,
    0x76, 0x1, 0x60, 0xe0, 0x4, 0x0, 0x7e, 0xb0,
    0x6, 0x2, 0x0, 0xc, 0x3, 0xf1, 0x0, 0x1c,
    0x44, 0x0, 0xff, 0xff, 0x0, 0x8, 0x80, 0x1f,
    0xfc, 0x72, 0xbb, 0xff, 0xe0, 0x60, 0x80, 0xd,
    0x13, 0xff, 0x80, 0x64, 0x0, 0x12, 0x0, 0xff,
    0xe0, 0xa0, 0x2, 0xc0, 0x3f, 0xf8, 0x3e, 0x0,
    0x63, 0x0, 0xff, 0xe0, 0x22, 0x0, 0x18, 0xa0,
    0x1f, 0x25, 0xa0, 0x2, 0xcc, 0x1, 0x5b, 0x2e,
    0xe8, 0xbf, 0xb4, 0x10, 0xb, 0x18, 0x0, 0x4d,
    0x10, 0x74, 0x0, 0xb, 0x0, 0x69, 0xd7, 0x31,
    0x0, 0x9, 0xbd, 0xf1, 0x80,

    /* U+00E9 "é" */
    0x0, 0xff, 0x17, 0x7f, 0x8, 0x7, 0xff, 0x3,
    0x84, 0x58, 0x20, 0x1f, 0xf5, 0x18, 0x69, 0x0,
    0x7f, 0xce, 0xa1, 0x86, 0x1, 0xff, 0x24, 0x5,
    0x98, 0x7, 0xff, 0x0, 0x9e, 0xd0, 0x3, 0xff,
    0x82, 0xd0, 0x80, 0x1f, 0xfd, 0x13, 0x9d, 0xef,
    0xeb, 0x60, 0xf, 0xd5, 0x8c, 0x42, 0x2, 0x93,
    0xc6, 0x1, 0x87, 0x54, 0x0, 0x8f, 0xc, 0x40,
    0x38, 0x60, 0x15, 0x10, 0x2f, 0x5c, 0x3c, 0xec,
    0x0, 0x34, 0x0, 0x88, 0x4, 0xa1, 0x0, 0xe7,
    0x60, 0x16, 0xe, 0x0, 0x40, 0x7, 0xeb, 0x0,
    0x60, 0x20, 0x0, 0xc0, 0x3f, 0x10, 0x1, 0xc4,
    0x40, 0xf, 0xff, 0xf0, 0x0, 0x88, 0x1, 0xff,
    0xc7, 0x2b, 0xbf, 0xfe, 0x6, 0x8, 0x0, 0xd1,
    0x3f, 0xf8, 0x6, 0x40, 0x1, 0x20, 0xf, 0xfe,
    0xa, 0x0, 0x2c, 0x3, 0xff, 0x83, 0xe0, 0x6,
    0x30, 0xf, 0xfe, 0x2, 0x20, 0x1, 0x8a, 0x1,
    0xf2, 0x5a, 0x0, 0x2c, 0xc0, 0x15, 0xb2, 0xee,
    0x8b, 0xfb, 0x41, 0x0, 0xb1, 0x80, 0x4, 0xd1,
    0x7, 0x40, 0x0, 0xb0, 0x6, 0x9d, 0x73, 0x10,
    0x0, 0x9b, 0xdf, 0x18,

    /* U+00EA "ê" */
    0x0, 0xf9, 0x7f, 0xd4, 0x1, 0xff, 0xc0, 0x1b,
    0x0, 0x2a, 0x80, 0x3f, 0xea, 0x14, 0x90, 0xa1,
    0x0, 0xfe, 0x64, 0x2a, 0x66, 0x6, 0x80, 0x7e,
    0x29, 0xf, 0x10, 0x93, 0x33, 0x80, 0x7c, 0xee,
    0xb2, 0x0, 0xb5, 0xc0, 0x3f, 0x2c, 0x20, 0x6,
    0x18, 0x70, 0xf, 0xfe, 0x69, 0xce, 0xf7, 0xf5,
    0xb0, 0x7, 0xea, 0xc6, 0x21, 0x1, 0x49, 0xe3,
    0x0, 0xc3, 0xaa, 0x0, 0x47, 0x86, 0x20, 0x1c,
    0x30, 0xa, 0x88, 0x17, 0xae, 0x1e, 0x76, 0x0,
    0x1a, 0x0, 0x44, 0x2, 0x50, 0x80, 0x73, 0xb0,
    0xb, 0x7, 0x0, 0x20, 0x3, 0xf5, 0x80, 0x30,
    0x10, 0x0, 0x60, 0x1f, 0x88, 0x0, 0xe2, 0x20,
    0x7, 0xff, 0xf8, 0x0, 0x44, 0x0, 0xff, 0xe3,
    0x95, 0xdf, 0xff, 0x3, 0x4, 0x0, 0x68, 0x9f,
    0xfc, 0x3, 0x20, 0x0, 0x90, 0x7, 0xff, 0x5,
    0x0, 0x16, 0x1, 0xff, 0xc1, 0xf0, 0x3, 0x18,
    0x7, 0xff, 0x1, 0x10, 0x0, 0xc5, 0x0, 0xf9,
    0x2d, 0x0, 0x16, 0x60, 0xa, 0xd9, 0x77, 0x45,
    0xfd, 0xa0, 0x80, 0x58, 0xc0, 0x2, 0x68, 0x83,
    0xa0, 0x0, 0x58, 0x3, 0x4e, 0xb9, 0x88, 0x0,
    0x4d, 0xef, 0x8c,

    /* U+00EB "ë" */
    0x0, 0xcf, 0xfe, 0xb0, 0x2, 0xff, 0xb4, 0x3,
    0xff, 0xba, 0xdb, 0xaa, 0x0, 0x2e, 0xeb, 0xc0,
    0x3e, 0x12, 0x20, 0x80, 0x44, 0x50, 0x7, 0xff,
    0x34, 0xe7, 0x7b, 0xfa, 0xd8, 0x3, 0xf5, 0x63,
    0x10, 0x80, 0xa4, 0xf1, 0x80, 0x61, 0xd5, 0x0,
    0x23, 0xc3, 0x10, 0xe, 0x18, 0x5, 0x44, 0xb,
    0xd7, 0xf, 0x3b, 0x0, 0xd, 0x0, 0x22, 0x1,
    0x28, 0x40, 0x39, 0xd8, 0x5, 0x83, 0x80, 0x10,
    0x1, 0xfa, 0xc0, 0x18, 0x8, 0x0, 0x30, 0xf,
    0xc4, 0x0, 0x71, 0x10, 0x3, 0xff, 0xfc, 0x0,
    0x22, 0x0, 0x7f, 0xf1, 0xca, 0xef, 0xff, 0x81,
    0x82, 0x0, 0x34, 0x4f, 0xfe, 0x1, 0x90, 0x0,
    0x48, 0x3, 0xff, 0x82, 0x80, 0xb, 0x0, 0xff,
    0xe0, 0xf8, 0x1, 0x8c, 0x3, 0xff, 0x80, 0x88,
    0x0, 0x62, 0x80, 0x7c, 0x96, 0x80, 0xb, 0x30,
    0x5, 0x6c, 0xbb, 0xa2, 0xfe, 0xd0, 0x40, 0x2c,
    0x60, 0x1, 0x34, 0x41, 0xd0, 0x0, 0x2c, 0x1,
    0xa7, 0x5c, 0xc4, 0x0, 0x26, 0xf7, 0xc6,

    /* U+00EC "ì" */
    0x58, 0x81, 0x80, 0x64, 0x57, 0xd1, 0x0, 0x87,
    0xc4, 0x5a, 0x1, 0x8b, 0x4, 0xe4, 0x3, 0x16,
    0x83, 0x30, 0x3, 0x1d, 0x84, 0x98, 0x6, 0x4f,
    0xf1, 0x80, 0x7f, 0xf0, 0x3f, 0xdc, 0x1, 0xff,
    0xff, 0x0, 0xff, 0xf9, 0x0,

    /* U+00ED "í" */
    0x0, 0xc9, 0x10, 0x40, 0x8, 0xed, 0xd1, 0x0,
    0x1, 0xd0, 0x2d, 0x0, 0xa8, 0x4b, 0x4, 0x1,
    0x8, 0x3e, 0x20, 0x5, 0x71, 0xc2, 0x0, 0x97,
    0xf8, 0x80, 0x3f, 0xf8, 0x3f, 0xee, 0x0, 0xff,
    0xff, 0x80, 0x7f, 0xfd, 0x40,

    /* U+00EE "î" */
    0x0, 0xcd, 0xc, 0x1, 0xf3, 0x4b, 0xca, 0x0,
    0x71, 0x48, 0x20, 0x50, 0x80, 0x6e, 0x6, 0xb4,
    0x1a, 0x0, 0x9c, 0xcd, 0x21, 0x64, 0x8c, 0x7,
    0x3, 0xa0, 0x17, 0x84, 0x91, 0xff, 0x8, 0x4,
    0x5f, 0xe2, 0x0, 0xff, 0xe1, 0xff, 0xb8, 0x3,
    0xff, 0xfe, 0x1, 0xff, 0xff, 0x0, 0xff, 0xee,
    0x80,

    /* U+00EF "ï" */
    0x3f, 0xf8, 0x0, 0x3f, 0xf0, 0x80, 0x7f, 0xf2,
    0x8f, 0x76, 0x0, 0xe, 0xec, 0x20, 0x45, 0x0,
    0x44, 0x50, 0x7, 0xff, 0x13, 0xfd, 0xc0, 0x1f,
    0xff, 0xf0, 0xf, 0xff, 0xf8, 0x7, 0xff, 0x74,

    /* U+00F0 "ð" */
    0x0, 0xd3, 0xfe, 0xd1, 0x0, 0xc6, 0xa0, 0x1e,
    0x97, 0x2, 0xc3, 0x6a, 0xfc, 0x80, 0xf, 0xa1,
    0x0, 0xb2, 0x46, 0x37, 0x40, 0x18, 0x9e, 0xfd,
    0x4, 0x0, 0x54, 0xe4, 0x1, 0xcb, 0x1, 0x3b,
    0xd0, 0x5, 0xa0, 0x1f, 0x3f, 0xdb, 0x10, 0x3c,
    0x81, 0xd8, 0x7, 0xf3, 0x5f, 0x7c, 0x0, 0x12,
    0x40, 0x3c, 0x5b, 0x28, 0x20, 0x20, 0x13, 0x28,
    0x6, 0x2c, 0x20, 0x2, 0xcc, 0xa1, 0x0, 0x16,
    0x20, 0x17, 0x8, 0x1f, 0x53, 0x31, 0xed, 0xc0,
    0x64, 0x0, 0xa6, 0x3, 0xa2, 0x1, 0xd0, 0x0,
    0x70, 0x7, 0x0, 0x20, 0x40, 0x3e, 0x50, 0x2,
    0x2, 0x0, 0x1c, 0x3, 0xf6, 0x80, 0x30, 0x80,
    0x2, 0x20, 0xf, 0xc6, 0x0, 0x21, 0x0, 0x18,
    0x7, 0xf3, 0x80, 0x18, 0x3, 0xff, 0x82, 0xe0,
    0x10, 0x80, 0xc, 0x3, 0xf8, 0x40, 0xe, 0x40,
    0x1, 0x10, 0x7, 0xed, 0x0, 0x10, 0x20, 0x1,
    0x80, 0x3f, 0x28, 0x3, 0x3, 0xc0, 0x12, 0x20,
    0x1e, 0x62, 0x1, 0x50, 0x43, 0x1, 0xd1, 0x0,
    0xcb, 0x20, 0x8, 0x0, 0xb4, 0x40, 0xfa, 0x9e,
    0x32, 0x80, 0xa, 0xc0, 0x10, 0xf9, 0x80, 0x16,
    0x1c, 0xc0, 0xf, 0x40, 0x1c, 0x39, 0x4a, 0x20,
    0x2, 0x7d, 0x80, 0x8,

    /* U+00F1 "ñ" */
    0x0, 0xcd, 0xdf, 0x64, 0x0, 0x7f, 0x70, 0xe,
    0x29, 0x10, 0x4d, 0x60, 0xb0, 0x20, 0xe, 0xb0,
    0x7e, 0x60, 0x9f, 0x31, 0x50, 0xe, 0x20, 0xb1,
    0x9a, 0x20, 0x2d, 0x0, 0xf5, 0xf9, 0x80, 0x17,
    0x7f, 0x4c, 0x3, 0xff, 0xae, 0x3f, 0xec, 0x0,
    0x2d, 0xf7, 0xf5, 0xa0, 0x7, 0xea, 0xa2, 0x8,
    0xa, 0x5c, 0x80, 0x7a, 0x94, 0x15, 0xd8, 0x80,
    0xc, 0xc0, 0xc, 0x6a, 0xae, 0xa8, 0x9d, 0x70,
    0x4, 0x0, 0x71, 0xd0, 0x80, 0x68, 0x20, 0x13,
    0x0, 0xd0, 0x1, 0xf2, 0x80, 0x14, 0x3, 0x20,
    0x7, 0xda, 0x0, 0xe0, 0x8, 0x80, 0x3f, 0xf8,
    0x62, 0x1, 0xff, 0x8, 0x7, 0xff, 0xfc, 0x3,
    0xff, 0xf2,

    /* U+00F2 "ò" */
    0x0, 0x8b, 0xbf, 0x44, 0x3, 0xff, 0x80, 0x5a,
    0x5, 0x40, 0x1f, 0xfc, 0x13, 0xb0, 0x48, 0x0,
    0xff, 0xe0, 0xa5, 0x3, 0xa8, 0x7, 0xff, 0x5,
    0x64, 0x28, 0x80, 0x3f, 0xf8, 0x2d, 0x4e, 0xe0,
    0xf, 0xfe, 0x12, 0xc2, 0x80, 0x7f, 0xf4, 0x1a,
    0xfb, 0xfd, 0xb2, 0x60, 0x1f, 0x1e, 0xca, 0x8,
    0x0, 0x9b, 0x24, 0x3, 0x8f, 0x8, 0x0, 0xb0,
    0xe6, 0x0, 0x6b, 0x0, 0xdc, 0x0, 0x3e, 0xa7,
    0x8c, 0xa0, 0x2, 0x38, 0x1, 0x88, 0x7, 0x44,
    0x3, 0x2c, 0x80, 0x24, 0x1, 0x40, 0x8, 0x10,
    0xf, 0x31, 0x0, 0xa8, 0x18, 0x1, 0xc0, 0x3f,
    0x28, 0x3, 0x8, 0x0, 0x22, 0x0, 0xfd, 0xa0,
    0x2, 0x10, 0x1, 0x80, 0x7f, 0x8, 0x1, 0xc0,
    0x3f, 0xf8, 0xa2, 0x0, 0x30, 0xf, 0xe1, 0x0,
    0x39, 0x0, 0x4, 0x40, 0x1f, 0xb4, 0x0, 0x40,
    0x60, 0x7, 0x0, 0xfc, 0xa0, 0xc, 0xa, 0x0,
    0x40, 0x7, 0xcc, 0x40, 0x2a, 0xc, 0x40, 0x38,
    0x20, 0x19, 0x64, 0x1, 0x20, 0x17, 0x0, 0xf,
    0xa9, 0xe3, 0x28, 0x0, 0x8e, 0x1, 0x1e, 0x10,
    0x1, 0x61, 0xcc, 0x0, 0xd6, 0x1, 0xc7, 0xb2,
    0x82, 0x0, 0x26, 0xc9, 0x0, 0x80,

    /* U+00F3 "ó" */
    0x0, 0xff, 0x37, 0xfa, 0x40, 0x3f, 0xf8, 0x7,
    0x20, 0xb2, 0x1, 0xff, 0xe, 0x82, 0x50, 0x7,
    0xff, 0x3, 0x44, 0xec, 0x3, 0xff, 0x81, 0x26,
    0x5a, 0x1, 0xff, 0xc0, 0x11, 0x46, 0x8, 0x7,
    0xff, 0x0, 0x61, 0xc4, 0x3, 0xff, 0xa2, 0xd7,
    0xdf, 0xed, 0x93, 0x0, 0xf8, 0xf6, 0x50, 0x40,
    0x4, 0xd9, 0x20, 0x1c, 0x78, 0x40, 0x5, 0x87,
    0x30, 0x3, 0x58, 0x6, 0xe0, 0x1, 0xf5, 0x3c,
    0x65, 0x0, 0x11, 0xc0, 0xc, 0x40, 0x3a, 0x20,
    0x19, 0x64, 0x1, 0x20, 0xa, 0x0, 0x40, 0x80,
    0x79, 0x88, 0x5, 0x40, 0xc0, 0xe, 0x1, 0xf9,
    0x40, 0x18, 0x40, 0x1, 0x10, 0x7, 0xed, 0x0,
    0x10, 0x80, 0xc, 0x3, 0xf8, 0x40, 0xe, 0x1,
    0xff, 0xc5, 0x10, 0x1, 0x80, 0x7f, 0x8, 0x1,
    0xc8, 0x0, 0x22, 0x0, 0xfd, 0xa0, 0x2, 0x3,
    0x0, 0x38, 0x7, 0xe5, 0x0, 0x60, 0x50, 0x2,
    0x0, 0x3e, 0x62, 0x1, 0x50, 0x62, 0x1, 0xc1,
    0x0, 0xcb, 0x20, 0x9, 0x0, 0xb8, 0x0, 0x7d,
    0x4f, 0x19, 0x40, 0x4, 0x70, 0x8, 0xf0, 0x80,
    0xb, 0xe, 0x60, 0x6, 0xb0, 0xe, 0x3d, 0x94,
    0x10, 0x1, 0x36, 0x48, 0x4,

    /* U+00F4 "ô" */
    0x0, 0xfa, 0xff, 0xc8, 0x1, 0xff, 0xc0, 0x64,
    0x0, 0x50, 0x80, 0x7f, 0x8a, 0x42, 0x90, 0x68,
    0x3, 0xfd, 0xc0, 0xeb, 0x42, 0x8c, 0x1, 0xf9,
    0xcc, 0xd0, 0x3, 0xa1, 0x24, 0x1, 0xfa, 0x34,
    0x2, 0x3b, 0x76, 0x0, 0xf9, 0xdc, 0x20, 0x19,
    0x21, 0x0, 0x3f, 0xf9, 0xad, 0x7d, 0xfe, 0xd9,
    0x30, 0xf, 0x8f, 0x65, 0x4, 0x0, 0x4d, 0x92,
    0x1, 0xc7, 0x84, 0x0, 0x58, 0x73, 0x0, 0x35,
    0x80, 0x6e, 0x0, 0x1f, 0x53, 0xc6, 0x50, 0x1,
    0x1c, 0x0, 0xc4, 0x3, 0xa2, 0x1, 0x96, 0x40,
    0x12, 0x0, 0xa0, 0x4, 0x8, 0x7, 0x98, 0x80,
    0x54, 0xc, 0x0, 0xe0, 0x1f, 0x94, 0x1, 0x84,
    0x0, 0x11, 0x0, 0x7e, 0xd0, 0x1, 0x8, 0x0,
    0xc0, 0x3f, 0x84, 0x0, 0xe0, 0x1f, 0xfc, 0x51,
    0x0, 0x18, 0x7, 0xf0, 0x80, 0x1c, 0x80, 0x2,
    0x20, 0xf, 0xda, 0x0, 0x20, 0x30, 0x3, 0x80,
    0x7e, 0x50, 0x6, 0x5, 0x0, 0x20, 0x3, 0xe6,
    0x20, 0x15, 0x6, 0x20, 0x1c, 0x10, 0xc, 0xb2,
    0x0, 0x90, 0xb, 0x80, 0x7, 0xd4, 0xf1, 0x94,
    0x0, 0x47, 0x0, 0x8f, 0x8, 0x0, 0xb0, 0xe6,
    0x0, 0x6b, 0x0, 0xe3, 0xd9, 0x41, 0x0, 0x13,
    0x64, 0x80, 0x40,

    /* U+00F5 "õ" */
    0x0, 0xc3, 0x7f, 0xac, 0x1, 0x7f, 0x0, 0x7d,
    0x48, 0x5, 0x36, 0x2c, 0xa, 0x1, 0xe2, 0x41,
    0xeb, 0x14, 0xe9, 0xe, 0x0, 0xf3, 0x2, 0xa,
    0x7a, 0x88, 0x9d, 0x40, 0x3c, 0x9f, 0x40, 0x1,
    0xae, 0xe4, 0x0, 0x7f, 0xf7, 0xda, 0xfb, 0xfd,
    0xb2, 0x60, 0x1f, 0x1e, 0xca, 0x8, 0x0, 0x9b,
    0x24, 0x3, 0x8f, 0x8, 0x0, 0xb0, 0xe6, 0x0,
    0x6b, 0x0, 0xdc, 0x0, 0x3e, 0xa7, 0x8c, 0xa0,
    0x2, 0x38, 0x1, 0x88, 0x7, 0x44, 0x3, 0x2c,
    0x80, 0x24, 0x1, 0x40, 0x8, 0x10, 0xf, 0x31,
    0x0, 0xa8, 0x18, 0x1, 0xc0, 0x3f, 0x28, 0x3,
    0x8, 0x0, 0x22, 0x0, 0xfd, 0xa0, 0x2, 0x10,
    0x1, 0x80, 0x7f, 0x8, 0x1, 0xc0, 0x3f, 0xf8,
    0xa2, 0x0, 0x30, 0xf, 0xe1, 0x0, 0x39, 0x0,
    0x4, 0x40, 0x1f, 0xb4, 0x0, 0x40, 0x60, 0x7,
    0x0, 0xfc, 0xa0, 0xc, 0xa, 0x0, 0x40, 0x7,
    0xcc, 0x40, 0x2a, 0xc, 0x40, 0x38, 0x20, 0x19,
    0x64, 0x1, 0x20, 0x17, 0x0, 0xf, 0xa9, 0xe3,
    0x28, 0x0, 0x8e, 0x1, 0x1e, 0x10, 0x1, 0x61,
    0xcc, 0x0, 0xd6, 0x1, 0xc7, 0xb2, 0x82, 0x0,
    0x26, 0xc9, 0x0, 0x80,

    /* U+00F6 "ö" */
    0x0, 0xdb, 0xfe, 0x50, 0x5, 0xff, 0x9c, 0x3,
    0xff, 0xbb, 0xfb, 0xa5, 0x0, 0x4e, 0xe9, 0x80,
    0x3e, 0x22, 0x80, 0x22, 0x28, 0x40, 0x3f, 0xf9,
    0xad, 0x7d, 0xfe, 0xd9, 0x30, 0xf, 0x8f, 0x65,
    0x4, 0x0, 0x4d, 0x92, 0x1, 0xc7, 0x84, 0x0,
    0x58, 0x73, 0x0, 0x35, 0x80, 0x6e, 0x0, 0x1f,
    0x53, 0xc6, 0x50, 0x1, 0x1c, 0x0, 0xc4, 0x3,
    0xa2, 0x1, 0x96, 0x40, 0x12, 0x0, 0xa0, 0x4,
    0x8, 0x7, 0x98, 0x80, 0x54, 0xc, 0x0, 0xe0,
    0x1f, 0x94, 0x1, 0x84, 0x0, 0x11, 0x0, 0x7e,
    0xd0, 0x1, 0x8, 0x0, 0xc0, 0x3f, 0x84, 0x0,
    0xe0, 0x1f, 0xfc, 0x51, 0x0, 0x18, 0x7, 0xf0,
    0x80, 0x1c, 0x80, 0x2, 0x20, 0xf, 0xda, 0x0,
    0x20, 0x30, 0x3, 0x80, 0x7e, 0x50, 0x6, 0x5,
    0x0, 0x20, 0x3, 0xe6, 0x20, 0x15, 0x6, 0x20,
    0x1c, 0x10, 0xc, 0xb2, 0x0, 0x90, 0xb, 0x80,
    0x7, 0xd4, 0xf1, 0x94, 0x0, 0x47, 0x0, 0x8f,
    0x8, 0x0, 0xb0, 0xe6, 0x0, 0x6b, 0x0, 0xe3,
    0xd9, 0x41, 0x0, 0x13, 0x64, 0x80, 0x40,

    /* U+00F7 "÷" */
    0x0, 0xfd, 0x1f, 0xf2, 0x80, 0x7f, 0xfb, 0xbc,
    0x8a, 0x10, 0xf, 0xfe, 0x23, 0xee, 0xc8, 0x1,
    0xff, 0xd1, 0x6a, 0xaf, 0xfe, 0x3a, 0x7a, 0xaf,
    0xff, 0x1c, 0x80, 0x3f, 0xf9, 0x33, 0xff, 0xff,
    0xc7, 0x60, 0xf, 0xff, 0x34, 0x7f, 0xca, 0x1,
    0xff, 0xee, 0xe2, 0x28, 0x40, 0x3f, 0x0,

    /* U+00F8 "ø" */
    0x0, 0xff, 0xea, 0xbc, 0x0, 0x79, 0xaf, 0xbf,
    0xdb, 0x24, 0x9, 0xe, 0x40, 0x11, 0xec, 0xa0,
    0x80, 0x9, 0xb6, 0x6c, 0x24, 0x80, 0x7, 0x84,
    0x0, 0x58, 0x73, 0x0, 0x30, 0x33, 0x0, 0x2e,
    0x0, 0x1f, 0x53, 0xc6, 0x50, 0x5, 0xe0, 0x13,
    0x10, 0xe, 0x8, 0x6, 0xf0, 0xa, 0x0, 0x2a,
    0x0, 0x48, 0x7, 0x42, 0xa2, 0x0, 0x54, 0x0,
    0x60, 0x6, 0x0, 0xca, 0xe5, 0x5a, 0x0, 0xc0,
    0x20, 0x0, 0x88, 0x2, 0x3a, 0xf, 0x12, 0x0,
    0x10, 0x8, 0x0, 0xc0, 0x22, 0xd0, 0xb2, 0x7,
    0x0, 0x38, 0x7, 0xc3, 0xe3, 0x8, 0x0, 0x70,
    0xc, 0x20, 0x3, 0x0, 0x51, 0x2b, 0x80, 0x42,
    0x0, 0x70, 0x20, 0x0, 0x8a, 0x50, 0xe8, 0x3,
    0x68, 0x0, 0x80, 0x8, 0x0, 0xa6, 0x1d, 0x0,
    0xe6, 0x0, 0x60, 0x3, 0x80, 0x8, 0x1a, 0x20,
    0x19, 0x84, 0x5, 0x40, 0xa, 0x40, 0x3, 0x20,
    0xc, 0xb2, 0x0, 0x90, 0x8, 0x40, 0x23, 0xf9,
    0x78, 0xca, 0x0, 0x23, 0x80, 0x5a, 0x48, 0x40,
    0x2d, 0xe, 0x60, 0x5, 0xb0, 0xa, 0x4c, 0xaf,
    0x69, 0x4, 0x0, 0x4d, 0x94, 0x1, 0xac, 0xfc,
    0x0, 0xb7, 0xdf, 0xed, 0x93, 0x0, 0xe2, 0xc2,
    0x0, 0xff, 0xe1, 0x80,

    /* U+00F9 "ù" */
    0x0, 0xe, 0xff, 0x10, 0x7, 0xfc, 0x3e, 0x22,
    0xf0, 0xf, 0xfe, 0x1, 0x60, 0x95, 0x0, 0x7f,
    0xf0, 0xb, 0x41, 0x5c, 0x3, 0xff, 0x80, 0x76,
    0x10, 0x80, 0x1f, 0xfc, 0x4, 0xb7, 0x20, 0xf,
    0xfe, 0xa, 0x43, 0x0, 0x7f, 0xf2, 0x93, 0xfd,
    0x20, 0x1f, 0xa3, 0xfc, 0xc0, 0x1f, 0xff, 0xf0,
    0xf, 0xff, 0xf8, 0x7, 0xf9, 0xc0, 0x6, 0x1,
    0xf8, 0x80, 0x21, 0x0, 0x30, 0x7, 0xe4, 0x0,
    0x88, 0x0, 0x64, 0x1, 0xe7, 0x10, 0xc, 0xa0,
    0xe, 0x10, 0xc, 0xf0, 0x1, 0xd0, 0x0, 0x3f,
    0xa8, 0x9e, 0x81, 0x60, 0xc, 0x54, 0x0, 0x15,
    0x76, 0x12, 0xc1, 0x0, 0xe5, 0xd6, 0x20, 0x13,
    0x8d, 0x20, 0xc,

    /* U+00FA "ú" */
    0x0, 0xfe, 0x4f, 0xf5, 0x80, 0x7f, 0xc5, 0x60,
    0x76, 0x1, 0xff, 0x78, 0x16, 0x80, 0x7f, 0xd4,
    0x44, 0xc1, 0x0, 0xff, 0x3a, 0x8f, 0x88, 0x7,
    0xff, 0x1, 0xf0, 0x80, 0x3f, 0xf8, 0xf, 0x4,
    0x1, 0xff, 0xcb, 0x4f, 0xf4, 0x80, 0x7e, 0x8f,
    0xf3, 0x0, 0x7f, 0xff, 0xc0, 0x3f, 0xff, 0xe0,
    0x1f, 0xe7, 0x0, 0x18, 0x7, 0xe2, 0x0, 0x84,
    0x0, 0xc0, 0x1f, 0x90, 0x2, 0x20, 0x1, 0x90,
    0x7, 0x9c, 0x40, 0x32, 0x80, 0x38, 0x40, 0x33,
    0xc0, 0x7, 0x40, 0x0, 0xfe, 0xa2, 0x7a, 0x5,
    0x80, 0x31, 0x50, 0x0, 0x55, 0xd8, 0x4b, 0x4,
    0x3, 0x97, 0x58, 0x80, 0x4e, 0x34, 0x80, 0x30,

    /* U+00FB "û" */
    0x0, 0xf4, 0xff, 0x98, 0x3, 0xfe, 0x46, 0x0,
    0x49, 0x0, 0x7f, 0xd, 0x4, 0x28, 0x70, 0x7,
    0xf5, 0x8a, 0xbd, 0x19, 0xa0, 0x3, 0xe5, 0x51,
    0x50, 0x3, 0x85, 0xcc, 0x3, 0xc4, 0xfe, 0x1,
    0x16, 0xbb, 0x0, 0x79, 0xe0, 0x80, 0x31, 0xc2,
    0x80, 0x7f, 0xf1, 0xd3, 0xfd, 0x20, 0x1f, 0xa3,
    0xfc, 0xc0, 0x1f, 0xff, 0xf0, 0xf, 0xff, 0xf8,
    0x7, 0xf9, 0xc0, 0x6, 0x1, 0xf8, 0x80, 0x21,
    0x0, 0x30, 0x7, 0xe4, 0x0, 0x88, 0x0, 0x64,
    0x1, 0xe7, 0x10, 0xc, 0xa0, 0xe, 0x10, 0xc,
    0xf0, 0x1, 0xd0, 0x0, 0x3f, 0xa8, 0x9e, 0x81,
    0x60, 0xc, 0x54, 0x0, 0x15, 0x76, 0x12, 0xc1,
    0x0, 0xe5, 0xd6, 0x20, 0x13, 0x8d, 0x20, 0xc,

    /* U+00FC "ü" */
    0x0, 0xaf, 0xfc, 0xe0, 0x9, 0xff, 0x48, 0x7,
    0xff, 0x6a, 0xb7, 0x4c, 0x0, 0x8d, 0xd4, 0x0,
    0x78, 0x48, 0x82, 0x0, 0x12, 0x20, 0x80, 0x7f,
    0xf1, 0xd3, 0xfd, 0x20, 0x1f, 0xa3, 0xfc, 0xc0,
    0x1f, 0xff, 0xf0, 0xf, 0xff, 0xf8, 0x7, 0xf9,
    0xc0, 0x6, 0x1, 0xf8, 0x80, 0x21, 0x0, 0x30,
    0x7, 0xe4, 0x0, 0x88, 0x0, 0x64, 0x1, 0xe7,
    0x10, 0xc, 0xa0, 0xe, 0x10, 0xc, 0xf0, 0x1,
    0xd0, 0x0, 0x3f, 0xa8, 0x9e, 0x81, 0x60, 0xc,
    0x54, 0x0, 0x15, 0x76, 0x12, 0xc1, 0x0, 0xe5,
    0xd6, 0x20, 0x13, 0x8d, 0x20, 0xc,

    /* U+00FD "ý" */
    0x0, 0xff, 0x92, 0x20, 0x80, 0x1f, 0xfc, 0x12,
    0xb7, 0x55, 0x0, 0x7f, 0xf0, 0x78, 0x7, 0xc4,
    0x3, 0xff, 0x81, 0x6, 0x1a, 0x40, 0x1f, 0xfc,
    0x4, 0x70, 0xa3, 0x0, 0xff, 0xe0, 0xd, 0x3,
    0xa8, 0x7, 0xff, 0x5, 0x5a, 0x60, 0x3, 0xff,
    0x84, 0x90, 0xc0, 0x1f, 0xdb, 0xfe, 0x30, 0xf,
    0xe4, 0xff, 0x60, 0x50, 0x2, 0x80, 0x3f, 0xb8,
    0x1, 0x40, 0xc0, 0x7, 0x0, 0xfe, 0x50, 0x3,
    0x0, 0xa8, 0xa, 0x80, 0x7c, 0xc0, 0x6, 0x0,
    0xb8, 0x1, 0xc0, 0x1f, 0x50, 0x2, 0x80, 0x24,
    0x20, 0x41, 0x0, 0xe2, 0x30, 0x23, 0x0, 0xd4,
    0x0, 0x90, 0xe, 0xb0, 0x5, 0x0, 0x73, 0x0,
    0x18, 0x3, 0x9c, 0x0, 0xc0, 0x1c, 0x2a, 0x2,
    0x80, 0x12, 0x88, 0x28, 0x80, 0x7b, 0x80, 0x1c,
    0x1, 0x70, 0x3, 0x80, 0x3e, 0x41, 0x5, 0x10,
    0x14, 0x1, 0x40, 0xf, 0xd2, 0x0, 0x70, 0x60,
    0x3, 0x0, 0x7f, 0x30, 0x2, 0x82, 0x80, 0x14,
    0x1, 0xfc, 0x28, 0x6, 0xe4, 0x8, 0x40, 0x1f,
    0xef, 0x0, 0x40, 0x3, 0x80, 0x3f, 0xe4, 0x10,
    0x8, 0x54, 0x3, 0xff, 0x80, 0xc0, 0x13, 0x80,
    0x7f, 0xf0, 0x68, 0x2, 0xb0, 0xf, 0xfe, 0x8,
    0x80, 0xc, 0x80, 0x3f, 0xf8, 0x34, 0x0, 0xa0,
    0xf, 0xfe, 0x13, 0x0, 0x18, 0x3, 0xff, 0x83,
    0x0, 0x6, 0x0, 0xff, 0x1b, 0x3d, 0xb8, 0x2,
    0x0, 0x3f, 0xc9, 0x30, 0x80, 0x9, 0x10, 0xf,
    0xfe, 0x8, 0xa6, 0x30, 0x7, 0xf0,

    /* U+00FE "þ" */
    0x1f, 0xf6, 0x0, 0x7f, 0xff, 0xc0, 0x3f, 0xfa,
    0x2d, 0x7d, 0xfd, 0x46, 0x1, 0xf8, 0x72, 0x50,
    0x40, 0x57, 0x20, 0x3, 0xed, 0x31, 0x68, 0x73,
    0x0, 0x3c, 0x0, 0x71, 0x99, 0x3a, 0x5e, 0x32,
    0x40, 0xe, 0x60, 0x1c, 0x56, 0x1, 0xcc, 0xe0,
    0x8, 0x0, 0xeb, 0x0, 0xfa, 0x0, 0x8, 0x20,
    0x19, 0xc0, 0x3f, 0x20, 0x1, 0x40, 0x21, 0x10,
    0x7, 0xe3, 0x0, 0x18, 0x4, 0x60, 0x1f, 0xde,
    0x0, 0xf0, 0xf, 0xfe, 0x41, 0x80, 0x7f, 0x78,
    0x3, 0xc0, 0x21, 0x10, 0x7, 0xe3, 0x0, 0x18,
    0x6, 0x70, 0xf, 0xc8, 0x0, 0x50, 0xd, 0x60,
    0x1f, 0x40, 0x1, 0x4, 0x3, 0x15, 0x80, 0x73,
    0x38, 0x2, 0x0, 0x31, 0x99, 0x3a, 0x5e, 0x32,
    0x40, 0xe, 0x60, 0x1d, 0xa6, 0x2d, 0xe, 0x60,
    0x7, 0x80, 0xf, 0xe, 0x49, 0x88, 0xa, 0xe4,
    0x0, 0x7f, 0x36, 0x77, 0xf5, 0x18, 0x7, 0xff,
    0xfc, 0x3, 0xff, 0xa6,

    /* U+00FF "ÿ" */
    0x0, 0xc5, 0xff, 0x0, 0x7, 0xfe, 0x10, 0xf,
    0xfe, 0xf9, 0x6e, 0xc0, 0x1, 0xdd, 0x84, 0x3,
    0xf1, 0x14, 0x1, 0x11, 0x40, 0x1f, 0xfc, 0xbd,
    0xff, 0x18, 0x7, 0xf2, 0x7f, 0xb0, 0x28, 0x1,
    0x40, 0x1f, 0xdc, 0x0, 0xa0, 0x60, 0x3, 0x80,
    0x7f, 0x28, 0x1, 0x80, 0x54, 0x5, 0x40, 0x3e,
    0x60, 0x3, 0x0, 0x5c, 0x0, 0xe0, 0xf, 0xa8,
    0x1, 0x40, 0x12, 0x10, 0x20, 0x80, 0x71, 0x18,
    0x11, 0x80, 0x6a, 0x0, 0x48, 0x7, 0x58, 0x2,
    0x80, 0x39, 0x80, 0xc, 0x1, 0xce, 0x0, 0x60,
    0xe, 0x15, 0x1, 0x40, 0x9, 0x44, 0x14, 0x40,
    0x3d, 0xc0, 0xe, 0x0, 0xb8, 0x1, 0xc0, 0x1f,
    0x20, 0x82, 0x88, 0xa, 0x0, 0xa0, 0x7, 0xe9,
    0x0, 0x38, 0x30, 0x1, 0x80, 0x3f, 0x98, 0x1,
    0x41, 0x40, 0xa, 0x0, 0xfe, 0x14, 0x3, 0x72,
    0x4, 0x20, 0xf, 0xf7, 0x80, 0x20, 0x1, 0xc0,
    0x1f, 0xf2, 0x8, 0x4, 0x2a, 0x1, 0xff, 0xc0,
    0x60, 0x9, 0xc0, 0x3f, 0xf8, 0x34, 0x1, 0x58,
    0x7, 0xff, 0x4, 0x40, 0x6, 0x40, 0x1f, 0xfc,
    0x1a, 0x0, 0x50, 0x7, 0xff, 0x9, 0x80, 0xc,
    0x1, 0xff, 0xc1, 0x80, 0x3, 0x0, 0x7f, 0x8d,
    0x9e, 0xdc, 0x1, 0x0, 0x1f, 0xe4, 0x98, 0x40,
    0x4, 0x88, 0x7, 0xff, 0x4, 0x53, 0x18, 0x3,
    0xf8,

    /* U+0100 "Ā" */
    0x0, 0xf5, 0xff, 0xfe, 0x90, 0xf, 0xfe, 0xb4,
    0x55, 0x7f, 0x0, 0x7f, 0xf0, 0xd, 0x57, 0xf1,
    0x80, 0x7f, 0xfb, 0x87, 0xfe, 0xe0, 0xf, 0xfe,
    0x2b, 0x80, 0x42, 0x80, 0x1f, 0xfc, 0x4b, 0x0,
    0xde, 0x1, 0xff, 0xc3, 0x32, 0x5, 0x30, 0x41,
    0x0, 0xff, 0xe1, 0x50, 0x3, 0xa8, 0x0, 0xc0,
    0x1f, 0xfc, 0x26, 0x1, 0x47, 0x0, 0x50, 0x7,
    0xff, 0x5, 0x40, 0xc, 0x2, 0xa0, 0x46, 0x1,
    0xff, 0xc0, 0x90, 0x5, 0x0, 0x38, 0x1, 0x20,
    0x1f, 0xf1, 0x18, 0x19, 0x0, 0x10, 0x41, 0x40,
    0x3f, 0xea, 0x0, 0x58, 0x6, 0x70, 0x3, 0x0,
    0x7f, 0x98, 0x0, 0xc0, 0x1a, 0x80, 0x14, 0x1,
    0xfc, 0x82, 0x8, 0x20, 0x18, 0xc8, 0xc, 0x80,
    0x3f, 0x70, 0x3, 0x80, 0x3d, 0x40, 0xb, 0x0,
    0xf8, 0x54, 0x0, 0xa0, 0x1e, 0x60, 0x3, 0x80,
    0x7c, 0xc0, 0x1, 0xaa, 0xfa, 0xc0, 0x2, 0xa0,
    0x1e, 0xa0, 0x0, 0xaa, 0xfe, 0x0, 0xb8, 0x3,
    0x8c, 0x80, 0x3f, 0xf8, 0x48, 0x20, 0x1a, 0x80,
    0xf, 0xff, 0xfe, 0x60, 0x3, 0x0, 0x66, 0x0,
    0x50, 0x7, 0xfb, 0x40, 0x12, 0x1, 0x30, 0x0,
    0x88, 0x1, 0xfe, 0x41, 0x1, 0x40, 0x5, 0x0,
    0x28, 0x3, 0xff, 0x80, 0xc0, 0xe, 0x2, 0x30,
    0x3, 0x0, 0x7f, 0xf0, 0x2c, 0x0, 0xa3, 0x40,
    0x3, 0x10, 0xf, 0xfe, 0x1, 0x90, 0x1, 0xc0,

    /* U+0101 "ā" */
    0x0, 0xa3, 0xff, 0xf6, 0x80, 0x7f, 0xf2, 0xaa,
    0xbf, 0xa4, 0x3, 0xc4, 0xab, 0xf9, 0x0, 0x3f,
    0xfb, 0x46, 0xf7, 0xdf, 0xee, 0xb7, 0x10, 0xe,
    0xbc, 0x84, 0x10, 0x0, 0xa4, 0x7a, 0x0, 0x67,
    0x1, 0x47, 0x88, 0x28, 0x80, 0xd9, 0x80, 0x49,
    0x7d, 0x70, 0xee, 0xae, 0x70, 0x7, 0x0, 0x50,
    0x80, 0x1f, 0x42, 0x81, 0x18, 0x7, 0xff, 0x3,
    0x80, 0x8, 0x1, 0xe1, 0x33, 0x22, 0x44, 0x0,
    0xe0, 0x8, 0xa7, 0xb9, 0x98, 0xbb, 0xa4, 0x0,
    0x60, 0x6, 0xd6, 0x10, 0xf, 0xe1, 0x4, 0x90,
    0x3, 0x5e, 0xff, 0xed, 0x0, 0xde, 0x0, 0xa9,
    0x42, 0x0, 0xc2, 0x1, 0x90, 0x5, 0x40, 0x3e,
    0x50, 0xf, 0x18, 0x7, 0xed, 0x0, 0xf1, 0x0,
    0x7c, 0x88, 0x0, 0xc6, 0x0, 0xa0, 0xe, 0x4b,
    0x0, 0xe8, 0x0, 0x2e, 0xcb, 0xc6, 0x58, 0x38,
    0x6, 0x48, 0x0, 0x13, 0x43, 0x98, 0x4d, 0x0,
    0x73, 0xe2, 0x88, 0x9, 0x3e, 0xb0, 0x6,

    /* U+0102 "Ă" */
    0x0, 0xf2, 0xc0, 0x80, 0x73, 0x40, 0x7, 0xff,
    0x3, 0x5e, 0x40, 0x30, 0xcb, 0x80, 0x7f, 0xf0,
    0x2c, 0x1d, 0x84, 0xf, 0x41, 0x40, 0x3f, 0xf8,
    0x6, 0xa1, 0x3d, 0xf8, 0x61, 0x0, 0x1f, 0xfc,
    0x1a, 0x71, 0x0, 0x93, 0x48, 0x3, 0xff, 0x85,
    0x1d, 0xcd, 0xfb, 0x20, 0xf, 0xfe, 0x28, 0x90,
    0x7, 0xff, 0x70, 0x7f, 0xee, 0x0, 0xff, 0xe2,
    0xb8, 0x4, 0x28, 0x1, 0xff, 0xc4, 0xb0, 0xd,
    0xe0, 0x1f, 0xfc, 0x33, 0x20, 0x53, 0x4, 0x10,
    0xf, 0xfe, 0x15, 0x0, 0x3a, 0x80, 0xc, 0x1,
    0xff, 0xc2, 0x60, 0x14, 0x70, 0x5, 0x0, 0x7f,
    0xf0, 0x54, 0x0, 0xc0, 0x2a, 0x4, 0x60, 0x1f,
    0xfc, 0x9, 0x0, 0x50, 0x3, 0x80, 0x12, 0x1,
    0xff, 0x11, 0x81, 0x90, 0x1, 0x4, 0x14, 0x3,
    0xfe, 0xa0, 0x5, 0x80, 0x67, 0x0, 0x30, 0x7,
    0xf9, 0x80, 0xc, 0x1, 0xa8, 0x1, 0x40, 0x1f,
    0xc8, 0x20, 0x82, 0x1, 0x8c, 0x80, 0xc8, 0x3,
    0xf7, 0x0, 0x38, 0x3, 0xd4, 0x0, 0xb0, 0xf,
    0x85, 0x40, 0xa, 0x1, 0xe6, 0x0, 0x38, 0x7,
    0xcc, 0x0, 0x1a, 0xaf, 0xac, 0x0, 0x2a, 0x1,
    0xea, 0x0, 0xa, 0xaf, 0xe0, 0xb, 0x80, 0x38,
    0xc8, 0x3, 0xff, 0x84, 0x82, 0x1, 0xa8, 0x0,
    0xff, 0xff, 0xe6, 0x0, 0x30, 0x6, 0x60, 0x5,
    0x0, 0x7f, 0xb4, 0x1, 0x20, 0x13, 0x0, 0x8,
    0x80, 0x1f, 0xe4, 0x10, 0x14, 0x0, 0x50, 0x2,
    0x80, 0x3f, 0xf8, 0xc, 0x0, 0xe0, 0x23, 0x0,
    0x30, 0x7, 0xff, 0x2, 0xc0, 0xa, 0x34, 0x0,
    0x31, 0x0, 0xff, 0xe0, 0x19, 0x0, 0x1c,

    /* U+0103 "ă" */
    0x0, 0xa3, 0xe8, 0x80, 0x2, 0xbf, 0xe0, 0xf,
    0x50, 0x2e, 0xff, 0xba, 0x81, 0x80, 0x3c, 0x58,
    0x80, 0x18, 0xa2, 0x40, 0x3e, 0x3b, 0xfe, 0xdf,
    0xd7, 0x0, 0xff, 0x84, 0x80, 0x3f, 0xf9, 0xc6,
    0xf7, 0xdf, 0xee, 0xb7, 0x10, 0xe, 0xbc, 0x84,
    0x10, 0x0, 0xa4, 0x7a, 0x0, 0x67, 0x1, 0x47,
    0x88, 0x28, 0x80, 0xd9, 0x80, 0x49, 0x7d, 0x70,
    0xee, 0xae, 0x70, 0x7, 0x0, 0x50, 0x80, 0x1f,
    0x42, 0x81, 0x18, 0x7, 0xff, 0x3, 0x80, 0x8,
    0x1, 0xe1, 0x33, 0x22, 0x44, 0x0, 0xe0, 0x8,
    0xa7, 0xb9, 0x98, 0xbb, 0xa4, 0x0, 0x60, 0x6,
    0xd6, 0x10, 0xf, 0xe1, 0x4, 0x90, 0x3, 0x5e,
    0xff, 0xed, 0x0, 0xde, 0x0, 0xa9, 0x42, 0x0,
    0xc2, 0x1, 0x90, 0x5, 0x40, 0x3e, 0x50, 0xf,
    0x18, 0x7, 0xed, 0x0, 0xf1, 0x0, 0x7c, 0x88,
    0x0, 0xc6, 0x0, 0xa0, 0xe, 0x4b, 0x0, 0xe8,
    0x0, 0x2e, 0xcb, 0xc6, 0x58, 0x38, 0x6, 0x48,
    0x0, 0x13, 0x43, 0x98, 0x4d, 0x0, 0x73, 0xe2,
    0x88, 0x9, 0x3e, 0xb0, 0x6,

    /* U+0104 "Ą" */
    0x0, 0xfc, 0x3f, 0xf7, 0x0, 0x7f, 0xf1, 0x9c,
    0x2, 0x14, 0x0, 0xff, 0xe2, 0xd8, 0x6, 0xf0,
    0xf, 0xfe, 0x21, 0x90, 0x8, 0x1, 0x4, 0x3,
    0xff, 0x87, 0x40, 0x6, 0x50, 0x3, 0x0, 0x7f,
    0xf0, 0xd8, 0x1, 0x5c, 0x0, 0xa0, 0xf, 0xfe,
    0x12, 0x80, 0xc, 0x90, 0x40, 0x8c, 0x3, 0xff,
    0x83, 0x20, 0xa, 0x0, 0x30, 0x2, 0x40, 0x3f,
    0xf8, 0x4, 0x60, 0x7, 0x0, 0x50, 0x1, 0x40,
    0x3f, 0xf8, 0x14, 0x0, 0x51, 0x0, 0x11, 0x80,
    0x18, 0x3, 0xfe, 0x60, 0x7, 0x0, 0x6a, 0x0,
    0x50, 0x7, 0xf9, 0x4, 0x5, 0x0, 0x33, 0x80,
    0xc, 0x80, 0x3f, 0xb8, 0x0, 0xe0, 0x1c, 0x28,
    0x0, 0xb0, 0xf, 0xc2, 0xa0, 0xa, 0x0, 0xf7,
    0x0, 0x1c, 0x3, 0xf3, 0x0, 0x8, 0xc0, 0x3c,
    0xa2, 0x2, 0xa0, 0x1f, 0x50, 0x0, 0xbf, 0xff,
    0x8, 0x3, 0x80, 0x3c, 0x64, 0x1, 0xff, 0xc2,
    0x41, 0x0, 0xea, 0x0, 0x12, 0xaf, 0xf8, 0x40,
    0xc, 0x1, 0xcc, 0x0, 0x8a, 0xaf, 0xf4, 0x80,
    0x24, 0x3, 0x30, 0x0, 0x54, 0x3, 0xfc, 0xc0,
    0x1, 0x40, 0xa, 0x80, 0xe, 0x1, 0xff, 0xa,
    0x80, 0x38, 0x0, 0x46, 0x0, 0xb0, 0xf, 0xfe,
    0x7, 0x0, 0x14, 0x42, 0x80, 0x6, 0x40, 0x1f,
    0xfc, 0x4, 0x20, 0x3, 0x84, 0x7f, 0xb0, 0x3,
    0xff, 0x86, 0x3c, 0xc0, 0x1f, 0xfc, 0x68, 0x29,
    0x10, 0xf, 0xfe, 0x3b, 0x83, 0x0, 0x7f, 0xf1,
    0xcc, 0x0, 0x20, 0x1f, 0xfc, 0x71, 0x0, 0x28,
    0x9, 0x80, 0x7f, 0xf1, 0x8, 0x81, 0x5f, 0xd4,
    0x1, 0xff, 0xc5, 0xf5, 0x10, 0x1f,

    /* U+0105 "ą" */
    0x0, 0x8d, 0xef, 0xbf, 0xdd, 0x6e, 0x20, 0x1e,
    0xbc, 0x84, 0x10, 0x0, 0xa4, 0x7a, 0x0, 0x73,
    0x80, 0xd, 0xe1, 0xd4, 0x0, 0x36, 0x60, 0x19,
    0xe3, 0xb2, 0x1e, 0x2b, 0x90, 0x1, 0xc0, 0x1a,
    0xdc, 0x40, 0x38, 0x6c, 0x40, 0x8c, 0x3, 0xff,
    0x83, 0x20, 0x4, 0x0, 0xff, 0xe0, 0xa0, 0x3,
    0x80, 0x3e, 0x13, 0x44, 0xca, 0x0, 0x30, 0xc,
    0x75, 0xfd, 0x97, 0x7a, 0x40, 0x2, 0x1, 0x4e,
    0x28, 0x7, 0xff, 0x5, 0x98, 0x0, 0x7b, 0xef,
    0xfd, 0xa0, 0x1d, 0x60, 0xc, 0x84, 0x10, 0xc,
    0xc0, 0x1c, 0x40, 0x46, 0x1, 0xf6, 0x0, 0x7c,
    0x60, 0x1f, 0xb, 0x80, 0x71, 0x0, 0xc0, 0x7,
    0x16, 0x0, 0x7a, 0x80, 0xf, 0xb0, 0xf1, 0x7a,
    0x4c, 0x1, 0xce, 0xc0, 0x2, 0x78, 0x74, 0x8,
    0xb0, 0xf, 0x4d, 0xa8, 0x80, 0x93, 0x6b, 0x80,
    0x7e, 0x4a, 0xef, 0xed, 0x92, 0xa, 0x9, 0xb0,
    0xf, 0xfe, 0x1, 0x39, 0x30, 0x7, 0xff, 0x6,
    0xc1, 0x40, 0x3f, 0xf8, 0x4a, 0x1c, 0x1, 0xff,
    0xc2, 0x70, 0xd0, 0x2, 0x80, 0x7f, 0xda, 0x9,
    0xfe, 0xa0, 0xf, 0xf9, 0xa0, 0x80, 0x6,

    /* U+0106 "Ć" */
    0x0, 0xff, 0xe0, 0x24, 0x40, 0x80, 0x3f, 0xf8,
    0x65, 0x6e, 0x44, 0x0, 0xff, 0xe1, 0xf0, 0x15,
    0x0, 0x7f, 0xf0, 0xdc, 0xc7, 0xc0, 0x3f, 0xf8,
    0x65, 0x1, 0x44, 0x1, 0xff, 0xc3, 0x2f, 0xf2,
    0x0, 0x7f, 0xfa, 0x8e, 0x2f, 0x7f, 0xdd, 0x92,
    0x80, 0x1f, 0x8f, 0x30, 0xe8, 0x40, 0x1, 0x36,
    0xbe, 0x60, 0xe, 0x7c, 0x30, 0x8, 0xd5, 0x48,
    0x40, 0x1, 0x98, 0x0, 0x9e, 0x0, 0x5, 0x5f,
    0x95, 0x4b, 0xde, 0x81, 0x1, 0x0, 0x24, 0x0,
    0x17, 0x54, 0x3, 0xc2, 0xfc, 0xe0, 0x14, 0x80,
    0xe, 0x80, 0x3f, 0xe8, 0x80, 0x29, 0x0, 0x38,
    0x3, 0xff, 0x82, 0x21, 0xe0, 0x4, 0x20, 0xf,
    0xfe, 0x1a, 0x0, 0x30, 0x3, 0xff, 0x88, 0x20,
    0x3, 0x0, 0xff, 0xe1, 0x90, 0x4, 0xe0, 0x1f,
    0xfc, 0x71, 0x0, 0xff, 0xe3, 0x88, 0x7, 0xff,
    0xc, 0x80, 0x27, 0x0, 0xff, 0xe2, 0x8, 0x0,
    0xc0, 0x3f, 0xf8, 0x88, 0x0, 0xc0, 0xf, 0xfe,
    0x27, 0x80, 0x10, 0x80, 0x3f, 0xf8, 0x6a, 0x40,
    0xe, 0x0, 0xff, 0xe0, 0x88, 0x2, 0x40, 0x7,
    0x40, 0x1f, 0xf4, 0x40, 0x0, 0x90, 0x0, 0x5d,
    0x50, 0xf, 0xb, 0xf3, 0x80, 0x67, 0x80, 0x1,
    0x57, 0xe5, 0x52, 0xf7, 0xa0, 0x40, 0x40, 0x33,
    0xe1, 0x80, 0x46, 0xaa, 0x42, 0x0, 0xc, 0xc0,
    0x7, 0x1e, 0x61, 0xcc, 0x80, 0x2, 0x6d, 0x7c,
    0xc0,

    /* U+0107 "ć" */
    0x0, 0xff, 0x17, 0xfb, 0x44, 0x3, 0xfd, 0xe0,
    0x3e, 0x20, 0x1f, 0xd4, 0x43, 0x84, 0x1, 0xfc,
    0xea, 0x1a, 0x40, 0x1f, 0xc9, 0x1, 0x66, 0x1,
    0xfe, 0x27, 0xb4, 0x0, 0xff, 0x9a, 0x10, 0x3,
    0xff, 0x9a, 0x71, 0x9d, 0xfe, 0xd9, 0x50, 0xc,
    0x35, 0x8e, 0x62, 0x0, 0x26, 0xa9, 0x0, 0xe,
    0x28, 0x0, 0xda, 0x1d, 0x44, 0x3, 0x51, 0x0,
    0xde, 0x4b, 0xc5, 0x76, 0x60, 0x11, 0x0, 0xc,
    0x40, 0xf, 0x1a, 0x87, 0x80, 0x1c, 0x80, 0x3f,
    0xc8, 0x0, 0xa0, 0xf, 0xf1, 0x0, 0x4, 0x80,
    0x3f, 0xc2, 0x0, 0x30, 0xf, 0xfe, 0x70, 0x80,
    0xc, 0x3, 0xfe, 0x20, 0x0, 0x90, 0x7, 0xfc,
    0x80, 0xa, 0x0, 0xff, 0xbc, 0x0, 0xe4, 0x1,
    0xfe, 0x44, 0x0, 0x31, 0x0, 0x3c, 0x6a, 0x0,
    0xa2, 0x1, 0xbc, 0x87, 0x8a, 0xec, 0xc0, 0x0,
    0x71, 0x0, 0x6, 0xf0, 0xea, 0x20, 0x1c, 0x37,
    0x8c, 0x42, 0x0, 0x26, 0xb9,

    /* U+0108 "Ĉ" */
    0x0, 0xff, 0x1c, 0x41, 0x80, 0x3f, 0xf8, 0x63,
    0xae, 0xe9, 0x60, 0xf, 0xfe, 0x15, 0xa, 0x48,
    0x49, 0x0, 0x7f, 0xf0, 0x1d, 0xa, 0xd9, 0xc3,
    0xc0, 0x3f, 0xe3, 0x81, 0xc0, 0x4, 0x29, 0x48,
    0x7, 0xf8, 0xff, 0x84, 0x2, 0xaf, 0x90, 0xf,
    0xff, 0x31, 0xc5, 0xef, 0xfb, 0xb2, 0x50, 0x3,
    0xf1, 0xe6, 0x1d, 0x8, 0x0, 0x26, 0xd7, 0xcc,
    0x1, 0xcf, 0x86, 0x1, 0x1a, 0xa9, 0x8, 0x0,
    0x33, 0x0, 0x13, 0xc0, 0x0, 0xab, 0xf2, 0xa9,
    0x7b, 0xd0, 0x20, 0x20, 0x4, 0x80, 0x2, 0xea,
    0x80, 0x78, 0x5f, 0x9c, 0x2, 0x90, 0x1, 0xd0,
    0x7, 0xfd, 0x10, 0x5, 0x20, 0x7, 0x0, 0x7f,
    0xf0, 0x44, 0x3c, 0x0, 0x84, 0x1, 0xff, 0xc3,
    0x40, 0x6, 0x0, 0x7f, 0xf1, 0x4, 0x0, 0x60,
    0x1f, 0xfc, 0x32, 0x0, 0x9c, 0x3, 0xff, 0x8e,
    0x20, 0x1f, 0xfc, 0x71, 0x0, 0xff, 0xe1, 0x90,
    0x4, 0xe0, 0x1f, 0xfc, 0x41, 0x0, 0x18, 0x7,
    0xff, 0x11, 0x0, 0x18, 0x1, 0xff, 0xc4, 0xf0,
    0x2, 0x10, 0x7, 0xff, 0xd, 0x48, 0x1, 0xc0,
    0x1f, 0xfc, 0x11, 0x0, 0x48, 0x0, 0xe8, 0x3,
    0xfe, 0x88, 0x0, 0x12, 0x0, 0xb, 0xaa, 0x1,
    0xe1, 0x7e, 0x70, 0xc, 0xf0, 0x0, 0x2a, 0xfc,
    0xaa, 0x5e, 0xf4, 0x8, 0x8, 0x6, 0x7c, 0x30,
    0x8, 0xd5, 0x48, 0x40, 0x1, 0x98, 0x0, 0xe3,
    0xcc, 0x39, 0x90, 0x0, 0x4d, 0xaf, 0x98, 0x0,

    /* U+0109 "ĉ" */
    0x0, 0xfd, 0xdf, 0xe1, 0x0, 0xff, 0x50, 0x80,
    0x34, 0x3, 0xf9, 0x54, 0x16, 0x26, 0xe0, 0x1f,
    0xd, 0x85, 0x26, 0x84, 0x10, 0x7, 0xa8, 0x5d,
    0x40, 0xe4, 0x3c, 0x3, 0x84, 0xe2, 0x0, 0x13,
    0x4a, 0x90, 0x6, 0x18, 0x70, 0xe, 0x68, 0x20,
    0xf, 0xfe, 0x41, 0xc6, 0x77, 0xfb, 0x65, 0x40,
    0x30, 0xd6, 0x39, 0x88, 0x0, 0x9a, 0xa4, 0x0,
    0x38, 0xa0, 0x3, 0x68, 0x75, 0x10, 0xd, 0x44,
    0x3, 0x79, 0x2f, 0x15, 0xd9, 0x80, 0x44, 0x0,
    0x31, 0x0, 0x3c, 0x6a, 0x1e, 0x0, 0x72, 0x0,
    0xff, 0x20, 0x2, 0x80, 0x3f, 0xc4, 0x0, 0x12,
    0x0, 0xff, 0x8, 0x0, 0xc0, 0x3f, 0xf9, 0xc2,
    0x0, 0x30, 0xf, 0xf8, 0x80, 0x2, 0x40, 0x1f,
    0xf2, 0x0, 0x28, 0x3, 0xfe, 0xf0, 0x3, 0x90,
    0x7, 0xf9, 0x10, 0x0, 0xc4, 0x0, 0xf1, 0xa8,
    0x2, 0x88, 0x6, 0xf2, 0x1e, 0x2b, 0xb3, 0x0,
    0x1, 0xc4, 0x0, 0x1b, 0xc3, 0xa8, 0x80, 0x70,
    0xde, 0x31, 0x8, 0x0, 0x9a, 0xe4,

    /* U+010A "Ċ" */
    0x0, 0xff, 0x37, 0xfb, 0x0, 0x3f, 0xfd, 0x8f,
    0x98, 0xe0, 0xf, 0xfe, 0x20, 0x99, 0x88, 0x3,
    0xff, 0xd2, 0x71, 0x7b, 0xfe, 0xec, 0x94, 0x0,
    0xfc, 0x79, 0x87, 0x42, 0x0, 0x9, 0xb5, 0xf3,
    0x0, 0x73, 0xe1, 0x80, 0x46, 0xaa, 0x42, 0x0,
    0xc, 0xc0, 0x4, 0xf0, 0x0, 0x2a, 0xfc, 0xaa,
    0x5e, 0xf4, 0x8, 0x8, 0x1, 0x20, 0x0, 0xba,
    0xa0, 0x1e, 0x17, 0xe7, 0x0, 0xa4, 0x0, 0x74,
    0x1, 0xff, 0x44, 0x1, 0x48, 0x1, 0xc0, 0x1f,
    0xfc, 0x11, 0xf, 0x0, 0x21, 0x0, 0x7f, 0xf0,
    0xd0, 0x1, 0x80, 0x1f, 0xfc, 0x41, 0x0, 0x18,
    0x7, 0xff, 0xc, 0x80, 0x27, 0x0, 0xff, 0xe3,
    0x88, 0x7, 0xff, 0x1c, 0x40, 0x3f, 0xf8, 0x64,
    0x1, 0x38, 0x7, 0xff, 0x10, 0x40, 0x6, 0x1,
    0xff, 0xc4, 0x40, 0x6, 0x0, 0x7f, 0xf1, 0x3c,
    0x0, 0x84, 0x1, 0xff, 0xc3, 0x52, 0x0, 0x70,
    0x7, 0xff, 0x4, 0x40, 0x12, 0x0, 0x3a, 0x0,
    0xff, 0xa2, 0x0, 0x4, 0x80, 0x2, 0xea, 0x80,
    0x78, 0x5f, 0x9c, 0x3, 0x3c, 0x0, 0xa, 0xbf,
    0x2a, 0x97, 0xbd, 0x2, 0x2, 0x1, 0x9f, 0xc,
    0x2, 0x35, 0x52, 0x10, 0x0, 0x66, 0x0, 0x38,
    0xf3, 0xe, 0x64, 0x0, 0x13, 0x6b, 0xe6, 0x0,

    /* U+010B "ċ" */
    0x0, 0xfd, 0xdf, 0xe0, 0xf, 0xfe, 0xf3, 0xaa,
    0x80, 0x3f, 0xf8, 0x13, 0x54, 0x0, 0xff, 0xe6,
    0x1c, 0x67, 0x7f, 0xb6, 0x54, 0x3, 0xd, 0x63,
    0x98, 0x80, 0x9, 0xaa, 0x40, 0x3, 0x8a, 0x0,
    0x36, 0x87, 0x51, 0x0, 0xd4, 0x40, 0x37, 0x92,
    0xf1, 0x5d, 0x98, 0x4, 0x40, 0x3, 0x10, 0x3,
    0xc6, 0xa1, 0xe0, 0x7, 0x20, 0xf, 0xf2, 0x0,
    0x28, 0x3, 0xfc, 0x40, 0x1, 0x20, 0xf, 0xf0,
    0x80, 0xc, 0x3, 0xff, 0x9c, 0x20, 0x3, 0x0,
    0xff, 0x88, 0x0, 0x24, 0x1, 0xff, 0x20, 0x2,
    0x80, 0x3f, 0xef, 0x0, 0x39, 0x0, 0x7f, 0x91,
    0x0, 0xc, 0x40, 0xf, 0x1a, 0x80, 0x28, 0x80,
    0x6f, 0x21, 0xe2, 0xbb, 0x30, 0x0, 0x1c, 0x40,
    0x1, 0xbc, 0x3a, 0x88, 0x7, 0xd, 0xe3, 0x10,
    0x80, 0x9, 0xae, 0x40,

    /* U+010C "Č" */
    0x0, 0xf9, 0xe0, 0x80, 0x33, 0xc1, 0x0, 0x7f,
    0x89, 0xf0, 0x40, 0x13, 0x6, 0x40, 0x1f, 0xe5,
    0x61, 0xd0, 0x66, 0xd, 0x0, 0x7f, 0xf0, 0x24,
    0x8f, 0x24, 0x28, 0x40, 0x3f, 0xf8, 0x3e, 0x6,
    0xe, 0x80, 0x1f, 0xfc, 0x22, 0xff, 0xa0, 0x3,
    0xff, 0xd2, 0x71, 0x7b, 0xfe, 0xec, 0x94, 0x0,
    0xfc, 0x79, 0x87, 0x42, 0x0, 0x9, 0xb5, 0xf3,
    0x0, 0x73, 0xe1, 0x80, 0x46, 0xaa, 0x42, 0x0,
    0xc, 0xc0, 0x4, 0xf0, 0x0, 0x2a, 0xfc, 0xaa,
    0x5e, 0xf4, 0x8, 0x8, 0x1, 0x20, 0x0, 0xba,
    0xa0, 0x1e, 0x17, 0xe7, 0x0, 0xa4, 0x0, 0x74,
    0x1, 0xff, 0x44, 0x1, 0x48, 0x1, 0xc0, 0x1f,
    0xfc, 0x11, 0xf, 0x0, 0x21, 0x0, 0x7f, 0xf0,
    0xd0, 0x1, 0x80, 0x1f, 0xfc, 0x41, 0x0, 0x18,
    0x7, 0xff, 0xc, 0x80, 0x27, 0x0, 0xff, 0xe3,
    0x88, 0x7, 0xff, 0x1c, 0x40, 0x3f, 0xf8, 0x64,
    0x1, 0x38, 0x7, 0xff, 0x10, 0x40, 0x6, 0x1,
    0xff, 0xc4, 0x40, 0x6, 0x0, 0x7f, 0xf1, 0x3c,
    0x0, 0x84, 0x1, 0xff, 0xc3, 0x52, 0x0, 0x70,
    0x7, 0xff, 0x4, 0x40, 0x12, 0x0, 0x3a, 0x0,
    0xff, 0xa2, 0x0, 0x4, 0x80, 0x2, 0xea, 0x80,
    0x78, 0x5f, 0x9c, 0x3, 0x3c, 0x0, 0xa, 0xbf,
    0x2a, 0x97, 0xbd, 0x2, 0x2, 0x1, 0x9f, 0xc,
    0x2, 0x35, 0x52, 0x10, 0x0, 0x66, 0x0, 0x38,
    0xf3, 0xe, 0x64, 0x0, 0x13, 0x6b, 0xe6, 0x0,

    /* U+010D "č" */
    0x0, 0xcf, 0xf6, 0x1, 0x9f, 0xf0, 0x3, 0x9c,
    0xd2, 0x0, 0x7, 0x1, 0xc0, 0x1e, 0xe0, 0x74,
    0x1d, 0x9, 0x20, 0xf, 0x14, 0x85, 0x68, 0xa3,
    0x0, 0x7e, 0x64, 0x13, 0x1a, 0x0, 0xff, 0x53,
    0xbb, 0x44, 0x3, 0xfc, 0x31, 0x3, 0x0, 0xff,
    0xe6, 0x1c, 0x67, 0x7f, 0xb6, 0x54, 0x3, 0xd,
    0x63, 0x98, 0x80, 0x9, 0xaa, 0x40, 0x3, 0x8a,
    0x0, 0x36, 0x87, 0x51, 0x0, 0xd4, 0x40, 0x37,
    0x92, 0xf1, 0x5d, 0x98, 0x4, 0x40, 0x3, 0x10,
    0x3, 0xc6, 0xa1, 0xe0, 0x7, 0x20, 0xf, 0xf2,
    0x0, 0x28, 0x3, 0xfc, 0x40, 0x1, 0x20, 0xf,
    0xf0, 0x80, 0xc, 0x3, 0xff, 0x9c, 0x20, 0x3,
    0x0, 0xff, 0x88, 0x0, 0x24, 0x1, 0xff, 0x20,
    0x2, 0x80, 0x3f, 0xef, 0x0, 0x39, 0x0, 0x7f,
    0x91, 0x0, 0xc, 0x40, 0xf, 0x1a, 0x80, 0x28,
    0x80, 0x6f, 0x21, 0xe2, 0xbb, 0x30, 0x0, 0x1c,
    0x40, 0x1, 0xbc, 0x3a, 0x88, 0x7, 0xd, 0xe3,
    0x10, 0x80, 0x9, 0xae, 0x40,

    /* U+010E "Ď" */
    0x0, 0xd7, 0xf0, 0x1, 0x1f, 0xf8, 0x80, 0x3f,
    0xd4, 0x2e, 0xc0, 0x3a, 0x14, 0x40, 0x1f, 0xe1,
    0xa0, 0x95, 0xc1, 0x65, 0x0, 0xff, 0xe0, 0x23,
    0x85, 0x11, 0x24, 0x3, 0xff, 0x85, 0x10, 0x77,
    0x78, 0x7, 0xff, 0x11, 0xe2, 0x4, 0x1, 0xff,
    0xd1, 0xdf, 0xff, 0xbb, 0x69, 0xd0, 0x3, 0xff,
    0x86, 0x24, 0xb1, 0x7d, 0x0, 0x1f, 0x91, 0x9a,
    0x54, 0x30, 0x8, 0x5f, 0x90, 0x3, 0xdf, 0x33,
    0x55, 0xe7, 0xe2, 0x80, 0x6, 0xcc, 0x3, 0xff,
    0x82, 0x75, 0x62, 0x0, 0xd1, 0x0, 0xff, 0xe1,
    0x26, 0x80, 0x6, 0x40, 0x3f, 0xf8, 0x66, 0xc0,
    0x7, 0x0, 0xff, 0xe2, 0x58, 0x4, 0x60, 0x1f,
    0xfc, 0x32, 0x10, 0x2, 0x0, 0x7f, 0xf1, 0x14,
    0x1, 0xc0, 0x1f, 0xfc, 0x41, 0x0, 0x18, 0x7,
    0xff, 0x10, 0xc0, 0x2, 0x1, 0xff, 0xc4, 0x30,
    0x0, 0x80, 0x7f, 0xf1, 0x4, 0x0, 0x60, 0x1f,
    0xfc, 0x45, 0x0, 0x70, 0x7, 0xff, 0xc, 0x84,
    0x0, 0x80, 0x1f, 0xfc, 0x3b, 0x0, 0x8c, 0x3,
    0xff, 0x84, 0x6c, 0x0, 0x70, 0xf, 0xfe, 0x12,
    0x68, 0x0, 0x64, 0x3, 0xff, 0x80, 0x75, 0x62,
    0x0, 0xd1, 0x0, 0xdf, 0x33, 0x55, 0xe7, 0xe2,
    0x80, 0x6, 0xcc, 0x3, 0x91, 0x9a, 0x54, 0x30,
    0x8, 0x5f, 0x90, 0x3, 0xfe, 0x12, 0x48, 0xbe,
    0x80, 0xe,

    /* U+010F "ď" */
    0x0, 0xff, 0xe0, 0xbf, 0xf9, 0x80, 0x19, 0xfe,
    0x40, 0xf, 0xfe, 0x39, 0x80, 0x10, 0x3, 0xff,
    0x8c, 0x40, 0x5, 0x0, 0xff, 0xe3, 0xb8, 0x3,
    0xc0, 0x3f, 0xf8, 0xfa, 0x0, 0x50, 0xf, 0xfe,
    0x39, 0x2, 0x0, 0x78, 0x63, 0x7f, 0xb6, 0x4,
    0x3, 0xd5, 0xf6, 0x1, 0xc9, 0xee, 0x40, 0x24,
    0xfe, 0x80, 0x1f, 0xfc, 0x3, 0xb1, 0x1, 0x68,
    0x72, 0x1b, 0xe0, 0xf, 0xfb, 0x80, 0xb, 0xd2,
    0xf1, 0xb0, 0xc, 0x1, 0xfe, 0x62, 0x2, 0xa0,
    0xe, 0x76, 0x0, 0xff, 0xa8, 0x1, 0x0, 0x1f,
    0x40, 0x7, 0xfc, 0x60, 0x5, 0x0, 0xf8, 0x4c,
    0x3, 0xf8, 0x80, 0x4, 0x1, 0xfc, 0xa0, 0x1f,
    0xc2, 0x0, 0x10, 0xf, 0xee, 0x0, 0xff, 0xe5,
    0x78, 0x7, 0xf0, 0x80, 0x4, 0x3, 0xf8, 0x40,
    0x3f, 0x88, 0x0, 0x40, 0x1f, 0xca, 0x1, 0xfe,
    0x30, 0x2, 0x80, 0x7c, 0x26, 0x1, 0xfe, 0xa0,
    0x4, 0x0, 0x7d, 0x0, 0x1f, 0xf3, 0x8, 0x15,
    0x0, 0x73, 0xb0, 0x7, 0xff, 0x2, 0x80, 0xb,
    0xd2, 0xf1, 0xb0, 0xc, 0x1, 0xff, 0x25, 0x80,
    0x5, 0xa1, 0xc8, 0x6f, 0x80, 0x3f, 0xf8, 0x9,
    0xce, 0x40, 0x2, 0x7f, 0x40, 0xf, 0xf0,

    /* U+0110 "Đ" */
    0x0, 0xaf, 0xff, 0xee, 0xdb, 0x85, 0x0, 0xff,
    0xe3, 0x9, 0x23, 0xd7, 0xc8, 0x80, 0x7f, 0x8d,
    0x9a, 0x55, 0x18, 0x6, 0x6f, 0x50, 0xf, 0xeb,
    0x99, 0xaa, 0x99, 0xf8, 0xc0, 0x1, 0xa5, 0x0,
    0xff, 0xe2, 0x1c, 0xe9, 0x0, 0x28, 0x80, 0x3f,
    0xf8, 0xa5, 0xe2, 0x0, 0x80, 0xf, 0xfe, 0x31,
    0x48, 0x1, 0x48, 0x3, 0xff, 0x8c, 0xe0, 0x12,
    0x0, 0x7f, 0xf1, 0xcc, 0x1, 0x86, 0x88, 0x70,
    0x7, 0x22, 0x63, 0x0, 0xf9, 0x0, 0xd, 0xd7,
    0x63, 0x0, 0x35, 0xde, 0x80, 0xf, 0xbc, 0x0,
    0x20, 0x1f, 0xfc, 0xa3, 0xdf, 0xf2, 0x0, 0x23,
    0xff, 0x58, 0x7, 0xf8, 0xc0, 0x3f, 0xf8, 0xfc,
    0x0, 0x10, 0xf, 0xfe, 0x3a, 0x80, 0x18, 0x3,
    0xff, 0x8e, 0x60, 0xc, 0x0, 0xff, 0xe3, 0x38,
    0x4, 0x80, 0x1f, 0xfc, 0x52, 0x90, 0x2, 0x90,
    0x7, 0xff, 0x10, 0xbc, 0x40, 0x10, 0x1, 0xff,
    0xc3, 0x39, 0xd2, 0x0, 0x51, 0x0, 0x7d, 0x73,
    0x35, 0x53, 0x3f, 0x18, 0x0, 0x34, 0xa0, 0x1f,
    0x8d, 0x9a, 0x55, 0x18, 0x6, 0x6f, 0x50, 0xf,
    0xfe, 0x10, 0x92, 0x3d, 0x7c, 0x88, 0x6,

    /* U+0111 "đ" */
    0x0, 0xff, 0xe0, 0xbf, 0xf9, 0x80, 0x3f, 0xd1,
    0xff, 0xa0, 0x1, 0x3f, 0x80, 0x1f, 0x84, 0x3,
    0xf8, 0x40, 0x3f, 0x4f, 0xfe, 0x80, 0x4, 0xfe,
    0x80, 0x7f, 0xf7, 0x86, 0x37, 0xfb, 0x60, 0x40,
    0x3f, 0xc9, 0xee, 0x40, 0x24, 0xfe, 0x80, 0x1f,
    0x8e, 0xc4, 0x5, 0xa1, 0xc8, 0x6f, 0x80, 0x3e,
    0xe0, 0x2, 0xf4, 0xbc, 0x6c, 0x3, 0x0, 0x79,
    0x88, 0xa, 0x80, 0x39, 0xd8, 0x3, 0xea, 0x0,
    0x40, 0x7, 0xd0, 0x1, 0xf1, 0x80, 0x14, 0x3,
    0xe1, 0x30, 0xe, 0x20, 0x1, 0x0, 0x7f, 0x28,
    0x7, 0x8, 0x0, 0x40, 0x3f, 0xb8, 0x3, 0xff,
    0x8d, 0xe0, 0x1c, 0x20, 0x1, 0x0, 0xfe, 0x10,
    0xe, 0x20, 0x1, 0x0, 0x7f, 0x28, 0x7, 0x8c,
    0x0, 0xa0, 0x1f, 0x9, 0x80, 0x7a, 0x80, 0x10,
    0x1, 0xf4, 0x0, 0x7c, 0xc2, 0x5, 0x40, 0x1c,
    0xec, 0x1, 0xfa, 0x80, 0xb, 0xd2, 0xf1, 0xb0,
    0xc, 0x1, 0xf2, 0x58, 0x0, 0x5a, 0x1c, 0x86,
    0xf8, 0x3, 0xf2, 0x73, 0x90, 0x0, 0x9f, 0xd0,
    0x3, 0xc0,

    /* U+0112 "Ē" */
    0x0, 0x17, 0xff, 0xf1, 0x80, 0x7f, 0xf2, 0x4a,
    0xab, 0xf8, 0xc0, 0x3c, 0xab, 0xfc, 0x1, 0xff,
    0xd8, 0xdf, 0xff, 0xfe, 0xf, 0x0, 0x7f, 0xf2,
    0xd, 0x57, 0xfc, 0xe0, 0x1a, 0x2a, 0xbf, 0xd2,
    0x1, 0xff, 0xff, 0x0, 0xfe, 0x8a, 0xaf, 0xf2,
    0x0, 0x63, 0x55, 0xff, 0x10, 0x7, 0xff, 0x22,
    0xff, 0xff, 0xcc, 0x1, 0xff, 0xff, 0x0, 0xff,
    0xee, 0xc5, 0x57, 0xfc, 0x20, 0x11, 0xaa, 0xff,
    0xc6, 0x1, 0xff, 0xc4,

    /* U+0113 "ē" */
    0x0, 0xcb, 0xff, 0xfc, 0x1, 0xff, 0xcc, 0x4a,
    0xaf, 0xe0, 0xf, 0x85, 0x57, 0xf8, 0x3, 0xff,
    0xbc, 0x73, 0xbd, 0xfd, 0x6c, 0x1, 0xfa, 0xb1,
    0x88, 0x40, 0x52, 0x78, 0xc0, 0x30, 0xea, 0x80,
    0x11, 0xe1, 0x88, 0x7, 0xc, 0x2, 0xa2, 0x5,
    0xeb, 0x87, 0x9d, 0x80, 0x6, 0x80, 0x11, 0x0,
    0x94, 0x20, 0x1c, 0xec, 0x2, 0xc1, 0xc0, 0x8,
    0x0, 0xfd, 0x60, 0xc, 0x4, 0x0, 0x18, 0x7,
    0xe2, 0x0, 0x38, 0x88, 0x1, 0xff, 0xfe, 0x0,
    0x11, 0x0, 0x3f, 0xf8, 0xe5, 0x77, 0xff, 0xc0,
    0xc1, 0x0, 0x1a, 0x27, 0xff, 0x0, 0xc8, 0x0,
    0x24, 0x1, 0xff, 0xc1, 0x40, 0x5, 0x80, 0x7f,
    0xf0, 0x7c, 0x0, 0xc6, 0x1, 0xff, 0xc0, 0x44,
    0x0, 0x31, 0x40, 0x3e, 0x4b, 0x40, 0x5, 0x98,
    0x2, 0xb6, 0x5d, 0xd1, 0x7f, 0x68, 0x20, 0x16,
    0x30, 0x0, 0x9a, 0x20, 0xe8, 0x0, 0x16, 0x0,
    0xd3, 0xae, 0x62, 0x0, 0x13, 0x7b, 0xe3,

    /* U+0114 "Ĕ" */
    0x0, 0x27, 0xd0, 0x7, 0x57, 0xa8, 0x7, 0x20,
    0x2c, 0x98, 0x94, 0xa8, 0x20, 0x7, 0xa4, 0x1b,
    0x3b, 0x58, 0x20, 0x40, 0x3c, 0xd6, 0x82, 0x2,
    0x96, 0xe0, 0x1f, 0x92, 0xfb, 0xfa, 0xd0, 0x3,
    0xff, 0xb3, 0xbf, 0xff, 0xfc, 0x1e, 0x0, 0xff,
    0xe4, 0x1a, 0xaf, 0xf9, 0xc0, 0x34, 0x55, 0x7f,
    0xa4, 0x3, 0xff, 0xfe, 0x1, 0xfd, 0x15, 0x5f,
    0xe4, 0x0, 0xc6, 0xab, 0xfe, 0x20, 0xf, 0xfe,
    0x45, 0xff, 0xff, 0x98, 0x3, 0xff, 0xfe, 0x1,
    0xff, 0xdd, 0x8a, 0xaf, 0xf8, 0x40, 0x23, 0x55,
    0xff, 0x8c, 0x3, 0xff, 0x88,

    /* U+0115 "ĕ" */
    0x0, 0xc9, 0x4, 0x1, 0xcb, 0x2, 0x1, 0xe2,
    0x78, 0x0, 0xc3, 0x6e, 0x1, 0xf3, 0x82, 0xc9,
    0x92, 0xe8, 0x98, 0x80, 0x78, 0x60, 0x1b, 0x36,
    0x8c, 0x3c, 0x3, 0xf3, 0xd2, 0x0, 0x5, 0x74,
    0xc0, 0x3f, 0x96, 0xff, 0xdd, 0x44, 0x1, 0xff,
    0xdf, 0x39, 0xde, 0xfe, 0xb6, 0x0, 0xfd, 0x58,
    0xc4, 0x20, 0x29, 0x3c, 0x60, 0x18, 0x75, 0x40,
    0x8, 0xf0, 0xc4, 0x3, 0x86, 0x1, 0x51, 0x2,
    0xf5, 0xc3, 0xce, 0xc0, 0x3, 0x40, 0x8, 0x80,
    0x4a, 0x10, 0xe, 0x76, 0x1, 0x60, 0xe0, 0x4,
    0x0, 0x7e, 0xb0, 0x6, 0x2, 0x0, 0xc, 0x3,
    0xf1, 0x0, 0x1c, 0x44, 0x0, 0xff, 0xff, 0x0,
    0x8, 0x80, 0x1f, 0xfc, 0x72, 0xbb, 0xff, 0xe0,
    0x60, 0x80, 0xd, 0x13, 0xff, 0x80, 0x64, 0x0,
    0x12, 0x0, 0xff, 0xe0, 0xa0, 0x2, 0xc0, 0x3f,
    0xf8, 0x3e, 0x0, 0x63, 0x0, 0xff, 0xe0, 0x22,
    0x0, 0x18, 0xa0, 0x1f, 0x25, 0xa0, 0x2, 0xcc,
    0x1, 0x5b, 0x2e, 0xe8, 0xbf, 0xb4, 0x10, 0xb,
    0x18, 0x0, 0x4d, 0x10, 0x74, 0x0, 0xb, 0x0,
    0x69, 0xd7, 0x31, 0x0, 0x9, 0xbd, 0xf1, 0x80,

    /* U+0116 "Ė" */
    0x0, 0xf1, 0x9c, 0x1, 0xff, 0xc0, 0x2c, 0xc8,
    0x40, 0x3f, 0xfb, 0xe5, 0xff, 0x8, 0x7, 0xff,
    0x6b, 0x7f, 0xff, 0xf8, 0x3c, 0x1, 0xff, 0xc8,
    0x35, 0x5f, 0xf3, 0x80, 0x68, 0xaa, 0xff, 0x48,
    0x7, 0xff, 0xfc, 0x3, 0xfa, 0x2a, 0xbf, 0xc8,
    0x1, 0x8d, 0x57, 0xfc, 0x40, 0x1f, 0xfc, 0x8b,
    0xff, 0xff, 0x30, 0x7, 0xff, 0xfc, 0x3, 0xff,
    0xbb, 0x15, 0x5f, 0xf0, 0x80, 0x46, 0xab, 0xff,
    0x18, 0x7, 0xff, 0x10,

    /* U+0117 "ė" */
    0x0, 0xf8, 0xbf, 0xd8, 0x1, 0xff, 0xe3, 0x35,
    0x55, 0x80, 0x7f, 0xf0, 0x46, 0xa8, 0xe0, 0x1f,
    0xfd, 0x3, 0x9d, 0xef, 0xeb, 0x60, 0xf, 0xd5,
    0x8c, 0x42, 0x2, 0x93, 0xc6, 0x1, 0x87, 0x54,
    0x0, 0x8f, 0xc, 0x40, 0x38, 0x60, 0x15, 0x10,
    0x2f, 0x5c, 0x3c, 0xec, 0x0, 0x34, 0x0, 0x88,
    0x4, 0xa1, 0x0, 0xe7, 0x60, 0x16, 0xe, 0x0,
    0x40, 0x7, 0xeb, 0x0, 0x60, 0x20, 0x0, 0xc0,
    0x3f, 0x10, 0x1, 0xc4, 0x40, 0xf, 0xff, 0xf0,
    0x0, 0x88, 0x1, 0xff, 0xc7, 0x2b, 0xbf, 0xfe,
    0x6, 0x8, 0x0, 0xd1, 0x3f, 0xf8, 0x6, 0x40,
    0x1, 0x20, 0xf, 0xfe, 0xa, 0x0, 0x2c, 0x3,
    0xff, 0x83, 0xe0, 0x6, 0x30, 0xf, 0xfe, 0x2,
    0x20, 0x1, 0x8a, 0x1, 0xf2, 0x5a, 0x0, 0x2c,
    0xc0, 0x15, 0xb2, 0xee, 0x8b, 0xfb, 0x41, 0x0,
    0xb1, 0x80, 0x4, 0xd1, 0x7, 0x40, 0x0, 0xb0,
    0x6, 0x9d, 0x73, 0x10, 0x0, 0x9b, 0xdf, 0x18,

    /* U+0118 "Ę" */
    0xdf, 0xff, 0xfe, 0xf, 0x0, 0x7f, 0xf2, 0xd,
    0x57, 0xfc, 0xe0, 0x1a, 0x2a, 0xbf, 0xd2, 0x1,
    0xff, 0xff, 0x0, 0xff, 0xe6, 0xdf, 0xff, 0xf9,
    0x80, 0x3f, 0xf9, 0x6, 0xab, 0xfe, 0x20, 0xd,
    0x15, 0x5f, 0xe4, 0x0, 0xff, 0xff, 0x80, 0x7f,
    0xf3, 0x62, 0xab, 0xfe, 0x10, 0x8, 0xd5, 0x7f,
    0xe3, 0x0, 0xff, 0xe2, 0x6f, 0xff, 0xf5, 0x82,
    0xff, 0x88, 0x3, 0xfd, 0x41, 0x60, 0x1f, 0xfc,
    0x5, 0x14, 0x10, 0xf, 0xfe, 0x6, 0x1, 0x0,
    0x7f, 0xf0, 0x44, 0x10, 0x40, 0xc4, 0x3, 0xfa,
    0xc0, 0xbb, 0xf0, 0x80, 0x3f, 0x8e, 0x8c, 0x40,
    0x84,

    /* U+0119 "ę" */
    0x0, 0xe3, 0x9d, 0xef, 0xea, 0x50, 0xf, 0xd5,
    0x8c, 0x42, 0x2, 0xb5, 0x62, 0x1, 0x87, 0x54,
    0x0, 0x6f, 0xc, 0x0, 0x4d, 0x0, 0xd4, 0x40,
    0xb, 0xc8, 0x79, 0xe3, 0x3, 0x80, 0x2, 0x20,
    0x1, 0x68, 0x1, 0x87, 0x44, 0x1c, 0x43, 0x80,
    0xa, 0x80, 0x1e, 0x19, 0x0, 0x38, 0x20, 0x3,
    0x80, 0x3f, 0x28, 0x3, 0x4, 0x40, 0x4, 0x0,
    0xfc, 0x40, 0x7, 0x20, 0x0, 0xa2, 0x7f, 0x80,
    0x6, 0x1, 0xd, 0xdf, 0xf8, 0x0, 0x22, 0x0,
    0xff, 0xe2, 0x10, 0x0, 0xbf, 0xff, 0xf8, 0x20,
    0x80, 0x44, 0x0, 0xff, 0xe0, 0xf8, 0x2, 0x0,
    0x3f, 0xf8, 0x28, 0x80, 0x5a, 0x10, 0xf, 0x85,
    0x8c, 0x1, 0x66, 0xb, 0xd9, 0xe, 0xe8, 0xad,
    0xe9, 0x60, 0xb, 0x18, 0x0, 0x6f, 0x10, 0x75,
    0x20, 0x16, 0x0, 0xd3, 0xae, 0x62, 0x1, 0x8e,
    0xf8, 0xc0, 0x38, 0xa3, 0x3b, 0xfc, 0x41, 0xc8,
    0x1, 0xff, 0xc0, 0x62, 0x52, 0x0, 0xff, 0xe0,
    0xd0, 0x78, 0x7, 0xff, 0x8, 0x80, 0x40, 0x3f,
    0xf8, 0x44, 0x1c, 0x0, 0x40, 0xf, 0xfa, 0xc1,
    0x7f, 0xd4, 0x1, 0xff, 0x3c, 0x10, 0x1, 0x40,

    /* U+011A "Ě" */
    0x0, 0x9e, 0x4, 0x3, 0x3b, 0x84, 0x3, 0xc4,
    0xf8, 0x20, 0xb, 0x8f, 0x10, 0xf, 0x2b, 0x96,
    0xd, 0xa2, 0x20, 0x3, 0xf4, 0x21, 0x72, 0x15,
    0x80, 0x7f, 0xae, 0x1d, 0xde, 0x1, 0xff, 0xc0,
    0x78, 0x81, 0x0, 0x7f, 0xf2, 0xb7, 0xff, 0xff,
    0x83, 0xc0, 0x1f, 0xfc, 0x83, 0x55, 0xff, 0x38,
    0x6, 0x8a, 0xaf, 0xf4, 0x80, 0x7f, 0xff, 0xc0,
    0x3f, 0xa2, 0xab, 0xfc, 0x80, 0x18, 0xd5, 0x7f,
    0xc4, 0x1, 0xff, 0xc8, 0xbf, 0xff, 0xf3, 0x0,
    0x7f, 0xff, 0xc0, 0x3f, 0xfb, 0xb1, 0x55, 0xff,
    0x8, 0x4, 0x6a, 0xbf, 0xf1, 0x80, 0x7f, 0xf1,
    0x0,

    /* U+011B "ě" */
    0x0, 0xcb, 0xfa, 0x1, 0x8f, 0xf8, 0x40, 0x3c,
    0xa8, 0x52, 0x0, 0x1d, 0xb, 0x10, 0xf, 0xa8,
    0x19, 0x2, 0xc5, 0x14, 0x3, 0xf0, 0xc0, 0x53,
    0xa8, 0x50, 0x7, 0xf9, 0xcc, 0x60, 0x24, 0x40,
    0x3f, 0xee, 0x0, 0x1b, 0x0, 0x7f, 0xf0, 0xb,
    0xfd, 0x80, 0x1f, 0xfd, 0x3, 0x9d, 0xef, 0xeb,
    0x60, 0xf, 0xd5, 0x8c, 0x42, 0x2, 0x93, 0xc6,
    0x1, 0x87, 0x54, 0x0, 0x8f, 0xc, 0x40, 0x38,
    0x60, 0x15, 0x10, 0x2f, 0x5c, 0x3c, 0xec, 0x0,
    0x34, 0x0, 0x88, 0x4, 0xa1, 0x0, 0xe7, 0x60,
    0x16, 0xe, 0x0, 0x40, 0x7, 0xeb, 0x0, 0x60,
    0x20, 0x0, 0xc0, 0x3f, 0x10, 0x1, 0xc4, 0x40,
    0xf, 0xff, 0xf0, 0x0, 0x88, 0x1, 0xff, 0xc7,
    0x2b, 0xbf, 0xfe, 0x6, 0x8, 0x0, 0xd1, 0x3f,
    0xf8, 0x6, 0x40, 0x1, 0x20, 0xf, 0xfe, 0xa,
    0x0, 0x2c, 0x3, 0xff, 0x83, 0xe0, 0x6, 0x30,
    0xf, 0xfe, 0x2, 0x20, 0x1, 0x8a, 0x1, 0xf2,
    0x5a, 0x0, 0x2c, 0xc0, 0x15, 0xb2, 0xee, 0x8b,
    0xfb, 0x41, 0x0, 0xb1, 0x80, 0x4, 0xd1, 0x7,
    0x40, 0x0, 0xb0, 0x6, 0x9d, 0x73, 0x10, 0x0,
    0x9b, 0xdf, 0x18,

    /* U+011C "Ĝ" */
    0x0, 0xff, 0xc, 0x41, 0xc0, 0x3f, 0xf8, 0xda,
    0xee, 0x8a, 0x0, 0xff, 0xe2, 0x39, 0x8d, 0x82,
    0xa8, 0x3, 0xff, 0x84, 0x70, 0x18, 0x96, 0x14,
    0x40, 0x1f, 0xfc, 0x1, 0xd0, 0xb2, 0x4, 0x90,
    0xe0, 0xf, 0xfe, 0x0, 0xf7, 0xa0, 0x4, 0xdf,
    0x80, 0x1f, 0xfe, 0xc2, 0x7b, 0xde, 0xfe, 0xda,
    0x72, 0x0, 0xfe, 0x3b, 0xd8, 0x42, 0x10, 0x12,
    0x58, 0xdc, 0x50, 0xf, 0x3e, 0x20, 0x4, 0x68,
    0xaa, 0x31, 0x0, 0x1d, 0x40, 0x6, 0x78, 0x0,
    0x14, 0xfe, 0x5d, 0x53, 0x3b, 0x5c, 0x40, 0x40,
    0x24, 0x80, 0x2, 0xeb, 0x0, 0x7c, 0x51, 0xce,
    0x20, 0x14, 0x80, 0xe, 0x80, 0x3f, 0xf8, 0x11,
    0x0, 0x2, 0x90, 0x3, 0x80, 0x3f, 0xf8, 0xbe,
    0x0, 0x42, 0x0, 0xff, 0xe2, 0xa0, 0x3, 0x0,
    0x3f, 0xf8, 0xc2, 0x0, 0x30, 0xf, 0xfe, 0x29,
    0x0, 0x4e, 0x1, 0xf0, 0xcc, 0xfe, 0x10, 0xc,
    0x20, 0x1f, 0x99, 0xbf, 0x18, 0x7, 0xff, 0x28,
    0x80, 0x26, 0x0, 0xf8, 0x7f, 0xf8, 0x3, 0x84,
    0x0, 0x60, 0x1f, 0xfc, 0x64, 0x0, 0x60, 0x7,
    0xff, 0x1b, 0xc0, 0x8, 0x40, 0x1f, 0xfc, 0x55,
    0x20, 0x7, 0x0, 0x7f, 0xf1, 0xa4, 0x0, 0x74,
    0x1, 0xff, 0xc5, 0x47, 0x0, 0x2e, 0xb0, 0x7,
    0xc5, 0x0, 0x1f, 0x44, 0x0, 0x5, 0x3f, 0x97,
    0x54, 0xbd, 0xd3, 0x80, 0xc, 0xc0, 0x19, 0xf1,
    0x0, 0x23, 0x45, 0x52, 0x10, 0x0, 0xeb, 0x4,
    0x3, 0x8e, 0xf2, 0x10, 0x84, 0x4, 0x92, 0x33,
    0xa, 0x0,

    /* U+011D "ĝ" */
    0x0, 0xf9, 0x61, 0xc0, 0x3f, 0xf8, 0x25, 0x4f,
    0xc, 0x1, 0xff, 0xc0, 0xe0, 0x10, 0x91, 0x0,
    0xff, 0x39, 0x8f, 0xa0, 0x50, 0x7, 0xf1, 0x40,
    0x50, 0xd0, 0xa2, 0x80, 0x7e, 0x90, 0x74, 0x1,
    0xa0, 0xb1, 0x0, 0xf0, 0x9c, 0x40, 0x2, 0x4a,
    0x62, 0x0, 0xf0, 0xc3, 0x80, 0x72, 0xc1, 0x80,
    0x7c, 0x31, 0xbf, 0xdb, 0x2, 0xf, 0xfe, 0x60,
    0x9, 0x79, 0xc8, 0x4, 0x9f, 0xd0, 0x3, 0xc9,
    0x40, 0x1, 0x68, 0x73, 0x1b, 0xe0, 0xe, 0xa0,
    0x2, 0xf4, 0xbc, 0x64, 0x83, 0x0, 0x66, 0x10,
    0x3a, 0x0, 0xe6, 0x60, 0x7, 0x50, 0x2, 0x40,
    0x3e, 0x80, 0xe, 0x30, 0x2, 0x80, 0x7c, 0x28,
    0x1, 0x10, 0x0, 0x80, 0x3f, 0x88, 0x2, 0x10,
    0x0, 0x80, 0x7f, 0x70, 0x7, 0xff, 0x13, 0xc0,
    0x21, 0x0, 0x8, 0x7, 0xf0, 0x80, 0x44, 0x0,
    0x20, 0xf, 0xe2, 0x0, 0xc6, 0x0, 0x40, 0xf,
    0x85, 0x0, 0x35, 0x0, 0x20, 0x3, 0xe9, 0x0,
    0xe6, 0x10, 0x3a, 0x0, 0xe6, 0x70, 0xf, 0x50,
    0x1, 0x7a, 0x5e, 0x32, 0x41, 0x80, 0x39, 0x28,
    0x0, 0x2d, 0xe, 0x63, 0x7c, 0x0, 0x30, 0x9,
    0x79, 0xc8, 0x0, 0x4f, 0xe9, 0xe0, 0x1, 0x0,
    0xc3, 0x1b, 0xfe, 0xd8, 0x10, 0x30, 0x3, 0x0,
    0x7f, 0xf0, 0x54, 0x0, 0x40, 0x1f, 0xfc, 0x7,
    0x10, 0x50, 0x8, 0x60, 0x40, 0x3c, 0xd0, 0x0,
    0x90, 0x8, 0xdf, 0xae, 0x19, 0x91, 0xb2, 0x0,
    0x63, 0x0, 0xf2, 0x3c, 0xc9, 0xc8, 0x0, 0xf2,
    0x1, 0x8b, 0x1c, 0xc8, 0x0, 0x26, 0xfb, 0x0,
    0x10,

    /* U+011E "Ğ" */
    0x0, 0xf1, 0xc2, 0x0, 0x72, 0xc1, 0x0, 0x7f,
    0xf0, 0x1e, 0x94, 0x40, 0x5e, 0x9c, 0xc0, 0x3f,
    0xe3, 0x41, 0xae, 0xfe, 0x80, 0x71, 0x0, 0xff,
    0xe0, 0x5c, 0x90, 0x4, 0x75, 0x0, 0x1f, 0xfc,
    0x26, 0xdf, 0xfb, 0x14, 0x3, 0xff, 0xfe, 0x1,
    0xc4, 0xf7, 0xbd, 0xfd, 0xb4, 0xe4, 0x1, 0xfc,
    0x77, 0xb0, 0x84, 0x20, 0x24, 0xb1, 0xb8, 0xa0,
    0x1e, 0x7c, 0x40, 0x8, 0xd1, 0x54, 0x62, 0x0,
    0x3a, 0x80, 0xc, 0xf0, 0x0, 0x29, 0xfc, 0xba,
    0xa6, 0x76, 0xb8, 0x80, 0x80, 0x49, 0x0, 0x5,
    0xd6, 0x0, 0xf8, 0xa3, 0x9c, 0x40, 0x29, 0x0,
    0x1d, 0x0, 0x7f, 0xf0, 0x22, 0x0, 0x5, 0x20,
    0x7, 0x0, 0x7f, 0xf1, 0x7c, 0x0, 0x84, 0x1,
    0xff, 0xc5, 0x40, 0x6, 0x0, 0x7f, 0xf1, 0x84,
    0x0, 0x60, 0x1f, 0xfc, 0x52, 0x0, 0x9c, 0x3,
    0xe1, 0x99, 0xfc, 0x20, 0x18, 0x40, 0x3f, 0x33,
    0x7e, 0x30, 0xf, 0xfe, 0x51, 0x0, 0x4c, 0x1,
    0xf0, 0xff, 0xf0, 0x7, 0x8, 0x0, 0xc0, 0x3f,
    0xf8, 0xc8, 0x0, 0xc0, 0xf, 0xfe, 0x37, 0x80,
    0x10, 0x80, 0x3f, 0xf8, 0xaa, 0x40, 0xe, 0x0,
    0xff, 0xe3, 0x48, 0x0, 0xe8, 0x3, 0xff, 0x8a,
    0x8e, 0x0, 0x5d, 0x60, 0xf, 0x8a, 0x0, 0x3e,
    0x88, 0x0, 0xa, 0x7f, 0x2e, 0xa9, 0x7b, 0xa7,
    0x0, 0x19, 0x80, 0x33, 0xe2, 0x0, 0x46, 0x8a,
    0xa4, 0x20, 0x1, 0xd6, 0x8, 0x7, 0x1d, 0xe4,
    0x21, 0x8, 0x9, 0x24, 0x66, 0x14, 0x0,

    /* U+011F "ğ" */
    0x0, 0xd5, 0xe8, 0x1, 0xdd, 0xe0, 0x1f, 0x68,
    0x70, 0x6, 0x41, 0x20, 0xf, 0x94, 0x16, 0x4c,
    0xcd, 0x41, 0x40, 0x1f, 0x13, 0x83, 0x66, 0x24,
    0x4d, 0xc0, 0x3f, 0x45, 0x18, 0x0, 0x9f, 0x0,
    0x3f, 0xcb, 0x9f, 0xed, 0x80, 0xf, 0xfe, 0x70,
    0xc6, 0xff, 0x6c, 0x8, 0x3f, 0xf9, 0x80, 0x25,
    0xe7, 0x20, 0x12, 0x7f, 0x40, 0xf, 0x25, 0x0,
    0x5, 0xa1, 0xcc, 0x6f, 0x80, 0x3a, 0x80, 0xb,
    0xd2, 0xf1, 0x92, 0xc, 0x1, 0x98, 0x40, 0xe8,
    0x3, 0x99, 0x80, 0x1d, 0x40, 0x9, 0x0, 0xfa,
    0x0, 0x38, 0xc0, 0xa, 0x1, 0xf0, 0xa0, 0x4,
    0x40, 0x2, 0x0, 0xfe, 0x20, 0x8, 0x40, 0x2,
    0x1, 0xfd, 0xc0, 0x1f, 0xfc, 0x4f, 0x0, 0x84,
    0x0, 0x20, 0x1f, 0xc2, 0x1, 0x10, 0x0, 0x80,
    0x3f, 0x88, 0x3, 0x18, 0x1, 0x0, 0x3e, 0x14,
    0x0, 0xd4, 0x0, 0x80, 0xf, 0xa4, 0x3, 0x98,
    0x40, 0xe8, 0x3, 0x99, 0xc0, 0x3d, 0x40, 0x5,
    0xe9, 0x78, 0xc9, 0x6, 0x0, 0xe4, 0xa0, 0x0,
    0xb4, 0x39, 0x8d, 0xf0, 0x0, 0xc0, 0x25, 0xe7,
    0x20, 0x1, 0x3f, 0xa7, 0x80, 0x4, 0x3, 0xc,
    0x6f, 0xfb, 0x60, 0x40, 0xc0, 0xc, 0x1, 0xff,
    0xc1, 0x50, 0x1, 0x0, 0x7f, 0xf0, 0x1c, 0x41,
    0x40, 0x21, 0x81, 0x0, 0xf3, 0x40, 0x2, 0x40,
    0x23, 0x7e, 0xb8, 0x66, 0x46, 0xc8, 0x1, 0x8c,
    0x3, 0xc8, 0xf3, 0x27, 0x20, 0x3, 0xc8, 0x6,
    0x2c, 0x73, 0x20, 0x0, 0x9b, 0xec, 0x0, 0x40,

    /* U+0120 "Ġ" */
    0x0, 0xff, 0x17, 0xfc, 0x1, 0xff, 0xf2, 0x2c,
    0xc8, 0x3, 0xff, 0x8e, 0x67, 0x0, 0x7f, 0xfb,
    0xc9, 0xef, 0x7b, 0xfb, 0x69, 0xc8, 0x3, 0xf8,
    0xef, 0x61, 0x8, 0x40, 0x49, 0x63, 0x71, 0x40,
    0x3c, 0xf8, 0x80, 0x11, 0xa2, 0xa8, 0xc4, 0x0,
    0x75, 0x0, 0x19, 0xe0, 0x0, 0x53, 0xf9, 0x75,
    0x4c, 0xed, 0x71, 0x1, 0x0, 0x92, 0x0, 0xb,
    0xac, 0x1, 0xf1, 0x47, 0x38, 0x80, 0x52, 0x0,
    0x3a, 0x0, 0xff, 0xe0, 0x44, 0x0, 0xa, 0x40,
    0xe, 0x0, 0xff, 0xe2, 0xf8, 0x1, 0x8, 0x3,
    0xff, 0x8a, 0x80, 0xc, 0x0, 0xff, 0xe3, 0x8,
    0x0, 0xc0, 0x3f, 0xf8, 0xa4, 0x1, 0x38, 0x7,
    0xc3, 0x33, 0xf8, 0x40, 0x30, 0x80, 0x7e, 0x66,
    0xfc, 0x60, 0x1f, 0xfc, 0xa2, 0x0, 0x98, 0x3,
    0xe1, 0xff, 0xe0, 0xe, 0x10, 0x1, 0x80, 0x7f,
    0xf1, 0x90, 0x1, 0x80, 0x1f, 0xfc, 0x6f, 0x0,
    0x21, 0x0, 0x7f, 0xf1, 0x54, 0x80, 0x1c, 0x1,
    0xff, 0xc6, 0x90, 0x1, 0xd0, 0x7, 0xff, 0x15,
    0x1c, 0x0, 0xba, 0xc0, 0x1f, 0x14, 0x0, 0x7d,
    0x10, 0x0, 0x14, 0xfe, 0x5d, 0x52, 0xf7, 0x4e,
    0x0, 0x33, 0x0, 0x67, 0xc4, 0x0, 0x8d, 0x15,
    0x48, 0x40, 0x3, 0xac, 0x10, 0xe, 0x3b, 0xc8,
    0x42, 0x10, 0x12, 0x48, 0xcc, 0x28, 0x0,

    /* U+0121 "ġ" */
    0x0, 0xfb, 0x7f, 0xc2, 0x1, 0xff, 0xe3, 0x55,
    0x84, 0x3, 0xff, 0x83, 0x15, 0x40, 0xf, 0xfe,
    0x80, 0xc6, 0xff, 0x6c, 0x8, 0x3f, 0xf9, 0x80,
    0x25, 0xe7, 0x20, 0x12, 0x7f, 0x40, 0xf, 0x25,
    0x0, 0x5, 0xa1, 0xcc, 0x6f, 0x80, 0x3a, 0x80,
    0xb, 0xd2, 0xf1, 0x92, 0xc, 0x1, 0x98, 0x40,
    0xe8, 0x3, 0x99, 0x80, 0x1d, 0x40, 0x9, 0x0,
    0xfa, 0x0, 0x38, 0xc0, 0xa, 0x1, 0xf0, 0xa0,
    0x4, 0x40, 0x2, 0x0, 0xfe, 0x20, 0x8, 0x40,
    0x2, 0x1, 0xfd, 0xc0, 0x1f, 0xfc, 0x4f, 0x0,
    0x84, 0x0, 0x20, 0x1f, 0xc2, 0x1, 0x10, 0x0,
    0x80, 0x3f, 0x88, 0x3, 0x18, 0x1, 0x0, 0x3e,
    0x14, 0x0, 0xd4, 0x0, 0x80, 0xf, 0xa4, 0x3,
    0x98, 0x40, 0xe8, 0x3, 0x99, 0xc0, 0x3d, 0x40,
    0x5, 0xe9, 0x78, 0xc9, 0x6, 0x0, 0xe4, 0xa0,
    0x0, 0xb4, 0x39, 0x8d, 0xf0, 0x0, 0xc0, 0x25,
    0xe7, 0x20, 0x1, 0x3f, 0xa7, 0x80, 0x4, 0x3,
    0xc, 0x6f, 0xfb, 0x60, 0x40, 0xc0, 0xc, 0x1,
    0xff, 0xc1, 0x50, 0x1, 0x0, 0x7f, 0xf0, 0x1c,
    0x41, 0x40, 0x21, 0x81, 0x0, 0xf3, 0x40, 0x2,
    0x40, 0x23, 0x7e, 0xb8, 0x66, 0x46, 0xc8, 0x1,
    0x8c, 0x3, 0xc8, 0xf3, 0x27, 0x20, 0x3, 0xc8,
    0x6, 0x2c, 0x73, 0x20, 0x0, 0x9b, 0xec, 0x0,
    0x40,

    /* U+0122 "Ģ" */
    0x0, 0xf8, 0x9e, 0xf7, 0xbf, 0xb6, 0x9c, 0x80,
    0x3f, 0x8e, 0xf6, 0x10, 0x84, 0x4, 0x96, 0x37,
    0x14, 0x3, 0xcf, 0x88, 0x1, 0x1a, 0x2a, 0x8c,
    0x40, 0x7, 0x50, 0x1, 0x9e, 0x0, 0x5, 0x3f,
    0x97, 0x54, 0xce, 0xd7, 0x10, 0x10, 0x9, 0x20,
    0x0, 0xba, 0xc0, 0x1f, 0x14, 0x73, 0x88, 0x5,
    0x20, 0x3, 0xa0, 0xf, 0xfe, 0x4, 0x40, 0x0,
    0xa4, 0x0, 0xe0, 0xf, 0xfe, 0x2f, 0x80, 0x10,
    0x80, 0x3f, 0xf8, 0xa8, 0x0, 0xc0, 0xf, 0xfe,
    0x30, 0x80, 0xc, 0x3, 0xff, 0x8a, 0x40, 0x13,
    0x80, 0x7c, 0x33, 0x3f, 0x84, 0x3, 0x8, 0x7,
    0xe6, 0x6f, 0xc6, 0x1, 0xff, 0xca, 0x20, 0x9,
    0x80, 0x3e, 0x1f, 0xfe, 0x0, 0xe1, 0x0, 0x18,
    0x7, 0xff, 0x19, 0x0, 0x18, 0x1, 0xff, 0xc6,
    0xf0, 0x2, 0x10, 0x7, 0xff, 0x15, 0x48, 0x1,
    0xc0, 0x1f, 0xfc, 0x69, 0x0, 0x1d, 0x0, 0x7f,
    0xf1, 0x51, 0xc0, 0xb, 0xac, 0x1, 0xf1, 0x40,
    0x7, 0xd1, 0x0, 0x1, 0x4f, 0xe5, 0xd5, 0x2f,
    0x74, 0xe0, 0x3, 0x30, 0x6, 0x7c, 0x40, 0x8,
    0xd1, 0x54, 0x84, 0x0, 0x3a, 0xc1, 0x0, 0xe3,
    0xbc, 0x84, 0x21, 0x1, 0x24, 0x8c, 0xc2, 0x80,
    0x7f, 0x1b, 0xde, 0xf7, 0xf6, 0xdb, 0x98, 0x7,
    0xff, 0xbe, 0xff, 0xce, 0x1, 0xff, 0xc6, 0x40,
    0x17, 0x0, 0xff, 0xe2, 0x98, 0x2, 0x0, 0x3f,
    0xf8, 0xc8, 0x2, 0xc0, 0x1f, 0xfc, 0x6c, 0x8,
    0x0, 0xfe,

    /* U+0123 "ģ" */
    0x0, 0xfe, 0xbf, 0x60, 0xf, 0xfe, 0x9, 0xa0,
    0x20, 0x7, 0xff, 0x6, 0x0, 0x48, 0x3, 0xff,
    0x80, 0x68, 0x8, 0x1, 0xff, 0xc1, 0xf0, 0x6,
    0x0, 0x7f, 0xf0, 0x73, 0xfc, 0xc0, 0x1f, 0xfc,
    0xf1, 0x8d, 0xfe, 0xd8, 0x10, 0x7f, 0xf3, 0x0,
    0x4b, 0xce, 0x40, 0x24, 0xfe, 0x80, 0x1e, 0x4a,
    0x0, 0xb, 0x43, 0x98, 0xdf, 0x0, 0x75, 0x0,
    0x17, 0xa5, 0xe3, 0x24, 0x18, 0x3, 0x30, 0x81,
    0xd0, 0x7, 0x33, 0x0, 0x3a, 0x80, 0x12, 0x1,
    0xf4, 0x0, 0x71, 0x80, 0x14, 0x3, 0xe1, 0x40,
    0x8, 0x80, 0x4, 0x1, 0xfc, 0x40, 0x10, 0x80,
    0x4, 0x3, 0xfb, 0x80, 0x3f, 0xf8, 0x9e, 0x1,
    0x8, 0x0, 0x40, 0x3f, 0x84, 0x2, 0x20, 0x1,
    0x0, 0x7f, 0x10, 0x6, 0x30, 0x2, 0x0, 0x7c,
    0x28, 0x1, 0xa8, 0x1, 0x0, 0x1f, 0x48, 0x7,
    0x30, 0x81, 0xd0, 0x7, 0x33, 0x80, 0x7a, 0x80,
    0xb, 0xd2, 0xf1, 0x92, 0xc, 0x1, 0xc9, 0x40,
    0x1, 0x68, 0x73, 0x1b, 0xe0, 0x1, 0x80, 0x4b,
    0xce, 0x40, 0x2, 0x7f, 0x4f, 0x0, 0x8, 0x6,
    0x18, 0xdf, 0xf6, 0xc0, 0x81, 0x80, 0x18, 0x3,
    0xff, 0x82, 0xa0, 0x2, 0x0, 0xff, 0xe0, 0x38,
    0x82, 0x80, 0x43, 0x2, 0x1, 0xe6, 0x80, 0x4,
    0x80, 0x46, 0xfd, 0x70, 0xcc, 0x8d, 0x90, 0x3,
    0x18, 0x7, 0x91, 0xe6, 0x4e, 0x40, 0x7, 0x90,
    0xc, 0x58, 0xe6, 0x40, 0x1, 0x37, 0xd8, 0x0,
    0x80,

    /* U+0124 "Ĥ" */
    0x0, 0xfb, 0x3f, 0xda, 0x1, 0xff, 0xc1, 0x83,
    0x12, 0x24, 0x80, 0x7f, 0xc8, 0xe1, 0xbe, 0x2c,
    0xa0, 0x1f, 0xc3, 0x41, 0x66, 0x54, 0x16, 0x40,
    0x1f, 0x95, 0xa9, 0x0, 0x9, 0x6c, 0xc0, 0xf,
    0xc9, 0xa, 0x1, 0x92, 0x10, 0x3, 0xff, 0x95,
    0xbf, 0xe4, 0x0, 0xff, 0x1f, 0xfb, 0x80, 0x3f,
    0xff, 0xe0, 0x1f, 0xff, 0xc8, 0xaa, 0xff, 0x40,
    0x7, 0x8d, 0x57, 0xfc, 0x80, 0x1f, 0xfc, 0xcb,
    0xff, 0xff, 0x60, 0x7, 0xff, 0xfc, 0x3, 0xff,
    0xfe, 0x1, 0xff, 0xd5,

    /* U+0125 "ĥ" */
    0x0, 0x9f, 0xfe, 0x30, 0xf, 0xfe, 0x9, 0xc0,
    0x18, 0x70, 0x7, 0xff, 0x0, 0x74, 0x23, 0xc,
    0xa8, 0x3, 0xfe, 0xb1, 0x67, 0xd, 0x25, 0x60,
    0xf, 0xe1, 0x28, 0x90, 0x0, 0xfb, 0x88, 0x7,
    0xf0, 0xc3, 0x80, 0x62, 0x87, 0x0, 0xff, 0xe0,
    0xf, 0xfb, 0x0, 0x3f, 0xff, 0xe0, 0x1f, 0xfd,
    0xd5, 0xbe, 0xfe, 0xb4, 0x0, 0xff, 0xaa, 0x88,
    0x20, 0x29, 0x72, 0x1, 0xfd, 0x4a, 0xa, 0xec,
    0x40, 0x6, 0x60, 0x7, 0xc6, 0xaa, 0xea, 0x89,
    0xd7, 0x0, 0x40, 0x7, 0xe3, 0xa1, 0x0, 0xd0,
    0x40, 0x26, 0x1, 0xf4, 0x0, 0x7c, 0xa0, 0x5,
    0x0, 0xf9, 0x0, 0x3e, 0xd0, 0x7, 0x0, 0x78,
    0x80, 0x3f, 0xf8, 0xc2, 0x1, 0xff, 0x8, 0x7,
    0xff, 0xfc, 0x3, 0xff, 0xfe, 0x1, 0xff, 0xc9,

    /* U+0126 "Ħ" */
    0x0, 0x1f, 0xfb, 0x80, 0x3f, 0xe9, 0xff, 0x40,
    0x7, 0xff, 0x9f, 0x7f, 0x0, 0x3, 0xff, 0xff,
    0x30, 0x1, 0xff, 0xc4, 0x1, 0xff, 0xcc, 0xa6,
    0x50, 0x9, 0x9b, 0xfe, 0x20, 0x1, 0xb3, 0xd,
    0xe6, 0x40, 0x1, 0x99, 0xff, 0x90, 0x0, 0x93,
    0x21, 0x0, 0xff, 0xf4, 0x8d, 0x57, 0xfc, 0x80,
    0x1f, 0xfc, 0x5, 0x5f, 0xf8, 0x80, 0x3f, 0xfa,
    0xe3, 0xff, 0xff, 0x30, 0x7, 0xff, 0xfc, 0x3,
    0xff, 0xfe, 0x1, 0xff, 0xff, 0x0, 0xff, 0xe4,
    0x80,

    /* U+0127 "ħ" */
    0x0, 0x17, 0xfa, 0xc0, 0x3f, 0xf8, 0x3, 0x30,
    0x0, 0x59, 0x9e, 0x10, 0xf, 0x1b, 0x28, 0x0,
    0x59, 0xb8, 0x80, 0x3f, 0xf9, 0x85, 0xfa, 0x0,
    0x4f, 0xfe, 0x30, 0xf, 0xfe, 0xa2, 0xdf, 0x7f,
    0x52, 0x0, 0x7f, 0xd, 0xd2, 0x8, 0xa, 0xdc,
    0x0, 0x7e, 0xa4, 0x15, 0x76, 0x20, 0x3, 0xa8,
    0x7, 0x91, 0xb, 0xd5, 0x13, 0xac, 0x0, 0x80,
    0xf, 0x92, 0x80, 0x3a, 0x44, 0x8, 0x80, 0x1e,
    0x90, 0xf, 0x9c, 0x0, 0xe0, 0x1c, 0x24, 0x1,
    0xf7, 0x0, 0xc, 0x3, 0x88, 0x3, 0xf0, 0x80,
    0x4, 0x3, 0x9c, 0x3, 0xff, 0xfe, 0x1, 0xff,
    0xff, 0x0, 0xff, 0xe6, 0x0,

    /* U+0128 "Ĩ" */
    0x1, 0x9c, 0xa3, 0x0, 0xe, 0xd0, 0x6b, 0x1a,
    0xe4, 0x8b, 0x10, 0x19, 0x8b, 0xa8, 0x5b, 0xa0,
    0x25, 0x8a, 0x85, 0x7d, 0xcd, 0x2c, 0xd7, 0x5c,
    0x0, 0x31, 0x96, 0x80, 0x1f, 0xfc, 0xfd, 0xff,
    0x20, 0x7, 0xff, 0xfc, 0x3, 0xff, 0xfe, 0x1,
    0xff, 0xff, 0x0, 0xff, 0xe4, 0x0,

    /* U+0129 "ĩ" */
    0x5, 0xdf, 0xb3, 0x0, 0x37, 0xc0, 0xd1, 0x2,
    0x63, 0x86, 0x87, 0x30, 0x2f, 0x38, 0x47, 0xa0,
    0x36, 0x87, 0xc, 0x59, 0x81, 0x58, 0x57, 0xa0,
    0x1, 0x33, 0xf5, 0x0, 0x3f, 0xf9, 0xff, 0xee,
    0x0, 0xff, 0xff, 0x80, 0x7f, 0xff, 0xc0, 0x3f,
    0xfb, 0xa0,

    /* U+012A "Ī" */
    0xff, 0xfe, 0x60, 0xf, 0xf5, 0x57, 0xf2, 0x2a,
    0xff, 0x10, 0x7, 0xff, 0x2f, 0x7f, 0xc8, 0x1,
    0xff, 0xff, 0x0, 0xff, 0xff, 0x80, 0x7f, 0xff,
    0x40,

    /* U+012B "ī" */
    0x3f, 0xff, 0xe2, 0x0, 0xff, 0x8a, 0xab, 0xf8,
    0x85, 0x57, 0xf8, 0x3, 0xff, 0x9f, 0xfe, 0xe0,
    0xf, 0xff, 0xf8, 0x7, 0xff, 0xfc, 0x3, 0xff,
    0xba,

    /* U+012C "Ĭ" */
    0x1f, 0xd0, 0xe, 0x7f, 0x81, 0x22, 0x59, 0x89,
    0x3c, 0x5, 0x87, 0x2, 0x67, 0x6c, 0x2, 0x98,
    0x1e, 0xa8, 0x80, 0xe, 0x68, 0x2, 0x2a, 0xef,
    0xf6, 0x30, 0x7, 0xff, 0x43, 0x7f, 0xc8, 0x1,
    0xff, 0xff, 0x0, 0xff, 0xff, 0x80, 0x7f, 0xff,
    0xc0, 0x3f, 0xf9, 0x0,

    /* U+012D "ĭ" */
    0x5f, 0x90, 0xe, 0xbf, 0x44, 0x3, 0x38, 0x81,
    0x42, 0x2, 0xb, 0x4, 0x77, 0xeb, 0x84, 0x0,
    0x26, 0x4, 0x2, 0x29, 0x70, 0x9, 0xfb, 0x9b,
    0xda, 0xc0, 0x1e, 0x12, 0x10, 0xf, 0xfe, 0x3f,
    0xfb, 0x80, 0x3f, 0xff, 0xe0, 0x1f, 0xff, 0xf0,
    0xf, 0xfe, 0xe8,

    /* U+012E "Į" */
    0xd, 0xff, 0x20, 0x7, 0xff, 0xfc, 0x3, 0xff,
    0xfe, 0x1, 0xf6, 0x90, 0xa8, 0x5, 0x5, 0x22,
    0x1, 0x38, 0x30, 0x4, 0x60, 0x1, 0x0, 0x84,
    0x0, 0xa0, 0x26, 0x44, 0xa, 0xfe, 0xa0, 0xf5,
    0x10, 0x1f,

    /* U+012F "į" */
    0xf, 0xf7, 0x0, 0x7f, 0xf1, 0x95, 0x4e, 0x1,
    0xaa, 0x92, 0x1, 0xff, 0x7f, 0xb8, 0x3, 0xff,
    0xfe, 0x1, 0xff, 0xe4, 0xa0, 0x70, 0xd, 0x61,
    0x0, 0x13, 0xa, 0x88, 0x5, 0xe0, 0x40, 0x18,
    0x41, 0x44, 0xc, 0x6c, 0xb, 0xbf, 0xc, 0xd4,
    0x60, 0x2, 0x30,

    /* U+0130 "İ" */
    0x33, 0x87, 0xb3, 0x8, 0x1, 0xfb, 0x7f, 0xca,
    0x1, 0xfb, 0x7f, 0xc8, 0x1, 0xff, 0xff, 0x0,
    0xff, 0xe0, 0x80,

    /* U+0131 "ı" */
    0xff, 0x70, 0x7, 0xff, 0x9c,

    /* U+0132 "Ĳ" */
    0xdf, 0xf2, 0x0, 0x73, 0x7f, 0xac, 0x3, 0xff,
    0xfe, 0x1, 0xff, 0xff, 0x0, 0xff, 0xff, 0x80,
    0x7f, 0xfb, 0x44, 0x2, 0xdf, 0xf2, 0x0, 0x77,
    0x80, 0x4, 0x3, 0xf8, 0x80, 0x4, 0x1, 0xfc,
    0x80, 0xd, 0x0, 0xfd, 0x42, 0x0, 0x50, 0xc,
    0x55, 0x7e, 0xa0, 0x8, 0x0, 0xe1, 0x54, 0x0,
    0x95, 0xc0, 0x3f, 0xa, 0xdd, 0x0, 0x0,

    /* U+0133 "ĳ" */
    0xff, 0x70, 0x7, 0xf, 0xfb, 0x0, 0x3f, 0xf9,
    0x8a, 0xa7, 0x0, 0xf2, 0xa9, 0x2a, 0x92, 0x1,
    0xc3, 0x54, 0x80, 0xf, 0xfe, 0x7, 0xfb, 0x80,
    0x38, 0x7f, 0xd8, 0x1, 0xff, 0xff, 0x0, 0xff,
    0xff, 0x80, 0x7f, 0xfa, 0xbf, 0xdc, 0x1, 0xff,
    0xc5, 0x30, 0x3, 0x80, 0x7e, 0x60, 0x1, 0x0,
    0x7e, 0xd0, 0x7, 0x80, 0x72, 0xbd, 0xb0, 0x1,
    0xc0, 0x3b, 0xa1, 0x0, 0x12, 0x20, 0x1f, 0xa,
    0x5b, 0x0,

    /* U+0134 "Ĵ" */
    0x0, 0xe7, 0x88, 0x10, 0x7, 0xcf, 0xe, 0xef,
    0x0, 0xf1, 0xc0, 0x51, 0x95, 0x0, 0x61, 0xd0,
    0x95, 0xd1, 0x56, 0x0, 0xac, 0x5d, 0x80, 0x70,
    0x24, 0x80, 0x15, 0xf0, 0x1, 0x17, 0xf8, 0x80,
    0x3f, 0xf8, 0xbb, 0xfe, 0x40, 0xf, 0xff, 0xf8,
    0x7, 0xff, 0xfc, 0x3, 0xff, 0xfe, 0x1, 0xff,
    0xd7, 0x30, 0xf, 0xf8, 0x40, 0xe, 0x1, 0xf0,
    0x80, 0x44, 0x1, 0xf3, 0x80, 0x4, 0x40, 0x1e,
    0x38, 0x0, 0x30, 0x6, 0x7b, 0xcc, 0x8, 0x2,
    0x40, 0x36, 0xa1, 0x80, 0x56, 0x20, 0x1e, 0x13,
    0x7e, 0x40, 0xe,

    /* U+0135 "ĵ" */
    0x0, 0xcd, 0xc, 0x1, 0xf2, 0xcb, 0xc9, 0x80,
    0x70, 0xd8, 0x8, 0x70, 0x7, 0x40, 0x9f, 0x91,
    0x20, 0x2, 0x46, 0xe, 0x1e, 0x7, 0x20, 0x4,
    0x85, 0x10, 0x1c, 0x7, 0x1, 0x2c, 0xa8, 0x4,
    0xf0, 0x84, 0x48, 0x60, 0xe, 0x78, 0x20, 0xd,
    0xfe, 0xe0, 0xf, 0xff, 0xf8, 0x7, 0xff, 0xfc,
    0x3, 0xff, 0xdc, 0x60, 0x1f, 0x10, 0x1, 0x80,
    0x3e, 0x50, 0x1, 0x80, 0x64, 0x7a, 0x80, 0x5,
    0x0, 0x6d, 0x85, 0x0, 0x39, 0x0, 0x78, 0x52,
    0xa0, 0x3, 0x80,

    /* U+0136 "Ķ" */
    0xdf, 0xf2, 0x0, 0x7f, 0x5f, 0xfc, 0xa0, 0x1f,
    0xfc, 0x1, 0xc4, 0x0, 0x5a, 0x80, 0x7f, 0xc3,
    0x86, 0x3, 0x88, 0x1, 0xff, 0x16, 0x10, 0xe,
    0x18, 0x7, 0xfc, 0x58, 0x40, 0x5e, 0x40, 0x1f,
    0xf1, 0xe0, 0x81, 0xe0, 0x80, 0x7f, 0xc9, 0x82,
    0x7, 0x82, 0x1, 0xff, 0x2d, 0x80, 0x13, 0x0,
    0x3f, 0xf8, 0xd, 0x40, 0x5, 0xb0, 0xf, 0xfe,
    0x7, 0xc8, 0x1, 0xe8, 0x3, 0xff, 0x82, 0x80,
    0x6, 0x80, 0xf, 0xfe, 0x2b, 0x90, 0x7, 0xff,
    0xa, 0x4, 0x7, 0x8, 0x3, 0xff, 0x82, 0x78,
    0x20, 0x38, 0x40, 0x1f, 0xfc, 0x12, 0xc1, 0x1,
    0xc2, 0x0, 0xff, 0xe0, 0x96, 0x8, 0xe, 0x10,
    0x7, 0xff, 0x4, 0xb0, 0x40, 0x70, 0x80, 0x3f,
    0xf8, 0x25, 0x82, 0x3, 0x84, 0x1, 0xff, 0xc1,
    0x2c, 0x10, 0x1c, 0x20, 0xf, 0xfe, 0x9, 0x60,
    0x80, 0xe1, 0x80, 0x7f, 0xf0, 0x4b, 0x4, 0x7,
    0x4c, 0x3, 0xff, 0x82, 0x58, 0x20, 0x3a, 0x60,
    0x1f, 0xfc, 0x12, 0xc1, 0x1, 0xc3, 0xdf, 0xf2,
    0x0, 0x7f, 0x17, 0x7f, 0xc6, 0x1, 0xff, 0xe2,
    0xcf, 0xf3, 0x0, 0x7f, 0xf0, 0xcc, 0x9, 0x80,
    0x3f, 0xf8, 0x48, 0x0, 0x80, 0xf, 0xfe, 0x1e,
    0x1, 0x28, 0x7, 0xff, 0xd, 0x2, 0x0, 0x3f,
    0x80,

    /* U+0137 "ķ" */
    0x1f, 0xf6, 0x0, 0x7f, 0xff, 0xc0, 0x3f, 0xfa,
    0xc7, 0xdf, 0xe7, 0x0, 0xff, 0x97, 0x4, 0x25,
    0xc0, 0x3f, 0xcd, 0x40, 0xa, 0x60, 0xf, 0xf3,
    0xc8, 0x3, 0x14, 0x3, 0xfd, 0x30, 0x3, 0xa6,
    0x1, 0xfe, 0xa6, 0x2, 0xc2, 0x0, 0xff, 0x5a,
    0x81, 0xe1, 0x0, 0x7f, 0xe, 0xa0, 0x26, 0x8,
    0x7, 0xf8, 0x88, 0x0, 0xa0, 0xf, 0xfe, 0x1,
    0x10, 0x1, 0xa2, 0x1, 0xff, 0xe, 0x10, 0x1e,
    0x88, 0x7, 0xfc, 0x38, 0x60, 0x7a, 0x20, 0x1f,
    0xf0, 0xe9, 0x81, 0xe8, 0x80, 0x7f, 0xc3, 0xa6,
    0x7, 0x82, 0x1, 0xff, 0xe, 0x18, 0x16, 0x8,
    0x7, 0xff, 0x3, 0xc, 0xb, 0x4, 0x3, 0xff,
    0x81, 0x86, 0x5, 0x82, 0x1, 0xff, 0xc0, 0xc3,
    0x2, 0xc1, 0x17, 0xfb, 0x0, 0x3f, 0x67, 0xfb,
    0x44, 0x3, 0xff, 0xbb, 0x1f, 0xea, 0x0, 0xff,
    0xe0, 0xa0, 0x2, 0x0, 0x3f, 0xf8, 0x26, 0xa,
    0x40, 0x1f, 0xfc, 0x4, 0x0, 0x40, 0x7, 0xff,
    0x7, 0x1, 0x88, 0x3, 0xe0,

    /* U+0138 "ĸ" */
    0x1f, 0xf6, 0x0, 0x7c, 0x7d, 0xfe, 0x80, 0xf,
    0xf9, 0x30, 0x42, 0x60, 0x3, 0xfc, 0xd6, 0x0,
    0xa6, 0x0, 0xff, 0x3c, 0x80, 0x2d, 0x40, 0x3f,
    0xd3, 0x0, 0x38, 0x80, 0x1f, 0xea, 0x60, 0x2c,
    0x30, 0xf, 0xf5, 0xa8, 0x16, 0x10, 0x7, 0xf0,
    0xe2, 0x1, 0xe8, 0x80, 0x7f, 0x88, 0xc0, 0x1a,
    0x1, 0xff, 0xc0, 0x22, 0x0, 0x34, 0x3, 0xff,
    0x80, 0x38, 0x40, 0x78, 0x1, 0xff, 0xc0, 0x1c,
    0x20, 0x3c, 0x0, 0xff, 0xe0, 0xe, 0x10, 0x1e,
    0x8, 0x7, 0xfc, 0x38, 0x60, 0x7a, 0x20, 0x1f,
    0xf0, 0xe9, 0x81, 0xe8, 0x80, 0x7f, 0xc3, 0x86,
    0x7, 0x82, 0x1, 0xff, 0xc0, 0xc3, 0x2, 0xc1,
    0x0, 0xff, 0xe0, 0x61, 0x81, 0x60, 0x80,

    /* U+0139 "Ĺ" */
    0x0, 0xb3, 0xf8, 0x80, 0x3f, 0xce, 0x61, 0x44,
    0x1, 0xfc, 0x50, 0x10, 0x80, 0x1f, 0xee, 0x4,
    0x70, 0xf, 0xf1, 0x24, 0x58, 0x7, 0xfc, 0x50,
    0xe0, 0x1f, 0xfc, 0xfd, 0xff, 0x20, 0x7, 0xff,
    0xfc, 0x3, 0xff, 0xfe, 0x1, 0xff, 0xff, 0x0,
    0xff, 0xff, 0x45, 0x57, 0xf9, 0xc0, 0x23, 0x55,
    0xff, 0x68, 0x7, 0xff, 0xc,

    /* U+013A "ĺ" */
    0x0, 0x17, 0xfa, 0xc0, 0x29, 0x1, 0xa0, 0x3,
    0xa0, 0x68, 0x81, 0x40, 0x49, 0x80, 0x1d, 0xd2,
    0xc0, 0x12, 0xc3, 0x0, 0x6f, 0xf7, 0x0, 0x7f,
    0xff, 0xc0, 0x3f, 0xff, 0xe0, 0x1f, 0xfc, 0x30,

    /* U+013B "Ļ" */
    0xdf, 0xf2, 0x0, 0x7f, 0xff, 0xc0, 0x3f, 0xff,
    0xe0, 0x1f, 0xff, 0xf0, 0xf, 0xff, 0xf4, 0x55,
    0x7f, 0x9c, 0x2, 0x35, 0x5f, 0xf6, 0x80, 0x7f,
    0xf0, 0xf7, 0xff, 0xff, 0x83, 0x40, 0x1f, 0xfd,
    0x8c, 0xff, 0x30, 0x7, 0xfc, 0x60, 0x4c, 0x1,
    0xfe, 0x40, 0x4, 0x0, 0x7f, 0xd8, 0x4, 0xa0,
    0x1f, 0xf2, 0x4, 0x0, 0x7c,

    /* U+013C "ļ" */
    0xf, 0xf7, 0x0, 0x7f, 0xff, 0xc0, 0x3f, 0xfb,
    0xdf, 0xee, 0x0, 0xff, 0xe0, 0x5f, 0xf9, 0xc1,
    0x0, 0x5c, 0xc0, 0x10, 0x8, 0x2, 0xc1, 0x81,
    0x0, 0x0,

    /* U+013D "Ľ" */
    0xdf, 0xf2, 0x0, 0x53, 0xfe, 0x60, 0xf, 0xf9,
    0x40, 0x8, 0x1, 0xff, 0x18, 0x11, 0x0, 0x3f,
    0xc4, 0x0, 0x50, 0xf, 0xf9, 0xc0, 0x16, 0x1,
    0xff, 0x10, 0x91, 0x80, 0x7f, 0xcf, 0xda, 0x1,
    0xff, 0xff, 0x0, 0xff, 0xff, 0x80, 0x7f, 0xfa,
    0xa2, 0xab, 0xfc, 0xe0, 0x11, 0xaa, 0xff, 0xb4,
    0x3, 0xff, 0x86,

    /* U+013E "ľ" */
    0xff, 0x70, 0x0, 0xff, 0xda, 0x1, 0xca, 0x0,
    0x50, 0xe, 0xf0, 0x5, 0x80, 0x72, 0x80, 0x98,
    0x7, 0x18, 0x38, 0x7, 0x8, 0xda, 0x1, 0xc3,
    0xdc, 0x40, 0xf, 0xff, 0xf8, 0x7, 0xff, 0xfc,
    0x3, 0x0,

    /* U+013F "Ŀ" */
    0xdf, 0xf2, 0x0, 0x7f, 0xff, 0xc0, 0x3f, 0xfc,
    0xdb, 0xfe, 0x70, 0xf, 0xfe, 0xe8, 0x80, 0x7f,
    0xf0, 0xb3, 0xfc, 0xe0, 0x1f, 0xff, 0xf0, 0xf,
    0xfe, 0xbc, 0x55, 0x7f, 0x9c, 0x2, 0x35, 0x5f,
    0xf6, 0x80, 0x7f, 0xf0, 0xc0,

    /* U+0140 "ŀ" */
    0xff, 0x70, 0x7, 0xff, 0xf0, 0xff, 0xe0, 0xf,
    0xc2, 0x1, 0xff, 0xc7, 0x3f, 0xf8, 0x40, 0x3f,
    0xff, 0xe0, 0x1c,

    /* U+0141 "Ł" */
    0x0, 0xd7, 0xfe, 0x70, 0xf, 0xff, 0xf8, 0x7,
    0xff, 0x79, 0x64, 0x3, 0xff, 0x89, 0x34, 0xca,
    0x1, 0xff, 0xc1, 0x4e, 0x60, 0x65, 0x0, 0xff,
    0xe0, 0x55, 0x88, 0xae, 0x40, 0x3f, 0xf8, 0x24,
    0xb, 0xc8, 0x1, 0xff, 0x38, 0x0, 0x6e, 0x80,
    0x3f, 0xe2, 0xc3, 0x0, 0x4a, 0x0, 0x7f, 0xcd,
    0xa6, 0x1, 0xff, 0xc4, 0x80, 0x43, 0x0, 0xff,
    0xe1, 0xec, 0x5b, 0x80, 0x7f, 0xf0, 0xcd, 0xc0,
    0x3f, 0xff, 0xe0, 0x1d, 0x55, 0xff, 0x40, 0x7,
    0xc4, 0xab, 0xff, 0x0, 0x7f, 0xf1, 0xc0,

    /* U+0142 "ł" */
    0x0, 0xbb, 0xfc, 0x1, 0xff, 0xff, 0x0, 0xe2,
    0xc6, 0x0, 0xfb, 0x4e, 0xc0, 0x3f, 0x2e, 0x0,
    0x48, 0x20, 0xa, 0xa0, 0x80, 0x26, 0xc0, 0x25,
    0x0, 0xad, 0x80, 0x3f, 0x41, 0x68, 0x80, 0x78,
    0xf4, 0x80, 0x3f, 0xff, 0xe0, 0x1f, 0xfc, 0x0,

    /* U+0143 "Ń" */
    0x0, 0xfc, 0xdf, 0xe6, 0x0, 0xff, 0xe0, 0x94,
    0x82, 0xb0, 0x7, 0xff, 0x7, 0x80, 0xe8, 0x3,
    0xff, 0x82, 0xe6, 0x3c, 0x1, 0xff, 0xc3, 0x7d,
    0x20, 0xf, 0xfe, 0x13, 0xc1, 0x80, 0x7f, 0xf3,
    0xf7, 0xfe, 0xa0, 0xf, 0xe4, 0xff, 0x60, 0x6,
    0x53, 0x0, 0xff, 0xe2, 0xc0, 0x7, 0xff, 0x15,
    0x10, 0x1, 0xff, 0xc2, 0x60, 0x4, 0x0, 0x7f,
    0xf0, 0xa8, 0x80, 0xd4, 0x3, 0xff, 0x85, 0x0,
    0x8, 0x0, 0xff, 0xe1, 0x29, 0x81, 0x30, 0x7,
    0xff, 0xa, 0x0, 0x10, 0x1, 0xff, 0xc2, 0x44,
    0x0, 0xb8, 0x7, 0xff, 0xa, 0x40, 0x10, 0x20,
    0x1f, 0xfc, 0x12, 0x50, 0x4, 0x0, 0x7f, 0xf0,
    0xa0, 0x0, 0xc4, 0x1, 0xff, 0xc1, 0x26, 0x0,
    0x40, 0x7, 0xff, 0xa, 0x0, 0xa, 0x60, 0x1f,
    0xfc, 0x11, 0x80, 0x4, 0x0, 0x7f, 0xf0, 0x9c,
    0x41, 0x10, 0x1, 0xff, 0xc2, 0x80, 0x4, 0x0,
    0x7f, 0xf0, 0x98, 0x80, 0xf4, 0x3, 0xff, 0x85,
    0x0, 0x6, 0x0, 0xff, 0xe1, 0x29, 0x80, 0x7f,
    0xf1, 0x60, 0x3, 0xff, 0x8a, 0x88, 0x0, 0xc0,

    /* U+0144 "ń" */
    0x0, 0xfc, 0x7f, 0xed, 0x0, 0xff, 0xe0, 0x70,
    0xf, 0x80, 0x7f, 0xd2, 0x41, 0xa4, 0x1, 0xfe,
    0x56, 0xa, 0x30, 0xf, 0xf1, 0x50, 0x42, 0x80,
    0x7f, 0xdc, 0xa, 0xe0, 0x1f, 0xfc, 0xc, 0xfa,
    0x0, 0xff, 0xe6, 0xf, 0xfb, 0x0, 0xb, 0x7d,
    0xfd, 0x68, 0x1, 0xfa, 0xa8, 0x82, 0x2, 0x97,
    0x20, 0x1e, 0xa5, 0x5, 0x76, 0x20, 0x3, 0x30,
    0x3, 0x1a, 0xab, 0xaa, 0x27, 0x5c, 0x1, 0x0,
    0x1c, 0x74, 0x20, 0x1a, 0x8, 0x4, 0xc0, 0x34,
    0x0, 0x7c, 0xa0, 0x5, 0x0, 0xc8, 0x1, 0xf6,
    0x80, 0x38, 0x2, 0x20, 0xf, 0xfe, 0x18, 0x80,
    0x7f, 0xc2, 0x1, 0xff, 0xff, 0x0, 0xff, 0xfc,
    0x80,

    /* U+0145 "Ņ" */
    0xdf, 0xfa, 0x80, 0x3f, 0x93, 0xfd, 0x80, 0x19,
    0x4c, 0x3, 0xff, 0x8b, 0x0, 0x1f, 0xfc, 0x54,
    0x40, 0x7, 0xff, 0x9, 0x80, 0x10, 0x1, 0xff,
    0xc2, 0xa2, 0x3, 0x50, 0xf, 0xfe, 0x14, 0x0,
    0x20, 0x3, 0xff, 0x84, 0xa6, 0x4, 0xc0, 0x1f,
    0xfc, 0x28, 0x0, 0x40, 0x7, 0xff, 0x9, 0x10,
    0x2, 0xe0, 0x1f, 0xfc, 0x29, 0x0, 0x40, 0x80,
    0x7f, 0xf0, 0x49, 0x40, 0x10, 0x1, 0xff, 0xc2,
    0x80, 0x3, 0x10, 0x7, 0xff, 0x4, 0x98, 0x1,
    0x0, 0x1f, 0xfc, 0x28, 0x0, 0x29, 0x80, 0x7f,
    0xf0, 0x46, 0x0, 0x10, 0x1, 0xff, 0xc2, 0x71,
    0x4, 0x40, 0x7, 0xff, 0xa, 0x0, 0x10, 0x1,
    0xff, 0xc2, 0x62, 0x3, 0xd0, 0xf, 0xfe, 0x14,
    0x0, 0x18, 0x3, 0xff, 0x84, 0xa6, 0x1, 0xff,
    0xc5, 0x80, 0xf, 0xfe, 0x2a, 0x20, 0x3, 0x6f,
    0xf8, 0xc0, 0x3f, 0xaf, 0xfe, 0xc0, 0xf, 0xfe,
    0xf9, 0xff, 0xb8, 0x3, 0xff, 0x84, 0x80, 0x9,
    0x0, 0xff, 0xe1, 0x60, 0xb, 0x80, 0x7f, 0xf0,
    0x90, 0x20, 0x3, 0xff, 0x84, 0x60, 0x2c, 0x1,
    0xf8,

    /* U+0146 "ņ" */
    0x1f, 0xf6, 0x0, 0x16, 0xfb, 0xfa, 0xd0, 0x3,
    0xf5, 0x51, 0x4, 0x5, 0x2e, 0x40, 0x3d, 0x4a,
    0xa, 0xec, 0x40, 0x6, 0x60, 0x6, 0x35, 0x57,
    0x54, 0x4e, 0xb8, 0x2, 0x0, 0x38, 0xe8, 0x40,
    0x34, 0x10, 0x9, 0x80, 0x68, 0x0, 0xf9, 0x40,
    0xa, 0x1, 0x90, 0x3, 0xed, 0x0, 0x70, 0x4,
    0x40, 0x1f, 0xfc, 0x31, 0x0, 0xff, 0x84, 0x3,
    0xff, 0xfe, 0x1, 0xff, 0xf9, 0x1f, 0xf6, 0x0,
    0x7e, 0x5f, 0xf4, 0x80, 0x7f, 0xf6, 0xfb, 0xfc,
    0x60, 0x1f, 0xf1, 0x88, 0x21, 0x80, 0x7f, 0xc8,
    0x0, 0x80, 0xf, 0xfe, 0x6, 0x2, 0x98, 0x7,
    0xff, 0x1, 0x2, 0x0, 0x3e,

    /* U+0147 "Ň" */
    0x0, 0xcb, 0x6, 0x1, 0x9a, 0xc, 0x3, 0xf3,
    0xbb, 0xc, 0x1, 0x12, 0x66, 0x0, 0xfc, 0x56,
    0x18, 0x70, 0xe5, 0x40, 0x1f, 0xe4, 0x80, 0xc7,
    0xf, 0x10, 0xf, 0xf9, 0xe5, 0xdd, 0x64, 0x1,
    0xff, 0xc1, 0x68, 0x82, 0x0, 0x7f, 0xf3, 0x77,
    0xfe, 0xa0, 0xf, 0xe4, 0xff, 0x60, 0x6, 0x53,
    0x0, 0xff, 0xe2, 0xc0, 0x7, 0xff, 0x15, 0x10,
    0x1, 0xff, 0xc2, 0x60, 0x4, 0x0, 0x7f, 0xf0,
    0xa8, 0x80, 0xd4, 0x3, 0xff, 0x85, 0x0, 0x8,
    0x0, 0xff, 0xe1, 0x29, 0x81, 0x30, 0x7, 0xff,
    0xa, 0x0, 0x10, 0x1, 0xff, 0xc2, 0x44, 0x0,
    0xb8, 0x7, 0xff, 0xa, 0x40, 0x10, 0x20, 0x1f,
    0xfc, 0x12, 0x50, 0x4, 0x0, 0x7f, 0xf0, 0xa0,
    0x0, 0xc4, 0x1, 0xff, 0xc1, 0x26, 0x0, 0x40,
    0x7, 0xff, 0xa, 0x0, 0xa, 0x60, 0x1f, 0xfc,
    0x11, 0x80, 0x4, 0x0, 0x7f, 0xf0, 0x9c, 0x41,
    0x10, 0x1, 0xff, 0xc2, 0x80, 0x4, 0x0, 0x7f,
    0xf0, 0x98, 0x80, 0xf4, 0x3, 0xff, 0x85, 0x0,
    0x6, 0x0, 0xff, 0xe1, 0x29, 0x80, 0x7f, 0xf1,
    0x60, 0x3, 0xff, 0x8a, 0x88, 0x0, 0xc0,

    /* U+0148 "ň" */
    0x0, 0x9a, 0xdc, 0x3, 0x15, 0xd0, 0x7, 0x9d,
    0x61, 0x0, 0x2f, 0x4c, 0x0, 0xf0, 0xd8, 0x50,
    0x84, 0x91, 0xb0, 0x7, 0xca, 0x83, 0x4a, 0xc1,
    0xc0, 0x1f, 0xd4, 0x9, 0x41, 0x4, 0x1, 0xfc,
    0x32, 0x0, 0x37, 0x0, 0xff, 0x9b, 0x73, 0x40,
    0x3f, 0xf8, 0x24, 0x62, 0x1, 0xe1, 0xff, 0x60,
    0x1, 0x6f, 0xbf, 0xad, 0x0, 0x3f, 0x55, 0x10,
    0x40, 0x52, 0xe4, 0x3, 0xd4, 0xa0, 0xae, 0xc4,
    0x0, 0x66, 0x0, 0x63, 0x55, 0x75, 0x44, 0xeb,
    0x80, 0x20, 0x3, 0x8e, 0x84, 0x3, 0x41, 0x0,
    0x98, 0x6, 0x80, 0xf, 0x94, 0x0, 0xa0, 0x19,
    0x0, 0x3e, 0xd0, 0x7, 0x0, 0x44, 0x1, 0xff,
    0xc3, 0x10, 0xf, 0xf8, 0x40, 0x3f, 0xff, 0xe0,
    0x1f, 0xff, 0x90,

    /* U+0149 "ŉ" */
    0x8, 0xff, 0x60, 0x7, 0xff, 0x60, 0x40, 0xa,
    0x1, 0xff, 0xc4, 0x40, 0x5, 0x80, 0x7f, 0xf0,
    0xc4, 0x81, 0x48, 0x3, 0xff, 0x86, 0x80, 0x8,
    0xc, 0xff, 0x10, 0x14, 0xef, 0xfb, 0x1c, 0x2,
    0xc0, 0x52, 0x0, 0xe6, 0xd6, 0x20, 0x1, 0xc6,
    0x88, 0x6c, 0xc0, 0x7, 0x2c, 0x81, 0xb3, 0xa0,
    0x0, 0xa8, 0x11, 0x88, 0x3, 0xa0, 0x73, 0x13,
    0x17, 0x60, 0x2, 0x18, 0x7, 0xf6, 0x18, 0x6,
    0x47, 0x0, 0x58, 0x7, 0xe6, 0x20, 0xf, 0x58,
    0x1, 0x0, 0x3f, 0x68, 0x7, 0xc6, 0x0, 0x10,
    0xf, 0xcc, 0x1, 0xfe, 0x30, 0xf, 0xff, 0xf8,
    0x7, 0xff, 0xfc, 0x3, 0xff, 0xcc,

    /* U+014A "Ŋ" */
    0xdf, 0xf2, 0x0, 0xa, 0x77, 0xfd, 0xb4, 0x80,
    0x1f, 0xcf, 0xac, 0x40, 0x2, 0x5b, 0x90, 0xf,
    0x9e, 0x0, 0x3f, 0x34, 0x0, 0x76, 0xc0, 0x1c,
    0xef, 0x63, 0x80, 0x4e, 0x40, 0x19, 0x81, 0xf1,
    0x88, 0x4e, 0x30, 0x2, 0xb0, 0xe, 0x58, 0x0,
    0xf1, 0xb8, 0x1, 0xc0, 0x3a, 0xc0, 0x3f, 0x50,
    0x0, 0x44, 0x1, 0x28, 0x80, 0x7e, 0x21, 0x0,
    0x28, 0x5, 0xa0, 0x1f, 0xe2, 0x0, 0x8, 0x4,
    0x40, 0x1f, 0xfc, 0x13, 0x0, 0x84, 0x3, 0xff,
    0xfe, 0x1, 0xff, 0xff, 0x0, 0xff, 0xff, 0x80,
    0x76, 0xff, 0x90, 0x3, 0xff, 0xa6, 0x60, 0x1f,
    0xfc, 0x22, 0x0, 0x8, 0x7, 0xff, 0x4, 0xc4,
    0x0, 0xa0, 0x1f, 0xe2, 0x79, 0xc0, 0x2, 0x8,
    0x7, 0xf9, 0xe1, 0x80, 0x3, 0x20, 0x1f, 0xfc,
    0x22, 0x6f, 0x20,

    /* U+014B "ŋ" */
    0x1f, 0xf6, 0x0, 0x16, 0xfb, 0xfa, 0xd0, 0x3,
    0xf5, 0x51, 0x4, 0x5, 0x2e, 0x40, 0x3d, 0x4a,
    0xa, 0xec, 0x40, 0x6, 0x60, 0x6, 0x35, 0x57,
    0x54, 0x4e, 0xb0, 0x2, 0x0, 0x38, 0xe8, 0x40,
    0x34, 0x90, 0x9, 0x80, 0x68, 0x0, 0xf9, 0x40,
    0xa, 0x1, 0x90, 0x3, 0xee, 0x0, 0x70, 0x4,
    0x40, 0x1f, 0x8c, 0x3, 0xc2, 0x1, 0xff, 0x8,
    0x7, 0xff, 0xfc, 0x3, 0xff, 0xf2, 0x3f, 0xec,
    0x0, 0xff, 0x84, 0x3, 0xff, 0xa0, 0x40, 0xe,
    0x0, 0xff, 0xe0, 0x58, 0x1, 0x40, 0x3c, 0xae,
    0xf4, 0x61, 0x81, 0x18, 0x7, 0xa6, 0x22, 0x73,
    0x0, 0x70, 0x7, 0xff, 0x0, 0x57, 0x4c, 0x0,

    /* U+014C "Ō" */
    0x0, 0xf9, 0x57, 0xf8, 0x40, 0x3f, 0xf8, 0x3,
    0x55, 0xfc, 0xa0, 0x1f, 0xfd, 0x71, 0xff, 0xfe,
    0x40, 0xf, 0xff, 0xf8, 0x7, 0xc9, 0x3b, 0xdf,
    0xdb, 0x4a, 0x1, 0xff, 0xc0, 0x5d, 0xb6, 0x21,
    0x1, 0x25, 0xae, 0x60, 0xf, 0xe8, 0xa2, 0x0,
    0xa, 0xb2, 0x90, 0x0, 0x66, 0x80, 0x3e, 0x87,
    0x0, 0x1e, 0x75, 0x4d, 0x6e, 0x94, 0x0, 0xb6,
    0x1, 0xc8, 0xe0, 0x5, 0xc3, 0x0, 0xe2, 0xa8,
    0x0, 0x23, 0x80, 0x69, 0x0, 0x1d, 0x0, 0x7f,
    0x3b, 0x0, 0x20, 0x40, 0xa, 0x40, 0xe, 0x0,
    0xff, 0xa4, 0x2, 0x90, 0x7, 0x80, 0xc, 0x80,
    0x3f, 0xf8, 0xc, 0x0, 0x50, 0x2, 0x0, 0x2c,
    0x3, 0xff, 0x83, 0xa0, 0x2, 0x10, 0x10, 0x1,
    0x80, 0x7f, 0xf0, 0x54, 0x2, 0x22, 0x0, 0x4e,
    0x1, 0xff, 0xc1, 0x10, 0x9, 0x80, 0x30, 0x80,
    0x7f, 0xf7, 0x48, 0x2, 0x60, 0xf, 0xfe, 0x8,
    0x80, 0x4c, 0x2, 0x0, 0x30, 0xf, 0xfe, 0xa,
    0x80, 0x44, 0x8, 0x0, 0xb0, 0xf, 0xfe, 0xe,
    0x80, 0x8, 0x43, 0xc0, 0x6, 0x40, 0x1f, 0xfc,
    0x7, 0x0, 0x28, 0x1, 0x48, 0x1, 0xc0, 0x1f,
    0xf4, 0x88, 0x2, 0x40, 0x28, 0x0, 0x1c, 0x80,
    0x7f, 0x3b, 0x0, 0x20, 0x40, 0x25, 0x70, 0x3,
    0x61, 0x80, 0x71, 0x54, 0x0, 0x11, 0xc0, 0x3a,
    0x1c, 0x0, 0x79, 0xb5, 0x35, 0xba, 0x50, 0x2,
    0xd8, 0x7, 0xd1, 0x44, 0x0, 0x25, 0x65, 0x20,
    0x0, 0xcd, 0x0, 0x7f, 0x2e, 0xdb, 0x10, 0x80,
    0x92, 0xd7, 0x30, 0x7, 0x0,

    /* U+014D "ō" */
    0x0, 0xdd, 0xff, 0xf9, 0xc0, 0x3f, 0xf9, 0x95,
    0x5f, 0xca, 0x1, 0xf2, 0x2a, 0xfe, 0x20, 0xf,
    0xfe, 0xf3, 0x5f, 0x7f, 0xb6, 0x4c, 0x3, 0xe3,
    0xd9, 0x41, 0x0, 0x13, 0x64, 0x80, 0x71, 0xe1,
    0x0, 0x16, 0x1c, 0xc0, 0xd, 0x60, 0x1b, 0x80,
    0x7, 0xd4, 0xf1, 0x94, 0x0, 0x47, 0x0, 0x31,
    0x0, 0xe8, 0x80, 0x65, 0x90, 0x4, 0x80, 0x28,
    0x1, 0x2, 0x1, 0xe6, 0x20, 0x15, 0x3, 0x0,
    0x38, 0x7, 0xe5, 0x0, 0x61, 0x0, 0x4, 0x40,
    0x1f, 0xb4, 0x0, 0x42, 0x0, 0x30, 0xf, 0xe1,
    0x0, 0x38, 0x7, 0xff, 0x14, 0x40, 0x6, 0x1,
    0xfc, 0x20, 0x7, 0x20, 0x0, 0x88, 0x3, 0xf6,
    0x80, 0x8, 0xc, 0x0, 0xe0, 0x1f, 0x94, 0x1,
    0x81, 0x40, 0x8, 0x0, 0xf9, 0x88, 0x5, 0x41,
    0x88, 0x7, 0x4, 0x3, 0x2c, 0x80, 0x24, 0x2,
    0xe0, 0x1, 0xf5, 0x3c, 0x65, 0x0, 0x11, 0xc0,
    0x23, 0xc2, 0x0, 0x2c, 0x39, 0x80, 0x1a, 0xc0,
    0x38, 0xf6, 0x50, 0x40, 0x4, 0xd9, 0x20, 0x10,

    /* U+014E "Ŏ" */
    0x0, 0xf0, 0xc2, 0x80, 0x71, 0xc1, 0x80, 0x7f,
    0xf0, 0x5e, 0x9c, 0x40, 0x57, 0x5d, 0xc0, 0x1f,
    0xfc, 0x1, 0x70, 0x8e, 0xfe, 0xa1, 0x44, 0x0,
    0x7f, 0xf0, 0x62, 0x8c, 0x2, 0x29, 0xb0, 0xf,
    0xfe, 0x1a, 0xe7, 0xfd, 0xac, 0x1, 0xff, 0xff,
    0x0, 0xfe, 0x49, 0xde, 0xfe, 0xda, 0x50, 0xf,
    0xfe, 0x2, 0xed, 0xb1, 0x8, 0x9, 0x2d, 0x73,
    0x0, 0x7f, 0x45, 0x10, 0x0, 0x55, 0x94, 0x80,
    0x3, 0x34, 0x1, 0xf4, 0x38, 0x0, 0xf3, 0xaa,
    0x6b, 0x74, 0xa0, 0x5, 0xb0, 0xe, 0x47, 0x0,
    0x2e, 0x18, 0x7, 0x15, 0x40, 0x1, 0x1c, 0x3,
    0x48, 0x0, 0xe8, 0x3, 0xf9, 0xd8, 0x1, 0x2,
    0x0, 0x52, 0x0, 0x70, 0x7, 0xfd, 0x20, 0x14,
    0x80, 0x3c, 0x0, 0x64, 0x1, 0xff, 0xc0, 0x60,
    0x2, 0x80, 0x10, 0x1, 0x60, 0x1f, 0xfc, 0x1d,
    0x0, 0x10, 0x80, 0x80, 0xc, 0x3, 0xff, 0x82,
    0xa0, 0x11, 0x10, 0x2, 0x70, 0xf, 0xfe, 0x8,
    0x80, 0x4c, 0x1, 0x84, 0x3, 0xff, 0xba, 0x40,
    0x13, 0x0, 0x7f, 0xf0, 0x44, 0x2, 0x60, 0x10,
    0x1, 0x80, 0x7f, 0xf0, 0x54, 0x2, 0x20, 0x40,
    0x5, 0x80, 0x7f, 0xf0, 0x74, 0x0, 0x42, 0x1e,
    0x0, 0x32, 0x0, 0xff, 0xe0, 0x38, 0x1, 0x40,
    0xa, 0x40, 0xe, 0x0, 0xff, 0xa4, 0x40, 0x12,
    0x1, 0x40, 0x0, 0xe4, 0x3, 0xf9, 0xd8, 0x1,
    0x2, 0x1, 0x2b, 0x80, 0x1b, 0xc, 0x3, 0x8a,
    0xa0, 0x0, 0x8e, 0x1, 0xd0, 0xe0, 0x3, 0xcd,
    0xa9, 0xad, 0xd2, 0x80, 0x16, 0xc0, 0x3e, 0x8a,
    0x20, 0x1, 0x2b, 0x29, 0x0, 0x6, 0x68, 0x3,
    0xf9, 0x76, 0xd8, 0x84, 0x4, 0x96, 0xb9, 0x80,
    0x38,

    /* U+014F "ŏ" */
    0x0, 0xd0, 0xc0, 0x1c, 0x30, 0xa0, 0x1f, 0x3c,
    0x90, 0x6, 0x97, 0xd0, 0xf, 0x94, 0x3d, 0x48,
    0xe1, 0xc2, 0xc0, 0x3e, 0xb1, 0x2a, 0xdc, 0x70,
    0x63, 0x0, 0xf8, 0x7d, 0x88, 0x0, 0x73, 0x20,
    0xf, 0xe1, 0x9d, 0xff, 0x63, 0x0, 0x7f, 0xf8,
    0x1a, 0xfb, 0xfd, 0xb2, 0x60, 0x1f, 0x1e, 0xca,
    0x8, 0x0, 0x9b, 0x24, 0x3, 0x8f, 0x8, 0x0,
    0xb0, 0xe6, 0x0, 0x6b, 0x0, 0xdc, 0x0, 0x3e,
    0xa7, 0x8c, 0xa0, 0x2, 0x38, 0x1, 0x88, 0x7,
    0x44, 0x3, 0x2c, 0x80, 0x24, 0x1, 0x40, 0x8,
    0x10, 0xf, 0x31, 0x0, 0xa8, 0x18, 0x1, 0xc0,
    0x3f, 0x28, 0x3, 0x8, 0x0, 0x22, 0x0, 0xfd,
    0xa0, 0x2, 0x10, 0x1, 0x80, 0x7f, 0x8, 0x1,
    0xc0, 0x3f, 0xf8, 0xa2, 0x0, 0x30, 0xf, 0xe1,
    0x0, 0x39, 0x0, 0x4, 0x40, 0x1f, 0xb4, 0x0,
    0x40, 0x60, 0x7, 0x0, 0xfc, 0xa0, 0xc, 0xa,
    0x0, 0x40, 0x7, 0xcc, 0x40, 0x2a, 0xc, 0x40,
    0x38, 0x20, 0x19, 0x64, 0x1, 0x20, 0x17, 0x0,
    0xf, 0xa9, 0xe3, 0x28, 0x0, 0x8e, 0x1, 0x1e,
    0x10, 0x1, 0x61, 0xcc, 0x0, 0xd6, 0x1, 0xc7,
    0xb2, 0x82, 0x0, 0x26, 0xc9, 0x0, 0x80,

    /* U+0150 "Ő" */
    0x0, 0xff, 0x9, 0x10, 0x0, 0x24, 0x40, 0xf,
    0xfe, 0x11, 0xf6, 0xd8, 0xf, 0xef, 0x0, 0x7f,
    0xf0, 0x47, 0x41, 0x24, 0x28, 0x45, 0xa0, 0x1f,
    0xfc, 0x1b, 0x12, 0xb0, 0x74, 0xc, 0x10, 0xf,
    0xfe, 0x3, 0x28, 0xe0, 0x1c, 0x5, 0x90, 0x7,
    0xff, 0x5, 0xbf, 0x84, 0xf, 0xfc, 0x80, 0x1f,
    0xff, 0x4, 0x9d, 0xef, 0xed, 0xa5, 0x0, 0xff,
    0xe0, 0x2e, 0xdb, 0x10, 0x80, 0x92, 0xd7, 0x30,
    0x7, 0xf4, 0x51, 0x0, 0x5, 0x59, 0x48, 0x0,
    0x33, 0x40, 0x1f, 0x43, 0x80, 0xf, 0x3a, 0xa6,
    0xb7, 0x4a, 0x0, 0x5b, 0x0, 0xe4, 0x70, 0x2,
    0xe1, 0x80, 0x71, 0x54, 0x0, 0x11, 0xc0, 0x34,
    0x80, 0xe, 0x80, 0x3f, 0x9d, 0x80, 0x10, 0x20,
    0x5, 0x20, 0x7, 0x0, 0x7f, 0xd2, 0x1, 0x48,
    0x3, 0xc0, 0x6, 0x40, 0x1f, 0xfc, 0x6, 0x0,
    0x28, 0x1, 0x0, 0x16, 0x1, 0xff, 0xc1, 0xd0,
    0x1, 0x8, 0x8, 0x0, 0xc0, 0x3f, 0xf8, 0x2a,
    0x1, 0x11, 0x0, 0x27, 0x0, 0xff, 0xe0, 0x88,
    0x4, 0xc0, 0x18, 0x40, 0x3f, 0xfb, 0xa4, 0x1,
    0x30, 0x7, 0xff, 0x4, 0x40, 0x26, 0x1, 0x0,
    0x18, 0x7, 0xff, 0x5, 0x40, 0x22, 0x4, 0x0,
    0x58, 0x7, 0xff, 0x7, 0x40, 0x4, 0x21, 0xe0,
    0x3, 0x20, 0xf, 0xfe, 0x3, 0x80, 0x14, 0x0,
    0xa4, 0x0, 0xe0, 0xf, 0xfa, 0x44, 0x1, 0x20,
    0x14, 0x0, 0xe, 0x40, 0x3f, 0x9d, 0x80, 0x10,
    0x20, 0x12, 0xb8, 0x1, 0xb0, 0xc0, 0x38, 0xaa,
    0x0, 0x8, 0xe0, 0x1d, 0xe, 0x0, 0x3c, 0xda,
    0x9a, 0xdd, 0x28, 0x1, 0x6c, 0x3, 0xe8, 0xa2,
    0x0, 0x12, 0xb2, 0x90, 0x0, 0x66, 0x80, 0x3f,
    0x97, 0x6d, 0x88, 0x40, 0x49, 0x6b, 0x98, 0x3,
    0x80,

    /* U+0151 "ő" */
    0x0, 0xf8, 0x7f, 0xd2, 0x0, 0xdf, 0xd0, 0xf,
    0xd2, 0x3, 0x0, 0xc4, 0x1c, 0x1, 0xf0, 0xb8,
    0x40, 0x84, 0x3, 0x18, 0x7, 0xd2, 0x6, 0xc0,
    0xe2, 0x52, 0x1, 0xf0, 0xb8, 0x78, 0xc, 0x84,
    0x80, 0x7e, 0x61, 0x63, 0x6, 0x6, 0x40, 0xf,
    0xcf, 0xd2, 0x0, 0x7e, 0x90, 0xf, 0xfe, 0x73,
    0x5f, 0x7f, 0xb6, 0x4c, 0x3, 0xe3, 0xd9, 0x41,
    0x0, 0x13, 0x64, 0x80, 0x71, 0xe1, 0x0, 0x16,
    0x1c, 0xc0, 0xd, 0x60, 0x1b, 0x80, 0x7, 0xd4,
    0xf1, 0x94, 0x0, 0x47, 0x0, 0x31, 0x0, 0xe8,
    0x80, 0x65, 0x90, 0x4, 0x80, 0x28, 0x1, 0x2,
    0x1, 0xe6, 0x20, 0x15, 0x3, 0x0, 0x38, 0x7,
    0xe5, 0x0, 0x61, 0x0, 0x4, 0x40, 0x1f, 0xb4,
    0x0, 0x42, 0x0, 0x30, 0xf, 0xe1, 0x0, 0x38,
    0x7, 0xff, 0x14, 0x40, 0x6, 0x1, 0xfc, 0x20,
    0x7, 0x20, 0x0, 0x88, 0x3, 0xf6, 0x80, 0x8,
    0xc, 0x0, 0xe0, 0x1f, 0x94, 0x1, 0x81, 0x40,
    0x8, 0x0, 0xf9, 0x88, 0x5, 0x41, 0x88, 0x7,
    0x4, 0x3, 0x2c, 0x80, 0x24, 0x2, 0xe0, 0x1,
    0xf5, 0x3c, 0x65, 0x0, 0x11, 0xc0, 0x23, 0xc2,
    0x0, 0x2c, 0x39, 0x80, 0x1a, 0xc0, 0x38, 0xf6,
    0x50, 0x40, 0x4, 0xd9, 0x20, 0x10,

    /* U+0152 "Œ" */
    0x0, 0xfc, 0x6f, 0x5b, 0xdf, 0xff, 0xfc, 0x5e,
    0x0, 0xf9, 0xf7, 0x21, 0x48, 0x40, 0x3f, 0xf9,
    0x67, 0xb0, 0x40, 0x11, 0x1a, 0x2a, 0x80, 0x23,
    0x55, 0xff, 0x38, 0x6, 0x4c, 0x20, 0x2, 0x57,
    0x6e, 0x5d, 0x50, 0x80, 0x13, 0x55, 0xfe, 0x90,
    0x8, 0xec, 0x0, 0x37, 0x65, 0x10, 0xf, 0xfe,
    0x5f, 0x80, 0x7, 0x10, 0x3, 0xff, 0x9a, 0x86,
    0x0, 0xb2, 0x0, 0xff, 0xe7, 0x68, 0x0, 0x94,
    0x3, 0xff, 0x9e, 0xe0, 0x5, 0x0, 0xff, 0xe8,
    0x8, 0x3, 0x0, 0x3f, 0xf8, 0x53, 0x55, 0xfe,
    0x40, 0x20, 0x9, 0xc0, 0x3f, 0xf8, 0x46, 0xab,
    0xfe, 0x20, 0xe, 0x10, 0xf, 0xfe, 0x79, 0x80,
    0x42, 0x1, 0xff, 0xc2, 0xaf, 0xff, 0xf3, 0x0,
    0x80, 0x4e, 0x1, 0xff, 0xd0, 0x10, 0x6, 0x0,
    0x7f, 0xf4, 0x1c, 0x0, 0xa0, 0x1f, 0xfd, 0xd,
    0x0, 0x12, 0x80, 0x7f, 0xf3, 0xd0, 0xc0, 0x16,
    0x40, 0x1f, 0xfc, 0xff, 0x0, 0xe, 0x20, 0x7,
    0xff, 0x38, 0xec, 0x0, 0x37, 0x65, 0x10, 0xf,
    0xfe, 0x62, 0x61, 0x0, 0x12, 0xbb, 0x72, 0xea,
    0x84, 0x0, 0x9a, 0xaf, 0xf8, 0x80, 0x31, 0xec,
    0x10, 0x4, 0x46, 0x8a, 0xa0, 0x8, 0xd5, 0x7f,
    0xe1, 0x0, 0xf3, 0xee, 0x42, 0x90, 0x80, 0x7f,
    0xf1, 0xc0,

    /* U+0153 "œ" */
    0x0, 0xe6, 0xbe, 0xfe, 0xd8, 0x20, 0xe, 0x38,
    0xce, 0xfe, 0xb7, 0x0, 0xfc, 0x7b, 0x28, 0x20,
    0x24, 0xfb, 0x0, 0x1, 0xac, 0x73, 0x10, 0x14,
    0x8e, 0x40, 0xe, 0x3c, 0x20, 0x2, 0xc3, 0x98,
    0x1, 0xe8, 0x71, 0x40, 0x8, 0xf0, 0xc4, 0x3,
    0x68, 0x1, 0xb8, 0x0, 0x7d, 0x4f, 0x19, 0x40,
    0x5, 0xf2, 0x4, 0xeb, 0x87, 0x9d, 0x90, 0x5,
    0x0, 0x4c, 0x40, 0x3a, 0x20, 0x19, 0x64, 0x0,
    0x20, 0x76, 0x20, 0x1c, 0xce, 0x2, 0xe0, 0xa,
    0x0, 0x40, 0x80, 0x79, 0x88, 0x2, 0x80, 0xf,
    0xd2, 0x0, 0xc0, 0x1, 0x80, 0x1c, 0x3, 0xf2,
    0x80, 0x48, 0x1, 0xf8, 0x44, 0xa, 0x4, 0x0,
    0x11, 0x0, 0x7e, 0xd0, 0xb, 0xff, 0xfc, 0x20,
    0x20, 0x20, 0x3, 0x0, 0xfe, 0x10, 0xf, 0xfe,
    0xa8, 0xdd, 0xff, 0xf0, 0x40, 0x40, 0x6, 0x1,
    0xfc, 0x20, 0x1, 0x44, 0xff, 0xe0, 0x81, 0x0,
    0x4, 0x40, 0x1f, 0xb4, 0x2, 0x30, 0xf, 0xfe,
    0x11, 0x80, 0x1c, 0x3, 0xf2, 0x80, 0x52, 0x1,
    0xff, 0xc2, 0xa0, 0x4, 0x0, 0x7c, 0xc4, 0x1,
    0x2a, 0x0, 0x7f, 0xf0, 0x58, 0x80, 0x70, 0x40,
    0x32, 0xc8, 0x0, 0xc0, 0x16, 0xc0, 0x1f, 0x25,
    0xa8, 0x5, 0xc0, 0x3, 0xea, 0x78, 0xca, 0x0,
    0x36, 0x20, 0x2, 0x7a, 0x5d, 0xd1, 0x7d, 0x68,
    0x60, 0x11, 0xe1, 0x0, 0x16, 0x1c, 0xc0, 0xf,
    0x21, 0x6e, 0x0, 0x16, 0x88, 0x3a, 0x8, 0x9,
    0x0, 0x63, 0xd9, 0x41, 0x1, 0x27, 0xd8, 0x0,
    0xa3, 0xa1, 0x8, 0x0, 0x26, 0xd7, 0xc8, 0x0,

    /* U+0154 "Ŕ" */
    0x0, 0xf8, 0xbf, 0xd4, 0x1, 0xff, 0xc3, 0xe0,
    0x2a, 0x0, 0xff, 0xe1, 0x41, 0x87, 0x80, 0x7f,
    0xf0, 0x8d, 0xc2, 0xc8, 0x3, 0xff, 0x84, 0xcf,
    0x48, 0x1, 0xff, 0xc3, 0x58, 0x50, 0xf, 0xfe,
    0x96, 0xff, 0xfd, 0xdb, 0x48, 0x1, 0xff, 0xc3,
    0x12, 0x5b, 0xc2, 0x0, 0xfc, 0x8c, 0xd2, 0xa0,
    0x80, 0xf, 0x4, 0x3, 0xef, 0x99, 0xaa, 0xfa,
    0x0, 0x3, 0x0, 0x1f, 0xfc, 0x27, 0x60, 0x3,
    0x80, 0x7f, 0xf0, 0xe8, 0x0, 0x22, 0x0, 0xff,
    0xe1, 0x8, 0x4, 0x60, 0x1f, 0xfc, 0x21, 0x0,
    0xff, 0xe3, 0x50, 0x4, 0x40, 0x1f, 0xfc, 0x17,
    0x60, 0x3, 0x0, 0x7d, 0xf3, 0x3a, 0xfa, 0x0,
    0x5, 0x0, 0x1f, 0x23, 0x36, 0x41, 0x0, 0x2e,
    0x8, 0x7, 0xff, 0xd, 0x2c, 0x40, 0x3f, 0x5f,
    0xfd, 0xd6, 0x80, 0x98, 0x20, 0x1f, 0xfc, 0x1,
    0x4b, 0x60, 0x2d, 0x0, 0xff, 0xe1, 0xc9, 0x1,
    0xb0, 0x7, 0xff, 0xe, 0x40, 0x10, 0x1, 0xff,
    0xc3, 0x43, 0x1, 0x80, 0xf, 0xfe, 0x1c, 0x0,
    0x1c, 0x40, 0x3f, 0xf8, 0x48, 0x60, 0x9, 0x0,
    0xff, 0xe1, 0xc0, 0x1, 0xc4, 0x3, 0xff, 0x84,
    0x86, 0x0, 0x90, 0xf, 0xfe, 0x1c, 0x80, 0x1c,
    0x40,

    /* U+0155 "ŕ" */
    0x0, 0xfc, 0x7f, 0xed, 0x0, 0xfe, 0xe0, 0x1f,
    0x0, 0xfd, 0x24, 0x1a, 0x40, 0x1f, 0x2b, 0x5,
    0x18, 0x7, 0xc5, 0x41, 0xa, 0x1, 0xfb, 0x81,
    0x5c, 0x3, 0xfb, 0x3e, 0x80, 0x3f, 0xf8, 0xc3,
    0xfe, 0xc0, 0x2, 0xdf, 0x7f, 0x88, 0x3, 0x86,
    0xe9, 0x4, 0x3, 0xf5, 0x20, 0x23, 0x29, 0x0,
    0x71, 0xa1, 0xf5, 0xcd, 0x69, 0x0, 0x71, 0x60,
    0x80, 0x7f, 0xa0, 0x3, 0xff, 0x80, 0xa0, 0x1f,
    0xf1, 0x0, 0x7f, 0xf0, 0x4, 0x3, 0xff, 0xfe,
    0x1, 0xff, 0xe7,

    /* U+0156 "Ŗ" */
    0xdf, 0xff, 0xbb, 0x69, 0x0, 0x3f, 0xf8, 0x62,
    0x4b, 0x78, 0x40, 0x1f, 0x91, 0x9a, 0x54, 0x10,
    0x1, 0xe0, 0x80, 0x7d, 0xf3, 0x35, 0x5f, 0x40,
    0x0, 0x60, 0x3, 0xff, 0x84, 0xec, 0x0, 0x70,
    0xf, 0xfe, 0x1d, 0x0, 0x4, 0x40, 0x1f, 0xfc,
    0x21, 0x0, 0x8c, 0x3, 0xff, 0x84, 0x20, 0x1f,
    0xfc, 0x6a, 0x0, 0x88, 0x3, 0xff, 0x82, 0xec,
    0x0, 0x60, 0xf, 0xbe, 0x67, 0x5f, 0x40, 0x0,
    0xa0, 0x3, 0xe4, 0x66, 0xc8, 0x20, 0x5, 0xc1,
    0x0, 0xff, 0xe1, 0xa5, 0x88, 0x7, 0xeb, 0xff,
    0xba, 0xd0, 0x13, 0x4, 0x3, 0xff, 0x80, 0x29,
    0x6c, 0x5, 0xa0, 0x1f, 0xfc, 0x39, 0x20, 0x36,
    0x0, 0xff, 0xe1, 0xc8, 0x2, 0x0, 0x3f, 0xf8,
    0x68, 0x60, 0x30, 0x1, 0xff, 0xc3, 0x80, 0x3,
    0x88, 0x7, 0xff, 0x9, 0xc, 0x1, 0x20, 0x1f,
    0xfc, 0x38, 0x0, 0x38, 0x80, 0x7f, 0xf0, 0x90,
    0xc0, 0x12, 0x1, 0xff, 0xc3, 0x90, 0x3, 0x8e,
    0xff, 0x90, 0x3, 0xfc, 0xbf, 0xf0, 0x80, 0x7f,
    0xf8, 0xbb, 0xfc, 0x60, 0x1f, 0xfc, 0x23, 0x10,
    0x43, 0x0, 0xff, 0xe1, 0x20, 0x2, 0x0, 0x3f,
    0xf8, 0x78, 0xa, 0x60, 0x1f, 0xfc, 0x34, 0x8,
    0x0, 0xfe,

    /* U+0157 "ŗ" */
    0x1f, 0xf6, 0x0, 0x16, 0xfb, 0xfc, 0x40, 0x18,
    0x6e, 0x90, 0x40, 0x3e, 0xa4, 0x4, 0x65, 0x20,
    0xc, 0x68, 0x7d, 0x73, 0x5a, 0x40, 0x18, 0xb0,
    0x40, 0x3f, 0xa0, 0x3, 0xfe, 0x50, 0xf, 0xf1,
    0x0, 0x7f, 0xc2, 0x1, 0xff, 0xff, 0x0, 0xff,
    0xee, 0x8f, 0xfb, 0x0, 0x3f, 0xfa, 0xbb, 0xfe,
    0x50, 0xf, 0x84, 0x80, 0x94, 0x3, 0xe4, 0x0,
    0x40, 0x7, 0xec, 0x3, 0x50, 0xf, 0xc8, 0x10,
    0x1, 0xfc,

    /* U+0158 "Ř" */
    0x0, 0x24, 0x20, 0x6, 0x58, 0x40, 0xf, 0xe5,
    0x6b, 0x50, 0x3, 0x52, 0xa0, 0x7, 0xf0, 0xe8,
    0x52, 0xb4, 0x8f, 0x80, 0x7f, 0xc7, 0x41, 0x52,
    0x14, 0x40, 0x1f, 0xfc, 0x5, 0xa7, 0x75, 0x20,
    0x7, 0xff, 0x9, 0x62, 0xa, 0x1, 0xff, 0xd1,
    0xdf, 0xff, 0xbb, 0x69, 0x0, 0x3f, 0xf8, 0x62,
    0x4b, 0x78, 0x40, 0x1f, 0x91, 0x9a, 0x54, 0x10,
    0x1, 0xe0, 0x80, 0x7d, 0xf3, 0x35, 0x5f, 0x40,
    0x0, 0x60, 0x3, 0xff, 0x84, 0xec, 0x0, 0x70,
    0xf, 0xfe, 0x1d, 0x0, 0x4, 0x40, 0x1f, 0xfc,
    0x21, 0x0, 0x8c, 0x3, 0xff, 0x84, 0x20, 0x1f,
    0xfc, 0x6a, 0x0, 0x88, 0x3, 0xff, 0x82, 0xec,
    0x0, 0x60, 0xf, 0xbe, 0x67, 0x5f, 0x40, 0x0,
    0xa0, 0x3, 0xe4, 0x66, 0xc8, 0x20, 0x5, 0xc1,
    0x0, 0xff, 0xe1, 0xa5, 0x88, 0x7, 0xeb, 0xff,
    0xba, 0xd0, 0x13, 0x4, 0x3, 0xff, 0x80, 0x29,
    0x6c, 0x5, 0xa0, 0x1f, 0xfc, 0x39, 0x20, 0x36,
    0x0, 0xff, 0xe1, 0xc8, 0x2, 0x0, 0x3f, 0xf8,
    0x68, 0x60, 0x30, 0x1, 0xff, 0xc3, 0x80, 0x3,
    0x88, 0x7, 0xff, 0x9, 0xc, 0x1, 0x20, 0x1f,
    0xfc, 0x38, 0x0, 0x38, 0x80, 0x7f, 0xf0, 0x90,
    0xc0, 0x12, 0x1, 0xff, 0xc3, 0x90, 0x3, 0x88,

    /* U+0159 "ř" */
    0x3, 0x86, 0x0, 0xe7, 0x81, 0x3, 0x59, 0x60,
    0xa, 0x20, 0x62, 0x0, 0xe0, 0x93, 0x5, 0x71,
    0xa0, 0x8, 0xe0, 0x35, 0x28, 0x2c, 0x40, 0x33,
    0x98, 0xd8, 0x32, 0x80, 0x7b, 0x80, 0x5, 0x20,
    0x1f, 0x17, 0xfb, 0x40, 0x3f, 0xf8, 0x83, 0xfe,
    0xc0, 0x2, 0xdf, 0x7f, 0x88, 0x3, 0xd, 0xd2,
    0x8, 0x7, 0xd4, 0x80, 0x8c, 0xa4, 0x1, 0x8d,
    0xf, 0xae, 0x6b, 0x48, 0x3, 0x16, 0x8, 0x7,
    0xf4, 0x0, 0x7f, 0xca, 0x1, 0xfe, 0x20, 0xf,
    0xf8, 0x40, 0x3f, 0xff, 0xe0, 0x1f, 0xfd, 0xd0,

    /* U+015A "Ś" */
    0x0, 0xfe, 0x78, 0x60, 0xf, 0xfe, 0xb, 0xc3,
    0x90, 0x7, 0xff, 0x0, 0xe0, 0x21, 0x0, 0x3f,
    0xf8, 0x1c, 0x8, 0xe0, 0x1f, 0xfc, 0x8, 0x22,
    0x58, 0x7, 0xff, 0x6, 0x3f, 0x40, 0x3f, 0xfc,
    0x22, 0xd7, 0xdf, 0xf6, 0xdc, 0x20, 0x7, 0x37,
    0x4a, 0x8, 0x4, 0x48, 0xf7, 0xe2, 0x0, 0x89,
    0x0, 0x8d, 0x59, 0x50, 0x40, 0x23, 0x3, 0x70,
    0x2, 0x6e, 0x54, 0xd5, 0xf6, 0x38, 0x80, 0x24,
    0x0, 0x76, 0x40, 0x1e, 0x38, 0xe2, 0x7, 0x0,
    0x48, 0x7, 0xff, 0x48, 0x40, 0x18, 0x1, 0xff,
    0xc1, 0xb0, 0x3, 0x30, 0x3, 0xff, 0x80, 0xe4,
    0x0, 0x9e, 0xa7, 0x30, 0xf, 0xef, 0x30, 0x0,
    0xac, 0x67, 0xec, 0x18, 0x7, 0x16, 0x52, 0x0,
    0x71, 0x3e, 0x58, 0x80, 0x72, 0xdf, 0xe4, 0xb1,
    0x0, 0x49, 0xe4, 0x1, 0xf1, 0xb4, 0xee, 0x98,
    0x0, 0x3c, 0x1, 0xff, 0x14, 0xc8, 0x0, 0x66,
    0x0, 0xff, 0xe0, 0x30, 0x80, 0x10, 0x3, 0xff,
    0x82, 0x40, 0xf, 0x0, 0xff, 0xe0, 0x90, 0x3,
    0x94, 0x3, 0xfe, 0x51, 0x0, 0x2c, 0xfc, 0x98,
    0x7, 0xcf, 0x40, 0x2, 0x30, 0x3, 0x67, 0xe5,
    0x4c, 0xaf, 0xe0, 0x2, 0xe0, 0x41, 0x0, 0x8d,
    0x59, 0x88, 0x1, 0x1e, 0x98, 0x47, 0x64, 0x21,
    0x0, 0x42, 0x6f, 0x98, 0x20, 0x0,

    /* U+015B "ś" */
    0x0, 0xff, 0x3c, 0x38, 0x7, 0xfd, 0x10, 0x70,
    0xf, 0xf9, 0x1c, 0x19, 0xc0, 0x3f, 0x86, 0x81,
    0x24, 0x3, 0xfd, 0x42, 0x54, 0x1, 0xfe, 0x74,
    0x1f, 0x10, 0xf, 0xf9, 0xf4, 0x80, 0x3f, 0xe7,
    0x83, 0x0, 0xff, 0xe6, 0x1c, 0xef, 0xfb, 0xb7,
    0x20, 0xc0, 0x34, 0x63, 0x10, 0x0, 0x48, 0xdf,
    0x8, 0x0, 0xee, 0x0, 0x23, 0xc4, 0x1d, 0x0,
    0x3a, 0x40, 0x17, 0x68, 0x77, 0x45, 0xfd, 0x18,
    0x8, 0x81, 0x10, 0x1, 0xf2, 0x88, 0x6, 0x70,
    0xf, 0xf8, 0x44, 0x6, 0xe0, 0x1f, 0xf4, 0x80,
    0x23, 0xe9, 0x8c, 0x3, 0xe7, 0x70, 0x4, 0xb3,
    0x9f, 0x46, 0x1, 0xd1, 0xd0, 0x80, 0x19, 0x72,
    0x80, 0x38, 0x5e, 0xff, 0x20, 0xc0, 0xb, 0x0,
    0x1f, 0x8d, 0xf2, 0x0, 0xc, 0x1, 0xff, 0x38,
    0x0, 0x44, 0x1, 0xff, 0x8, 0x0, 0x52, 0x90,
    0x3, 0xe7, 0x10, 0x30, 0x2, 0xdf, 0x5c, 0x3b,
    0xa7, 0x60, 0x1, 0x0, 0x18, 0x51, 0xe2, 0xc,
    0x40, 0x34, 0x80, 0x9b, 0x2a, 0x42, 0x0, 0x14,
    0x8f, 0x50, 0x0,

    /* U+015C "Ŝ" */
    0x0, 0xf1, 0x44, 0x1c, 0x3, 0xff, 0x83, 0xee,
    0xe8, 0x70, 0xf, 0xfa, 0x88, 0xe8, 0x20, 0xc0,
    0x3f, 0x95, 0x43, 0xab, 0x21, 0xa2, 0x1, 0xf1,
    0x50, 0x60, 0x83, 0x38, 0xd0, 0x7, 0xc5, 0xfe,
    0x20, 0xa, 0x3e, 0xc0, 0x3f, 0xfb, 0xa2, 0xd7,
    0xdf, 0xf6, 0xdc, 0x20, 0x7, 0x37, 0x4a, 0x8,
    0x4, 0x48, 0xf7, 0xe2, 0x0, 0x89, 0x0, 0x8d,
    0x59, 0x50, 0x40, 0x23, 0x3, 0x70, 0x2, 0x6e,
    0x54, 0xd5, 0xf6, 0x38, 0x80, 0x24, 0x0, 0x76,
    0x40, 0x1e, 0x38, 0xe2, 0x7, 0x0, 0x48, 0x7,
    0xff, 0x48, 0x40, 0x18, 0x1, 0xff, 0xc1, 0xb0,
    0x3, 0x30, 0x3, 0xff, 0x80, 0xe4, 0x0, 0x9e,
    0xa7, 0x30, 0xf, 0xef, 0x30, 0x0, 0xac, 0x67,
    0xec, 0x18, 0x7, 0x16, 0x52, 0x0, 0x71, 0x3e,
    0x58, 0x80, 0x72, 0xdf, 0xe4, 0xb1, 0x0, 0x49,
    0xe4, 0x1, 0xf1, 0xb4, 0xee, 0x98, 0x0, 0x3c,
    0x1, 0xff, 0x14, 0xc8, 0x0, 0x66, 0x0, 0xff,
    0xe0, 0x30, 0x80, 0x10, 0x3, 0xff, 0x82, 0x40,
    0xf, 0x0, 0xff, 0xe0, 0x90, 0x3, 0x94, 0x3,
    0xfe, 0x51, 0x0, 0x2c, 0xfc, 0x98, 0x7, 0xcf,
    0x40, 0x2, 0x30, 0x3, 0x67, 0xe5, 0x4c, 0xaf,
    0xe0, 0x2, 0xe0, 0x41, 0x0, 0x8d, 0x59, 0x88,
    0x1, 0x1e, 0x98, 0x47, 0x64, 0x21, 0x0, 0x42,
    0x6f, 0x98, 0x20, 0x0,

    /* U+015D "ŝ" */
    0x0, 0xf6, 0xff, 0x88, 0x3, 0xfd, 0x44, 0x0,
    0xe0, 0xf, 0xe5, 0x50, 0x58, 0x9b, 0x80, 0x7c,
    0x36, 0x14, 0x9a, 0x10, 0x60, 0x1e, 0xa1, 0x75,
    0x3, 0x90, 0xe0, 0xe, 0x13, 0x88, 0x0, 0x4d,
    0x2a, 0x60, 0x18, 0x61, 0xc0, 0x39, 0xa0, 0xc0,
    0x3f, 0xf9, 0x7, 0x3b, 0xfe, 0xed, 0xc8, 0x30,
    0xd, 0x18, 0xc4, 0x0, 0x12, 0x37, 0xc2, 0x0,
    0x3b, 0x80, 0x8, 0xf1, 0x7, 0x40, 0xe, 0x90,
    0x5, 0xda, 0x1d, 0xd1, 0x7f, 0x46, 0x2, 0x20,
    0x44, 0x0, 0x7c, 0xa2, 0x1, 0x9c, 0x3, 0xfe,
    0x11, 0x1, 0xb8, 0x7, 0xfd, 0x20, 0x8, 0xfa,
    0x63, 0x0, 0xf9, 0xdc, 0x1, 0x2c, 0xe7, 0xd1,
    0x80, 0x74, 0x74, 0x20, 0x6, 0x5c, 0xa0, 0xe,
    0x17, 0xbf, 0xc8, 0x30, 0x2, 0xc0, 0x7, 0xe3,
    0x7c, 0x80, 0x3, 0x0, 0x7f, 0xce, 0x0, 0x11,
    0x0, 0x7f, 0xc2, 0x0, 0x14, 0xa4, 0x0, 0xf9,
    0xc4, 0xc, 0x0, 0xb7, 0xd7, 0xe, 0xe9, 0xd8,
    0x0, 0x40, 0x6, 0x14, 0x78, 0x83, 0x10, 0xd,
    0x20, 0x26, 0xca, 0x90, 0x80, 0x5, 0x23, 0xd4,
    0x0,

    /* U+015E "Ş" */
    0x0, 0x85, 0xaf, 0xbf, 0xed, 0xb8, 0x40, 0xe,
    0x6e, 0x94, 0x10, 0x8, 0x91, 0xef, 0xc4, 0x1,
    0x12, 0x1, 0x1a, 0xb2, 0xa0, 0x80, 0x46, 0x6,
    0xe0, 0x4, 0xdc, 0xa9, 0xab, 0xec, 0x71, 0x0,
    0x48, 0x0, 0xec, 0x80, 0x3c, 0x71, 0xc4, 0xe,
    0x0, 0x90, 0xf, 0xfe, 0x90, 0x80, 0x30, 0x3,
    0xff, 0x83, 0x60, 0x6, 0x60, 0x7, 0xff, 0x1,
    0xc8, 0x1, 0x3d, 0x4e, 0x60, 0x1f, 0xde, 0x60,
    0x1, 0x58, 0xcf, 0xd8, 0x30, 0xe, 0x2c, 0xa4,
    0x0, 0xe2, 0x7c, 0xb1, 0x0, 0xe5, 0xbf, 0xc9,
    0x62, 0x0, 0x93, 0xc8, 0x3, 0xe3, 0x69, 0xdd,
    0x30, 0x0, 0x78, 0x3, 0xfe, 0x29, 0x90, 0x0,
    0xcc, 0x1, 0xff, 0xc0, 0x61, 0x0, 0x20, 0x7,
    0xff, 0x4, 0x80, 0x1e, 0x1, 0xff, 0xc1, 0x20,
    0x7, 0x28, 0x7, 0xfc, 0xa2, 0x0, 0x59, 0xf9,
    0x30, 0xf, 0x9e, 0x80, 0x4, 0x60, 0x6, 0xcf,
    0xca, 0x99, 0x5f, 0xc0, 0x5, 0xc0, 0x82, 0x1,
    0x1a, 0xb3, 0x10, 0x2, 0x3d, 0x30, 0x8e, 0xc8,
    0x42, 0x0, 0xc6, 0xf9, 0x82, 0x0, 0xc6, 0xf7,
    0xbf, 0xe2, 0xe, 0x83, 0x0, 0xff, 0xe0, 0x58,
    0x40, 0x7, 0xff, 0x9, 0xc1, 0x40, 0x3f, 0xf8,
    0x42, 0x0, 0x20, 0xf, 0xe2, 0x40, 0x4, 0x0,
    0x8, 0x3, 0xf9, 0xaf, 0xfc, 0xe0, 0xa0, 0x1f,
    0xe6, 0x31, 0x2, 0x7a, 0x0, 0xf0,

    /* U+015F "ş" */
    0x0, 0x8e, 0x77, 0xfd, 0xdb, 0x90, 0x60, 0x1a,
    0x31, 0x88, 0x0, 0x24, 0x6f, 0x84, 0x0, 0x77,
    0x0, 0x11, 0xe2, 0xe, 0x80, 0x1d, 0x20, 0xb,
    0xb4, 0x3b, 0xa2, 0xfe, 0x8c, 0x4, 0x40, 0x88,
    0x0, 0xf9, 0x44, 0x3, 0x38, 0x7, 0xfc, 0x22,
    0x3, 0x70, 0xf, 0xfa, 0x40, 0x11, 0xf4, 0xc6,
    0x1, 0xf3, 0xb8, 0x2, 0x59, 0xcf, 0xa3, 0x0,
    0xe8, 0xe8, 0x40, 0xc, 0xb9, 0x40, 0x1c, 0x2f,
    0x7f, 0x90, 0x60, 0x5, 0x80, 0xf, 0xc6, 0xf9,
    0x0, 0x6, 0x0, 0xff, 0x9c, 0x0, 0x22, 0x0,
    0xff, 0x84, 0x0, 0x29, 0x48, 0x1, 0xf3, 0x88,
    0x18, 0x1, 0x6f, 0xae, 0x1d, 0xd3, 0xb0, 0x0,
    0x80, 0xc, 0x28, 0xf1, 0x6, 0x20, 0x1a, 0x40,
    0x4d, 0x95, 0x21, 0x0, 0x92, 0x3d, 0x40, 0x22,
    0x6a, 0xde, 0xf4, 0xf, 0x71, 0x0, 0xff, 0x40,
    0x48, 0x7, 0xff, 0x0, 0xc4, 0x8c, 0x3, 0xff,
    0x80, 0x60, 0xc0, 0x1f, 0x94, 0x0, 0xa4, 0xc,
    0x1, 0xf0, 0xd7, 0xfa, 0x80, 0x8c, 0x3, 0xe1,
    0x31, 0x1, 0x5c, 0x0, 0xe0,

    /* U+0160 "Š" */
    0x0, 0x8e, 0x18, 0x3, 0x1c, 0x30, 0x7, 0xc6,
    0xb2, 0xe0, 0x2, 0xd7, 0x50, 0xf, 0xde, 0x10,
    0x83, 0xe3, 0x6, 0x1, 0xf8, 0xa4, 0x2f, 0x9,
    0x1c, 0x3, 0xfc, 0xca, 0x4, 0x34, 0x1, 0xff,
    0xc0, 0xaf, 0xf7, 0x8, 0x7, 0xff, 0x7c, 0x5a,
    0xfb, 0xfe, 0xdb, 0x84, 0x0, 0xe6, 0xe9, 0x41,
    0x0, 0x89, 0x1e, 0xfc, 0x40, 0x11, 0x20, 0x11,
    0xab, 0x2a, 0x8, 0x4, 0x60, 0x6e, 0x0, 0x4d,
    0xca, 0x9a, 0xbe, 0xc7, 0x10, 0x4, 0x80, 0xe,
    0xc8, 0x3, 0xc7, 0x1c, 0x40, 0xe0, 0x9, 0x0,
    0xff, 0xe9, 0x8, 0x3, 0x0, 0x3f, 0xf8, 0x36,
    0x0, 0x66, 0x0, 0x7f, 0xf0, 0x1c, 0x80, 0x13,
    0xd4, 0xe6, 0x1, 0xfd, 0xe6, 0x0, 0x15, 0x8c,
    0xfd, 0x83, 0x0, 0xe2, 0xca, 0x40, 0xe, 0x27,
    0xcb, 0x10, 0xe, 0x5b, 0xfc, 0x96, 0x20, 0x9,
    0x3c, 0x80, 0x3e, 0x36, 0x9d, 0xd3, 0x0, 0x7,
    0x80, 0x3f, 0xe2, 0x99, 0x0, 0xc, 0xc0, 0x1f,
    0xfc, 0x6, 0x10, 0x2, 0x0, 0x7f, 0xf0, 0x48,
    0x1, 0xe0, 0x1f, 0xfc, 0x12, 0x0, 0x72, 0x80,
    0x7f, 0xca, 0x20, 0x5, 0x9f, 0x93, 0x0, 0xf9,
    0xe8, 0x0, 0x46, 0x0, 0x6c, 0xfc, 0xa9, 0x95,
    0xfc, 0x0, 0x5c, 0x8, 0x20, 0x11, 0xab, 0x31,
    0x0, 0x23, 0xd3, 0x8, 0xec, 0x84, 0x20, 0x8,
    0x4d, 0xf3, 0x4, 0x0,

    /* U+0161 "š" */
    0x0, 0xf, 0x7a, 0x0, 0x6d, 0xf4, 0x0, 0xc3,
    0x41, 0x42, 0x0, 0xb2, 0x64, 0x0, 0xe4, 0x61,
    0xd0, 0x74, 0x29, 0x0, 0xfa, 0x48, 0xee, 0x3,
    0x80, 0x3f, 0xb8, 0x10, 0x1c, 0xc0, 0x3f, 0x8e,
    0x9e, 0x20, 0x1, 0xff, 0x2c, 0x38, 0x7, 0xff,
    0x30, 0xe7, 0x7f, 0xdd, 0xb9, 0x6, 0x1, 0xa3,
    0x18, 0x80, 0x2, 0x46, 0xf8, 0x40, 0x7, 0x70,
    0x1, 0x1e, 0x20, 0xe8, 0x1, 0xd2, 0x0, 0xbb,
    0x43, 0xba, 0x2f, 0xe8, 0xc0, 0x44, 0x8, 0x80,
    0xf, 0x94, 0x40, 0x33, 0x80, 0x7f, 0xc2, 0x20,
    0x37, 0x0, 0xff, 0xa4, 0x1, 0x1f, 0x4c, 0x60,
    0x1f, 0x3b, 0x80, 0x25, 0x9c, 0xfa, 0x30, 0xe,
    0x8e, 0x84, 0x0, 0xcb, 0x94, 0x1, 0xc2, 0xf7,
    0xf9, 0x6, 0x0, 0x58, 0x0, 0xfc, 0x6f, 0x90,
    0x0, 0x60, 0xf, 0xf9, 0xc0, 0x2, 0x20, 0xf,
    0xf8, 0x40, 0x2, 0x94, 0x80, 0x1f, 0x38, 0x81,
    0x80, 0x16, 0xfa, 0xe1, 0xdd, 0x3b, 0x0, 0x8,
    0x0, 0xc2, 0x8f, 0x10, 0x62, 0x1, 0xa4, 0x4,
    0xd9, 0x52, 0x10, 0x0, 0xa4, 0x7a, 0x80, 0x0,

    /* U+0162 "Ţ" */
    0x1f, 0xff, 0xfe, 0x3d, 0x0, 0x7f, 0xf2, 0x95,
    0x7f, 0x0, 0x46, 0xab, 0xf6, 0xd, 0x57, 0xe2,
    0x0, 0x4d, 0x57, 0xcc, 0x1, 0xff, 0xff, 0x0,
    0xff, 0xff, 0x80, 0x7f, 0xff, 0xc0, 0x3f, 0xff,
    0xe0, 0x1f, 0xff, 0xf0, 0xf, 0xfe, 0xae, 0x9,
    0x28, 0x7, 0xff, 0x14, 0x64, 0xa0, 0x3, 0xff,
    0x8c, 0xc0, 0xe0, 0x1f, 0xfc, 0x61, 0x0, 0x18,
    0x7, 0xff, 0x4, 0x4c, 0x0, 0xc0, 0x1, 0x0,
    0xff, 0xe0, 0x96, 0x7f, 0xa4, 0xc, 0x80, 0x3f,
    0xf8, 0x22, 0x62, 0x2, 0xda, 0x1, 0xf8,

    /* U+0163 "ţ" */
    0x0, 0xbf, 0xda, 0x1, 0xff, 0xde, 0x2f, 0xf0,
    0x0, 0xbf, 0xfb, 0x0, 0x3f, 0xf8, 0x5, 0x76,
    0x0, 0xd, 0xdf, 0x78, 0x22, 0x0, 0x6, 0x89,
    0xc6, 0x1, 0xff, 0xff, 0x0, 0xff, 0xed, 0x10,
    0x7, 0xf1, 0x80, 0xc, 0x3, 0xf5, 0x80, 0x36,
    0x1d, 0x98, 0xa0, 0x13, 0x90, 0xb, 0xc4, 0xcc,
    0x1, 0xb6, 0xc, 0x40, 0x3f, 0x9f, 0x14, 0x33,
    0xf0, 0x3, 0xe8, 0xf, 0x0, 0xfe, 0x32, 0x34,
    0x0, 0xfe, 0x60, 0x30, 0xe, 0x50, 0x1, 0xa0,
    0x8, 0x7, 0x57, 0xfb, 0x0, 0xe, 0x1, 0xca,
    0x20, 0x29, 0x82, 0x0,

    /* U+0164 "Ť" */
    0x0, 0xf3, 0x41, 0x80, 0x66, 0x82, 0x0, 0xff,
    0x95, 0xf0, 0xc0, 0x13, 0x23, 0x20, 0xf, 0xf8,
    0xe8, 0x30, 0xe1, 0x8a, 0x80, 0x3f, 0xf8, 0x2b,
    0x1, 0x8e, 0x3e, 0x20, 0x1f, 0xfc, 0x27, 0x97,
    0x76, 0x90, 0x7, 0xff, 0x11, 0xa2, 0x6, 0x1,
    0xff, 0xd1, 0x1f, 0xff, 0xfe, 0x3d, 0x0, 0x7f,
    0xf2, 0x95, 0x7f, 0x0, 0x46, 0xab, 0xf6, 0xd,
    0x57, 0xe2, 0x0, 0x4d, 0x57, 0xcc, 0x1, 0xff,
    0xff, 0x0, 0xff, 0xff, 0x80, 0x7f, 0xff, 0xc0,
    0x3f, 0xff, 0xe0, 0x1f, 0xff, 0xf0, 0xf, 0xfe,
    0x60,

    /* U+0165 "ť" */
    0x0, 0xfc, 0x7f, 0xec, 0x0, 0xfc, 0xa0, 0x4,
    0x0, 0xfd, 0xe0, 0xb, 0x0, 0x99, 0x8a, 0x0,
    0x50, 0x13, 0x0, 0xa6, 0x50, 0x0, 0x30, 0x70,
    0xf, 0xc4, 0x22, 0xa0, 0xf, 0xc5, 0xdc, 0x30,
    0xf, 0xfe, 0x9, 0x7f, 0x80, 0x5, 0xff, 0xd8,
    0x1, 0xff, 0xc0, 0x2b, 0xb0, 0x0, 0x6e, 0xfb,
    0xc1, 0x10, 0x0, 0x34, 0x4e, 0x30, 0xf, 0xff,
    0xf8, 0x7, 0xff, 0x68, 0x80, 0x3f, 0x8c, 0x0,
    0x60, 0x1f, 0xac, 0x1, 0xb0, 0xec, 0xc5, 0x0,
    0x9c, 0x80, 0x5e, 0x26, 0x60, 0xd, 0xb0, 0x62,
    0x1, 0x80,

    /* U+0166 "Ŧ" */
    0x1f, 0xff, 0xfe, 0x3d, 0x0, 0x7f, 0xf2, 0x95,
    0x7f, 0x0, 0x46, 0xab, 0xf6, 0xd, 0x57, 0xe2,
    0x0, 0x4d, 0x57, 0xcc, 0x1, 0xff, 0xff, 0x0,
    0xff, 0xff, 0x80, 0x2a, 0xb1, 0x80, 0x26, 0xaa,
    0x50, 0xf, 0xe5, 0x5c, 0x20, 0x3, 0x55, 0xb4,
    0x3, 0xff, 0xa5, 0xff, 0x88, 0x1, 0x5f, 0xf4,
    0x0, 0x7f, 0xff, 0xc0, 0x3f, 0xff, 0xe0, 0x1f,
    0xfc, 0xa0,

    /* U+0167 "ŧ" */
    0x0, 0xa2, 0xc, 0x1, 0xfc, 0xee, 0xb0, 0xf,
    0xfe, 0xf1, 0x7f, 0x80, 0x5, 0xff, 0xd8, 0x1,
    0xff, 0xc0, 0x2b, 0xb0, 0x0, 0x6e, 0xfb, 0xc1,
    0x10, 0x0, 0x34, 0x4e, 0x30, 0xf, 0xfe, 0x61,
    0x7f, 0x80, 0x5, 0xff, 0xd8, 0x1, 0xff, 0xc0,
    0x2c, 0xc0, 0x0, 0x73, 0x3b, 0x80, 0xcc, 0x0,
    0x33, 0xf1, 0x0, 0x7f, 0xf7, 0x48, 0x3, 0xf8,
    0xc0, 0x6, 0x1, 0xfa, 0xc0, 0x1b, 0xe, 0xcc,
    0x50, 0x9, 0xc8, 0x5, 0xe2, 0x66, 0x0, 0xdb,
    0x6, 0x20, 0x18,

    /* U+0168 "Ũ" */
    0x0, 0xe4, 0xcf, 0xe9, 0x30, 0x3f, 0xc0, 0xf,
    0xc3, 0x66, 0x22, 0x6c, 0xec, 0xb, 0x0, 0xfc,
    0x80, 0xbd, 0xc8, 0x31, 0x13, 0xb8, 0x3, 0xf2,
    0xfd, 0x0, 0xbe, 0x7f, 0x40, 0x7, 0xff, 0xc8,
    0xff, 0xe0, 0xf, 0xfa, 0x3f, 0xd4, 0x1, 0xff,
    0xff, 0x0, 0xff, 0xff, 0x80, 0x7f, 0xff, 0xc0,
    0x3f, 0xfb, 0x22, 0x0, 0x31, 0x0, 0x84, 0x3,
    0xfc, 0x60, 0x1, 0x20, 0x9, 0x40, 0x3f, 0xce,
    0x0, 0xe0, 0x30, 0x6, 0x80, 0x7f, 0x11, 0x0,
    0x8, 0x14, 0x0, 0x62, 0x0, 0xfd, 0x0, 0x2,
    0x20, 0x31, 0x0, 0x31, 0x0, 0x38, 0x69, 0x40,
    0x10, 0x1, 0x70, 0x0, 0x6f, 0x6a, 0x6b, 0x39,
    0x40, 0xe, 0xa0, 0x11, 0xe9, 0x80, 0x9, 0x59,
    0x4c, 0x2, 0x98, 0x0, 0xe2, 0xcb, 0x62, 0x10,
    0x0, 0xa4, 0x73, 0x0, 0x40,

    /* U+0169 "ũ" */
    0x0, 0xd3, 0xfd, 0x0, 0x16, 0x79, 0x0, 0x73,
    0xb0, 0xb, 0xe9, 0x91, 0x81, 0x0, 0x74, 0x86,
    0x69, 0x96, 0x68, 0x30, 0x7, 0x84, 0x46, 0x58,
    0xe2, 0xb, 0x20, 0x1e, 0xfe, 0x0, 0xa3, 0xbe,
    0x80, 0x3f, 0xfb, 0x9, 0xfe, 0x90, 0xf, 0xd1,
    0xfe, 0x60, 0xf, 0xff, 0xf8, 0x7, 0xff, 0xfc,
    0x3, 0xfc, 0xe0, 0x3, 0x0, 0xfc, 0x40, 0x10,
    0x80, 0x18, 0x3, 0xf2, 0x0, 0x44, 0x0, 0x32,
    0x0, 0xf3, 0x88, 0x6, 0x50, 0x7, 0x8, 0x6,
    0x78, 0x0, 0xe8, 0x0, 0x1f, 0xd4, 0x4f, 0x40,
    0xb0, 0x6, 0x2a, 0x0, 0xa, 0xbb, 0x9, 0x60,
    0x80, 0x72, 0xeb, 0x10, 0x9, 0xc6, 0x90, 0x6,

    /* U+016A "Ū" */
    0x0, 0xe5, 0x5f, 0xe2, 0x0, 0xfe, 0xaa, 0xfe,
    0x40, 0xf, 0xfe, 0x87, 0xff, 0xf3, 0x0, 0x7f,
    0xfc, 0x4f, 0xfe, 0x0, 0xff, 0xa3, 0xfd, 0x40,
    0x1f, 0xff, 0xf0, 0xf, 0xff, 0xf8, 0x7, 0xff,
    0xfc, 0x3, 0xff, 0xb2, 0x20, 0x3, 0x10, 0x8,
    0x40, 0x3f, 0xc6, 0x0, 0x12, 0x0, 0x94, 0x3,
    0xfc, 0xe0, 0xe, 0x3, 0x0, 0x68, 0x7, 0xf1,
    0x10, 0x0, 0x81, 0x40, 0x6, 0x20, 0xf, 0xd0,
    0x0, 0x22, 0x3, 0x10, 0x3, 0x10, 0x3, 0x86,
    0x94, 0x1, 0x0, 0x17, 0x0, 0x6, 0xf6, 0xa6,
    0xb3, 0x94, 0x0, 0xea, 0x1, 0x1e, 0x98, 0x0,
    0x95, 0x94, 0xc0, 0x29, 0x80, 0xe, 0x2c, 0xb6,
    0x21, 0x0, 0xa, 0x47, 0x30, 0x4,

    /* U+016B "ū" */
    0x0, 0xab, 0xff, 0xf5, 0x80, 0x7f, 0xf2, 0xa6,
    0xab, 0xf4, 0x0, 0x78, 0xd5, 0x7f, 0x18, 0x7,
    0xff, 0x5d, 0x3f, 0xd2, 0x1, 0xfa, 0x3f, 0xcc,
    0x1, 0xff, 0xff, 0x0, 0xff, 0xff, 0x80, 0x7f,
    0x9c, 0x0, 0x60, 0x1f, 0x88, 0x2, 0x10, 0x3,
    0x0, 0x7e, 0x40, 0x8, 0x80, 0x6, 0x40, 0x1e,
    0x71, 0x0, 0xca, 0x0, 0xe1, 0x0, 0xcf, 0x0,
    0x1d, 0x0, 0x3, 0xfa, 0x89, 0xe8, 0x16, 0x0,
    0xc5, 0x40, 0x1, 0x57, 0x61, 0x2c, 0x10, 0xe,
    0x5d, 0x62, 0x1, 0x38, 0xd2, 0x0, 0xc0,

    /* U+016C "Ŭ" */
    0x0, 0xc3, 0xc, 0x1, 0xc7, 0x8, 0x1, 0xf8,
    0x5a, 0x60, 0x80, 0x53, 0x5c, 0x80, 0x3f, 0xa0,
    0x1f, 0x7f, 0xac, 0x4d, 0x80, 0x3f, 0x9a, 0xd0,
    0x40, 0x5, 0x18, 0x1, 0xff, 0x25, 0xf7, 0xfb,
    0x5c, 0x3, 0xff, 0xe6, 0x7f, 0xf0, 0x7, 0xfd,
    0x1f, 0xea, 0x0, 0xff, 0xff, 0x80, 0x7f, 0xff,
    0xc0, 0x3f, 0xff, 0xe0, 0x1f, 0xfd, 0x91, 0x0,
    0x18, 0x80, 0x42, 0x1, 0xfe, 0x30, 0x0, 0x90,
    0x4, 0xa0, 0x1f, 0xe7, 0x0, 0x70, 0x18, 0x3,
    0x40, 0x3f, 0x88, 0x80, 0x4, 0xa, 0x0, 0x31,
    0x0, 0x7e, 0x80, 0x1, 0x10, 0x18, 0x80, 0x18,
    0x80, 0x1c, 0x34, 0xa0, 0x8, 0x0, 0xb8, 0x0,
    0x37, 0xb5, 0x35, 0x9c, 0xa0, 0x7, 0x50, 0x8,
    0xf4, 0xc0, 0x4, 0xac, 0xa6, 0x1, 0x4c, 0x0,
    0x71, 0x65, 0xb1, 0x8, 0x0, 0x52, 0x39, 0x80,
    0x20,

    /* U+016D "ŭ" */
    0x0, 0x9a, 0x0, 0x3c, 0xee, 0x0, 0xf6, 0xba,
    0x80, 0x64, 0x8b, 0x0, 0xf6, 0x85, 0x39, 0x99,
    0xa8, 0x2c, 0x3, 0xcc, 0x61, 0x19, 0x89, 0x12,
    0x70, 0xf, 0xb2, 0x8, 0x0, 0x4f, 0xa0, 0x1f,
    0xcf, 0xbf, 0xed, 0x80, 0xf, 0xfe, 0xca, 0x7f,
    0xa4, 0x3, 0xf4, 0x7f, 0x98, 0x3, 0xff, 0xfe,
    0x1, 0xff, 0xff, 0x0, 0xff, 0x38, 0x0, 0xc0,
    0x3f, 0x10, 0x4, 0x20, 0x6, 0x0, 0xfc, 0x80,
    0x11, 0x0, 0xc, 0x80, 0x3c, 0xe2, 0x1, 0x94,
    0x1, 0xc2, 0x1, 0x9e, 0x0, 0x3a, 0x0, 0x7,
    0xf5, 0x13, 0xd0, 0x2c, 0x1, 0x8a, 0x80, 0x2,
    0xae, 0xc2, 0x58, 0x20, 0x1c, 0xba, 0xc4, 0x2,
    0x71, 0xa4, 0x1, 0x80,

    /* U+016E "Ů" */
    0x0, 0xf9, 0x73, 0xfa, 0x44, 0x3, 0xff, 0x80,
    0xf4, 0x60, 0x2d, 0x82, 0x1, 0xfe, 0x18, 0xa,
    0xfe, 0x32, 0x80, 0xf, 0xf3, 0x83, 0x28, 0xe,
    0x83, 0x80, 0x7f, 0xb8, 0x3c, 0x2, 0x11, 0x80,
    0x3f, 0xdc, 0x1e, 0x1, 0x10, 0x88, 0x3, 0xfc,
    0xe0, 0xcc, 0x2, 0xe0, 0x60, 0xe, 0x3f, 0xf8,
    0x6, 0x42, 0x7f, 0x4c, 0xd0, 0x11, 0xfe, 0xa0,
    0xf, 0x35, 0xa0, 0x93, 0xe0, 0x7, 0xff, 0x5,
    0x2f, 0xb6, 0x0, 0x3f, 0xff, 0xe0, 0x1f, 0xff,
    0xf0, 0xf, 0xff, 0xf8, 0x7, 0x84, 0x0, 0x62,
    0x1, 0x8, 0x7, 0xf8, 0xc0, 0x2, 0x40, 0x12,
    0x80, 0x7f, 0x9c, 0x1, 0xc0, 0x60, 0xd, 0x0,
    0xfe, 0x22, 0x0, 0x10, 0x28, 0x0, 0xc4, 0x1,
    0xfa, 0x0, 0x4, 0x40, 0x62, 0x0, 0x62, 0x0,
    0x70, 0xd2, 0x80, 0x20, 0x2, 0xe0, 0x0, 0xde,
    0xd4, 0xd6, 0x72, 0x80, 0x1d, 0x40, 0x23, 0xd3,
    0x0, 0x12, 0xb2, 0x98, 0x5, 0x30, 0x1, 0xc5,
    0x96, 0xc4, 0x20, 0x1, 0x48, 0xe6, 0x0, 0x80,

    /* U+016F "ů" */
    0x0, 0xe2, 0xae, 0xe4, 0x88, 0x7, 0xf1, 0xea,
    0x88, 0x9b, 0xc8, 0x3, 0xf7, 0x3, 0xf7, 0x14,
    0x78, 0x3, 0xe3, 0x23, 0x81, 0x15, 0x9, 0x88,
    0x7, 0x98, 0x14, 0x3, 0x28, 0x10, 0x7, 0x98,
    0x14, 0x3, 0x28, 0x10, 0x7, 0x8c, 0x8e, 0x4,
    0x54, 0x28, 0x20, 0x1f, 0x70, 0x3f, 0x71, 0x46,
    0x40, 0x3f, 0x1e, 0xa8, 0x89, 0xbc, 0x80, 0x3f,
    0x8a, 0xbb, 0x92, 0x20, 0x1c, 0x9f, 0xe9, 0x0,
    0xfd, 0x1f, 0xe6, 0x0, 0xff, 0xff, 0x80, 0x7f,
    0xff, 0xc0, 0x3f, 0xce, 0x0, 0x30, 0xf, 0xc4,
    0x1, 0x8, 0x1, 0x80, 0x3f, 0x20, 0x4, 0x40,
    0x3, 0x20, 0xf, 0x38, 0x80, 0x65, 0x0, 0x70,
    0x80, 0x67, 0x80, 0xe, 0x80, 0x1, 0xfd, 0x44,
    0xf4, 0xb, 0x0, 0x62, 0xa0, 0x0, 0xab, 0xb0,
    0x96, 0x8, 0x7, 0x2e, 0xb1, 0x0, 0x9c, 0x69,
    0x0, 0x60,

    /* U+0170 "Ű" */
    0x0, 0xfc, 0x24, 0x40, 0x8, 0x88, 0x1, 0xfe,
    0x2e, 0xd9, 0x0, 0x6e, 0xbc, 0x40, 0x3f, 0xb8,
    0xe, 0xc2, 0x48, 0x7c, 0x40, 0x3f, 0x49, 0x8e,
    0x82, 0xb0, 0x51, 0x0, 0x7e, 0x56, 0xc, 0x12,
    0xa0, 0xa4, 0x0, 0xfe, 0x5f, 0xf1, 0x1, 0x7f,
    0x94, 0x3, 0xff, 0xbe, 0x7f, 0xf0, 0x7, 0xfd,
    0x1f, 0xea, 0x0, 0xff, 0xff, 0x80, 0x7f, 0xff,
    0xc0, 0x3f, 0xff, 0xe0, 0x1f, 0xfd, 0x91, 0x0,
    0x18, 0x80, 0x42, 0x1, 0xfe, 0x30, 0x0, 0x90,
    0x4, 0xa0, 0x1f, 0xe7, 0x0, 0x70, 0x18, 0x3,
    0x40, 0x3f, 0x88, 0x80, 0x4, 0xa, 0x0, 0x31,
    0x0, 0x7e, 0x80, 0x1, 0x10, 0x18, 0x80, 0x18,
    0x80, 0x1c, 0x34, 0xa0, 0x8, 0x0, 0xb8, 0x0,
    0x37, 0xb5, 0x35, 0x9c, 0xa0, 0x7, 0x50, 0x8,
    0xf4, 0xc0, 0x4, 0xac, 0xa6, 0x1, 0x4c, 0x0,
    0x71, 0x65, 0xb1, 0x8, 0x0, 0x52, 0x39, 0x80,
    0x20,

    /* U+0171 "ű" */
    0x0, 0xfb, 0x3f, 0x40, 0x13, 0xfe, 0x20, 0xf,
    0x21, 0x87, 0x1, 0x30, 0x41, 0x0, 0x7a, 0x1,
    0x4c, 0x20, 0xd, 0xc0, 0x3c, 0x86, 0x16, 0x6,
    0xa1, 0xc0, 0x1f, 0x40, 0x40, 0x87, 0x83, 0x90,
    0x7, 0x8c, 0x8d, 0xc0, 0xc8, 0xe0, 0x3, 0xe3,
    0xec, 0x0, 0x1f, 0x60, 0x7, 0xff, 0x21, 0x3f,
    0xd2, 0x1, 0xfa, 0x3f, 0xcc, 0x1, 0xff, 0xff,
    0x0, 0xff, 0xff, 0x80, 0x7f, 0x9c, 0x0, 0x60,
    0x1f, 0x88, 0x2, 0x10, 0x3, 0x0, 0x7e, 0x40,
    0x8, 0x80, 0x6, 0x40, 0x1e, 0x71, 0x0, 0xca,
    0x0, 0xe1, 0x0, 0xcf, 0x0, 0x1d, 0x0, 0x3,
    0xfa, 0x89, 0xe8, 0x16, 0x0, 0xc5, 0x40, 0x1,
    0x57, 0x61, 0x2c, 0x10, 0xe, 0x5d, 0x62, 0x1,
    0x38, 0xd2, 0x0, 0xc0,

    /* U+0172 "Ų" */
    0x3f, 0xf8, 0x3, 0xfe, 0x8f, 0xf5, 0x0, 0x7f,
    0xff, 0xc0, 0x3f, 0xff, 0xe0, 0x1f, 0xff, 0xf0,
    0xf, 0xfe, 0xc8, 0x80, 0xc, 0x40, 0x21, 0x0,
    0xff, 0x18, 0x0, 0x48, 0x2, 0x50, 0xf, 0xf3,
    0x80, 0x38, 0xc, 0x1, 0xa0, 0x1f, 0xc4, 0x40,
    0x2, 0x5, 0x0, 0x18, 0x80, 0x3f, 0x40, 0x0,
    0x88, 0xc, 0x40, 0xc, 0x40, 0xe, 0x1a, 0x50,
    0x4, 0x0, 0x5c, 0x0, 0x1b, 0xda, 0x9a, 0xce,
    0x50, 0x3, 0xa8, 0x4, 0x7a, 0x60, 0x2, 0x56,
    0x53, 0x0, 0xa6, 0x0, 0x38, 0xb2, 0xd8, 0x80,
    0x21, 0x48, 0xe6, 0x0, 0xfc, 0x93, 0xa4, 0x1b,
    0xd6, 0xe2, 0x1, 0xff, 0x31, 0x29, 0x0, 0x7f,
    0xf0, 0xf4, 0x3c, 0x3, 0xff, 0x88, 0xa0, 0x20,
    0x1f, 0xfc, 0x42, 0xe, 0x0, 0x20, 0x7, 0xff,
    0x6, 0xc1, 0x7f, 0xd4, 0x1, 0xff, 0xc1, 0x78,
    0x20, 0x2, 0x80, 0x78,

    /* U+0173 "ų" */
    0x4f, 0xf4, 0x80, 0x7e, 0x8f, 0xf3, 0x0, 0x7f,
    0xff, 0xc0, 0x3f, 0xff, 0xe0, 0x1f, 0xfd, 0x47,
    0x0, 0x18, 0x7, 0xe2, 0x0, 0xe1, 0x0, 0x30,
    0x7, 0xe4, 0x0, 0xe2, 0x0, 0x19, 0x0, 0x79,
    0xc4, 0x3, 0xca, 0x0, 0xe1, 0x0, 0xcf, 0x0,
    0x1f, 0x40, 0x0, 0xfe, 0xa2, 0x7a, 0x5, 0x80,
    0x3c, 0x54, 0x0, 0x15, 0x76, 0x12, 0xc1, 0x0,
    0xf9, 0x75, 0x88, 0x4, 0xe3, 0x48, 0x3, 0xf8,
    0xa7, 0x7f, 0xb1, 0xc0, 0x10, 0x40, 0xe0, 0x1f,
    0xfc, 0x28, 0x27, 0x10, 0xf, 0xfe, 0x13, 0x5,
    0x0, 0x7f, 0xf0, 0x88, 0x40, 0x80, 0x3f, 0xf8,
    0x46, 0x0, 0x60, 0x14, 0x0, 0xff, 0x84, 0xc2,
    0x7f, 0xb8, 0x1, 0xff, 0xc0, 0xd5, 0x10, 0x1d,

    /* U+0174 "Ŵ" */
    0x0, 0xff, 0xe0, 0x17, 0x7f, 0xac, 0x3, 0xff,
    0x9b, 0xe2, 0xa2, 0x90, 0x1, 0xff, 0xcb, 0xb2,
    0x5a, 0xc1, 0x75, 0x0, 0xff, 0xe4, 0xc2, 0x22,
    0x80, 0xb0, 0x68, 0xc0, 0x3f, 0xf9, 0x11, 0xf6,
    0x1, 0x17, 0x79, 0x80, 0x7f, 0xfe, 0xb7, 0xfc,
    0xa0, 0x1f, 0x87, 0xfe, 0xb0, 0xf, 0xeb, 0xff,
    0x3a, 0x80, 0x3c, 0x3, 0xf2, 0x0, 0x48, 0x1,
    0xfc, 0x80, 0x4, 0xc0, 0x2, 0x0, 0x7e, 0xc0,
    0xc, 0x60, 0x1f, 0x18, 0x4, 0x68, 0x0, 0x12,
    0x0, 0xf9, 0x0, 0xc0, 0x8, 0x1, 0xf2, 0x0,
    0x10, 0x0, 0x60, 0x4, 0x0, 0xf0, 0x90, 0x59,
    0x86, 0x0, 0x7d, 0x80, 0xc, 0x0, 0x20, 0x3,
    0x0, 0x3c, 0x80, 0x4, 0x40, 0x20, 0x7, 0xc8,
    0x0, 0x40, 0x6, 0x0, 0x10, 0x3, 0xd8, 0x0,
    0x3c, 0x0, 0x18, 0x7, 0x18, 0x0, 0x4c, 0x0,
    0x80, 0x1, 0x20, 0xe, 0x40, 0x40, 0x50, 0x2,
    0x0, 0x72, 0x0, 0x10, 0x3, 0x18, 0x1, 0x0,
    0x30, 0x90, 0x60, 0x9, 0x86, 0x0, 0x75, 0x80,
    0x30, 0x3, 0x20, 0x3, 0x0, 0x32, 0x0, 0x10,
    0x0, 0xa0, 0x80, 0x1c, 0x60, 0x4, 0x0, 0xd8,
    0x0, 0x40, 0xd, 0x80, 0x3, 0x0, 0x60, 0x0,
    0xc0, 0x24, 0x0, 0x9, 0x0, 0x64, 0x0, 0x9,
    0x0, 0x48, 0x8, 0x1, 0x20, 0x1, 0x0, 0x2c,
    0x0, 0x20, 0x7, 0x8c, 0x0, 0x80, 0x1, 0x20,
    0xc0, 0x8, 0x48, 0x30, 0x2, 0x40, 0x6, 0x0,
    0x79, 0x0, 0x18, 0x0, 0x40, 0x2, 0x0, 0x64,
    0x4, 0x0, 0x8c, 0x0, 0x80, 0x1e, 0xc0, 0x2,
    0x0, 0x30, 0x0, 0x60, 0x1b, 0x0, 0x8, 0x8,
    0x0, 0x12, 0x0, 0xf2, 0x0, 0x4, 0x81, 0x1,
    0x0, 0x39, 0x0, 0x18, 0x18, 0x0, 0x40, 0xf,
    0xc8, 0x0, 0x41, 0x20, 0xc0, 0xe, 0x12, 0x4,
    0x4, 0x0, 0x60, 0x7, 0xec, 0x0, 0x62, 0x0,
    0x10, 0x3, 0xc8, 0x6, 0x26, 0x0, 0x40, 0xf,
    0xc8, 0x0, 0x4c, 0x0, 0x18, 0x7, 0xb0, 0x1,
    0x20, 0x1, 0x20, 0xf, 0xc6, 0x0, 0x16, 0x4,
    0x0, 0xf9, 0x0, 0xe, 0x0, 0x70, 0xf, 0xf2,
    0x0, 0x6c, 0x0, 0xf8, 0x48, 0x3, 0x60, 0x7,
    0xfb, 0x0, 0x32, 0x0, 0x7e, 0x40, 0xc, 0x80,
    0x1f, 0xe4, 0x0, 0xc6, 0x1, 0xfb, 0x0, 0x22,
    0x10, 0xe,

    /* U+0175 "ŵ" */
    0x0, 0xff, 0x37, 0xfa, 0x0, 0x3f, 0xf8, 0xe3,
    0x0, 0x7, 0x30, 0xf, 0xfe, 0x35, 0x89, 0xa8,
    0x78, 0x7, 0xff, 0x15, 0x14, 0x3a, 0x88, 0xdc,
    0x3, 0xff, 0x89, 0x41, 0x44, 0x1c, 0x10, 0x40,
    0x1f, 0xfc, 0x29, 0x15, 0x50, 0x0, 0xe0, 0x24,
    0x3, 0xff, 0x85, 0x3f, 0x40, 0x19, 0xfe, 0xc0,
    0x3f, 0xfa, 0x71, 0xfe, 0x50, 0xf, 0x5f, 0xfb,
    0x80, 0x3c, 0x5f, 0xeb, 0xc0, 0x6, 0x0, 0x79,
    0x0, 0x2, 0x40, 0x1c, 0x80, 0xc, 0x40, 0x2,
    0x0, 0x71, 0x80, 0x64, 0x0, 0xec, 0x0, 0x20,
    0x18, 0x10, 0x80, 0x6b, 0x0, 0x8, 0x60, 0x7,
    0x20, 0x9, 0x82, 0x0, 0x10, 0x3, 0x20, 0x1b,
    0x82, 0x0, 0x63, 0x10, 0x40, 0x6, 0x0, 0x30,
    0x3, 0x18, 0x26, 0x0, 0x90, 0x4, 0x80, 0xc,
    0x0, 0x20, 0x1, 0xc0, 0x24, 0x0, 0x62, 0x0,
    0x14, 0x2, 0xc0, 0x2, 0x0, 0x46, 0x2, 0x40,
    0xc, 0x0, 0x20, 0x90, 0x60, 0x4, 0x80, 0x24,
    0x1, 0x58, 0x1, 0x0, 0x8, 0x8, 0x0, 0x40,
    0x40, 0x1, 0x80, 0x10, 0x3, 0x20, 0x3, 0x0,
    0x6, 0x18, 0x0, 0xc0, 0x1, 0x82, 0x0, 0x30,
    0x3, 0x18, 0x1, 0x1, 0x0, 0x8, 0x0, 0x40,
    0x2, 0x6, 0x0, 0x10, 0x3, 0x90, 0x4, 0xb0,
    0x0, 0x60, 0x1, 0x30, 0xc0, 0x40, 0x12, 0x0,
    0xec, 0x0, 0x22, 0x1, 0x0, 0x32, 0x2, 0x20,
    0x0, 0x80, 0x1e, 0x40, 0x6, 0x98, 0x60, 0x6,
    0xc0, 0x7, 0x80, 0x30, 0x3, 0xc6, 0x0, 0x40,
    0x2, 0x0, 0x64, 0x0, 0x20, 0x1, 0x0, 0x3e,
    0x40, 0xc, 0x60, 0x1c, 0x60, 0x10, 0x90, 0x7,
    0xd8, 0x1, 0x20, 0x7, 0x90, 0x2, 0x40, 0xf,
    0xc8, 0x1, 0x60, 0x7, 0xb0, 0x2, 0xc0, 0xc,

    /* U+0176 "Ŷ" */
    0x0, 0xfc, 0x5f, 0xf5, 0x0, 0x7f, 0xf0, 0xc7,
    0xc1, 0x45, 0x5c, 0x3, 0xff, 0x85, 0x44, 0xb5,
    0x83, 0xa, 0x1, 0xff, 0xc0, 0x94, 0x5a, 0x2,
    0xc1, 0xa2, 0x0, 0xff, 0xa7, 0xe8, 0x2, 0x2e,
    0xf2, 0x0, 0xff, 0xf2, 0x5f, 0xfa, 0x80, 0x3f,
    0xe2, 0xff, 0x90, 0x28, 0x41, 0x54, 0x1, 0xfe,
    0xe0, 0x3, 0x20, 0xd, 0x80, 0x2c, 0x40, 0x3f,
    0x39, 0x81, 0x48, 0x4, 0xaa, 0x1, 0xa0, 0xf,
    0x8a, 0x0, 0x1c, 0x1, 0xd6, 0x20, 0x8c, 0x1,
    0xef, 0x0, 0x39, 0x80, 0x70, 0xd0, 0x2, 0x48,
    0x3, 0x41, 0x1, 0x40, 0x7, 0xc8, 0xc0, 0xe,
    0x0, 0x8d, 0xc0, 0x1e, 0x1, 0xfd, 0x24, 0x6,
    0xe0, 0xe, 0x0, 0x41, 0x0, 0x7f, 0xa4, 0x1,
    0x5, 0x4, 0x6, 0xe0, 0x1f, 0xf2, 0x38, 0x3,
    0xdc, 0x1, 0xc0, 0x1f, 0xfc, 0x18, 0x20, 0x20,
    0x4, 0x90, 0x7, 0xff, 0xb, 0x80, 0x24, 0x60,
    0xf, 0xfe, 0x19, 0x90, 0x3, 0x80, 0x3f, 0xff,
    0xe0, 0x1f, 0xff, 0xf0, 0xf, 0xff, 0xc0,

    /* U+0177 "ŷ" */
    0x0, 0xfc, 0xd0, 0xc0, 0x1f, 0xfc, 0x25, 0x97,
    0x94, 0x0, 0xff, 0xe0, 0xd, 0x80, 0x84, 0x80,
    0x7f, 0xf0, 0x20, 0x4f, 0x88, 0x90, 0x1, 0xfe,
    0x36, 0xe, 0xe, 0x7, 0x30, 0xf, 0xee, 0x9,
    0x20, 0x38, 0xf, 0x0, 0xfc, 0x4b, 0x2c, 0x1,
    0x3c, 0x21, 0x0, 0x7c, 0x50, 0xc0, 0x1c, 0xf0,
    0x40, 0x1b, 0x7f, 0xc6, 0x1, 0xfc, 0x9f, 0xec,
    0xa, 0x0, 0x50, 0x7, 0xf7, 0x0, 0x28, 0x18,
    0x0, 0xe0, 0x1f, 0xca, 0x0, 0x60, 0x15, 0x1,
    0x50, 0xf, 0x98, 0x0, 0xc0, 0x17, 0x0, 0x38,
    0x3, 0xea, 0x0, 0x50, 0x4, 0x84, 0x8, 0x20,
    0x1c, 0x46, 0x4, 0x60, 0x1a, 0x80, 0x12, 0x1,
    0xd6, 0x0, 0xa0, 0xe, 0x60, 0x3, 0x0, 0x73,
    0x80, 0x18, 0x3, 0x85, 0x40, 0x50, 0x2, 0x51,
    0x5, 0x10, 0xf, 0x70, 0x3, 0x80, 0x2e, 0x0,
    0x70, 0x7, 0xc8, 0x20, 0xa2, 0x2, 0x80, 0x28,
    0x1, 0xfa, 0x40, 0xe, 0xc, 0x0, 0x60, 0xf,
    0xe6, 0x0, 0x50, 0x50, 0x2, 0x80, 0x3f, 0x85,
    0x0, 0xdc, 0x81, 0x8, 0x3, 0xfd, 0xe0, 0x8,
    0x0, 0x70, 0x7, 0xfc, 0x82, 0x1, 0xa, 0x80,
    0x7f, 0xf0, 0x18, 0x2, 0x70, 0xf, 0xfe, 0xd,
    0x0, 0x56, 0x1, 0xff, 0xc1, 0x10, 0x1, 0x90,
    0x7, 0xff, 0x6, 0x80, 0x14, 0x1, 0xff, 0xc2,
    0x60, 0x3, 0x0, 0x7f, 0xf0, 0x60, 0x0, 0xc0,
    0x1f, 0xe3, 0x67, 0xb7, 0x0, 0x40, 0x7, 0xf9,
    0x26, 0x10, 0x1, 0x22, 0x1, 0xff, 0xc1, 0x14,
    0xc6, 0x0, 0xfe,

    /* U+0178 "Ÿ" */
    0x0, 0xf1, 0x19, 0x80, 0x22, 0x33, 0x8, 0x7,
    0xfd, 0xf9, 0x85, 0x0, 0x4e, 0x61, 0x80, 0x3f,
    0xfd, 0x3b, 0xfe, 0x50, 0x5, 0xff, 0x9c, 0x3,
    0xff, 0xc9, 0x7f, 0xea, 0x0, 0xff, 0x8b, 0xfe,
    0x40, 0xa1, 0x5, 0x50, 0x7, 0xfb, 0x80, 0xc,
    0x80, 0x36, 0x0, 0xb1, 0x0, 0xfc, 0xe6, 0x5,
    0x20, 0x12, 0xa8, 0x6, 0x80, 0x3e, 0x28, 0x0,
    0x70, 0x7, 0x58, 0x82, 0x30, 0x7, 0xbc, 0x0,
    0xe6, 0x1, 0xc3, 0x40, 0x9, 0x20, 0xd, 0x4,
    0x5, 0x0, 0x1f, 0x23, 0x0, 0x38, 0x2, 0x37,
    0x0, 0x78, 0x7, 0xf4, 0x90, 0x1b, 0x80, 0x38,
    0x1, 0x4, 0x1, 0xfe, 0x90, 0x4, 0x14, 0x10,
    0x1b, 0x80, 0x7f, 0xc8, 0xe0, 0xf, 0x70, 0x7,
    0x0, 0x7f, 0xf0, 0x60, 0x80, 0x80, 0x12, 0x40,
    0x1f, 0xfc, 0x2e, 0x0, 0x91, 0x80, 0x3f, 0xf8,
    0x66, 0x40, 0xe, 0x0, 0xff, 0xff, 0x80, 0x7f,
    0xff, 0xc0, 0x3f, 0xff, 0x0,

    /* U+0179 "Ź" */
    0x0, 0xfe, 0x2f, 0xf5, 0x0, 0x7f, 0xf1, 0x38,
    0xa, 0x80, 0x3f, 0xf8, 0x70, 0x61, 0xe0, 0x1f,
    0xfc, 0x33, 0x70, 0xb2, 0x0, 0xff, 0xe1, 0xb3,
    0xd2, 0x0, 0x7f, 0xf1, 0x16, 0x14, 0x3, 0xff,
    0xa4, 0x7f, 0xff, 0xfc, 0x62, 0x0, 0xff, 0xe4,
    0xa, 0xaf, 0xff, 0x8, 0x2, 0x12, 0x25, 0x57,
    0xff, 0x7, 0x40, 0x2a, 0x0, 0xff, 0xe1, 0x2c,
    0x0, 0x25, 0x0, 0x3f, 0xf8, 0x25, 0x40, 0x6,
    0x60, 0x7, 0xff, 0x4, 0x70, 0x0, 0x92, 0x1,
    0xff, 0xc2, 0xd1, 0x2, 0xa0, 0xf, 0xfe, 0x14,
    0x98, 0x3, 0xc4, 0x3, 0xff, 0x82, 0xec, 0x0,
    0xb2, 0x0, 0xff, 0xe0, 0xa4, 0x0, 0x21, 0x0,
    0x3f, 0xf8, 0x25, 0x40, 0x5, 0x70, 0xf, 0xfe,
    0x17, 0x88, 0x1d, 0x0, 0x7f, 0xf0, 0xac, 0x80,
    0x74, 0x3, 0xff, 0x85, 0x8, 0x0, 0xd1, 0x0,
    0xff, 0xe0, 0xb3, 0x80, 0x28, 0xc0, 0x3f, 0xf8,
    0x27, 0x20, 0x7, 0x50, 0xf, 0xfe, 0x8, 0xe8,
    0x1, 0x20, 0x3, 0xff, 0x85, 0xa2, 0x5, 0x60,
    0x1f, 0xfc, 0x2a, 0x30, 0x1f, 0x0, 0xff, 0xe1,
    0x32, 0x80, 0xe, 0x2a, 0xbf, 0xf8, 0x2b, 0xe0,
    0x11, 0x2a, 0xff, 0xf0, 0x88, 0x3, 0xff, 0x90,

    /* U+017A "ź" */
    0x0, 0xfe, 0x3f, 0xf6, 0x80, 0x7f, 0xdc, 0x3,
    0xe0, 0x1f, 0xe9, 0x20, 0xd2, 0x0, 0xfe, 0x56,
    0xa, 0x30, 0xf, 0xe2, 0xa0, 0x85, 0x0, 0xff,
    0x70, 0x2b, 0x80, 0x7f, 0xd9, 0xf4, 0x1, 0xff,
    0xc9, 0x3f, 0xff, 0xfe, 0xb, 0x0, 0x7f, 0xf0,
    0xca, 0xab, 0xfa, 0x40, 0x23, 0x15, 0x5f, 0xea,
    0x0, 0x22, 0x80, 0x7f, 0x51, 0x81, 0x58, 0x7,
    0xf3, 0xa8, 0xf, 0x80, 0x7f, 0x24, 0x0, 0x28,
    0x80, 0x3f, 0x15, 0x80, 0x25, 0x0, 0x3f, 0xf,
    0x80, 0x19, 0x80, 0x1f, 0xda, 0x40, 0x92, 0x1,
    0xfd, 0x26, 0x5, 0x40, 0x1f, 0xce, 0xc0, 0x3e,
    0x20, 0x1f, 0x92, 0x0, 0x14, 0x40, 0x1f, 0x8a,
    0xc0, 0x12, 0x80, 0x1f, 0x87, 0xc0, 0xc, 0xc0,
    0xf, 0xe8, 0x20, 0x1c, 0x55, 0xfe, 0x23, 0x0,
    0xd, 0x57, 0xf9, 0x0, 0x3f, 0xf8, 0x60,

    /* U+017B "Ż" */
    0x0, 0xfc, 0x46, 0x61, 0x0, 0xff, 0xe2, 0x46,
    0x62, 0x0, 0x3f, 0xfd, 0x95, 0xfe, 0x90, 0xf,
    0xff, 0x21, 0xff, 0xff, 0xf1, 0x88, 0x3, 0xff,
    0x90, 0x2a, 0xbf, 0xfc, 0x20, 0x8, 0x48, 0x95,
    0x5f, 0xfc, 0x1d, 0x0, 0xa8, 0x3, 0xff, 0x84,
    0xb0, 0x0, 0x94, 0x0, 0xff, 0xe0, 0x95, 0x0,
    0x19, 0x80, 0x1f, 0xfc, 0x11, 0xc0, 0x2, 0x48,
    0x7, 0xff, 0xb, 0x44, 0xa, 0x80, 0x3f, 0xf8,
    0x52, 0x60, 0xf, 0x10, 0xf, 0xfe, 0xb, 0xb0,
    0x2, 0xc8, 0x3, 0xff, 0x82, 0x90, 0x0, 0x84,
    0x0, 0xff, 0xe0, 0x95, 0x0, 0x15, 0xc0, 0x3f,
    0xf8, 0x5e, 0x20, 0x74, 0x1, 0xff, 0xc2, 0xb2,
    0x1, 0xd0, 0xf, 0xfe, 0x14, 0x20, 0x3, 0x44,
    0x3, 0xff, 0x82, 0xce, 0x0, 0xa3, 0x0, 0xff,
    0xe0, 0x9c, 0x80, 0x1d, 0x40, 0x3f, 0xf8, 0x23,
    0xa0, 0x4, 0x80, 0xf, 0xfe, 0x16, 0x88, 0x15,
    0x80, 0x7f, 0xf0, 0xa8, 0xc0, 0x7c, 0x3, 0xff,
    0x84, 0xca, 0x0, 0x38, 0xaa, 0xff, 0xe0, 0xaf,
    0x80, 0x44, 0xab, 0xff, 0xc2, 0x20, 0xf, 0xfe,
    0x40,

    /* U+017C "ż" */
    0x0, 0xe1, 0xff, 0x60, 0x7, 0xff, 0x79, 0x54,
    0x80, 0x1f, 0xf0, 0xd5, 0x20, 0x3, 0xff, 0x92,
    0x7f, 0xff, 0xfc, 0x16, 0x0, 0xff, 0xe1, 0x95,
    0x57, 0xf4, 0x80, 0x46, 0x2a, 0xbf, 0xd4, 0x0,
    0x45, 0x0, 0xfe, 0xa3, 0x2, 0xb0, 0xf, 0xe7,
    0x50, 0x1f, 0x0, 0xfe, 0x48, 0x0, 0x51, 0x0,
    0x7e, 0x2b, 0x0, 0x4a, 0x0, 0x7e, 0x1f, 0x0,
    0x33, 0x0, 0x3f, 0xb4, 0x81, 0x24, 0x3, 0xfa,
    0x4c, 0xa, 0x80, 0x3f, 0x9d, 0x80, 0x7c, 0x40,
    0x3f, 0x24, 0x0, 0x28, 0x80, 0x3f, 0x15, 0x80,
    0x25, 0x0, 0x3f, 0xf, 0x80, 0x19, 0x80, 0x1f,
    0xd0, 0x40, 0x38, 0xab, 0xfc, 0x46, 0x0, 0x1a,
    0xaf, 0xf2, 0x0, 0x7f, 0xf0, 0xc0,

    /* U+017D "Ž" */
    0x0, 0xe6, 0xfc, 0x0, 0xdb, 0xea, 0x1, 0xfe,
    0x64, 0x3a, 0x0, 0x59, 0x2a, 0x80, 0x3f, 0xea,
    0x15, 0x89, 0x42, 0xa0, 0xf, 0xfe, 0x0, 0xe8,
    0x3b, 0x7, 0x0, 0x7f, 0xf0, 0x8e, 0x9d, 0xd6,
    0x60, 0x1f, 0xfc, 0x35, 0x88, 0x20, 0x7, 0xff,
    0x40, 0xff, 0xff, 0xf8, 0xc4, 0x1, 0xff, 0xc8,
    0x15, 0x5f, 0xfe, 0x10, 0x4, 0x24, 0x4a, 0xaf,
    0xfe, 0xe, 0x80, 0x54, 0x1, 0xff, 0xc2, 0x58,
    0x0, 0x4a, 0x0, 0x7f, 0xf0, 0x4a, 0x80, 0xc,
    0xc0, 0xf, 0xfe, 0x8, 0xe0, 0x1, 0x24, 0x3,
    0xff, 0x85, 0xa2, 0x5, 0x40, 0x1f, 0xfc, 0x29,
    0x30, 0x7, 0x88, 0x7, 0xff, 0x5, 0xd8, 0x1,
    0x64, 0x1, 0xff, 0xc1, 0x48, 0x0, 0x42, 0x0,
    0x7f, 0xf0, 0x4a, 0x80, 0xa, 0xe0, 0x1f, 0xfc,
    0x2f, 0x10, 0x3a, 0x0, 0xff, 0xe1, 0x59, 0x0,
    0xe8, 0x7, 0xff, 0xa, 0x10, 0x1, 0xa2, 0x1,
    0xff, 0xc1, 0x67, 0x0, 0x51, 0x80, 0x7f, 0xf0,
    0x4e, 0x40, 0xe, 0xa0, 0x1f, 0xfc, 0x11, 0xd0,
    0x2, 0x40, 0x7, 0xff, 0xb, 0x44, 0xa, 0xc0,
    0x3f, 0xf8, 0x54, 0x60, 0x3e, 0x1, 0xff, 0xc2,
    0x65, 0x0, 0x1c, 0x55, 0x7f, 0xf0, 0x57, 0xc0,
    0x22, 0x55, 0xff, 0xe1, 0x10, 0x7, 0xff, 0x20,

    /* U+017E "ž" */
    0x0, 0x1c, 0x30, 0x7, 0x3c, 0x8, 0x6, 0x35,
    0x96, 0x0, 0xa2, 0x6, 0x20, 0x1d, 0xc1, 0x26,
    0xa, 0xe3, 0x40, 0x1e, 0x38, 0xd, 0x4a, 0xb,
    0x10, 0xf, 0x9c, 0xc6, 0xc1, 0x94, 0x3, 0xfb,
    0x80, 0x5, 0x20, 0x1f, 0xe2, 0xff, 0x68, 0x7,
    0xff, 0x24, 0xff, 0xff, 0xf8, 0x2c, 0x1, 0xff,
    0xc3, 0x2a, 0xaf, 0xe9, 0x0, 0x8c, 0x55, 0x7f,
    0xa8, 0x0, 0x8a, 0x1, 0xfd, 0x46, 0x5, 0x60,
    0x1f, 0xce, 0xa0, 0x3e, 0x1, 0xfc, 0x90, 0x0,
    0xa2, 0x0, 0xfc, 0x56, 0x0, 0x94, 0x0, 0xfc,
    0x3e, 0x0, 0x66, 0x0, 0x7f, 0x69, 0x2, 0x48,
    0x7, 0xf4, 0x98, 0x15, 0x0, 0x7f, 0x3b, 0x0,
    0xf8, 0x80, 0x7e, 0x48, 0x0, 0x51, 0x0, 0x7e,
    0x2b, 0x0, 0x4a, 0x0, 0x7e, 0x1f, 0x0, 0x33,
    0x0, 0x3f, 0xa0, 0x80, 0x71, 0x57, 0xf8, 0x8c,
    0x0, 0x35, 0x5f, 0xe4, 0x0, 0xff, 0xe1, 0x80,

    /* U+017F "ſ" */
    0x0, 0xe3, 0xad, 0xff, 0xb8, 0x3, 0x36, 0x29,
    0x0, 0x7c, 0x32, 0x0, 0x48, 0x99, 0x58, 0x4,
    0x80, 0x4, 0xb7, 0x66, 0x28, 0x4, 0x40, 0xc,
    0x0, 0xfd, 0xe0, 0x1, 0x0, 0xe4, 0xff, 0x38,
    0x7, 0xff, 0x21, 0x6e, 0xca, 0x1, 0xf8, 0x51,
    0x4, 0x1, 0xff, 0xff, 0x0, 0xff, 0xff, 0x80,
    0x7f, 0xf3, 0x80,

    /* U+0384 "΄" */
    0x0, 0xc7, 0xfe, 0xc0, 0xe, 0xe0, 0x1d, 0x0,
    0xd4, 0x41, 0xa2, 0x1, 0x32, 0x85, 0x18, 0x4,
    0x52, 0x10, 0xa0, 0x1b, 0x81, 0x9c, 0x3, 0x0,

    /* U+0385 "΅" */
    0x0, 0xf1, 0xff, 0xb0, 0x3, 0xc3, 0xa0, 0x5a,
    0x1, 0xed, 0x12, 0xc1, 0x0, 0xe9, 0x31, 0xf1,
    0x0, 0xe6, 0x60, 0xe1, 0x0, 0x78, 0x5f, 0x48,
    0x3, 0x9, 0x11, 0xa0, 0xc4, 0x88, 0x21, 0x7b,
    0xa9, 0x0, 0x4e, 0xea, 0xc0, 0x3f, 0xf9, 0x60,

    /* U+0386 "Ά" */
    0x0, 0xe4, 0x88, 0x18, 0x7, 0xff, 0x14, 0xad,
    0xd0, 0xc0, 0x3f, 0xf8, 0xbe, 0x3, 0xa0, 0x1f,
    0xfc, 0x59, 0x20, 0xd1, 0x17, 0xfd, 0xc0, 0x1f,
    0xf2, 0xb0, 0x59, 0x83, 0x80, 0x42, 0x80, 0x1f,
    0xc3, 0x61, 0x8, 0x0, 0xb0, 0xd, 0xe0, 0x1f,
    0xc8, 0xd2, 0xe0, 0x3, 0x20, 0x53, 0x4, 0x10,
    0xf, 0xcb, 0xc, 0x1, 0x50, 0x3, 0xa8, 0x0,
    0xc0, 0x1f, 0xfc, 0x26, 0x1, 0x47, 0x0, 0x50,
    0x7, 0xff, 0x5, 0x40, 0xc, 0x2, 0xa0, 0x46,
    0x1, 0xff, 0xc0, 0x90, 0x5, 0x0, 0x38, 0x1,
    0x20, 0x1f, 0xf1, 0x18, 0x19, 0x0, 0x10, 0x41,
    0x40, 0x3f, 0xea, 0x0, 0x58, 0x6, 0x70, 0x3,
    0x0, 0x7f, 0x98, 0x0, 0xc0, 0x1a, 0x80, 0x14,
    0x1, 0xfc, 0x82, 0x8, 0x20, 0x18, 0xc8, 0xc,
    0x80, 0x3f, 0x70, 0x3, 0x80, 0x3d, 0x40, 0xb,
    0x0, 0xf8, 0x54, 0x0, 0xa0, 0x1e, 0x60, 0x3,
    0x80, 0x7c, 0xc0, 0x1, 0xaa, 0xfa, 0xc0, 0x2,
    0xa0, 0x1e, 0xa0, 0x0, 0xaa, 0xfe, 0x0, 0xb8,
    0x3, 0x8c, 0x80, 0x3f, 0xf8, 0x48, 0x20, 0x1a,
    0x80, 0xf, 0xff, 0xfe, 0x60, 0x3, 0x0, 0x66,
    0x0, 0x50, 0x7, 0xfb, 0x40, 0x12, 0x1, 0x30,
    0x0, 0x88, 0x1, 0xfe, 0x41, 0x1, 0x40, 0x5,
    0x0, 0x28, 0x3, 0xff, 0x80, 0xc0, 0xe, 0x2,
    0x30, 0x3, 0x0, 0x7f, 0xf0, 0x2c, 0x0, 0xa3,
    0x40, 0x3, 0x10, 0xf, 0xfe, 0x1, 0x90, 0x1,
    0xc0,

    /* U+0387 "·" */
    0x9f, 0xf5, 0x80, 0x7f, 0xf0, 0x0,

    /* U+0388 "Έ" */
    0x0, 0xc3, 0x10, 0x60, 0xf, 0xfe, 0x3d, 0x3b,
    0x88, 0x3, 0xff, 0x8c, 0xe8, 0x12, 0x80, 0x1f,
    0xfc, 0x53, 0x80, 0x66, 0x1f, 0xff, 0xff, 0xa,
    0x0, 0x1c, 0x9, 0x20, 0x1f, 0xfc, 0x69, 0x22,
    0x50, 0x7, 0x95, 0x7f, 0xed, 0x10, 0x6f, 0x10,
    0xf, 0x55, 0x7f, 0xca, 0x33, 0x22, 0x0, 0xff,
    0xff, 0x80, 0x7f, 0xf8, 0xea, 0xbf, 0xe0, 0xf,
    0xfe, 0x2, 0xaf, 0xfc, 0x20, 0x1f, 0xfd, 0x6f,
    0xff, 0xf8, 0x40, 0x3f, 0xff, 0xe0, 0x1f, 0xff,
    0xf0, 0xf, 0xfe, 0x55, 0x57, 0xfd, 0x0, 0x1f,
    0xf2, 0xaf, 0xff, 0x0, 0x3, 0xff, 0x96,

    /* U+0389 "Ή" */
    0x0, 0xe7, 0x87, 0x0, 0xff, 0xe5, 0x44, 0x1c,
    0x40, 0x3f, 0xf9, 0x28, 0xe0, 0xcc, 0x0, 0xff,
    0xe4, 0xd, 0x2, 0x4a, 0x7f, 0xb4, 0x3, 0xfe,
    0xaf, 0xf3, 0x80, 0x28, 0x4a, 0xc0, 0x3f, 0xf9,
    0x2e, 0x83, 0xe0, 0x1f, 0xfc, 0xb7, 0xd2, 0x0,
    0xff, 0xe5, 0x3c, 0x18, 0x7, 0xff, 0xfc, 0x3,
    0xff, 0xe2, 0x55, 0x5f, 0xf2, 0x0, 0x7f, 0xf0,
    0x95, 0x7f, 0xe1, 0x0, 0xff, 0xed, 0x97, 0xff,
    0xfc, 0xa0, 0x1f, 0xff, 0xf0, 0xf, 0xff, 0xf8,
    0x7, 0xff, 0xfc, 0x3, 0xff, 0xb4,

    /* U+038A "Ί" */
    0x0, 0xe7, 0x87, 0x0, 0xfa, 0xa1, 0xc8, 0x3,
    0xca, 0xa0, 0x75, 0x0, 0xe2, 0xa0, 0x58, 0x3f,
    0xf8, 0x1, 0xc0, 0x74, 0x1, 0xe8, 0x31, 0xd0,
    0xf, 0xcd, 0x82, 0x1, 0xf4, 0x49, 0x0, 0x7f,
    0xff, 0xc0, 0x3f, 0xff, 0xe0, 0x1f, 0xfe, 0xb0,

    /* U+038C "Ό" */
    0x0, 0xc5, 0xfe, 0xd0, 0xf, 0xfe, 0x57, 0x0,
    0x38, 0x3, 0xff, 0x92, 0xc6, 0x12, 0x60, 0x1f,
    0xfc, 0x81, 0x90, 0x46, 0x0, 0xb, 0x5e, 0xf7,
    0xf6, 0x41, 0x80, 0x7f, 0x58, 0xd, 0x0, 0x23,
    0xa5, 0x8, 0x40, 0x4d, 0xf3, 0x6, 0x1, 0xe4,
    0x50, 0xd1, 0x16, 0x38, 0x4, 0x6a, 0xc8, 0x20,
    0x3, 0xc5, 0x0, 0xe9, 0x8, 0x30, 0xc3, 0x0,
    0x37, 0x65, 0x4d, 0xf5, 0x90, 0x2, 0x94, 0x3,
    0x6f, 0xb8, 0x51, 0x0, 0x2e, 0x44, 0x3, 0x93,
    0x4c, 0x1, 0x44, 0x1, 0xe3, 0x50, 0x4, 0xa0,
    0x7, 0xf6, 0x88, 0x2, 0x0, 0x3d, 0x0, 0x3,
    0x60, 0xf, 0xf0, 0xd8, 0x1, 0x48, 0x3, 0x90,
    0x1, 0x40, 0x1f, 0xfc, 0x5, 0x10, 0x2, 0x80,
    0x64, 0x0, 0x9c, 0x3, 0xff, 0x82, 0x80, 0xc,
    0x0, 0xc4, 0x0, 0x11, 0x0, 0x7f, 0xf0, 0x74,
    0x0, 0xc0, 0x1b, 0x80, 0x6, 0x1, 0xff, 0xc2,
    0x10, 0x1, 0x0, 0x7c, 0x20, 0x1f, 0xfc, 0x23,
    0x0, 0xff, 0xe6, 0x98, 0x7, 0xdc, 0x0, 0x20,
    0xf, 0xfe, 0x10, 0x80, 0x8, 0x3, 0x10, 0x0,
    0x44, 0x1, 0xff, 0xc1, 0xd0, 0x3, 0x0, 0x64,
    0x0, 0x9c, 0x3, 0xff, 0x82, 0x80, 0xc, 0x0,
    0xe4, 0x0, 0x50, 0x7, 0xff, 0x1, 0x44, 0x0,
    0xa0, 0x1d, 0xe0, 0x3, 0x60, 0xf, 0xf0, 0xd8,
    0x1, 0x48, 0x3, 0x91, 0x0, 0x9, 0x40, 0xf,
    0xed, 0x10, 0x4, 0x0, 0x7d, 0x44, 0x0, 0xb8,
    0x10, 0xe, 0x4d, 0x30, 0x5, 0x10, 0x7, 0xc3,
    0x84, 0x0, 0x7e, 0xca, 0x9b, 0xeb, 0x20, 0x5,
    0x28, 0x7, 0xf0, 0xeb, 0x80, 0x46, 0xac, 0x82,
    0x0, 0x3c, 0x50, 0xf, 0xfe, 0x4, 0x74, 0xa1,
    0x0, 0x4, 0xdf, 0x30, 0x60, 0x1c,

    /* U+038E "Ύ" */
    0x0, 0xc5, 0x10, 0x60, 0xf, 0xfe, 0x67, 0x3b,
    0x94, 0x3, 0xff, 0x97, 0x6, 0x14, 0x60, 0x1f,
    0xfc, 0xa4, 0x70, 0x85, 0x1f, 0xf9, 0x40, 0x3f,
    0xe7, 0xff, 0x68, 0x0, 0x68, 0x15, 0xc0, 0x64,
    0x1, 0x62, 0x1, 0xfc, 0x50, 0x0, 0xe0, 0x5,
    0x9, 0xd0, 0x4, 0xc8, 0x3, 0x40, 0x1f, 0xdc,
    0x0, 0x73, 0x2, 0x23, 0xe8, 0x7, 0x50, 0x82,
    0x28, 0x7, 0xd0, 0x60, 0x50, 0x0, 0x29, 0x81,
    0x0, 0xe1, 0xb0, 0x5, 0x8, 0x7, 0x1b, 0x80,
    0x38, 0x3, 0xff, 0x82, 0xaa, 0x0, 0x50, 0x7,
    0x70, 0x2, 0xc, 0x3, 0xff, 0x85, 0x62, 0x8,
    0xc0, 0x14, 0x10, 0x1b, 0x80, 0x7f, 0xf0, 0xc6,
    0x80, 0x12, 0x40, 0x6e, 0x0, 0xe0, 0xf, 0xfe,
    0x2a, 0x30, 0x3, 0x83, 0x80, 0x10, 0x40, 0x1f,
    0xfc, 0x69, 0x20, 0x3d, 0x20, 0x37, 0x0, 0xff,
    0xe4, 0x70, 0x0, 0x80, 0x1c, 0x1, 0xff, 0xc9,
    0x37, 0x0, 0xa4, 0x80, 0x3f, 0xf9, 0x54, 0x1,
    0x30, 0x7, 0xff, 0xfc, 0x3, 0xff, 0xfe, 0x1,
    0xff, 0xff, 0x0, 0xff, 0xf9, 0x80,

    /* U+038F "Ώ" */
    0x0, 0xc7, 0x10, 0x50, 0xf, 0xfe, 0x57, 0x3b,
    0xc0, 0x1f, 0xfc, 0x99, 0x20, 0xb2, 0x0, 0xff,
    0xe4, 0x23, 0x3, 0xa0, 0x0, 0x9e, 0xf7, 0xfd,
    0xd8, 0xe4, 0x1, 0xf8, 0x68, 0x12, 0x0, 0x67,
    0x61, 0x8, 0x0, 0x27, 0x1b, 0x44, 0x1, 0xeb,
    0x12, 0xb0, 0x3f, 0x60, 0x8, 0x8d, 0x8, 0x2,
    0x5c, 0x40, 0xc, 0x6e, 0x5e, 0x5, 0x82, 0x0,
    0x7e, 0xdc, 0xbd, 0xe8, 0x10, 0x1b, 0x40, 0x8,
    0xf7, 0x44, 0x1e, 0x0, 0x1d, 0x81, 0x0, 0xc2,
    0xfe, 0x40, 0xa, 0x10, 0xf, 0x39, 0x0, 0x30,
    0x80, 0x3f, 0xe, 0x8, 0xc, 0x0, 0x7a, 0x40,
    0xe, 0x40, 0x1f, 0xe1, 0x80, 0x3, 0x8, 0x6,
    0x31, 0x0, 0x48, 0x7, 0xff, 0x1, 0x84, 0x0,
    0x80, 0x19, 0x0, 0x6, 0x20, 0x1f, 0xfc, 0x14,
    0x0, 0x60, 0x6, 0xe0, 0x3, 0x0, 0x7f, 0xf0,
    0x88, 0x0, 0x40, 0x18, 0xc0, 0x6, 0x1, 0xff,
    0xc2, 0xf0, 0x3, 0x80, 0x7f, 0xf4, 0x88, 0x0,
    0x40, 0x1f, 0xfc, 0x2e, 0x0, 0x30, 0x6, 0xe0,
    0x2, 0x80, 0x7f, 0xf0, 0x90, 0x1, 0xa0, 0x19,
    0xc0, 0x2, 0x80, 0x1f, 0xfc, 0x2, 0x20, 0x1,
    0x0, 0x30, 0xa0, 0x3, 0xc0, 0x3f, 0xf8, 0x16,
    0x0, 0x23, 0x0, 0xe8, 0x0, 0x22, 0x0, 0x3f,
    0xc6, 0xc0, 0x8, 0x0, 0xf1, 0xb8, 0x2, 0x88,
    0x3, 0xf0, 0xf0, 0x1, 0x54, 0x1, 0xf4, 0x28,
    0xf, 0x90, 0x7, 0x87, 0x48, 0xe, 0x80, 0x3f,
    0xa9, 0x0, 0xb5, 0x40, 0x32, 0x79, 0x81, 0xe8,
    0x7, 0xd7, 0x99, 0x38, 0x5, 0x4c, 0x0, 0x4b,
    0x10, 0x0, 0xee, 0x64, 0x1, 0x90, 0xcf, 0x0,
    0x61, 0x0, 0xf8, 0x8c, 0xf0, 0x80, 0x7f, 0xf3,
    0x80,

    /* U+0390 "ΐ" */
    0x0, 0xf1, 0x44, 0x18, 0x3, 0xdc, 0xee, 0x50,
    0xe, 0x93, 0xb, 0x30, 0xc, 0x8c, 0x10, 0x80,
    0x18, 0x68, 0x19, 0xc0, 0x3a, 0x85, 0x24, 0x3,
    0x88, 0xe2, 0x80, 0x3c, 0x50, 0xe2, 0x1, 0xbb,
    0xfc, 0x80, 0xd, 0xff, 0x28, 0x7, 0xff, 0x23,
    0x37, 0x48, 0x0, 0xfd, 0xd2, 0x91, 0x40, 0x11,
    0x14, 0x1, 0xff, 0xc1, 0x2f, 0xf6, 0x0, 0x7f,
    0xff, 0xc0, 0x3f, 0xfb, 0xa6, 0x1, 0xfc, 0x20,
    0x2, 0x0, 0xf8, 0xc0, 0x4c, 0x3, 0xd4, 0x0,
    0xd9, 0x76, 0x0, 0x98, 0xc0, 0x5a, 0x24, 0x3,
    0x64, 0x18, 0x4,

    /* U+0391 "Α" */
    0x0, 0xfc, 0x3f, 0xf7, 0x0, 0x7f, 0xf1, 0x5c,
    0x2, 0x14, 0x0, 0xff, 0xe2, 0x58, 0x6, 0xf0,
    0xf, 0xfe, 0x19, 0x90, 0x29, 0x82, 0x8, 0x7,
    0xff, 0xa, 0x80, 0x1d, 0x40, 0x6, 0x0, 0xff,
    0xe1, 0x30, 0xa, 0x38, 0x2, 0x80, 0x3f, 0xf8,
    0x2a, 0x0, 0x60, 0x15, 0x2, 0x30, 0xf, 0xfe,
    0x4, 0x80, 0x28, 0x1, 0xc0, 0x9, 0x0, 0xff,
    0x88, 0xc0, 0xc8, 0x0, 0x82, 0xa, 0x1, 0xff,
    0x50, 0x2, 0xc0, 0x33, 0x80, 0x18, 0x3, 0xfc,
    0xc0, 0x6, 0x0, 0xd4, 0x0, 0xa0, 0xf, 0xe4,
    0x10, 0x41, 0x0, 0xc6, 0x40, 0x64, 0x1, 0xfb,
    0x80, 0x1c, 0x1, 0xea, 0x0, 0x58, 0x7, 0xc2,
    0xa0, 0x5, 0x0, 0xf3, 0x0, 0x1c, 0x3, 0xe6,
    0x0, 0xd, 0x57, 0xd6, 0x0, 0x15, 0x0, 0xf5,
    0x0, 0x5, 0x57, 0xf0, 0x5, 0xc0, 0x1c, 0x64,
    0x1, 0xff, 0xc2, 0x41, 0x0, 0xd4, 0x0, 0x7f,
    0xff, 0xf3, 0x0, 0x18, 0x3, 0x30, 0x2, 0x80,
    0x3f, 0xda, 0x0, 0x90, 0x9, 0x80, 0x4, 0x40,
    0xf, 0xf2, 0x8, 0xa, 0x0, 0x28, 0x1, 0x40,
    0x1f, 0xfc, 0x6, 0x0, 0x70, 0x11, 0x80, 0x18,
    0x3, 0xff, 0x81, 0x60, 0x5, 0x1a, 0x0, 0x18,
    0x80, 0x7f, 0xf0, 0xc, 0x80, 0xe,

    /* U+0392 "Β" */
    0xdf, 0xff, 0xdd, 0x92, 0x60, 0x1f, 0xfc, 0x11,
    0x36, 0xca, 0x0, 0xf2, 0x33, 0x65, 0x40, 0x9,
    0x6c, 0x3, 0xbe, 0x67, 0x55, 0xfb, 0x0, 0x11,
    0x0, 0x1f, 0xfc, 0x9, 0x30, 0x6, 0x80, 0x7f,
    0xf0, 0x50, 0x0, 0x40, 0x1f, 0xfc, 0x42, 0x0,
    0xff, 0xe0, 0xa0, 0x3, 0xc0, 0x3f, 0xf8, 0x10,
    0x60, 0x2c, 0x1, 0xbe, 0x67, 0xaf, 0x9c, 0x7,
    0x40, 0x39, 0x19, 0xb9, 0x4, 0x1f, 0x8c, 0x3,
    0xff, 0x84, 0xfa, 0x60, 0x1d, 0x7f, 0xfd, 0xd6,
    0xa0, 0x58, 0x80, 0x1f, 0xe1, 0x4a, 0x80, 0x5,
    0x0, 0x7f, 0xf0, 0x5c, 0x40, 0x54, 0x3, 0xff,
    0x82, 0xa0, 0xc, 0x0, 0xff, 0xe0, 0x88, 0x0,
    0xc0, 0x3f, 0xf8, 0x2c, 0x0, 0x30, 0xf, 0xfe,
    0x1, 0x98, 0x1, 0xe0, 0x1f, 0xf2, 0x68, 0x0,
    0x5c, 0x2, 0xf9, 0x9e, 0xad, 0xb1, 0x0, 0x58,
    0x80, 0x48, 0xcd, 0xca, 0x40, 0x1, 0xa5, 0x0,
    0xff, 0x89, 0x67, 0x94, 0x0,

    /* U+0393 "Γ" */
    0xdf, 0xff, 0xfe, 0xd, 0x0, 0x7f, 0xf1, 0x8d,
    0x57, 0xfd, 0xa0, 0x14, 0x55, 0x7f, 0x9c, 0x3,
    0xff, 0xfe, 0x1, 0xff, 0xff, 0x0, 0xff, 0xff,
    0x80, 0x7f, 0xfc, 0x0,

    /* U+0394 "Δ" */
    0x0, 0xfc, 0x3f, 0xf7, 0x0, 0x7f, 0xf1, 0x5c,
    0x2, 0x14, 0x0, 0xff, 0xe2, 0x58, 0x6, 0xf0,
    0xf, 0xfe, 0x19, 0x90, 0x29, 0x82, 0x8, 0x7,
    0xff, 0xa, 0x80, 0x1d, 0x40, 0x6, 0x0, 0xff,
    0xe1, 0x30, 0xa, 0x38, 0x2, 0x80, 0x3f, 0xf8,
    0x2a, 0x0, 0x60, 0x15, 0x2, 0x30, 0xf, 0xfe,
    0x4, 0x80, 0x2c, 0x1, 0xe0, 0x9, 0x0, 0xff,
    0x88, 0xc0, 0x8c, 0x0, 0xa2, 0xa, 0x1, 0xff,
    0x50, 0x2, 0x80, 0x33, 0x80, 0x18, 0x3, 0xfc,
    0xc0, 0x6, 0x0, 0xd4, 0x0, 0xa0, 0xf, 0xe4,
    0x10, 0x41, 0x0, 0xc6, 0x40, 0x64, 0x1, 0xfb,
    0x80, 0x1a, 0x1, 0xea, 0x0, 0x58, 0x7, 0xc2,
    0xa0, 0x6, 0x0, 0xf2, 0x80, 0x1c, 0x3, 0xe6,
    0x0, 0x28, 0x7, 0xc4, 0x60, 0x2a, 0x1, 0xea,
    0x0, 0x70, 0x7, 0xea, 0x0, 0x70, 0x7, 0x19,
    0x0, 0xa0, 0x7, 0xe7, 0x0, 0x20, 0x80, 0x6a,
    0x0, 0x38, 0x7, 0xf0, 0xa8, 0x1, 0x80, 0x33,
    0x0, 0x28, 0x3, 0xfd, 0xe0, 0x9, 0x0, 0x98,
    0x0, 0x46, 0x1, 0xfe, 0x51, 0x1, 0x40, 0x5,
    0x0, 0x55, 0x5f, 0xfc, 0x0, 0xb, 0x80, 0x8c,
    0x0, 0x4a, 0xbf, 0xfc, 0x1, 0x0, 0x28, 0xd0,
    0x7, 0xff, 0x21, 0xc0,

    /* U+0395 "Ε" */
    0xdf, 0xff, 0xfe, 0xf, 0x0, 0x7f, 0xf2, 0xd,
    0x57, 0xfc, 0xe0, 0x1a, 0x2a, 0xbf, 0xd2, 0x1,
    0xff, 0xff, 0x0, 0xfe, 0x8a, 0xaf, 0xf2, 0x0,
    0x63, 0x55, 0xff, 0x10, 0x7, 0xff, 0x22, 0xff,
    0xff, 0xcc, 0x1, 0xff, 0xff, 0x0, 0xff, 0xee,
    0xc5, 0x57, 0xfc, 0x20, 0x11, 0xaa, 0xff, 0xc6,
    0x1, 0xff, 0xc4,

    /* U+0396 "Ζ" */
    0x3f, 0xff, 0xfe, 0x31, 0x0, 0x7f, 0xf2, 0x5,
    0x57, 0xff, 0x84, 0x1, 0x9, 0x12, 0xab, 0xff,
    0x83, 0xa0, 0x15, 0x0, 0x7f, 0xf0, 0x96, 0x0,
    0x12, 0x80, 0x1f, 0xfc, 0x12, 0xa0, 0x3, 0x30,
    0x3, 0xff, 0x82, 0x38, 0x0, 0x49, 0x0, 0xff,
    0xe1, 0x68, 0x81, 0x50, 0x7, 0xff, 0xa, 0x4c,
    0x1, 0xe2, 0x1, 0xff, 0xc1, 0x76, 0x0, 0x59,
    0x0, 0x7f, 0xf0, 0x52, 0x0, 0x10, 0x80, 0x1f,
    0xfc, 0x12, 0xa0, 0x2, 0xb8, 0x7, 0xff, 0xb,
    0xc4, 0xe, 0x80, 0x3f, 0xf8, 0x56, 0x40, 0x3a,
    0x1, 0xff, 0xc2, 0x84, 0x0, 0x68, 0x80, 0x7f,
    0xf0, 0x59, 0xc0, 0x14, 0x60, 0x1f, 0xfc, 0x13,
    0x90, 0x3, 0xa8, 0x7, 0xff, 0x4, 0x74, 0x0,
    0x90, 0x1, 0xff, 0xc2, 0xd1, 0x2, 0xb0, 0xf,
    0xfe, 0x15, 0x18, 0xf, 0x80, 0x7f, 0xf0, 0x99,
    0x40, 0x7, 0x15, 0x5f, 0xfc, 0x15, 0xf0, 0x8,
    0x95, 0x7f, 0xf8, 0x44, 0x1, 0xff, 0xc8,

    /* U+0397 "Η" */
    0xdf, 0xf2, 0x0, 0x7f, 0x8f, 0xfd, 0xc0, 0x1f,
    0xff, 0xf0, 0xf, 0xff, 0xe4, 0x55, 0x7f, 0xa0,
    0x3, 0xc6, 0xab, 0xfe, 0x40, 0xf, 0xfe, 0x65,
    0xff, 0xff, 0xb0, 0x3, 0xff, 0xfe, 0x1, 0xff,
    0xff, 0x0, 0xff, 0xea, 0x80,

    /* U+0398 "Θ" */
    0x0, 0xf9, 0x27, 0x7b, 0xfb, 0x69, 0x40, 0x3f,
    0xf8, 0x9, 0xb6, 0xc4, 0x20, 0x24, 0xb5, 0xcc,
    0x1, 0xfd, 0x16, 0x40, 0x1, 0x56, 0x52, 0x0,
    0xc, 0xd0, 0x7, 0xd0, 0xe0, 0x3, 0xce, 0xa9,
    0xad, 0xd2, 0x80, 0x16, 0xc0, 0x39, 0x1c, 0x0,
    0xb8, 0x60, 0x1c, 0x55, 0x0, 0x4, 0x70, 0xd,
    0x20, 0x3, 0xa0, 0xf, 0xe7, 0x60, 0x4, 0x8,
    0x1, 0x48, 0x1, 0xe0, 0x1f, 0xf4, 0x88, 0x2,
    0x40, 0x1e, 0x0, 0x33, 0x0, 0x7f, 0xf0, 0x1c,
    0x0, 0xa0, 0x4, 0x0, 0x58, 0x7, 0xff, 0x7,
    0x40, 0x4, 0x20, 0x20, 0x3, 0xe, 0xff, 0xff,
    0xa, 0x80, 0x44, 0x40, 0x9, 0xc0, 0x3f, 0xf8,
    0x22, 0x1, 0x30, 0x6, 0x10, 0x75, 0x5f, 0xf0,
    0x7, 0xff, 0x2, 0x6a, 0xbf, 0xc2, 0x1, 0xc4,
    0x1, 0x30, 0x7, 0xff, 0x4, 0x40, 0x26, 0x1,
    0x0, 0x18, 0x7, 0xff, 0x5, 0x40, 0x22, 0x4,
    0x0, 0x58, 0x7, 0xff, 0x7, 0x40, 0x4, 0x21,
    0xe0, 0x3, 0x20, 0xf, 0xfe, 0x3, 0x80, 0x14,
    0x0, 0xa4, 0x0, 0xe0, 0xf, 0xfa, 0x44, 0x1,
    0x20, 0x14, 0x80, 0xe, 0x40, 0x3f, 0x99, 0x80,
    0x8, 0x10, 0x9, 0x1c, 0x0, 0xd8, 0x60, 0x1c,
    0x55, 0x20, 0x4, 0x70, 0xe, 0x87, 0x0, 0x1e,
    0x6d, 0x4d, 0x6e, 0x94, 0x0, 0xb6, 0x1, 0xf4,
    0x59, 0x0, 0x9, 0x59, 0x48, 0x0, 0x33, 0x40,
    0x1f, 0xc9, 0xb6, 0xc4, 0x20, 0x24, 0xb5, 0xcc,
    0x1, 0xc0,

    /* U+0399 "Ι" */
    0xdf, 0xf2, 0x0, 0x7f, 0xff, 0xc0, 0x3f, 0xf8,
    0x20,

    /* U+039A "Κ" */
    0xdf, 0xf2, 0x0, 0x7f, 0x5f, 0xfc, 0xa0, 0x1f,
    0xfc, 0x1, 0xc4, 0x0, 0x5a, 0x80, 0x7f, 0xc3,
    0x86, 0x3, 0x88, 0x1, 0xff, 0x16, 0x10, 0xe,
    0x18, 0x7, 0xfc, 0x58, 0x40, 0x5e, 0x40, 0x1f,
    0xf1, 0xe0, 0x81, 0xe0, 0x80, 0x7f, 0xc9, 0x82,
    0x7, 0x82, 0x1, 0xff, 0x2d, 0x80, 0x13, 0x0,
    0x3f, 0xf8, 0xd, 0x40, 0x5, 0xb0, 0xf, 0xfe,
    0x7, 0xc8, 0x1, 0xe8, 0x3, 0xff, 0x82, 0x80,
    0x6, 0x80, 0xf, 0xfe, 0x2b, 0x90, 0x7, 0xff,
    0xa, 0x4, 0x7, 0x8, 0x3, 0xff, 0x82, 0x78,
    0x20, 0x38, 0x40, 0x1f, 0xfc, 0x12, 0xc1, 0x1,
    0xc2, 0x0, 0xff, 0xe0, 0x96, 0x8, 0xe, 0x10,
    0x7, 0xff, 0x4, 0xb0, 0x40, 0x70, 0x80, 0x3f,
    0xf8, 0x25, 0x82, 0x3, 0x84, 0x1, 0xff, 0xc1,
    0x2c, 0x10, 0x1c, 0x20, 0xf, 0xfe, 0x9, 0x60,
    0x80, 0xe1, 0x80, 0x7f, 0xf0, 0x4b, 0x4, 0x7,
    0x4c, 0x3, 0xff, 0x82, 0x58, 0x20, 0x3a, 0x60,
    0x1f, 0xfc, 0x12, 0xc1, 0x1, 0xc3,

    /* U+039B "Λ" */
    0x0, 0xfc, 0x3f, 0xf7, 0x0, 0x7f, 0xf1, 0x5c,
    0x2, 0x14, 0x0, 0xff, 0xe2, 0x58, 0x6, 0xf0,
    0xf, 0xfe, 0x19, 0x90, 0x18, 0x82, 0x8, 0x7,
    0xff, 0xa, 0x80, 0x14, 0xc0, 0x6, 0x0, 0xff,
    0xe1, 0x30, 0x1, 0xe8, 0x1, 0x40, 0x1f, 0xfc,
    0x15, 0x0, 0x28, 0x91, 0x81, 0x18, 0x7, 0xff,
    0x2, 0x40, 0x1c, 0x0, 0xa0, 0x4, 0x80, 0x7f,
    0xc4, 0x60, 0x28, 0x0, 0x70, 0x2, 0x80, 0x7f,
    0xd4, 0x0, 0x60, 0x8, 0x54, 0x0, 0xc0, 0x1f,
    0xe6, 0x0, 0x58, 0x6, 0xe0, 0x5, 0x0, 0x7f,
    0x20, 0x81, 0x18, 0x6, 0x41, 0x3, 0x20, 0xf,
    0xdc, 0x0, 0xa0, 0xf, 0x30, 0x2, 0xc0, 0x3e,
    0x15, 0x0, 0x30, 0x7, 0xa8, 0x0, 0xe0, 0x1f,
    0x30, 0x1, 0x4, 0x3, 0xc4, 0x40, 0x15, 0x0,
    0xf5, 0x0, 0x38, 0x3, 0xf5, 0x0, 0x38, 0x3,
    0x8c, 0x80, 0xa, 0x1, 0xf9, 0x80, 0x8, 0x20,
    0x1a, 0x80, 0xc, 0x1, 0xfc, 0x28, 0x0, 0x60,
    0xc, 0xc0, 0xa, 0x0, 0xff, 0x70, 0x2, 0x40,
    0x26, 0x0, 0x11, 0x80, 0x7f, 0x94, 0x40, 0x50,
    0x1, 0x40, 0xa, 0x0, 0xff, 0xe0, 0x38, 0x3,
    0x80, 0x8c, 0x0, 0xa0, 0x1f, 0xfc, 0xa, 0x0,
    0x28, 0xd0, 0x0, 0xc8, 0x3, 0xff, 0x80, 0x64,
    0x0, 0x70,

    /* U+039C "Μ" */
    0xdf, 0xfc, 0x20, 0x1f, 0xe6, 0xff, 0xce, 0x1,
    0xce, 0x1, 0xfe, 0xa0, 0xf, 0xf5, 0x0, 0x7f,
    0x11, 0x80, 0x7e, 0x40, 0x32, 0x0, 0xfd, 0x40,
    0x4, 0x0, 0xf7, 0x0, 0x28, 0x3, 0xf3, 0x1,
    0x90, 0x7, 0x98, 0xc1, 0x80, 0x3e, 0x51, 0xa,
    0x0, 0xfd, 0x40, 0x2a, 0x1, 0xee, 0x0, 0x30,
    0x7, 0xe6, 0x0, 0x70, 0x7, 0xa, 0x3, 0x0,
    0x7f, 0x94, 0x10, 0x40, 0x33, 0x0, 0x28, 0x3,
    0xfd, 0x20, 0x6, 0x0, 0xd4, 0x4, 0x60, 0x1f,
    0xe3, 0x20, 0xa0, 0x8, 0xc8, 0x28, 0x3, 0xff,
    0x81, 0x40, 0x46, 0x0, 0xa0, 0x3, 0x0, 0x7f,
    0xf0, 0x18, 0x1, 0x40, 0x6, 0x4, 0x10, 0xf,
    0xfe, 0x0, 0xa0, 0x30, 0x30, 0x3, 0x80, 0x3f,
    0xf8, 0x5c, 0x0, 0x5a, 0x1, 0x50, 0xf, 0xfe,
    0x12, 0x88, 0x41, 0x83, 0x80, 0x7f, 0xf1, 0x1c,
    0x8, 0x1, 0x60, 0x1f, 0xfc, 0x4a, 0x0, 0x8c,
    0x80, 0x3f, 0xf8, 0x86, 0xec, 0xc8, 0x0, 0xff,
    0xe3, 0x44, 0xc9, 0x0, 0x3f, 0xff, 0xe0,

    /* U+039D "Ν" */
    0xdf, 0xfa, 0x80, 0x3f, 0x93, 0xfd, 0x80, 0x19,
    0x4c, 0x3, 0xff, 0x8b, 0x0, 0x1f, 0xfc, 0x54,
    0x40, 0x7, 0xff, 0x9, 0x80, 0x10, 0x1, 0xff,
    0xc2, 0xa2, 0x3, 0x50, 0xf, 0xfe, 0x14, 0x0,
    0x20, 0x3, 0xff, 0x84, 0xa6, 0x4, 0xc0, 0x1f,
    0xfc, 0x28, 0x0, 0x40, 0x7, 0xff, 0x9, 0x10,
    0x2, 0xe0, 0x1f, 0xfc, 0x29, 0x0, 0x40, 0x80,
    0x7f, 0xf0, 0x49, 0x40, 0x10, 0x1, 0xff, 0xc2,
    0x80, 0x3, 0x10, 0x7, 0xff, 0x4, 0x98, 0x1,
    0x0, 0x1f, 0xfc, 0x28, 0x0, 0x29, 0x80, 0x7f,
    0xf0, 0x46, 0x0, 0x10, 0x1, 0xff, 0xc2, 0x71,
    0x4, 0x40, 0x7, 0xff, 0xa, 0x0, 0x10, 0x1,
    0xff, 0xc2, 0x62, 0x3, 0xd0, 0xf, 0xfe, 0x14,
    0x0, 0x18, 0x3, 0xff, 0x84, 0xa6, 0x1, 0xff,
    0xc5, 0x80, 0xf, 0xfe, 0x2a, 0x20, 0x3, 0x0,

    /* U+039E "Ξ" */
    0xdf, 0xff, 0xfe, 0xc, 0x0, 0x7f, 0xf0, 0xd1,
    0x57, 0xff, 0x83, 0xb3, 0x55, 0xff, 0xc1, 0x50,
    0xf, 0xff, 0xf8, 0x15, 0x57, 0xfa, 0x40, 0x21,
    0x55, 0xff, 0x38, 0x7, 0xff, 0x18, 0xff, 0xff,
    0xdc, 0x1, 0xff, 0xff, 0x0, 0xff, 0xea, 0x4d,
    0x57, 0xff, 0x5, 0x51, 0x57, 0xff, 0x83, 0xa0,
    0x1f, 0xfc, 0x30,

    /* U+039F "Ο" */
    0x0, 0xf9, 0x27, 0x7b, 0xfb, 0x69, 0x40, 0x3f,
    0xf8, 0xb, 0xb6, 0xc4, 0x20, 0x24, 0xb5, 0xcc,
    0x1, 0xfd, 0x14, 0x40, 0x1, 0x56, 0x52, 0x0,
    0xc, 0xd0, 0x7, 0xd0, 0xe0, 0x3, 0xce, 0xa9,
    0xad, 0xd2, 0x80, 0x16, 0xc0, 0x39, 0x1c, 0x0,
    0xb8, 0x60, 0x1c, 0x55, 0x0, 0x4, 0x70, 0xd,
    0x20, 0x3, 0xa0, 0xf, 0xe7, 0x60, 0x4, 0x8,
    0x1, 0x48, 0x1, 0xc0, 0x1f, 0xf4, 0x80, 0x52,
    0x0, 0xf0, 0x1, 0x90, 0x7, 0xff, 0x1, 0x80,
    0xa, 0x0, 0x40, 0x5, 0x80, 0x7f, 0xf0, 0x74,
    0x0, 0x42, 0x2, 0x0, 0x30, 0xf, 0xfe, 0xa,
    0x80, 0x44, 0x40, 0x9, 0xc0, 0x3f, 0xf8, 0x22,
    0x1, 0x30, 0x6, 0x10, 0xf, 0xfe, 0xe9, 0x0,
    0x4c, 0x1, 0xff, 0xc1, 0x10, 0x9, 0x80, 0x40,
    0x6, 0x1, 0xff, 0xc1, 0x50, 0x8, 0x81, 0x0,
    0x16, 0x1, 0xff, 0xc1, 0xd0, 0x1, 0x8, 0x78,
    0x0, 0xc8, 0x3, 0xff, 0x80, 0xe0, 0x5, 0x0,
    0x29, 0x0, 0x38, 0x3, 0xfe, 0x91, 0x0, 0x48,
    0x5, 0x0, 0x3, 0x90, 0xf, 0xe7, 0x60, 0x4,
    0x8, 0x4, 0xae, 0x0, 0x6c, 0x30, 0xe, 0x2a,
    0x80, 0x2, 0x38, 0x7, 0x43, 0x80, 0xf, 0x36,
    0xa6, 0xb7, 0x4a, 0x0, 0x5b, 0x0, 0xfa, 0x28,
    0x80, 0x4, 0xac, 0xa4, 0x0, 0x19, 0xa0, 0xf,
    0xe5, 0xdb, 0x62, 0x10, 0x12, 0x5a, 0xe6, 0x0,
    0xe0,

    /* U+03A0 "Π" */
    0xdf, 0xff, 0xfe, 0x27, 0x0, 0x7f, 0xf2, 0x4d,
    0x57, 0xfc, 0x80, 0x1e, 0x8a, 0xaf, 0xf4, 0x0,
    0x7f, 0xff, 0xc0, 0x3f, 0xff, 0xe0, 0x1f, 0xff,
    0xf0, 0xf, 0xff, 0xf8, 0x7, 0xff, 0x84,

    /* U+03A1 "Ρ" */
    0xdf, 0xff, 0xbb, 0x24, 0xc0, 0x3f, 0xf8, 0x2,
    0x6d, 0x96, 0x20, 0x1c, 0x8c, 0xd2, 0xa0, 0x4,
    0x98, 0x1, 0xdf, 0x33, 0x55, 0xfb, 0x0, 0xa,
    0x0, 0x3f, 0xe9, 0x40, 0x2, 0x80, 0x7f, 0xf0,
    0x3c, 0x0, 0x42, 0x1, 0xff, 0x30, 0x4, 0x60,
    0x1f, 0xf0, 0x80, 0x7f, 0xf0, 0xd4, 0x2, 0x20,
    0xf, 0xf0, 0xc0, 0x0, 0xc0, 0x3f, 0x85, 0xbc,
    0x40, 0x10, 0x1, 0xaf, 0xff, 0x74, 0x88, 0x1,
    0xd0, 0x3, 0xff, 0x80, 0x55, 0x0, 0x1c, 0x8c,
    0xd9, 0xe7, 0x35, 0x40, 0x3d, 0xf3, 0x3a, 0x18,
    0xc0, 0x3f, 0xff, 0xe0, 0x1f, 0xfe, 0xe0,

    /* U+03A3 "Σ" */
    0xdf, 0xff, 0xfe, 0xf, 0x0, 0x7f, 0xf1, 0x44,
    0x2, 0x55, 0xff, 0x38, 0x70, 0x80, 0xa, 0xab,
    0xfa, 0x40, 0xb4, 0x0, 0xee, 0x0, 0xff, 0x8e,
    0xc0, 0x10, 0xc0, 0x1f, 0xf2, 0x50, 0x2, 0x54,
    0x3, 0xfe, 0x59, 0x0, 0x52, 0x0, 0x7f, 0xcd,
    0x0, 0xb, 0x30, 0xf, 0xf9, 0xdc, 0x0, 0xd2,
    0x0, 0xff, 0xa1, 0x40, 0x70, 0x40, 0x3f, 0xc2,
    0xe0, 0x4, 0x10, 0xf, 0xf5, 0x10, 0x15, 0x0,
    0x7f, 0xa1, 0x0, 0x1e, 0x1, 0xfe, 0x47, 0x0,
    0x59, 0x0, 0x7f, 0x15, 0x80, 0x1d, 0x0, 0x3f,
    0xde, 0x0, 0x48, 0x0, 0xff, 0x51, 0x0, 0xd0,
    0x7, 0xf9, 0x94, 0x1, 0xa2, 0x1, 0xfc, 0x72,
    0x0, 0x93, 0x0, 0xff, 0x70, 0x5, 0x95, 0x5f,
    0xe1, 0x0, 0xca, 0xbf, 0xf1, 0x80, 0x7f, 0xf1,
    0x0,

    /* U+03A4 "Τ" */
    0x1f, 0xff, 0xfe, 0x3d, 0x0, 0x7f, 0xf2, 0x95,
    0x7f, 0x0, 0x46, 0xab, 0xf6, 0xd, 0x57, 0xe2,
    0x0, 0x4d, 0x57, 0xcc, 0x1, 0xff, 0xff, 0x0,
    0xff, 0xff, 0x80, 0x7f, 0xff, 0xc0, 0x3f, 0xff,
    0xe0, 0x1f, 0xff, 0xf0, 0xf, 0xfe, 0x60,

    /* U+03A5 "Υ" */
    0xb, 0xff, 0x50, 0x7, 0xfc, 0x5f, 0xf2, 0x5,
    0x8, 0x2a, 0x80, 0x3f, 0xdc, 0x0, 0x64, 0x1,
    0xb0, 0x5, 0x88, 0x7, 0xe7, 0x30, 0x29, 0x0,
    0x95, 0x40, 0x34, 0x1, 0xf1, 0x40, 0x3, 0x80,
    0x3a, 0xc4, 0x11, 0x80, 0x3d, 0xe0, 0x7, 0x30,
    0xe, 0x1a, 0x0, 0x49, 0x0, 0x68, 0x20, 0x28,
    0x0, 0xf9, 0x18, 0x1, 0xc0, 0x11, 0xb8, 0x3,
    0xc0, 0x3f, 0xa4, 0x80, 0xdc, 0x1, 0xc0, 0x8,
    0x20, 0xf, 0xf4, 0x80, 0x20, 0xa0, 0x80, 0xdc,
    0x3, 0xfe, 0x47, 0x0, 0x7b, 0x80, 0x38, 0x3,
    0xff, 0x83, 0x4, 0x4, 0x0, 0x92, 0x0, 0xff,
    0xe1, 0x70, 0x4, 0x8c, 0x1, 0xff, 0xc3, 0x32,
    0x0, 0x70, 0x7, 0xff, 0xfc, 0x3, 0xff, 0xfe,
    0x1, 0xff, 0xf8,

    /* U+03A6 "Φ" */
    0x0, 0xff, 0x7f, 0xc6, 0x1, 0xff, 0xdb, 0x14,
    0x70, 0xa, 0x94, 0x40, 0x3f, 0xf8, 0x9, 0x7d,
    0x70, 0x1, 0x35, 0x76, 0x28, 0x7, 0xf5, 0x5a,
    0x0, 0x7f, 0x1d, 0x61, 0x0, 0x7b, 0x14, 0x0,
    0x51, 0xa0, 0x15, 0xca, 0x0, 0xf, 0x8, 0x3,
    0x59, 0x80, 0x23, 0x5c, 0x80, 0x27, 0x6b, 0xa1,
    0x1, 0xf0, 0x9, 0x10, 0x0, 0x97, 0x0, 0xfe,
    0x5d, 0x0, 0x13, 0x80, 0x3c, 0x0, 0x6c, 0x1,
    0xff, 0x1b, 0x0, 0x24, 0x0, 0x80, 0xa, 0x0,
    0xff, 0xe0, 0xd0, 0x0, 0x48, 0x40, 0x25, 0x0,
    0xff, 0xe0, 0x98, 0x4, 0xc6, 0x1, 0x8, 0x7,
    0xff, 0x14, 0x4c, 0x2, 0x10, 0xf, 0xfe, 0x28,
    0x88, 0x2, 0x50, 0xf, 0xfe, 0x9, 0x80, 0x4c,
    0x8, 0x0, 0xa0, 0xf, 0xfe, 0xd, 0x0, 0x4,
    0x83, 0x80, 0x6, 0xc0, 0x1f, 0xf1, 0xb0, 0x1,
    0x80, 0xa, 0x80, 0x9, 0x70, 0xf, 0xe5, 0xd0,
    0x0, 0xc0, 0x5, 0x44, 0x0, 0x8d, 0x62, 0x0,
    0x9d, 0x6e, 0x84, 0x7, 0x0, 0x30, 0xe2, 0x0,
    0xa, 0x74, 0x2, 0xba, 0x40, 0x1, 0x61, 0x0,
    0x70, 0xdd, 0x90, 0x3, 0xf8, 0xa7, 0x48, 0x3,
    0xf2, 0x5f, 0x54, 0x0, 0x4d, 0x3b, 0xa6, 0x0,
    0xff, 0xe0, 0xa, 0xb8, 0x5, 0x4c, 0x40, 0x1f,
    0xfd, 0x20,

    /* U+03A7 "Χ" */
    0x0, 0x57, 0xfa, 0xc0, 0x3f, 0xc9, 0xff, 0x10,
    0x2, 0xc4, 0x11, 0x80, 0x3f, 0xd, 0x0, 0x24,
    0x80, 0x3, 0x40, 0x9, 0x20, 0xf, 0xac, 0x41,
    0x18, 0x3, 0x23, 0x0, 0x38, 0x3, 0xca, 0xa0,
    0x1a, 0x0, 0xf4, 0x88, 0x1b, 0x80, 0x61, 0xb0,
    0x5, 0x88, 0x7, 0xd4, 0x0, 0x82, 0x0, 0xa8,
    0x41, 0x14, 0x3, 0xf2, 0x30, 0x3, 0x80, 0xc,
    0x80, 0x34, 0x1, 0xfe, 0x92, 0x3, 0x72, 0x90,
    0x5, 0x88, 0x7, 0xfd, 0xc0, 0x8, 0xf0, 0x2,
    0xa8, 0x3, 0xff, 0x80, 0x6e, 0x0, 0x20, 0x1b,
    0x0, 0xff, 0xe1, 0x40, 0x80, 0x54, 0x20, 0x1f,
    0xfc, 0x24, 0x10, 0x9, 0xc0, 0x3f, 0xf8, 0x74,
    0x1, 0xb8, 0x3, 0xff, 0x85, 0x22, 0x6, 0x40,
    0x50, 0x1, 0xff, 0xc0, 0x46, 0x0, 0x77, 0x0,
    0xe, 0x60, 0x1f, 0xe1, 0xa0, 0x4, 0x91, 0xb8,
    0x3, 0x80, 0x3f, 0xd6, 0x20, 0x8c, 0x0, 0x83,
    0x2, 0x90, 0xf, 0xca, 0xa0, 0x4, 0x80, 0x6e,
    0x0, 0x31, 0x80, 0x78, 0x6c, 0x1, 0x24, 0x1,
    0x8a, 0x0, 0x1c, 0x1, 0xeb, 0x10, 0x46, 0x0,
    0xf3, 0x98, 0x14, 0x80, 0x65, 0x50, 0x2, 0x80,
    0x3f, 0x70, 0x1, 0x90, 0x0, 0x36, 0x0, 0xa1,
    0x0, 0xfc, 0x50, 0x0, 0x90, 0x5, 0x8, 0x22,
    0x80, 0x7f, 0x9c, 0xc0, 0xa4,

    /* U+03A8 "Ψ" */
    0x3f, 0xf8, 0x80, 0x3b, 0xfe, 0x30, 0xe, 0xef,
    0xf3, 0x0, 0x7f, 0xff, 0xc0, 0x3f, 0xfb, 0x82,
    0x1, 0xff, 0xca, 0x30, 0x8, 0x40, 0x3f, 0xf8,
    0x42, 0x0, 0x31, 0x0, 0x9c, 0x3, 0xff, 0x82,
    0x20, 0x13, 0x1, 0x0, 0xc, 0x3, 0xff, 0x82,
    0xa0, 0x11, 0x2, 0x0, 0x2c, 0x3, 0xff, 0x83,
    0x80, 0x2, 0x10, 0xd0, 0x1, 0x90, 0x7, 0xff,
    0x1, 0x80, 0xa, 0x0, 0x42, 0x0, 0x48, 0x7,
    0xfd, 0x2, 0x0, 0x90, 0xa, 0x0, 0x8, 0xe0,
    0x1f, 0xc8, 0xe0, 0x7, 0x10, 0x9, 0x58, 0x1,
    0x10, 0x0, 0xf9, 0x6c, 0x0, 0x70, 0x1, 0xd2,
    0x80, 0x7, 0xe9, 0x0, 0xa7, 0x68, 0x0, 0x5a,
    0x1, 0xf5, 0xb0, 0x0, 0x58, 0x2, 0x52, 0x0,
    0x26, 0x8, 0x7, 0xe9, 0xc4, 0x0, 0xf8, 0xea,
    0xc4, 0x3, 0xfc, 0x77, 0xfa, 0x1, 0x57, 0x62,
    0x80, 0x7f, 0xf0, 0xc8, 0x2, 0x71, 0x0, 0xff,
    0xff, 0x80, 0x0,

    /* U+03A9 "Ω" */
    0x0, 0xf0, 0xb5, 0xef, 0xfb, 0xb2, 0xc, 0x3,
    0xff, 0x81, 0x1d, 0x28, 0x40, 0x1, 0x37, 0xcc,
    0x18, 0x7, 0xe1, 0xd7, 0x0, 0x84, 0xd0, 0x80,
    0x23, 0xc6, 0x0, 0xf0, 0xe1, 0x0, 0x1b, 0x7b,
    0x2f, 0x7e, 0x44, 0x1, 0x2c, 0x1, 0xd4, 0x40,
    0xb, 0x92, 0x0, 0xe6, 0xf4, 0x0, 0x49, 0x80,
    0x48, 0x80, 0x5, 0xa0, 0x7, 0xe1, 0xb2, 0x0,
    0x78, 0x5, 0x0, 0x5, 0x40, 0xf, 0xfb, 0x80,
    0x6, 0x60, 0x13, 0x0, 0x48, 0x7, 0xff, 0x0,
    0xcc, 0x0, 0xb0, 0x40, 0x8, 0xc0, 0x3f, 0xf8,
    0x28, 0x0, 0x40, 0x30, 0x1, 0x80, 0x7f, 0xf0,
    0xb4, 0x0, 0x21, 0xc0, 0x7, 0x0, 0xff, 0xe1,
    0x8, 0x0, 0x83, 0xc0, 0xe, 0x1, 0xff, 0xc2,
    0x10, 0x0, 0x80, 0x80, 0x4, 0x3, 0xff, 0x84,
    0x40, 0x3, 0x5, 0x0, 0x10, 0x80, 0x7f, 0xf0,
    0x74, 0x0, 0xe0, 0x62, 0x0, 0x70, 0xf, 0xfe,
    0xa, 0x80, 0x30, 0x0, 0xc0, 0xb, 0x0, 0xff,
    0xe0, 0x38, 0x4, 0xc0, 0x9, 0x0, 0x13, 0x80,
    0x7f, 0x86, 0x40, 0x10, 0x1, 0xd, 0x0, 0x20,
    0xc0, 0x3f, 0xa8, 0x40, 0xdc, 0x3, 0x2b, 0x80,
    0x34, 0xc0, 0x3e, 0xb4, 0x1, 0xd0, 0xf, 0x43,
    0x80, 0xe3, 0x80, 0x63, 0xd4, 0x2, 0xc1, 0x0,
    0xa7, 0x32, 0x40, 0xa, 0x20, 0x0, 0x1c, 0x20,
    0xb, 0xb3, 0x22, 0x53, 0x3c, 0x1, 0x84, 0x0,
    0x60, 0x18, 0x8c, 0xf0, 0x80, 0x7f, 0xf2, 0xc0,

    /* U+03AA "Ϊ" */
    0x23, 0x30, 0x4, 0x46, 0x61, 0xcc, 0x90, 0x1,
    0xd9, 0x87, 0x0, 0xff, 0xe4, 0x77, 0xf9, 0x0,
    0x19, 0xfe, 0x60, 0xf, 0xfe, 0x5e, 0xff, 0x90,
    0x3, 0xff, 0xfe, 0x1, 0xff, 0xff, 0x0, 0xff,
    0xfe, 0x80,

    /* U+03AB "Ϋ" */
    0x0, 0xf1, 0x19, 0x80, 0x22, 0x33, 0x8, 0x7,
    0xfd, 0x99, 0x20, 0x3, 0xb3, 0xe, 0x1, 0xff,
    0xe9, 0xef, 0xf2, 0x0, 0x33, 0xfc, 0xc0, 0x1f,
    0xfe, 0x4b, 0xff, 0x50, 0x7, 0xfc, 0x5f, 0xf2,
    0x5, 0x8, 0x2a, 0x80, 0x3f, 0xdc, 0x0, 0x64,
    0x1, 0xb0, 0x5, 0x88, 0x7, 0xe7, 0x30, 0x29,
    0x0, 0x95, 0x40, 0x34, 0x1, 0xf1, 0x40, 0x3,
    0x80, 0x3a, 0xc4, 0x11, 0x80, 0x3d, 0xe0, 0x7,
    0x30, 0xe, 0x1a, 0x0, 0x49, 0x0, 0x68, 0x20,
    0x28, 0x0, 0xf9, 0x18, 0x1, 0xc0, 0x11, 0xb8,
    0x3, 0xc0, 0x3f, 0xa4, 0x80, 0xdc, 0x1, 0xc0,
    0x8, 0x20, 0xf, 0xf4, 0x80, 0x20, 0xa0, 0x80,
    0xdc, 0x3, 0xfe, 0x47, 0x0, 0x7b, 0x80, 0x38,
    0x3, 0xff, 0x83, 0x4, 0x4, 0x0, 0x92, 0x0,
    0xff, 0xe1, 0x70, 0x4, 0x8c, 0x1, 0xff, 0xc3,
    0x32, 0x0, 0x70, 0x7, 0xff, 0xfc, 0x3, 0xff,
    0xfe, 0x1, 0xff, 0xf8,

    /* U+03AC "ά" */
    0x0, 0xff, 0x3f, 0xfa, 0x40, 0x3f, 0xf8, 0x47,
    0x0, 0x92, 0x1, 0xff, 0xc2, 0xe0, 0x2b, 0x0,
    0xff, 0xe1, 0x51, 0xe, 0x0, 0x7f, 0xf0, 0x99,
    0x43, 0x44, 0x3, 0xff, 0x82, 0x52, 0x14, 0x60,
    0x1f, 0xfc, 0x22, 0xff, 0x28, 0x7, 0xff, 0x50,
    0x63, 0x3f, 0xdb, 0x24, 0x1, 0x67, 0xe0, 0x6,
    0x4f, 0x73, 0x0, 0x13, 0x6a, 0x1, 0x18, 0x58,
    0x4, 0xb6, 0x20, 0x6e, 0xe2, 0x0, 0x58, 0xa8,
    0x1, 0x40, 0x3, 0x40, 0x7, 0xc8, 0x86, 0xa8,
    0x2, 0x6c, 0xc, 0x80, 0xc, 0x0, 0x28, 0x0,
    0xd4, 0x20, 0xc6, 0x16, 0x1, 0x50, 0x2, 0xc0,
    0x3c, 0x80, 0x20, 0x5, 0x0, 0x88, 0x0, 0xe0,
    0x1e, 0xc0, 0x8, 0x88, 0x0, 0x20, 0x0, 0x88,
    0x3, 0xca, 0x1, 0x28, 0x4, 0x20, 0x3, 0x0,
    0xf8, 0xc0, 0x2b, 0x0, 0xff, 0xe1, 0x90, 0x11,
    0x80, 0x42, 0x1, 0xfe, 0x12, 0x0, 0xf1, 0x0,
    0x8, 0x3, 0xe7, 0x0, 0x10, 0x7, 0x10, 0x1,
    0x0, 0x3d, 0x40, 0x11, 0x80, 0x65, 0x0, 0x78,
    0x7, 0x19, 0x80, 0x25, 0x0, 0xd4, 0x0, 0x47,
    0x0, 0xdc, 0x1, 0xac, 0x3, 0x14, 0x0, 0x22,
    0xdd, 0xda, 0x40, 0xac, 0x5, 0x8e, 0x80, 0x7,
    0x70, 0x1, 0x22, 0x4, 0x7, 0x70, 0x20, 0x71,
    0xa0, 0x14, 0x63, 0x10, 0x0, 0x57, 0x44, 0x58,
    0xa0, 0x10,

    /* U+03AD "έ" */
    0x0, 0xfc, 0x3d, 0xfc, 0x40, 0x1f, 0xda, 0x21,
    0xa4, 0x1, 0xfa, 0x4c, 0x30, 0xc0, 0x3f, 0x2b,
    0x5, 0x98, 0x7, 0xe3, 0xa0, 0xa4, 0x0, 0xfe,
    0x57, 0xa5, 0x0, 0xff, 0x34, 0x28, 0x7, 0xff,
    0x2d, 0xaf, 0xbf, 0xdd, 0xb4, 0xe4, 0x0, 0x2d,
    0x94, 0x10, 0x0, 0x92, 0xc5, 0x0, 0x3c, 0x80,
    0x6, 0xce, 0xca, 0x40, 0x12, 0x10, 0xe, 0x62,
    0x62, 0x6b, 0x7e, 0x40, 0x80, 0x10, 0x60, 0x1f,
    0x8, 0x10, 0x3, 0xc0, 0x3f, 0xc8, 0x60, 0xd2,
    0x62, 0x1, 0xfb, 0x54, 0x1b, 0x3b, 0xfd, 0x60,
    0x1c, 0x30, 0xc0, 0x1f, 0xf3, 0x6b, 0xb, 0x44,
    0xcb, 0xc0, 0x32, 0xc8, 0x27, 0x4b, 0xb3, 0x10,
    0x3, 0x48, 0x2, 0x80, 0x3f, 0xc4, 0x2, 0x20,
    0xf, 0xf1, 0x80, 0x90, 0x7, 0xf9, 0x40, 0x1e,
    0x40, 0x1f, 0x20, 0xc8, 0x81, 0x6d, 0xc3, 0x32,
    0x2b, 0xac, 0xc7, 0x8, 0x0, 0x8f, 0x32, 0x75,
    0x10, 0x8, 0xb6, 0xd4, 0x84, 0x0, 0x48, 0xf6,
    0x40,

    /* U+03AE "ή" */
    0x0, 0xff, 0x9e, 0x1c, 0x40, 0x3f, 0xe7, 0x87,
    0xf1, 0x0, 0xff, 0x1c, 0x2, 0xc0, 0x7, 0xfd,
    0xc0, 0x74, 0x1, 0xff, 0x51, 0xe, 0x80, 0x7f,
    0xcc, 0xa1, 0x82, 0x1, 0xff, 0xb, 0xe1, 0x0,
    0x7f, 0xf0, 0x1e, 0xc, 0x3, 0xc3, 0xfe, 0xc0,
    0x2, 0xdf, 0x7f, 0x5a, 0x0, 0x7e, 0xaa, 0x20,
    0x80, 0xa5, 0xc8, 0x7, 0xa9, 0x41, 0x5d, 0x88,
    0x0, 0xcc, 0x0, 0xc6, 0xaa, 0xea, 0x89, 0xd6,
    0x0, 0x40, 0x7, 0x1d, 0x8, 0x6, 0x92, 0x1,
    0x30, 0xd, 0x0, 0x1f, 0x28, 0x1, 0x40, 0x32,
    0x0, 0x7d, 0xc0, 0xe, 0x0, 0x88, 0x3, 0xf1,
    0x80, 0x78, 0x40, 0x3f, 0xe1, 0x0, 0xff, 0xff,
    0x80, 0x7f, 0xfe, 0x47, 0xfd, 0x80, 0x1f, 0xff,
    0xf0, 0xf, 0xfe, 0xa8,

    /* U+03AF "ί" */
    0x0, 0xe7, 0x87, 0x10, 0xd, 0x10, 0x70, 0x10,
    0x9, 0x5c, 0x1d, 0xc0, 0x11, 0x50, 0x34, 0x0,
    0x6f, 0x5, 0x90, 0xd, 0x64, 0x94, 0x1, 0xd7,
    0xf6, 0x1, 0xff, 0xc2, 0x6f, 0xf4, 0x0, 0x7f,
    0xff, 0xc0, 0x3f, 0xfa, 0x26, 0x0, 0x10, 0xe,
    0x60, 0x1, 0x80, 0x71, 0x80, 0x10, 0x3, 0xca,
    0x3, 0xb0, 0xea, 0x0, 0x81, 0x2, 0x78, 0xe0,
    0x1, 0x7b, 0x10, 0x6,

    /* U+03B0 "ΰ" */
    0x0, 0xfd, 0x9f, 0xe4, 0x0, 0xff, 0x41, 0x84,
    0xa0, 0x7, 0xf1, 0xb8, 0x33, 0x0, 0x3f, 0x87,
    0x41, 0x24, 0x3, 0xfd, 0x62, 0x56, 0x1, 0xfe,
    0x65, 0x1c, 0x0, 0xff, 0x9b, 0xf8, 0x40, 0x3f,
    0xf9, 0x67, 0xff, 0x0, 0x7, 0xfe, 0x10, 0xf,
    0xfe, 0xb1, 0xee, 0xc0, 0x1, 0xdd, 0x84, 0x3,
    0x88, 0xa0, 0x8, 0x8a, 0x0, 0xff, 0xe3, 0xd7,
    0xf9, 0x0, 0x39, 0x7f, 0xd0, 0x1, 0xff, 0x2a,
    0x81, 0xc8, 0x3, 0xfe, 0x80, 0x4, 0x0, 0x7f,
    0xc4, 0x80, 0xa0, 0x1f, 0xfc, 0x3, 0x0, 0x20,
    0x7, 0xfd, 0xa0, 0x3, 0x0, 0xff, 0x84, 0x1,
    0xc0, 0x1f, 0xfc, 0x23, 0x0, 0xff, 0x88, 0x0,
    0x60, 0x1f, 0xf7, 0x0, 0x4, 0x3, 0xfe, 0x40,
    0x6, 0x80, 0x7f, 0x84, 0xc0, 0x8, 0x60, 0x1,
    0x0, 0xf4, 0x80, 0x14, 0x7c, 0x1, 0x80, 0x1c,
    0x6e, 0x0, 0x90, 0x70, 0x3, 0x18, 0x4, 0x5a,
    0x0, 0x63, 0x1, 0x70, 0x6, 0x53, 0xd6, 0x88,
    0x24, 0x80, 0x50, 0x80, 0x5, 0x85, 0x0, 0x35,
    0x80, 0x75, 0xc9, 0x88, 0x12, 0xe4, 0x80, 0x60,

    /* U+03B1 "α" */
    0x0, 0xc3, 0x19, 0xfe, 0xd9, 0x20, 0xb, 0x3f,
    0x0, 0x32, 0x7b, 0x98, 0x0, 0x9b, 0x50, 0x8,
    0xc2, 0xc0, 0x25, 0xb1, 0x3, 0x77, 0x10, 0x2,
    0xc5, 0x40, 0xa, 0x0, 0x1a, 0x0, 0x3e, 0x44,
    0x35, 0x40, 0x13, 0x60, 0x64, 0x0, 0x60, 0x1,
    0x40, 0x6, 0xa1, 0x6, 0x30, 0xb0, 0xa, 0x80,
    0x16, 0x1, 0xe4, 0x1, 0x0, 0x28, 0x4, 0x40,
    0x7, 0x0, 0xf6, 0x0, 0x44, 0x40, 0x1, 0x0,
    0x4, 0x40, 0x1e, 0x50, 0x9, 0x40, 0x21, 0x0,
    0x18, 0x7, 0xc6, 0x1, 0x58, 0x7, 0xff, 0xc,
    0x80, 0x8c, 0x2, 0x10, 0xf, 0xf0, 0x90, 0x7,
    0x88, 0x0, 0x40, 0x1f, 0x38, 0x0, 0x80, 0x38,
    0x80, 0x8, 0x1, 0xea, 0x0, 0x8c, 0x3, 0x28,
    0x3, 0xc0, 0x38, 0xcc, 0x1, 0x28, 0x6, 0xa0,
    0x2, 0x38, 0x6, 0xe0, 0xd, 0x60, 0x18, 0xa0,
    0x1, 0x16, 0xee, 0xd2, 0x5, 0x60, 0x2c, 0x74,
    0x0, 0x3b, 0x80, 0x9, 0x10, 0x20, 0x3b, 0x81,
    0x3, 0x8d, 0x0, 0xa3, 0x18, 0x80, 0x2, 0xba,
    0x22, 0xc5, 0x0, 0x80,

    /* U+03B2 "β" */
    0x0, 0x9a, 0xfb, 0xfd, 0xb4, 0x80, 0x1e, 0x2d,
    0x94, 0x10, 0x1, 0x2d, 0xd0, 0x7, 0x79, 0x0,
    0x1a, 0x64, 0xc0, 0x5, 0x90, 0x9, 0x88, 0x7,
    0xa5, 0x99, 0x3a, 0x0, 0x61, 0x0, 0x68, 0x2,
    0xc4, 0x3, 0x13, 0x0, 0x14, 0x0, 0xa0, 0x5,
    0x0, 0xf7, 0x80, 0x8, 0x0, 0x20, 0x20, 0x1f,
    0x8, 0x7, 0xff, 0xf, 0x40, 0x4, 0x1, 0xff,
    0x12, 0x80, 0x14, 0x3, 0xfc, 0x98, 0x0, 0x51,
    0x0, 0xfa, 0x27, 0x6c, 0x40, 0x6c, 0x3, 0xf3,
    0xb1, 0x0, 0x5a, 0x20, 0x1f, 0xfc, 0x2c, 0xa1,
    0x0, 0xfb, 0xfb, 0x69, 0x40, 0xb, 0x82, 0x1,
    0xf0, 0x92, 0xd6, 0x90, 0x14, 0x0, 0x7f, 0xc5,
    0xe0, 0x7, 0x0, 0xff, 0xe0, 0x11, 0x0, 0x44,
    0x1, 0xff, 0xd0, 0x20, 0x0, 0x80, 0x5, 0x40,
    0x3e, 0x50, 0x1, 0x80, 0x6a, 0x60, 0xe, 0x2b,
    0x0, 0x50, 0x7, 0x4f, 0x4b, 0xc5, 0xe8, 0x81,
    0xb0, 0x6, 0x10, 0x16, 0x87, 0x40, 0x1, 0xe8,
    0x6, 0x1f, 0x73, 0x0, 0x89, 0x6f, 0x4, 0x3,
    0x86, 0x33, 0xfe, 0xda, 0x40, 0xf, 0xff, 0xf8,
    0x7, 0xff, 0x34,

    /* U+03B3 "γ" */
    0x8f, 0xe9, 0x10, 0xf, 0xe4, 0xff, 0x60, 0x0,
    0x5b, 0x0, 0x3f, 0xb8, 0x1, 0x56, 0xe2, 0x4,
    0xe0, 0x1f, 0xa, 0x80, 0x18, 0xe3, 0x0, 0x14,
    0x1, 0xf3, 0x80, 0x18, 0x2, 0x26, 0x2, 0x30,
    0xf, 0x58, 0x2, 0x80, 0x35, 0x0, 0x2c, 0x3,
    0x8c, 0x80, 0x8c, 0x3, 0x18, 0x83, 0x0, 0x75,
    0x0, 0x28, 0x3, 0xcc, 0x2, 0x60, 0x19, 0x80,
    0xc, 0x1, 0xeb, 0x0, 0x50, 0x4, 0xc0, 0x5,
    0x10, 0xf, 0x19, 0x3, 0x80, 0x54, 0x0, 0xe0,
    0xf, 0xca, 0x2, 0x80, 0x46, 0x4, 0x80, 0x1f,
    0xac, 0x1, 0xa1, 0x40, 0xa, 0x0, 0xfe, 0x32,
    0x7, 0x6, 0x0, 0x30, 0x7, 0xf9, 0x40, 0x68,
    0x41, 0x4, 0x3, 0xfd, 0x40, 0x5, 0x0, 0x78,
    0x7, 0xfc, 0x44, 0x0, 0x85, 0x0, 0x3f, 0xf8,
    0xa, 0x1, 0x30, 0x7, 0xff, 0x6, 0x80, 0x2a,
    0x0, 0xff, 0xe0, 0x90, 0x0, 0x48, 0x3, 0xff,
    0xfe, 0x1, 0xff, 0xdb,

    /* U+03B4 "δ" */
    0x0, 0xc5, 0x19, 0xdf, 0xf6, 0xdb, 0x0, 0x79,
    0xb5, 0xcc, 0x40, 0x22, 0x49, 0xa0, 0xc, 0x52,
    0x0, 0x26, 0x89, 0x87, 0x51, 0x10, 0x6, 0x50,
    0x2, 0xec, 0xbb, 0x3c, 0x57, 0x40, 0x7, 0xc4,
    0x1, 0xf8, 0xc0, 0x32, 0x80, 0x1e, 0x90, 0x3,
    0xfe, 0x2a, 0x0, 0x2d, 0xfe, 0x4a, 0x0, 0x7e,
    0x57, 0x7, 0xb8, 0x67, 0xbe, 0x60, 0xf, 0x5b,
    0xcc, 0x23, 0xd7, 0x38, 0xcd, 0x0, 0x69, 0x44,
    0x30, 0x7, 0x43, 0x82, 0xc0, 0x0, 0xd8, 0x3c,
    0x3, 0xe8, 0x20, 0x71, 0x8, 0x0, 0x20, 0x7,
    0xe5, 0x0, 0x38, 0x20, 0x10, 0x7, 0xf6, 0x80,
    0x30, 0x80, 0x3f, 0xf8, 0xc, 0x0, 0x61, 0x0,
    0xff, 0xe0, 0x38, 0x4, 0x20, 0x3, 0x0, 0xfe,
    0x10, 0x8, 0x80, 0x2, 0x20, 0xf, 0xda, 0x0,
    0x60, 0x30, 0x3, 0x0, 0x7e, 0x60, 0x6, 0x5,
    0x80, 0x24, 0x40, 0x3c, 0xc2, 0x0, 0x70, 0x71,
    0x1, 0xd1, 0x0, 0xcb, 0x20, 0x7, 0x10, 0x6,
    0x80, 0xf, 0xa9, 0xe3, 0x28, 0x0, 0x70, 0x1,
    0x1e, 0x8, 0x1, 0x61, 0xcc, 0x0, 0xb8, 0x1,
    0xc7, 0xd2, 0x82, 0x0, 0x26, 0xca, 0x0, 0x80,

    /* U+03B5 "ε" */
    0x0, 0x9a, 0xfb, 0xfd, 0xdb, 0x4e, 0x40, 0x2,
    0xd9, 0x41, 0x0, 0x9, 0x2c, 0x50, 0x3, 0xc8,
    0x0, 0x6c, 0xec, 0xa4, 0x1, 0x21, 0x0, 0xe6,
    0x26, 0x26, 0xb7, 0xe4, 0x8, 0x1, 0x6, 0x1,
    0xf0, 0x81, 0x0, 0x3c, 0x3, 0xfc, 0x86, 0xd,
    0x26, 0x20, 0x1f, 0xb5, 0x41, 0xb3, 0xbf, 0xd6,
    0x1, 0xc3, 0xc, 0x1, 0xff, 0x36, 0xb0, 0xb4,
    0x4c, 0xbc, 0x3, 0x2c, 0x82, 0x74, 0xbb, 0x31,
    0x0, 0x34, 0x80, 0x28, 0x3, 0xfc, 0x40, 0x22,
    0x0, 0xff, 0x18, 0x9, 0x0, 0x7f, 0x94, 0x1,
    0xe4, 0x1, 0xf2, 0xc, 0x88, 0x16, 0xdc, 0x33,
    0x22, 0xba, 0xcc, 0x70, 0x80, 0x8, 0xf3, 0x27,
    0x51, 0x0, 0x8b, 0x6d, 0x48, 0x40, 0x4, 0x8f,
    0x64,

    /* U+03B6 "ζ" */
    0xb, 0xff, 0xff, 0xe0, 0x70, 0x7, 0xff, 0x10,
    0x47, 0xf0, 0x7, 0x18, 0x57, 0x77, 0xa0, 0x40,
    0x25, 0xf0, 0xf, 0xd, 0xc8, 0x81, 0xed, 0x10,
    0x7, 0x1f, 0xa0, 0xc, 0xe1, 0x0, 0x78, 0xf0,
    0x40, 0xf1, 0x80, 0x3e, 0x3c, 0x0, 0x2e, 0x10,
    0x7, 0xc3, 0xa0, 0x5, 0xa0, 0xf, 0xe8, 0x10,
    0x3a, 0x0, 0xfe, 0x26, 0x0, 0x70, 0x7, 0xfa,
    0xc0, 0xe, 0x40, 0x1f, 0xe7, 0x0, 0x48, 0x7,
    0xf8, 0x84, 0x8, 0x40, 0x3f, 0xcc, 0x0, 0x70,
    0xf, 0xfe, 0x11, 0x80, 0x7f, 0xf0, 0x8c, 0x3,
    0xfe, 0x60, 0x3, 0x80, 0x7f, 0xc4, 0x20, 0x44,
    0x0, 0xff, 0x9c, 0x1, 0x20, 0x1f, 0xf4, 0x0,
    0x12, 0xc8, 0x3, 0xf8, 0x6c, 0x0, 0x9b, 0x92,
    0xec, 0x80, 0x1c, 0x98, 0x40, 0x3, 0x68, 0x9b,
    0xd2, 0x0, 0xc7, 0xb6, 0xc6, 0x20, 0x11, 0x60,
    0x80, 0x72, 0x4e, 0x77, 0xf2, 0x0, 0xb0, 0x7,
    0xf8, 0x64, 0x1, 0x80, 0x1f, 0xf1, 0x0, 0x7f,
    0xf0, 0x98, 0x0, 0x40, 0x1f, 0xc3, 0x72, 0x0,
    0xa0, 0xf, 0xe2, 0x40, 0x3, 0x18, 0x7, 0xf0,
    0x81, 0xcc, 0x80,

    /* U+03B7 "η" */
    0x1f, 0xf6, 0x0, 0x16, 0xfb, 0xfa, 0xd0, 0x3,
    0xf5, 0x51, 0x4, 0x5, 0x2e, 0x40, 0x3d, 0x4a,
    0xa, 0xec, 0x40, 0x6, 0x60, 0x6, 0x35, 0x57,
    0x54, 0x4e, 0xb0, 0x2, 0x0, 0x38, 0xe8, 0x40,
    0x34, 0x90, 0x9, 0x80, 0x68, 0x0, 0xf9, 0x40,
    0xa, 0x1, 0x90, 0x3, 0xee, 0x0, 0x70, 0x4,
    0x40, 0x1f, 0x8c, 0x3, 0xc2, 0x1, 0xff, 0x8,
    0x7, 0xff, 0xfc, 0x3, 0xff, 0xf2, 0x3f, 0xec,
    0x0, 0xff, 0xff, 0x80, 0x7f, 0xf5, 0x40,

    /* U+03B8 "θ" */
    0x0, 0xe3, 0x9d, 0xfe, 0xc7, 0x0, 0xfe, 0x8c,
    0x62, 0x1, 0x38, 0xe3, 0x0, 0xf4, 0x38, 0x1,
    0xa6, 0xc, 0x7, 0x8, 0x3, 0x23, 0x81, 0x6c,
    0xb3, 0xe4, 0x0, 0x3c, 0x3, 0x40, 0x3, 0x88,
    0x3, 0x3a, 0x81, 0x30, 0x0, 0xcc, 0x8, 0x60,
    0x1e, 0x80, 0x5, 0x0, 0x2c, 0x1, 0xa0, 0x1f,
    0x11, 0x0, 0xc8, 0x10, 0x0, 0x80, 0x1f, 0x9c,
    0x0, 0x80, 0x60, 0x2, 0x0, 0xfd, 0xa0, 0xe,
    0x10, 0x0, 0x80, 0x7f, 0x10, 0x0, 0xcc, 0x0,
    0x1f, 0xff, 0xea, 0x0, 0x84, 0x3, 0xff, 0x86,
    0xe0, 0x19, 0x57, 0xf8, 0xc0, 0x21, 0x0, 0xd,
    0x57, 0xf4, 0x0, 0x1c, 0xc0, 0x2, 0x1, 0xfc,
    0x40, 0x10, 0x80, 0x42, 0x1, 0xfb, 0x80, 0x6,
    0x6, 0x0, 0x20, 0xf, 0xc4, 0x0, 0xe0, 0x40,
    0x2, 0x0, 0x7e, 0x40, 0x2, 0x5, 0x80, 0x2c,
    0x3, 0xe4, 0x10, 0x32, 0x3, 0x30, 0x1a, 0x80,
    0x7a, 0x0, 0x14, 0x1, 0x40, 0x2, 0xcc, 0x3,
    0x41, 0x81, 0x30, 0x4, 0x8e, 0x3, 0x94, 0xcf,
    0x8e, 0x0, 0xf0, 0xe, 0x87, 0x0, 0x2c, 0xc1,
    0x80, 0xe1, 0x0, 0x7a, 0x31, 0x88, 0x4, 0xe3,
    0x8c, 0x2,

    /* U+03B9 "ι" */
    0x6f, 0xf4, 0x0, 0x7f, 0xff, 0xc0, 0x3f, 0xf8,
    0xa6, 0x0, 0x10, 0xc, 0xc0, 0x3, 0x0, 0xc6,
    0x0, 0x40, 0xe, 0x50, 0x1d, 0x87, 0x50, 0x81,
    0x2, 0x78, 0xe0, 0x2f, 0x62, 0x0, 0x80,

    /* U+03BA "κ" */
    0xf, 0xf8, 0x3, 0xc5, 0xdf, 0xe7, 0x0, 0xff,
    0x8b, 0x4, 0x21, 0xc0, 0x3f, 0xc5, 0x82, 0x10,
    0xe0, 0x1f, 0xe2, 0xc1, 0x8, 0x70, 0xf, 0xf1,
    0x60, 0x84, 0xb8, 0x7, 0xf8, 0xb0, 0x42, 0x58,
    0x3, 0xfc, 0x58, 0x21, 0x2c, 0x1, 0xff, 0x60,
    0x80, 0x3c, 0x3, 0xff, 0x80, 0x20, 0x13, 0x28,
    0x7, 0xff, 0x2, 0xe8, 0x1, 0x62, 0x1, 0xfe,
    0xb4, 0x55, 0x0, 0xd0, 0x7, 0xf9, 0x0, 0x16,
    0x20, 0x8e, 0x1, 0xff, 0xc0, 0x1a, 0x0, 0x41,
    0x80, 0x7f, 0xf0, 0x11, 0x80, 0x1c, 0x1, 0xff,
    0xc1, 0x92, 0x2, 0x90, 0xf, 0xfe, 0xf, 0x0,
    0x19, 0x0, 0x3f, 0xf8, 0x7, 0x0, 0xa, 0x10,
    0xf, 0xfe, 0x3, 0x98, 0xd, 0x0,

    /* U+03BB "λ" */
    0x0, 0x9f, 0xfd, 0xd4, 0x40, 0x1f, 0xfc, 0x31,
    0x5d, 0x30, 0xf, 0xf9, 0x21, 0xc4, 0x1, 0xe0,
    0x1f, 0xf1, 0xbc, 0x78, 0x81, 0x98, 0x3, 0xff,
    0x82, 0x32, 0x0, 0xa0, 0xf, 0xfe, 0x13, 0x0,
    0x18, 0x3, 0xff, 0x84, 0x28, 0x0, 0x50, 0xf,
    0xfe, 0x16, 0x0, 0x38, 0x3, 0xff, 0x85, 0x40,
    0x4, 0x20, 0xf, 0xfe, 0x2, 0x90, 0x4, 0xa0,
    0x1f, 0xfc, 0x9, 0x0, 0xd4, 0x1, 0xff, 0x21,
    0x80, 0x90, 0x12, 0x0, 0x7f, 0xbc, 0x1, 0x14,
    0x0, 0xe0, 0xf, 0xe3, 0x40, 0x16, 0x60, 0x1,
    0x40, 0x3f, 0xa4, 0x1, 0x20, 0x28, 0x0, 0x60,
    0xf, 0x89, 0x40, 0xc, 0x0, 0xe0, 0x5, 0x0,
    0x7d, 0x60, 0x7, 0x10, 0x2, 0x88, 0x19, 0x0,
    0x70, 0xb0, 0x2, 0x40, 0x33, 0x80, 0x28, 0x3,
    0xa4, 0x0, 0xc2, 0x1, 0xac, 0x0, 0xc0, 0x1c,
    0xc0, 0xb, 0x0, 0xe2, 0x30, 0x14, 0x0, 0x98,
    0x41, 0x48, 0x3, 0xd4, 0x0, 0xe0, 0xa, 0xc0,
    0x10, 0x1, 0xf3, 0x0, 0x14, 0x41, 0x48, 0x10,
    0x80, 0x3f, 0x28, 0x1, 0xc2, 0x0, 0x10, 0x1,
    0xfd, 0xc0, 0xa,

    /* U+03BC "μ" */
    0x4f, 0xf4, 0x80, 0x7e, 0x8f, 0xf3, 0x0, 0x7f,
    0xff, 0xc0, 0x3f, 0xff, 0xe0, 0x1f, 0xfd, 0x73,
    0x0, 0xfc, 0x20, 0x1f, 0x98, 0x3, 0xf2, 0x80,
    0x7e, 0x32, 0x0, 0xf1, 0x98, 0x3, 0xfb, 0x84,
    0x3, 0x1e, 0x80, 0x42, 0x1, 0xc2, 0x7d, 0x51,
    0x37, 0x82, 0x40, 0x9, 0x93, 0x80, 0x4e, 0xa0,
    0xae, 0xc8, 0x7, 0x80, 0x1, 0x6e, 0x0, 0xd5,
    0x26, 0x0, 0x28, 0xc1, 0xb2, 0x4, 0xa0, 0xe,
    0x6c, 0xff, 0x6b, 0x80, 0x13, 0x7e, 0xcc, 0x3,
    0xff, 0xfe, 0x1, 0xff, 0xd5,

    /* U+03BD "ν" */
    0xbf, 0xf3, 0x0, 0x7a, 0xbf, 0xc6, 0x0, 0xd0,
    0x6, 0x80, 0x7a, 0x84, 0x38, 0x0, 0xe0, 0x4,
    0x0, 0xfa, 0x0, 0x94, 0x4, 0xc0, 0x8, 0x1,
    0xe7, 0x0, 0x70, 0x1, 0x0, 0x1a, 0x1, 0xe1,
    0x30, 0x40, 0x5, 0x80, 0x1c, 0x3, 0xe6, 0x0,
    0x20, 0x18, 0x80, 0x98, 0x7, 0x8c, 0x0, 0x20,
    0x7, 0x0, 0x20, 0x7, 0x8c, 0x0, 0x20, 0xc,
    0x0, 0x58, 0x7, 0x90, 0x0, 0xc0, 0x5, 0x0,
    0x18, 0x80, 0x65, 0x10, 0x22, 0x0, 0x48, 0x0,
    0x70, 0xd, 0x0, 0xb, 0x0, 0xda, 0x0, 0xc0,
    0xa, 0x8, 0x9, 0x80, 0x32, 0x0, 0x14, 0x0,
    0x4e, 0x0, 0xe0, 0xe, 0x22, 0x0, 0x10, 0x3c,
    0x1, 0x6, 0x1, 0xe5, 0x0, 0x6d, 0x90, 0x2b,
    0x80, 0x7d, 0x60, 0x6, 0x40, 0x3a, 0x0, 0xfc,
    0x62, 0x1, 0xe, 0x80, 0x7f, 0x90, 0x0, 0x38,
    0x20, 0x1c,

    /* U+03BE "ξ" */
    0x5, 0xff, 0xff, 0xe0, 0x0, 0x7f, 0xf1, 0xc4,
    0x70, 0x7, 0xe1, 0x0, 0x93, 0xac, 0xc0, 0x9,
    0x19, 0xdf, 0xee, 0x0, 0xcf, 0x44, 0x7b, 0x6e,
    0x62, 0x1, 0xe2, 0x80, 0x3c, 0x20, 0xf, 0xf2,
    0x0, 0x24, 0x3, 0xff, 0x80, 0x20, 0x6, 0x0,
    0xff, 0xe0, 0x10, 0x2, 0xc0, 0x3f, 0xf8, 0x8,
    0x0, 0x7a, 0x30, 0xf, 0xf0, 0xd8, 0x1, 0x73,
    0xf2, 0xe6, 0x46, 0x1, 0xc9, 0xce, 0x40, 0x3,
    0x46, 0x62, 0x0, 0x79, 0x4c, 0x80, 0x3f, 0xf8,
    0x11, 0x68, 0x4, 0xf7, 0xbd, 0xee, 0x1, 0x9d,
    0xc0, 0x35, 0xb0, 0x84, 0x20, 0x1e, 0x90, 0x6,
    0xa8, 0x7, 0xf8, 0xc4, 0x10, 0xc0, 0x3f, 0xe7,
    0x0, 0x10, 0x7, 0xff, 0x1, 0xc0, 0x4, 0x1,
    0xff, 0xc0, 0x30, 0x2, 0x10, 0x7, 0xff, 0x1,
    0x80, 0x18, 0xc0, 0x1f, 0xf4, 0x90, 0xc, 0xfe,
    0x4c, 0x41, 0x84, 0x3, 0xb5, 0x80, 0x23, 0x67,
    0x74, 0xf3, 0x0, 0x74, 0xf4, 0xa9, 0x88, 0x6,
    0x93, 0x0, 0xe1, 0x6a, 0xce, 0xff, 0x40, 0x2,
    0x0, 0x3f, 0xf8, 0xe, 0x20, 0x80, 0x1f, 0xfc,
    0x15, 0x0, 0xff, 0xe1, 0x12, 0x1, 0x0, 0x7f,
    0xd5, 0xa0, 0xa, 0x0, 0xff, 0x94, 0x0, 0x6e,
    0x1, 0xff, 0x9, 0x46, 0x0, 0x0,

    /* U+03BF "ο" */
    0x0, 0xe6, 0xbe, 0xff, 0x6c, 0x98, 0x7, 0xc7,
    0xb2, 0x82, 0x0, 0x26, 0xc9, 0x0, 0xe3, 0xc2,
    0x0, 0x2c, 0x39, 0x80, 0x1a, 0xc0, 0x37, 0x0,
    0xf, 0xa9, 0xe3, 0x28, 0x0, 0x8e, 0x0, 0x62,
    0x1, 0xd1, 0x0, 0xcb, 0x20, 0x9, 0x0, 0x50,
    0x2, 0x4, 0x3, 0xcc, 0x40, 0x2a, 0x6, 0x0,
    0x70, 0xf, 0xca, 0x0, 0xc2, 0x0, 0x8, 0x80,
    0x3f, 0x68, 0x0, 0x84, 0x0, 0x60, 0x1f, 0xc2,
    0x0, 0x70, 0xf, 0xfe, 0x28, 0x80, 0xc, 0x3,
    0xf8, 0x40, 0xe, 0x40, 0x1, 0x10, 0x7, 0xed,
    0x0, 0x10, 0x18, 0x1, 0xc0, 0x3f, 0x28, 0x3,
    0x2, 0x80, 0x10, 0x1, 0xf3, 0x10, 0xa, 0x83,
    0x10, 0xe, 0x8, 0x6, 0x59, 0x0, 0x48, 0x5,
    0xc0, 0x3, 0xea, 0x78, 0xca, 0x0, 0x23, 0x80,
    0x47, 0x84, 0x0, 0x58, 0x73, 0x0, 0x35, 0x80,
    0x71, 0xec, 0xa0, 0x80, 0x9, 0xb2, 0x40, 0x20,

    /* U+03C0 "π" */
    0xdf, 0xff, 0xfe, 0x1f, 0x0, 0x7f, 0xf1, 0xc4,
    0x40, 0x10, 0x8f, 0xc0, 0x10, 0x98, 0x67, 0x30,
    0x2, 0xfb, 0xbb, 0x40, 0x9, 0xda, 0x1, 0xff,
    0xff, 0x0, 0xff, 0xff, 0x80, 0x7f, 0xf7, 0x84,
    0x0, 0xc0, 0x1f, 0xfc, 0x22, 0x0, 0x14, 0xb1,
    0x0, 0x7f, 0xf0, 0x10, 0x0, 0xd2, 0x80, 0x1f,
    0xfc, 0x9, 0x40, 0xc,

    /* U+03C1 "ρ" */
    0x0, 0xe5, 0xbe, 0xff, 0x75, 0x18, 0x7, 0xea,
    0xa2, 0x8, 0x0, 0x57, 0x20, 0x3, 0xd8, 0xa0,
    0x2d, 0xe, 0x60, 0x7, 0x80, 0xd, 0x26, 0x9,
    0xd2, 0xf1, 0x92, 0x0, 0x73, 0x0, 0x13, 0x1,
    0x58, 0x7, 0x33, 0x80, 0x20, 0x1, 0x40, 0xb,
    0x0, 0xfa, 0x0, 0x8, 0x20, 0x80, 0x7, 0x0,
    0xfc, 0x80, 0x5, 0x3, 0x1, 0x10, 0x7, 0xe3,
    0x0, 0x18, 0x4, 0x60, 0x1f, 0xde, 0x0, 0xf1,
    0x0, 0xff, 0xe3, 0x98, 0x7, 0xf7, 0x80, 0x3c,
    0x2, 0x11, 0x0, 0x7e, 0x30, 0x1, 0x80, 0x67,
    0x0, 0xfc, 0x80, 0x5, 0x0, 0xd6, 0x1, 0xf4,
    0x0, 0x10, 0x40, 0x31, 0x58, 0x7, 0x33, 0x80,
    0x20, 0x3, 0x19, 0x93, 0xa5, 0xe3, 0x24, 0x0,
    0xe6, 0x1, 0xda, 0x62, 0xd0, 0xe6, 0x0, 0x78,
    0x0, 0xf0, 0xe4, 0x98, 0x80, 0xae, 0x40, 0x7,
    0xf3, 0x67, 0x7f, 0x51, 0x80, 0x7f, 0xff, 0xc0,
    0x3f, 0xfa, 0x60,

    /* U+03C2 "ς" */
    0x0, 0xe3, 0x8c, 0xef, 0xf6, 0xca, 0x80, 0x61,
    0xac, 0x73, 0x10, 0x1, 0x35, 0x48, 0x0, 0x71,
    0x40, 0x6, 0xd0, 0xea, 0x20, 0x1a, 0x88, 0x6,
    0xf2, 0x5e, 0x2b, 0xb3, 0x0, 0x88, 0x0, 0x62,
    0x0, 0x78, 0xd4, 0x3c, 0x0, 0xe4, 0x1, 0xfe,
    0x40, 0x5, 0x0, 0x7f, 0x88, 0x0, 0x24, 0x1,
    0xfe, 0x10, 0x1, 0x80, 0x7f, 0xf3, 0x84, 0x0,
    0x60, 0x1f, 0xf1, 0x0, 0x4, 0x80, 0x3f, 0xe4,
    0x0, 0x50, 0x7, 0xfd, 0xe0, 0x7, 0x20, 0xf,
    0xf2, 0x20, 0x1, 0x88, 0x1, 0xfe, 0xa2, 0x1,
    0xbc, 0x87, 0x51, 0x0, 0xe1, 0xc5, 0x0, 0x1b,
    0xc5, 0x73, 0x80, 0x70, 0xd6, 0x39, 0x88, 0x5,
    0xc, 0x1, 0xe3, 0x8c, 0xef, 0xa0, 0x4, 0x0,
    0x7f, 0xca, 0xa0, 0x12, 0x0, 0xff, 0x88, 0x0,
    0x20, 0x1f, 0xe1, 0x50, 0x1, 0x0, 0x7f, 0x3f,
    0x90, 0x20, 0x80, 0x7f, 0x60, 0x80, 0xc8, 0x7,
    0xfc, 0x2d, 0xe4, 0x0,

    /* U+03C3 "σ" */
    0x0, 0xc5, 0x19, 0xdf, 0xff, 0xe5, 0x0, 0x9f,
    0x5c, 0xc4, 0x3, 0xff, 0x82, 0xd0, 0x0, 0x28,
    0xaa, 0x30, 0x6, 0x11, 0xc0, 0x32, 0x0, 0x5d,
    0x75, 0x54, 0xe8, 0x80, 0x27, 0xb8, 0x81, 0x20,
    0x2, 0xa0, 0xe, 0x2a, 0x0, 0x40, 0x6, 0x50,
    0x4, 0x0, 0x7c, 0x86, 0x0, 0x50, 0x8, 0x80,
    0xa, 0x1, 0xfa, 0xc0, 0x18, 0x0, 0x20, 0x0,
    0x80, 0x7f, 0x10, 0x0, 0x80, 0x2, 0x0, 0x30,
    0xf, 0xe6, 0x0, 0x38, 0x7, 0xff, 0xd, 0xc0,
    0x38, 0x80, 0x6, 0x1, 0xfc, 0x20, 0x7, 0x0,
    0x8, 0x0, 0x44, 0x1, 0xfb, 0x40, 0x6, 0x1,
    0x20, 0x1, 0x80, 0x3f, 0x30, 0x3, 0x0, 0x2e,
    0x0, 0x48, 0x80, 0x79, 0x84, 0x5, 0x0, 0x25,
    0x30, 0x1d, 0x10, 0xc, 0xb2, 0x0, 0x80, 0xe,
    0xe1, 0x3, 0xea, 0x78, 0xca, 0x0, 0x2b, 0x0,
    0x71, 0x61, 0x0, 0x16, 0x1c, 0xc0, 0xd, 0x40,
    0x1f, 0x16, 0xca, 0x8, 0x0, 0x9b, 0x24, 0x3,
    0x80,

    /* U+03C4 "τ" */
    0x7f, 0xff, 0xfe, 0x1d, 0x80, 0x7f, 0xf1, 0x44,
    0x7e, 0x0, 0x84, 0x7e, 0x6e, 0xef, 0x8, 0x3,
    0xfb, 0xba, 0x80, 0x3f, 0xff, 0xe0, 0x1f, 0xfe,
    0x73, 0x0, 0xff, 0xea, 0xb0, 0x0, 0x80, 0x3f,
    0xf8, 0x26, 0x0, 0x40, 0xf, 0xfe, 0xd, 0x0,
    0x22, 0x9d, 0xc2, 0x1, 0xfc, 0x50, 0x0, 0x58,
    0x81, 0x0, 0x7f, 0x9e, 0x90, 0x40, 0x38,

    /* U+03C5 "υ" */
    0xaf, 0xf2, 0x0, 0x72, 0xff, 0xa0, 0x3, 0xfe,
    0x55, 0x3, 0x90, 0x7, 0xfd, 0x0, 0x8, 0x0,
    0xff, 0x89, 0x1, 0x40, 0x3f, 0xf8, 0x6, 0x0,
    0x40, 0xf, 0xfb, 0x40, 0x6, 0x1, 0xff, 0x8,
    0x3, 0x80, 0x3f, 0xf8, 0x46, 0x1, 0xff, 0x10,
    0x0, 0xc0, 0x3f, 0xee, 0x0, 0x8, 0x7, 0xfc,
    0x80, 0xd, 0x0, 0xff, 0x9, 0x80, 0x10, 0xc0,
    0x2, 0x1, 0xe9, 0x0, 0x28, 0xf8, 0x3, 0x0,
    0x38, 0xdc, 0x1, 0x20, 0xe0, 0x6, 0x30, 0x8,
    0xb4, 0x0, 0xc6, 0x2, 0xe0, 0xc, 0xa7, 0xad,
    0x10, 0x49, 0x0, 0xa1, 0x0, 0xb, 0xa, 0x0,
    0x6b, 0x0, 0xeb, 0x93, 0x10, 0x25, 0xc9, 0x0,
    0xc0,

    /* U+03C6 "φ" */
    0x0, 0xc5, 0x1a, 0x0, 0x3c, 0xfe, 0xb3, 0x0,
    0xf9, 0xb5, 0xc8, 0x4b, 0xc, 0x5, 0x31, 0xc0,
    0x39, 0xa4, 0x0, 0x43, 0x60, 0x4, 0x50, 0x4,
    0x38, 0x4, 0x32, 0x0, 0x4d, 0x4, 0x0, 0x55,
    0x20, 0x1, 0x4, 0x0, 0x90, 0x1, 0x58, 0x0,
    0xc0, 0x2, 0xe, 0x80, 0xb, 0x0, 0x28, 0x2,
    0xc0, 0x3f, 0xbc, 0x0, 0x80, 0x2, 0x0, 0x38,
    0x7, 0xf2, 0x0, 0x8, 0x48, 0x0, 0x22, 0x0,
    0xff, 0x10, 0x0, 0xc4, 0x0, 0x40, 0x1f, 0xf0,
    0x80, 0x4, 0x2, 0x10, 0xf, 0xfe, 0x18, 0x80,
    0xc, 0x3, 0xfe, 0x10, 0x0, 0x90, 0x0, 0x44,
    0x1, 0xfe, 0x20, 0x1, 0x1, 0x80, 0x1c, 0x3,
    0xf9, 0x40, 0x6, 0x0, 0xa0, 0x4, 0x0, 0x7f,
    0x40, 0x2, 0x80, 0xc, 0x40, 0x36, 0x20, 0x1c,
    0x38, 0x40, 0x4c, 0x1, 0x70, 0x1, 0x3e, 0x84,
    0x1, 0x5c, 0x60, 0xe, 0x0, 0xc7, 0x82, 0x2,
    0xa0, 0x12, 0x80, 0x6, 0xcc, 0x3, 0x8f, 0xa0,
    0xc0, 0x38, 0x9f, 0xd0, 0x3, 0xf3, 0xe7, 0x88,
    0x3, 0xf6, 0x4, 0x3, 0xff, 0xfe, 0x1, 0xff,
    0xdf,

    /* U+03C7 "χ" */
    0x1f, 0xf6, 0xc9, 0x0, 0x7c, 0x3f, 0xf2, 0x0,
    0x44, 0xda, 0x80, 0x1e, 0xb0, 0x1, 0xa0, 0xcb,
    0x90, 0x2, 0x80, 0x38, 0x94, 0x1, 0xe0, 0x6,
    0x8d, 0x40, 0x15, 0x0, 0xd2, 0x0, 0x43, 0x0,
    0xe9, 0x0, 0x70, 0x4, 0x68, 0x0, 0x90, 0xf,
    0x11, 0x82, 0x8, 0x3, 0xc0, 0xa, 0x40, 0x1f,
    0x50, 0x1, 0x81, 0x4c, 0x1, 0x0, 0x1f, 0x98,
    0x1, 0x41, 0x0, 0x6, 0x20, 0xf, 0xe5, 0x2,
    0x92, 0x0, 0x40, 0x7, 0xfb, 0x80, 0xc, 0x0,
    0x71, 0x0, 0xff, 0x20, 0x80, 0x43, 0x0, 0x1f,
    0xfc, 0x6, 0x0, 0xa4, 0x3, 0xff, 0x83, 0xe0,
    0x1, 0x70, 0xf, 0xfe, 0x0, 0xc0, 0x0, 0x44,
    0x1, 0xff, 0xc0, 0x90, 0xc, 0xe0, 0x1f, 0xf0,
    0xb8, 0x6, 0xa0, 0xf, 0xfa, 0x0, 0x6, 0x80,
    0x64, 0x1, 0xfc, 0x4c, 0x0, 0x8e, 0x0, 0x50,
    0x7, 0xf4, 0x0, 0xd, 0x14, 0x41, 0x80, 0x3f,
    0x12, 0x80, 0x3c, 0x0, 0xe0, 0x28, 0x1, 0xf4,
    0x80, 0x10, 0xc0, 0x14, 0x0, 0xe0, 0xf, 0x1a,
    0x0, 0x24, 0x2, 0x32, 0x5, 0x40, 0xe, 0xf0,
    0x2, 0x90, 0x6, 0xb0, 0x5, 0xda, 0x10, 0x10,
    0xc0, 0x10, 0x1, 0xcc, 0x80, 0x4, 0x7d, 0x8,
    0x0, 0x31, 0x0, 0x7a, 0xe4, 0xc4, 0x0,

    /* U+03C8 "ψ" */
    0x4f, 0xf5, 0x0, 0x6e, 0xff, 0x0, 0x6a, 0xff,
    0x20, 0x7, 0xff, 0xfc, 0x3, 0xff, 0xfe, 0x1,
    0xff, 0xc9, 0x70, 0xf, 0xfe, 0x30, 0x80, 0x4,
    0x3, 0xfe, 0x10, 0x3, 0x98, 0x1, 0x40, 0x3f,
    0xe5, 0x0, 0x10, 0x90, 0x9, 0x80, 0x7f, 0x20,
    0x81, 0x8, 0x50, 0x3, 0x88, 0x3, 0xe2, 0x90,
    0x2, 0x80, 0x1c, 0x80, 0xb6, 0x10, 0x2, 0x48,
    0xd2, 0x2, 0x90, 0xb, 0xc8, 0x0, 0xf6, 0x20,
    0xb, 0x70, 0x1, 0x78, 0x80, 0x45, 0xb0, 0x40,
    0x1f, 0x14, 0xe9, 0x0, 0x79, 0xf7, 0x52, 0x1,
    0x4e, 0xe9, 0x80, 0x3f, 0xc4, 0xc2, 0x0, 0x62,
    0x0, 0xff, 0xff, 0x80, 0x7f, 0xf3, 0x80,

    /* U+03C9 "ω" */
    0x0, 0x5f, 0xf9, 0x80, 0x3f, 0xeb, 0xff, 0x30,
    0x4, 0x48, 0x0, 0x60, 0xf, 0xfb, 0xc0, 0x16,
    0x1, 0x50, 0x1, 0x40, 0x3f, 0xf8, 0x8, 0x20,
    0x48, 0x0, 0x60, 0x7, 0x80, 0x7f, 0xf0, 0x5c,
    0x1, 0xa0, 0x62, 0x0, 0x50, 0xf, 0xfe, 0xe,
    0x80, 0x1c, 0x10, 0x0, 0x60, 0x1f, 0xfc, 0x25,
    0x0, 0x9, 0x68, 0x1, 0x40, 0x3f, 0xf8, 0x42,
    0x20, 0x2, 0x30, 0x3, 0x80, 0x3d, 0xbd, 0x20,
    0x1e, 0x20, 0x7, 0x8, 0x0, 0x40, 0x3c, 0x42,
    0x40, 0x1e, 0x70, 0x0, 0x80, 0x7f, 0xf0, 0x1c,
    0x3, 0xfc, 0x20, 0x1, 0x0, 0xe2, 0x0, 0x8,
    0x7, 0xf0, 0xb8, 0x3, 0x80, 0x39, 0x80, 0x4,
    0x1, 0xe6, 0x0, 0x71, 0x80, 0x14, 0x3, 0x8c,
    0x2, 0x30, 0xc, 0x24, 0x0, 0x5c, 0x0, 0x19,
    0x0, 0x6b, 0x1, 0xb, 0x0, 0xce, 0x1, 0x1a,
    0x8, 0x2, 0x40, 0x25, 0x30, 0x60, 0x61, 0x0,
    0xc, 0x0, 0x18, 0x1, 0x60, 0x4, 0xc8, 0x9a,
    0x4, 0x90, 0x1f, 0x88, 0x78, 0x80, 0x20, 0x0,
    0xae, 0x0, 0x37, 0x60, 0x4, 0x8c, 0x0, 0xbb,
    0x84, 0x1, 0x62, 0x1, 0x45, 0xa8, 0x80, 0xae,
    0x90, 0x3d, 0x18, 0x0, 0x9b, 0x90, 0x0,

    /* U+03CA "ϊ" */
    0xef, 0xf2, 0x0, 0x37, 0xfc, 0xa0, 0x1f, 0xfc,
    0x8c, 0xdd, 0x20, 0x3, 0xf7, 0x4a, 0x45, 0x0,
    0x44, 0x50, 0x7, 0xff, 0x4, 0xbf, 0xd8, 0x1,
    0xff, 0xff, 0x0, 0xff, 0xee, 0x98, 0x7, 0xf0,
    0x80, 0x8, 0x3, 0xe3, 0x1, 0x30, 0xf, 0x50,
    0x3, 0x65, 0xd8, 0x2, 0x63, 0x1, 0x68, 0x90,
    0xd, 0x90, 0x60, 0x10,

    /* U+03CB "ϋ" */
    0x3, 0xff, 0x80, 0x3, 0xff, 0x8, 0x7, 0xff,
    0x58, 0xf7, 0x60, 0x0, 0xee, 0xc2, 0x1, 0xc4,
    0x50, 0x4, 0x45, 0x0, 0x7f, 0xf1, 0xeb, 0xfc,
    0x80, 0x1c, 0xbf, 0xe8, 0x0, 0xff, 0x95, 0x40,
    0xe4, 0x1, 0xff, 0x40, 0x2, 0x0, 0x3f, 0xe2,
    0x40, 0x50, 0xf, 0xfe, 0x1, 0x80, 0x10, 0x3,
    0xfe, 0xd0, 0x1, 0x80, 0x7f, 0xc2, 0x0, 0xe0,
    0xf, 0xfe, 0x11, 0x80, 0x7f, 0xc4, 0x0, 0x30,
    0xf, 0xfb, 0x80, 0x2, 0x1, 0xff, 0x20, 0x3,
    0x40, 0x3f, 0xc2, 0x60, 0x4, 0x30, 0x0, 0x80,
    0x7a, 0x40, 0xa, 0x3e, 0x0, 0xc0, 0xe, 0x37,
    0x0, 0x48, 0x38, 0x1, 0x8c, 0x2, 0x2d, 0x0,
    0x31, 0x80, 0xb8, 0x3, 0x29, 0xeb, 0x44, 0x12,
    0x40, 0x28, 0x40, 0x2, 0xc2, 0x80, 0x1a, 0xc0,
    0x3a, 0xe4, 0xc4, 0x9, 0x72, 0x40, 0x30,

    /* U+03CC "ό" */
    0x0, 0xff, 0x27, 0xfa, 0xc0, 0x3f, 0xf8, 0x5,
    0x40, 0x76, 0x1, 0xff, 0xc0, 0xf1, 0x2d, 0x0,
    0xff, 0xe0, 0x51, 0xe, 0x8, 0x7, 0xfc, 0xea,
    0x38, 0x20, 0x1f, 0xfc, 0x17, 0xc2, 0x0, 0xff,
    0xe0, 0xbc, 0x10, 0x7, 0xff, 0x45, 0xaf, 0xbf,
    0xdb, 0x26, 0x1, 0xf1, 0xec, 0xa0, 0x80, 0x9,
    0xb2, 0x40, 0x38, 0xf0, 0x80, 0xb, 0xe, 0x60,
    0x6, 0xb0, 0xd, 0xc0, 0x3, 0xea, 0x78, 0xca,
    0x0, 0x23, 0x80, 0x18, 0x80, 0x74, 0x40, 0x32,
    0xc8, 0x2, 0x40, 0x14, 0x0, 0x81, 0x0, 0xf3,
    0x10, 0xa, 0x81, 0x80, 0x1c, 0x3, 0xf2, 0x80,
    0x30, 0x80, 0x2, 0x20, 0xf, 0xda, 0x0, 0x21,
    0x0, 0x18, 0x7, 0xf0, 0x80, 0x1c, 0x3, 0xff,
    0x8a, 0x20, 0x3, 0x0, 0xfe, 0x10, 0x3, 0x90,
    0x0, 0x44, 0x1, 0xfb, 0x40, 0x4, 0x6, 0x0,
    0x70, 0xf, 0xca, 0x0, 0xc0, 0xa0, 0x4, 0x0,
    0x7c, 0xc4, 0x2, 0xa0, 0xc4, 0x3, 0x82, 0x1,
    0x96, 0x40, 0x12, 0x1, 0x70, 0x0, 0xfa, 0x9e,
    0x32, 0x80, 0x8, 0xe0, 0x11, 0xe1, 0x0, 0x16,
    0x1c, 0xc0, 0xd, 0x60, 0x1c, 0x7b, 0x28, 0x20,
    0x2, 0x6c, 0x90, 0x8,

    /* U+03CD "ύ" */
    0x0, 0xfd, 0x7f, 0xe5, 0x0, 0xff, 0x3a, 0x4,
    0xa8, 0x7, 0xf2, 0x40, 0x43, 0x0, 0x7f, 0x15,
    0x3, 0x38, 0x7, 0xfb, 0xc5, 0x64, 0x3, 0xfc,
    0x6b, 0x14, 0x1, 0xff, 0x1c, 0x38, 0x7, 0xff,
    0x2e, 0xbf, 0xc8, 0x1, 0xcb, 0xfe, 0x80, 0xf,
    0xf9, 0x54, 0xe, 0x40, 0x1f, 0xf4, 0x0, 0x20,
    0x3, 0xfe, 0x24, 0x5, 0x0, 0xff, 0xe0, 0x18,
    0x1, 0x0, 0x3f, 0xed, 0x0, 0x18, 0x7, 0xfc,
    0x20, 0xe, 0x0, 0xff, 0xe1, 0x18, 0x7, 0xfc,
    0x40, 0x3, 0x0, 0xff, 0xb8, 0x0, 0x20, 0x1f,
    0xf2, 0x0, 0x34, 0x3, 0xfc, 0x26, 0x0, 0x43,
    0x0, 0x8, 0x7, 0xa4, 0x0, 0xa3, 0xe0, 0xc,
    0x0, 0xe3, 0x70, 0x4, 0x83, 0x80, 0x18, 0xc0,
    0x22, 0xd0, 0x3, 0x18, 0xb, 0x80, 0x32, 0x9e,
    0xb4, 0x41, 0x24, 0x2, 0x84, 0x0, 0x2c, 0x28,
    0x1, 0xac, 0x3, 0xae, 0x4c, 0x40, 0x97, 0x24,
    0x3, 0x0,

    /* U+03CE "ώ" */
    0x0, 0xff, 0xe0, 0xe7, 0xf8, 0xc0, 0x3f, 0xf8,
    0xd4, 0x61, 0x66, 0x1, 0xff, 0xc5, 0x65, 0xa,
    0x40, 0xf, 0xfe, 0x29, 0xc8, 0x4a, 0x80, 0x7f,
    0xf1, 0x47, 0x41, 0xd8, 0x3, 0xff, 0x8c, 0xad,
    0x30, 0x1, 0xff, 0xc7, 0x48, 0x60, 0xf, 0xfe,
    0xc5, 0xff, 0x98, 0x3, 0xfe, 0xbf, 0xf3, 0x0,
    0x44, 0x80, 0x6, 0x0, 0xff, 0xbc, 0x1, 0x60,
    0x15, 0x0, 0x14, 0x3, 0xff, 0x80, 0x82, 0x4,
    0x80, 0x6, 0x0, 0x78, 0x7, 0xff, 0x5, 0xc0,
    0x1a, 0x6, 0x20, 0x5, 0x0, 0xff, 0xe0, 0xe8,
    0x1, 0xc1, 0x0, 0x6, 0x1, 0xff, 0xc2, 0x50,
    0x0, 0x96, 0x80, 0x14, 0x3, 0xff, 0x84, 0x22,
    0x0, 0x23, 0x0, 0x38, 0x3, 0xdb, 0xd2, 0x1,
    0xe2, 0x0, 0x70, 0x80, 0x4, 0x3, 0xc4, 0x24,
    0x1, 0xe7, 0x0, 0x8, 0x7, 0xff, 0x1, 0xc0,
    0x3f, 0xc2, 0x0, 0x10, 0xe, 0x20, 0x0, 0x80,
    0x7f, 0xb, 0x80, 0x38, 0x3, 0x98, 0x0, 0x40,
    0x1e, 0x60, 0x7, 0x18, 0x1, 0x40, 0x38, 0xc0,
    0x23, 0x0, 0xc2, 0x40, 0x5, 0xc0, 0x1, 0x90,
    0x6, 0xb0, 0x10, 0xb0, 0xc, 0xe0, 0x11, 0xa0,
    0x80, 0x24, 0x2, 0x53, 0x6, 0x6, 0x10, 0x0,
    0xc0, 0x1, 0x80, 0x16, 0x0, 0x4c, 0x89, 0xa0,
    0x49, 0x1, 0xf8, 0x87, 0x88, 0x2, 0x0, 0xa,
    0xe0, 0x3, 0x76, 0x0, 0x48, 0xc0, 0xb, 0xb8,
    0x40, 0x16, 0x20, 0x14, 0x5a, 0x88, 0xa, 0xe9,
    0x3, 0xd1, 0x80, 0x9, 0xb9, 0x0, 0x0,

    /* U+0400 "Ѐ" */
    0x0, 0xeb, 0xff, 0x18, 0x7, 0xff, 0x2, 0xc8,
    0x38, 0x3, 0xff, 0x83, 0xe0, 0x50, 0x1, 0xff,
    0xc0, 0x2b, 0x7, 0x30, 0xf, 0xfe, 0x2, 0x53,
    0xb0, 0x7, 0xff, 0x5, 0x61, 0x40, 0x3f, 0xf9,
    0x3b, 0xff, 0xff, 0xc1, 0xe0, 0xf, 0xfe, 0x41,
    0xaa, 0xff, 0x9c, 0x3, 0x45, 0x57, 0xfa, 0x40,
    0x3f, 0xff, 0xe0, 0x1f, 0xd1, 0x55, 0xfe, 0x40,
    0xc, 0x6a, 0xbf, 0xe2, 0x0, 0xff, 0xe4, 0x5f,
    0xff, 0xf9, 0x80, 0x3f, 0xff, 0xe0, 0x1f, 0xfd,
    0xd8, 0xaa, 0xff, 0x84, 0x2, 0x35, 0x5f, 0xf8,
    0xc0, 0x3f, 0xf8, 0x80,

    /* U+0401 "Ё" */
    0x0, 0x8c, 0xc4, 0x1, 0x19, 0xc0, 0x1e, 0x3c,
    0xc6, 0x80, 0x7, 0x32, 0x10, 0xf, 0xfe, 0xc9,
    0xff, 0xc0, 0x1, 0xff, 0x84, 0x3, 0xff, 0xaf,
    0xbf, 0xff, 0xfc, 0x1e, 0x0, 0xff, 0xe4, 0x1a,
    0xaf, 0xf9, 0xc0, 0x34, 0x55, 0x7f, 0xa4, 0x3,
    0xff, 0xfe, 0x1, 0xfd, 0x15, 0x5f, 0xe4, 0x0,
    0xc6, 0xab, 0xfe, 0x20, 0xf, 0xfe, 0x45, 0xff,
    0xff, 0x98, 0x3, 0xff, 0xfe, 0x1, 0xff, 0xdd,
    0x8a, 0xaf, 0xf8, 0x40, 0x23, 0x55, 0xff, 0x8c,
    0x3, 0xff, 0x88,

    /* U+0402 "Ђ" */
    0x1f, 0xff, 0xfe, 0x30, 0x80, 0x7f, 0xf4, 0x55,
    0x7c, 0x60, 0x1, 0x55, 0xfc, 0x20, 0x18, 0x6a,
    0xbe, 0x0, 0x15, 0x57, 0xe0, 0xf, 0xff, 0xf8,
    0x7, 0xff, 0xfc, 0x3, 0xf8, 0xff, 0xfe, 0xea,
    0x30, 0xf, 0xfe, 0x48, 0xae, 0x48, 0x7, 0xff,
    0x0, 0x55, 0x7c, 0x60, 0x13, 0x38, 0x7, 0xfc,
    0x55, 0x5e, 0xce, 0x30, 0x4, 0x0, 0x7f, 0xf1,
    0xc7, 0x40, 0x25, 0x0, 0xff, 0xe3, 0x8a, 0x0,
    0x34, 0x3, 0xff, 0x90, 0x60, 0x2, 0x0, 0xff,
    0xe4, 0x78, 0x7, 0xff, 0x38, 0x40, 0x3f, 0xff,
    0xe0, 0x1f, 0xfc, 0x81, 0x0, 0xf9, 0xbf, 0xd8,
    0x1, 0xfd, 0xe0, 0x3, 0x0, 0xff, 0xe4, 0x10,
    0x3, 0x80, 0x3f, 0xf9, 0x8, 0x0, 0x30, 0xf,
    0xfe, 0x3d, 0x8, 0x1, 0x0, 0x3f, 0xf8, 0x65,
    0x57, 0xea, 0x0, 0x80, 0xf, 0xfe, 0x23, 0x2a,
    0x0, 0x4a, 0xe0, 0x1f, 0xfc, 0x72, 0x5b, 0xa0,
    0x0,

    /* U+0403 "Ѓ" */
    0x0, 0xfd, 0x9f, 0xc4, 0x1, 0xfe, 0x73, 0xa,
    0x20, 0xf, 0xe2, 0x80, 0x84, 0x0, 0xff, 0x70,
    0x23, 0x80, 0x7f, 0x89, 0x22, 0xc0, 0x3f, 0xe2,
    0x87, 0x0, 0xff, 0xe5, 0x6f, 0xff, 0xff, 0x6,
    0x80, 0x3f, 0xf8, 0xc6, 0xab, 0xfe, 0xd0, 0xa,
    0x2a, 0xbf, 0xce, 0x1, 0xff, 0xff, 0x0, 0xff,
    0xff, 0x80, 0x7f, 0xff, 0xc0, 0x3f, 0xfe, 0x0,

    /* U+0404 "Є" */
    0x0, 0xf8, 0xe3, 0x37, 0xfd, 0xd9, 0x28, 0x1,
    0xf8, 0xf3, 0xe, 0x64, 0x0, 0x13, 0x6b, 0xe6,
    0x0, 0xe7, 0xc3, 0x0, 0xa, 0x2a, 0x90, 0x80,
    0x3, 0x30, 0x1, 0x3c, 0x0, 0x1b, 0x7a, 0xea,
    0x97, 0xbd, 0x46, 0x2, 0x0, 0x48, 0x0, 0x54,
    0x90, 0x7, 0x85, 0x72, 0x84, 0x1, 0x20, 0x8,
    0x50, 0xf, 0xf9, 0x60, 0x14, 0x80, 0x5c, 0x3,
    0xff, 0x87, 0xe0, 0x6, 0x0, 0xff, 0xe2, 0x20,
    0x3, 0x0, 0x3f, 0xf8, 0x82, 0x0, 0xfa, 0xaf,
    0xf9, 0x80, 0x22, 0x0, 0x91, 0x57, 0xfe, 0xf0,
    0xf, 0xfe, 0x7e, 0x7f, 0xff, 0xd2, 0x1, 0x10,
    0x4, 0xc0, 0x1f, 0xfc, 0x41, 0x0, 0x60, 0x7,
    0xff, 0x11, 0x0, 0xe, 0x1, 0xff, 0xc4, 0xf0,
    0x0, 0xa8, 0x7, 0xff, 0xd, 0x48, 0x1, 0x0,
    0x1f, 0xfc, 0x13, 0x0, 0x48, 0x0, 0xac, 0x3,
    0xfc, 0x39, 0x40, 0x4, 0x80, 0x2, 0x6a, 0x80,
    0x78, 0xa3, 0x8c, 0x3, 0x3c, 0x0, 0xa, 0xbf,
    0x2a, 0x97, 0xba, 0x70, 0x0, 0x80, 0x67, 0xc3,
    0x0, 0x8d, 0x54, 0x84, 0x0, 0x29, 0x80, 0xe,
    0x3c, 0xc3, 0x98, 0x80, 0x4, 0xda, 0xf5, 0x80,

    /* U+0405 "Ѕ" */
    0x0, 0x85, 0xaf, 0xbf, 0xed, 0xb8, 0x40, 0xe,
    0x6e, 0x94, 0x10, 0x8, 0x91, 0xef, 0xc4, 0x1,
    0x12, 0x1, 0x1a, 0xb2, 0xa0, 0x80, 0x46, 0x6,
    0xe0, 0x4, 0xdc, 0xa9, 0xab, 0xec, 0x71, 0x0,
    0x48, 0x0, 0xec, 0x80, 0x3c, 0x71, 0xc4, 0xe,
    0x0, 0x90, 0xf, 0xfe, 0x90, 0x80, 0x30, 0x3,
    0xff, 0x83, 0x60, 0x6, 0x60, 0x7, 0xff, 0x1,
    0xc8, 0x1, 0x3d, 0x4e, 0x60, 0x1f, 0xde, 0x60,
    0x1, 0x58, 0xcf, 0xd8, 0x30, 0xe, 0x2c, 0xa4,
    0x0, 0xe2, 0x7c, 0xb1, 0x0, 0xe5, 0xbf, 0xc9,
    0x62, 0x0, 0x93, 0xc8, 0x3, 0xe3, 0x69, 0xdd,
    0x30, 0x0, 0x78, 0x3, 0xfe, 0x29, 0x90, 0x0,
    0xcc, 0x1, 0xff, 0xc0, 0x61, 0x0, 0x20, 0x7,
    0xff, 0x4, 0x80, 0x1e, 0x1, 0xff, 0xc1, 0x20,
    0x7, 0x28, 0x7, 0xfc, 0xa2, 0x0, 0x59, 0xf9,
    0x30, 0xf, 0x9e, 0x80, 0x4, 0x60, 0x6, 0xcf,
    0xca, 0x99, 0x5f, 0xc0, 0x5, 0xc0, 0x82, 0x1,
    0x1a, 0xb3, 0x10, 0x2, 0x3d, 0x30, 0x8e, 0xc8,
    0x42, 0x0, 0x84, 0xdf, 0x30, 0x40, 0x0,

    /* U+0406 "І" */
    0xdf, 0xf2, 0x0, 0x7f, 0xff, 0xc0, 0x3f, 0xf8,
    0x20,

    /* U+0407 "Ї" */
    0x23, 0x30, 0x4, 0x46, 0x61, 0xcc, 0x90, 0x1,
    0xd9, 0x87, 0x0, 0xff, 0xe4, 0x77, 0xf9, 0x0,
    0x19, 0xfe, 0x60, 0xf, 0xfe, 0x5e, 0xff, 0x90,
    0x3, 0xff, 0xfe, 0x1, 0xff, 0xff, 0x0, 0xff,
    0xfe, 0x80,

    /* U+0408 "Ј" */
    0x0, 0xed, 0xff, 0x20, 0x7, 0xff, 0xfc, 0x3,
    0xff, 0xfe, 0x1, 0xff, 0xe0, 0x30, 0xf, 0xc2,
    0x0, 0x70, 0xc, 0x20, 0x11, 0x0, 0x67, 0x0,
    0x8, 0x80, 0x23, 0x80, 0x3, 0x3, 0xde, 0x60,
    0x40, 0x12, 0x1a, 0x86, 0x1, 0x58, 0x80, 0x42,
    0x6f, 0xc8, 0x0,

    /* U+0409 "Љ" */
    0x0, 0xf7, 0xff, 0xff, 0x7, 0x80, 0x3f, 0xfd,
    0x28, 0xab, 0xe3, 0x0, 0xff, 0xe6, 0x4d, 0x57,
    0xa0, 0x3, 0xff, 0xfe, 0x1, 0xff, 0xfd, 0x10,
    0x8, 0xc0, 0x3f, 0xfb, 0xa3, 0x33, 0xa1, 0xd0,
    0x3, 0xfc, 0x60, 0x10, 0x80, 0x7f, 0x99, 0xb3,
    0xc5, 0xfc, 0x88, 0x7, 0xcc, 0x0, 0x10, 0xf,
    0xfe, 0x3b, 0x79, 0x0, 0x78, 0x40, 0x6, 0x1,
    0xfe, 0x1f, 0xfd, 0xd6, 0xa0, 0x1, 0xe0, 0xf,
    0x10, 0x1, 0x80, 0x3f, 0xf8, 0x62, 0x95, 0x20,
    0x3, 0x40, 0xe, 0xd0, 0x1, 0x80, 0x7f, 0xf1,
    0x98, 0x80, 0x18, 0x1, 0xc8, 0x0, 0xd0, 0xf,
    0xfe, 0x3b, 0x80, 0x8, 0x3, 0x18, 0x80, 0x1c,
    0x3, 0xff, 0x8e, 0x60, 0x1, 0x0, 0xd0, 0x0,
    0x22, 0x0, 0x7f, 0xf1, 0xd4, 0x0, 0x40, 0x13,
    0xa0, 0x2, 0x80, 0x3f, 0xf8, 0xe4, 0x60, 0xf,
    0x1, 0x98, 0x0, 0x13, 0x80, 0x7f, 0xf1, 0x93,
    0x0, 0x27, 0x8e, 0x60, 0x0, 0xf8, 0x7, 0xff,
    0x0, 0x66, 0x75, 0x6d, 0x88, 0x2, 0x44, 0xc0,
    0x25, 0xf2, 0x0, 0xff, 0xe0, 0xb3, 0x65, 0x20,
    0x0, 0xd3, 0x0, 0x9b, 0xed, 0x8, 0x7, 0xff,
    0x1c, 0x96, 0x79, 0x40, 0x0,

    /* U+040A "Њ" */
    0xdf, 0xf2, 0x0, 0x7f, 0x67, 0xf9, 0x40, 0x3f,
    0xff, 0xe0, 0x1f, 0xff, 0xf0, 0xf, 0xff, 0xf8,
    0x7, 0xff, 0x2a, 0x2a, 0xbf, 0x88, 0x1, 0x35,
    0x5a, 0x5c, 0xc0, 0x3f, 0x1a, 0xaf, 0xf0, 0x80,
    0xd, 0x57, 0x34, 0x66, 0xa8, 0x7, 0xff, 0x3c,
    0xaa, 0x0, 0x3a, 0xff, 0xff, 0x8c, 0x1, 0x5f,
    0xfb, 0x64, 0x40, 0xe, 0x80, 0x1f, 0xfc, 0xa2,
    0x6f, 0x10, 0x7, 0x80, 0x7f, 0xf3, 0x6, 0x0,
    0x8, 0x1, 0xff, 0xcd, 0x50, 0x8, 0x80, 0x3f,
    0xf9, 0x82, 0x1, 0xff, 0xd0, 0x60, 0x8, 0xc0,
    0x3f, 0xf9, 0x9e, 0x0, 0x21, 0x0, 0xff, 0xe5,
    0xc, 0xa0, 0x2, 0x80, 0x3f, 0xf8, 0xbd, 0x33,
    0x56, 0x73, 0x0, 0xd, 0xc0, 0x3f, 0xf8, 0xa8,
    0xcd, 0x29, 0x80, 0x4b, 0xa0, 0x1f, 0xfc, 0xb1,
    0x37, 0xca, 0x10, 0x0,

    /* U+040B "Ћ" */
    0x1f, 0xff, 0xfe, 0x30, 0x80, 0x7f, 0xf4, 0x55,
    0x7c, 0x60, 0x1, 0x55, 0xfc, 0x20, 0x18, 0x6a,
    0xbe, 0x0, 0x15, 0x57, 0xe0, 0xf, 0xff, 0xf8,
    0x7, 0xff, 0xc0, 0xaa, 0xbe, 0x95, 0x0, 0xff,
    0xe1, 0xa, 0xaf, 0xcd, 0x5c, 0x80, 0x1f, 0xfc,
    0xa1, 0xb3, 0x0, 0xff, 0x8f, 0xff, 0xdd, 0x20,
    0x17, 0x0, 0x7f, 0xf1, 0x85, 0xac, 0x0, 0x48,
    0x1, 0xff, 0xc7, 0x43, 0x0, 0x18, 0x7, 0xff,
    0x21, 0x40, 0x1c, 0x1, 0xff, 0xc8, 0xe0, 0x1,
    0x80, 0x7f, 0xf2, 0xc4, 0x3, 0xff, 0xfe, 0x1,
    0xff, 0xe1,

    /* U+040C "Ќ" */
    0x0, 0xfe, 0xcf, 0xe2, 0x0, 0xff, 0xe1, 0xb9,
    0x85, 0x10, 0x7, 0xff, 0x8, 0xa0, 0x21, 0x0,
    0x3f, 0xf8, 0x7c, 0x8, 0xe0, 0x1f, 0xfc, 0x32,
    0x48, 0xb0, 0xf, 0xfe, 0x21, 0x43, 0x80, 0x7f,
    0xf4, 0xf7, 0xfc, 0x80, 0x1f, 0xc3, 0xbf, 0xee,
    0x30, 0xf, 0xfe, 0x8, 0xe1, 0x0, 0xe9, 0x80,
    0x7f, 0xf0, 0x7, 0x8, 0x1, 0xa6, 0x1, 0xff,
    0xc0, 0x1c, 0x20, 0x6, 0x18, 0x7, 0xff, 0x0,
    0x74, 0x80, 0x18, 0x60, 0x1f, 0xfc, 0x1, 0xd3,
    0x0, 0x61, 0x80, 0x7f, 0xf0, 0x7, 0x4c, 0x1,
    0x86, 0x1, 0xff, 0xc0, 0x1d, 0x30, 0x6, 0x18,
    0x7, 0xff, 0x7, 0x4c, 0x1, 0x86, 0x1, 0xff,
    0xc1, 0xc3, 0x0, 0x11, 0x80, 0x7f, 0xf0, 0x7,
    0xc, 0x2, 0x29, 0x0, 0xff, 0xe0, 0x59, 0x80,
    0x20, 0x0, 0xc8, 0x1, 0xff, 0x8, 0x2, 0xdd,
    0xc0, 0xa, 0x0, 0xff, 0xe0, 0xda, 0x4, 0x10,
    0xc, 0x80, 0x7f, 0xd6, 0x80, 0x17, 0x80, 0x19,
    0x0, 0x3f, 0xa5, 0x0, 0x31, 0x40, 0x2, 0x84,
    0x3, 0xf1, 0x0, 0x79, 0xcc, 0x6, 0xc0, 0x3f,
    0xf8, 0x9c, 0x0, 0x55, 0x0, 0x7f, 0xf0, 0xca,
    0x40, 0x16, 0x20, 0x1f, 0xfc, 0x36, 0x40, 0x1a,
    0x0, 0xff, 0xe2, 0x50, 0x1, 0x18, 0x3, 0xff,
    0x86, 0x34, 0x0, 0x91, 0x0, 0xff, 0xe1, 0xaa,
    0x80, 0x14, 0x0,

    /* U+040D "Ѝ" */
    0x0, 0xec, 0xfe, 0x10, 0xf, 0xfe, 0x16, 0x88,
    0xa8, 0x3, 0xff, 0x84, 0x34, 0x8, 0xc0, 0x1f,
    0xfc, 0x24, 0x80, 0x91, 0x0, 0xff, 0xe1, 0x3c,
    0xba, 0x80, 0x7f, 0xf0, 0xda, 0x10, 0x3, 0xff,
    0x9b, 0xbf, 0xe3, 0x0, 0xfe, 0xbf, 0xfb, 0x0,
    0x3f, 0xf8, 0x8, 0x80, 0xf, 0xfe, 0x24, 0x0,
    0x7f, 0xf1, 0x14, 0xc0, 0x3f, 0xf8, 0x90, 0x0,
    0x60, 0xf, 0xfe, 0xb, 0x10, 0x1e, 0x80, 0x7f,
    0xf0, 0x60, 0x1, 0x0, 0x1f, 0xfc, 0x17, 0x10,
    0x44, 0x0, 0x7f, 0xf0, 0x6, 0x0, 0x10, 0x1,
    0xff, 0xc1, 0x80, 0x2, 0x98, 0x7, 0xff, 0x0,
    0x98, 0x1, 0x0, 0x1f, 0xfc, 0x18, 0x0, 0x31,
    0x0, 0x7f, 0xf0, 0x9, 0x40, 0x10, 0x1, 0xff,
    0xc1, 0x90, 0x4, 0x8, 0x7, 0xff, 0x1, 0x10,
    0x2, 0xe0, 0x1f, 0xfc, 0x18, 0x0, 0x40, 0x7,
    0xff, 0x5, 0x4c, 0x9, 0x80, 0x3f, 0xf8, 0x30,
    0x0, 0x80, 0xf, 0xfe, 0xd, 0x10, 0x1a, 0x80,
    0x7f, 0xf0, 0x58, 0x1, 0x0, 0x1f, 0xfc, 0x44,
    0x40, 0x7, 0xff, 0x12, 0x0, 0x3f, 0xf8, 0x8a,
    0x60, 0x1f, 0xfc, 0x0,

    /* U+040E "Ў" */
    0x0, 0xef, 0xe0, 0xe, 0x6f, 0x90, 0xf, 0xe3,
    0x1c, 0x41, 0x26, 0x90, 0xd0, 0xf, 0xef, 0x3,
    0xbe, 0xd9, 0x4, 0x40, 0x7, 0xf1, 0xea, 0x88,
    0x0, 0xe2, 0xc0, 0x3f, 0xe2, 0xae, 0xff, 0x63,
    0x80, 0x7f, 0xf8, 0xf, 0xfe, 0x20, 0xf, 0xf5,
    0x7f, 0xac, 0xcc, 0x0, 0xb0, 0xf, 0xe1, 0x50,
    0x7, 0x85, 0x0, 0x18, 0x3, 0xfa, 0x40, 0x4,
    0x80, 0xc2, 0x0, 0x70, 0xf, 0xcc, 0x0, 0xa0,
    0x9, 0x80, 0x14, 0x1, 0xf3, 0x8, 0x1, 0xc0,
    0x29, 0x0, 0x12, 0x0, 0x7a, 0xc0, 0xc, 0x1,
    0x85, 0x40, 0x1e, 0x1, 0xc8, 0x40, 0xb, 0x0,
    0xe9, 0x0, 0x21, 0x0, 0x6f, 0x0, 0x21, 0x0,
    0x71, 0x98, 0x1, 0x60, 0x11, 0x20, 0x3, 0xc0,
    0x3e, 0x90, 0x3, 0x8, 0x2, 0x80, 0x4, 0x80,
    0x1f, 0x28, 0x80, 0x18, 0x0, 0xe0, 0xb, 0x0,
    0xfe, 0x60, 0x4, 0x83, 0x0, 0x4c, 0x1, 0xfd,
    0x20, 0x1, 0x5b, 0x0, 0x38, 0x7, 0xf8, 0x54,
    0x1, 0x64, 0x0, 0xa0, 0xf, 0xfa, 0x40, 0x2,
    0x0, 0x42, 0x0, 0xff, 0x8c, 0xc0, 0x1b, 0xc0,
    0x3f, 0xf8, 0x32, 0x1, 0x12, 0x0, 0x7f, 0xf0,
    0x50, 0x2, 0xb0, 0xf, 0xfe, 0x13, 0x0, 0x5,
    0x80, 0x3f, 0xf8, 0x23, 0x20, 0x6, 0x0, 0xff,
    0xaa, 0x99, 0xc2, 0x0, 0x90, 0xf, 0xf9, 0x54,
    0x60, 0x14, 0x88, 0x7, 0xff, 0x8, 0x9b, 0x18,
    0x3, 0xf8,

    /* U+040F "Џ" */
    0xdf, 0xf2, 0x0, 0x7f, 0x8f, 0xfd, 0xc0, 0x1f,
    0xff, 0xf0, 0xf, 0xff, 0xf8, 0x7, 0xff, 0xfc,
    0x3, 0xff, 0xfe, 0x1, 0xff, 0xe1, 0x8a, 0xaf,
    0xf4, 0x0, 0x78, 0xd5, 0x7f, 0xc8, 0x1, 0xff,
    0xc9, 0xdf, 0xff, 0x58, 0x2, 0xbf, 0xfd, 0xc0,
    0x1f, 0xff, 0xc0,

    /* U+0410 "А" */
    0x0, 0xfc, 0x3f, 0xf7, 0x0, 0x7f, 0xf1, 0x5c,
    0x2, 0x14, 0x0, 0xff, 0xe2, 0x58, 0x6, 0xf0,
    0xf, 0xfe, 0x19, 0x90, 0x29, 0x82, 0x8, 0x7,
    0xff, 0xa, 0x80, 0x1d, 0x40, 0x6, 0x0, 0xff,
    0xe1, 0x30, 0xa, 0x38, 0x2, 0x80, 0x3f, 0xf8,
    0x2a, 0x0, 0x60, 0x15, 0x2, 0x30, 0xf, 0xfe,
    0x4, 0x80, 0x28, 0x1, 0xc0, 0x9, 0x0, 0xff,
    0x88, 0xc0, 0xc8, 0x0, 0x82, 0xa, 0x1, 0xff,
    0x50, 0x2, 0xc0, 0x33, 0x80, 0x18, 0x3, 0xfc,
    0xc0, 0x6, 0x0, 0xd4, 0x0, 0xa0, 0xf, 0xe4,
    0x10, 0x41, 0x0, 0xc6, 0x40, 0x64, 0x1, 0xfb,
    0x80, 0x1c, 0x1, 0xea, 0x0, 0x58, 0x7, 0xc2,
    0xa0, 0x5, 0x0, 0xf3, 0x0, 0x1c, 0x3, 0xe6,
    0x0, 0xd, 0x57, 0xd6, 0x0, 0x15, 0x0, 0xf5,
    0x0, 0x5, 0x57, 0xf0, 0x5, 0xc0, 0x1c, 0x64,
    0x1, 0xff, 0xc2, 0x41, 0x0, 0xd4, 0x0, 0x7f,
    0xff, 0xf3, 0x0, 0x18, 0x3, 0x30, 0x2, 0x80,
    0x3f, 0xda, 0x0, 0x90, 0x9, 0x80, 0x4, 0x40,
    0xf, 0xf2, 0x8, 0xa, 0x0, 0x28, 0x1, 0x40,
    0x1f, 0xfc, 0x6, 0x0, 0x70, 0x11, 0x80, 0x18,
    0x3, 0xff, 0x81, 0x60, 0x5, 0x1a, 0x0, 0x18,
    0x80, 0x7f, 0xf0, 0xc, 0x80, 0xe,

    /* U+0411 "Б" */
    0xdf, 0xff, 0xfe, 0x10, 0x7, 0xff, 0x29, 0x19,
    0xbf, 0xe0, 0xe, 0xf9, 0x9f, 0xf8, 0x3, 0xff,
    0xfe, 0x1, 0xff, 0xc3, 0xf9, 0x9e, 0x87, 0x40,
    0xf, 0xc8, 0xcd, 0xcf, 0x17, 0xf2, 0x1, 0xff,
    0xc4, 0x6d, 0x10, 0xd, 0x7f, 0xfd, 0xd6, 0xa0,
    0x2, 0xd0, 0xf, 0xf0, 0xa5, 0x40, 0x0, 0xcc,
    0x1, 0xff, 0xc0, 0x71, 0x0, 0x58, 0x7, 0xff,
    0x5, 0x40, 0x4, 0x1, 0xff, 0xc1, 0x10, 0xf,
    0xfe, 0x23, 0x0, 0xc, 0x3, 0xff, 0x80, 0x66,
    0x0, 0x60, 0x7, 0xfc, 0x9a, 0x0, 0x14, 0x0,
    0xbe, 0x67, 0xab, 0x6c, 0x40, 0x10, 0x20, 0x12,
    0x33, 0x72, 0x90, 0x0, 0x69, 0x80, 0x3f, 0xe2,
    0x49, 0xf5, 0x0, 0x0,

    /* U+0412 "В" */
    0xdf, 0xff, 0xdd, 0x92, 0x60, 0x1f, 0xfc, 0x11,
    0x36, 0xca, 0x0, 0xf2, 0x33, 0x65, 0x40, 0x9,
    0x6c, 0x3, 0xbe, 0x67, 0x55, 0xfb, 0x0, 0x11,
    0x0, 0x1f, 0xfc, 0x9, 0x30, 0x6, 0x80, 0x7f,
    0xf0, 0x50, 0x0, 0x40, 0x1f, 0xfc, 0x42, 0x0,
    0xff, 0xe0, 0xa0, 0x3, 0xc0, 0x3f, 0xf8, 0x10,
    0x60, 0x2c, 0x1, 0xbe, 0x67, 0xaf, 0x9c, 0x7,
    0x40, 0x39, 0x19, 0xb9, 0x4, 0x1f, 0x8c, 0x3,
    0xff, 0x84, 0xfa, 0x60, 0x1d, 0x7f, 0xfd, 0xd6,
    0xa0, 0x58, 0x80, 0x1f, 0xe1, 0x4a, 0x80, 0x5,
    0x0, 0x7f, 0xf0, 0x5c, 0x40, 0x54, 0x3, 0xff,
    0x82, 0xa0, 0xc, 0x0, 0xff, 0xe0, 0x88, 0x0,
    0xc0, 0x3f, 0xf8, 0x2c, 0x0, 0x30, 0xf, 0xfe,
    0x1, 0x98, 0x1, 0xe0, 0x1f, 0xf2, 0x68, 0x0,
    0x5c, 0x2, 0xf9, 0x9e, 0xad, 0xb1, 0x0, 0x58,
    0x80, 0x48, 0xcd, 0xca, 0x40, 0x1, 0xa5, 0x0,
    0xff, 0x89, 0x67, 0x94, 0x0,

    /* U+0413 "Г" */
    0xdf, 0xff, 0xfe, 0xd, 0x0, 0x7f, 0xf1, 0x8d,
    0x57, 0xfd, 0xa0, 0x14, 0x55, 0x7f, 0x9c, 0x3,
    0xff, 0xfe, 0x1, 0xff, 0xff, 0x0, 0xff, 0xff,
    0x80, 0x7f, 0xfc, 0x0,

    /* U+0414 "Д" */
    0x0, 0xe1, 0xff, 0xff, 0xe0, 0xe0, 0x7, 0xff,
    0x5d, 0x57, 0xe3, 0x0, 0xff, 0xe1, 0xd5, 0x7e,
    0x0, 0xff, 0xeb, 0x18, 0x7, 0xff, 0x84, 0x40,
    0x3f, 0xfc, 0x2e, 0x0, 0x10, 0xf, 0xfe, 0x39,
    0x0, 0xc, 0x3, 0xff, 0x8e, 0x20, 0x6, 0x0,
    0xff, 0xe3, 0xf0, 0x0, 0x40, 0x3f, 0xf8, 0xe4,
    0x0, 0xd0, 0xf, 0xfe, 0x3a, 0x80, 0xc, 0x3,
    0xff, 0x8c, 0x22, 0x0, 0x30, 0x7, 0xff, 0x19,
    0x0, 0x2, 0x40, 0x1f, 0xfc, 0x6f, 0x0, 0x38,
    0x7, 0xff, 0x18, 0x94, 0x1, 0xa0, 0x1f, 0xfc,
    0x52, 0xf0, 0x1, 0x20, 0x7, 0xff, 0xd, 0x2f,
    0x48, 0x0, 0x35, 0x5f, 0xe0, 0x1, 0x55, 0x10,
    0x90, 0x3, 0x1a, 0xaf, 0xf1, 0x80, 0x5, 0x54,
    0x40, 0x1f, 0xfc, 0xec, 0xff, 0xff, 0xe1, 0xe0,
    0x7, 0xff, 0xfc, 0x3, 0xff, 0x90, 0xdf, 0xe3,
    0x0, 0xff, 0xe1, 0x9f, 0xf9, 0x80,

    /* U+0415 "Е" */
    0xdf, 0xff, 0xfe, 0xf, 0x0, 0x7f, 0xf2, 0xd,
    0x57, 0xfc, 0xe0, 0x1a, 0x2a, 0xbf, 0xd2, 0x1,
    0xff, 0xff, 0x0, 0xfe, 0x8a, 0xaf, 0xf2, 0x0,
    0x63, 0x55, 0xff, 0x10, 0x7, 0xff, 0x22, 0xff,
    0xff, 0xcc, 0x1, 0xff, 0xff, 0x0, 0xff, 0xee,
    0xc5, 0x57, 0xfc, 0x20, 0x11, 0xaa, 0xff, 0xc6,
    0x1, 0xff, 0xc4,

    /* U+0416 "Ж" */
    0x5, 0xff, 0x9c, 0x3, 0xf9, 0x7f, 0xda, 0x1,
    0xfc, 0x3d, 0xfe, 0xc0, 0x2, 0xc8, 0x2, 0x18,
    0x3, 0xff, 0x90, 0x38, 0x20, 0x5a, 0x1, 0x34,
    0x0, 0x25, 0x40, 0x3f, 0xf8, 0xfa, 0x40, 0x58,
    0x20, 0x19, 0xdc, 0x0, 0xa4, 0x0, 0xff, 0xe2,
    0xe1, 0x80, 0xe0, 0x80, 0x7a, 0x18, 0x1, 0x66,
    0x1, 0xff, 0xc3, 0xb3, 0x1, 0xc1, 0x0, 0xfd,
    0x2a, 0x0, 0xc3, 0x0, 0xff, 0xe0, 0xd2, 0x0,
    0x34, 0x80, 0x3f, 0xd4, 0x80, 0xd, 0x20, 0xf,
    0xfa, 0x54, 0x1, 0x86, 0x1, 0xff, 0xc0, 0xb3,
    0x1, 0xc2, 0x0, 0xfe, 0x86, 0x0, 0x59, 0x80,
    0x7f, 0xf0, 0xb0, 0xc0, 0x7c, 0x40, 0x3e, 0x77,
    0x0, 0x29, 0x0, 0x3f, 0xf8, 0x8a, 0x0, 0x2c,
    0x10, 0xe, 0x68, 0x0, 0x90, 0x3, 0xff, 0x88,
    0x6c, 0x1, 0x16, 0x98, 0x4, 0xb2, 0x1, 0xa8,
    0x3, 0xff, 0x89, 0xc0, 0x7, 0x10, 0x38, 0x0,
    0x15, 0x0, 0x1c, 0x41, 0x14, 0x3, 0xff, 0x85,
    0x4, 0x9, 0x18, 0x20, 0x20, 0x1c, 0xd1, 0x40,
    0xb, 0x10, 0xf, 0xfe, 0x1, 0xb8, 0x2, 0x40,
    0xb4, 0x3, 0xcb, 0x20, 0x8a, 0x3, 0x60, 0x1f,
    0xfc, 0xe, 0x0, 0x41, 0x0, 0xe, 0xc0, 0x32,
    0x50, 0x5, 0x62, 0xa, 0x80, 0x1f, 0xe7, 0x20,
    0x37, 0x0, 0xc9, 0x0, 0x1, 0xb0, 0xc, 0x36,
    0x0, 0xa0, 0xf, 0xe2, 0x80, 0x7, 0x0, 0x78,
    0x80, 0x6, 0x1, 0xe5, 0x50, 0xc, 0x80, 0x7e,
    0xe0, 0x4, 0x10, 0x7, 0xff, 0x16, 0xc4, 0x19,
    0x0, 0x3c, 0xe6, 0x4, 0xe0, 0x1f, 0xfc, 0x61,
    0x80, 0x4, 0x80, 0x71, 0x40, 0x3, 0x80, 0x3f,
    0xf9, 0xc, 0x80, 0x52, 0x1, 0xa4, 0x0, 0xe6,
    0x1, 0xff, 0xc9, 0x90, 0x3, 0x18, 0x1, 0x90,
    0xa, 0x0, 0x3f, 0xf9, 0x45, 0x20, 0xe, 0x1,
    0x90, 0x4, 0x80, 0x7f, 0xf3, 0x18, 0xc0, 0xa0,

    /* U+0417 "З" */
    0x2, 0x6a, 0xce, 0xff, 0x76, 0xd2, 0x80, 0x74,
    0xec, 0xa9, 0x88, 0x0, 0x49, 0x6b, 0x98, 0x2,
    0x30, 0x8, 0xd1, 0x51, 0x4, 0x0, 0x19, 0x90,
    0x0, 0xd6, 0xbf, 0x2e, 0xae, 0xdb, 0xcc, 0x0,
    0x65, 0x9, 0xa5, 0x0, 0xf8, 0x65, 0x40, 0x1c,
    0x1, 0xff, 0xc1, 0xf0, 0x3, 0x0, 0x7f, 0xf1,
    0x18, 0x3, 0xff, 0x83, 0x20, 0xd, 0x0, 0xff,
    0x13, 0x69, 0x82, 0xb0, 0x7, 0x6f, 0xfe, 0xd9,
    0x22, 0x4d, 0x0, 0x7f, 0xf0, 0x95, 0x0, 0x3e,
    0x56, 0x69, 0x48, 0x0, 0xfa, 0xc0, 0x1e, 0x89,
    0x9a, 0xb7, 0x98, 0x1, 0x2a, 0x1, 0xff, 0xc,
    0xc0, 0x2, 0xc0, 0x3f, 0xf8, 0x2e, 0x0, 0x13,
    0x0, 0xff, 0xe0, 0x98, 0x1, 0x80, 0x3f, 0xfa,
    0x46, 0x0, 0x66, 0x0, 0x7f, 0xd2, 0x0, 0x13,
    0x8e, 0x71, 0x0, 0xf1, 0xdb, 0x0, 0x2c, 0x0,
    0x31, 0xdc, 0xbb, 0xb3, 0xb1, 0x0, 0x10, 0xa0,
    0x80, 0x10, 0xa2, 0x46, 0x20, 0x2, 0xb7, 0x0,
    0x57, 0x53, 0x18, 0x80, 0x4, 0xdb, 0x35, 0x0,
    0x20,

    /* U+0418 "И" */
    0xdf, 0xf1, 0x80, 0x7f, 0x5f, 0xfd, 0x80, 0x1f,
    0xfc, 0x4, 0x40, 0x7, 0xff, 0x12, 0x0, 0x3f,
    0xf8, 0x8a, 0x60, 0x1f, 0xfc, 0x48, 0x0, 0x30,
    0x7, 0xff, 0x5, 0x88, 0xf, 0x40, 0x3f, 0xf8,
    0x30, 0x0, 0x80, 0xf, 0xfe, 0xb, 0x88, 0x22,
    0x0, 0x3f, 0xf8, 0x3, 0x0, 0x8, 0x0, 0xff,
    0xe0, 0xc0, 0x1, 0x4c, 0x3, 0xff, 0x80, 0x4c,
    0x0, 0x80, 0xf, 0xfe, 0xc, 0x0, 0x18, 0x80,
    0x3f, 0xf8, 0x4, 0xa0, 0x8, 0x0, 0xff, 0xe0,
    0xc8, 0x2, 0x4, 0x3, 0xff, 0x80, 0x88, 0x1,
    0x70, 0xf, 0xfe, 0xc, 0x0, 0x20, 0x3, 0xff,
    0x82, 0xa6, 0x4, 0xc0, 0x1f, 0xfc, 0x18, 0x0,
    0x40, 0x7, 0xff, 0x6, 0x88, 0xd, 0x40, 0x3f,
    0xf8, 0x2c, 0x0, 0x80, 0xf, 0xfe, 0x22, 0x20,
    0x3, 0xff, 0x89, 0x0, 0x1f, 0xfc, 0x45, 0x30,
    0xf, 0xfe, 0x0,

    /* U+0419 "Й" */
    0x0, 0xdf, 0xe0, 0xe, 0x5f, 0xa0, 0xf, 0xc8,
    0x18, 0x82, 0x4d, 0x41, 0xe0, 0x1f, 0xa4, 0xe,
    0xfb, 0x64, 0x11, 0x40, 0x3f, 0x16, 0xb0, 0x80,
    0xe, 0x2c, 0x3, 0xfc, 0x53, 0xdf, 0xec, 0x70,
    0xf, 0xfe, 0xf6, 0xff, 0x8c, 0x3, 0xfa, 0xff,
    0xec, 0x0, 0xff, 0xe0, 0x22, 0x0, 0x3f, 0xf8,
    0x90, 0x1, 0xff, 0xc4, 0x53, 0x0, 0xff, 0xe2,
    0x40, 0x1, 0x80, 0x3f, 0xf8, 0x2c, 0x40, 0x7a,
    0x1, 0xff, 0xc1, 0x80, 0x4, 0x0, 0x7f, 0xf0,
    0x5c, 0x41, 0x10, 0x1, 0xff, 0xc0, 0x18, 0x0,
    0x40, 0x7, 0xff, 0x6, 0x0, 0xa, 0x60, 0x1f,
    0xfc, 0x2, 0x60, 0x4, 0x0, 0x7f, 0xf0, 0x60,
    0x0, 0xc4, 0x1, 0xff, 0xc0, 0x25, 0x0, 0x40,
    0x7, 0xff, 0x6, 0x40, 0x10, 0x20, 0x1f, 0xfc,
    0x4, 0x40, 0xb, 0x80, 0x7f, 0xf0, 0x60, 0x1,
    0x0, 0x1f, 0xfc, 0x15, 0x30, 0x26, 0x0, 0xff,
    0xe0, 0xc0, 0x2, 0x0, 0x3f, 0xf8, 0x34, 0x40,
    0x6a, 0x1, 0xff, 0xc1, 0x60, 0x4, 0x0, 0x7f,
    0xf1, 0x11, 0x0, 0x1f, 0xfc, 0x48, 0x0, 0xff,
    0xe2, 0x29, 0x80, 0x7f, 0xf0, 0x0,

    /* U+041A "К" */
    0xdf, 0xf2, 0x0, 0x7f, 0xe, 0xff, 0xb8, 0xc0,
    0x3f, 0xf8, 0x23, 0x84, 0x3, 0xa6, 0x1, 0xff,
    0xc0, 0x1c, 0x20, 0x6, 0x98, 0x7, 0xff, 0x0,
    0x70, 0x80, 0x18, 0x60, 0x1f, 0xfc, 0x1, 0xd2,
    0x0, 0x61, 0x80, 0x7f, 0xf0, 0x7, 0x4c, 0x1,
    0x86, 0x1, 0xff, 0xc0, 0x1d, 0x30, 0x6, 0x18,
    0x7, 0xff, 0x0, 0x74, 0xc0, 0x18, 0x60, 0x1f,
    0xfc, 0x1d, 0x30, 0x6, 0x18, 0x7, 0xff, 0x7,
    0xc, 0x0, 0x46, 0x1, 0xff, 0xc0, 0x1c, 0x30,
    0x8, 0xa4, 0x3, 0xff, 0x81, 0x66, 0x0, 0x80,
    0x3, 0x20, 0x7, 0xfc, 0x20, 0xb, 0x77, 0x0,
    0x28, 0x3, 0xff, 0x83, 0x68, 0x10, 0x40, 0x32,
    0x1, 0xff, 0x5a, 0x0, 0x5e, 0x0, 0x64, 0x0,
    0xfe, 0x94, 0x0, 0xc5, 0x0, 0xa, 0x10, 0xf,
    0xc4, 0x1, 0xe7, 0x30, 0x1b, 0x0, 0xff, 0xe2,
    0x70, 0x1, 0x54, 0x1, 0xff, 0xc3, 0x29, 0x0,
    0x58, 0x80, 0x7f, 0xf0, 0xd9, 0x0, 0x68, 0x3,
    0xff, 0x89, 0x40, 0x4, 0x60, 0xf, 0xfe, 0x18,
    0xd0, 0x2, 0x44, 0x3, 0xff, 0x86, 0xaa, 0x0,
    0x50, 0x0,

    /* U+041B "Л" */
    0x0, 0xf7, 0xff, 0xff, 0x7, 0x80, 0x3f, 0xfa,
    0x28, 0xab, 0xe3, 0x0, 0xff, 0xe0, 0x4d, 0x57,
    0xa0, 0x3, 0xff, 0xfe, 0x1, 0xff, 0xc1, 0x10,
    0x8, 0xc0, 0x3f, 0xf8, 0x66, 0x1, 0xff, 0xc7,
    0x10, 0x8, 0x40, 0x3f, 0xf8, 0x6e, 0x0, 0x10,
    0xf, 0xfe, 0x21, 0x0, 0xc, 0x3, 0xff, 0x89,
    0xc0, 0x6, 0x0, 0xff, 0xe2, 0x10, 0x0, 0xc0,
    0x3f, 0xf8, 0x88, 0x0, 0xd0, 0xf, 0xfe, 0x19,
    0x8, 0x1, 0xc0, 0x3f, 0xf8, 0x74, 0x0, 0x22,
    0x0, 0x7f, 0xf0, 0x8d, 0xc0, 0x14, 0x1, 0xff,
    0xc2, 0x7c, 0x0, 0x13, 0x80, 0x7f, 0xf0, 0x1f,
    0xe0, 0x0, 0x3e, 0x1, 0xff, 0xc1, 0xc0, 0x9,
    0x7c, 0x80, 0x3f, 0xf8, 0x22, 0x6f, 0xb4, 0x20,
    0x1f, 0xfc, 0x20,

    /* U+041C "М" */
    0xdf, 0xfc, 0x20, 0x1f, 0xe6, 0xff, 0xce, 0x1,
    0xce, 0x1, 0xfe, 0xa0, 0xf, 0xf5, 0x0, 0x7f,
    0x11, 0x80, 0x7e, 0x40, 0x32, 0x0, 0xfd, 0x40,
    0x4, 0x0, 0xf7, 0x0, 0x28, 0x3, 0xf3, 0x1,
    0x90, 0x7, 0x98, 0xc1, 0x80, 0x3e, 0x51, 0xa,
    0x0, 0xfd, 0x40, 0x2a, 0x1, 0xee, 0x0, 0x30,
    0x7, 0xe6, 0x0, 0x70, 0x7, 0xa, 0x3, 0x0,
    0x7f, 0x94, 0x10, 0x40, 0x33, 0x0, 0x28, 0x3,
    0xfd, 0x20, 0x6, 0x0, 0xd4, 0x4, 0x60, 0x1f,
    0xe3, 0x20, 0xa0, 0x8, 0xc8, 0x28, 0x3, 0xff,
    0x81, 0x40, 0x46, 0x0, 0xa0, 0x3, 0x0, 0x7f,
    0xf0, 0x18, 0x1, 0x40, 0x6, 0x4, 0x10, 0xf,
    0xfe, 0x0, 0xa0, 0x30, 0x30, 0x3, 0x80, 0x3f,
    0xf8, 0x5c, 0x0, 0x5a, 0x1, 0x50, 0xf, 0xfe,
    0x12, 0x88, 0x41, 0x83, 0x80, 0x7f, 0xf1, 0x1c,
    0x8, 0x1, 0x60, 0x1f, 0xfc, 0x4a, 0x0, 0x8c,
    0x80, 0x3f, 0xf8, 0x86, 0xec, 0xc8, 0x0, 0xff,
    0xe3, 0x44, 0xc9, 0x0, 0x3f, 0xff, 0xe0,

    /* U+041D "Н" */
    0xdf, 0xf2, 0x0, 0x7f, 0x8f, 0xfd, 0xc0, 0x1f,
    0xff, 0xf0, 0xf, 0xff, 0xe4, 0x55, 0x7f, 0xa0,
    0x3, 0xc6, 0xab, 0xfe, 0x40, 0xf, 0xfe, 0x65,
    0xff, 0xff, 0xb0, 0x3, 0xff, 0xfe, 0x1, 0xff,
    0xff, 0x0, 0xff, 0xea, 0x80,

    /* U+041E "О" */
    0x0, 0xf9, 0x27, 0x7b, 0xfb, 0x69, 0x40, 0x3f,
    0xf8, 0xb, 0xb6, 0xc4, 0x20, 0x24, 0xb5, 0xcc,
    0x1, 0xfd, 0x14, 0x40, 0x1, 0x56, 0x52, 0x0,
    0xc, 0xd0, 0x7, 0xd0, 0xe0, 0x3, 0xce, 0xa9,
    0xad, 0xd2, 0x80, 0x16, 0xc0, 0x39, 0x1c, 0x0,
    0xb8, 0x60, 0x1c, 0x55, 0x0, 0x4, 0x70, 0xd,
    0x20, 0x3, 0xa0, 0xf, 0xe7, 0x60, 0x4, 0x8,
    0x1, 0x48, 0x1, 0xc0, 0x1f, 0xf4, 0x80, 0x52,
    0x0, 0xf0, 0x1, 0x90, 0x7, 0xff, 0x1, 0x80,
    0xa, 0x0, 0x40, 0x5, 0x80, 0x7f, 0xf0, 0x74,
    0x0, 0x42, 0x2, 0x0, 0x30, 0xf, 0xfe, 0xa,
    0x80, 0x44, 0x40, 0x9, 0xc0, 0x3f, 0xf8, 0x22,
    0x1, 0x30, 0x6, 0x10, 0xf, 0xfe, 0xe9, 0x0,
    0x4c, 0x1, 0xff, 0xc1, 0x10, 0x9, 0x80, 0x40,
    0x6, 0x1, 0xff, 0xc1, 0x50, 0x8, 0x81, 0x0,
    0x16, 0x1, 0xff, 0xc1, 0xd0, 0x1, 0x8, 0x78,
    0x0, 0xc8, 0x3, 0xff, 0x80, 0xe0, 0x5, 0x0,
    0x29, 0x0, 0x38, 0x3, 0xfe, 0x91, 0x0, 0x48,
    0x5, 0x0, 0x3, 0x90, 0xf, 0xe7, 0x60, 0x4,
    0x8, 0x4, 0xae, 0x0, 0x6c, 0x30, 0xe, 0x2a,
    0x80, 0x2, 0x38, 0x7, 0x43, 0x80, 0xf, 0x36,
    0xa6, 0xb7, 0x4a, 0x0, 0x5b, 0x0, 0xfa, 0x28,
    0x80, 0x4, 0xac, 0xa4, 0x0, 0x19, 0xa0, 0xf,
    0xe5, 0xdb, 0x62, 0x10, 0x12, 0x5a, 0xe6, 0x0,
    0xe0,

    /* U+041F "П" */
    0xdf, 0xff, 0xfe, 0x27, 0x0, 0x7f, 0xf2, 0x4d,
    0x57, 0xfc, 0x80, 0x1e, 0x8a, 0xaf, 0xf4, 0x0,
    0x7f, 0xff, 0xc0, 0x3f, 0xff, 0xe0, 0x1f, 0xff,
    0xf0, 0xf, 0xff, 0xf8, 0x7, 0xff, 0x84,

    /* U+0420 "Р" */
    0xdf, 0xff, 0xbb, 0x24, 0xc0, 0x3f, 0xf8, 0x2,
    0x6d, 0x96, 0x20, 0x1c, 0x8c, 0xd2, 0xa0, 0x4,
    0x98, 0x1, 0xdf, 0x33, 0x55, 0xfb, 0x0, 0xa,
    0x0, 0x3f, 0xe9, 0x40, 0x2, 0x80, 0x7f, 0xf0,
    0x3c, 0x0, 0x42, 0x1, 0xff, 0x30, 0x4, 0x60,
    0x1f, 0xf0, 0x80, 0x7f, 0xf0, 0xd4, 0x2, 0x20,
    0xf, 0xf0, 0xc0, 0x0, 0xc0, 0x3f, 0x85, 0xbc,
    0x40, 0x10, 0x1, 0xaf, 0xff, 0x74, 0x88, 0x1,
    0xd0, 0x3, 0xff, 0x80, 0x55, 0x0, 0x1c, 0x8c,
    0xd9, 0xe7, 0x35, 0x40, 0x3d, 0xf3, 0x3a, 0x18,
    0xc0, 0x3f, 0xff, 0xe0, 0x1f, 0xfe, 0xe0,

    /* U+0421 "С" */
    0x0, 0xf8, 0xe2, 0xf7, 0xfd, 0xd9, 0x28, 0x1,
    0xf8, 0xf3, 0xe, 0x84, 0x0, 0x13, 0x6b, 0xe6,
    0x0, 0xe7, 0xc3, 0x0, 0x8d, 0x54, 0x84, 0x0,
    0x19, 0x80, 0x9, 0xe0, 0x0, 0x55, 0xf9, 0x54,
    0xbd, 0xe8, 0x10, 0x10, 0x2, 0x40, 0x1, 0x75,
    0x40, 0x3c, 0x2f, 0xce, 0x1, 0x48, 0x0, 0xe8,
    0x3, 0xfe, 0x88, 0x2, 0x90, 0x3, 0x80, 0x3f,
    0xf8, 0x22, 0x1e, 0x0, 0x42, 0x0, 0xff, 0xe1,
    0xa0, 0x3, 0x0, 0x3f, 0xf8, 0x82, 0x0, 0x30,
    0xf, 0xfe, 0x19, 0x0, 0x4e, 0x1, 0xff, 0xc7,
    0x10, 0xf, 0xfe, 0x38, 0x80, 0x7f, 0xf0, 0xc8,
    0x2, 0x70, 0xf, 0xfe, 0x20, 0x80, 0xc, 0x3,
    0xff, 0x88, 0x80, 0xc, 0x0, 0xff, 0xe2, 0x78,
    0x1, 0x8, 0x3, 0xff, 0x86, 0xa4, 0x0, 0xe0,
    0xf, 0xfe, 0x8, 0x80, 0x24, 0x0, 0x74, 0x1,
    0xff, 0x44, 0x0, 0x9, 0x0, 0x5, 0xd5, 0x0,
    0xf0, 0xbf, 0x38, 0x6, 0x78, 0x0, 0x15, 0x7e,
    0x55, 0x2f, 0x7a, 0x4, 0x4, 0x3, 0x3e, 0x18,
    0x4, 0x6a, 0xa4, 0x20, 0x0, 0xcc, 0x0, 0x71,
    0xe6, 0x1c, 0xc8, 0x0, 0x26, 0xd7, 0xcc, 0x0,

    /* U+0422 "Т" */
    0x1f, 0xff, 0xfe, 0x3d, 0x0, 0x7f, 0xf2, 0x95,
    0x7f, 0x0, 0x46, 0xab, 0xf6, 0xd, 0x57, 0xe2,
    0x0, 0x4d, 0x57, 0xcc, 0x1, 0xff, 0xff, 0x0,
    0xff, 0xff, 0x80, 0x7f, 0xff, 0xc0, 0x3f, 0xff,
    0xe0, 0x1f, 0xff, 0xf0, 0xf, 0xfe, 0x60,

    /* U+0423 "У" */
    0x3f, 0xf8, 0x80, 0x3f, 0xd5, 0xfe, 0xb3, 0x30,
    0x2, 0xc0, 0x3f, 0x85, 0x40, 0x1e, 0x14, 0x0,
    0x60, 0xf, 0xe9, 0x0, 0x12, 0x3, 0x8, 0x1,
    0xc0, 0x3f, 0x30, 0x2, 0x80, 0x26, 0x0, 0x50,
    0x7, 0xcc, 0x20, 0x7, 0x0, 0xa4, 0x0, 0x48,
    0x1, 0xeb, 0x0, 0x30, 0x6, 0x15, 0x0, 0x78,
    0x7, 0x21, 0x0, 0x2c, 0x3, 0xa4, 0x0, 0x84,
    0x1, 0xbc, 0x0, 0x84, 0x1, 0xc6, 0x60, 0x5,
    0x80, 0x44, 0x80, 0xf, 0x0, 0xfa, 0x40, 0xc,
    0x20, 0xa, 0x0, 0x12, 0x0, 0x7c, 0xa2, 0x0,
    0x60, 0x3, 0x80, 0x2c, 0x3, 0xf9, 0x80, 0x12,
    0xc, 0x1, 0x30, 0x7, 0xf4, 0x80, 0x5, 0x6c,
    0x0, 0xe0, 0x1f, 0xe1, 0x50, 0x5, 0x90, 0x2,
    0x80, 0x3f, 0xe9, 0x0, 0x8, 0x1, 0x8, 0x3,
    0xfe, 0x33, 0x0, 0x6f, 0x0, 0xff, 0xe0, 0xc8,
    0x4, 0x48, 0x1, 0xff, 0xc1, 0x40, 0xa, 0xc0,
    0x3f, 0xf8, 0x4c, 0x0, 0x16, 0x0, 0xff, 0xe0,
    0x8c, 0x80, 0x18, 0x3, 0xfe, 0xaa, 0x67, 0x8,
    0x2, 0x40, 0x3f, 0xe5, 0x51, 0x80, 0x52, 0x20,
    0x1f, 0xfc, 0x22, 0x6c, 0x60, 0xf, 0xe0,

    /* U+0424 "Ф" */
    0x0, 0xff, 0xb3, 0xfc, 0xc0, 0x1f, 0xfd, 0xe3,
    0x7a, 0xc3, 0x0, 0x45, 0xca, 0x88, 0x7, 0xfc,
    0xdb, 0x90, 0xa6, 0x1, 0xa, 0x35, 0x75, 0x18,
    0x7, 0xc5, 0x92, 0x40, 0x11, 0x0, 0x44, 0x20,
    0x12, 0xe4, 0x0, 0x71, 0x61, 0x80, 0x12, 0xff,
    0x4c, 0x1, 0x7d, 0xc8, 0x10, 0x3, 0xd0, 0x6,
    0xf1, 0x0, 0x5d, 0x90, 0x3, 0xe1, 0x7e, 0x50,
    0x2, 0xb0, 0x1, 0x48, 0x1, 0x68, 0x1, 0xff,
    0xc0, 0xa4, 0x0, 0x40, 0x3, 0x80, 0x8, 0x80,
    0xf, 0xfe, 0x14, 0x80, 0x5, 0x1, 0x0, 0x1a,
    0x1, 0xff, 0xc3, 0x22, 0x0, 0xc, 0x3, 0x10,
    0x7, 0xff, 0x11, 0x80, 0x1c, 0x20, 0x13, 0x80,
    0x7f, 0xf1, 0xcc, 0x40, 0x26, 0x0, 0xff, 0xe2,
    0x38, 0x0, 0x80, 0x80, 0x1a, 0x1, 0xff, 0xc4,
    0x30, 0x7, 0x2, 0x80, 0x18, 0x3, 0xff, 0x86,
    0xc0, 0x13, 0x84, 0x80, 0x6, 0xc0, 0x3f, 0xf8,
    0x27, 0x20, 0x5, 0x10, 0x18, 0x0, 0x26, 0x20,
    0x7, 0xf9, 0xf0, 0x0, 0x36, 0x1, 0x3b, 0x80,
    0x7, 0x7b, 0x2c, 0x20, 0xf, 0x7b, 0xf8, 0x0,
    0xe, 0x8, 0x6, 0x8b, 0x20, 0x1, 0x34, 0x90,
    0x1, 0xa1, 0x0, 0x26, 0xf2, 0x0, 0xf2, 0x6d,
    0xb1, 0x0, 0x7e, 0x38, 0xe9, 0x10, 0xf, 0xe4,
    0x9d, 0xfd, 0x20, 0x3, 0xf7, 0xe3, 0x88, 0x7,
    0xff, 0xc, 0x84, 0x1, 0xc2, 0x1, 0xff, 0xd6,

    /* U+0425 "Х" */
    0x0, 0x57, 0xfa, 0xc0, 0x3f, 0xc9, 0xff, 0x10,
    0x2, 0xc4, 0x11, 0x80, 0x3f, 0xd, 0x0, 0x24,
    0x80, 0x3, 0x40, 0x9, 0x20, 0xf, 0xac, 0x41,
    0x18, 0x3, 0x23, 0x0, 0x38, 0x3, 0xca, 0xa0,
    0x1a, 0x0, 0xf4, 0x88, 0x1b, 0x80, 0x61, 0xb0,
    0x5, 0x88, 0x7, 0xd4, 0x0, 0x82, 0x0, 0xa8,
    0x41, 0x14, 0x3, 0xf2, 0x30, 0x3, 0x80, 0xc,
    0x80, 0x34, 0x1, 0xfe, 0x92, 0x3, 0x72, 0x90,
    0x5, 0x88, 0x7, 0xfd, 0xc0, 0x8, 0xf0, 0x2,
    0xa8, 0x3, 0xff, 0x80, 0x6e, 0x0, 0x20, 0x1b,
    0x0, 0xff, 0xe1, 0x40, 0x80, 0x54, 0x20, 0x1f,
    0xfc, 0x24, 0x10, 0x9, 0xc0, 0x3f, 0xf8, 0x74,
    0x1, 0xb8, 0x3, 0xff, 0x85, 0x22, 0x6, 0x40,
    0x50, 0x1, 0xff, 0xc0, 0x46, 0x0, 0x77, 0x0,
    0xe, 0x60, 0x1f, 0xe1, 0xa0, 0x4, 0x91, 0xb8,
    0x3, 0x80, 0x3f, 0xd6, 0x20, 0x8c, 0x0, 0x83,
    0x2, 0x90, 0xf, 0xca, 0xa0, 0x4, 0x80, 0x6e,
    0x0, 0x31, 0x80, 0x78, 0x6c, 0x1, 0x24, 0x1,
    0x8a, 0x0, 0x1c, 0x1, 0xeb, 0x10, 0x46, 0x0,
    0xf3, 0x98, 0x14, 0x80, 0x65, 0x50, 0x2, 0x80,
    0x3f, 0x70, 0x1, 0x90, 0x0, 0x36, 0x0, 0xa1,
    0x0, 0xfc, 0x50, 0x0, 0x90, 0x5, 0x8, 0x22,
    0x80, 0x7f, 0x9c, 0xc0, 0xa4,

    /* U+0426 "Ц" */
    0xdf, 0xf2, 0x0, 0x7f, 0x8f, 0xfd, 0xc0, 0x1f,
    0xff, 0xf0, 0xf, 0xff, 0xf8, 0x7, 0xff, 0xfc,
    0x3, 0xff, 0xfe, 0x1, 0xff, 0xff, 0x0, 0xff,
    0xe9, 0x45, 0x57, 0xfa, 0x0, 0x3, 0x54, 0x60,
    0x8, 0xd5, 0x7f, 0xc8, 0x1, 0x2a, 0xbc, 0x3,
    0xff, 0x93, 0xbf, 0xff, 0xfc, 0x4e, 0x0, 0xff,
    0xff, 0x80, 0x7f, 0xf4, 0x47, 0xfd, 0x20,

    /* U+0427 "Ч" */
    0x4f, 0xf7, 0x0, 0x7f, 0x37, 0xfb, 0x0, 0x3f,
    0xff, 0xe0, 0x1f, 0xfc, 0xf7, 0x0, 0x8, 0x7,
    0xff, 0x4, 0x80, 0x23, 0x0, 0xff, 0xe0, 0x9,
    0x0, 0x24, 0x3, 0xff, 0x83, 0x60, 0x5, 0xa2,
    0x0, 0xff, 0x98, 0xc0, 0xb, 0xbf, 0xfe, 0x90,
    0xe, 0xc5, 0x0, 0xff, 0xe2, 0x56, 0xc3, 0x2a,
    0xf8, 0xc0, 0x3e, 0x27, 0x9a, 0xaf, 0x80, 0x3f,
    0xff, 0xe0, 0x1f, 0xff, 0x40,

    /* U+0428 "Ш" */
    0xdf, 0xf2, 0x0, 0x7e, 0x7f, 0xf5, 0x80, 0x7e,
    0x1f, 0xf8, 0x40, 0x3f, 0xff, 0xe0, 0x1f, 0xff,
    0xf0, 0xf, 0xff, 0xf8, 0x7, 0xff, 0xfc, 0x3,
    0xff, 0xfe, 0x1, 0xff, 0xff, 0x0, 0xff, 0xff,
    0x80, 0x7f, 0xf4, 0x62, 0xab, 0xf8, 0x0, 0xb5,
    0x5f, 0xc0, 0x1f, 0x1a, 0xaf, 0xe2, 0x0, 0xa,
    0xaf, 0xe4, 0x0, 0xff, 0xea, 0x80,

    /* U+0429 "Щ" */
    0xdf, 0xf2, 0x0, 0x7e, 0x7f, 0xf5, 0x80, 0x7e,
    0x1f, 0xf8, 0x40, 0x3f, 0xff, 0xe0, 0x1f, 0xff,
    0xf0, 0xf, 0xff, 0xf8, 0x7, 0xff, 0xfc, 0x3,
    0xff, 0xfe, 0x1, 0xff, 0xff, 0x0, 0xff, 0xff,
    0x80, 0x7f, 0xfe, 0x62, 0xab, 0xf8, 0x0, 0xb5,
    0x5f, 0xc0, 0x15, 0x51, 0xc0, 0x23, 0x55, 0xfc,
    0x40, 0x1, 0x55, 0xfc, 0x80, 0x12, 0x2e, 0x0,
    0x7f, 0xf4, 0xf7, 0xff, 0xff, 0x9e, 0x20, 0x1f,
    0xff, 0xf0, 0xf, 0xff, 0xf8, 0x6, 0xef, 0xb0,

    /* U+042A "Ъ" */
    0x1f, 0xff, 0xf0, 0x7, 0xff, 0x6c, 0x55, 0x7c,
    0x80, 0x1f, 0xfc, 0x6a, 0xaf, 0x48, 0x7, 0xff,
    0xfc, 0x3, 0xff, 0xfe, 0x1, 0x4c, 0xfa, 0x18,
    0xc0, 0x3f, 0xf8, 0x8c, 0xde, 0x79, 0xcd, 0x60,
    0xf, 0xfe, 0x59, 0x4d, 0x0, 0x7f, 0xf0, 0x7f,
    0xfd, 0xd4, 0x40, 0x5, 0x70, 0xf, 0xfe, 0x30,
    0xae, 0x98, 0x2, 0x40, 0x3f, 0xf9, 0x3e, 0x0,
    0x13, 0x0, 0xff, 0xe4, 0x18, 0x4, 0xc0, 0x1f,
    0xfe, 0x11, 0x0, 0x84, 0x3, 0xff, 0x91, 0x20,
    0x12, 0x0, 0x7f, 0xf1, 0xdd, 0xc0, 0x5, 0x0,
    0xff, 0xe0, 0x4c, 0xf5, 0x5f, 0xc0, 0x0, 0x6c,
    0x3, 0xff, 0x80, 0xcd, 0xca, 0x80, 0x11, 0xe0,
    0x80, 0x7f, 0xf1, 0x84, 0xda, 0xf0, 0x80, 0x0,

    /* U+042B "Ы" */
    0xdf, 0xf2, 0x0, 0x7f, 0xf0, 0x87, 0xfe, 0x10,
    0xf, 0xff, 0xf8, 0x7, 0xff, 0xfc, 0x3, 0xff,
    0xb3, 0xf3, 0x3d, 0xe, 0x80, 0x1f, 0xfc, 0x24,
    0x66, 0xe7, 0x8b, 0xf9, 0x0, 0xff, 0xe5, 0x36,
    0x88, 0x7, 0xfa, 0xff, 0xfb, 0xad, 0x40, 0x5,
    0xa0, 0x1f, 0xfc, 0x41, 0x4a, 0x80, 0x1, 0x98,
    0x3, 0xff, 0x8c, 0xe2, 0x0, 0xb0, 0xf, 0xfe,
    0x3a, 0x80, 0x8, 0x3, 0xff, 0x8e, 0x20, 0x1f,
    0xfc, 0xa6, 0x0, 0x18, 0x7, 0xff, 0x18, 0xcc,
    0x0, 0xc0, 0xf, 0xfe, 0x2a, 0x68, 0x0, 0x54,
    0x3, 0xfb, 0xe6, 0x7a, 0xb6, 0xc4, 0x1, 0x60,
    0x1f, 0xe4, 0x66, 0xe5, 0x20, 0x0, 0xd2, 0x80,
    0x7f, 0xf1, 0x49, 0x67, 0x94, 0x3, 0xf0,

    /* U+042C "Ь" */
    0xdf, 0xf2, 0x0, 0x7f, 0xff, 0xc0, 0x3f, 0xff,
    0xe0, 0xf, 0x99, 0xe8, 0x74, 0x0, 0xfc, 0x8c,
    0xdc, 0xf1, 0x7f, 0x20, 0x1f, 0xfc, 0x46, 0xd1,
    0x0, 0xd7, 0xff, 0xdd, 0x6a, 0x0, 0x2d, 0x0,
    0xff, 0xa, 0x54, 0x0, 0xc, 0xc0, 0x1f, 0xfc,
    0x7, 0x10, 0x5, 0x80, 0x7f, 0xf0, 0x54, 0x0,
    0x40, 0x1f, 0xfc, 0x11, 0x0, 0xff, 0xe2, 0x30,
    0x0, 0xc0, 0x3f, 0xf8, 0x6, 0x60, 0x6, 0x0,
    0x7f, 0xc9, 0xa0, 0x1, 0x50, 0xb, 0xe6, 0x7a,
    0xb6, 0xc4, 0x1, 0x60, 0x19, 0x19, 0xb9, 0x48,
    0x0, 0x34, 0xa0, 0x1f, 0xf1, 0x2c, 0xf2, 0x80,
    0x0,

    /* U+042D "Э" */
    0x0, 0x89, 0xef, 0xbf, 0xdd, 0x92, 0xa0, 0x1f,
    0x8f, 0x36, 0x10, 0x40, 0x2, 0x6d, 0x5c, 0xc0,
    0x1c, 0x78, 0x60, 0x1, 0x45, 0x52, 0x10, 0x0,
    0x66, 0xc4, 0x2, 0x70, 0x17, 0xde, 0xba, 0xa5,
    0xef, 0x40, 0x82, 0x68, 0x6, 0x7e, 0x82, 0x0,
    0xf0, 0xbf, 0x90, 0x1c, 0x80, 0x12, 0x0, 0x3f,
    0xe1, 0xf0, 0x3, 0x18, 0x7, 0xff, 0xc, 0x98,
    0x1, 0x20, 0x1f, 0xfc, 0x4b, 0x0, 0x28, 0x7,
    0xff, 0x10, 0x84, 0x0, 0x60, 0x11, 0x55, 0x7f,
    0xf0, 0x4, 0x0, 0xa0, 0x13, 0x2a, 0xff, 0xf0,
    0x0, 0x21, 0x0, 0xff, 0xe3, 0xf8, 0x4, 0x9f,
    0xff, 0xfc, 0x2, 0x0, 0x78, 0x7, 0xff, 0x10,
    0x80, 0x2, 0x1, 0xff, 0xc3, 0x30, 0x9, 0x40,
    0x3f, 0xf8, 0x76, 0x1, 0x18, 0x7, 0xff, 0xd,
    0x80, 0xa, 0x4, 0x20, 0x1f, 0xfc, 0x9, 0x10,
    0x4, 0x83, 0x7a, 0x0, 0x7f, 0x99, 0x80, 0x6,
    0x30, 0x0, 0xdd, 0x90, 0x3, 0xc5, 0x52, 0x0,
    0x39, 0x0, 0x38, 0x1, 0x2f, 0xf2, 0xa9, 0x7d,
    0xaa, 0x0, 0x4d, 0x0, 0x8f, 0x10, 0x2, 0x35,
    0x52, 0x8, 0x0, 0x66, 0xc4, 0x3, 0x1d, 0xec,
    0x20, 0x80, 0x4, 0x9a, 0xb9, 0x80, 0x38,

    /* U+042E "Ю" */
    0xbf, 0xf3, 0x80, 0x7f, 0x92, 0x33, 0xbf, 0xdb,
    0x6e, 0x40, 0x1f, 0xfc, 0x63, 0xcb, 0x73, 0x10,
    0x1, 0x24, 0x6c, 0x88, 0x7, 0xff, 0xd, 0xb0,
    0xc0, 0x24, 0x65, 0x40, 0x9, 0xbc, 0xc0, 0x3f,
    0xf8, 0x2d, 0x20, 0x1, 0x9f, 0xb9, 0xab, 0xf8,
    0x0, 0xe, 0x10, 0x7, 0xfc, 0x72, 0x0, 0x2c,
    0x60, 0xf, 0x3e, 0x88, 0x3, 0xc0, 0x3f, 0xef,
    0x0, 0xbc, 0x80, 0x3f, 0x15, 0x0, 0x9, 0x80,
    0x3f, 0x88, 0xc0, 0xe, 0x40, 0x1f, 0xe4, 0x50,
    0x5, 0x80, 0x7f, 0x50, 0x5, 0x40, 0x1f, 0xfc,
    0x9, 0x0, 0x11, 0x80, 0x7e, 0x20, 0x1, 0x10,
    0x3, 0xff, 0x80, 0x62, 0x0, 0x50, 0xa, 0xab,
    0x90, 0x0, 0xe0, 0x1f, 0xfc, 0x25, 0x0, 0x78,
    0x4, 0x4a, 0xb8, 0x40, 0x4, 0x1, 0xff, 0xc2,
    0x10, 0x1, 0x80, 0x7f, 0xde, 0x1, 0xff, 0xc2,
    0x30, 0x0, 0x80, 0x51, 0xff, 0x90, 0x1, 0xe0,
    0x1f, 0xfc, 0x23, 0x0, 0x8, 0x7, 0xe2, 0x0,
    0x10, 0x7, 0xff, 0x8, 0x40, 0x6, 0x1, 0xfb,
    0xc0, 0xe, 0x1, 0xff, 0xc2, 0x50, 0x7, 0x0,
    0x7e, 0x40, 0x1, 0x8, 0x7, 0xff, 0x0, 0xc4,
    0x0, 0x80, 0x1f, 0x88, 0xc0, 0x12, 0x1, 0xff,
    0xc0, 0x90, 0x1, 0x18, 0x7, 0xf4, 0x0, 0x1c,
    0x80, 0x3f, 0xc6, 0xa0, 0xb, 0x0, 0xff, 0x22,
    0x80, 0x3c, 0x80, 0x3f, 0x16, 0x80, 0x9, 0x80,
    0x3f, 0xea, 0x20, 0x2c, 0x60, 0xf, 0x3e, 0x88,
    0x3, 0xc0, 0x3f, 0xf8, 0x38, 0x40, 0x33, 0xf7,
    0x35, 0x7f, 0x0, 0x1, 0xd2, 0x0, 0xff, 0xe0,
    0x8e, 0x30, 0x4, 0x8c, 0xa8, 0x1, 0x37, 0x90,
    0x7, 0xff, 0xc, 0x67, 0x61, 0x4, 0x0, 0x49,
    0x1b, 0x22, 0x1, 0x80,

    /* U+042F "Я" */
    0x0, 0xc7, 0x19, 0xdf, 0xff, 0xc2, 0x1, 0x56,
    0x39, 0x88, 0x7, 0xff, 0x3, 0x14, 0x2, 0x35,
    0x66, 0xca, 0x1, 0xcc, 0x60, 0x4, 0xec, 0xa9,
    0x9d, 0x60, 0x1d, 0x40, 0x2, 0xb1, 0x0, 0xff,
    0xe0, 0x18, 0x1, 0x40, 0x3f, 0xf8, 0xbe, 0x1,
    0xff, 0xc5, 0xf0, 0xf, 0xfe, 0x11, 0x80, 0x14,
    0x3, 0xff, 0x85, 0x40, 0x2, 0xa1, 0x0, 0xff,
    0xe0, 0x33, 0x0, 0xb, 0xd7, 0x33, 0xd0, 0x1,
    0xe9, 0xa2, 0x0, 0x23, 0x37, 0x80, 0x3e, 0x5d,
    0xb2, 0x0, 0xff, 0xe2, 0x29, 0x80, 0x27, 0xfe,
    0xe0, 0xf, 0xeb, 0x10, 0x36, 0x0, 0xff, 0xe0,
    0x22, 0x80, 0x3c, 0x3, 0xff, 0x83, 0x20, 0x6,
    0x30, 0xf, 0xfe, 0x3, 0x90, 0xc, 0x80, 0x7f,
    0xf0, 0xa, 0x0, 0x16, 0x1, 0xff, 0xc1, 0x90,
    0x2, 0x28, 0x7, 0xff, 0x1, 0x50, 0x1, 0x20,
    0x1f, 0xfc, 0x1b, 0x0, 0x41, 0x0, 0x7f, 0xf0,
    0x24, 0x40, 0x9c, 0x3, 0xff, 0x82,

    /* U+0430 "а" */
    0x0, 0x8d, 0xef, 0xbf, 0xdd, 0x6e, 0x20, 0x1d,
    0x79, 0x8, 0x20, 0x1, 0x48, 0xf4, 0x0, 0xce,
    0x2, 0x8f, 0x10, 0x51, 0x1, 0xb3, 0x0, 0x92,
    0xfa, 0xe1, 0xdd, 0x5c, 0xe0, 0xe, 0x0, 0xa1,
    0x0, 0x3e, 0x85, 0x2, 0x30, 0xf, 0xfe, 0x7,
    0x0, 0x10, 0x3, 0xc2, 0x66, 0x44, 0x88, 0x1,
    0xc0, 0x11, 0x4f, 0x73, 0x31, 0x77, 0x48, 0x0,
    0xc0, 0xd, 0xac, 0x20, 0x1f, 0xc2, 0x9, 0x20,
    0x6, 0xbd, 0xff, 0xda, 0x1, 0xbc, 0x1, 0x52,
    0x84, 0x1, 0x84, 0x3, 0x20, 0xa, 0x80, 0x7c,
    0xa0, 0x1e, 0x30, 0xf, 0xda, 0x1, 0xe2, 0x0,
    0xf9, 0x10, 0x1, 0x8c, 0x1, 0x40, 0x1c, 0x96,
    0x1, 0xd0, 0x0, 0x5d, 0x97, 0x8c, 0xb0, 0x70,
    0xc, 0x90, 0x0, 0x26, 0x87, 0x30, 0x9a, 0x0,
    0xe7, 0xc5, 0x10, 0x12, 0x7d, 0x60, 0xc,

    /* U+0431 "б" */
    0x0, 0xff, 0xe1, 0x10, 0x7, 0xe2, 0x7b, 0xde,
    0xff, 0xb4, 0x80, 0x38, 0xaf, 0x61, 0x8, 0x40,
    0x32, 0x80, 0x64, 0xd4, 0x0, 0x1b, 0x44, 0x69,
    0x60, 0x8, 0xac, 0x0, 0x79, 0x89, 0x77, 0xcc,
    0x20, 0x17, 0x80, 0x17, 0xc, 0x3, 0xfc, 0xa4,
    0x9, 0x40, 0x1f, 0xfc, 0xe, 0x0, 0x48, 0x7,
    0xff, 0x5, 0x0, 0x88, 0x95, 0xdf, 0xed, 0xa4,
    0x0, 0xc4, 0x0, 0x1c, 0xb5, 0x10, 0x1, 0x2d,
    0xd8, 0x40, 0x2, 0x0, 0x33, 0x0, 0x16, 0x1d,
    0x0, 0x9, 0x80, 0x1f, 0x16, 0xd3, 0xc5, 0xe0,
    0x81, 0x48, 0x7, 0xbc, 0x80, 0x31, 0xe8, 0x1,
    0x88, 0x40, 0x26, 0x20, 0xf, 0x1a, 0x0, 0x28,
    0x3, 0x68, 0x7, 0xee, 0x0, 0x19, 0x80, 0x24,
    0x0, 0xfc, 0xe0, 0x5, 0x0, 0xff, 0xe0, 0x98,
    0x0, 0x44, 0x1, 0xff, 0xc5, 0x10, 0xf, 0xf8,
    0xc0, 0x2, 0x4, 0x0, 0x30, 0xf, 0xce, 0x0,
    0x50, 0x40, 0x5, 0x0, 0x7e, 0xe0, 0x1, 0x85,
    0x0, 0x18, 0x80, 0x3c, 0x68, 0x0, 0xa0, 0x25,
    0x0, 0x79, 0x0, 0x63, 0xd0, 0x3, 0x10, 0x2,
    0xc8, 0xb, 0x69, 0xe2, 0xf0, 0x40, 0xa4, 0x2,
    0x1c, 0x30, 0x2, 0xc3, 0xa0, 0x1, 0x30, 0x3,
    0x87, 0x29, 0x44, 0x0, 0x4b, 0x76, 0x10, 0x0,

    /* U+0432 "в" */
    0x1f, 0xff, 0xdb, 0x4a, 0x1, 0xff, 0xc0, 0x25,
    0xab, 0x0, 0xe2, 0xaa, 0xd2, 0xa0, 0x4, 0x90,
    0xc, 0x2a, 0xb9, 0xaa, 0xc0, 0xc, 0x1, 0xff,
    0x21, 0x0, 0x4, 0x3, 0xff, 0x84, 0x20, 0x1f,
    0xe5, 0x20, 0x40, 0xc, 0x2a, 0xb9, 0xae, 0x80,
    0x64, 0x3, 0x15, 0x56, 0x94, 0x7, 0xf2, 0x0,
    0xff, 0xe0, 0x3e, 0x90, 0x6, 0x3f, 0xfd, 0xd8,
    0xc0, 0x7a, 0x40, 0x1f, 0x84, 0xe6, 0x0, 0x10,
    0x1, 0xff, 0x28, 0x1, 0x0, 0x3f, 0xe1, 0x0,
    0xff, 0xe1, 0x48, 0x0, 0x80, 0x21, 0x55, 0xcd,
    0x1a, 0xa0, 0x8, 0x0, 0x8a, 0xab, 0x4b, 0x90,
    0x2, 0x50, 0x3, 0xf8, 0x4d, 0xf5, 0x80,

    /* U+0433 "г" */
    0x1f, 0xff, 0xfe, 0x2, 0x0, 0x7f, 0xf1, 0x4a,
    0xab, 0xf9, 0x40, 0x21, 0x55, 0xfe, 0x10, 0xf,
    0xff, 0xf8, 0x7, 0xff, 0xfc, 0x3, 0xff, 0xc4,

    /* U+0434 "д" */
    0x0, 0xea, 0xff, 0xff, 0x88, 0x3, 0xff, 0xa5,
    0x15, 0x5c, 0x40, 0x1f, 0xfc, 0x14, 0x55, 0xe6,
    0x0, 0xff, 0x8, 0x7, 0xff, 0x28, 0x40, 0x3f,
    0xf8, 0x8e, 0x1, 0xff, 0xc7, 0x10, 0x1, 0x80,
    0x7f, 0xf1, 0x8, 0x0, 0x20, 0x1f, 0xfc, 0x31,
    0x0, 0x8, 0x7, 0xff, 0x11, 0x40, 0xa, 0x1,
    0xff, 0xc4, 0x30, 0x1, 0x80, 0x7f, 0xf1, 0x2c,
    0x1, 0x80, 0x1f, 0xfc, 0x32, 0x30, 0x14, 0x0,
    0xff, 0xe1, 0xf0, 0x2, 0x40, 0x3f, 0xf8, 0x22,
    0xb8, 0x60, 0x1, 0x55, 0xf9, 0x80, 0x8, 0xa4,
    0x94, 0x60, 0x14, 0xd5, 0x7c, 0x40, 0x9, 0xa5,
    0x0, 0xff, 0xe5, 0xff, 0xff, 0xf0, 0x88, 0x3,
    0xff, 0xe4, 0xf1, 0x20, 0x1f, 0xfc, 0x28, 0x82,
    0x0,

    /* U+0435 "е" */
    0x0, 0xe3, 0x9d, 0xef, 0xeb, 0x60, 0xf, 0xd5,
    0x8c, 0x42, 0x2, 0x93, 0xc6, 0x1, 0x87, 0x54,
    0x0, 0x8f, 0xc, 0x40, 0x38, 0x60, 0x15, 0x10,
    0x2f, 0x5c, 0x3c, 0xec, 0x0, 0x34, 0x0, 0x88,
    0x4, 0xa1, 0x0, 0xe7, 0x60, 0x16, 0xe, 0x0,
    0x40, 0x7, 0xeb, 0x0, 0x60, 0x20, 0x0, 0xc0,
    0x3f, 0x10, 0x1, 0xc4, 0x40, 0xf, 0xff, 0xf0,
    0x0, 0x88, 0x1, 0xff, 0xc7, 0x2b, 0xbf, 0xfe,
    0x6, 0x8, 0x0, 0xd1, 0x3f, 0xf8, 0x6, 0x40,
    0x1, 0x20, 0xf, 0xfe, 0xa, 0x0, 0x2c, 0x3,
    0xff, 0x83, 0xe0, 0x6, 0x30, 0xf, 0xfe, 0x2,
    0x20, 0x1, 0x8a, 0x1, 0xf2, 0x5a, 0x0, 0x2c,
    0xc0, 0x15, 0xb2, 0xee, 0x8b, 0xfb, 0x41, 0x0,
    0xb1, 0x80, 0x4, 0xd1, 0x7, 0x40, 0x0, 0xb0,
    0x6, 0x9d, 0x73, 0x10, 0x0, 0x9b, 0xdf, 0x18,

    /* U+0436 "ж" */
    0x8, 0xff, 0x60, 0x7, 0xdf, 0xed, 0x0, 0xf0,
    0xef, 0xf9, 0x80, 0x10, 0xa0, 0x74, 0x1, 0xff,
    0xc3, 0xc2, 0x8, 0x60, 0xa, 0x90, 0x16, 0x40,
    0x3f, 0xf8, 0x36, 0x40, 0xee, 0x0, 0xeb, 0x30,
    0x68, 0x0, 0xff, 0xa9, 0x1, 0x60, 0x3, 0xed,
    0x20, 0x76, 0x0, 0xfe, 0x95, 0x4, 0xa0, 0xf,
    0xc3, 0x82, 0x12, 0xa0, 0x1f, 0x3b, 0x1, 0xd8,
    0x7, 0xf8, 0x70, 0x42, 0x8c, 0x3, 0x9a, 0x0,
    0xb4, 0x3, 0xff, 0x82, 0x20, 0xc, 0x30, 0x9,
    0x24, 0x2, 0x10, 0xf, 0xfe, 0x4, 0x80, 0x6d,
    0x0, 0x15, 0x80, 0x45, 0x20, 0x1f, 0xf3, 0x20,
    0x2c, 0x80, 0x80, 0x75, 0x90, 0x31, 0x80, 0x7f,
    0xc, 0x80, 0xdb, 0x38, 0x7, 0x52, 0x70, 0x3,
    0x80, 0x3f, 0xa8, 0x1, 0x2, 0x10, 0xc0, 0x14,
    0xa8, 0x1b, 0x81, 0x40, 0x7, 0xca, 0x80, 0x8c,
    0x1, 0x48, 0x0, 0x98, 0x2, 0x82, 0x7, 0x20,
    0xe, 0x1b, 0x0, 0x48, 0x7, 0xff, 0x6, 0x40,
    0x1c, 0x1, 0xd6, 0x21, 0x4, 0x1, 0xff, 0xc1,
    0x46, 0x3, 0x70, 0x9, 0x14, 0xd, 0xc0, 0x3f,
    0xf8, 0x70, 0x21, 0x4, 0x0, 0xa0, 0x7, 0x0,
    0x7f, 0xf1, 0x6, 0xc0, 0x1c, 0x12, 0x21, 0x4,
    0x1, 0xff, 0xc5, 0x55, 0x1, 0xb0,

    /* U+0437 "з" */
    0x16, 0x9c, 0xef, 0xf7, 0x5b, 0x88, 0x4, 0x92,
    0xc6, 0x20, 0x1, 0x48, 0xf4, 0x0, 0xc2, 0x8c,
    0xec, 0x80, 0x1, 0xb2, 0x4, 0xee, 0x5c, 0xc4,
    0xdf, 0x18, 0x2, 0x80, 0x44, 0x1, 0xe1, 0xf0,
    0x0, 0x80, 0x7f, 0x94, 0x1, 0xc0, 0x1f, 0x8a,
    0x24, 0x5, 0x80, 0x34, 0x7f, 0xda, 0xe0, 0x78,
    0x20, 0x1f, 0xe4, 0xf2, 0x0, 0xeb, 0x99, 0x43,
    0xa, 0x64, 0x80, 0x71, 0xb3, 0x1e, 0x79, 0x81,
    0xa0, 0x3, 0xfd, 0x22, 0xe, 0x1, 0xff, 0x28,
    0x0, 0x40, 0x3f, 0xca, 0x0, 0x15, 0x0, 0xf8,
    0x6c, 0x40, 0xc2, 0xfe, 0xe1, 0xd9, 0xeb, 0x90,
    0x1, 0xe0, 0x12, 0x3c, 0x4c, 0x28, 0x0, 0x6c,
    0xc3, 0x61, 0x8, 0x40, 0x4, 0xb3, 0xc8, 0x0,

    /* U+0438 "и" */
    0x1f, 0xf6, 0x0, 0x7c, 0x5f, 0xf7, 0x0, 0x7f,
    0xd2, 0x1, 0xff, 0xc2, 0x44, 0x0, 0x7f, 0xf0,
    0xa4, 0x3, 0xff, 0x84, 0xe4, 0x10, 0x1, 0xff,
    0xc, 0x1, 0x38, 0x7, 0xfd, 0x0, 0x9, 0x0,
    0xff, 0x8d, 0x81, 0x10, 0x1, 0xff, 0x78, 0x2,
    0x40, 0x3f, 0xe5, 0x30, 0x72, 0x0, 0xff, 0xac,
    0x6, 0x0, 0x3f, 0xe8, 0x10, 0x80, 0xf, 0xf8,
    0x9c, 0xd, 0x80, 0x3f, 0xe9, 0x0, 0x78, 0x7,
    0xfc, 0x68, 0xa, 0x60, 0x1f, 0xfc, 0x2b, 0x0,
    0xff, 0xe1, 0x40, 0x80, 0x7f, 0xf0, 0x49, 0xc0,
    0x3f, 0xc0,

    /* U+0439 "й" */
    0x0, 0x8e, 0xc, 0x3, 0x96, 0x8, 0x3, 0x99,
    0xe4, 0x3, 0xa1, 0xc0, 0x3c, 0x80, 0xb0, 0x20,
    0x54, 0x45, 0x0, 0x70, 0xc0, 0x3f, 0x7e, 0xa8,
    0x48, 0x7, 0xcf, 0x24, 0x1, 0x1d, 0xa0, 0x7,
    0xe6, 0xde, 0xe7, 0xe2, 0x0, 0x7f, 0xc2, 0x20,
    0xf, 0x87, 0xfd, 0x80, 0x1f, 0x17, 0xfd, 0xc0,
    0x1f, 0xf4, 0x80, 0x7f, 0xf0, 0x91, 0x0, 0x1f,
    0xfc, 0x29, 0x0, 0xff, 0xe1, 0x39, 0x4, 0x0,
    0x7f, 0xc3, 0x0, 0x4e, 0x1, 0xff, 0x40, 0x2,
    0x40, 0x3f, 0xe3, 0x60, 0x44, 0x0, 0x7f, 0xde,
    0x0, 0x90, 0xf, 0xf9, 0x4c, 0x1c, 0x80, 0x3f,
    0xeb, 0x1, 0x80, 0xf, 0xfa, 0x4, 0x20, 0x3,
    0xfe, 0x27, 0x3, 0x60, 0xf, 0xfa, 0x40, 0x1e,
    0x1, 0xff, 0x1a, 0x2, 0x98, 0x7, 0xff, 0xa,
    0xc0, 0x3f, 0xf8, 0x50, 0x20, 0x1f, 0xfc, 0x12,
    0x70, 0xf, 0xf0,

    /* U+043A "к" */
    0x1f, 0xf6, 0x0, 0x7d, 0x3f, 0xed, 0x10, 0xf,
    0xfa, 0x58, 0xb, 0x4, 0x3, 0xfd, 0xc, 0x3,
    0x82, 0x1, 0xfe, 0x77, 0x0, 0xe0, 0x80, 0x7f,
    0x9e, 0x0, 0x70, 0x80, 0x3f, 0xcd, 0x0, 0x38,
    0x40, 0x1f, 0xe5, 0x90, 0x6, 0x90, 0x7, 0xf9,
    0x68, 0x2, 0x10, 0xf, 0xf1, 0x50, 0x6, 0xe0,
    0xf, 0xf0, 0x80, 0x28, 0xc0, 0xdc, 0x3, 0xfe,
    0xa5, 0xe0, 0x4, 0x10, 0x7, 0xf4, 0xa8, 0x14,
    0x80, 0x38, 0x3, 0xf1, 0xb0, 0x4, 0xc8, 0x7,
    0x0, 0x1f, 0xfc, 0x1a, 0x10, 0x73, 0x0, 0xff,
    0xe0, 0xd, 0x80, 0x38, 0x3, 0xff, 0x82, 0xaa,
    0x2, 0x80, 0xf, 0xfe, 0xd, 0x88, 0x39, 0x80,
    0x7f, 0xf0, 0x6, 0x80, 0x1c, 0x0,

    /* U+043B "л" */
    0x0, 0xef, 0xff, 0xfb, 0x0, 0x3f, 0xf9, 0x83,
    0x55, 0xe0, 0xf, 0xf1, 0xaa, 0xf2, 0x0, 0x7f,
    0xf3, 0x4, 0x0, 0x20, 0x1f, 0xfd, 0x23, 0x0,
    0x38, 0x7, 0xff, 0x4, 0x40, 0x2, 0x1, 0xff,
    0xc1, 0x60, 0x1, 0x0, 0x7f, 0xf0, 0x48, 0x1,
    0xc0, 0x1f, 0xfc, 0x1d, 0x0, 0x28, 0x7, 0xff,
    0x5, 0x0, 0x6, 0x1, 0xff, 0xc0, 0x51, 0x4,
    0x0, 0xff, 0xe0, 0x2d, 0x0, 0x3c, 0x3, 0xfc,
    0xfb, 0x40, 0x6, 0x40, 0xf, 0xf5, 0x10, 0x1,
    0xe4, 0x3, 0xfe, 0x13, 0x7e, 0x80, 0xf, 0xfe,
    0x0,

    /* U+043C "м" */
    0x1f, 0xfc, 0xa0, 0x1f, 0x8b, 0xff, 0x18, 0x7,
    0x70, 0x7, 0xea, 0x0, 0xff, 0x21, 0x0, 0x7c,
    0xc0, 0x1f, 0x88, 0x42, 0x80, 0x3c, 0xc2, 0x8,
    0x1, 0xe1, 0x60, 0x60, 0xf, 0x50, 0x28, 0x80,
    0x7d, 0x20, 0x2a, 0x1, 0x8c, 0xc1, 0x20, 0x1f,
    0x85, 0x2, 0x40, 0x34, 0x81, 0x18, 0x7, 0xf7,
    0x81, 0x98, 0x0, 0x2a, 0x16, 0x1, 0xfe, 0x42,
    0xa, 0x0, 0x30, 0x1, 0x80, 0x3f, 0xea, 0x6,
    0x10, 0xa0, 0x60, 0xf, 0xfe, 0x3, 0x0, 0x1d,
    0x8, 0x2c, 0x3, 0xff, 0x80, 0x2c, 0x17, 0xe0,
    0x64, 0x1, 0xff, 0xc1, 0xa0, 0x24, 0x9, 0x0,
    0xff, 0xe1, 0x19, 0x80, 0x2, 0xa0, 0x1f, 0xfc,
    0x38, 0x77, 0x58, 0x7, 0xff, 0x11, 0x22, 0xa,
    0x1, 0xff, 0xe4,

    /* U+043D "н" */
    0x1f, 0xf6, 0x0, 0x7f, 0x77, 0xf8, 0x3, 0xff,
    0xfe, 0x1, 0xff, 0xd3, 0x15, 0x5f, 0xe0, 0xf,
    0x8a, 0xab, 0xf8, 0x40, 0x3f, 0xf9, 0x67, 0xff,
    0xfc, 0x20, 0x1f, 0xff, 0xf0, 0xf, 0xff, 0x18,

    /* U+043E "о" */
    0x0, 0xe6, 0xbe, 0xff, 0x6c, 0x98, 0x7, 0xc7,
    0xb2, 0x82, 0x0, 0x26, 0xc9, 0x0, 0xe3, 0xc2,
    0x0, 0x2c, 0x39, 0x80, 0x1a, 0xc0, 0x37, 0x0,
    0xf, 0xa9, 0xe3, 0x28, 0x0, 0x8e, 0x0, 0x62,
    0x1, 0xd1, 0x0, 0xcb, 0x20, 0x9, 0x0, 0x50,
    0x2, 0x4, 0x3, 0xcc, 0x40, 0x2a, 0x6, 0x0,
    0x70, 0xf, 0xca, 0x0, 0xc2, 0x0, 0x8, 0x80,
    0x3f, 0x68, 0x0, 0x84, 0x0, 0x60, 0x1f, 0xc2,
    0x0, 0x70, 0xf, 0xfe, 0x28, 0x80, 0xc, 0x3,
    0xf8, 0x40, 0xe, 0x40, 0x1, 0x10, 0x7, 0xed,
    0x0, 0x10, 0x18, 0x1, 0xc0, 0x3f, 0x28, 0x3,
    0x2, 0x80, 0x10, 0x1, 0xf3, 0x10, 0xa, 0x83,
    0x10, 0xe, 0x8, 0x6, 0x59, 0x0, 0x48, 0x5,
    0xc0, 0x3, 0xea, 0x78, 0xca, 0x0, 0x23, 0x80,
    0x47, 0x84, 0x0, 0x58, 0x73, 0x0, 0x35, 0x80,
    0x71, 0xec, 0xa0, 0x80, 0x9, 0xb2, 0x40, 0x20,

    /* U+043F "п" */
    0x1f, 0xff, 0xfe, 0x18, 0x7, 0xff, 0x24, 0xaa,
    0xbf, 0x84, 0x3, 0xc2, 0xab, 0xfc, 0x1, 0xff,
    0xff, 0x0, 0xff, 0xff, 0x80, 0x7f, 0xff, 0xc0,
    0x3f, 0xf8, 0xa0,

    /* U+0440 "р" */
    0x1f, 0xf6, 0x0, 0x1a, 0xfb, 0xfa, 0x8c, 0x3,
    0xf0, 0xe4, 0xa0, 0x80, 0xae, 0x40, 0x7, 0xda,
    0x62, 0xd0, 0xe6, 0x0, 0x78, 0x0, 0xe3, 0x32,
    0x74, 0xbc, 0x64, 0x80, 0x1c, 0xc0, 0x38, 0xac,
    0x3, 0x99, 0xc0, 0x10, 0x1, 0xd6, 0x1, 0xf4,
    0x0, 0x10, 0x40, 0x33, 0x80, 0x7e, 0x40, 0x2,
    0x80, 0x42, 0x20, 0xf, 0xc6, 0x0, 0x30, 0x8,
    0xc0, 0x3f, 0xbc, 0x1, 0xe0, 0x1f, 0xfc, 0x83,
    0x0, 0xfe, 0xf0, 0x7, 0x80, 0x42, 0x20, 0xf,
    0xc6, 0x0, 0x30, 0xc, 0xe0, 0x1f, 0x90, 0x0,
    0xa0, 0x1a, 0xc0, 0x3e, 0x80, 0x2, 0x8, 0x6,
    0x2b, 0x0, 0xe6, 0x70, 0x4, 0x0, 0x63, 0x32,
    0x74, 0xbc, 0x64, 0x80, 0x1c, 0xc0, 0x3b, 0x4c,
    0x5a, 0x1c, 0xc0, 0xf, 0x0, 0x1e, 0x1c, 0x93,
    0x10, 0x15, 0xc8, 0x0, 0xfe, 0x6c, 0xef, 0xea,
    0x30, 0xf, 0xff, 0xf8, 0x7, 0xff, 0x4c,

    /* U+0441 "с" */
    0x0, 0xe3, 0x8c, 0xef, 0xf6, 0xca, 0x80, 0x61,
    0xac, 0x73, 0x10, 0x1, 0x35, 0x48, 0x0, 0x71,
    0x40, 0x6, 0xd0, 0xea, 0x20, 0x1a, 0x88, 0x6,
    0xf2, 0x5e, 0x2b, 0xb3, 0x0, 0x88, 0x0, 0x62,
    0x0, 0x78, 0xd4, 0x3c, 0x0, 0xe4, 0x1, 0xfe,
    0x40, 0x5, 0x0, 0x7f, 0x88, 0x0, 0x24, 0x1,
    0xfe, 0x10, 0x1, 0x80, 0x7f, 0xf3, 0x84, 0x0,
    0x60, 0x1f, 0xf1, 0x0, 0x4, 0x80, 0x3f, 0xe4,
    0x0, 0x50, 0x7, 0xfd, 0xe0, 0x7, 0x20, 0xf,
    0xf2, 0x20, 0x1, 0x88, 0x1, 0xe3, 0x50, 0x5,
    0x10, 0xd, 0xe4, 0x3c, 0x57, 0x66, 0x0, 0x3,
    0x88, 0x0, 0x37, 0x87, 0x51, 0x0, 0xe1, 0xbc,
    0x62, 0x10, 0x1, 0x35, 0xc8,

    /* U+0442 "т" */
    0x1f, 0xff, 0xfe, 0x25, 0x80, 0x7f, 0xf1, 0x86,
    0xab, 0xd2, 0x0, 0x2a, 0xaf, 0x40, 0x2a, 0xf9,
    0xc0, 0xc, 0xab, 0xe3, 0x0, 0xff, 0xff, 0x80,
    0x7f, 0xff, 0xc0, 0x3f, 0xff, 0xe0, 0x1f, 0xfc,
    0xf0,

    /* U+0443 "у" */
    0xd, 0xff, 0x18, 0x7, 0xf2, 0x7f, 0xb0, 0x28,
    0x1, 0x40, 0x1f, 0xdc, 0x0, 0xa0, 0x60, 0x3,
    0x80, 0x7f, 0x28, 0x1, 0x80, 0x54, 0x5, 0x40,
    0x3e, 0x60, 0x3, 0x0, 0x5c, 0x0, 0xe0, 0xf,
    0xa8, 0x1, 0x40, 0x12, 0x10, 0x20, 0x80, 0x71,
    0x18, 0x11, 0x80, 0x6a, 0x0, 0x48, 0x7, 0x58,
    0x2, 0x80, 0x39, 0x80, 0xc, 0x1, 0xce, 0x0,
    0x60, 0xe, 0x15, 0x1, 0x40, 0x9, 0x44, 0x14,
    0x40, 0x3d, 0xc0, 0xe, 0x0, 0xb8, 0x1, 0xc0,
    0x1f, 0x20, 0x82, 0x88, 0xa, 0x0, 0xa0, 0x7,
    0xe9, 0x0, 0x38, 0x30, 0x1, 0x80, 0x3f, 0x98,
    0x1, 0x41, 0x40, 0xa, 0x0, 0xfe, 0x14, 0x3,
    0x72, 0x4, 0x20, 0xf, 0xf7, 0x80, 0x20, 0x1,
    0xc0, 0x1f, 0xf2, 0x8, 0x4, 0x2a, 0x1, 0xff,
    0xc0, 0x60, 0x9, 0xc0, 0x3f, 0xf8, 0x34, 0x1,
    0x58, 0x7, 0xff, 0x4, 0x40, 0x6, 0x40, 0x1f,
    0xfc, 0x1a, 0x0, 0x50, 0x7, 0xff, 0x9, 0x80,
    0xc, 0x1, 0xff, 0xc1, 0x80, 0x3, 0x0, 0x7f,
    0x8d, 0x9e, 0xdc, 0x1, 0x0, 0x1f, 0xe4, 0x98,
    0x40, 0x4, 0x88, 0x7, 0xff, 0x4, 0x53, 0x18,
    0x3, 0xf8,

    /* U+0444 "ф" */
    0x0, 0xff, 0xb3, 0xfc, 0x40, 0x1f, 0xff, 0xf0,
    0xf, 0xfe, 0xda, 0x5f, 0x7d, 0x98, 0x7, 0xc,
    0xf7, 0xeb, 0x80, 0x7d, 0x36, 0x82, 0x9, 0x8a,
    0x1, 0xf, 0xb0, 0x81, 0x46, 0x88, 0x6, 0x76,
    0x0, 0x24, 0x38, 0x51, 0x0, 0x38, 0x52, 0x18,
    0x40, 0xb4, 0x2, 0x18, 0x0, 0x5d, 0x9e, 0x34,
    0x44, 0x0, 0x29, 0xb7, 0x9f, 0x20, 0x36, 0x0,
    0x48, 0x1, 0xd0, 0x2, 0x2c, 0x0, 0xa1, 0x80,
    0x21, 0xe0, 0x5, 0x80, 0x14, 0x1, 0x40, 0x1c,
    0x46, 0x0, 0x50, 0xe, 0x33, 0x1, 0x10, 0x8,
    0x4, 0x80, 0x3f, 0xf8, 0x8a, 0x0, 0x42, 0x0,
    0x10, 0x7, 0xff, 0x17, 0x80, 0x1c, 0x20, 0x1f,
    0xfc, 0x81, 0x0, 0x8, 0x7, 0xff, 0x34, 0x40,
    0x3f, 0xf9, 0x2, 0x0, 0x12, 0x0, 0x10, 0x7,
    0xff, 0x17, 0x80, 0x1c, 0x4, 0x2, 0x40, 0x1f,
    0xfc, 0x45, 0x0, 0x28, 0x28, 0x2, 0x80, 0x38,
    0x8c, 0x0, 0xa0, 0x1c, 0x66, 0x1, 0x30, 0xa0,
    0x3, 0xa0, 0x4, 0x58, 0x1, 0x43, 0x0, 0x43,
    0xc0, 0x9, 0x0, 0x13, 0x80, 0x2e, 0xcf, 0x1a,
    0x22, 0x0, 0x14, 0xdb, 0xcf, 0x90, 0x13, 0x80,
    0x50, 0xc0, 0x4, 0x87, 0xa, 0x20, 0x7, 0x12,
    0x43, 0x8, 0x16, 0x0, 0x74, 0xd1, 0x80, 0x13,
    0x14, 0x2, 0x1c, 0x61, 0x2, 0x7d, 0x10, 0xf,
    0x2e, 0x7f, 0xac, 0xc0, 0x38, 0x67, 0xbf, 0x60,
    0x3, 0xff, 0xfe, 0x1, 0xff, 0xff, 0x0, 0xc0,

    /* U+0445 "х" */
    0x2, 0xff, 0x90, 0x3, 0xe3, 0xff, 0x8c, 0xa,
    0x40, 0x14, 0x20, 0x1e, 0xe0, 0x4, 0x18, 0x1,
    0x90, 0x6, 0x80, 0x3a, 0x88, 0x11, 0xc0, 0x35,
    0x8, 0x23, 0x0, 0x4a, 0xa0, 0x1a, 0x0, 0xe1,
    0xd0, 0x4, 0x90, 0x15, 0x0, 0x2c, 0x40, 0x3c,
    0x6e, 0x0, 0xf0, 0xe0, 0x3, 0x28, 0x7, 0xe8,
    0x30, 0x2e, 0x30, 0x29, 0x0, 0xff, 0x70, 0x0,
    0x40, 0x1e, 0x1, 0xff, 0x14, 0x0, 0x50, 0x40,
    0x1f, 0xf0, 0xc8, 0x5, 0x60, 0x1f, 0xfc, 0xb,
    0x10, 0x8, 0xdc, 0x3, 0xfc, 0xca, 0x3, 0x60,
    0x8, 0x30, 0xf, 0xc5, 0x20, 0xa, 0x48, 0x0,
    0x70, 0x7, 0xee, 0x0, 0x3a, 0x3, 0xa0, 0x15,
    0x0, 0x7a, 0xc, 0xe, 0x0, 0x2a, 0x10, 0x55,
    0x0, 0x64, 0x70, 0x7, 0x0, 0x61, 0xa0, 0x5,
    0x10, 0x0, 0x68, 0x1, 0x24, 0x1, 0xc8, 0xc0,
    0xe, 0x0, 0x50, 0x82, 0xb0, 0x7, 0xd2, 0x40,
    0x70,

    /* U+0446 "ц" */
    0x1f, 0xf6, 0x0, 0x7f, 0x77, 0xf8, 0x3, 0xff,
    0xfe, 0x1, 0xff, 0xff, 0x0, 0xff, 0xff, 0x80,
    0x7f, 0xf8, 0xc5, 0x57, 0xf8, 0x2, 0x55, 0x8,
    0x4, 0x55, 0x5f, 0xc2, 0x0, 0xaa, 0x20, 0x7,
    0xff, 0x1c, 0x7f, 0xff, 0xf8, 0x60, 0x1f, 0xff,
    0xf0, 0x98, 0x70,

    /* U+0447 "ч" */
    0xaf, 0xf1, 0x80, 0x7d, 0xdf, 0xe0, 0xf, 0xff,
    0xb, 0x80, 0x7f, 0x8c, 0x0, 0x20, 0x1f, 0xef,
    0x0, 0x70, 0x7, 0xf9, 0xc0, 0x9, 0x24, 0x1,
    0xf8, 0x60, 0x0, 0xdb, 0xff, 0xc2, 0x1, 0x3d,
    0x8, 0x7, 0xff, 0x1, 0x7b, 0x6e, 0xab, 0x84,
    0x3, 0xc4, 0x8a, 0xbc, 0x1, 0xff, 0xff, 0x0,
    0xff, 0xe0, 0x0,

    /* U+0448 "ш" */
    0x1f, 0xf6, 0x0, 0x7d, 0xbf, 0xe1, 0x0, 0xf4,
    0x7f, 0x98, 0x3, 0xff, 0xfe, 0x1, 0xff, 0xff,
    0x0, 0xff, 0xff, 0x80, 0x7f, 0xff, 0xc0, 0x3f,
    0xfd, 0x22, 0xab, 0xf0, 0x4, 0x8a, 0xbe, 0x20,
    0xf, 0x15, 0x57, 0xc4, 0x0, 0xaa, 0xf9, 0x40,
    0x3f, 0xfa, 0x0,

    /* U+0449 "щ" */
    0x1f, 0xf6, 0x0, 0x7d, 0xbf, 0xe1, 0x0, 0xf4,
    0x7f, 0x98, 0x3, 0xff, 0xfe, 0x1, 0xff, 0xff,
    0x0, 0xff, 0xff, 0x80, 0x7f, 0xff, 0xc0, 0x3f,
    0xff, 0xe0, 0x1f, 0x85, 0x57, 0xe0, 0x9, 0x15,
    0x7c, 0x40, 0xf, 0x53, 0x0, 0x8a, 0xab, 0xe2,
    0x0, 0x55, 0x7c, 0xa0, 0x6, 0xa9, 0x0, 0xff,
    0xe7, 0x8f, 0xff, 0xff, 0x2d, 0x40, 0x3f, 0xff,
    0xe0, 0x1f, 0xfd, 0x4e, 0x8e,

    /* U+044A "ъ" */
    0xf, 0xff, 0xd0, 0x1, 0xff, 0xd5, 0xaa, 0xe7,
    0x0, 0xff, 0xe1, 0xaa, 0xf6, 0x80, 0x7f, 0xff,
    0xc0, 0x3f, 0xe2, 0x55, 0x91, 0x6, 0x1, 0xff,
    0xc2, 0x5a, 0xaa, 0xed, 0x9f, 0x68, 0x1, 0xff,
    0xc7, 0x4b, 0x70, 0xf, 0xf3, 0xff, 0xee, 0xb4,
    0x0, 0x41, 0x80, 0x7f, 0xf0, 0x85, 0x2d, 0x0,
    0x16, 0x1, 0xff, 0xc5, 0xd0, 0x1, 0x0, 0x7f,
    0xf1, 0x44, 0x3, 0xff, 0x8e, 0x34, 0x0, 0xd0,
    0xf, 0xe2, 0x55, 0xcd, 0x3e, 0x40, 0x2c, 0x1,
    0xfc, 0xb5, 0x5a, 0x58, 0x40, 0x74, 0x40, 0x3f,
    0xf8, 0x62, 0x93, 0xc6, 0x0,

    /* U+044B "ы" */
    0x1f, 0xf6, 0x0, 0x7f, 0xf0, 0x5f, 0xfc, 0xc0,
    0x1f, 0xff, 0xf0, 0xf, 0xff, 0x50, 0xaa, 0xe4,
    0x31, 0x0, 0xff, 0xe0, 0x95, 0x56, 0xbc, 0xec,
    0x60, 0xf, 0xfe, 0x39, 0xcd, 0x80, 0x7f, 0x8f,
    0xff, 0x76, 0x38, 0x1, 0x1c, 0x3, 0xff, 0x84,
    0x27, 0x10, 0x0, 0x58, 0x7, 0xff, 0x15, 0x40,
    0x4, 0x1, 0xff, 0xc5, 0x10, 0xf, 0xfe, 0x44,
    0x80, 0x14, 0x3, 0xf8, 0x55, 0x7a, 0x35, 0x40,
    0x1e, 0x1, 0xfc, 0x55, 0x5c, 0xe4, 0x0, 0x94,
    0x0, 0xff, 0xe1, 0x89, 0xbf, 0x30, 0x7, 0xc0,

    /* U+044C "ь" */
    0x1f, 0xf6, 0x0, 0x7f, 0xff, 0xc0, 0x3f, 0xfa,
    0x22, 0xab, 0x90, 0xc4, 0x3, 0xe2, 0xaa, 0xd7,
    0x9d, 0x8c, 0x1, 0xff, 0xc1, 0x39, 0xb0, 0xc,
    0x7f, 0xfb, 0xb1, 0xc0, 0x8, 0xe0, 0x1f, 0x84,
    0xe2, 0x0, 0xb, 0x0, 0xff, 0x94, 0x0, 0x40,
    0x1f, 0xf0, 0x80, 0x7f, 0xf0, 0xa4, 0x0, 0xa0,
    0x10, 0xaa, 0xf4, 0x6a, 0x80, 0x3c, 0x2, 0x2a,
    0xae, 0x72, 0x0, 0x4a, 0x0, 0x7f, 0x9, 0xbf,
    0x30, 0x0,

    /* U+044D "э" */
    0x3, 0x8c, 0xef, 0xf6, 0xd2, 0x80, 0x71, 0xe3,
    0x98, 0x80, 0x9, 0x6b, 0x4c, 0x3, 0xc8, 0xf0,
    0xea, 0x20, 0x58, 0x80, 0x1, 0xaf, 0xb8, 0x78,
    0xae, 0x70, 0x5, 0x90, 0x12, 0x80, 0x7d, 0xc,
    0x0, 0x80, 0xf, 0xfa, 0x0, 0xa, 0x20, 0x1f,
    0xe1, 0x50, 0x2, 0x0, 0x17, 0xff, 0xf2, 0x80,
    0x8, 0x3, 0xff, 0x85, 0xc0, 0x4, 0xaa, 0xfc,
    0xa0, 0x1c, 0x2a, 0xbf, 0x8c, 0x1, 0xc0, 0x1f,
    0xf2, 0x0, 0x8, 0x3, 0xfc, 0x64, 0x0, 0x40,
    0xf, 0xf7, 0x80, 0x14, 0x49, 0xc4, 0x3, 0x86,
    0xcc, 0x1, 0x0, 0x31, 0xd7, 0xf, 0x17, 0xc8,
    0x0, 0xa2, 0x0, 0xc8, 0xf0, 0xe8, 0x0, 0x1b,
    0x50, 0x1, 0xeb, 0x98, 0x80, 0x5, 0x27, 0x90,
    0x2,

    /* U+044E "ю" */
    0xff, 0x70, 0x7, 0xc9, 0x5b, 0xfe, 0xea, 0x50,
    0xf, 0xfe, 0x8, 0xdd, 0x94, 0x80, 0x2, 0xb5,
    0xa4, 0x1, 0xff, 0x62, 0x0, 0xd, 0xe1, 0x40,
    0x5, 0x84, 0x1, 0xfd, 0x24, 0x0, 0xbc, 0x87,
    0xad, 0x20, 0x1e, 0x0, 0xfc, 0x2c, 0x0, 0xa4,
    0x0, 0xc5, 0x80, 0x3, 0x50, 0xf, 0x98, 0x0,
    0x6a, 0x1, 0xe1, 0x70, 0x7, 0x0, 0x7d, 0x80,
    0xb, 0x0, 0xfd, 0x40, 0x5, 0x0, 0x87, 0xfe,
    0x40, 0x1, 0x80, 0x7e, 0x20, 0x0, 0x88, 0x3,
    0xf9, 0x80, 0x3f, 0x84, 0x0, 0x60, 0x1, 0x99,
    0x84, 0x3, 0xff, 0x8e, 0xcd, 0x10, 0x1, 0x80,
    0x3f, 0x84, 0x0, 0x60, 0x1e, 0x50, 0x1, 0x80,
    0x7e, 0x20, 0x0, 0x88, 0x3, 0xd8, 0x0, 0xb0,
    0xf, 0xca, 0x0, 0x50, 0xf, 0x94, 0x40, 0xd0,
    0x3, 0xc3, 0x20, 0xe, 0x0, 0xfd, 0x20, 0xb,
    0x40, 0xc, 0x3a, 0x20, 0x6a, 0x1, 0xf9, 0xd0,
    0x1, 0x76, 0x87, 0xae, 0x30, 0x1e, 0x0, 0xff,
    0x5a, 0x80, 0x11, 0xe1, 0x40, 0x5, 0x84, 0x1,
    0xff, 0x56, 0x31, 0x0, 0x5, 0x2b, 0x48, 0x2,

    /* U+044F "я" */
    0x0, 0xc7, 0x39, 0xdf, 0xff, 0x40, 0x5, 0x38,
    0xc6, 0x20, 0x1f, 0xe6, 0x60, 0x0, 0xe2, 0xab,
    0x38, 0x7, 0x58, 0x1, 0xf1, 0xd5, 0x76, 0x80,
    0x71, 0x0, 0x20, 0x3, 0xff, 0xa0, 0x20, 0x5,
    0x0, 0xff, 0xe0, 0x38, 0x2, 0x9c, 0x80, 0x3f,
    0xd2, 0x60, 0x8, 0xdf, 0xfd, 0x40, 0x1e, 0xc9,
    0x30, 0xf, 0xfe, 0x13, 0x70, 0x0, 0x6a, 0xa7,
    0x0, 0xfd, 0xc0, 0xa, 0x55, 0xb4, 0x3, 0xe8,
    0x30, 0x64, 0x0, 0xff, 0x1b, 0x81, 0x48, 0x7,
    0xfd, 0xc0, 0x9, 0x0, 0xff, 0xa0, 0x81, 0x90,
    0x3, 0xfc, 0x6e, 0x5, 0x20, 0x1f, 0xf7, 0x0,
    0x38, 0x3, 0xfe,

    /* U+0450 "ѐ" */
    0x0, 0x9f, 0xfd, 0x0, 0x1f, 0xfc, 0x17, 0x70,
    0x3a, 0x80, 0x7f, 0xf0, 0x61, 0x82, 0x88, 0x3,
    0xff, 0x83, 0x2a, 0x1e, 0x20, 0x1f, 0xfc, 0x1a,
    0x42, 0xa0, 0xf, 0xfe, 0x15, 0xc1, 0x90, 0x7,
    0xff, 0x9, 0xe0, 0x80, 0x3f, 0xfa, 0x7, 0x3b,
    0xdf, 0xd6, 0xc0, 0x1f, 0xab, 0x18, 0x84, 0x5,
    0x27, 0x8c, 0x3, 0xe, 0xa8, 0x1, 0x1e, 0x18,
    0x80, 0x70, 0xc0, 0x2a, 0x20, 0x5e, 0xb8, 0x79,
    0xd8, 0x0, 0x68, 0x1, 0x10, 0x9, 0x42, 0x1,
    0xce, 0xc0, 0x2c, 0x1c, 0x0, 0x80, 0xf, 0xd6,
    0x0, 0xc0, 0x40, 0x1, 0x80, 0x7e, 0x20, 0x3,
    0x88, 0x80, 0x1f, 0xff, 0xe0, 0x1, 0x10, 0x3,
    0xff, 0x8e, 0x57, 0x7f, 0xfc, 0xc, 0x10, 0x1,
    0xa2, 0x7f, 0xf0, 0xc, 0x80, 0x2, 0x40, 0x1f,
    0xfc, 0x14, 0x0, 0x58, 0x7, 0xff, 0x7, 0xc0,
    0xc, 0x60, 0x1f, 0xfc, 0x4, 0x40, 0x3, 0x14,
    0x3, 0xe4, 0xb4, 0x0, 0x59, 0x80, 0x2b, 0x65,
    0xdd, 0x17, 0xf6, 0x82, 0x1, 0x63, 0x0, 0x9,
    0xa2, 0xe, 0x80, 0x1, 0x60, 0xd, 0x3a, 0xe6,
    0x20, 0x1, 0x37, 0xbe, 0x30,

    /* U+0451 "ё" */
    0x0, 0xc9, 0xfe, 0xe0, 0x1, 0xff, 0xc0, 0x1f,
    0xfd, 0xd4, 0xdd, 0x60, 0x0, 0xf7, 0x60, 0xf,
    0xc4, 0x50, 0x4, 0x45, 0x0, 0x7f, 0xf7, 0x8e,
    0x77, 0xbf, 0xad, 0x80, 0x3f, 0x56, 0x31, 0x8,
    0xa, 0x4f, 0x18, 0x6, 0x1d, 0x50, 0x2, 0x3c,
    0x31, 0x0, 0xe1, 0x80, 0x54, 0x40, 0xbd, 0x70,
    0xf3, 0xb0, 0x0, 0xd0, 0x2, 0x20, 0x12, 0x84,
    0x3, 0x9d, 0x80, 0x58, 0x38, 0x1, 0x0, 0x1f,
    0xac, 0x1, 0x80, 0x80, 0x3, 0x0, 0xfc, 0x40,
    0x7, 0x11, 0x0, 0x3f, 0xff, 0xc0, 0x2, 0x20,
    0x7, 0xff, 0x1c, 0xae, 0xff, 0xf8, 0x18, 0x20,
    0x3, 0x44, 0xff, 0xe0, 0x19, 0x0, 0x4, 0x80,
    0x3f, 0xf8, 0x28, 0x0, 0xb0, 0xf, 0xfe, 0xf,
    0x80, 0x18, 0xc0, 0x3f, 0xf8, 0x8, 0x80, 0x6,
    0x28, 0x7, 0xc9, 0x68, 0x0, 0xb3, 0x0, 0x56,
    0xcb, 0xba, 0x2f, 0xed, 0x4, 0x2, 0xc6, 0x0,
    0x13, 0x44, 0x1d, 0x0, 0x2, 0xc0, 0x1a, 0x75,
    0xcc, 0x40, 0x2, 0x6f, 0x7c, 0x60,

    /* U+0452 "ђ" */
    0x0, 0x8d, 0x98, 0x40, 0x1f, 0xfc, 0x3b, 0x99,
    0x20, 0x7, 0xff, 0xfc, 0x3, 0xff, 0xa8, 0x9f,
    0xe7, 0x0, 0x4f, 0xff, 0xda, 0x1, 0xff, 0xcb,
    0x5b, 0xb2, 0x80, 0x1e, 0xef, 0xee, 0x0, 0xc2,
    0x88, 0x20, 0x7, 0x22, 0x7c, 0x60, 0x1f, 0xfe,
    0x61, 0x7d, 0xff, 0x6c, 0x8, 0x7, 0xf8, 0xfe,
    0x8, 0x0, 0x4f, 0xc8, 0x1, 0xfb, 0xb0, 0x49,
    0x9d, 0x40, 0x2a, 0x10, 0xf, 0x9c, 0x2b, 0x66,
    0x2b, 0x88, 0x6, 0x40, 0x3f, 0x52, 0x80, 0x61,
    0x90, 0x2, 0x80, 0x7c, 0x4a, 0x1, 0xe4, 0x0,
    0x10, 0x80, 0x79, 0x40, 0x3f, 0x10, 0x0, 0xc0,
    0x3d, 0xc0, 0x1f, 0x84, 0x0, 0x20, 0x1f, 0xfd,
    0x61, 0x0, 0x10, 0x7, 0xff, 0xc, 0x80, 0x84,
    0x3, 0xff, 0x84, 0xa0, 0x5, 0x0, 0xd1, 0xfe,
    0x60, 0xf, 0xa4, 0x1, 0x20, 0x1f, 0xfc, 0x27,
    0x30, 0x81, 0x0, 0xff, 0xe0, 0xa4, 0x2, 0x38,
    0x7, 0xff, 0x5, 0xac, 0xa, 0x80, 0x3f, 0xf8,
    0x9, 0xb2, 0x7, 0x82, 0x1, 0xff, 0xc0, 0x32,
    0x8, 0xc1, 0x0, 0xff, 0xe0, 0x9c, 0xf3, 0x80,
    0x78,

    /* U+0453 "ѓ" */
    0x0, 0xfe, 0x2f, 0xf6, 0x88, 0x7, 0xf7, 0x0,
    0x3c, 0x40, 0x3f, 0x41, 0x85, 0x90, 0x7, 0xe4,
    0x70, 0x94, 0x0, 0xfc, 0x34, 0xe, 0xc0, 0x1f,
    0xd4, 0x29, 0x0, 0x1f, 0xeb, 0xfb, 0x0, 0xff,
    0xe3, 0x8f, 0xff, 0xff, 0x1, 0x0, 0x3f, 0xf8,
    0xa5, 0x55, 0xfc, 0xa0, 0x10, 0xaa, 0xff, 0x8,
    0x7, 0xff, 0xfc, 0x3, 0xff, 0xfe, 0x1, 0xff,
    0xe2,

    /* U+0454 "є" */
    0x0, 0xe3, 0x8c, 0xef, 0xf6, 0xca, 0x80, 0x75,
    0x63, 0x98, 0x80, 0x9, 0xaa, 0x40, 0x3, 0xaa,
    0x0, 0x47, 0x87, 0x52, 0x0, 0xd4, 0x40, 0x7b,
    0x70, 0xf1, 0x5b, 0x98, 0x4, 0x40, 0xe, 0x90,
    0x7, 0x8d, 0x43, 0xc0, 0x10, 0x20, 0x1f, 0xe4,
    0x0, 0x30, 0x7, 0xf8, 0x80, 0x2f, 0xff, 0xd6,
    0x0, 0x10, 0xf, 0xfe, 0x28, 0xd5, 0x7e, 0x80,
    0x0, 0x80, 0x5, 0x57, 0xf1, 0x80, 0x8, 0x2,
    0x30, 0xf, 0xf9, 0x0, 0x14, 0x1, 0xff, 0x78,
    0x1, 0x88, 0x3, 0xfc, 0x86, 0x0, 0xc4, 0x0,
    0xf2, 0x30, 0x3, 0x48, 0x6, 0xf6, 0x5e, 0x2b,
    0xaf, 0xc0, 0x3, 0x88, 0x0, 0x26, 0x87, 0x51,
    0x0, 0xe1, 0xbc, 0x62, 0x10, 0x1, 0x35, 0x48,

    /* U+0455 "ѕ" */
    0x0, 0x8e, 0x77, 0xfd, 0xdb, 0x90, 0x60, 0x1a,
    0x31, 0x88, 0x0, 0x24, 0x6f, 0x84, 0x0, 0x77,
    0x0, 0x11, 0xe2, 0xe, 0x80, 0x1d, 0x20, 0xb,
    0xb4, 0x3b, 0xa2, 0xfe, 0x8c, 0x4, 0x40, 0x88,
    0x0, 0xf9, 0x44, 0x3, 0x38, 0x7, 0xfc, 0x22,
    0x3, 0x70, 0xf, 0xfa, 0x40, 0x11, 0xf4, 0xc6,
    0x1, 0xf3, 0xb8, 0x2, 0x59, 0xcf, 0xa3, 0x0,
    0xe8, 0xe8, 0x40, 0xc, 0xb9, 0x40, 0x1c, 0x2f,
    0x7f, 0x90, 0x60, 0x5, 0x80, 0xf, 0xc6, 0xf9,
    0x0, 0x6, 0x0, 0xff, 0x9c, 0x0, 0x22, 0x0,
    0xff, 0x84, 0x0, 0x29, 0x48, 0x1, 0xf3, 0x88,
    0x18, 0x1, 0x6f, 0xae, 0x1d, 0xd3, 0xb0, 0x0,
    0x80, 0xc, 0x28, 0xf1, 0x6, 0x20, 0x1a, 0x40,
    0x4d, 0x95, 0x21, 0x0, 0xa, 0x47, 0xa8, 0x0,

    /* U+0456 "і" */
    0xaa, 0x4a, 0xa9, 0xc0, 0x3d, 0xfe, 0xe0, 0xf,
    0x7f, 0xb8, 0x3, 0xff, 0xce,

    /* U+0457 "ї" */
    0x2, 0x28, 0x2, 0x22, 0x80, 0xf7, 0x60, 0x0,
    0xee, 0xc2, 0x1, 0xff, 0xca, 0x3f, 0xf8, 0x0,
    0x3f, 0xf0, 0x80, 0x7f, 0xf3, 0xbf, 0xdc, 0x1,
    0xff, 0xff, 0x0, 0xff, 0xff, 0x80, 0x7f, 0xf7,
    0x40,

    /* U+0458 "ј" */
    0x0, 0xdf, 0xee, 0x0, 0xff, 0xe3, 0x2a, 0x9c,
    0x3, 0x55, 0x24, 0x3, 0xfe, 0xff, 0x70, 0x7,
    0xff, 0xfc, 0x3, 0xff, 0xda, 0x60, 0x11, 0x0,
    0x18, 0x2, 0x50, 0x1, 0xa3, 0xd4, 0x0, 0x2b,
    0x61, 0x40, 0xe, 0x40, 0x1, 0x4a, 0x80,

    /* U+0459 "љ" */
    0x0, 0xef, 0xff, 0xf9, 0x40, 0x3f, 0xfb, 0xc3,
    0x55, 0xc8, 0x1, 0xff, 0xc7, 0x35, 0x5e, 0x30,
    0xf, 0xfe, 0xf0, 0x80, 0x7f, 0xf4, 0x4, 0x3,
    0xff, 0x94, 0x60, 0x1f, 0xf6, 0xaa, 0x90, 0xc4,
    0x3, 0xf0, 0x80, 0x18, 0x3, 0xf3, 0xd5, 0x2f,
    0x3b, 0x58, 0x3, 0xcc, 0x0, 0x30, 0xf, 0xfe,
    0x11, 0x4d, 0x80, 0x71, 0x0, 0x38, 0x3, 0xf5,
    0x7f, 0xbb, 0x1c, 0x0, 0x8e, 0x1, 0xb4, 0x0,
    0x60, 0x1f, 0xf0, 0x9c, 0x48, 0x2, 0x80, 0x32,
    0x0, 0x10, 0x3, 0xff, 0x84, 0xe0, 0x2, 0x0,
    0x94, 0x41, 0x0, 0x3f, 0xf8, 0x66, 0x0, 0x10,
    0x2, 0x58, 0x3, 0xc0, 0x3f, 0xf8, 0x70, 0x0,
    0x56, 0xcb, 0x10, 0x64, 0x0, 0xfe, 0xd5, 0x5a,
    0x35, 0x40, 0x1f, 0x66, 0x0, 0x79, 0x0, 0xff,
    0x3d, 0x54, 0xe4, 0x0, 0x94, 0x13, 0x7e, 0x80,
    0xf, 0xfe, 0x18, 0x9b, 0xf3, 0x0,

    /* U+045A "њ" */
    0x1f, 0xf6, 0x0, 0x7e, 0xaf, 0xf1, 0x80, 0x7f,
    0xff, 0xc0, 0x3f, 0xff, 0xe0, 0x1f, 0xfc, 0x1,
    0x55, 0xfc, 0xc0, 0x4, 0x54, 0x41, 0x80, 0x7e,
    0x2a, 0xaf, 0xc6, 0x0, 0x8a, 0xbb, 0x67, 0xe2,
    0x80, 0x7f, 0xf2, 0xce, 0xa4, 0x3, 0x1f, 0xff,
    0xe5, 0x0, 0x67, 0xfb, 0xb1, 0x80, 0xc, 0xa0,
    0x1f, 0xfc, 0x61, 0x39, 0x70, 0x7, 0x0, 0x7f,
    0xf2, 0x6c, 0x0, 0xc0, 0x1f, 0xfc, 0x97, 0x0,
    0x8, 0x7, 0xff, 0x26, 0x0, 0xa, 0x1, 0xff,
    0xc3, 0x45, 0x53, 0x47, 0x18, 0x2, 0xc0, 0x3f,
    0xf8, 0x71, 0x54, 0x97, 0x10, 0x5, 0x10, 0x7,
    0xff, 0x1c, 0x52, 0x39, 0x40,

    /* U+045B "ћ" */
    0x0, 0x8d, 0x98, 0x40, 0x1f, 0xfc, 0x3b, 0x99,
    0x20, 0x7, 0xff, 0xfc, 0x3, 0xff, 0xa8, 0x9f,
    0xe7, 0x0, 0x4f, 0xff, 0xda, 0x1, 0xff, 0xcb,
    0x5b, 0xb2, 0x80, 0x1e, 0xef, 0xee, 0x0, 0xc2,
    0x88, 0x20, 0x7, 0x22, 0x7c, 0x60, 0x1f, 0xfe,
    0x61, 0x7d, 0xff, 0x6c, 0x88, 0x7, 0xf8, 0xfe,
    0x8, 0x0, 0x4d, 0xc8, 0x1, 0xfb, 0xb0, 0x49,
    0x9d, 0x40, 0x2a, 0x10, 0xf, 0x9c, 0x2b, 0x66,
    0x2b, 0x88, 0x6, 0x40, 0x3f, 0x52, 0x80, 0x61,
    0x90, 0x2, 0x80, 0x7c, 0x4a, 0x1, 0xe4, 0x10,
    0x20, 0xf, 0x94, 0x3, 0xf1, 0x0, 0x4, 0x3,
    0xdc, 0x1, 0xf9, 0xc0, 0x6, 0x1, 0xff, 0xff,
    0x0,

    /* U+045C "ќ" */
    0x0, 0xfe, 0x7f, 0xf4, 0x80, 0x7f, 0xf0, 0xe,
    0x1, 0x24, 0x3, 0xff, 0x81, 0xc0, 0x56, 0x1,
    0xff, 0xc0, 0xa2, 0x1f, 0x0, 0xff, 0xe0, 0x32,
    0x86, 0x90, 0x7, 0xfc, 0x52, 0x14, 0x60, 0x1f,
    0xfc, 0x2, 0xff, 0x28, 0x7, 0xff, 0x34, 0x7f,
    0xd8, 0x1, 0xf4, 0xff, 0xb4, 0x40, 0x3f, 0xe9,
    0x60, 0x2c, 0x10, 0xf, 0xf4, 0x30, 0xe, 0x8,
    0x7, 0xf9, 0xdc, 0x3, 0x82, 0x1, 0xfe, 0x78,
    0x1, 0xc2, 0x0, 0xff, 0x34, 0x0, 0xe1, 0x0,
    0x7f, 0x96, 0x40, 0x1a, 0x40, 0x1f, 0xe5, 0xa0,
    0x8, 0x40, 0x3f, 0xc5, 0x40, 0x1b, 0x80, 0x3f,
    0xc2, 0x0, 0xa3, 0x3, 0x70, 0xf, 0xfa, 0x97,
    0x80, 0x10, 0x40, 0x1f, 0xd2, 0xa0, 0x52, 0x0,
    0xe0, 0xf, 0xc6, 0xc0, 0x13, 0x20, 0x1c, 0x0,
    0x7f, 0xf0, 0x68, 0x41, 0xcc, 0x3, 0xff, 0x80,
    0x36, 0x0, 0xe0, 0xf, 0xfe, 0xa, 0xa8, 0xa,
    0x0, 0x3f, 0xf8, 0x36, 0x20, 0xe6, 0x1, 0xff,
    0xc0, 0x1a, 0x0, 0x70, 0x0,

    /* U+045D "ѝ" */
    0x0, 0x3f, 0xfa, 0x0, 0x3f, 0xf8, 0xe, 0xc0,
    0xe8, 0x1, 0xff, 0xc0, 0x94, 0xa, 0x10, 0xf,
    0xfe, 0x5, 0x10, 0xd0, 0x7, 0xff, 0x0, 0x7c,
    0x51, 0xc0, 0x3f, 0xf8, 0x5, 0xa1, 0x6, 0x1,
    0xff, 0xc0, 0x3f, 0xf1, 0x80, 0x7f, 0xf2, 0x87,
    0xfd, 0x80, 0x1f, 0x17, 0xfd, 0xc0, 0x1f, 0xf4,
    0x80, 0x7f, 0xf0, 0x91, 0x0, 0x1f, 0xfc, 0x29,
    0x0, 0xff, 0xe1, 0x39, 0x4, 0x0, 0x7f, 0xc3,
    0x0, 0x4e, 0x1, 0xff, 0x40, 0x2, 0x40, 0x3f,
    0xe3, 0x60, 0x44, 0x0, 0x7f, 0xde, 0x0, 0x90,
    0xf, 0xf9, 0x4c, 0x1c, 0x80, 0x3f, 0xeb, 0x1,
    0x80, 0xf, 0xfa, 0x4, 0x20, 0x3, 0xfe, 0x27,
    0x3, 0x60, 0xf, 0xfa, 0x40, 0x1e, 0x1, 0xff,
    0x1a, 0x2, 0x98, 0x7, 0xff, 0xa, 0xc0, 0x3f,
    0xf8, 0x50, 0x20, 0x1f, 0xfc, 0x12, 0x70, 0xf,
    0xf0,

    /* U+045E "ў" */
    0x0, 0xcb, 0xf2, 0x1, 0xd5, 0xe8, 0x1, 0xf2,
    0x3, 0x38, 0x80, 0xc2, 0x82, 0x80, 0x7c, 0x2e,
    0x11, 0xdf, 0xce, 0x10, 0x20, 0x1f, 0xa2, 0x4,
    0x1, 0x14, 0xb8, 0x7, 0xf9, 0xf7, 0xb7, 0xb5,
    0x80, 0x3f, 0xf8, 0x22, 0x42, 0x1, 0xfb, 0x7f,
    0xc6, 0x1, 0xfc, 0x9f, 0xec, 0xa, 0x0, 0x50,
    0x7, 0xf7, 0x0, 0x28, 0x18, 0x0, 0xe0, 0x1f,
    0xca, 0x0, 0x60, 0x15, 0x1, 0x50, 0xf, 0x98,
    0x0, 0xc0, 0x17, 0x0, 0x38, 0x3, 0xea, 0x0,
    0x50, 0x4, 0x84, 0x8, 0x20, 0x1c, 0x46, 0x4,
    0x60, 0x1a, 0x80, 0x12, 0x1, 0xd6, 0x0, 0xa0,
    0xe, 0x60, 0x3, 0x0, 0x73, 0x80, 0x18, 0x3,
    0x85, 0x40, 0x50, 0x2, 0x51, 0x5, 0x10, 0xf,
    0x70, 0x3, 0x80, 0x2e, 0x0, 0x70, 0x7, 0xc8,
    0x20, 0xa2, 0x2, 0x80, 0x28, 0x1, 0xfa, 0x40,
    0xe, 0xc, 0x0, 0x60, 0xf, 0xe6, 0x0, 0x50,
    0x50, 0x2, 0x80, 0x3f, 0x85, 0x0, 0xdc, 0x81,
    0x8, 0x3, 0xfd, 0xe0, 0x8, 0x0, 0x70, 0x7,
    0xfc, 0x82, 0x1, 0xa, 0x80, 0x7f, 0xf0, 0x18,
    0x2, 0x70, 0xf, 0xfe, 0xd, 0x0, 0x56, 0x1,
    0xff, 0xc1, 0x10, 0x1, 0x90, 0x7, 0xff, 0x6,
    0x80, 0x14, 0x1, 0xff, 0xc2, 0x60, 0x3, 0x0,
    0x7f, 0xf0, 0x60, 0x0, 0xc0, 0x1f, 0xe3, 0x67,
    0xb7, 0x0, 0x40, 0x7, 0xf9, 0x26, 0x10, 0x1,
    0x22, 0x1, 0xff, 0xc1, 0x14, 0xc6, 0x0, 0xfe,

    /* U+045F "џ" */
    0x1f, 0xf6, 0x0, 0x7f, 0x77, 0xf8, 0x3, 0xff,
    0xfe, 0x1, 0xff, 0xff, 0x0, 0xff, 0xff, 0x80,
    0x7f, 0xf1, 0x45, 0x57, 0xf8, 0x3, 0xe2, 0xaa,
    0xfe, 0x10, 0xf, 0xfe, 0x40, 0xff, 0xf9, 0x1,
    0xbf, 0xfc, 0x1, 0xff, 0xef, 0xe7, 0xd0, 0xf,
    0x80,

    /* U+0490 "Ґ" */
    0x0, 0xff, 0xe0, 0x7f, 0xa8, 0x3, 0xff, 0xe1,
    0xbf, 0xff, 0xf0, 0x7, 0xff, 0x24, 0xd5, 0x7f,
    0xda, 0x1, 0x45, 0x57, 0xf9, 0xc0, 0x3f, 0xff,
    0xe0, 0x1f, 0xff, 0xf0, 0xf, 0xff, 0xf8, 0x7,
    0xff, 0xc0,

    /* U+0491 "ґ" */
    0x0, 0xff, 0xa2, 0x4, 0x1, 0xff, 0x3b, 0x98,
    0x3, 0xff, 0xbc, 0x3f, 0xff, 0xe0, 0xf, 0xfe,
    0x41, 0x55, 0x7f, 0x28, 0x4, 0x2a, 0xbf, 0xc2,
    0x1, 0xff, 0xff, 0x0, 0xff, 0xff, 0x80, 0x7f,
    0xf8, 0x80,

    /* U+060C "،" */
    0x0, 0x15, 0xd0, 0x2, 0x10, 0x40, 0x94, 0x30,
    0x20, 0x0, 0xa4, 0xa0, 0x25, 0x40, 0x5, 0x1,
    0x0, 0xfe,

    /* U+061B "؛" */
    0x0, 0x27, 0xe8, 0x2, 0x1, 0x1, 0xc, 0x30,
    0x20, 0x0, 0x8a, 0x60, 0x43, 0x80, 0x6, 0x0,
    0xf7, 0xa2, 0x30, 0x1a, 0xec, 0xe0, 0x1f, 0xfd,
    0x88, 0xff, 0x58, 0x8, 0x7, 0xff, 0x8,

    /* U+061F "؟" */
    0x0, 0xc8, 0xf1, 0x6, 0x20, 0xe, 0x6e, 0xb8,
    0x77, 0x4e, 0xe9, 0xc0, 0xf, 0x22, 0x1, 0xe2,
    0x8b, 0x28, 0x0, 0x15, 0x77, 0xec, 0x10, 0x3d,
    0x0, 0x7, 0x54, 0x40, 0x9f, 0x69, 0x88, 0x0,
    0xc0, 0x1f, 0x2d, 0x0, 0x7f, 0xf0, 0x70, 0x0,
    0xa0, 0x1f, 0xcc, 0x40, 0x52, 0x1, 0xfd, 0xc0,
    0x6, 0x80, 0xf, 0xc7, 0x80, 0x7, 0x90, 0xf,
    0xc7, 0x80, 0x6, 0x70, 0xf, 0xc7, 0x80, 0x8,
    0x30, 0xf, 0xc6, 0xe0, 0xa, 0x0, 0xfe, 0xb0,
    0x2, 0x80, 0x7f, 0x8, 0x0, 0x40, 0x3f, 0xf9,
    0x46, 0x73, 0x80, 0x7f, 0xe, 0x62, 0x80, 0x3f,
    0xf9, 0x47, 0xfe, 0xe0, 0xf, 0xfe, 0x0, 0x80,
    0x7f, 0xf4, 0x80,

    /* U+0621 "ء" */
    0x0, 0x85, 0xef, 0x2e, 0x4, 0x2, 0x6e, 0x84,
    0x34, 0x72, 0x0, 0x2c, 0x80, 0x7f, 0x58, 0x1,
    0x33, 0xfa, 0xc8, 0x8, 0x40, 0xac, 0xc0, 0x50,
    0x41, 0xc0, 0xa, 0x1, 0xfe, 0x20, 0xf, 0x9c,
    0x0, 0xae, 0x1, 0xc2, 0x4a, 0x0, 0x8e, 0x86,
    0x9e, 0x60, 0xa5, 0x0, 0xb, 0xcb, 0x8, 0x5,
    0x54, 0x10, 0xe, 0x23, 0x9d, 0xa1, 0x0, 0x9b,
    0x95, 0x18, 0x80, 0x5, 0x1d, 0x22, 0x1, 0xb,
    0x66, 0xb8, 0x80, 0x4b, 0xbd, 0x26, 0x1, 0xe0,

    /* U+0622 "آ" */
    0x0, 0xff, 0xe1, 0x9c, 0x88, 0x7, 0xa8, 0x41,
    0xb1, 0xbd, 0x88, 0x5, 0xf9, 0x40, 0xa4, 0xec,
    0xe7, 0x7f, 0xa0, 0xb0, 0x41, 0xb1, 0x36, 0x99,
    0x5f, 0x30, 0x60, 0x52, 0x1, 0x2c, 0xd4, 0x18,
    0x7, 0xff, 0x27, 0xfd, 0xc0, 0x1f, 0xff, 0xf0,
    0xf, 0xff, 0xf8, 0x7, 0xff, 0xfc, 0x3, 0xff,
    0xfe, 0x1, 0x80,

    /* U+0623 "أ" */
    0x2, 0xbf, 0xe7, 0x0, 0x62, 0xb2, 0x68, 0x18,
    0xd4, 0xd5, 0x0, 0x21, 0x0, 0xc6, 0x55, 0xf,
    0x40, 0x4c, 0xf, 0xa, 0xe, 0x86, 0xf7, 0xe0,
    0xbf, 0x90, 0x80, 0x1b, 0xfd, 0xc0, 0x1f, 0xff,
    0xf0, 0xf, 0xff, 0xf8, 0x7, 0xff, 0x4,

    /* U+0624 "ؤ" */
    0x0, 0xf9, 0xb7, 0xf4, 0x80, 0x3f, 0x96, 0x45,
    0x85, 0x80, 0x3f, 0xbc, 0xb2, 0x71, 0x0, 0x3f,
    0x8c, 0xc0, 0x1f, 0xfc, 0x1d, 0x1d, 0x89, 0x70,
    0xf, 0xe3, 0x12, 0x76, 0xf0, 0xf, 0xec, 0x27,
    0xbe, 0x80, 0xf, 0xeb, 0xc8, 0x41, 0x0, 0xff,
    0xe7, 0x3e, 0xff, 0x51, 0x0, 0x7e, 0xc8, 0x20,
    0x15, 0xc3, 0x0, 0xf5, 0x18, 0x7, 0xe, 0x80,
    0x70, 0xa8, 0x1, 0xfb, 0x4, 0x5, 0xc0, 0x32,
    0x80, 0xe, 0x4, 0xe8, 0x1, 0x80, 0x18, 0x40,
    0x2, 0x1, 0x20, 0x1, 0x40, 0x33, 0x80, 0xa,
    0x44, 0x0, 0x40, 0x20, 0x18, 0x94, 0x0, 0xdd,
    0xcd, 0x20, 0xf, 0xa8, 0xc0, 0x21, 0x20, 0x0,
    0x80, 0x7b, 0x2d, 0x88, 0x3, 0x10, 0x7, 0xc9,
    0x3b, 0xf6, 0x0, 0x40, 0xf, 0xf0, 0xc8, 0x3,
    0x0, 0x3f, 0x87, 0x48, 0xd, 0x0, 0x3f, 0x27,
    0x98, 0x3, 0xc0, 0x30, 0x9a, 0xc6, 0xd8, 0x80,
    0x2c, 0xc1, 0x7f, 0xdd, 0x94, 0xe4, 0x0, 0x2c,
    0x40, 0xf, 0xf1, 0x46, 0x98, 0x4, 0x24, 0x43,
    0x57, 0xad, 0xd3, 0x80, 0x70,

    /* U+0625 "إ" */
    0x0, 0x7f, 0xb8, 0x3, 0xff, 0xfe, 0x1, 0xff,
    0xff, 0x0, 0xff, 0xe1, 0xff, 0xb8, 0x2, 0x3b,
    0xfe, 0x70, 0x6, 0xab, 0x26, 0x81, 0x8d, 0x4d,
    0x50, 0x4, 0x8, 0x3, 0x12, 0x4d, 0xd6, 0x1,
    0xa8, 0x22, 0x80, 0x1d, 0x63, 0x3f, 0x0,

    /* U+0626 "ئ" */
    0x0, 0xd3, 0xdf, 0x60, 0x1f, 0xfc, 0x49, 0x64,
    0x67, 0x10, 0xf, 0xfe, 0x1a, 0x2d, 0x4e, 0x8,
    0x7, 0xff, 0xc, 0x58, 0x3, 0xff, 0x8f, 0x7,
    0xd7, 0xac, 0x1, 0xff, 0xc3, 0xa0, 0x15, 0x65,
    0x0, 0xc8, 0xce, 0xa4, 0x1, 0xe7, 0x9d, 0xeb,
    0x30, 0x19, 0xfb, 0x98, 0xad, 0xb2, 0x0, 0xd2,
    0xc4, 0x1, 0xe, 0x30, 0x7, 0x93, 0x4, 0x3,
    0xfa, 0x8, 0x6, 0x7b, 0xf0, 0xc0, 0x60, 0x3,
    0xf9, 0x40, 0x1a, 0xc2, 0x7, 0xa6, 0x44, 0x0,
    0xfe, 0x60, 0x5, 0x80, 0x61, 0xcd, 0xb0, 0xf,
    0xef, 0x0, 0x3f, 0x41, 0x0, 0x7f, 0xf0, 0x95,
    0xc0, 0x2, 0xfb, 0x88, 0x1, 0xe, 0x62, 0x40,
    0x3d, 0x18, 0xa0, 0x11, 0xdc, 0x80, 0x24, 0xcd,
    0x80, 0x1f, 0x1d, 0x75, 0x28, 0x1, 0x98, 0x8,
    0x0, 0x50, 0xf, 0xe1, 0x5a, 0xa0, 0x2, 0xc0,
    0x80, 0x40, 0x3f, 0xf8, 0x2c, 0x0, 0x20, 0x8,
    0x40, 0x3f, 0xf8, 0x30, 0x0, 0x30, 0x50, 0x3,
    0x80, 0x7f, 0x8f, 0x10, 0x1, 0x21, 0xc0, 0x8,
    0x93, 0x0, 0x84, 0xda, 0x77, 0xc, 0x0, 0xca,
    0xa, 0xa0, 0x3, 0x67, 0xf7, 0xf6, 0x4b, 0x10,
    0x5, 0x32, 0x0, 0xa9, 0xc0, 0x30, 0x80, 0x78,
    0xa3, 0xd8, 0x3, 0xa3, 0x5c, 0xc4, 0x0, 0x28,
    0xd5, 0xda, 0xe0, 0x1c,

    /* U+0627 "ا" */
    0xff, 0x70, 0x7, 0xff, 0xe4,

    /* U+0628 "ب" */
    0x0, 0xff, 0xe5, 0x27, 0xfa, 0xf, 0xfd, 0x20,
    0x1f, 0xfc, 0x65, 0x0, 0xc, 0x80, 0x28, 0x3,
    0xff, 0x8c, 0x60, 0x3, 0x70, 0x1, 0x80, 0x7f,
    0xf1, 0x90, 0x0, 0x64, 0x2, 0x1, 0xff, 0xc7,
    0xb0, 0x6, 0x8, 0x8, 0x80, 0x3f, 0xf8, 0xb4,
    0x40, 0x2a, 0x80, 0xd, 0x10, 0xf, 0xfe, 0x8,
    0xbf, 0x28, 0x2, 0xc2, 0x40, 0x7, 0xf0, 0x60,
    0x1f, 0x1a, 0xce, 0x74, 0x8, 0x2, 0x94, 0xe,
    0x80, 0x2, 0xf9, 0xfb, 0x98, 0xde, 0xfc, 0xa6,
    0x30, 0x9, 0x35, 0x40, 0x25, 0xc3, 0x0, 0xc4,
    0x66, 0x21, 0x0, 0xe2, 0x7d, 0xb2, 0x0, 0xe3,
    0xcd, 0x85, 0x21, 0x0, 0x88, 0xda, 0x2f, 0xb6,
    0x8, 0x3, 0xf8, 0x9e, 0xb7, 0xbf, 0xed, 0xc9,
    0x74, 0x10, 0xf, 0xff, 0xa, 0xa8, 0x40, 0x3f,
    0xf9, 0x43, 0x54, 0x20, 0xf, 0xfe, 0xd0,

    /* U+0629 "ة" */
    0x0, 0x2a, 0x84, 0x4a, 0xa0, 0xf, 0xd, 0x51,
    0x4a, 0xa8, 0x40, 0x1f, 0xfc, 0x61, 0xff, 0x21,
    0xff, 0x88, 0x3, 0xff, 0xa8, 0xdb, 0xfd, 0x4a,
    0x1, 0xe6, 0x92, 0x1, 0x5a, 0xd3, 0x0, 0x86,
    0x40, 0x2, 0x20, 0x1, 0x62, 0x80, 0x18, 0x0,
    0x9d, 0xcd, 0x40, 0x5, 0x28, 0x60, 0x3, 0xc0,
    0x5, 0x70, 0x0, 0xb0, 0x70, 0x2, 0x80, 0x67,
    0x50, 0x15, 0x10, 0x0, 0x80, 0x77, 0x80, 0x8,
    0x40, 0x2, 0x1, 0xda, 0x0, 0x15, 0x0, 0x40,
    0x6, 0x67, 0x0, 0x25, 0x0, 0x1b, 0x66, 0xba,
    0x40, 0xc, 0x46, 0xe0, 0x2, 0x65, 0x10, 0x3,
    0xc8, 0x2, 0x2d, 0x44, 0x5, 0x27, 0xa0, 0x0,

    /* U+062A "ت" */
    0x0, 0xfc, 0x3f, 0xe4, 0x2f, 0xf1, 0x80, 0x7f,
    0xf6, 0x84, 0x3, 0x86, 0xa8, 0xa5, 0x54, 0x20,
    0xf, 0x27, 0xf9, 0xcf, 0xfa, 0x40, 0x39, 0x54,
    0x20, 0xaa, 0x10, 0xf, 0x28, 0x3, 0xa4, 0x1,
    0x60, 0x1f, 0xfc, 0x63, 0x0, 0x1b, 0x80, 0x8,
    0x3, 0xff, 0x8c, 0x80, 0x3, 0x20, 0x10, 0xf,
    0xfe, 0x3d, 0x80, 0x3c, 0x40, 0x44, 0x1, 0xff,
    0xc5, 0xa2, 0x1, 0x64, 0x0, 0x68, 0x80, 0x7f,
    0xf0, 0x45, 0xb5, 0x40, 0x16, 0x10, 0x0, 0x3f,
    0x83, 0x0, 0xf8, 0x96, 0x33, 0xa4, 0x80, 0x12,
    0xa0, 0x54, 0x0, 0x17, 0xcf, 0xdc, 0xc6, 0xf7,
    0xed, 0x39, 0x80, 0x49, 0xac, 0x1, 0x2e, 0x20,
    0x6, 0x23, 0x31, 0x8, 0x7, 0x13, 0xed, 0x90,
    0x7, 0x1d, 0xec, 0x29, 0x8, 0x4, 0x46, 0xd1,
    0x7d, 0xb0, 0x40, 0x1c,

    /* U+062B "ث" */
    0x0, 0xff, 0xf, 0xf8, 0xc0, 0x3f, 0xfc, 0x83,
    0x54, 0x20, 0xf, 0xfe, 0x5a, 0xa8, 0x40, 0x3f,
    0xf9, 0x3, 0xfe, 0x42, 0xff, 0x18, 0x7, 0xff,
    0x68, 0x40, 0x38, 0x6a, 0x8a, 0x55, 0x42, 0x0,
    0xf2, 0x7f, 0x9c, 0xff, 0xa4, 0x3, 0x95, 0x42,
    0xa, 0xa1, 0x0, 0xf2, 0x80, 0x3a, 0x40, 0x16,
    0x1, 0xff, 0xc6, 0x30, 0x1, 0xb8, 0x0, 0x80,
    0x3f, 0xf8, 0xc8, 0x0, 0x32, 0x1, 0x0, 0xff,
    0xe3, 0xd8, 0x3, 0xc4, 0x4, 0x40, 0x1f, 0xfc,
    0x5a, 0x20, 0x16, 0x40, 0x6, 0x88, 0x7, 0xff,
    0x4, 0x5b, 0x54, 0x1, 0x61, 0x0, 0x3, 0xf8,
    0x30, 0xf, 0x89, 0x63, 0x3a, 0x48, 0x1, 0x2a,
    0x5, 0x40, 0x1, 0x7c, 0xfd, 0xcc, 0x6f, 0x7e,
    0xd3, 0x98, 0x4, 0x9a, 0xc0, 0x12, 0xe2, 0x0,
    0x62, 0x33, 0x10, 0x80, 0x71, 0x3e, 0xd9, 0x0,
    0x71, 0xde, 0xc2, 0x90, 0x80, 0x44, 0x6d, 0x17,
    0xdb, 0x4, 0x1, 0xc0,

    /* U+062C "ج" */
    0x3, 0x69, 0xcd, 0xff, 0xdd, 0xb7, 0x2a, 0x20,
    0x14, 0x64, 0xb1, 0x90, 0x6, 0x12, 0x46, 0xa6,
    0x0, 0xf8, 0x4d, 0xc, 0x3, 0xfe, 0xe8, 0xcf,
    0xec, 0x23, 0x0, 0x8d, 0xa6, 0x98, 0x2, 0x67,
    0x30, 0x2d, 0x60, 0x3, 0x6e, 0x4b, 0x28, 0x80,
    0x78, 0x70, 0x80, 0xf6, 0x48, 0x3, 0xfe, 0xd1,
    0x5, 0xc2, 0x0, 0xff, 0xe0, 0x39, 0x82, 0x50,
    0x7, 0xff, 0xa, 0x40, 0x14, 0x1, 0xff, 0xc2,
    0x51, 0x6, 0x10, 0xf, 0xfe, 0x17, 0x80, 0x28,
    0x3, 0x91, 0x48, 0x3, 0xe6, 0x0, 0x10, 0x7,
    0x55, 0x14, 0x3, 0xe1, 0x0, 0x8, 0x7, 0xff,
    0xc, 0x40, 0x2, 0x1, 0xdd, 0xee, 0x1, 0xf2,
    0x80, 0x10, 0x3, 0xff, 0x87, 0xa0, 0x8, 0x0,
    0xff, 0xe1, 0xa1, 0x1, 0x58, 0x7, 0xff, 0x0,
    0x80, 0x1c, 0x0, 0x4e, 0x61, 0x0, 0xf0, 0xb6,
    0xc0, 0x0, 0xec, 0x0, 0x33, 0xdb, 0x75, 0x35,
    0xbd, 0x24, 0x1, 0x93, 0x54, 0x2, 0x24, 0x56,
    0x52, 0x0, 0xb0, 0x3, 0x15, 0x6c, 0xa9, 0x8,
    0x4, 0x4b, 0x3c, 0xc0,

    /* U+062D "ح" */
    0x0, 0x9, 0xb3, 0xcc, 0xe8, 0x75, 0x30, 0xe,
    0x6d, 0xec, 0x98, 0x66, 0xcf, 0x15, 0x9e, 0xa0,
    0x17, 0x10, 0x7, 0xff, 0x4, 0x80, 0x30, 0xb4,
    0xde, 0xe2, 0x0, 0x71, 0xa1, 0x80, 0x53, 0xd2,
    0xc8, 0xb8, 0x80, 0x6, 0xcf, 0xcb, 0x40, 0x8,
    0x40, 0x28, 0x80, 0x1, 0xbe, 0x4c, 0x3, 0xfc,
    0xce, 0x0, 0xb9, 0x0, 0xff, 0xe0, 0x14, 0x80,
    0x31, 0x0, 0x3f, 0xf8, 0x32, 0x0, 0x83, 0x0,
    0xff, 0xe0, 0x92, 0x1, 0x38, 0x7, 0xff, 0x9,
    0x40, 0x14, 0x1, 0xff, 0xc3, 0xc0, 0x2, 0x80,
    0x7f, 0xf0, 0xdc, 0x0, 0x40, 0x1f, 0xfd, 0x67,
    0x0, 0x10, 0x7, 0xff, 0xc, 0xc0, 0x8, 0x1,
    0xff, 0xc3, 0xb0, 0x4, 0x0, 0x7f, 0xf0, 0xcc,
    0xc0, 0x38, 0x20, 0x1f, 0xf1, 0x0, 0x38, 0x0,
    0x7e, 0xe2, 0x1, 0xe1, 0x7d, 0x80, 0x1, 0x60,
    0x80, 0xc7, 0x6d, 0xd4, 0xd6, 0xf4, 0x10, 0x6,
    0x3f, 0x60, 0x8, 0x91, 0x59, 0x48, 0x2, 0xc0,
    0xc, 0x33, 0xd2, 0xc6, 0x20, 0x11, 0x2c, 0xf3,
    0x0,

    /* U+062E "خ" */
    0x0, 0xf9, 0x54, 0x20, 0x1f, 0xfc, 0x4a, 0xa2,
    0x0, 0x7f, 0xf5, 0xff, 0xca, 0x1, 0xff, 0xd2,
    0x13, 0x67, 0x99, 0xd0, 0xea, 0x60, 0x1c, 0xdb,
    0xd9, 0x30, 0xcd, 0x9e, 0x2b, 0x3d, 0x40, 0x2e,
    0x20, 0xf, 0xfe, 0x9, 0x0, 0x61, 0x69, 0xbd,
    0xc4, 0x0, 0xe3, 0x43, 0x0, 0xa7, 0xa5, 0x91,
    0x71, 0x0, 0xd, 0x9f, 0x96, 0x80, 0x10, 0x80,
    0x51, 0x0, 0x3, 0x7c, 0x98, 0x7, 0xf9, 0x9c,
    0x1, 0x72, 0x1, 0xff, 0xc0, 0x29, 0x0, 0x62,
    0x0, 0x7f, 0xf0, 0x64, 0x1, 0x6, 0x1, 0xff,
    0xc1, 0x24, 0x2, 0x70, 0xf, 0xfe, 0x12, 0x80,
    0x28, 0x3, 0xff, 0x87, 0x80, 0x5, 0x0, 0xff,
    0xe1, 0xb8, 0x0, 0x80, 0x3f, 0xfa, 0xce, 0x0,
    0x20, 0xf, 0xfe, 0x19, 0x80, 0x10, 0x3, 0xff,
    0x87, 0x60, 0x8, 0x0, 0xff, 0xe1, 0x99, 0x80,
    0x70, 0x40, 0x3f, 0xe2, 0x0, 0x70, 0x0, 0xfd,
    0xc4, 0x3, 0xc2, 0xfb, 0x0, 0x2, 0xc1, 0x1,
    0x8e, 0xdb, 0xa9, 0xad, 0xe8, 0x20, 0xc, 0x7e,
    0xc0, 0x11, 0x22, 0xb2, 0x90, 0x5, 0x80, 0x18,
    0x67, 0xa5, 0x8c, 0x40, 0x22, 0x59, 0xe6,

    /* U+062F "د" */
    0x0, 0xd5, 0xfe, 0xc0, 0xf, 0xd4, 0xc0, 0x78,
    0x1, 0xfa, 0x50, 0xe, 0x0, 0x3f, 0x50, 0x83,
    0x98, 0x7, 0xc3, 0x0, 0x9, 0x0, 0xfc, 0xc0,
    0x5, 0x10, 0xf, 0xca, 0x0, 0x50, 0xf, 0xc6,
    0x0, 0x20, 0xf, 0xc4, 0x0, 0x30, 0xf, 0x91,
    0x0, 0x4, 0x4, 0x0, 0x86, 0x2c, 0x0, 0x82,
    0x17, 0xfd, 0xbc, 0xe0, 0x14, 0x80, 0x61, 0x20,
    0x8, 0xb0, 0x80, 0xe, 0x40, 0x1, 0x5a, 0xd3,
    0x0, 0x0,

    /* U+0630 "ذ" */
    0x0, 0xca, 0xa2, 0x0, 0xfe, 0xba, 0x40, 0xf,
    0xfe, 0x4f, 0x7b, 0x0, 0x7f, 0xf5, 0x67, 0xb9,
    0x40, 0x1f, 0xa5, 0x45, 0x6c, 0x3, 0xf5, 0x98,
    0x23, 0x80, 0x7e, 0xd0, 0x4, 0x10, 0x7, 0xc3,
    0x0, 0x8, 0x0, 0xfc, 0xe0, 0x5, 0x0, 0xfe,
    0x40, 0x2, 0x0, 0x7e, 0x20, 0x1, 0x0, 0x7e,
    0x20, 0x1, 0x80, 0x7c, 0x88, 0x0, 0x38, 0x20,
    0x4, 0x31, 0x60, 0x4, 0x20, 0xbf, 0xed, 0xe7,
    0x0, 0xa4, 0x3, 0x9, 0x0, 0x45, 0x84, 0x0,
    0x72, 0x0, 0xa, 0xd6, 0x98, 0x0,

    /* U+0631 "ر" */
    0x0, 0xff, 0xe0, 0x3c, 0x30, 0x7, 0xff, 0x6,
    0x9e, 0x44, 0x3, 0xff, 0x80, 0xa0, 0x4, 0x0,
    0xff, 0xe0, 0x70, 0x0, 0x80, 0x3f, 0xf8, 0x6,
    0x0, 0xf0, 0xf, 0xfe, 0x1f, 0x80, 0x7f, 0xf0,
    0x8, 0x0, 0x20, 0x1f, 0xfc, 0xc, 0x0, 0x28,
    0x7, 0xfc, 0x28, 0x0, 0x30, 0xf, 0xfa, 0xc0,
    0xa, 0x1, 0xff, 0x3a, 0x80, 0x24, 0x3, 0xfd,
    0x30, 0x0, 0x53, 0x0, 0xfc, 0xba, 0xc0, 0x3,
    0xa0, 0xe, 0x14, 0x8d, 0xa2, 0x0, 0x2e, 0x80,
    0x49, 0xdf, 0xd6, 0xe4, 0x0, 0x1a, 0xa0, 0x80,
    0x42, 0x20, 0xe, 0x39, 0xe5, 0x0, 0xf8, 0x4d,
    0xa7, 0xb1, 0x80, 0x3e,

    /* U+0632 "ز" */
    0x0, 0xff, 0x85, 0x54, 0x1, 0xff, 0xc1, 0x2a,
    0xa0, 0x80, 0x7f, 0xf4, 0xf, 0xfc, 0x20, 0x1f,
    0xfe, 0x12, 0x20, 0x80, 0x7f, 0xf0, 0x73, 0x7c,
    0x3, 0xff, 0x82, 0xe0, 0x28, 0x1, 0xff, 0xc0,
    0xe0, 0x1, 0x0, 0x7f, 0xf0, 0x8, 0x1, 0xc0,
    0x1f, 0xfd, 0x3, 0x0, 0x78, 0x7, 0xff, 0x3,
    0x0, 0x6, 0x1, 0xff, 0xc0, 0x40, 0x2, 0x0,
    0x7f, 0xd2, 0x20, 0x80, 0x1f, 0xf3, 0x30, 0x1,
    0xe0, 0x1f, 0xe8, 0x90, 0x2, 0x20, 0x3, 0xf2,
    0x63, 0x80, 0xa, 0xc0, 0x38, 0x52, 0x36, 0xcc,
    0x0, 0x98, 0x1, 0x27, 0x7f, 0x5b, 0x90, 0x0,
    0x66, 0xc4, 0x2, 0x11, 0x0, 0x71, 0xcf, 0x30,
    0x7, 0xc2, 0x6d, 0x3b, 0x8c, 0x1, 0xf0,

    /* U+0633 "س" */
    0x0, 0xff, 0xe9, 0xbf, 0xf9, 0x80, 0x3f, 0xfc,
    0xbb, 0xfe, 0x0, 0xf4, 0xff, 0x90, 0x3, 0xff,
    0x94, 0xa0, 0x3, 0x0, 0xe3, 0x0, 0x8, 0x7,
    0xff, 0x2b, 0x0, 0x8, 0x1, 0xc2, 0x1, 0xff,
    0xcd, 0x40, 0x5, 0x80, 0x73, 0x0, 0x8, 0x3,
    0x78, 0x6, 0x9f, 0xf2, 0x0, 0x7f, 0x88, 0xc,
    0x80, 0x21, 0x20, 0x5, 0x80, 0x62, 0x0, 0x18,
    0xb0, 0x12, 0x0, 0x7f, 0x98, 0x1, 0x0, 0x14,
    0x80, 0x46, 0xa0, 0x12, 0x0, 0x1d, 0xc0, 0x5,
    0x0, 0xff, 0xe1, 0x2d, 0xab, 0xb8, 0x3, 0x54,
    0x2d, 0x88, 0x11, 0x30, 0x1, 0x60, 0x1f, 0xf3,
    0x80, 0x49, 0x50, 0x0, 0x81, 0x0, 0x3d, 0x20,
    0x2, 0x1, 0xc0, 0x6, 0x1, 0xff, 0x18, 0x7,
    0xc2, 0xf4, 0x1, 0xe7, 0x50, 0x30, 0x10, 0xf,
    0xf9, 0x0, 0x5, 0x4, 0x0, 0x4c, 0x4, 0xd4,
    0x0, 0x1d, 0x40, 0x0, 0x40, 0x3f, 0xf8, 0x30,
    0x0, 0x47, 0xdf, 0xf5, 0x90, 0x0, 0xaf, 0xfd,
    0x8a, 0x1, 0x8, 0x8, 0x7, 0xfa, 0xc, 0x1,
    0x40, 0x1f, 0xfc, 0x55, 0x0, 0x38, 0x7, 0xe7,
    0x70, 0x1, 0xc, 0x3, 0xff, 0x8b, 0xa0, 0x8,
    0x93, 0x0, 0x85, 0x72, 0x0, 0x5, 0x40, 0x1f,
    0xfc, 0x66, 0x20, 0x3, 0x67, 0xfd, 0xd4, 0x60,
    0x2, 0xc1, 0x0, 0xff, 0xe3, 0xe1, 0x80, 0x7f,
    0x9f, 0x44, 0x3, 0xff, 0x90, 0x39, 0x6c, 0x62,
    0x0, 0x13, 0x8e, 0x80, 0xf, 0xfe, 0x48,

    /* U+0634 "ش" */
    0x0, 0xff, 0xe3, 0x92, 0xa0, 0x7, 0xff, 0x52,
    0xa9, 0x20, 0x1f, 0xff, 0x78, 0xfd, 0x0, 0xff,
    0xe9, 0x12, 0xa0, 0x1a, 0xa0, 0x7, 0xff, 0x41,
    0x6a, 0x81, 0x54, 0x80, 0xf, 0xff, 0x9b, 0xff,
    0x4, 0xfe, 0x0, 0x7c, 0x26, 0x61, 0x0, 0xff,
    0xe9, 0xb6, 0x61, 0xc0, 0x3f, 0xfc, 0xb7, 0xba,
    0x0, 0xf4, 0x6e, 0x90, 0x3, 0xff, 0x94, 0x45,
    0x18, 0x7, 0x9, 0x10, 0x40, 0x3f, 0xf9, 0x5a,
    0x0, 0x40, 0xe, 0x20, 0xf, 0xfe, 0x6a, 0x0,
    0x2c, 0x3, 0x98, 0x0, 0x40, 0x1b, 0xc0, 0x34,
    0xff, 0x90, 0x3, 0xfc, 0x40, 0x62, 0x1, 0x9,
    0x0, 0x2c, 0x3, 0x10, 0x0, 0xc5, 0x80, 0x90,
    0x3, 0xfc, 0x20, 0xb, 0x0, 0x98, 0x2, 0x35,
    0x0, 0x90, 0x0, 0xee, 0x0, 0x28, 0x7, 0xfc,
    0xe0, 0x5, 0xb5, 0x78, 0x0, 0xd5, 0xb, 0x62,
    0x4, 0x4c, 0x0, 0x58, 0x7, 0xfc, 0xe0, 0x12,
    0x54, 0x0, 0x20, 0x40, 0xf, 0x48, 0x0, 0x80,
    0x70, 0x1, 0x80, 0x7f, 0xc4, 0x1, 0xf0, 0xbd,
    0x0, 0x79, 0xd4, 0xc, 0x4, 0x3, 0xfe, 0x41,
    0x2, 0x82, 0x0, 0x26, 0x2, 0x6a, 0x0, 0xe,
    0xe0, 0x0, 0x20, 0x1f, 0xfc, 0x18, 0x0, 0x23,
    0xef, 0xfa, 0xc8, 0x0, 0x57, 0xfe, 0xc4, 0x0,
    0x84, 0x4, 0x3, 0xfc, 0xe6, 0x0, 0xa0, 0xf,
    0xfe, 0x2a, 0x80, 0x1c, 0x3, 0xf3, 0xc0, 0x1,
    0xc, 0x3, 0xff, 0x8b, 0xa0, 0x8, 0x93, 0x0,
    0x85, 0x72, 0x0, 0x5, 0x40, 0x1f, 0xfc, 0x66,
    0x20, 0x3, 0x67, 0xfd, 0xd4, 0x60, 0x2, 0xc1,
    0x0, 0xff, 0xe3, 0xe1, 0x80, 0x7f, 0x9f, 0x44,
    0x3, 0xff, 0x90, 0x39, 0x6c, 0x62, 0x0, 0x13,
    0x8e, 0x80, 0xf, 0xfe, 0x48,

    /* U+0635 "ص" */
    0x0, 0xff, 0xe6, 0x94, 0x55, 0x25, 0x44, 0x3,
    0xff, 0x9c, 0x55, 0xae, 0xaa, 0x6a, 0xe7, 0x0,
    0xff, 0xe6, 0x36, 0xa8, 0x7, 0xd0, 0xc0, 0x1f,
    0xfc, 0xa9, 0x90, 0x0, 0xab, 0xfd, 0xac, 0x0,
    0x80, 0xf, 0xfe, 0x18, 0x90, 0x80, 0x54, 0xc0,
    0x8, 0xd5, 0x0, 0x14, 0x98, 0x9, 0x0, 0x7f,
    0xf0, 0xb7, 0x58, 0x0, 0xa5, 0x0, 0x5b, 0x80,
    0x79, 0x80, 0xc, 0x9, 0x32, 0x30, 0xf, 0xe5,
    0x2, 0x23, 0xa8, 0xe, 0xa0, 0x7, 0x89, 0x0,
    0xc, 0x12, 0xcc, 0x20, 0xf, 0xee, 0x0, 0x7c,
    0x0, 0x34, 0x80, 0x3c, 0xda, 0x20, 0x44, 0x32,
    0x5, 0x10, 0xf, 0xe1, 0x0, 0x10, 0x2, 0x8c,
    0x3, 0x1b, 0xec, 0x80, 0x52, 0x16, 0x0, 0xf0,
    0xf, 0xf1, 0x80, 0x75, 0xf7, 0x5f, 0xec, 0x82,
    0x0, 0xd, 0xa0, 0x18, 0x1, 0xc0, 0x3f, 0xc6,
    0x1, 0xc2, 0x38, 0x3, 0xcf, 0xe8, 0x0, 0x50,
    0x1, 0x0, 0x7f, 0xb8, 0x0, 0xe8, 0x1, 0xe1,
    0x36, 0xaf, 0x81, 0x0, 0xe1, 0x0, 0xff, 0x8c,
    0x1, 0x97, 0xff, 0xee, 0xc9, 0x50, 0xf, 0x8,
    0x7, 0xff, 0x5, 0x0, 0xa, 0x1, 0xff, 0xc5,
    0x10, 0x11, 0x0, 0x7f, 0x40, 0x0, 0x84, 0x3,
    0xff, 0x8a, 0x80, 0x9, 0x0, 0xfd, 0xe, 0x0,
    0xb0, 0xf, 0xfe, 0x37, 0x80, 0x1e, 0x94, 0x80,
    0x4, 0xfa, 0xe0, 0x3, 0x60, 0xf, 0xfe, 0x32,
    0xa0, 0x1, 0x6b, 0x7f, 0xdb, 0x4, 0x0, 0x3d,
    0x0, 0xff, 0xe4, 0x5a, 0x80, 0x7f, 0xc, 0x60,
    0x80, 0x7f, 0xf2, 0x6b, 0x1d, 0x8, 0x44, 0x4b,
    0x3c, 0xe0, 0x1f, 0xfc, 0x90,

    /* U+0636 "ض" */
    0x0, 0xff, 0xe2, 0x8f, 0xf9, 0x0, 0x3f, 0xfe,
    0xc3, 0x54, 0x50, 0xf, 0xfe, 0xa2, 0xa8, 0x40,
    0x31, 0x45, 0x52, 0x54, 0x40, 0x3f, 0xf9, 0xc5,
    0x5a, 0xea, 0xa6, 0xae, 0x70, 0xf, 0xfe, 0x63,
    0x6a, 0x80, 0x7d, 0xc, 0x1, 0xff, 0xca, 0x99,
    0x0, 0xa, 0xbf, 0xda, 0xc0, 0x8, 0x0, 0xff,
    0xe1, 0x89, 0x8, 0x5, 0x4c, 0x0, 0x8d, 0x50,
    0x1, 0x49, 0x80, 0x90, 0x7, 0xff, 0xb, 0x75,
    0x80, 0xa, 0x50, 0x5, 0xb8, 0x7, 0x98, 0x0,
    0xc0, 0x93, 0x23, 0x0, 0xfe, 0x50, 0x22, 0x3a,
    0x80, 0xea, 0x0, 0x78, 0x90, 0x0, 0xc1, 0x2c,
    0xc2, 0x0, 0xfe, 0xe0, 0x7, 0xc0, 0x3, 0x48,
    0x3, 0xcd, 0xa2, 0x4, 0x43, 0x20, 0x51, 0x0,
    0xfe, 0x10, 0x1, 0x0, 0x28, 0xc0, 0x31, 0xbe,
    0xc8, 0x5, 0x21, 0x60, 0xf, 0x0, 0xff, 0x18,
    0x7, 0x5f, 0x75, 0xfe, 0xc8, 0x20, 0x0, 0xda,
    0x1, 0x80, 0x1c, 0x3, 0xfc, 0x60, 0x1c, 0x23,
    0x80, 0x3c, 0xfe, 0x80, 0x5, 0x0, 0x10, 0x7,
    0xfb, 0x80, 0xe, 0x80, 0x1e, 0x13, 0x6a, 0xf8,
    0x10, 0xe, 0x10, 0xf, 0xf8, 0xc0, 0x19, 0x7f,
    0xfe, 0xec, 0x95, 0x0, 0xf0, 0x80, 0x7f, 0xf0,
    0x50, 0x0, 0xa0, 0x1f, 0xfc, 0x51, 0x1, 0x10,
    0x7, 0xf4, 0x0, 0x8, 0x40, 0x3f, 0xf8, 0xa8,
    0x0, 0x90, 0xf, 0xd0, 0xe0, 0xb, 0x0, 0xff,
    0xe3, 0x78, 0x1, 0xe9, 0x48, 0x0, 0x4f, 0xae,
    0x0, 0x36, 0x0, 0xff, 0xe3, 0x2a, 0x0, 0x16,
    0xb7, 0xfd, 0xb0, 0x40, 0x3, 0xd0, 0xf, 0xfe,
    0x45, 0xa8, 0x7, 0xf0, 0xc6, 0x8, 0x7, 0xff,
    0x26, 0xb1, 0xd0, 0x84, 0x44, 0xb3, 0xce, 0x1,
    0xff, 0xc9,

    /* U+0637 "ط" */
    0x0, 0xf7, 0xfb, 0x40, 0x3f, 0xff, 0xe0, 0x1f,
    0xff, 0xf0, 0xf, 0xff, 0xf8, 0x7, 0xff, 0xfc,
    0x3, 0xff, 0x8e, 0x4f, 0x54, 0x96, 0x10, 0xf,
    0xfe, 0x29, 0xd6, 0xc2, 0xa9, 0xa7, 0xa0, 0x3,
    0xff, 0x86, 0xf8, 0xa0, 0x1f, 0x3c, 0x0, 0x7f,
    0xf0, 0x6e, 0x0, 0x3, 0x3d, 0xfa, 0xe0, 0x7,
    0x10, 0xf, 0xfa, 0xd0, 0x0, 0xbc, 0xc2, 0x5,
    0xa, 0x0, 0x50, 0xf, 0xf5, 0x20, 0x2, 0x28,
    0x3, 0xda, 0x0, 0x20, 0xf, 0xe6, 0x50, 0x5,
    0x38, 0x7, 0x86, 0x80, 0x6, 0x1, 0xf8, 0xa4,
    0x1, 0x2a, 0x1, 0xe5, 0xf2, 0x0, 0x20, 0x7,
    0xfc, 0xec, 0x1, 0x8d, 0xf6, 0x84, 0x1, 0x23,
    0x5d, 0xdc, 0x1, 0xcd, 0xdd, 0xbf, 0x20, 0x80,
    0x29, 0x60, 0x61, 0x1e, 0x0, 0xe1, 0x1e, 0x0,
    0xe5, 0xd6, 0x0, 0xff, 0xe3, 0x9, 0xac, 0xf5,
    0x10, 0x4,

    /* U+0638 "ظ" */
    0x0, 0xf7, 0xfb, 0x40, 0x3f, 0xff, 0xe0, 0x1f,
    0xff, 0xf0, 0xf, 0xff, 0x92, 0x29, 0x80, 0x7f,
    0xf2, 0xe2, 0xa8, 0x1, 0xff, 0xe5, 0xcf, 0x90,
    0xf, 0xfe, 0x71, 0x3d, 0x52, 0x58, 0x40, 0x3f,
    0xf8, 0xa7, 0x5b, 0xa, 0xa6, 0x9e, 0x80, 0xf,
    0xfe, 0x1b, 0xe2, 0x80, 0x7c, 0xf0, 0x1, 0xff,
    0xc1, 0xb8, 0x0, 0xc, 0xf7, 0xeb, 0x80, 0x1c,
    0x40, 0x3f, 0xeb, 0x40, 0x2, 0xf3, 0x8, 0x14,
    0x28, 0x1, 0x40, 0x3f, 0xd4, 0x80, 0x8, 0xa0,
    0xf, 0x68, 0x0, 0x80, 0x3f, 0x99, 0x40, 0x14,
    0xe0, 0x1e, 0x1a, 0x0, 0x18, 0x7, 0xe2, 0x90,
    0x4, 0xa8, 0x7, 0x97, 0xc8, 0x0, 0x80, 0x1f,
    0xf3, 0xb0, 0x6, 0x37, 0xda, 0x10, 0x4, 0x8d,
    0x77, 0x70, 0x7, 0x37, 0x76, 0xfc, 0x82, 0x0,
    0xa5, 0x81, 0x84, 0x78, 0x3, 0x84, 0x78, 0x3,
    0x97, 0x58, 0x3, 0xff, 0x8c, 0x26, 0xb3, 0xd4,
    0x40, 0x10,

    /* U+0639 "ع" */
    0x0, 0xf8, 0xda, 0x24, 0xc0, 0x3f, 0xe7, 0xec,
    0x97, 0x66, 0x0, 0x7f, 0xae, 0x4, 0x3, 0xff,
    0x85, 0x48, 0x0, 0x6b, 0xef, 0x50, 0xf, 0xc6,
    0xa0, 0x7d, 0x28, 0x20, 0x1f, 0xea, 0x0, 0x78,
    0x80, 0x7f, 0xf0, 0x48, 0x0, 0x60, 0x1f, 0x1a,
    0x0, 0x70, 0x80, 0x10, 0x2, 0x38, 0xdf, 0xca,
    0x0, 0xec, 0x0, 0x5d, 0x4e, 0xe3, 0x90, 0x7,
    0xe6, 0x50, 0x2, 0xb1, 0x0, 0x42, 0x8c, 0x1,
    0xea, 0x70, 0xc, 0x2f, 0x9d, 0x70, 0x1, 0xe9,
    0x70, 0x0, 0xcf, 0x41, 0x80, 0x7e, 0x96, 0x0,
    0x37, 0x30, 0x7, 0xf9, 0x18, 0x1, 0x32, 0x0,
    0xff, 0xe0, 0x40, 0x1, 0xd8, 0x3, 0xff, 0x82,
    0x60, 0x9, 0x0, 0xff, 0xe0, 0x90, 0x0, 0xc4,
    0x3, 0xff, 0x88, 0xe0, 0x1f, 0xfc, 0x23, 0x0,
    0x38, 0x7, 0xff, 0x8, 0x44, 0x6, 0x20, 0x1f,
    0xfc, 0x26, 0x0, 0x68, 0x80, 0x7f, 0xc6, 0x12,
    0x20, 0x7e, 0xe2, 0x1, 0xf3, 0x67, 0x80, 0xe8,
    0x80, 0xc7, 0x6d, 0xd4, 0xd6, 0x7c, 0x98, 0x4,
    0x7e, 0xc0, 0x11, 0x22, 0xb2, 0x98, 0x4, 0x80,
    0x10, 0xcf, 0x4b, 0x18, 0x80, 0x42, 0x91, 0xb0,

    /* U+063A "غ" */
    0x0, 0xc5, 0xfe, 0x30, 0xf, 0xfe, 0xa1, 0x55,
    0x8, 0x3, 0xff, 0x86, 0xaa, 0x10, 0xf, 0xfe,
    0x29, 0xb4, 0x49, 0x80, 0x7f, 0xcf, 0xd9, 0x2e,
    0xcc, 0x0, 0xff, 0x5c, 0x8, 0x7, 0xff, 0xa,
    0x90, 0x0, 0xd7, 0xde, 0xa0, 0x1f, 0x8d, 0x40,
    0xfa, 0x50, 0x40, 0x3f, 0xd4, 0x0, 0xf1, 0x0,
    0xff, 0xe0, 0x90, 0x0, 0xc0, 0x3e, 0x34, 0x0,
    0xe1, 0x0, 0x20, 0x4, 0x71, 0xbf, 0x94, 0x1,
    0xd8, 0x0, 0xba, 0x9d, 0xc7, 0x20, 0xf, 0xcc,
    0xa0, 0x5, 0x62, 0x0, 0x85, 0x18, 0x3, 0xd4,
    0xe0, 0x18, 0x5f, 0x3a, 0xe0, 0x3, 0xd2, 0xe0,
    0x1, 0x9e, 0x83, 0x0, 0xfd, 0x2c, 0x0, 0x6e,
    0x60, 0xf, 0xf2, 0x30, 0x2, 0x64, 0x1, 0xff,
    0xc0, 0x80, 0x3, 0xb0, 0x7, 0xff, 0x4, 0xc0,
    0x12, 0x1, 0xff, 0xc1, 0x20, 0x1, 0x88, 0x7,
    0xff, 0x11, 0xc0, 0x3f, 0xf8, 0x46, 0x0, 0x70,
    0xf, 0xfe, 0x10, 0x88, 0xc, 0x40, 0x3f, 0xf8,
    0x4c, 0x0, 0xd1, 0x0, 0xff, 0x8c, 0x24, 0x40,
    0xfd, 0xc4, 0x3, 0xe6, 0xcf, 0x1, 0xd1, 0x1,
    0x8e, 0xdb, 0xa9, 0xac, 0xf9, 0x30, 0x8, 0xfd,
    0x80, 0x22, 0x45, 0x65, 0x30, 0x9, 0x0, 0x21,
    0x9e, 0x96, 0x31, 0x0, 0x85, 0x23, 0x60,

    /* U+0640 "ـ" */
    0x4e, 0xef, 0xe9, 0x11, 0xff, 0x10, 0x7, 0xfc,

    /* U+0641 "ف" */
    0x0, 0xff, 0xe4, 0x97, 0xf8, 0x80, 0x3f, 0xfd,
    0x45, 0x54, 0x20, 0xf, 0xfe, 0x72, 0xa8, 0x3,
    0xff, 0xd4, 0x53, 0xdf, 0xac, 0x1, 0xff, 0xca,
    0x5d, 0x61, 0x2, 0x99, 0x0, 0x7f, 0xf2, 0xa,
    0x80, 0x3c, 0xce, 0x1, 0xff, 0xc7, 0xa0, 0x0,
    0xdf, 0x38, 0x2, 0x4, 0x3, 0xff, 0x8c, 0x60,
    0xb, 0x41, 0x84, 0x0, 0x20, 0x7, 0xff, 0x19,
    0xc0, 0x2, 0x1, 0x10, 0x0, 0x80, 0x3f, 0xf8,
    0xcc, 0x0, 0xd0, 0x9, 0x0, 0x24, 0xff, 0x48,
    0x7, 0xff, 0xb, 0xc0, 0xd, 0x71, 0x64, 0x0,
    0x1e, 0x0, 0x50, 0x7, 0xff, 0x9, 0x54, 0x0,
    0x47, 0x40, 0x8, 0xd0, 0x0, 0x60, 0x1f, 0xfc,
    0x3a, 0x92, 0x0, 0x23, 0x80, 0x1c, 0x40, 0x40,
    0x3f, 0xf8, 0xad, 0xbf, 0xeb, 0x50, 0x12, 0x10,
    0x12, 0x0, 0xff, 0xe3, 0x96, 0x90, 0x30, 0x20,
    0x3, 0xc8, 0x3, 0xff, 0x88, 0x53, 0xa4, 0x5,
    0x21, 0x0, 0x2, 0xd9, 0x30, 0xf, 0xf1, 0xac,
    0xee, 0x98, 0x0, 0x5e, 0x20, 0x56, 0x1, 0x36,
    0x7f, 0x6e, 0xf7, 0x7f, 0xb2, 0x98, 0x80, 0x26,
    0xd2, 0x0, 0x93, 0x50, 0x3, 0x9, 0x17, 0x8,
    0x7, 0x8e, 0x3a, 0x40, 0x3c, 0x57, 0xd2, 0xa6,
    0x20, 0x18, 0x48, 0xd1, 0xe7, 0x3f, 0x1c, 0x40,
    0x38,

    /* U+0642 "ق" */
    0x0, 0xff, 0xe0, 0x1a, 0x98, 0x22, 0x90, 0x7,
    0xff, 0xe, 0x2a, 0x42, 0x6a, 0x80, 0x1f, 0xfd,
    0x9b, 0xfa, 0xd, 0xf8, 0x0, 0xff, 0xf8, 0x25,
    0xff, 0xb5, 0x40, 0x3f, 0xf8, 0x73, 0x68, 0x0,
    0x2a, 0x60, 0xf, 0xfe, 0xb, 0x30, 0x3, 0xd2,
    0x40, 0x1f, 0xfc, 0xa, 0x0, 0x26, 0xf3, 0x0,
    0x20, 0x3, 0xff, 0x80, 0x40, 0xa, 0x21, 0x92,
    0x5, 0x0, 0xff, 0xe0, 0x8, 0x7, 0xf1, 0x80,
    0x7f, 0xc6, 0x0, 0xa1, 0x5, 0x20, 0x3, 0x0,
    0x7f, 0xd0, 0x0, 0x4e, 0xfa, 0x0, 0x8c, 0xa,
    0xec, 0xe0, 0x1e, 0x49, 0x0, 0xe3, 0x0, 0xca,
    0x88, 0x30, 0xf, 0x9b, 0xaa, 0x27, 0x68, 0x0,
    0x41, 0x60, 0x4, 0x0, 0xfc, 0x2a, 0xec, 0x5e,
    0x0, 0x70, 0x30, 0x40, 0xf, 0xfe, 0x12, 0x0,
    0xc, 0x80, 0x6, 0x1, 0xff, 0xc1, 0x42, 0x4,
    0x6, 0x0, 0x78, 0x7, 0xff, 0x6, 0x40, 0x1a,
    0x2, 0x0, 0xf0, 0xf, 0xfe, 0x4, 0x90, 0x13,
    0x0, 0x80, 0x8, 0x3, 0xfe, 0x76, 0x0, 0x70,
    0x1, 0x80, 0xa, 0x1, 0xfe, 0x88, 0x0, 0x20,
    0xc0, 0x4, 0x40, 0x4, 0x0, 0x7c, 0x78, 0xe0,
    0x7, 0x70, 0x6, 0xb0, 0x3, 0xc0, 0x80, 0x9b,
    0x5e, 0x18, 0x2, 0x20, 0x1, 0xcc, 0xa0, 0x7,
    0xef, 0xec, 0x94, 0x0, 0xd, 0x38, 0x7, 0xd4,
    0xa0, 0x1f, 0xcd, 0xea, 0x1, 0xfd, 0x54, 0x41,
    0x1, 0x25, 0x9e, 0x91, 0x0, 0xf8,

    /* U+0643 "ك" */
    0x0, 0xff, 0xe3, 0x67, 0xf8, 0x40, 0x3f, 0xff,
    0xe0, 0x1f, 0xff, 0x77, 0xdf, 0x40, 0xf, 0xfe,
    0x2e, 0x4d, 0x5a, 0x0, 0x7f, 0xf1, 0x4e, 0xdd,
    0x0, 0x3f, 0xf8, 0xc5, 0xc, 0x40, 0x1f, 0xfc,
    0x6f, 0x48, 0xd2, 0x0, 0xff, 0xe2, 0x94, 0xf8,
    0x30, 0x7, 0xff, 0xc, 0x48, 0x52, 0x81, 0x40,
    0x3f, 0xf8, 0x6d, 0xbd, 0x6d, 0x62, 0x1, 0xff,
    0xc3, 0x7c, 0xbd, 0xd2, 0x0, 0x7f, 0xf1, 0x4d,
    0x8, 0x3, 0xe1, 0x0, 0x8, 0x7, 0xff, 0x18,
    0x80, 0x41, 0x66, 0x46, 0x1, 0xff, 0xc1, 0x40,
    0x1, 0x7, 0x33, 0x0, 0x3f, 0xf8, 0x50, 0x0,
    0xb0, 0xc, 0xa0, 0x1f, 0xf1, 0x61, 0x80, 0x14,
    0xc, 0x1, 0x32, 0x30, 0xf, 0x8e, 0x74, 0xc0,
    0x10, 0x41, 0x4, 0x0, 0x6c, 0xfc, 0xba, 0xa5,
    0xf6, 0x30, 0x5, 0xe, 0x1, 0x6b, 0x0, 0x63,
    0x45, 0x52, 0x8, 0x4, 0x78, 0xe0, 0x1d, 0x3d,
    0x8, 0x42, 0x1, 0x9, 0x23, 0xe6, 0xc, 0x3,
    0x0,

    /* U+0644 "ل" */
    0x0, 0xff, 0xe1, 0xc7, 0xf9, 0x80, 0x3f, 0xff,
    0xe0, 0x1f, 0xff, 0xf0, 0xf, 0xff, 0xf8, 0x7,
    0xff, 0xfc, 0x3, 0xff, 0x94, 0x60, 0x1f, 0xfc,
    0x88, 0x98, 0x0, 0xff, 0x88, 0x0, 0x2a, 0xec,
    0x20, 0x1f, 0xf3, 0x0, 0x1b, 0x0, 0x1a, 0x1,
    0xfe, 0x13, 0x0, 0x11, 0x0, 0xc, 0x1, 0xfe,
    0x60, 0x1, 0x80, 0x7f, 0xf0, 0x8a, 0x0, 0x16,
    0x6, 0x0, 0xb0, 0xf, 0xc9, 0x80, 0x1, 0x70,
    0xb0, 0x3, 0x51, 0x0, 0x42, 0xb7, 0x61, 0x0,
    0x68, 0x0, 0xd8, 0x0, 0xbb, 0xb7, 0x72, 0x90,
    0x0, 0x38, 0x60, 0x14, 0xb8, 0x4, 0x44, 0x10,
    0x8, 0x63, 0x8c, 0x3, 0xa3, 0x5c, 0xc0, 0x2,
    0x6f, 0x7c, 0xe0, 0x1c,

    /* U+0645 "م" */
    0x0, 0xfe, 0x21, 0x0, 0xff, 0xe0, 0x47, 0xef,
    0x6b, 0x0, 0x7f, 0x63, 0x80, 0x45, 0x38, 0x20,
    0x1e, 0xb3, 0x0, 0xf1, 0xd8, 0x7, 0x1a, 0x0,
    0x27, 0xfa, 0x40, 0xa, 0x40, 0x19, 0x0, 0xc,
    0xc0, 0x16, 0x40, 0x3, 0x80, 0x6f, 0x0, 0x78,
    0x6, 0x20, 0x1, 0x0, 0xe, 0x98, 0x1, 0x82,
    0x0, 0x17, 0x0, 0x10, 0x36, 0x28, 0x80, 0x17,
    0xb9, 0x9c, 0x20, 0x4, 0x29, 0x0, 0x12, 0x0,
    0x42, 0x60, 0x15, 0xd, 0x0, 0xf, 0x6f, 0x5c,
    0xc4, 0x5, 0xf9, 0x40, 0xc0, 0x14, 0x0, 0x28,
    0xce, 0xfe, 0x81, 0x0, 0x38, 0x0, 0xc0, 0x3f,
    0xf8, 0x2, 0x1, 0xff, 0xff, 0x0, 0xff, 0xec,
    0x0,

    /* U+0646 "ن" */
    0x0, 0xfb, 0xfc, 0xa0, 0x1f, 0xfd, 0x9a, 0xa2,
    0x0, 0x7f, 0xf1, 0x55, 0x42, 0x1, 0x8b, 0xb9,
    0x40, 0x1f, 0xfc, 0x42, 0x31, 0x53, 0x0, 0xff,
    0xe2, 0x50, 0x2, 0xc0, 0x3f, 0xf8, 0x8a, 0x0,
    0x40, 0x1b, 0xb4, 0x80, 0x7f, 0xc4, 0x0, 0x30,
    0x74, 0x40, 0x7, 0xff, 0x4, 0x80, 0x2e, 0x0,
    0x78, 0x7, 0xff, 0x0, 0x40, 0x2, 0x40, 0x2,
    0x0, 0xff, 0xe0, 0x8, 0x4, 0x20, 0x7, 0x0,
    0xff, 0x84, 0x80, 0x2, 0x20, 0x0, 0x80, 0x7f,
    0xc8, 0x0, 0x30, 0x30, 0x3, 0x0, 0x7f, 0xd2,
    0x0, 0xb0, 0xf0, 0x6, 0x80, 0x7f, 0x94, 0xc0,
    0xc, 0xe, 0x0, 0x64, 0x0, 0xfc, 0x94, 0x0,
    0x81, 0x1, 0x60, 0x5, 0xc9, 0x80, 0x63, 0xab,
    0x0, 0x1b, 0x80, 0x52, 0x60, 0x6, 0xcf, 0xf7,
    0x7e, 0x28, 0x0, 0xf4, 0x3, 0xb1, 0xc0, 0x38,
    0x40, 0x34, 0x60, 0x80, 0x7a, 0x3a, 0x54, 0x80,
    0x2, 0xb3, 0xee, 0x1, 0xc0,

    /* U+0647 "ه" */
    0x0, 0x36, 0xff, 0x52, 0x80, 0x79, 0xa4, 0x80,
    0x56, 0xb4, 0xc0, 0x21, 0x90, 0x0, 0x88, 0x0,
    0x58, 0xa0, 0x6, 0x0, 0x27, 0x73, 0x50, 0x1,
    0x4a, 0x18, 0x0, 0xf0, 0x1, 0x5c, 0x0, 0x2c,
    0x1c, 0x0, 0xa0, 0x19, 0xd4, 0x5, 0x44, 0x0,
    0x20, 0x1d, 0xe0, 0x2, 0x10, 0x0, 0x80, 0x76,
    0x80, 0x5, 0x40, 0x10, 0x1, 0x99, 0xc0, 0x9,
    0x40, 0x6, 0xd9, 0xae, 0x90, 0x3, 0x11, 0xb8,
    0x0, 0x99, 0x44, 0x0, 0xf2, 0x0, 0x8b, 0x51,
    0x1, 0x49, 0xe8, 0x0, 0x0,

    /* U+0648 "و" */
    0x0, 0xff, 0xe5, 0x3e, 0xff, 0x51, 0x0, 0x7e,
    0xc8, 0x20, 0x15, 0xc3, 0x0, 0xf5, 0x18, 0x7,
    0xe, 0x80, 0x70, 0xa8, 0x1, 0xfb, 0x4, 0x5,
    0xc0, 0x32, 0x80, 0xe, 0x4, 0xe8, 0x1, 0x80,
    0x18, 0x40, 0x2, 0x1, 0x20, 0x1, 0x40, 0x33,
    0x80, 0xa, 0x44, 0x0, 0x40, 0x20, 0x18, 0x94,
    0x0, 0xdd, 0xcd, 0x20, 0xf, 0xa8, 0xc0, 0x21,
    0x20, 0x0, 0x80, 0x7b, 0x2d, 0x88, 0x3, 0x10,
    0x7, 0xc9, 0x3b, 0xf6, 0x0, 0x40, 0xf, 0xf0,
    0xc8, 0x3, 0x0, 0x3f, 0x87, 0x48, 0xd, 0x0,
    0x3f, 0x27, 0x98, 0x3, 0xc0, 0x30, 0x9a, 0xc6,
    0xd8, 0x80, 0x2c, 0xc1, 0x7f, 0xdd, 0x94, 0xe4,
    0x0, 0x2c, 0x40, 0xf, 0xf1, 0x46, 0x98, 0x4,
    0x24, 0x43, 0x57, 0xad, 0xd3, 0x80, 0x70,

    /* U+0649 "ى" */
    0x0, 0xff, 0xe0, 0xa3, 0x3a, 0x90, 0x7, 0xff,
    0x4, 0x67, 0xee, 0x62, 0xb6, 0xc8, 0x3, 0xfc,
    0x38, 0xc0, 0x1e, 0x4c, 0x10, 0xf, 0xe8, 0x20,
    0x19, 0xef, 0xc3, 0x1, 0x80, 0xf, 0xe5, 0x0,
    0x6b, 0x8, 0x1e, 0x99, 0x10, 0x3, 0xf9, 0x80,
    0x16, 0x1, 0x87, 0x36, 0xc0, 0x3f, 0xbc, 0x0,
    0xfd, 0x4, 0x1, 0xff, 0xc2, 0x57, 0x0, 0xb,
    0xee, 0x20, 0x4, 0x39, 0x89, 0x0, 0xf4, 0x62,
    0x80, 0x47, 0x72, 0x0, 0x93, 0x36, 0x0, 0x7c,
    0x75, 0xd4, 0xa0, 0x6, 0x60, 0x20, 0x1, 0x40,
    0x3f, 0x85, 0x6a, 0x80, 0xb, 0x2, 0x1, 0x0,
    0xff, 0xe0, 0xb0, 0x0, 0x80, 0x21, 0x0, 0xff,
    0xe0, 0xc0, 0x0, 0xc1, 0x40, 0xe, 0x1, 0xfe,
    0x3c, 0x40, 0x4, 0x87, 0x0, 0x22, 0x4c, 0x2,
    0x13, 0x69, 0xdc, 0x30, 0x3, 0x28, 0x2a, 0x80,
    0xd, 0x9f, 0xdf, 0xd9, 0x2c, 0x40, 0x14, 0xc8,
    0x2, 0xa7, 0x0, 0xc2, 0x1, 0xe2, 0x8f, 0x60,
    0xe, 0x8d, 0x73, 0x10, 0x0, 0xa3, 0x57, 0x6b,
    0x80, 0x70,

    /* U+064A "ي" */
    0x0, 0xff, 0x86, 0x33, 0xbf, 0x65, 0x0, 0x3f,
    0xf8, 0xf, 0xce, 0x62, 0x4, 0xd7, 0x20, 0x1f,
    0xe5, 0x80, 0x1, 0x33, 0xa0, 0x1, 0x94, 0x3,
    0xfb, 0x80, 0xf, 0xb3, 0x17, 0x40, 0x9, 0x0,
    0xfe, 0x70, 0x5, 0x80, 0x65, 0xba, 0x80, 0xf,
    0xe5, 0x0, 0x6b, 0x88, 0x4, 0x8a, 0x80, 0x1f,
    0xd0, 0x20, 0x31, 0xd6, 0x80, 0x1c, 0xaa, 0x40,
    0xe, 0x1f, 0x50, 0x9, 0x2f, 0x4c, 0x0, 0xb5,
    0x4c, 0x0, 0xf0, 0xd6, 0xb9, 0x0, 0xb, 0x8,
    0x38, 0x1, 0x40, 0x1f, 0x8a, 0x37, 0x48, 0x0,
    0x90, 0x60, 0x1, 0x0, 0x7f, 0xc5, 0x20, 0x4,
    0x2, 0x1, 0x0, 0xff, 0xe0, 0xa0, 0x0, 0x40,
    0x80, 0x48, 0x3, 0xfe, 0x59, 0x0, 0x38, 0x28,
    0x3, 0xc8, 0x3, 0xe1, 0x6c, 0xa0, 0x1, 0x40,
    0x48, 0x81, 0x6d, 0xc3, 0x3d, 0x67, 0x72, 0x4c,
    0x0, 0x7e, 0x20, 0x38, 0x40, 0x4, 0x79, 0x85,
    0x31, 0x0, 0x8a, 0x70, 0x80, 0x22, 0xd7, 0x10,
    0xf, 0x8e, 0x33, 0x58, 0x3, 0xe8, 0xed, 0xaa,
    0xaf, 0x7f, 0x1c, 0xc0, 0x3f, 0xe3, 0x0, 0x2a,
    0x9d, 0x40, 0x3f, 0xf8, 0x45, 0x54, 0x25, 0xaa,
    0x8, 0x7, 0xff, 0x44,

    /* U+064B "ً" */
    0x0, 0xfc, 0x46, 0x1, 0xa, 0x3d, 0xfe, 0xd1,
    0xce, 0xf5, 0xc2, 0x1b, 0xd5, 0x18, 0xd6, 0x33,
    0xf2, 0xe, 0xfb, 0x94, 0xe6, 0x6, 0xca, 0x42,
    0x24, 0x8b, 0xfc, 0x9c, 0x6d, 0xeb, 0x74, 0x43,
    0xdc, 0x70, 0x2c, 0xe7, 0xdc, 0x20, 0xc6, 0xd3,
    0x18, 0x7, 0x0,

    /* U+064C "ٌ" */
    0x0, 0xd1, 0xfd, 0x0, 0x1c, 0x8e, 0x20, 0xea,
    0x1, 0x8c, 0x2f, 0x3, 0x0, 0x32, 0x4, 0x50,
    0x8, 0x34, 0x81, 0xc1, 0x38, 0x3c, 0xf3, 0x80,
    0x1f, 0x0, 0x93, 0xf4, 0x50, 0xb, 0x83, 0xed,
    0x94, 0x6f, 0x34, 0xa8, 0x80, 0x2c, 0x33, 0xb1,
    0x40, 0x20,

    /* U+064D "ٍ" */
    0x0, 0xf1, 0x34, 0xb8, 0x1, 0x1e, 0xfb, 0x65,
    0xbd, 0xfe, 0xe1, 0x9, 0xeb, 0xa0, 0x16, 0x33,
    0xf2, 0x14, 0x41, 0xe9, 0xcc, 0x9, 0xab, 0x60,
    0x52, 0x2f, 0xf6, 0x54, 0x3a, 0x2d, 0xd0, 0xde,
    0xfb, 0x5b, 0x27, 0x3f, 0x21, 0x4, 0x0,

    /* U+064E "َ" */
    0x0, 0xf8, 0xd9, 0x40, 0x2, 0x91, 0x7f, 0x93,
    0x8d, 0xbd, 0x6e, 0x88, 0x7b, 0x8e, 0x5, 0x9c,
    0xfb, 0x84, 0x18, 0xda, 0x63, 0x0, 0xe0,

    /* U+064F "ُ" */
    0x0, 0xd1, 0xfd, 0x0, 0x1c, 0x8e, 0x20, 0xea,
    0x1, 0x8c, 0x2f, 0x3, 0x0, 0x32, 0x4, 0x50,
    0x8, 0x6, 0x3a, 0x37, 0x7, 0x90, 0xc, 0xe6,
    0x4, 0x9e, 0x0, 0x17, 0xd2, 0x4d, 0xb6, 0x66,
    0xf4, 0xc, 0xd8, 0x5, 0xc6, 0xb5, 0xcc, 0x1,
    0x80,

    /* U+0650 "ِ" */
    0x0, 0xfc, 0x44, 0x0, 0xc6, 0xf7, 0xdb, 0x67,
    0x39, 0xf9, 0x8, 0x4d, 0x54, 0x62, 0x48, 0xbf,
    0xc9, 0x3b, 0xde, 0xb7, 0x40, 0xc,

    /* U+0651 "ّ" */
    0x0, 0xfc, 0xea, 0x1, 0x99, 0x40, 0x17, 0x2f,
    0x40, 0xa, 0x90, 0x3, 0x8e, 0x30, 0x4, 0x20,
    0x19, 0xdc, 0x0, 0x12, 0x0, 0x30, 0xb, 0x80,
    0x8, 0x25, 0x89, 0x84, 0x81, 0x40, 0xda, 0x43,
    0xd0, 0x7a, 0x8f, 0x90, 0xe9, 0x21, 0x5, 0x34,
    0xaf, 0x14, 0x0,

    /* U+0652 "ْ" */
    0x0, 0x15, 0x76, 0xc8, 0x80, 0x47, 0xaa, 0x24,
    0xde, 0x40, 0xe, 0x6, 0xee, 0x28, 0xf0, 0x19,
    0x12, 0x44, 0x54, 0x26, 0x2e, 0xe, 0x1, 0x94,
    0x9, 0xc1, 0x80, 0x33, 0x0, 0x99, 0x1c, 0x0,
    0x24, 0x8c, 0x82, 0x41, 0xff, 0xcc, 0x1e, 0x0,
    0x4c, 0x40, 0x2, 0x69, 0x80,

    /* U+0660 "٠" */
    0x1e, 0xe9, 0xc, 0x47, 0x0, 0x7f, 0x80,

    /* U+0661 "١" */
    0x48, 0x82, 0x0, 0x67, 0x74, 0x0, 0x48, 0x40,
    0x64, 0x1, 0x50, 0x2, 0x80, 0x25, 0x0, 0x28,
    0x4, 0x46, 0x4, 0x40, 0xa, 0xc0, 0x8, 0x1,
    0x20, 0x3, 0x0, 0x23, 0x10, 0x40, 0xc, 0xa0,
    0x24, 0x1, 0x18, 0x1, 0xc0, 0x2d, 0x0, 0x68,
    0x4, 0xc0, 0x2, 0x0, 0x84, 0x0, 0x20, 0x11,
    0x80, 0x1c, 0x2, 0x10, 0x0, 0x80, 0x78, 0xc0,
    0x30, 0x80, 0x7f, 0xf2, 0xc0,

    /* U+0662 "٢" */
    0x48, 0x82, 0x0, 0x7e, 0x88, 0x28, 0xbb, 0xa4,
    0x3, 0xe3, 0x77, 0x62, 0x88, 0x12, 0x0, 0x7a,
    0xc0, 0x1e, 0xc, 0x0, 0x90, 0xf, 0x30, 0x1,
    0x2, 0xc0, 0x5, 0xa6, 0x1, 0x50, 0x82, 0x10,
    0x19, 0x0, 0xb, 0x3b, 0x7d, 0x40, 0x10, 0x1,
    0x28, 0x6, 0x12, 0x0, 0xa8, 0xc0, 0x2c, 0x0,
    0x1b, 0x90, 0xa, 0xe2, 0x80, 0x64, 0x0, 0x14,
    0x6f, 0xf5, 0x18, 0x7, 0x8c, 0x4, 0x40, 0x1f,
    0xf2, 0x80, 0x10, 0x3, 0xfe, 0xf0, 0x6, 0x80,
    0x7f, 0xc4, 0x0, 0x10, 0xf, 0xf9, 0xc0, 0x4,
    0x1, 0xff, 0x8, 0x7, 0xff, 0x8, 0xc0, 0xe,
    0x1, 0xff, 0x8, 0x0, 0x40, 0x3f, 0xff, 0x0,

    /* U+0663 "٣" */
    0x58, 0x81, 0x0, 0x51, 0x6, 0x0, 0x24, 0x40,
    0x8d, 0xdd, 0x60, 0x13, 0xba, 0xc0, 0x18, 0xee,
    0x66, 0x0, 0x18, 0x3, 0xf0, 0x80, 0x1c, 0x14,
    0x0, 0xa0, 0x20, 0x3, 0x0, 0xe1, 0xe, 0x0,
    0x48, 0x30, 0x0, 0x48, 0x10, 0x0, 0x60, 0x82,
    0x7, 0xf0, 0x1, 0x6f, 0x90, 0x8, 0x80, 0x8,
    0x1, 0xff, 0x48, 0x5, 0xe0, 0x18, 0xed, 0x0,
    0x7, 0x2e, 0x1, 0x20, 0x0, 0xff, 0x12, 0xff,
    0xd8, 0xc0, 0x18, 0x44, 0x6, 0x1, 0xff, 0xc1,
    0x40, 0x1, 0x80, 0x7f, 0xf0, 0x8, 0x0, 0xc0,
    0x1f, 0xfc, 0xe, 0x0, 0x10, 0x7, 0xff, 0x0,
    0x80, 0x1c, 0x1, 0xff, 0xc0, 0x70, 0x1, 0x80,
    0x7f, 0xf0, 0x4, 0x3, 0xff, 0x8c, 0x20, 0x1f,
    0xfc, 0x3, 0x0, 0xff, 0xe3, 0x38, 0x7, 0xff,
    0x0, 0x40, 0x3f, 0xfa, 0x0,

    /* U+0664 "٤" */
    0x0, 0xf9, 0x67, 0x20, 0x3, 0xe7, 0xfa, 0x63,
    0x0, 0xf0, 0xec, 0x0, 0x43, 0xc0, 0x18, 0x7c,
    0x80, 0xf, 0xbc, 0xc0, 0x1a, 0x4, 0x13, 0xa0,
    0x80, 0x3c, 0x80, 0xb, 0x10, 0xf, 0xcc, 0x0,
    0x60, 0xf, 0xe9, 0x0, 0x4d, 0x98, 0x7, 0xc5,
    0xa6, 0x9, 0x98, 0x0, 0xf9, 0x48, 0x3, 0xfd,
    0x10, 0x10, 0x1, 0x20, 0x7, 0x23, 0x80, 0x13,
    0x36, 0x0, 0x3a, 0x0, 0x11, 0x66, 0x1, 0xe1,
    0x30, 0x37, 0x0, 0xfc, 0x40, 0x5, 0x0, 0xff,
    0xe0, 0x18, 0x7, 0xf1, 0x80, 0x14, 0x40, 0x3e,
    0x30, 0x50, 0x6, 0x88, 0x0, 0x56, 0xbe, 0x82,
    0x0, 0x7, 0xdc, 0xfe, 0xa5, 0x0, 0x8b, 0x0,
    0x21, 0x0, 0xee, 0x0, 0x1f, 0x30, 0x80, 0x92,
    0xcf, 0x38,

    /* U+0665 "٥" */
    0x0, 0xc5, 0x7d, 0x88, 0x1, 0xf8, 0xf5, 0x4,
    0xed, 0x80, 0x3e, 0xd0, 0xe, 0x92, 0x0, 0xe8,
    0x10, 0x3e, 0x60, 0x4, 0x80, 0x61, 0x70, 0x6,
    0x8c, 0x90, 0x21, 0x80, 0x4c, 0x0, 0x61, 0x0,
    0x58, 0x2, 0x40, 0x2b, 0x0, 0x58, 0x4, 0xc2,
    0xa, 0x0, 0x23, 0x3, 0x20, 0xc, 0xe0, 0x5,
    0x4, 0x0, 0x58, 0x7, 0x68, 0x3, 0x3, 0xc0,
    0x8, 0x1, 0xc8, 0x0, 0x50, 0x50, 0x1, 0x80,
    0x78, 0x40, 0xc0, 0x40, 0x3f, 0x88, 0x2, 0x30,
    0x10, 0xf, 0x9c, 0x2, 0x30, 0x10, 0xf, 0x9c,
    0x2, 0x10, 0x0, 0x80, 0x78, 0x80, 0x26, 0x0,
    0x20, 0x7, 0x10, 0x81, 0x6, 0x80, 0x38, 0x3,
    0xa8, 0x0, 0xe0, 0xa0, 0x4, 0x81, 0x0, 0x33,
    0x80, 0x3c, 0x9, 0x40, 0xf, 0xdf, 0xe9, 0x0,
    0x12, 0x80, 0x28, 0xc0, 0x3e, 0x2f, 0x0, 0xd9,
    0x28, 0x20, 0x27, 0x1a, 0x40, 0x0,

    /* U+0666 "٦" */
    0x55, 0x10, 0x7, 0x85, 0x1c, 0x80, 0x1f, 0x5b,
    0xfd, 0xba, 0xef, 0xeb, 0x86, 0x0, 0xf0, 0x91,
    0x4, 0x3, 0xe9, 0x84, 0x21, 0x0, 0xa, 0x10,
    0x7, 0x1b, 0xde, 0xf7, 0xfb, 0xad, 0x40, 0x2,
    0x1, 0xff, 0x78, 0x0, 0xc0, 0x3f, 0xe1, 0x0,
    0x8, 0x7, 0xfc, 0x60, 0xf, 0x0, 0xff, 0x84,
    0x0, 0x20, 0x1f, 0xf3, 0x80, 0x8, 0x3, 0xfe,
    0x20, 0x3, 0x80, 0x7f, 0xc2, 0x0, 0x20, 0xf,
    0xfe, 0x1, 0x0, 0x80, 0x7f, 0xf0, 0x18, 0x0,
    0x60, 0x1f, 0xf1, 0x0, 0x18, 0x3, 0xfe, 0xe0,
    0x6, 0x80, 0x7f, 0xc6, 0x0, 0x30, 0xf, 0xf9,
    0x0, 0x8, 0x1, 0xff, 0xc0, 0x20, 0x1, 0x0,
    0x7f, 0xc8, 0x0, 0x40, 0xf, 0xfb, 0xc0, 0x18,

    /* U+0667 "٧" */
    0x7, 0x88, 0x0, 0x7f, 0x3c, 0x40, 0x43, 0xdd,
    0xe0, 0xf, 0x92, 0x1d, 0x4, 0x24, 0x1, 0x40,
    0x1f, 0x78, 0x2, 0x0, 0x2, 0xa0, 0x4a, 0x1,
    0xc4, 0x80, 0x68, 0x1, 0x70, 0x2, 0x40, 0x3a,
    0xc0, 0x14, 0x1, 0x90, 0x80, 0xcc, 0x1, 0x98,
    0x5, 0x80, 0x3a, 0x80, 0x16, 0x1, 0x28, 0x1,
    0xc0, 0x3c, 0xa0, 0x5, 0x0, 0xb8, 0x1, 0x40,
    0x1e, 0x23, 0x2, 0x30, 0x2, 0x0, 0x98, 0x7,
    0xd6, 0x0, 0xb0, 0x50, 0x3, 0x80, 0x7e, 0x50,
    0x3, 0x7, 0x0, 0x34, 0x3, 0xf1, 0x10, 0x4,
    0x90, 0x0, 0x80, 0x1f, 0xca, 0x0, 0x90, 0x2,
    0x0, 0x7f, 0xac, 0x0, 0x80, 0xc, 0x0, 0xff,
    0x18, 0x7, 0x20, 0x7, 0xfc, 0x80, 0x18, 0xc0,
    0x3f, 0xec, 0x0, 0x8c, 0x3, 0xff, 0x80, 0x60,
    0x12, 0x80, 0x7f, 0xf0, 0x14, 0x2, 0xf0, 0xf,
    0xfe, 0x0, 0x80, 0x4a, 0x1, 0xff, 0xc1, 0x20,
    0x1, 0x0, 0x78,

    /* U+0668 "٨" */
    0x0, 0xf9, 0xa2, 0x0, 0x1f, 0xfc, 0x28, 0x77,
    0x10, 0x7, 0xff, 0x4, 0x40, 0xe, 0x1, 0xff,
    0xc0, 0x30, 0x8, 0x80, 0x3f, 0xf8, 0xc, 0x1,
    0x68, 0x7, 0xff, 0x3, 0x0, 0x24, 0x0, 0xff,
    0xe0, 0x20, 0x4, 0x22, 0x0, 0xff, 0x9, 0x0,
    0x64, 0x0, 0xff, 0x38, 0x0, 0x40, 0x18, 0x1,
    0xfe, 0xc0, 0x4, 0x0, 0x10, 0x3, 0xfc, 0xa0,
    0x6, 0x20, 0x22, 0x0, 0x7e, 0x40, 0x2, 0x2,
    0x80, 0x10, 0x3, 0xf7, 0x0, 0x34, 0x2c, 0x1,
    0xa0, 0x1f, 0x94, 0x0, 0xe0, 0x64, 0x8, 0x20,
    0x1e, 0x50, 0x2, 0x8, 0x1, 0x40, 0xe, 0x1,
    0xef, 0x0, 0x70, 0x5, 0x40, 0xa, 0x0, 0xe1,
    0x50, 0x2, 0x80, 0x44, 0x60, 0x64, 0x1, 0x98,
    0x0, 0xe0, 0x1d, 0x20, 0xb, 0x0, 0xd4, 0x0,
    0x90, 0xe, 0x51, 0x6, 0x10, 0x2, 0x90, 0x28,
    0x80, 0x7a, 0x40, 0x12, 0x0, 0x90, 0x4, 0x80,
    0x7c, 0xc0, 0x7, 0x10,

    /* U+0669 "٩" */
    0x0, 0xcf, 0x79, 0x6c, 0x1, 0xf8, 0xfa, 0x10,
    0xd2, 0x78, 0x80, 0x38, 0xf0, 0x40, 0x38, 0x70,
    0x40, 0x37, 0x0, 0x13, 0x3e, 0x84, 0x6, 0x0,
    0x23, 0x20, 0x2b, 0x30, 0x5d, 0x0, 0x30, 0x4,
    0xa0, 0xa, 0x0, 0xc6, 0x80, 0x4, 0x0, 0xff,
    0xb0, 0x0, 0x40, 0x5, 0x0, 0x48, 0x80, 0x61,
    0x0, 0x8, 0x0, 0xcc, 0x3, 0xee, 0x62, 0x1,
    0xb8, 0x2, 0xe1, 0x1, 0x8c, 0xef, 0x90, 0x1,
    0x0, 0x45, 0xea, 0x1, 0xf9, 0xc0, 0x30, 0xd7,
    0x4a, 0x99, 0x88, 0x0, 0x40, 0x1e, 0x16, 0xac,
    0xc6, 0x88, 0x8, 0x80, 0x3f, 0xe2, 0x0, 0x10,
    0x7, 0xfc, 0xa0, 0x5, 0x0, 0xff, 0xbc, 0x1,
    0xe0, 0x1f, 0xf2, 0x80, 0x14, 0x3, 0xfe, 0x30,
    0x1, 0x80, 0x7f, 0xf0, 0x8, 0x0, 0x60, 0x1f,
    0xf2, 0x0, 0x10, 0x3, 0xfe, 0xf0, 0x6, 0x80,

    /* U+067E "پ" */
    0x0, 0xff, 0xe5, 0x27, 0xfa, 0xf, 0xfd, 0x20,
    0x1f, 0xfc, 0x65, 0x0, 0xc, 0x80, 0x28, 0x3,
    0xff, 0x8c, 0x60, 0x3, 0x70, 0x1, 0x80, 0x7f,
    0xf1, 0x90, 0x0, 0x64, 0x2, 0x1, 0xff, 0xc7,
    0xb0, 0x6, 0x8, 0x8, 0x80, 0x3f, 0xf8, 0xb4,
    0x40, 0x2a, 0x80, 0xd, 0x10, 0xf, 0xfe, 0x8,
    0xbf, 0x28, 0x2, 0xc2, 0x40, 0x7, 0xf0, 0x60,
    0x1f, 0x1a, 0xce, 0x74, 0x8, 0x2, 0x94, 0xe,
    0x80, 0x2, 0xf9, 0xfb, 0x98, 0xde, 0xfc, 0xa6,
    0x30, 0x9, 0x35, 0x40, 0x25, 0xc3, 0x0, 0xc4,
    0x66, 0x21, 0x0, 0xe2, 0x7d, 0xb2, 0x0, 0xe3,
    0xcd, 0x85, 0x21, 0x0, 0x88, 0xda, 0x2f, 0xb6,
    0x8, 0x3, 0xf8, 0x9e, 0xb7, 0xbf, 0xed, 0xc9,
    0x74, 0x10, 0xf, 0xfe, 0x20, 0xff, 0x90, 0xbf,
    0xc6, 0x1, 0xff, 0xe0, 0x1a, 0xa2, 0x95, 0x50,
    0x80, 0x3f, 0xf8, 0xea, 0xa1, 0x5, 0x50, 0x80,
    0x7f, 0xf2, 0x7, 0xfc, 0x60, 0x1f, 0xfe, 0x41,
    0xaa, 0x10, 0x7, 0xff, 0x0,

    /* U+0686 "چ" */
    0x0, 0x9, 0xb3, 0xcc, 0xe8, 0x75, 0x30, 0xe,
    0x6d, 0xec, 0x98, 0x66, 0xcf, 0x15, 0x9e, 0xa0,
    0x17, 0x10, 0x7, 0xff, 0x4, 0x80, 0x30, 0xb4,
    0xde, 0xda, 0x0, 0x71, 0xa1, 0x80, 0x53, 0xd2,
    0xc8, 0xb6, 0x80, 0x6, 0xcf, 0xcb, 0x40, 0x8,
    0x40, 0x28, 0x80, 0x1, 0xbe, 0x4c, 0x3, 0xfc,
    0xce, 0x0, 0xb9, 0x0, 0xff, 0xe0, 0x14, 0x80,
    0x31, 0x0, 0x3f, 0xf8, 0x32, 0x0, 0x83, 0x0,
    0xff, 0xe0, 0x92, 0x1, 0x38, 0x0, 0xd4, 0xc1,
    0x14, 0xc0, 0x39, 0x40, 0x14, 0x1, 0x4d, 0x40,
    0x45, 0x50, 0x3, 0xb0, 0x0, 0xa0, 0x1f, 0xfc,
    0x37, 0x0, 0x10, 0x5, 0x5f, 0x61, 0x9f, 0x20,
    0x1f, 0xfc, 0x23, 0x53, 0x0, 0xf9, 0xc0, 0x4,
    0x1, 0xd1, 0x52, 0x1, 0xf1, 0x80, 0x10, 0x3,
    0xff, 0x87, 0x60, 0x8, 0x0, 0xeb, 0xfa, 0x0,
    0xf8, 0xcc, 0x3, 0x82, 0x1, 0xff, 0x8, 0x3,
    0x80, 0x7, 0xee, 0x20, 0x1e, 0x16, 0xcb, 0x0,
    0x16, 0x8, 0xc, 0x76, 0xdd, 0x4d, 0x6f, 0x49,
    0x80, 0x63, 0xf6, 0x0, 0x89, 0x15, 0x94, 0x80,
    0x2c, 0x0, 0xc3, 0x3d, 0x2c, 0x62, 0x1, 0x12,
    0xcf, 0x30,

    /* U+0698 "ژ" */
    0x0, 0xff, 0x85, 0x54, 0x1, 0xff, 0xc2, 0x2a,
    0xa0, 0x80, 0x7f, 0xf4, 0x8f, 0xfc, 0x20, 0x1f,
    0xf0, 0xaa, 0x80, 0x55, 0x40, 0x1f, 0xe2, 0xaa,
    0x12, 0xd5, 0x4, 0x3, 0xff, 0x9c, 0x7f, 0xe2,
    0x4f, 0xf0, 0x80, 0x7f, 0xf8, 0x88, 0x82, 0x1,
    0xff, 0xc2, 0xcd, 0xf0, 0xf, 0xfe, 0x13, 0x80,
    0xa0, 0x7, 0xff, 0x7, 0x80, 0x4, 0x1, 0xff,
    0xc1, 0x20, 0x7, 0x0, 0x7f, 0xf4, 0x8c, 0x1,
    0xe0, 0x1f, 0xfc, 0x1c, 0x0, 0x18, 0x7, 0xff,
    0x5, 0x0, 0x8, 0x1, 0xff, 0xc0, 0x91, 0x4,
    0x0, 0xff, 0xe0, 0x33, 0x0, 0x1e, 0x1, 0xff,
    0x44, 0x80, 0x11, 0x0, 0x1f, 0xc9, 0x8e, 0x0,
    0x2b, 0x0, 0xf0, 0xa4, 0x6d, 0x98, 0x1, 0x30,
    0x3, 0x27, 0x7f, 0x5b, 0x90, 0x0, 0x66, 0xc4,
    0x3, 0x8, 0x80, 0x38, 0xe7, 0x98, 0x3, 0xf0,
    0x9b, 0x4e, 0xe3, 0x0, 0x7e,

    /* U+06A9 "ک" */
    0x0, 0xff, 0xe6, 0xab, 0x0, 0x7f, 0xf2, 0x85,
    0xfa, 0xb0, 0x3, 0xff, 0x90, 0x75, 0xd0, 0x20,
    0x1f, 0xfc, 0x86, 0xdc, 0x50, 0x9, 0xa0, 0x3,
    0xff, 0x86, 0x53, 0xf2, 0x40, 0x2, 0x9f, 0x92,
    0x0, 0xff, 0xe1, 0x56, 0xb0, 0x4, 0xb7, 0xac,
    0x1, 0xff, 0xc4, 0x95, 0x0, 0xb, 0xf5, 0x20,
    0x7, 0xff, 0x14, 0x58, 0x0, 0xfd, 0x2, 0x1,
    0xff, 0xc7, 0x20, 0x1, 0x40, 0x7, 0xff, 0x28,
    0x80, 0x4, 0x40, 0xf, 0xfe, 0x50, 0xa0, 0x3,
    0xc4, 0x3, 0xff, 0x95, 0x42, 0x5, 0x40, 0x1f,
    0xfc, 0xa1, 0xd0, 0x2, 0x48, 0x7, 0xff, 0x28,
    0xe8, 0x0, 0xcc, 0x0, 0xff, 0xe5, 0x2b, 0x80,
    0x25, 0x0, 0x3f, 0xf9, 0x50, 0x80, 0xa, 0x10,
    0xe, 0x3f, 0xf4, 0x80, 0x7f, 0xf0, 0x68, 0x80,
    0x60, 0x3, 0xa4, 0x1, 0x40, 0x1f, 0xfc, 0x11,
    0xe0, 0x3, 0x0, 0x73, 0x80, 0xc, 0x3, 0xff,
    0x84, 0x62, 0x0, 0x20, 0xc, 0x40, 0x20, 0x1f,
    0xfc, 0x43, 0x0, 0x18, 0x6, 0x10, 0x11, 0x0,
    0x7f, 0xf0, 0x9c, 0x80, 0x44, 0x1, 0x90, 0x1,
    0xa2, 0x1, 0xff, 0x26, 0x40, 0x1, 0x80, 0x3a,
    0x40, 0x7, 0xf0, 0x60, 0x1e, 0x38, 0xdb, 0x30,
    0x1, 0x48, 0x7, 0x1d, 0x0, 0x5, 0xf3, 0xf7,
    0x31, 0xbf, 0x8e, 0x40, 0x13, 0xe8, 0x80, 0x79,
    0x71, 0x0, 0x31, 0x19, 0x88, 0x3, 0x1c, 0xfc,
    0x0, 0x7f, 0x1d, 0xec, 0x29, 0x8, 0x0, 0x4d,
    0xab, 0xb1, 0x80, 0x3f, 0x80,

    /* U+06AF "گ" */
    0x0, 0xff, 0xf3, 0xa5, 0xd0, 0x7, 0xff, 0x24,
    0x5f, 0x6d, 0x0, 0x3f, 0xf9, 0x7, 0x5d, 0x4,
    0xb, 0x20, 0x1f, 0xfc, 0x56, 0xdc, 0x50, 0x28,
    0xea, 0x30, 0xf, 0xfe, 0x11, 0xcf, 0xc9, 0x2,
    0x5e, 0xb8, 0xab, 0x0, 0x7f, 0xf0, 0x6b, 0x18,
    0x5, 0xfa, 0xd0, 0x5f, 0xab, 0x0, 0x3f, 0xf8,
    0x2e, 0x9, 0x5d, 0x2, 0x75, 0xd0, 0x20, 0x1f,
    0xfc, 0x3a, 0xdb, 0x50, 0x6d, 0xc5, 0x0, 0x9a,
    0x0, 0x3f, 0xf8, 0x2e, 0x44, 0x9f, 0x92, 0x0,
    0x14, 0xfc, 0x90, 0x7, 0xff, 0xa, 0xb5, 0x80,
    0x25, 0xbd, 0x60, 0xf, 0xfe, 0x24, 0xa8, 0x0,
    0x5f, 0xa9, 0x0, 0x3f, 0xf8, 0xa2, 0xc0, 0x7,
    0xe8, 0x10, 0xf, 0xfe, 0x39, 0x0, 0xa, 0x0,
    0x3f, 0xf9, 0x44, 0x0, 0x22, 0x0, 0x7f, 0xf2,
    0x85, 0x0, 0x1e, 0x20, 0x1f, 0xfc, 0xaa, 0x10,
    0x2a, 0x0, 0xff, 0xe5, 0xe, 0x80, 0x12, 0x40,
    0x3f, 0xf9, 0x47, 0x40, 0x6, 0x60, 0x7, 0xff,
    0x29, 0x5c, 0x1, 0x28, 0x1, 0xff, 0xca, 0x84,
    0x0, 0x50, 0x80, 0x71, 0xff, 0xa4, 0x3, 0xff,
    0x83, 0x44, 0x3, 0x0, 0x1d, 0x20, 0xa, 0x0,
    0xff, 0xe0, 0x8f, 0x0, 0x18, 0x3, 0x9c, 0x0,
    0x60, 0x1f, 0xfc, 0x23, 0x10, 0x1, 0x0, 0x62,
    0x1, 0x0, 0xff, 0xe2, 0x18, 0x0, 0xc0, 0x30,
    0x80, 0x88, 0x3, 0xff, 0x84, 0xe4, 0x2, 0x20,
    0xc, 0x80, 0xd, 0x10, 0xf, 0xf9, 0x32, 0x0,
    0xc, 0x1, 0xd2, 0x0, 0x3f, 0x83, 0x0, 0xf1,
    0xc6, 0xd9, 0x80, 0xa, 0x40, 0x38, 0xe8, 0x0,
    0x2f, 0x9f, 0xb9, 0x8d, 0xfc, 0x72, 0x0, 0x9f,
    0x44, 0x3, 0xcb, 0x88, 0x1, 0x88, 0xcc, 0x40,
    0x18, 0xe7, 0xe0, 0x3, 0xf8, 0xef, 0x61, 0x48,
    0x40, 0x2, 0x6d, 0x5d, 0x8c, 0x1, 0xfc,

    /* U+06CC "ی" */
    0x0, 0xff, 0xe0, 0xa3, 0x3a, 0x90, 0x7, 0xff,
    0x4, 0x67, 0xee, 0x62, 0xb6, 0xc8, 0x3, 0xfc,
    0x38, 0xc0, 0x1e, 0x4c, 0x10, 0xf, 0xe8, 0x20,
    0x19, 0xef, 0xc3, 0x1, 0x80, 0xf, 0xe5, 0x0,
    0x6b, 0x8, 0x1e, 0x99, 0x10, 0x3, 0xf9, 0x80,
    0x16, 0x1, 0x87, 0x36, 0xc0, 0x3f, 0xbc, 0x0,
    0xfd, 0x4, 0x1, 0xff, 0xc2, 0x57, 0x0, 0xb,
    0xee, 0x20, 0x4, 0x39, 0x89, 0x0, 0xf4, 0x62,
    0x80, 0x47, 0x72, 0x0, 0x93, 0x36, 0x0, 0x7c,
    0x75, 0xd4, 0xa0, 0x6, 0x60, 0x20, 0x1, 0x40,
    0x3f, 0x85, 0x6a, 0x80, 0xb, 0x2, 0x1, 0x0,
    0xff, 0xe0, 0xb0, 0x0, 0x80, 0x21, 0x0, 0xff,
    0xe0, 0xc0, 0x0, 0xc1, 0x40, 0xe, 0x1, 0xfe,
    0x3c, 0x40, 0x4, 0x87, 0x0, 0x22, 0x4c, 0x2,
    0x13, 0x69, 0xdc, 0x30, 0x3, 0x28, 0x2a, 0x80,
    0xd, 0x9f, 0xdf, 0xd9, 0x2c, 0x40, 0x14, 0xc8,
    0x2, 0xa7, 0x0, 0xc2, 0x1, 0xe2, 0x8f, 0x60,
    0xe, 0x8d, 0x73, 0x10, 0x0, 0xa3, 0x57, 0x6b,
    0x80, 0x70,

    /* U+2013 "–" */
    0x14, 0x4f, 0xfe, 0x0, 0xb5, 0xdf, 0xff, 0x1,
    0x80, 0x3f, 0xf8, 0x40,

    /* U+2014 "—" */
    0x14, 0x4f, 0xfe, 0x80, 0xb5, 0xdf, 0xff, 0x41,
    0x80, 0x3f, 0xfa, 0x40,

    /* U+2018 "‘" */
    0x0, 0xbb, 0xc8, 0x0, 0xe2, 0x22, 0x0, 0x48,
    0x20, 0x2, 0x4, 0x30, 0x5, 0xc0, 0x8, 0xa,
    0x1, 0x10, 0x7, 0xce, 0x89, 0x0, 0x0,

    /* U+2019 "’" */
    0x0, 0x7f, 0xca, 0x1, 0xff, 0x8, 0x18, 0x0,
    0xd0, 0x10, 0x1, 0x0, 0xc, 0x3, 0x40, 0x2,
    0x4, 0x0, 0x6, 0x69, 0x0, 0x0,

    /* U+201A "‚" */
    0x0, 0x5d, 0xc6, 0x0, 0x44, 0x9c, 0x3, 0xe2,
    0x0, 0x94, 0x10, 0x0, 0xe2, 0x18, 0x0, 0x90,
    0x2, 0x4, 0x8, 0x10, 0x89, 0xc0, 0x0,

    /* U+201C "“" */
    0x0, 0xbb, 0xc8, 0x2, 0x9f, 0x90, 0x3, 0x88,
    0x88, 0x0, 0x2c, 0x18, 0x0, 0x90, 0x40, 0xa,
    0x0, 0x8, 0x10, 0x21, 0x80, 0x1, 0x60, 0x31,
    0x13, 0x80, 0x10, 0x1, 0x0, 0x4, 0x5, 0x0,
    0x88, 0x0, 0x80, 0xe, 0x0, 0xfc, 0x60, 0x19,
    0xd1, 0x20, 0x9, 0x12, 0x20,

    /* U+201D "”" */
    0x0, 0x7f, 0xc8, 0x0, 0x9f, 0xf5, 0x80, 0x7f,
    0xf2, 0xc4, 0xc, 0x0, 0x48, 0x0, 0x50, 0x7,
    0x2, 0x0, 0x2c, 0x0, 0x26, 0x6, 0x81, 0x80,
    0x4c, 0x0, 0x50, 0x4, 0x0, 0x10, 0x20, 0x2,
    0xd0, 0x34, 0x2, 0x45, 0x50, 0x6, 0x4f, 0x0,
    0x0,

    /* U+201E "„" */
    0x0, 0x5d, 0xc6, 0x0, 0x6b, 0xb4, 0x0, 0x11,
    0x27, 0x0, 0x7a, 0x20, 0xc0, 0x3f, 0xf8, 0x24,
    0x1, 0x28, 0x0, 0x80, 0x18, 0x8, 0x0, 0x71,
    0x0, 0x20, 0xb, 0x86, 0x0, 0x24, 0x0, 0x60,
    0x8, 0x0, 0x20, 0x40, 0x80, 0x10, 0x5, 0x80,
    0x84, 0x4e, 0x1, 0x60, 0x40, 0x0,

    /* U+2022 "•" */
    0x0, 0xc4, 0x84, 0x1, 0xe4, 0xdd, 0x5e, 0xe8,
    0xc0, 0x23, 0xb2, 0x0, 0x8b, 0x8, 0x1, 0xc0,
    0x1f, 0x48, 0x9, 0x0, 0x7c, 0x80, 0x60, 0x1f,
    0xe3, 0x0, 0xfc, 0x20, 0x2a, 0x1, 0xf3, 0x0,
    0x2c, 0x80, 0x38, 0xe0, 0x0, 0x38, 0xc2, 0x4,
    0xf8, 0x0,

    /* U+2026 "…" */
    0x4f, 0xf8, 0x3, 0xea, 0xff, 0x50, 0x7, 0xdf,
    0xf2, 0x8, 0x7, 0xff, 0x30, 0x40, 0x3f, 0xfd,
    0x0,

    /* U+2190 "←" */
    0x0, 0xff, 0xe8, 0x8e, 0x28, 0x7, 0xff, 0x20,
    0x70, 0xe9, 0x0, 0x3f, 0xf8, 0xc3, 0x84, 0x6,
    0xa0, 0x1f, 0xfc, 0x51, 0xc2, 0x3, 0xd1, 0x0,
    0xff, 0xe2, 0xe, 0x10, 0x1e, 0x88, 0x7, 0xff,
    0x10, 0x70, 0x80, 0xd, 0x13, 0x3f, 0xfc, 0x57,
    0x20, 0x9, 0x59, 0xbf, 0xf8, 0xc4, 0x1, 0xff,
    0xcb, 0x49, 0x0, 0xa3, 0xbb, 0xff, 0x8c, 0xd,
    0x20, 0x8, 0x41, 0x1f, 0xfe, 0x28, 0x1, 0xa4,
    0x1, 0x4a, 0x1, 0xff, 0xc7, 0x69, 0x0, 0x52,
    0x0, 0x7f, 0xf1, 0xda, 0x40, 0xd0, 0x3, 0xff,
    0x90, 0xd7, 0x80, 0x1f, 0xfc, 0x40,

    /* U+2191 "↑" */
    0x0, 0xf1, 0xb9, 0x0, 0x7f, 0xc9, 0x91, 0x84,
    0x1, 0xfc, 0x96, 0x0, 0x1c, 0x20, 0xf, 0x92,
    0xc0, 0x30, 0xe1, 0x0, 0x72, 0x58, 0x7, 0x87,
    0x8, 0x2, 0x4b, 0x0, 0x38, 0x81, 0xa0, 0xe,
    0x10, 0x1d, 0x80, 0x1e, 0x0, 0xf, 0x68, 0x3,
    0x80, 0x6a, 0xf, 0x0, 0x1d, 0x68, 0x12, 0x0,
    0xaa, 0x40, 0x7, 0xd7, 0x4e, 0x1, 0x28, 0x7,
    0xf2, 0x80, 0x7f, 0xff, 0xc0, 0x3f, 0xff, 0xe0,
    0x1f, 0xff, 0x20,

    /* U+2192 "→" */
    0x0, 0xff, 0xef, 0x3d, 0x0, 0x7f, 0xf2, 0x9a,
    0x16, 0x80, 0x3f, 0xf9, 0x28, 0x20, 0xb4, 0x1,
    0xff, 0xc8, 0x2c, 0x10, 0x5a, 0x0, 0xff, 0xe4,
    0x16, 0x8, 0x2d, 0x0, 0x6, 0x67, 0xff, 0x8b,
    0x6a, 0x0, 0x5a, 0x3, 0x66, 0xff, 0xe3, 0x20,
    0x4, 0xa6, 0x1, 0xff, 0xcc, 0x12, 0xee, 0xff,
    0xe3, 0x30, 0x5, 0x84, 0x2, 0x3f, 0xfc, 0x59,
    0x60, 0x6, 0x18, 0x7, 0xff, 0x1a, 0x1c, 0x1,
    0x86, 0x1, 0xff, 0xc6, 0x77, 0x0, 0x30, 0xc0,
    0x3f, 0xf8, 0xec, 0x41, 0x86, 0x1, 0xff, 0xc8,
    0x1c, 0xc1, 0x80, 0x70,

    /* U+2193 "↓" */
    0x0, 0xf2, 0x29, 0x80, 0x7f, 0xf0, 0x2a, 0x90,
    0x1, 0xff, 0xff, 0x0, 0xff, 0xff, 0x80, 0x7f,
    0xfd, 0xc6, 0x80, 0x3f, 0x15, 0x0, 0x7, 0xd7,
    0x0, 0x3c, 0x58, 0xb6, 0x0, 0x30, 0x3c, 0x0,
    0xc5, 0x82, 0x2, 0x3, 0x84, 0x7, 0x82, 0xd,
    0x82, 0xb, 0x40, 0x1, 0xc2, 0x3, 0x0, 0x10,
    0x82, 0xd0, 0x6, 0x1c, 0x20, 0xe, 0x5a, 0x0,
    0xf0, 0xe1, 0x0, 0x49, 0x40, 0x1f, 0x87, 0x8,
    0x12, 0xc0, 0x3f, 0xc3, 0xbd, 0x60, 0x1e,

    /* U+2328 "⌨" */
    0x0, 0x8d, 0x57, 0xff, 0xb0, 0x60, 0x18, 0xfb,
    0x2a, 0xbf, 0xfb, 0x19, 0xea, 0x0, 0xf1, 0x0,
    0xff, 0xed, 0xd8, 0x0, 0xc2, 0x7f, 0xff, 0xfb,
    0x18, 0x2, 0x62, 0x0, 0x40, 0xcd, 0x26, 0xd9,
    0x1d, 0xd0, 0xce, 0xb1, 0x6e, 0x4, 0xea, 0x9e,
    0xd8, 0x5e, 0xa2, 0x36, 0x83, 0x37, 0x46, 0x60,
    0x3, 0x98, 0x6, 0x32, 0x1e, 0x25, 0x32, 0x21,
    0xa9, 0x73, 0x11, 0x82, 0x91, 0x18, 0x90, 0x14,
    0x88, 0x64, 0xe0, 0x64, 0x46, 0x0, 0x84, 0x3,
    0xa6, 0x47, 0x51, 0x2, 0x99, 0x14, 0x42, 0x92,
    0x64, 0x11, 0x5, 0x48, 0xa0, 0xb8, 0x75, 0x89,
    0xa, 0x88, 0x20, 0x7, 0xf3, 0x99, 0x88, 0xc4,
    0x10, 0x9, 0x9, 0xc1, 0x0, 0x90, 0x9c, 0x50,
    0x5, 0x49, 0x49, 0x5, 0x40, 0x88, 0x20, 0x1f,
    0xcd, 0x5c, 0x17, 0x49, 0x73, 0x7, 0x54, 0x29,
    0x95, 0x9d, 0x50, 0x3e, 0xa5, 0x6a, 0xc3, 0x6a,
    0xb9, 0x40, 0x3f, 0x84, 0x4c, 0x4, 0x2f, 0xc0,
    0x42, 0x31, 0x90, 0x70, 0x8c, 0xc, 0x3c, 0xc2,
    0x40, 0x40, 0x1f, 0xfc, 0x36, 0xeb, 0xd, 0xe3,
    0x7f, 0x82, 0xee, 0xc, 0xfb, 0x97, 0x70, 0x2b,
    0x98, 0xfb, 0x43, 0xc, 0x3, 0xff, 0x87, 0x9c,
    0xaa, 0xeb, 0xd, 0xe2, 0x8f, 0x91, 0xee, 0xc,
    0x7c, 0x17, 0x70, 0x2b, 0x98, 0x3, 0xff, 0x8a,
    0x42, 0x66, 0x16, 0x2, 0x11, 0x10, 0x11, 0x88,
    0x8c, 0x80, 0x47, 0x98, 0x78, 0x1c, 0x3, 0xff,
    0x87, 0x54, 0x77, 0x57, 0x5, 0x50, 0xe2, 0x60,
    0xaa, 0x85, 0x13, 0x67, 0x54, 0x1f, 0xa9, 0x9,
    0xaa, 0xca, 0x1, 0xfe, 0x52, 0x71, 0x12, 0xb,
    0x92, 0x10, 0x20, 0xb9, 0x21, 0x2, 0x3, 0x11,
    0x9c, 0xe0, 0xc4, 0x58, 0x40, 0x3f, 0xc9, 0x12,
    0x13, 0xe, 0xb1, 0x1, 0x98, 0x5a, 0x8f, 0x19,
    0x91, 0xcc, 0x49, 0xcc, 0x87, 0xe2, 0x32, 0x0,
    0x7f, 0x98, 0x8c, 0x1c, 0x88, 0x64, 0xa2, 0x64,
    0xdc, 0x46, 0x24, 0x56, 0x96, 0x91, 0x42, 0x64,
    0x59, 0x80, 0x3f, 0xc7, 0xb8, 0x15, 0xa8, 0x8d,
    0x81, 0xdc, 0x37, 0xc9, 0x1c, 0xc0, 0x36, 0x30,
    0xee, 0x82, 0x37, 0x71, 0x80, 0x7f, 0x7f, 0x89,
    0xfe, 0xc0, 0xf, 0xfd, 0xdf, 0xfc, 0x3a, 0x0,
    0x27, 0xf8, 0x33, 0xd8, 0x3, 0xf0, 0x80, 0x7,
    0xc0, 0x3f, 0xfa, 0x42, 0x1, 0x8c, 0x2, 0x1c,
    0xc1, 0xce, 0x48, 0x1, 0xb2, 0xef, 0xff, 0x88,
    0x0, 0x4c, 0xd0, 0xec, 0x70, 0x8, 0x44, 0x0,
    0x84, 0x77, 0x22, 0xbb, 0x22, 0x15, 0xc0, 0x3f,
    0xf8, 0x6a, 0x89, 0x3b, 0x23, 0x3a, 0x40, 0x1,
    0x81, 0x41, 0x6e, 0xff, 0xfb, 0xe, 0x4, 0x40,
    0xb6, 0x10, 0xf, 0xfe, 0xc0, 0xaf, 0x80,

    /* U+25B6 "▶" */
    0x40, 0xf, 0xfe, 0x65, 0x6a, 0x80, 0x7f, 0xf2,
    0xca, 0xb5, 0x40, 0x3f, 0xf9, 0x65, 0x5a, 0xa0,
    0x1f, 0xfc, 0xb2, 0xad, 0x50, 0xf, 0xfe, 0x59,
    0x56, 0xa8, 0x7, 0xff, 0x2c, 0xab, 0x54, 0x3,
    0xff, 0x96, 0x55, 0xaa, 0x1, 0xff, 0xcb, 0x2a,
    0xd5, 0x0, 0xff, 0xe5, 0x95, 0x6a, 0x80, 0x7f,
    0xf2, 0xca, 0xb5, 0x40, 0x3f, 0xf9, 0x65, 0x5a,
    0xa0, 0x1f, 0xfc, 0xb2, 0xad, 0x20, 0xf, 0xfe,
    0x52, 0x71, 0x0, 0x7f, 0xf2, 0x13, 0x2c, 0xc0,
    0x3f, 0xf8, 0xe9, 0x96, 0x60, 0x1f, 0xfc, 0x74,
    0xcb, 0x30, 0xf, 0xfe, 0x3a, 0x65, 0x98, 0x7,
    0xff, 0x1d, 0x32, 0xcc, 0x3, 0xff, 0x8e, 0x99,
    0x66, 0x1, 0xff, 0xc7, 0x4c, 0xb3, 0x0, 0xff,
    0xe3, 0xa6, 0x59, 0x80, 0x7f, 0xf1, 0xd3, 0x2c,
    0xc0, 0x3f, 0xf8, 0xe9, 0x96, 0x60, 0x1f, 0xfc,
    0x74, 0xcb, 0x30, 0xf, 0xfe, 0x48,

    /* U+26A0 "⚠" */
    0x0, 0xff, 0xe0, 0x88, 0x7, 0xff, 0x34, 0x7c,
    0x40, 0x3f, 0xf9, 0x96, 0x32, 0x1, 0xff, 0xcb,
    0x35, 0x17, 0x10, 0xf, 0xfe, 0x57, 0x96, 0x4,
    0x0, 0x7f, 0xf2, 0x54, 0xe4, 0x99, 0x84, 0x1,
    0xff, 0xc8, 0x84, 0x40, 0x40, 0xc8, 0x7, 0xff,
    0x1d, 0xca, 0x57, 0x52, 0x50, 0xc0, 0x3f, 0xf8,
    0xa3, 0x2c, 0x5c, 0x58, 0xe5, 0xe0, 0x1f, 0xfc,
    0x59, 0x18, 0x2, 0x1, 0x8, 0x35, 0x0, 0xff,
    0xe1, 0x93, 0xb8, 0x40, 0x43, 0xc1, 0x4e, 0x0,
    0x3f, 0xf8, 0x70, 0x30, 0x0, 0xe0, 0x20, 0x7,
    0x93, 0x0, 0x7f, 0xf0, 0x4d, 0x60, 0x2, 0x30,
    0x10, 0x1, 0xac, 0x0, 0x7f, 0xf0, 0x7c, 0x98,
    0x2, 0x60, 0x60, 0xa, 0x5, 0xc0, 0x3f, 0xe5,
    0x39, 0x0, 0xc2, 0x4, 0x1, 0x13, 0x40, 0x80,
    0x7f, 0xa0, 0xd0, 0x3, 0x10, 0x80, 0x74, 0x4,
    0x0, 0x7f, 0x31, 0x78, 0x7, 0x90, 0x3, 0x86,
    0x18, 0x80, 0x3f, 0x42, 0x98, 0x7, 0xa4, 0x3,
    0xce, 0x30, 0x1, 0xf4, 0xc, 0x0, 0x7c, 0x60,
    0x1f, 0x42, 0x98, 0x7, 0xb, 0xb8, 0x80, 0x3d,
    0x1e, 0xc0, 0x1e, 0x62, 0x80, 0xe, 0x81, 0x90,
    0xf, 0x84, 0x4, 0x3, 0xe9, 0x44, 0x0, 0x44,
    0xd2, 0x20, 0x1f, 0x4e, 0x38, 0x7, 0xc8, 0x88,
    0x0, 0xa4, 0x9, 0x57, 0xf9, 0x95, 0x7f, 0x8c,
    0xca, 0x6, 0x81, 0x55, 0xff, 0xc8, 0x70, 0x80,
    0x3f, 0xff, 0xfe, 0x66, 0x80,

    /* U+2713 "✓" */
    0x0, 0xff, 0xe2, 0x10, 0x7, 0xff, 0x8, 0xb3,
    0xf4, 0x80, 0x3f, 0xf8, 0x3, 0x86, 0x10, 0x40,
    0x1f, 0xfc, 0xd, 0x10, 0x47, 0x0, 0xff, 0xe0,
    0x49, 0x81, 0x58, 0x7, 0xff, 0x1, 0x58, 0x1,
    0xe0, 0x1f, 0xfc, 0x2, 0xa0, 0x5, 0x10, 0x7,
    0xff, 0x3, 0x80, 0xc, 0xa0, 0x1f, 0xfc, 0x8,
    0x30, 0x39, 0x0, 0xff, 0xe0, 0x1b, 0x80, 0xe8,
    0x7, 0xe1, 0x10, 0x5, 0xc0, 0xb, 0x10, 0xf,
    0xa7, 0xb0, 0x1, 0x4, 0xa, 0xa0, 0xf, 0x89,
    0x80, 0x90, 0x9c, 0x6, 0xc0, 0x3f, 0x10, 0x5,
    0x1c, 0x0, 0xa1, 0x0, 0xfe, 0x40, 0x1, 0x98,
    0x19, 0x0, 0x3f, 0xdc, 0x1, 0x8a, 0x40, 0x3f,
    0xe5, 0x0, 0xdc, 0x1, 0xff, 0xc1, 0x91, 0x29,
    0x30, 0xf, 0xf8,

    /* U+2717 "✗" */
    0x0, 0xff, 0xe2, 0x18, 0x90, 0x7, 0xc2, 0x86,
    0x1, 0xe4, 0xcc, 0x6a, 0x80, 0x72, 0xf5, 0xf0,
    0x7, 0x1d, 0x81, 0xa, 0x0, 0x7e, 0x23, 0x0,
    0x8f, 0x0, 0x2d, 0x10, 0xe, 0x40, 0xa, 0x80,
    0x5, 0xa0, 0x15, 0x18, 0x7, 0x85, 0x0, 0xc,
    0x41, 0xe2, 0x0, 0x85, 0x0, 0xfd, 0xa0, 0x14,
    0x59, 0x0, 0x15, 0xc0, 0x3f, 0x98, 0x2, 0x54,
    0x0, 0x15, 0x0, 0x7f, 0xca, 0x1, 0xef, 0x0,
    0xff, 0xe0, 0x48, 0x7, 0x51, 0x0, 0x7f, 0xf0,
    0xc, 0x40, 0x21, 0x50, 0xf, 0xfe, 0xc, 0x88,
    0x4, 0x2a, 0x1, 0xff, 0xc0, 0x66, 0x0, 0x74,
    0x0, 0x7f, 0xc7, 0x20, 0x1e, 0x24, 0x0, 0xfe,
    0x1d, 0x0, 0x91, 0x0, 0x14, 0x80, 0x7f, 0x50,
    0x80, 0x6, 0xa8, 0x1, 0x13, 0x0, 0x7c, 0xc8,
    0x1, 0x50, 0x8a, 0x40, 0x28, 0x0, 0xf1, 0x48,
    0x4, 0xc8, 0x0, 0x64, 0x0, 0xb, 0x0, 0x77,
    0x0, 0x43, 0x20, 0x1a, 0x84, 0x11, 0x80, 0x33,
    0x98, 0x5, 0x40, 0x1c, 0x34, 0x1a, 0x1, 0xd0,
    0x1, 0x2a, 0x0, 0x79, 0x39, 0x80, 0x31, 0x80,
    0x6b, 0x0, 0xfc, 0x20, 0x1c, 0x20, 0x14, 0x8,
    0x7, 0xff, 0x8, 0x98, 0x11, 0xc0, 0x3f, 0xf8,
    0x93, 0x96, 0x1, 0xff, 0xc4,

    /* U+F05A "" */
    0x0, 0xff, 0x92, 0x6f, 0x7f, 0xdb, 0x72, 0x80,
    0x1f, 0xfc, 0x71, 0x9f, 0xb6, 0x42, 0x0, 0x12,
    0x35, 0xfc, 0x88, 0x7, 0xff, 0xd, 0xf9, 0x80,
    0x3f, 0xf8, 0xd, 0xce, 0x1, 0xff, 0xc0, 0x1c,
    0x80, 0xf, 0xfe, 0x24, 0x60, 0x80, 0x7f, 0x17,
    0x98, 0x7, 0xff, 0x18, 0xfc, 0x80, 0x3e, 0x1c,
    0x10, 0xf, 0xfe, 0x40, 0xe0, 0x80, 0x7b, 0x44,
    0x3, 0xff, 0x94, 0x3a, 0x1, 0xd0, 0x60, 0x1f,
    0xfc, 0xc3, 0x70, 0x8, 0x5c, 0x3, 0xfe, 0x4e,
    0xe2, 0x0, 0x7f, 0xd0, 0x20, 0x8, 0x0, 0xff,
    0xe0, 0x50, 0x8a, 0x80, 0x3f, 0xf8, 0x10, 0x0,
    0x60, 0xf, 0xfe, 0x83, 0x2, 0x0, 0x7f, 0xf0,
    0x68, 0x45, 0x40, 0x1f, 0xfc, 0x14, 0xd0, 0xf,
    0xfe, 0xa, 0x77, 0x10, 0x3, 0xff, 0x83, 0xa4,
    0x1, 0xff, 0xd2, 0x26, 0x0, 0xff, 0x9b, 0xff,
    0x30, 0x7, 0xff, 0x5, 0x88, 0x3, 0xfe, 0x80,
    0xd, 0x20, 0x1f, 0xfc, 0x12, 0x0, 0xff, 0xe0,
    0x48, 0x7, 0xff, 0x1c, 0x80, 0x3f, 0xe7, 0xff,
    0x0, 0x7f, 0xf1, 0x9, 0x80, 0x3f, 0xfa, 0x4c,
    0x40, 0x1f, 0xfd, 0x22, 0xd0, 0xf, 0xfe, 0x96,
    0xa0, 0x7, 0xfc, 0xdf, 0xe0, 0xb, 0xd8, 0x3,
    0xfe, 0x40, 0x60, 0xf, 0xf4, 0x0, 0x7a, 0x0,
    0x3f, 0xcc, 0x0, 0x80, 0xf, 0xf4, 0x80, 0x7a,
    0x0, 0x3f, 0xd0, 0x0, 0x17, 0x0, 0xfe, 0x7f,
    0xff, 0x30, 0x7, 0xf4, 0x8, 0x5, 0x6, 0x1,
    0xff, 0xcc, 0x37, 0x0, 0xed, 0x10, 0xf, 0xfe,
    0x50, 0xe8, 0x7, 0x87, 0x4, 0x3, 0xff, 0x90,
    0x38, 0x20, 0x1f, 0x17, 0x98, 0x7, 0xff, 0x18,
    0xfc, 0x80, 0x3f, 0x87, 0x1c, 0x3, 0xff, 0x88,
    0xf8, 0x20, 0x1f, 0xfc, 0x8, 0xe6, 0x0, 0xff,
    0xe0, 0x37, 0x40, 0x7, 0xff, 0xc, 0x67, 0xed,
    0x90, 0x80, 0x4, 0x8d, 0x7f, 0x22, 0x1, 0xf8,

    /* U+F0ED "" */
    0x0, 0xff, 0x92, 0x77, 0xfb, 0x24, 0xc0, 0x3f,
    0xf9, 0xc5, 0x76, 0x62, 0x1, 0x36, 0xcc, 0x8,
    0x7, 0xff, 0x2c, 0xf1, 0x0, 0x3f, 0x1f, 0x98,
    0x7, 0xff, 0x24, 0xb4, 0x40, 0x3f, 0xc3, 0x82,
    0x1, 0xff, 0xc8, 0x91, 0x0, 0xff, 0xe0, 0xeb,
    0x67, 0x72, 0xd8, 0x3, 0xff, 0x82, 0x88, 0x0,
    0xff, 0xe1, 0x1c, 0x98, 0x89, 0x26, 0xc4, 0x3,
    0xfe, 0xd0, 0xf, 0xfe, 0x52, 0x50, 0x7, 0xfc,
    0x80, 0x1f, 0xfc, 0xb4, 0x60, 0xf, 0xf1, 0x0,
    0x7f, 0xf3, 0x34, 0x3, 0xff, 0x92, 0x88, 0x0,
    0xff, 0xe0, 0x28, 0x7, 0xf1, 0x0, 0x7f, 0x92,
    0xec, 0x80, 0x1f, 0xf0, 0x80, 0x7c, 0x55, 0xa0,
    0x1f, 0xe3, 0x0, 0x18, 0x7, 0xfc, 0x60, 0x1e,
    0x2c, 0x50, 0xf, 0xfe, 0x72, 0x0, 0x71, 0x60,
    0x80, 0x7f, 0xf3, 0xde, 0x0, 0x34, 0x8, 0x7,
    0xff, 0x45, 0xec, 0x0, 0x6a, 0x1, 0xfe, 0x7e,
    0x80, 0xf, 0x47, 0x38, 0x7, 0xf2, 0x48, 0x50,
    0x7, 0xfd, 0x22, 0xf3, 0xe0, 0xf, 0x97, 0x19,
    0x0, 0xff, 0x31, 0x28, 0x7, 0xfc, 0xc0, 0x6,
    0x60, 0x1, 0x98, 0x0, 0x60, 0xf, 0xfa, 0xc8,
    0x3, 0xfe, 0x86, 0x0, 0x8, 0x0, 0x40, 0xd,
    0x0, 0x1f, 0xf2, 0x88, 0x7, 0xff, 0x2, 0x58,
    0x3, 0xcd, 0x20, 0x1f, 0xfc, 0x2, 0x20, 0x7,
    0xff, 0x6, 0x58, 0x3, 0x34, 0x80, 0x7f, 0xf0,
    0x45, 0x0, 0x3f, 0xf8, 0x52, 0xc0, 0x6, 0x90,
    0xf, 0xfe, 0x11, 0x68, 0x7, 0xff, 0xe, 0x6e,
    0xd2, 0x1, 0xff, 0xc3, 0x44, 0x18, 0x7, 0xff,
    0xd, 0x10, 0x1, 0xff, 0xc4, 0xb0, 0xe1, 0x0,
    0xff, 0xe9, 0xc1, 0x1, 0x68, 0x80, 0x7f, 0xf4,
    0x51, 0xc0, 0x23, 0xc3, 0x0, 0xff, 0xe7, 0xb5,
    0x80, 0x71, 0x65, 0xb1, 0x0, 0x7f, 0xf2, 0x49,
    0xb6, 0x40, 0x20,

    /* U+F12E "" */
    0x0, 0xff, 0x92, 0xfb, 0x96, 0x80, 0x1f, 0xfc,
    0xd5, 0xb4, 0x11, 0x25, 0xa8, 0x7, 0xff, 0x32,
    0x0, 0x3d, 0x0, 0x1f, 0xfc, 0xc3, 0x0, 0xf1,
    0x80, 0x7f, 0xf3, 0x24, 0x3, 0xd6, 0x1, 0xff,
    0xcc, 0x71, 0x0, 0xcc, 0xa0, 0x1f, 0xfc, 0xd3,
    0x0, 0xd8, 0x1, 0xff, 0xcd, 0x62, 0x0, 0xd2,
    0x60, 0x1f, 0xfc, 0x38, 0xef, 0xff, 0xa4, 0x3,
    0x8f, 0x3f, 0xee, 0x80, 0xf, 0xe8, 0x71, 0x0,
    0xff, 0xe3, 0xb, 0xc0, 0x7, 0xe6, 0x0, 0xff,
    0xe5, 0x30, 0x7, 0xe1, 0x0, 0xff, 0xe5, 0x8,
    0x7, 0xff, 0xfd, 0x77, 0x4c, 0x1, 0xff, 0xc5,
    0x40, 0x3, 0x76, 0xb0, 0x40, 0xbd, 0x11, 0x25,
    0x0, 0x3f, 0xf8, 0x97, 0x39, 0x22, 0x52, 0x8f,
    0xd0, 0x1, 0xbc, 0x3, 0xff, 0x8a, 0xc6, 0x1,
    0xbc, 0x3, 0xe5, 0x0, 0xff, 0xe5, 0xa8, 0x7,
    0xff, 0x6d, 0x40, 0x3f, 0xf9, 0x6a, 0xfd, 0x0,
    0x1b, 0xc0, 0x3f, 0xf8, 0xac, 0x60, 0x1b, 0xe0,
    0x5e, 0x88, 0x92, 0x80, 0x1f, 0xfc, 0x4b, 0x9c,
    0x91, 0x29, 0x40, 0x9, 0x77, 0x4c, 0x1, 0xff,
    0xc5, 0x40, 0x3, 0x76, 0xb0, 0x7, 0xff, 0x81,
    0x2f, 0xb9, 0x68, 0x1, 0xff, 0xcd, 0x5b, 0x41,
    0x12, 0x5a, 0x80, 0x7f, 0xf3, 0x20, 0x3, 0xd0,
    0x1, 0xff, 0xec, 0x80, 0xf, 0x40, 0x7, 0xff,
    0x8, 0x40, 0x3f, 0x96, 0x0, 0x34, 0x28, 0x7,
    0x8, 0x7, 0xe6, 0x0, 0xff, 0x30, 0x6, 0x60,
    0xf, 0x30, 0x7, 0xe8, 0x71, 0x0, 0xfd, 0x20,
    0x1a, 0x40, 0x30, 0xbc, 0x0, 0x7e,

    /* U+F15C "" */
    0x1, 0xae, 0xff, 0xff, 0x62, 0x0, 0x7e, 0x1f,
    0x51, 0x0, 0xff, 0x1d, 0xb8, 0x7, 0xd6, 0x20,
    0x1f, 0xfc, 0x28, 0x80, 0x7, 0x90, 0x3, 0xff,
    0x88, 0xf0, 0x1, 0xc2, 0x1, 0xff, 0xc0, 0xc0,
    0xc, 0xf0, 0x1, 0xff, 0xc5, 0x3c, 0x0, 0xcf,
    0x0, 0x1f, 0xfc, 0x53, 0xc0, 0xc, 0xf0, 0x1,
    0xff, 0xc5, 0x3c, 0x0, 0xce, 0xe0, 0xf, 0xfe,
    0x29, 0xe0, 0x6, 0x84, 0x0, 0xff, 0xe2, 0x9e,
    0x8, 0x5, 0x0, 0x1f, 0xfc, 0x18, 0x0, 0xc7,
    0xa2, 0x0, 0x30, 0xf, 0xfe, 0xb, 0xff, 0xf6,
    0x8, 0x7, 0xff, 0xfc, 0x3, 0xff, 0xa4, 0xdf,
    0xff, 0xe6, 0x0, 0xff, 0xe0, 0x40, 0x7, 0xfa,
    0x0, 0x3f, 0xf8, 0x12, 0x1, 0xfe, 0x80, 0xf,
    0xfe, 0x3, 0xff, 0xff, 0x98, 0x3, 0xff, 0xe0,
    0xdf, 0xff, 0xe6, 0x0, 0xff, 0xe0, 0x40, 0x7,
    0xfa, 0x0, 0x3f, 0xf8, 0x12, 0x1, 0xfe, 0x80,
    0xf, 0xfe, 0x3, 0xff, 0xff, 0x98, 0x3, 0xff,
    0xd4, 0x20, 0x1f, 0xfc, 0xa1, 0x40, 0xf, 0xfe,
    0x52, 0x58, 0x80, 0x7f, 0xf2, 0x6, 0xc7, 0xd4,
    0x40, 0x3f, 0xf8, 0x82, 0xbe, 0x20,

    /* U+F1CD "" */
    0x0, 0xff, 0x92, 0x73, 0x7f, 0xdb, 0x92, 0x80,
    0x1f, 0xfc, 0x72, 0x8f, 0xb6, 0x32, 0x0, 0x11,
    0xb5, 0xfc, 0x10, 0x7, 0xff, 0xd, 0xf5, 0xc0,
    0x3f, 0xf8, 0xf, 0xae, 0x1, 0xfe, 0x4d, 0xda,
    0x0, 0x3f, 0xf8, 0x91, 0xbb, 0x20, 0x7, 0xa4,
    0x8a, 0x0, 0xc2, 0xf7, 0xdf, 0xee, 0xb7, 0x10,
    0xc, 0x45, 0x48, 0x7, 0xff, 0x0, 0x6b, 0xa1,
    0x4, 0x0, 0x29, 0x1d, 0x42, 0x1, 0xff, 0xc6,
    0x85, 0x0, 0xff, 0x2c, 0x0, 0x7f, 0xce, 0x40,
    0x1d, 0x2a, 0x1, 0xfe, 0x59, 0x0, 0xe2, 0x70,
    0x8, 0xa0, 0x3, 0xea, 0x50, 0xf, 0xcb, 0x40,
    0x1f, 0x41, 0x0, 0x2c, 0x2, 0x19, 0x0, 0xd4,
    0xcf, 0x9d, 0xcc, 0x76, 0xa0, 0xd, 0x22, 0x1,
    0x50, 0x1, 0x80, 0x2b, 0x6a, 0x0, 0xd3, 0x6,
    0x22, 0x38, 0x90, 0xd, 0x4d, 0x0, 0x13, 0x82,
    0x0, 0x42, 0xa0, 0xb4, 0x1, 0xff, 0xc2, 0xa5,
    0x6, 0x10, 0x9, 0x34, 0x2, 0x60, 0x9, 0x64,
    0x3, 0xff, 0x81, 0x2a, 0x1, 0x30, 0x5, 0xaa,
    0x1, 0x60, 0x6, 0x10, 0xd, 0x1d, 0xc8, 0x0,
    0xc2, 0x1, 0xb0, 0x2, 0x52, 0x0, 0x94, 0x3,
    0x58, 0x5, 0xe, 0x22, 0x78, 0x0, 0xac, 0x3,
    0x28, 0x4, 0x22, 0x0, 0x84, 0x3, 0x10, 0x4,
    0xc0, 0x19, 0x80, 0x22, 0x0, 0xc2, 0x1, 0x10,
    0x7, 0xff, 0x50, 0x40, 0x21, 0x0, 0xc4, 0x1,
    0x30, 0x6, 0x60, 0x8, 0x80, 0x30, 0x80, 0x44,
    0x40, 0x9, 0x40, 0x35, 0x80, 0x50, 0xe2, 0x27,
    0x80, 0xa, 0xc0, 0x32, 0x80, 0x42, 0xa0, 0x16,
    0x0, 0x61, 0x0, 0xd1, 0xdc, 0x80, 0xc, 0x20,
    0x1b, 0x0, 0x25, 0xd0, 0x9, 0x80, 0x25, 0x90,
    0xf, 0xfe, 0x4, 0xa8, 0x4, 0xc0, 0x16, 0xa0,
    0x4, 0x2a, 0xb, 0x40, 0x1f, 0xfc, 0x2a, 0x50,
    0x71, 0x0, 0x90, 0x18, 0x2, 0xb6, 0xa0, 0xd,
    0x10, 0x31, 0x3, 0x88, 0x0, 0x6a, 0x69, 0x0,
    0x9c, 0x1, 0x60, 0x10, 0xc8, 0x6, 0x97, 0x76,
    0x77, 0xe3, 0xba, 0x40, 0x34, 0x88, 0x5, 0x40,
    0x2, 0x80, 0xf, 0xa5, 0x80, 0x3f, 0x34, 0x80,
    0x7d, 0x4, 0x1, 0x39, 0x0, 0x74, 0xb0, 0x7,
    0xf9, 0xa4, 0x3, 0x89, 0xc0, 0x3f, 0xe8, 0x70,
    0xf, 0xf3, 0xc0, 0x7, 0xff, 0x18, 0x63, 0xa1,
    0x4, 0x0, 0x29, 0x1d, 0x2, 0x1, 0xff, 0xc0,
    0x92, 0x28, 0x3, 0xb, 0xdf, 0x7f, 0xba, 0xdc,
    0x40, 0x31, 0x15, 0x20, 0x1e, 0x4d, 0xda, 0x0,
    0x3f, 0xf8, 0x91, 0xbb, 0x20, 0x7, 0xf9, 0xf5,
    0x80, 0x3f, 0xf8, 0xd, 0xae, 0x1, 0xff, 0xc3,
    0x29, 0xfb, 0x63, 0x10, 0x0, 0x9b, 0x5f, 0xc9,
    0x0, 0x7e,

    /* U+F1D8 "" */
    0x0, 0xff, 0xe9, 0xa4, 0xc8, 0x40, 0x3f, 0xfa,
    0x7, 0x1d, 0x6c, 0xcb, 0x0, 0xff, 0xe6, 0x8b,
    0xee, 0x38, 0x80, 0x7f, 0xf3, 0x85, 0xb3, 0xa0,
    0x80, 0x3d, 0xe0, 0x1f, 0xfc, 0x85, 0xae, 0x93,
    0x0, 0xfe, 0x50, 0xf, 0xfe, 0x29, 0xcf, 0x52,
    0x80, 0x7f, 0xcc, 0x1, 0xff, 0xc3, 0x28, 0xec,
    0x61, 0x0, 0xff, 0xe0, 0xe8, 0x7, 0xff, 0x0,
    0x5f, 0x35, 0xc4, 0x3, 0xff, 0x86, 0x28, 0x1,
    0xfe, 0x5b, 0xe8, 0x30, 0xf, 0xfe, 0x33, 0x0,
    0x7e, 0x4a, 0xfa, 0x40, 0xf, 0xfe, 0x4d, 0x0,
    0x71, 0xcf, 0x5a, 0x80, 0x7f, 0xf2, 0xc8, 0x80,
    0x13, 0xee, 0x30, 0x80, 0x7f, 0xf3, 0x68, 0x2,
    0x98, 0x20, 0xf, 0xfe, 0x83, 0x0, 0x4e, 0x1,
    0xff, 0xc7, 0xa8, 0x0, 0xfc, 0x82, 0x1, 0x20,
    0x7, 0xff, 0x14, 0xb5, 0x4c, 0x3, 0xf6, 0x80,
    0x6a, 0x60, 0xf, 0xfe, 0x1a, 0x61, 0xd, 0x0,
    0x7e, 0x60, 0xe, 0x9f, 0x92, 0x0, 0xff, 0x9a,
    0xc4, 0x34, 0x40, 0x3e, 0x50, 0xf, 0xcd, 0xb8,
    0xa0, 0x1f, 0xa6, 0x40, 0xa, 0x30, 0xf, 0xde,
    0x1, 0xfe, 0x3a, 0xe9, 0x20, 0x8, 0x6d, 0x80,
    0xe, 0xa0, 0x1f, 0x85, 0x40, 0x3f, 0xf8, 0x2,
    0xdb, 0x8c, 0xcc, 0x40, 0x2, 0xc0, 0x7, 0xf3,
    0x80, 0x7f, 0xf1, 0xe, 0x64, 0x40, 0x3, 0xa0,
    0xf, 0xf5, 0x0, 0x7f, 0xf2, 0x47, 0x40, 0x3f,
    0xc2, 0x60, 0x1f, 0xfc, 0x99, 0x10, 0xf, 0xf3,
    0x0, 0x7f, 0xf2, 0x84, 0x3, 0xfe, 0xa0, 0xf,
    0xfe, 0x56, 0x80, 0x7f, 0x8c, 0x80, 0x3f, 0xf9,
    0x48, 0x40, 0x1f, 0xd6, 0x1, 0xff, 0xcc, 0xb0,
    0xf, 0xe6, 0x0, 0xff, 0xe6, 0x30, 0x7, 0xe4,
    0x10, 0xf, 0xfe, 0x6b, 0x0, 0x7d, 0xa0, 0x1f,
    0xfc, 0xea, 0x0, 0xf9, 0x80, 0x3f, 0xf9, 0xc6,
    0x60, 0xe, 0x50, 0xf, 0xfe, 0x85, 0x0, 0x77,
    0x0, 0x7f, 0xf4, 0x18, 0x40, 0x21, 0x40, 0xf,
    0xfe, 0x8b, 0x0, 0x4c, 0x1, 0xff, 0xd2, 0x85,
    0x15, 0x80, 0xf, 0xf8,

    /* U+F1DE "" */
    0x0, 0xfe, 0x4b, 0xee, 0x5a, 0x0, 0x7f, 0xf3,
    0x5e, 0xd0, 0x44, 0x96, 0xe0, 0x1f, 0xfc, 0xb4,
    0x80, 0xf, 0x42, 0x0, 0x7f, 0xf0, 0xd3, 0xbf,
    0xfa, 0xc0, 0x3f, 0x5f, 0xff, 0xff, 0x7, 0x92,
    0x84, 0x3, 0xff, 0xa0, 0x34, 0x1, 0xff, 0xd4,
    0xa1, 0x0, 0xff, 0xe8, 0xd, 0x27, 0x7f, 0xf5,
    0x80, 0x7e, 0xbf, 0xff, 0xfe, 0xf, 0x20, 0x7,
    0xc9, 0x0, 0x1e, 0x84, 0x0, 0xff, 0xe5, 0xbd,
    0xa0, 0x89, 0x2d, 0xc0, 0x3f, 0xf9, 0xa9, 0x7d,
    0xcb, 0x40, 0xc, 0x97, 0xdc, 0xb4, 0x0, 0xff,
    0xe6, 0xbd, 0xa0, 0x89, 0x2d, 0xc0, 0x3f, 0xf9,
    0x69, 0x0, 0x1e, 0x84, 0x0, 0xe4, 0xef, 0xff,
    0xfe, 0x1d, 0x80, 0x7e, 0xbf, 0xfb, 0x92, 0x84,
    0x3, 0xff, 0xa0, 0x34, 0x1, 0xff, 0xd4, 0xa1,
    0x0, 0xff, 0xe8, 0xd, 0x27, 0x7f, 0xff, 0xf0,
    0xec, 0x3, 0xf5, 0xff, 0xdc, 0x80, 0x1f, 0xfc,
    0x54, 0x80, 0xf, 0x42, 0x0, 0x7f, 0xf2, 0xde,
    0xd0, 0x44, 0x96, 0xe0, 0x1f, 0xfc, 0x14, 0xbe,
    0xe5, 0xa0, 0x7, 0x92, 0xfb, 0x96, 0x80, 0x1f,
    0xfc, 0x17, 0xb4, 0x11, 0x25, 0xb8, 0x7, 0xff,
    0x2d, 0x20, 0x3, 0xd0, 0x80, 0x1f, 0xfc, 0x54,
    0xef, 0xfa, 0xc0, 0x3f, 0x5f, 0xff, 0xff, 0xf,
    0x92, 0x84, 0x3, 0xff, 0xa0, 0x34, 0x1, 0xff,
    0xd4, 0xa1, 0x0, 0xff, 0xe8, 0xd, 0x27, 0x7f,
    0xd6, 0x1, 0xfa, 0xff, 0xff, 0xf8, 0x7c, 0x80,
    0x1c, 0x90, 0x1, 0xe8, 0x40, 0xf, 0xfe, 0x5b,
    0xda, 0x8, 0x92, 0xdc, 0x3, 0xff, 0x8c,

    /* U+F2DB "" */
    0x0, 0xfc, 0xdc, 0xc0, 0x10, 0xe6, 0x4, 0x2,
    0x6e, 0x60, 0xf, 0xfe, 0x24, 0x8c, 0x80, 0x4c,
    0x66, 0x60, 0xa, 0x46, 0x40, 0x3f, 0xff, 0xe0,
    0x1, 0xae, 0x0, 0xbf, 0xe8, 0x0, 0x47, 0xfc,
    0x1, 0x75, 0x8, 0x7, 0xf0, 0xfa, 0x88, 0x7,
    0xff, 0x10, 0x57, 0xc4, 0x3, 0xf5, 0x88, 0x7,
    0xff, 0x20, 0x6c, 0x3, 0xf2, 0x0, 0x7f, 0xf2,
    0x90, 0x3, 0x37, 0xfc, 0x20, 0x12, 0x77, 0xff,
    0xff, 0x3, 0x90, 0x2, 0x1f, 0xf9, 0xa0, 0x3,
    0xea, 0x10, 0xf, 0xfe, 0x0, 0xd0, 0x7, 0xd1,
    0x20, 0x1f, 0x8, 0x7, 0xff, 0x8, 0x40, 0x3e,
    0x87, 0xff, 0x80, 0x3e, 0xff, 0xff, 0x0, 0x7d,
    0xff, 0x30, 0x7, 0xff, 0xd0, 0x5d, 0xe0, 0xf,
    0xfe, 0x63, 0xbc, 0x3b, 0x11, 0x0, 0x7f, 0xf3,
    0x22, 0x2d, 0x0, 0xff, 0xea, 0x6c, 0x44, 0x1,
    0xff, 0xcc, 0x88, 0xb4, 0x5d, 0xe0, 0xf, 0xfe,
    0x63, 0xbc, 0x20, 0x1f, 0xff, 0x46, 0xff, 0x80,
    0x3e, 0xff, 0xff, 0x0, 0x7d, 0xff, 0x34, 0x0,
    0x7c, 0x20, 0x1f, 0xfc, 0x21, 0x0, 0xfa, 0x24,
    0x3, 0xea, 0x10, 0xf, 0xfe, 0x0, 0xd0, 0x7,
    0xd0, 0xff, 0xf0, 0x80, 0x49, 0xdf, 0xff, 0xfc,
    0xe, 0x40, 0x8, 0x7f, 0xe6, 0x0, 0xc8, 0x1,
    0xff, 0xca, 0x40, 0xf, 0xd6, 0x20, 0x1f, 0xfc,
    0x81, 0xb0, 0xf, 0xc3, 0xea, 0x20, 0x1f, 0xfc,
    0x41, 0x5f, 0x10, 0xf, 0xe1, 0xae, 0x0, 0xbf,
    0xe8, 0x0, 0x47, 0xfc, 0x1, 0x75, 0x8, 0x7,
    0xff, 0xfc, 0x1, 0x3, 0x20, 0x13, 0x19, 0x98,
    0x2, 0x81, 0x90, 0xf, 0xc0,

    /* U+F2F5 "" */
    0x0, 0x9a, 0xfb, 0xff, 0x72, 0x0, 0x7f, 0xf2,
    0x86, 0xe5, 0x4, 0x3, 0xd, 0x0, 0x7f, 0xf2,
    0xa9, 0x0, 0x3f, 0xfa, 0x4c, 0x80, 0x1f, 0x86,
    0x80, 0x3f, 0xb, 0x8, 0x7, 0xfb, 0x40, 0x24,
    0xef, 0xfd, 0xc8, 0x1, 0xfb, 0x27, 0xcc, 0x3,
    0xf9, 0x40, 0x2a, 0x10, 0xf, 0xfe, 0x11, 0x0,
    0xe9, 0x80, 0x7e, 0x10, 0x8, 0x40, 0x3f, 0xf8,
    0xc3, 0xa6, 0x1, 0xff, 0xd3, 0x1d, 0x30, 0xf,
    0xfe, 0x98, 0xe9, 0x80, 0x7f, 0xf4, 0xc7, 0x4c,
    0x3, 0xff, 0x87, 0x1d, 0xff, 0xf0, 0x7, 0xc3,
    0xa6, 0x1, 0xff, 0xc1, 0x87, 0x10, 0xf, 0xfe,
    0x18, 0xe9, 0x80, 0x7f, 0xf0, 0x18, 0x3, 0xff,
    0x8c, 0x3a, 0x60, 0x1f, 0xf0, 0x80, 0x7f, 0xf1,
    0xc7, 0xc0, 0x3f, 0xfc, 0x2, 0x1, 0xff, 0xc7,
    0x1f, 0x0, 0xff, 0x98, 0x3, 0xff, 0x8c, 0x3a,
    0x60, 0x1f, 0xf4, 0x38, 0x80, 0x7f, 0xf0, 0xc7,
    0x4c, 0x3, 0xff, 0x83, 0x1d, 0xff, 0xf0, 0x7,
    0xc3, 0xa6, 0x1, 0xff, 0xd1, 0x1d, 0x30, 0xf,
    0xfe, 0x88, 0xe9, 0x80, 0x7f, 0xf4, 0x47, 0x4c,
    0x3, 0xc2, 0x1, 0x8, 0x7, 0xff, 0x18, 0x74,
    0xc0, 0x3e, 0x50, 0xa, 0x84, 0x3, 0xff, 0x84,
    0x40, 0x3a, 0x60, 0x1f, 0xb4, 0x2, 0x4e, 0xff,
    0xdc, 0x80, 0x1f, 0xb2, 0x7c, 0xc0, 0x3f, 0x99,
    0x0, 0x3f, 0xd, 0x0, 0x7e, 0x16, 0x10, 0xf,
    0xfa, 0x90, 0x3, 0xff, 0xa6, 0x37, 0x28, 0x20,
    0x18, 0x68, 0x3, 0xff, 0x92,

    /* U+F2F9 "" */
    0x0, 0xff, 0xff, 0x80, 0x79, 0x26, 0xf7, 0xfb,
    0x99, 0xa, 0x1, 0xfa, 0x39, 0xc0, 0x3f, 0xc3,
    0x3f, 0x6c, 0x84, 0x2, 0x23, 0x7a, 0xe8, 0x10,
    0xd, 0x2e, 0x30, 0x1, 0xfd, 0x1c, 0xc0, 0x1f,
    0xf0, 0xbf, 0x38, 0x2, 0x58, 0x3, 0xfc, 0x38,
    0xe0, 0x1f, 0xfc, 0x48, 0xca, 0x60, 0xf, 0xf1,
    0x79, 0x80, 0x61, 0x7b, 0xdf, 0xed, 0xa7, 0x10,
    0xc, 0x6a, 0x1, 0xfe, 0x1c, 0x10, 0x8, 0x6b,
    0xa1, 0x8, 0x4, 0x96, 0x3a, 0x84, 0x3, 0xff,
    0x85, 0xa2, 0x1, 0x2f, 0x28, 0x7, 0xf9, 0x7c,
    0x40, 0x3f, 0xf8, 0x10, 0x60, 0x13, 0xd0, 0x7,
    0xff, 0x6, 0x4, 0x3, 0xfe, 0x17, 0x0, 0x96,
    0x0, 0x3f, 0xf8, 0x34, 0xc0, 0x1f, 0xfc, 0x8,
    0x0, 0x8a, 0x80, 0x3f, 0xf8, 0x32, 0xa0, 0x1f,
    0xfc, 0x16, 0x0, 0xa0, 0x3, 0xff, 0x84, 0xe0,
    0x1f, 0xfc, 0x14, 0x0, 0x89, 0x40, 0x3f, 0xf8,
    0x52, 0x1, 0xfc, 0x32, 0x0, 0xd0, 0x9, 0x40,
    0x3f, 0xf8, 0x6f, 0xff, 0xfd, 0xcc, 0x0, 0x50,
    0xb, 0x0, 0x3f, 0xfa, 0x22, 0x1, 0x28, 0x7,
    0xff, 0x44, 0x80, 0x21, 0x0, 0xff, 0xf9, 0x90,
    0x4, 0x40, 0x1f, 0xfd, 0x11, 0x0, 0x98, 0x3,
    0xff, 0xa2, 0xa0, 0x16, 0x80, 0x7f, 0xf4, 0x74,
    0x2, 0x70, 0xf, 0xfe, 0x8a, 0x0, 0x42, 0xc0,
    0x1f, 0xfd, 0x16, 0x0, 0xa0, 0x3, 0xff, 0x91,
    0x7f, 0x40, 0x1e, 0x80, 0x8, 0x6c, 0x3, 0xff,
    0x8d, 0x48, 0xa, 0xc0, 0x1c, 0x2e, 0x1, 0x24,
    0x80, 0x7f, 0xf1, 0x25, 0x40, 0x23, 0x0, 0xf4,
    0x18, 0x4, 0xd6, 0x1, 0xff, 0xc1, 0x1b, 0x60,
    0x8, 0xd4, 0x3, 0xed, 0x20, 0x9, 0x39, 0x80,
    0x3f, 0xcd, 0xe8, 0x1, 0x16, 0x80, 0x7e, 0x1f,
    0x20, 0x8, 0x67, 0xa5, 0x8, 0x44, 0x4b, 0x3d,
    0x22, 0x1, 0x17, 0x88, 0x7, 0xf1, 0x62, 0x0,
    0x61, 0x6b, 0xde, 0xe6, 0xd3, 0x8, 0x6, 0x4c,
    0x20, 0xf, 0xf8, 0x6e, 0x0, 0x3f, 0xf8, 0x63,
    0x16, 0x20, 0x1f, 0xfc, 0x27, 0xe7, 0x10, 0xf,
    0xf0, 0xbf, 0xb8, 0x7, 0xff, 0x14, 0x63, 0xb1,
    0xd0, 0x84, 0x44, 0x8f, 0x9d, 0x2, 0x1, 0xff,
    0xc9, 0x38, 0xbd, 0xee, 0x6d, 0xc1, 0x80, 0x7f,
    0xf8, 0x40,

    /* U+F590 "" */
    0x0, 0xfe, 0x38, 0xbd, 0xff, 0x6d, 0xc1, 0x80,
    0x7f, 0xf1, 0x17, 0x71, 0xd0, 0x80, 0x4, 0x8f,
    0x9a, 0xa0, 0x1f, 0xfc, 0x2, 0xca, 0x20, 0xf,
    0xf1, 0x56, 0x10, 0x7, 0xf2, 0x61, 0x80, 0x7f,
    0xf0, 0x8f, 0x10, 0x3, 0xe4, 0xb1, 0x0, 0xcb,
    0x5b, 0xfe, 0xda, 0x50, 0xc, 0x36, 0x80, 0x1c,
    0x54, 0x1, 0x97, 0xa9, 0x48, 0x0, 0x4b, 0x5c,
    0xa0, 0x1a, 0x88, 0x3, 0x70, 0x80, 0x51, 0x42,
    0x1, 0xf8, 0x6a, 0x0, 0x21, 0xe0, 0x9, 0x4c,
    0x2, 0x67, 0x0, 0xff, 0xe0, 0x3b, 0x0, 0x46,
    0xa0, 0x8, 0x0, 0x92, 0x40, 0x3f, 0xf8, 0x52,
    0x80, 0x14, 0x1, 0x90, 0x5, 0x40, 0x1f, 0xfc,
    0x4a, 0x0, 0x88, 0xec, 0x2, 0x51, 0x0, 0xff,
    0xe2, 0xa, 0x80, 0x56, 0x60, 0x17, 0x80, 0x7f,
    0xf1, 0xbc, 0x2, 0x36, 0x0, 0xa7, 0xbf, 0xa0,
    0x3, 0xfd, 0x1d, 0xfd, 0x20, 0x13, 0x10, 0x4,
    0x62, 0x2, 0xf0, 0x1, 0xfa, 0x1c, 0x40, 0x4c,
    0x2, 0x20, 0xf, 0xe6, 0x0, 0xfc, 0xc0, 0x1f,
    0xfc, 0x61, 0x0, 0xfc, 0x20, 0x1f, 0xff, 0x51,
    0x0, 0xff, 0xe7, 0xa8, 0x7, 0xff, 0x3f, 0x40,
    0x3f, 0xf9, 0xec, 0x80, 0x1f, 0x8, 0x7, 0xe1,
    0x0, 0xff, 0x52, 0x0, 0x79, 0x80, 0x3f, 0x30,
    0x7, 0xf8, 0x6e, 0x50, 0x40, 0x5e, 0x0, 0x3f,
    0x43, 0x88, 0x9, 0xc8, 0x7, 0x9a, 0xfb, 0xfa,
    0x0, 0x3f, 0xd1, 0xdf, 0xd8, 0xc0, 0x1f, 0xfc,
    0xf3, 0x0, 0x8, 0x7, 0xfd, 0x1d, 0xfe, 0xe8,
    0x0, 0xfa, 0xc0, 0xa, 0x1, 0xfe, 0x87, 0x10,
    0x0, 0xbc, 0x0, 0x71, 0xb8, 0x3, 0x80, 0x3f,
    0xcc, 0x1, 0xe6, 0x0, 0x8e, 0x30, 0x0, 0xaa,
    0x0, 0xff, 0xe2, 0x8f, 0xfd, 0x8e, 0x0, 0x1b,
    0x0, 0xff, 0x98, 0x3, 0xff, 0x82, 0xbe, 0x20,
    0x1f, 0xf4, 0x38, 0x80, 0x7e, 0x14, 0xaa, 0x8,
    0x0,

    /* U+F5FD "" */
    0x0, 0xff, 0xf0, 0x9d, 0x77, 0x28, 0xc0, 0x3f,
    0xf9, 0x89, 0x78, 0xa2, 0x25, 0xcc, 0x20, 0x7,
    0xff, 0x21, 0x72, 0xd0, 0x3, 0xc7, 0x7a, 0xa0,
    0x1f, 0xfc, 0x46, 0xea, 0x30, 0xf, 0xf1, 0x57,
    0x38, 0x7, 0xfc, 0x31, 0xd2, 0x20, 0x1f, 0xfc,
    0x21, 0x8e, 0x81, 0x0, 0xf1, 0x4f, 0x38, 0x80,
    0x7f, 0xf1, 0x85, 0xfa, 0x48, 0x0, 0x55, 0xac,
    0x1, 0xff, 0xcc, 0x6d, 0xa2, 0xf5, 0x0, 0xff,
    0xe8, 0x2f, 0x80, 0x7f, 0xf5, 0x3d, 0x40, 0x3f,
    0xfa, 0xb, 0xe5, 0x5a, 0xc0, 0x1f, 0xfc, 0xc6,
    0xda, 0x20, 0x1, 0x4f, 0x38, 0x80, 0x7f, 0xf1,
    0x85, 0xfa, 0x48, 0x3, 0xc3, 0x1d, 0x22, 0x1,
    0xff, 0xc2, 0x18, 0xe8, 0x10, 0xf, 0x11, 0x0,
    0x26, 0xea, 0x20, 0xf, 0xf1, 0x57, 0x38, 0x4,
    0x44, 0x0, 0x15, 0x6e, 0xa8, 0xc0, 0x25, 0xdb,
    0x40, 0xf, 0x1d, 0xea, 0x80, 0x47, 0x5b, 0xaa,
    0x2f, 0x50, 0x2, 0xe6, 0x10, 0x2, 0x4b, 0xc5,
    0x11, 0x2e, 0x61, 0x0, 0x24, 0xcc, 0x28, 0x1,
    0x7c, 0x3, 0xc7, 0x7a, 0xa0, 0x11, 0xd7, 0x72,
    0x8c, 0x2, 0x5d, 0xb3, 0x0, 0xf7, 0xa8, 0x7,
    0x8a, 0xb9, 0x80, 0x3f, 0x37, 0x51, 0x0, 0x79,
    0x7c, 0xab, 0x58, 0x3, 0xc3, 0x3d, 0x6, 0x22,
    0x38, 0xe9, 0x10, 0xf, 0x36, 0xd1, 0x0, 0xa,
    0x79, 0xc4, 0x3, 0x85, 0xf3, 0xb9, 0x8e, 0x20,
    0x1c, 0x2f, 0xd2, 0x40, 0x1e, 0x18, 0xe9, 0x10,
    0xf, 0xfe, 0x10, 0xc7, 0x40, 0x80, 0x78, 0x88,
    0x1, 0x37, 0x51, 0x0, 0x7f, 0x8a, 0xb9, 0xc0,
    0x22, 0x20, 0x0, 0xab, 0x75, 0x46, 0x1, 0x2e,
    0xda, 0x0, 0x78, 0xef, 0x54, 0x2, 0x3a, 0xdd,
    0x51, 0x7a, 0x80, 0x17, 0x30, 0x80, 0x12, 0x5e,
    0x28, 0x89, 0x73, 0x8, 0x1, 0x26, 0x61, 0x40,
    0xb, 0xe0, 0x1e, 0x3b, 0xd5, 0x0, 0x8e, 0xbb,
    0x94, 0x60, 0x12, 0xed, 0x98, 0x7, 0xbd, 0x40,
    0x3c, 0x55, 0xcc, 0x1, 0xf9, 0xba, 0x88, 0x3,
    0xcb, 0xe5, 0x5a, 0xc0, 0x1e, 0x19, 0xe8, 0x31,
    0x11, 0xc7, 0x48, 0x80, 0x79, 0xb6, 0x88, 0x0,
    0x53, 0xce, 0x20, 0x1c, 0x2f, 0x9d, 0xcc, 0x71,
    0x0, 0xe1, 0x7e, 0x92, 0x0, 0xf0, 0xc7, 0x40,
    0x80, 0x7f, 0xf0, 0x86, 0x7a, 0x4, 0x3, 0xfe,
    0x7e, 0xa2, 0x0, 0xff, 0x1d, 0x73, 0x0, 0x7f,
    0xf1, 0x17, 0x6c, 0xc0, 0x3c, 0x97, 0x8a, 0x1,
    0xff, 0xc8, 0x4c, 0xc2, 0x88, 0x97, 0x2d, 0x0,
    0x3f, 0xf9, 0x87, 0x5d, 0xca, 0x30, 0xf, 0xfe,
    0x8,

    /* U+FB56 "ﭖ" */
    0x0, 0xff, 0xe5, 0x27, 0xfa, 0xf, 0xfd, 0x20,
    0x1f, 0xfc, 0x65, 0x0, 0xc, 0x80, 0x28, 0x3,
    0xff, 0x8c, 0x60, 0x3, 0x70, 0x1, 0x80, 0x7f,
    0xf1, 0x90, 0x0, 0x64, 0x2, 0x1, 0xff, 0xc7,
    0xb0, 0x6, 0x8, 0x8, 0x80, 0x3f, 0xf8, 0xb4,
    0x40, 0x2a, 0x80, 0xd, 0x10, 0xf, 0xfe, 0x8,
    0xbf, 0x28, 0x2, 0xc2, 0x40, 0x7, 0xf0, 0x60,
    0x1f, 0x1a, 0xce, 0x74, 0x8, 0x2, 0x94, 0xe,
    0x80, 0x2, 0xf9, 0xfb, 0x98, 0xde, 0xfc, 0xa6,
    0x30, 0x9, 0x35, 0x40, 0x25, 0xc3, 0x0, 0xc4,
    0x66, 0x21, 0x0, 0xe2, 0x7d, 0xb2, 0x0, 0xe3,
    0xcd, 0x85, 0x21, 0x0, 0x88, 0xda, 0x2f, 0xb6,
    0x8, 0x3, 0xf8, 0x9e, 0xb7, 0xbf, 0xed, 0xc9,
    0x74, 0x10, 0xf, 0xfe, 0x20, 0xff, 0x90, 0xbf,
    0xc6, 0x1, 0xff, 0xe0, 0x1a, 0xa2, 0x95, 0x50,
    0x80, 0x3f, 0xf8, 0xea, 0xa1, 0x5, 0x50, 0x80,
    0x7f, 0xf2, 0x7, 0xfc, 0x60, 0x1f, 0xfe, 0x41,
    0xaa, 0x10, 0x7, 0xff, 0x0,

    /* U+FB57 "ﭗ" */
    0x0, 0xff, 0xe5, 0x27, 0xfa, 0x0, 0x32, 0x7f,
    0xa4, 0x3, 0xff, 0x8c, 0x80, 0x2, 0x0, 0xdc,
    0x0, 0xa0, 0xf, 0xfe, 0x48, 0x80, 0x64, 0x0,
    0x18, 0x7, 0xff, 0x18, 0xc0, 0xe, 0x1, 0x84,
    0x4, 0x3, 0xff, 0x8f, 0xe0, 0x1, 0x0, 0xc2,
    0x2, 0x20, 0xf, 0xfe, 0x21, 0xe9, 0x80, 0x8,
    0x3, 0x20, 0x3, 0x44, 0x3, 0xff, 0x82, 0x75,
    0x84, 0x1, 0x94, 0x2, 0x80, 0x1, 0xfc, 0x18,
    0x7, 0xc2, 0x91, 0xb8, 0xa0, 0x11, 0x80, 0x2d,
    0x40, 0x5, 0x40, 0x1, 0x7c, 0xfd, 0xd6, 0x6f,
    0x7f, 0x5b, 0x90, 0x4, 0x79, 0x82, 0x1, 0xaf,
    0xa0, 0x5d, 0x40, 0xc, 0x44, 0x32, 0x10, 0xe,
    0x16, 0xcc, 0x18, 0x78, 0x80, 0x42, 0x0, 0x2b,
    0xd8, 0x42, 0x0, 0x84, 0x8d, 0x62, 0xb7, 0xa4,
    0xc0, 0x22, 0xc5, 0x0, 0xf8, 0x9e, 0xf7, 0xfe,
    0xed, 0xca, 0x75, 0x20, 0xf, 0x8a, 0xbf, 0xd6,
    0x1, 0xf8, 0x7f, 0xc8, 0x5f, 0xe3, 0x0, 0xff,
    0xf4, 0xd, 0x51, 0x4a, 0xa8, 0x40, 0x1f, 0xfc,
    0xb5, 0x50, 0x82, 0xa8, 0x40, 0x3f, 0xf9, 0x83,
    0xfe, 0x30, 0xf, 0xff, 0x60, 0xd5, 0x8, 0x3,
    0xff, 0x88,

    /* U+FB58 "ﭘ" */
    0x0, 0xcd, 0x10, 0x0, 0xf5, 0x3b, 0x84, 0x3,
    0xff, 0x96, 0x20, 0x1f, 0x9, 0x0, 0x4, 0x2,
    0x1b, 0x0, 0x18, 0x1, 0x3b, 0x8a, 0x0, 0x90,
    0x0, 0x88, 0x2, 0x45, 0x0, 0xe2, 0x7b, 0x0,
    0x97, 0xfd, 0xb0, 0x1, 0xe2, 0x54, 0x3, 0x54,
    0x0, 0x2d, 0x50, 0x2e, 0xa0, 0x3, 0xfe, 0x7f,
    0xe0, 0x8f, 0xc0, 0xc, 0x4a, 0x80, 0x1e, 0xaa,
    0x48, 0x7, 0xfc,

    /* U+FB59 "ﭙ" */
    0x0, 0xcd, 0x10, 0x0, 0xfd, 0x4e, 0xe1, 0x0,
    0xff, 0xe8, 0x88, 0x0, 0xc0, 0x3c, 0x24, 0x0,
    0x40, 0xe, 0x1b, 0x0, 0xa0, 0xc0, 0x9, 0xdc,
    0x50, 0x8, 0x73, 0xf4, 0x44, 0x1, 0x10, 0x6,
    0x20, 0x8, 0xa3, 0x6d, 0x0, 0x25, 0xff, 0x6b,
    0x82, 0x5f, 0xfc, 0x0, 0x25, 0x40, 0x35, 0x40,
    0xc, 0xb5, 0x40, 0xba, 0x80, 0xf, 0xfe, 0x1b,
    0xff, 0x4, 0x7e, 0x0, 0x78, 0x95, 0x0, 0x3f,
    0x55, 0x24, 0x3, 0xff, 0x86,

    /* U+FB7A "ﭺ" */
    0x0, 0x9, 0xb3, 0xcc, 0xe8, 0x75, 0x30, 0xe,
    0x6d, 0xec, 0x98, 0x66, 0xcf, 0x15, 0x9e, 0xa0,
    0x17, 0x10, 0x7, 0xff, 0x4, 0x80, 0x30, 0xb4,
    0xde, 0xda, 0x0, 0x71, 0xa1, 0x80, 0x53, 0xd2,
    0xc8, 0xb6, 0x80, 0x6, 0xcf, 0xcb, 0x40, 0x8,
    0x40, 0x28, 0x80, 0x1, 0xbe, 0x4c, 0x3, 0xfc,
    0xce, 0x0, 0xb9, 0x0, 0xff, 0xe0, 0x14, 0x80,
    0x31, 0x0, 0x3f, 0xf8, 0x32, 0x0, 0x83, 0x0,
    0xff, 0xe0, 0x92, 0x1, 0x38, 0x0, 0xd4, 0xc1,
    0x14, 0xc0, 0x39, 0x40, 0x14, 0x1, 0x4d, 0x40,
    0x45, 0x50, 0x3, 0xb0, 0x0, 0xa0, 0x1f, 0xfc,
    0x37, 0x0, 0x10, 0x5, 0x5f, 0x61, 0x9f, 0x20,
    0x1f, 0xfc, 0x23, 0x53, 0x0, 0xf9, 0xc0, 0x4,
    0x1, 0xd1, 0x52, 0x1, 0xf1, 0x80, 0x10, 0x3,
    0xff, 0x87, 0x60, 0x8, 0x0, 0xeb, 0xfa, 0x0,
    0xf8, 0xcc, 0x3, 0x82, 0x1, 0xff, 0x8, 0x3,
    0x80, 0x7, 0xee, 0x20, 0x1e, 0x16, 0xcb, 0x0,
    0x16, 0x8, 0xc, 0x76, 0xdd, 0x4d, 0x6f, 0x49,
    0x80, 0x63, 0xf6, 0x0, 0x89, 0x15, 0x94, 0x80,
    0x2c, 0x0, 0xc3, 0x3d, 0x2c, 0x62, 0x1, 0x12,
    0xcf, 0x30,

    /* U+FB7B "ﭻ" */
    0x0, 0x9, 0xb3, 0xcc, 0xe8, 0x75, 0x20, 0xe,
    0x6d, 0xec, 0x98, 0x66, 0xcf, 0x15, 0xbe, 0xa0,
    0x17, 0x10, 0x7, 0xff, 0x4, 0x80, 0x30, 0xb4,
    0xe6, 0xe2, 0x0, 0x71, 0x29, 0x80, 0x53, 0xd2,
    0xc6, 0xb8, 0x80, 0x3, 0x0, 0x55, 0x10, 0x2,
    0x10, 0xa, 0x20, 0x0, 0x6e, 0xc2, 0xb, 0x0,
    0xfc, 0xce, 0x0, 0xa9, 0x10, 0xa0, 0x32, 0x0,
    0xf1, 0x48, 0x2, 0xd4, 0x2, 0x60, 0x5, 0x80,
    0x7a, 0x40, 0x10, 0x80, 0x18, 0x58, 0x18, 0x80,
    0x31, 0x20, 0x13, 0x80, 0x7a, 0xc0, 0x1c, 0x1,
    0x94, 0x1, 0x40, 0x1f, 0x13, 0x81, 0xd8, 0x80,
    0x30, 0x0, 0xa1, 0x3f, 0x61, 0x7f, 0x50, 0x60,
    0x9d, 0xa0, 0xe0, 0x2, 0x0, 0xfe, 0xd2, 0x0,
    0x10, 0x7, 0xaa, 0x9e, 0x11, 0x52, 0x3, 0xae,
    0x20, 0x7, 0x0, 0x8, 0x1a, 0xba, 0x82, 0x98,
    0x5, 0x1d, 0xe0, 0x60, 0x7, 0x0, 0xa6, 0xa0,
    0x3, 0xfa, 0xc0, 0x10, 0x1, 0xff, 0xc3, 0x33,
    0x0, 0xe0, 0x85, 0x7d, 0x80, 0x78, 0x54, 0x1,
    0xc0, 0x3, 0xf7, 0x10, 0xf, 0x14, 0x77, 0x80,
    0xb, 0x4, 0x6, 0x3b, 0x6e, 0xa6, 0xbb, 0x5c,
    0x3, 0x8f, 0xd8, 0x2, 0x24, 0x56, 0x51, 0x0,
    0xb0, 0x3, 0xc, 0xf4, 0xb1, 0x88, 0x4, 0x4b,
    0x3c, 0xc0,

    /* U+FB7C "ﭼ" */
    0x0, 0x9f, 0xba, 0xdc, 0x97, 0x40, 0xf, 0xf7,
    0x88, 0xc4, 0x6d, 0x17, 0xf6, 0xe4, 0x1, 0xff,
    0xc4, 0x48, 0xdc, 0x60, 0xd, 0x1f, 0xee, 0xdc,
    0xa7, 0x41, 0x0, 0x8e, 0x5c, 0x3, 0xc2, 0x46,
    0xb1, 0x7d, 0x20, 0x1f, 0xfc, 0x5a, 0x90, 0x8,
    0xd0, 0x3, 0xfc, 0x38, 0xa0, 0x2, 0xbc, 0x30,
    0xf, 0xe3, 0xf3, 0x0, 0x46, 0xa0, 0x7, 0xf9,
    0xf0, 0x40, 0xb1, 0xc0, 0x3f, 0x8d, 0xf6, 0x0,
    0x7, 0x86, 0x1, 0xc9, 0xdd, 0x7e, 0x41, 0x0,
    0x1b, 0x4, 0x3, 0xc2, 0x38, 0x3, 0x1d, 0xc8,
    0x7, 0xff, 0x0, 0x96, 0x7b, 0x10, 0x3, 0xf9,
    0x7f, 0xed, 0xa6, 0x55, 0x18, 0x22, 0x90, 0x7,
    0xff, 0x2, 0x2a, 0x81, 0x35, 0x40, 0xf, 0xfe,
    0x9e, 0x7c, 0x86, 0xfc, 0x0, 0x7f, 0xf0, 0x91,
    0x4c, 0x3, 0xff, 0x89, 0x15, 0x60, 0x1f, 0xfc,
    0xe0,

    /* U+FB7D "ﭽ" */
    0x0, 0x9f, 0xba, 0xdc, 0x97, 0x40, 0xf, 0xfe,
    0xf, 0x88, 0xc4, 0x6d, 0x17, 0xf6, 0xe4, 0x1,
    0xff, 0xc7, 0x48, 0xdc, 0x60, 0xf, 0xa3, 0xfd,
    0xdb, 0x95, 0xa, 0x20, 0x11, 0xcb, 0x80, 0x7f,
    0x9, 0x1a, 0xbd, 0x74, 0x80, 0x7f, 0xf2, 0x2a,
    0x40, 0x23, 0x40, 0xf, 0xfe, 0x8, 0xea, 0x80,
    0x4f, 0x86, 0x1, 0xff, 0xc0, 0x3f, 0x20, 0xc,
    0xc2, 0x1, 0xff, 0xc0, 0x7c, 0x10, 0x1c, 0x30,
    0x1d, 0x0, 0xfe, 0x37, 0xd8, 0x0, 0x1f, 0x9f,
    0x80, 0xf, 0x4c, 0x0, 0x9d, 0xd7, 0xe4, 0x10,
    0x1, 0xb0, 0x40, 0xe0, 0x0, 0x59, 0xda, 0x23,
    0x80, 0x31, 0xdc, 0x80, 0x67, 0x80, 0x8, 0x48,
    0x3, 0x12, 0xce, 0xe2, 0x0, 0x79, 0xf1, 0x44,
    0x0, 0xbf, 0xf6, 0xd3, 0x31, 0x4c, 0x11, 0x48,
    0x2, 0x3a, 0xef, 0xf0, 0x7, 0xd1, 0x54, 0x9,
    0xaa, 0x0, 0x7f, 0xf6, 0x73, 0xe4, 0x37, 0xe0,
    0x3, 0xff, 0x8a, 0x8a, 0x60, 0x1f, 0xfc, 0x78,
    0xab, 0x0, 0xff, 0xea, 0x0,

    /* U+FB8A "ﮊ" */
    0x0, 0xff, 0x85, 0x54, 0x1, 0xff, 0xc2, 0x2a,
    0xa0, 0x80, 0x7f, 0xf4, 0x8f, 0xfc, 0x20, 0x1f,
    0xf0, 0xaa, 0x80, 0x55, 0x40, 0x1f, 0xe2, 0xaa,
    0x12, 0xd5, 0x4, 0x3, 0xff, 0x9c, 0x7f, 0xe2,
    0x4f, 0xf0, 0x80, 0x7f, 0xf8, 0x88, 0x82, 0x1,
    0xff, 0xc2, 0xcd, 0xf0, 0xf, 0xfe, 0x13, 0x80,
    0xa0, 0x7, 0xff, 0x7, 0x80, 0x4, 0x1, 0xff,
    0xc1, 0x20, 0x7, 0x0, 0x7f, 0xf4, 0x8c, 0x1,
    0xe0, 0x1f, 0xfc, 0x1c, 0x0, 0x18, 0x7, 0xff,
    0x5, 0x0, 0x8, 0x1, 0xff, 0xc0, 0x91, 0x4,
    0x0, 0xff, 0xe0, 0x33, 0x0, 0x1e, 0x1, 0xff,
    0x44, 0x80, 0x11, 0x0, 0x1f, 0xc9, 0x8e, 0x0,
    0x2b, 0x0, 0xf0, 0xa4, 0x6d, 0x98, 0x1, 0x30,
    0x3, 0x27, 0x7f, 0x5b, 0x90, 0x0, 0x66, 0xc4,
    0x3, 0x8, 0x80, 0x38, 0xe7, 0x98, 0x3, 0xf0,
    0x9b, 0x4e, 0xe3, 0x0, 0x7e,

    /* U+FB8B "ﮋ" */
    0x0, 0xff, 0x8f, 0xfc, 0x20, 0x1f, 0xfd, 0x82,
    0xaa, 0x8, 0x7, 0xff, 0x10, 0x55, 0x40, 0x1f,
    0xfc, 0x33, 0xff, 0x12, 0x7f, 0x84, 0x3, 0xff,
    0xa8, 0x55, 0x42, 0x5a, 0xa0, 0x80, 0x7f, 0xf0,
    0x5, 0x54, 0x2, 0xaa, 0x0, 0xff, 0xf6, 0x55,
    0xc8, 0x7, 0xff, 0x15, 0x91, 0x80, 0x3f, 0xf8,
    0xa8, 0x0, 0x40, 0xf, 0xfe, 0x27, 0x0, 0x30,
    0x3, 0xff, 0x88, 0x60, 0x6, 0x0, 0xff, 0xe2,
    0x18, 0x0, 0x6c, 0x40, 0x3f, 0xf8, 0x42, 0x1,
    0x27, 0x73, 0x40, 0x3f, 0xf8, 0x18, 0x1, 0xc2,
    0x40, 0x1f, 0xf1, 0x20, 0xd, 0x10, 0x7, 0xff,
    0xa, 0x40, 0xe, 0xbb, 0xff, 0x0, 0x7f, 0xa5,
    0x0, 0x16, 0x1, 0xff, 0xc1, 0x1b, 0x60, 0x3,
    0x90, 0x7, 0xff, 0x1, 0xfd, 0x0, 0x9, 0x0,
    0x1f, 0x84, 0xda, 0xbe, 0x4, 0x0, 0xd6, 0x1,
    0xf2, 0xff, 0x64, 0xa8, 0x4, 0x77, 0x20, 0x1f,
    0xfc, 0x35, 0xbc, 0x40, 0xf, 0xe1, 0x23, 0x58,
    0xbf, 0xa4, 0x0, 0xff, 0x80,

    /* U+FB8E "ﮎ" */
    0x0, 0xff, 0xe6, 0xab, 0x0, 0x7f, 0xf2, 0x85,
    0xfa, 0xb0, 0x3, 0xff, 0x90, 0x75, 0xd0, 0x20,
    0x1f, 0xfc, 0x86, 0xdc, 0x50, 0x9, 0xa0, 0x3,
    0xff, 0x86, 0x53, 0xf2, 0x40, 0x2, 0x9f, 0x92,
    0x0, 0xff, 0xe1, 0x56, 0xb0, 0x4, 0xb7, 0xac,
    0x1, 0xff, 0xc4, 0x95, 0x0, 0xb, 0xf5, 0x20,
    0x7, 0xff, 0x14, 0x58, 0x0, 0xfd, 0x2, 0x1,
    0xff, 0xc7, 0x20, 0x1, 0x40, 0x7, 0xff, 0x28,
    0x80, 0x4, 0x40, 0xf, 0xfe, 0x50, 0xa0, 0x3,
    0xc4, 0x3, 0xff, 0x95, 0x42, 0x5, 0x40, 0x1f,
    0xfc, 0xa1, 0xd0, 0x2, 0x48, 0x7, 0xff, 0x28,
    0xe8, 0x0, 0xcc, 0x0, 0xff, 0xe5, 0x2b, 0x80,
    0x25, 0x0, 0x3f, 0xf9, 0x50, 0x80, 0xa, 0x10,
    0xe, 0x3f, 0xf4, 0x80, 0x7f, 0xf0, 0x68, 0x80,
    0x60, 0x3, 0xa4, 0x1, 0x40, 0x1f, 0xfc, 0x11,
    0xe0, 0x3, 0x0, 0x73, 0x80, 0xc, 0x3, 0xff,
    0x84, 0x62, 0x0, 0x20, 0xc, 0x40, 0x20, 0x1f,
    0xfc, 0x43, 0x0, 0x18, 0x6, 0x10, 0x11, 0x0,
    0x7f, 0xf0, 0x9c, 0x80, 0x44, 0x1, 0x90, 0x1,
    0xa2, 0x1, 0xff, 0x26, 0x40, 0x1, 0x80, 0x3a,
    0x40, 0x7, 0xf0, 0x60, 0x1e, 0x38, 0xdb, 0x30,
    0x1, 0x48, 0x7, 0x1d, 0x0, 0x5, 0xf3, 0xf7,
    0x31, 0xbf, 0x8e, 0x40, 0x13, 0xe8, 0x80, 0x79,
    0x71, 0x0, 0x31, 0x19, 0x88, 0x3, 0x1c, 0xfc,
    0x0, 0x7f, 0x1d, 0xec, 0x29, 0x8, 0x0, 0x4d,
    0xab, 0xb1, 0x80, 0x3f, 0x80,

    /* U+FB8F "ﮏ" */
    0x0, 0xff, 0xe7, 0x8, 0x7, 0xff, 0x3d, 0xb6,
    0xc0, 0x3f, 0xf9, 0x85, 0x1f, 0x24, 0x1, 0xff,
    0xcb, 0x4b, 0xd7, 0x0, 0xb4, 0x3, 0xff, 0x8e,
    0x2f, 0xb6, 0x80, 0x1, 0x8e, 0x70, 0xf, 0xfe,
    0x29, 0x4f, 0x41, 0x0, 0xe, 0xb9, 0xc4, 0x3,
    0xff, 0x8a, 0x7a, 0xc0, 0x13, 0x6e, 0x28, 0x7,
    0xff, 0x23, 0x80, 0x3, 0x1f, 0x24, 0x1, 0xff,
    0xc9, 0x22, 0x0, 0x3d, 0xc0, 0x3f, 0xf9, 0x82,
    0x0, 0x11, 0x0, 0x7f, 0xf3, 0x4c, 0x0, 0x30,
    0x1, 0xff, 0xce, 0x80, 0x3, 0xa8, 0x7, 0xff,
    0x35, 0xd4, 0x1, 0x46, 0x1, 0xff, 0xcd, 0xa2,
    0x0, 0x68, 0x80, 0x7f, 0xf3, 0x7c, 0x40, 0x74,
    0x3, 0xff, 0x9a, 0x54, 0x0, 0x3a, 0x0, 0xff,
    0x3c, 0x30, 0x7, 0xff, 0x1, 0x20, 0x0, 0xae,
    0x1, 0xf9, 0xa1, 0xc0, 0x3f, 0xf8, 0x4e, 0xa0,
    0x8, 0x40, 0xf, 0xa8, 0x0, 0xe0, 0x1f, 0xfc,
    0x2b, 0x0, 0xac, 0x80, 0x3c, 0x40, 0x22, 0x0,
    0xff, 0xe1, 0x9, 0x0, 0x5e, 0x20, 0x1c, 0x20,
    0x1f, 0xfc, 0x63, 0x0, 0x8b, 0x40, 0x38, 0x80,
    0x50, 0x3, 0xff, 0x82, 0x36, 0x20, 0x40, 0x3,
    0xb1, 0x0, 0x94, 0x1, 0x48, 0x1, 0xfe, 0x18,
    0xe4, 0x0, 0x7c, 0x80, 0x13, 0xba, 0x59, 0x10,
    0x1b, 0xc7, 0x31, 0x0, 0x9, 0xbd, 0xf3, 0x80,
    0xb, 0x9, 0xa0, 0x2, 0x11, 0x18, 0xe1, 0x0,
    0xe, 0x33, 0xbf, 0xdd, 0x90, 0x80, 0x13, 0xe9,
    0x80, 0x1f, 0x14, 0x40, 0x31, 0x6c, 0x8, 0x7,
    0xf8, 0xe7, 0xe0, 0x3, 0x8e, 0xbb, 0xfc, 0xc0,
    0x13, 0xf6, 0x4b, 0x2a, 0x24, 0xf5, 0xd8, 0xc0,
    0x1f, 0xfc, 0x10,

    /* U+FB90 "ﮐ" */
    0x0, 0xff, 0xe9, 0x14, 0xf9, 0x80, 0x7f, 0xcb,
    0x9a, 0xc0, 0x1f, 0xe1, 0x8e, 0xa3, 0x0, 0x8,
    0x80, 0x3c, 0x95, 0xce, 0x20, 0x4, 0xae, 0x20,
    0xc, 0xdb, 0x6a, 0x1, 0x36, 0xda, 0x80, 0x75,
    0xc9, 0x0, 0xa, 0x7e, 0x48, 0x3, 0xc8, 0x80,
    0x2, 0x5e, 0xb0, 0x7, 0xf6, 0x80, 0x16, 0xd0,
    0x3, 0xff, 0x84, 0x40, 0x1f, 0xfc, 0x1c, 0x0,
    0x39, 0x0, 0x7f, 0xf0, 0x15, 0x0, 0x1e, 0x20,
    0x1f, 0xfc, 0xa, 0x20, 0x2d, 0x0, 0xff, 0xe0,
    0xf, 0x80, 0xe, 0x40, 0x3f, 0xf8, 0x5, 0x40,
    0x6, 0x70, 0xf, 0xfe, 0x2, 0xc0, 0x2, 0x10,
    0x3, 0xff, 0x80, 0xea, 0x0, 0xa0, 0xf, 0xfe,
    0xd, 0x10, 0xb, 0x0, 0x7f, 0xf0, 0x6c, 0x1,
    0xa0, 0x1f, 0xfc, 0x12, 0x0, 0xff, 0xe2, 0x60,
    0x0, 0x80, 0x3f, 0xf8, 0xa, 0xe0, 0xd, 0x0,
    0xe4, 0xee, 0xef, 0xa0, 0x1, 0xa0, 0x7, 0x8,
    0xf8, 0x2, 0x1e, 0x0, 0xff, 0xe0, 0x94, 0x71,
    0x0, 0x78,

    /* U+FB91 "ﮑ" */
    0x0, 0xff, 0xea, 0x14, 0xf9, 0x80, 0x7f, 0xf0,
    0x57, 0x35, 0x80, 0x3f, 0xf8, 0x3, 0x1d, 0x46,
    0x0, 0x11, 0x0, 0x7e, 0x4a, 0xe7, 0x10, 0x2,
    0x57, 0x10, 0x7, 0x9b, 0x6d, 0x40, 0x26, 0xdb,
    0x50, 0xf, 0xae, 0x48, 0x0, 0x53, 0xf2, 0x40,
    0x1f, 0x91, 0x0, 0x4, 0xbd, 0x60, 0xf, 0xfb,
    0x40, 0xb, 0x68, 0x1, 0xff, 0xc4, 0x20, 0xf,
    0xfe, 0x1e, 0x0, 0x1c, 0x80, 0x3f, 0xf8, 0x4a,
    0x80, 0xf, 0x10, 0xf, 0xfe, 0x15, 0x10, 0x15,
    0x0, 0x7f, 0xf0, 0x87, 0xc0, 0x9, 0x20, 0x1f,
    0xfc, 0x22, 0xa0, 0x3, 0x30, 0x3, 0xff, 0x84,
    0xb0, 0x0, 0x94, 0x0, 0xff, 0xe1, 0x3a, 0x80,
    0x28, 0x80, 0x3f, 0xf8, 0x54, 0x40, 0x3e, 0x1,
    0xff, 0xc3, 0xb0, 0x1, 0x58, 0x7, 0xff, 0x8,
    0x80, 0x24, 0x80, 0xf, 0xfe, 0xe, 0x0, 0x67,
    0x60, 0xf, 0xf9, 0x5c, 0x0, 0x60, 0x9, 0x60,
    0x9, 0x3b, 0xbb, 0xe8, 0x0, 0x78, 0x60, 0x9,
    0xfe, 0xd1, 0x1f, 0x0, 0x45, 0xa1, 0xa4, 0x1,
    0x9, 0x0, 0x7c, 0x71, 0xa2, 0x3, 0xb2, 0x60,
    0x10,

    /* U+FB92 "ﮒ" */
    0x0, 0xff, 0xf3, 0xa5, 0xd0, 0x7, 0xff, 0x24,
    0x5f, 0x6d, 0x0, 0x3f, 0xf9, 0x7, 0x5d, 0x4,
    0xb, 0x20, 0x1f, 0xfc, 0x56, 0xdc, 0x50, 0x28,
    0xea, 0x30, 0xf, 0xfe, 0x11, 0xcf, 0xc9, 0x2,
    0x5e, 0xb8, 0xab, 0x0, 0x7f, 0xf0, 0x6b, 0x18,
    0x5, 0xfa, 0xd0, 0x5f, 0xab, 0x0, 0x3f, 0xf8,
    0x2e, 0x9, 0x5d, 0x2, 0x75, 0xd0, 0x20, 0x1f,
    0xfc, 0x3a, 0xdb, 0x50, 0x6d, 0xc5, 0x0, 0x9a,
    0x0, 0x3f, 0xf8, 0x2e, 0x44, 0x9f, 0x92, 0x0,
    0x14, 0xfc, 0x90, 0x7, 0xff, 0xa, 0xb5, 0x80,
    0x25, 0xbd, 0x60, 0xf, 0xfe, 0x24, 0xa8, 0x0,
    0x5f, 0xa9, 0x0, 0x3f, 0xf8, 0xa2, 0xc0, 0x7,
    0xe8, 0x10, 0xf, 0xfe, 0x39, 0x0, 0xa, 0x0,
    0x3f, 0xf9, 0x44, 0x0, 0x22, 0x0, 0x7f, 0xf2,
    0x85, 0x0, 0x1e, 0x20, 0x1f, 0xfc, 0xaa, 0x10,
    0x2a, 0x0, 0xff, 0xe5, 0xe, 0x80, 0x12, 0x40,
    0x3f, 0xf9, 0x47, 0x40, 0x6, 0x60, 0x7, 0xff,
    0x29, 0x5c, 0x1, 0x28, 0x1, 0xff, 0xca, 0x84,
    0x0, 0x50, 0x80, 0x71, 0xff, 0xa4, 0x3, 0xff,
    0x83, 0x44, 0x3, 0x0, 0x1d, 0x20, 0xa, 0x0,
    0xff, 0xe0, 0x8f, 0x0, 0x18, 0x3, 0x9c, 0x0,
    0x60, 0x1f, 0xfc, 0x23, 0x10, 0x1, 0x0, 0x62,
    0x1, 0x0, 0xff, 0xe2, 0x18, 0x0, 0xc0, 0x30,
    0x80, 0x88, 0x3, 0xff, 0x84, 0xe4, 0x2, 0x20,
    0xc, 0x80, 0xd, 0x10, 0xf, 0xf9, 0x32, 0x0,
    0xc, 0x1, 0xd2, 0x0, 0x3f, 0x83, 0x0, 0xf1,
    0xc6, 0xd9, 0x80, 0xa, 0x40, 0x38, 0xe8, 0x0,
    0x2f, 0x9f, 0xb9, 0x8d, 0xfc, 0x72, 0x0, 0x9f,
    0x44, 0x3, 0xcb, 0x88, 0x1, 0x88, 0xcc, 0x40,
    0x18, 0xe7, 0xe0, 0x3, 0xf8, 0xef, 0x61, 0x48,
    0x40, 0x2, 0x6d, 0x5d, 0x8c, 0x1, 0xfc,

    /* U+FB93 "ﮓ" */
    0x0, 0xff, 0xe6, 0x9a, 0x80, 0x7f, 0xf3, 0x9b,
    0x31, 0xe0, 0x1f, 0xfc, 0xb2, 0x8e, 0x93, 0x2,
    0x0, 0xff, 0xe4, 0xad, 0xeb, 0x88, 0x9f, 0x60,
    0x3, 0xff, 0x8c, 0x31, 0xd4, 0x80, 0x75, 0xd0,
    0x42, 0x1, 0xff, 0xc4, 0x4b, 0xe7, 0x10, 0x6c,
    0xc2, 0x83, 0x6d, 0x80, 0x7f, 0xf1, 0x25, 0x0,
    0xa7, 0xe4, 0xca, 0x3e, 0x48, 0x3, 0xff, 0x8c,
    0xb9, 0xac, 0x9, 0x7a, 0xe0, 0x16, 0x80, 0x7f,
    0xf1, 0x36, 0x8c, 0x5f, 0x6d, 0x0, 0x3, 0x1c,
    0xe0, 0x1f, 0xfc, 0x52, 0x9e, 0x82, 0x0, 0x1d,
    0x73, 0x88, 0x7, 0xff, 0x14, 0xf5, 0x80, 0x26,
    0xdc, 0x50, 0xf, 0xfe, 0x47, 0x0, 0x6, 0x3e,
    0x48, 0x3, 0xff, 0x92, 0x44, 0x0, 0x7b, 0x80,
    0x7f, 0xf3, 0x4, 0x0, 0x22, 0x0, 0xff, 0xe6,
    0x98, 0x0, 0x60, 0x3, 0xff, 0x9d, 0x0, 0x7,
    0x50, 0xf, 0xfe, 0x6b, 0xa8, 0x2, 0x8c, 0x3,
    0xff, 0x9b, 0x44, 0x0, 0xd1, 0x0, 0xff, 0xe6,
    0xf8, 0x80, 0xe8, 0x7, 0xff, 0x34, 0xa8, 0x0,
    0x74, 0x1, 0xfe, 0x78, 0x60, 0xf, 0xfe, 0x2,
    0x40, 0x1, 0x5c, 0x3, 0xf3, 0x43, 0x80, 0x7f,
    0xf0, 0x9d, 0x40, 0x10, 0x80, 0x1f, 0x50, 0x1,
    0xc0, 0x3f, 0xf8, 0x56, 0x1, 0x59, 0x0, 0x78,
    0x80, 0x44, 0x1, 0xff, 0xc2, 0x12, 0x0, 0xbc,
    0x40, 0x38, 0x40, 0x3f, 0xf8, 0xc6, 0x1, 0x16,
    0x80, 0x71, 0x0, 0xa0, 0x7, 0xff, 0x4, 0x6c,
    0x40, 0x80, 0x7, 0x62, 0x1, 0x28, 0x2, 0x90,
    0x3, 0xfc, 0x31, 0xc8, 0x0, 0xf9, 0x0, 0x27,
    0x74, 0xb2, 0x20, 0x37, 0x8e, 0x62, 0x0, 0x13,
    0x7b, 0xe7, 0x0, 0x16, 0x13, 0x40, 0x4, 0x22,
    0x31, 0xc2, 0x0, 0x1c, 0x67, 0x7f, 0xbb, 0x21,
    0x0, 0x27, 0xd3, 0x0, 0x3e, 0x28, 0x80, 0x62,
    0xd8, 0x10, 0xf, 0xf1, 0xcf, 0xc0, 0x7, 0x1d,
    0x77, 0xf9, 0x80, 0x27, 0xec, 0x96, 0x54, 0x49,
    0xeb, 0xb1, 0x80, 0x3f, 0xf8, 0x20,

    /* U+FB94 "ﮔ" */
    0x0, 0xff, 0xe1, 0xa9, 0x0, 0x7f, 0xf0, 0xa,
    0x3a, 0x84, 0x3, 0xfc, 0xb7, 0xae, 0x23, 0x0,
    0x7c, 0x2f, 0xd4, 0x80, 0x73, 0xc4, 0x1, 0xc9,
    0x5d, 0x2, 0xd, 0x98, 0x60, 0xe, 0x7d, 0xb5,
    0x2, 0x8e, 0x93, 0x29, 0xf3, 0x0, 0x24, 0x10,
    0x2d, 0xeb, 0x8a, 0xe6, 0xb0, 0x7, 0xc, 0x75,
    0x20, 0xc7, 0x51, 0x80, 0x4, 0x40, 0x4, 0xe7,
    0x14, 0xae, 0x71, 0x0, 0x25, 0x71, 0x0, 0x66,
    0xdb, 0x50, 0x9, 0xb6, 0xd4, 0x3, 0xae, 0x48,
    0x0, 0x53, 0xf2, 0x40, 0x1e, 0x44, 0x0, 0x12,
    0xf5, 0x80, 0x3f, 0xb4, 0x0, 0xb6, 0x80, 0x1f,
    0xfc, 0x22, 0x0, 0xff, 0xe0, 0xe0, 0x1, 0xc8,
    0x3, 0xff, 0x80, 0xa8, 0x0, 0xf1, 0x0, 0xff,
    0xe0, 0x51, 0x1, 0x68, 0x7, 0xff, 0x0, 0x7c,
    0x0, 0x72, 0x1, 0xff, 0xc0, 0x2a, 0x0, 0x33,
    0x80, 0x7f, 0xf0, 0x16, 0x0, 0x10, 0x80, 0x1f,
    0xfc, 0x7, 0x50, 0x5, 0x0, 0x7f, 0xf0, 0x68,
    0x80, 0x58, 0x3, 0xff, 0x83, 0x60, 0xd, 0x0,
    0xff, 0xe0, 0x90, 0x7, 0xff, 0x13, 0x0, 0x4,
    0x1, 0xff, 0xc0, 0x57, 0x0, 0x68, 0x7, 0x27,
    0x77, 0x7d, 0x0, 0xd, 0x0, 0x38, 0x47, 0xc0,
    0x10, 0xf0, 0x7, 0xff, 0x4, 0xa3, 0x88, 0x3,
    0xc0,

    /* U+FB95 "ﮕ" */
    0x0, 0xff, 0xe1, 0xa9, 0x0, 0x7f, 0xf0, 0x8a,
    0x3a, 0x84, 0x3, 0xff, 0x80, 0xb7, 0xae, 0x23,
    0x0, 0x7f, 0xb, 0xf5, 0x20, 0x1c, 0xf1, 0x0,
    0x7c, 0x95, 0xd0, 0x20, 0xd9, 0x86, 0x0, 0xf9,
    0xf6, 0xd4, 0xa, 0x3a, 0x4c, 0xa7, 0xcc, 0x3,
    0x24, 0x10, 0x2d, 0xeb, 0x8a, 0xe6, 0xb0, 0x7,
    0xc3, 0x1d, 0x48, 0x31, 0xd4, 0x60, 0x1, 0x10,
    0x6, 0x4e, 0x71, 0x4a, 0xe7, 0x10, 0x2, 0x57,
    0x10, 0x7, 0x9b, 0x6d, 0x40, 0x26, 0xdb, 0x50,
    0xf, 0xae, 0x48, 0x0, 0x53, 0xf2, 0x40, 0x1f,
    0x91, 0x0, 0x4, 0xbd, 0x60, 0xf, 0xfb, 0x40,
    0xb, 0x68, 0x1, 0xff, 0xc4, 0x20, 0xf, 0xfe,
    0x1e, 0x0, 0x1c, 0x80, 0x3f, 0xf8, 0x4a, 0x80,
    0xf, 0x10, 0xf, 0xfe, 0x15, 0x10, 0x15, 0x0,
    0x7f, 0xf0, 0x87, 0xc0, 0x9, 0x20, 0x1f, 0xfc,
    0x22, 0xa0, 0x3, 0x30, 0x3, 0xff, 0x84, 0xb0,
    0x0, 0x94, 0x0, 0xff, 0xe1, 0x3a, 0x80, 0x28,
    0x80, 0x3f, 0xf8, 0x54, 0x40, 0x3e, 0x1, 0xff,
    0xc3, 0xb0, 0x1, 0x58, 0x7, 0xff, 0x8, 0x80,
    0x24, 0x80, 0xf, 0xfe, 0xe, 0x0, 0x67, 0x60,
    0xf, 0xf9, 0x5c, 0x0, 0x60, 0x9, 0x60, 0x9,
    0x3b, 0xbb, 0xe8, 0x0, 0x78, 0x60, 0x9, 0xfe,
    0xd1, 0x1f, 0x0, 0x45, 0xa1, 0xa4, 0x1, 0x9,
    0x0, 0x7c, 0x71, 0xa2, 0x3, 0xb2, 0x60, 0x10,

    /* U+FBFC "ﯼ" */
    0x0, 0xff, 0xe0, 0xa3, 0x3a, 0x90, 0x7, 0xff,
    0x4, 0x67, 0xee, 0x62, 0xb6, 0xc8, 0x3, 0xfc,
    0x38, 0xc0, 0x1e, 0x4c, 0x10, 0xf, 0xe8, 0x20,
    0x19, 0xef, 0xc3, 0x1, 0x80, 0xf, 0xe5, 0x0,
    0x6b, 0x8, 0x1e, 0x99, 0x10, 0x3, 0xf9, 0x80,
    0x16, 0x1, 0x87, 0x36, 0xc0, 0x3f, 0xbc, 0x0,
    0xfd, 0x4, 0x1, 0xff, 0xc2, 0x57, 0x0, 0xb,
    0xee, 0x20, 0x4, 0x39, 0x89, 0x0, 0xf4, 0x62,
    0x80, 0x47, 0x72, 0x0, 0x93, 0x36, 0x0, 0x7c,
    0x75, 0xd4, 0xa0, 0x6, 0x60, 0x20, 0x1, 0x40,
    0x3f, 0x85, 0x6a, 0x80, 0xb, 0x2, 0x1, 0x0,
    0xff, 0xe0, 0xb0, 0x0, 0x80, 0x21, 0x0, 0xff,
    0xe0, 0xc0, 0x0, 0xc1, 0x40, 0xe, 0x1, 0xfe,
    0x3c, 0x40, 0x4, 0x87, 0x0, 0x22, 0x4c, 0x2,
    0x13, 0x69, 0xdc, 0x30, 0x3, 0x28, 0x2a, 0x80,
    0xd, 0x9f, 0xdf, 0xd9, 0x2c, 0x40, 0x14, 0xc8,
    0x2, 0xa7, 0x0, 0xc2, 0x1, 0xe2, 0x8f, 0x60,
    0xe, 0x8d, 0x73, 0x10, 0x0, 0xa3, 0x57, 0x6b,
    0x80, 0x70,

    /* U+FBFD "ﯽ" */
    0x0, 0xff, 0xe2, 0x3e, 0xfe, 0xb0, 0x7, 0xff,
    0x1e, 0xa0, 0x80, 0xa5, 0xc0, 0x22, 0xdd, 0x40,
    0x7, 0xf9, 0x94, 0x0, 0x60, 0x8, 0x30, 0x5,
    0x91, 0x2c, 0x3, 0xfd, 0xa0, 0x9, 0xc9, 0x0,
    0x70, 0x1, 0x0, 0x6, 0x1, 0xfe, 0x30, 0x5,
    0x13, 0x28, 0x15, 0x1, 0x80, 0x80, 0x7f, 0xd2,
    0x20, 0x7a, 0x56, 0x20, 0xbc, 0x0, 0x11, 0x0,
    0x7f, 0x87, 0x94, 0x0, 0xa3, 0xa0, 0x1, 0x50,
    0x5, 0x80, 0x7f, 0xf0, 0x4, 0x3, 0x1e, 0x18,
    0x78, 0x1, 0x75, 0x40, 0x3e, 0x37, 0xd4, 0x0,
    0x28, 0x0, 0xf3, 0xd1, 0xc0, 0x5, 0x5f, 0xdc,
    0xde, 0xff, 0x64, 0x10, 0x2, 0xc8, 0x3, 0xd1,
    0x42, 0x1, 0x8, 0x88, 0x40, 0x39, 0x79, 0x0,
    0x3f, 0x2f, 0x53, 0x18, 0x80, 0x4, 0x8d, 0xa7,
    0xa8, 0x40, 0x3e,

    /* U+FBFE "ﯾ" */
    0x0, 0xcd, 0x10, 0x0, 0xf5, 0x3b, 0x84, 0x3,
    0xff, 0x96, 0x20, 0x1f, 0x9, 0x0, 0x4, 0x2,
    0x1b, 0x0, 0x18, 0x1, 0x3b, 0x8a, 0x0, 0x90,
    0x0, 0x88, 0x2, 0x45, 0x0, 0xe2, 0x7b, 0x0,
    0x97, 0xfd, 0xb0, 0x1, 0xff, 0xc3, 0x25, 0x40,
    0x35, 0x40, 0x2, 0xd5, 0x2, 0xea, 0x0, 0x3f,
    0x80,

    /* U+FBFF "ﯿ" */
    0x0, 0xcd, 0x10, 0x0, 0xfd, 0x4e, 0xe1, 0x0,
    0xff, 0xe8, 0x88, 0x0, 0xc0, 0x3c, 0x24, 0x0,
    0x40, 0xe, 0x1b, 0x0, 0xa0, 0xc0, 0x9, 0xdc,
    0x50, 0x8, 0x73, 0xf4, 0x44, 0x1, 0x10, 0x6,
    0x20, 0x8, 0xa3, 0x6d, 0x0, 0x25, 0xff, 0x6b,
    0x82, 0x5f, 0xfc, 0x1, 0xff, 0xc1, 0x25, 0x40,
    0x35, 0x40, 0xc, 0xb5, 0x40, 0xba, 0x80, 0xf,
    0xfe, 0x8,

    /* U+FE70 "ﹰ" */
    0x0, 0xfc, 0x62, 0x1, 0xa, 0xce, 0x7e, 0x2b,
    0x57, 0x72, 0x98, 0x92, 0x16, 0x14, 0xda, 0xb7,
    0xad, 0xc7, 0x7f, 0x65, 0x48, 0x11, 0xc8, 0xc0,
    0x96, 0x77, 0xee, 0x1a, 0xbb, 0x69, 0x8d, 0x63,
    0x11, 0xc9, 0xab, 0xb9, 0x4e, 0x61, 0xb9, 0x2a,
    0x20, 0x1c,

    /* U+FE71 "ﹱ" */
    0x0, 0xfe, 0x31, 0x0, 0xc2, 0xb3, 0x9f, 0x8a,
    0xd, 0x5d, 0xca, 0x62, 0x48, 0x50, 0x85, 0x36,
    0xad, 0xeb, 0x71, 0xd, 0xfd, 0x95, 0x20, 0x47,
    0x20, 0x30, 0x25, 0x9d, 0xfb, 0x86, 0xa, 0xed,
    0xa6, 0x35, 0x8c, 0x40, 0x72, 0x6a, 0xee, 0x53,
    0x98, 0x3, 0x72, 0x54, 0x40, 0x3f, 0xff, 0xe0,
    0x1f, 0xff, 0xf0, 0xf, 0xfe, 0x42, 0x77, 0x7f,
    0x48, 0x8f, 0xf8, 0x80, 0x3f, 0xe0,

    /* U+FE72 "ﹲ" */
    0x0, 0x86, 0xff, 0x50, 0x3, 0xa1, 0x8, 0x96,
    0x20, 0x19, 0x43, 0x60, 0x14, 0x3, 0x20, 0x5e,
    0x3, 0x84, 0xa8, 0x42, 0x24, 0x18, 0x88, 0xc0,
    0x5, 0xb8, 0x22, 0x19, 0xdc, 0x0, 0x57, 0x2b,
    0xb1, 0x48, 0xf6, 0xd1, 0x60, 0x4, 0x72, 0x4,
    0xd8, 0x20, 0x10,

    /* U+FE73 "ﹳ" */
    0x28, 0x82, 0x0, 0x67, 0x7b, 0x80, 0x33, 0x80,
    0x15, 0x80, 0x22, 0x30, 0x4, 0xff, 0x48, 0x70,
    0x80, 0x42, 0x40, 0x5e, 0xc4, 0x1, 0x0,

    /* U+FE74 "ﹴ" */
    0x0, 0xf1, 0xbd, 0x18, 0xa, 0xc6, 0x7e, 0x42,
    0x86, 0x75, 0x39, 0x24, 0x5f, 0x9b, 0xb4, 0xef,
    0x5b, 0xa0, 0x2, 0xe5, 0x88, 0x11, 0xef, 0x90,
    0x96, 0x73, 0xee, 0x10, 0x9b, 0x29, 0x89, 0x63,
    0x3f, 0xa, 0x6b, 0x7a, 0x9c, 0xc0, 0x20,

    /* U+FE76 "ﹶ" */
    0x0, 0xf9, 0x1c, 0x80, 0x4, 0xb3, 0xbf, 0x70,
    0xd5, 0xdb, 0x4c, 0x6b, 0x18, 0x8e, 0x4d, 0x5d,
    0xca, 0x73, 0xd, 0xc9, 0x51, 0x0, 0xe0,

    /* U+FE77 "ﹷ" */
    0x0, 0xfc, 0x8e, 0x40, 0x11, 0x2c, 0xef, 0xdc,
    0x30, 0x57, 0x6d, 0x31, 0xac, 0x62, 0x3, 0x93,
    0x57, 0x72, 0x9c, 0xc0, 0x1b, 0x92, 0xa2, 0x1,
    0xff, 0xff, 0x0, 0xff, 0xff, 0x80, 0x7f, 0xf2,
    0x13, 0xbb, 0xfa, 0x44, 0x7f, 0xc4, 0x1, 0xff,
    0x0,

    /* U+FE78 "ﹸ" */
    0x0, 0x86, 0xff, 0x50, 0x3, 0xa1, 0x8, 0x96,
    0x20, 0x19, 0x43, 0x60, 0x14, 0x3, 0x20, 0x5e,
    0x3, 0x80, 0x68, 0x74, 0x40, 0x62, 0x0, 0x6c,
    0x0, 0x22, 0x18, 0x0, 0x55, 0x61, 0x17, 0x62,
    0xae, 0xd5, 0x4c, 0x70, 0x9, 0xcd, 0xb2, 0xcc,
    0x3, 0x0,

    /* U+FE79 "ﹹ" */
    0x0, 0xc3, 0x7f, 0xa8, 0x1, 0xe8, 0x42, 0x25,
    0x88, 0x7, 0x28, 0x6c, 0x2, 0x80, 0x72, 0x5,
    0xe0, 0x38, 0x7, 0x43, 0xa2, 0x3, 0x10, 0x3,
    0xb0, 0x0, 0x88, 0x60, 0x8, 0xaa, 0xc2, 0x2e,
    0xc4, 0x15, 0xda, 0xa9, 0x8e, 0x1, 0x9c, 0xdb,
    0x2c, 0xc0, 0x3b, 0x75, 0x26, 0x1, 0xff, 0xff,
    0x0, 0xff, 0xff, 0x80, 0x7f, 0xf2, 0x53, 0xbb,
    0xfa, 0x44, 0x7f, 0xc4, 0x1, 0xff, 0x0,

    /* U+FE7A "ﹺ" */
    0x0, 0xfc, 0x62, 0x1, 0xa, 0xc6, 0x7e, 0x2b,
    0x56, 0xf5, 0x39, 0xa3, 0xac, 0x28, 0x2c, 0xef,
    0xdc, 0xe, 0xf6, 0xd3, 0x10, 0x6,

    /* U+FE7B "ﹻ" */
    0x4e, 0xef, 0xe9, 0x11, 0xff, 0x10, 0x7, 0xfc,
    0xbf, 0xff, 0xb2, 0x80, 0x30, 0xac, 0x67, 0xe2,
    0x83, 0x56, 0xf5, 0x39, 0xa3, 0xa8, 0x42, 0x82,
    0xce, 0xfd, 0xc0, 0x86, 0xf6, 0xd3, 0x10, 0x6,

    /* U+FE7C "ﹼ" */
    0x0, 0xfc, 0x30, 0x60, 0x1d, 0x6, 0x0, 0x74,
    0xb, 0x60, 0x17, 0x40, 0x10, 0xf0, 0x41, 0x0,
    0xbc, 0x3, 0x8, 0x8, 0x18, 0x10, 0x10, 0x0,
    0xc0, 0x41, 0x81, 0x5a, 0x3, 0x8c, 0x34, 0x38,
    0x86, 0x54, 0x5c, 0x49, 0x79, 0x6a, 0xcd, 0x30,
    0x43, 0x88, 0x5d, 0xcb, 0x96, 0x40,

    /* U+FE7D "ﹽ" */
    0x0, 0xfc, 0x5e, 0xc0, 0x18, 0x7d, 0xc0, 0xc3,
    0x83, 0xe0, 0x3, 0x84, 0x3, 0x78, 0x5, 0xe0,
    0x20, 0x2, 0x1, 0x3, 0x4, 0x2, 0xf, 0x0,
    0x8, 0x38, 0x1d, 0x70, 0x19, 0x82, 0xce, 0x50,
    0xd4, 0x91, 0x2, 0x87, 0x87, 0xfb, 0x13, 0x60,
    0xa, 0x65, 0xb4, 0x17, 0x60, 0x8, 0x66, 0x90,
    0x3, 0xff, 0xfe, 0x1, 0xff, 0xff, 0x0, 0xff,
    0xe4, 0xa7, 0x77, 0xf4, 0x88, 0xff, 0x88, 0x3,
    0xfe,

    /* U+FE7E "ﹾ" */
    0x0, 0x25, 0xf6, 0xb8, 0x4, 0xf6, 0x82, 0x51,
    0x60, 0x50, 0x15, 0xf8, 0x48, 0xf4, 0xe, 0xa0,
    0x7c, 0x16, 0x21, 0xa0, 0x11, 0x81, 0x8, 0x10,
    0x4, 0x60, 0x76, 0x10, 0x80, 0x5e, 0x14, 0x6e,
    0x17, 0xfa, 0x66, 0x70, 0x89, 0x20, 0x17, 0xc0,

    /* U+FE7F "ﹿ" */
    0x0, 0x9b, 0x7f, 0xa0, 0x3, 0xa2, 0x48, 0x5,
    0xf0, 0x2, 0x37, 0xb, 0xfd, 0x33, 0x38, 0x2,
    0xc2, 0x10, 0xb, 0xc2, 0x80, 0x2, 0x4, 0x1,
    0x18, 0x18, 0x3, 0x83, 0x40, 0x23, 0x2, 0x0,
    0x28, 0x3a, 0x81, 0xf0, 0x58, 0x0, 0xa0, 0x2b,
    0xf0, 0x91, 0xc0, 0x27, 0xa3, 0x12, 0x8b, 0x0,
    0xe5, 0xce, 0xd7, 0x0, 0xff, 0xff, 0x80, 0x7f,
    0xff, 0xc0, 0x3f, 0xf8, 0xc9, 0xdd, 0xfd, 0x22,
    0x3f, 0xe2, 0x0, 0xff, 0x80,

    /* U+FE80 "ﺀ" */
    0x0, 0x85, 0xef, 0x2e, 0x4, 0x2, 0x6e, 0x84,
    0x34, 0x72, 0x0, 0x2c, 0x80, 0x7f, 0x58, 0x1,
    0x33, 0xfa, 0xc8, 0x8, 0x40, 0xac, 0xc0, 0x50,
    0x41, 0xc0, 0xa, 0x1, 0xfe, 0x20, 0xf, 0x9c,
    0x0, 0xae, 0x1, 0xc2, 0x4a, 0x0, 0x8e, 0x86,
    0x9e, 0x60, 0xa5, 0x0, 0xb, 0xcb, 0x8, 0x5,
    0x54, 0x10, 0xe, 0x23, 0x9d, 0xa1, 0x0, 0x9b,
    0x95, 0x18, 0x80, 0x5, 0x1d, 0x22, 0x1, 0xb,
    0x66, 0xb8, 0x80, 0x4b, 0xbd, 0x26, 0x1, 0xe0,

    /* U+FE81 "ﺁ" */
    0x0, 0xff, 0xe1, 0x9c, 0x88, 0x7, 0xa8, 0x41,
    0xb1, 0xbd, 0x88, 0x5, 0xf9, 0x40, 0xa4, 0xec,
    0xe7, 0x7f, 0xa0, 0xb0, 0x41, 0xb1, 0x36, 0x99,
    0x5f, 0x30, 0x60, 0x52, 0x1, 0x2c, 0xd4, 0x18,
    0x7, 0xff, 0x27, 0xfd, 0xc0, 0x1f, 0xff, 0xf0,
    0xf, 0xff, 0xf8, 0x7, 0xff, 0xfc, 0x3, 0xff,
    0xfe, 0x1, 0x80,

    /* U+FE82 "ﺂ" */
    0x0, 0xff, 0xe1, 0x9c, 0x88, 0x7, 0xa8, 0x41,
    0xb1, 0xbd, 0x88, 0x5, 0xf9, 0x40, 0xa4, 0xec,
    0xe7, 0x7f, 0xa0, 0xb0, 0x41, 0xb1, 0x36, 0x99,
    0x5f, 0x30, 0x60, 0x52, 0x1, 0x2c, 0xd4, 0x18,
    0x7, 0xff, 0x27, 0xfd, 0xc0, 0x1f, 0xff, 0xf0,
    0xf, 0xff, 0xf8, 0x7, 0xff, 0xfc, 0x3, 0xf0,
    0x80, 0x7f, 0x84, 0x0, 0x40, 0x1f, 0xca, 0x0,
    0xe1, 0x0, 0xfd, 0xe0, 0x3, 0xee, 0x80, 0x3c,
    0x8a, 0x1, 0x8, 0xc0, 0x1e, 0xa9, 0x30, 0xc,

    /* U+FE83 "ﺃ" */
    0x2, 0xbf, 0xe7, 0x0, 0x62, 0xb2, 0x68, 0x18,
    0xd4, 0xd5, 0x0, 0x21, 0x0, 0xc6, 0x55, 0xf,
    0x40, 0x4c, 0xf, 0xa, 0xe, 0x86, 0xf7, 0xe0,
    0xbf, 0x90, 0x80, 0x1f, 0xf7, 0xfb, 0x80, 0x3f,
    0xff, 0xe0, 0x1f, 0xff, 0xf0, 0xf, 0xfe, 0x8,

    /* U+FE84 "ﺄ" */
    0x2, 0xbf, 0xe7, 0x0, 0xec, 0x56, 0x4d, 0x0,
    0xc6, 0x35, 0x35, 0x40, 0xf, 0x8, 0x7, 0xc6,
    0x55, 0xf, 0x40, 0x18, 0x98, 0x1e, 0x14, 0x3,
    0x3a, 0x1b, 0xdf, 0x80, 0x65, 0xfc, 0x84, 0x0,
    0xff, 0xe2, 0xff, 0xb8, 0x3, 0xff, 0xfe, 0x1,
    0xff, 0xff, 0x0, 0xff, 0xe8, 0x88, 0x7, 0xc2,
    0x0, 0x20, 0xf, 0x28, 0x3, 0x84, 0x3, 0xbc,
    0x0, 0x7d, 0xd0, 0x4, 0x8a, 0x1, 0x8, 0xc0,
    0x15, 0x49, 0x80, 0x60,

    /* U+FE85 "ﺅ" */
    0x0, 0xf9, 0xb7, 0xf4, 0x80, 0x3f, 0x96, 0x45,
    0x85, 0x80, 0x3f, 0xbc, 0xb2, 0x71, 0x0, 0x3f,
    0x8c, 0xc0, 0x1f, 0xfc, 0x1d, 0x1d, 0x89, 0x70,
    0xf, 0xe3, 0x12, 0x76, 0xf0, 0xf, 0xec, 0x27,
    0xbe, 0x80, 0xf, 0xeb, 0xc8, 0x41, 0x0, 0xff,
    0xe7, 0x3e, 0xff, 0x51, 0x0, 0x7e, 0xc8, 0x20,
    0x15, 0xc3, 0x0, 0xf5, 0x18, 0x7, 0xe, 0x80,
    0x70, 0xa8, 0x1, 0xfb, 0x4, 0x5, 0xc0, 0x32,
    0x80, 0xe, 0x4, 0xe8, 0x1, 0x80, 0x18, 0x40,
    0x2, 0x1, 0x20, 0x1, 0x40, 0x33, 0x80, 0xa,
    0x44, 0x0, 0x40, 0x20, 0x18, 0x94, 0x0, 0xdd,
    0xcd, 0x20, 0xf, 0xa8, 0xc0, 0x21, 0x20, 0x0,
    0x80, 0x7b, 0x2d, 0x88, 0x3, 0x10, 0x7, 0xc9,
    0x3b, 0xf6, 0x0, 0x40, 0xf, 0xf0, 0xc8, 0x3,
    0x0, 0x3f, 0x87, 0x48, 0xd, 0x0, 0x3f, 0x27,
    0x98, 0x3, 0xc0, 0x30, 0x9a, 0xc6, 0xd8, 0x80,
    0x2c, 0xc1, 0x7f, 0xdd, 0x94, 0xe4, 0x0, 0x2c,
    0x40, 0xf, 0xf1, 0x46, 0x98, 0x4, 0x24, 0x43,
    0x57, 0xad, 0xd3, 0x80, 0x70,

    /* U+FE86 "ﺆ" */
    0x0, 0xf9, 0xf7, 0xf4, 0x80, 0x3f, 0xf8, 0x2b,
    0xc, 0xd8, 0x3, 0xff, 0x83, 0xe5, 0x73, 0x68,
    0x1, 0xff, 0xc1, 0x33, 0x8, 0x7, 0xff, 0x12,
    0x87, 0xe6, 0xa0, 0x3, 0xff, 0x83, 0x60, 0x2c,
    0xbe, 0x1, 0xff, 0xc1, 0x25, 0x9c, 0xf7, 0x0,
    0xff, 0xe0, 0xd5, 0x18, 0xc0, 0x3f, 0xf8, 0xc2,
    0x20, 0xf, 0xfe, 0x1c, 0x77, 0x58, 0x60, 0x1f,
    0xf0, 0xeb, 0x88, 0x0, 0xf1, 0x40, 0x3f, 0xd4,
    0x40, 0x1e, 0xa1, 0x0, 0xfc, 0x48, 0x0, 0x8f,
    0xc1, 0x0, 0x48, 0x7, 0xe7, 0x0, 0x1b, 0x81,
    0xd0, 0x0, 0xc0, 0x3f, 0x8, 0x7, 0x90, 0x0,
    0xc0, 0x1f, 0x94, 0x0, 0x72, 0x40, 0x2, 0x2,
    0x0, 0xfc, 0x2a, 0x0, 0x6d, 0xfe, 0x20, 0x7,
    0x75, 0x80, 0x1d, 0x46, 0x1, 0x84, 0x2, 0x11,
    0xc0, 0x1e, 0xca, 0x41, 0x0, 0xff, 0xe2, 0x2d,
    0xf7, 0xd8, 0x1, 0xbf, 0xed, 0x0, 0xff, 0xc,
    0x80, 0x34, 0x3, 0xff, 0x82, 0x3a, 0x40, 0x68,
    0x1, 0xff, 0xc0, 0x4f, 0x30, 0x7, 0x80, 0x7e,
    0x13, 0x58, 0xdb, 0x10, 0x5, 0x98, 0x7, 0x2f,
    0xfb, 0xb2, 0x9c, 0x80, 0x5, 0x88, 0x1, 0xff,
    0xc2, 0x29, 0xd3, 0x0, 0xf8, 0x48, 0x86, 0xaf,
    0x5b, 0xa6, 0x0, 0xfe,

    /* U+FE87 "ﺇ" */
    0x0, 0x7f, 0xb8, 0x3, 0xff, 0xfe, 0x1, 0xff,
    0xff, 0x0, 0xff, 0xe1, 0xff, 0xb8, 0x2, 0x3b,
    0xfe, 0x70, 0x6, 0xab, 0x26, 0x81, 0x8d, 0x4d,
    0x50, 0x4, 0x8, 0x3, 0x12, 0x4d, 0xd6, 0x1,
    0xa8, 0x22, 0x80, 0x1d, 0x63, 0x3f, 0x0,

    /* U+FE88 "ﺈ" */
    0x0, 0x7f, 0xb8, 0x3, 0xff, 0xfe, 0x1, 0xff,
    0xff, 0x0, 0xff, 0xe8, 0x88, 0x7, 0xc2, 0x0,
    0x20, 0xf, 0x28, 0x3, 0x84, 0x3, 0xbc, 0x0,
    0x7d, 0xd0, 0x4, 0x8a, 0x1, 0x8, 0xc0, 0x15,
    0x49, 0x80, 0x7e, 0x6c, 0xff, 0x84, 0xe, 0xff,
    0x9c, 0x3, 0xb5, 0x59, 0x34, 0x3, 0x18, 0xd4,
    0xd5, 0x0, 0x30, 0x81, 0x0, 0x7c, 0x49, 0x37,
    0x58, 0x1, 0x8d, 0x41, 0x14, 0x3, 0x9d, 0x63,
    0x3f, 0x0, 0x30,

    /* U+FE89 "ﺉ" */
    0x0, 0xd3, 0xdf, 0x60, 0x1f, 0xfc, 0x49, 0x64,
    0x67, 0x10, 0xf, 0xfe, 0x1a, 0x2d, 0x4e, 0x8,
    0x7, 0xff, 0xc, 0x58, 0x3, 0xff, 0x8f, 0x7,
    0xd7, 0xac, 0x1, 0xff, 0xc3, 0xa0, 0x15, 0x65,
    0x0, 0xc8, 0xce, 0xa4, 0x1, 0xe7, 0x9d, 0xeb,
    0x30, 0x19, 0xfb, 0x98, 0xad, 0xb2, 0x0, 0xd2,
    0xc4, 0x1, 0xe, 0x30, 0x7, 0x93, 0x4, 0x3,
    0xfa, 0x8, 0x6, 0x7b, 0xf0, 0xc0, 0x60, 0x3,
    0xf9, 0x40, 0x1a, 0xc2, 0x7, 0xa6, 0x44, 0x0,
    0xfe, 0x60, 0x5, 0x80, 0x61, 0xcd, 0xb0, 0xf,
    0xef, 0x0, 0x3f, 0x41, 0x0, 0x7f, 0xf0, 0x95,
    0xc0, 0x2, 0xfb, 0x88, 0x1, 0xe, 0x62, 0x40,
    0x3d, 0x18, 0xa0, 0x11, 0xdc, 0x80, 0x24, 0xcd,
    0x80, 0x1f, 0x1d, 0x75, 0x28, 0x1, 0x98, 0x8,
    0x0, 0x50, 0xf, 0xe1, 0x5a, 0xa0, 0x2, 0xc0,
    0x80, 0x40, 0x3f, 0xf8, 0x2c, 0x0, 0x20, 0x8,
    0x40, 0x3f, 0xf8, 0x30, 0x0, 0x30, 0x50, 0x3,
    0x80, 0x7f, 0x8f, 0x10, 0x1, 0x21, 0xc0, 0x8,
    0x93, 0x0, 0x84, 0xda, 0x77, 0xc, 0x0, 0xca,
    0xa, 0xa0, 0x3, 0x67, 0xf7, 0xf6, 0x4b, 0x10,
    0x5, 0x32, 0x0, 0xa9, 0xc0, 0x30, 0x80, 0x78,
    0xa3, 0xd8, 0x3, 0xa3, 0x5c, 0xc4, 0x0, 0x28,
    0xd5, 0xda, 0xe0, 0x1c,

    /* U+FE8A "ﺊ" */
    0x0, 0xe3, 0xcf, 0xe6, 0x0, 0xff, 0xe3, 0x8e,
    0x93, 0x27, 0x80, 0x7f, 0xf1, 0xd4, 0x76, 0x6a,
    0x40, 0x3f, 0xf9, 0x2c, 0x1, 0xff, 0xca, 0x42,
    0xaa, 0x4d, 0x80, 0x7f, 0xf1, 0xd0, 0x0, 0xac,
    0xc0, 0xf, 0xfe, 0x38, 0x89, 0xeb, 0xb4, 0x3,
    0xff, 0x8e, 0xb9, 0xa, 0x20, 0x1f, 0x3e, 0xfe,
    0xb0, 0x7, 0xff, 0x1e, 0xa0, 0x80, 0xa5, 0xc0,
    0x22, 0xdd, 0x40, 0x7, 0xf9, 0x94, 0x0, 0x60,
    0x8, 0x30, 0x5, 0x91, 0x2c, 0x3, 0xfd, 0xa0,
    0x9, 0xc9, 0x0, 0x70, 0x1, 0x0, 0x6, 0x1,
    0xfe, 0x30, 0x5, 0x13, 0x28, 0x15, 0x1, 0x80,
    0x80, 0x7f, 0xd2, 0x20, 0x7a, 0x56, 0x20, 0xbc,
    0x0, 0x11, 0x0, 0x7f, 0x87, 0x94, 0x0, 0xa3,
    0xa0, 0x1, 0x50, 0x5, 0x80, 0x7f, 0xf0, 0x4,
    0x3, 0x1e, 0x18, 0x78, 0x1, 0x75, 0x40, 0x3e,
    0x37, 0xd4, 0x0, 0x28, 0x0, 0xf3, 0xd1, 0xc0,
    0x5, 0x5f, 0xdc, 0xde, 0xff, 0x64, 0x10, 0x2,
    0xc8, 0x3, 0xd1, 0x42, 0x1, 0x8, 0x88, 0x40,
    0x39, 0x79, 0x0, 0x3f, 0x2f, 0x53, 0x18, 0x80,
    0x4, 0x8d, 0xa7, 0xa8, 0x40, 0x3e,

    /* U+FE8B "ﺋ" */
    0x0, 0xc6, 0xf0, 0x60, 0x19, 0xf2, 0x1f, 0x0,
    0x34, 0xa7, 0x7d, 0x80, 0x61, 0xc1, 0x4, 0x0,
    0xc7, 0x2a, 0x6a, 0x20, 0x12, 0xd, 0x65, 0x28,
    0x0, 0x5c, 0x52, 0x2d, 0x0, 0x3, 0xbd, 0x6e,
    0x80, 0x18, 0x80, 0x3f, 0xf8, 0xc8, 0xaa, 0x0,
    0xf4, 0x55, 0x4, 0x3, 0xff, 0x96, 0x20, 0x1f,
    0x9, 0x0, 0x4, 0x2, 0x1b, 0x0, 0x18, 0x1,
    0x3b, 0x8a, 0x0, 0xa0, 0x0, 0x88, 0x2, 0x46,
    0x0, 0xe2, 0x7b, 0x0, 0x80,

    /* U+FE8C "ﺌ" */
    0x0, 0xc6, 0xf0, 0x60, 0x1e, 0x7c, 0x87, 0xc0,
    0xf, 0x4a, 0x77, 0xd8, 0x7, 0x87, 0x4, 0x10,
    0x3, 0xc7, 0x2a, 0x6a, 0x20, 0x1c, 0x83, 0x59,
    0x4a, 0x1, 0x85, 0xc5, 0x22, 0xd0, 0x3, 0xe,
    0xf5, 0xba, 0x0, 0x78, 0x80, 0x3f, 0xf9, 0x48,
    0xaa, 0x0, 0xfd, 0x15, 0x41, 0x0, 0xff, 0xe8,
    0x88, 0x0, 0xc0, 0x3c, 0x24, 0x0, 0x70, 0xe,
    0x1b, 0x0, 0xac, 0xc0, 0x9, 0xdc, 0x50, 0x8,
    0x73, 0xf4, 0x44, 0x1, 0x10, 0x6, 0x20, 0x8,
    0xa3, 0x6d, 0x0, 0x20,

    /* U+FE8D "ﺍ" */
    0xff, 0x70, 0x7, 0xff, 0xe4,

    /* U+FE8E "ﺎ" */
    0xff, 0x70, 0x7, 0xff, 0xfc, 0x3, 0xff, 0xf0,
    0x20, 0x1c, 0x20, 0x2, 0x0, 0xca, 0x0, 0xe1,
    0x0, 0xbc, 0x0, 0x7d, 0xd0, 0x22, 0x80, 0x42,
    0x30, 0x54, 0x98, 0x6,

    /* U+FE8F "ﺏ" */
    0x0, 0xff, 0xe5, 0x27, 0xfa, 0xf, 0xfd, 0x20,
    0x1f, 0xfc, 0x65, 0x0, 0xc, 0x80, 0x28, 0x3,
    0xff, 0x8c, 0x60, 0x3, 0x70, 0x1, 0x80, 0x7f,
    0xf1, 0x90, 0x0, 0x64, 0x2, 0x1, 0xff, 0xc7,
    0xb0, 0x6, 0x8, 0x8, 0x80, 0x3f, 0xf8, 0xb4,
    0x40, 0x2a, 0x80, 0xd, 0x10, 0xf, 0xfe, 0x8,
    0xbf, 0x28, 0x2, 0xc2, 0x40, 0x7, 0xf0, 0x60,
    0x1f, 0x1a, 0xce, 0x74, 0x8, 0x2, 0x94, 0xe,
    0x80, 0x2, 0xf9, 0xfb, 0x98, 0xde, 0xfc, 0xa6,
    0x30, 0x9, 0x35, 0x40, 0x25, 0xc3, 0x0, 0xc4,
    0x66, 0x21, 0x0, 0xe2, 0x7d, 0xb2, 0x0, 0xe3,
    0xcd, 0x85, 0x21, 0x0, 0x88, 0xda, 0x2f, 0xb6,
    0x8, 0x3, 0xf8, 0x9e, 0xb7, 0xbf, 0xed, 0xc9,
    0x74, 0x10, 0xf, 0xff, 0xa, 0xa8, 0x40, 0x3f,
    0xf9, 0x43, 0x54, 0x20, 0xf, 0xfe, 0xd0,

    /* U+FE90 "ﺐ" */
    0x0, 0xff, 0xe5, 0x27, 0xfa, 0x0, 0x32, 0x7f,
    0xa4, 0x3, 0xff, 0x8c, 0x80, 0x2, 0x0, 0xdc,
    0x0, 0xa0, 0xf, 0xfe, 0x48, 0x80, 0x64, 0x0,
    0x18, 0x7, 0xff, 0x18, 0xc0, 0xe, 0x1, 0x84,
    0x4, 0x3, 0xff, 0x8f, 0xe0, 0x1, 0x0, 0xc2,
    0x2, 0x20, 0xf, 0xfe, 0x21, 0xe9, 0x80, 0x8,
    0x3, 0x20, 0x3, 0x44, 0x3, 0xff, 0x82, 0x75,
    0x84, 0x1, 0x94, 0x2, 0x80, 0x1, 0xfc, 0x18,
    0x7, 0xc2, 0x91, 0xb8, 0xa0, 0x11, 0x80, 0x2d,
    0x40, 0x5, 0x40, 0x1, 0x7c, 0xfd, 0xd6, 0x6f,
    0x7f, 0x5b, 0x90, 0x4, 0x79, 0x82, 0x1, 0xaf,
    0xa0, 0x5d, 0x40, 0xc, 0x44, 0x32, 0x10, 0xe,
    0x16, 0xcc, 0x18, 0x78, 0x80, 0x42, 0x0, 0x2b,
    0xd8, 0x42, 0x0, 0x84, 0x8d, 0x62, 0xb7, 0xa4,
    0xc0, 0x22, 0xc5, 0x0, 0xf8, 0x9e, 0xf7, 0xfe,
    0xed, 0xca, 0x75, 0x20, 0xf, 0x8a, 0xbf, 0xd6,
    0x1, 0xff, 0xdd, 0x55, 0x8, 0x7, 0xff, 0x38,
    0x6a, 0x84, 0x1, 0xff, 0xe2,

    /* U+FE91 "ﺑ" */
    0x0, 0xcd, 0x10, 0x0, 0xea, 0x77, 0x8, 0x7,
    0xff, 0x20, 0x40, 0x3c, 0x24, 0x0, 0x10, 0x0,
    0xd8, 0x0, 0xc1, 0x3b, 0x8a, 0x0, 0x90, 0x11,
    0x0, 0x48, 0xa0, 0x18, 0x9e, 0xc0, 0xb, 0xfe,
    0xd8, 0x0, 0xff, 0xe1, 0x92, 0xa0, 0x7, 0x55,
    0x24, 0x3, 0xf8,

    /* U+FE92 "ﺒ" */
    0x0, 0xcd, 0x10, 0x0, 0xfd, 0x4e, 0xe1, 0x0,
    0xff, 0xe8, 0x88, 0x0, 0xc0, 0x3c, 0x24, 0x0,
    0x40, 0xe, 0x1b, 0x0, 0xa0, 0xc0, 0x9, 0xdc,
    0x50, 0x8, 0x73, 0xf4, 0x44, 0x1, 0x10, 0x6,
    0x20, 0x8, 0xa3, 0x6d, 0x0, 0x25, 0xff, 0x6b,
    0x82, 0x5f, 0xfc, 0x1, 0xff, 0xc3, 0x25, 0x40,
    0xf, 0xd5, 0x49, 0x0, 0xff, 0xe1, 0x80,

    /* U+FE93 "ﺓ" */
    0x0, 0x2a, 0x84, 0x4a, 0xa0, 0xf, 0xd, 0x51,
    0x4a, 0xa8, 0x40, 0x1f, 0xfc, 0x61, 0xff, 0x21,
    0xff, 0x88, 0x3, 0xff, 0xa8, 0xdb, 0xfd, 0x4a,
    0x1, 0xe6, 0x92, 0x1, 0x5a, 0xd3, 0x0, 0x86,
    0x40, 0x2, 0x20, 0x1, 0x62, 0x80, 0x18, 0x0,
    0x9d, 0xcd, 0x40, 0x5, 0x28, 0x60, 0x3, 0xc0,
    0x5, 0x70, 0x0, 0xb0, 0x70, 0x2, 0x80, 0x67,
    0x50, 0x15, 0x10, 0x0, 0x80, 0x77, 0x80, 0x8,
    0x40, 0x2, 0x1, 0xda, 0x0, 0x15, 0x0, 0x40,
    0x6, 0x67, 0x0, 0x25, 0x0, 0x1b, 0x66, 0xba,
    0x40, 0xc, 0x46, 0xe0, 0x2, 0x65, 0x10, 0x3,
    0xc8, 0x2, 0x2d, 0x44, 0x5, 0x27, 0xa0, 0x0,

    /* U+FE94 "ﺔ" */
    0x0, 0x89, 0x50, 0xd, 0x4c, 0x3, 0xfa, 0xa9,
    0x21, 0x35, 0x0, 0x1f, 0xfc, 0xd8, 0xfd, 0xa,
    0xfb, 0x0, 0xff, 0xe8, 0xb5, 0x50, 0xc0, 0x3f,
    0xe2, 0xc5, 0x53, 0x0, 0x7e, 0x29, 0xfd, 0x50,
    0x1, 0x80, 0x7c, 0xda, 0xc0, 0x1d, 0xc0, 0x1e,
    0x79, 0x0, 0x3e, 0xe8, 0x0, 0x40, 0x1c, 0x50,
    0x3, 0x90, 0x44, 0x0, 0x38, 0x7, 0x50, 0x3,
    0x4c, 0x2, 0x30, 0x22, 0x0, 0x63, 0x0, 0x18,
    0x6, 0x60, 0x5, 0x0, 0x63, 0x0, 0x6c, 0x3d,
    0x72, 0x80, 0x1c, 0xc0, 0x29, 0x20, 0x27, 0x85,
    0x10, 0xd, 0x9d, 0xc6, 0x1d, 0x84, 0x11, 0x1b,
    0x5f, 0x98, 0x0, 0x46, 0x0, 0x3d, 0xf7, 0x32,
    0x50, 0x31, 0xc8, 0x2,

    /* U+FE95 "ﺕ" */
    0x0, 0xfc, 0x3f, 0xe4, 0x2f, 0xf1, 0x80, 0x7f,
    0xf6, 0x84, 0x3, 0x86, 0xa8, 0xa5, 0x54, 0x20,
    0xf, 0x27, 0xf9, 0xcf, 0xfa, 0x40, 0x39, 0x54,
    0x20, 0xaa, 0x10, 0xf, 0x28, 0x3, 0xa4, 0x1,
    0x60, 0x1f, 0xfc, 0x63, 0x0, 0x1b, 0x80, 0x8,
    0x3, 0xff, 0x8c, 0x80, 0x3, 0x20, 0x10, 0xf,
    0xfe, 0x3d, 0x80, 0x3c, 0x40, 0x44, 0x1, 0xff,
    0xc5, 0xa2, 0x1, 0x64, 0x0, 0x68, 0x80, 0x7f,
    0xf0, 0x45, 0xb5, 0x40, 0x16, 0x10, 0x0, 0x3f,
    0x83, 0x0, 0xf8, 0x96, 0x33, 0xa4, 0x80, 0x12,
    0xa0, 0x54, 0x0, 0x17, 0xcf, 0xdc, 0xc6, 0xf7,
    0xed, 0x39, 0x80, 0x49, 0xac, 0x1, 0x2e, 0x20,
    0x6, 0x23, 0x31, 0x8, 0x7, 0x13, 0xed, 0x90,
    0x7, 0x1d, 0xec, 0x29, 0x8, 0x4, 0x46, 0xd1,
    0x7d, 0xb0, 0x40, 0x1c,

    /* U+FE96 "ﺖ" */
    0x0, 0xfc, 0x3f, 0xe4, 0x2f, 0xf1, 0x80, 0x7f,
    0xfa, 0x6, 0xa8, 0xa5, 0x54, 0x20, 0xf, 0x1f,
    0xf9, 0xc0, 0x32, 0x7f, 0xa4, 0x3, 0x95, 0x42,
    0xa, 0xa1, 0x0, 0xf1, 0x80, 0x34, 0x3, 0x70,
    0x2, 0xc0, 0x3f, 0xf9, 0x22, 0x1, 0x90, 0x0,
    0x40, 0x1f, 0xfc, 0x63, 0x0, 0x38, 0x6, 0x10,
    0x10, 0xf, 0xfe, 0x3f, 0x80, 0x4, 0x3, 0x8,
    0x8, 0x80, 0x3f, 0xf8, 0x87, 0xa6, 0x0, 0x20,
    0xc, 0x80, 0xd, 0x10, 0xf, 0xfe, 0x9, 0x4e,
    0x10, 0x6, 0x50, 0xa, 0x0, 0x7, 0xd0, 0x60,
    0x1f, 0xa, 0x46, 0x6b, 0x0, 0x48, 0x0, 0xb4,
    0x0, 0x15, 0x0, 0x4f, 0x9f, 0xdb, 0x9b, 0xdf,
    0xd6, 0xe6, 0x1, 0x1e, 0x59, 0x0, 0xdf, 0xd0,
    0x2e, 0xa0, 0x6, 0x12, 0x32, 0x10, 0xe, 0x16,
    0xcc, 0x18, 0x78, 0x80, 0x42, 0x0, 0x2b, 0xd8,
    0x42, 0x0, 0x84, 0x8d, 0x62, 0xb7, 0xa4, 0xc0,
    0x22, 0xc5, 0x0, 0x80,

    /* U+FE97 "ﺗ" */
    0x0, 0x12, 0xa0, 0x1a, 0xa0, 0x1, 0x6a, 0x81,
    0x75, 0x0, 0x1f, 0xf3, 0xff, 0x4, 0x7e, 0x0,
    0x7f, 0xf2, 0x88, 0xcc, 0x1, 0xee, 0xcc, 0x8,
    0x7, 0xff, 0x2c, 0x40, 0x3f, 0x10, 0x0, 0x40,
    0x21, 0xa0, 0x1, 0x80, 0x13, 0xb8, 0xa0, 0xa,
    0x0, 0x8, 0x80, 0x23, 0x60, 0xe, 0x27, 0xc0,
    0x8,

    /* U+FE98 "ﺘ" */
    0x0, 0x12, 0xa0, 0x1a, 0xa0, 0x6, 0x5a, 0xa0,
    0x5d, 0x40, 0x7, 0xff, 0xd, 0xff, 0x82, 0x3f,
    0x0, 0x3f, 0xfa, 0x4, 0x66, 0x0, 0xfd, 0xd9,
    0x81, 0x0, 0xff, 0xe8, 0x88, 0x0, 0xc0, 0x3e,
    0x20, 0x3, 0x80, 0x70, 0xd0, 0x5, 0x66, 0x0,
    0x4e, 0xe2, 0x80, 0x43, 0x9f, 0xa2, 0x20, 0x8,
    0x80, 0x31, 0x0, 0x45, 0x1b, 0x68, 0x1, 0x0,

    /* U+FE99 "ﺙ" */
    0x0, 0xff, 0xf, 0xf8, 0xc0, 0x3f, 0xfc, 0x83,
    0x54, 0x20, 0xf, 0xfe, 0x5a, 0xa8, 0x40, 0x3f,
    0xf9, 0x3, 0xfe, 0x42, 0xff, 0x18, 0x7, 0xff,
    0x68, 0x40, 0x38, 0x6a, 0x8a, 0x55, 0x42, 0x0,
    0xf2, 0x7f, 0x9c, 0xff, 0xa4, 0x3, 0x95, 0x42,
    0xa, 0xa1, 0x0, 0xf2, 0x80, 0x3a, 0x40, 0x16,
    0x1, 0xff, 0xc6, 0x30, 0x1, 0xb8, 0x0, 0x80,
    0x3f, 0xf8, 0xc8, 0x0, 0x32, 0x1, 0x0, 0xff,
    0xe3, 0xd8, 0x3, 0xc4, 0x4, 0x40, 0x1f, 0xfc,
    0x5a, 0x20, 0x16, 0x40, 0x6, 0x88, 0x7, 0xff,
    0x4, 0x5b, 0x54, 0x1, 0x61, 0x0, 0x3, 0xf8,
    0x30, 0xf, 0x89, 0x63, 0x3a, 0x48, 0x1, 0x2a,
    0x5, 0x40, 0x1, 0x7c, 0xfd, 0xcc, 0x6f, 0x7e,
    0xd3, 0x98, 0x4, 0x9a, 0xc0, 0x12, 0xe2, 0x0,
    0x62, 0x33, 0x10, 0x80, 0x71, 0x3e, 0xd9, 0x0,
    0x71, 0xde, 0xc2, 0x90, 0x80, 0x44, 0x6d, 0x17,
    0xdb, 0x4, 0x1, 0xc0,

    /* U+FE9A "ﺚ" */
    0x0, 0xff, 0xf, 0xf8, 0xc0, 0x3f, 0xfd, 0x83,
    0x54, 0x20, 0xf, 0xfe, 0x7a, 0xa8, 0x40, 0x3f,
    0xf9, 0x83, 0xfe, 0x42, 0xff, 0x18, 0x7, 0xff,
    0xa0, 0x6a, 0x8a, 0x55, 0x42, 0x0, 0xf1, 0xff,
    0x9c, 0x3, 0x27, 0xfa, 0x40, 0x39, 0x54, 0x20,
    0xaa, 0x10, 0xf, 0x18, 0x3, 0x40, 0x37, 0x0,
    0x2c, 0x3, 0xff, 0x92, 0x20, 0x19, 0x0, 0x4,
    0x1, 0xff, 0xc6, 0x30, 0x3, 0x80, 0x61, 0x1,
    0x0, 0xff, 0xe3, 0xf8, 0x0, 0x40, 0x30, 0x80,
    0x88, 0x3, 0xff, 0x88, 0x7a, 0x60, 0x2, 0x0,
    0xc8, 0x0, 0xd1, 0x0, 0xff, 0xe0, 0x94, 0xe1,
    0x0, 0x65, 0x0, 0xa0, 0x0, 0x7d, 0x6, 0x1,
    0xf0, 0xa4, 0x66, 0xb0, 0x4, 0x80, 0xb, 0x40,
    0x1, 0x50, 0x4, 0xf9, 0xfd, 0xb9, 0xbd, 0xfd,
    0x6e, 0x60, 0x11, 0xe5, 0x90, 0xd, 0xfd, 0x2,
    0xea, 0x0, 0x61, 0x23, 0x21, 0x0, 0xe1, 0x6c,
    0xc1, 0x87, 0x88, 0x4, 0x20, 0x2, 0xbd, 0x84,
    0x20, 0x8, 0x48, 0xd6, 0x2b, 0x7a, 0x4c, 0x2,
    0x2c, 0x50, 0x8,

    /* U+FE9B "ﺛ" */
    0x0, 0xc4, 0xa8, 0x1, 0xea, 0xa4, 0x80, 0x7f,
    0xf0, 0xe3, 0xf4, 0x3, 0x12, 0xa0, 0x1a, 0xa0,
    0x1, 0x6a, 0x81, 0x75, 0x0, 0x1f, 0xf3, 0xff,
    0x4, 0x7e, 0x0, 0x7f, 0xf2, 0x88, 0xcc, 0x1,
    0xee, 0xcc, 0x8, 0x7, 0xff, 0x2c, 0x40, 0x3f,
    0x10, 0x0, 0x40, 0x21, 0xa0, 0x1, 0x80, 0x13,
    0xb8, 0xa0, 0xa, 0x0, 0x8, 0x80, 0x23, 0x60,
    0xe, 0x27, 0xc0, 0x8,

    /* U+FE9C "ﺜ" */
    0x0, 0xc4, 0xa8, 0x1, 0xfa, 0xa9, 0x20, 0x1f,
    0xfc, 0x78, 0xfd, 0x0, 0xf1, 0x2a, 0x1, 0xaa,
    0x0, 0x65, 0xaa, 0x5, 0xd4, 0x0, 0x7f, 0xf0,
    0xdf, 0xf8, 0x23, 0xf0, 0x3, 0xff, 0xa0, 0x46,
    0x60, 0xf, 0xdd, 0x98, 0x10, 0xf, 0xfe, 0x88,
    0x80, 0xc, 0x3, 0xe2, 0x0, 0x38, 0x7, 0xd,
    0x0, 0x56, 0x60, 0x4, 0xee, 0x28, 0x4, 0x39,
    0xfa, 0x22, 0x0, 0x88, 0x3, 0x10, 0x4, 0x51,
    0xb6, 0x80, 0x10,

    /* U+FE9D "ﺝ" */
    0x3, 0x69, 0xcd, 0xff, 0xdd, 0xb7, 0x2a, 0x20,
    0x14, 0x64, 0xb1, 0x90, 0x6, 0x12, 0x46, 0xa6,
    0x0, 0xf8, 0x4d, 0xc, 0x3, 0xfe, 0xe8, 0xcf,
    0xec, 0x23, 0x0, 0x8d, 0xa6, 0x98, 0x2, 0x67,
    0x30, 0x2d, 0x60, 0x3, 0x6e, 0x4b, 0x28, 0x80,
    0x78, 0x70, 0x80, 0xf6, 0x48, 0x3, 0xfe, 0xd1,
    0x5, 0xc2, 0x0, 0xff, 0xe0, 0x39, 0x82, 0x50,
    0x7, 0xff, 0xa, 0x40, 0x14, 0x1, 0xff, 0xc2,
    0x51, 0x6, 0x10, 0xf, 0xfe, 0x17, 0x80, 0x28,
    0x3, 0x91, 0x48, 0x3, 0xe6, 0x0, 0x10, 0x7,
    0x55, 0x14, 0x3, 0xe1, 0x0, 0x8, 0x7, 0xff,
    0xc, 0x40, 0x2, 0x1, 0xdd, 0xee, 0x1, 0xf2,
    0x80, 0x10, 0x3, 0xff, 0x87, 0xa0, 0x8, 0x0,
    0xff, 0xe1, 0xa1, 0x1, 0x58, 0x7, 0xff, 0x0,
    0x80, 0x1c, 0x0, 0x4e, 0x61, 0x0, 0xf0, 0xb6,
    0xc0, 0x0, 0xec, 0x0, 0x33, 0xdb, 0x75, 0x35,
    0xbd, 0x24, 0x1, 0x93, 0x54, 0x2, 0x24, 0x56,
    0x52, 0x0, 0xb0, 0x3, 0x15, 0x6c, 0xa9, 0x8,
    0x4, 0x4b, 0x3c, 0xc0,

    /* U+FE9E "ﺞ" */
    0x0, 0x9, 0xb3, 0xcc, 0xe8, 0x75, 0x20, 0xe,
    0x6d, 0xec, 0x98, 0x66, 0xcf, 0x15, 0xbe, 0xa0,
    0x17, 0x10, 0x7, 0xff, 0x4, 0x80, 0x30, 0xb4,
    0xe6, 0xe2, 0x0, 0x71, 0xa9, 0x80, 0x53, 0xd2,
    0xc6, 0xb8, 0x80, 0x3, 0x0, 0x5d, 0x20, 0x4,
    0x20, 0x14, 0x40, 0x0, 0xdd, 0x84, 0x16, 0x1,
    0xf9, 0x9c, 0x1, 0x72, 0x21, 0x60, 0x64, 0x1,
    0xe2, 0x90, 0x5, 0xa0, 0x4, 0xe0, 0xb, 0x0,
    0xf4, 0x80, 0x21, 0x0, 0x30, 0xb0, 0x31, 0x0,
    0x62, 0x40, 0x27, 0x0, 0xf4, 0x0, 0x38, 0x3,
    0x28, 0x2, 0x80, 0x3e, 0x17, 0x3, 0xb1, 0x0,
    0x60, 0x1, 0x40, 0x3f, 0x41, 0x82, 0x76, 0x83,
    0x80, 0x8, 0x3, 0x2a, 0x84, 0x1, 0xa4, 0x0,
    0x20, 0xf, 0xc3, 0x54, 0x50, 0x0, 0xeb, 0x88,
    0x1, 0xc0, 0x2, 0x1, 0xff, 0x47, 0x78, 0x18,
    0x1, 0xc0, 0x21, 0xff, 0x20, 0x7, 0xeb, 0x0,
    0x40, 0x7, 0xff, 0xc, 0xcc, 0x3, 0x82, 0x1,
    0xff, 0x10, 0x3, 0x80, 0x7, 0xee, 0x20, 0x1e,
    0x16, 0xd8, 0x0, 0x16, 0x8, 0xc, 0x76, 0xdd,
    0x4d, 0x6f, 0x49, 0x0, 0x63, 0xf6, 0x0, 0x89,
    0x15, 0x94, 0x80, 0x2c, 0x0, 0xc3, 0x3d, 0x2c,
    0x62, 0x1, 0x12, 0xcf, 0x30,

    /* U+FE9F "ﺟ" */
    0x0, 0x9f, 0xba, 0xdc, 0x97, 0x40, 0xf, 0xf7,
    0x88, 0xc4, 0x6d, 0x17, 0xf6, 0xe4, 0x1, 0xff,
    0xc4, 0x48, 0xdc, 0x60, 0xd, 0x1f, 0xee, 0xdc,
    0xa7, 0x41, 0x0, 0x8e, 0x5c, 0x3, 0xc2, 0x46,
    0xb1, 0x7d, 0x20, 0x1f, 0xfc, 0x5a, 0x90, 0x8,
    0xd0, 0x3, 0xfc, 0x38, 0xa0, 0x2, 0xbc, 0x30,
    0xf, 0xe3, 0xf3, 0x0, 0x46, 0xa0, 0x7, 0xf9,
    0xf0, 0x40, 0xb1, 0xc0, 0x3f, 0x8d, 0xf6, 0x0,
    0x7, 0x86, 0x1, 0xc9, 0xdd, 0x7e, 0x41, 0x0,
    0x1b, 0x4, 0x3, 0xc2, 0x38, 0x3, 0x1d, 0xc8,
    0x7, 0xff, 0x0, 0x96, 0x7b, 0x10, 0x3, 0xf9,
    0x7f, 0xed, 0xa6, 0x10, 0xf, 0xfe, 0xda, 0x29,
    0x80, 0x7f, 0xf1, 0x22, 0xac, 0x3, 0xff, 0x9c,

    /* U+FEA0 "ﺠ" */
    0x0, 0x9f, 0xba, 0xdc, 0x97, 0x40, 0xf, 0xfe,
    0xf, 0x88, 0xc4, 0x6d, 0x17, 0xf6, 0xe4, 0x1,
    0xff, 0xc7, 0x48, 0xdc, 0x60, 0xf, 0xa3, 0xfd,
    0xdb, 0x95, 0xa, 0x20, 0x11, 0xcb, 0x80, 0x7f,
    0x9, 0x1a, 0xbd, 0x74, 0x80, 0x7f, 0xf2, 0x2a,
    0x40, 0x23, 0x40, 0xf, 0xfe, 0x8, 0xea, 0x80,
    0x4f, 0x86, 0x1, 0xff, 0xc0, 0x3f, 0x20, 0xc,
    0xc2, 0x1, 0xff, 0xc0, 0x7c, 0x10, 0x1c, 0x30,
    0x1d, 0x0, 0xfe, 0x37, 0xd8, 0x0, 0x1f, 0x9f,
    0x80, 0xf, 0x4c, 0x0, 0x9d, 0xd7, 0xe4, 0x10,
    0x1, 0xb0, 0x40, 0xe0, 0x0, 0x59, 0xda, 0x23,
    0x80, 0x31, 0xdc, 0x80, 0x67, 0x80, 0x8, 0x48,
    0x3, 0x12, 0xce, 0xe2, 0x0, 0x79, 0xf1, 0x44,
    0x0, 0xbf, 0xf6, 0xd3, 0x10, 0x7, 0xf1, 0xd7,
    0x7f, 0x80, 0x3f, 0xfa, 0x68, 0xa6, 0x1, 0xff,
    0xc7, 0x8a, 0xb0, 0xf, 0xfe, 0xa0,

    /* U+FEA1 "ﺡ" */
    0x0, 0x9, 0xb3, 0xcc, 0xe8, 0x75, 0x30, 0xe,
    0x6d, 0xec, 0x98, 0x66, 0xcf, 0x15, 0x9e, 0xa0,
    0x17, 0x10, 0x7, 0xff, 0x4, 0x80, 0x30, 0xb4,
    0xde, 0xe2, 0x0, 0x71, 0xa1, 0x80, 0x53, 0xd2,
    0xc8, 0xb8, 0x80, 0x6, 0xcf, 0xcb, 0x40, 0x8,
    0x40, 0x28, 0x80, 0x1, 0xbe, 0x4c, 0x3, 0xfc,
    0xce, 0x0, 0xb9, 0x0, 0xff, 0xe0, 0x14, 0x80,
    0x31, 0x0, 0x3f, 0xf8, 0x32, 0x0, 0x83, 0x0,
    0xff, 0xe0, 0x92, 0x1, 0x38, 0x7, 0xff, 0x9,
    0x40, 0x14, 0x1, 0xff, 0xc3, 0xc0, 0x2, 0x80,
    0x7f, 0xf0, 0xdc, 0x0, 0x40, 0x1f, 0xfd, 0x67,
    0x0, 0x10, 0x7, 0xff, 0xc, 0xc0, 0x8, 0x1,
    0xff, 0xc3, 0xb0, 0x4, 0x0, 0x7f, 0xf0, 0xcc,
    0xc0, 0x38, 0x20, 0x1f, 0xf1, 0x0, 0x38, 0x0,
    0x7e, 0xe2, 0x1, 0xe1, 0x7d, 0x80, 0x1, 0x60,
    0x80, 0xc7, 0x6d, 0xd4, 0xd6, 0xf4, 0x10, 0x6,
    0x3f, 0x60, 0x8, 0x91, 0x59, 0x48, 0x2, 0xc0,
    0xc, 0x33, 0xd2, 0xc6, 0x20, 0x11, 0x2c, 0xf3,
    0x0,

    /* U+FEA2 "ﺢ" */
    0x0, 0x9, 0xb3, 0xcc, 0xe8, 0x75, 0x20, 0xe,
    0x6d, 0xec, 0x98, 0x66, 0xcf, 0x15, 0xbe, 0xa0,
    0x17, 0x10, 0x7, 0xff, 0x4, 0x80, 0x30, 0xb4,
    0xe6, 0xe2, 0x0, 0x71, 0xa9, 0x80, 0x53, 0xd2,
    0xc6, 0xb8, 0x80, 0x3, 0x0, 0x5d, 0x20, 0x4,
    0x20, 0x14, 0x40, 0x0, 0xdd, 0x84, 0x16, 0x1,
    0xf9, 0x9c, 0x1, 0x72, 0x21, 0x60, 0x64, 0x1,
    0xe2, 0x90, 0x5, 0xa0, 0x4, 0xe0, 0xb, 0x0,
    0xf4, 0x80, 0x21, 0x0, 0x30, 0xb0, 0x31, 0x0,
    0x62, 0x40, 0x27, 0x0, 0xf4, 0x0, 0x38, 0x3,
    0x28, 0x2, 0x80, 0x3e, 0x17, 0x3, 0xb1, 0x0,
    0x60, 0x1, 0x40, 0x3f, 0x41, 0x82, 0x76, 0x83,
    0x80, 0x8, 0x3, 0xfb, 0x48, 0x0, 0x40, 0x1f,
    0xfc, 0x21, 0xd7, 0x10, 0x3, 0x80, 0x4, 0x3,
    0xfe, 0x8e, 0xf0, 0x30, 0x3, 0x80, 0x7f, 0xf0,
    0xec, 0x1, 0x0, 0x1f, 0xfc, 0x33, 0x30, 0xe,
    0x8, 0x7, 0xfc, 0x60, 0xe, 0x0, 0x1f, 0xb8,
    0x80, 0x78, 0x5f, 0xa4, 0x0, 0x58, 0x20, 0x31,
    0xdb, 0x75, 0x35, 0xbd, 0x2, 0x1, 0x8f, 0xd8,
    0x2, 0x24, 0x56, 0x52, 0x0, 0xb0, 0x3, 0xc,
    0xf4, 0xb1, 0x88, 0x4, 0x4b, 0x3c, 0xc0,

    /* U+FEA3 "ﺣ" */
    0x0, 0x9f, 0xba, 0xdc, 0x97, 0x40, 0xf, 0xf7,
    0x88, 0xc4, 0x6d, 0x17, 0xf6, 0xe4, 0x1, 0xff,
    0xc4, 0x48, 0xdc, 0x60, 0xd, 0x1f, 0xee, 0xdc,
    0xa7, 0x41, 0x0, 0x8e, 0x5c, 0x3, 0xc2, 0x46,
    0xb1, 0x7d, 0x20, 0x1f, 0xfc, 0x5a, 0x90, 0x8,
    0xd0, 0x3, 0xfc, 0x38, 0xa0, 0x2, 0xbc, 0x30,
    0xf, 0xe3, 0xf3, 0x0, 0x46, 0xa0, 0x7, 0xf9,
    0xf0, 0x40, 0xb1, 0xc0, 0x3f, 0x8d, 0xf6, 0x0,
    0x7, 0x86, 0x1, 0xc9, 0xdd, 0x7e, 0x41, 0x0,
    0x1b, 0x4, 0x3, 0xc2, 0x38, 0x3, 0x1d, 0xc8,
    0x7, 0xff, 0x0, 0x96, 0x7b, 0x10, 0x3, 0xf8,

    /* U+FEA4 "ﺤ" */
    0x0, 0x9f, 0xba, 0xdc, 0x97, 0x40, 0xf, 0xfe,
    0xf, 0x88, 0xc4, 0x6d, 0x17, 0xf6, 0xe4, 0x1,
    0xff, 0xc7, 0x48, 0xdc, 0x60, 0xf, 0xa3, 0xfd,
    0xdb, 0x95, 0xa, 0x20, 0x11, 0xcb, 0x80, 0x7f,
    0x9, 0x1a, 0xbd, 0x74, 0x80, 0x7f, 0xf2, 0x2a,
    0x40, 0x23, 0x40, 0xf, 0xfe, 0x8, 0xea, 0x80,
    0x4f, 0x86, 0x1, 0xff, 0xc0, 0x3f, 0x20, 0xc,
    0xc2, 0x1, 0xff, 0xc0, 0x7c, 0x10, 0x1c, 0x30,
    0x1d, 0x0, 0xfe, 0x37, 0xd8, 0x0, 0x1f, 0x9f,
    0x80, 0xf, 0x4c, 0x0, 0x9d, 0xd7, 0xe4, 0x10,
    0x1, 0xb0, 0x40, 0xe0, 0x0, 0x59, 0xda, 0x23,
    0x80, 0x31, 0xdc, 0x80, 0x67, 0x80, 0x8, 0x48,
    0x3, 0x12, 0xce, 0xe2, 0x0, 0x79, 0xf1, 0x44,
    0x0,

    /* U+FEA5 "ﺥ" */
    0x0, 0xf9, 0x54, 0x20, 0x1f, 0xfc, 0x4a, 0xa2,
    0x0, 0x7f, 0xf5, 0xff, 0xca, 0x1, 0xff, 0xd2,
    0x13, 0x67, 0x99, 0xd0, 0xea, 0x60, 0x1c, 0xdb,
    0xd9, 0x30, 0xcd, 0x9e, 0x2b, 0x3d, 0x40, 0x2e,
    0x20, 0xf, 0xfe, 0x9, 0x0, 0x61, 0x69, 0xbd,
    0xc4, 0x0, 0xe3, 0x43, 0x0, 0xa7, 0xa5, 0x91,
    0x71, 0x0, 0xd, 0x9f, 0x96, 0x80, 0x10, 0x80,
    0x51, 0x0, 0x3, 0x7c, 0x98, 0x7, 0xf9, 0x9c,
    0x1, 0x72, 0x1, 0xff, 0xc0, 0x29, 0x0, 0x62,
    0x0, 0x7f, 0xf0, 0x64, 0x1, 0x6, 0x1, 0xff,
    0xc1, 0x24, 0x2, 0x70, 0xf, 0xfe, 0x12, 0x80,
    0x28, 0x3, 0xff, 0x87, 0x80, 0x5, 0x0, 0xff,
    0xe1, 0xb8, 0x0, 0x80, 0x3f, 0xfa, 0xce, 0x0,
    0x20, 0xf, 0xfe, 0x19, 0x80, 0x10, 0x3, 0xff,
    0x87, 0x60, 0x8, 0x0, 0xff, 0xe1, 0x99, 0x80,
    0x70, 0x40, 0x3f, 0xe2, 0x0, 0x70, 0x0, 0xfd,
    0xc4, 0x3, 0xc2, 0xfb, 0x0, 0x2, 0xc1, 0x1,
    0x8e, 0xdb, 0xa9, 0xad, 0xe8, 0x20, 0xc, 0x7e,
    0xc0, 0x11, 0x22, 0xb2, 0x90, 0x5, 0x80, 0x18,
    0x67, 0xa5, 0x8c, 0x40, 0x22, 0x59, 0xe6,

    /* U+FEA6 "ﺦ" */
    0x0, 0xfb, 0xfc, 0xa0, 0x1f, 0xfd, 0x7a, 0xa2,
    0x0, 0x7f, 0xf1, 0x15, 0x42, 0x1, 0xff, 0xd2,
    0x13, 0x67, 0x99, 0xd0, 0xea, 0x40, 0x1c, 0xdb,
    0xd9, 0x30, 0xcd, 0x9e, 0x2b, 0x7d, 0x40, 0x2e,
    0x20, 0xf, 0xfe, 0x9, 0x0, 0x61, 0x69, 0xcd,
    0xc4, 0x0, 0xe3, 0x53, 0x0, 0xa7, 0xa5, 0x8d,
    0x71, 0x0, 0x6, 0x0, 0xba, 0x40, 0x8, 0x40,
    0x28, 0x80, 0x1, 0xbb, 0x8, 0x2c, 0x3, 0xf3,
    0x38, 0x2, 0xe4, 0x42, 0xc0, 0xc8, 0x3, 0xc5,
    0x20, 0xb, 0x40, 0x9, 0xc0, 0x16, 0x1, 0xe9,
    0x0, 0x42, 0x0, 0x61, 0x60, 0x62, 0x0, 0xc4,
    0x80, 0x4e, 0x1, 0xe8, 0x0, 0x70, 0x6, 0x50,
    0x5, 0x0, 0x7c, 0x2e, 0x7, 0x62, 0x0, 0xc0,
    0x2, 0x80, 0x7e, 0x83, 0x4, 0xed, 0x7, 0x0,
    0x10, 0x7, 0xf6, 0x90, 0x0, 0x80, 0x3f, 0xf8,
    0x43, 0xae, 0x20, 0x7, 0x0, 0x8, 0x7, 0xfd,
    0x1d, 0xe0, 0x60, 0x7, 0x0, 0xff, 0xe1, 0xd8,
    0x2, 0x0, 0x3f, 0xf8, 0x66, 0x60, 0x1c, 0x10,
    0xf, 0xf8, 0xc0, 0x1c, 0x0, 0x3f, 0x71, 0x0,
    0xf0, 0xbf, 0x48, 0x0, 0xb0, 0x40, 0x63, 0xb6,
    0xea, 0x6b, 0x7a, 0x4, 0x3, 0x1f, 0xb0, 0x4,
    0x48, 0xac, 0xa4, 0x1, 0x60, 0x6, 0x19, 0xe9,
    0x63, 0x10, 0x8, 0x96, 0x79, 0x80,

    /* U+FEA7 "ﺧ" */
    0x0, 0xfe, 0x45, 0x30, 0xf, 0xfe, 0x24, 0x55,
    0x80, 0x7f, 0xf5, 0xf3, 0xe0, 0x3, 0xff, 0xa2,
    0xfd, 0xd6, 0xe4, 0xba, 0x0, 0x7f, 0xbc, 0x46,
    0x23, 0x68, 0xbf, 0xb7, 0x20, 0xf, 0xfe, 0x22,
    0x46, 0xe3, 0x0, 0x68, 0xff, 0x76, 0xe5, 0x3a,
    0x8, 0x4, 0x72, 0xe0, 0x1e, 0x12, 0x35, 0x8b,
    0xe9, 0x0, 0xff, 0xe2, 0xd4, 0x80, 0x46, 0x80,
    0x1f, 0xe1, 0xc5, 0x0, 0x15, 0xe1, 0x80, 0x7f,
    0x1f, 0x98, 0x2, 0x35, 0x0, 0x3f, 0xcf, 0x82,
    0x5, 0x8e, 0x1, 0xfc, 0x6f, 0xb0, 0x0, 0x3c,
    0x30, 0xe, 0x4e, 0xeb, 0xf2, 0x8, 0x0, 0xd8,
    0x20, 0x1e, 0x11, 0xc0, 0x18, 0xee, 0x40, 0x3f,
    0xf8, 0x4, 0xb3, 0xd8, 0x80, 0x1f, 0xc0,

    /* U+FEA8 "ﺨ" */
    0x0, 0xfe, 0x45, 0x30, 0xf, 0xfe, 0x3c, 0x55,
    0x80, 0x7f, 0xf7, 0x73, 0xe0, 0x3, 0xff, 0xae,
    0xfd, 0xd6, 0xe4, 0xba, 0x0, 0x7f, 0xf0, 0x7c,
    0x46, 0x23, 0x68, 0xbf, 0xb7, 0x20, 0xf, 0xfe,
    0x3a, 0x46, 0xe3, 0x0, 0x7d, 0x1f, 0xee, 0xdc,
    0xa8, 0x51, 0x0, 0x8e, 0x5c, 0x3, 0xf8, 0x48,
    0xd5, 0xeb, 0xa4, 0x3, 0xff, 0x91, 0x52, 0x1,
    0x1a, 0x0, 0x7f, 0xf0, 0x47, 0x54, 0x2, 0x7c,
    0x30, 0xf, 0xfe, 0x1, 0xf9, 0x0, 0x66, 0x10,
    0xf, 0xfe, 0x3, 0xe0, 0x80, 0xe1, 0x80, 0xe8,
    0x7, 0xf1, 0xbe, 0xc0, 0x0, 0xfc, 0xfc, 0x0,
    0x7a, 0x60, 0x4, 0xee, 0xbf, 0x20, 0x80, 0xd,
    0x82, 0x7, 0x0, 0x2, 0xce, 0xd1, 0x1c, 0x1,
    0x8e, 0xe4, 0x3, 0x3c, 0x0, 0x42, 0x40, 0x18,
    0x96, 0x77, 0x10, 0x3, 0xcf, 0x8a, 0x20, 0x0,

    /* U+FEA9 "ﺩ" */
    0x0, 0xd5, 0xfe, 0xc0, 0xf, 0xd4, 0xc0, 0x78,
    0x1, 0xfa, 0x50, 0xe, 0x0, 0x3f, 0x50, 0x83,
    0x98, 0x7, 0xc3, 0x0, 0x9, 0x0, 0xfc, 0xc0,
    0x5, 0x10, 0xf, 0xca, 0x0, 0x50, 0xf, 0xc6,
    0x0, 0x20, 0xf, 0xc4, 0x0, 0x30, 0xf, 0x91,
    0x0, 0x4, 0x4, 0x0, 0x86, 0x2c, 0x0, 0x82,
    0x17, 0xfd, 0xbc, 0xe0, 0x14, 0x80, 0x61, 0x20,
    0x8, 0xb0, 0x80, 0xe, 0x40, 0x1, 0x5a, 0xd3,
    0x0, 0x0,

    /* U+FEAA "ﺪ" */
    0x0, 0xd5, 0xfe, 0xc0, 0xf, 0xfe, 0xd, 0x30,
    0x1d, 0x80, 0x7f, 0xf0, 0x65, 0x1, 0x18, 0x3,
    0xff, 0x83, 0x42, 0x12, 0x20, 0x1f, 0xfc, 0x1,
    0x80, 0x4, 0x0, 0x7f, 0xf0, 0x58, 0x0, 0xc0,
    0x1f, 0xfc, 0x24, 0x0, 0x20, 0x7, 0xff, 0x4,
    0x80, 0x4, 0x1, 0xff, 0xc1, 0x20, 0x7, 0x0,
    0x7f, 0xf0, 0x11, 0x0, 0x6, 0x10, 0xf, 0xe1,
    0x8b, 0x0, 0x87, 0x48, 0x3, 0x6e, 0xee, 0x70,
    0x8, 0xc0, 0xf7, 0xb8, 0x20, 0x45, 0x80, 0x21,
    0xcd, 0x20, 0x0, 0x88, 0x3, 0xc2, 0xb3, 0xc6,
    0x38, 0xc2, 0x1, 0x0,

    /* U+FEAB "ﺫ" */
    0x0, 0xca, 0xa2, 0x0, 0xfe, 0xba, 0x40, 0xf,
    0xfe, 0x4f, 0x7b, 0x0, 0x7f, 0xf5, 0x67, 0xb9,
    0x40, 0x1f, 0xa5, 0x45, 0x6c, 0x3, 0xf5, 0x98,
    0x23, 0x80, 0x7e, 0xd0, 0x4, 0x10, 0x7, 0xc3,
    0x0, 0x8, 0x0, 0xfc, 0xe0, 0x5, 0x0, 0xfe,
    0x40, 0x2, 0x0, 0x7e, 0x20, 0x1, 0x0, 0x7e,
    0x20, 0x1, 0x80, 0x7c, 0x88, 0x0, 0x38, 0x20,
    0x4, 0x31, 0x60, 0x4, 0x20, 0xbf, 0xed, 0xe7,
    0x0, 0xa4, 0x3, 0x9, 0x0, 0x45, 0x84, 0x0,
    0x72, 0x0, 0xa, 0xd6, 0x98, 0x0,

    /* U+FEAC "ﺬ" */
    0x0, 0xca, 0xa2, 0x0, 0xff, 0xe1, 0x5d, 0x20,
    0x7, 0xff, 0x4f, 0xbd, 0x80, 0x3f, 0xfc, 0x93,
    0x76, 0x80, 0xf, 0xfe, 0xc, 0x3a, 0x3c, 0x0,
    0x7f, 0xf0, 0x7, 0x8, 0x1d, 0x0, 0x3f, 0xf8,
    0x3e, 0x0, 0xa0, 0xf, 0xfe, 0x9, 0x38, 0xc,
    0x0, 0x7f, 0xf0, 0x64, 0x0, 0xc0, 0x1f, 0xfc,
    0x11, 0x40, 0x13, 0x0, 0xff, 0xe0, 0x90, 0x1,
    0x40, 0x3f, 0xf8, 0x26, 0x0, 0xe0, 0xf, 0xfe,
    0x1, 0xa8, 0x1, 0x84, 0x3, 0xf8, 0x63, 0x0,
    0x21, 0xd2, 0x0, 0xdb, 0xbb, 0x9c, 0x2, 0x30,
    0x3d, 0xee, 0x8, 0x11, 0x60, 0x8, 0x73, 0x48,
    0x0, 0x22, 0x0, 0xf0, 0xac, 0xf1, 0x8e, 0x30,
    0x80, 0x40,

    /* U+FEAD "ﺭ" */
    0x0, 0xff, 0xe0, 0x3c, 0x30, 0x7, 0xff, 0x6,
    0x9e, 0x44, 0x3, 0xff, 0x80, 0xa0, 0x4, 0x0,
    0xff, 0xe0, 0x70, 0x0, 0x80, 0x3f, 0xf8, 0x6,
    0x0, 0xf0, 0xf, 0xfe, 0x1f, 0x80, 0x7f, 0xf0,
    0x8, 0x0, 0x20, 0x1f, 0xfc, 0xc, 0x0, 0x28,
    0x7, 0xfc, 0x28, 0x0, 0x30, 0xf, 0xfa, 0xc0,
    0xa, 0x1, 0xff, 0x3a, 0x80, 0x24, 0x3, 0xfd,
    0x30, 0x0, 0x53, 0x0, 0xfc, 0xba, 0xc0, 0x3,
    0xa0, 0xe, 0x14, 0x8d, 0xa2, 0x0, 0x2e, 0x80,
    0x49, 0xdf, 0xd6, 0xe4, 0x0, 0x1a, 0xa0, 0x80,
    0x42, 0x20, 0xe, 0x39, 0xe5, 0x0, 0xf8, 0x4d,
    0xa7, 0xb1, 0x80, 0x3e,

    /* U+FEAE "ﺮ" */
    0x0, 0xff, 0xe0, 0x3c, 0x30, 0x7, 0xff, 0x16,
    0x9e, 0x40, 0x3f, 0xf8, 0xaa, 0x0, 0x30, 0xf,
    0xfe, 0x27, 0x0, 0x10, 0x3, 0xff, 0x88, 0x60,
    0xa, 0x0, 0xff, 0xe3, 0x95, 0x8, 0x7, 0xff,
    0x8, 0x80, 0x25, 0xee, 0x68, 0x7, 0xff, 0x3,
    0x0, 0x38, 0x48, 0x3, 0xfe, 0x24, 0x1, 0xa2,
    0x0, 0xff, 0xe1, 0x48, 0x1, 0xd7, 0x7f, 0xe0,
    0xf, 0xf4, 0x20, 0x2, 0xc0, 0x3f, 0xf8, 0x54,
    0xe0, 0x7, 0x20, 0xf, 0xfe, 0x3, 0x72, 0x80,
    0x12, 0x0, 0x3f, 0x9, 0xb5, 0x7c, 0x88, 0x1,
    0xac, 0x3, 0xe5, 0xfe, 0xc9, 0x50, 0x8, 0xee,
    0x40, 0x3f, 0xf8, 0x6b, 0x78, 0x80, 0x1f, 0xc2,
    0x46, 0xb1, 0x7f, 0x48, 0x1, 0xff, 0x0,

    /* U+FEAF "ﺯ" */
    0x0, 0xff, 0x85, 0x54, 0x1, 0xff, 0xc1, 0x2a,
    0xa0, 0x80, 0x7f, 0xf4, 0xf, 0xfc, 0x20, 0x1f,
    0xfe, 0x12, 0x20, 0x80, 0x7f, 0xf0, 0x73, 0x7c,
    0x3, 0xff, 0x82, 0xe0, 0x28, 0x1, 0xff, 0xc0,
    0xe0, 0x1, 0x0, 0x7f, 0xf0, 0x8, 0x1, 0xc0,
    0x1f, 0xfd, 0x3, 0x0, 0x78, 0x7, 0xff, 0x3,
    0x0, 0x6, 0x1, 0xff, 0xc0, 0x40, 0x2, 0x0,
    0x7f, 0xd2, 0x20, 0x80, 0x1f, 0xf3, 0x30, 0x1,
    0xe0, 0x1f, 0xe8, 0x90, 0x2, 0x20, 0x3, 0xf2,
    0x63, 0x80, 0xa, 0xc0, 0x38, 0x52, 0x36, 0xcc,
    0x0, 0x98, 0x1, 0x27, 0x7f, 0x5b, 0x90, 0x0,
    0x66, 0xc4, 0x2, 0x11, 0x0, 0x71, 0xcf, 0x30,
    0x7, 0xc2, 0x6d, 0x3b, 0x8c, 0x1, 0xf0,

    /* U+FEB0 "ﺰ" */
    0x0, 0xff, 0x8f, 0xfc, 0x20, 0x1f, 0xfd, 0x82,
    0xaa, 0x8, 0x7, 0xff, 0x10, 0x55, 0x40, 0x1f,
    0xfe, 0xea, 0xb9, 0x0, 0xff, 0xe2, 0xb2, 0x30,
    0x7, 0xff, 0x15, 0x0, 0x8, 0x1, 0xff, 0xc4,
    0xe0, 0x6, 0x0, 0x7f, 0xf1, 0xc, 0x0, 0xc0,
    0x1f, 0xfc, 0x43, 0x0, 0xd, 0x88, 0x7, 0xff,
    0x8, 0x40, 0x24, 0xee, 0x68, 0x7, 0xff, 0x3,
    0x0, 0x38, 0x48, 0x3, 0xfe, 0x24, 0x1, 0xa2,
    0x0, 0xff, 0xe1, 0x48, 0x1, 0xd7, 0x7f, 0xe0,
    0xf, 0xf4, 0xa0, 0x2, 0xc0, 0x3f, 0xf8, 0x23,
    0x6c, 0x0, 0x72, 0x0, 0xff, 0xe0, 0x3f, 0xa0,
    0x1, 0x20, 0x3, 0xf0, 0x9b, 0x57, 0xc0, 0x80,
    0x1a, 0xc0, 0x3e, 0x5f, 0xec, 0x95, 0x0, 0x8e,
    0xe4, 0x3, 0xff, 0x86, 0xb7, 0x88, 0x1, 0xfc,
    0x24, 0x6b, 0x17, 0xf4, 0x80, 0x1f, 0xf0,

    /* U+FEB1 "ﺱ" */
    0x0, 0xff, 0xe9, 0xbf, 0xf9, 0x80, 0x3f, 0xfc,
    0xbb, 0xfe, 0x0, 0xf4, 0xff, 0x90, 0x3, 0xff,
    0x94, 0xa0, 0x3, 0x0, 0xe3, 0x0, 0x8, 0x7,
    0xff, 0x2b, 0x0, 0x8, 0x1, 0xc2, 0x1, 0xff,
    0xcd, 0x40, 0x5, 0x80, 0x73, 0x0, 0x8, 0x3,
    0x78, 0x6, 0x9f, 0xf2, 0x0, 0x7f, 0x88, 0xc,
    0x80, 0x21, 0x20, 0x5, 0x80, 0x62, 0x0, 0x18,
    0xb0, 0x12, 0x0, 0x7f, 0x98, 0x1, 0x0, 0x14,
    0x80, 0x46, 0xa0, 0x12, 0x0, 0x1d, 0xc0, 0x5,
    0x0, 0xff, 0xe1, 0x2d, 0xab, 0xb8, 0x3, 0x54,
    0x2d, 0x88, 0x11, 0x30, 0x1, 0x60, 0x1f, 0xf3,
    0x80, 0x49, 0x50, 0x0, 0x81, 0x0, 0x3d, 0x20,
    0x2, 0x1, 0xc0, 0x6, 0x1, 0xff, 0x18, 0x7,
    0xc2, 0xf4, 0x1, 0xe7, 0x50, 0x30, 0x10, 0xf,
    0xf9, 0x0, 0x5, 0x4, 0x0, 0x4c, 0x4, 0xd4,
    0x0, 0x1d, 0x40, 0x0, 0x40, 0x3f, 0xf8, 0x30,
    0x0, 0x47, 0xdf, 0xf5, 0x90, 0x0, 0xaf, 0xfd,
    0x8a, 0x1, 0x8, 0x8, 0x7, 0xfa, 0xc, 0x1,
    0x40, 0x1f, 0xfc, 0x55, 0x0, 0x38, 0x7, 0xe7,
    0x70, 0x1, 0xc, 0x3, 0xff, 0x8b, 0xa0, 0x8,
    0x93, 0x0, 0x85, 0x72, 0x0, 0x5, 0x40, 0x1f,
    0xfc, 0x66, 0x20, 0x3, 0x67, 0xfd, 0xd4, 0x60,
    0x2, 0xc1, 0x0, 0xff, 0xe3, 0xe1, 0x80, 0x7f,
    0x9f, 0x44, 0x3, 0xff, 0x90, 0x39, 0x6c, 0x62,
    0x0, 0x13, 0x8e, 0x80, 0xf, 0xfe, 0x48,

    /* U+FEB2 "ﺲ" */
    0x0, 0xff, 0xe9, 0xbf, 0xf9, 0x80, 0x3f, 0xfd,
    0xfb, 0xfe, 0x0, 0xf4, 0xff, 0x90, 0x3, 0xff,
    0x9e, 0xa0, 0x3, 0x0, 0xfc, 0x20, 0x1f, 0xfc,
    0xfc, 0x0, 0x28, 0x7, 0x18, 0x7, 0xff, 0x49,
    0x0, 0x1a, 0x1, 0xcc, 0x0, 0x20, 0xf, 0xfe,
    0x14, 0xff, 0x90, 0x3, 0xfc, 0x40, 0x80, 0x1c,
    0x60, 0xd, 0x0, 0xdc, 0x0, 0xe0, 0xe, 0x16,
    0x2, 0x40, 0xf, 0xf3, 0x0, 0x18, 0x2, 0x50,
    0x9, 0x48, 0x2, 0x40, 0x3, 0x8, 0x6, 0x70,
    0x2, 0x80, 0x7f, 0xf0, 0xa5, 0x0, 0x60, 0x3,
    0x70, 0x82, 0x90, 0x0, 0x74, 0x40, 0x2c, 0x0,
    0x58, 0x7, 0xfc, 0xe0, 0x15, 0xf7, 0x8, 0x14,
    0x0, 0x7d, 0xb4, 0x1, 0x8f, 0xb9, 0xa2, 0xe0,
    0x3, 0x0, 0xff, 0x8c, 0x3, 0x8, 0x5, 0x12,
    0x1, 0x10, 0x0, 0x88, 0x1, 0x9, 0x1, 0x80,
    0x80, 0x7f, 0xc8, 0x0, 0x15, 0x10, 0x14, 0xc2,
    0x6b, 0x40, 0x1, 0xc6, 0xea, 0x4c, 0x3, 0x8,
    0x7, 0xff, 0x6, 0x0, 0x9, 0x5d, 0xfd, 0x66,
    0x0, 0x4b, 0xff, 0x63, 0x80, 0x1b, 0x3f, 0xe1,
    0x10, 0x8, 0x7, 0xfa, 0xc, 0x1, 0xe0, 0x1f,
    0xfc, 0xa5, 0x0, 0x38, 0x7, 0xe7, 0x70, 0x0,
    0x94, 0x3, 0xff, 0x95, 0xa0, 0x8, 0x93, 0x0,
    0x85, 0x72, 0x0, 0x3, 0xe0, 0x1f, 0xfc, 0xb6,
    0x20, 0x3, 0x67, 0xfd, 0xd4, 0x60, 0x1, 0xc2,
    0x0, 0xff, 0xe6, 0x61, 0x80, 0x7f, 0x9b, 0xc8,
    0x3, 0xff, 0x9a, 0x39, 0x6c, 0x62, 0x0, 0x13,
    0x8d, 0x91, 0x0, 0xff, 0xe6, 0x80,

    /* U+FEB3 "ﺳ" */
    0x0, 0xff, 0xe5, 0x5f, 0xf8, 0x80, 0x3f, 0xfa,
    0x75, 0xfe, 0x30, 0xe, 0xdf, 0xf0, 0x7, 0xff,
    0x38, 0x40, 0x3f, 0xf9, 0x44, 0x1, 0xff, 0xc7,
    0x60, 0xc, 0x20, 0x11, 0x0, 0x67, 0x0, 0xfc,
    0xe0, 0xc, 0x0, 0xca, 0x1, 0x20, 0x6, 0x10,
    0x1, 0x80, 0x64, 0x20, 0x3, 0x80, 0x6d, 0x0,
    0xa8, 0x2, 0x12, 0x1, 0x10, 0x4, 0x94, 0x1,
    0xd, 0x0, 0x15, 0x80, 0x22, 0xa0, 0x5, 0x80,
    0x1c, 0x13, 0xbe, 0xc4, 0x3, 0x2f, 0xf5, 0x0,
    0x14, 0x0, 0xbf, 0xe5, 0x0, 0x58, 0x8, 0x80,
    0x34, 0xb8, 0x4, 0x20, 0x3, 0xa4, 0x0, 0xf5,
    0x10, 0x6, 0x15, 0xc6, 0x88, 0x10, 0x0, 0x9b,
    0x42, 0xe4, 0xc0, 0x57, 0x54, 0x0,

    /* U+FEB4 "ﺴ" */
    0x0, 0xff, 0xe5, 0x5f, 0xf8, 0x80, 0x3f, 0xfb,
    0x75, 0xfe, 0x30, 0xe, 0xdf, 0xf0, 0x7, 0xff,
    0x48, 0x40, 0x3f, 0xf9, 0xc4, 0x1, 0xff, 0xcb,
    0x60, 0xc, 0x20, 0x11, 0x0, 0x67, 0x0, 0xff,
    0xe0, 0x38, 0x3, 0x0, 0x32, 0x80, 0x48, 0x1,
    0x84, 0x0, 0xe0, 0x1f, 0x90, 0x80, 0xe, 0x1,
    0xb4, 0x2, 0xa0, 0x8, 0x48, 0x1, 0x20, 0x1f,
    0x25, 0x0, 0x43, 0x40, 0x5, 0x60, 0x8, 0xa8,
    0x1, 0x60, 0x11, 0xc8, 0x80, 0x13, 0xbe, 0xc4,
    0x3, 0x2f, 0xf5, 0x0, 0x14, 0x0, 0xbf, 0xe5,
    0x0, 0xcd, 0xdc, 0xc1, 0x10, 0x6, 0x99, 0x0,
    0x42, 0x0, 0x3a, 0x40, 0xf, 0x20, 0x80, 0x42,
    0x20, 0x8, 0x57, 0x19, 0x96, 0x82, 0x4, 0xda,
    0x17, 0x26, 0x2, 0x95, 0x7e, 0xe4, 0x1, 0x0,

    /* U+FEB5 "ﺵ" */
    0x0, 0xff, 0xe3, 0x92, 0xa0, 0x7, 0xff, 0x52,
    0xa9, 0x20, 0x1f, 0xff, 0x78, 0xfd, 0x0, 0xff,
    0xe9, 0x12, 0xa0, 0x1a, 0xa0, 0x7, 0xff, 0x41,
    0x6a, 0x81, 0x54, 0x80, 0xf, 0xff, 0x9b, 0xff,
    0x4, 0xfe, 0x0, 0x7c, 0x26, 0x61, 0x0, 0xff,
    0xe9, 0xb6, 0x61, 0xc0, 0x3f, 0xfc, 0xb7, 0xba,
    0x0, 0xf4, 0x6e, 0x90, 0x3, 0xff, 0x94, 0x45,
    0x18, 0x7, 0x9, 0x10, 0x40, 0x3f, 0xf9, 0x5a,
    0x0, 0x40, 0xe, 0x20, 0xf, 0xfe, 0x6a, 0x0,
    0x2c, 0x3, 0x98, 0x0, 0x40, 0x1b, 0xc0, 0x34,
    0xff, 0x90, 0x3, 0xfc, 0x40, 0x62, 0x1, 0x9,
    0x0, 0x2c, 0x3, 0x10, 0x0, 0xc5, 0x80, 0x90,
    0x3, 0xfc, 0x20, 0xb, 0x0, 0x98, 0x2, 0x35,
    0x0, 0x90, 0x0, 0xee, 0x0, 0x28, 0x7, 0xfc,
    0xe0, 0x5, 0xb5, 0x78, 0x0, 0xd5, 0xb, 0x62,
    0x4, 0x4c, 0x0, 0x58, 0x7, 0xfc, 0xe0, 0x12,
    0x54, 0x0, 0x20, 0x40, 0xf, 0x48, 0x0, 0x80,
    0x70, 0x1, 0x80, 0x7f, 0xc4, 0x1, 0xf0, 0xbd,
    0x0, 0x79, 0xd4, 0xc, 0x4, 0x3, 0xfe, 0x41,
    0x2, 0x82, 0x0, 0x26, 0x2, 0x6a, 0x0, 0xe,
    0xe0, 0x0, 0x20, 0x1f, 0xfc, 0x18, 0x0, 0x23,
    0xef, 0xfa, 0xc8, 0x0, 0x57, 0xfe, 0xc4, 0x0,
    0x84, 0x4, 0x3, 0xfc, 0xe6, 0x0, 0xa0, 0xf,
    0xfe, 0x2a, 0x80, 0x1c, 0x3, 0xf3, 0xc0, 0x1,
    0xc, 0x3, 0xff, 0x8b, 0xa0, 0x8, 0x93, 0x0,
    0x85, 0x72, 0x0, 0x5, 0x40, 0x1f, 0xfc, 0x66,
    0x20, 0x3, 0x67, 0xfd, 0xd4, 0x60, 0x2, 0xc1,
    0x0, 0xff, 0xe3, 0xe1, 0x80, 0x7f, 0x9f, 0x44,
    0x3, 0xff, 0x90, 0x39, 0x6c, 0x62, 0x0, 0x13,
    0x8e, 0x80, 0xf, 0xfe, 0x48,

    /* U+FEB6 "ﺶ" */
    0x0, 0xff, 0xe3, 0x92, 0xa0, 0x7, 0xff, 0x66,
    0xa9, 0x20, 0x1f, 0xff, 0xf0, 0x4, 0x7e, 0x80,
    0x7f, 0xf5, 0xc9, 0x50, 0xd, 0x50, 0x3, 0xff,
    0xaa, 0xb5, 0x40, 0xaa, 0x40, 0x7, 0xff, 0xf5,
    0xff, 0x82, 0x7f, 0x0, 0x3e, 0x13, 0x30, 0x80,
    0x7f, 0xf6, 0x1b, 0x30, 0xe0, 0x1f, 0xfe, 0xf9,
    0xbb, 0x0, 0x79, 0xae, 0xc6, 0x1, 0xff, 0xcf,
    0x34, 0x41, 0x0, 0x77, 0xa2, 0x1c, 0x3, 0xff,
    0x9f, 0xe0, 0x4, 0x0, 0xe3, 0x0, 0x8, 0x7,
    0xff, 0x3d, 0x0, 0x18, 0x1, 0xcc, 0x0, 0x30,
    0xd, 0xe0, 0x1f, 0xcb, 0x54, 0x40, 0xf, 0xe1,
    0x20, 0x50, 0xe, 0x30, 0x6, 0x0, 0x61, 0x0,
    0x78, 0x7, 0xad, 0x51, 0x0, 0x1f, 0xe1, 0x0,
    0x30, 0x4, 0xa0, 0x12, 0x88, 0x4, 0x80, 0x7,
    0x10, 0xc, 0x82, 0xe, 0x1, 0xff, 0x38, 0x2,
    0x50, 0x6, 0x0, 0x36, 0x88, 0x29, 0x0, 0x7,
    0x44, 0x2, 0xd0, 0x6, 0x80, 0x7f, 0xce, 0x1,
    0x5f, 0x70, 0x81, 0x40, 0x7, 0xdb, 0x40, 0x18,
    0xfb, 0x9a, 0x2a, 0x0, 0x50, 0xf, 0xf8, 0x80,
    0x30, 0x80, 0x51, 0x20, 0x11, 0x0, 0x8, 0x80,
    0x10, 0x90, 0x10, 0x0, 0x40, 0x3f, 0xc6, 0x20,
    0x2a, 0x20, 0x29, 0x84, 0xd6, 0x80, 0x3, 0x8d,
    0xd4, 0x98, 0x6, 0x10, 0x10, 0xf, 0xfb, 0xc0,
    0x9, 0x5d, 0xfd, 0x66, 0x0, 0x4b, 0xff, 0x63,
    0x80, 0x1b, 0x3f, 0xe1, 0x10, 0x8, 0x7, 0xf9,
    0xcc, 0x1, 0xe0, 0x1f, 0xfc, 0xa2, 0x0, 0x30,
    0x7, 0xe7, 0x80, 0x1, 0x28, 0x7, 0xff, 0x2a,
    0xc0, 0x13, 0x6, 0x1, 0xa, 0xe4, 0x0, 0x7,
    0xc0, 0x3f, 0xf9, 0x6e, 0x40, 0x7, 0xcf, 0xfb,
    0xa8, 0xc0, 0x3, 0x84, 0x1, 0xff, 0xcc, 0xf3,
    0x0, 0xff, 0x37, 0x90, 0x7, 0xff, 0x34, 0xb2,
    0xd8, 0xc4, 0x0, 0x27, 0x1b, 0x22, 0x1, 0xff,
    0xcd,

    /* U+FEB7 "ﺷ" */
    0x0, 0xff, 0xe0, 0xa2, 0x90, 0x7, 0xff, 0x2e,
    0xa8, 0xa0, 0x1f, 0xfe, 0x5e, 0xf7, 0x0, 0xff,
    0xe4, 0xa2, 0x90, 0x2a, 0x88, 0x3, 0xff, 0x8f,
    0x35, 0x40, 0xaa, 0x20, 0x7, 0xff, 0x87, 0x7e,
    0x3, 0xfc, 0xc0, 0x18, 0x8c, 0xc0, 0x1f, 0xfc,
    0xb9, 0xcc, 0x10, 0x7, 0xff, 0x4d, 0xee, 0xc4,
    0x1, 0xd3, 0x76, 0x0, 0xff, 0xe1, 0x6a, 0x20,
    0x40, 0x39, 0x12, 0x0, 0xff, 0xe5, 0x98, 0x0,
    0x40, 0x3f, 0xf8, 0x8c, 0x1, 0xc2, 0x0, 0x30,
    0xc, 0xe0, 0x1f, 0x9c, 0x1, 0xa0, 0x18, 0xc0,
    0x24, 0x0, 0xc2, 0x0, 0x30, 0xc, 0x64, 0x0,
    0x60, 0xd, 0x40, 0x15, 0x80, 0x42, 0x40, 0x22,
    0x0, 0x8f, 0x40, 0x21, 0x90, 0x2, 0xb0, 0x4,
    0x54, 0x0, 0xb0, 0x3, 0x82, 0x77, 0xe0, 0x80,
    0x66, 0xfe, 0xa0, 0x2, 0x80, 0x17, 0xfc, 0xa0,
    0x8, 0x1, 0x10, 0x6, 0x97, 0x0, 0x84, 0x0,
    0x74, 0x80, 0x1e, 0xb1, 0x0, 0xc2, 0xb8, 0xd1,
    0x2, 0x0, 0x13, 0x68, 0x5c, 0x98, 0xa, 0xea,
    0x0, 0x0,

    /* U+FEB8 "ﺸ" */
    0x0, 0xff, 0xe0, 0xa2, 0x90, 0x7, 0xff, 0x3e,
    0xa8, 0xa0, 0x1f, 0xfe, 0xde, 0xf7, 0x0, 0xff,
    0xe6, 0xa2, 0x90, 0x2a, 0x88, 0x3, 0xff, 0x97,
    0x35, 0x40, 0xaa, 0x20, 0x7, 0xff, 0xa7, 0x7e,
    0x3, 0xfc, 0xc0, 0x18, 0x8c, 0xc0, 0x1f, 0xfc,
    0xf9, 0xcc, 0x10, 0x7, 0xff, 0x6d, 0xee, 0xc4,
    0x1, 0xd3, 0x76, 0x0, 0xff, 0xe3, 0x6a, 0x20,
    0x40, 0x39, 0x12, 0x0, 0xff, 0xe7, 0x98, 0x0,
    0x40, 0x3f, 0xf9, 0xc, 0x1, 0xc2, 0x0, 0x30,
    0xc, 0xe0, 0x1f, 0xfc, 0x7, 0x0, 0x68, 0x6,
    0x30, 0x9, 0x0, 0x30, 0x80, 0x1c, 0x3, 0xf1,
    0x90, 0x1, 0x80, 0x35, 0x0, 0x56, 0x1, 0x9,
    0x0, 0x24, 0x3, 0xe3, 0xd0, 0x8, 0x64, 0x0,
    0xac, 0x1, 0x15, 0x0, 0x2c, 0x2, 0x39, 0x10,
    0x2, 0x77, 0xe0, 0x80, 0x66, 0xfe, 0xa0, 0x2,
    0x80, 0x17, 0xfc, 0xa0, 0x19, 0xbb, 0x98, 0x22,
    0x0, 0xd3, 0x20, 0x8, 0x40, 0x7, 0x48, 0x1,
    0xe4, 0x10, 0x8, 0x44, 0x1, 0xa, 0xe3, 0x32,
    0xd0, 0x40, 0x9b, 0x42, 0xe4, 0xc0, 0x52, 0xaf,
    0xdc, 0x80, 0x20,

    /* U+FEB9 "ﺹ" */
    0x0, 0xff, 0xe6, 0x94, 0x55, 0x25, 0x44, 0x3,
    0xff, 0x9c, 0x55, 0xae, 0xaa, 0x6a, 0xe7, 0x0,
    0xff, 0xe6, 0x36, 0xa8, 0x7, 0xd0, 0xc0, 0x1f,
    0xfc, 0xa9, 0x90, 0x0, 0xab, 0xfd, 0xac, 0x0,
    0x80, 0xf, 0xfe, 0x18, 0x90, 0x80, 0x54, 0xc0,
    0x8, 0xd5, 0x0, 0x14, 0x98, 0x9, 0x0, 0x7f,
    0xf0, 0xb7, 0x58, 0x0, 0xa5, 0x0, 0x5b, 0x80,
    0x79, 0x80, 0xc, 0x9, 0x32, 0x30, 0xf, 0xe5,
    0x2, 0x23, 0xa8, 0xe, 0xa0, 0x7, 0x89, 0x0,
    0xc, 0x12, 0xcc, 0x20, 0xf, 0xee, 0x0, 0x7c,
    0x0, 0x34, 0x80, 0x3c, 0xda, 0x20, 0x44, 0x32,
    0x5, 0x10, 0xf, 0xe1, 0x0, 0x10, 0x2, 0x8c,
    0x3, 0x1b, 0xec, 0x80, 0x52, 0x16, 0x0, 0xf0,
    0xf, 0xf1, 0x80, 0x75, 0xf7, 0x5f, 0xec, 0x82,
    0x0, 0xd, 0xa0, 0x18, 0x1, 0xc0, 0x3f, 0xc6,
    0x1, 0xc2, 0x38, 0x3, 0xcf, 0xe8, 0x0, 0x50,
    0x1, 0x0, 0x7f, 0xb8, 0x0, 0xe8, 0x1, 0xe1,
    0x36, 0xaf, 0x81, 0x0, 0xe1, 0x0, 0xff, 0x8c,
    0x1, 0x97, 0xff, 0xee, 0xc9, 0x50, 0xf, 0x8,
    0x7, 0xff, 0x5, 0x0, 0xa, 0x1, 0xff, 0xc5,
    0x10, 0x11, 0x0, 0x7f, 0x40, 0x0, 0x84, 0x3,
    0xff, 0x8a, 0x80, 0x9, 0x0, 0xfd, 0xe, 0x0,
    0xb0, 0xf, 0xfe, 0x37, 0x80, 0x1e, 0x94, 0x80,
    0x4, 0xfa, 0xe0, 0x3, 0x60, 0xf, 0xfe, 0x32,
    0xa0, 0x1, 0x6b, 0x7f, 0xdb, 0x4, 0x0, 0x3d,
    0x0, 0xff, 0xe4, 0x5a, 0x80, 0x7f, 0xc, 0x60,
    0x80, 0x7f, 0xf2, 0x6b, 0x1d, 0x8, 0x44, 0x4b,
    0x3c, 0xe0, 0x1f, 0xfc, 0x90,

    /* U+FEBA "ﺺ" */
    0x0, 0xff, 0xe6, 0x94, 0x55, 0x25, 0x44, 0x3,
    0xff, 0xa2, 0x35, 0xae, 0xaa, 0x6a, 0xe7, 0x0,
    0xff, 0xe7, 0xb7, 0x28, 0x7, 0xd0, 0xc0, 0x1f,
    0xfc, 0xd9, 0x90, 0x0, 0xab, 0xfd, 0xac, 0x0,
    0x80, 0xf, 0xfe, 0x30, 0x90, 0x80, 0x54, 0xc0,
    0x8, 0xd5, 0x0, 0x14, 0x98, 0x9, 0x0, 0x7f,
    0xf1, 0x77, 0x58, 0x0, 0xa5, 0x0, 0x5b, 0x80,
    0x79, 0x80, 0xc, 0x1, 0x92, 0x64, 0x60, 0x1f,
    0xca, 0x4, 0x47, 0x50, 0x1d, 0x40, 0xf, 0x12,
    0x0, 0x1c, 0x3, 0x4b, 0x30, 0x80, 0x3f, 0xb8,
    0x1, 0xf0, 0x0, 0xd2, 0x0, 0xf3, 0x68, 0x81,
    0x18, 0x4, 0x64, 0xa, 0x20, 0x1f, 0xc2, 0x0,
    0x20, 0x5, 0x18, 0x6, 0x37, 0xd9, 0x0, 0x8d,
    0x80, 0x2b, 0x0, 0x78, 0x7, 0xf8, 0xc0, 0x3a,
    0xfb, 0xaf, 0xf6, 0x41, 0x0, 0x61, 0x9f, 0xe7,
    0x30, 0x3, 0x80, 0x7f, 0x8c, 0x3, 0x84, 0x70,
    0x7, 0x9a, 0x80, 0x30, 0xfa, 0x80, 0x8, 0x3,
    0xfd, 0xc0, 0x7, 0x40, 0xf, 0x9, 0xb5, 0x7c,
    0xaf, 0x30, 0x80, 0x70, 0x80, 0x7f, 0xc6, 0x0,
    0xcb, 0xff, 0xf7, 0x64, 0xa8, 0x4, 0x33, 0xdf,
    0xe8, 0x10, 0xf, 0xfe, 0xa, 0x0, 0x14, 0x3,
    0xff, 0x90, 0x20, 0x22, 0x0, 0xfe, 0x80, 0x1,
    0x8, 0x7, 0xff, 0x21, 0x0, 0x12, 0x1, 0xfa,
    0x1c, 0x1, 0x60, 0x1f, 0xfc, 0x9f, 0x0, 0x3d,
    0x29, 0x0, 0x9, 0xf5, 0xc0, 0x6, 0xc0, 0x1f,
    0xfc, 0x95, 0x40, 0x2, 0xd6, 0xff, 0xb6, 0x8,
    0x0, 0x7a, 0x1, 0xff, 0xcb, 0xb5, 0x0, 0xfe,
    0x18, 0xc1, 0x0, 0xff, 0xe6, 0x56, 0x3a, 0x10,
    0x88, 0x96, 0x79, 0xc0, 0x3f, 0xf9, 0x80,

    /* U+FEBB "ﺻ" */
    0x0, 0xff, 0xe2, 0xb5, 0x5c, 0xb9, 0x80, 0x7f,
    0xf1, 0x9f, 0xa5, 0x51, 0xa3, 0x30, 0x40, 0x1f,
    0xfc, 0x22, 0xc8, 0x10, 0xf, 0x1f, 0x80, 0x78,
    0x91, 0x0, 0x19, 0x30, 0xc0, 0xd, 0xbf, 0xd4,
    0x20, 0x4c, 0x1, 0xd1, 0x76, 0x30, 0x2, 0x58,
    0x81, 0x6c, 0x90, 0xa, 0xd8, 0x3, 0x0, 0x3f,
    0x38, 0x25, 0x80, 0x17, 0x48, 0x3, 0x9c, 0x0,
    0x20, 0x1c, 0xc0, 0xd, 0x2a, 0x0, 0x35, 0x0,
    0x7d, 0x60, 0x1, 0x0, 0xc6, 0x60, 0x3, 0x78,
    0x82, 0xc8, 0x7, 0x8b, 0x18, 0x1, 0xe0, 0x11,
    0xe8, 0x6, 0x20, 0x2a, 0x0, 0xc4, 0xb5, 0xa6,
    0x0, 0x45, 0x4e, 0xfc, 0x10, 0xf, 0x1f, 0x76,
    0xfd, 0xa5, 0x0, 0x96, 0xc0, 0x44, 0x1, 0xa6,
    0x40, 0x10, 0x8f, 0x0, 0x71, 0xdd, 0x0, 0x70,
    0xa6, 0x33, 0x31, 0x4, 0x3, 0xc4, 0x91, 0xb8,
    0x80, 0x10,

    /* U+FEBC "ﺼ" */
    0x0, 0xff, 0xe2, 0xb5, 0x5c, 0xb9, 0x80, 0x7f,
    0xf2, 0x9f, 0xa5, 0x51, 0xa3, 0x30, 0x40, 0x1f,
    0xfc, 0x62, 0xc8, 0x10, 0xf, 0x1f, 0x88, 0x7,
    0xf1, 0x22, 0x0, 0x32, 0x61, 0x80, 0x1b, 0x7f,
    0xa8, 0x40, 0x98, 0x3, 0xfa, 0x2e, 0xc6, 0x0,
    0x4b, 0x10, 0x2d, 0x92, 0x1, 0x5b, 0x0, 0x60,
    0x7, 0xff, 0x1, 0xc1, 0x2c, 0x0, 0xba, 0x40,
    0x1c, 0xe0, 0x7, 0x0, 0xfe, 0x60, 0x6, 0x95,
    0x0, 0x1a, 0x80, 0x3e, 0xb0, 0x3, 0x80, 0x7e,
    0x33, 0x0, 0x1b, 0xc4, 0x16, 0x40, 0x3c, 0x58,
    0xc0, 0xd, 0x0, 0xf8, 0xf4, 0x3, 0x10, 0x15,
    0x0, 0x62, 0x5a, 0xd3, 0x0, 0xb4, 0x80, 0x24,
    0xef, 0xc1, 0x0, 0xf1, 0xf7, 0x6f, 0xda, 0x50,
    0xe, 0x4d, 0xee, 0x0, 0x88, 0x3, 0x4c, 0x80,
    0x21, 0x1e, 0x0, 0xe2, 0xa5, 0x0, 0x84, 0x60,
    0x8, 0x53, 0x19, 0x98, 0x82, 0x1, 0xe2, 0x47,
    0xcd, 0x5a, 0xa1, 0x80, 0x60,

    /* U+FEBD "ﺽ" */
    0x0, 0xff, 0xe2, 0x8f, 0xf9, 0x0, 0x3f, 0xfe,
    0xc3, 0x54, 0x50, 0xf, 0xfe, 0xa2, 0xa8, 0x40,
    0x31, 0x45, 0x52, 0x54, 0x40, 0x3f, 0xf9, 0xc5,
    0x5a, 0xea, 0xa6, 0xae, 0x70, 0xf, 0xfe, 0x63,
    0x6a, 0x80, 0x7d, 0xc, 0x1, 0xff, 0xca, 0x99,
    0x0, 0xa, 0xbf, 0xda, 0xc0, 0x8, 0x0, 0xff,
    0xe1, 0x89, 0x8, 0x5, 0x4c, 0x0, 0x8d, 0x50,
    0x1, 0x49, 0x80, 0x90, 0x7, 0xff, 0xb, 0x75,
    0x80, 0xa, 0x50, 0x5, 0xb8, 0x7, 0x98, 0x0,
    0xc0, 0x93, 0x23, 0x0, 0xfe, 0x50, 0x22, 0x3a,
    0x80, 0xea, 0x0, 0x78, 0x90, 0x0, 0xc1, 0x2c,
    0xc2, 0x0, 0xfe, 0xe0, 0x7, 0xc0, 0x3, 0x48,
    0x3, 0xcd, 0xa2, 0x4, 0x43, 0x20, 0x51, 0x0,
    0xfe, 0x10, 0x1, 0x0, 0x28, 0xc0, 0x31, 0xbe,
    0xc8, 0x5, 0x21, 0x60, 0xf, 0x0, 0xff, 0x18,
    0x7, 0x5f, 0x75, 0xfe, 0xc8, 0x20, 0x0, 0xda,
    0x1, 0x80, 0x1c, 0x3, 0xfc, 0x60, 0x1c, 0x23,
    0x80, 0x3c, 0xfe, 0x80, 0x5, 0x0, 0x10, 0x7,
    0xfb, 0x80, 0xe, 0x80, 0x1e, 0x13, 0x6a, 0xf8,
    0x10, 0xe, 0x10, 0xf, 0xf8, 0xc0, 0x19, 0x7f,
    0xfe, 0xec, 0x95, 0x0, 0xf0, 0x80, 0x7f, 0xf0,
    0x50, 0x0, 0xa0, 0x1f, 0xfc, 0x51, 0x1, 0x10,
    0x7, 0xf4, 0x0, 0x8, 0x40, 0x3f, 0xf8, 0xa8,
    0x0, 0x90, 0xf, 0xd0, 0xe0, 0xb, 0x0, 0xff,
    0xe3, 0x78, 0x1, 0xe9, 0x48, 0x0, 0x4f, 0xae,
    0x0, 0x36, 0x0, 0xff, 0xe3, 0x2a, 0x0, 0x16,
    0xb7, 0xfd, 0xb0, 0x40, 0x3, 0xd0, 0xf, 0xfe,
    0x45, 0xa8, 0x7, 0xf0, 0xc6, 0x8, 0x7, 0xff,
    0x26, 0xb1, 0xd0, 0x84, 0x44, 0xb3, 0xce, 0x1,
    0xff, 0xc9,

    /* U+FEBE "ﺾ" */
    0x0, 0xff, 0xe2, 0x8f, 0xf9, 0x0, 0x3f, 0xff,
    0x83, 0x54, 0x50, 0xf, 0xfe, 0xba, 0xa8, 0x40,
    0x31, 0x45, 0x52, 0x54, 0x40, 0x3f, 0xfa, 0x23,
    0x5a, 0xea, 0xa6, 0xae, 0x70, 0xf, 0xfe, 0x7b,
    0x72, 0x80, 0x7d, 0xc, 0x1, 0xff, 0xcd, 0x99,
    0x0, 0xa, 0xbf, 0xda, 0xc0, 0x8, 0x0, 0xff,
    0xe3, 0x9, 0x8, 0x5, 0x4c, 0x0, 0x8d, 0x50,
    0x1, 0x49, 0x80, 0x90, 0x7, 0xff, 0x17, 0x75,
    0x80, 0xa, 0x50, 0x5, 0xb8, 0x7, 0x98, 0x0,
    0xc0, 0x19, 0x26, 0x46, 0x1, 0xfc, 0xa0, 0x44,
    0x75, 0x1, 0xd4, 0x0, 0xf1, 0x20, 0x1, 0xc0,
    0x34, 0xb3, 0x8, 0x3, 0xfb, 0x80, 0x1f, 0x0,
    0xd, 0x20, 0xf, 0x36, 0x88, 0x11, 0x80, 0x46,
    0x40, 0xa2, 0x1, 0xfc, 0x20, 0x2, 0x0, 0x51,
    0x80, 0x63, 0x7d, 0x90, 0x8, 0xd8, 0x2, 0xb0,
    0x7, 0x80, 0x7f, 0x8c, 0x3, 0xaf, 0xba, 0xff,
    0x64, 0x10, 0x6, 0x19, 0xfe, 0x73, 0x0, 0x38,
    0x7, 0xf8, 0xc0, 0x38, 0x47, 0x0, 0x79, 0xa8,
    0x3, 0xf, 0xa8, 0x0, 0x80, 0x3f, 0xdc, 0x0,
    0x74, 0x0, 0xf0, 0x9b, 0x57, 0xca, 0xf3, 0x8,
    0x7, 0x8, 0x7, 0xfc, 0x60, 0xc, 0xbf, 0xff,
    0x76, 0x4a, 0x80, 0x43, 0x3d, 0xfe, 0x81, 0x0,
    0xff, 0xe0, 0xa0, 0x1, 0x40, 0x3f, 0xf9, 0x2,
    0x2, 0x20, 0xf, 0xe8, 0x0, 0x10, 0x80, 0x7f,
    0xf2, 0x10, 0x1, 0x20, 0x1f, 0xa1, 0xc0, 0x16,
    0x1, 0xff, 0xc9, 0xf0, 0x3, 0xd2, 0x90, 0x0,
    0x9f, 0x5c, 0x0, 0x6c, 0x1, 0xff, 0xc9, 0x54,
    0x0, 0x2d, 0x6f, 0xfb, 0x60, 0x80, 0x7, 0xa0,
    0x1f, 0xfc, 0xbb, 0x50, 0xf, 0xe1, 0x8c, 0x10,
    0xf, 0xfe, 0x65, 0x63, 0xa1, 0x8, 0x89, 0x67,
    0x9c, 0x3, 0xff, 0x98,

    /* U+FEBF "ﺿ" */
    0x0, 0xfd, 0x3f, 0x80, 0x1f, 0xfe, 0x5a, 0xa4,
    0x0, 0x7f, 0xf2, 0xcd, 0x50, 0x3, 0xcd, 0x57,
    0x2e, 0x60, 0x1f, 0xfc, 0x67, 0xe9, 0x54, 0x68,
    0xcc, 0x10, 0x7, 0xff, 0x8, 0xb2, 0x4, 0x3,
    0xc7, 0xe0, 0x1e, 0x24, 0x40, 0x6, 0x4c, 0x30,
    0x3, 0x6f, 0xf5, 0x8, 0x13, 0x0, 0x74, 0x5d,
    0x8c, 0x0, 0x96, 0x20, 0x5b, 0x24, 0x2, 0xb6,
    0x0, 0xc0, 0xf, 0xce, 0x9, 0x60, 0x5, 0xd2,
    0x0, 0xe7, 0x0, 0x8, 0x7, 0x30, 0x3, 0x4a,
    0x80, 0xd, 0x40, 0x1f, 0x58, 0x0, 0x40, 0x31,
    0x98, 0x0, 0xde, 0x20, 0xb2, 0x1, 0xe2, 0xc6,
    0x0, 0x78, 0x4, 0x7a, 0x1, 0x88, 0xa, 0x80,
    0x31, 0x2d, 0x69, 0x80, 0x11, 0x53, 0xbf, 0x4,
    0x3, 0xc7, 0xdd, 0xbf, 0x69, 0x40, 0x25, 0xb0,
    0x11, 0x0, 0x69, 0x90, 0x4, 0x23, 0xc0, 0x1c,
    0x77, 0x40, 0x1c, 0x29, 0x8c, 0xcc, 0x41, 0x0,
    0xf1, 0x24, 0x6e, 0x20, 0x4,

    /* U+FEC0 "ﻀ" */
    0x0, 0xfd, 0x3f, 0x80, 0x1f, 0xfe, 0xda, 0xa4,
    0x0, 0x7f, 0xf3, 0xcd, 0x50, 0x3, 0xcd, 0x57,
    0x2e, 0x60, 0x1f, 0xfc, 0xa7, 0xe9, 0x54, 0x68,
    0xcc, 0x10, 0x7, 0xff, 0x18, 0xb2, 0x4, 0x3,
    0xc7, 0xe2, 0x1, 0xfc, 0x48, 0x80, 0xc, 0x98,
    0x60, 0x6, 0xdf, 0xea, 0x10, 0x26, 0x0, 0xfe,
    0x8b, 0xb1, 0x80, 0x12, 0xc4, 0xb, 0x64, 0x80,
    0x56, 0xc0, 0x18, 0x1, 0xff, 0xc0, 0x70, 0x4b,
    0x0, 0x2e, 0x90, 0x7, 0x38, 0x1, 0xc0, 0x3f,
    0x98, 0x1, 0xa5, 0x40, 0x6, 0xa0, 0xf, 0xac,
    0x0, 0xe0, 0x1f, 0x8c, 0xc0, 0x6, 0xf1, 0x5,
    0x90, 0xf, 0x16, 0x30, 0x3, 0x40, 0x3e, 0x3d,
    0x0, 0xc4, 0x5, 0x40, 0x18, 0x96, 0xb4, 0xc0,
    0x2d, 0x20, 0x9, 0x3b, 0xf0, 0x40, 0x3c, 0x7d,
    0xdb, 0xf6, 0x94, 0x3, 0x93, 0x7b, 0x80, 0x22,
    0x0, 0xd3, 0x20, 0x8, 0x47, 0x80, 0x38, 0xa9,
    0x40, 0x21, 0x18, 0x2, 0x14, 0xc6, 0x66, 0x20,
    0x80, 0x78, 0x91, 0xf3, 0x56, 0xa8, 0x60, 0x18,

    /* U+FEC1 "ﻁ" */
    0x0, 0xf7, 0xfb, 0x40, 0x3f, 0xff, 0xe0, 0x1f,
    0xff, 0xf0, 0xf, 0xff, 0xf8, 0x7, 0xff, 0xfc,
    0x3, 0xff, 0x8e, 0x4f, 0x54, 0x96, 0x10, 0xf,
    0xfe, 0x29, 0xd6, 0xc2, 0xa9, 0xa7, 0xa0, 0x3,
    0xff, 0x86, 0xf8, 0xa0, 0x1f, 0x3c, 0x0, 0x7f,
    0xf0, 0x6e, 0x0, 0x3, 0x3d, 0xfa, 0xe0, 0x7,
    0x10, 0xf, 0xfa, 0xd0, 0x0, 0xbc, 0xc2, 0x5,
    0xa, 0x0, 0x50, 0xf, 0xf5, 0x20, 0x2, 0x28,
    0x3, 0xda, 0x0, 0x20, 0xf, 0xe6, 0x50, 0x5,
    0x38, 0x7, 0x86, 0x80, 0x6, 0x1, 0xf8, 0xa4,
    0x1, 0x2a, 0x1, 0xe5, 0xf2, 0x0, 0x20, 0x7,
    0xfc, 0xec, 0x1, 0x8d, 0xf6, 0x84, 0x1, 0x23,
    0x5d, 0xdc, 0x1, 0xcd, 0xdd, 0xbf, 0x20, 0x80,
    0x29, 0x60, 0x61, 0x1e, 0x0, 0xe1, 0x1e, 0x0,
    0xe5, 0xd6, 0x0, 0xff, 0xe3, 0x9, 0xac, 0xf5,
    0x10, 0x4,

    /* U+FEC2 "ﻂ" */
    0x0, 0xf7, 0xfb, 0x40, 0x3f, 0xff, 0xe0, 0x1f,
    0xff, 0xf0, 0xf, 0xff, 0xf8, 0x7, 0xff, 0xfc,
    0x3, 0xff, 0xd6, 0x4f, 0x54, 0x96, 0x10, 0xf,
    0xfe, 0x41, 0xd6, 0xc2, 0xa9, 0xa7, 0xa0, 0x3,
    0xff, 0x8c, 0xf8, 0xa0, 0x1f, 0x3c, 0x80, 0x7f,
    0xf1, 0x2e, 0x0, 0x3, 0x3d, 0xfa, 0xe0, 0x6,
    0x10, 0xf, 0xfe, 0x15, 0xa0, 0x1, 0x79, 0x84,
    0xa, 0x14, 0x0, 0x80, 0x1f, 0xfc, 0x1a, 0x40,
    0x4, 0x50, 0x7, 0xb4, 0x0, 0x60, 0x1f, 0xfc,
    0x6, 0x50, 0x5, 0x38, 0x7, 0x86, 0x80, 0x6,
    0x1, 0xff, 0x14, 0x80, 0x25, 0x40, 0x3c, 0xbe,
    0x40, 0x4, 0x0, 0xff, 0xe1, 0x3b, 0x0, 0x63,
    0x7d, 0xa1, 0x0, 0x98, 0x2, 0xae, 0xee, 0x0,
    0xe6, 0xee, 0xdf, 0x90, 0x40, 0x1d, 0x1f, 0xd2,
    0xc2, 0x3c, 0x1, 0xc2, 0x3c, 0x1, 0xcb, 0x44,
    0x1, 0x9, 0x0, 0x7f, 0xf1, 0x4, 0x96, 0x7a,
    0x97, 0x1c, 0x80, 0x20,

    /* U+FEC3 "ﻃ" */
    0x0, 0xc5, 0xfe, 0xb0, 0xf, 0xff, 0xf8, 0x7,
    0xff, 0xfc, 0x3, 0xff, 0xfe, 0x1, 0xff, 0xff,
    0x0, 0xf8, 0xde, 0xa9, 0x2a, 0x20, 0x1f, 0xfc,
    0x44, 0xbc, 0x85, 0x53, 0x57, 0x38, 0x7, 0xff,
    0xa, 0x6d, 0x0, 0x3e, 0x86, 0x0, 0xff, 0x87,
    0x18, 0x0, 0x55, 0xfe, 0xd6, 0x0, 0x40, 0x7,
    0xf8, 0x70, 0xc0, 0xf, 0xaa, 0x0, 0x29, 0x30,
    0x12, 0x0, 0xfe, 0xd2, 0x0, 0x54, 0x0, 0x79,
    0x40, 0xc, 0x1, 0xfa, 0xc, 0x1, 0x8a, 0x1,
    0xe2, 0x70, 0x3, 0x80, 0x7c, 0xae, 0x0, 0xb3,
    0x0, 0xf3, 0x68, 0x81, 0x18, 0x7, 0xc2, 0x0,
    0x94, 0x0, 0xc6, 0xfb, 0x20, 0x14, 0x82, 0x77,
    0x58, 0x1, 0xd1, 0xdd, 0x7f, 0xb2, 0x8, 0x2,
    0xa4, 0x1, 0x1e, 0x0, 0xe1, 0x1c, 0x1, 0xe6,
    0xe5, 0x0, 0xff, 0xe2, 0x89, 0xb5, 0x7c, 0x88,
    0x4,

    /* U+FEC4 "ﻄ" */
    0x0, 0xc5, 0xfe, 0xb0, 0xf, 0xff, 0xf8, 0x7,
    0xff, 0xfc, 0x3, 0xff, 0xfe, 0x1, 0xff, 0xff,
    0x0, 0xff, 0xef, 0x9b, 0xd5, 0x25, 0x44, 0x3,
    0xff, 0x8e, 0x97, 0x90, 0xaa, 0x6a, 0xe7, 0x0,
    0xff, 0xe2, 0xcd, 0xa0, 0x7, 0xd0, 0xe0, 0x1f,
    0xfc, 0x21, 0xc6, 0x0, 0x15, 0x7f, 0xb5, 0x80,
    0x12, 0x1, 0xff, 0xc1, 0x1c, 0x30, 0x3, 0xea,
    0x80, 0xa, 0x4c, 0x4, 0xc0, 0x3f, 0xf8, 0x1a,
    0x40, 0xa, 0x80, 0xf, 0x28, 0x1, 0xc0, 0x3f,
    0xe8, 0x30, 0x6, 0x28, 0x7, 0x89, 0xc0, 0xe,
    0x1, 0xfe, 0x57, 0x0, 0x59, 0x80, 0x79, 0xb4,
    0x40, 0x4c, 0x3, 0xfc, 0x20, 0x9, 0x40, 0xc,
    0x6f, 0xb2, 0x1, 0xb, 0x0, 0x49, 0xdd, 0x60,
    0x7, 0x47, 0x75, 0xfe, 0xc8, 0x20, 0xe, 0x9f,
    0xe7, 0x11, 0xe0, 0xe, 0x11, 0xc0, 0x1e, 0x6a,
    0x10, 0x8, 0x78, 0x3, 0xff, 0x86, 0x26, 0xd5,
    0xd2, 0xbe, 0xc2, 0x1, 0x0,

    /* U+FEC5 "ﻅ" */
    0x0, 0xf7, 0xfb, 0x40, 0x3f, 0xff, 0xe0, 0x1f,
    0xff, 0xf0, 0xf, 0xff, 0x92, 0x29, 0x80, 0x7f,
    0xf2, 0xe2, 0xa8, 0x1, 0xff, 0xe5, 0xcf, 0x90,
    0xf, 0xfe, 0x71, 0x3d, 0x52, 0x58, 0x40, 0x3f,
    0xf8, 0xa7, 0x5b, 0xa, 0xa6, 0x9e, 0x80, 0xf,
    0xfe, 0x1b, 0xe2, 0x80, 0x7c, 0xf0, 0x1, 0xff,
    0xc1, 0xb8, 0x0, 0xc, 0xf7, 0xeb, 0x80, 0x1c,
    0x40, 0x3f, 0xeb, 0x40, 0x2, 0xf3, 0x8, 0x14,
    0x28, 0x1, 0x40, 0x3f, 0xd4, 0x80, 0x8, 0xa0,
    0xf, 0x68, 0x0, 0x80, 0x3f, 0x99, 0x40, 0x14,
    0xe0, 0x1e, 0x1a, 0x0, 0x18, 0x7, 0xe2, 0x90,
    0x4, 0xa8, 0x7, 0x97, 0xc8, 0x0, 0x80, 0x1f,
    0xf3, 0xb0, 0x6, 0x37, 0xda, 0x10, 0x4, 0x8d,
    0x77, 0x70, 0x7, 0x37, 0x76, 0xfc, 0x82, 0x0,
    0xa5, 0x81, 0x84, 0x78, 0x3, 0x84, 0x78, 0x3,
    0x97, 0x58, 0x3, 0xff, 0x8c, 0x26, 0xb3, 0xd4,
    0x40, 0x10,

    /* U+FEC6 "ﻆ" */
    0x0, 0xf7, 0xfb, 0x40, 0x3f, 0xff, 0xe0, 0x1f,
    0xff, 0xf0, 0xf, 0xff, 0xf8, 0x7, 0xfc, 0x8a,
    0x60, 0x1f, 0xfc, 0xe8, 0xaa, 0x0, 0x7f, 0xfa,
    0xf3, 0xe4, 0x3, 0xff, 0xa2, 0x4f, 0x54, 0x96,
    0x10, 0xf, 0xfe, 0x41, 0xd6, 0xc2, 0xa9, 0xa7,
    0xa0, 0x3, 0xff, 0x8c, 0xf8, 0xa0, 0x1f, 0x3c,
    0x80, 0x7f, 0xf1, 0x2e, 0x0, 0x3, 0x3d, 0xfa,
    0xe0, 0x6, 0x10, 0xf, 0xfe, 0x15, 0xa0, 0x1,
    0x79, 0x84, 0xa, 0x14, 0x0, 0x80, 0x1f, 0xfc,
    0x1a, 0x40, 0x4, 0x50, 0x7, 0xb4, 0x0, 0x60,
    0x1f, 0xfc, 0x6, 0x50, 0x5, 0x38, 0x7, 0x86,
    0x80, 0x6, 0x1, 0xff, 0x14, 0x80, 0x25, 0x40,
    0x3c, 0xbe, 0x40, 0x4, 0x0, 0xff, 0xe1, 0x3b,
    0x0, 0x63, 0x7d, 0xa1, 0x0, 0x98, 0x2, 0xae,
    0xee, 0x0, 0xe6, 0xee, 0xdf, 0x90, 0x40, 0x1d,
    0x1f, 0xd2, 0xc2, 0x3c, 0x1, 0xc2, 0x3c, 0x1,
    0xcb, 0x44, 0x1, 0x9, 0x0, 0x7f, 0xf1, 0x4,
    0x96, 0x7a, 0x97, 0x1c, 0x80, 0x20,

    /* U+FEC7 "ﻇ" */
    0x0, 0xc5, 0xfe, 0xb0, 0xf, 0xff, 0xf8, 0x7,
    0xff, 0xfc, 0x3, 0xff, 0xd4, 0x8a, 0x40, 0x1f,
    0xfc, 0xaa, 0xa2, 0x80, 0x7f, 0xf8, 0xfb, 0xdc,
    0x3, 0xff, 0x9a, 0x6f, 0x54, 0x95, 0x10, 0xf,
    0xfe, 0x22, 0x5e, 0x42, 0xa9, 0xab, 0x9c, 0x3,
    0xff, 0x85, 0x36, 0x80, 0x1f, 0x43, 0x0, 0x7f,
    0xc3, 0x8c, 0x0, 0x2a, 0xff, 0x6b, 0x0, 0x20,
    0x3, 0xfc, 0x38, 0x60, 0x7, 0xd5, 0x0, 0x14,
    0x98, 0x9, 0x0, 0x7f, 0x69, 0x0, 0x2a, 0x0,
    0x3c, 0xa0, 0x6, 0x0, 0xfd, 0x6, 0x0, 0xc5,
    0x0, 0xf1, 0x38, 0x1, 0xc0, 0x3e, 0x57, 0x0,
    0x59, 0x80, 0x79, 0xb4, 0x40, 0x8c, 0x3, 0xe1,
    0x0, 0x4a, 0x0, 0x63, 0x7d, 0x90, 0xa, 0x41,
    0x3b, 0xac, 0x0, 0xe8, 0xee, 0xbf, 0xd9, 0x4,
    0x1, 0x52, 0x0, 0x8f, 0x0, 0x70, 0x8e, 0x0,
    0xf3, 0x72, 0x80, 0x7f, 0xf1, 0x44, 0xda, 0xbe,
    0x44, 0x2,

    /* U+FEC8 "ﻈ" */
    0x0, 0xc5, 0xfe, 0xb0, 0xf, 0xff, 0xf8, 0x7,
    0xff, 0xfc, 0x3, 0xff, 0xfe, 0x1, 0x22, 0x90,
    0x7, 0xff, 0x36, 0xa8, 0xa0, 0x1f, 0xfe, 0x9e,
    0xf7, 0x0, 0xff, 0xe8, 0x1b, 0xd5, 0x25, 0x44,
    0x3, 0xff, 0x8e, 0x97, 0x90, 0xaa, 0x6a, 0xe7,
    0x0, 0xff, 0xe2, 0xcd, 0xa0, 0x7, 0xd0, 0xe0,
    0x1f, 0xfc, 0x21, 0xc6, 0x0, 0x15, 0x7f, 0xb5,
    0x80, 0x12, 0x1, 0xff, 0xc1, 0x1c, 0x30, 0x3,
    0xea, 0x80, 0xa, 0x4c, 0x4, 0xc0, 0x3f, 0xf8,
    0x1a, 0x40, 0xa, 0x80, 0xf, 0x28, 0x1, 0xc0,
    0x3f, 0xe8, 0x30, 0x6, 0x28, 0x7, 0x89, 0xc0,
    0xe, 0x1, 0xfe, 0x57, 0x0, 0x59, 0x80, 0x79,
    0xb4, 0x40, 0x4c, 0x3, 0xfc, 0x20, 0x9, 0x40,
    0xc, 0x6f, 0xb2, 0x1, 0xb, 0x0, 0x49, 0xdd,
    0x60, 0x7, 0x47, 0x75, 0xfe, 0xc8, 0x20, 0xe,
    0x9f, 0xe7, 0x11, 0xe0, 0xe, 0x11, 0xc0, 0x1e,
    0x6a, 0x10, 0x8, 0x78, 0x3, 0xff, 0x86, 0x26,
    0xd5, 0xd2, 0xbe, 0xc2, 0x1, 0x0,

    /* U+FEC9 "ﻉ" */
    0x0, 0xf8, 0xda, 0x24, 0xc0, 0x3f, 0xe7, 0xec,
    0x97, 0x66, 0x0, 0x7f, 0xae, 0x4, 0x3, 0xff,
    0x85, 0x48, 0x0, 0x6b, 0xef, 0x50, 0xf, 0xc6,
    0xa0, 0x7d, 0x28, 0x20, 0x1f, 0xea, 0x0, 0x78,
    0x80, 0x7f, 0xf0, 0x48, 0x0, 0x60, 0x1f, 0x1a,
    0x0, 0x70, 0x80, 0x10, 0x2, 0x38, 0xdf, 0xca,
    0x0, 0xec, 0x0, 0x5d, 0x4e, 0xe3, 0x90, 0x7,
    0xe6, 0x50, 0x2, 0xb1, 0x0, 0x42, 0x8c, 0x1,
    0xea, 0x70, 0xc, 0x2f, 0x9d, 0x70, 0x1, 0xe9,
    0x70, 0x0, 0xcf, 0x41, 0x80, 0x7e, 0x96, 0x0,
    0x37, 0x30, 0x7, 0xf9, 0x18, 0x1, 0x32, 0x0,
    0xff, 0xe0, 0x40, 0x1, 0xd8, 0x3, 0xff, 0x82,
    0x60, 0x9, 0x0, 0xff, 0xe0, 0x90, 0x0, 0xc4,
    0x3, 0xff, 0x88, 0xe0, 0x1f, 0xfc, 0x23, 0x0,
    0x38, 0x7, 0xff, 0x8, 0x44, 0x6, 0x20, 0x1f,
    0xfc, 0x26, 0x0, 0x68, 0x80, 0x7f, 0xc6, 0x12,
    0x20, 0x7e, 0xe2, 0x1, 0xf3, 0x67, 0x80, 0xe8,
    0x80, 0xc7, 0x6d, 0xd4, 0xd6, 0x7c, 0x98, 0x4,
    0x7e, 0xc0, 0x11, 0x22, 0xb2, 0x98, 0x4, 0x80,
    0x10, 0xcf, 0x4b, 0x18, 0x80, 0x42, 0x91, 0xb0,

    /* U+FECA "ﻊ" */
    0x0, 0x8a, 0x37, 0xfd, 0xb2, 0x60, 0x1f, 0xcd,
    0xae, 0x40, 0x2, 0x6c, 0x70, 0xf, 0x86, 0x40,
    0x30, 0x80, 0x50, 0x40, 0x1e, 0x20, 0x9, 0xbf,
    0xa0, 0x2, 0x70, 0xf, 0x18, 0x80, 0x10, 0xe,
    0x80, 0x27, 0x0, 0xfa, 0xc0, 0x5, 0xd8, 0x40,
    0xa, 0x20, 0xf, 0x95, 0xc0, 0x2, 0x0, 0x5d,
    0x50, 0xf, 0xc8, 0xe0, 0x1d, 0xe4, 0x1, 0xf8,
    0x6c, 0x0, 0x26, 0x0, 0xac, 0x50, 0xf, 0xa0,
    0x0, 0x3f, 0x8c, 0x0, 0x3a, 0xfe, 0xe9, 0x0,
    0xc, 0x0, 0xd1, 0x9, 0xb2, 0x0, 0x84, 0x70,
    0x8, 0x0, 0xcc, 0x1, 0x26, 0xdb, 0x10, 0x7,
    0x18, 0x1, 0xc0, 0x3c, 0x93, 0xbf, 0xf2, 0x81,
    0x0, 0x1c, 0x3, 0xff, 0x86, 0x40, 0x64, 0x1,
    0xff, 0xc2, 0x50, 0x7, 0x8, 0x7, 0xfc, 0x61,
    0x22, 0x7, 0xec, 0x20, 0x1e, 0x16, 0xdf, 0x1,
    0xd0, 0x0, 0xcf, 0x6d, 0xd4, 0xd6, 0xf4, 0x90,
    0x4, 0x7a, 0x80, 0x11, 0x22, 0xb2, 0x90, 0x4,
    0x80, 0x11, 0x5e, 0xc2, 0x90, 0x80, 0x44, 0x91,
    0xd0,

    /* U+FECB "ﻋ" */
    0x0, 0xfe, 0x36, 0x89, 0x30, 0xf, 0xf3, 0x76,
    0x4b, 0xb3, 0x0, 0x3f, 0xaa, 0x44, 0x3, 0xff,
    0x83, 0xa, 0x0, 0x7b, 0xef, 0x50, 0xf, 0x85,
    0xc0, 0x76, 0x10, 0x40, 0x3f, 0x98, 0x1, 0x64,
    0x1, 0xff, 0xc0, 0xd0, 0x2, 0x0, 0x7f, 0xf0,
    0x44, 0x0, 0x20, 0x1f, 0xfc, 0x11, 0x0, 0x10,
    0x7, 0xe4, 0x0, 0xd8, 0x0, 0x80, 0xf, 0x3f,
    0x50, 0x6, 0x61, 0x5, 0xb2, 0x3, 0x8f, 0x81,
    0x0, 0xf5, 0x0, 0x13, 0x7f, 0x1c, 0x2, 0x90,
    0xe, 0x4d, 0x20, 0xe, 0x18, 0xf7, 0x0, 0xc7,
    0x1e, 0x40, 0x11, 0x4f, 0x38, 0x1, 0x3b, 0x9f,
    0x8e, 0x40, 0x3, 0xad, 0x60, 0xc, 0x23, 0x0,
    0x65, 0xcc, 0x28, 0x7, 0xf1, 0x35, 0x7d, 0x18,
    0x7, 0xe0,

    /* U+FECC "ﻌ" */
    0x0, 0xe4, 0xae, 0xfe, 0xc7, 0x10, 0xf, 0xd7,
    0x65, 0x10, 0x13, 0x8f, 0x40, 0xf, 0x32, 0x0,
    0x42, 0x1, 0xc, 0x80, 0x7b, 0xc0, 0x2b, 0xef,
    0x30, 0x1, 0x0, 0x7b, 0x40, 0x2e, 0x4, 0x30,
    0x2, 0x80, 0x79, 0x20, 0x0, 0xb7, 0x60, 0x1,
    0x50, 0x7, 0xce, 0xe0, 0x2, 0x0, 0xb, 0x0,
    0x3f, 0xa0, 0x80, 0x34, 0x88, 0x7, 0xe5, 0xd2,
    0x0, 0xd7, 0x2, 0x1, 0x27, 0x73, 0xe8, 0x80,
    0x14, 0x80, 0x7, 0xef, 0xea, 0x11, 0x80, 0x23,
    0xd5, 0xb7, 0x0, 0xc2, 0xc0, 0x10, 0xad, 0x61,
    0x0, 0x23, 0x5c, 0x80, 0x20,

    /* U+FECD "ﻍ" */
    0x0, 0xc5, 0xfe, 0x30, 0xf, 0xfe, 0xa1, 0x55,
    0x8, 0x3, 0xff, 0x86, 0xaa, 0x10, 0xf, 0xfe,
    0x29, 0xb4, 0x49, 0x80, 0x7f, 0xcf, 0xd9, 0x2e,
    0xcc, 0x0, 0xff, 0x5c, 0x8, 0x7, 0xff, 0xa,
    0x90, 0x0, 0xd7, 0xde, 0xa0, 0x1f, 0x8d, 0x40,
    0xfa, 0x50, 0x40, 0x3f, 0xd4, 0x0, 0xf1, 0x0,
    0xff, 0xe0, 0x90, 0x0, 0xc0, 0x3e, 0x34, 0x0,
    0xe1, 0x0, 0x20, 0x4, 0x71, 0xbf, 0x94, 0x1,
    0xd8, 0x0, 0xba, 0x9d, 0xc7, 0x20, 0xf, 0xcc,
    0xa0, 0x5, 0x62, 0x0, 0x85, 0x18, 0x3, 0xd4,
    0xe0, 0x18, 0x5f, 0x3a, 0xe0, 0x3, 0xd2, 0xe0,
    0x1, 0x9e, 0x83, 0x0, 0xfd, 0x2c, 0x0, 0x6e,
    0x60, 0xf, 0xf2, 0x30, 0x2, 0x64, 0x1, 0xff,
    0xc0, 0x80, 0x3, 0xb0, 0x7, 0xff, 0x4, 0xc0,
    0x12, 0x1, 0xff, 0xc1, 0x20, 0x1, 0x88, 0x7,
    0xff, 0x11, 0xc0, 0x3f, 0xf8, 0x46, 0x0, 0x70,
    0xf, 0xfe, 0x10, 0x88, 0xc, 0x40, 0x3f, 0xf8,
    0x4c, 0x0, 0xd1, 0x0, 0xff, 0x8c, 0x24, 0x40,
    0xfd, 0xc4, 0x3, 0xe6, 0xcf, 0x1, 0xd1, 0x1,
    0x8e, 0xdb, 0xa9, 0xac, 0xf9, 0x30, 0x8, 0xfd,
    0x80, 0x22, 0x45, 0x65, 0x30, 0x9, 0x0, 0x21,
    0x9e, 0x96, 0x31, 0x0, 0x85, 0x23, 0x60,

    /* U+FECE "ﻎ" */
    0x0, 0xe1, 0x55, 0x0, 0x7f, 0xf0, 0xd2, 0xa8,
    0x1, 0xff, 0xd5, 0x5f, 0xf0, 0x7, 0xff, 0x94,
    0xa3, 0x7f, 0xdb, 0x26, 0x1, 0xfc, 0xda, 0xe4,
    0x0, 0x26, 0xc7, 0x0, 0xf8, 0x64, 0x3, 0x8,
    0x5, 0x4, 0x1, 0xe2, 0x0, 0x9b, 0xfa, 0x0,
    0x27, 0x0, 0xf1, 0x88, 0x1, 0x0, 0xe8, 0x2,
    0x70, 0xf, 0xac, 0x0, 0x5d, 0x84, 0x0, 0xa2,
    0x0, 0xf9, 0x5c, 0x0, 0x20, 0x5, 0xd5, 0x0,
    0xfc, 0x8e, 0x1, 0xde, 0x40, 0x1f, 0x86, 0xc0,
    0x2, 0x60, 0xa, 0xc5, 0x0, 0xfa, 0x0, 0x3,
    0xf8, 0xc0, 0x3, 0xaf, 0xee, 0x90, 0x0, 0xc0,
    0xd, 0x10, 0x9b, 0x20, 0x8, 0x47, 0x0, 0x80,
    0xc, 0xc0, 0x12, 0x6d, 0xb1, 0x0, 0x71, 0x80,
    0x1c, 0x3, 0xc9, 0x3b, 0xff, 0x28, 0x10, 0x1,
    0xc0, 0x3f, 0xf8, 0x64, 0x6, 0x40, 0x1f, 0xfc,
    0x25, 0x0, 0x70, 0x80, 0x7f, 0xc6, 0x12, 0x20,
    0x7e, 0xc2, 0x1, 0xe1, 0x6d, 0xf0, 0x1d, 0x0,
    0xc, 0xf6, 0xdd, 0x4d, 0x6f, 0x49, 0x0, 0x47,
    0xa8, 0x1, 0x12, 0x2b, 0x29, 0x0, 0x48, 0x1,
    0x15, 0xec, 0x29, 0x8, 0x4, 0x49, 0x1d, 0x0,

    /* U+FECF "ﻏ" */
    0x0, 0xf1, 0x7f, 0x8c, 0x3, 0xff, 0xa4, 0x55,
    0x42, 0x0, 0xff, 0xe1, 0x2a, 0x84, 0x3, 0xff,
    0x88, 0x6d, 0x12, 0x60, 0x1f, 0xe6, 0xec, 0x97,
    0x66, 0x0, 0x7f, 0x54, 0x88, 0x7, 0xff, 0x6,
    0x14, 0x0, 0xf7, 0xde, 0xa0, 0x1f, 0xb, 0x80,
    0xec, 0x20, 0x80, 0x7f, 0x30, 0x2, 0xc8, 0x3,
    0xff, 0x81, 0xa0, 0x4, 0x0, 0xff, 0xe0, 0x88,
    0x0, 0x40, 0x3f, 0xf8, 0x22, 0x0, 0x20, 0xf,
    0xc8, 0x1, 0xb0, 0x1, 0x0, 0x1e, 0x7e, 0xa0,
    0xc, 0xc2, 0xb, 0x64, 0x7, 0x1f, 0x2, 0x1,
    0xea, 0x0, 0x26, 0xfe, 0x38, 0x5, 0x20, 0x1c,
    0x9a, 0x40, 0x1c, 0x31, 0xee, 0x1, 0x8e, 0x3c,
    0x80, 0x22, 0x9e, 0x70, 0x2, 0x77, 0x3f, 0x1c,
    0x80, 0x7, 0x5a, 0xc0, 0x18, 0x46, 0x0, 0xcb,
    0x98, 0x50, 0xf, 0xe2, 0x6a, 0xfa, 0x30, 0xf,
    0xc0,

    /* U+FED0 "ﻐ" */
    0x0, 0xf8, 0x95, 0x0, 0x3f, 0xf8, 0x4b, 0x54,
    0x0, 0xff, 0xe9, 0xbf, 0xf0, 0x7, 0xff, 0x89,
    0x2b, 0xbf, 0xb1, 0xc4, 0x3, 0xf5, 0xd9, 0x44,
    0x4, 0xe3, 0xd0, 0x3, 0xcc, 0x80, 0x10, 0x80,
    0x43, 0x20, 0x1e, 0xf0, 0xa, 0xfb, 0xcc, 0x0,
    0x40, 0x1e, 0xd0, 0xb, 0x81, 0xc, 0x0, 0xa0,
    0x1e, 0x48, 0x0, 0x2d, 0xd8, 0x0, 0x54, 0x1,
    0xf3, 0xb8, 0x0, 0x80, 0x2, 0xc0, 0xf, 0xe8,
    0x20, 0xd, 0x22, 0x1, 0xf9, 0x74, 0x80, 0x35,
    0xc0, 0x80, 0x49, 0xdc, 0xfa, 0x20, 0x5, 0x20,
    0x1, 0xfb, 0xfa, 0x84, 0x60, 0x8, 0xf5, 0x6d,
    0xc0, 0x30, 0xb0, 0x4, 0x2b, 0x58, 0x40, 0x8,
    0xd7, 0x20, 0x8,

    /* U+FED1 "ﻑ" */
    0x0, 0xff, 0xe4, 0x97, 0xf8, 0x80, 0x3f, 0xfd,
    0x45, 0x54, 0x20, 0xf, 0xfe, 0x72, 0xa8, 0x3,
    0xff, 0xd4, 0x53, 0xdf, 0xac, 0x1, 0xff, 0xca,
    0x5d, 0x61, 0x2, 0x99, 0x0, 0x7f, 0xf2, 0xa,
    0x80, 0x3c, 0xce, 0x1, 0xff, 0xc7, 0xa0, 0x0,
    0xdf, 0x38, 0x2, 0x4, 0x3, 0xff, 0x8c, 0x60,
    0xb, 0x41, 0x84, 0x0, 0x20, 0x7, 0xff, 0x19,
    0xc0, 0x2, 0x1, 0x10, 0x0, 0x80, 0x3f, 0xf8,
    0xcc, 0x0, 0xd0, 0x9, 0x0, 0x24, 0xff, 0x48,
    0x7, 0xff, 0xb, 0xc0, 0xd, 0x71, 0x64, 0x0,
    0x1e, 0x0, 0x50, 0x7, 0xff, 0x9, 0x54, 0x0,
    0x47, 0x40, 0x8, 0xd0, 0x0, 0x60, 0x1f, 0xfc,
    0x3a, 0x92, 0x0, 0x23, 0x80, 0x1c, 0x40, 0x40,
    0x3f, 0xf8, 0xad, 0xbf, 0xeb, 0x50, 0x12, 0x10,
    0x12, 0x0, 0xff, 0xe3, 0x96, 0x90, 0x30, 0x20,
    0x3, 0xc8, 0x3, 0xff, 0x88, 0x53, 0xa4, 0x5,
    0x21, 0x0, 0x2, 0xd9, 0x30, 0xf, 0xf1, 0xac,
    0xee, 0x98, 0x0, 0x5e, 0x20, 0x56, 0x1, 0x36,
    0x7f, 0x6e, 0xf7, 0x7f, 0xb2, 0x98, 0x80, 0x26,
    0xd2, 0x0, 0x93, 0x50, 0x3, 0x9, 0x17, 0x8,
    0x7, 0x8e, 0x3a, 0x40, 0x3c, 0x57, 0xd2, 0xa6,
    0x20, 0x18, 0x48, 0xd1, 0xe7, 0x3f, 0x1c, 0x40,
    0x38,

    /* U+FED2 "ﻒ" */
    0x0, 0xff, 0xe5, 0x2a, 0x80, 0x3f, 0xfa, 0x25,
    0x54, 0x20, 0xf, 0xff, 0x81, 0x7f, 0x88, 0x3,
    0xff, 0xfe, 0x1, 0xff, 0xc4, 0x29, 0xef, 0xc6,
    0x0, 0xff, 0xe6, 0xae, 0xb0, 0x81, 0xcd, 0x80,
    0x7f, 0xf2, 0xce, 0x80, 0x3c, 0x92, 0x1, 0xc8,
    0x83, 0x0, 0xff, 0xe1, 0x50, 0x0, 0xb3, 0xdc,
    0x0, 0xc2, 0x1, 0x35, 0xd9, 0x0, 0x3f, 0xf8,
    0x44, 0x0, 0x93, 0x8, 0x30, 0x2, 0x80, 0x5a,
    0x0, 0x60, 0xf, 0xfe, 0x2b, 0x80, 0x48, 0x1,
    0xe5, 0x0, 0x8, 0x7, 0xff, 0x8, 0xc0, 0x14,
    0x1, 0x8, 0x1, 0xc0, 0x21, 0x1, 0x0, 0xff,
    0xe1, 0xd0, 0x1, 0x90, 0x0, 0xe0, 0x26, 0x1,
    0x10, 0x9, 0x80, 0x7f, 0xf0, 0x89, 0x80, 0x16,
    0xf6, 0x21, 0x20, 0x19, 0x40, 0x1a, 0x80, 0x1f,
    0xfc, 0x29, 0x20, 0x4, 0x20, 0x2, 0x7b, 0xa6,
    0x91, 0x1, 0xbc, 0x63, 0x10, 0xe, 0x23, 0x68,
    0xbf, 0x20, 0xf, 0x8, 0xfb, 0x4, 0x0, 0x73,
    0x9d, 0xff, 0xdb, 0x92, 0xe8, 0x1, 0xb, 0x30,
    0x80, 0x3e, 0x2e, 0x71, 0x0, 0xff, 0xe1, 0xb,
    0x5f, 0x4c, 0xb7, 0xff, 0x9c, 0x2, 0x8e, 0xb7,
    0x54, 0x32, 0x28, 0xd1, 0xa2, 0xfb, 0x92, 0x80,
    0x1f, 0xe0,

    /* U+FED3 "ﻓ" */
    0x0, 0xf8, 0x55, 0x40, 0x1f, 0xf2, 0x55, 0x0,
    0x3f, 0xf9, 0xab, 0xfe, 0x0, 0xff, 0xed, 0x36,
    0x7f, 0xac, 0xc0, 0x3c, 0x3b, 0x26, 0x0, 0x4c,
    0x40, 0xe, 0xb2, 0x0, 0xf5, 0x88, 0x4, 0x2a,
    0x0, 0x7e, 0xd3, 0x0, 0x58, 0x4, 0x40, 0x2,
    0x81, 0x2e, 0x0, 0x20, 0x7, 0xf8, 0xc0, 0x2,
    0x1, 0x10, 0x0, 0x9c, 0x6, 0x0, 0x3c, 0x2c,
    0x0, 0x8f, 0xe6, 0x0, 0x8, 0x6, 0x96, 0x0,
    0xc2, 0x0, 0x20, 0xe, 0x9d, 0x98, 0xa9, 0x0,
    0x28, 0x7, 0x89, 0x9d, 0x24, 0x1, 0xa0, 0x1f,
    0x12, 0xe0, 0x81, 0x22, 0x3b, 0xbb, 0xf6, 0x88,
    0x1, 0xc0, 0x23, 0xe0, 0xc, 0x36, 0x60, 0x1f,
    0x89, 0x27, 0xd0, 0x0,

    /* U+FED4 "ﻔ" */
    0x0, 0xf8, 0x7f, 0xc8, 0x1, 0xff, 0xd4, 0x1a,
    0xa2, 0x80, 0x7f, 0xf0, 0xd5, 0x42, 0x1, 0xff,
    0xe5, 0x2b, 0xff, 0x62, 0x0, 0x7f, 0xcb, 0xa8,
    0x0, 0x3b, 0x80, 0xf, 0xe2, 0xa0, 0xf, 0x3a,
    0x80, 0x7e, 0xa0, 0x1, 0x6f, 0x18, 0x3, 0x80,
    0x3f, 0x18, 0x2, 0x8, 0x78, 0x0, 0xa0, 0x1f,
    0xf3, 0x0, 0x8, 0x3, 0xfe, 0x20, 0x5, 0x80,
    0x14, 0x0, 0x40, 0x1f, 0xa8, 0x0, 0xec, 0x96,
    0x0, 0xa0, 0xf, 0xc6, 0x80, 0x9, 0xb1, 0x2,
    0x60, 0xc, 0x9d, 0xd7, 0xa0, 0x7, 0x8b, 0xfb,
    0xa7, 0x11, 0xc0, 0x1f, 0xe1, 0x1b, 0xc0, 0x38,
    0x91, 0xef, 0x21, 0x8, 0x3, 0x80,

    /* U+FED5 "ﻕ" */
    0x0, 0xff, 0xe0, 0x1a, 0x98, 0x22, 0x90, 0x7,
    0xff, 0xe, 0x2a, 0x42, 0x6a, 0x80, 0x1f, 0xfd,
    0x9b, 0xfa, 0xd, 0xf8, 0x0, 0xff, 0xf8, 0x25,
    0xff, 0xb5, 0x40, 0x3f, 0xf8, 0x73, 0x68, 0x0,
    0x2a, 0x60, 0xf, 0xfe, 0xb, 0x30, 0x3, 0xd2,
    0x40, 0x1f, 0xfc, 0xa, 0x0, 0x26, 0xf3, 0x0,
    0x20, 0x3, 0xff, 0x80, 0x40, 0xa, 0x21, 0x92,
    0x5, 0x0, 0xff, 0xe0, 0x8, 0x7, 0xf1, 0x80,
    0x7f, 0xc6, 0x0, 0xa1, 0x5, 0x20, 0x3, 0x0,
    0x7f, 0xd0, 0x0, 0x4e, 0xfa, 0x0, 0x8c, 0xa,
    0xec, 0xe0, 0x1e, 0x49, 0x0, 0xe3, 0x0, 0xca,
    0x88, 0x30, 0xf, 0x9b, 0xaa, 0x27, 0x68, 0x0,
    0x41, 0x60, 0x4, 0x0, 0xfc, 0x2a, 0xec, 0x5e,
    0x0, 0x70, 0x30, 0x40, 0xf, 0xfe, 0x12, 0x0,
    0xc, 0x80, 0x6, 0x1, 0xff, 0xc1, 0x42, 0x4,
    0x6, 0x0, 0x78, 0x7, 0xff, 0x6, 0x40, 0x1a,
    0x2, 0x0, 0xf0, 0xf, 0xfe, 0x4, 0x90, 0x13,
    0x0, 0x80, 0x8, 0x3, 0xfe, 0x76, 0x0, 0x70,
    0x1, 0x80, 0xa, 0x1, 0xfe, 0x88, 0x0, 0x20,
    0xc0, 0x4, 0x40, 0x4, 0x0, 0x7c, 0x78, 0xe0,
    0x7, 0x70, 0x6, 0xb0, 0x3, 0xc0, 0x80, 0x9b,
    0x5e, 0x18, 0x2, 0x20, 0x1, 0xcc, 0xa0, 0x7,
    0xef, 0xec, 0x94, 0x0, 0xd, 0x38, 0x7, 0xd4,
    0xa0, 0x1f, 0xcd, 0xea, 0x1, 0xfd, 0x54, 0x41,
    0x1, 0x25, 0x9e, 0x91, 0x0, 0xf8,

    /* U+FED6 "ﻖ" */
    0x0, 0xff, 0xe0, 0xff, 0x98, 0x3f, 0xca, 0x1,
    0xff, 0xe1, 0xaa, 0x20, 0x55, 0x10, 0x3, 0xff,
    0x8e, 0xaa, 0x20, 0x55, 0x8, 0x7, 0xff, 0x1d,
    0x73, 0xfd, 0x88, 0x1, 0xff, 0xc7, 0x8a, 0x30,
    0x1, 0xd9, 0x80, 0x7f, 0xf1, 0x4d, 0xc0, 0x3d,
    0xa2, 0x1, 0xff, 0xc4, 0x90, 0x1, 0xef, 0x20,
    0xb, 0x0, 0x7f, 0xf1, 0x10, 0x1, 0xc4, 0x36,
    0x0, 0x90, 0xf, 0xfe, 0x20, 0x80, 0x8, 0x2,
    0x50, 0x12, 0x0, 0xff, 0xe1, 0x90, 0x1, 0x80,
    0x22, 0x0, 0x30, 0x7, 0xff, 0xd, 0x0, 0x13,
    0x22, 0xf, 0x0, 0x8, 0x7, 0x1b, 0xb8, 0xc0,
    0x3d, 0x40, 0x13, 0x6e, 0xa8, 0x0, 0x60, 0x1d,
    0xf1, 0x1, 0x0, 0xf1, 0xc0, 0x6, 0x22, 0x0,
    0x23, 0xbb, 0x9, 0x81, 0x10, 0x3, 0xe7, 0xa1,
    0x0, 0xf0, 0x8f, 0x28, 0x1, 0xc0, 0x3f, 0x97,
    0xad, 0x88, 0x3, 0xf0, 0x80, 0xc, 0x3, 0xfe,
    0x49, 0xa0, 0x1, 0x7f, 0xf0, 0x80, 0x7f, 0xf0,
    0xce, 0x0, 0x16, 0x1, 0xca, 0x0, 0x40, 0xf,
    0xf9, 0x30, 0x0, 0x6c, 0x1, 0xc2, 0x40, 0x4c,
    0x1, 0xf8, 0xaa, 0xc0, 0x3, 0xa0, 0x1f, 0x50,
    0x2, 0x69, 0x4, 0x0, 0x4b, 0x5a, 0xa0, 0x2,
    0xc1, 0x0, 0xf9, 0xc8, 0x0, 0xb7, 0xdf, 0xed,
    0xa5, 0x0, 0x97, 0x8, 0x3, 0xfb, 0xcc, 0x3,
    0xfc, 0x77, 0x42, 0x1, 0xfe, 0x2c, 0xb6, 0x31,
    0x0, 0xa, 0x3e, 0x61, 0x0, 0x3f, 0xc0,

    /* U+FED7 "ﻗ" */
    0x0, 0xe1, 0x55, 0x1, 0x2a, 0x80, 0x3e, 0x4a,
    0xa0, 0x25, 0x50, 0x3, 0xff, 0x92, 0xbf, 0xe0,
    0x6f, 0xf0, 0x7, 0xff, 0x61, 0xb3, 0xfd, 0x66,
    0x1, 0xe1, 0xd9, 0x30, 0x2, 0x62, 0x0, 0x75,
    0x90, 0x7, 0xac, 0x40, 0x21, 0x50, 0x3, 0xf6,
    0x98, 0x2, 0xc0, 0x22, 0x0, 0x14, 0x9, 0x70,
    0x1, 0x0, 0x3f, 0xc6, 0x0, 0x10, 0x8, 0x80,
    0x4, 0xe0, 0x30, 0x1, 0xe1, 0x60, 0x4, 0x7f,
    0x30, 0x0, 0x40, 0x34, 0xb0, 0x6, 0x10, 0x1,
    0x0, 0x74, 0xec, 0xc5, 0x48, 0x1, 0x40, 0x3c,
    0x4c, 0xe9, 0x20, 0xd, 0x0, 0xf8, 0x97, 0x4,
    0x9, 0x11, 0xdd, 0xdf, 0xb4, 0x40, 0xe, 0x1,
    0x1f, 0x0, 0x61, 0xb3, 0x0, 0xfc, 0x49, 0x3e,
    0x80, 0x0,

    /* U+FED8 "ﻘ" */
    0x0, 0xe2, 0xff, 0x19, 0xbf, 0xc4, 0x1, 0xff,
    0xd0, 0x2a, 0xa1, 0x12, 0xa8, 0x40, 0x1f, 0xf2,
    0xa8, 0x44, 0xaa, 0x0, 0xff, 0xf2, 0x15, 0xff,
    0xb1, 0x0, 0x3f, 0xe5, 0xd4, 0x0, 0x1d, 0xc0,
    0x7, 0xf1, 0x50, 0x7, 0x9d, 0x40, 0x3f, 0x50,
    0x0, 0xb7, 0x8c, 0x1, 0xc0, 0x1f, 0x8c, 0x1,
    0x4, 0x3c, 0x0, 0x50, 0xf, 0xf9, 0x80, 0x4,
    0x1, 0xff, 0x10, 0x2, 0xc0, 0xa, 0x0, 0x20,
    0xf, 0xd4, 0x0, 0x76, 0x4b, 0x0, 0x50, 0x7,
    0xe3, 0x40, 0x4, 0xd8, 0x81, 0x30, 0x6, 0x4e,
    0xeb, 0xd0, 0x3, 0xc5, 0xfd, 0xd3, 0x88, 0xe0,
    0xf, 0xf0, 0x8d, 0xe0, 0x1c, 0x48, 0xf7, 0x90,
    0x84, 0x1, 0xc0,

    /* U+FED9 "ﻙ" */
    0x0, 0xff, 0xe3, 0x67, 0xf8, 0x40, 0x3f, 0xff,
    0xe0, 0x1f, 0xff, 0x77, 0xdf, 0x40, 0xf, 0xfe,
    0x2e, 0x4d, 0x5a, 0x0, 0x7f, 0xf1, 0x4e, 0xdd,
    0x0, 0x3f, 0xf8, 0xc5, 0xc, 0x40, 0x1f, 0xfc,
    0x6f, 0x48, 0xd2, 0x0, 0xff, 0xe2, 0x94, 0xf8,
    0x30, 0x7, 0xff, 0xc, 0x48, 0x52, 0x81, 0x40,
    0x3f, 0xf8, 0x6d, 0xbd, 0x6d, 0x62, 0x1, 0xff,
    0xc3, 0x7c, 0xbd, 0xd2, 0x0, 0x7f, 0xf1, 0x4d,
    0x8, 0x3, 0xe1, 0x0, 0x8, 0x7, 0xff, 0x18,
    0x80, 0x41, 0x66, 0x46, 0x1, 0xff, 0xc1, 0x40,
    0x1, 0x7, 0x33, 0x0, 0x3f, 0xf8, 0x50, 0x0,
    0xb0, 0xc, 0xa0, 0x1f, 0xf1, 0x61, 0x80, 0x14,
    0xc, 0x1, 0x32, 0x30, 0xf, 0x8e, 0x74, 0xc0,
    0x10, 0x41, 0x4, 0x0, 0x6c, 0xfc, 0xba, 0xa5,
    0xf6, 0x30, 0x5, 0xe, 0x1, 0x6b, 0x0, 0x63,
    0x45, 0x52, 0x8, 0x4, 0x78, 0xe0, 0x1d, 0x3d,
    0x8, 0x42, 0x1, 0x9, 0x23, 0xe6, 0xc, 0x3,
    0x0,

    /* U+FEDA "ﻚ" */
    0x0, 0xff, 0xe3, 0x67, 0xf8, 0x40, 0x3f, 0xff,
    0xe0, 0x1f, 0xff, 0x97, 0xdf, 0x40, 0xf, 0xfe,
    0x4e, 0x4d, 0x5a, 0x0, 0x7f, 0xf2, 0x4e, 0xdd,
    0x0, 0x3f, 0xf9, 0x45, 0xc, 0x40, 0x1f, 0xfc,
    0xaf, 0x48, 0xd2, 0x0, 0xff, 0xe4, 0x94, 0xf8,
    0x30, 0x7, 0xff, 0x1c, 0x48, 0x52, 0x81, 0x40,
    0x3f, 0xf8, 0xed, 0xbd, 0x6d, 0x62, 0x1, 0xff,
    0xc7, 0x7c, 0xbd, 0xd2, 0x0, 0x7f, 0xf2, 0x4d,
    0x8, 0x3, 0xff, 0xaa, 0x20, 0x1f, 0x9, 0x98,
    0x40, 0x3f, 0xf8, 0x44, 0x1, 0xf5, 0xe6, 0x14,
    0x3, 0xff, 0x82, 0x80, 0x11, 0x80, 0x61, 0x0,
    0x38, 0x7, 0xff, 0x6, 0x0, 0x27, 0x0, 0xc2,
    0x0, 0xa0, 0xf, 0xf8, 0xb0, 0xc0, 0x2b, 0x30,
    0xb, 0x0, 0xd, 0x68, 0x1, 0xf1, 0xce, 0x98,
    0x6, 0x1c, 0xfe, 0x36, 0x40, 0x2, 0x5f, 0xe5,
    0xd5, 0x2f, 0xb1, 0x80, 0x26, 0x70, 0xc, 0x2e,
    0x17, 0x0, 0x18, 0xd1, 0x54, 0x82, 0x1, 0x1d,
    0xcc, 0x5a, 0x8, 0x7, 0x3f, 0xca, 0x90, 0x80,
    0x42, 0x49, 0x1b, 0x88, 0x0, 0x4b, 0xef, 0xf2,
    0x0,

    /* U+FEDB "ﻛ" */
    0x0, 0xff, 0xe9, 0x14, 0xf9, 0x80, 0x7f, 0xcb,
    0x9a, 0xc0, 0x1f, 0xe1, 0x8e, 0xa3, 0x0, 0x8,
    0x80, 0x3c, 0x95, 0xce, 0x20, 0x4, 0xae, 0x20,
    0xc, 0xdb, 0x6a, 0x1, 0x36, 0xda, 0x80, 0x75,
    0xc9, 0x0, 0xa, 0x7e, 0x48, 0x3, 0xc8, 0x80,
    0x2, 0x5e, 0xb0, 0x7, 0xf6, 0x80, 0x16, 0xd0,
    0x3, 0xff, 0x84, 0x40, 0x1f, 0xfc, 0x1c, 0x0,
    0x39, 0x0, 0x7f, 0xf0, 0x15, 0x0, 0x1e, 0x20,
    0x1f, 0xfc, 0xa, 0x20, 0x2d, 0x0, 0xff, 0xe0,
    0xf, 0x80, 0xe, 0x40, 0x3f, 0xf8, 0x5, 0x40,
    0x6, 0x70, 0xf, 0xfe, 0x2, 0xc0, 0x2, 0x10,
    0x3, 0xff, 0x80, 0xea, 0x0, 0xa0, 0xf, 0xfe,
    0xd, 0x10, 0xb, 0x0, 0x7f, 0xf0, 0x6c, 0x1,
    0xa0, 0x1f, 0xfc, 0x12, 0x0, 0xff, 0xe2, 0x60,
    0x0, 0x80, 0x3f, 0xf8, 0xa, 0xe0, 0xd, 0x0,
    0xe4, 0xee, 0xef, 0xa0, 0x1, 0xa0, 0x7, 0x8,
    0xf8, 0x2, 0x1e, 0x0, 0xff, 0xe0, 0x94, 0x71,
    0x0, 0x78,

    /* U+FEDC "ﻜ" */
    0x0, 0xff, 0xea, 0x14, 0xf9, 0x80, 0x7f, 0xf0,
    0x57, 0x35, 0x80, 0x3f, 0xf8, 0x3, 0x1d, 0x46,
    0x0, 0x11, 0x0, 0x7e, 0x4a, 0xe7, 0x10, 0x2,
    0x57, 0x10, 0x7, 0x9b, 0x6d, 0x40, 0x26, 0xdb,
    0x50, 0xf, 0xae, 0x48, 0x0, 0x53, 0xf2, 0x40,
    0x1f, 0x91, 0x0, 0x4, 0xbd, 0x60, 0xf, 0xfb,
    0x40, 0xb, 0x68, 0x1, 0xff, 0xc4, 0x20, 0xf,
    0xfe, 0x1e, 0x0, 0x1c, 0x80, 0x3f, 0xf8, 0x4a,
    0x80, 0xf, 0x10, 0xf, 0xfe, 0x15, 0x10, 0x15,
    0x0, 0x7f, 0xf0, 0x87, 0xc0, 0x9, 0x20, 0x1f,
    0xfc, 0x22, 0xa0, 0x3, 0x30, 0x3, 0xff, 0x84,
    0xb0, 0x0, 0x94, 0x0, 0xff, 0xe1, 0x3a, 0x80,
    0x28, 0x80, 0x3f, 0xf8, 0x54, 0x40, 0x3e, 0x1,
    0xff, 0xc3, 0xb0, 0x1, 0x58, 0x7, 0xff, 0x8,
    0x80, 0x24, 0x80, 0xf, 0xfe, 0xe, 0x0, 0x67,
    0x60, 0xf, 0xf9, 0x5c, 0x0, 0x60, 0x9, 0x60,
    0x9, 0x3b, 0xbb, 0xe8, 0x0, 0x78, 0x60, 0x9,
    0xfe, 0xd1, 0x1f, 0x0, 0x45, 0xa1, 0xa4, 0x1,
    0x9, 0x0, 0x7c, 0x71, 0xa2, 0x3, 0xb2, 0x60,
    0x10,

    /* U+FEDD "ﻝ" */
    0x0, 0xff, 0xe1, 0xc7, 0xf9, 0x80, 0x3f, 0xff,
    0xe0, 0x1f, 0xff, 0xf0, 0xf, 0xff, 0xf8, 0x7,
    0xff, 0xfc, 0x3, 0xff, 0x94, 0x60, 0x1f, 0xfc,
    0x88, 0x98, 0x0, 0xff, 0x88, 0x0, 0x2a, 0xec,
    0x20, 0x1f, 0xf3, 0x0, 0x1b, 0x0, 0x1a, 0x1,
    0xfe, 0x13, 0x0, 0x11, 0x0, 0xc, 0x1, 0xfe,
    0x60, 0x1, 0x80, 0x7f, 0xf0, 0x8a, 0x0, 0x16,
    0x6, 0x0, 0xb0, 0xf, 0xc9, 0x80, 0x1, 0x70,
    0xb0, 0x3, 0x51, 0x0, 0x42, 0xb7, 0x61, 0x0,
    0x68, 0x0, 0xd8, 0x0, 0xbb, 0xb7, 0x72, 0x90,
    0x0, 0x38, 0x60, 0x14, 0xb8, 0x4, 0x44, 0x10,
    0x8, 0x63, 0x8c, 0x3, 0xa3, 0x5c, 0xc0, 0x2,
    0x6f, 0x7c, 0xe0, 0x1c,

    /* U+FEDE "ﻞ" */
    0x0, 0xff, 0xe1, 0xc7, 0xf9, 0x80, 0x3f, 0xff,
    0xe0, 0x1f, 0xff, 0xf0, 0xf, 0xff, 0xf8, 0x7,
    0xff, 0xfc, 0x3, 0xff, 0xfe, 0x1, 0xff, 0xe0,
    0xab, 0xa0, 0xf, 0xf8, 0x80, 0x18, 0x1, 0x99,
    0x50, 0x80, 0x3f, 0xe7, 0x0, 0x2a, 0x80, 0x2c,
    0x0, 0x58, 0x7, 0xf8, 0x48, 0x2, 0xaf, 0xe7,
    0x10, 0x1, 0x0, 0x7f, 0xa4, 0x3, 0xc3, 0xe0,
    0x11, 0x0, 0x7f, 0x23, 0x80, 0x1d, 0x84, 0x2,
    0x30, 0x7, 0x80, 0x7e, 0x7b, 0x0, 0x1c, 0x4f,
    0x7f, 0xa2, 0x80, 0x7, 0xaa, 0x20, 0x29, 0x1d,
    0x0, 0x1, 0xd0, 0xf, 0x14, 0x80, 0xa, 0xbb,
    0xfa, 0xdc, 0x40, 0x9, 0xe2, 0x1, 0xf3, 0x50,
    0x80, 0x7e, 0x3b, 0xb0, 0x80, 0x7f, 0x2f, 0x53,
    0x21, 0xa3, 0x57, 0x62, 0x0, 0x7f, 0x0,

    /* U+FEDF "ﻟ" */
    0x0, 0xc5, 0xfe, 0xb0, 0xf, 0xff, 0xf8, 0x7,
    0xff, 0xd4, 0x40, 0x3e, 0x50, 0x0, 0x80, 0x47,
    0x0, 0xc, 0x4e, 0xfc, 0x10, 0x3, 0x88, 0x80,
    0x34, 0x88, 0x6, 0x4b, 0x60,

    /* U+FEE0 "ﻠ" */
    0x0, 0xc5, 0xfe, 0xb0, 0xf, 0xff, 0xf8, 0x7,
    0xff, 0xfc, 0x3, 0xff, 0xe4, 0x20, 0x7, 0x0,
    0xfc, 0xa0, 0x3, 0x0, 0xf8, 0xe0, 0x2, 0xa1,
    0x0, 0x27, 0x7e, 0x8, 0x4, 0xbd, 0xcc, 0x11,
    0x0, 0x62, 0x0, 0x84, 0x80, 0x32, 0x5e, 0xb9,
    0x0, 0x40,

    /* U+FEE1 "ﻡ" */
    0x0, 0xfe, 0x21, 0x0, 0xff, 0xe0, 0x47, 0xef,
    0x6b, 0x0, 0x7f, 0x63, 0x80, 0x45, 0x38, 0x20,
    0x1e, 0xb3, 0x0, 0xf1, 0xd8, 0x7, 0x1a, 0x0,
    0x27, 0xfa, 0x40, 0xa, 0x40, 0x19, 0x0, 0xc,
    0xc0, 0x16, 0x40, 0x3, 0x80, 0x6f, 0x0, 0x78,
    0x6, 0x20, 0x1, 0x0, 0xe, 0x98, 0x1, 0x82,
    0x0, 0x17, 0x0, 0x10, 0x36, 0x28, 0x80, 0x17,
    0xb9, 0x9c, 0x20, 0x4, 0x29, 0x0, 0x12, 0x0,
    0x42, 0x60, 0x15, 0xd, 0x0, 0xf, 0x6f, 0x5c,
    0xc4, 0x5, 0xf9, 0x40, 0xc0, 0x14, 0x0, 0x28,
    0xce, 0xfe, 0x81, 0x0, 0x38, 0x0, 0xc0, 0x3f,
    0xf8, 0x2, 0x1, 0xff, 0xff, 0x0, 0xff, 0xec,
    0x0,

    /* U+FEE2 "ﻢ" */
    0x0, 0xf9, 0x73, 0xf6, 0x4, 0x3, 0xff, 0x82,
    0xf4, 0x60, 0x4f, 0xca, 0x1, 0xff, 0x2c, 0x0,
    0x7a, 0x8c, 0x3, 0xfd, 0x40, 0x5, 0xcb, 0x50,
    0x7, 0x80, 0x7f, 0x28, 0x0, 0xe8, 0xd2, 0x88,
    0xc, 0x40, 0x3f, 0x68, 0x2, 0xc0, 0x32, 0x0,
    0x1c, 0x3, 0xfe, 0x10, 0xc, 0x60, 0xa, 0x0,
    0xf3, 0x6b, 0x80, 0x34, 0x80, 0x4, 0xa0, 0x3,
    0x70, 0xd, 0x12, 0x40, 0x12, 0x6f, 0x66, 0x80,
    0x68, 0xfe, 0x83, 0x70, 0x0, 0x98, 0x4, 0x26,
    0x1, 0xf0, 0x8a, 0x80, 0x7, 0xd9, 0xae, 0x62,
    0x0, 0x25, 0x83, 0x0, 0xca, 0x0, 0xa0, 0x1,
    0x46, 0x77, 0xfb, 0x69, 0xf3, 0xfe, 0x90, 0x8,
    0xc0, 0x3f, 0xf8, 0x82, 0x1, 0xff, 0xff, 0x0,
    0xcc, 0x44, 0x10, 0xf, 0xfe, 0x20,

    /* U+FEE3 "ﻣ" */
    0x0, 0xff, 0xe5, 0xa6, 0x7f, 0xba, 0x8c, 0x3,
    0xf4, 0xd9, 0x80, 0x5, 0x71, 0x40, 0x3c, 0xcc,
    0x0, 0xfa, 0x84, 0x3, 0xac, 0x0, 0xfd, 0xca,
    0x10, 0x2, 0x0, 0x62, 0x20, 0x14, 0x8, 0x96,
    0x40, 0x1a, 0x1, 0x9c, 0x0, 0xa0, 0x18, 0x40,
    0x2, 0x1, 0x15, 0x80, 0xc, 0x80, 0x2b, 0x0,
    0x72, 0x77, 0x34, 0x40, 0x9, 0xbd, 0xbc, 0x40,
    0x5, 0x11, 0x80, 0x3c, 0x24, 0x20, 0x8, 0x20,
    0xc, 0x79, 0x6a, 0x40, 0x1, 0x4b, 0x70,

    /* U+FEE4 "ﻤ" */
    0x0, 0xff, 0xe7, 0xa6, 0x7f, 0xb5, 0xc0, 0x3f,
    0xf8, 0x33, 0x66, 0x0, 0x28, 0xd1, 0x0, 0xff,
    0x33, 0x0, 0x3c, 0x5a, 0x1, 0xfe, 0xb0, 0x3,
    0x77, 0x28, 0x0, 0x68, 0x1, 0xf8, 0x88, 0x5,
    0x22, 0x25, 0x60, 0x6, 0x0, 0x7e, 0x70, 0x2,
    0x80, 0x6f, 0x0, 0x28, 0x7, 0xc5, 0x60, 0x3,
    0x20, 0xb, 0x40, 0x5, 0x20, 0x12, 0x77, 0x34,
    0x40, 0x9, 0xbd, 0xbc, 0x80, 0x13, 0x7f, 0x58,
    0x8c, 0x1, 0xe1, 0x21, 0x0, 0xf0, 0xb0, 0x6,
    0x3c, 0xb6, 0x20, 0x8, 0x9a, 0x8c, 0x40, 0x20,

    /* U+FEE5 "ﻥ" */
    0x0, 0xfb, 0xfc, 0xa0, 0x1f, 0xfd, 0x9a, 0xa2,
    0x0, 0x7f, 0xf1, 0x55, 0x42, 0x1, 0x8b, 0xb9,
    0x40, 0x1f, 0xfc, 0x42, 0x31, 0x53, 0x0, 0xff,
    0xe2, 0x50, 0x2, 0xc0, 0x3f, 0xf8, 0x8a, 0x0,
    0x40, 0x1b, 0xb4, 0x80, 0x7f, 0xc4, 0x0, 0x30,
    0x74, 0x40, 0x7, 0xff, 0x4, 0x80, 0x2e, 0x0,
    0x78, 0x7, 0xff, 0x0, 0x40, 0x2, 0x40, 0x2,
    0x0, 0xff, 0xe0, 0x8, 0x4, 0x20, 0x7, 0x0,
    0xff, 0x84, 0x80, 0x2, 0x20, 0x0, 0x80, 0x7f,
    0xc8, 0x0, 0x30, 0x30, 0x3, 0x0, 0x7f, 0xd2,
    0x0, 0xb0, 0xf0, 0x6, 0x80, 0x7f, 0x94, 0xc0,
    0xc, 0xe, 0x0, 0x64, 0x0, 0xfc, 0x94, 0x0,
    0x81, 0x1, 0x60, 0x5, 0xc9, 0x80, 0x63, 0xab,
    0x0, 0x1b, 0x80, 0x52, 0x60, 0x6, 0xcf, 0xf7,
    0x7e, 0x28, 0x0, 0xf4, 0x3, 0xb1, 0xc0, 0x38,
    0x40, 0x34, 0x60, 0x80, 0x7a, 0x3a, 0x54, 0x80,
    0x2, 0xb3, 0xee, 0x1, 0xc0,

    /* U+FEE6 "ﻦ" */
    0x0, 0xfb, 0xfc, 0xa0, 0x1f, 0xfd, 0x2, 0x20,
    0x80, 0x7f, 0xf0, 0x2a, 0x88, 0x1, 0x87, 0x76,
    0x0, 0xff, 0xe0, 0x2a, 0x84, 0x3, 0xa, 0x81,
    0x90, 0x7, 0xff, 0x1f, 0xc0, 0xa, 0x1, 0xff,
    0xc7, 0x40, 0x5, 0x0, 0x61, 0xef, 0xb0, 0xf,
    0xf8, 0x44, 0x4, 0xa0, 0x12, 0x88, 0x18, 0x7,
    0xff, 0x0, 0xc0, 0x16, 0x60, 0xc, 0x0, 0x68,
    0x7, 0xff, 0xc, 0x73, 0xa4, 0x40, 0x2, 0x1,
    0xff, 0xc0, 0x30, 0xc, 0x26, 0x60, 0x3, 0x0,
    0x7f, 0xc2, 0x20, 0x2, 0x80, 0x78, 0x40, 0x3f,
    0xe7, 0x0, 0x1d, 0x7f, 0xa8, 0xc0, 0xc, 0x1,
    0xff, 0x58, 0x2, 0xc0, 0x37, 0x80, 0x3c, 0x3,
    0xfc, 0xc4, 0x2, 0xc0, 0x19, 0xc0, 0xa, 0xc0,
    0x1f, 0x96, 0x40, 0x10, 0x20, 0x18, 0x5c, 0x1,
    0x36, 0xa4, 0x0, 0x25, 0xba, 0x0, 0x2b, 0x0,
    0x7a, 0x14, 0x0, 0x95, 0xbf, 0xed, 0xa4, 0x0,
    0x2d, 0x0, 0x7e, 0xa9, 0x10, 0xf, 0xc3, 0x54,
    0x0, 0xff, 0x37, 0x53, 0x19, 0x10, 0xda, 0xf9,
    0x40, 0x3f, 0x0,

    /* U+FEE7 "ﻧ" */
    0x0, 0xc4, 0xa8, 0x1, 0xd5, 0x49, 0x0, 0xff,
    0xe0, 0xc7, 0xe8, 0x7, 0xff, 0x24, 0x8c, 0xc0,
    0x1d, 0xd9, 0x81, 0x0, 0xff, 0xe4, 0x8, 0x7,
    0xc4, 0x0, 0x10, 0x0, 0xd0, 0x0, 0xc1, 0x3b,
    0x8a, 0x0, 0xa0, 0x11, 0x0, 0x46, 0xc0, 0x18,
    0x9f, 0x0, 0x0,

    /* U+FEE8 "ﻨ" */
    0x0, 0xc4, 0xa8, 0x1, 0xfa, 0xa9, 0x20, 0x1f,
    0xfc, 0x78, 0xfd, 0x0, 0xff, 0xe9, 0x11, 0x98,
    0x3, 0xf7, 0x66, 0x4, 0x3, 0xff, 0xa2, 0x20,
    0x3, 0x0, 0xf8, 0x80, 0xe, 0x1, 0xc3, 0x40,
    0x15, 0x98, 0x1, 0x3b, 0x8a, 0x1, 0xe, 0x7e,
    0x88, 0x80, 0x22, 0x0, 0xc4, 0x1, 0x14, 0x6d,
    0xa0, 0x4,

    /* U+FEE9 "ﻩ" */
    0x0, 0x36, 0xff, 0x52, 0x80, 0x79, 0xa4, 0x80,
    0x56, 0xb4, 0xc0, 0x21, 0x90, 0x0, 0x88, 0x0,
    0x58, 0xa0, 0x6, 0x0, 0x27, 0x73, 0x50, 0x1,
    0x4a, 0x18, 0x0, 0xf0, 0x1, 0x5c, 0x0, 0x2c,
    0x1c, 0x0, 0xa0, 0x19, 0xd4, 0x5, 0x44, 0x0,
    0x20, 0x1d, 0xe0, 0x2, 0x10, 0x0, 0x80, 0x76,
    0x80, 0x5, 0x40, 0x10, 0x1, 0x99, 0xc0, 0x9,
    0x40, 0x6, 0xd9, 0xae, 0x90, 0x3, 0x11, 0xb8,
    0x0, 0x99, 0x44, 0x0, 0xf2, 0x0, 0x8b, 0x51,
    0x1, 0x49, 0xe8, 0x0, 0x0,

    /* U+FEEA "ﻪ" */
    0x0, 0xf9, 0x22, 0x4, 0x1, 0xff, 0xc0, 0xd7,
    0x78, 0x3, 0xf9, 0xf7, 0xd8, 0x0, 0x60, 0x1f,
    0x27, 0x41, 0x0, 0x61, 0x0, 0xf2, 0xd8, 0x82,
    0xe6, 0x0, 0x1a, 0x1, 0xc5, 0x40, 0xb, 0xa3,
    0x30, 0x1, 0xc0, 0x3a, 0x80, 0x16, 0x80, 0x11,
    0x81, 0x8, 0x6, 0x30, 0x14, 0x0, 0xca, 0x0,
    0x90, 0xc, 0x60, 0x38, 0xcc, 0x9d, 0x60, 0x3,
    0x98, 0x5, 0x24, 0x7, 0x32, 0x62, 0x0, 0xd9,
    0xdc, 0x61, 0xd8, 0x41, 0x11, 0xb5, 0xf9, 0x80,
    0x4, 0x60, 0x3, 0xdf, 0x73, 0x25, 0x3, 0x1c,
    0x80, 0x20,

    /* U+FEEB "ﻫ" */
    0x0, 0x86, 0x8, 0x3, 0xff, 0x82, 0x6f, 0xb4,
    0x40, 0x1f, 0xfc, 0x25, 0xd8, 0x0, 0xff, 0x15,
    0x98, 0x1, 0xf0, 0x40, 0x3f, 0xb0, 0xc0, 0x23,
    0xf3, 0x0, 0xf8, 0xdc, 0x3, 0x87, 0x10, 0x3,
    0xd4, 0x0, 0x9f, 0x70, 0xa, 0xcc, 0x3, 0x94,
    0x5, 0x82, 0x40, 0x36, 0x88, 0x7, 0x8c, 0x0,
    0x20, 0x5, 0x1, 0x80, 0xc, 0xc0, 0x40, 0x4,
    0x0, 0x63, 0x83, 0x10, 0x5, 0xa0, 0x6, 0x8,
    0x0, 0x14, 0x80, 0x2c, 0x2, 0x50, 0x4, 0xd1,
    0x80, 0x10, 0x4c, 0x14, 0x2, 0x23, 0x0, 0x28,
    0x2, 0x40, 0xc, 0x4, 0x9d, 0xcf, 0x30, 0xc,
    0x8c, 0x0, 0x70, 0x31, 0x18, 0x3, 0xc9, 0x95,
    0xa4, 0xe, 0x1, 0x85, 0x21, 0x40, 0x6, 0xa4,
    0x3, 0xb, 0xff, 0x75, 0xbd, 0x62, 0x88, 0xa,
    0xe1, 0x0,

    /* U+FEEC "ﻬ" */
    0x0, 0xf9, 0x22, 0x5c, 0x40, 0x3f, 0xc3, 0x76,
    0x76, 0x8f, 0x30, 0xf, 0xed, 0x40, 0xc, 0x3e,
    0x1, 0xf9, 0xcc, 0x6, 0xf8, 0xc0, 0xc4, 0x3,
    0xe9, 0x0, 0x52, 0xa, 0x0, 0x8, 0x3, 0xc6,
    0x20, 0x68, 0x0, 0x40, 0x1, 0x0, 0x79, 0x40,
    0x16, 0x0, 0xb3, 0x8, 0x10, 0xf, 0x70, 0x0,
    0x8f, 0x50, 0x1d, 0xc0, 0x19, 0x3b, 0x8e, 0x0,
    0xbc, 0x20, 0x3, 0x77, 0x60, 0x11, 0x80, 0x21,
    0x0, 0xc2, 0x3e, 0x0, 0xff, 0xe2, 0xaf, 0xf9,
    0xc0, 0x15, 0x41, 0x0, 0x4f, 0xfe, 0x10, 0xb,
    0x80, 0x4, 0xbe, 0x61, 0x2c, 0x1, 0xf2, 0x80,
    0x2c, 0x7, 0x8, 0x24, 0x40, 0x3c, 0x62, 0x6,
    0x80, 0x5, 0x0, 0x10, 0x7, 0xcc, 0x0, 0xa4,
    0x14, 0x0, 0x10, 0x7, 0xd0, 0x60, 0x37, 0xc6,
    0x6, 0x20, 0x1f, 0xb5, 0x0, 0x3b, 0xc0, 0x3f,
    0x86, 0xec, 0xed, 0x1c, 0x60, 0x18,

    /* U+FEED "ﻭ" */
    0x0, 0xff, 0xe5, 0x3e, 0xff, 0x51, 0x0, 0x7e,
    0xc8, 0x20, 0x15, 0xc3, 0x0, 0xf5, 0x18, 0x7,
    0xe, 0x80, 0x70, 0xa8, 0x1, 0xfb, 0x4, 0x5,
    0xc0, 0x32, 0x80, 0xe, 0x4, 0xe8, 0x1, 0x80,
    0x18, 0x40, 0x2, 0x1, 0x20, 0x1, 0x40, 0x33,
    0x80, 0xa, 0x44, 0x0, 0x40, 0x20, 0x18, 0x94,
    0x0, 0xdd, 0xcd, 0x20, 0xf, 0xa8, 0xc0, 0x21,
    0x20, 0x0, 0x80, 0x7b, 0x2d, 0x88, 0x3, 0x10,
    0x7, 0xc9, 0x3b, 0xf6, 0x0, 0x40, 0xf, 0xf0,
    0xc8, 0x3, 0x0, 0x3f, 0x87, 0x48, 0xd, 0x0,
    0x3f, 0x27, 0x98, 0x3, 0xc0, 0x30, 0x9a, 0xc6,
    0xd8, 0x80, 0x2c, 0xc1, 0x7f, 0xdd, 0x94, 0xe4,
    0x0, 0x2c, 0x40, 0xf, 0xf1, 0x46, 0x98, 0x4,
    0x24, 0x43, 0x57, 0xad, 0xd3, 0x80, 0x70,

    /* U+FEEE "ﻮ" */
    0x0, 0xf9, 0xb3, 0xfa, 0x88, 0x3, 0xfe, 0x1c,
    0x93, 0x1, 0x5d, 0x30, 0xf, 0xf5, 0x98, 0x7,
    0xb4, 0x40, 0x3f, 0xa, 0x80, 0x23, 0xf0, 0x40,
    0x58, 0x3, 0xf2, 0x80, 0xd, 0xc0, 0xe8, 0x1,
    0x80, 0x1f, 0x84, 0x3, 0xc8, 0x0, 0x60, 0xf,
    0xc8, 0x0, 0x39, 0x20, 0x1, 0x1, 0x0, 0x7e,
    0x15, 0x0, 0x36, 0xff, 0x10, 0x3, 0xba, 0xc0,
    0xe, 0xb3, 0x0, 0xc2, 0x1, 0x8, 0xe0, 0xe,
    0x1c, 0x94, 0x10, 0xf, 0xfe, 0x23, 0x5f, 0x7d,
    0x80, 0x1b, 0xfe, 0xd0, 0xf, 0xf0, 0xc8, 0x3,
    0x40, 0x3f, 0xf8, 0x23, 0xa4, 0x6, 0x80, 0x1f,
    0xfc, 0x4, 0xf3, 0x0, 0x78, 0x7, 0xe1, 0x35,
    0x8d, 0xb1, 0x0, 0x59, 0x80, 0x72, 0xff, 0xbb,
    0x29, 0xc8, 0x0, 0x58, 0x80, 0x1f, 0xfc, 0x22,
    0x9d, 0x30, 0xf, 0x84, 0x88, 0x6a, 0xf5, 0xba,
    0x60, 0xf, 0xe0,

    /* U+FEEF "ﻯ" */
    0x0, 0xff, 0xe0, 0xa3, 0x3a, 0x90, 0x7, 0xff,
    0x4, 0x67, 0xee, 0x62, 0xb6, 0xc8, 0x3, 0xfc,
    0x38, 0xc0, 0x1e, 0x4c, 0x10, 0xf, 0xe8, 0x20,
    0x19, 0xef, 0xc3, 0x1, 0x80, 0xf, 0xe5, 0x0,
    0x6b, 0x8, 0x1e, 0x99, 0x10, 0x3, 0xf9, 0x80,
    0x16, 0x1, 0x87, 0x36, 0xc0, 0x3f, 0xbc, 0x0,
    0xfd, 0x4, 0x1, 0xff, 0xc2, 0x57, 0x0, 0xb,
    0xee, 0x20, 0x4, 0x39, 0x89, 0x0, 0xf4, 0x62,
    0x80, 0x47, 0x72, 0x0, 0x93, 0x36, 0x0, 0x7c,
    0x75, 0xd4, 0xa0, 0x6, 0x60, 0x20, 0x1, 0x40,
    0x3f, 0x85, 0x6a, 0x80, 0xb, 0x2, 0x1, 0x0,
    0xff, 0xe0, 0xb0, 0x0, 0x80, 0x21, 0x0, 0xff,
    0xe0, 0xc0, 0x0, 0xc1, 0x40, 0xe, 0x1, 0xfe,
    0x3c, 0x40, 0x4, 0x87, 0x0, 0x22, 0x4c, 0x2,
    0x13, 0x69, 0xdc, 0x30, 0x3, 0x28, 0x2a, 0x80,
    0xd, 0x9f, 0xdf, 0xd9, 0x2c, 0x40, 0x14, 0xc8,
    0x2, 0xa7, 0x0, 0xc2, 0x1, 0xe2, 0x8f, 0x60,
    0xe, 0x8d, 0x73, 0x10, 0x0, 0xa3, 0x57, 0x6b,
    0x80, 0x70,

    /* U+FEF0 "ﻰ" */
    0x0, 0xff, 0xe2, 0x3e, 0xfe, 0xb0, 0x7, 0xff,
    0x1e, 0xa0, 0x80, 0xa5, 0xc0, 0x22, 0xdd, 0x40,
    0x7, 0xf9, 0x94, 0x0, 0x60, 0x8, 0x30, 0x5,
    0x91, 0x2c, 0x3, 0xfd, 0xa0, 0x9, 0xc9, 0x0,
    0x70, 0x1, 0x0, 0x6, 0x1, 0xfe, 0x30, 0x5,
    0x13, 0x28, 0x15, 0x1, 0x80, 0x80, 0x7f, 0xd2,
    0x20, 0x7a, 0x56, 0x20, 0xbc, 0x0, 0x11, 0x0,
    0x7f, 0x87, 0x94, 0x0, 0xa3, 0xa0, 0x1, 0x50,
    0x5, 0x80, 0x7f, 0xf0, 0x4, 0x3, 0x1e, 0x18,
    0x78, 0x1, 0x75, 0x40, 0x3e, 0x37, 0xd4, 0x0,
    0x28, 0x0, 0xf3, 0xd1, 0xc0, 0x5, 0x5f, 0xdc,
    0xde, 0xff, 0x64, 0x10, 0x2, 0xc8, 0x3, 0xd1,
    0x42, 0x1, 0x8, 0x88, 0x40, 0x39, 0x79, 0x0,
    0x3f, 0x2f, 0x53, 0x18, 0x80, 0x4, 0x8d, 0xa7,
    0xa8, 0x40, 0x3e,

    /* U+FEF1 "ﻱ" */
    0x0, 0xff, 0x86, 0x33, 0xbf, 0x65, 0x0, 0x3f,
    0xf8, 0xf, 0xce, 0x62, 0x4, 0xd7, 0x20, 0x1f,
    0xe5, 0x80, 0x1, 0x33, 0xa0, 0x1, 0x94, 0x3,
    0xfb, 0x80, 0xf, 0xb3, 0x17, 0x40, 0x9, 0x0,
    0xfe, 0x70, 0x5, 0x80, 0x65, 0xba, 0x80, 0xf,
    0xe5, 0x0, 0x6b, 0x88, 0x4, 0x8a, 0x80, 0x1f,
    0xd0, 0x20, 0x31, 0xd6, 0x80, 0x1c, 0xaa, 0x40,
    0xe, 0x1f, 0x50, 0x9, 0x2f, 0x4c, 0x0, 0xb5,
    0x4c, 0x0, 0xf0, 0xd6, 0xb9, 0x0, 0xb, 0x8,
    0x38, 0x1, 0x40, 0x1f, 0x8a, 0x37, 0x48, 0x0,
    0x90, 0x60, 0x1, 0x0, 0x7f, 0xc5, 0x20, 0x4,
    0x2, 0x1, 0x0, 0xff, 0xe0, 0xa0, 0x0, 0x40,
    0x80, 0x48, 0x3, 0xfe, 0x59, 0x0, 0x38, 0x28,
    0x3, 0xc8, 0x3, 0xe1, 0x6c, 0xa0, 0x1, 0x40,
    0x48, 0x81, 0x6d, 0xc3, 0x3d, 0x67, 0x72, 0x4c,
    0x0, 0x7e, 0x20, 0x38, 0x40, 0x4, 0x79, 0x85,
    0x31, 0x0, 0x8a, 0x70, 0x80, 0x22, 0xd7, 0x10,
    0xf, 0x8e, 0x33, 0x58, 0x3, 0xe8, 0xed, 0xaa,
    0xaf, 0x7f, 0x1c, 0xc0, 0x3f, 0xe3, 0x0, 0x2a,
    0x9d, 0x40, 0x3f, 0xf8, 0x45, 0x54, 0x25, 0xaa,
    0x8, 0x7, 0xff, 0x44,

    /* U+FEF2 "ﻲ" */
    0x0, 0xff, 0xe2, 0x3e, 0xfe, 0xb0, 0x7, 0xff,
    0x1e, 0xa0, 0x80, 0xa5, 0xc0, 0x22, 0xdd, 0x40,
    0x7, 0xf9, 0x94, 0x0, 0x60, 0x8, 0x30, 0x5,
    0x91, 0x2c, 0x3, 0xfd, 0xa0, 0x9, 0xc9, 0x0,
    0x70, 0x1, 0x0, 0x6, 0x1, 0xfe, 0x30, 0x5,
    0x13, 0x28, 0x15, 0x1, 0x80, 0x80, 0x7f, 0xd2,
    0x20, 0x7a, 0x56, 0x20, 0xbc, 0x0, 0x11, 0x0,
    0x7f, 0x87, 0x94, 0x0, 0xa3, 0xa0, 0x1, 0x50,
    0x5, 0x80, 0x7f, 0xf0, 0x4, 0x3, 0x1e, 0x18,
    0x78, 0x1, 0x75, 0x40, 0x3e, 0x37, 0xd4, 0x0,
    0x28, 0x0, 0xf3, 0xd1, 0xc0, 0x5, 0x5f, 0xdc,
    0xde, 0xff, 0x64, 0x10, 0x2, 0xc8, 0x3, 0xd1,
    0x42, 0x1, 0x8, 0x88, 0x40, 0x39, 0x79, 0x0,
    0x3f, 0x2f, 0x53, 0x18, 0x80, 0x4, 0x8d, 0xa7,
    0xa8, 0x40, 0x3f, 0xe5, 0x9c, 0xef, 0xf7, 0x6e,
    0x4b, 0x8, 0x7, 0xff, 0x8, 0x55, 0x40, 0x2a,
    0xa0, 0xf, 0xfe, 0x31, 0x55, 0x9, 0x6a, 0x82,
    0x1, 0xff, 0xd9,

    /* U+FEF3 "ﻳ" */
    0x0, 0xcd, 0x10, 0x0, 0xf5, 0x3b, 0x84, 0x3,
    0xff, 0x96, 0x20, 0x1f, 0x9, 0x0, 0x4, 0x2,
    0x1b, 0x0, 0x18, 0x1, 0x3b, 0x8a, 0x0, 0x90,
    0x0, 0x88, 0x2, 0x45, 0x0, 0xe2, 0x7b, 0x0,
    0x97, 0xfd, 0xb0, 0x1, 0xff, 0xc3, 0x25, 0x40,
    0x35, 0x40, 0x2, 0xd5, 0x2, 0xea, 0x0, 0x3f,
    0x80,

    /* U+FEF4 "ﻴ" */
    0x0, 0xcd, 0x10, 0x0, 0xfd, 0x4e, 0xe1, 0x0,
    0xff, 0xe8, 0x88, 0x0, 0xc0, 0x3c, 0x24, 0x0,
    0x40, 0xe, 0x1b, 0x0, 0xa0, 0xc0, 0x9, 0xdc,
    0x50, 0x8, 0x73, 0xf4, 0x44, 0x1, 0x10, 0x6,
    0x20, 0x8, 0xa3, 0x6d, 0x0, 0x25, 0xff, 0x6b,
    0x82, 0x5f, 0xfc, 0x1, 0xff, 0xc1, 0x25, 0x40,
    0x35, 0x40, 0xc, 0xb5, 0x40, 0xba, 0x80, 0xf,
    0xfe, 0x8,

    /* U+FEF5 "ﻵ" */
    0x0, 0xff, 0xe4, 0xa4, 0x80, 0x78, 0x6c, 0x3,
    0xf3, 0xdb, 0x6b, 0x8, 0x14, 0x72, 0x0, 0x7c,
    0x90, 0xb6, 0x73, 0xdf, 0xae, 0x9a, 0x1, 0xfa,
    0x29, 0x3a, 0x99, 0x63, 0x6c, 0x80, 0x3e, 0x47,
    0x0, 0x96, 0x69, 0xc8, 0x3, 0xdd, 0xfe, 0x0,
    0xe3, 0x66, 0x8, 0x7, 0xff, 0xd, 0xe6, 0x60,
    0xf, 0xfe, 0x1a, 0x10, 0x30, 0x7, 0xff, 0x12,
    0xc0, 0x58, 0x3, 0xff, 0x86, 0xc2, 0x16, 0x1,
    0xff, 0xc4, 0x60, 0x24, 0x0, 0xff, 0xe1, 0xc8,
    0x3, 0xc0, 0x3f, 0xf8, 0x62, 0xc0, 0x84, 0x1,
    0xff, 0xc3, 0xb0, 0x5, 0x80, 0x7f, 0xf0, 0xc9,
    0x1, 0x84, 0x3, 0xff, 0x87, 0xe0, 0x6, 0x0,
    0x84, 0x3, 0xfe, 0x42, 0x9, 0x0, 0xe1, 0x0,
    0xff, 0x58, 0xb, 0x1, 0x0, 0x8, 0x3, 0xfc,
    0xc2, 0x16, 0xe, 0x0, 0x50, 0xf, 0xfa, 0x40,
    0x93, 0xc0, 0x18, 0x1, 0xff, 0x30, 0x2, 0x54,
    0x0, 0xa0, 0x1f, 0xf0, 0xb0, 0x10, 0x1, 0x80,
    0x3f, 0xf8, 0x34, 0x1, 0xa0, 0x3, 0xff, 0x83,
    0x0, 0x15, 0x8, 0x7, 0xc6, 0x20, 0x4, 0xd4,
    0x0, 0x42, 0x80, 0x7e, 0xfe, 0xe7, 0xd9, 0x0,
    0x21, 0xc0, 0x3f, 0xe1, 0x0, 0x8b, 0x1c, 0x3,
    0xfd, 0x64, 0x0, 0x39, 0xd3, 0x0, 0xe0,

    /* U+FEF6 "ﻶ" */
    0x0, 0xff, 0xe7, 0x24, 0x80, 0x78, 0x6c, 0x3,
    0xff, 0x82, 0xf6, 0xda, 0xc2, 0x5, 0x1c, 0x80,
    0x1f, 0xfc, 0x4, 0x85, 0xb3, 0x9e, 0xfd, 0x74,
    0xd0, 0xf, 0xfe, 0xc, 0x52, 0x75, 0x32, 0xc6,
    0xd9, 0x0, 0x7f, 0xf0, 0x11, 0xc0, 0x25, 0x9a,
    0x72, 0x0, 0xf7, 0x7f, 0x80, 0x3f, 0xc6, 0xcc,
    0x10, 0xf, 0xfe, 0x43, 0xcc, 0x98, 0x3, 0xff,
    0x90, 0x84, 0x12, 0x1, 0xff, 0xc9, 0xb0, 0x15,
    0x0, 0xff, 0xe4, 0x30, 0x2, 0x40, 0x3f, 0xf9,
    0x2e, 0x6, 0x60, 0xf, 0xfe, 0x44, 0x80, 0x24,
    0x3, 0xff, 0x90, 0x2a, 0xa, 0x20, 0x1f, 0xfc,
    0x89, 0x0, 0x48, 0x7, 0xff, 0x20, 0xcc, 0xc,
    0x1, 0xff, 0xc9, 0x90, 0x16, 0x0, 0x84, 0x3,
    0xff, 0x88, 0xa2, 0x16, 0x1, 0xff, 0xc9, 0x90,
    0x24, 0x1, 0x0, 0xff, 0xe3, 0x30, 0x3, 0xc1,
    0x40, 0x3f, 0xf8, 0xc2, 0xc0, 0x85, 0x80, 0x1f,
    0xfc, 0x7b, 0x0, 0x43, 0x80, 0x42, 0x1, 0xff,
    0xc3, 0x24, 0x5, 0x0, 0xc4, 0x1, 0xff, 0xc4,
    0xf0, 0xf, 0x20, 0x7, 0xff, 0x13, 0x0, 0x26,
    0x0, 0x48, 0x7, 0xff, 0x8, 0xf1, 0xc0, 0xd,
    0x26, 0x3, 0x20, 0x1f, 0xd9, 0xfd, 0xcc, 0x30,
    0x3, 0xc8, 0x78, 0x1, 0xbf, 0x94, 0x3, 0xf0,
    0x88, 0x0, 0x37, 0x0, 0x3, 0x70, 0x8, 0x4c,
    0x3, 0xcc, 0x20, 0x3, 0x9e, 0x40, 0xd, 0x12,
    0x40, 0x10,

    /* U+FEF7 "ﻷ" */
    0x3, 0xbf, 0xe6, 0x0, 0xff, 0xe, 0xab, 0x27,
    0x80, 0x7f, 0x94, 0x76, 0x6a, 0x40, 0x3f, 0xc2,
    0x1, 0xff, 0xc3, 0x70, 0xf4, 0x36, 0x0, 0xff,
    0x12, 0x9d, 0xe4, 0x80, 0x7f, 0x99, 0x40, 0x52,
    0x40, 0x3f, 0xcb, 0x3b, 0xd6, 0xc0, 0x1f, 0x77,
    0xf8, 0xd8, 0x80, 0x3f, 0xf8, 0x6d, 0x98, 0x30,
    0xf, 0xfe, 0x3, 0x99, 0xa0, 0x3, 0xff, 0x80,
    0x2a, 0x8, 0x40, 0x1f, 0xfc, 0x8, 0x0, 0x58,
    0x7, 0xff, 0x0, 0x90, 0x18, 0x40, 0x3f, 0xf8,
    0x1e, 0x0, 0x90, 0xf, 0xfe, 0x2, 0x18, 0x30,
    0x7, 0xff, 0x6, 0x40, 0x5c, 0x3, 0xff, 0x80,
    0xa4, 0x12, 0x1, 0xff, 0xc1, 0xb0, 0x15, 0x0,
    0x84, 0x3, 0xf3, 0x8, 0x48, 0x7, 0x8, 0x7,
    0xd2, 0x6, 0x80, 0x40, 0x2, 0x0, 0xf9, 0x80,
    0x1e, 0xe, 0x0, 0x50, 0xf, 0x85, 0x81, 0xf,
    0x0, 0x18, 0x1, 0xfa, 0x0, 0x10, 0xc0, 0x5,
    0x0, 0xfc, 0x2a, 0x8, 0x0, 0x60, 0xf, 0xf4,
    0x80, 0x68, 0x0, 0xff, 0x40, 0x5, 0x42, 0x1,
    0x8c, 0x2, 0x4d, 0x40, 0x4, 0x28, 0x7, 0x7f,
    0xbb, 0xec, 0x80, 0x10, 0xe0, 0x1f, 0x84, 0x2,
    0x2c, 0x70, 0xf, 0xac, 0x80, 0x7, 0x3a, 0x60,
    0x1c,

    /* U+FEF8 "ﻸ" */
    0x3, 0xbf, 0xe6, 0x0, 0xff, 0xe1, 0x8e, 0xab,
    0x27, 0x80, 0x7f, 0xf0, 0xd4, 0x76, 0x6a, 0x40,
    0x3f, 0xf8, 0x62, 0x1, 0xff, 0xc8, 0x70, 0xf4,
    0x36, 0x0, 0xff, 0xe1, 0x92, 0x9d, 0xe4, 0x80,
    0x7f, 0xf0, 0xd9, 0x40, 0x52, 0x40, 0x3f, 0xf8,
    0x6b, 0x3b, 0xd6, 0xc0, 0x1f, 0x77, 0xf8, 0x3,
    0x8d, 0x88, 0x3, 0xff, 0x90, 0xd9, 0x83, 0x0,
    0xff, 0xe2, 0xa1, 0x9a, 0x40, 0x3f, 0xf8, 0xa4,
    0xa0, 0xa4, 0x1, 0xff, 0xc5, 0x90, 0x5, 0x80,
    0x7f, 0xf1, 0x4c, 0xc0, 0xc2, 0x1, 0xff, 0xc5,
    0x80, 0x3, 0x0, 0x7f, 0xf1, 0x50, 0x82, 0x40,
    0x3f, 0xf8, 0xd6, 0x2, 0xc0, 0x1f, 0xfc, 0x56,
    0x10, 0xb0, 0xf, 0xfe, 0x34, 0x81, 0x20, 0x4,
    0x20, 0x1f, 0xfc, 0x16, 0x0, 0x78, 0x7, 0xff,
    0x14, 0x58, 0x10, 0x80, 0x40, 0x3f, 0xf8, 0x76,
    0x0, 0x80, 0x50, 0xf, 0xfe, 0x19, 0x28, 0x28,
    0xe0, 0x7, 0xff, 0x12, 0x40, 0x10, 0xc0, 0x10,
    0x80, 0x7f, 0xf0, 0xc, 0xc0, 0xc2, 0x1, 0x10,
    0x7, 0xff, 0x6, 0x0, 0x3c, 0x80, 0x1f, 0xfc,
    0x1c, 0x0, 0x98, 0x1, 0x20, 0x1f, 0xf1, 0xdb,
    0x80, 0x16, 0x4c, 0x6, 0x40, 0x3d, 0x9f, 0xdc,
    0xc4, 0x0, 0x3d, 0x4, 0x0, 0x1b, 0xf9, 0x40,
    0x38, 0x44, 0x0, 0x1b, 0x80, 0x2, 0x38, 0x4,
    0x26, 0x1, 0x30, 0x80, 0xe, 0x79, 0x0, 0x34,
    0x49, 0x0, 0x40,

    /* U+FEF9 "ﻹ" */
    0x0, 0xff, 0xe0, 0x77, 0xf8, 0x3, 0xff, 0x88,
    0xd9, 0x83, 0x0, 0xff, 0x9c, 0xcd, 0x0, 0x1f,
    0xf0, 0xa8, 0x21, 0x0, 0x7f, 0xd0, 0x0, 0xb0,
    0xf, 0xf8, 0x90, 0x18, 0x40, 0x3f, 0xef, 0x0,
    0x48, 0x7, 0xfc, 0x86, 0xc, 0x1, 0xff, 0xc0,
    0x90, 0x17, 0x0, 0xff, 0x94, 0x82, 0x40, 0x3f,
    0xf8, 0x16, 0x2, 0xa0, 0x10, 0x80, 0x7c, 0xc2,
    0x12, 0x1, 0xc2, 0x1, 0xe9, 0x3, 0x40, 0x20,
    0x1, 0x0, 0x79, 0x80, 0x1e, 0xe, 0x0, 0x50,
    0xf, 0xb, 0x2, 0x1e, 0x0, 0x30, 0x3, 0xe8,
    0x0, 0x43, 0x0, 0x14, 0x3, 0xe1, 0x50, 0x40,
    0x3, 0x0, 0x7f, 0x48, 0x6, 0x80, 0xf, 0xe8,
    0x0, 0xa8, 0x40, 0x23, 0x0, 0x93, 0x50, 0x1,
    0xa, 0x1, 0xbf, 0xdd, 0xf6, 0x40, 0x8, 0x70,
    0xf, 0x84, 0x2, 0x2c, 0x70, 0xf, 0x59, 0x0,
    0xe, 0x74, 0xc0, 0x3e, 0x15, 0x9f, 0xc6, 0x0,
    0xf8, 0x7a, 0x5e, 0x58, 0x3, 0xf9, 0x86, 0xff,
    0x50, 0x3, 0xfb, 0xc5, 0x0, 0x88, 0x1, 0xfd,
    0xa3, 0x26, 0x64, 0x0, 0xfe, 0x62, 0x6c, 0xc7,
    0x80, 0x7f, 0x49, 0x11, 0xa6, 0x40, 0x1f, 0xd1,
    0xdb, 0x2c, 0x40, 0x1f, 0xc0,

    /* U+FEFA "ﻺ" */
    0x0, 0xff, 0xe0, 0x77, 0xf8, 0x3, 0xff, 0x9c,
    0xd9, 0x83, 0x0, 0xff, 0xe2, 0x21, 0x9a, 0x40,
    0x3f, 0xf8, 0x84, 0xa0, 0xa4, 0x1, 0xff, 0xc4,
    0x90, 0x5, 0x80, 0x7f, 0xf1, 0xc, 0xc0, 0xc2,
    0x1, 0xff, 0xc4, 0x80, 0x3, 0x0, 0x7f, 0xf1,
    0x10, 0x82, 0x40, 0x3f, 0xf8, 0xb6, 0x2, 0xc0,
    0x1f, 0xfc, 0x46, 0x10, 0xb0, 0xf, 0xfe, 0x2c,
    0x81, 0x20, 0x4, 0x20, 0x1f, 0xfc, 0x6, 0x0,
    0x78, 0x7, 0xff, 0x10, 0x58, 0x10, 0x80, 0x40,
    0x3f, 0xf8, 0x56, 0x0, 0x80, 0x50, 0xf, 0xfe,
    0x11, 0x28, 0x28, 0xe0, 0x7, 0xff, 0xe, 0x40,
    0x10, 0xc0, 0x10, 0x80, 0x7f, 0xc6, 0x60, 0x61,
    0x0, 0x88, 0x3, 0xff, 0x81, 0x0, 0x1e, 0x40,
    0xf, 0xfe, 0x6, 0x0, 0x4c, 0x0, 0x90, 0xf,
    0xf1, 0xdb, 0x80, 0x16, 0x4c, 0x6, 0x40, 0x3b,
    0x3f, 0xb9, 0x88, 0x0, 0x7a, 0x8, 0x0, 0x37,
    0xf2, 0x80, 0x61, 0x10, 0x0, 0x6e, 0x0, 0x8,
    0xe0, 0x10, 0x98, 0x1, 0x84, 0x0, 0x73, 0xc8,
    0x1, 0xa2, 0x48, 0x3, 0xb1, 0xa7, 0xf1, 0x80,
    0x3e, 0x6d, 0xff, 0x30, 0xf4, 0xbc, 0xb0, 0x7,
    0xff, 0x9, 0x86, 0xff, 0x50, 0x3, 0xff, 0x85,
    0xe2, 0x80, 0x44, 0x0, 0xff, 0xe1, 0x68, 0xc9,
    0x99, 0x0, 0x3f, 0xf8, 0x4c, 0x4d, 0x98, 0xf0,
    0xf, 0xfe, 0x14, 0x91, 0x1a, 0x64, 0x1, 0xff,
    0xc2, 0x8e, 0xd9, 0x62, 0x0, 0xff, 0xe1, 0x0,

    /* U+FEFB "ﻻ" */
    0x0, 0xff, 0xbb, 0xfc, 0x1, 0xff, 0xc2, 0x6c,
    0xc1, 0x80, 0x7f, 0x9c, 0xcd, 0x0, 0x1f, 0xe1,
    0x50, 0x42, 0x0, 0xff, 0x40, 0x2, 0xc0, 0x3f,
    0xc4, 0x80, 0xc2, 0x1, 0xfe, 0xf0, 0x4, 0x80,
    0x7f, 0x90, 0xc1, 0x80, 0x3f, 0xe9, 0x1, 0x70,
    0xf, 0xf2, 0x90, 0x48, 0x7, 0xfd, 0x60, 0x2a,
    0x1, 0x8, 0x7, 0x98, 0x42, 0x40, 0x38, 0x40,
    0x3a, 0x40, 0xd0, 0x8, 0x0, 0x40, 0x1c, 0xc0,
    0xf, 0x7, 0x0, 0x28, 0x7, 0xb, 0x2, 0x1e,
    0x0, 0x30, 0x3, 0xd0, 0x0, 0x86, 0x0, 0x28,
    0x7, 0x85, 0x41, 0x0, 0xc, 0x1, 0xfa, 0x40,
    0x34, 0x0, 0x7e, 0x80, 0xa, 0x84, 0x0, 0x60,
    0x12, 0x6a, 0x0, 0x21, 0x40, 0x2f, 0xf7, 0x7d,
    0x90, 0x2, 0x1c, 0x3, 0xc2, 0x1, 0x16, 0x38,
    0x7, 0x59, 0x0, 0xe, 0x74, 0xc0, 0x38,

    /* U+FEFC "ﻼ" */
    0x0, 0xff, 0xbb, 0xfc, 0x1, 0xff, 0xcc, 0x6c,
    0xc1, 0x80, 0x7f, 0xf0, 0xd0, 0xcd, 0x20, 0x1f,
    0xfc, 0x32, 0x50, 0x52, 0x0, 0xff, 0xe1, 0xc8,
    0x2, 0xc0, 0x3f, 0xf8, 0x66, 0x60, 0x61, 0x0,
    0xff, 0xe1, 0xc0, 0x1, 0x80, 0x3f, 0xf8, 0x68,
    0x41, 0x20, 0x1f, 0xfc, 0x4b, 0x1, 0x60, 0xf,
    0xfe, 0x1b, 0x8, 0x58, 0x7, 0xff, 0x12, 0x40,
    0x90, 0x2, 0x10, 0xf, 0xf9, 0x80, 0x1e, 0x1,
    0xff, 0xc3, 0x16, 0x4, 0x20, 0x10, 0xf, 0xfe,
    0xd, 0x80, 0x20, 0x14, 0x3, 0xff, 0x82, 0x4a,
    0xa, 0x38, 0x1, 0xff, 0xc2, 0x90, 0x4, 0x30,
    0x4, 0x20, 0x1f, 0xe3, 0x30, 0x30, 0x80, 0x44,
    0x1, 0xff, 0x40, 0x7, 0x90, 0x3, 0xfe, 0xc0,
    0x9, 0x80, 0x12, 0x1, 0xfc, 0x76, 0xe0, 0x5,
    0x93, 0x1, 0x90, 0xd, 0x9f, 0xdc, 0xc4, 0x0,
    0x3d, 0x4, 0x0, 0x1b, 0xf9, 0x40, 0x21, 0x10,
    0x0, 0x6e, 0x0, 0x8, 0xe0, 0x10, 0x98, 0x30,
    0x80, 0xe, 0x79, 0x0, 0x34, 0x49, 0x0, 0x40
};


/*---------------------
 *  GLYPH DESCRIPTION
 *--------------------*/

static const lv_font_fmt_txt_glyph_dsc_t glyph_dsc[] = {
    {.bitmap_index = 0, .adv_w = 0, .box_w = 0, .box_h = 0, .ofs_x = 0, .ofs_y = 0} /* id = 0 reserved */,
    {.bitmap_index = 0, .adv_w = 163, .box_w = 0, .box_h = 0, .ofs_x = 0, .ofs_y = 0},
    {.bitmap_index = 0, .adv_w = 205, .box_w = 4, .box_h = 23, .ofs_x = 4, .ofs_y = 0},
    {.bitmap_index = 23, .adv_w = 236, .box_w = 9, .box_h = 9, .ofs_x = 3, .ofs_y = 14},
    {.bitmap_index = 35, .adv_w = 429, .box_w = 23, .box_h = 23, .ofs_x = 2, .ofs_y = 0},
    {.bitmap_index = 217, .adv_w = 326, .box_w = 16, .box_h = 29, .ofs_x = 2, .ofs_y = -5},
    {.bitmap_index = 370, .adv_w = 487, .box_w = 28, .box_h = 23, .ofs_x = 1, .ofs_y = 0},
    {.bitmap_index = 622, .adv_w = 399, .box_w = 22, .box_h = 23, .ofs_x = 2, .ofs_y = 0},
    {.bitmap_index = 819, .adv_w = 141, .box_w = 3, .box_h = 9, .ofs_x = 3, .ofs_y = 14},
    {.bitmap_index = 826, .adv_w = 200, .box_w = 8, .box_h = 29, .ofs_x = 2, .ofs_y = -5},
    {.bitmap_index = 924, .adv_w = 200, .box_w = 8, .box_h = 29, .ofs_x = 2, .ofs_y = -5},
    {.bitmap_index = 1022, .adv_w = 256, .box_w = 16, .box_h = 15, .ofs_x = 0, .ofs_y = 8},
    {.bitmap_index = 1103, .adv_w = 429, .box_w = 21, .box_h = 21, .ofs_x = 3, .ofs_y = 0},
    {.bitmap_index = 1151, .adv_w = 163, .box_w = 6, .box_h = 8, .ofs_x = 2, .ofs_y = -4},
    {.bitmap_index = 1174, .adv_w = 185, .box_w = 9, .box_h = 3, .ofs_x = 1, .ofs_y = 8},
    {.bitmap_index = 1181, .adv_w = 163, .box_w = 4, .box_h = 4, .ofs_x = 3, .ofs_y = 0},
    {.bitmap_index = 1187, .adv_w = 173, .box_w = 11, .box_h = 27, .ofs_x = 0, .ofs_y = -4},
    {.bitmap_index = 1290, .adv_w = 326, .box_w = 17, .box_h = 23, .ofs_x = 2, .ofs_y = 0},
    {.bitmap_index = 1447, .adv_w = 326, .box_w = 15, .box_h = 23, .ofs_x = 3, .ofs_y = 0},
    {.bitmap_index = 1494, .adv_w = 326, .box_w = 16, .box_h = 23, .ofs_x = 2, .ofs_y = 0},
    {.bitmap_index = 1622, .adv_w = 326, .box_w = 16, .box_h = 23, .ofs_x = 2, .ofs_y = 0},
    {.bitmap_index = 1763, .adv_w = 326, .box_w = 18, .box_h = 23, .ofs_x = 1, .ofs_y = 0},
    {.bitmap_index = 1870, .adv_w = 326, .box_w = 16, .box_h = 23, .ofs_x = 2, .ofs_y = 0},
    {.bitmap_index = 1982, .adv_w = 326, .box_w = 17, .box_h = 23, .ofs_x = 2, .ofs_y = 0},
    {.bitmap_index = 2147, .adv_w = 326, .box_w = 16, .box_h = 23, .ofs_x = 2, .ofs_y = 0},
    {.bitmap_index = 2256, .adv_w = 326, .box_w = 17, .box_h = 23, .ofs_x = 2, .ofs_y = 0},
    {.bitmap_index = 2427, .adv_w = 326, .box_w = 17, .box_h = 23, .ofs_x = 2, .ofs_y = 0},
    {.bitmap_index = 2589, .adv_w = 173, .box_w = 5, .box_h = 17, .ofs_x = 3, .ofs_y = 0},
    {.bitmap_index = 2606, .adv_w = 173, .box_w = 6, .box_h = 20, .ofs_x = 2, .ofs_y = -4},
    {.bitmap_index = 2640, .adv_w = 429, .box_w = 21, .box_h = 18, .ofs_x = 3, .ofs_y = 1},
    {.bitmap_index = 2770, .adv_w = 429, .box_w = 21, .box_h = 9, .ofs_x = 3, .ofs_y = 6},
    {.bitmap_index = 2800, .adv_w = 429, .box_w = 21, .box_h = 18, .ofs_x = 3, .ofs_y = 1},
    {.bitmap_index = 2930, .adv_w = 272, .box_w = 13, .box_h = 23, .ofs_x = 2, .ofs_y = 0},
    {.bitmap_index = 3025, .adv_w = 512, .box_w = 28, .box_h = 29, .ofs_x = 2, .ofs_y = -6},
    {.bitmap_index = 3337, .adv_w = 350, .box_w = 22, .box_h = 23, .ofs_x = 0, .ofs_y = 0},
    {.bitmap_index = 3511, .adv_w = 351, .box_w = 17, .box_h = 23, .ofs_x = 3, .ofs_y = 0},
    {.bitmap_index = 3644, .adv_w = 358, .box_w = 20, .box_h = 23, .ofs_x = 1, .ofs_y = 0},
    {.bitmap_index = 3804, .adv_w = 394, .box_w = 20, .box_h = 23, .ofs_x = 3, .ofs_y = 0},
    {.bitmap_index = 3949, .adv_w = 324, .box_w = 16, .box_h = 23, .ofs_x = 3, .ofs_y = 0},
    {.bitmap_index = 4000, .adv_w = 295, .box_w = 14, .box_h = 23, .ofs_x = 3, .ofs_y = 0},
    {.bitmap_index = 4037, .adv_w = 397, .box_w = 22, .box_h = 23, .ofs_x = 1, .ofs_y = 0},
    {.bitmap_index = 4206, .adv_w = 385, .box_w = 18, .box_h = 23, .ofs_x = 3, .ofs_y = 0},
    {.bitmap_index = 4243, .adv_w = 151, .box_w = 4, .box_h = 23, .ofs_x = 3, .ofs_y = 0},
    {.bitmap_index = 4252, .adv_w = 151, .box_w = 9, .box_h = 30, .ofs_x = -2, .ofs_y = -7},
    {.bitmap_index = 4295, .adv_w = 336, .box_w = 19, .box_h = 23, .ofs_x = 3, .ofs_y = 0},
    {.bitmap_index = 4437, .adv_w = 285, .box_w = 15, .box_h = 23, .ofs_x = 3, .ofs_y = 0},
    {.bitmap_index = 4463, .adv_w = 442, .box_w = 22, .box_h = 23, .ofs_x = 3, .ofs_y = 0},
    {.bitmap_index = 4606, .adv_w = 383, .box_w = 18, .box_h = 23, .ofs_x = 3, .ofs_y = 0},
    {.bitmap_index = 4726, .adv_w = 403, .box_w = 23, .box_h = 23, .ofs_x = 1, .ofs_y = 0},
    {.bitmap_index = 4919, .adv_w = 309, .box_w = 16, .box_h = 23, .ofs_x = 3, .ofs_y = 0},
    {.bitmap_index = 5006, .adv_w = 403, .box_w = 23, .box_h = 27, .ofs_x = 1, .ofs_y = -4},
    {.bitmap_index = 5225, .adv_w = 356, .box_w = 19, .box_h = 23, .ofs_x = 3, .ofs_y = 0},
    {.bitmap_index = 5361, .adv_w = 325, .box_w = 17, .box_h = 23, .ofs_x = 2, .ofs_y = 0},
    {.bitmap_index = 5512, .adv_w = 313, .box_w = 21, .box_h = 23, .ofs_x = -1, .ofs_y = 0},
    {.bitmap_index = 5551, .adv_w = 375, .box_w = 19, .box_h = 23, .ofs_x = 2, .ofs_y = 0},
    {.bitmap_index = 5636, .adv_w = 350, .box_w = 22, .box_h = 23, .ofs_x = 0, .ofs_y = 0},
    {.bitmap_index = 5817, .adv_w = 506, .box_w = 30, .box_h = 23, .ofs_x = 1, .ofs_y = 0},
    {.bitmap_index = 6093, .adv_w = 351, .box_w = 21, .box_h = 23, .ofs_x = 0, .ofs_y = 0},
    {.bitmap_index = 6274, .adv_w = 313, .box_w = 21, .box_h = 23, .ofs_x = -1, .ofs_y = 0},
    {.bitmap_index = 6381, .adv_w = 351, .box_w = 20, .box_h = 23, .ofs_x = 1, .ofs_y = 0},
    {.bitmap_index = 6516, .adv_w = 200, .box_w = 8, .box_h = 29, .ofs_x = 2, .ofs_y = -5},
    {.bitmap_index = 6544, .adv_w = 173, .box_w = 11, .box_h = 27, .ofs_x = 0, .ofs_y = -4},
    {.bitmap_index = 6645, .adv_w = 200, .box_w = 7, .box_h = 29, .ofs_x = 3, .ofs_y = -5},
    {.bitmap_index = 6670, .adv_w = 429, .box_w = 21, .box_h = 9, .ofs_x = 3, .ofs_y = 15},
    {.bitmap_index = 6742, .adv_w = 256, .box_w = 18, .box_h = 3, .ofs_x = -1, .ofs_y = -8},
    {.bitmap_index = 6754, .adv_w = 256, .box_w = 9, .box_h = 6, .ofs_x = 2, .ofs_y = 20},
    {.bitmap_index = 6777, .adv_w = 314, .box_w = 16, .box_h = 18, .ofs_x = 1, .ofs_y = 0},
    {.bitmap_index = 6896, .adv_w = 325, .box_w = 17, .box_h = 24, .ofs_x = 2, .ofs_y = 0},
    {.bitmap_index = 7018, .adv_w = 282, .box_w = 15, .box_h = 18, .ofs_x = 1, .ofs_y = 0},
    {.bitmap_index = 7119, .adv_w = 325, .box_w = 17, .box_h = 24, .ofs_x = 1, .ofs_y = 0},
    {.bitmap_index = 7245, .adv_w = 315, .box_w = 17, .box_h = 18, .ofs_x = 1, .ofs_y = 0},
    {.bitmap_index = 7365, .adv_w = 180, .box_w = 12, .box_h = 24, .ofs_x = 0, .ofs_y = 0},
    {.bitmap_index = 7423, .adv_w = 325, .box_w = 17, .box_h = 25, .ofs_x = 1, .ofs_y = -7},
    {.bitmap_index = 7593, .adv_w = 325, .box_w = 16, .box_h = 24, .ofs_x = 2, .ofs_y = 0},
    {.bitmap_index = 7660, .adv_w = 142, .box_w = 3, .box_h = 24, .ofs_x = 3, .ofs_y = 0},
    {.bitmap_index = 7673, .adv_w = 142, .box_w = 7, .box_h = 31, .ofs_x = -1, .ofs_y = -7},
    {.bitmap_index = 7712, .adv_w = 297, .box_w = 17, .box_h = 24, .ofs_x = 2, .ofs_y = 0},
    {.bitmap_index = 7818, .adv_w = 142, .box_w = 3, .box_h = 24, .ofs_x = 3, .ofs_y = 0},
    {.bitmap_index = 7823, .adv_w = 499, .box_w = 27, .box_h = 18, .ofs_x = 2, .ofs_y = 0},
    {.bitmap_index = 7927, .adv_w = 325, .box_w = 16, .box_h = 18, .ofs_x = 2, .ofs_y = 0},
    {.bitmap_index = 7988, .adv_w = 313, .box_w = 17, .box_h = 18, .ofs_x = 1, .ofs_y = 0},
    {.bitmap_index = 8116, .adv_w = 325, .box_w = 17, .box_h = 25, .ofs_x = 2, .ofs_y = -7},
    {.bitmap_index = 8243, .adv_w = 325, .box_w = 17, .box_h = 25, .ofs_x = 1, .ofs_y = -7},
    {.bitmap_index = 8372, .adv_w = 211, .box_w = 12, .box_h = 18, .ofs_x = 2, .ofs_y = 0},
    {.bitmap_index = 8414, .adv_w = 267, .box_w = 15, .box_h = 18, .ofs_x = 1, .ofs_y = 0},
    {.bitmap_index = 8526, .adv_w = 201, .box_w = 12, .box_h = 23, .ofs_x = 0, .ofs_y = 0},
    {.bitmap_index = 8583, .adv_w = 325, .box_w = 16, .box_h = 18, .ofs_x = 2, .ofs_y = 0},
    {.bitmap_index = 8644, .adv_w = 303, .box_w = 18, .box_h = 18, .ofs_x = 0, .ofs_y = 0},
    {.bitmap_index = 8768, .adv_w = 419, .box_w = 24, .box_h = 18, .ofs_x = 1, .ofs_y = 0},
    {.bitmap_index = 8958, .adv_w = 303, .box_w = 18, .box_h = 18, .ofs_x = 0, .ofs_y = 0},
    {.bitmap_index = 9087, .adv_w = 303, .box_w = 18, .box_h = 25, .ofs_x = 0, .ofs_y = -7},
    {.bitmap_index = 9249, .adv_w = 269, .box_w = 15, .box_h = 18, .ofs_x = 1, .ofs_y = 0},
    {.bitmap_index = 9335, .adv_w = 326, .box_w = 13, .box_h = 30, .ofs_x = 4, .ofs_y = -6},
    {.bitmap_index = 9447, .adv_w = 173, .box_w = 3, .box_h = 32, .ofs_x = 4, .ofs_y = -8},
    {.bitmap_index = 9455, .adv_w = 326, .box_w = 13, .box_h = 30, .ofs_x = 4, .ofs_y = -6},
    {.bitmap_index = 9560, .adv_w = 429, .box_w = 21, .box_h = 6, .ofs_x = 3, .ofs_y = 7},
    {.bitmap_index = 9615, .adv_w = 163, .box_w = 0, .box_h = 0, .ofs_x = 0, .ofs_y = 0},
    {.bitmap_index = 9615, .adv_w = 205, .box_w = 4, .box_h = 23, .ofs_x = 4, .ofs_y = -5},
    {.bitmap_index = 9638, .adv_w = 326, .box_w = 15, .box_h = 28, .ofs_x = 2, .ofs_y = -5},
    {.bitmap_index = 9763, .adv_w = 326, .box_w = 16, .box_h = 23, .ofs_x = 2, .ofs_y = 0},
    {.bitmap_index = 9851, .adv_w = 326, .box_w = 18, .box_h = 19, .ofs_x = 1, .ofs_y = 0},
    {.bitmap_index = 9995, .adv_w = 326, .box_w = 19, .box_h = 23, .ofs_x = 1, .ofs_y = 0},
    {.bitmap_index = 10121, .adv_w = 173, .box_w = 3, .box_h = 28, .ofs_x = 4, .ofs_y = -5},
    {.bitmap_index = 10138, .adv_w = 256, .box_w = 14, .box_h = 27, .ofs_x = 1, .ofs_y = -4},
    {.bitmap_index = 10303, .adv_w = 256, .box_w = 10, .box_h = 4, .ofs_x = 3, .ofs_y = 21},
    {.bitmap_index = 10317, .adv_w = 512, .box_w = 24, .box_h = 23, .ofs_x = 4, .ofs_y = 0},
    {.bitmap_index = 10551, .adv_w = 241, .box_w = 12, .box_h = 17, .ofs_x = 1, .ofs_y = 7},
    {.bitmap_index = 10639, .adv_w = 313, .box_w = 15, .box_h = 15, .ofs_x = 2, .ofs_y = 2},
    {.bitmap_index = 10740, .adv_w = 429, .box_w = 21, .box_h = 10, .ofs_x = 3, .ofs_y = 4},
    {.bitmap_index = 10764, .adv_w = 185, .box_w = 9, .box_h = 3, .ofs_x = 1, .ofs_y = 8},
    {.bitmap_index = 10771, .adv_w = 512, .box_w = 24, .box_h = 23, .ofs_x = 4, .ofs_y = 0},
    {.bitmap_index = 10993, .adv_w = 256, .box_w = 10, .box_h = 3, .ofs_x = 3, .ofs_y = 22},
    {.bitmap_index = 11001, .adv_w = 256, .box_w = 10, .box_h = 10, .ofs_x = 3, .ofs_y = 14},
    {.bitmap_index = 11051, .adv_w = 429, .box_w = 21, .box_h = 20, .ofs_x = 3, .ofs_y = 0},
    {.bitmap_index = 11110, .adv_w = 205, .box_w = 10, .box_h = 13, .ofs_x = 1, .ofs_y = 11},
    {.bitmap_index = 11167, .adv_w = 205, .box_w = 11, .box_h = 13, .ofs_x = 1, .ofs_y = 11},
    {.bitmap_index = 11230, .adv_w = 256, .box_w = 9, .box_h = 6, .ofs_x = 5, .ofs_y = 20},
    {.bitmap_index = 11254, .adv_w = 326, .box_w = 18, .box_h = 25, .ofs_x = 2, .ofs_y = -7},
    {.bitmap_index = 11331, .adv_w = 326, .box_w = 15, .box_h = 27, .ofs_x = 2, .ofs_y = -4},
    {.bitmap_index = 11408, .adv_w = 163, .box_w = 4, .box_h = 4, .ofs_x = 3, .ofs_y = 9},
    {.bitmap_index = 11414, .adv_w = 256, .box_w = 8, .box_h = 6, .ofs_x = 4, .ofs_y = -6},
    {.bitmap_index = 11437, .adv_w = 205, .box_w = 10, .box_h = 13, .ofs_x = 2, .ofs_y = 11},
    {.bitmap_index = 11464, .adv_w = 241, .box_w = 13, .box_h = 17, .ofs_x = 1, .ofs_y = 7},
    {.bitmap_index = 11556, .adv_w = 313, .box_w = 15, .box_h = 15, .ofs_x = 3, .ofs_y = 2},
    {.bitmap_index = 11656, .adv_w = 496, .box_w = 28, .box_h = 25, .ofs_x = 2, .ofs_y = -1},
    {.bitmap_index = 11854, .adv_w = 496, .box_w = 27, .box_h = 25, .ofs_x = 2, .ofs_y = -1},
    {.bitmap_index = 12060, .adv_w = 496, .box_w = 29, .box_h = 25, .ofs_x = 1, .ofs_y = -1},
    {.bitmap_index = 12302, .adv_w = 272, .box_w = 13, .box_h = 25, .ofs_x = 2, .ofs_y = -7},
    {.bitmap_index = 12400, .adv_w = 350, .box_w = 22, .box_h = 30, .ofs_x = 0, .ofs_y = 0},
    {.bitmap_index = 12605, .adv_w = 350, .box_w = 22, .box_h = 30, .ofs_x = 0, .ofs_y = 0},
    {.bitmap_index = 12810, .adv_w = 350, .box_w = 22, .box_h = 30, .ofs_x = 0, .ofs_y = 0},
    {.bitmap_index = 13027, .adv_w = 350, .box_w = 22, .box_h = 30, .ofs_x = 0, .ofs_y = 0},
    {.bitmap_index = 13239, .adv_w = 350, .box_w = 22, .box_h = 30, .ofs_x = 0, .ofs_y = 0},
    {.bitmap_index = 13439, .adv_w = 350, .box_w = 22, .box_h = 30, .ofs_x = 0, .ofs_y = 0},
    {.bitmap_index = 13670, .adv_w = 499, .box_w = 30, .box_h = 23, .ofs_x = 0, .ofs_y = 0},
    {.bitmap_index = 13827, .adv_w = 358, .box_w = 20, .box_h = 30, .ofs_x = 1, .ofs_y = -7},
    {.bitmap_index = 14029, .adv_w = 324, .box_w = 16, .box_h = 30, .ofs_x = 3, .ofs_y = 0},
    {.bitmap_index = 14114, .adv_w = 324, .box_w = 16, .box_h = 30, .ofs_x = 3, .ofs_y = 0},
    {.bitmap_index = 14196, .adv_w = 324, .box_w = 16, .box_h = 30, .ofs_x = 3, .ofs_y = 0},
    {.bitmap_index = 14284, .adv_w = 324, .box_w = 16, .box_h = 30, .ofs_x = 3, .ofs_y = 0},
    {.bitmap_index = 14359, .adv_w = 151, .box_w = 7, .box_h = 30, .ofs_x = 0, .ofs_y = 0},
    {.bitmap_index = 14390, .adv_w = 151, .box_w = 7, .box_h = 30, .ofs_x = 2, .ofs_y = 0},
    {.bitmap_index = 14422, .adv_w = 151, .box_w = 11, .box_h = 30, .ofs_x = -1, .ofs_y = 0},
    {.bitmap_index = 14471, .adv_w = 151, .box_w = 10, .box_h = 30, .ofs_x = 0, .ofs_y = 0},
    {.bitmap_index = 14505, .adv_w = 397, .box_w = 23, .box_h = 23, .ofs_x = 0, .ofs_y = 0},
    {.bitmap_index = 14664, .adv_w = 383, .box_w = 18, .box_h = 30, .ofs_x = 3, .ofs_y = 0},
    {.bitmap_index = 14821, .adv_w = 403, .box_w = 23, .box_h = 31, .ofs_x = 1, .ofs_y = 0},
    {.bitmap_index = 15045, .adv_w = 403, .box_w = 23, .box_h = 31, .ofs_x = 1, .ofs_y = 0},
    {.bitmap_index = 15271, .adv_w = 403, .box_w = 23, .box_h = 31, .ofs_x = 1, .ofs_y = 0},
    {.bitmap_index = 15506, .adv_w = 403, .box_w = 23, .box_h = 30, .ofs_x = 1, .ofs_y = 0},
    {.bitmap_index = 15735, .adv_w = 403, .box_w = 23, .box_h = 30, .ofs_x = 1, .ofs_y = 0},
    {.bitmap_index = 15951, .adv_w = 429, .box_w = 19, .box_h = 20, .ofs_x = 4, .ofs_y = 0},
    {.bitmap_index = 16096, .adv_w = 403, .box_w = 23, .box_h = 25, .ofs_x = 1, .ofs_y = -1},
    {.bitmap_index = 16333, .adv_w = 375, .box_w = 19, .box_h = 31, .ofs_x = 2, .ofs_y = 0},
    {.bitmap_index = 16450, .adv_w = 375, .box_w = 19, .box_h = 31, .ofs_x = 2, .ofs_y = 0},
    {.bitmap_index = 16569, .adv_w = 375, .box_w = 19, .box_h = 31, .ofs_x = 2, .ofs_y = 0},
    {.bitmap_index = 16694, .adv_w = 375, .box_w = 19, .box_h = 30, .ofs_x = 2, .ofs_y = 0},
    {.bitmap_index = 16804, .adv_w = 313, .box_w = 21, .box_h = 30, .ofs_x = -1, .ofs_y = 0},
    {.bitmap_index = 16945, .adv_w = 310, .box_w = 16, .box_h = 23, .ofs_x = 3, .ofs_y = 0},
    {.bitmap_index = 17033, .adv_w = 323, .box_w = 17, .box_h = 24, .ofs_x = 2, .ofs_y = 0},
    {.bitmap_index = 17185, .adv_w = 314, .box_w = 16, .box_h = 26, .ofs_x = 1, .ofs_y = 0},
    {.bitmap_index = 17342, .adv_w = 314, .box_w = 16, .box_h = 26, .ofs_x = 1, .ofs_y = 0},
    {.bitmap_index = 17495, .adv_w = 314, .box_w = 16, .box_h = 26, .ofs_x = 1, .ofs_y = 0},
    {.bitmap_index = 17656, .adv_w = 314, .box_w = 16, .box_h = 25, .ofs_x = 1, .ofs_y = 0},
    {.bitmap_index = 17811, .adv_w = 314, .box_w = 16, .box_h = 24, .ofs_x = 1, .ofs_y = 0},
    {.bitmap_index = 17953, .adv_w = 314, .box_w = 16, .box_h = 29, .ofs_x = 1, .ofs_y = 0},
    {.bitmap_index = 18132, .adv_w = 503, .box_w = 29, .box_h = 18, .ofs_x = 1, .ofs_y = 0},
    {.bitmap_index = 18342, .adv_w = 282, .box_w = 15, .box_h = 25, .ofs_x = 1, .ofs_y = -7},
    {.bitmap_index = 18479, .adv_w = 315, .box_w = 17, .box_h = 26, .ofs_x = 1, .ofs_y = 0},
    {.bitmap_index = 18636, .adv_w = 315, .box_w = 17, .box_h = 26, .ofs_x = 1, .ofs_y = 0},
    {.bitmap_index = 18792, .adv_w = 315, .box_w = 17, .box_h = 26, .ofs_x = 1, .ofs_y = 0},
    {.bitmap_index = 18955, .adv_w = 315, .box_w = 17, .box_h = 24, .ofs_x = 1, .ofs_y = 0},
    {.bitmap_index = 19098, .adv_w = 142, .box_w = 8, .box_h = 26, .ofs_x = -1, .ofs_y = 0},
    {.bitmap_index = 19135, .adv_w = 142, .box_w = 8, .box_h = 26, .ofs_x = 2, .ofs_y = 0},
    {.bitmap_index = 19172, .adv_w = 142, .box_w = 11, .box_h = 26, .ofs_x = -1, .ofs_y = 0},
    {.bitmap_index = 19221, .adv_w = 142, .box_w = 11, .box_h = 24, .ofs_x = -1, .ofs_y = 0},
    {.bitmap_index = 19253, .adv_w = 313, .box_w = 17, .box_h = 24, .ofs_x = 1, .ofs_y = 0},
    {.bitmap_index = 19425, .adv_w = 325, .box_w = 16, .box_h = 25, .ofs_x = 2, .ofs_y = 0},
    {.bitmap_index = 19523, .adv_w = 313, .box_w = 17, .box_h = 26, .ofs_x = 1, .ofs_y = 0},
    {.bitmap_index = 19689, .adv_w = 313, .box_w = 17, .box_h = 26, .ofs_x = 1, .ofs_y = 0},
    {.bitmap_index = 19854, .adv_w = 313, .box_w = 17, .box_h = 26, .ofs_x = 1, .ofs_y = 0},
    {.bitmap_index = 20025, .adv_w = 313, .box_w = 17, .box_h = 25, .ofs_x = 1, .ofs_y = 0},
    {.bitmap_index = 20189, .adv_w = 313, .box_w = 17, .box_h = 24, .ofs_x = 1, .ofs_y = 0},
    {.bitmap_index = 20340, .adv_w = 429, .box_w = 21, .box_h = 16, .ofs_x = 3, .ofs_y = 2},
    {.bitmap_index = 20387, .adv_w = 313, .box_w = 18, .box_h = 22, .ofs_x = 1, .ofs_y = -2},
    {.bitmap_index = 20559, .adv_w = 325, .box_w = 16, .box_h = 26, .ofs_x = 2, .ofs_y = 0},
    {.bitmap_index = 20658, .adv_w = 325, .box_w = 16, .box_h = 26, .ofs_x = 2, .ofs_y = 0},
    {.bitmap_index = 20754, .adv_w = 325, .box_w = 16, .box_h = 26, .ofs_x = 2, .ofs_y = 0},
    {.bitmap_index = 20858, .adv_w = 325, .box_w = 16, .box_h = 24, .ofs_x = 2, .ofs_y = 0},
    {.bitmap_index = 20944, .adv_w = 303, .box_w = 18, .box_h = 33, .ofs_x = 0, .ofs_y = -7},
    {.bitmap_index = 21150, .adv_w = 325, .box_w = 17, .box_h = 31, .ofs_x = 2, .ofs_y = -7},
    {.bitmap_index = 21282, .adv_w = 303, .box_w = 18, .box_h = 31, .ofs_x = 0, .ofs_y = -7},
    {.bitmap_index = 21467, .adv_w = 350, .box_w = 22, .box_h = 29, .ofs_x = 0, .ofs_y = 0},
    {.bitmap_index = 21659, .adv_w = 314, .box_w = 16, .box_h = 24, .ofs_x = 1, .ofs_y = 0},
    {.bitmap_index = 21794, .adv_w = 350, .box_w = 22, .box_h = 31, .ofs_x = 0, .ofs_y = 0},
    {.bitmap_index = 22017, .adv_w = 314, .box_w = 16, .box_h = 24, .ofs_x = 1, .ofs_y = 0},
    {.bitmap_index = 22166, .adv_w = 350, .box_w = 23, .box_h = 30, .ofs_x = 0, .ofs_y = -7},
    {.bitmap_index = 22388, .adv_w = 314, .box_w = 17, .box_h = 25, .ofs_x = 1, .ofs_y = -7},
    {.bitmap_index = 22547, .adv_w = 358, .box_w = 20, .box_h = 31, .ofs_x = 1, .ofs_y = 0},
    {.bitmap_index = 22740, .adv_w = 282, .box_w = 15, .box_h = 26, .ofs_x = 1, .ofs_y = 0},
    {.bitmap_index = 22873, .adv_w = 358, .box_w = 20, .box_h = 31, .ofs_x = 1, .ofs_y = 0},
    {.bitmap_index = 23073, .adv_w = 282, .box_w = 15, .box_h = 26, .ofs_x = 1, .ofs_y = 0},
    {.bitmap_index = 23215, .adv_w = 358, .box_w = 20, .box_h = 30, .ofs_x = 1, .ofs_y = 0},
    {.bitmap_index = 23391, .adv_w = 282, .box_w = 15, .box_h = 24, .ofs_x = 1, .ofs_y = 0},
    {.bitmap_index = 23507, .adv_w = 358, .box_w = 20, .box_h = 31, .ofs_x = 1, .ofs_y = 0},
    {.bitmap_index = 23707, .adv_w = 282, .box_w = 15, .box_h = 26, .ofs_x = 1, .ofs_y = 0},
    {.bitmap_index = 23848, .adv_w = 394, .box_w = 20, .box_h = 30, .ofs_x = 3, .ofs_y = 0},
    {.bitmap_index = 24034, .adv_w = 325, .box_w = 23, .box_h = 24, .ofs_x = 1, .ofs_y = 0},
    {.bitmap_index = 24201, .adv_w = 397, .box_w = 23, .box_h = 23, .ofs_x = 0, .ofs_y = 0},
    {.bitmap_index = 24360, .adv_w = 325, .box_w = 19, .box_h = 24, .ofs_x = 1, .ofs_y = 0},
    {.bitmap_index = 24506, .adv_w = 324, .box_w = 16, .box_h = 29, .ofs_x = 3, .ofs_y = 0},
    {.bitmap_index = 24574, .adv_w = 315, .box_w = 17, .box_h = 24, .ofs_x = 1, .ofs_y = 0},
    {.bitmap_index = 24709, .adv_w = 324, .box_w = 16, .box_h = 30, .ofs_x = 3, .ofs_y = 0},
    {.bitmap_index = 24794, .adv_w = 315, .box_w = 17, .box_h = 26, .ofs_x = 1, .ofs_y = 0},
    {.bitmap_index = 24954, .adv_w = 324, .box_w = 16, .box_h = 30, .ofs_x = 3, .ofs_y = 0},
    {.bitmap_index = 25022, .adv_w = 315, .box_w = 17, .box_h = 24, .ofs_x = 1, .ofs_y = 0},
    {.bitmap_index = 25158, .adv_w = 324, .box_w = 16, .box_h = 30, .ofs_x = 3, .ofs_y = -7},
    {.bitmap_index = 25247, .adv_w = 315, .box_w = 17, .box_h = 25, .ofs_x = 1, .ofs_y = -7},
    {.bitmap_index = 25407, .adv_w = 324, .box_w = 16, .box_h = 30, .ofs_x = 3, .ofs_y = 0},
    {.bitmap_index = 25496, .adv_w = 315, .box_w = 17, .box_h = 26, .ofs_x = 1, .ofs_y = 0},
    {.bitmap_index = 25659, .adv_w = 397, .box_w = 22, .box_h = 31, .ofs_x = 1, .ofs_y = 0},
    {.bitmap_index = 25869, .adv_w = 325, .box_w = 17, .box_h = 33, .ofs_x = 1, .ofs_y = -7},
    {.bitmap_index = 26086, .adv_w = 397, .box_w = 22, .box_h = 31, .ofs_x = 1, .ofs_y = 0},
    {.bitmap_index = 26293, .adv_w = 325, .box_w = 17, .box_h = 32, .ofs_x = 1, .ofs_y = -7},
    {.bitmap_index = 26501, .adv_w = 397, .box_w = 22, .box_h = 30, .ofs_x = 1, .ofs_y = 0},
    {.bitmap_index = 26684, .adv_w = 325, .box_w = 17, .box_h = 31, .ofs_x = 1, .ofs_y = -7},
    {.bitmap_index = 26869, .adv_w = 397, .box_w = 22, .box_h = 31, .ofs_x = 1, .ofs_y = -8},
    {.bitmap_index = 27071, .adv_w = 325, .box_w = 17, .box_h = 32, .ofs_x = 1, .ofs_y = -7},
    {.bitmap_index = 27272, .adv_w = 385, .box_w = 18, .box_h = 30, .ofs_x = 3, .ofs_y = 0},
    {.bitmap_index = 27348, .adv_w = 325, .box_w = 19, .box_h = 30, .ofs_x = -1, .ofs_y = 0},
    {.bitmap_index = 27460, .adv_w = 469, .box_w = 24, .box_h = 23, .ofs_x = 3, .ofs_y = 0},
    {.bitmap_index = 27533, .adv_w = 356, .box_w = 18, .box_h = 24, .ofs_x = 1, .ofs_y = 0},
    {.bitmap_index = 27626, .adv_w = 151, .box_w = 11, .box_h = 30, .ofs_x = -1, .ofs_y = 0},
    {.bitmap_index = 27672, .adv_w = 142, .box_w = 11, .box_h = 25, .ofs_x = -1, .ofs_y = 0},
    {.bitmap_index = 27714, .adv_w = 151, .box_w = 10, .box_h = 29, .ofs_x = 0, .ofs_y = 0},
    {.bitmap_index = 27739, .adv_w = 142, .box_w = 11, .box_h = 24, .ofs_x = -1, .ofs_y = 0},
    {.bitmap_index = 27764, .adv_w = 151, .box_w = 11, .box_h = 30, .ofs_x = -1, .ofs_y = 0},
    {.bitmap_index = 27808, .adv_w = 142, .box_w = 11, .box_h = 25, .ofs_x = -1, .ofs_y = 0},
    {.bitmap_index = 27851, .adv_w = 151, .box_w = 7, .box_h = 30, .ofs_x = 2, .ofs_y = -7},
    {.bitmap_index = 27885, .adv_w = 142, .box_w = 7, .box_h = 31, .ofs_x = 2, .ofs_y = -7},
    {.bitmap_index = 27928, .adv_w = 151, .box_w = 4, .box_h = 30, .ofs_x = 3, .ofs_y = 0},
    {.bitmap_index = 27947, .adv_w = 142, .box_w = 3, .box_h = 18, .ofs_x = 3, .ofs_y = 0},
    {.bitmap_index = 27952, .adv_w = 302, .box_w = 13, .box_h = 30, .ofs_x = 3, .ofs_y = -7},
    {.bitmap_index = 28007, .adv_w = 285, .box_w = 12, .box_h = 31, .ofs_x = 3, .ofs_y = -7},
    {.bitmap_index = 28073, .adv_w = 151, .box_w = 12, .box_h = 37, .ofs_x = -2, .ofs_y = -7},
    {.bitmap_index = 28156, .adv_w = 142, .box_w = 11, .box_h = 33, .ofs_x = -1, .ofs_y = -7},
    {.bitmap_index = 28231, .adv_w = 336, .box_w = 19, .box_h = 31, .ofs_x = 3, .ofs_y = -8},
    {.bitmap_index = 28408, .adv_w = 297, .box_w = 17, .box_h = 32, .ofs_x = 2, .ofs_y = -8},
    {.bitmap_index = 28549, .adv_w = 297, .box_w = 17, .box_h = 18, .ofs_x = 2, .ofs_y = 0},
    {.bitmap_index = 28652, .adv_w = 285, .box_w = 15, .box_h = 30, .ofs_x = 3, .ofs_y = 0},
    {.bitmap_index = 28705, .adv_w = 142, .box_w = 7, .box_h = 30, .ofs_x = 3, .ofs_y = 0},
    {.bitmap_index = 28737, .adv_w = 285, .box_w = 15, .box_h = 31, .ofs_x = 3, .ofs_y = -8},
    {.bitmap_index = 28790, .adv_w = 142, .box_w = 5, .box_h = 32, .ofs_x = 2, .ofs_y = -8},
    {.bitmap_index = 28816, .adv_w = 285, .box_w = 15, .box_h = 23, .ofs_x = 3, .ofs_y = 0},
    {.bitmap_index = 28867, .adv_w = 192, .box_w = 9, .box_h = 24, .ofs_x = 3, .ofs_y = 0},
    {.bitmap_index = 28901, .adv_w = 285, .box_w = 15, .box_h = 23, .ofs_x = 3, .ofs_y = 0},
    {.bitmap_index = 28938, .adv_w = 175, .box_w = 8, .box_h = 24, .ofs_x = 3, .ofs_y = 0},
    {.bitmap_index = 28957, .adv_w = 288, .box_w = 19, .box_h = 23, .ofs_x = -1, .ofs_y = 0},
    {.bitmap_index = 29036, .adv_w = 146, .box_w = 10, .box_h = 24, .ofs_x = 0, .ofs_y = 0},
    {.bitmap_index = 29076, .adv_w = 383, .box_w = 18, .box_h = 30, .ofs_x = 3, .ofs_y = 0},
    {.bitmap_index = 29228, .adv_w = 325, .box_w = 16, .box_h = 26, .ofs_x = 2, .ofs_y = 0},
    {.bitmap_index = 29325, .adv_w = 383, .box_w = 18, .box_h = 31, .ofs_x = 3, .ofs_y = -8},
    {.bitmap_index = 29478, .adv_w = 325, .box_w = 16, .box_h = 26, .ofs_x = 2, .ofs_y = -8},
    {.bitmap_index = 29571, .adv_w = 383, .box_w = 18, .box_h = 30, .ofs_x = 3, .ofs_y = 0},
    {.bitmap_index = 29730, .adv_w = 325, .box_w = 16, .box_h = 26, .ofs_x = 2, .ofs_y = 0},
    {.bitmap_index = 29837, .adv_w = 417, .box_w = 20, .box_h = 23, .ofs_x = 3, .ofs_y = 0},
    {.bitmap_index = 29931, .adv_w = 383, .box_w = 18, .box_h = 30, .ofs_x = 3, .ofs_y = -7},
    {.bitmap_index = 30046, .adv_w = 325, .box_w = 16, .box_h = 25, .ofs_x = 2, .ofs_y = -7},
    {.bitmap_index = 30142, .adv_w = 403, .box_w = 23, .box_h = 30, .ofs_x = 1, .ofs_y = 0},
    {.bitmap_index = 30355, .adv_w = 313, .box_w = 17, .box_h = 24, .ofs_x = 1, .ofs_y = 0},
    {.bitmap_index = 30499, .adv_w = 403, .box_w = 23, .box_h = 31, .ofs_x = 1, .ofs_y = 0},
    {.bitmap_index = 30732, .adv_w = 313, .box_w = 17, .box_h = 26, .ofs_x = 1, .ofs_y = 0},
    {.bitmap_index = 30899, .adv_w = 403, .box_w = 23, .box_h = 31, .ofs_x = 1, .ofs_y = 0},
    {.bitmap_index = 31140, .adv_w = 313, .box_w = 17, .box_h = 26, .ofs_x = 1, .ofs_y = 0},
    {.bitmap_index = 31314, .adv_w = 548, .box_w = 32, .box_h = 23, .ofs_x = 1, .ofs_y = 0},
    {.bitmap_index = 31492, .adv_w = 524, .box_w = 31, .box_h = 18, .ofs_x = 1, .ofs_y = 0},
    {.bitmap_index = 31708, .adv_w = 356, .box_w = 19, .box_h = 30, .ofs_x = 3, .ofs_y = 0},
    {.bitmap_index = 31877, .adv_w = 211, .box_w = 13, .box_h = 26, .ofs_x = 2, .ofs_y = 0},
    {.bitmap_index = 31952, .adv_w = 356, .box_w = 19, .box_h = 31, .ofs_x = 3, .ofs_y = -8},
    {.bitmap_index = 32122, .adv_w = 211, .box_w = 12, .box_h = 26, .ofs_x = 2, .ofs_y = -8},
    {.bitmap_index = 32188, .adv_w = 356, .box_w = 19, .box_h = 30, .ofs_x = 3, .ofs_y = 0},
    {.bitmap_index = 32364, .adv_w = 211, .box_w = 12, .box_h = 26, .ofs_x = 2, .ofs_y = 0},
    {.bitmap_index = 32444, .adv_w = 325, .box_w = 17, .box_h = 31, .ofs_x = 2, .ofs_y = 0},
    {.bitmap_index = 32626, .adv_w = 267, .box_w = 15, .box_h = 27, .ofs_x = 1, .ofs_y = 0},
    {.bitmap_index = 32773, .adv_w = 325, .box_w = 17, .box_h = 31, .ofs_x = 2, .ofs_y = 0},
    {.bitmap_index = 32961, .adv_w = 267, .box_w = 15, .box_h = 26, .ofs_x = 1, .ofs_y = 0},
    {.bitmap_index = 33114, .adv_w = 325, .box_w = 17, .box_h = 30, .ofs_x = 2, .ofs_y = -7},
    {.bitmap_index = 33304, .adv_w = 267, .box_w = 15, .box_h = 25, .ofs_x = 1, .ofs_y = -7},
    {.bitmap_index = 33453, .adv_w = 325, .box_w = 17, .box_h = 31, .ofs_x = 2, .ofs_y = 0},
    {.bitmap_index = 33641, .adv_w = 267, .box_w = 15, .box_h = 26, .ofs_x = 1, .ofs_y = 0},
    {.bitmap_index = 33793, .adv_w = 313, .box_w = 21, .box_h = 30, .ofs_x = -1, .ofs_y = -7},
    {.bitmap_index = 33872, .adv_w = 201, .box_w = 12, .box_h = 29, .ofs_x = 0, .ofs_y = -7},
    {.bitmap_index = 33956, .adv_w = 313, .box_w = 21, .box_h = 30, .ofs_x = -1, .ofs_y = 0},
    {.bitmap_index = 34037, .adv_w = 201, .box_w = 12, .box_h = 26, .ofs_x = 0, .ofs_y = 0},
    {.bitmap_index = 34119, .adv_w = 313, .box_w = 21, .box_h = 23, .ofs_x = -1, .ofs_y = 0},
    {.bitmap_index = 34177, .adv_w = 201, .box_w = 12, .box_h = 23, .ofs_x = 0, .ofs_y = 0},
    {.bitmap_index = 34252, .adv_w = 375, .box_w = 19, .box_h = 30, .ofs_x = 2, .ofs_y = 0},
    {.bitmap_index = 34369, .adv_w = 325, .box_w = 16, .box_h = 25, .ofs_x = 2, .ofs_y = 0},
    {.bitmap_index = 34465, .adv_w = 375, .box_w = 19, .box_h = 30, .ofs_x = 2, .ofs_y = 0},
    {.bitmap_index = 34567, .adv_w = 325, .box_w = 16, .box_h = 24, .ofs_x = 2, .ofs_y = 0},
    {.bitmap_index = 34646, .adv_w = 375, .box_w = 19, .box_h = 31, .ofs_x = 2, .ofs_y = 0},
    {.bitmap_index = 34767, .adv_w = 325, .box_w = 16, .box_h = 26, .ofs_x = 2, .ofs_y = 0},
    {.bitmap_index = 34867, .adv_w = 375, .box_w = 19, .box_h = 30, .ofs_x = 2, .ofs_y = 0},
    {.bitmap_index = 35011, .adv_w = 325, .box_w = 16, .box_h = 28, .ofs_x = 2, .ofs_y = 0},
    {.bitmap_index = 35133, .adv_w = 375, .box_w = 19, .box_h = 31, .ofs_x = 2, .ofs_y = 0},
    {.bitmap_index = 35262, .adv_w = 325, .box_w = 16, .box_h = 26, .ofs_x = 2, .ofs_y = 0},
    {.bitmap_index = 35370, .adv_w = 375, .box_w = 19, .box_h = 30, .ofs_x = 2, .ofs_y = -7},
    {.bitmap_index = 35494, .adv_w = 325, .box_w = 18, .box_h = 25, .ofs_x = 2, .ofs_y = -7},
    {.bitmap_index = 35598, .adv_w = 506, .box_w = 30, .box_h = 30, .ofs_x = 1, .ofs_y = 0},
    {.bitmap_index = 35912, .adv_w = 419, .box_w = 24, .box_h = 26, .ofs_x = 1, .ofs_y = 0},
    {.bitmap_index = 36152, .adv_w = 313, .box_w = 21, .box_h = 30, .ofs_x = -1, .ofs_y = 0},
    {.bitmap_index = 36295, .adv_w = 303, .box_w = 18, .box_h = 33, .ofs_x = 0, .ofs_y = -7},
    {.bitmap_index = 36506, .adv_w = 313, .box_w = 21, .box_h = 30, .ofs_x = -1, .ofs_y = 0},
    {.bitmap_index = 36639, .adv_w = 351, .box_w = 20, .box_h = 30, .ofs_x = 1, .ofs_y = 0},
    {.bitmap_index = 36807, .adv_w = 269, .box_w = 15, .box_h = 26, .ofs_x = 1, .ofs_y = 0},
    {.bitmap_index = 36926, .adv_w = 351, .box_w = 20, .box_h = 30, .ofs_x = 1, .ofs_y = 0},
    {.bitmap_index = 37079, .adv_w = 269, .box_w = 15, .box_h = 24, .ofs_x = 1, .ofs_y = 0},
    {.bitmap_index = 37181, .adv_w = 351, .box_w = 20, .box_h = 30, .ofs_x = 1, .ofs_y = 0},
    {.bitmap_index = 37357, .adv_w = 269, .box_w = 15, .box_h = 26, .ofs_x = 1, .ofs_y = 0},
    {.bitmap_index = 37485, .adv_w = 180, .box_w = 12, .box_h = 24, .ofs_x = 0, .ofs_y = 0},
    {.bitmap_index = 37536, .adv_w = 256, .box_w = 9, .box_h = 6, .ofs_x = 5, .ofs_y = 20},
    {.bitmap_index = 37560, .adv_w = 256, .box_w = 11, .box_h = 10, .ofs_x = 3, .ofs_y = 21},
    {.bitmap_index = 37600, .adv_w = 355, .box_w = 22, .box_h = 26, .ofs_x = 0, .ofs_y = 0},
    {.bitmap_index = 37801, .adv_w = 163, .box_w = 4, .box_h = 4, .ofs_x = 3, .ofs_y = 9},
    {.bitmap_index = 37807, .adv_w = 382, .box_w = 23, .box_h = 26, .ofs_x = -1, .ofs_y = 0},
    {.bitmap_index = 37894, .adv_w = 446, .box_w = 26, .box_h = 26, .ofs_x = -1, .ofs_y = 0},
    {.bitmap_index = 37972, .adv_w = 209, .box_w = 11, .box_h = 26, .ofs_x = -1, .ofs_y = 0},
    {.bitmap_index = 38012, .adv_w = 416, .box_w = 26, .box_h = 26, .ofs_x = -1, .ofs_y = 0},
    {.bitmap_index = 38250, .adv_w = 422, .box_w = 28, .box_h = 26, .ofs_x = -1, .ofs_y = 0},
    {.bitmap_index = 38400, .adv_w = 423, .box_w = 26, .box_h = 26, .ofs_x = -1, .ofs_y = 0},
    {.bitmap_index = 38633, .adv_w = 173, .box_w = 10, .box_h = 32, .ofs_x = 0, .ofs_y = 0},
    {.bitmap_index = 38716, .adv_w = 350, .box_w = 22, .box_h = 23, .ofs_x = 0, .ofs_y = 0},
    {.bitmap_index = 38890, .adv_w = 351, .box_w = 17, .box_h = 23, .ofs_x = 3, .ofs_y = 0},
    {.bitmap_index = 39023, .adv_w = 285, .box_w = 15, .box_h = 23, .ofs_x = 3, .ofs_y = 0},
    {.bitmap_index = 39051, .adv_w = 350, .box_w = 22, .box_h = 23, .ofs_x = 0, .ofs_y = 0},
    {.bitmap_index = 39223, .adv_w = 324, .box_w = 16, .box_h = 23, .ofs_x = 3, .ofs_y = 0},
    {.bitmap_index = 39274, .adv_w = 351, .box_w = 20, .box_h = 23, .ofs_x = 1, .ofs_y = 0},
    {.bitmap_index = 39409, .adv_w = 385, .box_w = 18, .box_h = 23, .ofs_x = 3, .ofs_y = 0},
    {.bitmap_index = 39446, .adv_w = 403, .box_w = 23, .box_h = 23, .ofs_x = 1, .ofs_y = 0},
    {.bitmap_index = 39648, .adv_w = 151, .box_w = 4, .box_h = 23, .ofs_x = 3, .ofs_y = 0},
    {.bitmap_index = 39657, .adv_w = 336, .box_w = 19, .box_h = 23, .ofs_x = 3, .ofs_y = 0},
    {.bitmap_index = 39799, .adv_w = 350, .box_w = 22, .box_h = 23, .ofs_x = 0, .ofs_y = 0},
    {.bitmap_index = 39977, .adv_w = 442, .box_w = 22, .box_h = 23, .ofs_x = 3, .ofs_y = 0},
    {.bitmap_index = 40120, .adv_w = 383, .box_w = 18, .box_h = 23, .ofs_x = 3, .ofs_y = 0},
    {.bitmap_index = 40240, .adv_w = 324, .box_w = 15, .box_h = 23, .ofs_x = 3, .ofs_y = 0},
    {.bitmap_index = 40291, .adv_w = 403, .box_w = 23, .box_h = 23, .ofs_x = 1, .ofs_y = 0},
    {.bitmap_index = 40484, .adv_w = 385, .box_w = 18, .box_h = 23, .ofs_x = 3, .ofs_y = 0},
    {.bitmap_index = 40515, .adv_w = 309, .box_w = 16, .box_h = 23, .ofs_x = 3, .ofs_y = 0},
    {.bitmap_index = 40602, .adv_w = 324, .box_w = 16, .box_h = 23, .ofs_x = 3, .ofs_y = 0},
    {.bitmap_index = 40715, .adv_w = 313, .box_w = 21, .box_h = 23, .ofs_x = -1, .ofs_y = 0},
    {.bitmap_index = 40754, .adv_w = 313, .box_w = 21, .box_h = 23, .ofs_x = -1, .ofs_y = 0},
    {.bitmap_index = 40861, .adv_w = 403, .box_w = 23, .box_h = 23, .ofs_x = 1, .ofs_y = 0},
    {.bitmap_index = 41039, .adv_w = 351, .box_w = 21, .box_h = 23, .ofs_x = 0, .ofs_y = 0},
    {.bitmap_index = 41220, .adv_w = 403, .box_w = 23, .box_h = 23, .ofs_x = 1, .ofs_y = 0},
    {.bitmap_index = 41351, .adv_w = 391, .box_w = 23, .box_h = 23, .ofs_x = 1, .ofs_y = 0},
    {.bitmap_index = 41551, .adv_w = 151, .box_w = 10, .box_h = 30, .ofs_x = 0, .ofs_y = 0},
    {.bitmap_index = 41585, .adv_w = 313, .box_w = 21, .box_h = 30, .ofs_x = -1, .ofs_y = 0},
    {.bitmap_index = 41717, .adv_w = 338, .box_w = 19, .box_h = 26, .ofs_x = 1, .ofs_y = 0},
    {.bitmap_index = 41903, .adv_w = 277, .box_w = 14, .box_h = 26, .ofs_x = 2, .ofs_y = 0},
    {.bitmap_index = 42040, .adv_w = 325, .box_w = 16, .box_h = 33, .ofs_x = 2, .ofs_y = -7},
    {.bitmap_index = 42148, .adv_w = 173, .box_w = 9, .box_h = 26, .ofs_x = 2, .ofs_y = 0},
    {.bitmap_index = 42208, .adv_w = 296, .box_w = 15, .box_h = 32, .ofs_x = 2, .ofs_y = 0},
    {.bitmap_index = 42360, .adv_w = 338, .box_w = 19, .box_h = 18, .ofs_x = 1, .ofs_y = 0},
    {.bitmap_index = 42508, .adv_w = 327, .box_w = 16, .box_h = 31, .ofs_x = 3, .ofs_y = -7},
    {.bitmap_index = 42663, .adv_w = 303, .box_w = 18, .box_h = 25, .ofs_x = 0, .ofs_y = -7},
    {.bitmap_index = 42795, .adv_w = 313, .box_w = 17, .box_h = 23, .ofs_x = 1, .ofs_y = 0},
    {.bitmap_index = 42955, .adv_w = 277, .box_w = 14, .box_h = 18, .ofs_x = 2, .ofs_y = 0},
    {.bitmap_index = 43060, .adv_w = 279, .box_w = 15, .box_h = 31, .ofs_x = 1, .ofs_y = -7},
    {.bitmap_index = 43215, .adv_w = 325, .box_w = 16, .box_h = 25, .ofs_x = 2, .ofs_y = -7},
    {.bitmap_index = 43286, .adv_w = 313, .box_w = 17, .box_h = 24, .ofs_x = 1, .ofs_y = 0},
    {.bitmap_index = 43448, .adv_w = 173, .box_w = 8, .box_h = 18, .ofs_x = 2, .ofs_y = 0},
    {.bitmap_index = 43479, .adv_w = 302, .box_w = 17, .box_h = 18, .ofs_x = 2, .ofs_y = 0},
    {.bitmap_index = 43581, .adv_w = 303, .box_w = 18, .box_h = 24, .ofs_x = 0, .ofs_y = 0},
    {.bitmap_index = 43736, .adv_w = 326, .box_w = 18, .box_h = 25, .ofs_x = 2, .ofs_y = -7},
    {.bitmap_index = 43813, .adv_w = 286, .box_w = 16, .box_h = 18, .ofs_x = 1, .ofs_y = 0},
    {.bitmap_index = 43935, .adv_w = 286, .box_w = 16, .box_h = 31, .ofs_x = 1, .ofs_y = -7},
    {.bitmap_index = 44109, .adv_w = 313, .box_w = 17, .box_h = 18, .ofs_x = 1, .ofs_y = 0},
    {.bitmap_index = 44237, .adv_w = 308, .box_w = 18, .box_h = 18, .ofs_x = 1, .ofs_y = 0},
    {.bitmap_index = 44289, .adv_w = 325, .box_w = 17, .box_h = 25, .ofs_x = 2, .ofs_y = -7},
    {.bitmap_index = 44420, .adv_w = 301, .box_w = 15, .box_h = 25, .ofs_x = 1, .ofs_y = -7},
    {.bitmap_index = 44552, .adv_w = 325, .box_w = 19, .box_h = 18, .ofs_x = 1, .ofs_y = 0},
    {.bitmap_index = 44689, .adv_w = 308, .box_w = 17, .box_h = 18, .ofs_x = 1, .ofs_y = 0},
    {.bitmap_index = 44744, .adv_w = 296, .box_w = 15, .box_h = 18, .ofs_x = 2, .ofs_y = 0},
    {.bitmap_index = 44841, .adv_w = 338, .box_w = 19, .box_h = 25, .ofs_x = 1, .ofs_y = -7},
    {.bitmap_index = 44994, .adv_w = 296, .box_w = 18, .box_h = 25, .ofs_x = 0, .ofs_y = -7},
    {.bitmap_index = 45169, .adv_w = 338, .box_w = 19, .box_h = 25, .ofs_x = 1, .ofs_y = -7},
    {.bitmap_index = 45264, .adv_w = 429, .box_w = 23, .box_h = 18, .ofs_x = 2, .ofs_y = 0},
    {.bitmap_index = 45431, .adv_w = 173, .box_w = 10, .box_h = 24, .ofs_x = 0, .ofs_y = 0},
    {.bitmap_index = 45483, .adv_w = 296, .box_w = 15, .box_h = 24, .ofs_x = 2, .ofs_y = 0},
    {.bitmap_index = 45602, .adv_w = 313, .box_w = 17, .box_h = 26, .ofs_x = 1, .ofs_y = 0},
    {.bitmap_index = 45766, .adv_w = 296, .box_w = 15, .box_h = 26, .ofs_x = 2, .ofs_y = 0},
    {.bitmap_index = 45896, .adv_w = 429, .box_w = 23, .box_h = 26, .ofs_x = 2, .ofs_y = 0},
    {.bitmap_index = 46103, .adv_w = 324, .box_w = 16, .box_h = 30, .ofs_x = 3, .ofs_y = 0},
    {.bitmap_index = 46187, .adv_w = 324, .box_w = 16, .box_h = 30, .ofs_x = 3, .ofs_y = 0},
    {.bitmap_index = 46262, .adv_w = 403, .box_w = 24, .box_h = 30, .ofs_x = -1, .ofs_y = -7},
    {.bitmap_index = 46391, .adv_w = 312, .box_w = 15, .box_h = 30, .ofs_x = 3, .ofs_y = 0},
    {.bitmap_index = 46447, .adv_w = 358, .box_w = 20, .box_h = 23, .ofs_x = 1, .ofs_y = 0},
    {.bitmap_index = 46607, .adv_w = 325, .box_w = 17, .box_h = 23, .ofs_x = 2, .ofs_y = 0},
    {.bitmap_index = 46758, .adv_w = 151, .box_w = 4, .box_h = 23, .ofs_x = 3, .ofs_y = 0},
    {.bitmap_index = 46767, .adv_w = 151, .box_w = 10, .box_h = 30, .ofs_x = 0, .ofs_y = 0},
    {.bitmap_index = 46801, .adv_w = 151, .box_w = 9, .box_h = 30, .ofs_x = -2, .ofs_y = -7},
    {.bitmap_index = 46844, .adv_w = 560, .box_w = 32, .box_h = 23, .ofs_x = 1, .ofs_y = 0},
    {.bitmap_index = 47009, .adv_w = 535, .box_w = 29, .box_h = 23, .ofs_x = 3, .ofs_y = 0},
    {.bitmap_index = 47125, .adv_w = 403, .box_w = 24, .box_h = 23, .ofs_x = -1, .ofs_y = 0},
    {.bitmap_index = 47207, .adv_w = 364, .box_w = 20, .box_h = 30, .ofs_x = 3, .ofs_y = 0},
    {.bitmap_index = 47394, .adv_w = 383, .box_w = 18, .box_h = 30, .ofs_x = 3, .ofs_y = 0},
    {.bitmap_index = 47550, .adv_w = 312, .box_w = 19, .box_h = 30, .ofs_x = 0, .ofs_y = 0},
    {.bitmap_index = 47744, .adv_w = 385, .box_w = 18, .box_h = 28, .ofs_x = 3, .ofs_y = -5},
    {.bitmap_index = 47787, .adv_w = 350, .box_w = 22, .box_h = 23, .ofs_x = 0, .ofs_y = 0},
    {.bitmap_index = 47961, .adv_w = 351, .box_w = 17, .box_h = 23, .ofs_x = 3, .ofs_y = 0},
    {.bitmap_index = 48061, .adv_w = 351, .box_w = 17, .box_h = 23, .ofs_x = 3, .ofs_y = 0},
    {.bitmap_index = 48194, .adv_w = 312, .box_w = 15, .box_h = 23, .ofs_x = 3, .ofs_y = 0},
    {.bitmap_index = 48222, .adv_w = 400, .box_w = 23, .box_h = 29, .ofs_x = 1, .ofs_y = -6},
    {.bitmap_index = 48348, .adv_w = 324, .box_w = 16, .box_h = 23, .ofs_x = 3, .ofs_y = 0},
    {.bitmap_index = 48399, .adv_w = 552, .box_w = 34, .box_h = 23, .ofs_x = 0, .ofs_y = 0},
    {.bitmap_index = 48655, .adv_w = 328, .box_w = 17, .box_h = 23, .ofs_x = 2, .ofs_y = 0},
    {.bitmap_index = 48800, .adv_w = 383, .box_w = 18, .box_h = 23, .ofs_x = 3, .ofs_y = 0},
    {.bitmap_index = 48923, .adv_w = 383, .box_w = 18, .box_h = 30, .ofs_x = 3, .ofs_y = 0},
    {.bitmap_index = 49081, .adv_w = 364, .box_w = 20, .box_h = 23, .ofs_x = 3, .ofs_y = 0},
    {.bitmap_index = 49235, .adv_w = 385, .box_w = 20, .box_h = 23, .ofs_x = 1, .ofs_y = 0},
    {.bitmap_index = 49342, .adv_w = 442, .box_w = 22, .box_h = 23, .ofs_x = 3, .ofs_y = 0},
    {.bitmap_index = 49485, .adv_w = 385, .box_w = 18, .box_h = 23, .ofs_x = 3, .ofs_y = 0},
    {.bitmap_index = 49522, .adv_w = 403, .box_w = 23, .box_h = 23, .ofs_x = 1, .ofs_y = 0},
    {.bitmap_index = 49715, .adv_w = 385, .box_w = 18, .box_h = 23, .ofs_x = 3, .ofs_y = 0},
    {.bitmap_index = 49746, .adv_w = 309, .box_w = 16, .box_h = 23, .ofs_x = 3, .ofs_y = 0},
    {.bitmap_index = 49833, .adv_w = 358, .box_w = 20, .box_h = 23, .ofs_x = 1, .ofs_y = 0},
    {.bitmap_index = 49993, .adv_w = 313, .box_w = 21, .box_h = 23, .ofs_x = -1, .ofs_y = 0},
    {.bitmap_index = 50032, .adv_w = 312, .box_w = 19, .box_h = 23, .ofs_x = 0, .ofs_y = 0},
    {.bitmap_index = 50191, .adv_w = 441, .box_w = 25, .box_h = 23, .ofs_x = 1, .ofs_y = 0},
    {.bitmap_index = 50383, .adv_w = 351, .box_w = 21, .box_h = 23, .ofs_x = 0, .ofs_y = 0},
    {.bitmap_index = 50564, .adv_w = 398, .box_w = 21, .box_h = 29, .ofs_x = 3, .ofs_y = -6},
    {.bitmap_index = 50619, .adv_w = 351, .box_w = 17, .box_h = 23, .ofs_x = 2, .ofs_y = 0},
    {.bitmap_index = 50680, .adv_w = 548, .box_w = 29, .box_h = 23, .ofs_x = 3, .ofs_y = 0},
    {.bitmap_index = 50734, .adv_w = 560, .box_w = 31, .box_h = 29, .ofs_x = 3, .ofs_y = -6},
    {.bitmap_index = 50806, .adv_w = 426, .box_w = 25, .box_h = 23, .ofs_x = 0, .ofs_y = 0},
    {.bitmap_index = 50910, .adv_w = 452, .box_w = 23, .box_h = 23, .ofs_x = 3, .ofs_y = 0},
    {.bitmap_index = 51013, .adv_w = 351, .box_w = 17, .box_h = 23, .ofs_x = 3, .ofs_y = 0},
    {.bitmap_index = 51102, .adv_w = 358, .box_w = 20, .box_h = 23, .ofs_x = 1, .ofs_y = 0},
    {.bitmap_index = 51269, .adv_w = 553, .box_w = 30, .box_h = 23, .ofs_x = 3, .ofs_y = 0},
    {.bitmap_index = 51505, .adv_w = 356, .box_w = 18, .box_h = 23, .ofs_x = 2, .ofs_y = 0},
    {.bitmap_index = 51639, .adv_w = 314, .box_w = 16, .box_h = 18, .ofs_x = 1, .ofs_y = 0},
    {.bitmap_index = 51758, .adv_w = 316, .box_w = 17, .box_h = 26, .ofs_x = 1, .ofs_y = 0},
    {.bitmap_index = 51934, .adv_w = 302, .box_w = 15, .box_h = 18, .ofs_x = 2, .ofs_y = 0},
    {.bitmap_index = 52029, .adv_w = 269, .box_w = 14, .box_h = 18, .ofs_x = 2, .ofs_y = 0},
    {.bitmap_index = 52053, .adv_w = 354, .box_w = 20, .box_h = 23, .ofs_x = 1, .ofs_y = -5},
    {.bitmap_index = 52158, .adv_w = 315, .box_w = 17, .box_h = 18, .ofs_x = 1, .ofs_y = 0},
    {.bitmap_index = 52278, .adv_w = 461, .box_w = 27, .box_h = 18, .ofs_x = 1, .ofs_y = 0},
    {.bitmap_index = 52452, .adv_w = 272, .box_w = 14, .box_h = 18, .ofs_x = 2, .ofs_y = 0},
    {.bitmap_index = 52556, .adv_w = 333, .box_w = 16, .box_h = 18, .ofs_x = 2, .ofs_y = 0},
    {.bitmap_index = 52638, .adv_w = 333, .box_w = 16, .box_h = 25, .ofs_x = 2, .ofs_y = 0},
    {.bitmap_index = 52761, .adv_w = 309, .box_w = 17, .box_h = 18, .ofs_x = 2, .ofs_y = 0},
    {.bitmap_index = 52863, .adv_w = 327, .box_w = 17, .box_h = 18, .ofs_x = 1, .ofs_y = 0},
    {.bitmap_index = 52944, .adv_w = 386, .box_w = 20, .box_h = 18, .ofs_x = 2, .ofs_y = 0},
    {.bitmap_index = 53051, .adv_w = 335, .box_w = 17, .box_h = 18, .ofs_x = 2, .ofs_y = 0},
    {.bitmap_index = 53083, .adv_w = 313, .box_w = 17, .box_h = 18, .ofs_x = 1, .ofs_y = 0},
    {.bitmap_index = 53211, .adv_w = 335, .box_w = 17, .box_h = 18, .ofs_x = 2, .ofs_y = 0},
    {.bitmap_index = 53238, .adv_w = 325, .box_w = 17, .box_h = 25, .ofs_x = 2, .ofs_y = -7},
    {.bitmap_index = 53365, .adv_w = 282, .box_w = 15, .box_h = 18, .ofs_x = 1, .ofs_y = 0},
    {.bitmap_index = 53466, .adv_w = 298, .box_w = 18, .box_h = 18, .ofs_x = 0, .ofs_y = 0},
    {.bitmap_index = 53499, .adv_w = 303, .box_w = 18, .box_h = 25, .ofs_x = 0, .ofs_y = -7},
    {.bitmap_index = 53661, .adv_w = 438, .box_w = 25, .box_h = 30, .ofs_x = 1, .ofs_y = -7},
    {.bitmap_index = 53861, .adv_w = 303, .box_w = 18, .box_h = 18, .ofs_x = 0, .ofs_y = 0},
    {.bitmap_index = 53990, .adv_w = 349, .box_w = 19, .box_h = 23, .ofs_x = 2, .ofs_y = -5},
    {.bitmap_index = 54033, .adv_w = 303, .box_w = 14, .box_h = 18, .ofs_x = 2, .ofs_y = 0},
    {.bitmap_index = 54084, .adv_w = 469, .box_w = 25, .box_h = 18, .ofs_x = 2, .ofs_y = 0},
    {.bitmap_index = 54127, .adv_w = 482, .box_w = 27, .box_h = 23, .ofs_x = 2, .ofs_y = -5},
    {.bitmap_index = 54188, .adv_w = 362, .box_w = 21, .box_h = 18, .ofs_x = 0, .ofs_y = 0},
    {.bitmap_index = 54273, .adv_w = 404, .box_w = 21, .box_h = 18, .ofs_x = 2, .ofs_y = 0},
    {.bitmap_index = 54353, .adv_w = 302, .box_w = 15, .box_h = 18, .ofs_x = 2, .ofs_y = 0},
    {.bitmap_index = 54419, .adv_w = 281, .box_w = 15, .box_h = 18, .ofs_x = 1, .ofs_y = 0},
    {.bitmap_index = 54524, .adv_w = 431, .box_w = 23, .box_h = 18, .ofs_x = 3, .ofs_y = 0},
    {.bitmap_index = 54676, .adv_w = 308, .box_w = 16, .box_h = 18, .ofs_x = 1, .ofs_y = 0},
    {.bitmap_index = 54767, .adv_w = 315, .box_w = 17, .box_h = 26, .ofs_x = 1, .ofs_y = 0},
    {.bitmap_index = 54924, .adv_w = 315, .box_w = 17, .box_h = 25, .ofs_x = 1, .ofs_y = 0},
    {.bitmap_index = 55066, .adv_w = 320, .box_w = 19, .box_h = 32, .ofs_x = 0, .ofs_y = -7},
    {.bitmap_index = 55219, .adv_w = 269, .box_w = 14, .box_h = 26, .ofs_x = 2, .ofs_y = 0},
    {.bitmap_index = 55276, .adv_w = 281, .box_w = 15, .box_h = 18, .ofs_x = 1, .ofs_y = 0},
    {.bitmap_index = 55380, .adv_w = 267, .box_w = 15, .box_h = 18, .ofs_x = 1, .ofs_y = 0},
    {.bitmap_index = 55492, .adv_w = 142, .box_w = 3, .box_h = 25, .ofs_x = 3, .ofs_y = 0},
    {.bitmap_index = 55505, .adv_w = 142, .box_w = 11, .box_h = 25, .ofs_x = -1, .ofs_y = 0},
    {.bitmap_index = 55538, .adv_w = 142, .box_w = 7, .box_h = 31, .ofs_x = -1, .ofs_y = -7},
    {.bitmap_index = 55577, .adv_w = 462, .box_w = 26, .box_h = 18, .ofs_x = 1, .ofs_y = 0},
    {.bitmap_index = 55703, .adv_w = 460, .box_w = 25, .box_h = 18, .ofs_x = 2, .ofs_y = 0},
    {.bitmap_index = 55796, .adv_w = 334, .box_w = 19, .box_h = 25, .ofs_x = 0, .ofs_y = 0},
    {.bitmap_index = 55893, .adv_w = 309, .box_w = 17, .box_h = 26, .ofs_x = 2, .ofs_y = 0},
    {.bitmap_index = 56034, .adv_w = 333, .box_w = 16, .box_h = 26, .ofs_x = 2, .ofs_y = 0},
    {.bitmap_index = 56155, .adv_w = 303, .box_w = 18, .box_h = 31, .ofs_x = 0, .ofs_y = -7},
    {.bitmap_index = 56355, .adv_w = 335, .box_w = 17, .box_h = 23, .ofs_x = 2, .ofs_y = -5},
    {.bitmap_index = 56396, .adv_w = 312, .box_w = 15, .box_h = 28, .ofs_x = 3, .ofs_y = 0},
    {.bitmap_index = 56430, .adv_w = 269, .box_w = 14, .box_h = 23, .ofs_x = 2, .ofs_y = 0},
    {.bitmap_index = 56464, .adv_w = 165, .box_w = 5, .box_h = 8, .ofs_x = 3, .ofs_y = 0},
    {.bitmap_index = 56482, .adv_w = 163, .box_w = 5, .box_h = 20, .ofs_x = 3, .ofs_y = 0},
    {.bitmap_index = 56513, .adv_w = 272, .box_w = 13, .box_h = 24, .ofs_x = 2, .ofs_y = 0},
    {.bitmap_index = 56612, .adv_w = 241, .box_w = 11, .box_h = 15, .ofs_x = 2, .ofs_y = 1},
    {.bitmap_index = 56684, .adv_w = 142, .box_w = 13, .box_h = 31, .ofs_x = -2, .ofs_y = 0},
    {.bitmap_index = 56735, .adv_w = 142, .box_w = 7, .box_h = 32, .ofs_x = 1, .ofs_y = 0},
    {.bitmap_index = 56774, .adv_w = 247, .box_w = 15, .box_h = 27, .ofs_x = -2, .ofs_y = -8},
    {.bitmap_index = 56923, .adv_w = 142, .box_w = 7, .box_h = 32, .ofs_x = 1, .ofs_y = -8},
    {.bitmap_index = 56962, .adv_w = 401, .box_w = 21, .box_h = 23, .ofs_x = 2, .ofs_y = -4},
    {.bitmap_index = 57142, .adv_w = 142, .box_w = 3, .box_h = 24, .ofs_x = 3, .ofs_y = 0},
    {.bitmap_index = 57147, .adv_w = 482, .box_w = 26, .box_h = 16, .ofs_x = 2, .ofs_y = -5},
    {.bitmap_index = 57266, .adv_w = 268, .box_w = 13, .box_h = 18, .ofs_x = 2, .ofs_y = -1},
    {.bitmap_index = 57362, .adv_w = 482, .box_w = 26, .box_h = 13, .ofs_x = 2, .ofs_y = 0},
    {.bitmap_index = 57478, .adv_w = 482, .box_w = 26, .box_h = 17, .ofs_x = 2, .ofs_y = 0},
    {.bitmap_index = 57610, .adv_w = 331, .box_w = 19, .box_h = 21, .ofs_x = 2, .ofs_y = -8},
    {.bitmap_index = 57758, .adv_w = 331, .box_w = 19, .box_h = 22, .ofs_x = 2, .ofs_y = -8},
    {.bitmap_index = 57903, .adv_w = 331, .box_w = 19, .box_h = 27, .ofs_x = 2, .ofs_y = -8},
    {.bitmap_index = 58062, .adv_w = 228, .box_w = 12, .box_h = 14, .ofs_x = 1, .ofs_y = 0},
    {.bitmap_index = 58128, .adv_w = 228, .box_w = 12, .box_h = 20, .ofs_x = 1, .ofs_y = 0},
    {.bitmap_index = 58206, .adv_w = 247, .box_w = 16, .box_h = 17, .ofs_x = -2, .ofs_y = -8},
    {.bitmap_index = 58298, .adv_w = 247, .box_w = 16, .box_h = 23, .ofs_x = -2, .ofs_y = -8},
    {.bitmap_index = 58401, .adv_w = 625, .box_w = 35, .box_h = 19, .ofs_x = 2, .ofs_y = -7},
    {.bitmap_index = 58600, .adv_w = 625, .box_w = 35, .box_h = 27, .ofs_x = 2, .ofs_y = -7},
    {.bitmap_index = 58837, .adv_w = 619, .box_w = 35, .box_h = 20, .ofs_x = 2, .ofs_y = -8},
    {.bitmap_index = 59058, .adv_w = 619, .box_w = 35, .box_h = 23, .ofs_x = 2, .ofs_y = -8},
    {.bitmap_index = 59292, .adv_w = 474, .box_w = 26, .box_h = 24, .ofs_x = 2, .ofs_y = 0},
    {.bitmap_index = 59414, .adv_w = 474, .box_w = 26, .box_h = 24, .ofs_x = 2, .ofs_y = 0},
    {.bitmap_index = 59544, .adv_w = 306, .box_w = 18, .box_h = 25, .ofs_x = 1, .ofs_y = -8},
    {.bitmap_index = 59704, .adv_w = 306, .box_w = 18, .box_h = 29, .ofs_x = 1, .ofs_y = -8},
    {.bitmap_index = 59879, .adv_w = 150, .box_w = 11, .box_h = 3, .ofs_x = -1, .ofs_y = 0},
    {.bitmap_index = 59887, .adv_w = 531, .box_w = 29, .box_h = 22, .ofs_x = 2, .ofs_y = -1},
    {.bitmap_index = 60064, .adv_w = 397, .box_w = 22, .box_h = 28, .ofs_x = 1, .ofs_y = -7},
    {.bitmap_index = 60262, .adv_w = 422, .box_w = 22, .box_h = 25, .ofs_x = 2, .ofs_y = -1},
    {.bitmap_index = 60399, .adv_w = 372, .box_w = 19, .box_h = 29, .ofs_x = 2, .ofs_y = -5},
    {.bitmap_index = 60499, .adv_w = 317, .box_w = 16, .box_h = 20, .ofs_x = 2, .ofs_y = -8},
    {.bitmap_index = 60596, .adv_w = 376, .box_w = 20, .box_h = 20, .ofs_x = 2, .ofs_y = -5},
    {.bitmap_index = 60729, .adv_w = 268, .box_w = 13, .box_h = 12, .ofs_x = 2, .ofs_y = -1},
    {.bitmap_index = 60806, .adv_w = 247, .box_w = 15, .box_h = 19, .ofs_x = -2, .ofs_y = -8},
    {.bitmap_index = 60917, .adv_w = 401, .box_w = 21, .box_h = 18, .ofs_x = 2, .ofs_y = -4},
    {.bitmap_index = 61063, .adv_w = 401, .box_w = 21, .box_h = 21, .ofs_x = 2, .ofs_y = -8},
    {.bitmap_index = 61227, .adv_w = 0, .box_w = 10, .box_h = 9, .ofs_x = 3, .ofs_y = 18},
    {.bitmap_index = 61270, .adv_w = 0, .box_w = 10, .box_h = 9, .ofs_x = 3, .ofs_y = 19},
    {.bitmap_index = 61312, .adv_w = 0, .box_w = 10, .box_h = 8, .ofs_x = 3, .ofs_y = -8},
    {.bitmap_index = 61351, .adv_w = 0, .box_w = 10, .box_h = 5, .ofs_x = 3, .ofs_y = 18},
    {.bitmap_index = 61374, .adv_w = 0, .box_w = 10, .box_h = 9, .ofs_x = 3, .ofs_y = 19},
    {.bitmap_index = 61415, .adv_w = 0, .box_w = 10, .box_h = 5, .ofs_x = 3, .ofs_y = -5},
    {.bitmap_index = 61437, .adv_w = 0, .box_w = 10, .box_h = 9, .ofs_x = 3, .ofs_y = 19},
    {.bitmap_index = 61480, .adv_w = 0, .box_w = 10, .box_h = 9, .ofs_x = 3, .ofs_y = 20},
    {.bitmap_index = 61525, .adv_w = 275, .box_w = 5, .box_h = 4, .ofs_x = 6, .ofs_y = 7},
    {.bitmap_index = 61532, .adv_w = 275, .box_w = 7, .box_h = 21, .ofs_x = 4, .ofs_y = 0},
    {.bitmap_index = 61593, .adv_w = 275, .box_w = 15, .box_h = 21, .ofs_x = 1, .ofs_y = 0},
    {.bitmap_index = 61689, .adv_w = 275, .box_w = 16, .box_h = 21, .ofs_x = 1, .ofs_y = 0},
    {.bitmap_index = 61806, .adv_w = 275, .box_w = 13, .box_h = 21, .ofs_x = 2, .ofs_y = 0},
    {.bitmap_index = 61912, .adv_w = 275, .box_w = 14, .box_h = 21, .ofs_x = 2, .ofs_y = 0},
    {.bitmap_index = 62038, .adv_w = 275, .box_w = 15, .box_h = 21, .ofs_x = 1, .ofs_y = 0},
    {.bitmap_index = 62142, .adv_w = 275, .box_w = 17, .box_h = 21, .ofs_x = 0, .ofs_y = 0},
    {.bitmap_index = 62273, .adv_w = 275, .box_w = 17, .box_h = 21, .ofs_x = 0, .ofs_y = 0},
    {.bitmap_index = 62405, .adv_w = 275, .box_w = 15, .box_h = 21, .ofs_x = 1, .ofs_y = 0},
    {.bitmap_index = 62525, .adv_w = 482, .box_w = 26, .box_h = 19, .ofs_x = 2, .ofs_y = -8},
    {.bitmap_index = 62666, .adv_w = 331, .box_w = 19, .box_h = 22, .ofs_x = 2, .ofs_y = -8},
    {.bitmap_index = 62828, .adv_w = 247, .box_w = 17, .box_h = 27, .ofs_x = -2, .ofs_y = -8},
    {.bitmap_index = 62953, .adv_w = 458, .box_w = 27, .box_h = 26, .ofs_x = 2, .ofs_y = -1},
    {.bitmap_index = 63158, .adv_w = 458, .box_w = 27, .box_h = 31, .ofs_x = 2, .ofs_y = -1},
    {.bitmap_index = 63405, .adv_w = 401, .box_w = 21, .box_h = 18, .ofs_x = 2, .ofs_y = -4},
    {.bitmap_index = 63551, .adv_w = 256, .box_w = 14, .box_h = 3, .ofs_x = 1, .ofs_y = 8},
    {.bitmap_index = 63563, .adv_w = 512, .box_w = 30, .box_h = 3, .ofs_x = 1, .ofs_y = 8},
    {.bitmap_index = 63575, .adv_w = 163, .box_w = 6, .box_h = 8, .ofs_x = 2, .ofs_y = 15},
    {.bitmap_index = 63598, .adv_w = 163, .box_w = 6, .box_h = 8, .ofs_x = 2, .ofs_y = 15},
    {.bitmap_index = 63620, .adv_w = 163, .box_w = 6, .box_h = 8, .ofs_x = 2, .ofs_y = -4},
    {.bitmap_index = 63643, .adv_w = 265, .box_w = 12, .box_h = 8, .ofs_x = 2, .ofs_y = 15},
    {.bitmap_index = 63688, .adv_w = 265, .box_w = 12, .box_h = 8, .ofs_x = 2, .ofs_y = 15},
    {.bitmap_index = 63729, .adv_w = 265, .box_w = 12, .box_h = 8, .ofs_x = 2, .ofs_y = -4},
    {.bitmap_index = 63775, .adv_w = 302, .box_w = 11, .box_h = 10, .ofs_x = 4, .ofs_y = 7},
    {.bitmap_index = 63817, .adv_w = 512, .box_w = 26, .box_h = 4, .ofs_x = 3, .ofs_y = 0},
    {.bitmap_index = 63834, .adv_w = 429, .box_w = 24, .box_h = 15, .ofs_x = 1, .ofs_y = 3},
    {.bitmap_index = 63920, .adv_w = 429, .box_w = 15, .box_h = 24, .ofs_x = 6, .ofs_y = 0},
    {.bitmap_index = 63987, .adv_w = 429, .box_w = 25, .box_h = 15, .ofs_x = 1, .ofs_y = 3},
    {.bitmap_index = 64071, .adv_w = 429, .box_w = 15, .box_h = 25, .ofs_x = 6, .ofs_y = -1},
    {.bitmap_index = 64142, .adv_w = 739, .box_w = 44, .box_h = 24, .ofs_x = 1, .ofs_y = 0},
    {.bitmap_index = 64509, .adv_w = 394, .box_w = 25, .box_h = 25, .ofs_x = 0, .ofs_y = -4},
    {.bitmap_index = 64635, .adv_w = 459, .box_w = 27, .box_h = 25, .ofs_x = 1, .ofs_y = -1},
    {.bitmap_index = 64832, .adv_w = 429, .box_w = 18, .box_h = 18, .ofs_x = 4, .ofs_y = 3},
    {.bitmap_index = 64939, .adv_w = 429, .box_w = 20, .box_h = 25, .ofs_x = 3, .ofs_y = -1},
    {.bitmap_index = 65112, .adv_w = 512, .box_w = 32, .box_h = 32, .ofs_x = 0, .ofs_y = -4},
    {.bitmap_index = 65368, .adv_w = 576, .box_w = 36, .box_h = 28, .ofs_x = 0, .ofs_y = -2},
    {.bitmap_index = 65619, .adv_w = 512, .box_w = 32, .box_h = 32, .ofs_x = 0, .ofs_y = -4},
    {.bitmap_index = 65833, .adv_w = 384, .box_w = 24, .box_h = 32, .ofs_x = 0, .ofs_y = -4},
    {.bitmap_index = 65991, .adv_w = 512, .box_w = 32, .box_h = 32, .ofs_x = 0, .ofs_y = -4},
    {.bitmap_index = 66353, .adv_w = 576, .box_w = 35, .box_h = 35, .ofs_x = 1, .ofs_y = -5},
    {.bitmap_index = 66629, .adv_w = 512, .box_w = 32, .box_h = 30, .ofs_x = 0, .ofs_y = -3},
    {.bitmap_index = 66844, .adv_w = 512, .box_w = 32, .box_h = 32, .ofs_x = 0, .ofs_y = -4},
    {.bitmap_index = 67065, .adv_w = 512, .box_w = 33, .box_h = 28, .ofs_x = 0, .ofs_y = -2},
    {.bitmap_index = 67270, .adv_w = 512, .box_w = 34, .box_h = 36, .ofs_x = -2, .ofs_y = -6},
    {.bitmap_index = 67576, .adv_w = 448, .box_w = 28, .box_h = 32, .ofs_x = 0, .ofs_y = -4},
    {.bitmap_index = 67833, .adv_w = 512, .box_w = 32, .box_h = 34, .ofs_x = 0, .ofs_y = -5},
    {.bitmap_index = 68178, .adv_w = 482, .box_w = 26, .box_h = 19, .ofs_x = 2, .ofs_y = -8},
    {.bitmap_index = 68319, .adv_w = 503, .box_w = 30, .box_h = 19, .ofs_x = 2, .ofs_y = -8},
    {.bitmap_index = 68481, .adv_w = 143, .box_w = 9, .box_h = 18, .ofs_x = -1, .ofs_y = -8},
    {.bitmap_index = 68540, .adv_w = 155, .box_w = 11, .box_h = 18, .ofs_x = -1, .ofs_y = -8},
    {.bitmap_index = 68609, .adv_w = 331, .box_w = 19, .box_h = 22, .ofs_x = 2, .ofs_y = -8},
    {.bitmap_index = 68771, .adv_w = 331, .box_w = 19, .box_h = 22, .ofs_x = 2, .ofs_y = -8},
    {.bitmap_index = 68949, .adv_w = 317, .box_w = 19, .box_h = 20, .ofs_x = -1, .ofs_y = -7},
    {.bitmap_index = 69070, .adv_w = 331, .box_w = 22, .box_h = 20, .ofs_x = -1, .ofs_y = -7},
    {.bitmap_index = 69211, .adv_w = 247, .box_w = 17, .box_h = 27, .ofs_x = -2, .ofs_y = -8},
    {.bitmap_index = 69336, .adv_w = 283, .box_w = 20, .box_h = 27, .ofs_x = -2, .ofs_y = -8},
    {.bitmap_index = 69477, .adv_w = 458, .box_w = 27, .box_h = 26, .ofs_x = 2, .ofs_y = -1},
    {.bitmap_index = 69682, .adv_w = 458, .box_w = 30, .box_h = 27, .ofs_x = 2, .ofs_y = -2},
    {.bitmap_index = 69909, .adv_w = 244, .box_w = 17, .box_h = 25, .ofs_x = -1, .ofs_y = 0},
    {.bitmap_index = 70047, .adv_w = 283, .box_w = 19, .box_h = 25, .ofs_x = -1, .ofs_y = 0},
    {.bitmap_index = 70200, .adv_w = 458, .box_w = 27, .box_h = 31, .ofs_x = 2, .ofs_y = -1},
    {.bitmap_index = 70447, .adv_w = 458, .box_w = 30, .box_h = 31, .ofs_x = 2, .ofs_y = -2},
    {.bitmap_index = 70717, .adv_w = 244, .box_w = 17, .box_h = 29, .ofs_x = -1, .ofs_y = 0},
    {.bitmap_index = 70894, .adv_w = 283, .box_w = 19, .box_h = 29, .ofs_x = -1, .ofs_y = 0},
    {.bitmap_index = 71086, .adv_w = 401, .box_w = 21, .box_h = 18, .ofs_x = 2, .ofs_y = -4},
    {.bitmap_index = 71232, .adv_w = 427, .box_w = 25, .box_h = 12, .ofs_x = 2, .ofs_y = -4},
    {.bitmap_index = 71347, .adv_w = 143, .box_w = 9, .box_h = 15, .ofs_x = -1, .ofs_y = -5},
    {.bitmap_index = 71396, .adv_w = 155, .box_w = 11, .box_h = 15, .ofs_x = -1, .ofs_y = -5},
    {.bitmap_index = 71454, .adv_w = 150, .box_w = 10, .box_h = 9, .ofs_x = 0, .ofs_y = 18},
    {.bitmap_index = 71496, .adv_w = 150, .box_w = 11, .box_h = 27, .ofs_x = -1, .ofs_y = 0},
    {.bitmap_index = 71558, .adv_w = 150, .box_w = 10, .box_h = 9, .ofs_x = 0, .ofs_y = 19},
    {.bitmap_index = 71601, .adv_w = 134, .box_w = 8, .box_h = 6, .ofs_x = 1, .ofs_y = 0},
    {.bitmap_index = 71624, .adv_w = 150, .box_w = 10, .box_h = 8, .ofs_x = 0, .ofs_y = -8},
    {.bitmap_index = 71663, .adv_w = 150, .box_w = 10, .box_h = 5, .ofs_x = 0, .ofs_y = 18},
    {.bitmap_index = 71686, .adv_w = 150, .box_w = 11, .box_h = 23, .ofs_x = -1, .ofs_y = 0},
    {.bitmap_index = 71727, .adv_w = 150, .box_w = 10, .box_h = 9, .ofs_x = 0, .ofs_y = 19},
    {.bitmap_index = 71769, .adv_w = 150, .box_w = 11, .box_h = 28, .ofs_x = -1, .ofs_y = 0},
    {.bitmap_index = 71832, .adv_w = 150, .box_w = 10, .box_h = 5, .ofs_x = 0, .ofs_y = -5},
    {.bitmap_index = 71854, .adv_w = 150, .box_w = 11, .box_h = 8, .ofs_x = -1, .ofs_y = -5},
    {.bitmap_index = 71886, .adv_w = 150, .box_w = 11, .box_h = 9, .ofs_x = -1, .ofs_y = 19},
    {.bitmap_index = 71932, .adv_w = 150, .box_w = 11, .box_h = 28, .ofs_x = -1, .ofs_y = 0},
    {.bitmap_index = 71997, .adv_w = 150, .box_w = 9, .box_h = 9, .ofs_x = 0, .ofs_y = 20},
    {.bitmap_index = 72037, .adv_w = 150, .box_w = 11, .box_h = 28, .ofs_x = -1, .ofs_y = 0},
    {.bitmap_index = 72106, .adv_w = 241, .box_w = 11, .box_h = 15, .ofs_x = 2, .ofs_y = 1},
    {.bitmap_index = 72178, .adv_w = 142, .box_w = 13, .box_h = 31, .ofs_x = -2, .ofs_y = 0},
    {.bitmap_index = 72229, .adv_w = 156, .box_w = 13, .box_h = 31, .ofs_x = -2, .ofs_y = 0},
    {.bitmap_index = 72301, .adv_w = 142, .box_w = 7, .box_h = 33, .ofs_x = 1, .ofs_y = 0},
    {.bitmap_index = 72341, .adv_w = 156, .box_w = 10, .box_h = 33, .ofs_x = 1, .ofs_y = 0},
    {.bitmap_index = 72409, .adv_w = 247, .box_w = 15, .box_h = 27, .ofs_x = -2, .ofs_y = -8},
    {.bitmap_index = 72558, .adv_w = 265, .box_w = 19, .box_h = 27, .ofs_x = -2, .ofs_y = -8},
    {.bitmap_index = 72730, .adv_w = 142, .box_w = 7, .box_h = 32, .ofs_x = 1, .ofs_y = -8},
    {.bitmap_index = 72769, .adv_w = 156, .box_w = 10, .box_h = 32, .ofs_x = 1, .ofs_y = -8},
    {.bitmap_index = 72836, .adv_w = 401, .box_w = 21, .box_h = 23, .ofs_x = 2, .ofs_y = -4},
    {.bitmap_index = 73016, .adv_w = 427, .box_w = 25, .box_h = 19, .ofs_x = 2, .ofs_y = -4},
    {.bitmap_index = 73174, .adv_w = 143, .box_w = 9, .box_h = 20, .ofs_x = -1, .ofs_y = 0},
    {.bitmap_index = 73243, .adv_w = 155, .box_w = 11, .box_h = 20, .ofs_x = -1, .ofs_y = 0},
    {.bitmap_index = 73319, .adv_w = 142, .box_w = 3, .box_h = 24, .ofs_x = 3, .ofs_y = 0},
    {.bitmap_index = 73324, .adv_w = 156, .box_w = 8, .box_h = 24, .ofs_x = 3, .ofs_y = 0},
    {.bitmap_index = 73352, .adv_w = 482, .box_w = 26, .box_h = 16, .ofs_x = 2, .ofs_y = -5},
    {.bitmap_index = 73471, .adv_w = 503, .box_w = 30, .box_h = 16, .ofs_x = 2, .ofs_y = -5},
    {.bitmap_index = 73612, .adv_w = 143, .box_w = 8, .box_h = 15, .ofs_x = -1, .ofs_y = -5},
    {.bitmap_index = 73655, .adv_w = 155, .box_w = 11, .box_h = 15, .ofs_x = -1, .ofs_y = -5},
    {.bitmap_index = 73710, .adv_w = 268, .box_w = 13, .box_h = 18, .ofs_x = 2, .ofs_y = -1},
    {.bitmap_index = 73806, .adv_w = 275, .box_w = 16, .box_h = 17, .ofs_x = 2, .ofs_y = 0},
    {.bitmap_index = 73906, .adv_w = 482, .box_w = 26, .box_h = 13, .ofs_x = 2, .ofs_y = 0},
    {.bitmap_index = 74022, .adv_w = 503, .box_w = 30, .box_h = 13, .ofs_x = 2, .ofs_y = 0},
    {.bitmap_index = 74154, .adv_w = 143, .box_w = 9, .box_h = 16, .ofs_x = -1, .ofs_y = 0},
    {.bitmap_index = 74203, .adv_w = 155, .box_w = 11, .box_h = 16, .ofs_x = -1, .ofs_y = 0},
    {.bitmap_index = 74259, .adv_w = 482, .box_w = 26, .box_h = 17, .ofs_x = 2, .ofs_y = 0},
    {.bitmap_index = 74391, .adv_w = 503, .box_w = 30, .box_h = 17, .ofs_x = 2, .ofs_y = 0},
    {.bitmap_index = 74538, .adv_w = 143, .box_w = 9, .box_h = 20, .ofs_x = -1, .ofs_y = 0},
    {.bitmap_index = 74598, .adv_w = 155, .box_w = 11, .box_h = 20, .ofs_x = -1, .ofs_y = 0},
    {.bitmap_index = 74665, .adv_w = 331, .box_w = 19, .box_h = 21, .ofs_x = 2, .ofs_y = -8},
    {.bitmap_index = 74813, .adv_w = 331, .box_w = 19, .box_h = 22, .ofs_x = 2, .ofs_y = -8},
    {.bitmap_index = 74986, .adv_w = 317, .box_w = 19, .box_h = 18, .ofs_x = -1, .ofs_y = -5},
    {.bitmap_index = 75090, .adv_w = 331, .box_w = 22, .box_h = 18, .ofs_x = -1, .ofs_y = -5},
    {.bitmap_index = 75216, .adv_w = 331, .box_w = 19, .box_h = 22, .ofs_x = 2, .ofs_y = -8},
    {.bitmap_index = 75361, .adv_w = 331, .box_w = 19, .box_h = 22, .ofs_x = 2, .ofs_y = -8},
    {.bitmap_index = 75528, .adv_w = 317, .box_w = 19, .box_h = 13, .ofs_x = -1, .ofs_y = 0},
    {.bitmap_index = 75616, .adv_w = 331, .box_w = 22, .box_h = 13, .ofs_x = -1, .ofs_y = 0},
    {.bitmap_index = 75721, .adv_w = 331, .box_w = 19, .box_h = 27, .ofs_x = 2, .ofs_y = -8},
    {.bitmap_index = 75880, .adv_w = 331, .box_w = 19, .box_h = 27, .ofs_x = 2, .ofs_y = -8},
    {.bitmap_index = 76062, .adv_w = 317, .box_w = 19, .box_h = 18, .ofs_x = -1, .ofs_y = 0},
    {.bitmap_index = 76165, .adv_w = 331, .box_w = 22, .box_h = 18, .ofs_x = -1, .ofs_y = 0},
    {.bitmap_index = 76285, .adv_w = 228, .box_w = 12, .box_h = 14, .ofs_x = 1, .ofs_y = 0},
    {.bitmap_index = 76351, .adv_w = 269, .box_w = 17, .box_h = 14, .ofs_x = 1, .ofs_y = 0},
    {.bitmap_index = 76435, .adv_w = 228, .box_w = 12, .box_h = 20, .ofs_x = 1, .ofs_y = 0},
    {.bitmap_index = 76513, .adv_w = 269, .box_w = 17, .box_h = 20, .ofs_x = 1, .ofs_y = 0},
    {.bitmap_index = 76611, .adv_w = 247, .box_w = 16, .box_h = 17, .ofs_x = -2, .ofs_y = -8},
    {.bitmap_index = 76703, .adv_w = 283, .box_w = 20, .box_h = 17, .ofs_x = -2, .ofs_y = -8},
    {.bitmap_index = 76806, .adv_w = 247, .box_w = 16, .box_h = 23, .ofs_x = -2, .ofs_y = -8},
    {.bitmap_index = 76909, .adv_w = 283, .box_w = 20, .box_h = 23, .ofs_x = -2, .ofs_y = -8},
    {.bitmap_index = 77028, .adv_w = 625, .box_w = 35, .box_h = 19, .ofs_x = 2, .ofs_y = -7},
    {.bitmap_index = 77227, .adv_w = 653, .box_w = 40, .box_h = 19, .ofs_x = 2, .ofs_y = -7},
    {.bitmap_index = 77441, .adv_w = 429, .box_w = 26, .box_h = 12, .ofs_x = -1, .ofs_y = 0},
    {.bitmap_index = 77543, .adv_w = 457, .box_w = 30, .box_h = 12, .ofs_x = -1, .ofs_y = 0},
    {.bitmap_index = 77655, .adv_w = 625, .box_w = 35, .box_h = 27, .ofs_x = 2, .ofs_y = -7},
    {.bitmap_index = 77892, .adv_w = 653, .box_w = 40, .box_h = 27, .ofs_x = 2, .ofs_y = -7},
    {.bitmap_index = 78149, .adv_w = 429, .box_w = 26, .box_h = 20, .ofs_x = -1, .ofs_y = 0},
    {.bitmap_index = 78295, .adv_w = 457, .box_w = 30, .box_h = 20, .ofs_x = -1, .ofs_y = 0},
    {.bitmap_index = 78450, .adv_w = 619, .box_w = 35, .box_h = 20, .ofs_x = 2, .ofs_y = -8},
    {.bitmap_index = 78671, .adv_w = 627, .box_w = 38, .box_h = 20, .ofs_x = 2, .ofs_y = -8},
    {.bitmap_index = 78902, .adv_w = 435, .box_w = 26, .box_h = 12, .ofs_x = -1, .ofs_y = 0},
    {.bitmap_index = 79024, .adv_w = 444, .box_w = 30, .box_h = 12, .ofs_x = -1, .ofs_y = 0},
    {.bitmap_index = 79157, .adv_w = 619, .box_w = 35, .box_h = 23, .ofs_x = 2, .ofs_y = -8},
    {.bitmap_index = 79391, .adv_w = 627, .box_w = 38, .box_h = 23, .ofs_x = 2, .ofs_y = -8},
    {.bitmap_index = 79635, .adv_w = 435, .box_w = 26, .box_h = 15, .ofs_x = -1, .ofs_y = 0},
    {.bitmap_index = 79768, .adv_w = 444, .box_w = 30, .box_h = 15, .ofs_x = -1, .ofs_y = 0},
    {.bitmap_index = 79912, .adv_w = 474, .box_w = 26, .box_h = 24, .ofs_x = 2, .ofs_y = 0},
    {.bitmap_index = 80034, .adv_w = 486, .box_w = 29, .box_h = 24, .ofs_x = 2, .ofs_y = 0},
    {.bitmap_index = 80166, .adv_w = 408, .box_w = 25, .box_h = 24, .ofs_x = -1, .ofs_y = 0},
    {.bitmap_index = 80287, .adv_w = 420, .box_w = 28, .box_h = 24, .ofs_x = -1, .ofs_y = 0},
    {.bitmap_index = 80420, .adv_w = 474, .box_w = 26, .box_h = 24, .ofs_x = 2, .ofs_y = 0},
    {.bitmap_index = 80550, .adv_w = 486, .box_w = 29, .box_h = 24, .ofs_x = 2, .ofs_y = 0},
    {.bitmap_index = 80692, .adv_w = 408, .box_w = 25, .box_h = 24, .ofs_x = -1, .ofs_y = 0},
    {.bitmap_index = 80822, .adv_w = 420, .box_w = 28, .box_h = 24, .ofs_x = -1, .ofs_y = 0},
    {.bitmap_index = 80964, .adv_w = 306, .box_w = 18, .box_h = 25, .ofs_x = 1, .ofs_y = -8},
    {.bitmap_index = 81124, .adv_w = 273, .box_w = 18, .box_h = 20, .ofs_x = 1, .ofs_y = -8},
    {.bitmap_index = 81269, .adv_w = 306, .box_w = 17, .box_h = 17, .ofs_x = -1, .ofs_y = 0},
    {.bitmap_index = 81375, .adv_w = 247, .box_w = 17, .box_h = 12, .ofs_x = -1, .ofs_y = 0},
    {.bitmap_index = 81460, .adv_w = 306, .box_w = 18, .box_h = 29, .ofs_x = 1, .ofs_y = -8},
    {.bitmap_index = 81635, .adv_w = 273, .box_w = 18, .box_h = 26, .ofs_x = 1, .ofs_y = -8},
    {.bitmap_index = 81795, .adv_w = 268, .box_w = 17, .box_h = 21, .ofs_x = -1, .ofs_y = 0},
    {.bitmap_index = 81916, .adv_w = 247, .box_w = 17, .box_h = 18, .ofs_x = -1, .ofs_y = 0},
    {.bitmap_index = 82015, .adv_w = 531, .box_w = 29, .box_h = 22, .ofs_x = 2, .ofs_y = -1},
    {.bitmap_index = 82192, .adv_w = 530, .box_w = 32, .box_h = 20, .ofs_x = 2, .ofs_y = -2},
    {.bitmap_index = 82362, .adv_w = 245, .box_w = 14, .box_h = 21, .ofs_x = -1, .ofs_y = 0},
    {.bitmap_index = 82462, .adv_w = 259, .box_w = 18, .box_h = 18, .ofs_x = -1, .ofs_y = 0},
    {.bitmap_index = 82556, .adv_w = 397, .box_w = 22, .box_h = 28, .ofs_x = 1, .ofs_y = -7},
    {.bitmap_index = 82754, .adv_w = 427, .box_w = 26, .box_h = 24, .ofs_x = 1, .ofs_y = -8},
    {.bitmap_index = 82953, .adv_w = 245, .box_w = 14, .box_h = 21, .ofs_x = -1, .ofs_y = 0},
    {.bitmap_index = 83059, .adv_w = 259, .box_w = 18, .box_h = 18, .ofs_x = -1, .ofs_y = 0},
    {.bitmap_index = 83158, .adv_w = 422, .box_w = 22, .box_h = 25, .ofs_x = 2, .ofs_y = -1},
    {.bitmap_index = 83295, .adv_w = 432, .box_w = 26, .box_h = 25, .ofs_x = 2, .ofs_y = -1},
    {.bitmap_index = 83448, .adv_w = 244, .box_w = 17, .box_h = 25, .ofs_x = -1, .ofs_y = 0},
    {.bitmap_index = 83586, .adv_w = 283, .box_w = 19, .box_h = 25, .ofs_x = -1, .ofs_y = 0},
    {.bitmap_index = 83739, .adv_w = 372, .box_w = 19, .box_h = 29, .ofs_x = 2, .ofs_y = -5},
    {.bitmap_index = 83839, .adv_w = 388, .box_w = 23, .box_h = 29, .ofs_x = 2, .ofs_y = -5},
    {.bitmap_index = 83950, .adv_w = 156, .box_w = 8, .box_h = 24, .ofs_x = -1, .ofs_y = 0},
    {.bitmap_index = 83979, .adv_w = 170, .box_w = 12, .box_h = 24, .ofs_x = -1, .ofs_y = 0},
    {.bitmap_index = 84021, .adv_w = 317, .box_w = 16, .box_h = 20, .ofs_x = 2, .ofs_y = -8},
    {.bitmap_index = 84118, .adv_w = 341, .box_w = 20, .box_h = 18, .ofs_x = 2, .ofs_y = -7},
    {.bitmap_index = 84228, .adv_w = 274, .box_w = 16, .box_h = 11, .ofs_x = -1, .ofs_y = 0},
    {.bitmap_index = 84299, .adv_w = 296, .box_w = 20, .box_h = 11, .ofs_x = -1, .ofs_y = 0},
    {.bitmap_index = 84379, .adv_w = 376, .box_w = 20, .box_h = 20, .ofs_x = 2, .ofs_y = -5},
    {.bitmap_index = 84512, .adv_w = 390, .box_w = 23, .box_h = 19, .ofs_x = 2, .ofs_y = -8},
    {.bitmap_index = 84659, .adv_w = 143, .box_w = 8, .box_h = 16, .ofs_x = -1, .ofs_y = 0},
    {.bitmap_index = 84702, .adv_w = 155, .box_w = 11, .box_h = 16, .ofs_x = -1, .ofs_y = 0},
    {.bitmap_index = 84752, .adv_w = 268, .box_w = 13, .box_h = 12, .ofs_x = 2, .ofs_y = -1},
    {.bitmap_index = 84829, .adv_w = 275, .box_w = 16, .box_h = 12, .ofs_x = 2, .ofs_y = 0},
    {.bitmap_index = 84911, .adv_w = 270, .box_w = 16, .box_h = 17, .ofs_x = -1, .ofs_y = -1},
    {.bitmap_index = 85025, .adv_w = 236, .box_w = 17, .box_h = 19, .ofs_x = -1, .ofs_y = -8},
    {.bitmap_index = 85151, .adv_w = 247, .box_w = 15, .box_h = 19, .ofs_x = -2, .ofs_y = -8},
    {.bitmap_index = 85262, .adv_w = 265, .box_w = 19, .box_h = 18, .ofs_x = -2, .ofs_y = -8},
    {.bitmap_index = 85385, .adv_w = 401, .box_w = 21, .box_h = 18, .ofs_x = 2, .ofs_y = -4},
    {.bitmap_index = 85531, .adv_w = 427, .box_w = 25, .box_h = 12, .ofs_x = 2, .ofs_y = -4},
    {.bitmap_index = 85646, .adv_w = 401, .box_w = 21, .box_h = 21, .ofs_x = 2, .ofs_y = -8},
    {.bitmap_index = 85810, .adv_w = 427, .box_w = 25, .box_h = 16, .ofs_x = 2, .ofs_y = -8},
    {.bitmap_index = 85949, .adv_w = 143, .box_w = 9, .box_h = 15, .ofs_x = -1, .ofs_y = -5},
    {.bitmap_index = 85998, .adv_w = 155, .box_w = 11, .box_h = 15, .ofs_x = -1, .ofs_y = -5},
    {.bitmap_index = 86056, .adv_w = 292, .box_w = 19, .box_h = 29, .ofs_x = -4, .ofs_y = 0},
    {.bitmap_index = 86231, .adv_w = 306, .box_w = 24, .box_h = 29, .ofs_x = -4, .ofs_y = 0},
    {.bitmap_index = 86425, .adv_w = 292, .box_w = 16, .box_h = 31, .ofs_x = -1, .ofs_y = 0},
    {.bitmap_index = 86594, .adv_w = 306, .box_w = 21, .box_h = 31, .ofs_x = -1, .ofs_y = 0},
    {.bitmap_index = 86789, .adv_w = 292, .box_w = 15, .box_h = 32, .ofs_x = 0, .ofs_y = -8},
    {.bitmap_index = 86954, .adv_w = 306, .box_w = 20, .box_h = 32, .ofs_x = 0, .ofs_y = -8},
    {.bitmap_index = 87154, .adv_w = 292, .box_w = 14, .box_h = 24, .ofs_x = 1, .ofs_y = 0},
    {.bitmap_index = 87273, .adv_w = 306, .box_w = 19, .box_h = 24, .ofs_x = 1, .ofs_y = 0}
};

/*---------------------
 *  CHARACTER MAPPING
 *--------------------*/

static const uint8_t glyph_id_ofs_list_2[] = {
    0, 1, 2, 3, 4, 5, 6, 0,
    7
};

static const uint16_t unicode_list_6[] = {
    0x0, 0x1, 0x17c, 0x18b, 0x18f
};

static const uint16_t unicode_list_10[] = {
    0x0, 0x8, 0x1a, 0x2b, 0x31, 0x4e, 0x1995, 0x1996,
    0x199a, 0x199b, 0x199c, 0x199e, 0x199f, 0x19a0, 0x19a4, 0x19a8,
    0x1b12, 0x1b13, 0x1b14, 0x1b15, 0x1caa, 0x1f38, 0x2022, 0x2095,
    0x2099, 0xe9dc, 0xea6f, 0xeab0, 0xeade, 0xeb4f, 0xeb5a, 0xeb60,
    0xec5d, 0xec77, 0xec7b, 0xef12, 0xef7f, 0xf4d8, 0xf4d9, 0xf4da,
    0xf4db, 0xf4fc, 0xf4fd, 0xf4fe, 0xf4ff, 0xf50c, 0xf50d, 0xf510,
    0xf511, 0xf512, 0xf513, 0xf514, 0xf515, 0xf516, 0xf517, 0xf57e,
    0xf57f, 0xf580, 0xf581, 0xf7f2, 0xf7f3, 0xf7f4, 0xf7f5, 0xf7f6
};

/*Collect the unicode lists and glyph_id offsets*/
static const lv_font_fmt_txt_cmap_t cmaps[] =
{
    {
        .range_start = 32, .range_length = 95, .glyph_id_start = 1,
        .unicode_list = NULL, .glyph_id_ofs_list = NULL, .list_length = 0, .type = LV_FONT_FMT_TXT_CMAP_FORMAT0_TINY
    },
    {
        .range_start = 160, .range_length = 224, .glyph_id_start = 96,
        .unicode_list = NULL, .glyph_id_ofs_list = NULL, .list_length = 0, .type = LV_FONT_FMT_TXT_CMAP_FORMAT0_TINY
    },
    {
        .range_start = 900, .range_length = 9, .glyph_id_start = 320,
        .unicode_list = NULL, .glyph_id_ofs_list = glyph_id_ofs_list_2, .list_length = 9, .type = LV_FONT_FMT_TXT_CMAP_FORMAT0_FULL
    },
    {
        .range_start = 910, .range_length = 20, .glyph_id_start = 328,
        .unicode_list = NULL, .glyph_id_ofs_list = NULL, .list_length = 0, .type = LV_FONT_FMT_TXT_CMAP_FORMAT0_TINY
    },
    {
        .range_start = 931, .range_length = 44, .glyph_id_start = 348,
        .unicode_list = NULL, .glyph_id_ofs_list = NULL, .list_length = 0, .type = LV_FONT_FMT_TXT_CMAP_FORMAT0_TINY
    },
    {
        .range_start = 1024, .range_length = 96, .glyph_id_start = 392,
        .unicode_list = NULL, .glyph_id_ofs_list = NULL, .list_length = 0, .type = LV_FONT_FMT_TXT_CMAP_FORMAT0_TINY
    },
    {
        .range_start = 1168, .range_length = 400, .glyph_id_start = 488,
        .unicode_list = unicode_list_6, .glyph_id_ofs_list = NULL, .list_length = 5, .type = LV_FONT_FMT_TXT_CMAP_SPARSE_TINY
    },
    {
        .range_start = 1569, .range_length = 26, .glyph_id_start = 493,
        .unicode_list = NULL, .glyph_id_ofs_list = NULL, .list_length = 0, .type = LV_FONT_FMT_TXT_CMAP_FORMAT0_TINY
    },
    {
        .range_start = 1600, .range_length = 19, .glyph_id_start = 519,
        .unicode_list = NULL, .glyph_id_ofs_list = NULL, .list_length = 0, .type = LV_FONT_FMT_TXT_CMAP_FORMAT0_TINY
    },
    {
        .range_start = 1632, .range_length = 10, .glyph_id_start = 538,
        .unicode_list = NULL, .glyph_id_ofs_list = NULL, .list_length = 0, .type = LV_FONT_FMT_TXT_CMAP_FORMAT0_TINY
    },
    {
        .range_start = 1662, .range_length = 63479, .glyph_id_start = 548,
        .unicode_list = unicode_list_10, .glyph_id_ofs_list = NULL, .list_length = 64, .type = LV_FONT_FMT_TXT_CMAP_SPARSE_TINY
    },
    {
        .range_start = 65142, .range_length = 135, .glyph_id_start = 612,
        .unicode_list = NULL, .glyph_id_ofs_list = NULL, .list_length = 0, .type = LV_FONT_FMT_TXT_CMAP_FORMAT0_TINY
    }
};



/*--------------------
 *  ALL CUSTOM DATA
 *--------------------*/

#if LVGL_VERSION_MAJOR == 8
/*Store all the custom data of the font*/
static  lv_font_fmt_txt_glyph_cache_t cache;
#endif

#if LVGL_VERSION_MAJOR >= 8
static const lv_font_fmt_txt_dsc_t font_dsc = {
#else
static lv_font_fmt_txt_dsc_t font_dsc = {
#endif
    .glyph_bitmap = glyph_bitmap,
    .glyph_dsc = glyph_dsc,
    .cmaps = cmaps,
    .kern_dsc = NULL,
    .kern_scale = 0,
    .cmap_num = 12,
    .bpp = 4,
    .kern_classes = 0,
    .bitmap_format = 1,
#if LVGL_VERSION_MAJOR == 8
    .cache = &cache
#endif
};



/*-----------------
 *  PUBLIC FONT
 *----------------*/

/*Initialize a public general font descriptor*/
#if LVGL_VERSION_MAJOR >= 8
const lv_font_t orm_font_32 = {
#else
lv_font_t orm_font_32 = {
#endif
    .get_glyph_dsc = lv_font_get_glyph_dsc_fmt_txt,    /*Function pointer to get glyph's data*/
    .get_glyph_bitmap = lv_font_get_bitmap_fmt_txt,    /*Function pointer to get glyph's bitmap*/
    .line_height = 41,          /*The maximum line height required by the font*/
    .base_line = 8,             /*Baseline measured from the bottom of the line*/
#if !(LVGL_VERSION_MAJOR == 6 && LVGL_VERSION_MINOR == 0)
    .subpx = LV_FONT_SUBPX_NONE,
#endif
#if LV_VERSION_CHECK(7, 4, 0) || LVGL_VERSION_MAJOR >= 8
    .underline_position = -1,
    .underline_thickness = 1,
#endif
    .dsc = &font_dsc,          /*The custom font data. Will be accessed by `get_glyph_bitmap/dsc` */
#if LV_VERSION_CHECK(8, 2, 0) || LVGL_VERSION_MAJOR >= 9
    .fallback = NULL,
#endif
    .user_data = NULL,
};



#endif /*#if ORM_FONT_32*/
