/* Generated by tools/mkfonts.sh, do not edit. Rendered from DejaVu Sans 2.37
 * (Bitstream Vera and Arev licenses, tools/fonts/DejaVuSans-LICENSE.txt) and icons of
 * Font Awesome 7.3.1 Free Solid (SIL OFL 1.1, tools/fonts/fontawesome/LICENSE.txt). */
/*******************************************************************************
 * Size: 16 px
 * Bpp: 4
 * Opts: --bpp 4 --size 16 --format lvgl --font tools/fonts/DejaVuSans.ttf -r 0x20-0x7E,0xA0-0x17F,0x384-0x38A,0x38C,0x38E-0x3A1,0x3A3-0x3CE,0x400-0x45F,0x490-0x491,0x60C,0x61B,0x61F,0x621-0x652,0x660-0x669,0x67E,0x686,0x698,0x6A9,0x6AF,0x6CC,0xFB56-0xFB59,0xFB7A-0xFB7D,0xFB8A-0xFB8B,0xFB8E-0xFB95,0xFBFC-0xFBFF,0xFE70-0xFEFC,0x2013-0x2014,0x2018-0x201A,0x201C-0x201E,0x2022,0x2026,0x2190-0x2193,0x2328,0x2713,0x2717,0x26A0,0x25B6 --font tools/fonts/fontawesome/fa-solid-900.ttf -r 0xF2F9,0xF15C,0xF1D8,0xF12E,0xF0ED,0xF1DE,0xF1CD,0xF2DB,0xF5FD,0xF590,0xF05A,0xF2F5 --lv-include lvgl.h --lv-font-name orm_font_16 -o src/fonts/orm_font_16.c.tmp
 ******************************************************************************/

#ifdef LV_LVGL_H_INCLUDE_SIMPLE
#include "lvgl.h"
#else
#include "lvgl.h"
#endif

#ifndef ORM_FONT_16
#define ORM_FONT_16 1
#endif

#if ORM_FONT_16

/*-----------------
 *    BITMAPS
 *----------------*/

/*Store the image of the glyphs*/
static LV_ATTRIBUTE_LARGE_CONST const uint8_t glyph_bitmap[] = {
    /* U+0020 " " */

    /* U+0021 "!" */
    0x9f, 0x0, 0xfc, 0x20, 0x1, 0xe3, 0x6d, 0x0,
    0x4f, 0x80, 0x0,

    /* U+0022 "\"" */
    0x7e, 0x8, 0xd0, 0xf, 0xfe, 0x1a, 0xd0, 0x54,
    0x80,

    /* U+0023 "#" */
    0x0, 0xcb, 0xc0, 0xc, 0x70, 0xf, 0x6a, 0x80,
    0xd, 0x0, 0x3c, 0x86, 0x6, 0x6, 0x1, 0xe3,
    0xc0, 0x52, 0x0, 0xdd, 0xfe, 0xb, 0xf9, 0x2f,
    0xf1, 0x86, 0x61, 0xcb, 0x30, 0x31, 0x98, 0x30,
    0x23, 0x24, 0x32, 0x15, 0x33, 0x0, 0x64, 0xc0,
    0x41, 0x20, 0xb, 0x3f, 0xc3, 0x5f, 0x43, 0xfe,
    0x40, 0xec, 0x72, 0xcc, 0xc, 0x66, 0x10, 0x8,
    0xc9, 0xc, 0x44, 0xc6, 0x60, 0xc, 0xba, 0x8,
    0x42, 0x1, 0x80,

    /* U+0024 "$" */
    0x0, 0x99, 0x80, 0x1f, 0xfc, 0x5, 0xc8, 0x9d,
    0xa1, 0x5a, 0xb9, 0x79, 0x30, 0xc2, 0x71, 0xe4,
    0x91, 0x11, 0x18, 0x7, 0x49, 0xe4, 0x53, 0x8,
    0xe, 0x61, 0x6, 0x3c, 0xc0, 0x7, 0x97, 0xc7,
    0x0, 0x1e, 0x77, 0x4c, 0x20, 0xf3, 0xad, 0xe9,
    0x54, 0x3d, 0x43, 0xa5, 0x74, 0xcb, 0x5c, 0x3,
    0xff, 0x80, 0xaa, 0x0, 0x80,

    /* U+0025 "%" */
    0x2, 0xbf, 0xc3, 0x0, 0xd5, 0x20, 0x1b, 0x87,
    0xef, 0x40, 0x24, 0x44, 0x80, 0x63, 0x90, 0x71,
    0x30, 0x4, 0xd8, 0x7, 0x84, 0x3, 0xa1, 0x94,
    0x3, 0x8e, 0xc1, 0xc4, 0xc9, 0xe4, 0x3, 0xdc,
    0x5f, 0x7a, 0x12, 0xe4, 0x1, 0xe2, 0xbf, 0xc3,
    0x55, 0x40, 0xdf, 0x61, 0x80, 0x7d, 0x76, 0xa,
    0x1e, 0xad, 0x0, 0xf4, 0x2a, 0x81, 0x24, 0x18,
    0x50, 0x3, 0x13, 0xc8, 0x7, 0xff, 0x3, 0xa0,
    0x80, 0x9, 0x20, 0xe2, 0x80, 0x12, 0x8b, 0x80,
    0x54, 0x3f, 0x54, 0x0,

    /* U+0026 "&" */
    0x0, 0x2e, 0xff, 0x50, 0x7, 0x25, 0x3d, 0xc3,
    0x8, 0x6, 0xd1, 0xa4, 0x6c, 0x10, 0xc, 0x23,
    0x0, 0x7e, 0xa0, 0xa0, 0xf, 0xd0, 0x29, 0x40,
    0x19, 0x5, 0xd7, 0x69, 0x68, 0x0, 0x56, 0xb4,
    0xa6, 0xb4, 0xb2, 0x8, 0x8, 0x46, 0x0, 0x59,
    0x69, 0xb6, 0x3, 0x40, 0x9, 0xa5, 0x8a, 0x3,
    0xca, 0xcc, 0x4f, 0x0, 0x12, 0x7, 0x81, 0xbd,
    0xc3, 0xd8, 0x77, 0x0,

    /* U+0027 "'" */
    0x7e, 0x0, 0xf2, 0xd0,

    /* U+0028 "(" */
    0x0, 0x45, 0x81, 0x3c, 0x5, 0x99, 0x81, 0xec,
    0xc, 0x50, 0x10, 0xc, 0x38, 0x3, 0x8, 0x0,
    0x44, 0x0, 0xd0, 0x10, 0x70, 0x40, 0x23, 0xf0,
    0x4, 0xa8, 0x1, 0x49, 0xc0, 0x1c, 0x20,

    /* U+0029 ")" */
    0x7c, 0x0, 0x39, 0x28, 0x1, 0xe4, 0x1, 0x46,
    0x60, 0x30, 0x40, 0x1, 0xe0, 0x1, 0xdc, 0x0,
    0x11, 0x0, 0x4, 0x40, 0x5, 0x50, 0x8, 0xb0,
    0x1c, 0x14, 0x35, 0x80, 0xd2, 0x1, 0xe8, 0x40,

    /* U+002A "*" */
    0x0, 0x9d, 0xc0, 0x11, 0x20, 0x6, 0x42, 0xf,
    0xbf, 0xea, 0xf0, 0x2b, 0xf7, 0x6e, 0xb2, 0x5,
    0x84, 0x38, 0x50, 0x4f, 0xdc, 0xbd, 0xc4, 0x45,
    0x8, 0x0, 0x65, 0x0, 0x25, 0x50, 0x4,

    /* U+002B "+" */
    0x0, 0xff, 0xe2, 0x7a, 0x80, 0x7f, 0xf3, 0xc4,
    0x70, 0x18, 0x8c, 0x9, 0xdd, 0x82, 0x7b, 0xab,
    0x5b, 0xbc, 0xf, 0x77, 0x40, 0xa2, 0x60, 0xd4,
    0x48, 0xc0, 0x3f, 0xfa, 0xa0,

    /* U+002C "," */
    0x1d, 0x73, 0x20, 0x40, 0x6c, 0x71,

    /* U+002D "-" */
    0x1, 0x1c, 0x7d, 0xd8, 0xf3, 0x30,

    /* U+002E "." */
    0x4f, 0x50, 0x8,

    /* U+002F "/" */
    0x0, 0x87, 0xcc, 0x2, 0x71, 0x30, 0xb, 0x5c,
    0x3, 0x26, 0x80, 0x4a, 0x8, 0x1, 0x7a, 0x80,
    0x65, 0xf0, 0x9, 0x1, 0x0, 0x2d, 0x41, 0x0,
    0x9f, 0x40, 0x23, 0x17, 0x0, 0xac, 0xc4, 0x2,
    0x5b, 0x0, 0xc0,

    /* U+0030 "0" */
    0x1, 0xae, 0xfb, 0x20, 0xb, 0x12, 0x29, 0xb0,
    0x41, 0x4a, 0x99, 0x70, 0x64, 0x3c, 0x50, 0x0,
    0x28, 0xa0, 0xea, 0x1, 0x8c, 0x80, 0xc4, 0x3,
    0x78, 0x8, 0x7, 0xf1, 0x88, 0x6, 0xf0, 0x17,
    0x50, 0xc, 0x64, 0x18, 0x26, 0x0, 0x14, 0x50,
    0x62, 0xd6, 0x5c, 0x19, 0x0, 0x62, 0x45, 0x36,
    0x8, 0x0,

    /* U+0031 "1" */
    0x19, 0xcf, 0xf1, 0x0, 0x9, 0xdc, 0x80, 0x18,
    0xfa, 0xf0, 0x3, 0xff, 0xe2, 0xaa, 0xe0, 0x45,
    0x30, 0xaa, 0x30, 0x4d, 0x40,

    /* U+0032 "2" */
    0x49, 0xdf, 0xd9, 0x10, 0x85, 0xaa, 0x2b, 0x60,
    0x76, 0x3a, 0xc5, 0x13, 0x10, 0x6, 0x40, 0x10,
    0xe, 0x40, 0x20, 0xc, 0x36, 0x6a, 0x1, 0xb4,
    0x38, 0x3, 0x59, 0xe9, 0x0, 0x56, 0x98, 0x60,
    0x15, 0x26, 0x18, 0x5, 0x2a, 0xcc, 0x55, 0x8d,
    0x1, 0xaa, 0xb8,

    /* U+0033 "3" */
    0x3b, 0xef, 0xeb, 0x30, 0x61, 0x9a, 0x96, 0xc3,
    0x5a, 0x75, 0x7c, 0xb, 0x0, 0xe1, 0x0, 0xf1,
    0x50, 0x50, 0x3, 0x3f, 0x53, 0x8, 0x1, 0xd9,
    0x45, 0xa6, 0x0, 0x23, 0x5c, 0x8, 0x0, 0xf2,
    0xa8, 0x3, 0x85, 0x55, 0x72, 0xcb, 0x1e, 0x31,
    0xab, 0x14, 0xa9, 0xa6,

    /* U+0034 "4" */
    0x0, 0xea, 0xfa, 0x0, 0xf2, 0x20, 0x3, 0xf5,
    0x40, 0x7, 0xd2, 0x4c, 0x1, 0xe3, 0x6e, 0x0,
    0xfb, 0xdc, 0x80, 0x3c, 0xe5, 0x0, 0x1e, 0x18,
    0x80, 0x8c, 0x0, 0x10, 0x20, 0x9e, 0xe8, 0x17,
    0x90, 0xee, 0xf8, 0x12, 0xd4, 0x11, 0x38, 0x5,
    0x4, 0x3, 0xfc,

    /* U+0035 "5" */
    0x4f, 0xfe, 0xe0, 0xa, 0x2a, 0xb0, 0x4, 0xab,
    0x90, 0x3, 0xfe, 0xdf, 0xf5, 0x10, 0x3b, 0x55,
    0xc2, 0xe0, 0x9c, 0xaa, 0x3e, 0xc, 0x80, 0x71,
    0x89, 0x80, 0x7f, 0xf0, 0x50, 0x4e, 0xe5, 0x99,
    0x36, 0x33, 0x8b, 0x12, 0xed, 0xe2,

    /* U+0036 "6" */
    0x0, 0x26, 0x7f, 0xb0, 0xc0, 0xd, 0x6f, 0x12,
    0xac, 0x5, 0x2d, 0x6e, 0xd2, 0xa1, 0x41, 0x0,
    0x1e, 0x33, 0x3f, 0x7f, 0x38, 0x1, 0x8e, 0x21,
    0x6f, 0xe, 0x1, 0x5b, 0x24, 0xa4, 0x80, 0x82,
    0x80, 0x58, 0x24, 0xa0, 0x1f, 0xb4, 0x14, 0x2,
    0xb1, 0x24, 0x45, 0xba, 0xd1, 0xc0, 0x2, 0xde,
    0x69, 0xe9, 0x80,

    /* U+0037 "7" */
    0xbf, 0xff, 0x64, 0x55, 0x68, 0x4, 0x35, 0x5d,
    0xe1, 0x40, 0x1c, 0xc6, 0x40, 0x19, 0x6, 0x80,
    0x3b, 0x81, 0x80, 0x39, 0x54, 0x1, 0xcc, 0x1c,
    0x1, 0xd4, 0x28, 0x1, 0x88, 0xd8, 0x3, 0xa8,
    0x28, 0x3, 0x94, 0xc8, 0x2,

    /* U+0038 "8" */
    0x3, 0xbe, 0xfc, 0x50, 0x1, 0xe3, 0xdd, 0x3d,
    0x28, 0x58, 0x6a, 0xaa, 0xc7, 0x80, 0x40, 0x40,
    0x23, 0x0, 0x58, 0x48, 0x89, 0xcb, 0xc0, 0xb1,
    0xfb, 0x91, 0x48, 0x5, 0xab, 0x76, 0x6a, 0x50,
    0x90, 0xb4, 0x44, 0xa5, 0x82, 0xa8, 0x3, 0x18,
    0x88, 0x94, 0x3, 0x18, 0xc, 0x8e, 0x2a, 0xa9,
    0x1c, 0x16, 0xc2, 0xe9, 0xa6, 0x0,

    /* U+0039 "9" */
    0x3, 0xcf, 0xea, 0x10, 0x1, 0xe0, 0x54, 0x26,
    0x0, 0x20, 0x71, 0x5b, 0x9, 0xc1, 0x50, 0x2,
    0x21, 0xb0, 0x10, 0xe, 0x33, 0x1, 0xb8, 0x4,
    0x24, 0x0, 0xa2, 0x91, 0x2a, 0x0, 0x9a, 0x1b,
    0xb4, 0x10, 0x40, 0xf, 0xfb, 0xd6, 0xca, 0x1,
    0x88, 0x58, 0xbc, 0xe, 0x59, 0x95, 0x2c, 0x80,
    0x25, 0x12, 0xf3, 0x20, 0x0,

    /* U+003A ":" */
    0x2f, 0x83, 0x0, 0xf, 0xc0, 0x7, 0xf0, 0xfc,
    0x18, 0x0,

    /* U+003B ";" */
    0x2f, 0x83, 0x0, 0xf, 0xc0, 0x7, 0xf0, 0xeb,
    0x99, 0x2, 0x3, 0x63, 0x88,

    /* U+003C "<" */
    0x0, 0xff, 0x10, 0x7, 0xc5, 0x1d, 0x20, 0x18,
    0x5b, 0x35, 0x99, 0x20, 0x5, 0xbe, 0x85, 0xce,
    0x82, 0x3f, 0xa1, 0xae, 0x93, 0x0, 0xc2, 0x2,
    0x1, 0xf1, 0xf5, 0x8d, 0x7d, 0x20, 0x7, 0x25,
    0x7d, 0xd, 0xf4, 0x98, 0x7, 0x2d, 0xf4, 0xa4,
    0x0, 0x7c, 0x2f, 0xb4,

    /* U+003D "=" */
    0x1, 0x1f, 0xe0, 0x4e, 0xef, 0xeb, 0x5b, 0xbf,
    0xe9, 0x15, 0x5f, 0xe2, 0x4e, 0xef, 0xeb, 0x5b,
    0xbf, 0xe9,

    /* U+003E ">" */
    0x11, 0x0, 0x7f, 0x2f, 0x52, 0x0, 0x7c, 0x92,
    0x37, 0xd2, 0x60, 0x1c, 0xd7, 0xd2, 0xb9, 0xae,
    0x40, 0x18, 0x5f, 0x35, 0x67, 0x64, 0x3, 0xc2,
    0x20, 0x0, 0x80, 0x45, 0x1b, 0x8b, 0x1d, 0x0,
    0xf9, 0xac, 0xbb, 0x8c, 0x20, 0x90, 0xb7, 0xd0,
    0x40, 0x19, 0x7e, 0x50, 0x3, 0xe0,

    /* U+003F "?" */
    0x4b, 0xef, 0xb3, 0x9, 0x1b, 0x95, 0xd1, 0xfa,
    0x56, 0xa1, 0x52, 0x0, 0x88, 0x1c, 0x2, 0x39,
    0x53, 0x0, 0x16, 0xa5, 0x0, 0x52, 0x76, 0x1,
    0x95, 0x0, 0x38, 0x84, 0x3, 0xb2, 0x0, 0x3b,
    0xa8, 0x3, 0x84, 0x3, 0x0,

    /* U+0040 "@" */
    0x0, 0xcf, 0x7d, 0xcd, 0x82, 0x0, 0xe3, 0xea,
    0xda, 0xd8, 0x2d, 0x60, 0x8, 0xf2, 0x35, 0x90,
    0xd6, 0xb2, 0x18, 0x1, 0xb2, 0xc0, 0x1e, 0x3d,
    0x92, 0x62, 0x60, 0x1a, 0xed, 0x6c, 0x53, 0x5a,
    0xda, 0x0, 0x53, 0x54, 0xd1, 0x80, 0x31, 0x15,
    0x40, 0x49, 0xc8, 0x8e, 0x0, 0x88, 0x40, 0x26,
    0x2, 0x0, 0x10, 0x4, 0x22, 0x26, 0x6, 0x1,
    0x0, 0x8, 0x5, 0xc8, 0x8f, 0x2, 0x25, 0x88,
    0xac, 0xe, 0x16, 0x64, 0xa6, 0x1e, 0xfd, 0xc3,
    0x34, 0x97, 0x88, 0xa7, 0x4c, 0xb7, 0xb9, 0x3b,
    0xf4, 0x20, 0x6, 0x9c, 0x83, 0x11, 0x9f, 0x50,
    0x3, 0x3e, 0x96, 0x7f, 0xbb, 0x61, 0x0, 0x38,
    0xab, 0xfb, 0x9f, 0x6a, 0x1, 0x0,

    /* U+0041 "A" */
    0x0, 0xd3, 0xf0, 0x1, 0xf9, 0x81, 0x80, 0x3e,
    0x50, 0x41, 0x40, 0xf, 0x70, 0xd0, 0x70, 0x7,
    0xa, 0x38, 0xaa, 0x84, 0x3, 0x30, 0x50, 0x70,
    0x38, 0x6, 0xa2, 0x30, 0x41, 0xa0, 0x8, 0xc9,
    0x44, 0x67, 0x32, 0x0, 0x50, 0x3f, 0x74, 0xc1,
    0x40, 0x7, 0x3b, 0xbe, 0x36, 0x5, 0x19, 0x44,
    0xea, 0x14, 0xe0, 0x50, 0xe, 0x60, 0xe0,

    /* U+0042 "B" */
    0x6f, 0xfd, 0xd4, 0x40, 0x14, 0xdd, 0xa5, 0x30,
    0x2, 0x44, 0x9e, 0xc5, 0x0, 0x3c, 0x20, 0x18,
    0x40, 0x7, 0x2, 0x80, 0xc, 0xff, 0x60, 0xe0,
    0x5, 0x59, 0x8a, 0x1c, 0x20, 0x3, 0x99, 0x97,
    0x46, 0x0, 0x3c, 0x24, 0xc0, 0x1e, 0x12, 0x70,
    0x2, 0x24, 0xd8, 0x1e, 0x0, 0x9b, 0xb4, 0x35,
    0xa0,

    /* U+0043 "C" */
    0x0, 0x8e, 0xbb, 0xfa, 0xd4, 0x2, 0x6c, 0x79,
    0xa8, 0x1a, 0x40, 0x39, 0x5d, 0x75, 0x6a, 0xd7,
    0x9, 0xb, 0x0, 0xe2, 0x30, 0x54, 0x10, 0xf,
    0xe2, 0x0, 0xff, 0xe4, 0x90, 0x7, 0xf2, 0xa0,
    0x80, 0x7e, 0x90, 0xb0, 0xe, 0x23, 0x3, 0x95,
    0xd7, 0x56, 0xad, 0x70, 0x3, 0x63, 0xcd, 0x40,
    0xd2, 0x0,

    /* U+0044 "D" */
    0x6f, 0xfd, 0xb4, 0xa0, 0x1d, 0x37, 0x54, 0x1a,
    0xb0, 0xc, 0x88, 0x57, 0xb9, 0x49, 0x0, 0xfc,
    0xc8, 0xc0, 0x1f, 0xda, 0x6, 0x1, 0xf8, 0x81,
    0x80, 0x3f, 0x8, 0x7, 0xf8, 0xc1, 0x80, 0x3f,
    0x68, 0x18, 0x7, 0xcc, 0x8e, 0x1, 0x22, 0x15,
    0xee, 0x52, 0x0, 0x29, 0xba, 0x91, 0xab, 0x0,
    0x0,

    /* U+0045 "E" */
    0x6f, 0xff, 0x80, 0x29, 0xaa, 0xe0, 0x9, 0x15,
    0x78, 0x3, 0xff, 0x80, 0x23, 0xc0, 0x1b, 0x3b,
    0xb5, 0x80, 0x55, 0x77, 0xa4, 0x2, 0x74, 0x4c,
    0x40, 0x1f, 0xfc, 0x94, 0x55, 0xe0, 0xa, 0x6a,
    0xb8, 0x40,

    /* U+0046 "F" */
    0x6f, 0xff, 0x20, 0x2, 0x6a, 0xb2, 0x80, 0x11,
    0x57, 0x8, 0x7, 0xf8, 0x47, 0x0, 0x6c, 0xee,
    0xb0, 0x2, 0xab, 0xbb, 0xc0, 0x27, 0x44, 0x8c,
    0x3, 0xff, 0xaa,

    /* U+0047 "G" */
    0x0, 0x8e, 0xbb, 0xfd, 0x90, 0x20, 0x13, 0x63,
    0xcd, 0x51, 0x5b, 0x40, 0x7, 0x2b, 0xae, 0xaa,
    0x9f, 0xb0, 0x4, 0x5, 0x80, 0x70, 0xb8, 0x1,
    0x10, 0x20, 0x1f, 0xe2, 0x0, 0xfe, 0x10, 0xf,
    0x7f, 0xe1, 0x10, 0x10, 0x6, 0xcc, 0x30, 0x4,
    0x88, 0x10, 0x8, 0xcd, 0xc0, 0x14, 0x5, 0x80,
    0x7f, 0x1c, 0xae, 0xba, 0xaa, 0x28, 0x3, 0x36,
    0x3c, 0xd5, 0x12, 0xb8, 0x40,

    /* U+0048 "H" */
    0x6f, 0x20, 0xc, 0x3e, 0xe0, 0x1f, 0xfd, 0x41,
    0x1e, 0x30, 0xd, 0x9d, 0xdb, 0x40, 0x35, 0x5d,
    0xea, 0x0, 0xce, 0x89, 0xc0, 0x1f, 0xfd, 0xe0,

    /* U+0049 "I" */
    0x6f, 0x20, 0xf, 0xfe, 0xa8,

    /* U+004A "J" */
    0x0, 0x37, 0x90, 0x7, 0xff, 0xa0, 0x40, 0x36,
    0x81, 0x24, 0x2a, 0x82, 0x59, 0x94, 0x0,

    /* U+004B "K" */
    0x6f, 0x20, 0x8, 0xfb, 0x44, 0x3, 0x8f, 0x4b,
    0x4, 0x3, 0x1e, 0x16, 0x8, 0x6, 0x4c, 0x4c,
    0x0, 0xe5, 0xb4, 0xb0, 0xf, 0x41, 0x58, 0x7,
    0xc8, 0x50, 0x1, 0xf4, 0xb3, 0xb8, 0x3, 0xe9,
    0x58, 0x70, 0xf, 0xa9, 0x61, 0x80, 0x3e, 0xa5,
    0x96, 0x0, 0xfa, 0x92, 0x54,

    /* U+004C "L" */
    0x6f, 0x20, 0xf, 0xff, 0xf8, 0x6, 0x45, 0x5c,
    0x80, 0x9, 0xaa, 0xd2,

    /* U+004D "M" */
    0x6f, 0xf0, 0x80, 0x64, 0xff, 0x20, 0x4, 0xc0,
    0x1b, 0x80, 0x39, 0x68, 0x3, 0x2b, 0x0, 0x6e,
    0x23, 0x0, 0x30, 0xe0, 0x6, 0x53, 0xa0, 0x5,
    0x38, 0x80, 0x75, 0x38, 0x11, 0xd0, 0x7, 0x9c,
    0x51, 0x48, 0xc0, 0x3c, 0x29, 0xd4, 0xa0, 0x1f,
    0xb9, 0x4a, 0x80, 0x3f, 0x2a, 0x98, 0x80, 0x3f,
    0xaa, 0x40, 0x3f, 0xf8, 0xa0,

    /* U+004E "N" */
    0x6f, 0xe0, 0xc, 0x5e, 0xc0, 0x1, 0x70, 0xf,
    0xc9, 0x20, 0x1f, 0xa0, 0x60, 0x3, 0xe2, 0x67,
    0x10, 0xf, 0xa0, 0x24, 0x3, 0xe1, 0x77, 0x8,
    0x7, 0xd2, 0x10, 0x1, 0xf0, 0xbb, 0x8, 0x7,
    0xd2, 0x10, 0x1, 0xf0, 0xc2, 0x0, 0x7e, 0x71,
    0x0, 0x0,

    /* U+004F "O" */
    0x0, 0x92, 0xfb, 0xf6, 0x44, 0x3, 0x3d, 0xbc,
    0x52, 0xbf, 0x90, 0x0, 0xe1, 0x71, 0x96, 0x30,
    0x7c, 0x1, 0x21, 0x60, 0x18, 0xa0, 0x90, 0x15,
    0x4, 0x3, 0x94, 0x30, 0x0, 0x40, 0x1e, 0x20,
    0x21, 0x0, 0xff, 0x84, 0x8, 0x3, 0xc4, 0x4,
    0x8, 0x81, 0x0, 0xe5, 0xc, 0x8, 0xb, 0x0,
    0xc5, 0x24, 0x80, 0x70, 0xb8, 0xcb, 0x18, 0x1e,
    0x1, 0x3d, 0xbc, 0x52, 0xbf, 0x90, 0x0,

    /* U+0050 "P" */
    0x6f, 0xfd, 0x8c, 0x1, 0xa6, 0xe9, 0xe6, 0x0,
    0x24, 0x42, 0xd9, 0x38, 0x7, 0xc8, 0x2, 0x1,
    0xe2, 0x1, 0x0, 0x8, 0xb, 0xa2, 0x80, 0x59,
    0xfd, 0xb, 0x60, 0x15, 0x66, 0xfd, 0x8, 0x4,
    0xe6, 0x40, 0x1f, 0xfd, 0x30,

    /* U+0051 "Q" */
    0x0, 0x92, 0xfb, 0xf6, 0x4, 0x3, 0x3d, 0xbc,
    0x52, 0xb7, 0x90, 0x0, 0xe1, 0x71, 0x96, 0x30,
    0x78, 0x1, 0x21, 0x60, 0x18, 0x9c, 0xd0, 0x15,
    0x4, 0x3, 0xa8, 0x30, 0x0, 0x40, 0x1e, 0x20,
    0x21, 0x0, 0xff, 0x84, 0x8, 0x3, 0xc4, 0x4,
    0x8, 0x81, 0x0, 0xe5, 0xc, 0x8, 0xb, 0x0,
    0xc5, 0x24, 0x80, 0x70, 0xb8, 0xc8, 0xf8, 0x3c,
    0x1, 0x3d, 0xbc, 0x5c, 0x1e, 0x98, 0x6, 0x4b,
    0xef, 0x62, 0x60, 0xf, 0xe9, 0x4b, 0x30,

    /* U+0052 "R" */
    0x6f, 0xfd, 0xb0, 0x1, 0xd3, 0x74, 0xee, 0x80,
    0xc, 0x88, 0x5a, 0x37, 0x0, 0xfc, 0xa0, 0x20,
    0x1f, 0x10, 0x88, 0x2, 0x10, 0x16, 0x48, 0x0,
    0xd9, 0xfd, 0x2c, 0xc0, 0xd, 0x59, 0x46, 0xca,
    0x1, 0x9c, 0xd7, 0xa, 0xc0, 0x3f, 0x40, 0xb8,
    0x7, 0xca, 0x72, 0x1, 0xfa, 0x5, 0x80,

    /* U+0053 "S" */
    0x4, 0xbe, 0xfd, 0xa4, 0x6, 0xb7, 0x8a, 0xa0,
    0xe0, 0x59, 0x63, 0x2b, 0xdc, 0x1, 0xb0, 0x7,
    0xc8, 0x87, 0x10, 0xe, 0xb3, 0x8e, 0xe5, 0x20,
    0x0, 0x73, 0x61, 0x55, 0x6e, 0x1, 0x13, 0xdf,
    0x1c, 0x8, 0x7, 0xd, 0x1, 0x10, 0x3, 0xbc,
    0x7, 0x30, 0xea, 0xaa, 0x64, 0x2b, 0x6a, 0xa9,
    0xe2, 0xc0,

    /* U+0054 "T" */
    0xf, 0xff, 0xed, 0xa, 0xac, 0x27, 0x55, 0x48,
    0x2a, 0xe0, 0x75, 0x59, 0x0, 0x3f, 0xff, 0xe0,
    0x1f, 0xfc, 0xc0,

    /* U+0055 "U" */
    0x9f, 0x0, 0xe4, 0xf5, 0x0, 0xff, 0xfd, 0x8,
    0x8, 0x6, 0x20, 0x6c, 0x6, 0x0, 0xda, 0x26,
    0x88, 0x89, 0x56, 0xb4, 0x80, 0x5, 0xba, 0x54,
    0xbd, 0x30, 0x0,

    /* U+0056 "V" */
    0xbe, 0x0, 0xfb, 0xeb, 0x85, 0x40, 0x39, 0x83,
    0x94, 0x78, 0x3, 0xb4, 0x50, 0x1d, 0x4, 0x2,
    0x14, 0x60, 0x5, 0x3, 0x80, 0x4c, 0x14, 0x0,
    0x32, 0xa0, 0xa, 0x8c, 0x80, 0x2a, 0x32, 0x3,
    0x2a, 0x0, 0xcc, 0x14, 0x14, 0xe, 0x1, 0x85,
    0x18, 0x1d, 0x44, 0x3, 0xb8, 0x60, 0x78, 0x3,
    0xca, 0xe, 0x28, 0x1, 0xf3, 0x3, 0x0, 0x60,

    /* U+0057 "W" */
    0x5f, 0x30, 0x8, 0x7f, 0x80, 0x33, 0x79, 0x20,
    0x20, 0x4, 0x80, 0x24, 0x1, 0x60, 0x90, 0x96,
    0x0, 0x58, 0x84, 0x80, 0x12, 0x20, 0x0, 0x88,
    0x0, 0x93, 0x1f, 0x0, 0x4, 0x3a, 0x0, 0xf0,
    0x30, 0x12, 0x4c, 0x40, 0x2, 0x2, 0x0, 0x10,
    0x10, 0x14, 0xd, 0x4, 0x83, 0x0, 0xc0, 0x4,
    0x38, 0x18, 0x80, 0x42, 0xe0, 0xe8, 0x1, 0x91,
    0x41, 0xc, 0x0, 0x98, 0x25, 0x80, 0x1b, 0x4,
    0xcd, 0x80, 0xd, 0x44, 0x2, 0x0, 0x64, 0x8,
    0x4, 0x0, 0x21, 0x70, 0x18, 0x6, 0x21, 0x43,
    0x0, 0x8c, 0x11, 0x0, 0x1e, 0x40, 0x40, 0xc,
    0x81, 0x80, 0x10,

    /* U+0058 "X" */
    0xa, 0xe1, 0x0, 0xd9, 0xa0, 0xb, 0xb, 0x0,
    0x9c, 0xf8, 0x0, 0x36, 0xaa, 0x2, 0x86, 0x30,
    0x9, 0x52, 0xc7, 0x86, 0x40, 0x3a, 0x87, 0xe,
    0x80, 0x3c, 0x2e, 0x4a, 0x80, 0x1f, 0x30, 0x20,
    0x7, 0xd2, 0x36, 0x32, 0x1, 0xc6, 0xd0, 0x90,
    0xc6, 0x1, 0xb8, 0xdc, 0x1c, 0xb8, 0x2, 0x82,
    0xe0, 0xb, 0x8a, 0x0, 0xdd, 0xc4, 0x1, 0x1b,
    0xb8, 0x80,

    /* U+0059 "Y" */
    0xb, 0xe1, 0x0, 0xc7, 0xee, 0x14, 0x36, 0x1,
    0xb8, 0xdc, 0x6, 0x55, 0x0, 0x10, 0x5e, 0x1,
    0x32, 0x50, 0x93, 0xb8, 0xc0, 0x34, 0x8d, 0xf1,
    0x40, 0x7, 0x14, 0xa9, 0xf0, 0x7, 0xcc, 0x28,
    0x60, 0x1f, 0xfe, 0xe0,

    /* U+005A "Z" */
    0x1f, 0xff, 0xe1, 0x15, 0x57, 0xa0, 0xc, 0x41,
    0x57, 0xd6, 0x3c, 0x1, 0xf4, 0x9d, 0x10, 0x7,
    0x99, 0x90, 0x80, 0x1e, 0x39, 0x47, 0x0, 0xf0,
    0xf1, 0x50, 0x7, 0xd4, 0x5c, 0x20, 0x1e, 0x74,
    0x93, 0x0, 0xf2, 0x43, 0x30, 0x3, 0xc3, 0x41,
    0x8a, 0xbe, 0x15, 0x10, 0xaa, 0xf9, 0x40,

    /* U+005B "[" */
    0xaf, 0xf5, 0x81, 0x6d, 0x0, 0x8, 0x40, 0x3f,
    0xfb, 0xa5, 0xf5, 0x7b, 0xab,

    /* U+005C "\\" */
    0xd7, 0x0, 0xcb, 0x60, 0x1a, 0xcc, 0x40, 0x23,
    0x17, 0x0, 0xcf, 0xa0, 0x1b, 0x50, 0x40, 0x24,
    0x4, 0x0, 0xcb, 0xe0, 0x1b, 0xd4, 0x3, 0x28,
    0x20, 0x6, 0x4d, 0x0, 0xda, 0xe0, 0x19, 0xc4,
    0xc0,

    /* U+005D "]" */
    0x7f, 0xf7, 0x3e, 0xa8, 0x0, 0x8c, 0x3, 0xff,
    0xba, 0xde, 0xc0, 0xdb, 0xaf,

    /* U+005E "^" */
    0x0, 0xc5, 0xa, 0x1, 0xf0, 0xe3, 0xd3, 0x0,
    0x70, 0xe1, 0xf3, 0xca, 0x80, 0x43, 0x83, 0x83,
    0x10, 0xa5, 0x0, 0x68, 0xe0, 0x80, 0x1e, 0x69,
    0x0,

    /* U+005F "_" */
    0x2f, 0xff, 0xc4, 0x4d, 0xdf, 0xc4,

    /* U+0060 "`" */
    0x4f, 0x40, 0x2, 0x4d, 0x8, 0x1, 0x99, 0x40,

    /* U+0061 "a" */
    0x2, 0xae, 0xfd, 0x90, 0x9, 0x8a, 0xf2, 0xd3,
    0x0, 0x9, 0xa, 0x6d, 0xc6, 0x40, 0x7, 0xce,
    0xfc, 0x7, 0x8, 0x85, 0x6e, 0xb0, 0x2, 0x67,
    0x63, 0x20, 0xc, 0x3e, 0x1, 0x58, 0x4, 0x94,
    0x40, 0xcc, 0x0, 0xa9, 0xf3, 0xf7, 0x40, 0x0,

    /* U+0062 "b" */
    0x8e, 0x0, 0xff, 0xe7, 0x9e, 0x7f, 0x38, 0x4,
    0x3b, 0x56, 0xf0, 0xc0, 0x15, 0xb2, 0x4a, 0xc0,
    0x4, 0xa0, 0x17, 0x89, 0x0, 0x80, 0x66, 0x1,
    0x1, 0x0, 0xcc, 0x2, 0x0, 0x50, 0xb, 0xc4,
    0x80, 0x16, 0xc9, 0x2b, 0x0, 0x1, 0xda, 0xb7,
    0x86, 0x0,

    /* U+0063 "c" */
    0x0, 0x15, 0x77, 0xeb, 0x81, 0xeb, 0xdd, 0xdc,
    0x10, 0x3a, 0xa8, 0xd2, 0x8, 0xc0, 0x1c, 0x21,
    0xe0, 0x1c, 0x21, 0xe0, 0x1e, 0x46, 0x0, 0xf4,
    0xe, 0xb2, 0x34, 0x81, 0xe3, 0x4d, 0xdb, 0x80,

    /* U+0064 "d" */
    0x0, 0xfa, 0xec, 0x1, 0xff, 0xc8, 0x5d, 0xfd,
    0x50, 0x9, 0x29, 0xae, 0x2d, 0x40, 0x10, 0x56,
    0x8b, 0xa2, 0x0, 0x35, 0x0, 0x8c, 0x80, 0x43,
    0x80, 0x30, 0x80, 0x80, 0x80, 0x61, 0x0, 0x1e,
    0x0, 0x44, 0x40, 0x4, 0x23, 0x81, 0x70, 0x4,
    0x95, 0x4f, 0xf5, 0x20, 0x0,

    /* U+0065 "e" */
    0x0, 0x15, 0xff, 0xb0, 0xc0, 0x5, 0xaf, 0x56,
    0xd8, 0x61, 0x23, 0x8a, 0x94, 0x52, 0x8, 0xc0,
    0x19, 0x50, 0x41, 0xff, 0xf3, 0x88, 0x81, 0xb7,
    0x7c, 0x8, 0x82, 0x2f, 0x4, 0x96, 0x32, 0x2c,
    0x40, 0xb, 0x5a, 0x2e, 0xc7, 0x80,

    /* U+0066 "f" */
    0x0, 0x2e, 0xff, 0x80, 0x69, 0x33, 0x0, 0x41,
    0x46, 0x6a, 0xc0, 0xcf, 0x9b, 0xa0, 0xbd, 0x81,
    0x10, 0x39, 0x8, 0x7, 0xff, 0x60,

    /* U+0067 "g" */
    0x0, 0x2e, 0xfe, 0xad, 0xd8, 0x12, 0x9e, 0xe2,
    0xa, 0x0, 0x83, 0xa4, 0x5f, 0x10, 0x1, 0xd8,
    0x4, 0x44, 0x1, 0x1, 0x0, 0xc2, 0x2, 0x2,
    0x1, 0x84, 0x0, 0x76, 0x1, 0x11, 0x0, 0x10,
    0x74, 0x8b, 0xe2, 0x0, 0x4a, 0x7b, 0x88, 0x10,
    0x80, 0x17, 0x7f, 0x50, 0xf4, 0x1, 0x28, 0x6b,
    0x82, 0xc0, 0x2, 0xac, 0xb7, 0xc1,

    /* U+0068 "h" */
    0x8e, 0x0, 0xff, 0xe6, 0x15, 0xfe, 0xb0, 0x0,
    0x7f, 0x2d, 0x25, 0x0, 0x12, 0xe9, 0x25, 0xc0,
    0x4, 0x0, 0x9d, 0x80, 0x40, 0x3f, 0xfb, 0x40,

    /* U+0069 "i" */
    0x7f, 0x13, 0x6c, 0x7f, 0x0, 0xff, 0xe2, 0x0,

    /* U+006A "j" */
    0x0, 0x3f, 0x80, 0x4, 0xc0, 0xd, 0x80, 0x7,
    0xf0, 0xf, 0xfe, 0xb7, 0x88, 0x91, 0x51, 0x6d,
    0xa0,

    /* U+006B "k" */
    0x8e, 0x0, 0xff, 0xe9, 0x37, 0xb8, 0x7, 0x3c,
    0xc9, 0xc0, 0x34, 0xc5, 0xb0, 0x6, 0xa7, 0xc4,
    0x0, 0xc2, 0xaa, 0x30, 0xe, 0x1c, 0x4a, 0x0,
    0xf1, 0xe2, 0xd0, 0x7, 0x8f, 0x16, 0x80, 0x3c,
    0x78, 0xb6, 0x0,

    /* U+006C "l" */
    0x7f, 0x0, 0xff, 0xe5, 0x0,

    /* U+006D "m" */
    0x8e, 0x3c, 0xfd, 0x50, 0x6d, 0xfb, 0x10, 0x0,
    0xf5, 0x5b, 0x54, 0x54, 0x52, 0xd0, 0x5, 0x2c,
    0x94, 0xd, 0x8a, 0xa8, 0x41, 0x0, 0x20, 0x0,
    0x44, 0x80, 0x12, 0x81, 0x0, 0x80, 0x71, 0x80,
    0x7f, 0xfc, 0x80,

    /* U+006E "n" */
    0x8e, 0x3c, 0xfd, 0x60, 0x0, 0xfc, 0x75, 0xca,
    0x0, 0x3d, 0x5, 0x8b, 0x80, 0x6, 0x1, 0x3b,
    0x0, 0x80, 0x7f, 0xf6, 0x80,

    /* U+006F "o" */
    0x0, 0x26, 0x7f, 0xac, 0x80, 0x9, 0x6f, 0x74,
    0xd8, 0x21, 0x5, 0x68, 0xb8, 0x30, 0x6, 0xa0,
    0x10, 0xa2, 0x4, 0x38, 0x3, 0x9, 0x88, 0x70,
    0x6, 0x13, 0x3, 0x50, 0x8, 0x51, 0x1, 0x5,
    0x6a, 0xac, 0x18, 0x4, 0xb7, 0xaa, 0x36, 0x8,

    /* U+0070 "p" */
    0x8e, 0x4d, 0xfe, 0x70, 0x8, 0x67, 0xbe, 0x20,
    0xc0, 0x14, 0x98, 0x33, 0x20, 0x2, 0x40, 0xb,
    0x44, 0x80, 0x40, 0x33, 0x80, 0x80, 0x80, 0x66,
    0x1, 0x0, 0x30, 0x5, 0xc2, 0x40, 0x8, 0x74,
    0x94, 0x80, 0x0, 0xed, 0xd9, 0xe1, 0x80, 0x23,
    0xcf, 0xe7, 0x0, 0xff, 0xe4, 0x0,

    /* U+0071 "q" */
    0x0, 0x2e, 0xfe, 0xad, 0xd8, 0x12, 0x9e, 0xe2,
    0xd4, 0x1, 0x5, 0x48, 0xba, 0x20, 0x3, 0xa0,
    0x8, 0xc8, 0x4, 0x4, 0x3, 0x8, 0x8, 0x8,
    0x6, 0x10, 0x1, 0xd0, 0x4, 0x64, 0x0, 0x82,
    0xb4, 0x5d, 0x10, 0x2, 0x53, 0x5c, 0x5a, 0x80,
    0x4b, 0xbf, 0xaa, 0x1, 0xff, 0xc8,

    /* U+0072 "r" */
    0x0, 0xf4, 0x72, 0x67, 0xc8, 0xc, 0xc7, 0x58,
    0x2, 0x50, 0x48, 0x0, 0x80, 0x18, 0x40, 0x3f,
    0xfa, 0x0,

    /* U+0073 "s" */
    0x1, 0xae, 0xfe, 0xb0, 0x6, 0xbd, 0xe5, 0x90,
    0x81, 0xda, 0x9a, 0xc8, 0x81, 0xc3, 0x10, 0x6,
    0xd7, 0x8d, 0xe7, 0x0, 0xc, 0xf6, 0xb4, 0x28,
    0x6, 0x28, 0xd, 0x1c, 0x64, 0x44, 0x85, 0x8a,
    0xdd, 0xcb, 0x66,

    /* U+0074 "t" */
    0x4, 0x70, 0xd, 0x90, 0x1, 0xfd, 0x2e, 0x1f,
    0xee, 0x86, 0xd, 0xd7, 0x88, 0x80, 0x88, 0x20,
    0x1f, 0xfc, 0x7f, 0x0, 0xe2, 0x6, 0x32, 0x5,
    0x68, 0xcc, 0x0,

    /* U+0075 "u" */
    0xac, 0x0, 0xd9, 0x60, 0x1f, 0xfd, 0x43, 0x10,
    0xf, 0x71, 0x80, 0x42, 0x60, 0xa3, 0x2, 0x54,
    0x0, 0x2a, 0x5e, 0xfe, 0x30,

    /* U+0076 "v" */
    0x5f, 0x20, 0xd, 0x7a, 0xa1, 0x40, 0x10, 0xa5,
    0x3, 0x30, 0x2, 0x60, 0x60, 0xa1, 0x40, 0x5,
    0xa0, 0x81, 0x97, 0x1, 0x1f, 0x0, 0x4a, 0xa0,
    0xa0, 0x50, 0xa, 0x81, 0x59, 0x40, 0x31, 0x1d,
    0x8f, 0x0, 0x75, 0x8, 0x90, 0x0,

    /* U+0077 "w" */
    0x3f, 0x30, 0x3, 0x7c, 0x0, 0xb, 0xd0, 0xc5,
    0x0, 0x18, 0x8, 0x0, 0x40, 0x40, 0x5c, 0x0,
    0x23, 0x98, 0x3, 0xc, 0x1, 0x88, 0x6, 0x32,
    0x8, 0x8, 0x80, 0x2, 0x82, 0x20, 0xc5, 0x30,
    0x87, 0x0, 0x4, 0x39, 0x84, 0xc, 0x44, 0x2,
    0x0, 0x48, 0x96, 0x2, 0x1e, 0x98, 0x6, 0xc3,
    0x4, 0x3, 0x14, 0x40, 0x6, 0x40, 0x30, 0x9,
    0x43, 0x0, 0x0,

    /* U+0078 "x" */
    0xd, 0xc0, 0x9, 0x3d, 0x83, 0x8e, 0x0, 0x69,
    0x18, 0xe, 0x1d, 0x28, 0x28, 0x2, 0x74, 0xb4,
    0xa1, 0x0, 0xdc, 0x6, 0x80, 0x18, 0x6c, 0xcc,
    0xc0, 0x1a, 0x83, 0x5e, 0x48, 0x0, 0xe9, 0xa3,
    0x7, 0xe0, 0x70, 0xe6, 0x0, 0xe2, 0x90,

    /* U+0079 "y" */
    0x5f, 0x30, 0xd, 0x78, 0xa3, 0x40, 0x11, 0x25,
    0x4, 0xb0, 0x5, 0x40, 0xc0, 0xc0, 0xc0, 0x6,
    0x60, 0x0, 0x56, 0x81, 0x46, 0xc0, 0x29, 0x33,
    0x49, 0x90, 0x4, 0x65, 0xe7, 0x20, 0x1d, 0x66,
    0x2a, 0x1, 0xce, 0xc, 0x1, 0xe7, 0xa, 0x0,
    0xc4, 0x90, 0x84, 0x1, 0xa6, 0xca, 0x80, 0x30,

    /* U+007A "z" */
    0x1f, 0xff, 0x58, 0xee, 0xe9, 0x3, 0x2, 0x28,
    0xe1, 0x20, 0x3, 0x69, 0xd0, 0x6, 0xa2, 0xf1,
    0x0, 0xa1, 0x68, 0x80, 0x25, 0x79, 0x40, 0x8,
    0xa9, 0x10, 0x45, 0xb, 0x82, 0x6e, 0xea,

    /* U+007B "{" */
    0x0, 0xa7, 0xbc, 0xc0, 0xc, 0xc8, 0xd3, 0x0,
    0x70, 0xb1, 0x0, 0x42, 0x1, 0xf1, 0x80, 0x71,
    0x80, 0x71, 0x22, 0x0, 0x2f, 0xd2, 0x80, 0xb,
    0x68, 0xe4, 0x2, 0x25, 0x58, 0x3, 0x8c, 0x3,
    0xe3, 0x0, 0xe1, 0x0, 0xf7, 0x9, 0x80, 0x67,
    0x3c, 0xf2, 0x0, 0xe, 0x76, 0x90,

    /* U+007C "|" */
    0xf5, 0x0, 0xff, 0xe9, 0x0,

    /* U+007D "}" */
    0xfe, 0xb1, 0x0, 0xb6, 0x92, 0x40, 0x22, 0x44,
    0x18, 0x7, 0x9c, 0x3, 0xff, 0x80, 0x22, 0x0,
    0xed, 0x24, 0x0, 0xce, 0xb7, 0xe4, 0x0, 0x55,
    0x46, 0x10, 0x3, 0xc9, 0xcc, 0x3, 0x8, 0x7,
    0x8, 0x7, 0xce, 0x1, 0x85, 0x48, 0x2, 0xfe,
    0x3b, 0x0, 0xb7, 0xb4, 0x80, 0x20,

    /* U+007E "~" */
    0x0, 0xff, 0xe0, 0x36, 0xff, 0x52, 0x89, 0x3d,
    0x25, 0xdd, 0x3, 0x5d, 0xb5, 0x2b, 0xac, 0x8d,
    0x7f, 0x9d, 0xa6,

    /* U+00A0 " " */

    /* U+00A1 "¡" */
    0x9f, 0x0, 0x4f, 0x80, 0x1f, 0x7c, 0xc0, 0x44,
    0x1, 0xf0, 0x80,

    /* U+00A2 "¢" */
    0x0, 0xc6, 0x1, 0xf4, 0x8, 0x7, 0xff, 0x1,
    0xf5, 0x3b, 0x8, 0x2e, 0x28, 0xe9, 0x5, 0x11,
    0x2e, 0xe4, 0x83, 0xd0, 0x60, 0xe, 0x31, 0x0,
    0xf1, 0x8, 0x7, 0xb0, 0x18, 0x3, 0x91, 0x12,
    0xee, 0x48, 0x30, 0xb8, 0xa3, 0xa3, 0x10, 0x3,
    0xea, 0x75, 0x90, 0x7, 0xff, 0x2, 0x44, 0x0,

    /* U+00A3 "£" */
    0x0, 0xa3, 0x7f, 0x58, 0x1, 0x2e, 0xb7, 0x42,
    0x0, 0x65, 0x84, 0x77, 0x0, 0x86, 0x80, 0x71,
    0x80, 0x80, 0x7f, 0xf0, 0x2b, 0x42, 0x7f, 0xce,
    0x17, 0x60, 0x7d, 0xd3, 0x0, 0xb0, 0x71, 0x10,
    0x40, 0x3f, 0x95, 0x3, 0xd5, 0x64, 0xa9, 0x6,
    0xaa, 0xa0,

    /* U+00A4 "¤" */
    0x0, 0xff, 0xb0, 0xc0, 0x30, 0xe1, 0x2, 0xe4,
    0xf7, 0xd6, 0x39, 0x4, 0x9a, 0x5d, 0x84, 0xa8,
    0x0, 0x27, 0xea, 0x96, 0x28, 0x0, 0x30, 0x30,
    0xf, 0x88, 0x94, 0x43, 0x22, 0xa0, 0x6, 0x27,
    0xde, 0x40, 0x90, 0x18, 0x9c, 0xed, 0xd6, 0x39,
    0x8f, 0x30, 0x9, 0x1, 0xf1, 0x80,

    /* U+00A5 "¥" */
    0x2f, 0x50, 0xc, 0x7e, 0x84, 0xd0, 0x1, 0xa0,
    0xd0, 0x2c, 0x98, 0x0, 0x69, 0x0, 0x2, 0x5b,
    0x0, 0x41, 0xa0, 0x5, 0x4, 0xc6, 0x90, 0x1,
    0x76, 0x85, 0xc0, 0x5f, 0x88, 0x77, 0xf0, 0x26,
    0xff, 0x84, 0x3b, 0xf8, 0x83, 0x7f, 0xc2, 0x1d,
    0xfe, 0x41, 0xff, 0x84, 0x3, 0xff, 0xa4,

    /* U+00A6 "¦" */
    0xf5, 0x0, 0xfc, 0x21, 0xca, 0x0, 0xe5, 0x10,
    0xf, 0xe0,

    /* U+00A7 "§" */
    0x0, 0x4f, 0x7e, 0x20, 0x2, 0x5e, 0xb2, 0x84,
    0x0, 0x44, 0x43, 0x65, 0x0, 0x79, 0xd0, 0x80,
    0x6c, 0x31, 0xe6, 0x0, 0x13, 0xed, 0xda, 0x28,
    0x4, 0x8, 0x13, 0x54, 0xcc, 0x9a, 0xa0, 0x20,
    0x21, 0x73, 0x59, 0xee, 0x40, 0x7, 0xe6, 0x2c,
    0x0, 0xc3, 0x45, 0xc0, 0x4, 0x20, 0x23, 0x30,
    0x3, 0x37, 0xf5, 0x60, 0x1, 0x1f, 0xdc, 0xb1,
    0x0,

    /* U+00A8 "¨" */
    0x29, 0x22, 0x49, 0xbb, 0x37, 0x0,

    /* U+00A9 "©" */
    0x0, 0x92, 0xb3, 0x14, 0x80, 0x1d, 0x5b, 0x19,
    0x88, 0xda, 0x0, 0xab, 0x24, 0x80, 0x5, 0x39,
    0x40, 0x60, 0xc3, 0x3b, 0xd8, 0x6c, 0x7, 0x52,
    0x1a, 0x79, 0xdc, 0x10, 0x9a, 0x23, 0x43, 0xa1,
    0x2, 0x20, 0x1a, 0x80, 0x8, 0x80, 0x1f, 0x39,
    0x19, 0x10, 0x3, 0xc6, 0x55, 0x28, 0x74, 0x20,
    0x44, 0x9, 0xa3, 0x33, 0x69, 0xe7, 0x70, 0x58,
    0xcc, 0x13, 0x97, 0x6d, 0xee, 0x56, 0x48, 0x5,
    0x5d, 0x19, 0x88, 0xda, 0x0, 0x0,

    /* U+00AA "ª" */
    0x6, 0xde, 0xd7, 0x0, 0x26, 0xf6, 0x49, 0x80,
    0xdf, 0x78, 0xa8, 0x6f, 0x74, 0x62, 0x2, 0x20,
    0x43, 0x0, 0x4d, 0x6e, 0x8c, 0x0, 0xdd, 0xb3,
    0x8e, 0x1b, 0xff, 0x9c,

    /* U+00AB "«" */
    0x0, 0xff, 0x16, 0x0, 0x25, 0x0, 0xf1, 0x2,
    0xd1, 0x53, 0x26, 0x58, 0xf8, 0x3c, 0x4e, 0xa7,
    0x2, 0x14, 0xd8, 0xb3, 0x6a, 0x0, 0xb6, 0xc6,
    0xba, 0x30, 0x5, 0x50, 0x13, 0x0,

    /* U+00AC "¬" */
    0x1, 0x1f, 0xe0, 0x4e, 0xef, 0xeb, 0x5b, 0xbf,
    0xc8, 0x2, 0x89, 0xf8, 0x80, 0x3f, 0xf9, 0x37,
    0x20,

    /* U+00AD "­" */
    0x1, 0x1c, 0x7d, 0xd8, 0xf3, 0x30,

    /* U+00AE "®" */
    0x0, 0x92, 0xb3, 0x14, 0x80, 0x1d, 0x5b, 0x19,
    0x88, 0xda, 0x0, 0xab, 0x24, 0x80, 0x5, 0x39,
    0x40, 0x60, 0xcb, 0xdb, 0x92, 0xc, 0x7, 0x52,
    0x6, 0x6d, 0xc4, 0x70, 0x9a, 0x23, 0x0, 0xfc,
    0x6a, 0x1, 0x8b, 0x7d, 0x1c, 0x0, 0xe4, 0x60,
    0x2, 0xd7, 0x50, 0x1, 0x95, 0x48, 0x6, 0x80,
    0x80, 0x9a, 0x33, 0x32, 0x40, 0x3, 0xb8, 0xc6,
    0x60, 0x9c, 0x87, 0x0, 0xbf, 0x24, 0x2, 0xae,
    0x8c, 0xc4, 0x6d, 0x0, 0x0,

    /* U+00AF "¯" */
    0x5f, 0xfc, 0xaa, 0xdd, 0xca,

    /* U+00B0 "°" */
    0x5, 0xcc, 0x28, 0x15, 0xff, 0xac, 0xd1, 0x8c,
    0xce, 0xab, 0x11, 0x11, 0x4e, 0xb3, 0x14, 0x60,

    /* U+00B1 "±" */
    0x0, 0xef, 0x50, 0xf, 0xfe, 0x20, 0x8e, 0x3,
    0x11, 0x81, 0x3b, 0xb0, 0x4f, 0x75, 0x6b, 0x77,
    0x81, 0xee, 0xe9, 0x14, 0x4c, 0x1a, 0x89, 0x10,
    0x7, 0xff, 0x12, 0x9c, 0x3, 0xa, 0xae, 0x7,
    0x55, 0x8d, 0x6a, 0xbf, 0xa0,

    /* U+00B2 "²" */
    0x2c, 0xde, 0x90, 0x2d, 0xd7, 0xba, 0x0, 0x81,
    0x2, 0x80, 0x13, 0xb0, 0x41, 0xe3, 0x8, 0x12,
    0xb, 0xf9, 0x40,

    /* U+00B3 "³" */
    0xc, 0xdd, 0x50, 0x86, 0x6e, 0x9d, 0xc0, 0xc,
    0xf6, 0x60, 0x3, 0x3d, 0xd4, 0x3, 0xb4, 0xb3,
    0x74, 0xd2,

    /* U+00B4 "´" */
    0x0, 0x27, 0x98, 0xd, 0x50, 0xc2, 0x99, 0x40,

    /* U+00B5 "µ" */
    0xac, 0x0, 0xd9, 0x60, 0x1f, 0xfd, 0xa1, 0x0,
    0xfc, 0x40, 0x10, 0x98, 0x6, 0xb5, 0x56, 0x82,
    0xa0, 0x19, 0xae, 0x96, 0x87, 0x80, 0x11, 0xdf,
    0x2b, 0xf4, 0x1, 0xff, 0xc6,

    /* U+00B6 "¶" */
    0x3, 0xbe, 0xff, 0x9c, 0xf1, 0x4, 0xbd, 0x42,
    0x40, 0x3e, 0x10, 0xf, 0x8c, 0x3, 0xe9, 0x20,
    0xf, 0xe, 0xc2, 0x0, 0x79, 0xfc, 0x3, 0xff,
    0xc6, 0xb6, 0x1c, 0x80,

    /* U+00B7 "·" */
    0x4f, 0x50, 0x8,

    /* U+00B8 "¸" */
    0x0, 0xf6, 0x88, 0x81, 0x99, 0x7e, 0xca,

    /* U+00B9 "¹" */
    0xbd, 0xf0, 0x5, 0xf0, 0x7, 0xff, 0x1a, 0xb8,
    0x35, 0xc0,

    /* U+00BA "º" */
    0x2, 0xbe, 0xd7, 0x0, 0x79, 0xf6, 0x53, 0x11,
    0x20, 0x6, 0xb4, 0x3, 0xe2, 0x24, 0x0, 0xd6,
    0x87, 0x9f, 0x65, 0x30, 0x15, 0xf6, 0xb8, 0x3,
    0x7f, 0xf3, 0x80,

    /* U+00BB "»" */
    0x0, 0xfc, 0xec, 0x3, 0x60, 0x12, 0x44, 0x4,
    0x34, 0x40, 0xf1, 0xaa, 0xd3, 0xc8, 0xa, 0x54,
    0x6c, 0x54, 0x1e, 0x6c, 0xb1, 0x9d, 0xa7, 0x13,
    0x26, 0x40, 0x7e, 0x43, 0x4e, 0x0,

    /* U+00BC "¼" */
    0x48, 0x80, 0x7, 0x8d, 0xc0, 0x2d, 0x7, 0x0,
    0xf7, 0x10, 0x5, 0x36, 0x1, 0xe7, 0x15, 0x0,
    0xff, 0x14, 0x70, 0x7, 0xfd, 0x2e, 0x40, 0x1f,
    0xe5, 0x54, 0x0, 0x42, 0x15, 0xc3, 0xae, 0x17,
    0x60, 0xa, 0xf8, 0x2b, 0x7b, 0x5e, 0x15, 0x40,
    0x8, 0xd0, 0xf, 0x13, 0xc8, 0x1, 0x7d, 0x40,
    0x3d, 0x2e, 0x40, 0x5c, 0xe0, 0x1e, 0x56, 0x80,
    0x2, 0x2e, 0xe8, 0x34, 0x2, 0xb9, 0x0, 0x9b,
    0xb7, 0x41, 0xa0, 0x2, 0xb4, 0x0, 0xf1, 0x48,
    0x0,

    /* U+00BD "½" */
    0x0, 0xff, 0xe1, 0x67, 0x78, 0x7, 0xa6, 0x80,
    0x2d, 0xd0, 0x7, 0x8d, 0xac, 0x2, 0x10, 0xf,
    0xbe, 0x4, 0x3, 0xfc, 0xc2, 0xe0, 0x1f, 0xe1,
    0x8e, 0x0, 0xff, 0xa1, 0xd, 0xf3, 0x60, 0x2b,
    0x87, 0x5c, 0xde, 0xc4, 0x33, 0xc, 0xb5, 0xbd,
    0xaf, 0xf0, 0x22, 0x70, 0x13, 0x10, 0xc, 0xc0,
    0xc0, 0x1a, 0x59, 0x0, 0x21, 0x8f, 0x0, 0xd0,
    0xb6, 0x1, 0xad, 0xcc, 0x2, 0x93, 0xc0, 0xc,
    0x69, 0x0, 0x11, 0x32, 0xf7, 0x1c,

    /* U+00BE "¾" */
    0xb, 0xdd, 0x48, 0x7, 0x3d, 0x0, 0x69, 0xdc,
    0x75, 0x0, 0x86, 0x24, 0x3, 0x10, 0x0, 0xd8,
    0x2, 0xb6, 0x30, 0xe, 0xde, 0x62, 0x0, 0x22,
    0x20, 0x3, 0xdb, 0xef, 0x20, 0x9, 0x81, 0x0,
    0xc2, 0x20, 0x10, 0xf0, 0x61, 0x60, 0x1, 0xb0,
    0x1e, 0xeb, 0x11, 0xc6, 0x3c, 0x0, 0x3d, 0x20,
    0x59, 0xba, 0x80, 0x84, 0x30, 0x5, 0xc0, 0x7,
    0xc6, 0xd6, 0x0, 0x6d, 0x60, 0xf, 0xbe, 0x4,
    0xb, 0x5c, 0x3, 0xe6, 0x17, 0x0, 0x22, 0xee,
    0x83, 0x40, 0x34, 0x48, 0x4, 0xdd, 0xba, 0xd,
    0x0, 0x8a, 0xd0, 0x3, 0xc5, 0x20,

    /* U+00BF "¿" */
    0x0, 0x17, 0xb8, 0x7, 0x84, 0x3, 0x17, 0xb0,
    0x6, 0x1d, 0x50, 0xe, 0x23, 0x0, 0xce, 0xa,
    0x1, 0x24, 0xb1, 0x80, 0xe, 0xd6, 0x40, 0x28,
    0x1a, 0x0, 0xcc, 0x40, 0x18, 0x54, 0xe5, 0x5f,
    0x92, 0x1d, 0xd5, 0x49, 0x40,

    /* U+00C0 "À" */
    0x0, 0x87, 0x98, 0x3, 0xf0, 0xe4, 0x18, 0x7,
    0xe2, 0xe3, 0x0, 0xfd, 0x3f, 0x0, 0x1f, 0x98,
    0x18, 0x3, 0xe5, 0x4, 0x14, 0x0, 0xf7, 0xd,
    0x7, 0x0, 0x70, 0xa3, 0x8a, 0xa8, 0x40, 0x33,
    0x5, 0x7, 0x3, 0x80, 0x6a, 0x23, 0x4, 0x1a,
    0x0, 0x8c, 0x94, 0x46, 0x73, 0x20, 0x5, 0x3,
    0xf7, 0x4c, 0x14, 0x0, 0x73, 0xbb, 0xe3, 0x60,
    0x51, 0x94, 0x4e, 0xa1, 0x4e, 0x5, 0x0, 0xe6,
    0xe,

    /* U+00C1 "Á" */
    0x0, 0xe7, 0xd1, 0x0, 0xf9, 0x27, 0x4, 0x3,
    0xe4, 0xe1, 0x0, 0xfd, 0x3f, 0x0, 0x1f, 0x98,
    0x18, 0x3, 0xe5, 0x4, 0x14, 0x0, 0xf7, 0xd,
    0x7, 0x0, 0x70, 0xa3, 0x8a, 0xa8, 0x40, 0x33,
    0x5, 0x7, 0x3, 0x80, 0x6a, 0x23, 0x4, 0x1a,
    0x0, 0x8c, 0x94, 0x46, 0x73, 0x20, 0x5, 0x3,
    0xf7, 0x4c, 0x14, 0x0, 0x73, 0xbb, 0xe3, 0x60,
    0x51, 0x94, 0x4e, 0xa1, 0x4e, 0x5, 0x0, 0xe6,
    0xe,

    /* U+00C2 "Â" */
    0x0, 0xd5, 0xd2, 0x1, 0xf3, 0x87, 0x13, 0x80,
    0x79, 0xe8, 0x2d, 0xc0, 0x3e, 0x9f, 0x80, 0xf,
    0xcc, 0xc, 0x1, 0xf2, 0x82, 0xa, 0x0, 0x7b,
    0x86, 0x83, 0x80, 0x38, 0x51, 0xc5, 0x54, 0x20,
    0x19, 0x82, 0x83, 0x81, 0xc0, 0x35, 0x11, 0x82,
    0xd, 0x0, 0x46, 0x4a, 0x23, 0x39, 0x90, 0x2,
    0x81, 0xfb, 0xa6, 0xa, 0x0, 0x39, 0xdd, 0xf1,
    0xb0, 0x28, 0xca, 0x27, 0x50, 0xa7, 0x2, 0x80,
    0x73, 0x7, 0x0,

    /* U+00C3 "Ã" */
    0x0, 0xa3, 0xa0, 0x78, 0x3, 0xcd, 0xe1, 0xf2,
    0x1, 0xee, 0x18, 0xe7, 0x0, 0xfa, 0x7e, 0x0,
    0x3f, 0x30, 0x30, 0x7, 0xca, 0x8, 0x28, 0x1,
    0xee, 0x1a, 0xe, 0x0, 0xe1, 0x47, 0x15, 0x50,
    0x80, 0x66, 0xa, 0xe, 0x7, 0x0, 0xd4, 0x46,
    0x8, 0x34, 0x1, 0x19, 0x28, 0x8c, 0xe6, 0x40,
    0xa, 0x7, 0xee, 0x98, 0x28, 0x0, 0xe7, 0x77,
    0xc6, 0xc0, 0xa3, 0x28, 0x9d, 0x42, 0x9c, 0xa,
    0x1, 0xcc, 0x1c,

    /* U+00C4 "Ä" */
    0x0, 0xa1, 0x81, 0xdc, 0x1, 0xe5, 0xd0, 0xbb,
    0x0, 0x7b, 0x6c, 0x33, 0x0, 0x1f, 0x4f, 0xc0,
    0x7, 0xe6, 0x6, 0x0, 0xf9, 0x41, 0x5, 0x0,
    0x3d, 0xc3, 0x41, 0xc0, 0x1c, 0x28, 0xe2, 0xaa,
    0x10, 0xc, 0xc1, 0x41, 0xc0, 0xe0, 0x1a, 0x88,
    0xc1, 0x6, 0x80, 0x23, 0x25, 0x11, 0x9c, 0xc8,
    0x1, 0x40, 0xfd, 0xd3, 0x5, 0x0, 0x1c, 0xee,
    0xf8, 0xd8, 0x14, 0x65, 0x13, 0xa8, 0x53, 0x81,
    0x40, 0x39, 0x83, 0x80,

    /* U+00C5 "Å" */
    0x0, 0xd7, 0xd4, 0x1, 0xf4, 0x1f, 0x1b, 0x80,
    0x78, 0x40, 0x2f, 0x0, 0xf5, 0x3f, 0xbd, 0x0,
    0x78, 0xc4, 0xc, 0x80, 0x3c, 0x82, 0x84, 0x60,
    0x1e, 0xe1, 0xa0, 0xa0, 0xe, 0x15, 0x71, 0x56,
    0x0, 0xe7, 0xa, 0xe, 0x5, 0x0, 0xd4, 0x46,
    0x8, 0x3c, 0x1, 0x11, 0xa8, 0x8c, 0xe8, 0x20,
    0xa, 0x7, 0xee, 0x98, 0x18, 0x0, 0xc7, 0x77,
    0xc7, 0x40, 0x83, 0x28, 0x9d, 0x44, 0x7e, 0xa,
    0x1, 0xcc, 0x14,

    /* U+00C6 "Æ" */
    0x0, 0xc9, 0xff, 0xfc, 0xc0, 0x1b, 0x86, 0x81,
    0x2a, 0xb9, 0x0, 0x21, 0x57, 0x50, 0x15, 0x5e,
    0x20, 0x9, 0x82, 0xc0, 0x3f, 0xf8, 0x14, 0x64,
    0x1, 0x8, 0xf0, 0x4, 0x85, 0x40, 0x12, 0xf7,
    0x71, 0x80, 0x3c, 0x18, 0x2, 0x4b, 0xbe, 0x30,
    0x14, 0x51, 0x18, 0x5, 0x13, 0x80, 0x12, 0xb,
    0xdd, 0x0, 0x7f, 0x31, 0x5d, 0xe0, 0xf, 0xca,
    0x30, 0x89, 0x80, 0x55, 0x78, 0xb8, 0x54, 0x3,
    0x92, 0xab, 0xac,

    /* U+00C7 "Ç" */
    0x0, 0x8e, 0xbb, 0xfa, 0xd4, 0x2, 0x6c, 0x79,
    0xa8, 0x1a, 0x40, 0x39, 0x5d, 0x75, 0x6a, 0xd7,
    0x9, 0xb, 0x0, 0xe2, 0x30, 0x54, 0x10, 0xf,
    0xe2, 0x0, 0xff, 0xe4, 0x90, 0x7, 0xf2, 0xa0,
    0x80, 0x7e, 0x90, 0xb0, 0xe, 0x23, 0x3, 0x95,
    0xd7, 0x56, 0xad, 0x70, 0x3, 0x63, 0xcd, 0x48,
    0xd2, 0x0, 0x47, 0x5c, 0xf1, 0x6a, 0x1, 0xf7,
    0x58, 0x7, 0xcb, 0xf3, 0x40, 0x10,

    /* U+00C8 "È" */
    0x0, 0x27, 0x98, 0x7, 0x92, 0xb8, 0x40, 0x3c,
    0xba, 0x20, 0x13, 0x7f, 0xfc, 0x1, 0x4d, 0x57,
    0x0, 0x48, 0xab, 0xc0, 0x1f, 0xfc, 0x1, 0x1e,
    0x0, 0xd9, 0xdd, 0xac, 0x2, 0xab, 0xbd, 0x20,
    0x13, 0xa2, 0x62, 0x0, 0xff, 0xe4, 0xa2, 0xaf,
    0x0, 0x53, 0x55, 0xc2,

    /* U+00C9 "É" */
    0x0, 0xd7, 0x40, 0x1e, 0x70, 0xa0, 0xf, 0x3d,
    0x80, 0x66, 0xff, 0xf8, 0x2, 0x9a, 0xae, 0x0,
    0x91, 0x57, 0x80, 0x3f, 0xf8, 0x2, 0x3c, 0x1,
    0xb3, 0xbb, 0x58, 0x5, 0x57, 0x7a, 0x40, 0x27,
    0x44, 0xc4, 0x1, 0xff, 0xc9, 0x45, 0x5e, 0x0,
    0xa6, 0xab, 0x84,

    /* U+00CA "Ê" */
    0x0, 0xe, 0xf3, 0x0, 0x75, 0x5f, 0xd9, 0x80,
    0x6b, 0x61, 0xd3, 0x0, 0x37, 0xff, 0xc0, 0x14,
    0xd5, 0x70, 0x4, 0x8a, 0xbc, 0x1, 0xff, 0xc0,
    0x11, 0xe0, 0xd, 0x9d, 0xda, 0xc0, 0x2a, 0xbb,
    0xd2, 0x1, 0x3a, 0x26, 0x20, 0xf, 0xfe, 0x4a,
    0x2a, 0xf0, 0x5, 0x35, 0x5c, 0x20,

    /* U+00CB "Ë" */
    0x0, 0x4a, 0x4, 0xa8, 0x4, 0x2d, 0x80, 0xd8,
    0x1, 0xf, 0xc0, 0x7c, 0x80, 0x1b, 0xff, 0xe0,
    0xa, 0x6a, 0xb8, 0x2, 0x45, 0x5e, 0x0, 0xff,
    0xe0, 0x8, 0xf0, 0x6, 0xce, 0xed, 0x60, 0x15,
    0x5d, 0xe9, 0x0, 0x9d, 0x13, 0x10, 0x7, 0xff,
    0x25, 0x15, 0x78, 0x2, 0x9a, 0xae, 0x10,

    /* U+00CC "Ì" */
    0x2e, 0x40, 0x2d, 0xa2, 0x3, 0xe2, 0x6, 0xf2,
    0x0, 0xff, 0xf0, 0x0,

    /* U+00CD "Í" */
    0x9, 0xc0, 0x54, 0xd0, 0x5d, 0x10, 0x6f, 0x20,
    0xf, 0xff, 0x8,

    /* U+00CE "Î" */
    0x0, 0x67, 0x40, 0x2, 0x53, 0x91, 0x42, 0x60,
    0x31, 0x40, 0xd, 0xe4, 0x1, 0xff, 0xf7,

    /* U+00CF "Ï" */
    0x96, 0x8, 0x66, 0x60, 0x36, 0xfd, 0x7, 0x58,
    0x37, 0x90, 0x7, 0xff, 0xb0,

    /* U+00D0 "Ð" */
    0x5, 0xff, 0xdd, 0x6a, 0x1, 0xe8, 0xba, 0x80,
    0xac, 0x0, 0xe4, 0x42, 0xb5, 0xd1, 0xd0, 0x7,
    0xf2, 0xac, 0x20, 0x1f, 0xde, 0x9, 0xd4, 0x19,
    0xfa, 0x1, 0x30, 0x1e, 0x40, 0x56, 0xf8, 0x7,
    0x88, 0x80, 0xc4, 0x40, 0x9, 0x80, 0xc0, 0x3f,
    0xbc, 0x10, 0x3, 0xf2, 0xac, 0x20, 0x12, 0x21,
    0x5a, 0xe8, 0xe8, 0x3, 0x45, 0xd4, 0x5, 0x60,
    0x0,

    /* U+00D1 "Ñ" */
    0x0, 0x16, 0xe1, 0xc3, 0x80, 0x6a, 0xa7, 0xf9,
    0x58, 0x3, 0x43, 0x9e, 0x68, 0x80, 0x1b, 0xf8,
    0x3, 0x17, 0xb0, 0x0, 0x5c, 0x3, 0xf2, 0x48,
    0x7, 0xe8, 0x18, 0x0, 0xf8, 0x99, 0xc4, 0x3,
    0xe8, 0x9, 0x0, 0xf8, 0x5d, 0xc2, 0x1, 0xf4,
    0x84, 0x0, 0x7c, 0x2e, 0xc2, 0x1, 0xf4, 0x84,
    0x0, 0x7c, 0x30, 0x80, 0x1f, 0x9c, 0x40, 0x0,

    /* U+00D2 "Ò" */
    0x0, 0xc7, 0xc8, 0x1, 0xfc, 0x75, 0x41, 0x0,
    0xfe, 0x4e, 0x10, 0xf, 0x92, 0xfb, 0xf6, 0x44,
    0x3, 0x3d, 0xbc, 0x52, 0xbf, 0x90, 0x0, 0xe1,
    0x71, 0x96, 0x30, 0x7c, 0x1, 0x21, 0x60, 0x18,
    0xa0, 0x90, 0x15, 0x4, 0x3, 0x94, 0x30, 0x0,
    0x40, 0x1e, 0x20, 0x21, 0x0, 0xff, 0x84, 0x8,
    0x3, 0xc4, 0x4, 0x8, 0x81, 0x0, 0xe5, 0xc,
    0x8, 0xb, 0x0, 0xc5, 0x24, 0x80, 0x70, 0xb8,
    0xcb, 0x18, 0x1e, 0x1, 0x3d, 0xbc, 0x52, 0xbf,
    0x90, 0x0,

    /* U+00D3 "Ó" */
    0x0, 0xf5, 0x58, 0x7, 0xf3, 0x32, 0xc0, 0x3f,
    0x9b, 0x0, 0x3f, 0x25, 0xf7, 0xec, 0x88, 0x6,
    0x7b, 0x78, 0xa5, 0x7f, 0x20, 0x1, 0xc2, 0xe3,
    0x2c, 0x60, 0xf8, 0x2, 0x42, 0xc0, 0x31, 0x41,
    0x20, 0x2a, 0x8, 0x7, 0x28, 0x60, 0x0, 0x80,
    0x3c, 0x40, 0x42, 0x1, 0xff, 0x8, 0x10, 0x7,
    0x88, 0x8, 0x11, 0x2, 0x1, 0xca, 0x18, 0x10,
    0x16, 0x1, 0x8a, 0x49, 0x0, 0xe1, 0x71, 0x96,
    0x30, 0x3c, 0x2, 0x7b, 0x78, 0xa5, 0x7f, 0x20,

    /* U+00D4 "Ô" */
    0x0, 0xec, 0xe7, 0x0, 0xfd, 0x57, 0xf6, 0x80,
    0x1f, 0x53, 0x8e, 0x20, 0x7, 0x92, 0xfb, 0xf6,
    0x44, 0x3, 0x3d, 0xbc, 0x52, 0xbf, 0x90, 0x0,
    0xe1, 0x71, 0x96, 0x30, 0x7c, 0x1, 0x21, 0x60,
    0x18, 0xa0, 0x90, 0x15, 0x4, 0x3, 0x94, 0x30,
    0x0, 0x40, 0x1e, 0x20, 0x21, 0x0, 0xff, 0x84,
    0x8, 0x3, 0xc4, 0x4, 0x8, 0x81, 0x0, 0xe5,
    0xc, 0x8, 0xb, 0x0, 0xc5, 0x24, 0x80, 0x70,
    0xb8, 0xcb, 0x18, 0x1e, 0x1, 0x3d, 0xbc, 0x52,
    0xbf, 0x90, 0x0,

    /* U+00D5 "Õ" */
    0x0, 0xd5, 0xac, 0x78, 0x1, 0xe3, 0x6c, 0xc6,
    0xc8, 0x7, 0x8f, 0x6, 0xb9, 0x40, 0x3c, 0x97,
    0xdf, 0xb2, 0x20, 0x19, 0xed, 0xe2, 0x95, 0xfc,
    0x80, 0x7, 0xb, 0x8c, 0xb1, 0x83, 0xe0, 0x9,
    0xb, 0x0, 0xc5, 0x4, 0x80, 0xa8, 0x20, 0x1c,
    0xa1, 0x80, 0x2, 0x0, 0xf1, 0x1, 0x8, 0x7,
    0xfc, 0x20, 0x40, 0x1e, 0x20, 0x20, 0x44, 0x8,
    0x7, 0x28, 0x60, 0x40, 0x58, 0x6, 0x29, 0x24,
    0x3, 0x85, 0xc6, 0x58, 0xc0, 0xf0, 0x9, 0xed,
    0xe2, 0x95, 0xfc, 0x80,

    /* U+00D6 "Ö" */
    0x0, 0xdf, 0x21, 0xf4, 0x1, 0xf3, 0x60, 0x37,
    0x80, 0x7d, 0x2a, 0x12, 0xa0, 0x1e, 0x4b, 0xef,
    0xd9, 0x10, 0xc, 0xf6, 0xf1, 0x4a, 0xfe, 0x40,
    0x3, 0x85, 0xc6, 0x58, 0xc1, 0xf0, 0x4, 0x85,
    0x80, 0x62, 0x82, 0x40, 0x54, 0x10, 0xe, 0x50,
    0xc0, 0x1, 0x0, 0x78, 0x80, 0x84, 0x3, 0xfe,
    0x10, 0x20, 0xf, 0x10, 0x10, 0x22, 0x4, 0x3,
    0x94, 0x30, 0x20, 0x2c, 0x3, 0x14, 0x92, 0x1,
    0xc2, 0xe3, 0x2c, 0x60, 0x78, 0x4, 0xf6, 0xf1,
    0x4a, 0xfe, 0x40,

    /* U+00D7 "×" */
    0x13, 0x0, 0xf2, 0x4, 0xe1, 0x80, 0x6b, 0xa0,
    0x85, 0xc3, 0x0, 0x5a, 0xe0, 0x2, 0x97, 0x12,
    0xd7, 0x8, 0x2, 0xa5, 0xb5, 0xd2, 0x0, 0xe1,
    0x1, 0x0, 0xf5, 0xae, 0x2e, 0x18, 0x5, 0x6b,
    0xa7, 0x4b, 0x86, 0x10, 0xba, 0x60, 0xa, 0x5d,
    0x9, 0xc3, 0x0, 0xd5, 0xa0,

    /* U+00D8 "Ø" */
    0x0, 0xff, 0xe1, 0xa5, 0xf7, 0xec, 0xd, 0x40,
    0x1, 0xed, 0xe2, 0x95, 0xf9, 0xa0, 0xe, 0x17,
    0x19, 0x62, 0x0, 0x1a, 0x42, 0xc0, 0x24, 0x97,
    0x34, 0x5, 0x41, 0x0, 0x15, 0x6c, 0x86, 0x0,
    0x8, 0x0, 0x3f, 0x66, 0x20, 0x42, 0x1, 0xb5,
    0x54, 0x1, 0x84, 0x8, 0x29, 0xa0, 0x0, 0x40,
    0x40, 0x88, 0x96, 0xa0, 0xa, 0x83, 0x2, 0x1,
    0xb4, 0x2, 0x27, 0x24, 0x7, 0x0, 0x63, 0xac,
    0x60, 0xf8, 0x2, 0xaf, 0x1a, 0x69, 0x5f, 0xc8,
    0x1, 0xe8, 0x77, 0xdf, 0xb2, 0x20, 0x0,

    /* U+00D9 "Ù" */
    0x0, 0xa7, 0x0, 0x3f, 0x4b, 0xc8, 0x7, 0xeb,
    0x90, 0xd, 0x3e, 0x1, 0xc9, 0xea, 0x1, 0xff,
    0xfa, 0x10, 0x10, 0xc, 0x40, 0xd8, 0xc, 0x1,
    0xb4, 0x4d, 0x11, 0x12, 0xad, 0x69, 0x0, 0xb,
    0x74, 0xa9, 0x7a, 0x60,

    /* U+00DA "Ú" */
    0x0, 0xc5, 0xc8, 0x1, 0xf7, 0xc2, 0x0, 0x7d,
    0xac, 0x1, 0xa7, 0xc0, 0x39, 0x3d, 0x40, 0x3f,
    0xff, 0x42, 0x2, 0x1, 0x88, 0x1b, 0x1, 0x80,
    0x36, 0x89, 0xa2, 0x22, 0x55, 0xad, 0x20, 0x1,
    0x6e, 0x95, 0x2f, 0x4c, 0x0,

    /* U+00DB "Û" */
    0x0, 0x93, 0xb8, 0x20, 0x1c, 0x53, 0x97, 0xa0,
    0x1c, 0x5a, 0x4b, 0x80, 0x14, 0xf8, 0x7, 0x27,
    0xa8, 0x7, 0xff, 0xe8, 0x40, 0x40, 0x31, 0x3,
    0x60, 0x30, 0x6, 0xd1, 0x34, 0x44, 0x4a, 0xb5,
    0xa4, 0x0, 0x2d, 0xd2, 0xa5, 0xe9, 0x80,

    /* U+00DC "Ü" */
    0x0, 0x3f, 0x93, 0x79, 0x80, 0x63, 0x63, 0x56,
    0x20, 0xc, 0x92, 0x27, 0x22, 0x0, 0x9f, 0x0,
    0xe4, 0xf5, 0x0, 0xff, 0xfd, 0x8, 0x8, 0x6,
    0x20, 0x6c, 0x6, 0x0, 0xda, 0x26, 0x88, 0x89,
    0x56, 0xb4, 0x80, 0x5, 0xba, 0x54, 0xbd, 0x30,
    0x0,

    /* U+00DD "Ý" */
    0x0, 0xe2, 0xe5, 0x0, 0xfd, 0xd2, 0xa0, 0x1f,
    0xb1, 0xc0, 0x3a, 0xf8, 0x40, 0x31, 0xfb, 0x85,
    0xd, 0x80, 0x6e, 0x37, 0x1, 0x95, 0x40, 0x4,
    0x17, 0x80, 0x4c, 0x94, 0x24, 0xee, 0x30, 0xd,
    0x23, 0x7c, 0x50, 0x1, 0xc5, 0x2a, 0x7c, 0x1,
    0xf3, 0xa, 0x18, 0x7, 0xff, 0xb8,

    /* U+00DE "Þ" */
    0x6f, 0x20, 0xf, 0xc2, 0x20, 0xf, 0xb3, 0xbf,
    0x5c, 0x3, 0x55, 0xd9, 0xe2, 0x40, 0x27, 0x44,
    0x51, 0xb0, 0x7, 0xca, 0x2, 0x1, 0xe2, 0x1,
    0x0, 0x8, 0xb, 0xa2, 0x80, 0x59, 0xfd, 0xb,
    0x60, 0x15, 0x66, 0xfd, 0x8, 0x4, 0xe6, 0x40,
    0x1f, 0xfc, 0x10,

    /* U+00DF "ß" */
    0x3, 0xbe, 0xe5, 0x90, 0x0, 0x70, 0x2a, 0x8f,
    0xe0, 0x7, 0xa, 0x44, 0x71, 0x18, 0x70, 0x88,
    0x27, 0x18, 0x40, 0x32, 0xb6, 0x49, 0x0, 0x62,
    0x3, 0x0, 0xf2, 0x86, 0x18, 0x7, 0x16, 0x8e,
    0x30, 0x7, 0x16, 0x3c, 0x90, 0x7, 0xa8, 0x18,
    0x0, 0x2e, 0x88, 0x90, 0x50, 0xa, 0xee, 0x7c,
    0x10,

    /* U+00E0 "à" */
    0x0, 0x4e, 0x80, 0x7d, 0x2d, 0x20, 0x1f, 0x52,
    0x28, 0x7, 0x87, 0x54, 0x3, 0x15, 0x77, 0xec,
    0x80, 0x4c, 0x57, 0x96, 0x98, 0x0, 0x48, 0x53,
    0x6e, 0x32, 0x0, 0x3e, 0x77, 0xe0, 0x38, 0x44,
    0x2b, 0x75, 0x80, 0x13, 0x3b, 0x19, 0x0, 0x61,
    0xf0, 0xa, 0xc0, 0x24, 0xa2, 0x6, 0x60, 0x5,
    0x4f, 0x9f, 0xba, 0x0, 0x0,

    /* U+00E1 "á" */
    0x0, 0xea, 0xc0, 0xf, 0x2a, 0x68, 0x7, 0x15,
    0xe8, 0x80, 0x71, 0x71, 0x80, 0x62, 0xae, 0xfd,
    0x90, 0x9, 0x8a, 0xf2, 0xd3, 0x0, 0x9, 0xa,
    0x6d, 0xc6, 0x40, 0x7, 0xce, 0xfc, 0x7, 0x8,
    0x85, 0x6e, 0xb0, 0x2, 0x67, 0x63, 0x20, 0xc,
    0x3e, 0x1, 0x58, 0x4, 0x94, 0x40, 0xcc, 0x0,
    0xa9, 0xf3, 0xf7, 0x40, 0x0,

    /* U+00E2 "â" */
    0x0, 0x93, 0xe0, 0x3, 0xd3, 0x26, 0x30, 0xd,
    0x8, 0xd7, 0xe0, 0x1a, 0x24, 0x17, 0x0, 0x22,
    0xae, 0xfd, 0x90, 0x9, 0x8a, 0xf2, 0xd3, 0x0,
    0x9, 0xa, 0x6d, 0xc6, 0x40, 0x7, 0xce, 0xfc,
    0x7, 0x8, 0x85, 0x6e, 0xb0, 0x2, 0x67, 0x63,
    0x20, 0xc, 0x3e, 0x1, 0x58, 0x4, 0x94, 0x40,
    0xcc, 0x0, 0xa9, 0xf3, 0xf7, 0x40, 0x0,

    /* U+00E3 "ã" */
    0x0, 0x37, 0xd8, 0xe9, 0x0, 0x57, 0xb9, 0xee,
    0x40, 0x16, 0x93, 0xf5, 0x0, 0x45, 0x5d, 0xfb,
    0x20, 0x13, 0x15, 0xe5, 0xa6, 0x0, 0x12, 0x14,
    0xdb, 0x8c, 0x80, 0xf, 0x9d, 0xf8, 0xe, 0x11,
    0xa, 0xdd, 0x60, 0x4, 0xce, 0xc6, 0x40, 0x18,
    0x7c, 0x2, 0xb0, 0x9, 0x28, 0x81, 0x98, 0x1,
    0x53, 0xe7, 0xee, 0x80, 0x0,

    /* U+00E4 "ä" */
    0x0, 0x57, 0x5, 0x78, 0x6, 0xc6, 0xf, 0x60,
    0xc, 0xd0, 0xb, 0x20, 0x11, 0x57, 0x7e, 0xc8,
    0x4, 0xc5, 0x79, 0x69, 0x80, 0x4, 0x85, 0x36,
    0xe3, 0x20, 0x3, 0xe7, 0x7e, 0x3, 0x84, 0x42,
    0xb7, 0x58, 0x1, 0x33, 0xb1, 0x90, 0x6, 0x1f,
    0x0, 0xac, 0x2, 0x4a, 0x20, 0x66, 0x0, 0x54,
    0xf9, 0xfb, 0xa0, 0x0,

    /* U+00E5 "å" */
    0x0, 0xab, 0xb0, 0x80, 0x33, 0x7, 0x54, 0x0,
    0x7f, 0xf0, 0x58, 0xfa, 0xac, 0x3, 0xa7, 0xb0,
    0x40, 0x22, 0xae, 0xfd, 0x90, 0x9, 0x8a, 0xf2,
    0xd3, 0x0, 0x9, 0xa, 0x6d, 0xc6, 0x40, 0x7,
    0xce, 0xfc, 0x7, 0x8, 0x85, 0x6e, 0xb0, 0x2,
    0x67, 0x63, 0x20, 0xc, 0x3e, 0x1, 0x58, 0x4,
    0x94, 0x40, 0xcc, 0x0, 0xa9, 0xf3, 0xf7, 0x40,
    0x0,

    /* U+00E6 "æ" */
    0x2, 0xae, 0xfe, 0x91, 0x3b, 0xff, 0x59, 0x0,
    0x18, 0xaf, 0x21, 0x33, 0x1, 0x56, 0xf8, 0x20,
    0x90, 0xa6, 0xdc, 0x47, 0x6a, 0x98, 0x12, 0x0,
    0x7c, 0xef, 0xc0, 0xa0, 0xc, 0x88, 0x8, 0x85,
    0x6e, 0xb0, 0x27, 0xff, 0x28, 0x83, 0x3b, 0x19,
    0x0, 0x23, 0x77, 0xbc, 0x4, 0x3, 0x50, 0x61,
    0x17, 0x81, 0x19, 0x89, 0x2d, 0x9, 0x6a, 0x6b,
    0x2e, 0x14, 0x91, 0x65, 0x8f, 0x81, 0x79, 0x66,
    0x80,

    /* U+00E7 "ç" */
    0x0, 0x15, 0x77, 0xeb, 0x81, 0xeb, 0xdd, 0xdc,
    0x10, 0x3a, 0xa8, 0xd2, 0x8, 0xc0, 0x1c, 0x21,
    0xe0, 0x1c, 0x21, 0xe0, 0x1e, 0x46, 0x0, 0xf4,
    0xe, 0xb2, 0x34, 0x81, 0xe3, 0x4d, 0xdb, 0x80,
    0x7, 0x7e, 0x92, 0xe0, 0x10, 0x81, 0x68, 0x6,
    0x9f, 0x7d, 0x0,

    /* U+00E8 "è" */
    0x0, 0x1f, 0xa8, 0x7, 0x8e, 0xac, 0x40, 0x3c,
    0xb3, 0xa0, 0x1f, 0x3e, 0x0, 0x71, 0x5f, 0xfb,
    0xc, 0x0, 0x5a, 0xf5, 0x6d, 0x86, 0x12, 0x38,
    0xa9, 0x45, 0x20, 0x8c, 0x1, 0x95, 0x4, 0x1f,
    0xff, 0x38, 0x88, 0x1b, 0x77, 0xc0, 0x88, 0x22,
    0xf0, 0x49, 0x63, 0x22, 0xc4, 0x0, 0xb5, 0xa2,
    0xec, 0x78,

    /* U+00E9 "é" */
    0x0, 0xe3, 0xf5, 0x0, 0xf7, 0x42, 0x80, 0x75,
    0x23, 0x80, 0x7a, 0xa4, 0x3, 0x8a, 0xff, 0xd8,
    0x60, 0x2, 0xd7, 0xab, 0x6c, 0x30, 0x91, 0xc5,
    0x4a, 0x29, 0x4, 0x60, 0xc, 0xa8, 0x20, 0xff,
    0xf9, 0xc4, 0x40, 0xdb, 0xbe, 0x4, 0x41, 0x17,
    0x82, 0x4b, 0x19, 0x16, 0x20, 0x5, 0xad, 0x17,
    0x63, 0xc0,

    /* U+00EA "ê" */
    0x0, 0xd9, 0xc2, 0x1, 0xce, 0xf, 0x0, 0x18,
    0xa7, 0x65, 0x10, 0x1, 0x17, 0x8, 0x6a, 0x0,
    0x45, 0x7f, 0xec, 0x30, 0x1, 0x6b, 0xd5, 0xb6,
    0x18, 0x48, 0xe2, 0xa5, 0x14, 0x82, 0x30, 0x6,
    0x54, 0x10, 0x7f, 0xfc, 0xe2, 0x20, 0x6d, 0xdf,
    0x2, 0x20, 0x8b, 0xc1, 0x25, 0x8c, 0x8b, 0x10,
    0x2, 0xd6, 0x8b, 0xb1, 0xe0,

    /* U+00EB "ë" */
    0x0, 0x1f, 0xa9, 0x7b, 0x0, 0x42, 0xcc, 0x36,
    0x50, 0x8, 0xa4, 0xc6, 0x4c, 0x2, 0x2b, 0xff,
    0x61, 0x80, 0xb, 0x5e, 0xad, 0xb0, 0xc2, 0x47,
    0x15, 0x28, 0xa4, 0x11, 0x80, 0x32, 0xa0, 0x83,
    0xff, 0xe7, 0x11, 0x3, 0x6e, 0xf8, 0x11, 0x4,
    0x5e, 0x9, 0x2c, 0x64, 0x58, 0x80, 0x16, 0xb4,
    0x5d, 0x8f, 0x0,

    /* U+00EC "ì" */
    0x1e, 0x70, 0x0, 0xec, 0x18, 0x0, 0xeb, 0x80,
    0x25, 0xd0, 0x9, 0xfc, 0x3, 0xff, 0xba,

    /* U+00ED "í" */
    0x1, 0xe7, 0xd, 0x77, 0x43, 0xc8, 0x45, 0x80,
    0x1f, 0xc0, 0x3f, 0xfa, 0xc0,

    /* U+00EE "î" */
    0x0, 0x57, 0x90, 0x1, 0x1e, 0x38, 0x1, 0x3c,
    0xee, 0x60, 0xd3, 0xb, 0x60, 0x3, 0xf8, 0x7,
    0xff, 0x98,

    /* U+00EF "ï" */
    0x1f, 0x80, 0xf8, 0x16, 0xc0, 0x6d, 0x9, 0x40,
    0x95, 0x0, 0x3f, 0x80, 0x7f, 0xf9, 0x80,

    /* U+00F0 "ð" */
    0x0, 0x17, 0x59, 0x34, 0x80, 0x4c, 0x88, 0xd3,
    0x90, 0x0, 0x94, 0x71, 0x78, 0x4, 0x2b, 0xdc,
    0x25, 0x70, 0x1, 0xe3, 0xde, 0x34, 0x10, 0x79,
    0x5a, 0x1c, 0x8d, 0x1, 0xa8, 0x6, 0x54, 0x10,
    0xf0, 0xc, 0x24, 0x21, 0xe0, 0x18, 0x4c, 0x11,
    0x80, 0x22, 0x44, 0x4, 0xe, 0x2a, 0xbc, 0x60,
    0xf, 0x2, 0xa8, 0xf8, 0x20,

    /* U+00F1 "ñ" */
    0x0, 0x67, 0x32, 0xd8, 0x1, 0x5f, 0x2a, 0xfc,
    0x0, 0xb6, 0x59, 0xc8, 0x11, 0xc7, 0x9f, 0xac,
    0x0, 0x1f, 0x8e, 0xb9, 0x40, 0x7, 0xa0, 0xb1,
    0x70, 0x0, 0xc0, 0x27, 0x60, 0x10, 0xf, 0xfe,
    0xd0,

    /* U+00F2 "ò" */
    0x0, 0x2f, 0x90, 0x7, 0x96, 0x3c, 0x3, 0xe7,
    0x74, 0x80, 0x7d, 0x52, 0x1, 0xc9, 0x9f, 0xeb,
    0x20, 0x2, 0x5b, 0xdd, 0x36, 0x8, 0x41, 0x5a,
    0x2e, 0xc, 0x1, 0xa8, 0x4, 0x28, 0x81, 0xe,
    0x0, 0xc2, 0x62, 0x1c, 0x1, 0x84, 0xc0, 0xd4,
    0x2, 0x14, 0x40, 0x41, 0x5a, 0xab, 0x6, 0x1,
    0x2d, 0xea, 0x8d, 0x82,

    /* U+00F3 "ó" */
    0x0, 0xe6, 0xf2, 0x0, 0xe2, 0x9b, 0x20, 0xe,
    0xe9, 0x40, 0xf, 0x63, 0x0, 0x72, 0x67, 0xfa,
    0xc8, 0x0, 0x96, 0xf7, 0x4d, 0x82, 0x10, 0x56,
    0x8b, 0x83, 0x0, 0x6a, 0x1, 0xa, 0x20, 0x43,
    0x80, 0x30, 0x98, 0x87, 0x0, 0x61, 0x30, 0x35,
    0x0, 0x85, 0x10, 0x10, 0x56, 0xaa, 0xc1, 0x80,
    0x4b, 0x7a, 0xa3, 0x60, 0x80,

    /* U+00F4 "ô" */
    0x0, 0x87, 0xb0, 0x3, 0xd6, 0xe0, 0xc0, 0x19,
    0x1e, 0x76, 0x4, 0x2, 0x4d, 0x1, 0xe1, 0x0,
    0x93, 0x3f, 0xd6, 0x40, 0x4, 0xb7, 0xba, 0x6c,
    0x10, 0x82, 0xb4, 0x5c, 0x18, 0x3, 0x50, 0x8,
    0x51, 0x2, 0x1c, 0x1, 0x84, 0xc4, 0x38, 0x3,
    0x9, 0x81, 0xa8, 0x4, 0x28, 0x80, 0x82, 0xb5,
    0x56, 0xc, 0x2, 0x5b, 0xd5, 0x1b, 0x4,

    /* U+00F5 "õ" */
    0x0, 0x1f, 0x69, 0xcb, 0x0, 0x55, 0x13, 0xa8,
    0xe0, 0x14, 0xb2, 0x76, 0x88, 0x4, 0x99, 0xfe,
    0xb2, 0x0, 0x25, 0xbd, 0xd3, 0x60, 0x84, 0x15,
    0xa2, 0xe0, 0xc0, 0x1a, 0x80, 0x42, 0x88, 0x10,
    0xe0, 0xc, 0x26, 0x21, 0xc0, 0x18, 0x4c, 0xd,
    0x40, 0x21, 0x44, 0x4, 0x15, 0xaa, 0xb0, 0x60,
    0x12, 0xde, 0xa8, 0xd8, 0x20,

    /* U+00F6 "ö" */
    0x0, 0x37, 0x92, 0xf9, 0x80, 0x44, 0xc6, 0xcc,
    0x10, 0x9, 0x24, 0x4e, 0x48, 0x2, 0x4c, 0xff,
    0x59, 0x0, 0x12, 0xde, 0xe9, 0xb0, 0x42, 0xa,
    0xd1, 0x70, 0x60, 0xd, 0x40, 0x21, 0x44, 0x8,
    0x70, 0x6, 0x13, 0x10, 0xe0, 0xc, 0x26, 0x6,
    0xa0, 0x10, 0xa2, 0x2, 0xa, 0xd5, 0x58, 0x30,
    0x9, 0x6f, 0x54, 0x6c, 0x10,

    /* U+00F7 "÷" */
    0x0, 0xc9, 0xf4, 0x1, 0xf9, 0xc4, 0xc0, 0x38,
    0x46, 0x2f, 0x81, 0x18, 0x13, 0xbb, 0xfa, 0xd6,
    0xef, 0xfa, 0x5, 0x13, 0xf8, 0xc0, 0x32, 0x7d,
    0x0, 0x7e, 0x71, 0x30, 0xc,

    /* U+00F8 "ø" */
    0x0, 0xfc, 0x80, 0x12, 0x67, 0xf5, 0x3c, 0x80,
    0x12, 0xde, 0xec, 0xf1, 0xc0, 0x8, 0x2b, 0x47,
    0x1, 0xb0, 0x1, 0xa8, 0x3, 0xe5, 0x10, 0x2,
    0x1c, 0x17, 0x64, 0x2, 0x1, 0x1, 0x92, 0x60,
    0x13, 0x0, 0x24, 0xac, 0x81, 0x22, 0x0, 0x1a,
    0x2e, 0x8b, 0xe3, 0x0, 0x51, 0x21, 0x74, 0xd8,
    0x20, 0x5a, 0xd7, 0xfe, 0xb2, 0x0, 0x0,

    /* U+00F9 "ù" */
    0x4, 0xf3, 0x0, 0xe4, 0x9e, 0x0, 0xf3, 0x25,
    0x0, 0x7a, 0x68, 0x2, 0xac, 0x0, 0xd9, 0x60,
    0x1f, 0xfd, 0x43, 0x10, 0xf, 0x71, 0x80, 0x42,
    0x60, 0xa3, 0x2, 0x54, 0x0, 0x2a, 0x5e, 0xfe,
    0x30,

    /* U+00FA "ú" */
    0x0, 0xcb, 0xe6, 0x1, 0x86, 0xe8, 0xc0, 0x36,
    0xca, 0x80, 0x76, 0x38, 0x5, 0x58, 0x1, 0xb2,
    0xc0, 0x3f, 0xfa, 0x86, 0x20, 0x1e, 0xe3, 0x0,
    0x84, 0xc1, 0x46, 0x4, 0xa8, 0x0, 0x54, 0xbd,
    0xfc, 0x60,

    /* U+00FB "û" */
    0x0, 0xbb, 0x40, 0x3a, 0x51, 0x9c, 0x2, 0x34,
    0xaa, 0x49, 0x0, 0xf, 0x40, 0x78, 0x82, 0xb0,
    0x3, 0x65, 0x80, 0x7f, 0xf5, 0xc, 0x40, 0x3d,
    0xc6, 0x1, 0x9, 0x82, 0x8c, 0x9, 0x50, 0x0,
    0xa9, 0x7b, 0xf8, 0xc0,

    /* U+00FC "ü" */
    0x5, 0xf3, 0x4f, 0x40, 0x3, 0x30, 0x59, 0xa0,
    0x1, 0xc9, 0x12, 0x48, 0x2b, 0x0, 0x36, 0x58,
    0x7, 0xff, 0x50, 0xc4, 0x3, 0xdc, 0x60, 0x10,
    0x98, 0x28, 0xc0, 0x95, 0x0, 0xa, 0x97, 0xbf,
    0x8c, 0x0,

    /* U+00FD "ý" */
    0x0, 0xe8, 0xd1, 0x0, 0xe4, 0x6f, 0x10, 0xc,
    0x35, 0x42, 0x0, 0xe1, 0xe4, 0x0, 0x97, 0xcc,
    0x3, 0x5e, 0x28, 0xd0, 0x4, 0x49, 0x41, 0x2c,
    0x1, 0x50, 0x30, 0x30, 0x30, 0x1, 0x98, 0x0,
    0x15, 0xa0, 0x51, 0xb0, 0xa, 0x4c, 0xd2, 0x64,
    0x1, 0x19, 0x79, 0xc8, 0x7, 0x59, 0x8a, 0x80,
    0x73, 0x83, 0x0, 0x79, 0xc2, 0x80, 0x31, 0x24,
    0x21, 0x0, 0x69, 0xb2, 0xa0, 0xc,

    /* U+00FE "þ" */
    0x8e, 0x0, 0xff, 0xe7, 0x9e, 0x7f, 0x38, 0x4,
    0x3b, 0x56, 0xf0, 0xc0, 0x15, 0xb2, 0x4a, 0xc0,
    0x4, 0xa0, 0x17, 0x89, 0x0, 0x80, 0x66, 0x1,
    0x1, 0x0, 0xcc, 0x2, 0x0, 0x50, 0xb, 0xc4,
    0x80, 0x16, 0xc9, 0x2b, 0x0, 0x1, 0xda, 0xb7,
    0x86, 0x0, 0x8f, 0x3f, 0x9c, 0x3, 0xff, 0x90,

    /* U+00FF "ÿ" */
    0x0, 0x4f, 0x84, 0x78, 0x80, 0x58, 0xc1, 0xac,
    0x20, 0x12, 0xc8, 0x2c, 0x80, 0x17, 0xcc, 0x3,
    0x5e, 0x28, 0xd0, 0x4, 0x49, 0x41, 0x2c, 0x1,
    0x50, 0x30, 0x30, 0x30, 0x1, 0x98, 0x0, 0x15,
    0xa0, 0x51, 0xb0, 0xa, 0x4c, 0xd2, 0x64, 0x1,
    0x19, 0x79, 0xc8, 0x7, 0x59, 0x8a, 0x80, 0x73,
    0x83, 0x0, 0x79, 0xc2, 0x80, 0x31, 0x24, 0x21,
    0x0, 0x69, 0xb2, 0xa0, 0xc,

    /* U+0100 "Ā" */
    0x0, 0xb7, 0xfe, 0xc0, 0xf, 0x7e, 0xed, 0xc0,
    0x1e, 0x2b, 0xda, 0x20, 0xf, 0x98, 0x18, 0x3,
    0xe5, 0x4, 0x14, 0x0, 0xf7, 0xd, 0x7, 0x0,
    0x70, 0xa3, 0x8a, 0xa8, 0x40, 0x33, 0x5, 0x7,
    0x3, 0x80, 0x6a, 0x23, 0x4, 0x1a, 0x0, 0x8c,
    0x94, 0x46, 0x73, 0x20, 0x5, 0x3, 0xf7, 0x4c,
    0x14, 0x0, 0x73, 0xbb, 0xe3, 0x60, 0x51, 0x94,
    0x4e, 0xa1, 0x4e, 0x5, 0x0, 0xe6, 0xe,

    /* U+0101 "ā" */
    0x0, 0x67, 0xfd, 0xc0, 0x1b, 0xb7, 0x6c, 0x0,
    0xc4, 0x5c, 0x1, 0x15, 0x77, 0xec, 0x80, 0x4c,
    0x57, 0x96, 0x98, 0x0, 0x48, 0x53, 0x6e, 0x32,
    0x0, 0x3e, 0x77, 0xe0, 0x38, 0x44, 0x2b, 0x75,
    0x80, 0x13, 0x3b, 0x19, 0x0, 0x61, 0xf0, 0xa,
    0xc0, 0x24, 0xa2, 0x6, 0x60, 0x5, 0x4f, 0x9f,
    0xba, 0x0, 0x0,

    /* U+0102 "Ă" */
    0x0, 0xad, 0x40, 0xb8, 0x3, 0xd1, 0x7f, 0xb0,
    0x1, 0xe3, 0xee, 0x7b, 0x0, 0x7d, 0x3d, 0x0,
    0x1f, 0x98, 0x18, 0x3, 0xe5, 0x4, 0x14, 0x0,
    0xf7, 0xd, 0x7, 0x0, 0x70, 0xa3, 0x8a, 0xa8,
    0x40, 0x33, 0x5, 0x7, 0x3, 0x80, 0x6a, 0x23,
    0x4, 0x1a, 0x0, 0x8c, 0x94, 0x46, 0x73, 0x20,
    0x5, 0x3, 0xf7, 0x4c, 0x14, 0x0, 0x73, 0xbb,
    0xe3, 0x60, 0x51, 0x94, 0x4e, 0xa1, 0x4e, 0x5,
    0x0, 0xe6, 0xe,

    /* U+0103 "ă" */
    0x0, 0x5b, 0x1, 0x70, 0x6, 0x88, 0x7e, 0xc0,
    0x6, 0x3e, 0xe7, 0xb0, 0x4, 0x55, 0xdc, 0xd9,
    0x0, 0x98, 0xaf, 0x2d, 0x30, 0x0, 0x90, 0xa6,
    0xdc, 0x64, 0x0, 0x7c, 0xef, 0xc0, 0x70, 0x88,
    0x56, 0xeb, 0x0, 0x26, 0x76, 0x32, 0x0, 0xc3,
    0xe0, 0x15, 0x80, 0x49, 0x44, 0xc, 0xc0, 0xa,
    0x9f, 0x3f, 0x74, 0x0,

    /* U+0104 "Ą" */
    0x0, 0xd3, 0xf0, 0x1, 0xfc, 0xc0, 0xc0, 0x1f,
    0x94, 0x10, 0x50, 0x3, 0xee, 0x1a, 0xe, 0x0,
    0xf0, 0xa3, 0x8a, 0xa8, 0x40, 0x39, 0x82, 0x83,
    0x81, 0xc0, 0x3a, 0x88, 0xc1, 0x6, 0x80, 0x31,
    0x92, 0x88, 0xce, 0x64, 0x1, 0x50, 0x3f, 0x74,
    0xc1, 0x40, 0x13, 0x9d, 0xdf, 0x1b, 0x0, 0x14,
    0x65, 0x13, 0xa8, 0x50, 0x38, 0x14, 0x3, 0x98,
    0x38, 0x2f, 0xc0, 0x3c, 0x47, 0x40, 0x1f, 0xd4,
    0xa0, 0x1f, 0xec, 0x7f, 0x40,

    /* U+0105 "ą" */
    0x2, 0xae, 0xfd, 0x90, 0x9, 0x8a, 0xf2, 0xd3,
    0x0, 0x9, 0xa, 0x6d, 0xc6, 0x40, 0x7, 0xce,
    0xfc, 0x7, 0x8, 0x85, 0x6e, 0xb0, 0x2, 0x67,
    0x63, 0x20, 0xc, 0x3e, 0x1, 0x58, 0x4, 0x94,
    0x40, 0xcc, 0x0, 0xa9, 0xf3, 0xf7, 0x40, 0x10,
    0xd7, 0x7d, 0xab, 0xa8, 0x7, 0xaf, 0x40, 0x3e,
    0x5a, 0xe0,

    /* U+0106 "Ć" */
    0x0, 0xf4, 0xe0, 0x7, 0xe5, 0x4d, 0x0, 0xfc,
    0xba, 0x20, 0x1e, 0x3a, 0xef, 0xeb, 0x50, 0x9,
    0xb1, 0xe6, 0xa0, 0x69, 0x0, 0xe5, 0x75, 0xd5,
    0xab, 0x5c, 0x24, 0x2c, 0x3, 0x88, 0xc1, 0x50,
    0x40, 0x3f, 0x88, 0x3, 0xff, 0x92, 0x40, 0x1f,
    0xca, 0x82, 0x1, 0xfa, 0x42, 0xc0, 0x38, 0x8c,
    0xe, 0x57, 0x5d, 0x5a, 0xb5, 0xc0, 0xd, 0x8f,
    0x35, 0x3, 0x48,

    /* U+0107 "ć" */
    0x0, 0xe3, 0xf4, 0x0, 0xc3, 0xb0, 0x80, 0x1a,
    0xdd, 0xc0, 0x1d, 0x52, 0x1, 0x8a, 0xbb, 0xf5,
    0xc0, 0xf5, 0xee, 0xee, 0x8, 0x1d, 0x54, 0x69,
    0x4, 0x60, 0xe, 0x10, 0xf0, 0xe, 0x10, 0xf0,
    0xf, 0x23, 0x0, 0x7a, 0x7, 0x59, 0x1a, 0x40,
    0xf1, 0xa6, 0xed, 0xc0,

    /* U+0108 "Ĉ" */
    0x0, 0xe8, 0xeb, 0x0, 0xf9, 0x4f, 0x8a, 0x40,
    0x3c, 0xb6, 0x13, 0x20, 0xe, 0x3a, 0xef, 0xeb,
    0x50, 0x9, 0xb1, 0xe6, 0xa0, 0x69, 0x0, 0xe5,
    0x75, 0xd5, 0xab, 0x5c, 0x24, 0x2c, 0x3, 0x88,
    0xc1, 0x50, 0x40, 0x3f, 0x88, 0x3, 0xff, 0x92,
    0x40, 0x1f, 0xca, 0x82, 0x1, 0xfa, 0x42, 0xc0,
    0x38, 0x8c, 0xe, 0x57, 0x5d, 0x5a, 0xb5, 0xc0,
    0xd, 0x8f, 0x35, 0x3, 0x48,

    /* U+0109 "ĉ" */
    0x0, 0xd3, 0xe6, 0x1, 0x91, 0xe3, 0xc0, 0x34,
    0xeb, 0xb3, 0x80, 0x5a, 0x61, 0x4e, 0x0, 0x2a,
    0xef, 0xd7, 0x3, 0xd7, 0xbb, 0xb8, 0x20, 0x75,
    0x51, 0xa4, 0x11, 0x80, 0x38, 0x43, 0xc0, 0x38,
    0x43, 0xc0, 0x3c, 0x8c, 0x1, 0xe8, 0x1d, 0x64,
    0x69, 0x3, 0xc6, 0x9b, 0xb7, 0x0,

    /* U+010A "Ċ" */
    0x0, 0xe3, 0xf6, 0x0, 0xfc, 0x4c, 0xa0, 0x1f,
    0x86, 0x4c, 0x3, 0xc7, 0x5d, 0xfd, 0x6a, 0x1,
    0x36, 0x3c, 0xd4, 0xd, 0x20, 0x1c, 0xae, 0xba,
    0xb5, 0x6b, 0x84, 0x85, 0x80, 0x71, 0x18, 0x2a,
    0x8, 0x7, 0xf1, 0x0, 0x7f, 0xf2, 0x48, 0x3,
    0xf9, 0x50, 0x40, 0x3f, 0x48, 0x58, 0x7, 0x11,
    0x81, 0xca, 0xeb, 0xab, 0x56, 0xb8, 0x1, 0xb1,
    0xe6, 0xa0, 0x69, 0x0,

    /* U+010B "ċ" */
    0x0, 0xcf, 0xe0, 0x1e, 0x12, 0x0, 0xf3, 0x68,
    0x6, 0x2a, 0xef, 0xd7, 0x3, 0xd7, 0xbb, 0xb8,
    0x20, 0x75, 0x51, 0xa4, 0x11, 0x80, 0x38, 0x43,
    0xc0, 0x38, 0x43, 0xc0, 0x3c, 0x8c, 0x1, 0xe8,
    0x1d, 0x64, 0x69, 0x3, 0xc6, 0x9b, 0xb7, 0x0,

    /* U+010C "Č" */
    0x0, 0xd3, 0x1, 0x8a, 0x1, 0xe9, 0x4e, 0x45,
    0x0, 0xfb, 0x3a, 0x0, 0x3c, 0x75, 0xdf, 0xd6,
    0xa0, 0x13, 0x63, 0xcd, 0x40, 0xd2, 0x1, 0xca,
    0xeb, 0xab, 0x56, 0xb8, 0x48, 0x58, 0x7, 0x11,
    0x82, 0xa0, 0x80, 0x7f, 0x10, 0x7, 0xff, 0x24,
    0x80, 0x3f, 0x95, 0x4, 0x3, 0xf4, 0x85, 0x80,
    0x71, 0x18, 0x1c, 0xae, 0xba, 0xb5, 0x6b, 0x80,
    0x1b, 0x1e, 0x6a, 0x6, 0x90,

    /* U+010D "č" */
    0x0, 0x17, 0x8, 0x69, 0x80, 0xa, 0x6a, 0x50,
    0xc0, 0x27, 0x7a, 0x0, 0x3b, 0x38, 0x40, 0x22,
    0xae, 0xfd, 0x70, 0x3d, 0x7b, 0xbb, 0x82, 0x7,
    0x55, 0x1a, 0x41, 0x18, 0x3, 0x84, 0x3c, 0x3,
    0x84, 0x3c, 0x3, 0xc8, 0xc0, 0x1e, 0x81, 0xd6,
    0x46, 0x90, 0x3c, 0x69, 0xbb, 0x70,

    /* U+010E "Ď" */
    0x0, 0x16, 0x92, 0xe0, 0x7, 0x8a, 0x72, 0xf4,
    0x3, 0xe4, 0xee, 0x8, 0x6, 0x6f, 0xfd, 0xb4,
    0xa0, 0x1d, 0x37, 0x54, 0x1a, 0xb0, 0xc, 0x88,
    0x57, 0xb9, 0x49, 0x0, 0xfc, 0xc8, 0xc0, 0x1f,
    0xda, 0x6, 0x1, 0xf8, 0x81, 0x80, 0x3f, 0x8,
    0x7, 0xf8, 0xc1, 0x80, 0x3f, 0x68, 0x18, 0x7,
    0xcc, 0x8e, 0x1, 0x22, 0x15, 0xee, 0x52, 0x0,
    0x29, 0xba, 0x91, 0xab, 0x0, 0x0,

    /* U+010F "ď" */
    0x0, 0xfa, 0xec, 0x1d, 0x0, 0x1f, 0xc2, 0x2c,
    0x0, 0xfe, 0x51, 0x40, 0x2, 0xef, 0xea, 0x80,
    0x13, 0x80, 0x9, 0x4d, 0x71, 0x6a, 0x1, 0xd0,
    0x56, 0x8b, 0xa2, 0x1, 0xc6, 0xa0, 0x11, 0x90,
    0x6, 0x10, 0xe0, 0xc, 0x20, 0x18, 0x40, 0x40,
    0x30, 0x80, 0x71, 0xe0, 0x4, 0x44, 0x0, 0xe8,
    0x47, 0x2, 0xe0, 0xf, 0x25, 0x53, 0xfd, 0x48,
    0x1, 0x80,

    /* U+0110 "Đ" */
    0x5, 0xff, 0xdd, 0x6a, 0x1, 0xe8, 0xba, 0x80,
    0xac, 0x0, 0xe4, 0x42, 0xb5, 0xd1, 0xd0, 0x7,
    0xf2, 0xac, 0x20, 0x1f, 0xde, 0x9, 0xd4, 0x19,
    0xfa, 0x1, 0x30, 0x1e, 0x40, 0x56, 0xf8, 0x7,
    0x88, 0x80, 0xc4, 0x40, 0x9, 0x80, 0xc0, 0x3f,
    0xbc, 0x10, 0x3, 0xf2, 0xac, 0x20, 0x12, 0x21,
    0x5a, 0xe8, 0xe8, 0x3, 0x45, 0xd4, 0x5, 0x60,
    0x0,

    /* U+0111 "đ" */
    0x0, 0xfa, 0xec, 0x1, 0xc9, 0xfe, 0x44, 0x70,
    0x6, 0x4f, 0xf2, 0x23, 0x80, 0xb, 0xbf, 0xaa,
    0x1, 0x92, 0x9a, 0xe2, 0xd4, 0x2, 0x82, 0xb4,
    0x5d, 0x10, 0x8, 0xd4, 0x2, 0x32, 0x0, 0x8,
    0x70, 0x6, 0x10, 0x0, 0x80, 0x80, 0x61, 0x0,
    0x8f, 0x0, 0x22, 0x20, 0x5, 0x8, 0xe0, 0x5c,
    0x1, 0x92, 0xa9, 0xfe, 0xa4, 0x0, 0x0,

    /* U+0112 "Ē" */
    0x1, 0xff, 0xd2, 0x1, 0xe, 0xee, 0x80, 0x3,
    0x7e, 0xee, 0xef, 0x0, 0xa6, 0xab, 0x80, 0x24,
    0x55, 0xe0, 0xf, 0xfe, 0x0, 0x8f, 0x0, 0x6c,
    0xee, 0xd6, 0x1, 0x55, 0xde, 0x90, 0x9, 0xd1,
    0x31, 0x0, 0x7f, 0xf2, 0x51, 0x57, 0x80, 0x29,
    0xaa, 0xe1,

    /* U+0113 "ē" */
    0x0, 0x17, 0xfe, 0x80, 0x8, 0xb7, 0x74, 0x80,
    0x62, 0x2c, 0x20, 0x11, 0x5f, 0xfb, 0xc, 0x0,
    0x5a, 0xf5, 0x6d, 0x86, 0x12, 0x38, 0xa9, 0x45,
    0x20, 0x8c, 0x1, 0x95, 0x4, 0x1f, 0xff, 0x38,
    0x88, 0x1b, 0x77, 0xc0, 0x88, 0x22, 0xf0, 0x49,
    0x63, 0x22, 0xc4, 0x0, 0xb5, 0xa2, 0xec, 0x78,

    /* U+0114 "Ĕ" */
    0x1, 0xe1, 0x8, 0x90, 0x8, 0x67, 0xbd, 0x60,
    0x3, 0x3f, 0xf6, 0x88, 0x1, 0xbf, 0xee, 0xff,
    0x80, 0x29, 0xaa, 0xe0, 0x9, 0x15, 0x78, 0x3,
    0xff, 0x80, 0x23, 0xc0, 0x1b, 0x3b, 0xb5, 0x80,
    0x55, 0x77, 0xa4, 0x2, 0x74, 0x4c, 0x40, 0x1f,
    0xfc, 0x94, 0x55, 0xe0, 0xa, 0x6a, 0xb8, 0x40,

    /* U+0115 "ĕ" */
    0x0, 0x16, 0x88, 0x4c, 0x0, 0x44, 0xbd, 0xeb,
    0x20, 0x1a, 0x3f, 0xd8, 0x20, 0x1f, 0xfc, 0x2,
    0xbf, 0xf6, 0x18, 0x0, 0xb5, 0xea, 0xdb, 0xc,
    0x24, 0x71, 0x52, 0x8a, 0x41, 0x18, 0x3, 0x2a,
    0x8, 0x3f, 0xfe, 0x71, 0x10, 0x36, 0xef, 0x81,
    0x10, 0x45, 0xe0, 0x92, 0xc6, 0x45, 0x88, 0x1,
    0x6b, 0x45, 0xd8, 0xf0,

    /* U+0116 "Ė" */
    0x0, 0x96, 0x40, 0x3e, 0xc6, 0x0, 0xfa, 0x7c,
    0x3, 0x37, 0xff, 0xc0, 0x14, 0xd5, 0x70, 0x4,
    0x8a, 0xbc, 0x1, 0xff, 0xc0, 0x11, 0xe0, 0xd,
    0x9d, 0xda, 0xc0, 0x2a, 0xbb, 0xd2, 0x1, 0x3a,
    0x26, 0x20, 0xf, 0xfe, 0x4a, 0x2a, 0xf0, 0x5,
    0x35, 0x5c, 0x20,

    /* U+0117 "ė" */
    0x0, 0xd3, 0xc0, 0x1f, 0x72, 0x80, 0x7c, 0xf6,
    0x1, 0xc5, 0x7f, 0xec, 0x30, 0x1, 0x6b, 0xd5,
    0xb6, 0x18, 0x48, 0xe2, 0xa5, 0x14, 0x82, 0x30,
    0x6, 0x54, 0x10, 0x7f, 0xfc, 0xe2, 0x20, 0x6d,
    0xdf, 0x2, 0x20, 0x8b, 0xc1, 0x25, 0x8c, 0x8b,
    0x10, 0x2, 0xd6, 0x8b, 0xb1, 0xe0,

    /* U+0118 "Ę" */
    0x6f, 0xff, 0x80, 0x29, 0xaa, 0xe0, 0x9, 0x15,
    0x78, 0x3, 0xff, 0x80, 0x23, 0xc0, 0x1b, 0x3b,
    0xb5, 0x80, 0x55, 0x77, 0xa4, 0x2, 0x74, 0x4c,
    0x40, 0x1f, 0xfc, 0x94, 0x55, 0xe0, 0xa, 0x6a,
    0xb8, 0x5b, 0xff, 0x52, 0xf8, 0x80, 0x77, 0x60,
    0x7, 0xdb, 0x3e, 0x20,

    /* U+0119 "ę" */
    0x0, 0x15, 0xff, 0xb0, 0xc0, 0x5, 0xaf, 0x56,
    0xd8, 0x61, 0x23, 0x8a, 0x94, 0x52, 0x8, 0xc0,
    0x19, 0x50, 0x41, 0xff, 0xf3, 0x88, 0x81, 0xb7,
    0x7c, 0x8, 0x82, 0x2f, 0x4, 0x96, 0x32, 0x2c,
    0x40, 0xb, 0x5a, 0x2e, 0x8f, 0x0, 0x5, 0x5d,
    0xa5, 0x68, 0x1, 0xc8, 0xc0, 0x1f, 0x23, 0x7b,
    0x0,

    /* U+011A "Ě" */
    0x0, 0x53, 0x8e, 0x20, 0x6, 0xab, 0xfb, 0x40,
    0xe, 0xce, 0x70, 0x9, 0xbf, 0xfe, 0x0, 0xa6,
    0xab, 0x80, 0x24, 0x55, 0xe0, 0xf, 0xfe, 0x0,
    0x8f, 0x0, 0x6c, 0xee, 0xd6, 0x1, 0x55, 0xde,
    0x90, 0x9, 0xd1, 0x31, 0x0, 0x7f, 0xf2, 0x51,
    0x57, 0x80, 0x29, 0xaa, 0xe1,

    /* U+011B "ě" */
    0x0, 0xf, 0x10, 0x62, 0x80, 0x43, 0x1d, 0xe,
    0xa0, 0x19, 0x9d, 0xd4, 0x1, 0xeb, 0xf1, 0x0,
    0xc5, 0x7f, 0xec, 0x30, 0x1, 0x6b, 0xd5, 0xb6,
    0x18, 0x48, 0xe2, 0xa5, 0x14, 0x82, 0x30, 0x6,
    0x54, 0x10, 0x7f, 0xfc, 0xe2, 0x20, 0x6d, 0xdf,
    0x2, 0x20, 0x8b, 0xc1, 0x25, 0x8c, 0x8b, 0x10,
    0x2, 0xd6, 0x8b, 0xb1, 0xe0,

    /* U+011C "Ĝ" */
    0x0, 0xe6, 0xed, 0x0, 0xfc, 0x95, 0xf5, 0x40,
    0xf, 0x93, 0x5, 0xe8, 0x3, 0xc7, 0x5d, 0xfe,
    0xc8, 0x10, 0x9, 0xb1, 0xe6, 0xa8, 0xad, 0xa0,
    0x3, 0x95, 0xd7, 0x55, 0x4f, 0xd8, 0x2, 0x2,
    0xc0, 0x38, 0x5c, 0x0, 0x88, 0x10, 0xf, 0xf1,
    0x0, 0x7f, 0x8, 0x7, 0xbf, 0xf0, 0x88, 0x8,
    0x3, 0x66, 0x18, 0x2, 0x44, 0x8, 0x4, 0x66,
    0xe0, 0xa, 0x2, 0xc0, 0x3f, 0x8e, 0x57, 0x5d,
    0x55, 0x14, 0x1, 0x9b, 0x1e, 0x6a, 0x89, 0x5c,
    0x20,

    /* U+011D "ĝ" */
    0x0, 0x8b, 0xec, 0x3, 0xd2, 0xec, 0xa0, 0x19,
    0x5e, 0x3e, 0xc4, 0x2, 0x5c, 0x2, 0xe1, 0x0,
    0x97, 0x7f, 0x56, 0xec, 0x9, 0x4f, 0x71, 0x5,
    0x0, 0x41, 0xd2, 0x2f, 0x88, 0x0, 0xec, 0x2,
    0x22, 0x0, 0x80, 0x80, 0x61, 0x1, 0x1, 0x0,
    0xc2, 0x0, 0x3b, 0x0, 0x88, 0x80, 0x8, 0x3a,
    0x45, 0xf1, 0x0, 0x25, 0x3d, 0xc4, 0x8, 0x40,
    0xb, 0xbf, 0xa8, 0x7a, 0x0, 0x94, 0x35, 0xc1,
    0x60, 0x1, 0x56, 0x5b, 0xe0, 0x80,

    /* U+011E "Ğ" */
    0x0, 0x87, 0x84, 0x26, 0x0, 0x3c, 0x2d, 0xde,
    0xb2, 0x1, 0xf4, 0x7f, 0x60, 0x80, 0x78, 0xeb,
    0xb9, 0xf9, 0x2, 0x1, 0x36, 0x3c, 0xd5, 0x15,
    0xb4, 0x0, 0x72, 0xba, 0xea, 0xa9, 0xfb, 0x0,
    0x40, 0x58, 0x7, 0xb, 0x80, 0x11, 0x2, 0x1,
    0xfe, 0x20, 0xf, 0xe1, 0x0, 0xf7, 0xfe, 0x11,
    0x1, 0x0, 0x6c, 0xc3, 0x0, 0x48, 0x81, 0x0,
    0x8c, 0xdc, 0x1, 0x40, 0x58, 0x7, 0xf1, 0xca,
    0xeb, 0xaa, 0xa2, 0x80, 0x33, 0x63, 0xcd, 0x51,
    0x2b, 0x84,

    /* U+011F "ğ" */
    0x0, 0x1e, 0x8, 0x53, 0x0, 0x46, 0xbd, 0xe2,
    0xc0, 0x1a, 0x7f, 0xd6, 0x1, 0xff, 0xc1, 0x5d,
    0xfd, 0x5b, 0xb0, 0x25, 0x3d, 0xc4, 0x14, 0x1,
    0x7, 0x48, 0xbe, 0x20, 0x3, 0xb0, 0x8, 0x88,
    0x2, 0x2, 0x1, 0x84, 0x4, 0x4, 0x3, 0x8,
    0x0, 0xec, 0x2, 0x22, 0x0, 0x20, 0xe9, 0x17,
    0xc4, 0x0, 0x94, 0xf7, 0x10, 0x21, 0x0, 0x2e,
    0xfe, 0xa1, 0xe8, 0x2, 0x50, 0xd7, 0x5, 0x80,
    0x5, 0x59, 0x6f, 0x82,

    /* U+0120 "Ġ" */
    0x0, 0xe1, 0xf8, 0x0, 0xfe, 0x16, 0xd0, 0xf,
    0xf4, 0xa8, 0x7, 0xc7, 0x5d, 0xfe, 0xc8, 0x10,
    0x9, 0xb1, 0xe6, 0xa8, 0xad, 0xa0, 0x3, 0x95,
    0xd7, 0x55, 0x4f, 0xd8, 0x2, 0x2, 0xc0, 0x38,
    0x5c, 0x0, 0x88, 0x10, 0xf, 0xf1, 0x0, 0x7f,
    0x8, 0x7, 0xbf, 0xf0, 0x88, 0x8, 0x3, 0x66,
    0x18, 0x2, 0x44, 0x8, 0x4, 0x66, 0xe0, 0xa,
    0x2, 0xc0, 0x3f, 0x8e, 0x57, 0x5d, 0x55, 0x14,
    0x1, 0x9b, 0x1e, 0x6a, 0x89, 0x5c, 0x20,

    /* U+0121 "ġ" */
    0x0, 0xdd, 0x0, 0x1f, 0x17, 0x80, 0x7d, 0x8e,
    0x1, 0xcb, 0xbf, 0xab, 0x76, 0x4, 0xa7, 0xb8,
    0x82, 0x80, 0x20, 0xe9, 0x17, 0xc4, 0x0, 0x76,
    0x1, 0x11, 0x0, 0x40, 0x40, 0x30, 0x80, 0x80,
    0x80, 0x61, 0x0, 0x1d, 0x80, 0x44, 0x40, 0x4,
    0x1d, 0x22, 0xf8, 0x80, 0x12, 0x9e, 0xe2, 0x4,
    0x20, 0x5, 0xdf, 0xd4, 0x3d, 0x0, 0x4a, 0x1a,
    0xe0, 0xb0, 0x0, 0xab, 0x2d, 0xf0, 0x40,

    /* U+0122 "Ģ" */
    0x0, 0x8e, 0xbb, 0xfd, 0x90, 0x20, 0x13, 0x63,
    0xcd, 0x51, 0x5b, 0x40, 0x7, 0x2b, 0xae, 0xaa,
    0x9f, 0xb0, 0x4, 0x5, 0x80, 0x70, 0xb8, 0x1,
    0x10, 0x20, 0x1f, 0xe2, 0x0, 0xfe, 0x10, 0xf,
    0x7f, 0xe1, 0x10, 0x10, 0x6, 0xcc, 0x30, 0x4,
    0x88, 0x10, 0x8, 0xcd, 0xc0, 0x14, 0x5, 0x80,
    0x7f, 0x1c, 0xae, 0xba, 0xaa, 0x28, 0x3, 0x36,
    0x3c, 0xd5, 0x12, 0xb8, 0x40, 0x23, 0xae, 0xff,
    0x63, 0x88, 0x7, 0xcc, 0xa0, 0x1f, 0xc3, 0x20,
    0x1f, 0xe5, 0x25, 0x0, 0xc0,

    /* U+0123 "ģ" */
    0x0, 0xee, 0x20, 0xf, 0x38, 0x10, 0x7, 0x86,
    0xc0, 0x39, 0x76, 0x61, 0x6e, 0xc0, 0x94, 0xf7,
    0x10, 0x50, 0x4, 0x1d, 0x22, 0xf8, 0x80, 0xe,
    0xc0, 0x22, 0x20, 0x8, 0x8, 0x6, 0x10, 0x10,
    0x10, 0xc, 0x20, 0x3, 0xb0, 0x8, 0x88, 0x0,
    0x83, 0xa4, 0x5f, 0x10, 0x2, 0x53, 0xdc, 0x40,
    0x84, 0x0, 0xbb, 0xfa, 0x87, 0xa0, 0x9, 0x43,
    0x5c, 0x16, 0x0, 0x15, 0x65, 0xbe, 0x8,

    /* U+0124 "Ĥ" */
    0x0, 0x8b, 0xb8, 0x60, 0x1c, 0x3f, 0xba, 0xe1,
    0x0, 0xc3, 0xa6, 0x6d, 0x10, 0x3, 0x79, 0x0,
    0x61, 0xf7, 0x0, 0xff, 0xea, 0x8, 0xf1, 0x80,
    0x6c, 0xee, 0xda, 0x1, 0xaa, 0xef, 0x50, 0x6,
    0x74, 0x4e, 0x0, 0xff, 0xef, 0x0,

    /* U+0125 "ĥ" */
    0x1, 0xde, 0x50, 0xf, 0x6c, 0x64, 0x18, 0x7,
    0x62, 0x96, 0x98, 0x7, 0xa3, 0x80, 0x3f, 0xfa,
    0x45, 0x7f, 0xac, 0x1, 0x87, 0xf2, 0xd2, 0x50,
    0x3, 0x4b, 0xa4, 0x97, 0x0, 0x64, 0x0, 0x9d,
    0x80, 0x21, 0x0, 0xff, 0xf1, 0x0,

    /* U+0126 "Ħ" */
    0x1, 0xf7, 0x0, 0xec, 0xc0, 0x4, 0x60, 0x1f,
    0xf3, 0x68, 0x47, 0xff, 0x19, 0xbc, 0x5e, 0x81,
    0xb3, 0x38, 0x89, 0x82, 0x24, 0x1, 0x22, 0xe1,
    0x11, 0x80, 0x67, 0xee, 0xe3, 0x0, 0xf3, 0x5d,
    0xf1, 0x0, 0x7b, 0x91, 0x38, 0x40, 0x3f, 0xfd,
    0x60,

    /* U+0127 "ħ" */
    0x1, 0xf6, 0x0, 0xf0, 0xf0, 0x4f, 0xf8, 0x40,
    0x21, 0xb0, 0x7c, 0xc0, 0x80, 0x65, 0xd, 0xbd,
    0xfb, 0x10, 0xd, 0x5, 0x72, 0xba, 0x1, 0x9a,
    0x95, 0xa0, 0xc4, 0x2, 0xd0, 0x9, 0x40, 0x80,
    0x23, 0x0, 0xe7, 0x0, 0xff, 0xee, 0x0,

    /* U+0128 "Ĩ" */
    0xa, 0xe7, 0x2d, 0x27, 0xfe, 0xcb, 0x2d, 0x19,
    0xe6, 0x0, 0x37, 0x90, 0x7, 0xff, 0xdc,

    /* U+0129 "ĩ" */
    0xc, 0xe6, 0x4b, 0x47, 0xcd, 0xaf, 0x4b, 0x2b,
    0xe4, 0x0, 0x3f, 0x80, 0x7f, 0xf9, 0x80,

    /* U+012A "Ī" */
    0xff, 0xd7, 0xbb, 0xa8, 0x93, 0x40, 0x40, 0x3f,
    0xfd, 0x60,

    /* U+012B "ī" */
    0x1f, 0xfd, 0x23, 0xbb, 0xa0, 0x8, 0xb0, 0x80,
    0x1f, 0xc0, 0x3f, 0xfc, 0xc0,

    /* U+012C "Ĭ" */
    0xe, 0x20, 0x6b, 0x8, 0xdf, 0xb8, 0x6, 0xfe,
    0xd3, 0x0, 0x37, 0x10, 0x7, 0xff, 0xdc,

    /* U+012D "ĭ" */
    0x17, 0x10, 0x44, 0xe, 0xf7, 0xcb, 0x85, 0x7f,
    0xb4, 0xc0, 0x3f, 0x3f, 0x80, 0x7f, 0xf9, 0x80,

    /* U+012E "Į" */
    0x6f, 0x20, 0xf, 0xff, 0xa, 0x19, 0x5, 0x28,
    0x3, 0x1f, 0xd0,

    /* U+012F "į" */
    0x7f, 0x0, 0x9, 0x80, 0x1b, 0x0, 0xf, 0xe0,
    0x1f, 0xfd, 0x62, 0x50, 0x4, 0xe0, 0x2, 0xe7,
    0xc4,

    /* U+0130 "İ" */
    0x49, 0x12, 0x63, 0x6f, 0x26, 0xf2, 0x0, 0xff,
    0xea, 0x80,

    /* U+0131 "ı" */
    0x7f, 0x0, 0xff, 0xe2, 0x0,

    /* U+0132 "Ĳ" */
    0x6f, 0x20, 0x5, 0xf0, 0x7, 0xff, 0xe4, 0xc0,
    0x39, 0xc1, 0xbc, 0x80, 0x4, 0xc0, 0x12, 0xd0,
    0xf0, 0x0, 0x69, 0xe5, 0x40,

    /* U+0133 "ĳ" */
    0x7f, 0x0, 0xbd, 0x84, 0xc0, 0x22, 0x36, 0xc0,
    0xb, 0x55, 0xfc, 0x2, 0xf6, 0x0, 0xff, 0xf6,
    0x3f, 0x80, 0x4, 0xc, 0x2, 0x38, 0x4, 0x0,
    0xb9, 0xe4, 0x40,

    /* U+0134 "Ĵ" */
    0x0, 0x67, 0x40, 0x2, 0x53, 0x91, 0x42, 0x60,
    0x31, 0x40, 0xd, 0xe4, 0x1, 0xff, 0xf3, 0x10,
    0xe, 0xd0, 0x20, 0x48, 0x55, 0x0, 0x25, 0x99,
    0x40, 0x0,

    /* U+0135 "ĵ" */
    0x0, 0x57, 0x90, 0x1, 0x1e, 0x38, 0x1, 0x3c,
    0xee, 0x60, 0xd3, 0xb, 0x60, 0x3, 0xf8, 0x7,
    0xff, 0xa3, 0xc4, 0x0, 0x28, 0xa8, 0x0, 0x5b,
    0x68, 0x0, 0x0,

    /* U+0136 "Ķ" */
    0x6f, 0x20, 0x8, 0xfb, 0x44, 0x3, 0x8f, 0x4b,
    0x4, 0x3, 0x1e, 0x16, 0x8, 0x6, 0x4c, 0x4c,
    0x0, 0xe5, 0xb4, 0xb0, 0xf, 0x41, 0x58, 0x7,
    0xc8, 0x50, 0x1, 0xf4, 0xb3, 0xb8, 0x3, 0xe9,
    0x58, 0x70, 0xf, 0xa9, 0x61, 0x80, 0x3e, 0xa5,
    0x96, 0x0, 0xfa, 0x92, 0x55, 0xbc, 0x80, 0x35,
    0xfa, 0x80, 0x63, 0x81, 0x0, 0xfa, 0x90, 0x40,
    0x3e, 0x48, 0x0, 0xc0,

    /* U+0137 "ķ" */
    0x8e, 0x0, 0xff, 0xe9, 0x37, 0xb8, 0x7, 0x3c,
    0xc9, 0xc0, 0x34, 0xc5, 0xb0, 0x6, 0xa7, 0xc4,
    0x0, 0xc2, 0xaa, 0x30, 0xe, 0x1c, 0x4a, 0x0,
    0xf1, 0xe2, 0xd0, 0x7, 0x8f, 0x16, 0x80, 0x3c,
    0x78, 0xb6, 0x11, 0xc0, 0x11, 0xfd, 0x80, 0x62,
    0x82, 0x0, 0xf2, 0xb1, 0x0, 0x7b, 0x24, 0x3,
    0x0,

    /* U+0138 "ĸ" */
    0x8e, 0x0, 0x9b, 0xdc, 0x3, 0x9e, 0x64, 0xe0,
    0x1a, 0x21, 0x4c, 0x1, 0xa9, 0xed, 0x40, 0x30,
    0xaa, 0x20, 0x3, 0x86, 0xd2, 0x80, 0x3c, 0x98,
    0xb4, 0x1, 0xe3, 0xc5, 0xa0, 0xf, 0x1e, 0x2d,
    0x0,

    /* U+0139 "Ĺ" */
    0x2, 0xe4, 0x0, 0xef, 0x84, 0x0, 0xed, 0x60,
    0xe, 0x6f, 0x20, 0xf, 0xff, 0xf8, 0x6, 0x45,
    0x5c, 0x80, 0x9, 0xaa, 0xd2,

    /* U+013A "ĺ" */
    0x4, 0xe2, 0x1a, 0xa1, 0xf, 0x20, 0x3f, 0x80,
    0x7f, 0xf8, 0x80,

    /* U+013B "Ļ" */
    0x6f, 0x20, 0xf, 0xff, 0xf8, 0x6, 0x45, 0x5c,
    0x80, 0x9, 0xaa, 0xd2, 0xdf, 0xfe, 0xd0, 0x8,
    0xe0, 0x40, 0x3a, 0x90, 0x40, 0x39, 0x20, 0x2,

    /* U+013C "ļ" */
    0x7f, 0x0, 0xff, 0xeb, 0x3f, 0x81, 0x40, 0xd2,
    0x8a, 0x40, 0x0,

    /* U+013D "Ľ" */
    0x6f, 0x20, 0xda, 0x0, 0xf1, 0x78, 0x7, 0x18,
    0xa8, 0x7, 0x1f, 0x0, 0x7f, 0xfa, 0x51, 0x57,
    0x20, 0x2, 0x6a, 0xb4, 0x80,

    /* U+013E "ľ" */
    0x7f, 0xa, 0xd0, 0x9, 0xd4, 0x2, 0x2b, 0x0,
    0xbc, 0xc0, 0x3f, 0xfb, 0x80,

    /* U+013F "Ŀ" */
    0x6f, 0x20, 0xf, 0xfe, 0xb7, 0x58, 0x7, 0xce,
    0x1, 0xee, 0xc0, 0xf, 0xfe, 0x7a, 0x2a, 0xe4,
    0x0, 0x4d, 0x56, 0x90,

    /* U+0140 "ŀ" */
    0x7f, 0x0, 0xff, 0xe6, 0xcf, 0x80, 0x7e, 0x9f,
    0x0, 0xff, 0xe4, 0x80,

    /* U+0141 "Ł" */
    0x0, 0x2f, 0x98, 0x7, 0xff, 0x48, 0x60, 0x3,
    0xe4, 0xf2, 0x0, 0xfa, 0x21, 0x40, 0x18, 0x64,
    0x2d, 0x80, 0x3b, 0x0, 0xe, 0x1, 0xec, 0x90,
    0xf, 0xc2, 0x1, 0xff, 0xc0, 0x45, 0x5c, 0x80,
    0x1a, 0x2a, 0xb8,

    /* U+0142 "ł" */
    0x7, 0xf0, 0xf, 0xfe, 0x45, 0xa0, 0x78, 0x1a,
    0x4b, 0x84, 0x6, 0xc0, 0x4, 0x80, 0x1f, 0xfc,
    0x70,

    /* U+0143 "Ń" */
    0x0, 0xcd, 0xc2, 0x1, 0xe3, 0x8c, 0x10, 0xf,
    0x1f, 0x10, 0x6, 0x6f, 0xe0, 0xc, 0x5e, 0xc0,
    0x1, 0x70, 0xf, 0xc9, 0x20, 0x1f, 0xa0, 0x60,
    0x3, 0xe2, 0x67, 0x10, 0xf, 0xa0, 0x24, 0x3,
    0xe1, 0x77, 0x8, 0x7, 0xd2, 0x10, 0x1, 0xf0,
    0xbb, 0x8, 0x7, 0xd2, 0x10, 0x1, 0xf0, 0xc2,
    0x0, 0x7e, 0x71, 0x0, 0x0,

    /* U+0144 "ń" */
    0x0, 0xd7, 0x60, 0xe, 0x76, 0xb0, 0xc, 0x73,
    0x80, 0x1c, 0x7c, 0x20, 0x14, 0x71, 0xe7, 0xeb,
    0x0, 0x7, 0xe3, 0xae, 0x50, 0x1, 0xe8, 0x2c,
    0x5c, 0x0, 0x30, 0x9, 0xd8, 0x4, 0x3, 0xff,
    0xb4,

    /* U+0145 "Ņ" */
    0x6f, 0xe0, 0xc, 0x5e, 0xc0, 0x1, 0x70, 0xf,
    0xc9, 0x20, 0x1f, 0xa0, 0x60, 0x3, 0xe2, 0x67,
    0x10, 0xf, 0xa0, 0x24, 0x3, 0xe1, 0x77, 0x8,
    0x7, 0xd2, 0x10, 0x1, 0xf0, 0xbb, 0x8, 0x7,
    0xd2, 0x10, 0x1, 0xf0, 0xc2, 0x0, 0x7e, 0x71,
    0x0, 0x37, 0x88, 0x6, 0xef, 0x60, 0xc, 0x8e,
    0x1, 0xfa, 0x38, 0x3, 0xf1, 0xc0, 0x6,

    /* U+0146 "ņ" */
    0x8e, 0x3c, 0xfd, 0x60, 0x0, 0xfc, 0x75, 0xca,
    0x0, 0x3d, 0x5, 0x8b, 0x80, 0x6, 0x1, 0x3b,
    0x0, 0x80, 0x7f, 0xf6, 0xa3, 0x80, 0x35, 0x60,
    0x4, 0x70, 0x1, 0xe9, 0x30, 0xf, 0x24, 0x0,
    0x40,

    /* U+0147 "Ň" */
    0x0, 0x17, 0x9, 0xe8, 0x80, 0x62, 0x9d, 0xe9,
    0x10, 0xe, 0x7b, 0xb2, 0x0, 0x4d, 0xfc, 0xe,
    0xc0, 0x5e, 0xc0, 0x1, 0x70, 0xf, 0xc9, 0x20,
    0x1f, 0xa0, 0x60, 0x3, 0xe2, 0x67, 0x10, 0xf,
    0xa0, 0x24, 0x3, 0xe1, 0x77, 0x8, 0x7, 0xd2,
    0x10, 0x1, 0xf0, 0xbb, 0x8, 0x7, 0xd2, 0x10,
    0x1, 0xf0, 0xc2, 0x0, 0x7e, 0x71, 0x0, 0x0,

    /* U+0148 "ň" */
    0x1, 0xc1, 0xa, 0x40, 0x0, 0xdd, 0x40, 0x20,
    0x4, 0xe0, 0xd6, 0x1, 0xd7, 0xc2, 0x0, 0x8e,
    0x3c, 0xfd, 0x60, 0x0, 0xfc, 0x75, 0xca, 0x0,
    0x3d, 0x5, 0x8b, 0x80, 0x6, 0x1, 0x3b, 0x0,
    0x80, 0x7f, 0xf6, 0x80,

    /* U+0149 "ŉ" */
    0xc, 0xe0, 0xf, 0xe1, 0x50, 0xf, 0xc2, 0x50,
    0x1, 0xf8, 0x9c, 0xfa, 0x5f, 0x7f, 0xc, 0xe,
    0x0, 0xf, 0xbf, 0xaf, 0xa0, 0x1c, 0x74, 0x44,
    0x91, 0x40, 0xc, 0x80, 0x11, 0x1, 0x0, 0x7f,
    0x84, 0x3, 0xff, 0xc0,

    /* U+014A "Ŋ" */
    0x6f, 0x26, 0xdf, 0xe7, 0x0, 0xd1, 0x76, 0x95,
    0x86, 0x0, 0x93, 0x59, 0x96, 0x50, 0x1, 0x40,
    0x6, 0x51, 0x10, 0x1, 0x40, 0x37, 0x1, 0x80,
    0x4, 0x3, 0xc2, 0x1, 0xff, 0xf0, 0x6f, 0x20,
    0xf, 0x8, 0x7, 0x92, 0x84, 0x80, 0x38, 0xac,
    0x68, 0x0,

    /* U+014B "ŋ" */
    0x8e, 0x3c, 0xfd, 0x70, 0x0, 0xfc, 0x75, 0xc2,
    0x80, 0x3d, 0x5, 0x8f, 0xc0, 0x6, 0x1, 0x33,
    0x0, 0x40, 0x3f, 0xfb, 0x51, 0xc0, 0x18, 0x5c,
    0x2, 0x33, 0x2a, 0x18, 0x5, 0xb9, 0x4b, 0x0,

    /* U+014C "Ō" */
    0x0, 0xdf, 0xfa, 0x80, 0x3e, 0xdd, 0xd6, 0x1,
    0xf1, 0x16, 0x10, 0xf, 0x25, 0xf7, 0xec, 0x88,
    0x6, 0x7b, 0x78, 0xa5, 0x7f, 0x20, 0x1, 0xc2,
    0xe3, 0x2c, 0x60, 0xf8, 0x2, 0x42, 0xc0, 0x31,
    0x41, 0x20, 0x2a, 0x8, 0x7, 0x28, 0x60, 0x0,
    0x80, 0x3c, 0x40, 0x42, 0x1, 0xff, 0x8, 0x10,
    0x7, 0x88, 0x8, 0x11, 0x2, 0x1, 0xca, 0x18,
    0x10, 0x16, 0x1, 0x8a, 0x49, 0x0, 0xe1, 0x71,
    0x96, 0x30, 0x3c, 0x2, 0x7b, 0x78, 0xa5, 0x7f,
    0x20,

    /* U+014D "ō" */
    0x0, 0x3f, 0xfe, 0x30, 0x9, 0xb7, 0x71, 0x80,
    0x42, 0x45, 0x80, 0x32, 0x67, 0xfa, 0xc8, 0x0,
    0x96, 0xf7, 0x4d, 0x82, 0x10, 0x56, 0x8b, 0x83,
    0x0, 0x6a, 0x1, 0xa, 0x20, 0x43, 0x80, 0x30,
    0x98, 0x87, 0x0, 0x61, 0x30, 0x35, 0x0, 0x85,
    0x10, 0x10, 0x56, 0xaa, 0xc1, 0x80, 0x4b, 0x7a,
    0xa3, 0x60, 0x80,

    /* U+014E "Ŏ" */
    0x0, 0xdc, 0x41, 0x14, 0x1, 0xf4, 0x6f, 0xac,
    0x0, 0x7c, 0xdf, 0xda, 0x40, 0x1e, 0x4b, 0xee,
    0x6c, 0x88, 0x6, 0x7b, 0x78, 0xa5, 0x7f, 0x20,
    0x1, 0xc2, 0xe3, 0x2c, 0x60, 0xf8, 0x2, 0x42,
    0xc0, 0x31, 0x41, 0x20, 0x2a, 0x8, 0x7, 0x28,
    0x60, 0x0, 0x80, 0x3c, 0x40, 0x42, 0x1, 0xff,
    0x8, 0x10, 0x7, 0x88, 0x8, 0x11, 0x2, 0x1,
    0xca, 0x18, 0x10, 0x16, 0x1, 0x8a, 0x49, 0x0,
    0xe1, 0x71, 0x96, 0x30, 0x3c, 0x2, 0x7b, 0x78,
    0xa5, 0x7f, 0x20,

    /* U+014F "ŏ" */
    0x0, 0x35, 0x0, 0xe9, 0x80, 0x4c, 0x3f, 0xc8,
    0x60, 0x1a, 0xff, 0xd2, 0x1, 0xff, 0xc1, 0x4c,
    0xff, 0x59, 0x0, 0x12, 0xde, 0xe9, 0xb0, 0x42,
    0xa, 0xd1, 0x70, 0x60, 0xd, 0x40, 0x21, 0x44,
    0x8, 0x70, 0x6, 0x13, 0x10, 0xe0, 0xc, 0x26,
    0x6, 0xa0, 0x10, 0xa2, 0x2, 0xa, 0xd5, 0x58,
    0x30, 0x9, 0x6f, 0x54, 0x6c, 0x10,

    /* U+0150 "Ő" */
    0x0, 0xf0, 0x80, 0x7f, 0xb2, 0xf, 0xcc, 0x3,
    0xd0, 0xf1, 0xd4, 0x60, 0x1e, 0x8b, 0x1d, 0x50,
    0xf, 0x25, 0xf7, 0xec, 0x88, 0x6, 0x7b, 0x78,
    0xa5, 0x7f, 0x20, 0x1, 0xc2, 0xe3, 0x2c, 0x60,
    0xf8, 0x2, 0x42, 0xc0, 0x31, 0x41, 0x20, 0x2a,
    0x8, 0x7, 0x28, 0x60, 0x0, 0x80, 0x3c, 0x40,
    0x42, 0x1, 0xff, 0x8, 0x10, 0x7, 0x88, 0x8,
    0x11, 0x2, 0x1, 0xca, 0x18, 0x10, 0x16, 0x1,
    0x8a, 0x49, 0x0, 0xe1, 0x71, 0x96, 0x30, 0x3c,
    0x2, 0x7b, 0x78, 0xa5, 0x7f, 0x20,

    /* U+0151 "ő" */
    0x0, 0xd5, 0x41, 0xf4, 0x0, 0x89, 0x6e, 0x15,
    0x0, 0x2b, 0x83, 0x4b, 0x0, 0xd2, 0xe5, 0xa2,
    0x1, 0x26, 0x7f, 0xac, 0x80, 0x9, 0x6f, 0x74,
    0xd8, 0x21, 0x5, 0x68, 0xb8, 0x30, 0x6, 0xa0,
    0x10, 0xa2, 0x4, 0x38, 0x3, 0x9, 0x88, 0x70,
    0x6, 0x13, 0x3, 0x50, 0x8, 0x51, 0x1, 0x5,
    0x6a, 0xac, 0x18, 0x4, 0xb7, 0xaa, 0x36, 0x8,

    /* U+0152 "Œ" */
    0x0, 0x85, 0xf3, 0xbf, 0xff, 0x80, 0x24, 0xe8,
    0x58, 0xa6, 0x9, 0xaa, 0xe0, 0x1, 0x59, 0xf4,
    0xb2, 0xf8, 0x22, 0xaf, 0x0, 0x20, 0x34, 0x40,
    0x3f, 0xf8, 0x2a, 0x82, 0x1, 0xe1, 0x1e, 0x0,
    0xc4, 0x1, 0xf6, 0x77, 0x6b, 0x0, 0xff, 0xaa,
    0xef, 0x48, 0x4, 0x40, 0x1f, 0x3a, 0x26, 0x20,
    0x2, 0xa0, 0x80, 0x7f, 0xf0, 0xa0, 0x34, 0x40,
    0x3f, 0xf8, 0x25, 0x67, 0xd2, 0xcb, 0xe0, 0x8a,
    0xbc, 0x1, 0x27, 0x42, 0xc5, 0x30, 0x4d, 0x57,
    0x8,

    /* U+0153 "œ" */
    0x0, 0x26, 0x7f, 0x50, 0x83, 0x6f, 0xf4, 0x80,
    0x49, 0x6f, 0x76, 0x7f, 0xa9, 0x5b, 0x87, 0xb0,
    0x4, 0x15, 0xa2, 0xe0, 0xac, 0x41, 0x1a, 0x90,
    0xc0, 0xd4, 0x2, 0x14, 0x6, 0x0, 0x90, 0x10,
    0x43, 0x80, 0x30, 0x87, 0x7f, 0xe0, 0xf1, 0xe,
    0x0, 0xc2, 0x19, 0xbb, 0xd2, 0x6, 0xa0, 0x10,
    0xa0, 0x29, 0x17, 0x8, 0x41, 0x5a, 0xab, 0x5,
    0x66, 0x11, 0xd, 0x64, 0x9, 0x6f, 0x54, 0x6c,
    0xa9, 0x4b, 0xb8, 0xcc,

    /* U+0154 "Ŕ" */
    0x0, 0xd9, 0x20, 0x1f, 0x43, 0xc8, 0x7, 0xd1,
    0x60, 0x1c, 0xdf, 0xfb, 0x60, 0x3, 0xa6, 0xe9,
    0xdd, 0x0, 0x19, 0x10, 0xb4, 0x6e, 0x1, 0xf9,
    0x40, 0x40, 0x3e, 0x21, 0x10, 0x4, 0x20, 0x2c,
    0x90, 0x1, 0xb3, 0xfa, 0x59, 0x80, 0x1a, 0xb2,
    0x8d, 0x94, 0x3, 0x39, 0xae, 0x15, 0x80, 0x7e,
    0x81, 0x70, 0xf, 0x94, 0xe4, 0x3, 0xf4, 0xb,
    0x0,

    /* U+0155 "ŕ" */
    0x0, 0xd7, 0x60, 0xc, 0xed, 0x60, 0x11, 0xce,
    0x0, 0x63, 0xe1, 0x0, 0x47, 0x26, 0x7c, 0x80,
    0x6, 0x63, 0xac, 0x2, 0x94, 0x12, 0x0, 0x90,
    0x3, 0x84, 0x3, 0xff, 0xaa,

    /* U+0156 "Ŗ" */
    0x6f, 0xfd, 0xb0, 0x1, 0xd3, 0x74, 0xee, 0x80,
    0xc, 0x88, 0x5a, 0x37, 0x0, 0xfc, 0xa0, 0x20,
    0x1f, 0x10, 0x88, 0x2, 0x10, 0x16, 0x48, 0x0,
    0xd9, 0xfd, 0x2c, 0xc0, 0xd, 0x59, 0x46, 0xca,
    0x1, 0x9c, 0xd7, 0xa, 0xc0, 0x3f, 0x40, 0xb8,
    0x7, 0xca, 0x72, 0x1, 0xfa, 0x5, 0x99, 0xe4,
    0x1, 0x93, 0xd8, 0x3, 0x1c, 0x0, 0x7e, 0x93,
    0x0, 0xfc, 0x90, 0x1, 0x80,

    /* U+0157 "ŗ" */
    0x0, 0xf4, 0x72, 0x67, 0xc8, 0xc, 0xc7, 0x58,
    0x2, 0x50, 0x48, 0x0, 0x80, 0x18, 0x40, 0x3f,
    0xfa, 0x11, 0xc0, 0x18, 0xe0, 0x40, 0x2a, 0x41,
    0x0, 0x92, 0x0, 0x30,

    /* U+0158 "Ř" */
    0x2, 0xe2, 0x27, 0x8, 0x6, 0x28, 0xff, 0x58,
    0x80, 0x73, 0x55, 0x14, 0x3, 0x37, 0xfa, 0x21,
    0xb0, 0x1, 0xd3, 0x74, 0xee, 0x80, 0xc, 0x88,
    0x5a, 0x37, 0x0, 0xfc, 0xa0, 0x20, 0x1f, 0x10,
    0x88, 0x2, 0x10, 0x16, 0x48, 0x0, 0xd9, 0xfd,
    0x2c, 0xc0, 0xd, 0x59, 0x46, 0xca, 0x1, 0x9c,
    0xd7, 0xa, 0xc0, 0x3f, 0x40, 0xb8, 0x7, 0xca,
    0x72, 0x1, 0xfa, 0x5, 0x80,

    /* U+0159 "ř" */
    0x1e, 0x30, 0xb6, 0x1b, 0xe7, 0x6, 0x5, 0x78,
    0x90, 0xa, 0xbc, 0x82, 0x39, 0x33, 0xe4, 0x6,
    0x63, 0xac, 0x1, 0x28, 0x24, 0x0, 0x40, 0xc,
    0x20, 0x1f, 0xfd, 0x0,

    /* U+015A "Ś" */
    0x0, 0xd9, 0x20, 0x1e, 0x87, 0x90, 0xf, 0x45,
    0x80, 0x72, 0x5f, 0x7e, 0xd2, 0x3, 0x5b, 0xc5,
    0x50, 0x70, 0x2c, 0xb1, 0x95, 0xee, 0x0, 0xd8,
    0x3, 0xe4, 0x43, 0x88, 0x7, 0x59, 0xc7, 0x72,
    0x90, 0x0, 0x39, 0xb0, 0xaa, 0xb7, 0x0, 0x89,
    0xef, 0x8e, 0x4, 0x3, 0x86, 0x80, 0x88, 0x1,
    0xde, 0x3, 0x98, 0x75, 0x55, 0x32, 0x15, 0xb5,
    0x54, 0xf1, 0x60,

    /* U+015B "ś" */
    0x0, 0xeb, 0xb0, 0x7, 0x3b, 0x58, 0x6, 0x39,
    0xc0, 0xe, 0x3e, 0x10, 0x8, 0x6b, 0xbf, 0xac,
    0x1, 0xaf, 0x79, 0x64, 0x20, 0x76, 0xa6, 0xb2,
    0x20, 0x70, 0xc4, 0x1, 0xb5, 0xe3, 0x79, 0xc0,
    0x3, 0x3d, 0xad, 0xa, 0x1, 0x8a, 0x3, 0x47,
    0x19, 0x11, 0x21, 0x62, 0xb7, 0x72, 0xd9, 0x80,

    /* U+015C "Ŝ" */
    0x0, 0xf, 0x71, 0x0, 0x3b, 0x6f, 0x24, 0x80,
    0x36, 0x29, 0x69, 0x0, 0x49, 0x7d, 0xfb, 0x48,
    0xd, 0x6f, 0x15, 0x41, 0xc0, 0xb2, 0xc6, 0x57,
    0xb8, 0x3, 0x60, 0xf, 0x91, 0xe, 0x20, 0x1d,
    0x67, 0x1d, 0xca, 0x40, 0x0, 0xe6, 0xc2, 0xaa,
    0xdc, 0x2, 0x27, 0xbe, 0x38, 0x10, 0xe, 0x1a,
    0x2, 0x20, 0x7, 0x78, 0xe, 0x61, 0xd5, 0x54,
    0xc8, 0x56, 0xd5, 0x53, 0xc5, 0x80,

    /* U+015D "ŝ" */
    0x0, 0xa7, 0xcc, 0x3, 0x1b, 0xc7, 0x80, 0x6e,
    0xa7, 0x67, 0x0, 0xb5, 0x2, 0x9c, 0x0, 0x35,
    0xdf, 0xd6, 0x0, 0xd7, 0xbc, 0xb2, 0x10, 0x3b,
    0x53, 0x59, 0x10, 0x38, 0x62, 0x0, 0xda, 0xf1,
    0xbc, 0xe0, 0x1, 0x9e, 0xd6, 0x85, 0x0, 0xc5,
    0x1, 0xa3, 0x8c, 0x88, 0x90, 0xb1, 0x5b, 0xb9,
    0x6c, 0xc0,

    /* U+015E "Ş" */
    0x4, 0xbe, 0xfd, 0xa4, 0x6, 0xb7, 0x8a, 0xa0,
    0xe0, 0x59, 0x63, 0x2b, 0xdc, 0x1, 0xb0, 0x7,
    0xc8, 0x87, 0x10, 0xe, 0xb3, 0x8e, 0xe5, 0x20,
    0x0, 0x73, 0x61, 0x55, 0x6e, 0x1, 0x13, 0xdf,
    0x1c, 0x8, 0x7, 0xd, 0x1, 0x10, 0x3, 0xbc,
    0x7, 0x30, 0xea, 0xaa, 0x64, 0x2b, 0x6a, 0xa9,
    0xe2, 0xc1, 0x6b, 0x7c, 0xf9, 0xc0, 0x30, 0x83,
    0x58, 0x7, 0x47, 0xa5, 0x80, 0x40,

    /* U+015F "ş" */
    0x1, 0xae, 0xfe, 0xb0, 0x6, 0xbd, 0xe5, 0x90,
    0x81, 0xda, 0x9a, 0xc8, 0x81, 0xc3, 0x10, 0x6,
    0xd7, 0x8d, 0xe7, 0x0, 0xc, 0xf6, 0xb4, 0x28,
    0x6, 0x28, 0xd, 0x1c, 0x64, 0x44, 0x85, 0x8a,
    0xdd, 0xcb, 0x66, 0x13, 0xbe, 0xb2, 0x80, 0x10,
    0x81, 0xf8, 0x6, 0x6f, 0x7e, 0x0, 0x0,

    /* U+0160 "Š" */
    0x0, 0x62, 0x16, 0x90, 0x6, 0xea, 0xc9, 0x20,
    0xc, 0x5d, 0xc4, 0x0, 0xc9, 0x7d, 0xfb, 0x48,
    0xd, 0x6f, 0x15, 0x41, 0xc0, 0xb2, 0xc6, 0x57,
    0xb8, 0x3, 0x60, 0xf, 0x91, 0xe, 0x20, 0x1d,
    0x67, 0x1d, 0xca, 0x40, 0x0, 0xe6, 0xc2, 0xaa,
    0xdc, 0x2, 0x27, 0xbe, 0x38, 0x10, 0xe, 0x1a,
    0x2, 0x20, 0x7, 0x78, 0xe, 0x61, 0xd5, 0x54,
    0xc8, 0x56, 0xd5, 0x53, 0xc5, 0x80,

    /* U+0161 "š" */
    0x0, 0x6a, 0x4, 0xc0, 0x5, 0xd4, 0xc9, 0x0,
    0x11, 0xb4, 0xf0, 0x7, 0x47, 0x98, 0x4, 0x35,
    0xdf, 0xd6, 0x0, 0xd7, 0xbc, 0xb2, 0x10, 0x3b,
    0x53, 0x59, 0x10, 0x38, 0x62, 0x0, 0xda, 0xf1,
    0xbc, 0xe0, 0x1, 0x9e, 0xd6, 0x85, 0x0, 0xc5,
    0x1, 0xa3, 0x8c, 0x88, 0x90, 0xb1, 0x5b, 0xb9,
    0x6c, 0xc0,

    /* U+0162 "Ţ" */
    0xf, 0xff, 0xed, 0xa, 0xac, 0x27, 0x55, 0x48,
    0x2a, 0xe0, 0x75, 0x59, 0x0, 0x3f, 0xff, 0xe0,
    0x1f, 0xfd, 0x1b, 0x10, 0xf, 0xe4, 0x51, 0x0,
    0xf0, 0xf7, 0x10, 0x40, 0x20,

    /* U+0163 "ţ" */
    0x4, 0x70, 0xd, 0x90, 0x1, 0xfd, 0x2e, 0x1f,
    0xee, 0x86, 0xd, 0xd7, 0x88, 0x80, 0x88, 0x20,
    0x1f, 0xfc, 0x7f, 0x0, 0xe2, 0x6, 0x32, 0x5,
    0x68, 0xcc, 0x0, 0x27, 0x4f, 0x80, 0x23, 0x23,
    0x0, 0x77, 0x91, 0x80,

    /* U+0164 "Ť" */
    0x0, 0x8b, 0x84, 0xf4, 0x3, 0xc5, 0x3b, 0xa9,
    0x0, 0xf9, 0xee, 0x10, 0x3, 0x7f, 0xe8, 0x9f,
    0xfb, 0x42, 0xab, 0x9, 0xd5, 0x52, 0xa, 0xb8,
    0x1d, 0x56, 0x40, 0xf, 0xff, 0xf8, 0x7, 0xff,
    0x30,

    /* U+0165 "ť" */
    0x0, 0xd5, 0xa0, 0x26, 0xe, 0xa1, 0x38, 0x5,
    0x60, 0x1b, 0xce, 0x5c, 0x3f, 0xdd, 0xc, 0x1b,
    0xaf, 0x11, 0x1, 0x10, 0x40, 0x3f, 0xf8, 0xfe,
    0x1, 0xc4, 0xc, 0x64, 0xa, 0xd1, 0x98,

    /* U+0166 "Ŧ" */
    0xf, 0xff, 0xed, 0xa, 0xac, 0x27, 0x55, 0x48,
    0x2a, 0xe0, 0x75, 0x59, 0x0, 0x3f, 0xf9, 0xc2,
    0x0, 0x10, 0xf, 0x7f, 0xa, 0x76, 0x0, 0x76,
    0x58, 0x9d, 0xf8, 0x7, 0x1a, 0x3, 0xa1, 0x80,
    0x7f, 0xf5, 0xc0,

    /* U+0167 "ŧ" */
    0x4, 0x70, 0xd, 0x90, 0x1, 0xfd, 0x2e, 0x1f,
    0xee, 0x86, 0xd, 0xd7, 0x88, 0x80, 0x88, 0x30,
    0xe1, 0xfe, 0xd9, 0x60, 0xdd, 0x78, 0x88, 0x8,
    0xa0, 0xf0, 0xe, 0x20, 0x73, 0x20, 0x56, 0x9c,
    0xc0,

    /* U+0168 "Ũ" */
    0x0, 0x1e, 0xd9, 0x4a, 0x80, 0x6a, 0x8f, 0xf2,
    0xa8, 0x3, 0x4a, 0xa6, 0xe0, 0x5, 0x3e, 0x1,
    0xc9, 0xea, 0x1, 0xff, 0xfa, 0x10, 0x10, 0xc,
    0x40, 0xd8, 0xc, 0x1, 0xb4, 0x4d, 0x11, 0x12,
    0xad, 0x69, 0x0, 0xb, 0x74, 0xa9, 0x7a, 0x60,

    /* U+0169 "ũ" */
    0x2, 0xdd, 0x23, 0xc0, 0x1, 0x55, 0xd3, 0x54,
    0x0, 0x3c, 0x1e, 0xe8, 0x82, 0xb0, 0x3, 0x65,
    0x80, 0x7f, 0xf5, 0xc, 0x40, 0x3d, 0xc6, 0x1,
    0x9, 0x82, 0x8c, 0x9, 0x50, 0x0, 0xa9, 0x7b,
    0xf8, 0xc0,

    /* U+016A "Ū" */
    0x0, 0x3f, 0xfe, 0x30, 0xc, 0xdb, 0xb8, 0xc0,
    0x30, 0x91, 0x60, 0xa, 0x7c, 0x3, 0x93, 0xd4,
    0x3, 0xff, 0xf4, 0x20, 0x20, 0x18, 0x81, 0xb0,
    0x18, 0x3, 0x68, 0x9a, 0x22, 0x25, 0x5a, 0xd2,
    0x0, 0x16, 0xe9, 0x52, 0xf4, 0xc0,

    /* U+016B "ū" */
    0x5, 0xff, 0xca, 0x0, 0x5d, 0xdc, 0xa0, 0x11,
    0x16, 0x0, 0x56, 0x0, 0x6c, 0xb0, 0xf, 0xfe,
    0xa1, 0x88, 0x7, 0xb8, 0xc0, 0x21, 0x30, 0x51,
    0x81, 0x2a, 0x0, 0x15, 0x2f, 0x7f, 0x18, 0x0,

    /* U+016C "Ŭ" */
    0x0, 0x3c, 0x80, 0xe9, 0x80, 0x66, 0x5f, 0xe4,
    0x30, 0xc, 0x39, 0xfe, 0x90, 0xa, 0x7c, 0x3,
    0x93, 0xd4, 0x3, 0xff, 0xf4, 0x20, 0x20, 0x18,
    0x81, 0xb0, 0x18, 0x3, 0x68, 0x9a, 0x22, 0x25,
    0x5a, 0xd2, 0x0, 0x16, 0xe9, 0x52, 0xf4, 0xc0,

    /* U+016D "ŭ" */
    0x2, 0x60, 0x2, 0x98, 0x0, 0xeb, 0xfd, 0x24,
    0x0, 0x1c, 0xff, 0x60, 0x80, 0x7f, 0x56, 0x0,
    0x6c, 0xb0, 0xf, 0xfe, 0xa1, 0x88, 0x7, 0xb8,
    0xc0, 0x21, 0x30, 0x51, 0x81, 0x2a, 0x0, 0x15,
    0x2f, 0x7f, 0x18, 0x0,

    /* U+016E "Ů" */
    0x0, 0x9b, 0xb5, 0x0, 0x38, 0xaf, 0xfa, 0x80,
    0x3f, 0xf8, 0x33, 0xe4, 0xbd, 0x96, 0x9e, 0xa0,
    0x14, 0x7f, 0x94, 0x3, 0xff, 0xe6, 0x20, 0x20,
    0x18, 0x81, 0xb0, 0x18, 0x3, 0x68, 0x9a, 0x22,
    0x25, 0x5a, 0xd2, 0x0, 0x16, 0xe9, 0x52, 0xf4,
    0xc0,

    /* U+016F "ů" */
    0x0, 0x27, 0x69, 0x80, 0x6a, 0xce, 0xe0, 0x4,
    0x46, 0x46, 0x61, 0x0, 0x11, 0x91, 0x98, 0x40,
    0x2a, 0xfe, 0xe0, 0x2, 0xb1, 0x37, 0x47, 0x96,
    0x1, 0xff, 0xd4, 0x31, 0x0, 0xf7, 0x18, 0x4,
    0x26, 0xa, 0x30, 0x25, 0x40, 0x2, 0xa5, 0xef,
    0xe3, 0x0,

    /* U+0170 "Ű" */
    0x0, 0xc2, 0x0, 0x10, 0xe, 0x3e, 0x39, 0xa0,
    0xc, 0x3b, 0x6c, 0x96, 0x1, 0x87, 0x91, 0x74,
    0x2, 0x9f, 0x0, 0xe4, 0xf5, 0x0, 0xff, 0xfd,
    0x8, 0x8, 0x6, 0x20, 0x6c, 0x6, 0x0, 0xda,
    0x26, 0x88, 0x89, 0x56, 0xb4, 0x80, 0x5, 0xba,
    0x54, 0xbd, 0x30, 0x0,

    /* U+0171 "ű" */
    0x0, 0x9e, 0xc3, 0x58, 0x2, 0x98, 0x71, 0x60,
    0x4, 0x39, 0xcf, 0x0, 0x51, 0x21, 0xc4, 0x15,
    0x80, 0x1b, 0x2c, 0x3, 0xff, 0xa8, 0x62, 0x1,
    0xee, 0x30, 0x8, 0x4c, 0x14, 0x60, 0x4a, 0x80,
    0x5, 0x4b, 0xdf, 0xc6, 0x0,

    /* U+0172 "Ų" */
    0x9f, 0x0, 0xe4, 0xf5, 0x0, 0xff, 0xfd, 0x8,
    0x8, 0x6, 0x20, 0x6c, 0x6, 0x0, 0xda, 0x26,
    0x88, 0x89, 0x56, 0xb4, 0x80, 0x5, 0xba, 0x54,
    0xbd, 0x30, 0x5, 0x1e, 0x5f, 0x8a, 0x1, 0xc8,
    0x20, 0x1f, 0x90, 0x7d, 0x80, 0x20,

    /* U+0173 "ų" */
    0xac, 0x0, 0xd9, 0x60, 0x1f, 0xfd, 0x93, 0x10,
    0xf, 0xb8, 0xc0, 0x21, 0x30, 0x2, 0x8c, 0x9,
    0x50, 0x4, 0x54, 0xbd, 0xfc, 0x60, 0x12, 0xef,
    0xea, 0xab, 0x80, 0x3e, 0x67, 0x0, 0xf9, 0x77,
    0x0,

    /* U+0174 "Ŵ" */
    0x0, 0xf1, 0xf7, 0x8, 0x3, 0xfe, 0x2e, 0xca,
    0xe0, 0xf, 0xf8, 0xb4, 0x93, 0x0, 0x3c, 0xbe,
    0x60, 0x10, 0xff, 0x0, 0x66, 0xf2, 0x40, 0x40,
    0x9, 0x0, 0x48, 0x2, 0xc1, 0x21, 0x2c, 0x0,
    0xb1, 0x9, 0x0, 0x24, 0x40, 0x1, 0x10, 0x1,
    0x26, 0x3e, 0x0, 0x8, 0x74, 0x1, 0xe0, 0x60,
    0x24, 0x98, 0x80, 0x4, 0x4, 0x0, 0x20, 0x20,
    0x28, 0x1a, 0x9, 0x6, 0x1, 0x80, 0x8, 0x70,
    0x31, 0x0, 0x85, 0xc1, 0xd0, 0x3, 0x22, 0x82,
    0x18, 0x1, 0x30, 0x4b, 0x0, 0x36, 0x9, 0x9b,
    0x0, 0x1a, 0x88, 0x4, 0x0, 0xc8, 0x10, 0x8,
    0x0, 0x42, 0xe0, 0x30, 0xc, 0x42, 0x86, 0x1,
    0x18, 0x22, 0x0, 0x3c, 0x80, 0x80, 0x19, 0x3,
    0x0, 0x20,

    /* U+0175 "ŵ" */
    0x0, 0xe5, 0xf7, 0x0, 0xfe, 0x1b, 0x99, 0x8,
    0x7, 0xeb, 0x66, 0x45, 0x0, 0x7e, 0xa8, 0x6,
    0xb0, 0xc, 0x7e, 0x60, 0x6, 0xf8, 0x0, 0x17,
    0xa1, 0x8a, 0x0, 0x30, 0x10, 0x0, 0x80, 0x80,
    0xb8, 0x0, 0x47, 0x30, 0x6, 0x18, 0x3, 0x10,
    0xc, 0x64, 0x10, 0x11, 0x0, 0x5, 0x4, 0x41,
    0x8a, 0x61, 0xe, 0x0, 0x8, 0x73, 0x8, 0x18,
    0x88, 0x4, 0x0, 0x91, 0x2c, 0x4, 0x3d, 0x30,
    0xd, 0x86, 0x8, 0x6, 0x28, 0x80, 0xc, 0x80,
    0x60, 0x12, 0x86, 0x0, 0x0,

    /* U+0176 "Ŷ" */
    0x0, 0xc9, 0xdc, 0x10, 0xf, 0x14, 0xe5, 0xe8,
    0x7, 0x8b, 0x49, 0x70, 0x3, 0x5f, 0x8, 0x6,
    0x3f, 0x70, 0xa1, 0xb0, 0xd, 0xc6, 0xe0, 0x32,
    0xa8, 0x0, 0x82, 0xf0, 0x9, 0x92, 0x84, 0x9d,
    0xc6, 0x1, 0xa4, 0x6f, 0x8a, 0x0, 0x38, 0xa5,
    0x4f, 0x80, 0x3e, 0x61, 0x43, 0x0, 0xff, 0xf7,
    0x0,

    /* U+0177 "ŷ" */
    0x0, 0x8f, 0xec, 0x3, 0x87, 0xb0, 0x1c, 0x3,
    0x2c, 0x9d, 0x80, 0x72, 0x20, 0x0, 0xe0, 0x5,
    0xf3, 0x0, 0xd7, 0x8a, 0x34, 0x1, 0x12, 0x50,
    0x4b, 0x0, 0x54, 0xc, 0xc, 0xc, 0x0, 0x66,
    0x0, 0x5, 0x68, 0x14, 0x6c, 0x2, 0x93, 0x34,
    0x99, 0x0, 0x46, 0x5e, 0x72, 0x1, 0xd6, 0x62,
    0xa0, 0x1c, 0xe0, 0xc0, 0x1e, 0x70, 0xa0, 0xc,
    0x49, 0x8, 0x40, 0x1a, 0x6c, 0xa8, 0x3, 0x0,

    /* U+0178 "Ÿ" */
    0x0, 0x92, 0x44, 0xe4, 0x80, 0x38, 0x98, 0xd9,
    0x82, 0x1, 0xcd, 0xe4, 0xbe, 0x60, 0x15, 0xf0,
    0x80, 0x63, 0xf7, 0xa, 0x1b, 0x0, 0xdc, 0x6e,
    0x3, 0x2a, 0x80, 0x8, 0x2f, 0x0, 0x99, 0x28,
    0x49, 0xdc, 0x60, 0x1a, 0x46, 0xf8, 0xa0, 0x3,
    0x8a, 0x54, 0xf8, 0x3, 0xe6, 0x14, 0x30, 0xf,
    0xff, 0x70,

    /* U+0179 "Ź" */
    0x0, 0xec, 0x90, 0xf, 0xd0, 0xf2, 0x1, 0xfa,
    0x2c, 0x3, 0x87, 0xff, 0xf8, 0x45, 0x55, 0xe8,
    0x3, 0x10, 0x55, 0xf5, 0x8f, 0x0, 0x7d, 0x27,
    0x44, 0x1, 0xe6, 0x64, 0x20, 0x7, 0x8e, 0x51,
    0xc0, 0x3c, 0x3c, 0x54, 0x1, 0xf5, 0x17, 0x8,
    0x7, 0x9d, 0x24, 0xc0, 0x3c, 0x90, 0xcc, 0x0,
    0xf0, 0xd0, 0x62, 0xaf, 0x85, 0x44, 0x2a, 0xbe,
    0x50,

    /* U+017A "ź" */
    0x0, 0xeb, 0xb0, 0x7, 0x3b, 0x58, 0x6, 0x39,
    0xc0, 0xe, 0x3e, 0x10, 0x0, 0xff, 0xfa, 0xc7,
    0x77, 0x48, 0x18, 0x11, 0x47, 0x9, 0x0, 0x1b,
    0x4e, 0x80, 0x35, 0x17, 0x88, 0x5, 0xb, 0x44,
    0x1, 0x2b, 0xca, 0x0, 0x45, 0x48, 0x82, 0x28,
    0x5c, 0x13, 0x77, 0x50,

    /* U+017B "Ż" */
    0x0, 0xc7, 0x24, 0x1, 0xf9, 0x9a, 0x0, 0xfc,
    0xbe, 0x80, 0x18, 0x7f, 0xff, 0x84, 0x55, 0x5e,
    0x80, 0x31, 0x5, 0x5f, 0x58, 0xf0, 0x7, 0xd2,
    0x74, 0x40, 0x1e, 0x66, 0x42, 0x0, 0x78, 0xe5,
    0x1c, 0x3, 0xc3, 0xc5, 0x40, 0x1f, 0x51, 0x70,
    0x80, 0x79, 0xd2, 0x4c, 0x3, 0xc9, 0xc, 0xc0,
    0xf, 0xd, 0x6, 0x2a, 0xf8, 0x54, 0x42, 0xab,
    0xe5,

    /* U+017C "ż" */
    0x0, 0xa3, 0x80, 0x3d, 0xea, 0x1, 0xe7, 0xb0,
    0x8, 0x7f, 0xfd, 0x63, 0xbb, 0xa4, 0xc, 0x8,
    0xa3, 0x84, 0x80, 0xd, 0xa7, 0x40, 0x1a, 0x8b,
    0xc4, 0x2, 0x85, 0xa2, 0x0, 0x95, 0xe5, 0x0,
    0x22, 0xa4, 0x41, 0x14, 0x2e, 0x9, 0xbb, 0xa8,

    /* U+017D "Ž" */
    0x0, 0x9e, 0x82, 0x9c, 0x3, 0xce, 0x1c, 0xe,
    0x1, 0xf5, 0x75, 0x0, 0x61, 0xff, 0xfe, 0x11,
    0x55, 0x7a, 0x0, 0xc4, 0x15, 0x7d, 0x63, 0xc0,
    0x1f, 0x49, 0xd1, 0x0, 0x79, 0x99, 0x8, 0x1,
    0xe3, 0x94, 0x70, 0xf, 0xf, 0x15, 0x0, 0x7d,
    0x45, 0xc2, 0x1, 0xe7, 0x49, 0x30, 0xf, 0x24,
    0x33, 0x0, 0x3c, 0x34, 0x18, 0xab, 0xe1, 0x51,
    0xa, 0xaf, 0x94,

    /* U+017E "ž" */
    0x1, 0xe3, 0xb, 0x60, 0x0, 0xdf, 0x38, 0x30,
    0x4, 0xaf, 0x12, 0x1, 0xd5, 0xe4, 0x0, 0x1f,
    0xff, 0x58, 0xee, 0xe9, 0x3, 0x2, 0x28, 0xe1,
    0x20, 0x3, 0x69, 0xd0, 0x6, 0xa2, 0xf1, 0x0,
    0xa1, 0x68, 0x80, 0x25, 0x79, 0x40, 0x8, 0xa9,
    0x10, 0x45, 0xb, 0x82, 0x6e, 0xea,

    /* U+017F "ſ" */
    0x0, 0x2e, 0xff, 0x80, 0x69, 0x33, 0x0, 0x41,
    0x46, 0x6a, 0xc0, 0xd, 0x74, 0x1, 0x84, 0x40,
    0x1f, 0xfd, 0xc0,

    /* U+0384 "΄" */
    0x0, 0x27, 0x98, 0xd, 0x50, 0xc2, 0x99, 0x40,

    /* U+0385 "΅" */
    0x0, 0x93, 0xcc, 0x0, 0x35, 0x43, 0x0, 0x53,
    0x28, 0x14, 0xca, 0xa4, 0xdd, 0x9b, 0x80,

    /* U+0386 "Ά" */
    0x0, 0x4e, 0x88, 0x7, 0xca, 0xff, 0x1f, 0x0,
    0x18, 0x63, 0x49, 0x81, 0x80, 0x30, 0xe9, 0xa8,
    0x20, 0xa0, 0x7, 0xb8, 0x68, 0x38, 0x3, 0x85,
    0x1c, 0x55, 0x42, 0x1, 0x98, 0x28, 0x38, 0x1c,
    0x3, 0x51, 0x18, 0x20, 0xd0, 0x4, 0x64, 0xa2,
    0x33, 0x99, 0x0, 0x28, 0x1f, 0xba, 0x60, 0xa0,
    0x3, 0x9d, 0xdf, 0x1b, 0x2, 0x8c, 0xa2, 0x75,
    0xa, 0x70, 0x28, 0x7, 0x30, 0x70,

    /* U+0387 "·" */
    0x4f, 0x50, 0x8,

    /* U+0388 "Έ" */
    0x0, 0x37, 0x10, 0x7, 0xe3, 0x8d, 0xbf, 0xff,
    0x60, 0x45, 0x18, 0x2, 0xab, 0xa0, 0x2d, 0x0,
    0x25, 0x5e, 0x40, 0xf, 0xfe, 0x30, 0x8f, 0x0,
    0x7d, 0xdd, 0xd0, 0x1, 0xeb, 0xbe, 0xa0, 0xf,
    0x22, 0x71, 0x0, 0x7f, 0xf4, 0x95, 0x79, 0x0,
    0x3d, 0x55, 0xe0,

    /* U+0389 "Ή" */
    0x0, 0x88, 0x40, 0x3f, 0xe6, 0xc3, 0x0, 0xff,
    0x14, 0x54, 0x78, 0x7, 0x2f, 0xa0, 0x44, 0x10,
    0x3, 0xfe, 0xa6, 0x0, 0xff, 0xe9, 0x88, 0xf0,
    0x7, 0xf7, 0x77, 0x50, 0x7, 0xeb, 0xbe, 0x80,
    0xf, 0xc8, 0x9c, 0x40, 0x1f, 0xfe, 0xe0,

    /* U+038A "Ί" */
    0x0, 0x88, 0x40, 0x26, 0xc3, 0x0, 0x1c, 0xed,
    0xf8, 0x45, 0x18, 0x5, 0x6a, 0x1, 0xff, 0xed,

    /* U+038C "Ό" */
    0x0, 0x27, 0x98, 0x7, 0xf8, 0x6a, 0x85, 0x3d,
    0xfd, 0x46, 0x1, 0xa9, 0x99, 0xef, 0x35, 0xf,
    0x8c, 0x1, 0x5c, 0x68, 0x7b, 0xab, 0x6a, 0x49,
    0x0, 0x4a, 0x36, 0x20, 0x1a, 0x2, 0xc0, 0x2f,
    0x5, 0x0, 0xe3, 0x24, 0x0, 0x84, 0x40, 0x1f,
    0x31, 0x0, 0x4e, 0x1, 0xff, 0xc1, 0x61, 0x0,
    0xf9, 0x88, 0x2, 0xc0, 0x50, 0xe, 0x22, 0x20,
    0x4, 0xc3, 0x62, 0x1, 0xa4, 0x2c, 0x3, 0x68,
    0x7b, 0xab, 0x62, 0x49, 0x0, 0x63, 0xf7, 0x9a,
    0x87, 0xc6, 0x0, 0x0,

    /* U+038E "Ύ" */
    0x0, 0x37, 0x10, 0x7, 0xfc, 0x71, 0xa9, 0xea,
    0x1, 0xdb, 0x80, 0x8, 0xa3, 0x64, 0xb1, 0x0,
    0xa0, 0xb8, 0x1, 0x68, 0x0, 0xa1, 0xb0, 0x1,
    0xbc, 0x10, 0x7, 0x86, 0x55, 0x3, 0x89, 0xc0,
    0x3f, 0x32, 0x54, 0x17, 0x0, 0x7f, 0xa4, 0x5d,
    0xc6, 0x1, 0xfe, 0x26, 0x8, 0x0, 0xff, 0xff,
    0x80, 0x60,

    /* U+038F "Ώ" */
    0x0, 0x3f, 0x8, 0x7, 0xf8, 0xe3, 0x4e, 0xbb,
    0xfa, 0x88, 0x3, 0x75, 0x3e, 0xa4, 0xd4, 0xbe,
    0xa8, 0x5, 0xa9, 0x47, 0xee, 0xaf, 0xa7, 0x44,
    0x1, 0x30, 0xf8, 0x80, 0x6e, 0xa, 0x0, 0xb0,
    0x4c, 0x3, 0x88, 0x88, 0x1, 0x31, 0x0, 0x7c,
    0xc4, 0x1, 0x9, 0x0, 0x7c, 0xc6, 0x1, 0x20,
    0x90, 0x7, 0x9, 0x20, 0x5, 0x41, 0x60, 0x1d,
    0x21, 0x40, 0x11, 0x43, 0x28, 0x4, 0x8e, 0xe3,
    0x0, 0x98, 0x4a, 0x9c, 0x1a, 0xc7, 0x98, 0x2,
    0x99, 0x10, 0x60, 0x60, 0xc, 0xc8, 0x0,

    /* U+0390 "ΐ" */
    0x0, 0x99, 0x40, 0xd, 0x68, 0x9, 0x78, 0x20,
    0x9a, 0x21, 0xf4, 0x1d, 0x6d, 0xe0, 0xdb, 0x2a,
    0x10, 0xc1, 0x3c, 0x1, 0xff, 0xd0, 0xe0, 0xc,
    0x62, 0xe6, 0x8, 0xf3, 0x80,

    /* U+0391 "Α" */
    0x0, 0xd3, 0xf0, 0x1, 0xf9, 0x81, 0x80, 0x3e,
    0x50, 0x41, 0x40, 0xf, 0x70, 0xd0, 0x70, 0x7,
    0xa, 0x38, 0xaa, 0x84, 0x3, 0x30, 0x50, 0x70,
    0x38, 0x6, 0xa2, 0x30, 0x41, 0xa0, 0x8, 0xc9,
    0x44, 0x67, 0x32, 0x0, 0x50, 0x3f, 0x74, 0xc1,
    0x40, 0x7, 0x3b, 0xbe, 0x36, 0x5, 0x19, 0x44,
    0xea, 0x14, 0xe0, 0x50, 0xe, 0x60, 0xe0,

    /* U+0392 "Β" */
    0x6f, 0xfd, 0xd4, 0x40, 0x14, 0xdd, 0xa5, 0x30,
    0x2, 0x44, 0x9e, 0xc5, 0x0, 0x3c, 0x20, 0x18,
    0x40, 0x7, 0x2, 0x80, 0xc, 0xff, 0x60, 0xe0,
    0x5, 0x59, 0x8a, 0x1c, 0x20, 0x3, 0x99, 0x97,
    0x46, 0x0, 0x3c, 0x24, 0xc0, 0x1e, 0x12, 0x70,
    0x2, 0x24, 0xd8, 0x1e, 0x0, 0x9b, 0xb4, 0x35,
    0xa0,

    /* U+0393 "Γ" */
    0x6f, 0xff, 0x68, 0x2, 0x6a, 0xb4, 0x80, 0x11,
    0x57, 0x20, 0x7, 0xff, 0xf0,

    /* U+0394 "Δ" */
    0x0, 0xd3, 0xf0, 0x1, 0xf9, 0x81, 0x80, 0x3e,
    0x50, 0x71, 0x40, 0xf, 0x71, 0x40, 0xf0, 0x7,
    0xa, 0x28, 0x3a, 0x88, 0x6, 0x60, 0xa0, 0xa0,
    0x70, 0xd, 0x46, 0x40, 0x65, 0x40, 0x11, 0x95,
    0x0, 0x54, 0x64, 0x0, 0xa0, 0x70, 0x9, 0x82,
    0x80, 0xe, 0x82, 0x1, 0xa, 0x30, 0x28, 0x92,
    0xaf, 0x10, 0xa7, 0x3, 0x55, 0x73, 0x7, 0x0,

    /* U+0395 "Ε" */
    0x6f, 0xff, 0x80, 0x29, 0xaa, 0xe0, 0x9, 0x15,
    0x78, 0x3, 0xff, 0x80, 0x23, 0xc0, 0x1b, 0x3b,
    0xb5, 0x80, 0x55, 0x77, 0xa4, 0x2, 0x74, 0x4c,
    0x40, 0x1f, 0xfc, 0x94, 0x55, 0xe0, 0xa, 0x6a,
    0xb8, 0x40,

    /* U+0396 "Ζ" */
    0x1f, 0xff, 0xe1, 0x15, 0x57, 0xa0, 0xc, 0x41,
    0x57, 0xd6, 0x3c, 0x1, 0xf4, 0x9d, 0x10, 0x7,
    0x99, 0x90, 0x80, 0x1e, 0x39, 0x47, 0x0, 0xf0,
    0xf1, 0x50, 0x7, 0xd4, 0x5c, 0x20, 0x1e, 0x74,
    0x93, 0x0, 0xf2, 0x43, 0x30, 0x3, 0xc3, 0x41,
    0x8a, 0xbe, 0x15, 0x10, 0xaa, 0xf9, 0x40,

    /* U+0397 "Η" */
    0x6f, 0x20, 0xc, 0x3e, 0xe0, 0x1f, 0xfd, 0x41,
    0x1e, 0x30, 0xd, 0x9d, 0xdb, 0x40, 0x35, 0x5d,
    0xea, 0x0, 0xce, 0x89, 0xc0, 0x1f, 0xfd, 0xe0,

    /* U+0398 "Θ" */
    0x0, 0x92, 0xfb, 0xf6, 0x44, 0x3, 0x3d, 0xbc,
    0x52, 0xbf, 0x90, 0x0, 0xe1, 0x71, 0x96, 0x30,
    0x7c, 0x1, 0x21, 0x60, 0x18, 0xa0, 0x90, 0x15,
    0x4, 0x7c, 0xa1, 0x80, 0x2, 0x7e, 0xee, 0x30,
    0x21, 0x0, 0x35, 0xdf, 0x8, 0x0, 0x40, 0x85,
    0x13, 0x88, 0x8, 0x11, 0x2, 0x1, 0xca, 0x18,
    0x10, 0x16, 0x1, 0x8a, 0x9, 0x0, 0xe1, 0x71,
    0x96, 0x30, 0x7c, 0x2, 0x7b, 0x78, 0xa5, 0x7f,
    0x20,

    /* U+0399 "Ι" */
    0x6f, 0x20, 0xf, 0xfe, 0xa8,

    /* U+039A "Κ" */
    0x6f, 0x20, 0x8, 0xfb, 0x44, 0x3, 0x8f, 0x4b,
    0x4, 0x3, 0x1e, 0x16, 0x8, 0x6, 0x4c, 0x4c,
    0x0, 0xe5, 0xb4, 0xb0, 0xf, 0x41, 0x58, 0x7,
    0xc8, 0x50, 0x1, 0xf4, 0xb3, 0xb8, 0x3, 0xe9,
    0x58, 0x70, 0xf, 0xa9, 0x61, 0x80, 0x3e, 0xa5,
    0x96, 0x0, 0xfa, 0x92, 0x54,

    /* U+039B "Λ" */
    0x0, 0xd3, 0xf0, 0x1, 0xf9, 0x81, 0x80, 0x3e,
    0x50, 0xa1, 0x40, 0xf, 0x71, 0xa9, 0x70, 0x7,
    0xa, 0x58, 0x52, 0x88, 0x6, 0x60, 0x60, 0x50,
    0x70, 0xd, 0x48, 0x20, 0x47, 0x40, 0x11, 0x96,
    0x80, 0x54, 0x64, 0x0, 0xa0, 0x60, 0x9, 0xc2,
    0x80, 0xe, 0xa0, 0x18, 0x51, 0x81, 0x47, 0xc0,
    0x3b, 0x85, 0x38, 0x14, 0x3, 0x94, 0x38,

    /* U+039C "Μ" */
    0x6f, 0xf0, 0x80, 0x64, 0xff, 0x20, 0x4, 0xc0,
    0x1b, 0x80, 0x39, 0x68, 0x3, 0x2b, 0x0, 0x6e,
    0x23, 0x0, 0x30, 0xe0, 0x6, 0x53, 0xa0, 0x5,
    0x38, 0x80, 0x75, 0x38, 0x11, 0xd0, 0x7, 0x9c,
    0x51, 0x48, 0xc0, 0x3c, 0x29, 0xd4, 0xa0, 0x1f,
    0xb9, 0x4a, 0x80, 0x3f, 0x2a, 0x98, 0x80, 0x3f,
    0xaa, 0x40, 0x3f, 0xf8, 0xa0,

    /* U+039D "Ν" */
    0x6f, 0xe0, 0xc, 0x5e, 0xc0, 0x1, 0x70, 0xf,
    0xc9, 0x20, 0x1f, 0xa0, 0x60, 0x3, 0xe2, 0x67,
    0x10, 0xf, 0xa0, 0x24, 0x3, 0xe1, 0x77, 0x8,
    0x7, 0xd2, 0x10, 0x1, 0xf0, 0xbb, 0x8, 0x7,
    0xd2, 0x10, 0x1, 0xf0, 0xc2, 0x0, 0x7e, 0x71,
    0x0, 0x0,

    /* U+039E "Ξ" */
    0x6f, 0xff, 0x62, 0x55, 0x7a, 0x9, 0x57, 0xc8,
    0x1, 0xfe, 0x11, 0xc0, 0x14, 0xf7, 0x6f, 0x0,
    0x5d, 0xf6, 0x0, 0x9, 0x13, 0x18, 0x7, 0xff,
    0x14, 0x95, 0x7c, 0x88, 0xaa, 0xf4, 0x0,

    /* U+039F "Ο" */
    0x0, 0x92, 0xfb, 0xf6, 0x44, 0x3, 0x3d, 0xbc,
    0x52, 0xbf, 0x90, 0x0, 0xe1, 0x71, 0x96, 0x30,
    0x7c, 0x1, 0x21, 0x60, 0x18, 0xa0, 0x90, 0x15,
    0x4, 0x3, 0x94, 0x30, 0x0, 0x40, 0x1e, 0x20,
    0x21, 0x0, 0xff, 0x84, 0x8, 0x3, 0xc4, 0x4,
    0x8, 0x81, 0x0, 0xe5, 0xc, 0x8, 0xb, 0x0,
    0xc5, 0x24, 0x80, 0x70, 0xb8, 0xcb, 0x18, 0x1e,
    0x1, 0x3d, 0xbc, 0x52, 0xbf, 0x90, 0x0,

    /* U+03A0 "Π" */
    0x6f, 0xff, 0xce, 0x0, 0x9a, 0xad, 0x20, 0x19,
    0x15, 0x73, 0x80, 0x7f, 0xff, 0xc0, 0x3f, 0xf8,
    0xa0,

    /* U+03A1 "Ρ" */
    0x6f, 0xfd, 0x8c, 0x1, 0xa6, 0xe9, 0xe6, 0x0,
    0x24, 0x42, 0xd9, 0x38, 0x7, 0xc8, 0x2, 0x1,
    0xe2, 0x1, 0x0, 0x8, 0xb, 0xa2, 0x80, 0x59,
    0xfd, 0xb, 0x60, 0x15, 0x66, 0xfd, 0x8, 0x4,
    0xe6, 0x40, 0x1f, 0xfd, 0x30,

    /* U+03A3 "Σ" */
    0x6f, 0xff, 0x81, 0x40, 0xea, 0xb8, 0xe, 0x4c,
    0xca, 0xb8, 0x0, 0xcf, 0x28, 0x1, 0xe8, 0x5b,
    0x30, 0xf, 0x50, 0xe8, 0x7, 0x94, 0x64, 0x3,
    0x8a, 0x91, 0xc0, 0x3b, 0x86, 0x80, 0x3a, 0xe,
    0x84, 0x3, 0x23, 0x98, 0xaa, 0xe0, 0x20, 0x3a,
    0xae, 0x10,

    /* U+03A4 "Τ" */
    0xf, 0xff, 0xed, 0xa, 0xac, 0x27, 0x55, 0x48,
    0x2a, 0xe0, 0x75, 0x59, 0x0, 0x3f, 0xff, 0xe0,
    0x1f, 0xfc, 0xc0,

    /* U+03A5 "Υ" */
    0xb, 0xe1, 0x0, 0xc7, 0xee, 0x14, 0x36, 0x1,
    0xb8, 0xdc, 0x6, 0x55, 0x0, 0x10, 0x5e, 0x1,
    0x32, 0x50, 0x93, 0xb8, 0xc0, 0x34, 0x8d, 0xf1,
    0x40, 0x7, 0x14, 0xa9, 0xf0, 0x7, 0xcc, 0x28,
    0x60, 0x1f, 0xfe, 0xe0,

    /* U+03A6 "Φ" */
    0x0, 0xe7, 0xf1, 0x0, 0xf8, 0x9e, 0x82, 0xd8,
    0x3, 0xa3, 0x64, 0x0, 0xd3, 0xa6, 0x0, 0x67,
    0x6e, 0xa0, 0xdd, 0x1e, 0x88, 0x59, 0x48, 0x6,
    0x2b, 0x16, 0x2, 0x40, 0xf, 0x28, 0x68, 0x7,
    0xff, 0x4, 0x90, 0x3, 0xca, 0x1a, 0x16, 0x52,
    0x1, 0x8a, 0xc5, 0x81, 0x9d, 0xba, 0x83, 0x74,
    0x1a, 0x20, 0x8, 0xd6, 0x0, 0x34, 0xf1, 0x80,
    0x62, 0x8a, 0xb, 0x60, 0x8,

    /* U+03A7 "Χ" */
    0xa, 0xe1, 0x0, 0xd9, 0xa0, 0xb, 0xb, 0x0,
    0x9c, 0xf8, 0x0, 0x36, 0xaa, 0x2, 0x86, 0x30,
    0x9, 0x52, 0xc7, 0x86, 0x40, 0x3a, 0x87, 0xe,
    0x80, 0x3c, 0x2e, 0x4a, 0x80, 0x1f, 0x30, 0x20,
    0x7, 0xd2, 0x36, 0x32, 0x1, 0xc6, 0xd0, 0x90,
    0xc6, 0x1, 0xb8, 0xdc, 0x1c, 0xb8, 0x2, 0x82,
    0xe0, 0xb, 0x8a, 0x0, 0xdd, 0xc4, 0x1, 0x1b,
    0xb8, 0x80,

    /* U+03A8 "Ψ" */
    0x1f, 0x90, 0x3, 0xf8, 0x80, 0x3e, 0xc0, 0x3f,
    0xfb, 0x2, 0x6, 0x1, 0xf8, 0x80, 0xd0, 0x3,
    0xc8, 0x1e, 0x16, 0x2a, 0x1, 0xde, 0xe, 0xe,
    0x54, 0x80, 0x3, 0x94, 0x81, 0x0, 0x61, 0xdc,
    0x6, 0xb3, 0xb8, 0x2, 0x1c, 0xb4, 0x8, 0xd8,
    0x0, 0xf2, 0x60, 0x31, 0x0, 0x7f, 0xf0, 0xc0,

    /* U+03A9 "Ω" */
    0x0, 0x97, 0x3f, 0xda, 0xe0, 0x1d, 0x54, 0x79,
    0x92, 0x46, 0x8, 0x1, 0xd6, 0x2d, 0x99, 0x38,
    0x76, 0x0, 0x93, 0x70, 0xc, 0x6c, 0xa4, 0x41,
    0xb0, 0xf, 0x68, 0x20, 0x80, 0x80, 0x79, 0x80,
    0x44, 0x2, 0x1, 0xe6, 0x1, 0x20, 0xc0, 0xf,
    0x18, 0x28, 0x32, 0x10, 0x7, 0x49, 0x98, 0x24,
    0xbc, 0x40, 0x2a, 0x1f, 0x2, 0x65, 0x2f, 0x20,
    0xc5, 0x58, 0xd2, 0x5c, 0x5, 0x84, 0xc1, 0x66,
    0x40,

    /* U+03AA "Ϊ" */
    0x96, 0x8, 0x66, 0x60, 0x36, 0xfd, 0x7, 0x58,
    0x37, 0x90, 0x7, 0xff, 0xb0,

    /* U+03AB "Ϋ" */
    0x0, 0x92, 0x44, 0xe4, 0x40, 0x38, 0xd8, 0xd5,
    0x88, 0x3, 0x9f, 0xc9, 0xbc, 0xc0, 0x2b, 0xe1,
    0x0, 0xc7, 0xee, 0x14, 0x36, 0x1, 0xb8, 0xdc,
    0x6, 0x55, 0x0, 0x10, 0x5e, 0x1, 0x32, 0x50,
    0x93, 0xb8, 0xc0, 0x34, 0x8d, 0xf1, 0x40, 0x7,
    0x14, 0xa9, 0xf0, 0x7, 0xcc, 0x28, 0x60, 0x1f,
    0xfe, 0xe0,

    /* U+03AC "ά" */
    0x0, 0xe6, 0xe2, 0x0, 0xf1, 0x4e, 0x90, 0x7,
    0xbe, 0x4c, 0x3, 0xed, 0x60, 0xf, 0x2e, 0xfe,
    0xa8, 0x7a, 0x2, 0xd5, 0x3a, 0xa8, 0xe0, 0x81,
    0x6, 0xe2, 0xe5, 0xa, 0x0, 0x24, 0x0, 0x9c,
    0x3c, 0x4, 0x38, 0x2, 0xd0, 0x50, 0x10, 0x10,
    0xb, 0x80, 0x31, 0xe0, 0x4, 0xe0, 0x40, 0x9,
    0x46, 0x8, 0x2, 0xa0, 0x2, 0xcd, 0xfa, 0xec,
    0xb6, 0x0,

    /* U+03AD "έ" */
    0x0, 0xd5, 0x80, 0x19, 0x93, 0x40, 0x22, 0x8d,
    0x10, 0x8, 0xb8, 0xc0, 0x28, 0xdf, 0xec, 0x28,
    0x7b, 0xb5, 0x50, 0x8, 0x88, 0x93, 0x14, 0x9e,
    0xfe, 0x80, 0x9, 0x27, 0x3c, 0x1, 0xa6, 0xc6,
    0x40, 0x2, 0x0, 0xf3, 0xb4, 0x22, 0x1d, 0xa6,
    0x16, 0xed, 0x46,

    /* U+03AE "ή" */
    0x0, 0xeb, 0xb0, 0x7, 0x3b, 0x50, 0x6, 0x39,
    0xf1, 0x0, 0xc7, 0xc4, 0x0, 0x8e, 0x3c, 0xfd,
    0x70, 0x0, 0xfc, 0x75, 0xc2, 0x80, 0x3d, 0x5,
    0x8f, 0xc0, 0x6, 0x1, 0x33, 0x0, 0x40, 0x3f,
    0xfb, 0x51, 0xc0, 0x1f, 0xfc, 0xa0,

    /* U+03AF "ί" */
    0x0, 0x5d, 0x80, 0xe, 0xd4, 0x7, 0x3e, 0x20,
    0x7c, 0x40, 0xb, 0xc0, 0xf, 0xfe, 0x58, 0x80,
    0x63, 0x10, 0xb, 0xc9, 0x8c, 0x19, 0x91, 0xc0,

    /* U+03B0 "ΰ" */
    0x0, 0x8b, 0xd8, 0x3, 0xb9, 0x98, 0x1, 0xa1,
    0xe4, 0x3, 0xa2, 0xc0, 0x30, 0xfb, 0x87, 0xc0,
    0x4, 0xc6, 0xd, 0xa0, 0x1, 0x94, 0x9, 0x50,
    0x6, 0xd0, 0x0, 0x79, 0x80, 0x38, 0x66, 0x0,
    0x3c, 0x82, 0x60, 0x1c, 0x20, 0xe0, 0x1c, 0x20,
    0xe0, 0x1c, 0x80, 0x4c, 0xc0, 0xa, 0x54, 0x78,
    0xdd, 0x30, 0x20, 0x16, 0x26, 0xdf, 0x8, 0x0,

    /* U+03B1 "α" */
    0x0, 0x2e, 0xfe, 0xa8, 0x7a, 0x2, 0xd5, 0x3a,
    0xa8, 0xe0, 0x81, 0x6, 0xe2, 0xe5, 0xa, 0x0,
    0x24, 0x0, 0x9c, 0x3c, 0x4, 0x38, 0x2, 0xd0,
    0x50, 0x10, 0x10, 0xb, 0x80, 0x31, 0xe0, 0x4,
    0xe0, 0x40, 0x9, 0x46, 0x8, 0x2, 0xa0, 0x2,
    0xcd, 0xfa, 0xec, 0xb6, 0x0,

    /* U+03B2 "β" */
    0x3, 0xcf, 0xeb, 0x20, 0x0, 0xe0, 0x5e, 0x86,
    0x0, 0x10, 0x35, 0xe, 0x4, 0x80, 0x80, 0x40,
    0xc, 0x1, 0x78, 0x0, 0x56, 0xc8, 0x80, 0x1b,
    0xa8, 0x60, 0x3, 0xae, 0x92, 0x98, 0x3, 0x22,
    0xda, 0xc0, 0x7, 0xd8, 0x20, 0x10, 0x80, 0x5e,
    0x20, 0x16, 0x32, 0x43, 0x48, 0x4, 0x91, 0x6b,
    0xe, 0x1, 0x4f, 0x7e, 0xb8, 0x7, 0xff, 0x20,

    /* U+03B3 "γ" */
    0xbd, 0x40, 0xd, 0x79, 0x3, 0x20, 0x11, 0x25,
    0x1f, 0x91, 0x80, 0x28, 0x18, 0xc, 0xa8, 0x0,
    0xcc, 0x0, 0xa9, 0xc1, 0x46, 0xc0, 0x26, 0x14,
    0x93, 0x20, 0x8, 0x4e, 0xe, 0x40, 0x3a, 0x8c,
    0x54, 0x3, 0x9c, 0x18, 0x3, 0xc2, 0x1e, 0x1,
    0xff, 0xc9,

    /* U+03B4 "δ" */
    0x0, 0x2e, 0x7f, 0xb6, 0x0, 0x3, 0x4d, 0x79,
    0x3e, 0x0, 0x30, 0x24, 0x34, 0x70, 0x1, 0x3b,
    0xbe, 0xd8, 0x2, 0x14, 0x8d, 0xd4, 0x68, 0x85,
    0x83, 0x93, 0x61, 0x48, 0x2a, 0x0, 0x44, 0x8a,
    0x21, 0xc0, 0x18, 0x4c, 0x43, 0x80, 0x30, 0x98,
    0x1a, 0x80, 0x44, 0x88, 0x8, 0x2b, 0x55, 0x78,
    0xc0, 0x25, 0xbd, 0x51, 0xb0, 0x40,

    /* U+03B5 "ε" */
    0x8, 0xdf, 0xec, 0x28, 0x7b, 0xb5, 0x50, 0x8,
    0x88, 0x93, 0x14, 0x9e, 0xfe, 0x80, 0x9, 0x27,
    0x3c, 0x1, 0xa6, 0xc6, 0x40, 0x2, 0x0, 0xf3,
    0xb4, 0x22, 0x1d, 0xa6, 0x16, 0xed, 0x46,

    /* U+03B6 "ζ" */
    0xd, 0xff, 0xf0, 0x5c, 0x41, 0xc0, 0xa, 0xc,
    0xe6, 0xc5, 0x94, 0x0, 0x5b, 0x4d, 0x30, 0x1,
    0x52, 0xd0, 0x6, 0x81, 0xa0, 0xe, 0x59, 0x0,
    0xe2, 0x3, 0x0, 0xe3, 0x2, 0x0, 0xe1, 0x2a,
    0x0, 0xf4, 0x1e, 0x29, 0x88, 0x1, 0x6d, 0xef,
    0x39, 0x40, 0x9, 0x7d, 0xe9, 0x0, 0x1c, 0x20,
    0xc0, 0x1d, 0xf, 0x20,

    /* U+03B7 "η" */
    0x8e, 0x3c, 0xfd, 0x70, 0x0, 0xfc, 0x75, 0xc2,
    0x80, 0x3d, 0x5, 0x8f, 0xc0, 0x6, 0x1, 0x33,
    0x0, 0x40, 0x3f, 0xfb, 0x51, 0xc0, 0x1f, 0xfc,
    0xa0,

    /* U+03B8 "θ" */
    0x0, 0x15, 0xff, 0x48, 0x6, 0xf0, 0xba, 0x4b,
    0x0, 0x39, 0x5a, 0x23, 0x91, 0x1, 0x4a, 0x1,
    0x19, 0x70, 0x11, 0x4, 0x73, 0x38, 0x83, 0xf7,
    0x64, 0x30, 0x3, 0x5d, 0xe4, 0x1, 0x1, 0x44,
    0xc0, 0x60, 0x46, 0x1, 0x95, 0xc2, 0x90, 0x40,
    0x8, 0x3c, 0xe, 0x3a, 0x8b, 0x48, 0x80, 0x6,
    0x3d, 0xd9, 0xec, 0x0,

    /* U+03B9 "ι" */
    0xbc, 0x0, 0xff, 0xe3, 0x8, 0x4, 0x62, 0x0,
    0xf2, 0x63, 0x66, 0x47, 0x0,

    /* U+03BA "κ" */
    0x8f, 0x0, 0xaf, 0x44, 0x3, 0xad, 0xb0, 0x40,
    0x35, 0xb6, 0x8, 0x6, 0xb4, 0x91, 0x0, 0xe6,
    0x29, 0x0, 0xf6, 0x79, 0x40, 0x7, 0x9, 0x43,
    0xa0, 0x7, 0x9c, 0xe8, 0x40, 0x3d, 0xa3, 0x40,

    /* U+03BB "λ" */
    0x3, 0xfe, 0x50, 0xe, 0x3b, 0x2a, 0x0, 0xf2,
    0x70, 0x30, 0x7, 0x88, 0xe8, 0x3, 0xc2, 0x66,
    0x20, 0xe, 0x90, 0x5, 0x0, 0x73, 0x31, 0x58,
    0x3, 0x38, 0xdf, 0xa, 0x0, 0x52, 0xa4, 0x85,
    0xc0, 0x5, 0x18, 0x0, 0x52, 0x88, 0x42, 0x10,
    0x1, 0x81, 0xd0, 0xa0, 0x2, 0x14, 0xa0,

    /* U+03BC "μ" */
    0xac, 0x0, 0xd9, 0x60, 0x1f, 0xfd, 0xa1, 0x0,
    0xfc, 0x40, 0x10, 0x98, 0x6, 0xb5, 0x56, 0x82,
    0xa0, 0x19, 0xae, 0x96, 0x87, 0x80, 0x11, 0xdf,
    0x2b, 0xf4, 0x1, 0xff, 0xc6,

    /* U+03BD "ν" */
    0x4f, 0x40, 0x1, 0x7a, 0x2, 0x6, 0x80, 0x9,
    0x60, 0x0, 0xa8, 0x1, 0x79, 0x88, 0x61, 0x10,
    0x3, 0x18, 0x38, 0x28, 0x3, 0x0, 0x80, 0x4e,
    0xc0, 0x99, 0x80, 0x15, 0x98, 0xf1, 0x48, 0x4,
    0x81, 0x87, 0xe0, 0x18, 0xc4, 0xac, 0x80, 0x0,

    /* U+03BE "ξ" */
    0xa, 0xff, 0xe8, 0x0, 0x71, 0x81, 0xb4, 0x58,
    0x0, 0x89, 0xb9, 0x2e, 0x60, 0xd, 0x42, 0x0,
    0xf6, 0x2b, 0x98, 0x80, 0x67, 0x98, 0xce, 0xb0,
    0x9, 0x20, 0xe2, 0xe4, 0x2, 0xa4, 0xc7, 0x42,
    0x0, 0x8, 0xbc, 0x3, 0xc2, 0x1a, 0x1, 0xf3,
    0x3d, 0x2a, 0x8, 0x5, 0x32, 0x6b, 0xb7, 0x38,
    0x4, 0xd9, 0xde, 0xd0, 0x1, 0xe1, 0x32, 0x0,
    0xf3, 0x3f, 0x0,

    /* U+03BF "ο" */
    0x0, 0x26, 0x7f, 0xac, 0x80, 0x9, 0x6f, 0x74,
    0xd8, 0x21, 0x5, 0x68, 0xb8, 0x30, 0x6, 0xa0,
    0x10, 0xa2, 0x4, 0x38, 0x3, 0x9, 0x88, 0x70,
    0x6, 0x13, 0x3, 0x50, 0x8, 0x51, 0x1, 0x5,
    0x6a, 0xac, 0x18, 0x4, 0xb7, 0xaa, 0x36, 0x8,

    /* U+03C0 "π" */
    0x6f, 0xff, 0xc0, 0x8c, 0xf, 0x10, 0x31, 0x90,
    0x2d, 0xa, 0x77, 0x29, 0xb0, 0x7, 0xff, 0x8c,
    0x49, 0x0, 0x3e, 0xb1, 0xb3,

    /* U+03C1 "ρ" */
    0x0, 0x47, 0x7f, 0x38, 0x5, 0x4f, 0x16, 0xf0,
    0xc0, 0x4b, 0x4c, 0x92, 0xb0, 0x8, 0xa, 0x1,
    0x78, 0x97, 0x8, 0x6, 0x60, 0x10, 0x10, 0xc,
    0xc0, 0x20, 0x5, 0x0, 0xbc, 0x48, 0x1, 0x6c,
    0x92, 0xb0, 0x0, 0x1d, 0xab, 0x78, 0x60, 0x8,
    0xf3, 0xf9, 0xc0, 0x3f, 0xf9, 0x0,

    /* U+03C2 "ς" */
    0x0, 0x15, 0x77, 0xeb, 0x81, 0xeb, 0xdd, 0xdc,
    0x10, 0x3a, 0xa8, 0xd2, 0x8, 0xc0, 0x1c, 0x21,
    0xe0, 0x1c, 0x21, 0xe0, 0x1e, 0x46, 0x0, 0xf4,
    0xe, 0xb1, 0x80, 0x47, 0xaf, 0x19, 0xc4, 0x0,
    0x2a, 0xee, 0x5, 0x0, 0x71, 0x87, 0x80, 0x77,
    0x23, 0x80,

    /* U+03C3 "σ" */
    0x0, 0x36, 0xff, 0xf5, 0x2, 0xcb, 0xe5, 0x98,
    0x3f, 0x4, 0x15, 0x1a, 0x68, 0x1, 0x0, 0x94,
    0x2, 0x14, 0x40, 0x8, 0x70, 0x6, 0x12, 0x1,
    0xe, 0x0, 0xcc, 0x60, 0x3, 0x60, 0x8, 0x8d,
    0x40, 0x1e, 0x38, 0xaa, 0xf1, 0x90, 0x1, 0xd8,
    0x55, 0x1b, 0x4, 0x0,

    /* U+03C4 "τ" */
    0x3f, 0xff, 0xb4, 0xa2, 0x20, 0x48, 0x85, 0x8b,
    0xbc, 0x6, 0xee, 0x60, 0xf, 0xfe, 0x50, 0x80,
    0x7e, 0x31, 0x0, 0xf9, 0xdc, 0x84, 0x1, 0xd6,
    0xb7, 0x0,

    /* U+03C5 "υ" */
    0xda, 0x0, 0xf, 0x30, 0x7, 0xc, 0xc0, 0x7,
    0x90, 0x4c, 0x3, 0x84, 0x1c, 0x3, 0x84, 0x1c,
    0x3, 0x90, 0x9, 0x98, 0x1, 0x4a, 0x8f, 0x1b,
    0xa6, 0x4, 0x2, 0xc4, 0xdb, 0xe1, 0x0,

    /* U+03C6 "φ" */
    0x0, 0x2e, 0x85, 0xfd, 0x88, 0x1, 0x69, 0xd5,
    0x29, 0xb0, 0x1, 0x5, 0x44, 0xb, 0x24, 0xa0,
    0x4a, 0x1, 0x90, 0x30, 0x43, 0x80, 0x38, 0x40,
    0x43, 0x80, 0x38, 0x44, 0x6, 0xa0, 0x19, 0x43,
    0x2, 0xa, 0xf4, 0x1e, 0x8d, 0x1, 0x2d, 0x94,
    0x21, 0x74, 0x2, 0x4d, 0x80, 0xfa, 0x10, 0xf,
    0xfe, 0x48,

    /* U+03C7 "χ" */
    0x8f, 0xb1, 0x0, 0x1f, 0xc4, 0xd2, 0x40, 0x2,
    0x6, 0x5, 0x61, 0x81, 0x11, 0x0, 0x13, 0x3,
    0x49, 0x30, 0x4, 0x2b, 0x25, 0x20, 0x1d, 0xc0,
    0x88, 0x0, 0xec, 0x3, 0x0, 0xe1, 0x71, 0x60,
    0xe, 0x80, 0xd1, 0x50, 0x8, 0x99, 0xcd, 0x38,
    0x2, 0x91, 0x80, 0xe4, 0x83, 0x44, 0x40, 0x1,
    0x5d, 0xbc,

    /* U+03C8 "ψ" */
    0x2f, 0x50, 0x7f, 0x0, 0x6d, 0x0, 0x7f, 0xf7,
    0xc, 0xc, 0x3, 0x8c, 0xc2, 0x2d, 0x0, 0xc6,
    0x3e, 0x16, 0x97, 0x81, 0x1a, 0x4c, 0xb, 0x84,
    0xa0, 0x71, 0xa0, 0x11, 0xcc, 0x82, 0xd8, 0x3,
    0xff, 0x94,

    /* U+03C9 "ω" */
    0xe, 0x90, 0xe, 0x4f, 0x40, 0x51, 0xa0, 0xe,
    0x42, 0xf0, 0xf0, 0x30, 0xf, 0x22, 0x1, 0xcc,
    0x2, 0x62, 0x0, 0x78, 0x19, 0x9c, 0x2, 0x97,
    0x0, 0x18, 0x39, 0xb8, 0x0, 0x40, 0x80, 0x6,
    0xe, 0xc6, 0x0, 0x40, 0xd0, 0x6, 0x1, 0x78,
    0x52, 0x43, 0xab, 0x31, 0x54, 0x29, 0x9, 0x6f,
    0x13, 0x12, 0xb6, 0x0,

    /* U+03CA "ϊ" */
    0xfa, 0xe, 0xb6, 0xf0, 0x6d, 0x95, 0x8, 0x60,
    0x9e, 0x0, 0xff, 0xe8, 0x70, 0x6, 0x31, 0x73,
    0x4, 0x79, 0xc0,

    /* U+03CB "ϋ" */
    0x1f, 0x80, 0xf8, 0x0, 0xb, 0x60, 0x36, 0x80,
    0x52, 0x81, 0x2a, 0x0, 0xda, 0x0, 0xf, 0x30,
    0x7, 0xc, 0xc0, 0x7, 0x90, 0x4c, 0x3, 0x84,
    0x1c, 0x3, 0x84, 0x1c, 0x3, 0x90, 0x9, 0x98,
    0x1, 0x4a, 0x8f, 0x1b, 0xa6, 0x4, 0x2, 0xc4,
    0xdb, 0xe1, 0x0,

    /* U+03CC "ό" */
    0x0, 0xe4, 0xf3, 0x0, 0xe1, 0xaa, 0x18, 0x7,
    0x53, 0x28, 0x7, 0xae, 0x0, 0x39, 0x33, 0xfd,
    0x64, 0x0, 0x4b, 0x7b, 0xa6, 0xc1, 0x8, 0x2b,
    0x45, 0xc1, 0x80, 0x35, 0x0, 0x85, 0x10, 0x21,
    0xc0, 0x18, 0x4c, 0x43, 0x80, 0x30, 0x98, 0x1a,
    0x80, 0x42, 0x88, 0x8, 0x2b, 0x55, 0x60, 0xc0,
    0x25, 0xbd, 0x51, 0xb0, 0x40,

    /* U+03CD "ύ" */
    0x0, 0x87, 0x9c, 0x3, 0xa9, 0x1c, 0x3, 0x3b,
    0xa8, 0x3, 0x9f, 0x0, 0x36, 0xd0, 0x0, 0x79,
    0x80, 0x38, 0x66, 0x0, 0x3c, 0x82, 0x60, 0x1c,
    0x20, 0xe0, 0x1c, 0x20, 0xe0, 0x1c, 0x80, 0x4c,
    0xc0, 0xa, 0x54, 0x78, 0xdd, 0x30, 0x20, 0x16,
    0x26, 0xdf, 0x8, 0x0,

    /* U+03CE "ώ" */
    0x0, 0xf4, 0xe8, 0x80, 0x7e, 0x57, 0xf1, 0x0,
    0xf8, 0x6f, 0x48, 0x3, 0xf0, 0xf1, 0x80, 0x7b,
    0xa4, 0x3, 0x93, 0xd0, 0x14, 0x68, 0x3, 0x90,
    0xbc, 0x3c, 0xc, 0x3, 0xc8, 0x80, 0x73, 0x0,
    0x98, 0x80, 0x1e, 0x6, 0x67, 0x0, 0xa5, 0xc0,
    0x6, 0xe, 0x6e, 0x0, 0x10, 0x20, 0x1, 0x83,
    0xb1, 0x80, 0x10, 0x34, 0x1, 0x80, 0x5e, 0x14,
    0x90, 0xea, 0xcc, 0x55, 0xa, 0x42, 0x5b, 0xc4,
    0xc4, 0xad, 0x80,

    /* U+0400 "Ѐ" */
    0x0, 0xa7, 0x0, 0x3e, 0x97, 0x90, 0xf, 0xae,
    0x40, 0x26, 0xff, 0xf8, 0x2, 0x9a, 0xae, 0x0,
    0x91, 0x57, 0x80, 0x3f, 0xf8, 0x2, 0x3c, 0x1,
    0xb3, 0xbb, 0x58, 0x5, 0x57, 0x7a, 0x40, 0x27,
    0x44, 0xc4, 0x1, 0xff, 0xc9, 0x45, 0x5e, 0x0,
    0xa6, 0xab, 0x84,

    /* U+0401 "Ё" */
    0x0, 0x4a, 0x4, 0xa8, 0x4, 0x2d, 0x80, 0xda,
    0x1, 0xf, 0xc0, 0x7c, 0x0, 0x1b, 0xff, 0xe0,
    0xa, 0x6a, 0xb8, 0x2, 0x45, 0x5e, 0x0, 0xff,
    0xe0, 0x8, 0xf0, 0x6, 0xce, 0xed, 0x60, 0x15,
    0x5d, 0xe9, 0x0, 0x9d, 0x13, 0x10, 0x7, 0xff,
    0x25, 0x15, 0x78, 0x2, 0x9a, 0xae, 0x10,

    /* U+0402 "Ђ" */
    0xf, 0xff, 0xe0, 0xd, 0x55, 0x18, 0xd5, 0x60,
    0xc, 0xab, 0x38, 0x2a, 0xe0, 0xf, 0xfe, 0x50,
    0x8c, 0x1, 0xfc, 0x3d, 0xd7, 0xe1, 0x0, 0x78,
    0x6e, 0xe9, 0x2f, 0x0, 0xf9, 0x12, 0x68, 0x23,
    0x0, 0xff, 0x28, 0x30, 0x7, 0xff, 0x61, 0xc0,
    0x3d, 0x7c, 0x1, 0x88, 0x18, 0x3, 0xf1, 0xbc,
    0x11, 0x80, 0x7e, 0xa9, 0x5f, 0x0,

    /* U+0403 "Ѓ" */
    0x0, 0xd3, 0x80, 0x1c, 0xa9, 0xa0, 0x1c, 0xba,
    0x20, 0x6, 0xff, 0xf6, 0x80, 0x26, 0xab, 0x48,
    0x1, 0x15, 0x72, 0x0, 0x7f, 0xff, 0x0,

    /* U+0404 "Є" */
    0x0, 0x8e, 0xbb, 0xfa, 0xd4, 0x2, 0x6c, 0x18,
    0xa8, 0x1a, 0x40, 0x39, 0x7b, 0x65, 0x6a, 0xd6,
    0x9, 0x18, 0x0, 0xe2, 0x20, 0x2a, 0x84, 0x78,
    0x3, 0x93, 0xbb, 0xb0, 0x3, 0x25, 0xdf, 0x78,
    0x6, 0x74, 0x4e, 0x30, 0x9, 0x4c, 0x80, 0x3f,
    0x48, 0x48, 0x7, 0x21, 0x81, 0xca, 0x6b, 0xab,
    0x5d, 0x9c, 0x0, 0xd8, 0xf3, 0x50, 0x14, 0x80,

    /* U+0405 "Ѕ" */
    0x4, 0xbe, 0xfd, 0xa4, 0x6, 0xb7, 0x8a, 0xa0,
    0xe0, 0x59, 0x63, 0x2b, 0xdc, 0x1, 0xb0, 0x7,
    0xc8, 0x87, 0x10, 0xe, 0xb3, 0x8e, 0xe5, 0x20,
    0x0, 0x73, 0x61, 0x55, 0x6e, 0x1, 0x13, 0xdf,
    0x1c, 0x8, 0x7, 0xd, 0x1, 0x10, 0x3, 0xbc,
    0x7, 0x30, 0xea, 0xaa, 0x64, 0x2b, 0x6a, 0xa9,
    0xe2, 0xc0,

    /* U+0406 "І" */
    0x6f, 0x20, 0xf, 0xfe, 0xa8,

    /* U+0407 "Ї" */
    0x96, 0x8, 0x66, 0x60, 0x36, 0xfd, 0x7, 0x58,
    0x37, 0x90, 0x7, 0xff, 0xb0,

    /* U+0408 "Ј" */
    0x0, 0x37, 0x90, 0x7, 0xff, 0xa0, 0x40, 0x36,
    0x81, 0x24, 0x2a, 0x82, 0x59, 0x94, 0x0,

    /* U+0409 "Љ" */
    0x0, 0x9f, 0xff, 0xce, 0x1, 0xff, 0x4d, 0x52,
    0x40, 0x3f, 0xf8, 0x2e, 0xaa, 0x40, 0xf, 0xfb,
    0xc0, 0x3f, 0xf8, 0xc2, 0x1, 0xff, 0xc2, 0x10,
    0xf, 0x47, 0xfb, 0xa4, 0x40, 0x31, 0x88, 0x7,
    0x36, 0x5c, 0xb6, 0x0, 0x67, 0x20, 0xe, 0xe3,
    0x47, 0x71, 0x20, 0x0, 0x49, 0x40, 0x3f, 0xb4,
    0x4, 0x1, 0x1, 0xa0, 0x1f, 0xda, 0xc, 0x54,
    0xca, 0x80, 0x1d, 0xc8, 0xb0, 0xe4, 0x6e, 0xd3,
    0x40, 0x1e, 0x6b, 0xa5, 0x7c, 0x0,

    /* U+040A "Њ" */
    0x6f, 0x20, 0xd, 0xd6, 0x1, 0xff, 0xe9, 0x11,
    0xe0, 0x0, 0x80, 0x7d, 0x9d, 0xd8, 0x53, 0xbf,
    0xac, 0x80, 0x2a, 0xbb, 0xc2, 0x77, 0x68, 0x5d,
    0x20, 0x3, 0xa2, 0x60, 0x74, 0x43, 0x50, 0x28,
    0x7, 0xff, 0x1, 0x43, 0x80, 0x3f, 0xf8, 0xa,
    0x1c, 0x1, 0xf9, 0xd1, 0x5e, 0x85, 0x80, 0x3f,
    0x1d, 0xd4, 0xa6, 0x8,

    /* U+040B "Ћ" */
    0xf, 0xff, 0xe0, 0xd, 0x55, 0x18, 0xd5, 0x60,
    0xc, 0xab, 0x38, 0x2a, 0xe0, 0xf, 0xfe, 0x50,
    0x8c, 0x1, 0xfc, 0x3d, 0xd7, 0xd9, 0x0, 0x78,
    0x6e, 0xe9, 0x5e, 0x0, 0xf9, 0x12, 0x69, 0x32,
    0x0, 0xff, 0x18, 0x30, 0x7, 0xf9, 0xc0, 0x40,
    0x3f, 0xf9, 0xc0,

    /* U+040C "Ќ" */
    0x0, 0xc5, 0xc8, 0x1, 0xfb, 0xe1, 0x0, 0x3f,
    0x6b, 0x0, 0x73, 0x79, 0x0, 0x6a, 0xf5, 0x0,
    0xfa, 0x56, 0x54, 0x3, 0xd2, 0xd2, 0xc0, 0x1e,
    0x86, 0x86, 0x0, 0xf3, 0xb9, 0x9c, 0x3, 0xd7,
    0x0, 0xa0, 0x1f, 0x32, 0xd9, 0xb8, 0x7, 0x96,
    0x91, 0xa0, 0x80, 0x3a, 0x0, 0x10, 0x3c, 0x1,
    0xf8, 0x68, 0xd8, 0x3, 0xf2, 0x2c, 0x88, 0x7,
    0xeb, 0x1a, 0x0,

    /* U+040D "Ѝ" */
    0x0, 0xaa, 0xc0, 0x3f, 0x50, 0x38, 0x7, 0xeb,
    0x70, 0xc, 0xde, 0x20, 0x1b, 0xbd, 0x80, 0x3c,
    0xe2, 0x1, 0xf0, 0xc2, 0x0, 0x7d, 0x21, 0x0,
    0x1e, 0x17, 0x61, 0x0, 0xf4, 0x84, 0x0, 0x78,
    0x5d, 0xc2, 0x1, 0xe8, 0x9, 0x0, 0xf1, 0x33,
    0x88, 0x7, 0xa0, 0x60, 0x3, 0xe4, 0x90, 0xf,
    0xc2, 0xe0, 0x1e,

    /* U+040E "Ў" */
    0x0, 0x35, 0x0, 0x34, 0xc0, 0x33, 0x33, 0xfc,
    0x86, 0x1, 0xd9, 0xfe, 0x90, 0xa, 0x3c, 0x80,
    0x33, 0x7a, 0x48, 0x58, 0x6, 0xb2, 0x41, 0x46,
    0x0, 0x90, 0xa8, 0x1, 0xe0, 0xc0, 0xe, 0x6,
    0x0, 0x21, 0x58, 0xa, 0xb0, 0x80, 0x54, 0x46,
    0xc1, 0x40, 0x19, 0x82, 0x64, 0x66, 0x0, 0xc2,
    0xaa, 0x1a, 0x0, 0xf4, 0x80, 0xb0, 0x7, 0x84,
    0x18, 0x3, 0x89, 0x78, 0x28, 0x3, 0x96, 0x86,
    0x48, 0x3, 0x0,

    /* U+040F "Џ" */
    0x6f, 0x20, 0xc, 0x3e, 0xe0, 0x1f, 0xff, 0xf0,
    0xf, 0xfe, 0x2a, 0x2a, 0xe7, 0x0, 0xd3, 0x55,
    0xa4, 0x0, 0xdf, 0xf2, 0xa7, 0xfc, 0xe0, 0x1f,
    0xfc, 0x2f, 0xe0, 0xc,

    /* U+0410 "А" */
    0x0, 0xd3, 0xf0, 0x1, 0xf9, 0x81, 0x80, 0x3e,
    0x50, 0x41, 0x40, 0xf, 0x70, 0xd0, 0x70, 0x7,
    0xa, 0x38, 0xaa, 0x84, 0x3, 0x30, 0x50, 0x70,
    0x38, 0x6, 0xa2, 0x30, 0x41, 0xa0, 0x8, 0xc9,
    0x44, 0x67, 0x32, 0x0, 0x50, 0x3f, 0x74, 0xc1,
    0x40, 0x7, 0x3b, 0xbe, 0x36, 0x5, 0x19, 0x44,
    0xea, 0x14, 0xe0, 0x50, 0xe, 0x60, 0xe0,

    /* U+0411 "Б" */
    0x6f, 0xff, 0x80, 0x29, 0xbb, 0xe0, 0x9, 0x13,
    0xc0, 0x1f, 0xfc, 0x1, 0x0, 0xfd, 0x9f, 0xf6,
    0x20, 0x5, 0x59, 0x8a, 0xb, 0x50, 0x3, 0x99,
    0x97, 0x43, 0x80, 0x3c, 0x24, 0xc0, 0x1e, 0x12,
    0x60, 0x2, 0x24, 0xd8, 0x1c, 0x0, 0x9b, 0xb4,
    0x8d, 0x28,

    /* U+0412 "В" */
    0x6f, 0xfd, 0xd4, 0x40, 0x14, 0xdd, 0xa5, 0x30,
    0x2, 0x44, 0x9e, 0xc5, 0x0, 0x3c, 0x20, 0x18,
    0x40, 0x7, 0x2, 0x80, 0xc, 0xff, 0x60, 0xe0,
    0x5, 0x59, 0x8a, 0x1c, 0x20, 0x3, 0x99, 0x97,
    0x46, 0x0, 0x3c, 0x24, 0xc0, 0x1e, 0x12, 0x70,
    0x2, 0x24, 0xd8, 0x1e, 0x0, 0x9b, 0xb4, 0x35,
    0xa0,

    /* U+0413 "Г" */
    0x6f, 0xff, 0x68, 0x2, 0x6a, 0xb4, 0x80, 0x11,
    0x57, 0x20, 0x7, 0xff, 0xf0,

    /* U+0414 "Д" */
    0x0, 0xa3, 0xff, 0xcc, 0x1, 0xea, 0xaa, 0x0,
    0x3f, 0x2a, 0xc8, 0x1, 0xe1, 0x0, 0xff, 0xe5,
    0x98, 0x80, 0x7f, 0x98, 0xc0, 0x3f, 0xc4, 0xe0,
    0x1f, 0xc4, 0x3a, 0x1, 0xfc, 0xa0, 0x80, 0x1f,
    0xb, 0xc0, 0xb2, 0xac, 0x81, 0xe6, 0x50, 0x3,
    0x55, 0xa0, 0x1a, 0x0, 0x1b, 0xff, 0xf3, 0x0,
    0x7f, 0xf0, 0x49, 0xcc, 0x3, 0xec, 0xe0,

    /* U+0415 "Е" */
    0x6f, 0xff, 0x80, 0x29, 0xaa, 0xe0, 0x9, 0x15,
    0x78, 0x3, 0xff, 0x80, 0x23, 0xc0, 0x1b, 0x3b,
    0xb5, 0x80, 0x55, 0x77, 0xa4, 0x2, 0x74, 0x4c,
    0x40, 0x1f, 0xfc, 0x94, 0x55, 0xe0, 0xa, 0x6a,
    0xb8, 0x40,

    /* U+0416 "Ж" */
    0x1d, 0xd0, 0x80, 0x45, 0xec, 0x1, 0xaf, 0xcc,
    0x7c, 0xf4, 0x3, 0xfa, 0x52, 0x8c, 0xb, 0x4e,
    0xc0, 0x3e, 0x86, 0x95, 0x0, 0x8e, 0xd2, 0x80,
    0x39, 0x9d, 0xcc, 0x1, 0xc9, 0x2b, 0x0, 0x12,
    0xca, 0xc0, 0x7, 0xd8, 0xf, 0x61, 0x94, 0xe,
    0x1, 0xf2, 0x2c, 0xb3, 0x1, 0x4f, 0x9, 0xc0,
    0x3d, 0x26, 0xd2, 0xa0, 0x5a, 0x6f, 0x4, 0x1,
    0xa0, 0xb8, 0x1, 0x1, 0x62, 0x10, 0x52, 0x1,
    0x13, 0xb8, 0x80, 0x3f, 0x4a, 0x28, 0x2, 0x4a,
    0x0, 0x3f, 0x91, 0x6c, 0x59, 0x24, 0x3, 0xfe,
    0xb0, 0x80,

    /* U+0417 "З" */
    0x6b, 0xef, 0xeb, 0x40, 0x5, 0xc, 0x54, 0x5,
    0xb0, 0x65, 0x32, 0xb5, 0x95, 0x80, 0x7c, 0xc0,
    0x1e, 0x16, 0x4b, 0x0, 0xbb, 0xfa, 0x61, 0x80,
    0x2d, 0xca, 0x58, 0x70, 0x8, 0xcc, 0xb4, 0xd0,
    0x1, 0xf7, 0x81, 0x8, 0x7, 0x68, 0x17, 0xd3,
    0x2b, 0xe2, 0x40, 0x40, 0xc5, 0x4b, 0x63, 0x80,

    /* U+0418 "И" */
    0x6f, 0x10, 0xd, 0xde, 0xc0, 0x1e, 0x71, 0x0,
    0xf8, 0x61, 0x0, 0x3e, 0x90, 0x80, 0xf, 0xb,
    0xb0, 0x80, 0x7a, 0x42, 0x0, 0x3c, 0x2e, 0xe1,
    0x0, 0xf4, 0x4, 0x80, 0x78, 0x99, 0xc4, 0x3,
    0xd0, 0x30, 0x1, 0xf2, 0x48, 0x7, 0xe1, 0x70,
    0xf, 0x0,

    /* U+0419 "Й" */
    0x0, 0x35, 0x0, 0x34, 0xc0, 0x33, 0xf, 0xf9,
    0xc, 0x3, 0xaf, 0xfd, 0x20, 0x13, 0x78, 0x80,
    0x6e, 0xf6, 0x0, 0xf3, 0x88, 0x7, 0xc3, 0x8,
    0x1, 0xf4, 0x84, 0x0, 0x78, 0x5d, 0x84, 0x3,
    0xd2, 0x10, 0x1, 0xe1, 0x77, 0x8, 0x7, 0xa0,
    0x24, 0x3, 0xc4, 0xce, 0x20, 0x1e, 0x81, 0x80,
    0xf, 0x92, 0x40, 0x3f, 0xb, 0x80, 0x78,

    /* U+041A "К" */
    0x6f, 0x20, 0xd, 0x5e, 0xa0, 0x1f, 0x4a, 0xca,
    0x80, 0x7a, 0x5a, 0x58, 0x3, 0xd0, 0xd0, 0xc0,
    0x1e, 0x77, 0x33, 0x80, 0x7a, 0xe0, 0x14, 0x3,
    0xe6, 0x5b, 0x37, 0x0, 0xf2, 0xd2, 0x34, 0x10,
    0x7, 0x40, 0x2, 0x7, 0x80, 0x3f, 0xd, 0x1b,
    0x0, 0x7e, 0x45, 0x91, 0x0, 0xfd, 0x63, 0x40,

    /* U+041B "Л" */
    0x0, 0x9f, 0xff, 0xce, 0x1, 0xd3, 0x54, 0x90,
    0xf, 0x9d, 0x54, 0x80, 0x1d, 0xe0, 0x1f, 0xfc,
    0x1, 0x0, 0xfc, 0x20, 0x1f, 0xe2, 0x10, 0xf,
    0xe6, 0x20, 0xf, 0xc2, 0x4a, 0x1, 0xfa, 0x43,
    0x40, 0x3c, 0x56, 0xea, 0x80, 0x1e, 0x77, 0x4d,
    0x0, 0x7c,

    /* U+041C "М" */
    0x6f, 0xf0, 0x80, 0x64, 0xff, 0x20, 0x4, 0xc0,
    0x1b, 0x80, 0x39, 0x68, 0x3, 0x2b, 0x0, 0x6e,
    0x23, 0x0, 0x30, 0xe0, 0x6, 0x53, 0xa0, 0x5,
    0x38, 0x80, 0x75, 0x38, 0x11, 0xd0, 0x7, 0x9c,
    0x51, 0x48, 0xc0, 0x3c, 0x29, 0xd4, 0xa0, 0x1f,
    0xb9, 0x4a, 0x80, 0x3f, 0x2a, 0x98, 0x80, 0x3f,
    0xaa, 0x40, 0x3f, 0xf8, 0xa0,

    /* U+041D "Н" */
    0x6f, 0x20, 0xc, 0x3e, 0xe0, 0x1f, 0xfd, 0x41,
    0x1e, 0x30, 0xd, 0x9d, 0xdb, 0x40, 0x35, 0x5d,
    0xea, 0x0, 0xce, 0x89, 0xc0, 0x1f, 0xfd, 0xe0,

    /* U+041E "О" */
    0x0, 0x92, 0xfb, 0xf6, 0x44, 0x3, 0x3d, 0xbc,
    0x52, 0xbf, 0x90, 0x0, 0xe1, 0x71, 0x96, 0x30,
    0x7c, 0x1, 0x21, 0x60, 0x18, 0xa0, 0x90, 0x15,
    0x4, 0x3, 0x94, 0x30, 0x0, 0x40, 0x1e, 0x20,
    0x21, 0x0, 0xff, 0x84, 0x8, 0x3, 0xc4, 0x4,
    0x8, 0x81, 0x0, 0xe5, 0xc, 0x8, 0xb, 0x0,
    0xc5, 0x24, 0x80, 0x70, 0xb8, 0xcb, 0x18, 0x1e,
    0x1, 0x3d, 0xbc, 0x52, 0xbf, 0x90, 0x0,

    /* U+041F "П" */
    0x6f, 0xff, 0xce, 0x0, 0x9a, 0xad, 0x20, 0x19,
    0x15, 0x73, 0x80, 0x7f, 0xff, 0xc0, 0x3f, 0xf8,
    0xa0,

    /* U+0420 "Р" */
    0x6f, 0xfd, 0x8c, 0x1, 0xa6, 0xe9, 0xe6, 0x0,
    0x24, 0x42, 0xd9, 0x38, 0x7, 0xc8, 0x2, 0x1,
    0xe2, 0x1, 0x0, 0x8, 0xb, 0xa2, 0x80, 0x59,
    0xfd, 0xb, 0x60, 0x15, 0x66, 0xfd, 0x8, 0x4,
    0xe6, 0x40, 0x1f, 0xfd, 0x30,

    /* U+0421 "С" */
    0x0, 0x8e, 0xbb, 0xfa, 0xd4, 0x2, 0x6c, 0x79,
    0xa8, 0x1a, 0x40, 0x39, 0x5d, 0x75, 0x6a, 0xd7,
    0x9, 0xb, 0x0, 0xe2, 0x30, 0x54, 0x10, 0xf,
    0xe2, 0x0, 0xff, 0xe4, 0x90, 0x7, 0xf2, 0xa0,
    0x80, 0x7e, 0x90, 0xb0, 0xe, 0x23, 0x3, 0x95,
    0xd7, 0x56, 0xad, 0x70, 0x3, 0x63, 0xcd, 0x40,
    0xd2, 0x0,

    /* U+0422 "Т" */
    0xf, 0xff, 0xed, 0xa, 0xac, 0x27, 0x55, 0x48,
    0x2a, 0xe0, 0x75, 0x59, 0x0, 0x3f, 0xff, 0xe0,
    0x1f, 0xfc, 0xc0,

    /* U+0423 "У" */
    0x8f, 0x20, 0xc, 0xde, 0x92, 0x16, 0x1, 0xac,
    0x90, 0x51, 0x80, 0x24, 0x2a, 0x0, 0x78, 0x30,
    0x3, 0x81, 0x80, 0x8, 0x56, 0x2, 0xac, 0x20,
    0x15, 0x11, 0xb0, 0x50, 0x6, 0x60, 0x99, 0x19,
    0x80, 0x30, 0xaa, 0x86, 0x80, 0x3d, 0x20, 0x2c,
    0x1, 0xe1, 0x6, 0x0, 0xe2, 0x5e, 0xa, 0x0,
    0xe5, 0xa1, 0x92, 0x0, 0xc0,

    /* U+0424 "Ф" */
    0x0, 0xf7, 0x58, 0x7, 0xe4, 0x9c, 0x14, 0xc9,
    0x20, 0xd, 0x56, 0x8a, 0x4, 0xcf, 0xae, 0x0,
    0x75, 0x7d, 0x91, 0x6a, 0xf4, 0x84, 0xa, 0x28,
    0x0, 0xe1, 0xa0, 0xe0, 0x27, 0x0, 0xf8, 0x44,
    0xc0, 0x1, 0x0, 0xff, 0x8d, 0x44, 0x3, 0xc6,
    0x28, 0x10, 0x3a, 0x40, 0x19, 0x34, 0x64, 0x12,
    0x8b, 0x78, 0x57, 0xac, 0xf4, 0x40, 0xb, 0xd7,
    0x20, 0x73, 0x9a, 0x60, 0x1c, 0x8e, 0x2c, 0xe6,
    0x1, 0x0,

    /* U+0425 "Х" */
    0xa, 0xe1, 0x0, 0xd9, 0xa0, 0xb, 0xb, 0x0,
    0x9c, 0xf8, 0x0, 0x36, 0xaa, 0x2, 0x86, 0x30,
    0x9, 0x52, 0xc7, 0x86, 0x40, 0x3a, 0x87, 0xe,
    0x80, 0x3c, 0x2e, 0x4a, 0x80, 0x1f, 0x30, 0x20,
    0x7, 0xd2, 0x36, 0x32, 0x1, 0xc6, 0xd0, 0x90,
    0xc6, 0x1, 0xb8, 0xdc, 0x1c, 0xb8, 0x2, 0x82,
    0xe0, 0xb, 0x8a, 0x0, 0xdd, 0xc4, 0x1, 0x1b,
    0xb8, 0x80,

    /* U+0426 "Ц" */
    0x6f, 0x20, 0xc, 0x3e, 0xe0, 0x1f, 0xff, 0xf0,
    0xf, 0xfe, 0x7a, 0x2a, 0xe7, 0xd, 0x40, 0x4,
    0xd5, 0x69, 0x5, 0x86, 0xff, 0xfc, 0xe0, 0x1f,
    0xfc, 0x9c, 0xa0,

    /* U+0427 "Ч" */
    0xaf, 0x0, 0xc7, 0xec, 0x1, 0xff, 0xc6, 0x30,
    0xf, 0xdc, 0x2, 0x1, 0xe4, 0xb, 0x21, 0x10,
    0x4, 0x70, 0xbb, 0xdc, 0xc0, 0x9, 0xff, 0x2e,
    0xd2, 0x1, 0xc6, 0x88, 0x50, 0xf, 0xfe, 0x88,

    /* U+0428 "Ш" */
    0x6f, 0x20, 0x8, 0xfd, 0x40, 0x37, 0xc0, 0x7,
    0xff, 0xfc, 0x3, 0xff, 0xe4, 0x8a, 0xb2, 0x6,
    0xaa, 0xe0, 0xd, 0x35, 0x54, 0x3, 0xd5, 0x60,
    0x0,

    /* U+0429 "Щ" */
    0x6f, 0x20, 0x8, 0xfd, 0x40, 0x37, 0xc0, 0x7,
    0xff, 0xfc, 0x3, 0xff, 0xf8, 0x8a, 0xb2, 0x6,
    0xaa, 0xe0, 0x34, 0x0, 0x4d, 0x55, 0x0, 0xf5,
    0x58, 0x12, 0x9b, 0xff, 0xff, 0x83, 0x0, 0x1f,
    0xfd, 0x34, 0x90,

    /* U+042A "Ъ" */
    0x8f, 0xfd, 0x0, 0x1f, 0x55, 0x52, 0x1, 0xfc,
    0x4a, 0xa7, 0x0, 0xff, 0xee, 0x3f, 0xfd, 0xae,
    0x1, 0xf3, 0x66, 0x2d, 0x22, 0x80, 0x3c, 0x26,
    0x64, 0x95, 0x50, 0x80, 0x7f, 0x88, 0xc, 0x3,
    0xfc, 0x60, 0x60, 0x1c, 0x48, 0x85, 0xa4, 0x51,
    0x0, 0xe5, 0xbb, 0x53, 0xc5, 0x0,

    /* U+042B "Ы" */
    0x6f, 0x20, 0xf, 0xbe, 0x0, 0x3f, 0xfb, 0x42,
    0x1, 0xff, 0x67, 0xfd, 0x88, 0x1, 0xea, 0xcc,
    0x50, 0x5a, 0x80, 0x73, 0x99, 0x97, 0x43, 0x80,
    0x3f, 0x84, 0x98, 0x3, 0xf8, 0x49, 0x80, 0x39,
    0x12, 0x6c, 0xf, 0x0, 0xe9, 0xbb, 0x43, 0x5a,
    0x0, 0x40,

    /* U+042C "Ь" */
    0x6f, 0x20, 0xf, 0xfe, 0xb8, 0x80, 0x7e, 0xcf,
    0xfb, 0x10, 0x2, 0xac, 0xc5, 0x5, 0xa8, 0x1,
    0xcc, 0xcb, 0xa1, 0xc0, 0x1e, 0x12, 0x60, 0xf,
    0x9, 0x30, 0x1, 0x12, 0x6c, 0xf, 0x0, 0x4d,
    0xda, 0x1a, 0xd0,

    /* U+042D "Э" */
    0x3, 0xae, 0xfe, 0xb5, 0x0, 0x87, 0x6, 0x2a,
    0x6, 0xa4, 0x2, 0xcb, 0x65, 0x6a, 0x96, 0x60,
    0x9, 0x80, 0x73, 0x1d, 0x80, 0x61, 0x1e, 0x42,
    0x20, 0x2, 0xbb, 0xb9, 0xc0, 0x40, 0x11, 0x77,
    0xcc, 0x1, 0x89, 0x13, 0x8c, 0x4, 0x3, 0xf2,
    0x11, 0x5, 0x80, 0x3a, 0x46, 0xc0, 0x13, 0x8e,
    0xad, 0x6c, 0xd0, 0xe, 0x34, 0xd4, 0x5, 0x48,
    0x0,

    /* U+042E "Ю" */
    0x5f, 0x30, 0xc, 0xfb, 0xfe, 0xc6, 0x0, 0xfe,
    0xc8, 0x4a, 0xa3, 0x4d, 0x80, 0x7d, 0x47, 0x52,
    0xaa, 0xa9, 0x47, 0x0, 0xe1, 0x53, 0x50, 0xc,
    0xc7, 0x20, 0x13, 0x8a, 0x5, 0x80, 0x7a, 0xc4,
    0xc0, 0x17, 0xd4, 0x4, 0x1, 0xe2, 0x6, 0x0,
    0x4d, 0xb8, 0x8, 0x7, 0xfc, 0xa9, 0x60, 0x60,
    0x1e, 0x20, 0x60, 0xc, 0x63, 0x60, 0x1e, 0xb0,
    0x30, 0xe, 0x83, 0x50, 0xc, 0xc6, 0xe0, 0x1e,
    0x65, 0xa9, 0x55, 0x54, 0xa4, 0x0, 0x7d, 0x52,
    0xb5, 0x46, 0x9b, 0x0, 0x0,

    /* U+042F "Я" */
    0x1, 0x9d, 0xff, 0xd0, 0x1e, 0xcb, 0x57, 0x40,
    0x6, 0x18, 0x82, 0xa2, 0x80, 0x38, 0xc, 0x3,
    0xde, 0x2, 0x1, 0xe6, 0xb, 0x41, 0x1, 0x0,
    0xe, 0xad, 0xf7, 0xf0, 0x4, 0x54, 0x9, 0x96,
    0x1, 0xac, 0x28, 0xd0, 0x2, 0x55, 0x48, 0x80,
    0x61, 0xb4, 0x60, 0xe, 0x81, 0x90, 0xf, 0x0,

    /* U+0430 "а" */
    0x2, 0xae, 0xfd, 0x90, 0x9, 0x8a, 0xf2, 0xd3,
    0x0, 0x9, 0xa, 0x6d, 0xc6, 0x40, 0x7, 0xce,
    0xfc, 0x7, 0x8, 0x85, 0x6e, 0xb0, 0x2, 0x67,
    0x63, 0x20, 0xc, 0x3e, 0x1, 0x58, 0x4, 0x94,
    0x40, 0xcc, 0x0, 0xa9, 0xf3, 0xf7, 0x40, 0x0,

    /* U+0431 "б" */
    0x0, 0xf8, 0x40, 0x33, 0x67, 0x7f, 0x10, 0x2,
    0xe5, 0x37, 0x34, 0x81, 0xd2, 0xe0, 0xcc, 0x40,
    0x9, 0x64, 0x0, 0xe1, 0x1a, 0xfb, 0xec, 0xc0,
    0x27, 0x75, 0xd3, 0xe1, 0x0, 0x7, 0x15, 0x5a,
    0x10, 0x20, 0xe0, 0x10, 0xaa, 0x0, 0x4, 0x3,
    0x18, 0x80, 0x88, 0x3, 0x18, 0x82, 0x38, 0x4,
    0x2a, 0x81, 0x3, 0x8a, 0xac, 0x8, 0x2, 0xc7,
    0xaa, 0x36, 0x10,

    /* U+0432 "в" */
    0x8f, 0xfb, 0xac, 0x80, 0x3, 0xba, 0xa6, 0xf0,
    0x8, 0x88, 0x96, 0x40, 0x1c, 0x34, 0x60, 0x1,
    0xff, 0x71, 0x78, 0x0, 0x77, 0x58, 0x98, 0x40,
    0x2, 0x21, 0xd8, 0x20, 0x0, 0x88, 0x70, 0x4,
    0x3, 0xba, 0xc5, 0xa4,

    /* U+0433 "г" */
    0x8f, 0xfe, 0xa0, 0x1d, 0xdd, 0x60, 0x2, 0x2c,
    0x20, 0x1f, 0xfd, 0xe0,

    /* U+0434 "д" */
    0x0, 0xb7, 0xff, 0x84, 0x3, 0x97, 0x75, 0x0,
    0x1f, 0x19, 0x14, 0x1, 0xe3, 0x0, 0xff, 0xf,
    0x0, 0x7e, 0x20, 0x30, 0xf, 0xca, 0xa, 0x1,
    0xf2, 0x42, 0x19, 0x14, 0x4, 0x5, 0x60, 0x9b,
    0xb4, 0x6, 0x18, 0x3, 0xff, 0xe1, 0x0, 0xff,
    0xe0, 0x16, 0x0, 0x7d, 0xa6,

    /* U+0435 "е" */
    0x0, 0x15, 0xff, 0xb0, 0xc0, 0x5, 0xaf, 0x56,
    0xd8, 0x61, 0x23, 0x8a, 0x94, 0x52, 0x8, 0xc0,
    0x19, 0x50, 0x41, 0xff, 0xf3, 0x88, 0x81, 0xb7,
    0x7c, 0x8, 0x82, 0x2f, 0x4, 0x96, 0x32, 0x2c,
    0x40, 0xb, 0x5a, 0x2e, 0xc7, 0x80,

    /* U+0436 "ж" */
    0x8, 0xf2, 0x0, 0x47, 0x0, 0x57, 0xa2, 0x10,
    0xb8, 0x40, 0x1d, 0x2b, 0xe2, 0x0, 0xa5, 0xf1,
    0x0, 0xa1, 0xb4, 0x80, 0x35, 0x16, 0x80, 0x19,
    0xe0, 0xc0, 0x3a, 0x44, 0x4e, 0x32, 0x72, 0x1,
    0xc6, 0xf7, 0x82, 0x13, 0x81, 0x20, 0x1b, 0xd1,
    0x45, 0x85, 0x82, 0x99, 0x0, 0xe, 0x74, 0x1,
    0xe4, 0x59, 0x2, 0x89, 0x10, 0xf, 0xac, 0xe0,

    /* U+0437 "з" */
    0x7d, 0xff, 0x62, 0x1, 0x45, 0xd9, 0xac, 0x95,
    0x48, 0x8c, 0x6, 0x4, 0xff, 0x4a, 0x20, 0x13,
    0x2d, 0xb0, 0x2, 0x34, 0x99, 0x28, 0x7, 0xe,
    0xd2, 0x9a, 0xe0, 0x58, 0x5e, 0x5b, 0xd9, 0x80,

    /* U+0438 "и" */
    0x8e, 0x0, 0x8f, 0xfc, 0x1, 0xde, 0x1, 0xe5,
    0x36, 0x0, 0xeb, 0x7e, 0x0, 0xd0, 0x10, 0x1,
    0x89, 0xec, 0x3, 0xa4, 0xd4, 0x3, 0xa, 0x70,
    0x7, 0x98, 0x80, 0x30,

    /* U+0439 "й" */
    0x1, 0xd1, 0x8, 0x80, 0x0, 0x57, 0xbd, 0x64,
    0x2, 0x8f, 0xed, 0x10, 0x8e, 0x0, 0x9, 0xff,
    0x80, 0x3b, 0xc0, 0x3c, 0xa6, 0xc0, 0x1d, 0x6f,
    0xc0, 0x1a, 0x2, 0x0, 0x31, 0x3d, 0x80, 0x74,
    0x9a, 0x80, 0x61, 0x4e, 0x0, 0xf3, 0x10, 0x6,

    /* U+043A "к" */
    0x8e, 0x0, 0xa3, 0xd0, 0x3, 0x9d, 0xd6, 0x80,
    0x19, 0xe2, 0x90, 0x3, 0x34, 0x3a, 0x80, 0x61,
    0x93, 0x71, 0x0, 0xe9, 0xc2, 0xa0, 0xc, 0x2c,
    0x1c, 0x8c, 0x1, 0xe3, 0x89, 0x20, 0xf, 0x39,
    0xf0, 0x0,

    /* U+043B "л" */
    0x0, 0xbf, 0xfb, 0x80, 0x33, 0xee, 0x98, 0x3,
    0xb8, 0x88, 0x20, 0x10, 0x80, 0x7e, 0x30, 0x20,
    0xf, 0x30, 0x30, 0x7, 0xb4, 0x48, 0x3, 0xc,
    0xb4, 0x80, 0x73, 0xa4, 0xb8, 0x7, 0x0,

    /* U+043C "м" */
    0x8f, 0xc0, 0xd, 0x5f, 0x40, 0x3, 0x20, 0x0,
    0xa8, 0x80, 0x5, 0x6c, 0x1, 0x28, 0x60, 0x14,
    0xb0, 0x1, 0xbc, 0x3, 0x19, 0x32, 0x82, 0x0,
    0x75, 0xdb, 0xa4, 0x3, 0xcc, 0x48, 0xc0, 0x1f,
    0x66, 0x4, 0x3, 0xe3, 0x30, 0x6,

    /* U+043D "н" */
    0x8e, 0x0, 0xcf, 0xe0, 0x1f, 0xfd, 0x11, 0xff,
    0xd0, 0x1, 0xe, 0xee, 0x70, 0xc, 0x45, 0xbc,
    0x3, 0xff, 0x90,

    /* U+043E "о" */
    0x0, 0x26, 0x7f, 0xac, 0x80, 0x9, 0x6f, 0x74,
    0xd8, 0x21, 0x5, 0x68, 0xb8, 0x30, 0x6, 0xa0,
    0x10, 0xa2, 0x4, 0x38, 0x3, 0x9, 0x88, 0x70,
    0x6, 0x13, 0x3, 0x50, 0x8, 0x51, 0x1, 0x5,
    0x6a, 0xac, 0x18, 0x4, 0xb7, 0xaa, 0x36, 0x8,

    /* U+043F "п" */
    0x8f, 0xff, 0x80, 0x3, 0xbb, 0x9c, 0x3, 0x11,
    0x6f, 0x0, 0xff, 0xf6, 0x0,

    /* U+0440 "р" */
    0x8e, 0x4d, 0xfe, 0x70, 0x8, 0x67, 0xbe, 0x20,
    0xc0, 0x14, 0x98, 0x33, 0x20, 0x2, 0x40, 0xb,
    0x44, 0x80, 0x40, 0x33, 0x80, 0x80, 0x80, 0x66,
    0x1, 0x0, 0x30, 0x5, 0xc2, 0x40, 0x8, 0x74,
    0x94, 0x80, 0x0, 0xed, 0xd9, 0xe1, 0x80, 0x23,
    0xcf, 0xe7, 0x0, 0xff, 0xe4, 0x0,

    /* U+0441 "с" */
    0x0, 0x15, 0x77, 0xeb, 0x81, 0xeb, 0xdd, 0xdc,
    0x10, 0x3a, 0xa8, 0xd2, 0x8, 0xc0, 0x1c, 0x21,
    0xe0, 0x1c, 0x21, 0xe0, 0x1e, 0x46, 0x0, 0xf4,
    0xe, 0xb2, 0x34, 0x81, 0xe3, 0x4d, 0xdb, 0x80,

    /* U+0442 "т" */
    0x8f, 0xff, 0xb6, 0x77, 0x58, 0x11, 0xba, 0xf1,
    0x22, 0x18, 0x9, 0x14, 0x1, 0xff, 0xea,

    /* U+0443 "у" */
    0x5f, 0x30, 0xd, 0x78, 0xa3, 0x40, 0x11, 0x25,
    0x4, 0xb0, 0x5, 0x40, 0xc0, 0xc0, 0xc0, 0x6,
    0x60, 0x0, 0x56, 0x81, 0x46, 0xc0, 0x29, 0x33,
    0x49, 0x90, 0x4, 0x65, 0xe7, 0x20, 0x1d, 0x66,
    0x2a, 0x1, 0xce, 0xc, 0x1, 0xe7, 0xa, 0x0,
    0xc4, 0x90, 0x84, 0x1, 0xa6, 0xca, 0x80, 0x30,

    /* U+0444 "ф" */
    0x0, 0xf7, 0x48, 0x7, 0xff, 0x55, 0xfb, 0x8c,
    0x0, 0xaf, 0xd3, 0x0, 0x2c, 0x35, 0x68, 0xb1,
    0x5b, 0x60, 0x84, 0xac, 0x25, 0x8a, 0xc2, 0x58,
    0x30, 0x1e, 0x80, 0x63, 0x0, 0x8f, 0x44, 0x4,
    0x3, 0xf3, 0xb0, 0x80, 0x80, 0x7e, 0x77, 0x1,
    0x60, 0x6, 0x30, 0x0, 0x99, 0x82, 0x12, 0x12,
    0xc5, 0x61, 0x28, 0x24, 0x16, 0x1a, 0xb4, 0x58,
    0x6d, 0xac, 0x40, 0xf, 0xdc, 0x60, 0x4, 0xfe,
    0xa0, 0x7, 0xff, 0x3c,

    /* U+0445 "х" */
    0xd, 0xc0, 0x9, 0x3d, 0x83, 0x8e, 0x0, 0x69,
    0x18, 0xe, 0x1d, 0x28, 0x28, 0x2, 0x74, 0xb4,
    0xa1, 0x0, 0xdc, 0x6, 0x80, 0x18, 0x6c, 0xcc,
    0xc0, 0x1a, 0x83, 0x5e, 0x48, 0x0, 0xe9, 0xa3,
    0x7, 0xe0, 0x70, 0xe6, 0x0, 0xe2, 0x90,

    /* U+0446 "ц" */
    0x8e, 0x0, 0xcf, 0xe0, 0x1f, 0xff, 0x42, 0x2d,
    0xe0, 0x40, 0x1, 0xdd, 0xce, 0x1a, 0x51, 0xff,
    0xf0, 0x7, 0xff, 0x23, 0x8,

    /* U+0447 "ч" */
    0xd9, 0x0, 0x9f, 0xc0, 0x3e, 0x13, 0x0, 0xe5,
    0x42, 0x0, 0xd0, 0x5b, 0xfe, 0x80, 0x1c, 0xed,
    0xd3, 0x80, 0x42, 0x44, 0xf0, 0xf, 0xfe, 0x18,

    /* U+0448 "ш" */
    0x8e, 0x0, 0x9b, 0xc0, 0x24, 0xf3, 0x0, 0xff,
    0xff, 0x80, 0x71, 0x14, 0x20, 0x64, 0x41, 0x0,
    0x87, 0x76, 0x80, 0xcd, 0xd5, 0x0, 0x0,

    /* U+0449 "щ" */
    0x8e, 0x0, 0x9b, 0xc0, 0x24, 0xf3, 0x0, 0xff,
    0xff, 0x80, 0x7f, 0xf0, 0x8, 0xa1, 0x3, 0x22,
    0x8, 0x30, 0x0, 0x77, 0x68, 0xc, 0xdd, 0x50,
    0x52, 0xc7, 0xff, 0xfc, 0x40, 0x1f, 0xfc, 0xff,
    0x40,

    /* U+044A "ъ" */
    0x8f, 0xfb, 0x0, 0x3d, 0x3b, 0xa4, 0x0, 0xf8,
    0x48, 0x82, 0x1, 0xff, 0xca, 0x3f, 0xf7, 0x5a,
    0x0, 0x71, 0xee, 0xa8, 0x2c, 0x40, 0x38, 0x88,
    0x90, 0xa, 0x1, 0xc4, 0x43, 0x80, 0x60, 0xc,
    0x7b, 0xac, 0x7b, 0x20,

    /* U+044B "ы" */
    0x8e, 0x0, 0xf1, 0xf9, 0x80, 0x7f, 0xf5, 0x87,
    0xfd, 0xd8, 0xa0, 0x1c, 0x3b, 0xb3, 0x51, 0x80,
    0x71, 0x10, 0xec, 0x14, 0x3, 0x88, 0x87, 0x0,
    0xa0, 0x18, 0x77, 0x58, 0xb4, 0x60, 0x10,

    /* U+044C "ь" */
    0x8e, 0x0, 0xff, 0xe9, 0x8f, 0xfb, 0xb1, 0x40,
    0x3, 0xbb, 0x35, 0x18, 0x0, 0x88, 0x76, 0xa,
    0x0, 0x22, 0x1c, 0x2, 0x80, 0xee, 0xb1, 0x68,
    0xc0,

    /* U+044D "э" */
    0xa, 0xef, 0xd8, 0x0, 0x8, 0x5d, 0xa9, 0xf0,
    0x6, 0x95, 0x1e, 0x8d, 0x80, 0x39, 0x47, 0x40,
    0xbf, 0xf0, 0xb8, 0x16, 0xee, 0x27, 0x0, 0x11,
    0x40, 0x58, 0x32, 0xa8, 0xf8, 0x4e, 0x27, 0x76,
    0x97, 0xc0,

    /* U+044E "ю" */
    0x7f, 0x0, 0xa3, 0x7f, 0xa0, 0x3, 0xd6, 0xeb,
    0x72, 0xf6, 0x1, 0x8d, 0x1e, 0x11, 0xe5, 0x10,
    0x0, 0xfc, 0xb, 0x0, 0x98, 0x30, 0x1, 0x90,
    0x4, 0x1, 0xc2, 0x0, 0x34, 0x2, 0x0, 0xe1,
    0x0, 0x8c, 0x68, 0x2, 0x60, 0xc0, 0xd, 0xd,
    0x8, 0xf2, 0x88, 0x0, 0xcd, 0x2b, 0x72, 0xf6,
    0x0,

    /* U+044F "я" */
    0x0, 0x36, 0xff, 0xe4, 0x4, 0x94, 0xcd, 0xb0,
    0x8, 0xc2, 0x4c, 0x98, 0x2, 0x20, 0x60, 0xf,
    0x2b, 0x4f, 0xfb, 0x40, 0x34, 0xa1, 0xed, 0x0,
    0x66, 0x4e, 0x27, 0x0, 0x8a, 0x60, 0x80, 0x3b,
    0x8d, 0xc0, 0x38,

    /* U+0450 "ѐ" */
    0x0, 0x47, 0x8, 0x7, 0xa1, 0x6c, 0x3, 0xeb,
    0x66, 0x0, 0x7d, 0x8c, 0x1, 0xc5, 0x7f, 0xec,
    0x30, 0x1, 0x6b, 0xd5, 0xb6, 0x18, 0x48, 0xe2,
    0xa5, 0x14, 0x82, 0x30, 0x6, 0x54, 0x10, 0x7f,
    0xfc, 0xe2, 0x20, 0x6d, 0xdf, 0x2, 0x20, 0x8b,
    0xc1, 0x25, 0x8c, 0x8b, 0x10, 0x2, 0xd6, 0x8b,
    0xb1, 0xe0,

    /* U+0451 "ё" */
    0x0, 0xc, 0xa0, 0x4a, 0x0, 0x46, 0xc6, 0x2d,
    0x80, 0x11, 0x7b, 0x8f, 0xc0, 0x7, 0xff, 0x0,
    0xaf, 0xfd, 0x86, 0x0, 0x2d, 0x7a, 0xb6, 0xc3,
    0x9, 0x1c, 0x54, 0xa2, 0x90, 0x46, 0x0, 0xca,
    0x82, 0xf, 0xff, 0x9c, 0x44, 0xd, 0xbb, 0xe0,
    0x44, 0x11, 0x78, 0x24, 0xb1, 0x91, 0x62, 0x0,
    0x5a, 0xd1, 0x76, 0x3c,

    /* U+0452 "ђ" */
    0x0, 0x18, 0x7, 0xe4, 0xc3, 0x0, 0xff, 0xe7,
    0x55, 0x86, 0x7f, 0xcc, 0x0, 0xba, 0xb, 0xdd,
    0x98, 0x0, 0x22, 0x7, 0x22, 0x80, 0x3c, 0xf5,
    0xfe, 0xa1, 0x0, 0xd2, 0x57, 0x2b, 0x60, 0x19,
    0x61, 0x19, 0xd4, 0x3, 0x60, 0x5, 0xc0, 0x20,
    0x13, 0x80, 0x7f, 0xf0, 0x7c, 0x84, 0x13, 0xcc,
    0x0, 0x4d, 0x0, 0x1e, 0x2f, 0x55, 0x0, 0x71,
    0xea, 0x50, 0x7, 0x8b, 0xa4, 0x2,

    /* U+0453 "ѓ" */
    0x0, 0xc7, 0xe8, 0x1, 0xe, 0xca, 0x0, 0x56,
    0xec, 0x1, 0xaa, 0x40, 0x11, 0xff, 0xd4, 0x3,
    0xbb, 0xac, 0x0, 0x45, 0x84, 0x3, 0xff, 0xbc,

    /* U+0454 "є" */
    0x0, 0x15, 0x77, 0xeb, 0x81, 0xeb, 0xdd, 0xda,
    0x10, 0x38, 0xa8, 0xd4, 0x8, 0xe2, 0x1, 0x84,
    0x1b, 0xfe, 0xd0, 0x10, 0x6d, 0xdb, 0xc0, 0x8,
    0x82, 0x2c, 0x0, 0x82, 0xc5, 0x46, 0x80, 0x3c,
    0x7a, 0xbb, 0x78,

    /* U+0455 "ѕ" */
    0x1, 0xae, 0xfe, 0xb0, 0x6, 0xbd, 0xe5, 0x90,
    0x81, 0xda, 0x9a, 0xc8, 0x81, 0xc3, 0x10, 0x6,
    0xd7, 0x8d, 0xe7, 0x0, 0xc, 0xf6, 0xb4, 0x28,
    0x6, 0x28, 0xd, 0x1c, 0x64, 0x44, 0x85, 0x8a,
    0xdd, 0xcb, 0x66,

    /* U+0456 "і" */
    0x7f, 0x13, 0x6c, 0x7f, 0x0, 0xff, 0xe2, 0x0,

    /* U+0457 "ї" */
    0x1f, 0x80, 0xf8, 0x16, 0xc0, 0x6d, 0x9, 0x40,
    0x95, 0x0, 0x3f, 0x80, 0x7f, 0xf9, 0x80,

    /* U+0458 "ј" */
    0x0, 0x36, 0x0, 0x4, 0xc0, 0xf, 0xe0, 0x1e,
    0x7f, 0x0, 0xff, 0xeb, 0x78, 0x89, 0x15, 0x16,
    0xda, 0x0,

    /* U+0459 "љ" */
    0x0, 0xbf, 0xfa, 0x80, 0x3f, 0x9f, 0x74, 0x60,
    0x1f, 0xee, 0x22, 0x0, 0x7f, 0x8, 0x7, 0xff,
    0x4, 0xc0, 0xc0, 0x25, 0xfe, 0xc5, 0x0, 0x98,
    0x1c, 0x2, 0x4d, 0xd3, 0x51, 0x80, 0x34, 0x48,
    0x2, 0x12, 0x3b, 0x4, 0x18, 0x69, 0x0, 0xc2,
    0x47, 0x0, 0x8e, 0xb2, 0xe0, 0x19, 0x37, 0x16,
    0x8c,

    /* U+045A "њ" */
    0x8e, 0x0, 0xdb, 0x20, 0x1f, 0xfe, 0x11, 0xff,
    0xc4, 0xdf, 0xd8, 0x80, 0x1, 0xdd, 0xc4, 0xbb,
    0xa6, 0xb2, 0x0, 0x11, 0x60, 0x32, 0x38, 0x4,
    0x0, 0xf8, 0xc8, 0xe0, 0x14, 0x3, 0xe5, 0xdc,
    0x6a, 0x30,

    /* U+045B "ћ" */
    0x0, 0x18, 0x7, 0xe4, 0xc3, 0x0, 0xff, 0xe7,
    0x55, 0x86, 0x7f, 0xcc, 0x0, 0xba, 0xb, 0xdd,
    0x98, 0x0, 0x22, 0x7, 0x22, 0x80, 0x3c, 0xf5,
    0xfe, 0xa0, 0xe, 0x92, 0xb9, 0x59, 0x0, 0xcb,
    0x8, 0xce, 0xc0, 0x1b, 0x0, 0x2e, 0x0, 0xe7,
    0x0, 0x8c, 0x4, 0x3, 0xfc,

    /* U+045C "ќ" */
    0x0, 0xcd, 0xc4, 0x1, 0xc5, 0x34, 0x40, 0x1d,
    0xf2, 0x80, 0x1e, 0xd6, 0x0, 0xd1, 0xc0, 0x14,
    0x7a, 0x0, 0x73, 0xba, 0xd0, 0x3, 0x3c, 0x52,
    0x0, 0x66, 0x87, 0x50, 0xc, 0x32, 0x6e, 0x20,
    0x1d, 0x38, 0x54, 0x1, 0x85, 0x83, 0x91, 0x80,
    0x3c, 0x71, 0x24, 0x1, 0xe7, 0x3e, 0x0,

    /* U+045D "ѝ" */
    0x8, 0xe1, 0x0, 0xe8, 0x4a, 0x0, 0xf5, 0x3b,
    0x0, 0x7b, 0x18, 0x2, 0x8e, 0x0, 0x8f, 0xfc,
    0x1, 0xde, 0x1, 0xe5, 0x36, 0x0, 0xeb, 0x7e,
    0x0, 0xd0, 0x10, 0x1, 0x89, 0xec, 0x3, 0xa4,
    0xd4, 0x3, 0xa, 0x70, 0x7, 0x98, 0x80, 0x30,

    /* U+045E "ў" */
    0x0, 0x29, 0x0, 0x18, 0x40, 0x22, 0xb0, 0x38,
    0x10, 0x9, 0x97, 0xf2, 0xc0, 0x30, 0xe7, 0x7a,
    0x80, 0x17, 0xcc, 0x4, 0x1, 0x78, 0xa3, 0x40,
    0x11, 0x25, 0x4, 0xb0, 0x5, 0x40, 0xc0, 0xc0,
    0xc0, 0x6, 0x60, 0x0, 0x56, 0x81, 0x46, 0xc0,
    0x29, 0x33, 0x49, 0x90, 0x4, 0x65, 0xe7, 0x20,
    0x1d, 0x66, 0x2a, 0x1, 0xce, 0xc, 0x1, 0xe7,
    0xa, 0x0, 0xc4, 0x90, 0x84, 0x1, 0xa6, 0xca,
    0x80, 0x30,

    /* U+045F "џ" */
    0x8e, 0x0, 0xcf, 0xe0, 0x1f, 0xfe, 0xd2, 0x2d,
    0xe0, 0x10, 0xee, 0xe7, 0x0, 0x47, 0xfa, 0x8b,
    0xfe, 0x0, 0xff, 0x0,

    /* U+0490 "Ґ" */
    0x0, 0xf4, 0x68, 0x7, 0xe6, 0xff, 0xe7, 0x0,
    0xa6, 0xab, 0x48, 0x1, 0x15, 0x72, 0x0, 0x7f,
    0xff, 0x0,

    /* U+0491 "ґ" */
    0x0, 0xe8, 0xa0, 0xf, 0xa3, 0xff, 0x38, 0x0,
    0x77, 0x75, 0x80, 0x8, 0xb0, 0x80, 0x7f, 0xf7,
    0x80,

    /* U+060C "،" */
    0x2, 0xc0, 0x96, 0x24, 0xc6, 0x3,

    /* U+061B "؛" */
    0x4, 0xd0, 0x84, 0x33, 0x78, 0x11, 0xf, 0x50,
    0x3, 0xf9, 0x3d, 0x40, 0x20,

    /* U+061F "؟" */
    0x8, 0xef, 0xd8, 0x17, 0x7a, 0xa8, 0xaf, 0x65,
    0x2a, 0xfa, 0xee, 0x30, 0xc, 0x30, 0x34, 0x1,
    0x8e, 0xd6, 0x40, 0x32, 0x53, 0x18, 0x6, 0x40,
    0x50, 0xc, 0x24, 0x60, 0x1d, 0xaa, 0x1, 0x87,
    0xdc, 0x3, 0xf8,

    /* U+0621 "ء" */
    0x0, 0xfa, 0x7f, 0xd2, 0xc, 0xd5, 0x68, 0x61,
    0x4a, 0xa0, 0x11, 0x10, 0x4, 0x52, 0xb7, 0xfc,
    0x48, 0xc0, 0x30, 0x78, 0xd7, 0xce, 0x0,

    /* U+0622 "آ" */
    0x19, 0x40, 0x19, 0x9, 0xce, 0xda, 0xc0, 0x85,
    0xad, 0xb5, 0x0, 0x9f, 0xc0, 0x3f, 0xff, 0xe0,
    0x1c,

    /* U+0623 "أ" */
    0x9, 0xc3, 0x12, 0xc3, 0x16, 0xb6, 0x1a, 0x86,
    0x10, 0xc0, 0xf, 0xff, 0x8,

    /* U+0624 "ؤ" */
    0x0, 0x97, 0x1c, 0x3, 0xa7, 0x1c, 0x3, 0x96,
    0x9c, 0x3, 0x88, 0xcc, 0x1, 0xd7, 0x28, 0x1,
    0xd1, 0xda, 0x80, 0x13, 0x3a, 0xd, 0x88, 0x3,
    0xc6, 0xb4, 0x1c, 0x1, 0xe3, 0x4e, 0x2, 0x0,
    0x67, 0x74, 0x80, 0x74, 0x6d, 0x81, 0x80, 0x62,
    0xa1, 0x41, 0x24, 0x8c, 0x1d, 0xb, 0xdb, 0x74,
    0xd3, 0x9, 0xbd, 0xfa, 0x20, 0x0,

    /* U+0625 "إ" */
    0x7, 0xf0, 0xf, 0xff, 0x17, 0x19, 0x84, 0xb0,
    0xc5, 0xad, 0x86, 0xe5, 0x80,

    /* U+0626 "ئ" */
    0x1, 0xbb, 0x0, 0x7e, 0x7d, 0xb0, 0xf, 0xcb,
    0x16, 0x40, 0x1f, 0xae, 0x49, 0xb7, 0xf9, 0xc0,
    0x6, 0xa4, 0x92, 0x97, 0x30, 0x80, 0x18, 0x43,
    0x91, 0xf9, 0x4, 0x80, 0xa, 0xd1, 0xd0, 0x21,
    0xb0, 0x1, 0x4e, 0xcb, 0x58, 0x1e, 0x80, 0x62,
    0x74, 0x40, 0x15, 0x80, 0x62, 0x95, 0x60, 0x93,
    0xfc, 0xc7, 0xeb, 0x32, 0x41, 0x35, 0xdc, 0xcf,
    0x5d, 0x20, 0x0,

    /* U+0627 "ا" */
    0x7f, 0x0, 0xff, 0xe5, 0x0,

    /* U+0628 "ب" */
    0x0, 0xff, 0x95, 0x57, 0x60, 0xf, 0xec, 0x94,
    0xc0, 0xf, 0xe5, 0x72, 0xc0, 0xf, 0x8a, 0x8f,
    0xe1, 0x36, 0x19, 0x91, 0x5b, 0xa4, 0xa4, 0x5c,
    0x76, 0x99, 0x33, 0x12, 0xb9, 0x40, 0x7, 0x5d,
    0xfe, 0xec, 0x95, 0x0, 0xfd, 0x12, 0x1, 0xff,
    0x4c, 0x0, 0x78,

    /* U+0629 "ة" */
    0xf, 0x3f, 0x10, 0xb, 0x4f, 0x44, 0x2, 0x21,
    0x20, 0x8, 0xbb, 0x9a, 0xa0, 0x8, 0xa, 0x7a,
    0x70, 0x77, 0x2d, 0x44, 0x4, 0xc4, 0x0, 0x80,
    0x4a, 0xcd, 0x70, 0x9c, 0xac, 0xc2, 0x78, 0x0,

    /* U+062A "ت" */
    0x0, 0xd1, 0x53, 0x20, 0xe, 0x57, 0x0, 0x4d,
    0xc4, 0x0, 0x29, 0xcb, 0xf0, 0x0, 0x8e, 0x0,
    0x88, 0x0, 0x40, 0x1f, 0x9d, 0x2e, 0x57, 0x61,
    0x98, 0xf3, 0x9f, 0xe, 0xf5, 0xbb, 0x4c, 0xca,
    0xa9, 0xe8, 0x0,

    /* U+062B "ث" */
    0x0, 0xe8, 0x90, 0xf, 0xfa, 0x60, 0x3, 0xfd,
    0x17, 0x12, 0x1, 0xca, 0xe0, 0x9, 0xb8, 0x80,
    0x5, 0x39, 0x7e, 0x0, 0x11, 0xc0, 0x11, 0x0,
    0x8, 0x3, 0xf3, 0xa5, 0xca, 0xec, 0x33, 0x1e,
    0x73, 0xe1, 0xde, 0xb7, 0x69, 0x99, 0x55, 0x3d,
    0x0,

    /* U+062C "ج" */
    0x0, 0xff, 0x3e, 0x7f, 0xed, 0x80, 0x7, 0x25,
    0x20, 0xb, 0x70, 0x2, 0x63, 0x92, 0x3a, 0xd8,
    0x2, 0x74, 0xb7, 0x0, 0xf4, 0x3a, 0x0, 0x79,
    0x2, 0x80, 0x4, 0x1, 0x88, 0x8, 0x1, 0xa6,
    0x1, 0x18, 0x10, 0x3, 0xcc, 0x2, 0x40, 0xb0,
    0xf, 0x86, 0x1a, 0x90, 0x44, 0x94, 0x80, 0xf4,
    0xf7, 0xdc, 0xb6, 0x60, 0x1, 0x77, 0xb3, 0x1d,
    0x84,

    /* U+062D "ح" */
    0x0, 0xff, 0x4f, 0x73, 0x7f, 0xdd, 0x20, 0xd,
    0xfd, 0x1, 0x7a, 0x80, 0x2, 0x16, 0x3f, 0x42,
    0x8, 0x5, 0xe7, 0x40, 0x1e, 0x33, 0x78, 0x7,
    0xca, 0x6, 0x1, 0xf1, 0x80, 0x80, 0x7c, 0x81,
    0x20, 0x1f, 0xb, 0xba, 0x4c, 0x44, 0x92, 0x81,
    0x12, 0x99, 0xdc, 0xb5, 0x60, 0x3, 0x6f, 0x66,
    0x3b, 0x8,

    /* U+062E "خ" */
    0x0, 0x9e, 0x80, 0x3f, 0x35, 0x80, 0x7e, 0x11,
    0x0, 0x74, 0xf7, 0x37, 0xfd, 0xd2, 0x0, 0xdf,
    0xd0, 0x17, 0xa8, 0x0, 0x21, 0x63, 0xf4, 0x20,
    0x80, 0x5e, 0x74, 0x1, 0xe3, 0x37, 0x80, 0x7c,
    0xa0, 0x60, 0x1f, 0x18, 0x8, 0x7, 0xc8, 0x12,
    0x1, 0xf0, 0xbb, 0xa4, 0xc4, 0x49, 0x28, 0x11,
    0x29, 0x9d, 0xcb, 0x56, 0x0, 0x36, 0xf6, 0x63,
    0xb0, 0x80,

    /* U+062F "د" */
    0x0, 0x17, 0x50, 0x6, 0x2d, 0x57, 0x0, 0xc6,
    0xd2, 0x1, 0xd8, 0x24, 0x1, 0x88, 0xc, 0x25,
    0xaa, 0x10, 0x41, 0x25, 0x1a, 0xc0,

    /* U+0630 "ذ" */
    0x0, 0x3d, 0x80, 0x73, 0x50, 0x7, 0x88, 0x3,
    0xdd, 0x80, 0x18, 0x7c, 0xe0, 0x3, 0x13, 0xb0,
    0x7, 0x60, 0x90, 0x6, 0xc0, 0x30, 0x97, 0xa7,
    0x41, 0x4, 0x84, 0x7b, 0x0,

    /* U+0631 "ر" */
    0x0, 0xf5, 0x28, 0x7, 0x87, 0xc0, 0x3c, 0x22,
    0x0, 0xf3, 0x8, 0x7, 0x19, 0xb0, 0x3, 0x26,
    0x93, 0xa, 0x36, 0x59, 0xf8, 0x5d, 0xa4, 0x27,
    0x48, 0x27, 0x3b, 0x18, 0x2,

    /* U+0632 "ز" */
    0x0, 0xe1, 0xf0, 0xf, 0xe, 0x80, 0x7c, 0x40,
    0x1f, 0x63, 0x80, 0x79, 0xf0, 0x3, 0xc2, 0x1,
    0xf3, 0x88, 0x7, 0x21, 0x78, 0x6, 0x4b, 0x25,
    0x14, 0x6c, 0xb2, 0xf0, 0xbb, 0x48, 0x4e, 0x90,
    0x4e, 0x76, 0x30, 0x4,

    /* U+0633 "س" */
    0x0, 0xff, 0xe1, 0x9f, 0x98, 0x7, 0xdb, 0x20,
    0x4, 0xf2, 0x0, 0xff, 0x91, 0x0, 0x2, 0x1,
    0x7, 0x0, 0x2f, 0x88, 0x6, 0xf2, 0x30, 0xc0,
    0xb0, 0x20, 0x29, 0x41, 0x0, 0xf6, 0xda, 0x9b,
    0xdc, 0x98, 0x91, 0x80, 0x77, 0x81, 0x22, 0x35,
    0x51, 0x1a, 0x2, 0x1, 0xc6, 0xcb, 0x9f, 0x63,
    0x5f, 0x62, 0x8, 0xca, 0x44, 0x7c, 0x18, 0x0,
    0xfe, 0x93, 0xad, 0xd4, 0x26, 0x10, 0x7, 0xf1,
    0x6e, 0xae, 0xdd, 0x64, 0x1, 0xfe,

    /* U+0634 "ش" */
    0x0, 0xfe, 0x3e, 0x0, 0xff, 0xe2, 0x1e, 0x0,
    0x7f, 0xf0, 0xcf, 0x9b, 0x80, 0x3f, 0xf8, 0x47,
    0x89, 0x80, 0x10, 0xb0, 0x80, 0x7c, 0x42, 0x40,
    0x44, 0x0, 0x14, 0x90, 0x7, 0xdd, 0x0, 0x5,
    0xd2, 0x0, 0xe1, 0x0, 0xe4, 0x40, 0x0, 0xc0,
    0x41, 0xc0, 0x5b, 0x84, 0x3, 0x71, 0x18, 0x60,
    0x50, 0x18, 0x1d, 0x28, 0x80, 0x7b, 0x2d, 0x4d,
    0xae, 0x10, 0x48, 0x80, 0x1d, 0x80, 0x68, 0x8d,
    0x54, 0x45, 0x0, 0x7c, 0x8a, 0xac, 0xfb, 0x1a,
    0xfb, 0x10, 0x56, 0x52, 0x23, 0xd8, 0xc0, 0x7,
    0xf4, 0x9d, 0x6e, 0xa1, 0x30, 0x80, 0x3f, 0x8b,
    0x75, 0x76, 0xeb, 0x20, 0xf, 0xf0,

    /* U+0635 "ص" */
    0x0, 0xff, 0xe8, 0x8d, 0x7f, 0xb0, 0xc0, 0x3f,
    0xe3, 0xf7, 0x9a, 0xd, 0x0, 0xfd, 0x48, 0x78,
    0xba, 0xcb, 0x22, 0x24, 0xe1, 0x0, 0xcd, 0x1a,
    0x76, 0x0, 0x28, 0x1, 0xe2, 0x10, 0xc, 0xc6,
    0x28, 0xf1, 0x7a, 0x54, 0xe, 0xa0, 0x1c, 0x24,
    0x2f, 0xc, 0xc7, 0xe5, 0x2, 0xe0, 0xe, 0x64,
    0xef, 0xf7, 0x6c, 0x8, 0x0, 0x7c, 0x3, 0x29,
    0x60, 0x7, 0xf3, 0xb9, 0x8c, 0xa2, 0x89, 0x40,
    0x3f, 0xa0, 0xe7, 0x35, 0xd7, 0x0, 0x3f, 0xc3,
    0x9d, 0x97, 0xd4, 0x20, 0x1f, 0xe0,

    /* U+0636 "ض" */
    0x0, 0xfe, 0xe2, 0x0, 0xff, 0xe2, 0x71, 0xd,
    0x7f, 0xb0, 0xc0, 0x3f, 0xe3, 0xf7, 0x9a, 0xd,
    0x0, 0xfd, 0x48, 0x78, 0xba, 0xcb, 0x22, 0x24,
    0xe1, 0x0, 0xcd, 0x1a, 0x76, 0x0, 0x28, 0x1,
    0xe2, 0x10, 0xc, 0xc6, 0x28, 0xf1, 0x7a, 0x54,
    0xe, 0xa0, 0x1c, 0x24, 0x2f, 0xc, 0xc7, 0xe5,
    0x2, 0xe0, 0xe, 0x64, 0xef, 0xf7, 0x6c, 0x8,
    0x0, 0x7c, 0x3, 0x29, 0x60, 0x7, 0xf3, 0xb9,
    0x8c, 0xa2, 0x89, 0x40, 0x3f, 0xa0, 0xe7, 0x35,
    0xd7, 0x0, 0x3f, 0xc3, 0x9d, 0x97, 0xd4, 0x20,
    0x1f, 0xe0,

    /* U+0637 "ط" */
    0x0, 0xbd, 0xc0, 0x3f, 0xff, 0xe0, 0x1c, 0xdb,
    0xfe, 0x90, 0xf, 0xae, 0x5e, 0xe5, 0x9c, 0x3,
    0xad, 0x26, 0x91, 0x8f, 0x40, 0x35, 0x25, 0x30,
    0x1, 0x8c, 0x99, 0xdc, 0x4, 0x53, 0xce, 0xc9,
    0xcc, 0x44, 0x0, 0x28, 0x83, 0xb5, 0x60, 0x80,

    /* U+0638 "ظ" */
    0x0, 0xbd, 0xc0, 0x3f, 0xfd, 0x2b, 0x80, 0x1f,
    0xf2, 0x70, 0x7, 0xfc, 0x29, 0xbf, 0xe9, 0x0,
    0xfa, 0xe5, 0xee, 0x59, 0xc0, 0x3a, 0xd2, 0x69,
    0x18, 0xf4, 0x3, 0x52, 0x53, 0x0, 0x18, 0xc9,
    0x9d, 0xc0, 0x45, 0x3c, 0xec, 0x9c, 0xc4, 0x40,
    0x2, 0x88, 0x3b, 0x56, 0x8,

    /* U+0639 "ع" */
    0x0, 0xff, 0xe0, 0xc7, 0x79, 0x0, 0x76, 0x34,
    0xd1, 0x0, 0x64, 0x3c, 0x75, 0x0, 0xf9, 0x89,
    0xaf, 0x40, 0x24, 0x5b, 0xd9, 0x64, 0x0, 0xc2,
    0xd, 0xba, 0x90, 0xa, 0x52, 0xe4, 0x80, 0x39,
    0x9d, 0x0, 0x3f, 0x68, 0x7, 0xe1, 0xc0, 0xf,
    0xd0, 0xd2, 0x62, 0x23, 0x95, 0x6, 0x94, 0xce,
    0xe6, 0x23, 0x0, 0x1b, 0x7b, 0x31, 0xda, 0x60,

    /* U+063A "غ" */
    0x0, 0xbc, 0x40, 0x3f, 0x68, 0x80, 0x7e, 0xae,
    0xf2, 0x0, 0xec, 0x69, 0xa2, 0x0, 0xc8, 0x78,
    0xea, 0x1, 0xf3, 0x13, 0x5e, 0x80, 0x48, 0xb7,
    0xb2, 0xc8, 0x1, 0x84, 0x1b, 0x75, 0x20, 0x14,
    0xa5, 0xc9, 0x0, 0x73, 0x3a, 0x0, 0x7e, 0xd0,
    0xf, 0xc3, 0x80, 0x1f, 0xa1, 0xa4, 0xc4, 0x47,
    0x2a, 0xd, 0x29, 0x9d, 0xcc, 0x46, 0x0, 0x36,
    0xf6, 0x63, 0xb4, 0xc0,

    /* U+0640 "ـ" */
    0x17, 0x7c, 0xa7, 0x11, 0xc0,

    /* U+0641 "ف" */
    0x0, 0xff, 0xf, 0x88, 0x7, 0xff, 0x0, 0x74,
    0x40, 0x3f, 0xf8, 0x24, 0x1, 0xff, 0xc1, 0xaf,
    0xd2, 0x0, 0xff, 0x4a, 0xb1, 0xe0, 0x7, 0xf9,
    0x16, 0x6c, 0x4c, 0x3, 0xf8, 0x5c, 0x74, 0x1,
    0x74, 0x1, 0xf4, 0x17, 0x30, 0x12, 0x10, 0x7,
    0xc9, 0xf8, 0xa6, 0x28, 0xf0, 0x64, 0x24, 0x44,
    0x6a, 0xc5, 0xe0, 0xb6, 0x7c, 0xde, 0xdd, 0x5c,
    0xb4, 0x71, 0x0, 0x27, 0xf6, 0xee, 0xce, 0xfc,
    0x70, 0x8,

    /* U+0642 "ق" */
    0x0, 0xf2, 0xe3, 0x60, 0x7, 0xe5, 0xe7, 0xe0,
    0xf, 0xc3, 0x3d, 0xc1, 0x0, 0xfa, 0xd1, 0x8a,
    0xc0, 0x3e, 0x56, 0x99, 0x28, 0x7, 0xc4, 0xa3,
    0xc0, 0x40, 0x6a, 0x1, 0x41, 0xf3, 0x80, 0x87,
    0xe0, 0x4, 0xbd, 0xb4, 0x4, 0x7, 0x80, 0x18,
    0x4b, 0x48, 0x48, 0x4, 0x3, 0x8d, 0xac, 0x8,
    0xc, 0x3, 0x26, 0xa3, 0x0, 0x12, 0x54, 0xd6,
    0xad, 0x6c, 0x2, 0xa3, 0xac, 0xa4, 0x8b, 0x0,
    0xc3, 0xb9, 0x79, 0xce, 0x1, 0x80,

    /* U+0643 "ك" */
    0x0, 0xfe, 0xe9, 0x0, 0xff, 0xe7, 0x14, 0xb0,
    0x7, 0xe5, 0xf6, 0x0, 0xfc, 0xe7, 0x0, 0x1f,
    0x15, 0x75, 0x0, 0x7c, 0x55, 0x64, 0x1, 0xa,
    0xa0, 0x7, 0xc3, 0xf1, 0xc0, 0x1e, 0x90, 0x45,
    0x55, 0xba, 0xaa, 0x39, 0x9c, 0xe2, 0x9e, 0x6a,
    0x8c, 0xb7, 0x0,

    /* U+0644 "ل" */
    0x0, 0xf9, 0x3c, 0xc0, 0x3f, 0xff, 0xe0, 0x18,
    0x4d, 0x80, 0x38, 0x40, 0x1f, 0xa0, 0x1d, 0xa0,
    0x42, 0x40, 0x18, 0x99, 0x1, 0x19, 0x82, 0x6f,
    0x83, 0x21, 0x2b, 0x3d, 0x90, 0x9a, 0x40, 0xa,
    0xec, 0xc7, 0xd1, 0x0, 0x0,

    /* U+0645 "م" */
    0x0, 0x8a, 0x1c, 0x40, 0x22, 0xd7, 0x8e, 0x30,
    0x4, 0xf, 0x70, 0x64, 0xd, 0xcc, 0x8c, 0x0,
    0xb8, 0xc7, 0x9a, 0x13, 0x24, 0xbe, 0xdc, 0xe3,
    0x21, 0x0, 0x11, 0x80, 0x7f, 0xf3, 0x80,

    /* U+0646 "ن" */
    0x0, 0x9e, 0x80, 0x3f, 0x35, 0x80, 0x11, 0x40,
    0x30, 0x88, 0x0, 0x34, 0x44, 0x30, 0xe, 0x40,
    0x49, 0xf0, 0xe, 0x10, 0xe6, 0x60, 0x7, 0xe1,
    0x30, 0xe, 0x30, 0xd6, 0x40, 0xe, 0x91, 0x59,
    0x2a, 0x42, 0x4a, 0x58, 0x3, 0xa4, 0xbd, 0xb4,
    0xa6, 0x0, 0x2f, 0x65, 0xef, 0x28, 0x0,

    /* U+0647 "ه" */
    0x0, 0x8, 0x6, 0x2e, 0xe6, 0xa8, 0x2, 0x2,
    0x9e, 0x9c, 0x1d, 0xcb, 0x51, 0x1, 0x31, 0x0,
    0x20, 0x12, 0xb3, 0x5c, 0x27, 0x2b, 0x30, 0x9e,
    0x0,

    /* U+0648 "و" */
    0x0, 0xa3, 0xb5, 0x0, 0x26, 0x74, 0x1b, 0x10,
    0x7, 0x8d, 0x68, 0x38, 0x3, 0xc6, 0x9c, 0x4,
    0x0, 0xce, 0xe9, 0x0, 0xe8, 0xdb, 0x3, 0x0,
    0xc5, 0x42, 0x82, 0x49, 0x18, 0x3a, 0x17, 0xb6,
    0xe9, 0xa6, 0x13, 0x7b, 0xf4, 0x40, 0x0,

    /* U+0649 "ى" */
    0x0, 0xff, 0xe2, 0x36, 0xff, 0x38, 0x7, 0x24,
    0xa5, 0xcc, 0x20, 0x6, 0x10, 0xe4, 0x7e, 0x41,
    0x20, 0x2, 0xb4, 0x74, 0x8, 0x6c, 0x0, 0x53,
    0xb2, 0xd6, 0x7, 0xa0, 0x18, 0x9d, 0x10, 0x5,
    0x60, 0x18, 0xa5, 0x58, 0x24, 0xff, 0x31, 0xfa,
    0xcc, 0x90, 0x4d, 0x77, 0x33, 0xd7, 0x48, 0x0,

    /* U+064A "ي" */
    0x0, 0xff, 0xe2, 0x36, 0xff, 0x38, 0x7, 0x24,
    0xa5, 0xcc, 0x20, 0x7, 0x85, 0x5f, 0x90, 0x90,
    0x0, 0x8e, 0xee, 0xa0, 0x7, 0x70, 0x2, 0x8f,
    0xa4, 0xd0, 0x3d, 0x0, 0xe5, 0x51, 0x82, 0x50,
    0x80, 0x49, 0x49, 0x1, 0x43, 0xdb, 0xdf, 0x63,
    0x6e, 0x3, 0x98, 0x8b, 0xcf, 0xb4, 0x0, 0xc5,
    0x4d, 0x80, 0x1f, 0xe, 0x9e, 0x80, 0x70,

    /* U+064B "ً" */
    0x0, 0xf9, 0x67, 0x34, 0xc8, 0x9b, 0xaf, 0x23,
    0xf, 0xc9, 0x33, 0x14, 0xed, 0x90,

    /* U+064C "ٌ" */
    0x0, 0x2e, 0xb0, 0x5, 0xf5, 0x40, 0x36, 0xbb,
    0x11, 0x8e, 0x0, 0x3c, 0xc8, 0xf7, 0xc4, 0x0,

    /* U+064D "ٍ" */
    0x1, 0x48, 0xb3, 0x36, 0xe6, 0xd1, 0x9b, 0xfb,
    0xf0, 0xcd, 0x21, 0x3a, 0x60,

    /* U+064E "َ" */
    0x0, 0xc4, 0x22, 0x7b, 0xd9, 0x33, 0x14, 0xed,
    0x90,

    /* U+064F "ُ" */
    0x0, 0x2e, 0xb0, 0x5, 0xf5, 0x40, 0xa, 0x64,
    0x46, 0x3, 0x6b, 0xc6, 0x6d, 0xeb, 0x0, 0x0,

    /* U+0650 "ِ" */
    0x0, 0xa, 0x41, 0x1e, 0xee, 0x23, 0xdc, 0x95,
    0x0,

    /* U+0651 "ّ" */
    0x0, 0xc6, 0x42, 0x4c, 0xd2, 0x3a, 0x0, 0x98,
    0x5, 0xf7, 0x65, 0x48, 0xe, 0xe1, 0x80,

    /* U+0652 "ْ" */
    0x5, 0xdd, 0x28, 0x2, 0xf3, 0xec, 0x2, 0x30,
    0xd, 0x79, 0xf6, 0x0,

    /* U+0660 "٠" */
    0x8f, 0x21, 0x0, 0x0,

    /* U+0661 "١" */
    0xae, 0x0, 0x70, 0x98, 0x20, 0xd0, 0x1, 0xd0,
    0x1, 0x84, 0x20, 0xe0, 0xa0, 0x40, 0x40, 0x1f,
    0x8, 0x6,

    /* U+0662 "٢" */
    0x2f, 0x70, 0xa, 0xb0, 0x8e, 0x1c, 0x99, 0x6c,
    0x28, 0x23, 0x64, 0xdc, 0x10, 0x23, 0x32, 0x0,
    0x10, 0xe9, 0x98, 0x3, 0x2b, 0x0, 0x78, 0x84,
    0x3, 0xc2, 0x60, 0x1e, 0xf0, 0xf, 0xfe, 0x8,

    /* U+0663 "٣" */
    0x3f, 0x40, 0xf6, 0x4f, 0x23, 0x2e, 0x0, 0x79,
    0x81, 0x85, 0x2e, 0x83, 0x41, 0x88, 0x28, 0x27,
    0x66, 0x40, 0x2, 0x10, 0x13, 0x30, 0x6, 0x52,
    0x0, 0xf8, 0x5c, 0x3, 0xe3, 0x10, 0xf, 0x84,
    0x3, 0xf8, 0xc0, 0x38,

    /* U+0664 "٤" */
    0x0, 0xfe, 0x29, 0xe4, 0x0, 0x26, 0xa4, 0xa8,
    0x2, 0x57, 0x5c, 0x40, 0xe, 0x88, 0x0, 0xd0,
    0x16, 0xc0, 0x1, 0xc3, 0x97, 0x0, 0x48, 0x6b,
    0x8, 0x7, 0xf5, 0x8d, 0xbc, 0xea, 0x9d, 0x34,
    0x22, 0x40,

    /* U+0665 "٥" */
    0x0, 0x84, 0x3, 0xe, 0xf4, 0x80, 0x54, 0xe,
    0xca, 0x6, 0x93, 0x9, 0x21, 0x62, 0x81, 0xe6,
    0x48, 0x80, 0x2, 0x2, 0x11, 0x0, 0x21, 0xe0,
    0xf, 0x89, 0x0, 0x4, 0x3d, 0x67, 0x51, 0xe0,
    0xef, 0x23, 0x85, 0x88,

    /* U+0666 "٦" */
    0x25, 0x21, 0x24, 0x40, 0x35, 0x6f, 0x6d, 0xf0,
    0x27, 0x65, 0xe1, 0x80, 0x42, 0x68, 0x6e, 0x20,
    0x1e, 0x17, 0x0, 0xf1, 0x10, 0x3, 0xde, 0x20,
    0x1e, 0x30, 0x20, 0xe, 0x60, 0x70, 0xe, 0x20,
    0xd0, 0xf, 0x22, 0x0,

    /* U+0667 "٧" */
    0x4f, 0x30, 0xa, 0xb4, 0x10, 0xa4, 0x0, 0x2b,
    0x60, 0xb, 0x51, 0x6, 0x16, 0x0, 0x38, 0x30,
    0x53, 0x80, 0x42, 0x96, 0x44, 0xd0, 0xd, 0xc7,
    0x60, 0x80, 0x19, 0x1, 0x90, 0x3, 0x84, 0x83,
    0x0, 0x3c, 0x80, 0x60, 0x1e, 0xe0, 0x50, 0x8,

    /* U+0668 "٨" */
    0x0, 0x9f, 0xc4, 0x3, 0xdc, 0xa, 0x1, 0xe4,
    0x3, 0x0, 0xe1, 0x20, 0xc0, 0xe, 0x40, 0x64,
    0x0, 0xee, 0x3b, 0x4, 0x0, 0x85, 0x28, 0x89,
    0xa0, 0x13, 0x83, 0x85, 0x38, 0x5, 0x6a, 0x20,
    0xc2, 0xc0, 0x85, 0x20, 0x1, 0x5b, 0x0,

    /* U+0669 "٩" */
    0x0, 0xfe, 0x2c, 0xff, 0x38, 0x5, 0xe1, 0x4b,
    0x8, 0x4, 0x48, 0x5a, 0x2d, 0x2, 0x1f, 0x42,
    0x65, 0x0, 0x6b, 0x5e, 0xa0, 0x80, 0xf, 0x75,
    0x6c, 0x40, 0x18, 0x93, 0x0, 0x80, 0x39, 0xc1,
    0xc0, 0x38, 0x83, 0x40, 0x3c, 0x88,

    /* U+067E "پ" */
    0x0, 0xff, 0x95, 0x57, 0x60, 0xf, 0xec, 0x94,
    0xc0, 0xf, 0xe5, 0x72, 0xc0, 0xf, 0x8a, 0x8f,
    0xe1, 0x36, 0x19, 0x91, 0x5b, 0xa4, 0xa4, 0x5c,
    0x76, 0x99, 0x33, 0x12, 0xb9, 0x40, 0x7, 0x5d,
    0xfe, 0xec, 0x95, 0x0, 0xfa, 0x2a, 0x64, 0x1,
    0xfd, 0x37, 0x10, 0x0, 0xfe, 0x19, 0x81, 0x0,
    0xff, 0x4c, 0x0, 0x78,

    /* U+0686 "چ" */
    0x0, 0xff, 0x4f, 0x73, 0x7f, 0xdd, 0x20, 0xd,
    0xfd, 0x1, 0x7a, 0x80, 0x2, 0x16, 0x3f, 0x42,
    0x8, 0x5, 0xe7, 0x40, 0x1e, 0x33, 0x78, 0x6a,
    0xea, 0x0, 0x14, 0xc, 0x3d, 0x7d, 0x0, 0x6,
    0x2, 0x5, 0xae, 0x1, 0x20, 0x48, 0x3, 0xd4,
    0x2, 0x17, 0x74, 0x99, 0x85, 0x25, 0x2, 0x25,
    0x33, 0xb9, 0x6a, 0xc0, 0x6, 0xde, 0xcc, 0x76,
    0x10,

    /* U+0698 "ژ" */
    0x0, 0xe1, 0xf0, 0xf, 0x87, 0x40, 0x3c, 0x3e,
    0x3e, 0x1, 0xc3, 0xa7, 0xa0, 0x1e, 0x20, 0x20,
    0xf, 0xb1, 0xc0, 0x3e, 0x7c, 0x0, 0xf8, 0x40,
    0x3f, 0x38, 0x80, 0x79, 0xb, 0xc0, 0x39, 0x2c,
    0x94, 0x5, 0x1b, 0x2c, 0xbc, 0x1, 0x76, 0x90,
    0x9d, 0x20, 0x4, 0xe7, 0x63, 0x0, 0x60,

    /* U+06A9 "ک" */
    0x0, 0xff, 0xe0, 0x21, 0x0, 0x7f, 0xb, 0xed,
    0xb0, 0x7, 0xc5, 0x3d, 0x9, 0xa8, 0x1, 0xe3,
    0xd4, 0x9f, 0x92, 0x0, 0xfa, 0x83, 0x58, 0x3,
    0xfd, 0x80, 0xe0, 0x1f, 0xf2, 0xb4, 0x20, 0x7,
    0xfd, 0x27, 0x64, 0x1, 0x3c, 0x80, 0x7b, 0x46,
    0x40, 0x29, 0x10, 0xf, 0xc, 0xa0, 0x6, 0x10,
    0xf, 0xb0, 0x40, 0x26, 0x64, 0xa1, 0x11, 0x27,
    0x92, 0x0, 0x28, 0x83, 0xde, 0xea, 0xd1, 0xf5,
    0x80, 0x33, 0xf6, 0xde, 0x76, 0xc9, 0x0, 0x60,

    /* U+06AF "گ" */
    0x0, 0xff, 0x85, 0xcc, 0x3, 0xf8, 0xeb, 0xb0,
    0x40, 0x3e, 0x6d, 0xd1, 0x6f, 0x80, 0x7c, 0xd5,
    0x1f, 0xf5, 0xb0, 0x7, 0x9b, 0xb3, 0xa1, 0x35,
    0x0, 0x3c, 0x7a, 0x93, 0xf2, 0x40, 0x1f, 0x50,
    0x6b, 0x0, 0x7f, 0xb0, 0x1c, 0x3, 0xfe, 0x56,
    0x84, 0x0, 0xff, 0xa4, 0xec, 0x80, 0x27, 0x90,
    0xf, 0x68, 0xc8, 0x5, 0x22, 0x1, 0xe1, 0x94,
    0x0, 0xc2, 0x1, 0xf6, 0x8, 0x4, 0xcc, 0x94,
    0x22, 0x24, 0xf2, 0x40, 0x5, 0x10, 0x7b, 0xdd,
    0x5a, 0x3e, 0xb0, 0x6, 0x7e, 0xdb, 0xce, 0xd9,
    0x20, 0xc,

    /* U+06CC "ی" */
    0x0, 0xff, 0xe2, 0x36, 0xff, 0x38, 0x7, 0x24,
    0xa5, 0xcc, 0x20, 0x6, 0x10, 0xe4, 0x7e, 0x41,
    0x20, 0x2, 0xb4, 0x74, 0x8, 0x6c, 0x0, 0x53,
    0xb2, 0xd6, 0x7, 0xa0, 0x18, 0x9d, 0x10, 0x5,
    0x60, 0x18, 0xa5, 0x58, 0x24, 0xff, 0x31, 0xfa,
    0xcc, 0x90, 0x4d, 0x77, 0x33, 0xd7, 0x48, 0x0,

    /* U+2013 "–" */
    0x3f, 0xff, 0x19, 0xb7, 0x7c, 0x60,

    /* U+2014 "—" */
    0x3f, 0xff, 0xfe, 0x11, 0x9b, 0x77, 0xff, 0x84,
    0x60,

    /* U+2018 "‘" */
    0x9, 0x82, 0x6c, 0xb0, 0x41, 0x20,

    /* U+2019 "’" */
    0xf, 0xb0, 0x1, 0xa0, 0x48, 0xc8, 0x80,

    /* U+201A "‚" */
    0xd, 0x80, 0x21, 0x40, 0xbc, 0x52,

    /* U+201C "“" */
    0x9, 0x80, 0x6b, 0x26, 0xc0, 0x8c, 0xb0, 0x45,
    0x13, 0x12, 0x3, 0x27,

    /* U+201D "”" */
    0xf, 0xa0, 0xcd, 0x0, 0x10, 0xb, 0x20, 0x48,
    0x97, 0x9b, 0x8a, 0xa9, 0x0,

    /* U+201E "„" */
    0xd, 0x80, 0xab, 0x2, 0x10, 0x77, 0x20, 0x58,
    0x94, 0xe2, 0x92, 0x92, 0x80,

    /* U+2022 "•" */
    0x4, 0x97, 0x0, 0x1d, 0xb4, 0x50, 0x58, 0x4,
    0xa1, 0xc0, 0x11, 0x3, 0x30, 0xb, 0x80,

    /* U+2026 "…" */
    0x2f, 0x80, 0xb, 0x74, 0x1, 0x3f, 0x90, 0x7,
    0xfd, 0xe0, 0x0,

    /* U+2190 "←" */
    0x0, 0x8c, 0xc0, 0x1f, 0xe3, 0xc9, 0x0, 0xfe,
    0x3c, 0x5a, 0x0, 0xfe, 0xc0, 0x4e, 0xef, 0xd2,
    0xa, 0x9, 0x11, 0xfb, 0x42, 0x95, 0x66, 0x6f,
    0x90, 0x1, 0x4b, 0x40, 0x1f, 0xf5, 0x48, 0x7,
    0xe0,

    /* U+2191 "↑" */
    0x0, 0xd, 0x20, 0x6, 0x1d, 0x5b, 0x40, 0x0,
    0xe9, 0x1, 0x5a, 0x3, 0x16, 0x5, 0xb4, 0x83,
    0xf9, 0x0, 0x27, 0x0, 0x2, 0x1, 0x84, 0x3,
    0xff, 0xca,

    /* U+2192 "→" */
    0x0, 0xfe, 0x60, 0xf, 0xf8, 0xa6, 0xc0, 0x3f,
    0xc5, 0x89, 0x60, 0x3d, 0xdf, 0xb4, 0x12, 0x6,
    0x23, 0xf8, 0x43, 0x1, 0x9b, 0xf7, 0x8d, 0xa0,
    0x7, 0xe2, 0x7b, 0x40, 0xf, 0xe2, 0xe4, 0x0,
    0x0,

    /* U+2193 "↓" */
    0x0, 0xa9, 0x0, 0x3c, 0xa4, 0x1, 0xff, 0xe7,
    0x4a, 0x0, 0x92, 0x41, 0xd6, 0x83, 0x2c, 0x0,
    0x78, 0xa0, 0xad, 0x20, 0x3, 0xc0, 0x69, 0x0,
    0xc7, 0xf2, 0x1, 0x0,

    /* U+2328 "⌨" */
    0x7, 0xde, 0xef, 0xfe, 0x2e, 0xc0, 0x2, 0x2e,
    0xab, 0xff, 0x8b, 0xe, 0x22, 0x4, 0xb2, 0xac,
    0xd9, 0x1b, 0x2f, 0x82, 0xb2, 0xa3, 0xb7, 0x3,
    0x0, 0x1d, 0x3d, 0xd6, 0xcb, 0xd2, 0x7f, 0x92,
    0xde, 0xce, 0x48, 0x3, 0xb9, 0x29, 0x27, 0x2f,
    0xd6, 0x92, 0x39, 0xae, 0xd2, 0x40, 0x1d, 0x1,
    0x4b, 0x54, 0xe8, 0x2b, 0x5d, 0x82, 0xb0, 0xf,
    0xce, 0x66, 0x7e, 0x1f, 0x12, 0x20, 0xf0, 0x93,
    0x34, 0x60, 0x1c, 0xd6, 0x7c, 0xc, 0xaf, 0x42,
    0xaa, 0x6a, 0x64, 0x41, 0x80, 0x7a, 0x5a, 0x75,
    0xad, 0xec, 0x89, 0x2f, 0x2f, 0x16, 0x40, 0x18,
    0xf4, 0x74, 0xff, 0x27, 0x26, 0xed, 0x5e, 0x91,
    0xb0, 0x60, 0x1, 0x7, 0xc7, 0xd2, 0x8b, 0xbf,
    0xb8, 0xa6, 0xf4, 0x0, 0x60, 0xd5, 0x9b, 0x9b,
    0x97, 0x7f, 0x66, 0xe6, 0x65, 0x10,

    /* U+25B6 "▶" */
    0x10, 0xf, 0xfe, 0x7, 0xc0, 0x80, 0x7f, 0x85,
    0xfa, 0x4, 0x3, 0xfe, 0x7e, 0x81, 0x0, 0xff,
    0x9f, 0xa0, 0x40, 0x3f, 0xe7, 0xe8, 0x10, 0xf,
    0xf9, 0xfa, 0x0, 0x3f, 0xe4, 0xb0, 0xf, 0xe4,
    0xcb, 0x30, 0xf, 0x93, 0x2c, 0xc0, 0x3e, 0x4c,
    0xb3, 0x0, 0xf9, 0x32, 0xcc, 0x3, 0xe4, 0xcb,
    0x30, 0xf, 0xe0,

    /* U+26A0 "⚠" */
    0x0, 0xf9, 0x0, 0x3f, 0xf8, 0xf, 0x20, 0x1f,
    0xf0, 0xe5, 0xb8, 0x7, 0xfa, 0x38, 0xac, 0x40,
    0x3f, 0x11, 0x84, 0x42, 0x40, 0x3f, 0x44, 0x19,
    0xd0, 0xc4, 0x3, 0xc6, 0x62, 0x12, 0x9, 0x80,
    0xf, 0x44, 0x0, 0xb8, 0x8, 0x8, 0x3, 0x2e,
    0x8, 0x1, 0x0, 0x11, 0x0, 0xd, 0xce, 0x0,
    0x16, 0x0, 0x9, 0x20, 0x1, 0xf8, 0x2, 0x32,
    0x0, 0xa3, 0xc0, 0x13, 0xf5, 0x54, 0x6d, 0x56,
    0x65,

    /* U+2713 "✓" */
    0x0, 0xf8, 0x88, 0x1, 0xe6, 0xd6, 0x0, 0xe4,
    0x97, 0x40, 0xc, 0x34, 0x90, 0x1, 0xd4, 0x74,
    0x1, 0x10, 0x32, 0x70, 0x80, 0x1f, 0x4e, 0x1c,
    0xc0, 0x22, 0xc, 0x38, 0x0, 0xca, 0x0, 0xf0,
    0xf, 0x6e, 0x88, 0x3, 0x80,

    /* U+2717 "✗" */
    0x0, 0xc2, 0x1, 0x2c, 0x8, 0x5, 0x5c, 0x0,
    0x5a, 0x41, 0x0, 0xb4, 0x19, 0x28, 0xb4, 0x3,
    0x30, 0x45, 0x7, 0x88, 0x6, 0x14, 0x11, 0x51,
    0x0, 0x78, 0x40, 0x8, 0x1, 0xe6, 0x50, 0x4,
    0x80, 0x71, 0xc8, 0x48, 0x38, 0x80, 0x6e, 0x8,
    0x67, 0x8, 0x0, 0xa4, 0x8d, 0xc2, 0xf, 0x40,
    0x26, 0xf, 0x0, 0xb1, 0x0, 0x21, 0x73, 0x0,
    0xfd, 0xf0, 0x1, 0xf8,

    /* U+F05A "" */
    0x0, 0xc5, 0x1b, 0xfe, 0xd8, 0x20, 0xf, 0x9b,
    0x5c, 0x80, 0x4, 0xfa, 0xc0, 0x1d, 0x72, 0x1,
    0xfa, 0x6c, 0x2, 0x64, 0x0, 0xff, 0x23, 0x1,
    0x48, 0x7, 0x5d, 0x80, 0x3a, 0x4a, 0x80, 0x3f,
    0xf8, 0x54, 0xa0, 0x1e, 0xbb, 0x0, 0x79, 0x48,
    0x3, 0xb3, 0xf4, 0x3, 0xc4, 0x1, 0xe4, 0x22,
    0x0, 0x7c, 0x40, 0x1d, 0xa, 0x1, 0xf1, 0x28,
    0x7, 0x11, 0x0, 0x80, 0x39, 0x68, 0x3, 0xbd,
    0x43, 0xc0, 0x3a, 0x8a, 0x40, 0x36, 0xff, 0xb4,
    0x3, 0x49, 0x3, 0x20, 0x7, 0xf9, 0x18, 0x2,
    0xb9, 0x0, 0xfd, 0x36, 0x1, 0xcd, 0xae, 0x40,
    0x2, 0x7d, 0x60, 0x8,

    /* U+F0ED "" */
    0x0, 0xe7, 0xcf, 0xd7, 0x0, 0xff, 0xe0, 0x5c,
    0x18, 0x14, 0x60, 0x7, 0xf9, 0xd0, 0x3, 0x8f,
    0x37, 0xa0, 0x3, 0xd6, 0x1, 0xf1, 0x90, 0xbc,
    0x0, 0x71, 0x80, 0x61, 0x10, 0x7, 0x30, 0x6,
    0x70, 0xe, 0xaa, 0x0, 0x7f, 0x5c, 0x0, 0x7f,
    0xf0, 0xc, 0x41, 0xd0, 0x3, 0x29, 0x0, 0x9,
    0x40, 0x22, 0xc2, 0xa0, 0xe, 0x8c, 0x66, 0x64,
    0x0, 0x62, 0x82, 0x0, 0xef, 0x2, 0x20, 0x78,
    0x7, 0x21, 0x80, 0x71, 0x60, 0x8b, 0x8, 0x3,
    0xd6, 0x1, 0xe2, 0xff, 0x10, 0x7, 0x91, 0xd0,
    0x3, 0xc2, 0x20, 0xf, 0xd, 0x85, 0xc1, 0x80,
    0x7f, 0x85, 0x7c, 0x40,

    /* U+F12E "" */
    0x0, 0xe6, 0xdd, 0x30, 0x7, 0xff, 0x2, 0x8,
    0x90, 0x1, 0xff, 0xc0, 0x70, 0x3, 0x0, 0x7f,
    0xf0, 0x38, 0x1, 0xe0, 0x1f, 0x37, 0xfe, 0x80,
    0x4, 0x7f, 0x9c, 0x3, 0x48, 0x7, 0xfa, 0x0,
    0x3f, 0xf9, 0x4, 0xfc, 0xc0, 0x1f, 0x9e, 0x39,
    0xb6, 0x6, 0xc0, 0x3f, 0x43, 0x8d, 0x80, 0x7f,
    0xf1, 0x36, 0x6, 0xc0, 0x3f, 0x43, 0xd, 0x93,
    0xf3, 0x0, 0x7e, 0x79, 0xe6, 0x0, 0xe6, 0xdd,
    0x30, 0x7, 0xff, 0x2, 0x8, 0x90, 0x1, 0xff,
    0xc0, 0x90, 0x4, 0x80, 0x7d, 0x0, 0x19, 0x40,
    0xa, 0x0, 0x80, 0xc,

    /* U+F15C "" */
    0x4e, 0xff, 0xec, 0x10, 0xa, 0x84, 0x3, 0x8f,
    0x4, 0x0, 0x20, 0x1c, 0xe6, 0x58, 0x20, 0x1f,
    0xb0, 0xcb, 0x4, 0x3, 0xf6, 0x19, 0x68, 0x7,
    0x9a, 0x20, 0x80, 0x60, 0x1e, 0x17, 0x78, 0x3,
    0xff, 0x8b, 0xbf, 0xfb, 0x40, 0x3d, 0x11, 0xe0,
    0xf, 0x2b, 0xbe, 0x50, 0xf, 0x6f, 0xfe, 0xd0,
    0xf, 0x44, 0x78, 0x3, 0xca, 0xef, 0x94, 0x2,
    0x10, 0xf, 0xf0, 0xd0, 0x80, 0x7e, 0x1a,

    /* U+F1CD "" */
    0x0, 0xc5, 0x39, 0xdc, 0xb8, 0x10, 0xe, 0x16,
    0x9d, 0x63, 0x11, 0x23, 0xf3, 0xb0, 0x4, 0xf2,
    0xc0, 0xf9, 0xfd, 0x46, 0x11, 0x2c, 0x0, 0xe0,
    0x2, 0xc1, 0x80, 0xaf, 0x0, 0x42, 0x2, 0xe0,
    0x5, 0x80, 0x31, 0x17, 0x80, 0x50, 0x32, 0xb,
    0x60, 0xff, 0x9d, 0xc2, 0x26, 0x98, 0x49, 0x87,
    0x24, 0x0, 0x8, 0x2, 0xc2, 0x90, 0x35, 0x5,
    0xf, 0x6, 0xde, 0x0, 0xc8, 0xa, 0x0, 0x10,
    0x20, 0xf0, 0x12, 0x2, 0x1, 0x0, 0x10, 0x10,
    0x60, 0x43, 0x49, 0x1, 0x81, 0x81, 0x28, 0x28,
    0x50, 0xc, 0xb0, 0x2, 0x2, 0xc1, 0x6c, 0x27,
    0xc, 0xa5, 0x5e, 0x1, 0xe9, 0xc2, 0xc9, 0x84,
    0xcd, 0x8d, 0x50, 0xf6, 0xa, 0xe, 0x41, 0xe0,
    0x2, 0x62, 0x1, 0x4e, 0x0, 0xb8, 0x0, 0xf2,
    0xc3, 0x1b, 0xfd, 0x6a, 0x11, 0x2e, 0x0, 0x16,
    0x9d, 0x63, 0x11, 0x23, 0xf3, 0xb0, 0x80,

    /* U+F1D8 "" */
    0x0, 0xff, 0xe1, 0xad, 0xc8, 0x7, 0xff, 0x1,
    0x2b, 0xe9, 0x8, 0x3, 0xf8, 0xe7, 0xad, 0x40,
    0x2d, 0x0, 0xf1, 0x3e, 0xe3, 0x8, 0x7, 0x38,
    0x4, 0x2d, 0x9b, 0x4, 0x1, 0xf2, 0x88, 0x2d,
    0xf4, 0x98, 0x7, 0xfb, 0xc1, 0xa9, 0x0, 0x3e,
    0x22, 0x0, 0x42, 0xa0, 0x82, 0x1, 0xf2, 0xe0,
    0x80, 0x4e, 0x0, 0x2e, 0xb4, 0x0, 0xcf, 0x50,
    0x60, 0x15, 0x0, 0x64, 0xbe, 0x73, 0xa8, 0x76,
    0x0, 0x84, 0xc0, 0x3c, 0x31, 0x8a, 0x90, 0x1,
    0x98, 0x3, 0xfe, 0x80, 0xe, 0xa0, 0xf, 0xf9,
    0x0, 0x31, 0x10, 0x3, 0xfe, 0x90, 0xd, 0x40,
    0x1f, 0xfc, 0x1, 0x40, 0x9, 0x80, 0x3f, 0xf8,
    0x3e, 0x0, 0x41, 0x0, 0xff, 0xe0, 0xa1, 0x7,
    0x0, 0x7f, 0xf0, 0xfe, 0x54, 0x3, 0x80,

    /* U+F1DE "" */
    0x0, 0xe5, 0x50, 0x7, 0xff, 0x7, 0x6a, 0x9a,
    0x1, 0xfa, 0xff, 0xe2, 0x0, 0x17, 0xff, 0xd6,
    0x1, 0xff, 0xc4, 0xbf, 0xf8, 0x80, 0x5, 0xff,
    0xf5, 0x80, 0x6d, 0xaa, 0x68, 0x1, 0x54, 0x1,
    0xfc, 0xaa, 0x0, 0x6d, 0x53, 0x40, 0x2b, 0xff,
    0xfc, 0x40, 0x2, 0xff, 0x58, 0x7, 0xff, 0x12,
    0xff, 0xff, 0x10, 0x0, 0xbf, 0xd6, 0x1, 0x95,
    0x40, 0x16, 0xd5, 0x34, 0x3, 0xdb, 0x54, 0xd0,
    0x9, 0x54, 0x1, 0xaf, 0xfc, 0x40, 0x2, 0xff,
    0xfd, 0x60, 0x1f, 0xfc, 0x4b, 0xff, 0x10, 0x0,
    0xbf, 0xff, 0x58, 0x5, 0xb5, 0x4d, 0x0, 0xfe,

    /* U+F2DB "" */
    0x0, 0xda, 0xa1, 0x32, 0x5, 0xd0, 0xf, 0xc4,
    0x40, 0x22, 0x1, 0x10, 0x3, 0xc9, 0xc1, 0x1e,
    0x88, 0xf8, 0xe, 0x40, 0xd, 0x42, 0x1, 0xf8,
    0x68, 0x1, 0xbe, 0x21, 0x7f, 0xfe, 0xb0, 0x1f,
    0xd8, 0x80, 0x1, 0xd, 0xdf, 0x1a, 0x0, 0x22,
    0xa, 0xe0, 0x12, 0x44, 0x64, 0x0, 0x9d, 0x66,
    0xc0, 0x3f, 0xf8, 0x17, 0x20, 0x1f, 0xfc, 0x49,
    0xb0, 0xf, 0xfe, 0x5, 0xca, 0xb8, 0x4, 0x91,
    0x19, 0x0, 0x27, 0x58, 0x80, 0x1, 0xd, 0xdf,
    0x1a, 0x0, 0x22, 0x1b, 0xe2, 0x17, 0xff, 0xeb,
    0x1, 0xfd, 0x0, 0x50, 0x80, 0x7e, 0x1a, 0x0,
    0xc9, 0xc1, 0x1e, 0x88, 0xf8, 0xe, 0x40, 0xf,
    0x11, 0x0, 0x88, 0x4, 0x40, 0xc,

    /* U+F2F5 "" */
    0x8, 0xef, 0xf5, 0x80, 0x7f, 0xd0, 0xe2, 0x1,
    0xf0, 0x80, 0x79, 0x82, 0xff, 0xd6, 0x1, 0xbf,
    0x0, 0x38, 0x41, 0x0, 0x3e, 0x13, 0xc0, 0xf,
    0xfe, 0x21, 0xe0, 0x7, 0xe6, 0xff, 0xc0, 0x11,
    0xe0, 0x7, 0xd2, 0x1, 0xf8, 0xec, 0x3, 0xff,
    0x97, 0x0, 0x1f, 0x8e, 0xc0, 0x3c, 0xff, 0xf8,
    0x2, 0x3c, 0x0, 0xff, 0xe1, 0x1e, 0x0, 0x42,
    0x8, 0x1, 0xf0, 0x9e, 0x0, 0x66, 0xb, 0xff,
    0x58, 0x6, 0xfc, 0x0, 0xe8, 0x71, 0x0, 0xf8,
    0x40, 0x3c,

    /* U+F2F9 "" */
    0x0, 0xfc, 0x22, 0x0, 0xf0, 0x80, 0x72, 0x5f,
    0xf7, 0x3e, 0xd4, 0x1, 0x7e, 0x1, 0xd, 0xd9,
    0x0, 0x40, 0x9, 0x57, 0x64, 0x10, 0xb, 0x10,
    0x23, 0x7b, 0xfa, 0x1, 0x10, 0x1, 0xa8, 0x89,
    0xae, 0x40, 0x1, 0x74, 0x0, 0xe3, 0x50, 0xe2,
    0x0, 0xea, 0x40, 0xe, 0xa0, 0x73, 0x0, 0xf0,
    0x8f, 0x20, 0x20, 0x60, 0x7, 0xd7, 0xdd, 0xac,
    0x8, 0x14, 0x3, 0xff, 0xa6, 0x40, 0xa0, 0x1f,
    0xfc, 0x24, 0xd, 0x0, 0xff, 0xe1, 0x58, 0x31,
    0x80, 0x7e, 0x2c, 0x60, 0x1, 0x30, 0x69, 0x80,
    0x78, 0xfc, 0xf8, 0x2, 0x93, 0x1c, 0x83, 0x0,
    0x1c, 0x61, 0x1c, 0x0, 0x6c, 0x50, 0x7c, 0xff,
    0x63, 0x82, 0xe0, 0x7, 0xab, 0x14, 0x40, 0x2,
    0xb9, 0x40, 0x1f, 0x8e, 0xbb, 0xfd, 0xd4, 0x60,
    0x18,

    /* U+F590 "" */
    0x0, 0xd1, 0x9f, 0xec, 0x80, 0xf, 0x27, 0x39,
    0x80, 0xd, 0xf9, 0x0, 0x24, 0xb1, 0x3b, 0xee,
    0x59, 0x8d, 0xa0, 0x2, 0x81, 0xf1, 0x4, 0x49,
    0x8e, 0x14, 0x10, 0x29, 0x0, 0x1e, 0x84, 0x18,
    0x50, 0xf0, 0xf, 0xde, 0x8, 0x41, 0x5e, 0xe0,
    0x19, 0xfe, 0x80, 0xc0, 0x2, 0x10, 0x1, 0xa0,
    0x4, 0x3, 0xff, 0x88, 0x20, 0x1f, 0xfc, 0x16,
    0x0, 0xff, 0xe0, 0xc3, 0x88, 0x40, 0x6, 0x80,
    0x22, 0x0, 0x23, 0xbd, 0xc0, 0x33, 0xfe, 0xa8,
    0x7, 0x9b, 0xfc, 0xe0, 0x13, 0x20, 0x7, 0x40,
    0x2, 0x22, 0xe1, 0x80, 0xe, 0x90, 0x9, 0xdc,
    0xb8, 0x60,

    /* U+F5FD "" */
    0x0, 0xff, 0xe4, 0x8b, 0xf7, 0x1c, 0x40, 0x3f,
    0xc, 0x74, 0x8, 0xa3, 0xa4, 0x40, 0x31, 0x57,
    0x38, 0x7, 0x9b, 0xa8, 0x82, 0x75, 0x40, 0x3f,
    0xcb, 0xb2, 0x1, 0xff, 0xc4, 0x9d, 0x50, 0xf,
    0xf2, 0xec, 0x81, 0xd7, 0x30, 0x7, 0x9b, 0xa8,
    0xc2, 0x7a, 0xd6, 0x7a, 0x4, 0x51, 0xd2, 0xb7,
    0xd2, 0x0, 0x4b, 0xc4, 0x7e, 0xe3, 0xa6, 0x5a,
    0x0, 0x27, 0x54, 0xe, 0xba, 0x65, 0xd4, 0x60,
    0xbb, 0x20, 0x75, 0xcc, 0x2, 0xcc, 0x10, 0x6e,
    0xa3, 0x9, 0xeb, 0x59, 0xe8, 0x11, 0x47, 0x4a,
    0xdf, 0x48, 0x1, 0x2f, 0x11, 0xfb, 0x8e, 0x99,
    0x68, 0x0, 0x9d, 0x50, 0x3a, 0xe9, 0x97, 0x51,
    0x82, 0xec, 0x81, 0x57, 0x30, 0xb, 0x30, 0x41,
    0xba, 0x88, 0x3, 0xc, 0xf4, 0x8, 0xa3, 0xa4,
    0x40, 0x3f, 0xb, 0xf7, 0x1c, 0x40, 0x38,

    /* U+FB56 "ﭖ" */
    0x0, 0xff, 0x95, 0x57, 0x60, 0xf, 0xec, 0x94,
    0xc0, 0xf, 0xe5, 0x72, 0xc0, 0xf, 0x8a, 0x8f,
    0xe1, 0x36, 0x19, 0x91, 0x5b, 0xa4, 0xa4, 0x5c,
    0x76, 0x99, 0x33, 0x12, 0xb9, 0x40, 0x7, 0x5d,
    0xfe, 0xec, 0x95, 0x0, 0xfa, 0x2a, 0x64, 0x1,
    0xfd, 0x37, 0x10, 0x0, 0xfe, 0x19, 0x81, 0x0,
    0xff, 0x4c, 0x0, 0x78,

    /* U+FB57 "ﭗ" */
    0xbb, 0x0, 0x7f, 0x4e, 0x0, 0x13, 0x0, 0x3f,
    0x8c, 0x80, 0x5, 0x80, 0x1f, 0x15, 0x28, 0x88,
    0x21, 0x3a, 0x5d, 0xd1, 0x5b, 0xa4, 0x80, 0xd6,
    0x5c, 0x47, 0x88, 0x33, 0x12, 0xb9, 0xec, 0xac,
    0xe, 0xbb, 0xfd, 0xd9, 0x2a, 0x0, 0x4e, 0xd0,
    0xd, 0x15, 0x32, 0x0, 0xff, 0xa6, 0xe2, 0x0,
    0x1f, 0xf0, 0xcc, 0x8, 0x7, 0xff, 0x2, 0x60,
    0x3, 0xf0,

    /* U+FB58 "ﭘ" */
    0x0, 0x1c, 0x0, 0x4a, 0xe2, 0x0, 0x10, 0x11,
    0x3c, 0x98, 0x1c, 0x1f, 0x81, 0x7e, 0x98, 0x0,
    0xfd, 0x38, 0xf, 0x53, 0x0, 0x3, 0xc4, 0x0,
    0x3c, 0x0,

    /* U+FB59 "ﭙ" */
    0x0, 0x1c, 0x0, 0x65, 0x71, 0x0, 0x84, 0xc,
    0x5, 0xe4, 0x39, 0xce, 0x9, 0xca, 0xb, 0xf2,
    0x3b, 0xc0, 0xfd, 0x38, 0x0, 0x7a, 0x98, 0x1,
    0xf, 0x10, 0x4, 0x78, 0x0,

    /* U+FB7A "ﭺ" */
    0x0, 0xff, 0x4f, 0x73, 0x7f, 0xdd, 0x20, 0xd,
    0xfd, 0x1, 0x7a, 0x80, 0x2, 0x16, 0x3f, 0x42,
    0x8, 0x5, 0xe7, 0x40, 0x1e, 0x33, 0x78, 0x6a,
    0xea, 0x0, 0x14, 0xc, 0x3d, 0x7d, 0x0, 0x6,
    0x2, 0x5, 0xae, 0x1, 0x20, 0x48, 0x3, 0xd4,
    0x2, 0x17, 0x74, 0x99, 0x85, 0x25, 0x2, 0x25,
    0x33, 0xb9, 0x6a, 0xc0, 0x6, 0xde, 0xcc, 0x76,
    0x10,

    /* U+FB7B "ﭻ" */
    0x0, 0xff, 0x3e, 0x7f, 0xed, 0x80, 0x6, 0xa4,
    0xa0, 0x0, 0xfc, 0x1, 0x51, 0x48, 0xec, 0x6e,
    0x1, 0x51, 0xe4, 0x40, 0x8c, 0x0, 0x4b, 0x26,
    0x2, 0xb2, 0x0, 0x70, 0x72, 0x12, 0x85, 0x71,
    0x30, 0x7, 0x3f, 0xbe, 0x53, 0x20, 0x36, 0x5c,
    0x29, 0xeb, 0x93, 0x44, 0xc3, 0x89, 0xb9, 0x84,
    0xc2, 0x56, 0xf6, 0x58, 0x80, 0x1f, 0x7b, 0x31,
    0xd8, 0x40,

    /* U+FB7C "ﭼ" */
    0x0, 0x9, 0x8, 0x7, 0xdb, 0xae, 0xe5, 0xb9,
    0x0, 0x51, 0x50, 0xed, 0x1b, 0x20, 0x4, 0x57,
    0x9f, 0x30, 0x30, 0xe, 0x2c, 0x39, 0xa0, 0xc,
    0x78, 0x7a, 0xc0, 0x2f, 0x17, 0x85, 0x84, 0x0,
    0x38, 0x60, 0x9c, 0x10, 0x8, 0xbf, 0xae, 0x13,
    0x90, 0x3, 0xd8, 0x98, 0x80, 0x1e, 0x2e, 0x60,
    0xf, 0xd8, 0x80, 0x10,

    /* U+FB7D "ﭽ" */
    0x0, 0x9, 0x8, 0x7, 0xf6, 0xeb, 0xb9, 0x6e,
    0x40, 0x1d, 0x15, 0xe, 0xe8, 0xd9, 0x0, 0xc8,
    0xaf, 0x3c, 0x40, 0x60, 0x1f, 0x16, 0x11, 0x28,
    0x3, 0xc7, 0x80, 0xc4, 0xa0, 0x1, 0x78, 0xbc,
    0x3c, 0x93, 0xa8, 0x33, 0x43, 0x4, 0xe9, 0x6,
    0xab, 0xa1, 0x7f, 0x5c, 0x27, 0x20, 0xd7, 0xb8,
    0x6, 0xc4, 0xc4, 0x0, 0xfc, 0x5c, 0xc0, 0x1f,
    0xec, 0x40, 0xe,

    /* U+FB8A "ﮊ" */
    0x0, 0xe1, 0xf0, 0xf, 0x87, 0x40, 0x3c, 0x3e,
    0x3e, 0x1, 0xc3, 0xa7, 0xa0, 0x1e, 0x20, 0x20,
    0xf, 0xb1, 0xc0, 0x3e, 0x7c, 0x0, 0xf8, 0x40,
    0x3f, 0x38, 0x80, 0x79, 0xb, 0xc0, 0x39, 0x2c,
    0x94, 0x5, 0x1b, 0x2c, 0xbc, 0x1, 0x76, 0x90,
    0x9d, 0x20, 0x4, 0xe7, 0x63, 0x0, 0x60,

    /* U+FB8B "ﮋ" */
    0x0, 0xe1, 0xf0, 0xf, 0xc3, 0xa0, 0x1f, 0xf,
    0x8f, 0x80, 0x78, 0x74, 0xf4, 0x3, 0xe2, 0x2,
    0x0, 0xfd, 0xd0, 0x1, 0xf9, 0x54, 0x1, 0xf8,
    0x4a, 0x9c, 0x3, 0xce, 0x49, 0x0, 0x1c, 0xa5,
    0xdc, 0xf0, 0xc, 0x94, 0x86, 0x0, 0x13, 0x6b,
    0xb2, 0x58, 0x5, 0x79, 0x21, 0x56, 0x1, 0xa7,
    0x3e, 0xd4, 0x3, 0x80,

    /* U+FB8E "ﮎ" */
    0x0, 0xff, 0xe0, 0x21, 0x0, 0x7f, 0xb, 0xed,
    0xb0, 0x7, 0xc5, 0x3d, 0x9, 0xa8, 0x1, 0xe3,
    0xd4, 0x9f, 0x92, 0x0, 0xfa, 0x83, 0x58, 0x3,
    0xfd, 0x80, 0xe0, 0x1f, 0xf2, 0xb4, 0x20, 0x7,
    0xfd, 0x27, 0x64, 0x1, 0x3c, 0x80, 0x7b, 0x46,
    0x40, 0x29, 0x10, 0xf, 0xc, 0xa0, 0x6, 0x10,
    0xf, 0xb0, 0x40, 0x26, 0x64, 0xa1, 0x11, 0x27,
    0x92, 0x0, 0x28, 0x83, 0xde, 0xea, 0xd1, 0xf5,
    0x80, 0x33, 0xf6, 0xde, 0x76, 0xc9, 0x0, 0x60,

    /* U+FB8F "ﮏ" */
    0x0, 0xff, 0xe0, 0x8, 0x80, 0x3f, 0xe3, 0xae,
    0x40, 0xf, 0xe6, 0xdc, 0x79, 0x50, 0xf, 0x8b,
    0xa5, 0xf3, 0x58, 0x3, 0xf5, 0x8e, 0xd1, 0x80,
    0x7f, 0xbc, 0x18, 0x3, 0xff, 0x80, 0xcb, 0x42,
    0x1, 0xff, 0xc0, 0xa3, 0xd0, 0xe, 0x46, 0x0,
    0xf6, 0x15, 0x0, 0x6a, 0xe0, 0xf, 0xc, 0xab,
    0x0, 0x7f, 0xf0, 0x30, 0x24, 0xc0, 0xe, 0xe9,
    0x31, 0x24, 0x8e, 0x45, 0x2d, 0x84, 0x97, 0x76,
    0x76, 0xdb, 0x25, 0xd6, 0x2b, 0xf8, 0x47, 0x6d,
    0xe6, 0xf5, 0x20, 0xd, 0xfd, 0x80,

    /* U+FB90 "ﮐ" */
    0x0, 0xff, 0xe1, 0xa5, 0xc8, 0x4, 0x2f, 0xb6,
    0xfa, 0x0, 0x8e, 0x84, 0xcc, 0x20, 0x1b, 0xb7,
    0x49, 0x80, 0x77, 0x88, 0x7, 0x1a, 0xc9, 0x80,
    0x7a, 0x8f, 0x44, 0x3, 0xda, 0x1a, 0x1, 0xe1,
    0xb3, 0x40, 0xf, 0x30, 0x8, 0x0, 0x5d, 0xee,
    0x4, 0x0, 0x1c, 0x44, 0x16, 0x20, 0x0,

    /* U+FB91 "ﮑ" */
    0x0, 0xff, 0xe2, 0x25, 0xc8, 0x6, 0x17, 0xdb,
    0x7d, 0x0, 0xa3, 0xa1, 0x33, 0x8, 0x0, 0x37,
    0x6e, 0x93, 0x0, 0xf7, 0x88, 0x7, 0x8d, 0x64,
    0xc0, 0x3e, 0xa3, 0xd1, 0x0, 0xfb, 0x43, 0x40,
    0x3e, 0x1b, 0x3a, 0x0, 0xf9, 0x81, 0x5c, 0x0,
    0x2e, 0xf7, 0x2, 0xc4, 0xb9, 0xc4, 0x41, 0x74,
    0xee, 0x80,

    /* U+FB92 "ﮒ" */
    0x0, 0xff, 0x85, 0xcc, 0x3, 0xf8, 0xeb, 0xb0,
    0x40, 0x3e, 0x6d, 0xd1, 0x6f, 0x80, 0x7c, 0xd5,
    0x1f, 0xf5, 0xb0, 0x7, 0x9b, 0xb3, 0xa1, 0x35,
    0x0, 0x3c, 0x7a, 0x93, 0xf2, 0x40, 0x1f, 0x50,
    0x6b, 0x0, 0x7f, 0xb0, 0x1c, 0x3, 0xfe, 0x56,
    0x84, 0x0, 0xff, 0xa4, 0xec, 0x80, 0x27, 0x90,
    0xf, 0x68, 0xc8, 0x5, 0x22, 0x1, 0xe1, 0x94,
    0x0, 0xc2, 0x1, 0xf6, 0x8, 0x4, 0xcc, 0x94,
    0x22, 0x24, 0xf2, 0x40, 0x5, 0x10, 0x7b, 0xdd,
    0x5a, 0x3e, 0xb0, 0x6, 0x7e, 0xdb, 0xce, 0xd9,
    0x20, 0xc,

    /* U+FB93 "ﮓ" */
    0x0, 0xff, 0xe0, 0x21, 0x0, 0x7f, 0x85, 0xb6,
    0x84, 0x3, 0xf1, 0xcf, 0x6c, 0x79, 0x0, 0x7c,
    0xda, 0x3b, 0x1f, 0xc8, 0x1, 0xf3, 0xff, 0x7e,
    0x3c, 0xa8, 0x7, 0xc7, 0xf2, 0xf9, 0xac, 0x1,
    0xfa, 0xc7, 0x68, 0xc0, 0x3f, 0xde, 0xc, 0x1,
    0xff, 0xc0, 0x65, 0xa1, 0x0, 0xff, 0xe0, 0x51,
    0xe8, 0x7, 0x23, 0x0, 0x7b, 0xa, 0x80, 0x35,
    0x70, 0x7, 0x86, 0x55, 0x80, 0x3f, 0xf8, 0x18,
    0x12, 0x60, 0x7, 0x74, 0x98, 0x92, 0x47, 0x22,
    0x96, 0xc2, 0x4b, 0xbb, 0x3b, 0x6d, 0x92, 0xeb,
    0x15, 0xfc, 0x23, 0xb6, 0xf3, 0x7a, 0x90, 0x6,
    0xfe, 0xc0,

    /* U+FB94 "ﮔ" */
    0x0, 0xfc, 0x40, 0x1c, 0x2f, 0xb6, 0x1, 0x1d,
    0x76, 0x4c, 0x80, 0x77, 0x45, 0xbf, 0xe9, 0x0,
    0x47, 0xfd, 0x6f, 0xa0, 0x3b, 0xd0, 0x99, 0x84,
    0x3, 0x76, 0xe9, 0x30, 0xe, 0xf1, 0x0, 0xe3,
    0x59, 0x30, 0xf, 0x51, 0xe8, 0x80, 0x7b, 0x43,
    0x40, 0x3c, 0x36, 0x68, 0x1, 0xe6, 0x1, 0x0,
    0xb, 0xbd, 0xc0, 0x80, 0x3, 0x88, 0x82, 0xc4,
    0x0,

    /* U+FB95 "ﮕ" */
    0x0, 0xfc, 0x40, 0x1e, 0x17, 0xdb, 0x0, 0xc7,
    0x5d, 0x93, 0x20, 0x0, 0xee, 0x8b, 0x7f, 0xd2,
    0x1, 0x47, 0xfd, 0x6f, 0xa0, 0x1, 0xde, 0x84,
    0xcc, 0x20, 0x0, 0xdd, 0xba, 0x4c, 0x3, 0xde,
    0x20, 0x1e, 0x35, 0x93, 0x0, 0xfa, 0x8f, 0x44,
    0x3, 0xed, 0xd, 0x0, 0xf8, 0x6c, 0xe8, 0x3,
    0xe6, 0x5, 0x70, 0x0, 0xbb, 0xdc, 0xb, 0x12,
    0xe7, 0x11, 0x5, 0xd3, 0xba, 0x0,

    /* U+FBFC "ﯼ" */
    0x0, 0xff, 0xe2, 0x36, 0xff, 0x38, 0x7, 0x24,
    0xa5, 0xcc, 0x20, 0x6, 0x10, 0xe4, 0x7e, 0x41,
    0x20, 0x2, 0xb4, 0x74, 0x8, 0x6c, 0x0, 0x53,
    0xb2, 0xd6, 0x7, 0xa0, 0x18, 0x9d, 0x10, 0x5,
    0x60, 0x18, 0xa5, 0x58, 0x24, 0xff, 0x31, 0xfa,
    0xcc, 0x90, 0x4d, 0x77, 0x33, 0xd7, 0x48, 0x0,

    /* U+FBFD "ﯽ" */
    0x0, 0xff, 0xe4, 0x17, 0x7c, 0x0, 0x2e, 0xc0,
    0x1d, 0xc7, 0xe, 0x80, 0xb8, 0x1, 0xce, 0x46,
    0xd4, 0x61, 0xc0, 0x1d, 0x45, 0xf2, 0xa8, 0xcc,
    0x83, 0x12, 0x48, 0x2d, 0xb, 0x78, 0x77, 0x67,
    0x6d, 0xa4, 0xb0, 0x6, 0x8f, 0xcb, 0xb6, 0xe9,
    0x80, 0x30,

    /* U+FBFE "ﯾ" */
    0x0, 0x1c, 0x0, 0x4a, 0xe2, 0x0, 0x10, 0x11,
    0x3c, 0x98, 0x1c, 0x1f, 0x81, 0x7e, 0x98, 0x0,
    0xfd, 0x38, 0xf, 0x53, 0x0,

    /* U+FBFF "ﯿ" */
    0x0, 0x1c, 0x0, 0x65, 0x71, 0x0, 0x84, 0xc,
    0x5, 0xe4, 0x39, 0xce, 0x9, 0xca, 0xb, 0xf2,
    0x3b, 0xc0, 0xfd, 0x38, 0x0, 0x7a, 0x98, 0x0,

    /* U+FE70 "ﹰ" */
    0x0, 0xc2, 0x91, 0x7a, 0xd9, 0xb3, 0x8b, 0xdf,
    0xed, 0x40, 0x9d, 0xc6,

    /* U+FE71 "ﹱ" */
    0x0, 0xe1, 0x4, 0x8b, 0xd6, 0xc, 0xd9, 0xc5,
    0xe, 0xff, 0x6a, 0x0, 0x27, 0x71, 0x81, 0x8c,
    0x3, 0xff, 0xb6, 0x2e, 0xf9, 0x4e, 0x23, 0x80,

    /* U+FE72 "ﹲ" */
    0x1, 0xdb, 0x0, 0x2b, 0xb8, 0xa9, 0xc, 0xd4,
    0x22, 0x3a, 0x8f, 0xcd, 0x50,

    /* U+FE73 "ﹳ" */
    0x2f, 0x50, 0x1, 0xd, 0xb9, 0x6, 0x9c, 0x38,

    /* U+FE74 "ﹴ" */
    0x3, 0x7a, 0x8c, 0x91, 0x98, 0xef, 0xfa, 0x21,
    0xbb, 0x40,

    /* U+FE76 "ﹶ" */
    0x0, 0x84, 0x9a, 0xb7, 0x48, 0x13, 0xb8, 0xc0,

    /* U+FE77 "ﹷ" */
    0x0, 0xc2, 0x40, 0xd5, 0xba, 0x40, 0x4, 0xee,
    0x30, 0x31, 0x80, 0x7f, 0xf6, 0xc5, 0xdf, 0x29,
    0xc4, 0x70,

    /* U+FE78 "ﹸ" */
    0x1, 0xdb, 0x0, 0x23, 0xb8, 0x81, 0x44, 0xe8,
    0x15, 0xb6, 0x33, 0x70, 0x80,

    /* U+FE79 "ﹹ" */
    0x0, 0xe, 0xd8, 0x4, 0x8e, 0xe1, 0x0, 0x2b,
    0x14, 0x80, 0x14, 0x32, 0x3, 0x37, 0x44, 0x0,
    0xc8, 0x10, 0xf, 0xfe, 0xd0, 0xbb, 0xe5, 0x38,
    0x8e,

    /* U+FE7A "ﹺ" */
    0x0, 0x1b, 0x32, 0xf6, 0x41, 0x2b, 0x69, 0x88,

    /* U+FE7B "ﹻ" */
    0x17, 0x7c, 0xa7, 0x11, 0xc5, 0xfe, 0xc9, 0xb0,
    0xbd, 0x90, 0x40, 0xad, 0xa6, 0x20,

    /* U+FE7C "ﹼ" */
    0x0, 0xe5, 0x4, 0xb, 0x9, 0xf, 0x7, 0x10,
    0x17, 0x32, 0xd4, 0x17, 0xec, 0x98,

    /* U+FE7D "ﹽ" */
    0x0, 0x94, 0x2c, 0x2c, 0x24, 0x1c, 0x40, 0x4d,
    0x98, 0x2b, 0x51, 0xb0, 0x19, 0xf, 0x64, 0x4,
    0x60, 0x1f, 0xfd, 0xb1, 0x77, 0xca, 0x71, 0x1c,

    /* U+FE7E "ﹾ" */
    0x2c, 0xe9, 0x9, 0xae, 0x25, 0x0, 0xe9, 0xae,
    0x25,

    /* U+FE7F "ﹿ" */
    0x2, 0xce, 0x90, 0x4, 0xd7, 0x12, 0x80, 0x7d,
    0x35, 0xc4, 0xa0, 0x59, 0xd2, 0x1, 0xff, 0xdf,
    0x17, 0x7c, 0xa7, 0x11, 0xc0,

    /* U+FE80 "ﺀ" */
    0x0, 0xfa, 0x7f, 0xd2, 0xc, 0xd5, 0x68, 0x61,
    0x4a, 0xa0, 0x11, 0x10, 0x4, 0x52, 0xb7, 0xfc,
    0x48, 0xc0, 0x30, 0x78, 0xd7, 0xce, 0x0,

    /* U+FE81 "ﺁ" */
    0x19, 0x40, 0x19, 0x9, 0xce, 0xda, 0xc0, 0x85,
    0xad, 0xb5, 0x0, 0x9f, 0xc0, 0x3f, 0xff, 0xe0,
    0x1c,

    /* U+FE82 "ﺂ" */
    0x19, 0x40, 0x19, 0x9, 0xce, 0xda, 0xc0, 0x85,
    0xad, 0xb5, 0x0, 0x9f, 0xc0, 0x3f, 0xfe, 0x22,
    0x1, 0xe5, 0xb, 0x70, 0x8, 0xe1, 0x60, 0x0,

    /* U+FE83 "ﺃ" */
    0x8, 0xc3, 0x13, 0xc3, 0x16, 0x85, 0x20, 0x16,
    0x2d, 0x93, 0x7, 0xf0, 0xf, 0xff, 0x8,

    /* U+FE84 "ﺄ" */
    0x8, 0xc3, 0x0, 0x9, 0xe1, 0x80, 0x5, 0xa1,
    0x40, 0x4, 0x2, 0xc0, 0x2, 0xd9, 0x30, 0x9,
    0xfc, 0x3, 0xff, 0xd0, 0x20, 0x1c, 0xa1, 0x6e,
    0x0, 0x38, 0x58, 0x0,

    /* U+FE85 "ﺅ" */
    0x0, 0x97, 0x1c, 0x3, 0xa7, 0x1c, 0x3, 0x96,
    0x9c, 0x3, 0x88, 0xcc, 0x1, 0xd7, 0x28, 0x1,
    0xd1, 0xda, 0x80, 0x13, 0x3a, 0xd, 0x88, 0x3,
    0xc6, 0xb4, 0x1c, 0x1, 0xe3, 0x4e, 0x2, 0x0,
    0x67, 0x74, 0x80, 0x74, 0x6d, 0x81, 0x80, 0x62,
    0xa1, 0x41, 0x24, 0x8c, 0x1d, 0xb, 0xdb, 0x74,
    0xd3, 0x9, 0xbd, 0xfa, 0x20, 0x0,

    /* U+FE86 "ﺆ" */
    0x0, 0x97, 0x1c, 0x3, 0xe9, 0xc7, 0x0, 0xf9,
    0x6e, 0x0, 0x3e, 0x1d, 0xa0, 0xf, 0xa1, 0x0,
    0x3e, 0x1c, 0xdd, 0x40, 0x7, 0x49, 0xa9, 0xb9,
    0x0, 0x62, 0x1a, 0xd0, 0x40, 0xd, 0x83, 0x4c,
    0x1a, 0xe6, 0x0, 0x67, 0x48, 0x4, 0x85, 0x0,
    0xa3, 0xac, 0x33, 0xd8, 0x3, 0x15, 0x19, 0x80,
    0x2, 0x49, 0x18, 0x1c, 0x1, 0x5e, 0xdb, 0xa7,
    0x90, 0x5, 0x37, 0xbf, 0x42, 0x1, 0x80,

    /* U+FE87 "ﺇ" */
    0x7, 0xf0, 0xf, 0xff, 0x17, 0x19, 0x84, 0xb0,
    0xc5, 0xad, 0x86, 0xe5, 0x80,

    /* U+FE88 "ﺈ" */
    0x7, 0xf0, 0xf, 0xff, 0x40, 0x80, 0x72, 0x85,
    0xb8, 0x0, 0xe1, 0x60, 0x1, 0x37, 0xbe, 0x2,
    0x58, 0x60, 0x1, 0x6b, 0x60, 0x0, 0xdc, 0xb0,
    0x0,

    /* U+FE89 "ﺉ" */
    0x1, 0xbb, 0x0, 0x7e, 0x7d, 0xb0, 0xf, 0xcb,
    0x16, 0x40, 0x1f, 0xae, 0x49, 0xb7, 0xf9, 0xc0,
    0x6, 0xa4, 0x92, 0x97, 0x30, 0x80, 0x18, 0x43,
    0x91, 0xf9, 0x4, 0x80, 0xa, 0xd1, 0xd0, 0x21,
    0xb0, 0x1, 0x4e, 0xcb, 0x58, 0x1e, 0x80, 0x62,
    0x74, 0x40, 0x15, 0x80, 0x62, 0x95, 0x60, 0x93,
    0xfc, 0xc7, 0xeb, 0x32, 0x41, 0x35, 0xdc, 0xcf,
    0x5d, 0x20, 0x0,

    /* U+FE8A "ﺊ" */
    0x0, 0x1e, 0x48, 0x7, 0xfa, 0x7a, 0x40, 0x3f,
    0xd9, 0x32, 0x0, 0xff, 0x71, 0x60, 0x7, 0xfa,
    0x25, 0x40, 0x5, 0xdf, 0x0, 0xb, 0xb0, 0x7,
    0x71, 0xc3, 0xa0, 0x2e, 0x0, 0x73, 0x91, 0xb5,
    0x18, 0x70, 0x7, 0x51, 0x7c, 0xaa, 0x33, 0x20,
    0xc4, 0x92, 0xb, 0x42, 0xde, 0x1d, 0xd9, 0xdb,
    0x69, 0x2c, 0x1, 0xa3, 0xf2, 0xed, 0xba, 0x60,
    0xc,

    /* U+FE8B "ﺋ" */
    0x0, 0x46, 0x28, 0x1, 0x31, 0x40, 0x2b, 0x70,
    0x5, 0xc3, 0x80, 0x1c, 0xc0, 0x24, 0xb0, 0x8,
    0x90, 0x2, 0x10, 0x0, 0xbc, 0x98, 0x1c, 0x17,
    0x0,

    /* U+FE8C "ﺌ" */
    0x0, 0x46, 0x28, 0x4, 0x98, 0xa0, 0x1a, 0xdc,
    0x2, 0xb8, 0x70, 0x9, 0xcc, 0x3, 0x25, 0x80,
    0x62, 0x41, 0x0, 0x84, 0xc, 0x5, 0xe4, 0x39,
    0xce, 0x9, 0xca, 0x0,

    /* U+FE8D "ﺍ" */
    0x7f, 0x0, 0xff, 0xe5, 0x0,

    /* U+FE8E "ﺎ" */
    0x7f, 0x0, 0xff, 0xef, 0x88, 0x6, 0x50, 0xb7,
    0x3, 0x85, 0x80,

    /* U+FE8F "ﺏ" */
    0x0, 0xff, 0x95, 0x57, 0x60, 0xf, 0xec, 0x94,
    0xc0, 0xf, 0xe5, 0x72, 0xc0, 0xf, 0x8a, 0x8f,
    0xe1, 0x36, 0x19, 0x91, 0x5b, 0xa4, 0xa4, 0x5c,
    0x76, 0x99, 0x33, 0x12, 0xb9, 0x40, 0x7, 0x5d,
    0xfe, 0xec, 0x95, 0x0, 0xfd, 0x12, 0x1, 0xff,
    0x4c, 0x0, 0x78,

    /* U+FE90 "ﺐ" */
    0xbb, 0x0, 0x7f, 0x4e, 0x0, 0x13, 0x0, 0x3f,
    0x8c, 0x80, 0x5, 0x80, 0x1f, 0x15, 0x28, 0x88,
    0x21, 0x3a, 0x5d, 0xd1, 0x5b, 0xa4, 0x80, 0xd6,
    0x5c, 0x47, 0x88, 0x33, 0x12, 0xb9, 0xec, 0xac,
    0xe, 0xbb, 0xfd, 0xd9, 0x2a, 0x0, 0x4e, 0xd0,
    0xf, 0xfe, 0x44, 0x48, 0x7, 0xff, 0x6, 0x60,
    0x3, 0xf0,

    /* U+FE91 "ﺑ" */
    0x0, 0x1c, 0x0, 0x4a, 0xe2, 0x0, 0x10, 0x11,
    0x3c, 0x98, 0x1c, 0x1f, 0x81, 0x7e, 0x98, 0x4,
    0x7c, 0x1, 0x1e, 0x0,

    /* U+FE92 "ﺒ" */
    0x0, 0x1c, 0x0, 0x65, 0x71, 0x0, 0x84, 0xc,
    0x5, 0xe4, 0x39, 0xce, 0x9, 0xca, 0xb, 0xf2,
    0x3b, 0xc0, 0x7, 0xc0, 0x18, 0xf0, 0x0,

    /* U+FE93 "ﺓ" */
    0xf, 0x3f, 0x10, 0xb, 0x4f, 0x44, 0x2, 0x21,
    0x20, 0x8, 0xbb, 0x9a, 0xa0, 0x8, 0xa, 0x7a,
    0x70, 0x77, 0x2d, 0x44, 0x4, 0xc4, 0x0, 0x80,
    0x4a, 0xcd, 0x70, 0x9c, 0xac, 0xc2, 0x78, 0x0,

    /* U+FE94 "ﺔ" */
    0x4, 0xe4, 0xd0, 0xc, 0x98, 0x9e, 0x1, 0xc4,
    0x72, 0x20, 0x12, 0x66, 0x10, 0x80, 0xb, 0x69,
    0xa0, 0xa0, 0x9, 0x68, 0x22, 0x60, 0x1, 0x9e,
    0xf4, 0x96, 0x16, 0xa9, 0x91, 0xee, 0xee,

    /* U+FE95 "ﺕ" */
    0x0, 0xd1, 0x53, 0x20, 0xe, 0x57, 0x0, 0x4d,
    0xc4, 0x0, 0x29, 0xcb, 0xf0, 0x0, 0x8e, 0x0,
    0x88, 0x0, 0x40, 0x1f, 0x9d, 0x2e, 0x57, 0x61,
    0x98, 0xf3, 0x9f, 0xe, 0xf5, 0xbb, 0x4c, 0xca,
    0xa9, 0xe8, 0x0,

    /* U+FE96 "ﺖ" */
    0x0, 0xd1, 0x53, 0x20, 0xf, 0x95, 0xc0, 0x13,
    0x71, 0x0, 0xa, 0x70, 0x1, 0x7e, 0x0, 0x11,
    0xc0, 0x11, 0x90, 0x4, 0x40, 0x1f, 0x15, 0x28,
    0x88, 0x25, 0x76, 0x5d, 0xd1, 0x5b, 0xa5, 0x70,
    0xd6, 0x7b, 0x77, 0x44, 0x19, 0x8f, 0x5d, 0x16,
    0x56,

    /* U+FE97 "ﺗ" */
    0x3, 0xf4, 0xe0, 0x3d, 0x4c, 0x0, 0x10, 0x10,
    0x1, 0x30, 0x2, 0x23, 0x0, 0x84, 0x0, 0x2f,
    0x26, 0x7, 0x5, 0xc0,

    /* U+FE98 "ﺘ" */
    0x3, 0xf4, 0xe0, 0x1, 0xea, 0x60, 0x4, 0x40,
    0x40, 0x12, 0x60, 0x6, 0x23, 0x10, 0x8, 0x40,
    0xc0, 0x5e, 0x43, 0x9c, 0xe0, 0x9c, 0xa0,

    /* U+FE99 "ﺙ" */
    0x0, 0xe8, 0x90, 0xf, 0xfa, 0x60, 0x3, 0xfd,
    0x17, 0x12, 0x1, 0xca, 0xe0, 0x9, 0xb8, 0x80,
    0x5, 0x39, 0x7e, 0x0, 0x11, 0xc0, 0x11, 0x0,
    0x8, 0x3, 0xf3, 0xa5, 0xca, 0xec, 0x33, 0x1e,
    0x73, 0xe1, 0xde, 0xb7, 0x69, 0x99, 0x55, 0x3d,
    0x0,

    /* U+FE9A "ﺚ" */
    0x0, 0xe8, 0x90, 0xf, 0xfe, 0xc, 0xc0, 0x7,
    0xff, 0x2, 0x2e, 0x24, 0x3, 0xe5, 0x70, 0x4,
    0xdc, 0x40, 0x2, 0x9c, 0x0, 0x5f, 0x80, 0x4,
    0x70, 0x4, 0x64, 0x1, 0x10, 0x7, 0xc5, 0x4a,
    0x22, 0x9, 0x5d, 0x97, 0x74, 0x56, 0xe9, 0x5c,
    0x35, 0x9e, 0xdd, 0xd1, 0x6, 0x63, 0xd7, 0x45,
    0x95, 0x80,

    /* U+FE9B "ﺛ" */
    0x0, 0x1f, 0x0, 0x47, 0x80, 0x3, 0xf6, 0xe0,
    0x3d, 0x4c, 0x0, 0x10, 0x10, 0x1, 0x30, 0x2,
    0x23, 0x0, 0x84, 0x0, 0x2f, 0x26, 0x7, 0x5,
    0xc0,

    /* U+FE9C "ﺜ" */
    0x0, 0x1f, 0x0, 0x63, 0xc0, 0x8, 0xfd, 0xb8,
    0x0, 0x7a, 0x98, 0x1, 0x10, 0x10, 0x4, 0x98,
    0x1, 0x88, 0xc4, 0x2, 0x10, 0x30, 0x17, 0x90,
    0xe7, 0x38, 0x27, 0x28,

    /* U+FE9D "ﺝ" */
    0x0, 0xff, 0x3e, 0x7f, 0xed, 0x80, 0x7, 0x25,
    0x20, 0xb, 0x70, 0x2, 0x63, 0x92, 0x3a, 0xd8,
    0x2, 0x74, 0xb7, 0x0, 0xf4, 0x3a, 0x0, 0x79,
    0x2, 0x80, 0x4, 0x1, 0x88, 0x8, 0x1, 0xa6,
    0x1, 0x18, 0x10, 0x3, 0xcc, 0x2, 0x40, 0xb0,
    0xf, 0x86, 0x1a, 0x90, 0x44, 0x94, 0x80, 0xf4,
    0xf7, 0xdc, 0xb6, 0x60, 0x1, 0x77, 0xb3, 0x1d,
    0x84,

    /* U+FE9E "ﺞ" */
    0x0, 0xff, 0x3e, 0x7f, 0xed, 0x80, 0x7, 0x24,
    0xa0, 0x0, 0xf8, 0x1, 0x31, 0x49, 0xe, 0xc,
    0x1, 0x51, 0x6b, 0xc8, 0xa0, 0x0, 0x96, 0x8,
    0x5, 0xa0, 0x0, 0xe0, 0xe0, 0x22, 0x82, 0xc3,
    0x30, 0x5, 0x36, 0x3a, 0x28, 0x80, 0x60, 0x8a,
    0x3, 0xd7, 0x26, 0x89, 0x31, 0x11, 0xc1, 0x84,
    0xc2, 0x67, 0x73, 0x10, 0x40, 0xf, 0xbd, 0x98,
    0xec, 0x20,

    /* U+FE9F "ﺟ" */
    0x0, 0x9, 0x8, 0x7, 0xdb, 0xae, 0xe5, 0xb9,
    0x0, 0x51, 0x52, 0xc1, 0x3b, 0x20, 0x4, 0x56,
    0x8d, 0x1, 0xf0, 0xc, 0x35, 0x2f, 0xcc, 0x2f,
    0x15, 0xc9, 0x72, 0x0, 0x38, 0x66, 0x47, 0xa0,
    0x4, 0x5f, 0xd8, 0xe2, 0x1, 0xfd, 0xc8, 0x1,
    0xfb, 0x10, 0x2,

    /* U+FEA0 "ﺠ" */
    0x0, 0x9, 0x8, 0x7, 0xf6, 0xeb, 0xb9, 0x6e,
    0x40, 0x1d, 0x15, 0x2c, 0x13, 0xb2, 0x1, 0x91,
    0x5a, 0x34, 0x7, 0xc0, 0x3c, 0x35, 0x26, 0x28,
    0x0, 0x17, 0x8a, 0xe4, 0xbc, 0x1d, 0x83, 0x34,
    0x33, 0x23, 0xd0, 0x71, 0x1d, 0xb, 0xfb, 0x1c,
    0x40, 0x5, 0x7e, 0xe0, 0x1d, 0xc8, 0x1, 0xfe,
    0xc4, 0x0, 0xe0,

    /* U+FEA1 "ﺡ" */
    0x0, 0xff, 0x4f, 0x73, 0x7f, 0xdd, 0x20, 0xd,
    0xfd, 0x1, 0x7a, 0x80, 0x2, 0x16, 0x3f, 0x42,
    0x8, 0x5, 0xe7, 0x40, 0x1e, 0x33, 0x78, 0x7,
    0xca, 0x6, 0x1, 0xf1, 0x80, 0x80, 0x7c, 0x81,
    0x20, 0x1f, 0xb, 0xba, 0x4c, 0x44, 0x92, 0x81,
    0x12, 0x99, 0xdc, 0xb5, 0x60, 0x3, 0x6f, 0x66,
    0x3b, 0x8,

    /* U+FEA2 "ﺢ" */
    0x0, 0xff, 0x3e, 0x7f, 0xed, 0x80, 0x7, 0x25,
    0x20, 0x0, 0xf8, 0x1, 0x31, 0xc9, 0xe, 0xc,
    0x1, 0x3a, 0x5b, 0xc8, 0xa0, 0x5, 0xe, 0x80,
    0x2d, 0x0, 0x4, 0xa, 0x0, 0xa0, 0xb0, 0xc8,
    0x8, 0x2, 0x1d, 0x14, 0x30, 0x20, 0xc, 0x7a,
    0xe8, 0x16, 0x1, 0xf0, 0xc3, 0x52, 0x8, 0x92,
    0x90, 0x1e, 0x9e, 0xfb, 0x96, 0xcc, 0x0, 0x2e,
    0xf6, 0x63, 0xb0, 0x80,

    /* U+FEA3 "ﺣ" */
    0x0, 0x9, 0x8, 0x7, 0xdb, 0xae, 0xe5, 0xb9,
    0x0, 0x51, 0x52, 0xc1, 0x3b, 0x20, 0x4, 0x56,
    0x8d, 0x1, 0xf0, 0xc, 0x35, 0x2f, 0xcc, 0x2f,
    0x15, 0xc9, 0x72, 0x0, 0x38, 0x66, 0x47, 0xa0,
    0x4,

    /* U+FEA4 "ﺤ" */
    0x0, 0x9, 0x8, 0x7, 0xf6, 0xeb, 0xb9, 0x6e,
    0x40, 0x1d, 0x15, 0x2c, 0x13, 0xb2, 0x1, 0x91,
    0x5a, 0x34, 0x7, 0xc0, 0x3c, 0x35, 0x26, 0x28,
    0x0, 0x17, 0x8a, 0xe4, 0xbc, 0x1d, 0x83, 0x34,
    0x33, 0x23, 0xd0, 0x71, 0x1d, 0x0,

    /* U+FEA5 "ﺥ" */
    0x0, 0x9e, 0x80, 0x3f, 0x35, 0x80, 0x7e, 0x11,
    0x0, 0x74, 0xf7, 0x37, 0xfd, 0xd2, 0x0, 0xdf,
    0xd0, 0x17, 0xa8, 0x0, 0x21, 0x63, 0xf4, 0x20,
    0x80, 0x5e, 0x74, 0x1, 0xe3, 0x37, 0x80, 0x7c,
    0xa0, 0x60, 0x1f, 0x18, 0x8, 0x7, 0xc8, 0x12,
    0x1, 0xf0, 0xbb, 0xa4, 0xc4, 0x49, 0x28, 0x11,
    0x29, 0x9d, 0xcb, 0x56, 0x0, 0x36, 0xf6, 0x63,
    0xb0, 0x80,

    /* U+FEA6 "ﺦ" */
    0x0, 0x9e, 0x80, 0x3f, 0x34, 0x0, 0x73, 0xe7,
    0xf6, 0xfe, 0xc0, 0x3, 0x92, 0x90, 0x0, 0x7c,
    0x0, 0x98, 0xe4, 0x87, 0x6, 0x0, 0x9d, 0x2d,
    0xe4, 0x50, 0x2, 0x87, 0x40, 0x16, 0x80, 0x2,
    0x5, 0x0, 0x50, 0x58, 0x64, 0x4, 0x1, 0xe,
    0x8a, 0x18, 0x10, 0x6, 0x3d, 0x74, 0xb, 0x0,
    0xf8, 0x61, 0xa9, 0x4, 0x49, 0x48, 0xf, 0x4f,
    0x7d, 0xcb, 0x66, 0x0, 0x17, 0x7b, 0x31, 0xd8,
    0x40,

    /* U+FEA7 "ﺧ" */
    0x0, 0xee, 0x40, 0xf, 0xd8, 0x80, 0x1c, 0x24,
    0x24, 0x1, 0xed, 0xd7, 0x72, 0xdc, 0x80, 0x28,
    0xa9, 0x60, 0x9d, 0x90, 0x2, 0x2b, 0x46, 0x80,
    0xf8, 0x6, 0x1a, 0x97, 0xe6, 0x17, 0x8a, 0xe4,
    0xb9, 0x0, 0x1c, 0x33, 0x23, 0xd0, 0x2,

    /* U+FEA8 "ﺨ" */
    0x0, 0xee, 0x40, 0xf, 0xf6, 0x20, 0x7, 0xc2,
    0x42, 0x40, 0x1f, 0xb7, 0x5d, 0xcb, 0x72, 0x0,
    0xe8, 0xa9, 0x60, 0x9d, 0x90, 0xc, 0x8a, 0xd1,
    0xa0, 0x3e, 0x1, 0xe1, 0xa9, 0x31, 0x40, 0x0,
    0xbc, 0x57, 0x25, 0xe0, 0xec, 0x19, 0xa1, 0x99,
    0x1e, 0x83, 0x88, 0xe8,

    /* U+FEA9 "ﺩ" */
    0x0, 0x17, 0x50, 0x6, 0x2d, 0x57, 0x0, 0xc6,
    0xd2, 0x1, 0xd8, 0x24, 0x1, 0x88, 0xc, 0x25,
    0xaa, 0x10, 0x41, 0x25, 0x1a, 0xc0,

    /* U+FEAA "ﺪ" */
    0x0, 0x17, 0x50, 0x7, 0x8b, 0x55, 0x80, 0x3c,
    0x6d, 0x60, 0x1f, 0x61, 0x10, 0x3, 0xc4, 0x8,
    0x1, 0x33, 0x2a, 0x6, 0x60, 0xc2, 0x64, 0x8f,
    0xca, 0xf4,

    /* U+FEAB "ﺫ" */
    0x0, 0x3d, 0x80, 0x73, 0x50, 0x7, 0x88, 0x3,
    0xdd, 0x80, 0x18, 0x7c, 0xe0, 0x3, 0x13, 0xb0,
    0x7, 0x60, 0x90, 0x6, 0xc0, 0x30, 0x97, 0xa7,
    0x41, 0x4, 0x84, 0x7b, 0x0,

    /* U+FEAC "ﺬ" */
    0x0, 0x3d, 0x80, 0x7c, 0xd4, 0x1, 0xf8, 0xc0,
    0x3f, 0x7d, 0x80, 0x78, 0x7d, 0x18, 0x3, 0xc4,
    0xd0, 0x1, 0xf6, 0x89, 0x0, 0x7b, 0x1, 0x0,
    0x26, 0x65, 0x38, 0xcc, 0x18, 0x4c, 0x91, 0xf9,
    0x5e, 0x80,

    /* U+FEAD "ﺭ" */
    0x0, 0xf5, 0x28, 0x7, 0x87, 0xc0, 0x3c, 0x22,
    0x0, 0xf3, 0x8, 0x7, 0x19, 0xb0, 0x3, 0x26,
    0x93, 0xa, 0x36, 0x59, 0xf8, 0x5d, 0xa4, 0x27,
    0x48, 0x27, 0x3b, 0x18, 0x2,

    /* U+FEAE "ﺮ" */
    0x0, 0xf3, 0x98, 0x7, 0xeb, 0xa0, 0xf, 0xcc,
    0x80, 0x1f, 0x84, 0xad, 0xc0, 0x3c, 0xa4, 0xb0,
    0x1, 0xcc, 0x3d, 0xcf, 0x0, 0xcd, 0x28, 0x60,
    0x1, 0x36, 0xc9, 0x4b, 0x0, 0xaf, 0x25, 0xea,
    0xc0, 0x34, 0xe7, 0xda, 0x80, 0x70,

    /* U+FEAF "ﺯ" */
    0x0, 0xe1, 0xf0, 0xf, 0xe, 0x80, 0x7c, 0x40,
    0x1f, 0x63, 0x80, 0x79, 0xf0, 0x3, 0xc2, 0x1,
    0xf3, 0x88, 0x7, 0x21, 0x78, 0x6, 0x4b, 0x25,
    0x14, 0x6c, 0xb2, 0xf0, 0xbb, 0x48, 0x4e, 0x90,
    0x4e, 0x76, 0x30, 0x4,

    /* U+FEB0 "ﺰ" */
    0x0, 0xe1, 0xf0, 0xf, 0xc3, 0xa0, 0x1f, 0xc4,
    0x1, 0xfd, 0xd0, 0x1, 0xf9, 0x54, 0x1, 0xf8,
    0x4a, 0x9c, 0x3, 0xce, 0x49, 0x0, 0x1c, 0xa5,
    0xdc, 0xf0, 0xc, 0x94, 0x86, 0x0, 0x13, 0x6b,
    0xb2, 0x58, 0x5, 0x79, 0x21, 0x56, 0x1, 0xa7,
    0x3e, 0xd4, 0x3, 0x80,

    /* U+FEB1 "ﺱ" */
    0x0, 0xff, 0xe1, 0x9f, 0x98, 0x7, 0xdb, 0x20,
    0x4, 0xf2, 0x0, 0xff, 0x91, 0x0, 0x2, 0x1,
    0x7, 0x0, 0x2f, 0x88, 0x6, 0xf2, 0x30, 0xc0,
    0xb0, 0x20, 0x29, 0x41, 0x0, 0xf6, 0xda, 0x9b,
    0xdc, 0x98, 0x91, 0x80, 0x77, 0x81, 0x22, 0x35,
    0x51, 0x1a, 0x2, 0x1, 0xc6, 0xcb, 0x9f, 0x63,
    0x5f, 0x62, 0x8, 0xca, 0x44, 0x7c, 0x18, 0x0,
    0xfe, 0x93, 0xad, 0xd4, 0x26, 0x10, 0x7, 0xf1,
    0x6e, 0xae, 0xdd, 0x64, 0x1, 0xfe,

    /* U+FEB2 "ﺲ" */
    0x0, 0xff, 0xe1, 0x9f, 0x98, 0x7, 0xf3, 0xa0,
    0x0, 0xa0, 0x40, 0x3f, 0xf8, 0x39, 0xe0, 0x7,
    0x71, 0x83, 0x80, 0x65, 0xf1, 0x0, 0xd8, 0x82,
    0x1a, 0x8, 0x2, 0xa, 0x0, 0xe3, 0x10, 0xc,
    0x41, 0xb0, 0xe5, 0xf, 0x1, 0x30, 0x6c, 0xa0,
    0x1c, 0x60, 0x2e, 0xb8, 0xb0, 0x32, 0x6f, 0x45,
    0xc0, 0x1d, 0x87, 0xbf, 0x43, 0x7f, 0x8d, 0x9f,
    0x23, 0xe0, 0x19, 0x16, 0x80, 0x3f, 0xe7, 0x73,
    0x19, 0x3d, 0xa3, 0x0, 0x7f, 0xd0, 0x93, 0x9b,
    0xd, 0x60, 0x1f, 0xfc, 0x1, 0xbe, 0xcb, 0xe9,
    0x0, 0xff, 0xe0, 0x80,

    /* U+FEB3 "ﺳ" */
    0x0, 0xff, 0x97, 0xc4, 0x2, 0x64, 0x0, 0x1c,
    0x0, 0x7e, 0xbd, 0x0, 0x23, 0x80, 0xc, 0x3,
    0x89, 0x0, 0x1a, 0x8, 0x2, 0x2, 0x27, 0xc0,
    0x2a, 0x95, 0x1a, 0x79, 0x50, 0x38, 0x29, 0x84,
    0x76, 0xc2, 0x84, 0xb0,

    /* U+FEB4 "ﺴ" */
    0x0, 0xff, 0x97, 0xc4, 0x3, 0xb6, 0x40, 0xd,
    0xe0, 0x1f, 0xf1, 0x80, 0x38, 0x4, 0xc, 0x3,
    0xc4, 0x44, 0x0, 0x20, 0x38, 0x70, 0x38, 0x0,
    0x6f, 0x0, 0x77, 0x46, 0x69, 0xb7, 0x9, 0xb4,
    0x34, 0xb, 0xb1, 0x99, 0xf5, 0x10, 0xb8, 0x68,
    0x60,

    /* U+FEB5 "ﺵ" */
    0x0, 0xfe, 0x3e, 0x0, 0xff, 0xe2, 0x1e, 0x0,
    0x7f, 0xf0, 0xcf, 0x9b, 0x80, 0x3f, 0xf8, 0x47,
    0x89, 0x80, 0x10, 0xb0, 0x80, 0x7c, 0x42, 0x40,
    0x44, 0x0, 0x14, 0x90, 0x7, 0xdd, 0x0, 0x5,
    0xd2, 0x0, 0xe1, 0x0, 0xe4, 0x40, 0x0, 0xc0,
    0x41, 0xc0, 0x5b, 0x84, 0x3, 0x71, 0x18, 0x60,
    0x50, 0x18, 0x1d, 0x28, 0x80, 0x7b, 0x2d, 0x4d,
    0xae, 0x10, 0x48, 0x80, 0x1d, 0x80, 0x68, 0x8d,
    0x54, 0x45, 0x0, 0x7c, 0x8a, 0xac, 0xfb, 0x1a,
    0xfb, 0x10, 0x56, 0x52, 0x23, 0xd8, 0xc0, 0x7,
    0xf4, 0x9d, 0x6e, 0xa1, 0x30, 0x80, 0x3f, 0x8b,
    0x75, 0x76, 0xeb, 0x20, 0xf, 0xf0,

    /* U+FEB6 "ﺶ" */
    0x0, 0xfe, 0x3e, 0x0, 0xff, 0xe3, 0x1e, 0x0,
    0x7f, 0xf1, 0x4f, 0x9b, 0x80, 0x3f, 0xf8, 0x87,
    0x89, 0x80, 0x10, 0xc0, 0x80, 0x7f, 0x31, 0x90,
    0x1b, 0x8, 0x13, 0x90, 0x7, 0xf6, 0xc8, 0x1,
    0x24, 0xc0, 0x3c, 0x54, 0x20, 0x1b, 0x14, 0x43,
    0x41, 0x1, 0x81, 0x80, 0x16, 0xe2, 0x1, 0x88,
    0x36, 0x1c, 0x61, 0xe0, 0x2d, 0xcd, 0x10, 0x1,
    0xc6, 0x2, 0xe9, 0xeb, 0x3, 0x25, 0x14, 0x5c,
    0x1, 0xd8, 0x7b, 0xf6, 0x37, 0xf8, 0xd9, 0xf2,
    0x3e, 0x1, 0x91, 0x68, 0x3, 0xfe, 0x47, 0x63,
    0x27, 0xb4, 0x60, 0xf, 0xfa, 0xce, 0x73, 0x61,
    0xac, 0x3, 0xff, 0x80, 0x39, 0xd9, 0x7d, 0x20,
    0x1f, 0xfc, 0x10,

    /* U+FEB7 "ﺷ" */
    0x0, 0xfb, 0x8c, 0x3, 0xff, 0x81, 0x86, 0x1,
    0xff, 0x70, 0xf9, 0x80, 0x7f, 0xb0, 0xf4, 0xc0,
    0xa0, 0x3, 0x2a, 0x1, 0x11, 0x0, 0xe, 0xe1,
    0x0, 0xa3, 0x40, 0xb, 0x20, 0x1f, 0x89, 0x0,
    0x1a, 0x8, 0x4, 0x2, 0x27, 0xc0, 0x2a, 0x95,
    0x1a, 0x79, 0x40, 0x38, 0x29, 0x84, 0x76, 0xc2,
    0x85, 0xa0,

    /* U+FEB8 "ﺸ" */
    0x0, 0xfb, 0x8c, 0x3, 0xff, 0x85, 0x86, 0x1,
    0xff, 0xc1, 0xe1, 0xf3, 0x0, 0xff, 0xe0, 0x61,
    0xe9, 0x81, 0x30, 0x7, 0x88, 0x40, 0x84, 0x2,
    0x79, 0x10, 0xe, 0xf8, 0x0, 0x36, 0x80, 0x7f,
    0xc6, 0x0, 0xf0, 0x10, 0x30, 0xf, 0x11, 0x10,
    0x41, 0x1, 0x83, 0xc1, 0x80, 0x3, 0x78, 0x3,
    0x98, 0x33, 0x45, 0xb0, 0x45, 0xa1, 0xa0, 0x5d,
    0x8c, 0x9f, 0x51, 0xb, 0x86, 0x86,

    /* U+FEB9 "ﺹ" */
    0x0, 0xff, 0xe8, 0x8d, 0x7f, 0xb0, 0xc0, 0x3f,
    0xe3, 0xf7, 0x9a, 0xd, 0x0, 0xfd, 0x48, 0x78,
    0xba, 0xcb, 0x22, 0x24, 0xe1, 0x0, 0xcd, 0x1a,
    0x76, 0x0, 0x28, 0x1, 0xe2, 0x10, 0xc, 0xc6,
    0x28, 0xf1, 0x7a, 0x54, 0xe, 0xa0, 0x1c, 0x24,
    0x2f, 0xc, 0xc7, 0xe5, 0x2, 0xe0, 0xe, 0x64,
    0xef, 0xf7, 0x6c, 0x8, 0x0, 0x7c, 0x3, 0x29,
    0x60, 0x7, 0xf3, 0xb9, 0x8c, 0xa2, 0x89, 0x40,
    0x3f, 0xa0, 0xe7, 0x35, 0xd7, 0x0, 0x3f, 0xc3,
    0x9d, 0x97, 0xd4, 0x20, 0x1f, 0xe0,

    /* U+FEBA "ﺺ" */
    0x0, 0xff, 0xe9, 0xd, 0x7f, 0xb0, 0xc0, 0x3f,
    0xf8, 0x7, 0xef, 0x34, 0x1a, 0x1, 0xfd, 0x48,
    0x78, 0xba, 0xcb, 0x22, 0x20, 0x4e, 0x10, 0xc,
    0xd1, 0xa7, 0x60, 0x2, 0x80, 0x10, 0xe2, 0x10,
    0xc, 0xc6, 0x28, 0xf1, 0x7a, 0x41, 0x2a, 0xea,
    0x1, 0xc2, 0x42, 0xf0, 0xcc, 0x7c, 0x56, 0x92,
    0xe0, 0xe, 0x64, 0xef, 0xf7, 0x6c, 0x1d, 0x7e,
    0xf, 0x80, 0x65, 0x2c, 0x0, 0xff, 0x3b, 0x98,
    0xca, 0x28, 0x94, 0x3, 0xfd, 0x7, 0x39, 0xae,
    0xb8, 0x1, 0xff, 0xe, 0x76, 0x5f, 0x50, 0x80,
    0x7f, 0xc0,

    /* U+FEBB "ﺻ" */
    0x0, 0xff, 0xe5, 0x47, 0xfb, 0x94, 0x3, 0x21,
    0x80, 0xeb, 0xc5, 0xa5, 0x10, 0x5, 0x32, 0x1c,
    0xd, 0x74, 0xb0, 0x70, 0x0, 0x92, 0x69, 0xe1,
    0x0, 0xd8, 0x30, 0xbe, 0x80, 0x9a, 0x34, 0x57,
    0x2b, 0x99, 0xa0, 0xa6, 0x42, 0xb0, 0xee, 0x5c,
    0x80,

    /* U+FEBC "ﺼ" */
    0x0, 0xff, 0xe6, 0x47, 0xfb, 0x58, 0x3, 0xc8,
    0x60, 0x3a, 0xf1, 0x6f, 0x24, 0x1, 0xd3, 0x21,
    0xc0, 0xd7, 0x4b, 0x4, 0x0, 0xc2, 0x49, 0xa7,
    0x84, 0x3, 0x60, 0x40, 0x1, 0x7d, 0x1, 0x34,
    0x68, 0xae, 0x50, 0xf7, 0x3, 0x82, 0x99, 0xa,
    0xc3, 0xb9, 0x6e, 0x16, 0x0,

    /* U+FEBD "ﺽ" */
    0x0, 0xfe, 0xe2, 0x0, 0xff, 0xe2, 0x71, 0xd,
    0x7f, 0xb0, 0xc0, 0x3f, 0xe3, 0xf7, 0x9a, 0xd,
    0x0, 0xfd, 0x48, 0x78, 0xba, 0xcb, 0x22, 0x24,
    0xe1, 0x0, 0xcd, 0x1a, 0x76, 0x0, 0x28, 0x1,
    0xe2, 0x10, 0xc, 0xc6, 0x28, 0xf1, 0x7a, 0x54,
    0xe, 0xa0, 0x1c, 0x24, 0x2f, 0xc, 0xc7, 0xe5,
    0x2, 0xe0, 0xe, 0x64, 0xef, 0xf7, 0x6c, 0x8,
    0x0, 0x7c, 0x3, 0x29, 0x60, 0x7, 0xf3, 0xb9,
    0x8c, 0xa2, 0x89, 0x40, 0x3f, 0xa0, 0xe7, 0x35,
    0xd7, 0x0, 0x3f, 0xc3, 0x9d, 0x97, 0xd4, 0x20,
    0x1f, 0xe0,

    /* U+FEBE "ﺾ" */
    0x0, 0xfe, 0xe2, 0x0, 0xff, 0xe2, 0xf1, 0xd,
    0x7f, 0xb0, 0xc0, 0x3f, 0xf8, 0x7, 0xef, 0x34,
    0x1a, 0x1, 0xfd, 0x48, 0x78, 0xba, 0xcb, 0x22,
    0x20, 0x4e, 0x10, 0xc, 0xd1, 0xa7, 0x60, 0x2,
    0x80, 0x10, 0xe2, 0x10, 0xc, 0xc6, 0x28, 0xf1,
    0x7a, 0x41, 0x2a, 0xea, 0x1, 0xc2, 0x42, 0xf0,
    0xcc, 0x7c, 0x56, 0x92, 0xe0, 0xe, 0x64, 0xef,
    0xf7, 0x6c, 0x1d, 0x7e, 0xf, 0x80, 0x65, 0x2c,
    0x0, 0xff, 0x3b, 0x98, 0xca, 0x28, 0x94, 0x3,
    0xfd, 0x7, 0x39, 0xae, 0xb8, 0x1, 0xff, 0xe,
    0x76, 0x5f, 0x50, 0x80, 0x7f, 0xc0,

    /* U+FEBF "ﺿ" */
    0x0, 0xc9, 0x80, 0x1f, 0xfc, 0x4, 0xc0, 0x4,
    0x7f, 0xb9, 0x40, 0x32, 0x18, 0xe, 0xbc, 0x5a,
    0x51, 0x0, 0x53, 0x21, 0xc0, 0xd7, 0x4b, 0x7,
    0x0, 0x9, 0x26, 0x9e, 0x10, 0xd, 0x83, 0xb,
    0xe8, 0x9, 0xa3, 0x45, 0x72, 0xb9, 0x9a, 0xa,
    0x64, 0x2b, 0xe, 0xe5, 0xc8, 0x0,

    /* U+FEC0 "ﻀ" */
    0x0, 0xc9, 0x80, 0x1f, 0xfc, 0x24, 0xc0, 0x4,
    0x7f, 0xb5, 0x80, 0x3c, 0x86, 0x3, 0xaf, 0x16,
    0xf2, 0x40, 0x1d, 0x32, 0x1c, 0xd, 0x74, 0xb0,
    0x40, 0xc, 0x24, 0x9a, 0x78, 0x40, 0x36, 0x4,
    0x0, 0x17, 0xd0, 0x13, 0x46, 0x8a, 0xe5, 0xf,
    0x70, 0x38, 0x29, 0x90, 0xac, 0x3b, 0x96, 0xe1,
    0x60, 0x0,

    /* U+FEC1 "ﻁ" */
    0x0, 0xbd, 0xc0, 0x3f, 0xff, 0xe0, 0x1c, 0xdb,
    0xfe, 0x90, 0xf, 0xae, 0x5e, 0xe5, 0x9c, 0x3,
    0xad, 0x26, 0x91, 0x8f, 0x40, 0x35, 0x25, 0x30,
    0x1, 0x8c, 0x99, 0xdc, 0x4, 0x53, 0xce, 0xc9,
    0xcc, 0x44, 0x0, 0x28, 0x83, 0xb5, 0x60, 0x80,

    /* U+FEC2 "ﻂ" */
    0x0, 0xbd, 0xc0, 0x3f, 0xff, 0xe0, 0x1f, 0xfc,
    0x56, 0xdf, 0xf4, 0x80, 0x7f, 0x5c, 0xbd, 0xcb,
    0x38, 0x7, 0xd6, 0x93, 0x48, 0xc7, 0x80, 0x1e,
    0xa4, 0xa6, 0x0, 0x31, 0x90, 0x1, 0x9d, 0xc0,
    0x45, 0x3c, 0xec, 0x83, 0xb8, 0xa2, 0x20, 0x1,
    0x44, 0x1d, 0xa6, 0xce, 0x1c,

    /* U+FEC3 "ﻃ" */
    0x0, 0xf, 0xb0, 0x7, 0xff, 0xfc, 0x3, 0x9b,
    0xbf, 0xd2, 0x1, 0xf6, 0x4b, 0xdc, 0x33, 0x0,
    0x3a, 0xce, 0xa5, 0x1c, 0xbc, 0x3, 0x5a, 0x5a,
    0x80, 0x1c, 0xb8, 0x5d, 0x80, 0x88, 0x6f, 0x3d,
    0x6, 0xe7, 0x10, 0x0, 0x14, 0x41, 0x16, 0xb0,
    0x0,

    /* U+FEC4 "ﻄ" */
    0x0, 0xf, 0xb0, 0x7, 0xff, 0xfc, 0x3, 0xff,
    0x8a, 0xdd, 0xfe, 0x90, 0xf, 0xec, 0x97, 0xb8,
    0x66, 0x0, 0x7d, 0x67, 0x52, 0x8e, 0x58, 0x1,
    0xeb, 0x4b, 0x50, 0x3, 0x91, 0x0, 0x2, 0xec,
    0x4, 0x43, 0x79, 0xe8, 0x5, 0x71, 0x38, 0x80,
    0x0, 0xa2, 0xe, 0xb5, 0x40, 0x85,

    /* U+FEC5 "ﻅ" */
    0x0, 0xbd, 0xc0, 0x3f, 0xfd, 0x2b, 0x80, 0x1f,
    0xf2, 0x70, 0x7, 0xfc, 0x29, 0xbf, 0xe9, 0x0,
    0xfa, 0xe5, 0xee, 0x59, 0xc0, 0x3a, 0xd2, 0x69,
    0x18, 0xf4, 0x3, 0x52, 0x53, 0x0, 0x18, 0xc9,
    0x9d, 0xc0, 0x45, 0x3c, 0xec, 0x9c, 0xc4, 0x40,
    0x2, 0x88, 0x3b, 0x56, 0x8,

    /* U+FEC6 "ﻆ" */
    0x0, 0xbd, 0xc0, 0x3f, 0xfe, 0x2b, 0x80, 0x1f,
    0xfc, 0x14, 0xe0, 0xf, 0xfe, 0x8, 0xa6, 0xff,
    0xa4, 0x3, 0xfa, 0xe5, 0xee, 0x59, 0xc0, 0x3e,
    0xb4, 0x9a, 0x46, 0x3c, 0x0, 0xf5, 0x25, 0x30,
    0x1, 0x8c, 0x80, 0xc, 0xee, 0x2, 0x29, 0xe7,
    0x64, 0x1d, 0xc5, 0x11, 0x0, 0xa, 0x20, 0xed,
    0x36, 0x70, 0xe0,

    /* U+FEC7 "ﻇ" */
    0x0, 0xf, 0xb0, 0x7, 0xff, 0xa5, 0xac, 0x3,
    0xfe, 0x79, 0x0, 0xff, 0x85, 0x3b, 0xfd, 0x20,
    0x1f, 0x64, 0xbd, 0xc3, 0x30, 0x3, 0xac, 0xea,
    0x51, 0xcb, 0xc0, 0x35, 0xa5, 0xa8, 0x1, 0xcb,
    0x85, 0xd8, 0x8, 0x86, 0xf3, 0xd0, 0x6e, 0x71,
    0x0, 0x1, 0x44, 0x11, 0x6b, 0x0,

    /* U+FEC8 "ﻈ" */
    0x0, 0xf, 0xb0, 0x7, 0xff, 0xc5, 0xac, 0x3,
    0xff, 0x82, 0xf2, 0x1, 0xff, 0xc1, 0x14, 0xef,
    0xf4, 0x80, 0x7f, 0x64, 0xbd, 0xc3, 0x30, 0x3,
    0xeb, 0x3a, 0x94, 0x72, 0xc0, 0xf, 0x5a, 0x5a,
    0x80, 0x1c, 0x88, 0x0, 0x17, 0x60, 0x22, 0x1b,
    0xcf, 0x40, 0x2b, 0x89, 0xc4, 0x0, 0x5, 0x10,
    0x75, 0xaa, 0x4, 0x28,

    /* U+FEC9 "ﻉ" */
    0x0, 0xff, 0xe0, 0xc7, 0x79, 0x0, 0x76, 0x34,
    0xd1, 0x0, 0x64, 0x3c, 0x75, 0x0, 0xf9, 0x89,
    0xaf, 0x40, 0x24, 0x5b, 0xd9, 0x64, 0x0, 0xc2,
    0xd, 0xba, 0x90, 0xa, 0x52, 0xe4, 0x80, 0x39,
    0x9d, 0x0, 0x3f, 0x68, 0x7, 0xe1, 0xc0, 0xf,
    0xd0, 0xd2, 0x62, 0x23, 0x95, 0x6, 0x94, 0xce,
    0xe6, 0x23, 0x0, 0x1b, 0x7b, 0x31, 0xda, 0x60,

    /* U+FECA "ﻊ" */
    0x0, 0x84, 0x40, 0x1e, 0x1c, 0xee, 0x61, 0x0,
    0x69, 0x36, 0x73, 0xb0, 0xd, 0x80, 0xaa, 0xc,
    0x0, 0xca, 0x46, 0x56, 0xa0, 0x1a, 0xca, 0x6,
    0xe5, 0xd0, 0x0, 0xae, 0xef, 0x74, 0x8e, 0x0,
    0xb4, 0x6, 0x37, 0xe8, 0x0, 0x5e, 0x1, 0xfa,
    0xd6, 0x8c, 0x44, 0x72, 0xc0, 0xd4, 0xf9, 0xdc,
    0xc4, 0x50, 0x2, 0xef, 0x66, 0x3b, 0x4c,

    /* U+FECB "ﻋ" */
    0x0, 0xff, 0xe0, 0xc, 0xf7, 0x90, 0x6, 0xd7,
    0x9b, 0x20, 0x8, 0xcd, 0xae, 0x80, 0x19, 0x80,
    0xc0, 0x3c, 0xe1, 0x0, 0x31, 0xa0, 0x2, 0xa7,
    0xfe, 0x6b, 0x17, 0x98, 0x2, 0xae, 0x63, 0x84,
    0x46, 0x6a, 0x80, 0x0,

    /* U+FECC "ﻌ" */
    0x0, 0xc2, 0x1, 0xe3, 0xde, 0xfb, 0x10, 0xa,
    0xa, 0x15, 0x18, 0x2, 0xe0, 0xd7, 0x15, 0x0,
    0x95, 0xd4, 0xa8, 0x80, 0x5e, 0x5c, 0x86, 0xa1,
    0x8e, 0x1d, 0xdb, 0x88, 0xf0,

    /* U+FECD "ﻍ" */
    0x0, 0xbc, 0x40, 0x3f, 0x68, 0x80, 0x7e, 0xae,
    0xf2, 0x0, 0xec, 0x69, 0xa2, 0x0, 0xc8, 0x78,
    0xea, 0x1, 0xf3, 0x13, 0x5e, 0x80, 0x48, 0xb7,
    0xb2, 0xc8, 0x1, 0x84, 0x1b, 0x75, 0x20, 0x14,
    0xa5, 0xc9, 0x0, 0x73, 0x3a, 0x0, 0x7e, 0xd0,
    0xf, 0xc3, 0x80, 0x1f, 0xa1, 0xa4, 0xc4, 0x47,
    0x2a, 0xd, 0x29, 0x9d, 0xcc, 0x46, 0x0, 0x36,
    0xf6, 0x63, 0xb4, 0xc0,

    /* U+FECE "ﻎ" */
    0x0, 0xa9, 0xc0, 0x3f, 0x5b, 0x0, 0x7f, 0xf1,
    0x7, 0x3b, 0x98, 0x40, 0x1a, 0x4d, 0x9c, 0xec,
    0x3, 0x60, 0x2a, 0x83, 0x0, 0x32, 0x91, 0x95,
    0xa8, 0x6, 0xb2, 0x81, 0xb9, 0x74, 0x0, 0x2b,
    0xbb, 0xdd, 0x23, 0x80, 0x2d, 0x1, 0x8d, 0xfa,
    0x0, 0x17, 0x80, 0x7e, 0xb5, 0xa3, 0x11, 0x1c,
    0xb0, 0x35, 0x3e, 0x77, 0x31, 0x14, 0x0, 0xbb,
    0xd9, 0x8e, 0xd3,

    /* U+FECF "ﻏ" */
    0x0, 0xde, 0x20, 0x1f, 0x68, 0x80, 0x7c, 0x40,
    0x1f, 0xc, 0xf7, 0x90, 0x6, 0xd7, 0x9b, 0x20,
    0x8, 0xcd, 0xae, 0x80, 0x19, 0x80, 0xc0, 0x3c,
    0xe1, 0x0, 0x31, 0xa0, 0x2, 0xa7, 0xfe, 0x6b,
    0x17, 0x98, 0x2, 0xae, 0x63, 0x84, 0x46, 0x6a,
    0x80, 0x0,

    /* U+FED0 "ﻐ" */
    0x0, 0xd6, 0xe0, 0x1f, 0x53, 0x0, 0x7e, 0x10,
    0xe, 0x3d, 0xef, 0xb1, 0x0, 0xa0, 0xa1, 0x51,
    0x80, 0x2e, 0xd, 0x71, 0x50, 0x9, 0x5d, 0x4a,
    0x88, 0x5, 0xe5, 0xc8, 0x6a, 0x18, 0xe1, 0xdd,
    0xb8, 0x8f, 0x0,

    /* U+FED1 "ﻑ" */
    0x0, 0xff, 0xf, 0x88, 0x7, 0xff, 0x0, 0x74,
    0x40, 0x3f, 0xf8, 0x24, 0x1, 0xff, 0xc1, 0xaf,
    0xd2, 0x0, 0xff, 0x4a, 0xb1, 0xe0, 0x7, 0xf9,
    0x16, 0x6c, 0x4c, 0x3, 0xf8, 0x5c, 0x74, 0x1,
    0x74, 0x1, 0xf4, 0x17, 0x30, 0x12, 0x10, 0x7,
    0xc9, 0xf8, 0xa6, 0x28, 0xf0, 0x64, 0x24, 0x44,
    0x6a, 0xc5, 0xe0, 0xb6, 0x7c, 0xde, 0xdd, 0x5c,
    0xb4, 0x71, 0x0, 0x27, 0xf6, 0xee, 0xce, 0xfc,
    0x70, 0x8,

    /* U+FED2 "ﻒ" */
    0x0, 0xff, 0xf, 0x88, 0x7, 0xff, 0x4, 0x74,
    0x40, 0x3f, 0xf8, 0x44, 0x1, 0xff, 0xc1, 0x1a,
    0xfc, 0x20, 0x0, 0x88, 0x3, 0xea, 0x56, 0x2c,
    0x0, 0x6d, 0x80, 0x7c, 0xcb, 0x36, 0x24, 0x6,
    0x40, 0x1f, 0x22, 0x4, 0xc0, 0x81, 0x5e, 0xc,
    0x8b, 0x1e, 0xe, 0x49, 0x3a, 0xd3, 0x3e, 0x6e,
    0xec, 0xa0, 0x1, 0x12, 0x38, 0x27, 0xf2, 0xee,
    0xcc, 0x6f, 0xee, 0xbf, 0xd6,

    /* U+FED3 "ﻓ" */
    0x0, 0xd4, 0xe0, 0x1e, 0xb6, 0x0, 0xe1, 0x67,
    0x0, 0xc5, 0xf1, 0x38, 0x1, 0x50, 0xed, 0x9b,
    0x0, 0x73, 0x80, 0x80, 0x24, 0xb7, 0x0, 0x40,
    0x3, 0xba, 0x80, 0x51, 0x77, 0xa2, 0x8, 0x66,
    0x88, 0x91, 0xa8, 0x0,

    /* U+FED4 "ﻔ" */
    0x0, 0xd1, 0x40, 0x1f, 0xa6, 0xc0, 0x3f, 0x8,
    0x80, 0x3e, 0x7f, 0xf4, 0x80, 0x71, 0xc2, 0x33,
    0x10, 0x3, 0x30, 0x4c, 0x80, 0xc0, 0x33, 0x85,
    0x30, 0x18, 0x0, 0x5d, 0x45, 0xe4, 0xd, 0xc4,
    0xe2, 0x0, 0x8a, 0x31, 0x5,

    /* U+FED5 "ﻕ" */
    0x0, 0xf2, 0xe3, 0x60, 0x7, 0xe5, 0xe7, 0xe0,
    0xf, 0xc3, 0x3d, 0xc1, 0x0, 0xfa, 0xd1, 0x8a,
    0xc0, 0x3e, 0x56, 0x99, 0x28, 0x7, 0xc4, 0xa3,
    0xc0, 0x40, 0x6a, 0x1, 0x41, 0xf3, 0x80, 0x87,
    0xe0, 0x4, 0xbd, 0xb4, 0x4, 0x7, 0x80, 0x18,
    0x4b, 0x48, 0x48, 0x4, 0x3, 0x8d, 0xac, 0x8,
    0xc, 0x3, 0x26, 0xa3, 0x0, 0x12, 0x54, 0xd6,
    0xad, 0x6c, 0x2, 0xa3, 0xac, 0xa4, 0x8b, 0x0,
    0xc3, 0xb9, 0x79, 0xce, 0x1, 0x80,

    /* U+FED6 "ﻖ" */
    0x0, 0xfb, 0xcf, 0xc8, 0x3, 0xfd, 0xa7, 0xa4,
    0x1, 0xfc, 0x3d, 0xfc, 0x20, 0x1f, 0xd6, 0x6c,
    0x56, 0x1, 0xfc, 0xaf, 0x30, 0xa0, 0x1f, 0xc2,
    0xa6, 0xa0, 0x40, 0x14, 0xb8, 0x4, 0xc5, 0x9a,
    0x14, 0xe6, 0xc, 0x20, 0x14, 0x38, 0x8, 0x3c,
    0x59, 0x1, 0x0, 0x68, 0xf3, 0x2f, 0xf4, 0x10,
    0x18, 0x7, 0x49, 0xc8, 0x6, 0x49, 0x62, 0x36,
    0xd6, 0x94, 0x0, 0xd4, 0x53, 0xb9, 0x23, 0x8c,
    0x1, 0xc3, 0x9b, 0x76, 0xec, 0x30, 0xe,

    /* U+FED7 "ﻗ" */
    0x0, 0xaa, 0x2d, 0xc0, 0x35, 0xcd, 0x30, 0x7,
    0x33, 0x88, 0x4, 0x5f, 0x13, 0x80, 0x15, 0xe,
    0xd9, 0xb0, 0x7, 0x38, 0x8, 0x2, 0x4b, 0x70,
    0x4, 0x0, 0x3b, 0xa8, 0x5, 0x17, 0x7a, 0x20,
    0x86, 0x68, 0x89, 0x1a, 0x80,

    /* U+FED8 "ﻘ" */
    0x0, 0xa2, 0x65, 0x0, 0x1e, 0x98, 0x84, 0x80,
    0x78, 0x47, 0x0, 0x79, 0xff, 0xd2, 0x1, 0xc7,
    0x8, 0xcc, 0x40, 0xc, 0xc1, 0x32, 0x3, 0x0,
    0xce, 0x14, 0xc0, 0x60, 0x1, 0x75, 0x17, 0x90,
    0x37, 0x13, 0x88, 0x2, 0x28, 0xc4, 0x14,

    /* U+FED9 "ﻙ" */
    0x0, 0xfe, 0xe9, 0x0, 0xff, 0xe7, 0x14, 0xb0,
    0x7, 0xe5, 0xf6, 0x0, 0xfc, 0xe7, 0x0, 0x1f,
    0x15, 0x75, 0x0, 0x7c, 0x55, 0x64, 0x1, 0xa,
    0xa0, 0x7, 0xc3, 0xf1, 0xc0, 0x1e, 0x90, 0x45,
    0x55, 0xba, 0xaa, 0x39, 0x9c, 0xe2, 0x9e, 0x6a,
    0x8c, 0xb7, 0x0,

    /* U+FEDA "ﻚ" */
    0x0, 0xfe, 0xe9, 0x0, 0xff, 0xea, 0x14, 0xb0,
    0x7, 0xf9, 0x7d, 0x80, 0x3f, 0xce, 0x70, 0x1,
    0xfc, 0x55, 0xd4, 0x1, 0xfc, 0x55, 0x64, 0x1,
    0xe2, 0x20, 0x7, 0xc2, 0x1, 0x7c, 0x0, 0x7a,
    0x40, 0xc0, 0x8, 0xb6, 0xea, 0xa8, 0xe6, 0x25,
    0x84, 0x99, 0x3c, 0x55, 0x19, 0x2f, 0x59, 0xf8,

    /* U+FEDB "ﻛ" */
    0x0, 0xff, 0xe1, 0xa5, 0xc8, 0x4, 0x2f, 0xb6,
    0xfa, 0x0, 0x8e, 0x84, 0xcc, 0x20, 0x1b, 0xb7,
    0x49, 0x80, 0x77, 0x88, 0x7, 0x1a, 0xc9, 0x80,
    0x7a, 0x8f, 0x44, 0x3, 0xda, 0x1a, 0x1, 0xe1,
    0xb3, 0x40, 0xf, 0x30, 0x8, 0x0, 0x5d, 0xee,
    0x4, 0x0, 0x1c, 0x44, 0x16, 0x20, 0x0,

    /* U+FEDC "ﻜ" */
    0x0, 0xff, 0xe2, 0x25, 0xc8, 0x6, 0x17, 0xdb,
    0x7d, 0x0, 0xa3, 0xa1, 0x33, 0x8, 0x0, 0x37,
    0x6e, 0x93, 0x0, 0xf7, 0x88, 0x7, 0x8d, 0x64,
    0xc0, 0x3e, 0xa3, 0xd1, 0x0, 0xfb, 0x43, 0x40,
    0x3e, 0x1b, 0x3a, 0x0, 0xf9, 0x81, 0x5c, 0x0,
    0x2e, 0xf7, 0x2, 0xc4, 0xb9, 0xc4, 0x41, 0x74,
    0xee, 0x80,

    /* U+FEDD "ﻝ" */
    0x0, 0xf9, 0x3c, 0xc0, 0x3f, 0xff, 0xe0, 0x18,
    0x4d, 0x80, 0x38, 0x40, 0x1f, 0xa0, 0x1d, 0xa0,
    0x42, 0x40, 0x18, 0x99, 0x1, 0x19, 0x82, 0x6f,
    0x83, 0x21, 0x2b, 0x3d, 0x90, 0x9a, 0x40, 0xa,
    0xec, 0xc7, 0xd1, 0x0, 0x0,

    /* U+FEDE "ﻞ" */
    0x0, 0xf9, 0x3c, 0xc0, 0x3f, 0xff, 0xe0, 0x1f,
    0xfc, 0xb2, 0x50, 0xe, 0x10, 0x70, 0x4, 0xf0,
    0x7, 0x68, 0x4b, 0x8b, 0x10, 0x6, 0x26, 0x10,
    0x85, 0x46, 0x60, 0x9b, 0xe0, 0xee, 0xbd, 0x21,
    0x67, 0xb2, 0x13, 0x4c, 0x2, 0x1a, 0xec, 0xc7,
    0xd1, 0x0, 0x60,

    /* U+FEDF "ﻟ" */
    0x0, 0xf, 0xb0, 0x7, 0xff, 0x78, 0xc0, 0xc5,
    0xf8, 0x10, 0xe0, 0xa4, 0x40,

    /* U+FEE0 "ﻠ" */
    0x0, 0xf, 0xb0, 0x7, 0xff, 0xc0, 0xc0, 0x40,
    0x2, 0xfc, 0x12, 0xe6, 0x68, 0x27, 0x28, 0x40,

    /* U+FEE1 "ﻡ" */
    0x0, 0x8a, 0x1c, 0x40, 0x22, 0xd7, 0x8e, 0x30,
    0x4, 0xf, 0x70, 0x64, 0xd, 0xcc, 0x8c, 0x0,
    0xb8, 0xc7, 0x9a, 0x13, 0x24, 0xbe, 0xdc, 0xe3,
    0x21, 0x0, 0x11, 0x80, 0x7f, 0xf3, 0x80,

    /* U+FEE2 "ﻢ" */
    0x0, 0x9f, 0xb8, 0xc0, 0x1c, 0xb0, 0xaa, 0x95,
    0x0, 0xdc, 0x77, 0x62, 0x90, 0x9, 0x54, 0x4e,
    0xe2, 0x3b, 0x76, 0xa9, 0x49, 0x82, 0x22, 0x55,
    0x15, 0xeb, 0xbf, 0x75, 0xfa, 0x40, 0x1f, 0xfc,
    0x72, 0x30, 0xf, 0xc0,

    /* U+FEE3 "ﻣ" */
    0x0, 0x86, 0xff, 0x54, 0x3, 0x6a, 0xb0, 0x50,
    0x80, 0x4, 0xee, 0x78, 0x14, 0x5f, 0x43, 0x9e,
    0x1, 0x8e, 0x9, 0x99, 0xb, 0x24,

    /* U+FEE4 "ﻤ" */
    0x0, 0x86, 0xff, 0xc, 0x3, 0xda, 0xac, 0x3a,
    0x20, 0x18, 0x4e, 0xe6, 0x42, 0x80, 0x1, 0x7d,
    0xe, 0x7e, 0xb, 0x72, 0x38, 0x26, 0x64, 0x2a,
    0x4, 0x20,

    /* U+FEE5 "ﻥ" */
    0x0, 0x9e, 0x80, 0x3f, 0x35, 0x80, 0x11, 0x40,
    0x30, 0x88, 0x0, 0x34, 0x44, 0x30, 0xe, 0x40,
    0x49, 0xf0, 0xe, 0x10, 0xe6, 0x60, 0x7, 0xe1,
    0x30, 0xe, 0x30, 0xd6, 0x40, 0xe, 0x91, 0x59,
    0x2a, 0x42, 0x4a, 0x58, 0x3, 0xa4, 0xbd, 0xb4,
    0xa6, 0x0, 0x2f, 0x65, 0xef, 0x28, 0x0,

    /* U+FEE6 "ﻦ" */
    0x0, 0x9e, 0x80, 0x3f, 0xcd, 0x60, 0x7, 0xf0,
    0x8, 0x90, 0x4, 0x40, 0x6, 0x7, 0x0, 0x44,
    0x0, 0x38, 0x42, 0x20, 0x4c, 0xc0, 0xf, 0x85,
    0xdc, 0x6, 0x1, 0xc4, 0x17, 0xea, 0xc8, 0x1,
    0xd6, 0x2a, 0x0, 0x92, 0xa4, 0x24, 0xa6, 0xa0,
    0x8, 0xe9, 0x2f, 0x6d, 0xed, 0x0, 0x32, 0xf6,
    0x5e, 0xe9, 0x0, 0x30,

    /* U+FEE7 "ﻧ" */
    0x0, 0x1f, 0x0, 0x47, 0x80, 0x18, 0x80, 0x24,
    0xc0, 0x8, 0x8c, 0x2, 0x10, 0x0, 0xbc, 0x98,
    0x1c, 0x17, 0x0,

    /* U+FEE8 "ﻨ" */
    0x0, 0x1f, 0x0, 0x63, 0xc0, 0xe, 0x20, 0xc,
    0x98, 0x1, 0x88, 0xc4, 0x2, 0x10, 0x30, 0x17,
    0x90, 0xe7, 0x38, 0x27, 0x28,

    /* U+FEE9 "ﻩ" */
    0x0, 0x8, 0x6, 0x2e, 0xe6, 0xa8, 0x2, 0x2,
    0x9e, 0x9c, 0x1d, 0xcb, 0x51, 0x1, 0x31, 0x0,
    0x20, 0x12, 0xb3, 0x5c, 0x27, 0x2b, 0x30, 0x9e,
    0x0,

    /* U+FEEA "ﻪ" */
    0x0, 0xb, 0xf9, 0x0, 0x4f, 0xd2, 0x2, 0x0,
    0x78, 0xae, 0x5, 0x0, 0x53, 0x28, 0x16, 0x0,
    0x11, 0xb7, 0xc9, 0x65, 0x66, 0xea, 0x9e, 0xed,
    0xc0,

    /* U+FEEB "ﻫ" */
    0x0, 0x10, 0x7, 0xeb, 0xe6, 0x0, 0xf5, 0x84,
    0xd8, 0x7, 0x41, 0xaa, 0x60, 0x6, 0x4a, 0xa0,
    0x1d, 0x0, 0x47, 0xa8, 0x10, 0xa6, 0x0, 0x45,
    0xa1, 0x71, 0x41, 0x73, 0x1, 0x45, 0x1, 0x38,
    0x45, 0x52, 0x52, 0x30,

    /* U+FEEC "ﻬ" */
    0x0, 0xff, 0xe0, 0x37, 0x7c, 0x0, 0x63, 0x97,
    0x78, 0x40, 0x2a, 0x29, 0x11, 0x80, 0x5d, 0x2,
    0xd9, 0xdc, 0x66, 0x82, 0x22, 0x3, 0x45, 0x97,
    0xa2, 0x24, 0x27, 0xe0, 0x0, 0x4a, 0xd1, 0x20,
    0x1a, 0x85, 0xc0, 0x3c, 0x71, 0x13, 0x0, 0x73,
    0xf6, 0xc8, 0x0,

    /* U+FEED "ﻭ" */
    0x0, 0xa3, 0xb5, 0x0, 0x26, 0x74, 0x1b, 0x10,
    0x7, 0x8d, 0x68, 0x38, 0x3, 0xc6, 0x9c, 0x4,
    0x0, 0xce, 0xe9, 0x0, 0xe8, 0xdb, 0x3, 0x0,
    0xc5, 0x42, 0x82, 0x49, 0x18, 0x3a, 0x17, 0xb6,
    0xe9, 0xa6, 0x13, 0x7b, 0xf4, 0x40, 0x0,

    /* U+FEEE "ﻮ" */
    0x0, 0xa3, 0xb8, 0x80, 0x1c, 0xce, 0x85, 0x62,
    0x1, 0xb0, 0x6b, 0x41, 0xc0, 0x36, 0xd, 0x30,
    0x6b, 0x98, 0x1, 0x9d, 0x20, 0x12, 0x14, 0x2,
    0x8e, 0xb0, 0xcf, 0x60, 0xc, 0x54, 0x66, 0x0,
    0x9, 0x24, 0x60, 0x70, 0x5, 0x7b, 0x6e, 0x9e,
    0x40, 0x14, 0xde, 0xfd, 0x8, 0x6,

    /* U+FEEF "ﻯ" */
    0x0, 0xff, 0xe2, 0x36, 0xff, 0x38, 0x7, 0x24,
    0xa5, 0xcc, 0x20, 0x6, 0x10, 0xe4, 0x7e, 0x41,
    0x20, 0x2, 0xb4, 0x74, 0x8, 0x6c, 0x0, 0x53,
    0xb2, 0xd6, 0x7, 0xa0, 0x18, 0x9d, 0x10, 0x5,
    0x60, 0x18, 0xa5, 0x58, 0x24, 0xff, 0x31, 0xfa,
    0xcc, 0x90, 0x4d, 0x77, 0x33, 0xd7, 0x48, 0x0,

    /* U+FEF0 "ﻰ" */
    0x0, 0xff, 0xe4, 0x17, 0x7c, 0x0, 0x2e, 0xc0,
    0x1d, 0xc7, 0xe, 0x80, 0xb8, 0x1, 0xce, 0x46,
    0xd4, 0x61, 0xc0, 0x1d, 0x45, 0xf2, 0xa8, 0xcc,
    0x83, 0x12, 0x48, 0x2d, 0xb, 0x78, 0x77, 0x67,
    0x6d, 0xa4, 0xb0, 0x6, 0x8f, 0xcb, 0xb6, 0xe9,
    0x80, 0x30,

    /* U+FEF1 "ﻱ" */
    0x0, 0xff, 0xe2, 0x36, 0xff, 0x38, 0x7, 0x24,
    0xa5, 0xcc, 0x20, 0x7, 0x85, 0x5f, 0x90, 0x90,
    0x0, 0x8e, 0xee, 0xa0, 0x7, 0x70, 0x2, 0x8f,
    0xa4, 0xd0, 0x3d, 0x0, 0xe5, 0x51, 0x82, 0x50,
    0x80, 0x49, 0x49, 0x1, 0x43, 0xdb, 0xdf, 0x63,
    0x6e, 0x3, 0x98, 0x8b, 0xcf, 0xb4, 0x0, 0xc5,
    0x4d, 0x80, 0x1f, 0xe, 0x9e, 0x80, 0x70,

    /* U+FEF2 "ﻲ" */
    0x0, 0xff, 0xe4, 0x17, 0x7c, 0x0, 0x2e, 0xc0,
    0x1d, 0xc7, 0xe, 0x80, 0xb8, 0x1, 0xce, 0x46,
    0xd4, 0x61, 0xc0, 0x1d, 0x45, 0xf2, 0xa8, 0xcc,
    0x83, 0x12, 0x48, 0x2d, 0xb, 0x78, 0x77, 0x67,
    0x6d, 0xa4, 0xb0, 0x6, 0x8f, 0xcb, 0xb6, 0xe9,
    0x80, 0x3c, 0x38, 0xf6, 0x40, 0x1f, 0x87, 0x4f,
    0x40, 0x3e,

    /* U+FEF3 "ﻳ" */
    0x0, 0x1c, 0x0, 0x4a, 0xe2, 0x0, 0x10, 0x11,
    0x3c, 0x98, 0x1c, 0x1f, 0x81, 0x7e, 0x98, 0x0,
    0xfd, 0x38, 0xf, 0x53, 0x0,

    /* U+FEF4 "ﻴ" */
    0x0, 0x1c, 0x0, 0x65, 0x71, 0x0, 0x84, 0xc,
    0x5, 0xe4, 0x39, 0xce, 0x9, 0xca, 0xb, 0xf2,
    0x3b, 0xc0, 0xfd, 0x38, 0x0, 0x7a, 0x98, 0x0,

    /* U+FEF5 "ﻵ" */
    0x1a, 0x30, 0x19, 0x0, 0xd3, 0xf3, 0xb5, 0xa0,
    0x1a, 0x16, 0xbe, 0xd0, 0x1, 0xf0, 0x0, 0x1d,
    0x50, 0xf, 0x85, 0xa4, 0x3, 0xf5, 0x99, 0x80,
    0x3e, 0x24, 0x90, 0xf, 0xde, 0xa4, 0x0, 0xf0,
    0xc, 0x85, 0x60, 0x1, 0x0, 0xe8, 0x64, 0x5,
    0x0, 0xe5, 0x1b, 0x13, 0x0, 0xf2, 0x85, 0x80,
    0x68, 0x7c, 0x48, 0x50, 0xc, 0x70, 0x16, 0xe0,
    0x0,

    /* U+FEF6 "ﻶ" */
    0x1a, 0x30, 0x19, 0x0, 0xf4, 0xfc, 0xed, 0x68,
    0x7, 0xa1, 0x6b, 0xed, 0x0, 0x1f, 0x0, 0x18,
    0x75, 0x40, 0x3f, 0x85, 0xa4, 0x3, 0xfd, 0x66,
    0x60, 0xf, 0xe2, 0x49, 0x0, 0xff, 0x7a, 0x90,
    0x7, 0xf2, 0x15, 0x80, 0x7f, 0xa1, 0x90, 0x3,
    0xf9, 0x46, 0xc0, 0x40, 0x3f, 0x28, 0x1a, 0x0,
    0x74, 0x3e, 0x24, 0xf9, 0x52, 0x0, 0x47, 0x1,
    0x6c, 0x70, 0xbe,

    /* U+FEF7 "ﻷ" */
    0x9, 0xc3, 0x0, 0xe2, 0x3c, 0x30, 0xe, 0x37,
    0x52, 0x0, 0xe3, 0x34, 0x38, 0x7, 0x16, 0x6a,
    0x80, 0x5f, 0x0, 0xe, 0x30, 0xf, 0x12, 0xc0,
    0x7, 0xd0, 0x84, 0x1, 0xe3, 0x35, 0x80, 0x7d,
    0x2c, 0x20, 0xf, 0x0, 0x94, 0xa4, 0x0, 0x20,
    0x1a, 0xd9, 0x1, 0x40, 0x33, 0x5, 0x9, 0x80,
    0x72, 0x8d, 0x80, 0x50, 0xf8, 0x90, 0xa0, 0x11,
    0xc0, 0x5b, 0x80, 0x0,

    /* U+FEF8 "ﻸ" */
    0x9, 0xc3, 0x0, 0xf8, 0x8f, 0xc, 0x3, 0xe3,
    0x75, 0x20, 0xf, 0x8c, 0xd0, 0xe0, 0x1f, 0x16,
    0x6a, 0x80, 0x5f, 0x0, 0x1b, 0x8c, 0x3, 0xf1,
    0x2c, 0x0, 0x7f, 0x42, 0x10, 0x7, 0xe3, 0x35,
    0x80, 0x7f, 0x4b, 0x8, 0x7, 0xe5, 0x29, 0x0,
    0xfe, 0xb6, 0x40, 0xf, 0xcc, 0x14, 0x2, 0x1,
    0xf2, 0x89, 0x20, 0x6, 0x87, 0xc4, 0x8e, 0x2a,
    0x40, 0x1, 0xc0, 0x5b, 0x9c, 0x2f, 0x80,

    /* U+FEF9 "ﻹ" */
    0x0, 0xf7, 0xc1, 0x71, 0x80, 0x71, 0x2c, 0x0,
    0x7a, 0x10, 0x80, 0x38, 0xcd, 0x60, 0x1e, 0x96,
    0x10, 0x7, 0x80, 0x14, 0xa4, 0x0, 0x20, 0x15,
    0xb2, 0x2, 0x80, 0x4c, 0x14, 0x26, 0x1, 0x94,
    0x6c, 0x1, 0xf, 0x89, 0xa, 0x0, 0x38, 0xb,
    0x70, 0x2, 0xbc, 0x62, 0x0, 0x5d, 0x8e, 0x1,
    0xc5, 0xb4, 0x1, 0xd9, 0x34, 0x1, 0xc0,

    /* U+FEFA "ﻺ" */
    0x0, 0xf7, 0xc0, 0x0, 0xb8, 0xc0, 0x3e, 0x25,
    0x80, 0xf, 0xd0, 0x84, 0x1, 0xf1, 0x9a, 0xc0,
    0x3f, 0x4b, 0x8, 0x7, 0xca, 0x52, 0x1, 0xfa,
    0xd9, 0x0, 0x3e, 0x60, 0xa0, 0x10, 0xf, 0x28,
    0x92, 0x0, 0x50, 0xf8, 0x91, 0xc5, 0x48, 0x7,
    0x1, 0x6e, 0x70, 0xbe, 0xaf, 0x18, 0x80, 0x7,
    0xfb, 0xec, 0x70, 0xf, 0x8b, 0x68, 0x3, 0xec,
    0x9a, 0x0, 0xf8,

    /* U+FEFB "ﻻ" */
    0x0, 0xf7, 0xc1, 0x71, 0x80, 0x71, 0x2c, 0x0,
    0x7a, 0x10, 0x80, 0x38, 0xcd, 0x60, 0x1e, 0x96,
    0x10, 0x7, 0x80, 0x14, 0xa4, 0x0, 0x20, 0x15,
    0xb2, 0x2, 0x80, 0x4c, 0x14, 0x26, 0x1, 0x94,
    0x6c, 0x1, 0xf, 0x89, 0xa, 0x0, 0x38, 0xb,
    0x70, 0x0,

    /* U+FEFC "ﻼ" */
    0x0, 0xf7, 0xc0, 0x0, 0xb8, 0xc0, 0x3e, 0x25,
    0x80, 0xf, 0xd0, 0x84, 0x1, 0xf1, 0x9a, 0xc0,
    0x3f, 0x4b, 0x8, 0x7, 0xca, 0x52, 0x1, 0xfa,
    0xd9, 0x0, 0x3e, 0x60, 0xa0, 0x10, 0xf, 0x28,
    0x92, 0x0, 0x50, 0xf8, 0x91, 0xc5, 0x48, 0x7,
    0x1, 0x6e, 0x70, 0xbe
};


/*---------------------
 *  GLYPH DESCRIPTION
 *--------------------*/

static const lv_font_fmt_txt_glyph_dsc_t glyph_dsc[] = {
    {.bitmap_index = 0, .adv_w = 0, .box_w = 0, .box_h = 0, .ofs_x = 0, .ofs_y = 0} /* id = 0 reserved */,
    {.bitmap_index = 0, .adv_w = 81, .box_w = 0, .box_h = 0, .ofs_x = 0, .ofs_y = 0},
    {.bitmap_index = 0, .adv_w = 103, .box_w = 2, .box_h = 12, .ofs_x = 2, .ofs_y = 0},
    {.bitmap_index = 11, .adv_w = 118, .box_w = 5, .box_h = 5, .ofs_x = 1, .ofs_y = 7},
    {.bitmap_index = 20, .adv_w = 215, .box_w = 12, .box_h = 12, .ofs_x = 1, .ofs_y = 0},
    {.bitmap_index = 87, .adv_w = 163, .box_w = 8, .box_h = 15, .ofs_x = 1, .ofs_y = -3},
    {.bitmap_index = 140, .adv_w = 243, .box_w = 15, .box_h = 12, .ofs_x = 0, .ofs_y = 0},
    {.bitmap_index = 216, .adv_w = 200, .box_w = 11, .box_h = 12, .ofs_x = 1, .ofs_y = 0},
    {.bitmap_index = 276, .adv_w = 70, .box_w = 2, .box_h = 5, .ofs_x = 1, .ofs_y = 7},
    {.bitmap_index = 280, .adv_w = 100, .box_w = 4, .box_h = 15, .ofs_x = 1, .ofs_y = -3},
    {.bitmap_index = 311, .adv_w = 100, .box_w = 4, .box_h = 15, .ofs_x = 1, .ofs_y = -3},
    {.bitmap_index = 343, .adv_w = 128, .box_w = 8, .box_h = 8, .ofs_x = 0, .ofs_y = 4},
    {.bitmap_index = 374, .adv_w = 215, .box_w = 11, .box_h = 11, .ofs_x = 1, .ofs_y = 0},
    {.bitmap_index = 403, .adv_w = 81, .box_w = 3, .box_h = 4, .ofs_x = 1, .ofs_y = -2},
    {.bitmap_index = 409, .adv_w = 92, .box_w = 5, .box_h = 3, .ofs_x = 0, .ofs_y = 3},
    {.bitmap_index = 415, .adv_w = 81, .box_w = 3, .box_h = 2, .ofs_x = 1, .ofs_y = 0},
    {.bitmap_index = 418, .adv_w = 86, .box_w = 6, .box_h = 13, .ofs_x = 0, .ofs_y = -1},
    {.bitmap_index = 453, .adv_w = 163, .box_w = 9, .box_h = 12, .ofs_x = 1, .ofs_y = 0},
    {.bitmap_index = 503, .adv_w = 163, .box_w = 8, .box_h = 12, .ofs_x = 1, .ofs_y = 0},
    {.bitmap_index = 524, .adv_w = 163, .box_w = 8, .box_h = 12, .ofs_x = 1, .ofs_y = 0},
    {.bitmap_index = 567, .adv_w = 163, .box_w = 8, .box_h = 12, .ofs_x = 1, .ofs_y = 0},
    {.bitmap_index = 611, .adv_w = 163, .box_w = 10, .box_h = 12, .ofs_x = 0, .ofs_y = 0},
    {.bitmap_index = 654, .adv_w = 163, .box_w = 8, .box_h = 12, .ofs_x = 1, .ofs_y = 0},
    {.bitmap_index = 692, .adv_w = 163, .box_w = 9, .box_h = 12, .ofs_x = 1, .ofs_y = 0},
    {.bitmap_index = 743, .adv_w = 163, .box_w = 8, .box_h = 12, .ofs_x = 1, .ofs_y = 0},
    {.bitmap_index = 780, .adv_w = 163, .box_w = 9, .box_h = 12, .ofs_x = 1, .ofs_y = 0},
    {.bitmap_index = 834, .adv_w = 163, .box_w = 9, .box_h = 12, .ofs_x = 1, .ofs_y = 0},
    {.bitmap_index = 887, .adv_w = 86, .box_w = 3, .box_h = 8, .ofs_x = 1, .ofs_y = 0},
    {.bitmap_index = 897, .adv_w = 86, .box_w = 3, .box_h = 10, .ofs_x = 1, .ofs_y = -2},
    {.bitmap_index = 910, .adv_w = 215, .box_w = 11, .box_h = 10, .ofs_x = 1, .ofs_y = 0},
    {.bitmap_index = 954, .adv_w = 215, .box_w = 11, .box_h = 6, .ofs_x = 1, .ofs_y = 2},
    {.bitmap_index = 972, .adv_w = 215, .box_w = 11, .box_h = 10, .ofs_x = 1, .ofs_y = 0},
    {.bitmap_index = 1018, .adv_w = 136, .box_w = 7, .box_h = 12, .ofs_x = 1, .ofs_y = 0},
    {.bitmap_index = 1055, .adv_w = 256, .box_w = 14, .box_h = 15, .ofs_x = 1, .ofs_y = -4},
    {.bitmap_index = 1157, .adv_w = 175, .box_w = 11, .box_h = 12, .ofs_x = 0, .ofs_y = 0},
    {.bitmap_index = 1212, .adv_w = 176, .box_w = 9, .box_h = 12, .ofs_x = 1, .ofs_y = 0},
    {.bitmap_index = 1261, .adv_w = 179, .box_w = 11, .box_h = 12, .ofs_x = 0, .ofs_y = 0},
    {.bitmap_index = 1311, .adv_w = 197, .box_w = 11, .box_h = 12, .ofs_x = 1, .ofs_y = 0},
    {.bitmap_index = 1360, .adv_w = 162, .box_w = 9, .box_h = 12, .ofs_x = 1, .ofs_y = 0},
    {.bitmap_index = 1394, .adv_w = 147, .box_w = 8, .box_h = 12, .ofs_x = 1, .ofs_y = 0},
    {.bitmap_index = 1421, .adv_w = 198, .box_w = 12, .box_h = 12, .ofs_x = 0, .ofs_y = 0},
    {.bitmap_index = 1482, .adv_w = 193, .box_w = 10, .box_h = 12, .ofs_x = 1, .ofs_y = 0},
    {.bitmap_index = 1506, .adv_w = 76, .box_w = 3, .box_h = 12, .ofs_x = 1, .ofs_y = 0},
    {.bitmap_index = 1511, .adv_w = 76, .box_w = 5, .box_h = 15, .ofs_x = -1, .ofs_y = -3},
    {.bitmap_index = 1526, .adv_w = 168, .box_w = 10, .box_h = 12, .ofs_x = 1, .ofs_y = 0},
    {.bitmap_index = 1571, .adv_w = 143, .box_w = 8, .box_h = 12, .ofs_x = 1, .ofs_y = 0},
    {.bitmap_index = 1583, .adv_w = 221, .box_w = 12, .box_h = 12, .ofs_x = 1, .ofs_y = 0},
    {.bitmap_index = 1636, .adv_w = 192, .box_w = 10, .box_h = 12, .ofs_x = 1, .ofs_y = 0},
    {.bitmap_index = 1678, .adv_w = 202, .box_w = 12, .box_h = 12, .ofs_x = 0, .ofs_y = 0},
    {.bitmap_index = 1741, .adv_w = 154, .box_w = 9, .box_h = 12, .ofs_x = 1, .ofs_y = 0},
    {.bitmap_index = 1778, .adv_w = 202, .box_w = 12, .box_h = 14, .ofs_x = 0, .ofs_y = -2},
    {.bitmap_index = 1849, .adv_w = 178, .box_w = 10, .box_h = 12, .ofs_x = 1, .ofs_y = 0},
    {.bitmap_index = 1896, .adv_w = 163, .box_w = 9, .box_h = 12, .ofs_x = 1, .ofs_y = 0},
    {.bitmap_index = 1946, .adv_w = 156, .box_w = 11, .box_h = 12, .ofs_x = -1, .ofs_y = 0},
    {.bitmap_index = 1965, .adv_w = 187, .box_w = 10, .box_h = 12, .ofs_x = 1, .ofs_y = 0},
    {.bitmap_index = 1992, .adv_w = 175, .box_w = 11, .box_h = 12, .ofs_x = 0, .ofs_y = 0},
    {.bitmap_index = 2048, .adv_w = 253, .box_w = 16, .box_h = 12, .ofs_x = 0, .ofs_y = 0},
    {.bitmap_index = 2139, .adv_w = 175, .box_w = 11, .box_h = 12, .ofs_x = 0, .ofs_y = 0},
    {.bitmap_index = 2197, .adv_w = 156, .box_w = 11, .box_h = 12, .ofs_x = -1, .ofs_y = 0},
    {.bitmap_index = 2233, .adv_w = 175, .box_w = 11, .box_h = 12, .ofs_x = 0, .ofs_y = 0},
    {.bitmap_index = 2280, .adv_w = 100, .box_w = 4, .box_h = 15, .ofs_x = 1, .ofs_y = -3},
    {.bitmap_index = 2293, .adv_w = 86, .box_w = 6, .box_h = 13, .ofs_x = 0, .ofs_y = -1},
    {.bitmap_index = 2326, .adv_w = 100, .box_w = 4, .box_h = 15, .ofs_x = 1, .ofs_y = -3},
    {.bitmap_index = 2339, .adv_w = 215, .box_w = 11, .box_h = 5, .ofs_x = 1, .ofs_y = 7},
    {.bitmap_index = 2364, .adv_w = 128, .box_w = 10, .box_h = 2, .ofs_x = -1, .ofs_y = -5},
    {.bitmap_index = 2370, .adv_w = 128, .box_w = 5, .box_h = 3, .ofs_x = 1, .ofs_y = 10},
    {.bitmap_index = 2378, .adv_w = 157, .box_w = 9, .box_h = 9, .ofs_x = 0, .ofs_y = 0},
    {.bitmap_index = 2418, .adv_w = 163, .box_w = 9, .box_h = 12, .ofs_x = 1, .ofs_y = 0},
    {.bitmap_index = 2460, .adv_w = 141, .box_w = 8, .box_h = 9, .ofs_x = 0, .ofs_y = 0},
    {.bitmap_index = 2492, .adv_w = 163, .box_w = 9, .box_h = 12, .ofs_x = 0, .ofs_y = 0},
    {.bitmap_index = 2537, .adv_w = 158, .box_w = 9, .box_h = 9, .ofs_x = 0, .ofs_y = 0},
    {.bitmap_index = 2575, .adv_w = 90, .box_w = 6, .box_h = 12, .ofs_x = 0, .ofs_y = 0},
    {.bitmap_index = 2597, .adv_w = 163, .box_w = 9, .box_h = 12, .ofs_x = 0, .ofs_y = -3},
    {.bitmap_index = 2651, .adv_w = 162, .box_w = 8, .box_h = 12, .ofs_x = 1, .ofs_y = 0},
    {.bitmap_index = 2675, .adv_w = 71, .box_w = 2, .box_h = 12, .ofs_x = 1, .ofs_y = 0},
    {.bitmap_index = 2683, .adv_w = 71, .box_w = 4, .box_h = 15, .ofs_x = -1, .ofs_y = -3},
    {.bitmap_index = 2700, .adv_w = 148, .box_w = 9, .box_h = 12, .ofs_x = 1, .ofs_y = 0},
    {.bitmap_index = 2735, .adv_w = 71, .box_w = 2, .box_h = 12, .ofs_x = 1, .ofs_y = 0},
    {.bitmap_index = 2740, .adv_w = 249, .box_w = 14, .box_h = 9, .ofs_x = 1, .ofs_y = 0},
    {.bitmap_index = 2775, .adv_w = 162, .box_w = 8, .box_h = 9, .ofs_x = 1, .ofs_y = 0},
    {.bitmap_index = 2796, .adv_w = 157, .box_w = 9, .box_h = 9, .ofs_x = 0, .ofs_y = 0},
    {.bitmap_index = 2836, .adv_w = 163, .box_w = 9, .box_h = 12, .ofs_x = 1, .ofs_y = -3},
    {.bitmap_index = 2882, .adv_w = 163, .box_w = 9, .box_h = 12, .ofs_x = 0, .ofs_y = -3},
    {.bitmap_index = 2928, .adv_w = 105, .box_w = 6, .box_h = 10, .ofs_x = 1, .ofs_y = 0},
    {.bitmap_index = 2946, .adv_w = 133, .box_w = 8, .box_h = 9, .ofs_x = 0, .ofs_y = 0},
    {.bitmap_index = 2981, .adv_w = 100, .box_w = 6, .box_h = 12, .ofs_x = 0, .ofs_y = 0},
    {.bitmap_index = 3008, .adv_w = 162, .box_w = 8, .box_h = 9, .ofs_x = 1, .ofs_y = 0},
    {.bitmap_index = 3029, .adv_w = 152, .box_w = 9, .box_h = 9, .ofs_x = 0, .ofs_y = 0},
    {.bitmap_index = 3067, .adv_w = 209, .box_w = 13, .box_h = 9, .ofs_x = 0, .ofs_y = 0},
    {.bitmap_index = 3126, .adv_w = 152, .box_w = 9, .box_h = 9, .ofs_x = 0, .ofs_y = 0},
    {.bitmap_index = 3165, .adv_w = 152, .box_w = 9, .box_h = 12, .ofs_x = 0, .ofs_y = -3},
    {.bitmap_index = 3213, .adv_w = 134, .box_w = 8, .box_h = 9, .ofs_x = 0, .ofs_y = 0},
    {.bitmap_index = 3244, .adv_w = 163, .box_w = 7, .box_h = 16, .ofs_x = 2, .ofs_y = -4},
    {.bitmap_index = 3290, .adv_w = 86, .box_w = 2, .box_h = 16, .ofs_x = 2, .ofs_y = -4},
    {.bitmap_index = 3295, .adv_w = 163, .box_w = 7, .box_h = 16, .ofs_x = 2, .ofs_y = -4},
    {.bitmap_index = 3341, .adv_w = 215, .box_w = 11, .box_h = 4, .ofs_x = 1, .ofs_y = 3},
    {.bitmap_index = 3360, .adv_w = 81, .box_w = 0, .box_h = 0, .ofs_x = 0, .ofs_y = 0},
    {.bitmap_index = 3360, .adv_w = 103, .box_w = 2, .box_h = 12, .ofs_x = 2, .ofs_y = -3},
    {.bitmap_index = 3371, .adv_w = 163, .box_w = 8, .box_h = 15, .ofs_x = 1, .ofs_y = -3},
    {.bitmap_index = 3419, .adv_w = 163, .box_w = 8, .box_h = 12, .ofs_x = 1, .ofs_y = 0},
    {.bitmap_index = 3461, .adv_w = 163, .box_w = 10, .box_h = 10, .ofs_x = 0, .ofs_y = 0},
    {.bitmap_index = 3507, .adv_w = 163, .box_w = 10, .box_h = 12, .ofs_x = 0, .ofs_y = 0},
    {.bitmap_index = 3554, .adv_w = 86, .box_w = 2, .box_h = 14, .ofs_x = 2, .ofs_y = -3},
    {.bitmap_index = 3564, .adv_w = 128, .box_w = 8, .box_h = 14, .ofs_x = 0, .ofs_y = -2},
    {.bitmap_index = 3621, .adv_w = 128, .box_w = 6, .box_h = 2, .ofs_x = 1, .ofs_y = 11},
    {.bitmap_index = 3627, .adv_w = 256, .box_w = 12, .box_h = 12, .ofs_x = 2, .ofs_y = 0},
    {.bitmap_index = 3697, .adv_w = 121, .box_w = 7, .box_h = 8, .ofs_x = 0, .ofs_y = 3},
    {.bitmap_index = 3725, .adv_w = 157, .box_w = 8, .box_h = 8, .ofs_x = 1, .ofs_y = 1},
    {.bitmap_index = 3755, .adv_w = 215, .box_w = 11, .box_h = 6, .ofs_x = 1, .ofs_y = 2},
    {.bitmap_index = 3772, .adv_w = 92, .box_w = 5, .box_h = 3, .ofs_x = 0, .ofs_y = 3},
    {.bitmap_index = 3778, .adv_w = 256, .box_w = 12, .box_h = 12, .ofs_x = 2, .ofs_y = 0},
    {.bitmap_index = 3847, .adv_w = 128, .box_w = 6, .box_h = 2, .ofs_x = 1, .ofs_y = 10},
    {.bitmap_index = 3852, .adv_w = 128, .box_w = 6, .box_h = 5, .ofs_x = 1, .ofs_y = 7},
    {.bitmap_index = 3868, .adv_w = 215, .box_w = 11, .box_h = 10, .ofs_x = 1, .ofs_y = 0},
    {.bitmap_index = 3905, .adv_w = 103, .box_w = 6, .box_h = 6, .ofs_x = 0, .ofs_y = 5},
    {.bitmap_index = 3924, .adv_w = 103, .box_w = 6, .box_h = 6, .ofs_x = 0, .ofs_y = 5},
    {.bitmap_index = 3942, .adv_w = 128, .box_w = 5, .box_h = 3, .ofs_x = 2, .ofs_y = 10},
    {.bitmap_index = 3950, .adv_w = 163, .box_w = 9, .box_h = 12, .ofs_x = 1, .ofs_y = -3},
    {.bitmap_index = 3979, .adv_w = 163, .box_w = 8, .box_h = 14, .ofs_x = 1, .ofs_y = -2},
    {.bitmap_index = 4007, .adv_w = 81, .box_w = 3, .box_h = 2, .ofs_x = 1, .ofs_y = 5},
    {.bitmap_index = 4010, .adv_w = 128, .box_w = 4, .box_h = 4, .ofs_x = 2, .ofs_y = -3},
    {.bitmap_index = 4017, .adv_w = 103, .box_w = 5, .box_h = 6, .ofs_x = 1, .ofs_y = 5},
    {.bitmap_index = 4027, .adv_w = 121, .box_w = 7, .box_h = 8, .ofs_x = 0, .ofs_y = 3},
    {.bitmap_index = 4054, .adv_w = 157, .box_w = 8, .box_h = 8, .ofs_x = 1, .ofs_y = 1},
    {.bitmap_index = 4084, .adv_w = 248, .box_w = 14, .box_h = 13, .ofs_x = 1, .ofs_y = -1},
    {.bitmap_index = 4157, .adv_w = 248, .box_w = 14, .box_h = 13, .ofs_x = 1, .ofs_y = 0},
    {.bitmap_index = 4227, .adv_w = 248, .box_w = 15, .box_h = 13, .ofs_x = 0, .ofs_y = -1},
    {.bitmap_index = 4313, .adv_w = 136, .box_w = 7, .box_h = 12, .ofs_x = 1, .ofs_y = -3},
    {.bitmap_index = 4350, .adv_w = 175, .box_w = 11, .box_h = 15, .ofs_x = 0, .ofs_y = 0},
    {.bitmap_index = 4415, .adv_w = 175, .box_w = 11, .box_h = 15, .ofs_x = 0, .ofs_y = 0},
    {.bitmap_index = 4480, .adv_w = 175, .box_w = 11, .box_h = 15, .ofs_x = 0, .ofs_y = 0},
    {.bitmap_index = 4547, .adv_w = 175, .box_w = 11, .box_h = 15, .ofs_x = 0, .ofs_y = 0},
    {.bitmap_index = 4614, .adv_w = 175, .box_w = 11, .box_h = 15, .ofs_x = 0, .ofs_y = 0},
    {.bitmap_index = 4682, .adv_w = 175, .box_w = 11, .box_h = 15, .ofs_x = 0, .ofs_y = 0},
    {.bitmap_index = 4749, .adv_w = 249, .box_w = 15, .box_h = 12, .ofs_x = 0, .ofs_y = 0},
    {.bitmap_index = 4816, .adv_w = 179, .box_w = 11, .box_h = 15, .ofs_x = 0, .ofs_y = -3},
    {.bitmap_index = 4878, .adv_w = 162, .box_w = 9, .box_h = 15, .ofs_x = 1, .ofs_y = 0},
    {.bitmap_index = 4922, .adv_w = 162, .box_w = 9, .box_h = 15, .ofs_x = 1, .ofs_y = 0},
    {.bitmap_index = 4965, .adv_w = 162, .box_w = 9, .box_h = 15, .ofs_x = 1, .ofs_y = 0},
    {.bitmap_index = 5011, .adv_w = 162, .box_w = 9, .box_h = 15, .ofs_x = 1, .ofs_y = 0},
    {.bitmap_index = 5058, .adv_w = 76, .box_w = 4, .box_h = 15, .ofs_x = 0, .ofs_y = 0},
    {.bitmap_index = 5070, .adv_w = 76, .box_w = 4, .box_h = 15, .ofs_x = 1, .ofs_y = 0},
    {.bitmap_index = 5081, .adv_w = 76, .box_w = 6, .box_h = 15, .ofs_x = -1, .ofs_y = 0},
    {.bitmap_index = 5096, .adv_w = 76, .box_w = 5, .box_h = 15, .ofs_x = 0, .ofs_y = 0},
    {.bitmap_index = 5109, .adv_w = 198, .box_w = 12, .box_h = 12, .ofs_x = 0, .ofs_y = 0},
    {.bitmap_index = 5166, .adv_w = 192, .box_w = 10, .box_h = 15, .ofs_x = 1, .ofs_y = 0},
    {.bitmap_index = 5222, .adv_w = 202, .box_w = 12, .box_h = 15, .ofs_x = 0, .ofs_y = 0},
    {.bitmap_index = 5296, .adv_w = 202, .box_w = 12, .box_h = 15, .ofs_x = 0, .ofs_y = 0},
    {.bitmap_index = 5368, .adv_w = 202, .box_w = 12, .box_h = 15, .ofs_x = 0, .ofs_y = 0},
    {.bitmap_index = 5443, .adv_w = 202, .box_w = 12, .box_h = 15, .ofs_x = 0, .ofs_y = 0},
    {.bitmap_index = 5519, .adv_w = 202, .box_w = 12, .box_h = 15, .ofs_x = 0, .ofs_y = 0},
    {.bitmap_index = 5594, .adv_w = 215, .box_w = 10, .box_h = 10, .ofs_x = 2, .ofs_y = 0},
    {.bitmap_index = 5639, .adv_w = 202, .box_w = 12, .box_h = 14, .ofs_x = 0, .ofs_y = -1},
    {.bitmap_index = 5718, .adv_w = 187, .box_w = 10, .box_h = 15, .ofs_x = 1, .ofs_y = 0},
    {.bitmap_index = 5754, .adv_w = 187, .box_w = 10, .box_h = 15, .ofs_x = 1, .ofs_y = 0},
    {.bitmap_index = 5791, .adv_w = 187, .box_w = 10, .box_h = 15, .ofs_x = 1, .ofs_y = 0},
    {.bitmap_index = 5830, .adv_w = 187, .box_w = 10, .box_h = 15, .ofs_x = 1, .ofs_y = 0},
    {.bitmap_index = 5871, .adv_w = 156, .box_w = 11, .box_h = 15, .ofs_x = -1, .ofs_y = 0},
    {.bitmap_index = 5917, .adv_w = 155, .box_w = 9, .box_h = 12, .ofs_x = 1, .ofs_y = 0},
    {.bitmap_index = 5960, .adv_w = 161, .box_w = 9, .box_h = 12, .ofs_x = 1, .ofs_y = 0},
    {.bitmap_index = 6009, .adv_w = 157, .box_w = 9, .box_h = 13, .ofs_x = 0, .ofs_y = 0},
    {.bitmap_index = 6062, .adv_w = 157, .box_w = 9, .box_h = 13, .ofs_x = 0, .ofs_y = 0},
    {.bitmap_index = 6115, .adv_w = 157, .box_w = 9, .box_h = 13, .ofs_x = 0, .ofs_y = 0},
    {.bitmap_index = 6170, .adv_w = 157, .box_w = 9, .box_h = 12, .ofs_x = 0, .ofs_y = 0},
    {.bitmap_index = 6223, .adv_w = 157, .box_w = 9, .box_h = 12, .ofs_x = 0, .ofs_y = 0},
    {.bitmap_index = 6275, .adv_w = 157, .box_w = 9, .box_h = 14, .ofs_x = 0, .ofs_y = 0},
    {.bitmap_index = 6332, .adv_w = 251, .box_w = 15, .box_h = 9, .ofs_x = 0, .ofs_y = 0},
    {.bitmap_index = 6397, .adv_w = 141, .box_w = 8, .box_h = 12, .ofs_x = 0, .ofs_y = -3},
    {.bitmap_index = 6440, .adv_w = 158, .box_w = 9, .box_h = 13, .ofs_x = 0, .ofs_y = 0},
    {.bitmap_index = 6490, .adv_w = 158, .box_w = 9, .box_h = 13, .ofs_x = 0, .ofs_y = 0},
    {.bitmap_index = 6540, .adv_w = 158, .box_w = 9, .box_h = 13, .ofs_x = 0, .ofs_y = 0},
    {.bitmap_index = 6593, .adv_w = 158, .box_w = 9, .box_h = 12, .ofs_x = 0, .ofs_y = 0},
    {.bitmap_index = 6644, .adv_w = 71, .box_w = 5, .box_h = 13, .ofs_x = -1, .ofs_y = 0},
    {.bitmap_index = 6659, .adv_w = 71, .box_w = 4, .box_h = 13, .ofs_x = 1, .ofs_y = 0},
    {.bitmap_index = 6672, .adv_w = 71, .box_w = 6, .box_h = 13, .ofs_x = -1, .ofs_y = 0},
    {.bitmap_index = 6690, .adv_w = 71, .box_w = 6, .box_h = 12, .ofs_x = -1, .ofs_y = 0},
    {.bitmap_index = 6705, .adv_w = 157, .box_w = 9, .box_h = 12, .ofs_x = 0, .ofs_y = 0},
    {.bitmap_index = 6758, .adv_w = 162, .box_w = 8, .box_h = 12, .ofs_x = 1, .ofs_y = 0},
    {.bitmap_index = 6791, .adv_w = 157, .box_w = 9, .box_h = 13, .ofs_x = 0, .ofs_y = 0},
    {.bitmap_index = 6843, .adv_w = 157, .box_w = 9, .box_h = 13, .ofs_x = 0, .ofs_y = 0},
    {.bitmap_index = 6896, .adv_w = 157, .box_w = 9, .box_h = 13, .ofs_x = 0, .ofs_y = 0},
    {.bitmap_index = 6951, .adv_w = 157, .box_w = 9, .box_h = 12, .ofs_x = 0, .ofs_y = 0},
    {.bitmap_index = 7004, .adv_w = 157, .box_w = 9, .box_h = 12, .ofs_x = 0, .ofs_y = 0},
    {.bitmap_index = 7057, .adv_w = 215, .box_w = 11, .box_h = 8, .ofs_x = 1, .ofs_y = 1},
    {.bitmap_index = 7086, .adv_w = 157, .box_w = 10, .box_h = 11, .ofs_x = 0, .ofs_y = -1},
    {.bitmap_index = 7141, .adv_w = 162, .box_w = 8, .box_h = 13, .ofs_x = 1, .ofs_y = 0},
    {.bitmap_index = 7174, .adv_w = 162, .box_w = 8, .box_h = 13, .ofs_x = 1, .ofs_y = 0},
    {.bitmap_index = 7208, .adv_w = 162, .box_w = 8, .box_h = 13, .ofs_x = 1, .ofs_y = 0},
    {.bitmap_index = 7244, .adv_w = 162, .box_w = 8, .box_h = 12, .ofs_x = 1, .ofs_y = 0},
    {.bitmap_index = 7278, .adv_w = 152, .box_w = 9, .box_h = 16, .ofs_x = 0, .ofs_y = -3},
    {.bitmap_index = 7340, .adv_w = 163, .box_w = 9, .box_h = 15, .ofs_x = 1, .ofs_y = -3},
    {.bitmap_index = 7388, .adv_w = 152, .box_w = 9, .box_h = 15, .ofs_x = 0, .ofs_y = -3},
    {.bitmap_index = 7449, .adv_w = 175, .box_w = 11, .box_h = 14, .ofs_x = 0, .ofs_y = 0},
    {.bitmap_index = 7512, .adv_w = 157, .box_w = 9, .box_h = 12, .ofs_x = 0, .ofs_y = 0},
    {.bitmap_index = 7563, .adv_w = 175, .box_w = 11, .box_h = 15, .ofs_x = 0, .ofs_y = 0},
    {.bitmap_index = 7630, .adv_w = 157, .box_w = 9, .box_h = 12, .ofs_x = 0, .ofs_y = 0},
    {.bitmap_index = 7682, .adv_w = 175, .box_w = 12, .box_h = 15, .ofs_x = 0, .ofs_y = -3},
    {.bitmap_index = 7751, .adv_w = 157, .box_w = 9, .box_h = 12, .ofs_x = 0, .ofs_y = -3},
    {.bitmap_index = 7801, .adv_w = 179, .box_w = 11, .box_h = 15, .ofs_x = 0, .ofs_y = 0},
    {.bitmap_index = 7860, .adv_w = 141, .box_w = 8, .box_h = 13, .ofs_x = 0, .ofs_y = 0},
    {.bitmap_index = 7904, .adv_w = 179, .box_w = 11, .box_h = 15, .ofs_x = 0, .ofs_y = 0},
    {.bitmap_index = 7965, .adv_w = 141, .box_w = 8, .box_h = 13, .ofs_x = 0, .ofs_y = 0},
    {.bitmap_index = 8011, .adv_w = 179, .box_w = 11, .box_h = 15, .ofs_x = 0, .ofs_y = 0},
    {.bitmap_index = 8071, .adv_w = 141, .box_w = 8, .box_h = 12, .ofs_x = 0, .ofs_y = 0},
    {.bitmap_index = 8111, .adv_w = 179, .box_w = 11, .box_h = 15, .ofs_x = 0, .ofs_y = 0},
    {.bitmap_index = 8172, .adv_w = 141, .box_w = 8, .box_h = 13, .ofs_x = 0, .ofs_y = 0},
    {.bitmap_index = 8218, .adv_w = 197, .box_w = 11, .box_h = 15, .ofs_x = 1, .ofs_y = 0},
    {.bitmap_index = 8280, .adv_w = 163, .box_w = 12, .box_h = 12, .ofs_x = 0, .ofs_y = 0},
    {.bitmap_index = 8338, .adv_w = 198, .box_w = 12, .box_h = 12, .ofs_x = 0, .ofs_y = 0},
    {.bitmap_index = 8395, .adv_w = 163, .box_w = 10, .box_h = 12, .ofs_x = 0, .ofs_y = 0},
    {.bitmap_index = 8450, .adv_w = 162, .box_w = 9, .box_h = 14, .ofs_x = 1, .ofs_y = 0},
    {.bitmap_index = 8492, .adv_w = 158, .box_w = 9, .box_h = 12, .ofs_x = 0, .ofs_y = 0},
    {.bitmap_index = 8540, .adv_w = 162, .box_w = 9, .box_h = 15, .ofs_x = 1, .ofs_y = 0},
    {.bitmap_index = 8588, .adv_w = 158, .box_w = 9, .box_h = 13, .ofs_x = 0, .ofs_y = 0},
    {.bitmap_index = 8640, .adv_w = 162, .box_w = 9, .box_h = 15, .ofs_x = 1, .ofs_y = 0},
    {.bitmap_index = 8683, .adv_w = 158, .box_w = 9, .box_h = 12, .ofs_x = 0, .ofs_y = 0},
    {.bitmap_index = 8729, .adv_w = 162, .box_w = 9, .box_h = 15, .ofs_x = 1, .ofs_y = -3},
    {.bitmap_index = 8773, .adv_w = 158, .box_w = 9, .box_h = 12, .ofs_x = 0, .ofs_y = -3},
    {.bitmap_index = 8822, .adv_w = 162, .box_w = 9, .box_h = 15, .ofs_x = 1, .ofs_y = 0},
    {.bitmap_index = 8867, .adv_w = 158, .box_w = 9, .box_h = 13, .ofs_x = 0, .ofs_y = 0},
    {.bitmap_index = 8920, .adv_w = 198, .box_w = 12, .box_h = 15, .ofs_x = 0, .ofs_y = 0},
    {.bitmap_index = 8993, .adv_w = 163, .box_w = 9, .box_h = 16, .ofs_x = 0, .ofs_y = -3},
    {.bitmap_index = 9063, .adv_w = 198, .box_w = 12, .box_h = 15, .ofs_x = 0, .ofs_y = 0},
    {.bitmap_index = 9137, .adv_w = 163, .box_w = 9, .box_h = 16, .ofs_x = 0, .ofs_y = -3},
    {.bitmap_index = 9205, .adv_w = 198, .box_w = 12, .box_h = 15, .ofs_x = 0, .ofs_y = 0},
    {.bitmap_index = 9276, .adv_w = 163, .box_w = 9, .box_h = 15, .ofs_x = 0, .ofs_y = -3},
    {.bitmap_index = 9339, .adv_w = 198, .box_w = 12, .box_h = 16, .ofs_x = 0, .ofs_y = -4},
    {.bitmap_index = 9416, .adv_w = 163, .box_w = 9, .box_h = 15, .ofs_x = 0, .ofs_y = -3},
    {.bitmap_index = 9479, .adv_w = 193, .box_w = 10, .box_h = 15, .ofs_x = 1, .ofs_y = 0},
    {.bitmap_index = 9517, .adv_w = 162, .box_w = 10, .box_h = 15, .ofs_x = -1, .ofs_y = 0},
    {.bitmap_index = 9555, .adv_w = 235, .box_w = 13, .box_h = 12, .ofs_x = 1, .ofs_y = 0},
    {.bitmap_index = 9596, .adv_w = 178, .box_w = 10, .box_h = 12, .ofs_x = 0, .ofs_y = 0},
    {.bitmap_index = 9635, .adv_w = 76, .box_w = 6, .box_h = 15, .ofs_x = -1, .ofs_y = 0},
    {.bitmap_index = 9650, .adv_w = 71, .box_w = 6, .box_h = 12, .ofs_x = -1, .ofs_y = 0},
    {.bitmap_index = 9665, .adv_w = 76, .box_w = 5, .box_h = 14, .ofs_x = 0, .ofs_y = 0},
    {.bitmap_index = 9675, .adv_w = 71, .box_w = 6, .box_h = 12, .ofs_x = -1, .ofs_y = 0},
    {.bitmap_index = 9688, .adv_w = 76, .box_w = 6, .box_h = 15, .ofs_x = -1, .ofs_y = 0},
    {.bitmap_index = 9703, .adv_w = 71, .box_w = 6, .box_h = 13, .ofs_x = -1, .ofs_y = 0},
    {.bitmap_index = 9719, .adv_w = 76, .box_w = 4, .box_h = 15, .ofs_x = 1, .ofs_y = -3},
    {.bitmap_index = 9730, .adv_w = 71, .box_w = 4, .box_h = 15, .ofs_x = 1, .ofs_y = -3},
    {.bitmap_index = 9747, .adv_w = 76, .box_w = 3, .box_h = 15, .ofs_x = 1, .ofs_y = 0},
    {.bitmap_index = 9757, .adv_w = 71, .box_w = 2, .box_h = 9, .ofs_x = 1, .ofs_y = 0},
    {.bitmap_index = 9762, .adv_w = 151, .box_w = 7, .box_h = 15, .ofs_x = 1, .ofs_y = -3},
    {.bitmap_index = 9783, .adv_w = 142, .box_w = 7, .box_h = 15, .ofs_x = 1, .ofs_y = -3},
    {.bitmap_index = 9810, .adv_w = 76, .box_w = 6, .box_h = 18, .ofs_x = -1, .ofs_y = -3},
    {.bitmap_index = 9836, .adv_w = 71, .box_w = 6, .box_h = 16, .ofs_x = -1, .ofs_y = -3},
    {.bitmap_index = 9863, .adv_w = 168, .box_w = 10, .box_h = 16, .ofs_x = 1, .ofs_y = -4},
    {.bitmap_index = 9923, .adv_w = 148, .box_w = 9, .box_h = 16, .ofs_x = 1, .ofs_y = -4},
    {.bitmap_index = 9972, .adv_w = 148, .box_w = 9, .box_h = 9, .ofs_x = 1, .ofs_y = 0},
    {.bitmap_index = 10005, .adv_w = 143, .box_w = 8, .box_h = 15, .ofs_x = 1, .ofs_y = 0},
    {.bitmap_index = 10026, .adv_w = 71, .box_w = 4, .box_h = 15, .ofs_x = 1, .ofs_y = 0},
    {.bitmap_index = 10037, .adv_w = 143, .box_w = 8, .box_h = 16, .ofs_x = 1, .ofs_y = -4},
    {.bitmap_index = 10061, .adv_w = 71, .box_w = 3, .box_h = 16, .ofs_x = 1, .ofs_y = -4},
    {.bitmap_index = 10072, .adv_w = 143, .box_w = 8, .box_h = 12, .ofs_x = 1, .ofs_y = 0},
    {.bitmap_index = 10093, .adv_w = 96, .box_w = 5, .box_h = 12, .ofs_x = 1, .ofs_y = 0},
    {.bitmap_index = 10106, .adv_w = 143, .box_w = 8, .box_h = 12, .ofs_x = 1, .ofs_y = 0},
    {.bitmap_index = 10126, .adv_w = 88, .box_w = 5, .box_h = 12, .ofs_x = 1, .ofs_y = 0},
    {.bitmap_index = 10138, .adv_w = 144, .box_w = 10, .box_h = 12, .ofs_x = -1, .ofs_y = 0},
    {.bitmap_index = 10173, .adv_w = 73, .box_w = 5, .box_h = 12, .ofs_x = 0, .ofs_y = 0},
    {.bitmap_index = 10190, .adv_w = 192, .box_w = 10, .box_h = 15, .ofs_x = 1, .ofs_y = 0},
    {.bitmap_index = 10243, .adv_w = 162, .box_w = 8, .box_h = 13, .ofs_x = 1, .ofs_y = 0},
    {.bitmap_index = 10276, .adv_w = 192, .box_w = 10, .box_h = 16, .ofs_x = 1, .ofs_y = -4},
    {.bitmap_index = 10331, .adv_w = 162, .box_w = 8, .box_h = 13, .ofs_x = 1, .ofs_y = -4},
    {.bitmap_index = 10364, .adv_w = 192, .box_w = 10, .box_h = 15, .ofs_x = 1, .ofs_y = 0},
    {.bitmap_index = 10420, .adv_w = 162, .box_w = 8, .box_h = 13, .ofs_x = 1, .ofs_y = 0},
    {.bitmap_index = 10456, .adv_w = 208, .box_w = 11, .box_h = 12, .ofs_x = 1, .ofs_y = 0},
    {.bitmap_index = 10492, .adv_w = 192, .box_w = 10, .box_h = 15, .ofs_x = 1, .ofs_y = -3},
    {.bitmap_index = 10534, .adv_w = 162, .box_w = 8, .box_h = 12, .ofs_x = 1, .ofs_y = -3},
    {.bitmap_index = 10566, .adv_w = 202, .box_w = 12, .box_h = 15, .ofs_x = 0, .ofs_y = 0},
    {.bitmap_index = 10639, .adv_w = 157, .box_w = 9, .box_h = 12, .ofs_x = 0, .ofs_y = 0},
    {.bitmap_index = 10690, .adv_w = 202, .box_w = 12, .box_h = 15, .ofs_x = 0, .ofs_y = 0},
    {.bitmap_index = 10765, .adv_w = 157, .box_w = 9, .box_h = 13, .ofs_x = 0, .ofs_y = 0},
    {.bitmap_index = 10819, .adv_w = 202, .box_w = 12, .box_h = 16, .ofs_x = 0, .ofs_y = 0},
    {.bitmap_index = 10897, .adv_w = 157, .box_w = 9, .box_h = 13, .ofs_x = 0, .ofs_y = 0},
    {.bitmap_index = 10953, .adv_w = 274, .box_w = 17, .box_h = 12, .ofs_x = 0, .ofs_y = 0},
    {.bitmap_index = 11026, .adv_w = 262, .box_w = 16, .box_h = 9, .ofs_x = 0, .ofs_y = 0},
    {.bitmap_index = 11094, .adv_w = 178, .box_w = 10, .box_h = 15, .ofs_x = 1, .ofs_y = 0},
    {.bitmap_index = 11151, .adv_w = 105, .box_w = 7, .box_h = 13, .ofs_x = 1, .ofs_y = 0},
    {.bitmap_index = 11180, .adv_w = 178, .box_w = 10, .box_h = 16, .ofs_x = 1, .ofs_y = -4},
    {.bitmap_index = 11241, .adv_w = 105, .box_w = 6, .box_h = 14, .ofs_x = 1, .ofs_y = -4},
    {.bitmap_index = 11269, .adv_w = 178, .box_w = 10, .box_h = 15, .ofs_x = 1, .ofs_y = 0},
    {.bitmap_index = 11330, .adv_w = 105, .box_w = 6, .box_h = 13, .ofs_x = 1, .ofs_y = 0},
    {.bitmap_index = 11358, .adv_w = 163, .box_w = 9, .box_h = 15, .ofs_x = 1, .ofs_y = 0},
    {.bitmap_index = 11417, .adv_w = 133, .box_w = 8, .box_h = 13, .ofs_x = 0, .ofs_y = 0},
    {.bitmap_index = 11465, .adv_w = 163, .box_w = 9, .box_h = 15, .ofs_x = 1, .ofs_y = 0},
    {.bitmap_index = 11527, .adv_w = 133, .box_w = 8, .box_h = 13, .ofs_x = 0, .ofs_y = 0},
    {.bitmap_index = 11577, .adv_w = 163, .box_w = 9, .box_h = 15, .ofs_x = 1, .ofs_y = -3},
    {.bitmap_index = 11639, .adv_w = 133, .box_w = 8, .box_h = 12, .ofs_x = 0, .ofs_y = -3},
    {.bitmap_index = 11686, .adv_w = 163, .box_w = 9, .box_h = 15, .ofs_x = 1, .ofs_y = 0},
    {.bitmap_index = 11748, .adv_w = 133, .box_w = 8, .box_h = 13, .ofs_x = 0, .ofs_y = 0},
    {.bitmap_index = 11798, .adv_w = 156, .box_w = 11, .box_h = 15, .ofs_x = -1, .ofs_y = -3},
    {.bitmap_index = 11827, .adv_w = 100, .box_w = 6, .box_h = 15, .ofs_x = 0, .ofs_y = -3},
    {.bitmap_index = 11863, .adv_w = 156, .box_w = 11, .box_h = 15, .ofs_x = -1, .ofs_y = 0},
    {.bitmap_index = 11896, .adv_w = 100, .box_w = 6, .box_h = 13, .ofs_x = 0, .ofs_y = 0},
    {.bitmap_index = 11927, .adv_w = 156, .box_w = 11, .box_h = 12, .ofs_x = -1, .ofs_y = 0},
    {.bitmap_index = 11962, .adv_w = 100, .box_w = 6, .box_h = 12, .ofs_x = 0, .ofs_y = 0},
    {.bitmap_index = 11995, .adv_w = 187, .box_w = 10, .box_h = 15, .ofs_x = 1, .ofs_y = 0},
    {.bitmap_index = 12035, .adv_w = 162, .box_w = 8, .box_h = 12, .ofs_x = 1, .ofs_y = 0},
    {.bitmap_index = 12069, .adv_w = 187, .box_w = 10, .box_h = 15, .ofs_x = 1, .ofs_y = 0},
    {.bitmap_index = 12107, .adv_w = 162, .box_w = 8, .box_h = 12, .ofs_x = 1, .ofs_y = 0},
    {.bitmap_index = 12139, .adv_w = 187, .box_w = 10, .box_h = 15, .ofs_x = 1, .ofs_y = 0},
    {.bitmap_index = 12179, .adv_w = 162, .box_w = 8, .box_h = 13, .ofs_x = 1, .ofs_y = 0},
    {.bitmap_index = 12215, .adv_w = 187, .box_w = 10, .box_h = 15, .ofs_x = 1, .ofs_y = 0},
    {.bitmap_index = 12256, .adv_w = 162, .box_w = 8, .box_h = 14, .ofs_x = 1, .ofs_y = 0},
    {.bitmap_index = 12298, .adv_w = 187, .box_w = 10, .box_h = 16, .ofs_x = 1, .ofs_y = 0},
    {.bitmap_index = 12342, .adv_w = 162, .box_w = 8, .box_h = 13, .ofs_x = 1, .ofs_y = 0},
    {.bitmap_index = 12379, .adv_w = 187, .box_w = 10, .box_h = 15, .ofs_x = 1, .ofs_y = -3},
    {.bitmap_index = 12417, .adv_w = 162, .box_w = 9, .box_h = 12, .ofs_x = 1, .ofs_y = -3},
    {.bitmap_index = 12450, .adv_w = 253, .box_w = 16, .box_h = 15, .ofs_x = 0, .ofs_y = 0},
    {.bitmap_index = 12556, .adv_w = 209, .box_w = 13, .box_h = 13, .ofs_x = 0, .ofs_y = 0},
    {.bitmap_index = 12633, .adv_w = 156, .box_w = 11, .box_h = 15, .ofs_x = -1, .ofs_y = 0},
    {.bitmap_index = 12682, .adv_w = 152, .box_w = 9, .box_h = 16, .ofs_x = 0, .ofs_y = -3},
    {.bitmap_index = 12746, .adv_w = 156, .box_w = 11, .box_h = 15, .ofs_x = -1, .ofs_y = 0},
    {.bitmap_index = 12796, .adv_w = 175, .box_w = 11, .box_h = 15, .ofs_x = 0, .ofs_y = 0},
    {.bitmap_index = 12853, .adv_w = 134, .box_w = 8, .box_h = 13, .ofs_x = 0, .ofs_y = 0},
    {.bitmap_index = 12897, .adv_w = 175, .box_w = 11, .box_h = 15, .ofs_x = 0, .ofs_y = 0},
    {.bitmap_index = 12954, .adv_w = 134, .box_w = 8, .box_h = 12, .ofs_x = 0, .ofs_y = 0},
    {.bitmap_index = 12994, .adv_w = 175, .box_w = 11, .box_h = 15, .ofs_x = 0, .ofs_y = 0},
    {.bitmap_index = 13053, .adv_w = 134, .box_w = 8, .box_h = 13, .ofs_x = 0, .ofs_y = 0},
    {.bitmap_index = 13099, .adv_w = 90, .box_w = 6, .box_h = 12, .ofs_x = 0, .ofs_y = 0},
    {.bitmap_index = 13118, .adv_w = 128, .box_w = 5, .box_h = 3, .ofs_x = 2, .ofs_y = 10},
    {.bitmap_index = 13126, .adv_w = 128, .box_w = 6, .box_h = 5, .ofs_x = 1, .ofs_y = 11},
    {.bitmap_index = 13141, .adv_w = 177, .box_w = 11, .box_h = 13, .ofs_x = 0, .ofs_y = 0},
    {.bitmap_index = 13203, .adv_w = 81, .box_w = 3, .box_h = 2, .ofs_x = 1, .ofs_y = 5},
    {.bitmap_index = 13206, .adv_w = 191, .box_w = 12, .box_h = 13, .ofs_x = -1, .ofs_y = 0},
    {.bitmap_index = 13249, .adv_w = 223, .box_w = 14, .box_h = 14, .ofs_x = -1, .ofs_y = 0},
    {.bitmap_index = 13288, .adv_w = 105, .box_w = 6, .box_h = 14, .ofs_x = -1, .ofs_y = 0},
    {.bitmap_index = 13304, .adv_w = 208, .box_w = 14, .box_h = 13, .ofs_x = -1, .ofs_y = 0},
    {.bitmap_index = 13380, .adv_w = 211, .box_w = 15, .box_h = 13, .ofs_x = -1, .ofs_y = 0},
    {.bitmap_index = 13430, .adv_w = 211, .box_w = 14, .box_h = 13, .ofs_x = -1, .ofs_y = 0},
    {.bitmap_index = 13509, .adv_w = 87, .box_w = 5, .box_h = 16, .ofs_x = 0, .ofs_y = 0},
    {.bitmap_index = 13538, .adv_w = 175, .box_w = 11, .box_h = 12, .ofs_x = 0, .ofs_y = 0},
    {.bitmap_index = 13593, .adv_w = 176, .box_w = 9, .box_h = 12, .ofs_x = 1, .ofs_y = 0},
    {.bitmap_index = 13642, .adv_w = 143, .box_w = 8, .box_h = 12, .ofs_x = 1, .ofs_y = 0},
    {.bitmap_index = 13655, .adv_w = 175, .box_w = 11, .box_h = 12, .ofs_x = 0, .ofs_y = 0},
    {.bitmap_index = 13711, .adv_w = 162, .box_w = 9, .box_h = 12, .ofs_x = 1, .ofs_y = 0},
    {.bitmap_index = 13745, .adv_w = 175, .box_w = 11, .box_h = 12, .ofs_x = 0, .ofs_y = 0},
    {.bitmap_index = 13792, .adv_w = 193, .box_w = 10, .box_h = 12, .ofs_x = 1, .ofs_y = 0},
    {.bitmap_index = 13816, .adv_w = 202, .box_w = 12, .box_h = 12, .ofs_x = 0, .ofs_y = 0},
    {.bitmap_index = 13881, .adv_w = 76, .box_w = 3, .box_h = 12, .ofs_x = 1, .ofs_y = 0},
    {.bitmap_index = 13886, .adv_w = 168, .box_w = 10, .box_h = 12, .ofs_x = 1, .ofs_y = 0},
    {.bitmap_index = 13931, .adv_w = 175, .box_w = 11, .box_h = 12, .ofs_x = 0, .ofs_y = 0},
    {.bitmap_index = 13986, .adv_w = 221, .box_w = 12, .box_h = 12, .ofs_x = 1, .ofs_y = 0},
    {.bitmap_index = 14039, .adv_w = 192, .box_w = 10, .box_h = 12, .ofs_x = 1, .ofs_y = 0},
    {.bitmap_index = 14081, .adv_w = 162, .box_w = 8, .box_h = 12, .ofs_x = 1, .ofs_y = 0},
    {.bitmap_index = 14112, .adv_w = 202, .box_w = 12, .box_h = 12, .ofs_x = 0, .ofs_y = 0},
    {.bitmap_index = 14175, .adv_w = 193, .box_w = 10, .box_h = 12, .ofs_x = 1, .ofs_y = 0},
    {.bitmap_index = 14192, .adv_w = 154, .box_w = 9, .box_h = 12, .ofs_x = 1, .ofs_y = 0},
    {.bitmap_index = 14229, .adv_w = 162, .box_w = 9, .box_h = 12, .ofs_x = 1, .ofs_y = 0},
    {.bitmap_index = 14271, .adv_w = 156, .box_w = 11, .box_h = 12, .ofs_x = -1, .ofs_y = 0},
    {.bitmap_index = 14290, .adv_w = 156, .box_w = 11, .box_h = 12, .ofs_x = -1, .ofs_y = 0},
    {.bitmap_index = 14326, .adv_w = 202, .box_w = 12, .box_h = 12, .ofs_x = 0, .ofs_y = 0},
    {.bitmap_index = 14387, .adv_w = 175, .box_w = 11, .box_h = 12, .ofs_x = 0, .ofs_y = 0},
    {.bitmap_index = 14445, .adv_w = 202, .box_w = 12, .box_h = 12, .ofs_x = 0, .ofs_y = 0},
    {.bitmap_index = 14493, .adv_w = 196, .box_w = 12, .box_h = 12, .ofs_x = 0, .ofs_y = 0},
    {.bitmap_index = 14558, .adv_w = 76, .box_w = 5, .box_h = 15, .ofs_x = 0, .ofs_y = 0},
    {.bitmap_index = 14571, .adv_w = 156, .box_w = 11, .box_h = 15, .ofs_x = -1, .ofs_y = 0},
    {.bitmap_index = 14621, .adv_w = 169, .box_w = 10, .box_h = 13, .ofs_x = 0, .ofs_y = 0},
    {.bitmap_index = 14679, .adv_w = 138, .box_w = 7, .box_h = 13, .ofs_x = 1, .ofs_y = 0},
    {.bitmap_index = 14722, .adv_w = 162, .box_w = 8, .box_h = 16, .ofs_x = 1, .ofs_y = -3},
    {.bitmap_index = 14760, .adv_w = 87, .box_w = 5, .box_h = 13, .ofs_x = 1, .ofs_y = 0},
    {.bitmap_index = 14784, .adv_w = 148, .box_w = 8, .box_h = 16, .ofs_x = 1, .ofs_y = 0},
    {.bitmap_index = 14840, .adv_w = 169, .box_w = 10, .box_h = 9, .ofs_x = 0, .ofs_y = 0},
    {.bitmap_index = 14885, .adv_w = 163, .box_w = 9, .box_h = 15, .ofs_x = 1, .ofs_y = -3},
    {.bitmap_index = 14941, .adv_w = 152, .box_w = 9, .box_h = 12, .ofs_x = 0, .ofs_y = -3},
    {.bitmap_index = 14983, .adv_w = 157, .box_w = 9, .box_h = 12, .ofs_x = 0, .ofs_y = 0},
    {.bitmap_index = 15037, .adv_w = 138, .box_w = 7, .box_h = 9, .ofs_x = 1, .ofs_y = 0},
    {.bitmap_index = 15068, .adv_w = 139, .box_w = 8, .box_h = 15, .ofs_x = 0, .ofs_y = -3},
    {.bitmap_index = 15120, .adv_w = 162, .box_w = 8, .box_h = 12, .ofs_x = 1, .ofs_y = -3},
    {.bitmap_index = 15145, .adv_w = 157, .box_w = 9, .box_h = 12, .ofs_x = 0, .ofs_y = 0},
    {.bitmap_index = 15197, .adv_w = 87, .box_w = 4, .box_h = 9, .ofs_x = 1, .ofs_y = 0},
    {.bitmap_index = 15210, .adv_w = 151, .box_w = 9, .box_h = 9, .ofs_x = 1, .ofs_y = 0},
    {.bitmap_index = 15242, .adv_w = 152, .box_w = 9, .box_h = 12, .ofs_x = 0, .ofs_y = 0},
    {.bitmap_index = 15289, .adv_w = 163, .box_w = 9, .box_h = 12, .ofs_x = 1, .ofs_y = -3},
    {.bitmap_index = 15318, .adv_w = 143, .box_w = 9, .box_h = 9, .ofs_x = 0, .ofs_y = 0},
    {.bitmap_index = 15358, .adv_w = 143, .box_w = 9, .box_h = 15, .ofs_x = 0, .ofs_y = -3},
    {.bitmap_index = 15417, .adv_w = 157, .box_w = 9, .box_h = 9, .ofs_x = 0, .ofs_y = 0},
    {.bitmap_index = 15457, .adv_w = 154, .box_w = 10, .box_h = 9, .ofs_x = 0, .ofs_y = 0},
    {.bitmap_index = 15478, .adv_w = 163, .box_w = 9, .box_h = 12, .ofs_x = 1, .ofs_y = -3},
    {.bitmap_index = 15524, .adv_w = 150, .box_w = 8, .box_h = 12, .ofs_x = 0, .ofs_y = -3},
    {.bitmap_index = 15566, .adv_w = 162, .box_w = 10, .box_h = 9, .ofs_x = 0, .ofs_y = 0},
    {.bitmap_index = 15610, .adv_w = 154, .box_w = 9, .box_h = 9, .ofs_x = 0, .ofs_y = 0},
    {.bitmap_index = 15636, .adv_w = 148, .box_w = 8, .box_h = 9, .ofs_x = 1, .ofs_y = 0},
    {.bitmap_index = 15667, .adv_w = 169, .box_w = 10, .box_h = 12, .ofs_x = 0, .ofs_y = -3},
    {.bitmap_index = 15717, .adv_w = 148, .box_w = 9, .box_h = 12, .ofs_x = 0, .ofs_y = -3},
    {.bitmap_index = 15767, .adv_w = 169, .box_w = 10, .box_h = 12, .ofs_x = 0, .ofs_y = -3},
    {.bitmap_index = 15801, .adv_w = 214, .box_w = 12, .box_h = 9, .ofs_x = 1, .ofs_y = 0},
    {.bitmap_index = 15853, .adv_w = 87, .box_w = 5, .box_h = 12, .ofs_x = 0, .ofs_y = 0},
    {.bitmap_index = 15872, .adv_w = 148, .box_w = 8, .box_h = 12, .ofs_x = 1, .ofs_y = 0},
    {.bitmap_index = 15915, .adv_w = 157, .box_w = 9, .box_h = 13, .ofs_x = 0, .ofs_y = 0},
    {.bitmap_index = 15968, .adv_w = 148, .box_w = 8, .box_h = 13, .ofs_x = 1, .ofs_y = 0},
    {.bitmap_index = 16012, .adv_w = 214, .box_w = 12, .box_h = 13, .ofs_x = 1, .ofs_y = 0},
    {.bitmap_index = 16079, .adv_w = 162, .box_w = 9, .box_h = 15, .ofs_x = 1, .ofs_y = 0},
    {.bitmap_index = 16122, .adv_w = 162, .box_w = 9, .box_h = 15, .ofs_x = 1, .ofs_y = 0},
    {.bitmap_index = 16169, .adv_w = 201, .box_w = 13, .box_h = 15, .ofs_x = -1, .ofs_y = -3},
    {.bitmap_index = 16223, .adv_w = 156, .box_w = 8, .box_h = 15, .ofs_x = 1, .ofs_y = 0},
    {.bitmap_index = 16246, .adv_w = 179, .box_w = 11, .box_h = 12, .ofs_x = 0, .ofs_y = 0},
    {.bitmap_index = 16302, .adv_w = 163, .box_w = 9, .box_h = 12, .ofs_x = 1, .ofs_y = 0},
    {.bitmap_index = 16352, .adv_w = 76, .box_w = 3, .box_h = 12, .ofs_x = 1, .ofs_y = 0},
    {.bitmap_index = 16357, .adv_w = 76, .box_w = 5, .box_h = 15, .ofs_x = 0, .ofs_y = 0},
    {.bitmap_index = 16370, .adv_w = 76, .box_w = 5, .box_h = 15, .ofs_x = -1, .ofs_y = -3},
    {.bitmap_index = 16385, .adv_w = 280, .box_w = 17, .box_h = 12, .ofs_x = 0, .ofs_y = 0},
    {.bitmap_index = 16455, .adv_w = 268, .box_w = 15, .box_h = 12, .ofs_x = 1, .ofs_y = 0},
    {.bitmap_index = 16507, .adv_w = 201, .box_w = 13, .box_h = 12, .ofs_x = -1, .ofs_y = 0},
    {.bitmap_index = 16550, .adv_w = 182, .box_w = 11, .box_h = 15, .ofs_x = 1, .ofs_y = 0},
    {.bitmap_index = 16609, .adv_w = 192, .box_w = 10, .box_h = 15, .ofs_x = 1, .ofs_y = 0},
    {.bitmap_index = 16660, .adv_w = 156, .box_w = 10, .box_h = 15, .ofs_x = 0, .ofs_y = 0},
    {.bitmap_index = 16727, .adv_w = 193, .box_w = 10, .box_h = 15, .ofs_x = 1, .ofs_y = -3},
    {.bitmap_index = 16755, .adv_w = 175, .box_w = 11, .box_h = 12, .ofs_x = 0, .ofs_y = 0},
    {.bitmap_index = 16810, .adv_w = 176, .box_w = 9, .box_h = 12, .ofs_x = 1, .ofs_y = 0},
    {.bitmap_index = 16852, .adv_w = 176, .box_w = 9, .box_h = 12, .ofs_x = 1, .ofs_y = 0},
    {.bitmap_index = 16901, .adv_w = 156, .box_w = 8, .box_h = 12, .ofs_x = 1, .ofs_y = 0},
    {.bitmap_index = 16914, .adv_w = 200, .box_w = 12, .box_h = 15, .ofs_x = 0, .ofs_y = -3},
    {.bitmap_index = 16969, .adv_w = 162, .box_w = 9, .box_h = 12, .ofs_x = 1, .ofs_y = 0},
    {.bitmap_index = 17003, .adv_w = 276, .box_w = 17, .box_h = 12, .ofs_x = 0, .ofs_y = 0},
    {.bitmap_index = 17085, .adv_w = 164, .box_w = 9, .box_h = 12, .ofs_x = 1, .ofs_y = 0},
    {.bitmap_index = 17133, .adv_w = 192, .box_w = 10, .box_h = 12, .ofs_x = 1, .ofs_y = 0},
    {.bitmap_index = 17175, .adv_w = 192, .box_w = 10, .box_h = 15, .ofs_x = 1, .ofs_y = 0},
    {.bitmap_index = 17230, .adv_w = 182, .box_w = 11, .box_h = 12, .ofs_x = 1, .ofs_y = 0},
    {.bitmap_index = 17278, .adv_w = 193, .box_w = 11, .box_h = 12, .ofs_x = 0, .ofs_y = 0},
    {.bitmap_index = 17320, .adv_w = 221, .box_w = 12, .box_h = 12, .ofs_x = 1, .ofs_y = 0},
    {.bitmap_index = 17373, .adv_w = 193, .box_w = 10, .box_h = 12, .ofs_x = 1, .ofs_y = 0},
    {.bitmap_index = 17397, .adv_w = 202, .box_w = 12, .box_h = 12, .ofs_x = 0, .ofs_y = 0},
    {.bitmap_index = 17460, .adv_w = 193, .box_w = 10, .box_h = 12, .ofs_x = 1, .ofs_y = 0},
    {.bitmap_index = 17477, .adv_w = 154, .box_w = 9, .box_h = 12, .ofs_x = 1, .ofs_y = 0},
    {.bitmap_index = 17514, .adv_w = 179, .box_w = 11, .box_h = 12, .ofs_x = 0, .ofs_y = 0},
    {.bitmap_index = 17564, .adv_w = 156, .box_w = 11, .box_h = 12, .ofs_x = -1, .ofs_y = 0},
    {.bitmap_index = 17583, .adv_w = 156, .box_w = 10, .box_h = 12, .ofs_x = 0, .ofs_y = 0},
    {.bitmap_index = 17636, .adv_w = 220, .box_w = 13, .box_h = 12, .ofs_x = 0, .ofs_y = 0},
    {.bitmap_index = 17702, .adv_w = 175, .box_w = 11, .box_h = 12, .ofs_x = 0, .ofs_y = 0},
    {.bitmap_index = 17760, .adv_w = 199, .box_w = 11, .box_h = 15, .ofs_x = 1, .ofs_y = -3},
    {.bitmap_index = 17787, .adv_w = 176, .box_w = 9, .box_h = 12, .ofs_x = 1, .ofs_y = 0},
    {.bitmap_index = 17819, .adv_w = 274, .box_w = 15, .box_h = 12, .ofs_x = 1, .ofs_y = 0},
    {.bitmap_index = 17844, .adv_w = 280, .box_w = 16, .box_h = 15, .ofs_x = 1, .ofs_y = -3},
    {.bitmap_index = 17879, .adv_w = 213, .box_w = 13, .box_h = 12, .ofs_x = 0, .ofs_y = 0},
    {.bitmap_index = 17925, .adv_w = 226, .box_w = 12, .box_h = 12, .ofs_x = 1, .ofs_y = 0},
    {.bitmap_index = 17967, .adv_w = 176, .box_w = 9, .box_h = 12, .ofs_x = 1, .ofs_y = 0},
    {.bitmap_index = 18002, .adv_w = 179, .box_w = 11, .box_h = 12, .ofs_x = 0, .ofs_y = 0},
    {.bitmap_index = 18059, .adv_w = 276, .box_w = 16, .box_h = 12, .ofs_x = 1, .ofs_y = 0},
    {.bitmap_index = 18136, .adv_w = 178, .box_w = 9, .box_h = 12, .ofs_x = 1, .ofs_y = 0},
    {.bitmap_index = 18184, .adv_w = 157, .box_w = 9, .box_h = 9, .ofs_x = 0, .ofs_y = 0},
    {.bitmap_index = 18224, .adv_w = 158, .box_w = 9, .box_h = 14, .ofs_x = 0, .ofs_y = 0},
    {.bitmap_index = 18283, .adv_w = 151, .box_w = 8, .box_h = 9, .ofs_x = 1, .ofs_y = 0},
    {.bitmap_index = 18319, .adv_w = 135, .box_w = 7, .box_h = 9, .ofs_x = 1, .ofs_y = 0},
    {.bitmap_index = 18331, .adv_w = 177, .box_w = 11, .box_h = 12, .ofs_x = 0, .ofs_y = -3},
    {.bitmap_index = 18376, .adv_w = 158, .box_w = 9, .box_h = 9, .ofs_x = 0, .ofs_y = 0},
    {.bitmap_index = 18414, .adv_w = 231, .box_w = 14, .box_h = 9, .ofs_x = 0, .ofs_y = 0},
    {.bitmap_index = 18470, .adv_w = 136, .box_w = 7, .box_h = 9, .ofs_x = 1, .ofs_y = 0},
    {.bitmap_index = 18502, .adv_w = 166, .box_w = 8, .box_h = 9, .ofs_x = 1, .ofs_y = 0},
    {.bitmap_index = 18530, .adv_w = 166, .box_w = 8, .box_h = 12, .ofs_x = 1, .ofs_y = 0},
    {.bitmap_index = 18570, .adv_w = 155, .box_w = 9, .box_h = 9, .ofs_x = 1, .ofs_y = 0},
    {.bitmap_index = 18604, .adv_w = 164, .box_w = 9, .box_h = 9, .ofs_x = 0, .ofs_y = 0},
    {.bitmap_index = 18635, .adv_w = 193, .box_w = 10, .box_h = 9, .ofs_x = 1, .ofs_y = 0},
    {.bitmap_index = 18673, .adv_w = 167, .box_w = 9, .box_h = 9, .ofs_x = 1, .ofs_y = 0},
    {.bitmap_index = 18692, .adv_w = 157, .box_w = 9, .box_h = 9, .ofs_x = 0, .ofs_y = 0},
    {.bitmap_index = 18732, .adv_w = 167, .box_w = 9, .box_h = 9, .ofs_x = 1, .ofs_y = 0},
    {.bitmap_index = 18745, .adv_w = 163, .box_w = 9, .box_h = 12, .ofs_x = 1, .ofs_y = -3},
    {.bitmap_index = 18791, .adv_w = 141, .box_w = 8, .box_h = 9, .ofs_x = 0, .ofs_y = 0},
    {.bitmap_index = 18823, .adv_w = 149, .box_w = 9, .box_h = 9, .ofs_x = 0, .ofs_y = 0},
    {.bitmap_index = 18838, .adv_w = 152, .box_w = 9, .box_h = 12, .ofs_x = 0, .ofs_y = -3},
    {.bitmap_index = 18886, .adv_w = 219, .box_w = 13, .box_h = 15, .ofs_x = 0, .ofs_y = -3},
    {.bitmap_index = 18954, .adv_w = 152, .box_w = 9, .box_h = 9, .ofs_x = 0, .ofs_y = 0},
    {.bitmap_index = 18993, .adv_w = 174, .box_w = 10, .box_h = 12, .ofs_x = 1, .ofs_y = -3},
    {.bitmap_index = 19014, .adv_w = 151, .box_w = 7, .box_h = 9, .ofs_x = 1, .ofs_y = 0},
    {.bitmap_index = 19038, .adv_w = 234, .box_w = 13, .box_h = 9, .ofs_x = 1, .ofs_y = 0},
    {.bitmap_index = 19061, .adv_w = 241, .box_w = 14, .box_h = 12, .ofs_x = 1, .ofs_y = -3},
    {.bitmap_index = 19094, .adv_w = 181, .box_w = 11, .box_h = 9, .ofs_x = 0, .ofs_y = 0},
    {.bitmap_index = 19130, .adv_w = 202, .box_w = 11, .box_h = 9, .ofs_x = 1, .ofs_y = 0},
    {.bitmap_index = 19161, .adv_w = 151, .box_w = 8, .box_h = 9, .ofs_x = 1, .ofs_y = 0},
    {.bitmap_index = 19186, .adv_w = 141, .box_w = 8, .box_h = 9, .ofs_x = 0, .ofs_y = 0},
    {.bitmap_index = 19220, .adv_w = 216, .box_w = 12, .box_h = 9, .ofs_x = 1, .ofs_y = 0},
    {.bitmap_index = 19269, .adv_w = 154, .box_w = 9, .box_h = 9, .ofs_x = 0, .ofs_y = 0},
    {.bitmap_index = 19304, .adv_w = 158, .box_w = 9, .box_h = 13, .ofs_x = 0, .ofs_y = 0},
    {.bitmap_index = 19354, .adv_w = 158, .box_w = 9, .box_h = 13, .ofs_x = 0, .ofs_y = 0},
    {.bitmap_index = 19406, .adv_w = 160, .box_w = 10, .box_h = 17, .ofs_x = 0, .ofs_y = -4},
    {.bitmap_index = 19468, .adv_w = 135, .box_w = 7, .box_h = 13, .ofs_x = 1, .ofs_y = 0},
    {.bitmap_index = 19492, .adv_w = 141, .box_w = 8, .box_h = 9, .ofs_x = 0, .ofs_y = 0},
    {.bitmap_index = 19527, .adv_w = 133, .box_w = 8, .box_h = 9, .ofs_x = 0, .ofs_y = 0},
    {.bitmap_index = 19562, .adv_w = 71, .box_w = 2, .box_h = 12, .ofs_x = 1, .ofs_y = 0},
    {.bitmap_index = 19570, .adv_w = 71, .box_w = 6, .box_h = 12, .ofs_x = -1, .ofs_y = 0},
    {.bitmap_index = 19585, .adv_w = 71, .box_w = 4, .box_h = 16, .ofs_x = -1, .ofs_y = -3},
    {.bitmap_index = 19603, .adv_w = 231, .box_w = 14, .box_h = 9, .ofs_x = 0, .ofs_y = 0},
    {.bitmap_index = 19652, .adv_w = 230, .box_w = 13, .box_h = 9, .ofs_x = 1, .ofs_y = 0},
    {.bitmap_index = 19686, .adv_w = 167, .box_w = 10, .box_h = 13, .ofs_x = 0, .ofs_y = 0},
    {.bitmap_index = 19731, .adv_w = 155, .box_w = 9, .box_h = 13, .ofs_x = 1, .ofs_y = 0},
    {.bitmap_index = 19778, .adv_w = 166, .box_w = 8, .box_h = 13, .ofs_x = 1, .ofs_y = 0},
    {.bitmap_index = 19818, .adv_w = 152, .box_w = 9, .box_h = 16, .ofs_x = 0, .ofs_y = -3},
    {.bitmap_index = 19884, .adv_w = 167, .box_w = 9, .box_h = 11, .ofs_x = 1, .ofs_y = -2},
    {.bitmap_index = 19904, .adv_w = 156, .box_w = 8, .box_h = 14, .ofs_x = 1, .ofs_y = 0},
    {.bitmap_index = 19922, .adv_w = 135, .box_w = 7, .box_h = 11, .ofs_x = 1, .ofs_y = 0},
    {.bitmap_index = 19939, .adv_w = 83, .box_w = 3, .box_h = 4, .ofs_x = 1, .ofs_y = 0},
    {.bitmap_index = 19945, .adv_w = 81, .box_w = 3, .box_h = 10, .ofs_x = 1, .ofs_y = 0},
    {.bitmap_index = 19958, .adv_w = 136, .box_w = 7, .box_h = 12, .ofs_x = 1, .ofs_y = 0},
    {.bitmap_index = 19993, .adv_w = 120, .box_w = 6, .box_h = 8, .ofs_x = 1, .ofs_y = 1},
    {.bitmap_index = 20016, .adv_w = 71, .box_w = 7, .box_h = 15, .ofs_x = -1, .ofs_y = 0},
    {.bitmap_index = 20033, .adv_w = 71, .box_w = 4, .box_h = 16, .ofs_x = 0, .ofs_y = 0},
    {.bitmap_index = 20046, .adv_w = 124, .box_w = 8, .box_h = 15, .ofs_x = -1, .ofs_y = -5},
    {.bitmap_index = 20100, .adv_w = 71, .box_w = 4, .box_h = 16, .ofs_x = 0, .ofs_y = -4},
    {.bitmap_index = 20113, .adv_w = 200, .box_w = 11, .box_h = 12, .ofs_x = 1, .ofs_y = -2},
    {.bitmap_index = 20172, .adv_w = 71, .box_w = 2, .box_h = 12, .ofs_x = 1, .ofs_y = 0},
    {.bitmap_index = 20177, .adv_w = 241, .box_w = 13, .box_h = 9, .ofs_x = 1, .ofs_y = -3},
    {.bitmap_index = 20220, .adv_w = 134, .box_w = 7, .box_h = 9, .ofs_x = 1, .ofs_y = 0},
    {.bitmap_index = 20252, .adv_w = 241, .box_w = 13, .box_h = 6, .ofs_x = 1, .ofs_y = 0},
    {.bitmap_index = 20287, .adv_w = 241, .box_w = 13, .box_h = 8, .ofs_x = 1, .ofs_y = 0},
    {.bitmap_index = 20328, .adv_w = 165, .box_w = 10, .box_h = 13, .ofs_x = 1, .ofs_y = -5},
    {.bitmap_index = 20385, .adv_w = 165, .box_w = 10, .box_h = 12, .ofs_x = 1, .ofs_y = -5},
    {.bitmap_index = 20435, .adv_w = 165, .box_w = 10, .box_h = 14, .ofs_x = 1, .ofs_y = -5},
    {.bitmap_index = 20493, .adv_w = 114, .box_w = 7, .box_h = 7, .ofs_x = 0, .ofs_y = 0},
    {.bitmap_index = 20515, .adv_w = 114, .box_w = 7, .box_h = 10, .ofs_x = 0, .ofs_y = 0},
    {.bitmap_index = 20544, .adv_w = 124, .box_w = 8, .box_h = 9, .ofs_x = -1, .ofs_y = -5},
    {.bitmap_index = 20573, .adv_w = 124, .box_w = 8, .box_h = 12, .ofs_x = -1, .ofs_y = -5},
    {.bitmap_index = 20609, .adv_w = 313, .box_w = 18, .box_h = 10, .ofs_x = 1, .ofs_y = -4},
    {.bitmap_index = 20679, .adv_w = 313, .box_w = 18, .box_h = 14, .ofs_x = 1, .ofs_y = -4},
    {.bitmap_index = 20773, .adv_w = 310, .box_w = 18, .box_h = 12, .ofs_x = 1, .ofs_y = -5},
    {.bitmap_index = 20851, .adv_w = 310, .box_w = 18, .box_h = 12, .ofs_x = 1, .ofs_y = -5},
    {.bitmap_index = 20933, .adv_w = 237, .box_w = 13, .box_h = 12, .ofs_x = 1, .ofs_y = 0},
    {.bitmap_index = 20973, .adv_w = 237, .box_w = 13, .box_h = 12, .ofs_x = 1, .ofs_y = 0},
    {.bitmap_index = 21018, .adv_w = 153, .box_w = 10, .box_h = 14, .ofs_x = 0, .ofs_y = -5},
    {.bitmap_index = 21074, .adv_w = 153, .box_w = 10, .box_h = 15, .ofs_x = 0, .ofs_y = -5},
    {.bitmap_index = 21134, .adv_w = 75, .box_w = 6, .box_h = 2, .ofs_x = -1, .ofs_y = 0},
    {.bitmap_index = 21139, .adv_w = 265, .box_w = 15, .box_h = 12, .ofs_x = 1, .ofs_y = -1},
    {.bitmap_index = 21205, .adv_w = 199, .box_w = 12, .box_h = 14, .ofs_x = 0, .ofs_y = -4},
    {.bitmap_index = 21275, .adv_w = 211, .box_w = 11, .box_h = 12, .ofs_x = 1, .ofs_y = 0},
    {.bitmap_index = 21318, .adv_w = 186, .box_w = 10, .box_h = 15, .ofs_x = 1, .ofs_y = -3},
    {.bitmap_index = 21355, .adv_w = 159, .box_w = 8, .box_h = 10, .ofs_x = 1, .ofs_y = -4},
    {.bitmap_index = 21386, .adv_w = 188, .box_w = 10, .box_h = 11, .ofs_x = 1, .ofs_y = -3},
    {.bitmap_index = 21433, .adv_w = 134, .box_w = 7, .box_h = 7, .ofs_x = 1, .ofs_y = 0},
    {.bitmap_index = 21458, .adv_w = 124, .box_w = 8, .box_h = 10, .ofs_x = -1, .ofs_y = -5},
    {.bitmap_index = 21497, .adv_w = 200, .box_w = 11, .box_h = 10, .ofs_x = 1, .ofs_y = -2},
    {.bitmap_index = 21545, .adv_w = 200, .box_w = 11, .box_h = 12, .ofs_x = 1, .ofs_y = -5},
    {.bitmap_index = 21600, .adv_w = 0, .box_w = 6, .box_h = 5, .ofs_x = 1, .ofs_y = 9},
    {.bitmap_index = 21614, .adv_w = 0, .box_w = 6, .box_h = 5, .ofs_x = 1, .ofs_y = 9},
    {.bitmap_index = 21630, .adv_w = 0, .box_w = 6, .box_h = 4, .ofs_x = 1, .ofs_y = -4},
    {.bitmap_index = 21643, .adv_w = 0, .box_w = 6, .box_h = 3, .ofs_x = 1, .ofs_y = 9},
    {.bitmap_index = 21652, .adv_w = 0, .box_w = 6, .box_h = 5, .ofs_x = 1, .ofs_y = 9},
    {.bitmap_index = 21668, .adv_w = 0, .box_w = 6, .box_h = 3, .ofs_x = 1, .ofs_y = -3},
    {.bitmap_index = 21677, .adv_w = 0, .box_w = 6, .box_h = 5, .ofs_x = 1, .ofs_y = 10},
    {.bitmap_index = 21692, .adv_w = 0, .box_w = 6, .box_h = 4, .ofs_x = 1, .ofs_y = 10},
    {.bitmap_index = 21704, .adv_w = 138, .box_w = 3, .box_h = 2, .ofs_x = 3, .ofs_y = 4},
    {.bitmap_index = 21708, .adv_w = 138, .box_w = 4, .box_h = 10, .ofs_x = 2, .ofs_y = 0},
    {.bitmap_index = 21726, .adv_w = 138, .box_w = 8, .box_h = 10, .ofs_x = 0, .ofs_y = 0},
    {.bitmap_index = 21758, .adv_w = 138, .box_w = 9, .box_h = 10, .ofs_x = 0, .ofs_y = 0},
    {.bitmap_index = 21794, .adv_w = 138, .box_w = 7, .box_h = 11, .ofs_x = 1, .ofs_y = 0},
    {.bitmap_index = 21828, .adv_w = 138, .box_w = 7, .box_h = 11, .ofs_x = 1, .ofs_y = 0},
    {.bitmap_index = 21864, .adv_w = 138, .box_w = 8, .box_h = 11, .ofs_x = 0, .ofs_y = 0},
    {.bitmap_index = 21900, .adv_w = 138, .box_w = 9, .box_h = 10, .ofs_x = 0, .ofs_y = 0},
    {.bitmap_index = 21940, .adv_w = 138, .box_w = 9, .box_h = 10, .ofs_x = 0, .ofs_y = 0},
    {.bitmap_index = 21979, .adv_w = 138, .box_w = 8, .box_h = 11, .ofs_x = 0, .ofs_y = 0},
    {.bitmap_index = 22017, .adv_w = 241, .box_w = 13, .box_h = 11, .ofs_x = 1, .ofs_y = -5},
    {.bitmap_index = 22069, .adv_w = 165, .box_w = 10, .box_h = 12, .ofs_x = 1, .ofs_y = -5},
    {.bitmap_index = 22126, .adv_w = 124, .box_w = 9, .box_h = 14, .ofs_x = -1, .ofs_y = -5},
    {.bitmap_index = 22173, .adv_w = 229, .box_w = 14, .box_h = 14, .ofs_x = 1, .ofs_y = -1},
    {.bitmap_index = 22245, .adv_w = 229, .box_w = 14, .box_h = 16, .ofs_x = 1, .ofs_y = -1},
    {.bitmap_index = 22327, .adv_w = 200, .box_w = 11, .box_h = 10, .ofs_x = 1, .ofs_y = -2},
    {.bitmap_index = 22375, .adv_w = 128, .box_w = 8, .box_h = 2, .ofs_x = 0, .ofs_y = 3},
    {.bitmap_index = 22381, .adv_w = 256, .box_w = 16, .box_h = 2, .ofs_x = 0, .ofs_y = 3},
    {.bitmap_index = 22390, .adv_w = 81, .box_w = 3, .box_h = 4, .ofs_x = 1, .ofs_y = 8},
    {.bitmap_index = 22396, .adv_w = 81, .box_w = 3, .box_h = 4, .ofs_x = 1, .ofs_y = 8},
    {.bitmap_index = 22403, .adv_w = 81, .box_w = 3, .box_h = 4, .ofs_x = 1, .ofs_y = -2},
    {.bitmap_index = 22409, .adv_w = 133, .box_w = 6, .box_h = 4, .ofs_x = 1, .ofs_y = 8},
    {.bitmap_index = 22421, .adv_w = 133, .box_w = 6, .box_h = 4, .ofs_x = 1, .ofs_y = 8},
    {.bitmap_index = 22434, .adv_w = 133, .box_w = 6, .box_h = 4, .ofs_x = 1, .ofs_y = -2},
    {.bitmap_index = 22447, .adv_w = 151, .box_w = 6, .box_h = 5, .ofs_x = 2, .ofs_y = 4},
    {.bitmap_index = 22462, .adv_w = 256, .box_w = 14, .box_h = 2, .ofs_x = 1, .ofs_y = 0},
    {.bitmap_index = 22473, .adv_w = 215, .box_w = 13, .box_h = 8, .ofs_x = 0, .ofs_y = 1},
    {.bitmap_index = 22506, .adv_w = 215, .box_w = 8, .box_h = 12, .ofs_x = 3, .ofs_y = 0},
    {.bitmap_index = 22532, .adv_w = 215, .box_w = 13, .box_h = 8, .ofs_x = 0, .ofs_y = 1},
    {.bitmap_index = 22565, .adv_w = 215, .box_w = 8, .box_h = 13, .ofs_x = 3, .ofs_y = -1},
    {.bitmap_index = 22593, .adv_w = 370, .box_w = 23, .box_h = 12, .ofs_x = 0, .ofs_y = 0},
    {.bitmap_index = 22711, .adv_w = 197, .box_w = 13, .box_h = 13, .ofs_x = 0, .ofs_y = -2},
    {.bitmap_index = 22762, .adv_w = 230, .box_w = 14, .box_h = 12, .ofs_x = 0, .ofs_y = 0},
    {.bitmap_index = 22827, .adv_w = 215, .box_w = 9, .box_h = 10, .ofs_x = 2, .ofs_y = 1},
    {.bitmap_index = 22864, .adv_w = 215, .box_w = 11, .box_h = 13, .ofs_x = 1, .ofs_y = -1},
    {.bitmap_index = 22924, .adv_w = 256, .box_w = 16, .box_h = 16, .ofs_x = 0, .ofs_y = -2},
    {.bitmap_index = 23016, .adv_w = 288, .box_w = 18, .box_h = 14, .ofs_x = 0, .ofs_y = -1},
    {.bitmap_index = 23108, .adv_w = 256, .box_w = 16, .box_h = 16, .ofs_x = 0, .ofs_y = -2},
    {.bitmap_index = 23192, .adv_w = 192, .box_w = 12, .box_h = 16, .ofs_x = 0, .ofs_y = -2},
    {.bitmap_index = 23255, .adv_w = 256, .box_w = 16, .box_h = 16, .ofs_x = 0, .ofs_y = -2},
    {.bitmap_index = 23382, .adv_w = 288, .box_w = 18, .box_h = 18, .ofs_x = 0, .ofs_y = -3},
    {.bitmap_index = 23493, .adv_w = 256, .box_w = 16, .box_h = 16, .ofs_x = 0, .ofs_y = -2},
    {.bitmap_index = 23581, .adv_w = 256, .box_w = 16, .box_h = 16, .ofs_x = 0, .ofs_y = -2},
    {.bitmap_index = 23683, .adv_w = 256, .box_w = 17, .box_h = 14, .ofs_x = 0, .ofs_y = -1},
    {.bitmap_index = 23757, .adv_w = 256, .box_w = 17, .box_h = 18, .ofs_x = -1, .ofs_y = -3},
    {.bitmap_index = 23870, .adv_w = 224, .box_w = 14, .box_h = 16, .ofs_x = 0, .ofs_y = -2},
    {.bitmap_index = 23960, .adv_w = 256, .box_w = 16, .box_h = 18, .ofs_x = 0, .ofs_y = -3},
    {.bitmap_index = 24079, .adv_w = 241, .box_w = 13, .box_h = 11, .ofs_x = 1, .ofs_y = -5},
    {.bitmap_index = 24131, .adv_w = 251, .box_w = 15, .box_h = 10, .ofs_x = 1, .ofs_y = -5},
    {.bitmap_index = 24189, .adv_w = 71, .box_w = 5, .box_h = 10, .ofs_x = -1, .ofs_y = -5},
    {.bitmap_index = 24215, .adv_w = 77, .box_w = 6, .box_h = 10, .ofs_x = -1, .ofs_y = -5},
    {.bitmap_index = 24244, .adv_w = 165, .box_w = 10, .box_h = 12, .ofs_x = 1, .ofs_y = -5},
    {.bitmap_index = 24301, .adv_w = 165, .box_w = 10, .box_h = 12, .ofs_x = 1, .ofs_y = -4},
    {.bitmap_index = 24359, .adv_w = 158, .box_w = 10, .box_h = 12, .ofs_x = -1, .ofs_y = -4},
    {.bitmap_index = 24411, .adv_w = 165, .box_w = 12, .box_h = 12, .ofs_x = -1, .ofs_y = -4},
    {.bitmap_index = 24470, .adv_w = 124, .box_w = 9, .box_h = 14, .ofs_x = -1, .ofs_y = -5},
    {.bitmap_index = 24517, .adv_w = 141, .box_w = 10, .box_h = 14, .ofs_x = -1, .ofs_y = -5},
    {.bitmap_index = 24569, .adv_w = 229, .box_w = 14, .box_h = 14, .ofs_x = 1, .ofs_y = -1},
    {.bitmap_index = 24641, .adv_w = 229, .box_w = 15, .box_h = 14, .ofs_x = 1, .ofs_y = -1},
    {.bitmap_index = 24719, .adv_w = 122, .box_w = 9, .box_h = 13, .ofs_x = -1, .ofs_y = 0},
    {.bitmap_index = 24766, .adv_w = 141, .box_w = 10, .box_h = 13, .ofs_x = -1, .ofs_y = 0},
    {.bitmap_index = 24816, .adv_w = 229, .box_w = 14, .box_h = 16, .ofs_x = 1, .ofs_y = -1},
    {.bitmap_index = 24898, .adv_w = 229, .box_w = 15, .box_h = 16, .ofs_x = 1, .ofs_y = -1},
    {.bitmap_index = 24988, .adv_w = 122, .box_w = 9, .box_h = 15, .ofs_x = -1, .ofs_y = 0},
    {.bitmap_index = 25045, .adv_w = 141, .box_w = 10, .box_h = 15, .ofs_x = -1, .ofs_y = 0},
    {.bitmap_index = 25107, .adv_w = 200, .box_w = 11, .box_h = 10, .ofs_x = 1, .ofs_y = -2},
    {.bitmap_index = 25155, .adv_w = 213, .box_w = 13, .box_h = 8, .ofs_x = 1, .ofs_y = -3},
    {.bitmap_index = 25197, .adv_w = 71, .box_w = 5, .box_h = 8, .ofs_x = -1, .ofs_y = -3},
    {.bitmap_index = 25218, .adv_w = 77, .box_w = 6, .box_h = 8, .ofs_x = -1, .ofs_y = -3},
    {.bitmap_index = 25242, .adv_w = 75, .box_w = 5, .box_h = 5, .ofs_x = 0, .ofs_y = 9},
    {.bitmap_index = 25254, .adv_w = 75, .box_w = 6, .box_h = 14, .ofs_x = -1, .ofs_y = 0},
    {.bitmap_index = 25278, .adv_w = 75, .box_w = 5, .box_h = 5, .ofs_x = 0, .ofs_y = 9},
    {.bitmap_index = 25291, .adv_w = 67, .box_w = 5, .box_h = 3, .ofs_x = 0, .ofs_y = 0},
    {.bitmap_index = 25299, .adv_w = 75, .box_w = 5, .box_h = 4, .ofs_x = 0, .ofs_y = -4},
    {.bitmap_index = 25309, .adv_w = 75, .box_w = 5, .box_h = 3, .ofs_x = 0, .ofs_y = 9},
    {.bitmap_index = 25317, .adv_w = 75, .box_w = 6, .box_h = 12, .ofs_x = -1, .ofs_y = 0},
    {.bitmap_index = 25335, .adv_w = 75, .box_w = 5, .box_h = 5, .ofs_x = 0, .ofs_y = 9},
    {.bitmap_index = 25348, .adv_w = 75, .box_w = 6, .box_h = 14, .ofs_x = -1, .ofs_y = 0},
    {.bitmap_index = 25373, .adv_w = 75, .box_w = 5, .box_h = 3, .ofs_x = 0, .ofs_y = -3},
    {.bitmap_index = 25381, .adv_w = 75, .box_w = 6, .box_h = 5, .ofs_x = -1, .ofs_y = -3},
    {.bitmap_index = 25395, .adv_w = 75, .box_w = 6, .box_h = 5, .ofs_x = -1, .ofs_y = 10},
    {.bitmap_index = 25409, .adv_w = 75, .box_w = 6, .box_h = 14, .ofs_x = -1, .ofs_y = 0},
    {.bitmap_index = 25433, .adv_w = 75, .box_w = 5, .box_h = 4, .ofs_x = 0, .ofs_y = 10},
    {.bitmap_index = 25442, .adv_w = 75, .box_w = 6, .box_h = 14, .ofs_x = -1, .ofs_y = 0},
    {.bitmap_index = 25463, .adv_w = 120, .box_w = 6, .box_h = 8, .ofs_x = 1, .ofs_y = 1},
    {.bitmap_index = 25486, .adv_w = 71, .box_w = 7, .box_h = 15, .ofs_x = -1, .ofs_y = 0},
    {.bitmap_index = 25503, .adv_w = 78, .box_w = 7, .box_h = 15, .ofs_x = -1, .ofs_y = 0},
    {.bitmap_index = 25527, .adv_w = 71, .box_w = 4, .box_h = 17, .ofs_x = 0, .ofs_y = 0},
    {.bitmap_index = 25542, .adv_w = 78, .box_w = 6, .box_h = 17, .ofs_x = 0, .ofs_y = 0},
    {.bitmap_index = 25570, .adv_w = 124, .box_w = 8, .box_h = 15, .ofs_x = -1, .ofs_y = -5},
    {.bitmap_index = 25624, .adv_w = 132, .box_w = 10, .box_h = 15, .ofs_x = -1, .ofs_y = -5},
    {.bitmap_index = 25687, .adv_w = 71, .box_w = 4, .box_h = 16, .ofs_x = 0, .ofs_y = -4},
    {.bitmap_index = 25700, .adv_w = 78, .box_w = 6, .box_h = 16, .ofs_x = 0, .ofs_y = -4},
    {.bitmap_index = 25725, .adv_w = 200, .box_w = 11, .box_h = 12, .ofs_x = 1, .ofs_y = -2},
    {.bitmap_index = 25784, .adv_w = 213, .box_w = 13, .box_h = 11, .ofs_x = 1, .ofs_y = -3},
    {.bitmap_index = 25841, .adv_w = 71, .box_w = 5, .box_h = 10, .ofs_x = -1, .ofs_y = 0},
    {.bitmap_index = 25866, .adv_w = 77, .box_w = 6, .box_h = 10, .ofs_x = -1, .ofs_y = 0},
    {.bitmap_index = 25894, .adv_w = 71, .box_w = 2, .box_h = 12, .ofs_x = 1, .ofs_y = 0},
    {.bitmap_index = 25899, .adv_w = 78, .box_w = 5, .box_h = 12, .ofs_x = 1, .ofs_y = 0},
    {.bitmap_index = 25910, .adv_w = 241, .box_w = 13, .box_h = 9, .ofs_x = 1, .ofs_y = -3},
    {.bitmap_index = 25953, .adv_w = 251, .box_w = 15, .box_h = 9, .ofs_x = 1, .ofs_y = -4},
    {.bitmap_index = 26003, .adv_w = 71, .box_w = 5, .box_h = 8, .ofs_x = -1, .ofs_y = -3},
    {.bitmap_index = 26023, .adv_w = 77, .box_w = 6, .box_h = 8, .ofs_x = -1, .ofs_y = -3},
    {.bitmap_index = 26046, .adv_w = 134, .box_w = 7, .box_h = 9, .ofs_x = 1, .ofs_y = 0},
    {.bitmap_index = 26078, .adv_w = 137, .box_w = 8, .box_h = 8, .ofs_x = 1, .ofs_y = 0},
    {.bitmap_index = 26109, .adv_w = 241, .box_w = 13, .box_h = 6, .ofs_x = 1, .ofs_y = 0},
    {.bitmap_index = 26144, .adv_w = 251, .box_w = 15, .box_h = 6, .ofs_x = 1, .ofs_y = 0},
    {.bitmap_index = 26185, .adv_w = 71, .box_w = 5, .box_h = 8, .ofs_x = -1, .ofs_y = 0},
    {.bitmap_index = 26205, .adv_w = 77, .box_w = 6, .box_h = 8, .ofs_x = -1, .ofs_y = 0},
    {.bitmap_index = 26228, .adv_w = 241, .box_w = 13, .box_h = 8, .ofs_x = 1, .ofs_y = 0},
    {.bitmap_index = 26269, .adv_w = 251, .box_w = 15, .box_h = 8, .ofs_x = 1, .ofs_y = 0},
    {.bitmap_index = 26319, .adv_w = 71, .box_w = 5, .box_h = 10, .ofs_x = -1, .ofs_y = 0},
    {.bitmap_index = 26344, .adv_w = 77, .box_w = 6, .box_h = 10, .ofs_x = -1, .ofs_y = 0},
    {.bitmap_index = 26372, .adv_w = 165, .box_w = 10, .box_h = 13, .ofs_x = 1, .ofs_y = -5},
    {.bitmap_index = 26429, .adv_w = 165, .box_w = 10, .box_h = 12, .ofs_x = 1, .ofs_y = -4},
    {.bitmap_index = 26487, .adv_w = 158, .box_w = 10, .box_h = 10, .ofs_x = -1, .ofs_y = -3},
    {.bitmap_index = 26530, .adv_w = 165, .box_w = 12, .box_h = 10, .ofs_x = -1, .ofs_y = -3},
    {.bitmap_index = 26581, .adv_w = 165, .box_w = 10, .box_h = 12, .ofs_x = 1, .ofs_y = -5},
    {.bitmap_index = 26631, .adv_w = 165, .box_w = 10, .box_h = 13, .ofs_x = 1, .ofs_y = -5},
    {.bitmap_index = 26691, .adv_w = 158, .box_w = 10, .box_h = 7, .ofs_x = -1, .ofs_y = 0},
    {.bitmap_index = 26724, .adv_w = 165, .box_w = 12, .box_h = 7, .ofs_x = -1, .ofs_y = 0},
    {.bitmap_index = 26762, .adv_w = 165, .box_w = 10, .box_h = 14, .ofs_x = 1, .ofs_y = -5},
    {.bitmap_index = 26820, .adv_w = 165, .box_w = 10, .box_h = 14, .ofs_x = 1, .ofs_y = -5},
    {.bitmap_index = 26885, .adv_w = 158, .box_w = 10, .box_h = 9, .ofs_x = -1, .ofs_y = 0},
    {.bitmap_index = 26924, .adv_w = 165, .box_w = 12, .box_h = 9, .ofs_x = -1, .ofs_y = 0},
    {.bitmap_index = 26968, .adv_w = 114, .box_w = 7, .box_h = 7, .ofs_x = 0, .ofs_y = 0},
    {.bitmap_index = 26990, .adv_w = 134, .box_w = 9, .box_h = 7, .ofs_x = 0, .ofs_y = 0},
    {.bitmap_index = 27016, .adv_w = 114, .box_w = 7, .box_h = 10, .ofs_x = 0, .ofs_y = 0},
    {.bitmap_index = 27045, .adv_w = 134, .box_w = 9, .box_h = 10, .ofs_x = 0, .ofs_y = 0},
    {.bitmap_index = 27079, .adv_w = 124, .box_w = 8, .box_h = 9, .ofs_x = -1, .ofs_y = -5},
    {.bitmap_index = 27108, .adv_w = 141, .box_w = 10, .box_h = 10, .ofs_x = -1, .ofs_y = -5},
    {.bitmap_index = 27146, .adv_w = 124, .box_w = 8, .box_h = 12, .ofs_x = -1, .ofs_y = -5},
    {.bitmap_index = 27182, .adv_w = 141, .box_w = 10, .box_h = 12, .ofs_x = -1, .ofs_y = -5},
    {.bitmap_index = 27226, .adv_w = 313, .box_w = 18, .box_h = 10, .ofs_x = 1, .ofs_y = -4},
    {.bitmap_index = 27296, .adv_w = 326, .box_w = 20, .box_h = 11, .ofs_x = 1, .ofs_y = -5},
    {.bitmap_index = 27380, .adv_w = 215, .box_w = 14, .box_h = 6, .ofs_x = -1, .ofs_y = 0},
    {.bitmap_index = 27416, .adv_w = 228, .box_w = 16, .box_h = 6, .ofs_x = -1, .ofs_y = 0},
    {.bitmap_index = 27457, .adv_w = 313, .box_w = 18, .box_h = 14, .ofs_x = 1, .ofs_y = -4},
    {.bitmap_index = 27551, .adv_w = 326, .box_w = 20, .box_h = 14, .ofs_x = 1, .ofs_y = -5},
    {.bitmap_index = 27650, .adv_w = 215, .box_w = 14, .box_h = 9, .ofs_x = -1, .ofs_y = 0},
    {.bitmap_index = 27700, .adv_w = 228, .box_w = 16, .box_h = 10, .ofs_x = -1, .ofs_y = 0},
    {.bitmap_index = 27762, .adv_w = 310, .box_w = 18, .box_h = 12, .ofs_x = 1, .ofs_y = -5},
    {.bitmap_index = 27840, .adv_w = 314, .box_w = 19, .box_h = 12, .ofs_x = 1, .ofs_y = -5},
    {.bitmap_index = 27922, .adv_w = 217, .box_w = 14, .box_h = 7, .ofs_x = -1, .ofs_y = 0},
    {.bitmap_index = 27963, .adv_w = 222, .box_w = 16, .box_h = 7, .ofs_x = -1, .ofs_y = 0},
    {.bitmap_index = 28008, .adv_w = 310, .box_w = 18, .box_h = 12, .ofs_x = 1, .ofs_y = -5},
    {.bitmap_index = 28090, .adv_w = 314, .box_w = 19, .box_h = 12, .ofs_x = 1, .ofs_y = -5},
    {.bitmap_index = 28176, .adv_w = 217, .box_w = 14, .box_h = 7, .ofs_x = -1, .ofs_y = 0},
    {.bitmap_index = 28222, .adv_w = 222, .box_w = 16, .box_h = 7, .ofs_x = -1, .ofs_y = 0},
    {.bitmap_index = 28272, .adv_w = 237, .box_w = 13, .box_h = 12, .ofs_x = 1, .ofs_y = 0},
    {.bitmap_index = 28312, .adv_w = 243, .box_w = 15, .box_h = 12, .ofs_x = 1, .ofs_y = 0},
    {.bitmap_index = 28357, .adv_w = 204, .box_w = 13, .box_h = 12, .ofs_x = -1, .ofs_y = 0},
    {.bitmap_index = 28398, .adv_w = 210, .box_w = 15, .box_h = 12, .ofs_x = -1, .ofs_y = 0},
    {.bitmap_index = 28444, .adv_w = 237, .box_w = 13, .box_h = 12, .ofs_x = 1, .ofs_y = 0},
    {.bitmap_index = 28489, .adv_w = 243, .box_w = 15, .box_h = 12, .ofs_x = 1, .ofs_y = 0},
    {.bitmap_index = 28540, .adv_w = 204, .box_w = 13, .box_h = 12, .ofs_x = -1, .ofs_y = 0},
    {.bitmap_index = 28586, .adv_w = 210, .box_w = 15, .box_h = 12, .ofs_x = -1, .ofs_y = 0},
    {.bitmap_index = 28638, .adv_w = 153, .box_w = 10, .box_h = 14, .ofs_x = 0, .ofs_y = -5},
    {.bitmap_index = 28694, .adv_w = 136, .box_w = 10, .box_h = 12, .ofs_x = 0, .ofs_y = -5},
    {.bitmap_index = 28749, .adv_w = 153, .box_w = 9, .box_h = 9, .ofs_x = -1, .ofs_y = 0},
    {.bitmap_index = 28785, .adv_w = 124, .box_w = 9, .box_h = 7, .ofs_x = -1, .ofs_y = 0},
    {.bitmap_index = 28814, .adv_w = 153, .box_w = 10, .box_h = 15, .ofs_x = 0, .ofs_y = -5},
    {.bitmap_index = 28874, .adv_w = 136, .box_w = 10, .box_h = 14, .ofs_x = 0, .ofs_y = -5},
    {.bitmap_index = 28933, .adv_w = 134, .box_w = 9, .box_h = 11, .ofs_x = -1, .ofs_y = 0},
    {.bitmap_index = 28975, .adv_w = 124, .box_w = 9, .box_h = 9, .ofs_x = -1, .ofs_y = 0},
    {.bitmap_index = 29010, .adv_w = 265, .box_w = 15, .box_h = 12, .ofs_x = 1, .ofs_y = -1},
    {.bitmap_index = 29076, .adv_w = 265, .box_w = 16, .box_h = 10, .ofs_x = 1, .ofs_y = -1},
    {.bitmap_index = 29137, .adv_w = 122, .box_w = 8, .box_h = 10, .ofs_x = -1, .ofs_y = 0},
    {.bitmap_index = 29173, .adv_w = 130, .box_w = 10, .box_h = 9, .ofs_x = -1, .ofs_y = 0},
    {.bitmap_index = 29210, .adv_w = 199, .box_w = 12, .box_h = 14, .ofs_x = 0, .ofs_y = -4},
    {.bitmap_index = 29280, .adv_w = 214, .box_w = 14, .box_h = 13, .ofs_x = 0, .ofs_y = -5},
    {.bitmap_index = 29351, .adv_w = 122, .box_w = 8, .box_h = 10, .ofs_x = -1, .ofs_y = 0},
    {.bitmap_index = 29388, .adv_w = 130, .box_w = 10, .box_h = 9, .ofs_x = -1, .ofs_y = 0},
    {.bitmap_index = 29427, .adv_w = 211, .box_w = 11, .box_h = 12, .ofs_x = 1, .ofs_y = 0},
    {.bitmap_index = 29470, .adv_w = 216, .box_w = 13, .box_h = 12, .ofs_x = 1, .ofs_y = 0},
    {.bitmap_index = 29518, .adv_w = 122, .box_w = 9, .box_h = 13, .ofs_x = -1, .ofs_y = 0},
    {.bitmap_index = 29565, .adv_w = 141, .box_w = 10, .box_h = 13, .ofs_x = -1, .ofs_y = 0},
    {.bitmap_index = 29615, .adv_w = 186, .box_w = 10, .box_h = 15, .ofs_x = 1, .ofs_y = -3},
    {.bitmap_index = 29652, .adv_w = 194, .box_w = 12, .box_h = 15, .ofs_x = 1, .ofs_y = -3},
    {.bitmap_index = 29695, .adv_w = 78, .box_w = 5, .box_h = 12, .ofs_x = -1, .ofs_y = 0},
    {.bitmap_index = 29708, .adv_w = 85, .box_w = 7, .box_h = 12, .ofs_x = -1, .ofs_y = 0},
    {.bitmap_index = 29724, .adv_w = 159, .box_w = 8, .box_h = 10, .ofs_x = 1, .ofs_y = -4},
    {.bitmap_index = 29755, .adv_w = 170, .box_w = 10, .box_h = 9, .ofs_x = 1, .ofs_y = -4},
    {.bitmap_index = 29791, .adv_w = 137, .box_w = 9, .box_h = 5, .ofs_x = -1, .ofs_y = 0},
    {.bitmap_index = 29813, .adv_w = 148, .box_w = 11, .box_h = 5, .ofs_x = -1, .ofs_y = 0},
    {.bitmap_index = 29839, .adv_w = 188, .box_w = 10, .box_h = 11, .ofs_x = 1, .ofs_y = -3},
    {.bitmap_index = 29886, .adv_w = 195, .box_w = 12, .box_h = 10, .ofs_x = 1, .ofs_y = -5},
    {.bitmap_index = 29938, .adv_w = 71, .box_w = 5, .box_h = 8, .ofs_x = -1, .ofs_y = 0},
    {.bitmap_index = 29957, .adv_w = 77, .box_w = 6, .box_h = 8, .ofs_x = -1, .ofs_y = 0},
    {.bitmap_index = 29978, .adv_w = 134, .box_w = 7, .box_h = 7, .ofs_x = 1, .ofs_y = 0},
    {.bitmap_index = 30003, .adv_w = 137, .box_w = 8, .box_h = 6, .ofs_x = 1, .ofs_y = 0},
    {.bitmap_index = 30028, .adv_w = 135, .box_w = 9, .box_h = 9, .ofs_x = -1, .ofs_y = 0},
    {.bitmap_index = 30064, .adv_w = 118, .box_w = 9, .box_h = 11, .ofs_x = -1, .ofs_y = -5},
    {.bitmap_index = 30107, .adv_w = 124, .box_w = 8, .box_h = 10, .ofs_x = -1, .ofs_y = -5},
    {.bitmap_index = 30146, .adv_w = 132, .box_w = 10, .box_h = 10, .ofs_x = -1, .ofs_y = -5},
    {.bitmap_index = 30192, .adv_w = 200, .box_w = 11, .box_h = 10, .ofs_x = 1, .ofs_y = -2},
    {.bitmap_index = 30240, .adv_w = 213, .box_w = 13, .box_h = 8, .ofs_x = 1, .ofs_y = -3},
    {.bitmap_index = 30282, .adv_w = 200, .box_w = 11, .box_h = 12, .ofs_x = 1, .ofs_y = -5},
    {.bitmap_index = 30337, .adv_w = 213, .box_w = 13, .box_h = 10, .ofs_x = 1, .ofs_y = -5},
    {.bitmap_index = 30387, .adv_w = 71, .box_w = 5, .box_h = 8, .ofs_x = -1, .ofs_y = -3},
    {.bitmap_index = 30408, .adv_w = 77, .box_w = 6, .box_h = 8, .ofs_x = -1, .ofs_y = -3},
    {.bitmap_index = 30432, .adv_w = 146, .box_w = 10, .box_h = 14, .ofs_x = -2, .ofs_y = 0},
    {.bitmap_index = 30489, .adv_w = 153, .box_w = 12, .box_h = 14, .ofs_x = -2, .ofs_y = 0},
    {.bitmap_index = 30548, .adv_w = 146, .box_w = 9, .box_h = 16, .ofs_x = -1, .ofs_y = 0},
    {.bitmap_index = 30608, .adv_w = 153, .box_w = 11, .box_h = 16, .ofs_x = -1, .ofs_y = 0},
    {.bitmap_index = 30671, .adv_w = 146, .box_w = 8, .box_h = 16, .ofs_x = 0, .ofs_y = -4},
    {.bitmap_index = 30726, .adv_w = 153, .box_w = 10, .box_h = 16, .ofs_x = 0, .ofs_y = -4},
    {.bitmap_index = 30785, .adv_w = 146, .box_w = 8, .box_h = 12, .ofs_x = 0, .ofs_y = 0},
    {.bitmap_index = 30827, .adv_w = 153, .box_w = 10, .box_h = 12, .ofs_x = 0, .ofs_y = 0}
};

/*---------------------
 *  CHARACTER MAPPING
 *--------------------*/

static const uint8_t glyph_id_ofs_list_2[] = {
    0, 1, 2, 3, 4, 5, 6, 0,
    7
};

static const uint16_t unicode_list_6[] = {
    0x0, 0x1, 0x17c, 0x18b, 0x18f
};

static const uint16_t unicode_list_10[] = {
    0x0, 0x8, 0x1a, 0x2b, 0x31, 0x4e, 0x1995, 0x1996,
    0x199a, 0x199b, 0x199c, 0x199e, 0x199f, 0x19a0, 0x19a4, 0x19a8,
    0x1b12, 0x1b13, 0x1b14, 0x1b15, 0x1caa, 0x1f38, 0x2022, 0x2095,
    0x2099, 0xe9dc, 0xea6f, 0xeab0, 0xeade, 0xeb4f, 0xeb5a, 0xeb60,
    0xec5d, 0xec77, 0xec7b, 0xef12, 0xef7f, 0xf4d8, 0xf4d9, 0xf4da,
    0xf4db, 0xf4fc, 0xf4fd, 0xf4fe, 0xf4ff, 0xf50c, 0xf50d, 0xf510,
    0xf511, 0xf512, 0xf513, 0xf514, 0xf515, 0xf516, 0xf517, 0xf57e,
    0xf57f, 0xf580, 0xf581, 0xf7f2, 0xf7f3, 0xf7f4, 0xf7f5, 0xf7f6
};

/*Collect the unicode lists and glyph_id offsets*/
static const lv_font_fmt_txt_cmap_t cmaps[] =
{
    {
        .range_start = 32, .range_length = 95, .glyph_id_start = 1,
        .unicode_list = NULL, .glyph_id_ofs_list = NULL, .list_length = 0, .type = LV_FONT_FMT_TXT_CMAP_FORMAT0_TINY
    },
    {
        .range_start = 160, .range_length = 224, .glyph_id_start = 96,
        .unicode_list = NULL, .glyph_id_ofs_list = NULL, .list_length = 0, .type = LV_FONT_FMT_TXT_CMAP_FORMAT0_TINY
    },
    {
        .range_start = 900, .range_length = 9, .glyph_id_start = 320,
        .unicode_list = NULL, .glyph_id_ofs_list = glyph_id_ofs_list_2, .list_length = 9, .type = LV_FONT_FMT_TXT_CMAP_FORMAT0_FULL
    },
    {
        .range_start = 910, .range_length = 20, .glyph_id_start = 328,
        .unicode_list = NULL, .glyph_id_ofs_list = NULL, .list_length = 0, .type = LV_FONT_FMT_TXT_CMAP_FORMAT0_TINY
    },
    {
        .range_start = 931, .range_length = 44, .glyph_id_start = 348,
        .unicode_list = NULL, .glyph_id_ofs_list = NULL, .list_length = 0, .type = LV_FONT_FMT_TXT_CMAP_FORMAT0_TINY
    },
    {
        .range_start = 1024, .range_length = 96, .glyph_id_start = 392,
        .unicode_list = NULL, .glyph_id_ofs_list = NULL, .list_length = 0, .type = LV_FONT_FMT_TXT_CMAP_FORMAT0_TINY
    },
    {
        .range_start = 1168, .range_length = 400, .glyph_id_start = 488,
        .unicode_list = unicode_list_6, .glyph_id_ofs_list = NULL, .list_length = 5, .type = LV_FONT_FMT_TXT_CMAP_SPARSE_TINY
    },
    {
        .range_start = 1569, .range_length = 26, .glyph_id_start = 493,
        .unicode_list = NULL, .glyph_id_ofs_list = NULL, .list_length = 0, .type = LV_FONT_FMT_TXT_CMAP_FORMAT0_TINY
    },
    {
        .range_start = 1600, .range_length = 19, .glyph_id_start = 519,
        .unicode_list = NULL, .glyph_id_ofs_list = NULL, .list_length = 0, .type = LV_FONT_FMT_TXT_CMAP_FORMAT0_TINY
    },
    {
        .range_start = 1632, .range_length = 10, .glyph_id_start = 538,
        .unicode_list = NULL, .glyph_id_ofs_list = NULL, .list_length = 0, .type = LV_FONT_FMT_TXT_CMAP_FORMAT0_TINY
    },
    {
        .range_start = 1662, .range_length = 63479, .glyph_id_start = 548,
        .unicode_list = unicode_list_10, .glyph_id_ofs_list = NULL, .list_length = 64, .type = LV_FONT_FMT_TXT_CMAP_SPARSE_TINY
    },
    {
        .range_start = 65142, .range_length = 135, .glyph_id_start = 612,
        .unicode_list = NULL, .glyph_id_ofs_list = NULL, .list_length = 0, .type = LV_FONT_FMT_TXT_CMAP_FORMAT0_TINY
    }
};



/*--------------------
 *  ALL CUSTOM DATA
 *--------------------*/

#if LVGL_VERSION_MAJOR == 8
/*Store all the custom data of the font*/
static  lv_font_fmt_txt_glyph_cache_t cache;
#endif

#if LVGL_VERSION_MAJOR >= 8
static const lv_font_fmt_txt_dsc_t font_dsc = {
#else
static lv_font_fmt_txt_dsc_t font_dsc = {
#endif
    .glyph_bitmap = glyph_bitmap,
    .glyph_dsc = glyph_dsc,
    .cmaps = cmaps,
    .kern_dsc = NULL,
    .kern_scale = 0,
    .cmap_num = 12,
    .bpp = 4,
    .kern_classes = 0,
    .bitmap_format = 1,
#if LVGL_VERSION_MAJOR == 8
    .cache = &cache
#endif
};



/*-----------------
 *  PUBLIC FONT
 *----------------*/

/*Initialize a public general font descriptor*/
#if LVGL_VERSION_MAJOR >= 8
const lv_font_t orm_font_16 = {
#else
lv_font_t orm_font_16 = {
#endif
    .get_glyph_dsc = lv_font_get_glyph_dsc_fmt_txt,    /*Function pointer to get glyph's data*/
    .get_glyph_bitmap = lv_font_get_bitmap_fmt_txt,    /*Function pointer to get glyph's bitmap*/
    .line_height = 22,          /*The maximum line height required by the font*/
    .base_line = 5,             /*Baseline measured from the bottom of the line*/
#if !(LVGL_VERSION_MAJOR == 6 && LVGL_VERSION_MINOR == 0)
    .subpx = LV_FONT_SUBPX_NONE,
#endif
#if LV_VERSION_CHECK(7, 4, 0) || LVGL_VERSION_MAJOR >= 8
    .underline_position = 0,
    .underline_thickness = 1,
#endif
    .dsc = &font_dsc,          /*The custom font data. Will be accessed by `get_glyph_bitmap/dsc` */
#if LV_VERSION_CHECK(8, 2, 0) || LVGL_VERSION_MAJOR >= 9
    .fallback = NULL,
#endif
    .user_data = NULL,
};



#endif /*#if ORM_FONT_16*/
