/* Generated by tools/mkfonts.sh, do not edit. Rendered from DejaVu Sans 2.37
 * (Bitstream Vera and Arev licenses, tools/fonts/DejaVuSans-LICENSE.txt) and icons of
 * Font Awesome 7.3.1 Free Solid (SIL OFL 1.1, tools/fonts/fontawesome/LICENSE.txt). */
/*******************************************************************************
 * Size: 28 px
 * Bpp: 4
 * Opts: --bpp 4 --size 28 --format lvgl --font tools/fonts/DejaVuSans.ttf -r 0x20-0x7E,0xA0-0x17F,0x384-0x38A,0x38C,0x38E-0x3A1,0x3A3-0x3CE,0x400-0x45F,0x490-0x491,0x60C,0x61B,0x61F,0x621-0x652,0x660-0x669,0x67E,0x686,0x698,0x6A9,0x6AF,0x6CC,0xFB56-0xFB59,0xFB7A-0xFB7D,0xFB8A-0xFB8B,0xFB8E-0xFB95,0xFBFC-0xFBFF,0xFE70-0xFEFC,0x2013-0x2014,0x2018-0x201A,0x201C-0x201E,0x2022,0x2026,0x2190-0x2193,0x2328,0x2713,0x2717,0x26A0,0x25B6 --font tools/fonts/fontawesome/fa-solid-900.ttf -r 0xF2F9,0xF15C,0xF1D8,0xF12E,0xF0ED,0xF1DE,0xF1CD,0xF2DB,0xF5FD,0xF590,0xF05A,0xF2F5 --lv-include lvgl.h --lv-font-name orm_font_28 -o src/fonts/orm_font_28.c.tmp
 ******************************************************************************/

#ifdef LV_LVGL_H_INCLUDE_SIMPLE
#include "lvgl.h"
#else
#include "lvgl.h"
#endif

#ifndef ORM_FONT_28
#define ORM_FONT_28 1
#endif

#if ORM_FONT_28

/*-----------------
 *    BITMAPS
 *----------------*/

/*Store the image of the glyphs*/
static LV_ATTRIBUTE_LARGE_CONST const uint8_t glyph_bitmap[] = {
    /* U+0020 " " */

    /* U+0021 "!" */
    0xcf, 0xf0, 0x7, 0xff, 0x3d, 0xc0, 0x44, 0x6,
    0x60, 0x0, 0x80, 0xc7, 0x68, 0x8, 0x80, 0x26,
    0x88, 0x53, 0xb8, 0x3, 0xc0,

    /* U+0022 "\"" */
    0x5f, 0xf0, 0x0, 0xbf, 0xc6, 0x1, 0xff, 0xea,
    0x64, 0x40, 0x0, 0xd1, 0x2,

    /* U+0023 "#" */
    0x0, 0xf8, 0x7f, 0xc4, 0x1, 0x6f, 0xa8, 0x7,
    0xf9, 0x40, 0x48, 0x0, 0x24, 0x8, 0x1, 0xfe,
    0xc0, 0x40, 0x9, 0x0, 0x84, 0x3, 0xfc, 0x81,
    0x80, 0x16, 0x3, 0x80, 0x7f, 0xc6, 0xa, 0x1,
    0x20, 0x60, 0x7, 0xf8, 0xc0, 0x6, 0x1, 0x10,
    0x20, 0x7, 0x27, 0xfe, 0xc0, 0x7, 0xfe, 0x0,
    0x6f, 0xfc, 0xa0, 0x1f, 0xfc, 0x94, 0xdd, 0xc0,
    0xa, 0xdd, 0x88, 0x1f, 0x77, 0x28, 0x0, 0x8a,
    0x10, 0x2, 0x91, 0x60, 0xb2, 0x2c, 0x1, 0xe5,
    0x3, 0x0, 0x8c, 0x0, 0x60, 0x1f, 0xec, 0x4,
    0x0, 0x90, 0x10, 0x3, 0xfe, 0x40, 0xc0, 0xb,
    0x0, 0xc0, 0x3d, 0xbf, 0xf8, 0x42, 0xff, 0xe4,
    0x7, 0xff, 0xb0, 0x3, 0xff, 0x95, 0x9b, 0xb2,
    0x3, 0x6e, 0xce, 0x7, 0xbb, 0xc0, 0x1, 0x22,
    0x98, 0x30, 0x8b, 0x2, 0x11, 0x61, 0x0, 0xe1,
    0x20, 0x40, 0x9, 0x3, 0x0, 0x3f, 0xc8, 0x4,
    0x20, 0x2, 0x10, 0x40, 0xf, 0xf6, 0x2, 0x0,
    0x48, 0x6, 0x1, 0xff, 0x20, 0x60, 0x5, 0x80,
    0x80, 0x1f, 0x80,

    /* U+0024 "$" */
    0x0, 0xf7, 0x38, 0x7, 0xff, 0x98, 0xa7, 0x7c,
    0x63, 0xb6, 0x98, 0x40, 0xb, 0xac, 0x40, 0x10,
    0x92, 0xca, 0x81, 0x50, 0xd, 0x78, 0xc7, 0xec,
    0x10, 0x1, 0x40, 0x18, 0xa0, 0x18, 0x9f, 0x50,
    0x34, 0x4, 0x80, 0x3f, 0xc6, 0x2, 0x1, 0xff,
    0x78, 0x2, 0x84, 0x3, 0xf9, 0x8c, 0x17, 0xa8,
    0x78, 0x40, 0x3d, 0xaa, 0x0, 0x50, 0x6e, 0xc6,
    0x0, 0xc3, 0x5b, 0x8, 0x1, 0x1c, 0xe9, 0x0,
    0x62, 0x7b, 0x17, 0xa3, 0x2, 0xf0, 0xf, 0xde,
    0xb8, 0xc0, 0x48, 0x1, 0xfe, 0xb0, 0x1, 0x80,
    0x7f, 0xf0, 0x45, 0x44, 0x3, 0xf5, 0x0, 0x17,
    0xfa, 0x94, 0x40, 0x1e, 0x94, 0xe0, 0x46, 0x60,
    0x5a, 0xef, 0x17, 0xb5, 0x1, 0xf0, 0x9d, 0x84,
    0x10, 0x8, 0x4e, 0x38, 0x80, 0x4, 0xf7, 0xde,
    0x31, 0xd8, 0xe0, 0x1f, 0xfe, 0x10,

    /* U+0025 "%" */
    0x0, 0x15, 0x77, 0xeb, 0x80, 0x7f, 0x5f, 0xb8,
    0x7, 0x8f, 0x54, 0x8, 0x91, 0x40, 0x1f, 0x2a,
    0x13, 0x80, 0x7b, 0x81, 0x7b, 0x70, 0x15, 0x40,
    0x1e, 0xb0, 0x90, 0xf, 0x19, 0x5, 0x80, 0xd,
    0xc3, 0x80, 0x3a, 0x5, 0x50, 0x3, 0xca, 0x4,
    0x20, 0x16, 0x2, 0x80, 0x62, 0x70, 0xb0, 0xf,
    0xe6, 0x0, 0xce, 0x2, 0x1, 0xa4, 0x24, 0x40,
    0x3e, 0x30, 0x60, 0xc, 0xc0, 0x20, 0x12, 0xa1,
    0x30, 0x7, 0xe7, 0x2, 0x20, 0x5, 0xe0, 0x80,
    0x15, 0x87, 0x0, 0x7f, 0x12, 0x7, 0x10, 0xba,
    0x87, 0x0, 0x24, 0x58, 0xc0, 0x3f, 0xd4, 0x47,
    0xbd, 0x1, 0x8, 0x6, 0xc3, 0x0, 0x1f, 0xf0,
    0xec, 0x22, 0x1b, 0x1c, 0x1, 0xe1, 0x2, 0x5,
    0x5d, 0xfa, 0xe0, 0x1e, 0x7b, 0xb4, 0x98, 0x1,
    0x8c, 0xcc, 0x5, 0x8a, 0x24, 0x48, 0xb0, 0xf,
    0xf8, 0x60, 0x3c, 0x1, 0x22, 0x9f, 0xb8, 0x28,
    0xc0, 0x1f, 0xe8, 0x16, 0x30, 0x14, 0x9, 0x0,
    0x1c, 0x85, 0x0, 0x7f, 0x1b, 0xc, 0x80, 0x14,
    0x4, 0x80, 0x24, 0x3, 0x0, 0xfe, 0xe0, 0xb0,
    0x8, 0x40, 0xc0, 0x30, 0x80, 0x7f, 0x9c, 0x91,
    0x40, 0x21, 0x3, 0x0, 0xc2, 0x1, 0xfc, 0x30,
    0x12, 0x1, 0x94, 0x4, 0x80, 0x24, 0x3, 0x0,
    0xfa, 0xc1, 0xc8, 0x3, 0xa, 0x4, 0x80, 0xa,
    0x42, 0x80, 0x3c, 0x8a, 0x30, 0x1, 0xe9, 0x14,
    0xfd, 0xd0, 0xa3, 0x0, 0x7a, 0x42, 0xc0, 0x3e,
    0x2c, 0x51, 0x22, 0x45, 0x80, 0x0,

    /* U+0026 "&" */
    0x0, 0xe4, 0xae, 0xfe, 0xc8, 0x30, 0xf, 0xfa,
    0x2d, 0x44, 0x4, 0xdf, 0xc, 0x3, 0xf9, 0x1c,
    0x6, 0x2e, 0xd2, 0x80, 0x1f, 0xf7, 0x80, 0x31,
    0xd1, 0xd, 0x7a, 0x40, 0x1f, 0xcc, 0x6, 0x40,
    0x1c, 0x42, 0x1, 0xff, 0xd1, 0x40, 0x34, 0x0,
    0xff, 0xe2, 0x58, 0x2, 0x88, 0x3, 0xff, 0x86,
    0x44, 0x1, 0xc2, 0x0, 0xff, 0xe0, 0x8e, 0x91,
    0x80, 0xe0, 0x80, 0x78, 0x48, 0x80, 0x16, 0x91,
    0xe6, 0x0, 0x70, 0x40, 0x3a, 0x37, 0x0, 0xe,
    0x61, 0xc0, 0x76, 0x5, 0x82, 0x1, 0x94, 0x14,
    0x1, 0x20, 0x84, 0x0, 0x4b, 0x2, 0xc1, 0x0,
    0x8c, 0x34, 0x4, 0x41, 0x80, 0x19, 0x28, 0xb,
    0x4, 0x18, 0x0, 0xe0, 0x40, 0x1f, 0x96, 0x40,
    0xb0, 0xac, 0x1c, 0x40, 0x40, 0x1a, 0x1, 0xe6,
    0x90, 0x2d, 0x21, 0x90, 0x1, 0x8, 0x29, 0x0,
    0x79, 0xa0, 0x2, 0xb1, 0x0, 0xa4, 0x1, 0xe4,
    0x1, 0xef, 0x0, 0xa4, 0x3, 0x3a, 0x1, 0x6c,
    0xaa, 0x2c, 0xf3, 0x81, 0x81, 0xd8, 0x6, 0xb6,
    0x0, 0x35, 0x5d, 0x30, 0x8a, 0xb1, 0x41, 0x28,
    0x3, 0x4e, 0x31, 0x0, 0x5, 0x27, 0x94, 0x28,
    0x81, 0x60,

    /* U+0027 "'" */
    0x5f, 0xf0, 0x7, 0xff, 0x35, 0x91, 0x0,

    /* U+0028 "(" */
    0x0, 0xd9, 0xec, 0x1, 0x31, 0x8b, 0x0, 0x50,
    0x10, 0x1, 0x30, 0x83, 0x0, 0x56, 0xc, 0x1,
    0x19, 0x6, 0x80, 0x54, 0x2, 0x80, 0x12, 0x2,
    0x80, 0x42, 0x40, 0x60, 0x12, 0x0, 0x34, 0x2,
    0x20, 0x3, 0x0, 0x5e, 0x0, 0x10, 0x8, 0x40,
    0x6, 0x1, 0xe3, 0x0, 0x84, 0x0, 0x20, 0x17,
    0x0, 0x1c, 0x2, 0x50, 0x1, 0x0, 0x46, 0x0,
    0xf0, 0xc, 0x80, 0x80, 0x1b, 0x40, 0x84, 0x2,
    0x70, 0x3, 0x0, 0x42, 0xa1, 0x60, 0x1a, 0x0,
    0xcc, 0x1, 0x12, 0x84, 0x0, 0x68, 0x4, 0x30,
    0x8, 0xa9, 0xdc,

    /* U+0029 ")" */
    0x8f, 0xb0, 0xd, 0x20, 0x88, 0x0, 0x85, 0xc2,
    0x40, 0x34, 0x81, 0x28, 0x4, 0x28, 0x12, 0x1,
    0xb8, 0xc, 0x80, 0x25, 0x0, 0x28, 0x6, 0x30,
    0xb0, 0xc, 0xa0, 0x60, 0x1b, 0xc0, 0x6, 0x1,
    0x10, 0x1, 0x80, 0x27, 0x0, 0x10, 0x4, 0x20,
    0xf, 0x0, 0x84, 0x1, 0xe0, 0x13, 0x80, 0x4,
    0x2, 0x10, 0x1, 0x0, 0x44, 0x0, 0x60, 0xb,
    0x0, 0x48, 0x2, 0x50, 0x40, 0x8, 0x84, 0x3c,
    0x2, 0xa0, 0x15, 0x0, 0x98, 0x18, 0x2, 0x41,
    0x9, 0x0, 0xa0, 0x18, 0x40, 0x8, 0x63, 0x0,
    0x10, 0xbd, 0x8, 0x4,

    /* U+002A "*" */
    0x0, 0xf6, 0x60, 0x3, 0xff, 0x92, 0x82, 0x1,
    0xf8, 0x50, 0x1, 0x5c, 0xc0, 0x1e, 0x6e, 0xa0,
    0x6, 0x24, 0xe1, 0x80, 0xf, 0x25, 0x30, 0x0,
    0x57, 0x61, 0xc3, 0x36, 0xd, 0xd8, 0x80, 0x32,
    0x6a, 0x0, 0x13, 0x50, 0x3, 0xc7, 0x88, 0x0,
    0x4c, 0x40, 0xc, 0x57, 0x81, 0x86, 0x6c, 0xb,
    0xb1, 0x0, 0x31, 0x23, 0xc, 0x0, 0x79, 0x9,
    0x80, 0xa, 0xe7, 0x0, 0xf3, 0xf5, 0x0, 0x10,
    0x40, 0x3f, 0xa, 0x0, 0x7f, 0xf2, 0x73, 0x0,
    0x1e,

    /* U+002B "+" */
    0x0, 0xfc, 0xdd, 0x80, 0x1f, 0xfc, 0x51, 0x20,
    0xf, 0xff, 0xf8, 0x7, 0xff, 0x93, 0xff, 0xe9,
    0x1, 0xff, 0xfa, 0x0, 0x3f, 0xf9, 0x13, 0x3f,
    0x28, 0xc, 0xcf, 0xd6, 0xc, 0xdf, 0x60, 0x1,
    0x9b, 0xe3, 0x0, 0xff, 0xff, 0x80, 0x7f, 0xf6,
    0xc0,

    /* U+002C "," */
    0x9, 0xdd, 0x10, 0x11, 0x40, 0x1c, 0x60, 0x80,
    0xa2, 0x60, 0x8, 0x4, 0x5, 0x20, 0xc0, 0x80,
    0x0,

    /* U+002D "-" */
    0x24, 0x4f, 0x1c, 0x5d, 0xfa, 0x0, 0x3f, 0x0,

    /* U+002E "." */
    0x88, 0x3b, 0xd2, 0x1, 0xe0,

    /* U+002F "/" */
    0x0, 0xfb, 0xfc, 0x80, 0x1e, 0x50, 0x2, 0x0,
    0x7b, 0xc1, 0x40, 0x3e, 0x40, 0xc0, 0xf, 0x20,
    0x83, 0x80, 0x7b, 0x0, 0xc4, 0x3, 0xca, 0x16,
    0x1, 0xe2, 0x20, 0x28, 0x7, 0x94, 0x8, 0x80,
    0x1e, 0xb0, 0x50, 0xf, 0x9, 0x86, 0x0, 0x79,
    0x0, 0x8, 0x1, 0xef, 0x5, 0x0, 0xf9, 0x43,
    0xc0, 0x3c, 0x80, 0x4, 0x0, 0xf6, 0x82, 0x8,
    0x7, 0x9c, 0x30, 0x3, 0xc6, 0x20, 0xa0, 0x1e,
    0x40, 0x22, 0x0, 0x7a, 0xc1, 0x40, 0x3c, 0x26,
    0x16, 0x1, 0xe7, 0x1, 0x30, 0xf, 0x68, 0x20,
    0x7, 0xd8, 0xf2, 0x1, 0xf0,

    /* U+0030 "0" */
    0x0, 0xc3, 0x1b, 0xfd, 0x8e, 0x1, 0xf2, 0x73,
    0x90, 0x9, 0xc6, 0x90, 0x6, 0x3b, 0x0, 0x3d,
    0xd9, 0x40, 0xb0, 0x40, 0x2f, 0x0, 0x5c, 0x22,
    0x2a, 0x0, 0x60, 0x0, 0x66, 0x6, 0x40, 0xc,
    0xe4, 0xc, 0x0, 0xb0, 0x5, 0x0, 0x7a, 0xc0,
    0xa, 0x8, 0x0, 0x30, 0xf, 0x20, 0x3, 0x0,
    0xc0, 0x80, 0x3e, 0x20, 0x1, 0x0, 0x4c, 0x1,
    0xf8, 0x41, 0x84, 0x0, 0x20, 0x1f, 0x8c, 0xc,
    0xc0, 0x1f, 0xfc, 0x11, 0x30, 0xf, 0xfe, 0x8,
    0x88, 0x0, 0x20, 0x1f, 0x8c, 0xc, 0x2, 0x60,
    0xf, 0xc2, 0xc, 0x6, 0x4, 0x1, 0xf1, 0x0,
    0x8, 0x10, 0x0, 0x60, 0x1e, 0x40, 0x6, 0x5,
    0x80, 0x28, 0x3, 0xd6, 0x0, 0x50, 0x33, 0x3,
    0x20, 0x6, 0x72, 0x6, 0x0, 0xbc, 0x1, 0x70,
    0x88, 0xa8, 0x1, 0x80, 0x8, 0xec, 0x0, 0xf7,
    0x65, 0x2, 0xc1, 0x0, 0xc9, 0xce, 0x40, 0x3,
    0x8d, 0x20, 0x0,

    /* U+0031 "1" */
    0x14, 0x7b, 0xef, 0xf5, 0x80, 0x77, 0xdc, 0x20,
    0x80, 0x7f, 0xc2, 0x80, 0x1f, 0xa6, 0xbb, 0x96,
    0x1, 0xf9, 0xd4, 0x40, 0x3f, 0xff, 0xe0, 0x1f,
    0xff, 0xf0, 0xf, 0xfe, 0x89, 0xb3, 0x60, 0x3,
    0x37, 0xd, 0xcc, 0xe0, 0x1, 0x4c, 0xe2, 0x0,
    0xff, 0xe0, 0x80,

    /* U+0032 "2" */
    0x1, 0x6b, 0xdf, 0xf6, 0xd2, 0x0, 0x6a, 0xe9,
    0x42, 0x0, 0x12, 0xdd, 0x84, 0x0, 0xe0, 0x3,
    0x79, 0x93, 0x0, 0x13, 0x40, 0x2, 0xfd, 0x90,
    0xcc, 0x9e, 0x20, 0x36, 0xc, 0x81, 0x0, 0xe1,
    0xe0, 0x6, 0x80, 0x7f, 0x8c, 0x41, 0x80, 0x3f,
    0xf9, 0x84, 0x20, 0xe0, 0x1f, 0xe8, 0x0, 0x70,
    0x7, 0xf2, 0xa8, 0xd, 0x0, 0x3f, 0x15, 0x0,
    0xe8, 0x7, 0xe2, 0xc0, 0x5, 0x8, 0x7, 0xc3,
    0x82, 0x16, 0x80, 0x1f, 0xe, 0x8, 0x52, 0x0,
    0x7c, 0x38, 0x41, 0x4a, 0x1, 0xf0, 0xe1, 0x4,
    0xa8, 0x7, 0xc3, 0x84, 0x12, 0xc0, 0x1f, 0xe,
    0x90, 0x43, 0x0, 0x7e, 0xd3, 0x3, 0x16, 0x6f,
    0xc0, 0x60, 0x3, 0x99, 0xfe, 0x0, 0xff, 0xe1,
    0x80,

    /* U+0033 "3" */
    0x4, 0x8b, 0xde, 0xfe, 0xc7, 0x10, 0x9, 0x2d,
    0xd0, 0x84, 0x4, 0xe3, 0x94, 0x3, 0x1b, 0x3c,
    0xc9, 0xcc, 0x1, 0x48, 0x9, 0xd9, 0x30, 0xcc,
    0x8c, 0xa0, 0x4, 0x0, 0x4, 0x3, 0xe5, 0x30,
    0x30, 0xf, 0xf9, 0xc0, 0x3f, 0xf8, 0x2, 0xa0,
    0x20, 0x1f, 0x89, 0xb0, 0x42, 0x40, 0x32, 0xff,
    0xdb, 0x24, 0xc, 0xe0, 0x1f, 0xe2, 0xc9, 0x0,
    0xe4, 0xaa, 0xa0, 0xcb, 0x54, 0x3, 0x85, 0x56,
    0x7c, 0x91, 0xa7, 0x0, 0xff, 0x33, 0x2, 0x4,
    0x3, 0xfd, 0xa0, 0x7, 0x0, 0xff, 0x38, 0x3,
    0x80, 0x3f, 0xcc, 0x1, 0xff, 0xc1, 0xf0, 0x6,
    0xc1, 0x0, 0x7d, 0xa, 0x2, 0xaa, 0xdc, 0x96,
    0x6a, 0x79, 0xc0, 0x16, 0x1, 0x1b, 0x4c, 0xcc,
    0x20, 0x34, 0xa1, 0x94, 0xa6, 0x20, 0x2, 0x59,
    0xe5, 0x0, 0x0,

    /* U+0034 "4" */
    0x0, 0xfc, 0xff, 0xf2, 0x80, 0x7f, 0x8a, 0x0,
    0x3f, 0xf8, 0x52, 0x2, 0x1, 0xff, 0xc0, 0x64,
    0x19, 0x0, 0xff, 0x86, 0x2, 0x84, 0x3, 0xfe,
    0xb1, 0x44, 0x0, 0x7f, 0xc8, 0xa1, 0x40, 0x1f,
    0xfc, 0xa, 0x8, 0x10, 0xf, 0xfa, 0x44, 0xdc,
    0x3, 0xfe, 0x36, 0xf, 0x0, 0xff, 0xe0, 0x70,
    0x31, 0x80, 0x7f, 0xce, 0x43, 0x20, 0x1f, 0xf1,
    0x40, 0x58, 0x7, 0xff, 0x2, 0xc0, 0x41, 0x57,
    0xbc, 0x1, 0xaa, 0xa1, 0x30, 0x1a, 0xaf, 0x30,
    0x1, 0xea, 0x8a, 0x1, 0xff, 0xc4, 0xaf, 0xff,
    0xd2, 0x0, 0xaf, 0xf2, 0x0, 0x7f, 0xfd, 0x0,

    /* U+0035 "5" */
    0xf, 0xff, 0xf6, 0x80, 0x7f, 0xf1, 0xd2, 0xab,
    0xe9, 0x0, 0xe3, 0x55, 0xf9, 0x0, 0x3f, 0xfc,
    0x6b, 0xbf, 0xed, 0xa4, 0x0, 0xf8, 0x88, 0x0,
    0x25, 0xbc, 0x10, 0xc, 0x4d, 0x13, 0xa, 0x0,
    0x3c, 0x0, 0xb3, 0x65, 0xd9, 0xeb, 0x48, 0xa,
    0x0, 0x6, 0x1, 0xe2, 0xc0, 0x3, 0x80, 0x7f,
    0x85, 0x80, 0x6, 0x1, 0xfe, 0xf0, 0x3, 0x0,
    0x7f, 0x84, 0x3, 0xff, 0x83, 0xc0, 0x6, 0x0,
    0xfe, 0x16, 0x0, 0x1b, 0x8, 0x7, 0x8b, 0x0,
    0xc, 0x17, 0xd9, 0xc, 0xc7, 0xad, 0x20, 0x28,
    0x0, 0x8d, 0xe6, 0x50, 0xa0, 0x4, 0xc1, 0xf,
    0x85, 0x21, 0x0, 0x13, 0x5d, 0x84, 0x0,

    /* U+0036 "6" */
    0x0, 0xe1, 0x7c, 0xef, 0xec, 0x83, 0x0, 0xf2,
    0xfc, 0x18, 0x80, 0x9b, 0xc0, 0x7, 0x35, 0x8,
    0x2c, 0x4c, 0x31, 0x0, 0x71, 0x48, 0x16, 0xd3,
    0xb3, 0xce, 0xd0, 0x6, 0xe0, 0x6, 0x10, 0x7,
    0x84, 0x2, 0x33, 0x3, 0x88, 0x7, 0xfd, 0x60,
    0xa, 0x0, 0x11, 0x90, 0x7, 0xc8, 0x2, 0x4d,
    0xba, 0xcd, 0xe9, 0x10, 0xc, 0x40, 0x53, 0x22,
    0x0, 0x85, 0xbc, 0x80, 0x21, 0x3, 0x61, 0x9e,
    0xfc, 0x40, 0x1f, 0x0, 0xfb, 0x58, 0x40, 0xed,
    0x0, 0x98, 0x3, 0x98, 0xc0, 0x3a, 0x40, 0x1a,
    0x1, 0xd8, 0x1, 0xe2, 0x20, 0x28, 0x0, 0x80,
    0xc, 0x1, 0xf3, 0x0, 0x80, 0x1c, 0x3, 0xfc,
    0xe0, 0x1b, 0x0, 0xa, 0x1, 0xf1, 0x0, 0x80,
    0x1c, 0x1, 0xa0, 0x1e, 0x31, 0x4, 0x0, 0xb,
    0x2, 0x30, 0x6, 0x1e, 0x0, 0x48, 0x5, 0x2,
    0x13, 0x4a, 0x8d, 0xe4, 0xc, 0x60, 0x10, 0xe1,
    0x2, 0xd5, 0xc8, 0x82, 0xc8, 0x7, 0x16, 0xc1,
    0x88, 0xa, 0xdd, 0x0, 0x40,

    /* U+0037 "7" */
    0xbf, 0xff, 0xfe, 0x3, 0x0, 0x7f, 0xf0, 0x4b,
    0xea, 0xbf, 0x48, 0x0, 0x51, 0xa, 0xbf, 0x8c,
    0x0, 0xc0, 0x1f, 0xee, 0x0, 0x50, 0x7, 0xf0,
    0xa0, 0x19, 0x0, 0x7f, 0x30, 0x2, 0x80, 0x3f,
    0xd4, 0x0, 0x70, 0xf, 0xe3, 0x20, 0x41, 0x0,
    0xfe, 0xa0, 0x7, 0x0, 0x7f, 0x9c, 0x5, 0x40,
    0x3f, 0x94, 0x41, 0xc0, 0x3f, 0xdc, 0x0, 0xa0,
    0xf, 0xe1, 0x40, 0x23, 0x0, 0xfe, 0x60, 0x5,
    0x0, 0x7f, 0xa8, 0x0, 0xc0, 0x1f, 0xc6, 0x40,
    0x82, 0x1, 0xfd, 0x40, 0xe, 0x0, 0xff, 0x38,
    0xa, 0x80, 0x7f, 0x28, 0x83, 0x80, 0x7f, 0xb8,
    0x1, 0x40, 0x1f, 0x0,

    /* U+0038 "8" */
    0x0, 0xcd, 0x7d, 0xfe, 0xda, 0x40, 0xe, 0x1d,
    0x94, 0x10, 0x1, 0x2d, 0xd8, 0x3, 0x61, 0x1,
    0x4d, 0xda, 0x4, 0x12, 0x80, 0xa, 0x40, 0x7a,
    0xc8, 0x87, 0xf1, 0x5, 0x20, 0xd0, 0x4, 0x0,
    0x70, 0xc8, 0x1, 0xc0, 0x40, 0xc, 0x1, 0xe2,
    0x0, 0xde, 0x0, 0x60, 0xf, 0x10, 0x1, 0x81,
    0xc0, 0x10, 0x1, 0xc3, 0x20, 0x66, 0x1, 0xb0,
    0x3d, 0x64, 0x43, 0xf8, 0x97, 0x0, 0x49, 0xac,
    0x53, 0x76, 0x81, 0x8c, 0x20, 0xd, 0x4e, 0x1,
    0xe9, 0x70, 0xd, 0x6e, 0x2d, 0xbf, 0xec, 0x41,
    0x99, 0x0, 0x21, 0x2, 0x64, 0x40, 0x3, 0xb6,
    0x6, 0x50, 0x60, 0x16, 0x0, 0xf4, 0x0, 0x38,
    0x44, 0xa, 0x1, 0xf0, 0x88, 0x18, 0x40, 0x3f,
    0xf8, 0x62, 0x8, 0x1, 0xf1, 0x8, 0x30, 0x38,
    0x2, 0x40, 0x3d, 0xc0, 0xd, 0xb, 0x0, 0x36,
    0x32, 0x21, 0xf4, 0xc0, 0x98, 0xb, 0x4, 0xe,
    0x6e, 0xd0, 0x40, 0x78, 0x1, 0x1f, 0x4a, 0x8,
    0x0, 0x52, 0xb0, 0x40,

    /* U+0039 "9" */
    0x0, 0xcd, 0x7d, 0xfd, 0x6c, 0x1, 0xe2, 0xd9,
    0x41, 0x1, 0x49, 0xc1, 0x0, 0x87, 0xc8, 0x12,
    0xb2, 0x94, 0xf, 0x40, 0x29, 0x20, 0x6b, 0x53,
    0x5a, 0x80, 0x36, 0x0, 0x30, 0xc, 0x80, 0x73,
    0x98, 0x40, 0x10, 0x82, 0x0, 0x7c, 0x80, 0x26,
    0x20, 0x3, 0x0, 0xfb, 0x80, 0x8, 0x20, 0x1f,
    0xe1, 0x0, 0x69, 0x0, 0x10, 0x3, 0xec, 0x0,
    0x8, 0x20, 0x13, 0x0, 0x72, 0x20, 0x0, 0xe1,
    0x0, 0x9, 0x82, 0x1, 0x7b, 0x0, 0x84, 0xe,
    0x80, 0xf, 0xbf, 0xd0, 0x10, 0x0, 0x10, 0x2,
    0xe2, 0x80, 0x63, 0xb6, 0x0, 0x38, 0x4, 0x75,
    0xfb, 0xae, 0xc4, 0x50, 0x1, 0x80, 0x78, 0x88,
    0x20, 0xc, 0x0, 0x68, 0x7, 0xfc, 0xc0, 0x5,
    0x0, 0xff, 0x38, 0x83, 0x0, 0x48, 0x1, 0xe6,
    0x80, 0x18, 0x0, 0xab, 0xa5, 0x99, 0x19, 0x20,
    0xd, 0x10, 0xc, 0x2d, 0x32, 0x73, 0x2, 0xc3,
    0x0, 0xd4, 0xc6, 0x20, 0x29, 0x3a, 0x60, 0x10,

    /* U+003A ":" */
    0x68, 0x80, 0xeb, 0xb8, 0xc0, 0x3f, 0x5f, 0xf8,
    0x80, 0x3f, 0xf9, 0x8d, 0x10, 0x1d, 0x77, 0x18,
    0x7, 0xe0,

    /* U+003B ";" */
    0xb, 0xff, 0x10, 0x7, 0xfd, 0xae, 0xe3, 0x6,
    0x88, 0x8, 0x7, 0xff, 0x4e, 0x77, 0x44, 0x4,
    0x50, 0x7, 0x18, 0x20, 0x28, 0x98, 0x2, 0x1,
    0x1, 0x48, 0x30, 0x20, 0x0,

    /* U+003C "<" */
    0x0, 0xff, 0xe2, 0x9a, 0x0, 0x7f, 0xf0, 0x85,
    0xf7, 0x30, 0x1, 0xff, 0xc0, 0x5b, 0xe8, 0x20,
    0xf0, 0xf, 0xe4, 0xaf, 0xa4, 0x0, 0x2d, 0xb8,
    0x7, 0x8a, 0x3a, 0xd4, 0x0, 0x73, 0xf4, 0x80,
    0x18, 0x5b, 0x35, 0xc4, 0xa, 0x3b, 0x18, 0x3,
    0x92, 0xba, 0x4c, 0x5, 0xb3, 0x5c, 0x40, 0x3e,
    0xb5, 0x0, 0x2d, 0xf4, 0x98, 0x7, 0xff, 0x4,
    0x49, 0x80, 0x3f, 0xf8, 0x32, 0x60, 0x2f, 0xba,
    0x71, 0x0, 0xff, 0x36, 0x6b, 0x90, 0x14, 0x75,
    0xa8, 0x7, 0xf8, 0xa3, 0x6d, 0x80, 0x9, 0x5f,
    0x48, 0x1, 0xfe, 0x49, 0xfa, 0x40, 0x2, 0xdf,
    0x49, 0x80, 0x7f, 0x96, 0xfa, 0x8, 0x5, 0xb1,
    0xc0, 0x3f, 0xe1, 0x7d, 0xc6, 0x10, 0xf0, 0xf,
    0xfe, 0x11, 0xcf, 0x56, 0x0,

    /* U+003D "=" */
    0xf, 0xff, 0xfe, 0x2c, 0x0, 0x7f, 0xf2, 0x2a,
    0xbf, 0xf8, 0xc0, 0xab, 0xff, 0xc5, 0x20, 0xf,
    0xfe, 0x43, 0x37, 0xff, 0x14, 0xc2, 0x67, 0xff,
    0x8b, 0x60, 0x1f, 0xfc, 0x70,

    /* U+003E ">" */
    0x6, 0x0, 0xff, 0xe3, 0x4f, 0xd2, 0x0, 0x7f,
    0xf1, 0x56, 0xfa, 0x8, 0x3, 0xff, 0x81, 0xb0,
    0x40, 0x2f, 0xb8, 0xc2, 0x1, 0xfc, 0x4f, 0xb8,
    0xc2, 0x7, 0x3d, 0x6a, 0x1, 0xfe, 0x39, 0xea,
    0x50, 0x2, 0x57, 0x49, 0x80, 0x7f, 0x96, 0xba,
    0x4c, 0x5, 0xb3, 0x5c, 0x40, 0x3f, 0x85, 0xb3,
    0x5c, 0x80, 0xa2, 0x40, 0x3f, 0xf8, 0x5, 0xcc,
    0x1, 0xff, 0xc2, 0x4a, 0xf9, 0x40, 0x16, 0xa0,
    0xf, 0x8e, 0x7a, 0xd4, 0x0, 0xb5, 0xd2, 0x40,
    0x18, 0x9f, 0x71, 0x84, 0xe, 0x7a, 0x94, 0x3,
    0xb, 0x66, 0xc1, 0x0, 0xbe, 0xe3, 0x8, 0x7,
    0xba, 0x4c, 0x0, 0xb7, 0xd0, 0x40, 0x1f, 0xf1,
    0xcf, 0xd2, 0x0, 0x7f, 0xf0, 0x23, 0x71, 0x80,
    0x3f, 0xf8, 0x40,

    /* U+003F "?" */
    0x3, 0x8c, 0xff, 0x75, 0x18, 0x2, 0xb1, 0xcc,
    0x0, 0x2b, 0x8e, 0xa, 0x7, 0x15, 0x2a, 0x0,
    0x84, 0x2b, 0xc7, 0x56, 0xa9, 0x0, 0x7e, 0xa0,
    0x7, 0x30, 0x1, 0x80, 0x3f, 0xf8, 0xca, 0x0,
    0x50, 0xf, 0x1d, 0x0, 0xc8, 0x7, 0x1e, 0x80,
    0x34, 0x40, 0x31, 0x68, 0x86, 0x18, 0x7, 0x78,
    0x86, 0x18, 0x7, 0x29, 0x4, 0x98, 0x7, 0xb4,
    0x0, 0xe0, 0x1f, 0x8, 0x0, 0x40, 0x3f, 0xf8,
    0xdb, 0x10, 0x0, 0xfc, 0x8e, 0xe0, 0xf, 0xcb,
    0x10, 0x10, 0xf, 0xbd, 0xdc, 0x60, 0x1f, 0xfc,
    0xe0,

    /* U+0040 "@" */
    0x0, 0xff, 0xeb, 0xa, 0xd6, 0xf7, 0xfb, 0x65,
    0x40, 0x3f, 0xf8, 0x43, 0x1d, 0x4a, 0x42, 0x0,
    0x26, 0xae, 0x60, 0xf, 0xf9, 0x3d, 0xc1, 0x27,
    0x7b, 0xfb, 0x1c, 0x86, 0x6c, 0x40, 0x3f, 0x35,
    0x8a, 0x6d, 0xb1, 0x8, 0x9, 0xc6, 0xc8, 0xa6,
    0x8, 0x7, 0x92, 0x41, 0xec, 0x80, 0x3f, 0x9b,
    0xc8, 0x9a, 0x1, 0xc3, 0x61, 0x30, 0x1, 0xff,
    0xc0, 0x1c, 0x23, 0x70, 0xd, 0x60, 0xac, 0x1,
    0xc, 0x77, 0xf5, 0x10, 0x21, 0x80, 0xf0, 0x40,
    0x4, 0x4a, 0x16, 0x1, 0xe, 0x38, 0x80, 0xae,
    0xb5, 0xf0, 0x0, 0xd4, 0x18, 0x0, 0xa0, 0xe2,
    0x1, 0x51, 0xc, 0xf7, 0x28, 0x64, 0x3, 0xb8,
    0x34, 0x1, 0x61, 0x60, 0x11, 0xa0, 0x53, 0x8,
    0x97, 0x40, 0x3c, 0xa0, 0xa0, 0x3, 0x3, 0x0,
    0xac, 0xd, 0x0, 0x31, 0xa8, 0x7, 0x8, 0x8,
    0x8, 0x10, 0x6, 0x30, 0x40, 0xf, 0x68, 0x7,
    0xf1, 0x80, 0x80, 0x67, 0xf, 0x0, 0xf1, 0x0,
    0x7c, 0x20, 0x60, 0x20, 0x19, 0xc3, 0xc0, 0x3c,
    0x40, 0x1c, 0x80, 0xa0, 0x20, 0x40, 0x18, 0xc1,
    0x0, 0x3d, 0xa0, 0x1d, 0xe1, 0xa0, 0x3, 0x3,
    0x0, 0xac, 0xc, 0xc0, 0x18, 0x94, 0x3, 0x32,
    0x13, 0x0, 0x10, 0x2c, 0x2, 0x34, 0xd, 0x50,
    0x2, 0x60, 0x4, 0x53, 0x20, 0xe0, 0xa, 0xc1,
    0xc4, 0x2, 0xa2, 0x1a, 0xff, 0x58, 0xc0, 0x16,
    0xb1, 0x69, 0x80, 0x46, 0xa1, 0x0, 0x10, 0xe3,
    0x90, 0xa, 0xeb, 0x1, 0x2d, 0x69, 0x0, 0x74,
    0x3, 0x30, 0x2, 0x18, 0xdf, 0xea, 0x21, 0xfd,
    0xa5, 0x0, 0xf8, 0xa8, 0x25, 0x80, 0x3f, 0xf8,
    0x2, 0x1, 0xfc, 0xb0, 0x13, 0x42, 0x1, 0xfc,
    0xdc, 0xc0, 0x1f, 0xcf, 0x40, 0xbd, 0x4a, 0x40,
    0x1, 0x48, 0xe9, 0xe, 0x0, 0xff, 0x2f, 0x30,
    0x2d, 0x6f, 0xfb, 0xad, 0xc4, 0xf2, 0x0, 0x3f,
    0xe1, 0x9e, 0x94, 0x20, 0x0, 0x9b, 0xe6, 0xc,
    0x3, 0xc0,

    /* U+0041 "A" */
    0x0, 0xf8, 0xbf, 0xe5, 0x0, 0xff, 0xe1, 0x50,
    0x5, 0xc0, 0x1f, 0xfc, 0x26, 0x0, 0x90, 0x40,
    0x3f, 0xf8, 0x8, 0x21, 0x20, 0x7, 0x0, 0xff,
    0xe0, 0x70, 0xb, 0x18, 0x50, 0x7, 0xff, 0x1,
    0x41, 0x82, 0x80, 0xc8, 0x3, 0xfc, 0xc0, 0xa,
    0x6, 0x0, 0x50, 0x7, 0xfa, 0x80, 0x88, 0x0,
    0x50, 0x60, 0xf, 0xe2, 0x30, 0xa0, 0xb, 0x80,
    0x50, 0x3, 0xf5, 0x0, 0x18, 0x2, 0x41, 0xe,
    0x0, 0xfc, 0xc0, 0x82, 0x1, 0x9c, 0x14, 0x40,
    0x3c, 0x82, 0x1c, 0x1, 0xd4, 0x0, 0x70, 0xf,
    0x70, 0x1, 0x40, 0x38, 0xc8, 0x28, 0x3, 0xca,
    0x0, 0xff, 0xf8, 0x80, 0xc8, 0x3, 0x28, 0x7,
    0xff, 0x6, 0x80, 0x37, 0x0, 0xd5, 0x7f, 0x18,
    0x30, 0x4, 0x28, 0xe, 0xab, 0xfd, 0x40, 0x28,
    0x0, 0x60, 0x6, 0x80, 0x7f, 0x38, 0x3, 0x40,
    0x14, 0x2, 0x80, 0x1f, 0xc2, 0x60, 0xc0, 0x64,
    0xe, 0x1, 0xff, 0x58, 0x1, 0x68, 0x1, 0xa0,
    0x1f, 0xf3, 0x0, 0x38,

    /* U+0042 "B" */
    0x4f, 0xff, 0xdb, 0x48, 0x1, 0xff, 0xc1, 0x25,
    0xbb, 0x0, 0x79, 0x6a, 0xb4, 0xb0, 0x1, 0x28,
    0x3, 0x89, 0x57, 0x34, 0xe8, 0x1, 0x44, 0x3,
    0xfe, 0x26, 0x0, 0x28, 0x7, 0xff, 0x3, 0xc0,
    0x2, 0x1, 0xff, 0xc0, 0xf0, 0x3, 0x0, 0x7f,
    0xc4, 0xc0, 0x46, 0x1, 0x89, 0x13, 0x2c, 0x60,
    0x2, 0x40, 0x39, 0x6e, 0xf5, 0x38, 0xb6, 0xa0,
    0x7, 0xff, 0x5, 0xa0, 0x40, 0x39, 0xff, 0xfb,
    0x60, 0x17, 0x4, 0x3, 0xfc, 0x4f, 0x40, 0x56,
    0x1, 0xff, 0xc0, 0x52, 0x5, 0x0, 0xff, 0xe0,
    0xb0, 0x0, 0x80, 0x3f, 0xf8, 0x62, 0x1, 0xff,
    0xc0, 0x40, 0x1, 0x0, 0x7f, 0xd2, 0x0, 0x31,
    0x0, 0x89, 0x57, 0x9f, 0x18, 0x1, 0xe0, 0x19,
    0x6a, 0xba, 0xc, 0x6, 0x8c, 0x3, 0xfc, 0x29,
    0x1e, 0xa0, 0x0,

    /* U+0043 "C" */
    0x0, 0xf2, 0x4e, 0xf7, 0xf6, 0xca, 0x0, 0x7c,
    0x9b, 0x6c, 0x42, 0x2, 0x4d, 0x7a, 0xa0, 0x19,
    0xac, 0x80, 0x5a, 0x6a, 0x5c, 0xc0, 0xa8, 0x2,
    0x49, 0x0, 0x47, 0x4b, 0x2b, 0x46, 0x6a, 0x0,
    0x6a, 0x0, 0x53, 0x80, 0x7c, 0x57, 0x0, 0x7,
    0x10, 0x65, 0x0, 0xff, 0x38, 0x2, 0x80, 0x16,
    0x1, 0xff, 0xc1, 0x12, 0x2, 0x20, 0x7, 0xff,
    0x5, 0x40, 0xe, 0x1, 0xff, 0xc2, 0x10, 0x1,
    0x0, 0x7f, 0xf0, 0x8c, 0x1, 0xe0, 0x1f, 0xfc,
    0x23, 0x0, 0x78, 0x7, 0xff, 0x8, 0x40, 0x4,
    0x1, 0xff, 0xc2, 0x50, 0x3, 0x80, 0x7f, 0xf0,
    0x84, 0x80, 0x88, 0x1, 0xff, 0xc2, 0xa0, 0x5,
    0x80, 0x7f, 0xf0, 0x9c, 0x41, 0x94, 0x3, 0xfc,
    0xe0, 0x15, 0x0, 0x29, 0xc0, 0x3e, 0x2b, 0x80,
    0x9, 0x24, 0x1, 0x1d, 0x2c, 0xad, 0x19, 0xa8,
    0x1, 0xcd, 0x64, 0x2, 0xd3, 0x52, 0xe6, 0x5,
    0x40, 0x1c, 0x9b, 0x6c, 0x42, 0x2, 0x4d, 0x7a,
    0xa0,

    /* U+0044 "D" */
    0x4f, 0xff, 0x77, 0x32, 0x54, 0x3, 0xff, 0x82,
    0x22, 0x36, 0xaf, 0x80, 0xf, 0x96, 0xab, 0x4b,
    0x10, 0x1, 0xf4, 0x80, 0x38, 0x95, 0x73, 0x4e,
    0xe1, 0x1, 0x78, 0x80, 0x7f, 0xf0, 0xf, 0x4c,
    0xa, 0x0, 0x3f, 0xf8, 0x5a, 0x0, 0x61, 0x0,
    0xff, 0xe0, 0x8a, 0x80, 0x1c, 0x3, 0xff, 0x85,
    0xe0, 0xf, 0x0, 0xff, 0xe1, 0x38, 0x1, 0x40,
    0x3f, 0xf8, 0x46, 0x0, 0x10, 0xf, 0xfe, 0x10,
    0x80, 0xc, 0x3, 0xff, 0x84, 0x20, 0x3, 0x0,
    0xff, 0xe1, 0x18, 0x0, 0x40, 0x3f, 0xf8, 0x4e,
    0x0, 0x50, 0xf, 0xfe, 0x17, 0x80, 0x30, 0x3,
    0xff, 0x82, 0x2a, 0x0, 0x40, 0xf, 0xfe, 0xe,
    0x80, 0x18, 0x40, 0x3f, 0xe3, 0xd3, 0x2, 0x80,
    0xc, 0x4a, 0xb9, 0xa7, 0x70, 0x80, 0xbc, 0x40,
    0x32, 0xd5, 0x69, 0x62, 0x0, 0x3e, 0x90, 0x7,
    0xf8, 0x4d, 0xab, 0xe0, 0x3, 0x0,

    /* U+0045 "E" */
    0x4f, 0xff, 0xfe, 0x5, 0x0, 0x7f, 0xf1, 0x52,
    0xab, 0xfa, 0x40, 0x23, 0x55, 0xfe, 0x30, 0xf,
    0xff, 0x79, 0xaa, 0xff, 0x8, 0x4, 0x95, 0x5f,
    0xc4, 0x1, 0xff, 0xc5, 0x7f, 0xff, 0xe3, 0x0,
    0xff, 0xff, 0x80, 0x7f, 0xf0, 0xd, 0x9b, 0xf9,
    0x40, 0x24, 0x99, 0xfe, 0xb0, 0xf, 0xfe, 0x10,

    /* U+0046 "F" */
    0x4f, 0xff, 0xf9, 0xc0, 0x3f, 0xf8, 0x89, 0x55,
    0xf9, 0x40, 0x23, 0x55, 0xfc, 0x40, 0x1f, 0xfe,
    0xb3, 0x66, 0xf8, 0xc0, 0x32, 0x4c, 0xfd, 0x40,
    0x1f, 0xfc, 0x57, 0xff, 0xfa, 0x40, 0x3f, 0xff,
    0xe0, 0x1f, 0xfd, 0xf0,

    /* U+0047 "G" */
    0x0, 0xf2, 0x4e, 0x77, 0xfb, 0xad, 0xc8, 0x3,
    0xe3, 0xcb, 0x63, 0x10, 0x0, 0xa4, 0x6d, 0x98,
    0x6, 0x6c, 0x30, 0x15, 0x9a, 0xa4, 0x28, 0x82,
    0x68, 0x4, 0x92, 0x0, 0x8e, 0xa6, 0x55, 0x3d,
    0x75, 0x10, 0x6, 0xa0, 0x5, 0xb8, 0x7, 0xe5,
    0xd8, 0x0, 0x38, 0x83, 0x20, 0x7, 0xfc, 0xc0,
    0xa, 0x0, 0x58, 0x7, 0xff, 0x8, 0x48, 0x8,
    0x80, 0x1f, 0xfc, 0x25, 0x0, 0x38, 0x7, 0xff,
    0xc, 0x40, 0x4, 0x1, 0xf2, 0x2a, 0xf8, 0x8c,
    0x1, 0xe0, 0x1f, 0x4d, 0x57, 0x90, 0xc0, 0x1e,
    0x1, 0xff, 0xc3, 0x10, 0x1, 0x0, 0x7d, 0xbf,
    0xf5, 0x0, 0x4a, 0x0, 0x70, 0xf, 0xfe, 0x18,
    0x90, 0x11, 0x0, 0x3f, 0xf8, 0x74, 0x0, 0xb0,
    0xf, 0xfe, 0x1b, 0x8, 0x32, 0x0, 0x7f, 0xf0,
    0x86, 0x80, 0x16, 0xe0, 0x1f, 0x88, 0x3, 0x92,
    0x40, 0x11, 0xd2, 0xca, 0xa6, 0x8d, 0x80, 0x1,
    0x80, 0x4d, 0x64, 0x2, 0xd3, 0x54, 0x97, 0x20,
    0x3c, 0x50, 0xc, 0x9b, 0x6c, 0x62, 0x0, 0x14,
    0x8d, 0xc3, 0x0,

    /* U+0048 "H" */
    0x4f, 0xf4, 0x0, 0x7f, 0x3f, 0xf9, 0x40, 0x3f,
    0xff, 0xe0, 0x1f, 0xfe, 0x33, 0x55, 0xfe, 0xd0,
    0xf, 0x25, 0x57, 0xf2, 0x80, 0x7f, 0xf2, 0xdf,
    0xff, 0xfa, 0x0, 0x3f, 0xff, 0xe0, 0x1f, 0xff,
    0xf0, 0xf, 0x0,

    /* U+0049 "I" */
    0x4f, 0xf4, 0x0, 0x7f, 0xff, 0xc0, 0x38,

    /* U+004A "J" */
    0x0, 0xc9, 0xfe, 0x80, 0xf, 0xff, 0xf8, 0x7,
    0xff, 0xfc, 0x3, 0xfb, 0xc0, 0x30, 0x80, 0x4,
    0x3, 0x68, 0x0, 0x80, 0x21, 0x60, 0x2, 0x13,
    0x47, 0x88, 0x30, 0x2c, 0xb8, 0x81, 0xc8, 0x4,
    0x27, 0x18, 0x0,

    /* U+004B "K" */
    0x4f, 0xf4, 0x0, 0x7c, 0x39, 0xfe, 0xa0, 0xf,
    0xf8, 0x74, 0xc1, 0x68, 0x3, 0xfc, 0x38, 0x60,
    0xd4, 0x1, 0xfe, 0x1c, 0x20, 0x69, 0x0, 0xff,
    0xe, 0x10, 0x34, 0x80, 0x7f, 0x8b, 0x8, 0x1e,
    0x40, 0x3f, 0xc5, 0x84, 0xf, 0x0, 0x1f, 0xe2,
    0xc1, 0x8, 0x80, 0x7, 0xf8, 0xf0, 0x42, 0x1c,
    0x3, 0xfe, 0x41, 0x8, 0x70, 0xf, 0xfe, 0x1e,
    0x0, 0x7f, 0xf0, 0x58, 0x81, 0x2c, 0x3, 0xff,
    0x80, 0x38, 0x40, 0x96, 0x1, 0xff, 0xc0, 0x1c,
    0x20, 0x4a, 0x0, 0xff, 0xe0, 0xe, 0x10, 0x2d,
    0x0, 0x7f, 0xf0, 0x7, 0xc4, 0x16, 0x40, 0x3f,
    0xf8, 0x5, 0x82, 0xd, 0x20, 0x1f, 0xfc, 0x2,
    0xc1, 0x6, 0x80, 0xf, 0xfe, 0x1, 0x60, 0x83,
    0xc0, 0x7, 0xff, 0x0, 0xb4, 0x0, 0xee, 0x0,
    0xff, 0xe0, 0x1e, 0x0, 0x21, 0xc0,

    /* U+004C "L" */
    0x4f, 0xf4, 0x0, 0x7f, 0xff, 0xc0, 0x3f, 0xff,
    0xe0, 0x1f, 0xff, 0xf0, 0xf, 0xfe, 0x71, 0xb3,
    0x7f, 0x10, 0x4, 0x93, 0x3f, 0xca, 0x1, 0xff,
    0xc2,

    /* U+004D "M" */
    0x4f, 0xfc, 0x20, 0x1f, 0xdb, 0xff, 0x30, 0x7,
    0x38, 0x7, 0xe3, 0x20, 0xf, 0xea, 0x0, 0xfd,
    0x40, 0x1f, 0x94, 0xc, 0x80, 0x3e, 0x60, 0x50,
    0xf, 0x61, 0x5, 0x0, 0x79, 0x40, 0x1e, 0x1,
    0xf2, 0x82, 0x80, 0x7b, 0x81, 0x44, 0x3, 0xea,
    0x2, 0x30, 0xc, 0x28, 0x1c, 0x1, 0xf8, 0x8c,
    0x28, 0x3, 0x38, 0xa, 0x0, 0x7f, 0x50, 0x38,
    0x6, 0xa0, 0x70, 0xf, 0xf3, 0x80, 0xa8, 0x0,
    0x8c, 0x28, 0x3, 0xfc, 0x2a, 0x1c, 0x0, 0xa0,
    0x23, 0x0, 0xff, 0xbc, 0x10, 0x41, 0x82, 0x80,
    0x3f, 0xf8, 0xa, 0x20, 0xe8, 0x20, 0xc0, 0x1f,
    0xfc, 0x17, 0xa, 0xe0, 0x41, 0x0, 0xff, 0xe0,
    0xd0, 0x1a, 0x87, 0x0, 0x7f, 0xf0, 0x8c, 0x80,
    0x25, 0x0, 0xff, 0xe1, 0xd0, 0x1, 0x80, 0x3f,
    0xf8, 0x8f, 0xfe, 0x90, 0xf, 0xff, 0xc0,

    /* U+004E "N" */
    0x4f, 0xfa, 0xc0, 0x3f, 0x3f, 0xf8, 0xc0, 0x32,
    0x18, 0x7, 0xff, 0x13, 0xc0, 0x3f, 0xf8, 0x42,
    0x6, 0x80, 0x1f, 0xfc, 0x16, 0x0, 0x40, 0x7,
    0xff, 0x7, 0x9c, 0xd, 0x0, 0x3f, 0xf8, 0x32,
    0x21, 0x0, 0x1f, 0xfc, 0x11, 0x90, 0x35, 0x0,
    0xff, 0xe0, 0xb8, 0x84, 0x0, 0x7f, 0xf0, 0xa4,
    0x9, 0x40, 0x3f, 0xf8, 0x2e, 0x21, 0x0, 0x1f,
    0xfc, 0x28, 0x2, 0x60, 0xf, 0xfe, 0xb, 0x8,
    0x40, 0x7, 0xff, 0xa, 0x0, 0x58, 0x3, 0xff,
    0x82, 0xc4, 0x10, 0x1, 0xff, 0xc2, 0x80, 0x17,
    0x0, 0xff, 0xe0, 0xa9, 0x4, 0xf8, 0x7, 0xff,
    0x6, 0x0, 0x58, 0x3, 0xff, 0x82, 0xa6, 0x2,
    0x1, 0xff, 0xc2, 0x80, 0xf, 0xfe, 0x22, 0x18,
    0x6,

    /* U+004F "O" */
    0x0, 0xf3, 0x56, 0xff, 0xb6, 0xd8, 0x3, 0xfc,
    0xbd, 0x2a, 0x40, 0x2, 0x49, 0xe5, 0x0, 0xf9,
    0xe8, 0x40, 0xe2, 0xa9, 0x6, 0x3, 0x4e, 0x1,
    0xcb, 0x0, 0xa, 0xc7, 0x55, 0x3e, 0x50, 0x2,
    0x14, 0x2, 0x1b, 0x0, 0x5a, 0x80, 0x79, 0x6c,
    0x1, 0x42, 0x0, 0x61, 0x6, 0x40, 0xf, 0xc8,
    0xc0, 0x9, 0x0, 0x50, 0x2, 0xc0, 0x3f, 0xd6,
    0x0, 0x60, 0x12, 0x2, 0x20, 0x7, 0xf8, 0x8c,
    0x4, 0x94, 0x0, 0xe0, 0x1f, 0xfc, 0x5, 0x0,
    0x38, 0x80, 0x8, 0x3, 0xff, 0x80, 0x20, 0x3,
    0x30, 0x3, 0xc0, 0x3f, 0xf8, 0x1e, 0x0, 0x13,
    0x0, 0x78, 0x7, 0xff, 0x3, 0xc0, 0x2, 0x20,
    0x1, 0x0, 0x7f, 0xf0, 0x4, 0x0, 0x6a, 0x0,
    0x70, 0xf, 0xfe, 0x2, 0x80, 0x1c, 0x48, 0x8,
    0x80, 0x1f, 0xe1, 0x30, 0x12, 0xa, 0x0, 0x58,
    0x7, 0xfa, 0x0, 0xc, 0x0, 0x61, 0x6, 0x40,
    0xf, 0xc6, 0xc0, 0x9, 0x0, 0xd, 0x80, 0x2d,
    0x40, 0x3c, 0xb8, 0x0, 0xa1, 0x0, 0x96, 0x0,
    0x15, 0x8e, 0xaa, 0x7c, 0xa0, 0x4, 0x28, 0x7,
    0x3d, 0x8, 0x1c, 0x55, 0x20, 0xc0, 0x69, 0xc0,
    0x3e, 0x5e, 0x95, 0x20, 0x0, 0xa4, 0xf2, 0x80,
    0x60,

    /* U+0050 "P" */
    0x4f, 0xff, 0xba, 0xd8, 0x3, 0xfe, 0x14, 0x9d,
    0x20, 0xc, 0xb5, 0x54, 0xb8, 0x0, 0xb0, 0x3,
    0x12, 0xac, 0xd1, 0xc4, 0x2, 0xe0, 0x1f, 0xc3,
    0x20, 0xc, 0x0, 0xff, 0x20, 0x1, 0x80, 0x3f,
    0xf8, 0x26, 0x1, 0xfe, 0x20, 0x1, 0x0, 0x7f,
    0xa0, 0x0, 0xa0, 0x1f, 0x9, 0xda, 0x80, 0x2c,
    0x2, 0x7f, 0xfb, 0xb1, 0x0, 0x12, 0x40, 0x1f,
    0xe4, 0xc6, 0x0, 0xcb, 0x55, 0x5e, 0x7d, 0x98,
    0x7, 0x12, 0xac, 0x86, 0x1, 0xff, 0xff, 0x0,
    0xff, 0xe8, 0x0,

    /* U+0051 "Q" */
    0x0, 0xf3, 0x56, 0xff, 0xb6, 0xd8, 0x3, 0xfc,
    0xbd, 0x2a, 0x40, 0x2, 0x49, 0xe5, 0x0, 0xf9,
    0xe8, 0x40, 0xe2, 0xa9, 0x6, 0x3, 0x4e, 0x1,
    0xcb, 0x0, 0xa, 0xc7, 0x55, 0x3e, 0x50, 0x2,
    0x14, 0x2, 0x1b, 0x0, 0x5a, 0x80, 0x79, 0x6c,
    0x1, 0x62, 0x0, 0x61, 0x6, 0x40, 0xf, 0xc8,
    0xc0, 0x2c, 0x0, 0xa0, 0x5, 0x80, 0x7f, 0xac,
    0x1, 0x40, 0x24, 0x4, 0x40, 0xf, 0xf1, 0x18,
    0x10, 0xa8, 0x1, 0xc0, 0x3f, 0xf8, 0xa, 0x0,
    0x51, 0x0, 0x10, 0x7, 0xff, 0x0, 0x40, 0x4,
    0x60, 0xf, 0x0, 0xff, 0xe0, 0x78, 0x0, 0x4c,
    0x1, 0xe0, 0x1f, 0xfc, 0xf, 0x0, 0x8, 0x80,
    0x4, 0x1, 0xff, 0xc0, 0x10, 0x1, 0xa8, 0x1,
    0xc0, 0x3f, 0xf8, 0xa, 0x0, 0x71, 0x20, 0x22,
    0x0, 0x7f, 0x84, 0xc0, 0x48, 0x28, 0x1, 0x60,
    0x1f, 0xe9, 0x0, 0x38, 0x1, 0x84, 0x19, 0x0,
    0x3f, 0x1b, 0x80, 0x2c, 0x0, 0x36, 0x0, 0xb5,
    0x0, 0xf2, 0x60, 0x1, 0xc8, 0x2, 0x58, 0x0,
    0x56, 0x3a, 0x21, 0xae, 0xc0, 0x4, 0x80, 0xe,
    0x7a, 0x10, 0x38, 0xbb, 0x4a, 0x0, 0x1e, 0xc0,
    0x3e, 0x5e, 0x95, 0x20, 0xe, 0xb8, 0x0, 0xff,
    0x35, 0x6f, 0xfa, 0x40, 0x10, 0x1, 0xff, 0xc4,
    0x67, 0x3, 0xb0, 0xf, 0xfe, 0x24, 0x28, 0x25,
    0x0, 0x7f, 0xf1, 0x2a, 0x1c, 0x88, 0x0,

    /* U+0052 "R" */
    0x4f, 0xff, 0xba, 0xd8, 0x3, 0xff, 0x84, 0x29,
    0x3c, 0x60, 0x1f, 0x2d, 0x55, 0x2e, 0x20, 0x3a,
    0x20, 0x1e, 0x25, 0x59, 0xa3, 0xcc, 0x5, 0x80,
    0x3f, 0xf8, 0x3, 0x0, 0xb, 0x0, 0xff, 0xe0,
    0xa0, 0x0, 0x80, 0x3f, 0xf8, 0x86, 0x1, 0xff,
    0xc1, 0x20, 0x3, 0x0, 0x7f, 0xf0, 0x6c, 0x1,
    0xa0, 0x1f, 0xe1, 0x3b, 0x60, 0x36, 0x0, 0xf3,
    0xff, 0xdd, 0x88, 0xb, 0xa0, 0x1f, 0xfc, 0x22,
    0x91, 0x0, 0xf9, 0x6a, 0xa9, 0x40, 0x2c, 0x20,
    0xf, 0x89, 0x56, 0x6b, 0xa0, 0x7, 0x80, 0x7f,
    0xf0, 0x55, 0x80, 0x98, 0x3, 0xff, 0x83, 0x0,
    0x8, 0x0, 0xff, 0xe0, 0x8b, 0x80, 0xb8, 0x7,
    0xff, 0x6, 0x40, 0x12, 0x1, 0xff, 0xc1, 0x17,
    0x1, 0x60, 0xf, 0xfe, 0xc, 0x80, 0x20, 0x3,
    0xff, 0x82, 0x2e, 0x2, 0xc0,

    /* U+0053 "S" */
    0x0, 0xcd, 0x7d, 0xfe, 0xec, 0x96, 0x10, 0xc,
    0x7d, 0x28, 0x20, 0x1, 0x36, 0x9e, 0x0, 0x8b,
    0x4, 0xe, 0x2a, 0xe9, 0xcc, 0x3, 0xa4, 0x1,
    0x18, 0xea, 0x8b, 0x19, 0xae, 0x1, 0x20, 0x13,
    0x80, 0x7c, 0x50, 0x0, 0x20, 0x3, 0x80, 0x7f,
    0xf0, 0xc, 0x0, 0xc0, 0x1f, 0xfc, 0x1, 0x10,
    0x1b, 0x0, 0x7f, 0xf0, 0x24, 0x1, 0x38, 0xe8,
    0x20, 0x1f, 0x9d, 0x80, 0x7, 0x17, 0xdb, 0x28,
    0x1, 0xe9, 0xc5, 0x0, 0xc4, 0xd7, 0x84, 0x1,
    0xc7, 0x5f, 0x92, 0xc2, 0x0, 0x3c, 0x20, 0xf,
    0x8d, 0xa7, 0xac, 0x40, 0x60, 0x3, 0xfe, 0x4c,
    0x0, 0x28, 0x7, 0xff, 0x0, 0x8c, 0x0, 0x40,
    0x1f, 0xfc, 0x7, 0x0, 0xff, 0xe1, 0xa8, 0x0,
    0x87, 0x58, 0x3, 0xf5, 0x8, 0x20, 0x0, 0xa7,
    0xed, 0xd5, 0x16, 0x39, 0x40, 0x10, 0x2, 0x40,
    0x4, 0x8a, 0xba, 0x71, 0x1, 0xc3, 0x0, 0x6e,
    0x42, 0x10, 0x4, 0x4b, 0x5c, 0x60, 0x0,

    /* U+0054 "T" */
    0x1f, 0xff, 0xfe, 0x29, 0x80, 0x7f, 0xf1, 0xc6,
    0xab, 0xe1, 0x0, 0x55, 0x7c, 0x40, 0xab, 0xf1,
    0x80, 0x15, 0x7e, 0x10, 0xf, 0xff, 0xf8, 0x7,
    0xff, 0xfc, 0x3, 0xff, 0xfe, 0x1, 0xff, 0xff,
    0x0, 0xff, 0xe5, 0x80,

    /* U+0055 "U" */
    0x9f, 0xf1, 0x80, 0x7f, 0x5f, 0xf8, 0x40, 0x3f,
    0xff, 0xe0, 0x1f, 0xff, 0xf0, 0xf, 0xfe, 0xc8,
    0x80, 0x7f, 0xf0, 0xc4, 0x2, 0x70, 0xf, 0xe7,
    0x0, 0xbc, 0x0, 0x20, 0x1f, 0xc2, 0x1, 0x18,
    0x3, 0x0, 0x3f, 0x9, 0x1, 0x82, 0x0, 0x1c,
    0x3, 0xf3, 0x0, 0x10, 0x0, 0xc0, 0x34, 0x1,
    0xe3, 0x80, 0x4, 0x80, 0x20, 0x81, 0x76, 0x15,
    0x1a, 0xb0, 0x1, 0x22, 0x0, 0x1c, 0x30, 0x27,
    0xab, 0x95, 0x0, 0x4b, 0x0, 0x61, 0xca, 0x52,
    0x0, 0x9, 0xbf, 0x30, 0x4,

    /* U+0056 "V" */
    0x9f, 0xf2, 0x0, 0x7f, 0xc5, 0xfe, 0xba, 0x0,
    0x70, 0x7, 0xfd, 0x40, 0xe, 0x32, 0x5, 0x0,
    0xff, 0x94, 0x0, 0xa1, 0x40, 0x6, 0x0, 0xfe,
    0x32, 0x6, 0x0, 0x30, 0x2, 0x80, 0x3f, 0xa8,
    0x1, 0xa0, 0x1, 0x40, 0x31, 0x0, 0xfc, 0xe0,
    0x28, 0x1, 0x70, 0x1, 0x80, 0x3e, 0x51, 0x6,
    0x0, 0xca, 0x0, 0xa0, 0xf, 0xb8, 0x1, 0x40,
    0x1c, 0xa0, 0x46, 0x1, 0xc2, 0x80, 0x64, 0x1,
    0xdc, 0x0, 0xa0, 0xe, 0x70, 0x5, 0x0, 0x79,
    0x4, 0x1c, 0x3, 0xa8, 0x0, 0xe0, 0x1f, 0x30,
    0xa, 0x80, 0x44, 0x60, 0xa2, 0x1, 0xf5, 0x0,
    0x3c, 0x2, 0xa0, 0x7, 0x0, 0x7e, 0x23, 0x5,
    0x10, 0x3, 0x0, 0xa0, 0x7, 0xf5, 0x0, 0x1c,
    0x10, 0x41, 0x80, 0x3f, 0xcc, 0x0, 0xa0, 0xe0,
    0x5, 0x0, 0x7f, 0xca, 0x6, 0x4a, 0x6, 0x40,
    0x1f, 0xf7, 0x0, 0x3c, 0x1, 0x40, 0x1f, 0xfc,
    0x4, 0x10, 0x20, 0x3, 0x80, 0x7f, 0xf0, 0x58,
    0x2, 0x41, 0x0, 0xff, 0xe0, 0xd0, 0x5, 0xc0,
    0x1f, 0x0,

    /* U+0057 "W" */
    0xe, 0xfd, 0x0, 0xfd, 0xbf, 0xe8, 0x0, 0xf8,
    0xbf, 0xd4, 0xa, 0x4, 0x20, 0x1e, 0x12, 0x0,
    0x20, 0x7, 0xc8, 0x0, 0xc0, 0xc0, 0x2, 0x0,
    0x79, 0x40, 0x23, 0x0, 0xfb, 0x0, 0x8, 0x8,
    0x0, 0xc0, 0xf, 0x60, 0x20, 0x0, 0xc0, 0x3c,
    0x80, 0x24, 0x6, 0x0, 0x50, 0xf, 0x20, 0x62,
    0x2, 0x0, 0x70, 0x88, 0x10, 0x2, 0x40, 0x30,
    0xf, 0x18, 0x26, 0x6, 0x0, 0x72, 0x0, 0x30,
    0x2, 0xc0, 0x2, 0x0, 0x64, 0x0, 0x19, 0x81,
    0x0, 0x3b, 0x0, 0x8, 0x1, 0x20, 0x3, 0x0,
    0x36, 0x2, 0x2, 0x0, 0xc, 0x3, 0x20, 0x9,
    0x0, 0x46, 0x0, 0x40, 0xc, 0x81, 0x80, 0x3,
    0x4, 0x0, 0x84, 0x81, 0x40, 0x38, 0xc0, 0xc0,
    0x31, 0x81, 0x80, 0x10, 0x30, 0x2, 0x40, 0x6,
    0x0, 0x72, 0x0, 0x10, 0x0, 0x60, 0x4, 0x0,
    0x68, 0x28, 0x5, 0x80, 0x4, 0x0, 0xec, 0x0,
    0x60, 0x1, 0x0, 0xc0, 0x24, 0x1, 0x20, 0x2,
    0x80, 0xc, 0x3, 0x90, 0x0, 0x60, 0xc, 0x4,
    0x0, 0x84, 0x81, 0x0, 0x6, 0x8, 0x1, 0xf1,
    0x82, 0x0, 0x10, 0x30, 0x3, 0x20, 0x60, 0x20,
    0x3, 0x0, 0x3e, 0x40, 0x1, 0x98, 0x0, 0xa0,
    0x1b, 0x1, 0x3, 0x0, 0x8, 0x1, 0xf6, 0x0,
    0x11, 0x0, 0x42, 0x1, 0x9c, 0x4, 0x90, 0x0,
    0x60, 0x1f, 0x20, 0x3, 0x34, 0x10, 0x3, 0x88,
    0x41, 0xc, 0x10, 0x3, 0xf8, 0xc1, 0x10, 0x18,
    0x1, 0xe4, 0xb, 0x0, 0x60, 0x7, 0xf2, 0x80,
    0x4, 0x10, 0x3, 0xd8, 0x4, 0x0, 0x40, 0xf,
    0xec, 0x0, 0x88, 0x40, 0x3c, 0x80, 0x18, 0xc0,
    0x3f, 0x90, 0x2, 0x70, 0xf, 0x88, 0x2, 0x30,
    0xe,

    /* U+0058 "X" */
    0x0, 0x6f, 0xf8, 0x40, 0x3f, 0x37, 0xfa, 0x0,
    0x29, 0x0, 0x50, 0x7, 0xc3, 0x20, 0x50, 0x1,
    0x23, 0x2, 0x28, 0x7, 0xa8, 0x1, 0x20, 0x1d,
    0x2, 0x16, 0x20, 0x19, 0x90, 0x19, 0x0, 0x38,
    0x6c, 0x6, 0xc0, 0x21, 0x80, 0x19, 0x0, 0xf9,
    0x54, 0xa, 0x80, 0xa, 0x10, 0xa0, 0xf, 0xeb,
    0x10, 0xa0, 0x54, 0x5, 0x40, 0xf, 0xe1, 0xb0,
    0x1a, 0xb0, 0x1b, 0x0, 0xff, 0x95, 0x1, 0x44,
    0x2c, 0x40, 0x3f, 0xf8, 0x14, 0x1, 0x22, 0x80,
    0x7f, 0xf0, 0x50, 0x2, 0x20, 0xf, 0xfe, 0x8,
    0xd8, 0x4, 0xc6, 0x1, 0xff, 0xc0, 0xb1, 0x8,
    0x0, 0x70, 0x7, 0xfc, 0x8a, 0xa, 0xf0, 0x5,
    0x0, 0x1f, 0xea, 0x1, 0xb0, 0x72, 0x7, 0x20,
    0xf, 0xd2, 0x21, 0x62, 0x0, 0xe0, 0x7, 0x0,
    0x7c, 0x6c, 0x8, 0xa0, 0x11, 0xb8, 0x1b, 0x0,
    0x7b, 0x80, 0x14, 0x1, 0xd0, 0x41, 0x22, 0x1,
    0xa0, 0x82, 0x44, 0x3, 0xd2, 0x0, 0xa0, 0x8,
    0xdc, 0xd, 0x80, 0x3e, 0x46, 0x4, 0x50, 0x7,
    0x0, 0x38, 0x3, 0xfa, 0x4, 0x2c, 0x40,

    /* U+0059 "Y" */
    0xb, 0xff, 0x18, 0x7, 0xf1, 0x7f, 0xb0, 0x1,
    0x20, 0xe, 0x0, 0xfe, 0xe0, 0x7, 0x80, 0xa,
    0x40, 0xa0, 0x3, 0xe7, 0x30, 0x73, 0x0, 0x98,
    0xc1, 0xcc, 0x3, 0x8a, 0x0, 0xa0, 0x3, 0xb8,
    0x1, 0xc0, 0x1d, 0x20, 0xe, 0x0, 0xf1, 0x40,
    0x14, 0x0, 0x4c, 0x80, 0xe6, 0x1, 0xf3, 0x98,
    0x39, 0x80, 0xc0, 0x14, 0x0, 0x7f, 0x70, 0x3,
    0xc2, 0xc4, 0x38, 0x3, 0xfc, 0x50, 0x7, 0x6a,
    0xc, 0x60, 0x1f, 0xf3, 0x98, 0x20, 0x14, 0x80,
    0x7f, 0xf0, 0x78, 0x2, 0x90, 0xf, 0xfe, 0x11,
    0x10, 0x0, 0x80, 0x1f, 0xff, 0xf0, 0xf, 0xff,
    0xf8, 0x7, 0xff, 0x40,

    /* U+005A "Z" */
    0x6f, 0xff, 0xfe, 0x1c, 0x80, 0x7f, 0xf1, 0x52,
    0xab, 0xfe, 0x90, 0xb, 0x9, 0x57, 0xfe, 0xd0,
    0x3, 0xa8, 0x7, 0xfd, 0x8, 0x9, 0x0, 0x1f,
    0xf2, 0x38, 0xd, 0x0, 0x7f, 0xc5, 0x40, 0xd,
    0x10, 0xf, 0xfb, 0xc4, 0x24, 0xc0, 0x3f, 0xea,
    0x20, 0x56, 0x0, 0xff, 0x99, 0x40, 0xe8, 0x3,
    0xfe, 0x39, 0x1, 0xe0, 0xf, 0xf8, 0x74, 0x1,
    0x44, 0x1, 0xff, 0x68, 0x84, 0x20, 0x7, 0xfd,
    0x6, 0x8, 0xe0, 0x1f, 0xf2, 0xb8, 0x15, 0x0,
    0x7f, 0xc5, 0x40, 0xf, 0x10, 0xf, 0xfb, 0xc0,
    0x14, 0x40, 0x1f, 0xf5, 0x10, 0x32, 0x80, 0x7f,
    0xce, 0xa0, 0xf, 0x66, 0xff, 0x97, 0x0, 0x29,
    0x9f, 0xfe, 0x5, 0x80, 0x7f, 0xf1, 0x40,

    /* U+005B "[" */
    0x9f, 0xfe, 0x30, 0xf, 0xe1, 0xff, 0x8c, 0x3,
    0xff, 0xfe, 0x1, 0xff, 0xf7, 0x1f, 0xf8, 0xc0,
    0x3e,

    /* U+005C "\\" */
    0xdf, 0x70, 0xf, 0x94, 0x2c, 0x3, 0xeb, 0x3,
    0x10, 0xf, 0x18, 0x83, 0x80, 0x7c, 0x81, 0xa0,
    0x1f, 0x78, 0x20, 0x7, 0xca, 0x0, 0x40, 0xf,
    0x90, 0x34, 0x3, 0xed, 0x7, 0x0, 0xf9, 0x0,
    0x4c, 0x3, 0xc4, 0x40, 0xb0, 0xf, 0x94, 0x10,
    0x3, 0xeb, 0x3, 0x10, 0xf, 0x18, 0x83, 0x80,
    0x7c, 0xe1, 0xa0, 0x1f, 0x60, 0x20, 0x7, 0xca,
    0x0, 0x50, 0xf, 0x90, 0x30, 0x3, 0xed, 0x7,
    0x0, 0xf9, 0xc0, 0x4c, 0x3, 0xc2, 0x61, 0x60,
    0x1f, 0x58, 0x28, 0x7, 0xc8, 0x4, 0x40, 0xf,
    0x1c, 0x38, 0x0,

    /* U+005D "]" */
    0x4f, 0xfe, 0x80, 0xf, 0x93, 0xfe, 0x0, 0xff,
    0xff, 0x80, 0x7f, 0xfe, 0x13, 0xfe, 0x0, 0xff,
    0x0,

    /* U+005E "^" */
    0x0, 0xf8, 0xbb, 0xfd, 0x0, 0x1f, 0xfc, 0x11,
    0xc1, 0x0, 0x3b, 0x80, 0x3f, 0xe1, 0xc1, 0x6,
    0x10, 0x86, 0x0, 0xff, 0x69, 0x4, 0x4e, 0x8,
    0x4a, 0x80, 0x7e, 0xc3, 0x9, 0x70, 0x2f, 0x20,
    0xa4, 0x0, 0xf5, 0x98, 0x4b, 0x0, 0x43, 0x84,
    0x16, 0x60, 0x1a, 0x90, 0x29, 0x80, 0x38, 0x70,
    0xc3, 0x48, 0x1, 0x2a, 0x16, 0xa0, 0x1f, 0xe,
    0x20, 0xe1, 0x0,

    /* U+005F "_" */
    0x4f, 0xff, 0xfe, 0x12, 0x0, 0x7f, 0xf1, 0x0,

    /* U+0060 "`" */
    0x4f, 0xf3, 0x0, 0x49, 0x41, 0x26, 0x1, 0x2c,
    0x7, 0x8, 0x4, 0xee, 0x2a, 0x0, 0xd0, 0xa8,
    0xe0,

    /* U+0061 "a" */
    0x0, 0x13, 0xdf, 0x7f, 0xb6, 0x90, 0x3, 0x1e,
    0xc2, 0x8, 0x0, 0x96, 0xe4, 0x3, 0x92, 0x2f,
    0x2e, 0x8, 0x19, 0xc0, 0x5, 0xd6, 0xe8, 0x68,
    0xfa, 0x81, 0x0, 0x1, 0x10, 0x7, 0xd2, 0x0,
    0x40, 0xf, 0xf1, 0x8, 0x18, 0x4, 0x95, 0xbf,
    0xfc, 0x21, 0xc0, 0xb, 0xb2, 0x90, 0x7, 0xf5,
    0x20, 0x2d, 0xf7, 0xfe, 0x10, 0x0, 0xa8, 0x35,
    0x20, 0x80, 0x61, 0x0, 0x28, 0x3, 0x40, 0x3c,
    0x40, 0x1f, 0xfc, 0x1b, 0x0, 0x98, 0x1, 0xc0,
    0x1c, 0xac, 0x1, 0x11, 0x82, 0xda, 0x12, 0x4d,
    0x10, 0x80, 0x5c, 0x20, 0x97, 0xb6, 0xc5, 0xe0,
    0x18, 0xbd, 0x88, 0x4, 0xe3, 0x48, 0x2,

    /* U+0062 "b" */
    0x7f, 0xf0, 0x80, 0x7f, 0xff, 0xc0, 0x3f, 0xf8,
    0x8f, 0xbf, 0xec, 0x60, 0xf, 0x8f, 0x60, 0x80,
    0x7, 0x36, 0x1, 0xee, 0x25, 0xbd, 0xa3, 0x4,
    0xa0, 0xe, 0x39, 0xa4, 0x25, 0xc4, 0x5, 0x40,
    0xc, 0x6c, 0x1, 0xd4, 0x0, 0xf0, 0xd, 0x40,
    0x1e, 0x14, 0x4, 0x0, 0xca, 0x1, 0xf6, 0x0,
    0x8, 0x2, 0x20, 0xf, 0x84, 0x0, 0x20, 0x1f,
    0xfc, 0x62, 0x0, 0xf8, 0x40, 0x2, 0x1, 0x28,
    0x7, 0xd8, 0x0, 0x20, 0xa, 0x80, 0x3c, 0x28,
    0x8, 0x1, 0x8d, 0x80, 0x3a, 0x80, 0x1e, 0x1,
    0x8e, 0x64, 0x84, 0xb8, 0x80, 0xa8, 0x1, 0xb8,
    0x9a, 0xf6, 0x8c, 0xe, 0x80, 0x38, 0xf6, 0x8,
    0x0, 0x73, 0x80, 0x10,

    /* U+0063 "c" */
    0x0, 0xc7, 0x3b, 0xfe, 0xdb, 0x61, 0x0, 0xa7,
    0x18, 0x80, 0x4, 0x93, 0x60, 0xa, 0x60, 0x18,
    0xbc, 0xb8, 0x20, 0x3, 0x28, 0x1f, 0x3a, 0x1a,
    0x3e, 0xd8, 0x58, 0xe, 0x80, 0x7c, 0x24, 0x40,
    0x71, 0x0, 0xfc, 0xe0, 0xc, 0x0, 0xfe, 0x30,
    0x3, 0x0, 0x7f, 0xf2, 0x8c, 0x0, 0xc0, 0x1f,
    0xce, 0x0, 0xc0, 0xf, 0xe2, 0x20, 0x38, 0x80,
    0x7f, 0x40, 0xd, 0x0, 0x7c, 0x20, 0xaa, 0x4,
    0xe7, 0x33, 0x23, 0xe5, 0x80, 0x29, 0x80, 0x63,
    0x31, 0x70, 0x60, 0x1a, 0x71, 0x88, 0x0, 0x49,
    0x36,

    /* U+0064 "d" */
    0x0, 0xff, 0x93, 0xfc, 0x60, 0x1f, 0xff, 0xf0,
    0xd, 0x1b, 0xfd, 0x8c, 0x1, 0xf1, 0x6b, 0x90,
    0x9, 0xcd, 0x80, 0x7b, 0xc8, 0x16, 0xf6, 0x91,
    0x10, 0x1, 0x9c, 0x82, 0x29, 0x9, 0x6d, 0x4c,
    0x3, 0x48, 0x13, 0x80, 0x75, 0x8, 0x4, 0x42,
    0x14, 0x1, 0xf3, 0x80, 0x4e, 0x0, 0x30, 0xf,
    0xbc, 0x2, 0x30, 0x3, 0x0, 0x7c, 0x40, 0x1f,
    0xfc, 0x21, 0x0, 0x8c, 0x0, 0xc0, 0x1f, 0x18,
    0x4, 0xe0, 0x3, 0x0, 0xfb, 0xc0, 0x22, 0x10,
    0xa0, 0xf, 0x9c, 0x3, 0x30, 0x13, 0x80, 0x75,
    0x8, 0x6, 0x82, 0x8, 0xa4, 0x24, 0xb5, 0x30,
    0xe, 0xf1, 0x5, 0xbd, 0xb4, 0x44, 0x0, 0x71,
    0x73, 0x90, 0x9, 0xcd, 0x80, 0x60,

    /* U+0065 "e" */
    0x0, 0xc7, 0x3b, 0xfe, 0xd9, 0x30, 0xf, 0x4e,
    0x31, 0x0, 0x9, 0xb2, 0x0, 0x35, 0x30, 0x1c,
    0xde, 0x49, 0x3, 0xb8, 0x0, 0xaa, 0x9, 0xc6,
    0x43, 0x6d, 0x40, 0x81, 0x9, 0x5, 0x60, 0xf,
    0x50, 0x1, 0xc4, 0xc3, 0xc0, 0x3e, 0x12, 0xf,
    0x40, 0x5, 0x7f, 0xfe, 0x20, 0x23, 0x0, 0xff,
    0xe2, 0xe7, 0xff, 0xfa, 0xcc, 0x0, 0xa0, 0x1f,
    0xf3, 0x80, 0x30, 0x3, 0xfe, 0x22, 0x2, 0x90,
    0x7, 0xfd, 0x0, 0xf, 0x10, 0xf, 0x98, 0x41,
    0x58, 0xb, 0xa1, 0xc, 0xcb, 0x3d, 0x26, 0x0,
    0x97, 0x0, 0x3d, 0xe6, 0x29, 0x84, 0x3, 0xa3,
    0x5c, 0xc4, 0x0, 0x4b, 0x3c, 0x40,

    /* U+0066 "f" */
    0x0, 0xc3, 0x3b, 0xff, 0x30, 0x4, 0x3e, 0xc4,
    0x1, 0xf4, 0x88, 0x46, 0x6e, 0x98, 0x2, 0x50,
    0x47, 0x32, 0x20, 0x6, 0x30, 0x20, 0xf, 0xc2,
    0x1, 0xf2, 0xff, 0x80, 0xd, 0xff, 0x58, 0x7,
    0xff, 0x1, 0x7f, 0xc0, 0x6, 0xff, 0xac, 0x3,
    0xff, 0xfe, 0x1, 0xff, 0xf9,

    /* U+0067 "g" */
    0x0, 0xd1, 0xbf, 0xd8, 0xc0, 0x9f, 0xe3, 0x0,
    0x17, 0x39, 0x0, 0x9c, 0xd8, 0x7, 0xbc, 0x41,
    0x6f, 0x69, 0x11, 0x0, 0x1a, 0x8, 0x22, 0x90,
    0x96, 0xd8, 0xc0, 0x33, 0x1, 0x38, 0x7, 0x48,
    0x80, 0x44, 0x21, 0x40, 0x1f, 0x38, 0x4, 0xe0,
    0x3, 0x0, 0xfb, 0xc0, 0x23, 0x0, 0x30, 0x7,
    0xc6, 0x1, 0xff, 0xc2, 0x10, 0x8, 0xc0, 0x2,
    0x1, 0xf1, 0x0, 0x4c, 0x0, 0x40, 0xf, 0xbc,
    0x2, 0x31, 0xb, 0x0, 0xf9, 0xc0, 0x33, 0x1,
    0xb8, 0x7, 0x48, 0x80, 0x68, 0x10, 0x8a, 0x42,
    0x4b, 0x63, 0x0, 0xec, 0x10, 0x5b, 0xdb, 0x44,
    0x40, 0x7, 0x17, 0xb9, 0x0, 0x9c, 0xd8, 0x80,
    0x4, 0x2, 0x18, 0xdf, 0xec, 0x60, 0xd0, 0x1,
    0x0, 0x7f, 0xca, 0x6, 0x1, 0x8, 0x7, 0xd0,
    0x41, 0x40, 0x14, 0x63, 0x99, 0x11, 0x6d, 0xc0,
    0x98, 0x3, 0x1c, 0x66, 0xea, 0x90, 0xb, 0x0,
    0x35, 0xc2, 0x10, 0x0, 0x52, 0x74, 0x40, 0x0,

    /* U+0068 "h" */
    0x7f, 0xf0, 0x80, 0x7f, 0xff, 0xc0, 0x3f, 0xcd,
    0x9f, 0xed, 0x70, 0xf, 0x1e, 0x49, 0x80, 0xa,
    0x30, 0x3, 0xa4, 0xd6, 0xae, 0x48, 0xe, 0x0,
    0x32, 0x55, 0x15, 0x1b, 0x48, 0x18, 0x3, 0x2a,
    0x80, 0x3a, 0x80, 0x48, 0x2, 0xe0, 0xf, 0x20,
    0x1, 0xc0, 0x25, 0x0, 0xf0, 0x80, 0x7f, 0xf1,
    0xc, 0x3, 0xff, 0xfe, 0x1, 0xff, 0xd9,

    /* U+0069 "i" */
    0x5f, 0xf1, 0x0, 0x7e, 0x4b, 0xb1, 0xa, 0x20,
    0x3, 0x97, 0xfc, 0x40, 0x1f, 0xff, 0x0,

    /* U+006A "j" */
    0x0, 0x97, 0xfc, 0x40, 0x1f, 0xfc, 0x54, 0xbb,
    0x10, 0x4, 0x28, 0x80, 0xf, 0xf9, 0x7f, 0xc4,
    0x1, 0xff, 0xff, 0x0, 0xff, 0xee, 0x18, 0x0,
    0xc0, 0x2f, 0x1, 0x18, 0xdd, 0x81, 0x2, 0x72,
    0x0, 0x10, 0x1, 0xa, 0xe9, 0x0,

    /* U+006B "k" */
    0x7f, 0xf0, 0x80, 0x7f, 0xff, 0xc0, 0x3f, 0xf9,
    0x3, 0xbf, 0xe4, 0x0, 0xfe, 0x2f, 0x21, 0xc4,
    0x0, 0xfc, 0x78, 0x22, 0xc3, 0x0, 0xfc, 0x98,
    0x25, 0x84, 0x1, 0xf9, 0x6c, 0xb, 0x8, 0x3,
    0xf3, 0x50, 0x1e, 0x88, 0x7, 0xe9, 0x90, 0x26,
    0x0, 0x7f, 0x9c, 0x6, 0xc0, 0x3f, 0xe5, 0x1,
    0xa0, 0xf, 0xfa, 0xd8, 0x16, 0x80, 0x3f, 0xe9,
    0x60, 0x5a, 0x0, 0xff, 0xa5, 0x81, 0x68, 0x3,
    0xfe, 0x96, 0x5, 0xa0, 0xf, 0xfa, 0x58, 0x16,
    0x80, 0x3f, 0xe9, 0x50, 0x5a, 0x0, 0xff, 0xa9,
    0x41, 0x68, 0x0,

    /* U+006C "l" */
    0x5f, 0xf1, 0x0, 0x7f, 0xff, 0xc0, 0x3f, 0x80,

    /* U+006D "m" */
    0x7f, 0xf0, 0x83, 0xe7, 0xf5, 0xa0, 0x6, 0x7d,
    0xff, 0x5a, 0x0, 0x71, 0xe4, 0x18, 0xa, 0x5b,
    0x1, 0x6c, 0x10, 0x1, 0x2d, 0x40, 0x37, 0x1b,
    0x55, 0xc0, 0x2, 0x4b, 0x89, 0xae, 0xce, 0x0,
    0xa1, 0x0, 0x8e, 0xa5, 0x51, 0xec, 0x1, 0x87,
    0x92, 0x88, 0x8a, 0x0, 0x30, 0x4, 0xaa, 0x0,
    0xc8, 0x40, 0x2e, 0x60, 0x19, 0x44, 0x30, 0x2,
    0xe0, 0xf, 0x20, 0x2, 0x80, 0x3c, 0xa0, 0xc0,
    0x12, 0x80, 0x78, 0x40, 0x4, 0x1, 0xe1, 0x3,
    0x0, 0xff, 0xff, 0x80, 0x7f, 0xff, 0xc0, 0x3f,
    0xfd, 0xa0,

    /* U+006E "n" */
    0x7f, 0xf0, 0x83, 0x67, 0xfb, 0x5c, 0x3, 0xc7,
    0x92, 0x60, 0x2, 0x8c, 0x0, 0xe9, 0x35, 0xab,
    0x92, 0x3, 0x80, 0xc, 0x95, 0x45, 0x46, 0xd2,
    0x6, 0x0, 0xca, 0xa0, 0xe, 0xa0, 0x12, 0x0,
    0xb8, 0x3, 0xc8, 0x0, 0x70, 0x9, 0x40, 0x3c,
    0x20, 0x1f, 0xfc, 0x43, 0x0, 0xff, 0xff, 0x80,
    0x7f, 0xf6, 0x40,

    /* U+006F "o" */
    0x0, 0xcd, 0x7d, 0xfd, 0x8c, 0x1, 0xe1, 0xc9,
    0x41, 0x1, 0x39, 0xd2, 0x0, 0xd8, 0x60, 0x75,
    0x94, 0x80, 0x58, 0x20, 0x7, 0x20, 0x6c, 0x53,
    0x5b, 0x70, 0x18, 0x0, 0x48, 0xc, 0x80, 0x74,
    0x18, 0x30, 0x90, 0x83, 0x0, 0x7d, 0x40, 0x4,
    0x70, 0x6, 0x80, 0x7c, 0xa0, 0x2, 0x30, 0x3,
    0x0, 0x7c, 0x40, 0xf, 0x0, 0xff, 0xe1, 0x98,
    0x1, 0x80, 0x3e, 0x30, 0x7, 0xb8, 0x3, 0x40,
    0x3e, 0x40, 0x1, 0x10, 0x41, 0x80, 0x3e, 0xa0,
    0x2, 0x4, 0x80, 0xc8, 0x7, 0x39, 0x83, 0x8,
    0x39, 0x3, 0x5a, 0x9a, 0x54, 0x0, 0xc0, 0x5,
    0x86, 0x9, 0x59, 0x6a, 0x5, 0x82, 0x1, 0xe,
    0x4a, 0x8, 0x9, 0xc6, 0x90, 0x0,

    /* U+0070 "p" */
    0x7f, 0xf0, 0x83, 0xef, 0xfb, 0x18, 0x3, 0xe3,
    0xd8, 0x20, 0x1, 0xcd, 0x80, 0x7b, 0x89, 0x6f,
    0x68, 0xc1, 0x28, 0x3, 0x8e, 0x69, 0x9, 0x71,
    0x1, 0x50, 0x3, 0x1b, 0x0, 0x75, 0x0, 0x3c,
    0x3, 0x50, 0x7, 0x85, 0x1, 0x0, 0x32, 0x80,
    0x7d, 0x80, 0x2, 0x0, 0x88, 0x3, 0xe1, 0x0,
    0x8, 0x7, 0xff, 0x18, 0x80, 0x3e, 0x10, 0x0,
    0x80, 0x4a, 0x1, 0xf6, 0x0, 0x8, 0x2, 0xa0,
    0xf, 0xa, 0x2, 0x0, 0x63, 0x60, 0xe, 0xa0,
    0x7, 0x80, 0x63, 0x99, 0x21, 0x2e, 0x20, 0x2a,
    0x0, 0x6e, 0x26, 0xbd, 0xa3, 0x3, 0xa0, 0xe,
    0x3d, 0x82, 0x0, 0x1c, 0xe0, 0x7, 0xe7, 0xdf,
    0xf6, 0x30, 0x7, 0xff, 0xfc, 0x3, 0x0,

    /* U+0071 "q" */
    0x0, 0xd1, 0xbf, 0xd8, 0xc0, 0x9f, 0xe3, 0x0,
    0x16, 0xb9, 0x0, 0x9c, 0xd8, 0x7, 0xbc, 0x81,
    0x6f, 0x69, 0x11, 0x0, 0x19, 0xc8, 0x22, 0x90,
    0x96, 0xd4, 0xc0, 0x34, 0x81, 0x38, 0x7, 0x50,
    0x80, 0x44, 0x21, 0x40, 0x1f, 0x38, 0x4, 0xe0,
    0x3, 0x0, 0xfb, 0xc0, 0x23, 0x0, 0x30, 0x7,
    0xc4, 0x1, 0xff, 0xc2, 0x10, 0x8, 0xc0, 0xc,
    0x1, 0xf1, 0x80, 0x4e, 0x0, 0x30, 0xf, 0xbc,
    0x2, 0x21, 0xa, 0x0, 0xf9, 0xc0, 0x33, 0x1,
    0x38, 0x7, 0x50, 0x80, 0x68, 0x20, 0x8a, 0x42,
    0x4b, 0x53, 0x0, 0xef, 0x10, 0x5b, 0xdb, 0x44,
    0x40, 0x7, 0x17, 0x39, 0x0, 0x9c, 0xd8, 0x7,
    0xe8, 0xdf, 0xec, 0x60, 0xf, 0xff, 0xf8, 0x7,
    0x0,

    /* U+0072 "r" */
    0x7f, 0xf0, 0x83, 0x67, 0x7c, 0x0, 0x47, 0x92,
    0x62, 0x1, 0xdc, 0x69, 0x35, 0x3a, 0x1, 0x1c,
    0x5b, 0x2b, 0x28, 0x4, 0x6e, 0x1, 0xfa, 0x40,
    0x3f, 0x9c, 0x3, 0xf8, 0xc0, 0x3f, 0xff, 0xe0,
    0x1f, 0xf0,

    /* U+0073 "s" */
    0x0, 0xc, 0x67, 0xfb, 0xb6, 0x98, 0x40, 0x7,
    0xee, 0x60, 0x1, 0x25, 0x97, 0x0, 0x68, 0x83,
    0xde, 0x62, 0x9c, 0x80, 0x8, 0x21, 0x50, 0x86,
    0x65, 0x8d, 0x60, 0x10, 0x2, 0x0, 0x7f, 0x8,
    0x2, 0x40, 0x3f, 0x90, 0x81, 0xf6, 0x10, 0x3,
    0xef, 0x20, 0x27, 0xbf, 0xc6, 0x0, 0xc5, 0xb6,
    0xc4, 0x0, 0x39, 0xd2, 0x0, 0xc9, 0x3b, 0xd4,
    0x80, 0x5c, 0x1, 0xf0, 0xad, 0xa0, 0x18, 0x80,
    0x7f, 0x68, 0x0, 0x8c, 0x80, 0x3e, 0xc0, 0x1,
    0x26, 0xe3, 0xa1, 0x1a, 0xda, 0x82, 0x88, 0x0,
    0xe2, 0xf7, 0x29, 0x1, 0x28, 0x1e, 0xdc, 0xc4,
    0x0, 0x2b, 0x56, 0x0,

    /* U+0074 "t" */
    0x0, 0x37, 0xf8, 0x80, 0x3f, 0xfb, 0x49, 0xf2,
    0x0, 0xdf, 0xfc, 0xa0, 0x1f, 0xf2, 0x7c, 0x80,
    0x37, 0xff, 0x28, 0x7, 0xff, 0xfc, 0x3, 0xff,
    0x86, 0x60, 0x1f, 0xe1, 0x0, 0x30, 0x7, 0xc8,
    0x0, 0x94, 0x22, 0x80, 0x33, 0x81, 0x5e, 0xec,
    0xa0, 0x14, 0x49, 0x88, 0x6,

    /* U+0075 "u" */
    0xaf, 0xe0, 0xf, 0x97, 0xfc, 0x60, 0x1f, 0xff,
    0xf0, 0xf, 0xfe, 0xc9, 0x80, 0x7f, 0xf0, 0xc4,
    0x3, 0xed, 0x0, 0xb8, 0x0, 0x40, 0x1e, 0x50,
    0x9, 0x0, 0x10, 0x1, 0xd2, 0x40, 0x11, 0x98,
    0x16, 0xd5, 0x1b, 0x19, 0x0, 0x37, 0x8, 0x25,
    0x5c, 0x9b, 0x70, 0x6, 0x2f, 0x62, 0x1, 0x4b,
    0x90, 0xc,

    /* U+0076 "v" */
    0xf, 0xf5, 0x0, 0x7e, 0x1f, 0xf4, 0x2, 0x82,
    0x88, 0x7, 0xcc, 0x0, 0xb0, 0xe0, 0x3, 0x80,
    0x7d, 0x40, 0x46, 0x8, 0x21, 0xa0, 0x1e, 0x22,
    0x5, 0x0, 0x4c, 0x8, 0x20, 0x1d, 0x40, 0x6,
    0x0, 0xac, 0x0, 0xc0, 0x1c, 0xc0, 0x62, 0x1,
    0x19, 0x5, 0x0, 0x63, 0x10, 0xa0, 0xe, 0xa0,
    0x22, 0x0, 0x54, 0x0, 0x70, 0xe, 0x60, 0x5,
    0x0, 0x4e, 0xa, 0x20, 0x1c, 0x26, 0xc, 0x0,
    0x51, 0xf, 0x0, 0xfa, 0x80, 0x4c, 0x3c, 0x0,
    0xa0, 0x1f, 0x38, 0x2, 0x81, 0x41, 0x80, 0x3f,
    0xa, 0x83, 0xb0, 0x3, 0x40, 0x3f, 0xbc, 0x6,
    0x0, 0x50, 0x3, 0xf9, 0x44, 0x4, 0x18, 0x3,
    0xfe, 0x70, 0xa, 0x80, 0x38,

    /* U+0077 "w" */
    0xbf, 0xc0, 0xe, 0x2f, 0xf8, 0x40, 0x3b, 0xbe,
    0x70, 0xc, 0x40, 0x32, 0x0, 0x48, 0x1, 0x88,
    0x43, 0x10, 0x0, 0x80, 0x1b, 0x0, 0x2c, 0x0,
    0xc8, 0x0, 0x43, 0x0, 0x60, 0x6, 0x40, 0x40,
    0x40, 0xd, 0x80, 0x42, 0x8, 0x8, 0x1, 0x10,
    0x84, 0x1, 0x8, 0x4, 0x80, 0x80, 0xc, 0x2,
    0x10, 0x2, 0x1, 0x98, 0x41, 0x0, 0x4, 0x21,
    0x80, 0x4, 0x0, 0x20, 0x3, 0x1, 0x1, 0x3,
    0x0, 0x8, 0x0, 0x40, 0x1, 0x88, 0x60, 0x1,
    0x3, 0x3, 0x1, 0x0, 0x18, 0x4, 0x20, 0x12,
    0x82, 0x1, 0x8, 0x20, 0x20, 0x10, 0x82, 0x2,
    0x0, 0x6c, 0x2, 0x14, 0x3, 0x0, 0x10, 0x82,
    0x10, 0x86, 0x0, 0x64, 0x0, 0x26, 0x2, 0x0,
    0x48, 0x18, 0x80, 0x4, 0x0, 0xc6, 0x21, 0x88,
    0x18, 0x1, 0x60, 0x26, 0x1, 0x8, 0x7, 0x28,
    0x30, 0x82, 0x0, 0x48, 0x4, 0xa0, 0x80, 0x1e,
    0xc0, 0x8, 0xc0, 0x31, 0x8, 0x5, 0x80, 0x1e,
    0x40, 0x9, 0x0, 0x39, 0x0, 0x24, 0x0, 0xf1,
    0x88, 0x3, 0x0, 0x3b, 0x0, 0x4, 0x20, 0x10,

    /* U+0078 "x" */
    0x5, 0xff, 0x50, 0x7, 0x87, 0xbf, 0x84, 0x15,
    0x81, 0x54, 0x1, 0xd6, 0x21, 0x42, 0x0, 0x92,
    0xa, 0x10, 0x9, 0x94, 0x19, 0x0, 0x37, 0x0,
    0x34, 0x0, 0x52, 0x5, 0x20, 0x1c, 0x70, 0x6,
    0xe1, 0xc0, 0xe, 0x0, 0xf9, 0xcc, 0x22, 0x8c,
    0x20, 0xc0, 0x3f, 0x68, 0x82, 0x82, 0x38, 0x7,
    0xf0, 0xc8, 0x5, 0x40, 0x1f, 0xf5, 0x0, 0x48,
    0x1, 0xfe, 0x92, 0x0, 0xac, 0x40, 0x3f, 0x23,
    0x2, 0xe0, 0xd, 0x0, 0x7c, 0x34, 0x3, 0x66,
    0xe0, 0x8e, 0x1, 0xea, 0x10, 0xa1, 0x8, 0x30,
    0x83, 0x0, 0xcc, 0x80, 0xe8, 0x1, 0x70, 0x3,
    0x80, 0x22, 0x90, 0x28, 0x0, 0xc5, 0x20, 0x52,
    0x0, 0xe0, 0x7, 0x80, 0x79, 0x94, 0x19, 0x0,

    /* U+0079 "y" */
    0xe, 0xfb, 0x0, 0xfc, 0x3f, 0xe8, 0x7, 0x4,
    0x10, 0xf, 0xa4, 0x1, 0x41, 0x60, 0x6, 0x0,
    0xf9, 0x40, 0xc8, 0x8, 0xc2, 0x80, 0x3c, 0x84,
    0x14, 0x1, 0x50, 0x11, 0x80, 0x77, 0x0, 0x18,
    0x2, 0x60, 0x5, 0x0, 0x61, 0x50, 0x60, 0xe,
    0x60, 0x60, 0xc, 0xe0, 0xa, 0x0, 0xea, 0x0,
    0x28, 0x5, 0x40, 0x46, 0x1, 0xc6, 0x41, 0x20,
    0x2, 0x30, 0xa0, 0xf, 0xac, 0xc, 0x82, 0xc0,
    0xc, 0x1, 0xf3, 0x80, 0x28, 0x1c, 0x14, 0x40,
    0x3e, 0x15, 0x6, 0x51, 0xe, 0x0, 0xfe, 0x90,
    0x1b, 0x1, 0x40, 0xf, 0xe3, 0x20, 0x10, 0x60,
    0xf, 0xfa, 0x80, 0x2a, 0x0, 0xff, 0x98, 0x0,
    0x64, 0x1, 0xff, 0x28, 0x2, 0x40, 0x3f, 0xf8,
    0x1c, 0x0, 0x50, 0xf, 0xf8, 0x94, 0x18, 0x3,
    0xf8, 0x49, 0x3c, 0x1, 0x0, 0x1f, 0xdb, 0xab,
    0x20, 0x81, 0x0, 0xff, 0xe0, 0x1d, 0x38, 0x7,
    0xe0,

    /* U+007A "z" */
    0x7f, 0xff, 0xfa, 0x0, 0x3f, 0xf8, 0x2f, 0xdd,
    0xf9, 0x0, 0x1a, 0x2, 0x3f, 0x4a, 0x3, 0x28,
    0x7, 0xca, 0xe0, 0x92, 0x1, 0xf1, 0x50, 0x15,
    0x0, 0x7c, 0x3e, 0x0, 0xf1, 0x0, 0xfb, 0x48,
    0x2c, 0x80, 0x3e, 0x93, 0x8, 0x40, 0xf, 0x99,
    0x80, 0xae, 0x1, 0xf1, 0xc8, 0x1d, 0x0, 0x7c,
    0x3a, 0x3, 0xa0, 0x1f, 0xb4, 0x43, 0x44, 0x3,
    0xe9, 0x30, 0x83, 0x0, 0xfc, 0xa0, 0x8, 0xff,
    0xfd, 0x0, 0x1f, 0xfc, 0x10,

    /* U+007B "{" */
    0x0, 0xf2, 0xde, 0xff, 0x94, 0x3, 0x9e, 0x90,
    0x80, 0x3f, 0x48, 0xd, 0xff, 0x94, 0x3, 0x10,
    0x84, 0xa0, 0x7, 0xc2, 0x0, 0x30, 0xf, 0xfe,
    0x43, 0x80, 0x7f, 0xf5, 0xc4, 0x0, 0xe0, 0x1f,
    0xb0, 0x0, 0x40, 0x1e, 0x16, 0x60, 0x20, 0x80,
    0x67, 0xfe, 0x90, 0x5b, 0x0, 0xef, 0x0, 0xc6,
    0x1, 0xe8, 0xfe, 0x80, 0x6b, 0x0, 0xf8, 0x5d,
    0x81, 0x4, 0x3, 0xf6, 0x0, 0x8, 0x3, 0xf0,
    0x80, 0x1c, 0x3, 0xff, 0xc0, 0xe0, 0x1f, 0xf0,
    0x80, 0xc, 0x3, 0xf1, 0x8, 0x4a, 0x0, 0x7e,
    0x90, 0x1b, 0xff, 0x28, 0x7, 0x3d, 0x20, 0x80,
    0x40,

    /* U+007C "|" */
    0x7f, 0xe0, 0xf, 0xff, 0xf8, 0x7, 0x91, 0xe4,

    /* U+007D "}" */
    0x8f, 0xf6, 0xd1, 0x80, 0x7f, 0x12, 0xe2, 0x0,
    0x74, 0x7f, 0x50, 0x3, 0xc0, 0x3e, 0x15, 0x50,
    0x28, 0x7, 0xf1, 0x0, 0x80, 0x7f, 0x78, 0x7,
    0xff, 0x8c, 0x40, 0x4, 0x1, 0xf8, 0x80, 0x8,
    0x1, 0xf9, 0x4, 0x21, 0x40, 0x3f, 0x62, 0xd,
    0x7f, 0x90, 0x3, 0x8c, 0x40, 0x30, 0x80, 0x76,
    0x28, 0xd7, 0x7a, 0x80, 0x64, 0x20, 0x85, 0x10,
    0xf, 0x10, 0x1, 0x0, 0x3f, 0x8, 0x0, 0x80,
    0x3f, 0xfc, 0x1e, 0x1, 0xff, 0x10, 0x8, 0x7,
    0xc2, 0xaa, 0x5, 0x0, 0xe8, 0xfe, 0xa0, 0x7,
    0x80, 0x7e, 0x25, 0xc4, 0x0, 0xe0,

    /* U+007E "~" */
    0x0, 0xc2, 0x68, 0x40, 0x1f, 0xe3, 0x0, 0x1d,
    0xf6, 0x5e, 0xe9, 0xc4, 0x3, 0x8f, 0x2c, 0x23,
    0x10, 0x3, 0x14, 0x75, 0xba, 0xb5, 0xe1, 0xf8,
    0x38, 0x36, 0x7f, 0x5a, 0x80, 0x12, 0x2a, 0x50,
    0x19, 0xc0, 0xb6, 0x4c, 0x5, 0x2b, 0xe5, 0x4,
    0x9, 0xb6, 0x40, 0x18, 0x40, 0x1f, 0x35, 0xf7,
    0xec, 0x90, 0x0,

    /* U+00A0 " " */

    /* U+00A1 "¡" */
    0xcf, 0xf0, 0x7, 0xa9, 0xdc, 0xd1, 0x0, 0xc,
    0x22, 0x8e, 0xd1, 0x1, 0x30, 0x0, 0x81, 0xb8,
    0x8, 0x7, 0xff, 0x3c,

    /* U+00A2 "¢" */
    0x0, 0xfa, 0xa4, 0x3, 0xfe, 0x13, 0x0, 0xff,
    0xeb, 0x25, 0x72, 0x2f, 0x63, 0x88, 0x0, 0x6e,
    0xca, 0x20, 0x1, 0x38, 0x60, 0x6, 0x20, 0x1d,
    0x1a, 0x64, 0x10, 0x2, 0x48, 0x1b, 0x15, 0xc4,
    0xdf, 0x58, 0x58, 0xa, 0x40, 0x3e, 0x14, 0x0,
    0x58, 0x7, 0xf6, 0x80, 0x10, 0x3, 0xf8, 0x40,
    0x4, 0x1, 0xff, 0xca, 0x10, 0x1, 0x0, 0x7f,
    0x68, 0x1, 0xc0, 0x3f, 0x90, 0x1, 0xc0, 0x1f,
    0xc2, 0xa0, 0x8c, 0x1, 0xfd, 0x62, 0x13, 0x22,
    0x0, 0xa, 0x53, 0x80, 0xe1, 0x3, 0x6a, 0x2f,
    0x5a, 0x80, 0x45, 0xb0, 0x40, 0x18, 0x59, 0x40,
    0x33, 0xef, 0x9a, 0x77, 0x24, 0x80, 0x3e, 0x71,
    0x10, 0x7, 0xff, 0x62, 0xac, 0x3, 0x0,

    /* U+00A3 "£" */
    0x0, 0xf1, 0x4e, 0xff, 0xb6, 0x54, 0x3, 0xcb,
    0xac, 0x40, 0x2, 0x6a, 0x10, 0xc, 0x54, 0x0,
    0x6b, 0xca, 0x50, 0xf, 0x50, 0x2, 0x64, 0x86,
    0xb5, 0xc2, 0x1, 0x90, 0x0, 0xc0, 0x1c, 0x20,
    0x1c, 0x60, 0x60, 0x1f, 0xfc, 0x27, 0x0, 0xff,
    0xf5, 0x5f, 0xf8, 0x0, 0x9f, 0xfc, 0x20, 0x1f,
    0xfc, 0x6b, 0xff, 0x0, 0x13, 0xff, 0x84, 0x3,
    0xff, 0xfe, 0x0, 0x16, 0x68, 0x0, 0xcd, 0xf8,
    0x89, 0x33, 0x0, 0xa, 0x67, 0xe7, 0x0, 0xff,
    0xe1, 0x80,

    /* U+00A4 "¤" */
    0x6, 0x30, 0xf, 0xf2, 0xb0, 0x2c, 0xe1, 0x80,
    0x7e, 0x5a, 0x94, 0x41, 0x6, 0x1b, 0x67, 0xf5,
    0xaa, 0xa8, 0xd, 0x7, 0x4, 0x32, 0x4c, 0x5,
    0x2a, 0x80, 0x78, 0x0, 0x1c, 0x0, 0x9f, 0x2d,
    0x80, 0x3, 0x80, 0x19, 0x80, 0x19, 0x6, 0x93,
    0x40, 0x26, 0x1, 0xb8, 0x1c, 0xc0, 0x32, 0xa0,
    0x58, 0x6, 0x70, 0xc0, 0xf, 0x68, 0x10, 0x7,
    0xff, 0x4, 0x40, 0x40, 0x33, 0x86, 0x0, 0x7b,
    0x0, 0xc0, 0x37, 0x3, 0x98, 0x6, 0x54, 0xa,
    0x0, 0xcc, 0x0, 0xc8, 0x34, 0x9a, 0x1, 0x20,
    0x8, 0x70, 0x2, 0x7c, 0xb6, 0x0, 0xe, 0x0,
    0x7, 0x4, 0x59, 0x46, 0x20, 0x97, 0x60, 0x3c,
    0x7, 0x20, 0xd3, 0x5c, 0xef, 0xb4, 0x45, 0x81,
    0x99, 0xa3, 0xc, 0x3, 0xf2, 0x55, 0x98,

    /* U+00A5 "¥" */
    0x9f, 0xe0, 0xf, 0xe3, 0xff, 0x34, 0x0, 0xc0,
    0x7, 0xe8, 0x2, 0x61, 0x60, 0x71, 0x0, 0xf1,
    0xa0, 0x40, 0x2, 0x0, 0x12, 0x1, 0xef, 0x2,
    0x50, 0x0, 0xb8, 0x38, 0x80, 0x64, 0x30, 0x90,
    0xd, 0x20, 0x8, 0x0, 0xd0, 0x6, 0x80, 0x18,
    0x60, 0x18, 0x80, 0xa, 0x61, 0x0, 0x1e, 0x71,
    0x8, 0x0, 0x40, 0x22, 0x0, 0x21, 0xbb, 0x80,
    0xa, 0x6c, 0x40, 0xd7, 0x6a, 0x3, 0x44, 0x84,
    0x1, 0x16, 0x0, 0x24, 0x48, 0xb, 0xff, 0x50,
    0x21, 0x6, 0xff, 0xdc, 0x1, 0xe5, 0x20, 0x2,
    0x90, 0x7, 0xfd, 0x40, 0xe, 0x0, 0xf1, 0x7f,
    0xf4, 0x0, 0x2f, 0xff, 0x70, 0x1a, 0x27, 0x10,
    0x0, 0xd1, 0x38, 0x6, 0xef, 0xa8, 0x1, 0x17,
    0x7a, 0x80, 0x3f, 0xff, 0xe0, 0x1e,

    /* U+00A6 "¦" */
    0x7f, 0xe0, 0xf, 0xfe, 0x79, 0xb3, 0x12, 0x60,
    0x3, 0xc7, 0x2e, 0x8d, 0x20, 0x1f, 0xfc, 0xf0,

    /* U+00A7 "§" */
    0x0, 0x9f, 0x3f, 0xdb, 0x6c, 0x20, 0x16, 0x41,
    0x80, 0x9, 0x25, 0x0, 0x10, 0x60, 0xdb, 0xfd,
    0x28, 0x1, 0x20, 0x14, 0x90, 0xb, 0x5a, 0x80,
    0x61, 0x0, 0xfe, 0x40, 0x37, 0x0, 0xfd, 0x24,
    0x11, 0x42, 0x1, 0xe1, 0x70, 0x2, 0xfb, 0x0,
    0x76, 0x29, 0xc8, 0x8a, 0x70, 0x80, 0xc, 0x65,
    0x8d, 0xce, 0x7, 0xa8, 0x18, 0xa, 0x1, 0x46,
    0x8, 0x58, 0x80, 0x8, 0x3, 0x1e, 0x0, 0x27,
    0x41, 0x50, 0x3, 0x13, 0x1, 0x38, 0x85, 0xb8,
    0x7, 0x8c, 0x30, 0xc2, 0x30, 0xc0, 0x98, 0x28,
    0xb, 0x1c, 0xf, 0x2b, 0x2, 0xc, 0x2, 0x8d,
    0x40, 0x51, 0x87, 0x0, 0xe2, 0xb9, 0x0, 0x41,
    0x0, 0x7c, 0xd6, 0x0, 0xb0, 0xf, 0xc8, 0x60,
    0xa0, 0x1f, 0xc2, 0xe, 0x0, 0x99, 0x20, 0x81,
    0x51, 0x6, 0x80, 0xd, 0xaf, 0xbf, 0x54, 0x11,
    0x80, 0x11, 0x3, 0x10, 0x1, 0xcd, 0x80, 0x0,

    /* U+00A8 "¨" */
    0xd, 0xd4, 0x80, 0x27, 0x74, 0x2, 0x45, 0x0,
    0x8, 0xa1, 0x0, 0xff, 0x0,

    /* U+00A9 "©" */
    0x0, 0xff, 0x8, 0x80, 0x3f, 0xf8, 0x82, 0xf9,
    0xfd, 0xcf, 0xc7, 0x10, 0xf, 0xf9, 0xfa, 0x1e,
    0x2a, 0x90, 0xf1, 0xce, 0x1, 0xfd, 0x50, 0xdd,
    0x6e, 0xaa, 0x7b, 0xe6, 0x8a, 0x0, 0xfa, 0x96,
    0xa4, 0x40, 0x3c, 0x33, 0x4b, 0x40, 0x1c, 0xeb,
    0x4a, 0x2, 0xf9, 0xfe, 0xeb, 0x60, 0x5b, 0x57,
    0x0, 0x86, 0x19, 0x40, 0xfe, 0xc, 0xca, 0x4b,
    0x22, 0x8, 0xd0, 0x20, 0x6, 0x8, 0x1, 0xd1,
    0x5e, 0xca, 0xce, 0xb1, 0x0, 0x40, 0x30, 0x2,
    0xd4, 0x42, 0x4, 0xe8, 0x40, 0x32, 0x0, 0x42,
    0xb6, 0x0, 0x3c, 0x0, 0x38, 0x50, 0x7, 0xfd,
    0x86, 0x2, 0x4, 0x0, 0x10, 0x50, 0xf, 0xf8,
    0xc0, 0x40, 0x3f, 0xf8, 0xe2, 0x0, 0x10, 0x10,
    0x0, 0x82, 0x80, 0x7f, 0xc4, 0x2, 0x5, 0x80,
    0x7, 0xa, 0x0, 0xff, 0xbc, 0x80, 0xa, 0xe0,
    0x8, 0x13, 0xa1, 0x0, 0xc8, 0x1, 0x9d, 0x40,
    0x14, 0x2e, 0x3, 0xa2, 0xbd, 0x95, 0x9d, 0x62,
    0x0, 0x71, 0xa0, 0x1, 0x34, 0x18, 0x1f, 0xc1,
    0x99, 0x49, 0x64, 0x40, 0xe1, 0x88, 0x2, 0x93,
    0xd3, 0x1, 0x7c, 0xff, 0x75, 0xb0, 0x1e, 0x9c,
    0x80, 0x76, 0x96, 0x30, 0x7, 0xe6, 0xc2, 0xd0,
    0xf, 0xe, 0x2c, 0xec, 0x21, 0x11, 0x23, 0x65,
    0x70, 0x40, 0x3f, 0x56, 0x3b, 0xaf, 0x75, 0x6e,
    0xec, 0xa0, 0xf, 0xf8, 0xeb, 0xf6, 0xed, 0xbf,
    0x46, 0x1, 0xe0,

    /* U+00AA "ª" */
    0x3, 0x8c, 0xef, 0xea, 0x20, 0xa, 0x9c, 0x51,
    0x4d, 0x74, 0xc0, 0x1f, 0x9b, 0x54, 0xd6, 0xf,
    0x0, 0x31, 0x80, 0x69, 0x3, 0x10, 0xf, 0xc6,
    0x4, 0x0, 0x6b, 0xef, 0xf8, 0xc1, 0xc2, 0xa5,
    0x15, 0x9a, 0x10, 0x1, 0xa8, 0xf5, 0xcc, 0xc6,
    0x0, 0x50, 0x41, 0x0, 0x84, 0x80, 0x4, 0x8,
    0x20, 0x1, 0xa0, 0x9, 0x8, 0x7a, 0xed, 0xec,
    0x40, 0x16, 0x31, 0x22, 0xbe, 0x2a, 0x38, 0xc,
    0xef, 0xf4, 0x8c, 0x59, 0x8d, 0xdf, 0xf1, 0x82,
    0x27, 0xf3, 0x0,

    /* U+00AB "«" */
    0x0, 0xf2, 0x0, 0x72, 0x0, 0x76, 0x68, 0x4,
    0x39, 0x80, 0x8, 0x74, 0xc0, 0x22, 0xc3, 0xf0,
    0x1, 0x61, 0x1c, 0x1, 0x61, 0x1b, 0x1, 0xe1,
    0x26, 0x9, 0xe8, 0xa6, 0xa, 0x60, 0xad, 0x82,
    0xe0, 0x35, 0x80, 0x24, 0x12, 0x80, 0x16, 0xb,
    0x20, 0x15, 0x2, 0x30, 0x1, 0x81, 0x54, 0x1,
    0x3c, 0x84, 0xc0, 0x44, 0x2, 0x9c, 0x2, 0x6a,
    0x7, 0x90, 0x79, 0x8, 0x80, 0x4, 0xb6, 0xc,
    0xe0, 0xd4, 0xe, 0xc0, 0x12, 0x60, 0xf0, 0x1,
    0x70, 0x38, 0x3, 0x1e, 0x70, 0x4, 0x7b, 0xc0,
    0x1c, 0x4e, 0x1, 0x89, 0x80,

    /* U+00AC "¬" */
    0x5, 0x5f, 0xfe, 0x29, 0x5, 0x57, 0xff, 0x18,
    0x3, 0xff, 0x91, 0xff, 0xff, 0xc3, 0x30, 0xf,
    0xff, 0xf8, 0x7, 0xff, 0x1e, 0x9f, 0x0,

    /* U+00AD "­" */
    0x24, 0x4f, 0x1c, 0x5d, 0xfa, 0x0, 0x3f, 0x0,

    /* U+00AE "®" */
    0x0, 0xff, 0x8, 0x80, 0x3f, 0xf8, 0x82, 0xf9,
    0xfd, 0xcf, 0xc7, 0x10, 0xf, 0xf9, 0xfa, 0x1e,
    0x2a, 0x90, 0xf1, 0xce, 0x1, 0xfd, 0x50, 0xdd,
    0x6e, 0xaa, 0x7b, 0xe6, 0x8a, 0x0, 0xfa, 0x96,
    0xa4, 0xc8, 0x82, 0x20, 0x0, 0xcd, 0x2d, 0x0,
    0x73, 0xad, 0x29, 0x6e, 0xdd, 0xcf, 0xb3, 0x5,
    0xb5, 0x70, 0x8, 0x61, 0x94, 0x3, 0x55, 0x25,
    0x53, 0x8, 0x11, 0xa0, 0x40, 0xc, 0x10, 0x1,
    0xca, 0xa6, 0xa3, 0x5, 0x0, 0x40, 0x30, 0x2,
    0xd4, 0x40, 0x3f, 0x9c, 0x3, 0xa, 0xd8, 0x0,
    0xf0, 0x3, 0xc2, 0x22, 0x74, 0x5, 0x0, 0xb0,
    0xc0, 0x40, 0x80, 0x3d, 0xdc, 0xd8, 0x4c, 0x20,
    0x8, 0xc0, 0x40, 0x3f, 0xae, 0x44, 0x34, 0xc0,
    0x30, 0x80, 0x4, 0x4, 0x3, 0xc8, 0xda, 0x12,
    0x60, 0x18, 0x80, 0x40, 0xb0, 0x3, 0xf1, 0xb0,
    0x78, 0x6, 0xf2, 0x0, 0x2b, 0x80, 0x7f, 0x40,
    0x9b, 0x0, 0x4e, 0xa0, 0xa, 0x17, 0x0, 0xfc,
    0x30, 0x10, 0x0, 0x71, 0xa0, 0x1, 0x34, 0x18,
    0x1c, 0x48, 0x6, 0x69, 0x91, 0x1c, 0x31, 0x0,
    0x52, 0x7a, 0x62, 0xec, 0x1, 0xcc, 0xe3, 0xa7,
    0x20, 0x1d, 0xa5, 0x8c, 0x1, 0xf9, 0xb0, 0xb4,
    0x3, 0xc3, 0x8b, 0x3b, 0x8, 0x44, 0x48, 0xd9,
    0x5c, 0x10, 0xf, 0xd5, 0x8e, 0xeb, 0xdd, 0x5b,
    0xbb, 0x28, 0x3, 0xfe, 0x3a, 0xfd, 0xbb, 0x6f,
    0xd1, 0x80, 0x78,

    /* U+00AF "¯" */
    0x1, 0x1f, 0xc0, 0x3d, 0xdf, 0x84, 0x3, 0xfc,

    /* U+00B0 "°" */
    0x0, 0xc, 0x5d, 0x9c, 0x40, 0x22, 0xf7, 0x44,
    0x47, 0x90, 0x3, 0x85, 0xfb, 0x8e, 0x3c, 0x4,
    0x69, 0x2, 0x28, 0x43, 0x26, 0xc, 0x0, 0xd8,
    0xc, 0xe1, 0xc0, 0x1b, 0x81, 0xcc, 0x59, 0x0,
    0x8, 0xc2, 0x61, 0x61, 0x7b, 0xab, 0xa, 0x0,
    0x2d, 0xa1, 0x11, 0x31, 0x0,

    /* U+00B1 "±" */
    0x0, 0xfc, 0xdf, 0xc0, 0x1f, 0xff, 0xf0, 0xf,
    0xf3, 0x37, 0xd8, 0x0, 0x66, 0xf8, 0xc2, 0x67,
    0xe5, 0x1, 0x99, 0xfa, 0xc0, 0x3f, 0xf9, 0x1f,
    0xff, 0x48, 0xf, 0xff, 0xd0, 0x1, 0xff, 0xff,
    0x0, 0xfe, 0x7d, 0xc0, 0xf, 0xfe, 0x20, 0x91,
    0x0, 0x3f, 0x99, 0xbf, 0xf8, 0xa6, 0x13, 0x3f,
    0xfc, 0x5b, 0x0, 0xff, 0xe3, 0x80,

    /* U+00B2 "²" */
    0x38, 0xce, 0xe6, 0x30, 0x2, 0x5d, 0xcc, 0xe7,
    0x36, 0x13, 0xd7, 0x13, 0xa0, 0x86, 0x61, 0x0,
    0x89, 0x1, 0x80, 0x38, 0x50, 0x10, 0x3, 0xa8,
    0x20, 0x40, 0x34, 0xa2, 0x1c, 0x3, 0x4b, 0x1d,
    0x80, 0x69, 0x63, 0xc0, 0xd, 0x4c, 0xb8, 0x1,
    0xa5, 0x40, 0xe6, 0x72, 0x10, 0x1, 0x9b, 0x8c,

    /* U+00B3 "³" */
    0x2a, 0xdf, 0xf6, 0xc8, 0x83, 0x3b, 0xcc, 0xd,
    0xe2, 0x9b, 0x51, 0x3a, 0x62, 0xc0, 0x1e, 0x60,
    0x10, 0x8, 0x8d, 0xd4, 0x9c, 0x0, 0xfb, 0x90,
    0x78, 0x20, 0x5, 0xa9, 0x53, 0xc1, 0x0, 0x12,
    0xb5, 0x31, 0x40, 0x7, 0xb0, 0x14, 0x40, 0x3b,
    0x81, 0x6f, 0x26, 0x27, 0x50, 0x6f, 0xdd, 0xe6,
    0x6, 0xf2,

    /* U+00B4 "´" */
    0x0, 0x8a, 0x20, 0x60, 0x17, 0x3a, 0x18, 0x1,
    0xcc, 0x74, 0x0, 0x70, 0x1a, 0x20, 0xe, 0x9,
    0x30, 0x4, 0x93, 0x30, 0x2,

    /* U+00B5 "µ" */
    0xaf, 0xe0, 0xf, 0x97, 0xfc, 0x60, 0x1f, 0xff,
    0xf0, 0xf, 0xff, 0xe8, 0x80, 0x7c, 0x40, 0x1f,
    0x8c, 0x3, 0xd8, 0x1, 0xfa, 0x0, 0x39, 0x10,
    0x1, 0xf9, 0x31, 0x51, 0x66, 0xc0, 0x29, 0x51,
    0x0, 0xb, 0x1d, 0x5d, 0x30, 0x58, 0x82, 0xd1,
    0x80, 0x53, 0x4, 0x2, 0x98, 0x94, 0x22, 0x52,
    0x0, 0xcf, 0xbf, 0xd6, 0x60, 0x9d, 0xca, 0x0,
    0xff, 0xff, 0x80, 0x78,

    /* U+00B6 "¶" */
    0x0, 0x96, 0xfb, 0xff, 0xd8, 0x3, 0x94, 0x82,
    0x0, 0x34, 0x40, 0x5, 0xa6, 0x1, 0xd1, 0x72,
    0x0, 0x53, 0x0, 0xff, 0xbc, 0x3, 0xff, 0x80,
    0xc0, 0x1f, 0xfc, 0xd6, 0x0, 0xff, 0xe0, 0x70,
    0x7, 0xff, 0x1, 0x14, 0x3, 0xff, 0x81, 0x4c,
    0x1, 0xff, 0xc0, 0x9d, 0x74, 0x0, 0xff, 0x14,
    0x5a, 0x0, 0x7f, 0xff, 0xc0, 0x3f, 0xfe, 0xf8,
    0x8c, 0x6, 0x88,

    /* U+00B7 "·" */
    0x88, 0x3b, 0xd2, 0x1, 0xe0,

    /* U+00B8 "¸" */
    0x0, 0x8a, 0x8, 0x3, 0x12, 0xf8, 0x7, 0x59,
    0x30, 0x6, 0x10, 0xf0, 0xfc, 0xc4, 0x7, 0x81,
    0x9c, 0x50, 0xc0,

    /* U+00B9 "¹" */
    0x8, 0xbe, 0xfe, 0x0, 0x89, 0xd4, 0x80, 0x38,
    0xb7, 0xb4, 0x3, 0xc4, 0x1, 0xff, 0xf2, 0x68,
    0x90, 0x18, 0x82, 0x85, 0xbb, 0x80, 0xe, 0xee,

    /* U+00BA "º" */
    0x0, 0xc, 0xf7, 0xf5, 0x18, 0x4, 0x7e, 0xc6,
    0xca, 0xac, 0x50, 0x7, 0xb, 0x6c, 0xdc, 0x85,
    0xa, 0x10, 0xc8, 0x4, 0xc6, 0xd, 0x80, 0x80,
    0x1d, 0x41, 0x84, 0x4, 0x1, 0xc6, 0xc, 0x1,
    0xf8, 0x40, 0x4, 0x4, 0x1, 0xc4, 0xd, 0x80,
    0x80, 0x1d, 0x41, 0x88, 0x43, 0x20, 0x13, 0x18,
    0x30, 0x70, 0xb6, 0xd6, 0x48, 0x50, 0x81, 0xfb,
    0x1a, 0x92, 0xe2, 0x80, 0x43, 0x3d, 0xfd, 0x46,
    0x0, 0x1b, 0xbf, 0xe3, 0x4, 0x4f, 0xe6,

    /* U+00BB "»" */
    0x31, 0x0, 0xc6, 0x20, 0x1c, 0xde, 0x40, 0x12,
    0xe0, 0x80, 0x70, 0xe1, 0x80, 0x45, 0xe4, 0x1,
    0x2a, 0x87, 0x10, 0x19, 0x7, 0xc, 0x2, 0xa6,
    0xb, 0x50, 0xb5, 0x1c, 0x40, 0xa, 0x5c, 0x29,
    0x82, 0x9c, 0x2d, 0x80, 0x28, 0x70, 0x90, 0x4,
    0x30, 0x48, 0x4, 0x8e, 0xa, 0x0, 0x46, 0x5,
    0x0, 0x2d, 0x83, 0x50, 0x35, 0x83, 0xd0, 0x35,
    0x3, 0xc8, 0x3c, 0x84, 0x40, 0x12, 0x42, 0x60,
    0x16, 0x2, 0x5c, 0x0, 0x21, 0x4c, 0x0, 0x30,
    0xb6, 0x0, 0x86, 0xd4, 0x2, 0x3c, 0x40, 0xc,
    0x88, 0x0, 0xca, 0x60, 0x1c,

    /* U+00BC "¼" */
    0x1, 0x36, 0x77, 0x0, 0x7f, 0xc5, 0xe, 0x1,
    0xe1, 0xec, 0x98, 0x90, 0xf, 0xfa, 0x5c, 0x3,
    0xf3, 0x4d, 0x80, 0x7f, 0xf0, 0x15, 0x9, 0xc0,
    0x3c, 0x32, 0xca, 0x1, 0xff, 0xc0, 0xb0, 0x90,
    0xf, 0xfe, 0x54, 0xa, 0xa0, 0x7, 0xff, 0x24,
    0x9c, 0x2c, 0x3, 0xff, 0x95, 0x21, 0x2, 0x1,
    0xff, 0xc9, 0x44, 0x13, 0x80, 0x7f, 0xf2, 0xa4,
    0x24, 0x3, 0xff, 0x94, 0xe4, 0x88, 0x0, 0xff,
    0xe4, 0x8c, 0x4, 0x80, 0x72, 0x7f, 0x98, 0x2,
    0xdf, 0xe0, 0x1f, 0xf5, 0x80, 0x2c, 0x1c, 0x80,
    0x30, 0xd0, 0x7, 0xa9, 0xdf, 0xdc, 0x8, 0xa3,
    0x0, 0x1d, 0x40, 0xa0, 0x1c, 0xf1, 0x1e, 0x50,
    0x90, 0xb0, 0xe, 0x64, 0xd3, 0x0, 0xff, 0xe0,
    0xb9, 0x22, 0x80, 0x63, 0x98, 0x30, 0xf, 0xfe,
    0x8, 0xc0, 0x48, 0x7, 0x72, 0x38, 0x7, 0xff,
    0xa, 0xc1, 0xc8, 0x3, 0x51, 0xd0, 0x7, 0xff,
    0x8, 0xd4, 0x60, 0x3, 0x1a, 0xaa, 0x62, 0xa,
    0x1b, 0x2, 0x1, 0xf7, 0x5, 0x80, 0x7c, 0x8e,
    0xf1, 0x82, 0x39, 0x0, 0x79, 0x88, 0xd4, 0x3,
    0x8f, 0xff, 0x98, 0x27, 0xcc, 0x3, 0x86, 0x3,
    0x80, 0x3f, 0xf9, 0x50, 0x2c, 0x40, 0x1f, 0xfc,
    0xc, 0x65, 0x0, 0x0,

    /* U+00BD "½" */
    0x8, 0xbe, 0xfe, 0x0, 0xff, 0x9f, 0xec, 0x3,
    0x89, 0xd9, 0x40, 0x3f, 0xf8, 0x3, 0x1, 0x20,
    0x1c, 0x5f, 0xb4, 0x1, 0xff, 0xc0, 0xb0, 0x72,
    0x0, 0xff, 0xe4, 0x1a, 0x8c, 0x0, 0x7f, 0xf2,
    0x78, 0x2c, 0x3, 0xff, 0x92, 0xc4, 0x6a, 0x1,
    0xff, 0xc8, 0x18, 0xf, 0x0, 0xff, 0xe4, 0xc0,
    0xb1, 0x80, 0x7f, 0xf2, 0xd, 0x86, 0x0, 0x3f,
    0xf9, 0x3e, 0x10, 0x29, 0x3b, 0xfd, 0x8a, 0x1,
    0x6f, 0xf0, 0xf, 0xfa, 0xc0, 0xc, 0x66, 0x60,
    0xf6, 0x63, 0xa1, 0xd5, 0x0, 0x14, 0xef, 0xee,
    0x0, 0x40, 0x78, 0x2, 0x3e, 0xe2, 0xb0, 0x14,
    0x81, 0xe2, 0x3c, 0xa1, 0x22, 0xc6, 0x0, 0x30,
    0xc, 0x64, 0x2, 0x1, 0xfc, 0x4c, 0x10, 0x1,
    0xf8, 0x88, 0x26, 0x1, 0xfd, 0xc1, 0x22, 0x1,
    0xfb, 0x82, 0x0, 0x3f, 0x94, 0xc9, 0x80, 0x3f,
    0x51, 0xb3, 0x0, 0x3f, 0xac, 0x38, 0x3, 0xf5,
    0x2a, 0xa4, 0x3, 0xfa, 0x5, 0x4c, 0x3, 0xea,
    0x55, 0x50, 0x7, 0xf1, 0x38, 0x58, 0x7, 0xd6,
    0xad, 0x40, 0x1f, 0xe9, 0x8, 0x10, 0xf, 0x5a,
    0x8, 0x4c, 0xe3, 0x0, 0xe5, 0x42, 0x70, 0xf,
    0x98, 0x5, 0x9b, 0xc0, 0x1c, 0x6f, 0xc0, 0x1f,
    0xb7, 0xff, 0xe5,

    /* U+00BE "¾" */
    0x2, 0x57, 0x72, 0x88, 0x7, 0xf8, 0xa1, 0xc0,
    0x3c, 0x9b, 0x51, 0xa, 0xe8, 0x0, 0xfe, 0xe7,
    0x10, 0xf, 0x34, 0xef, 0xf5, 0x3, 0xa0, 0x7,
    0xca, 0x64, 0xc0, 0x1e, 0x26, 0x20, 0x15, 0x60,
    0x30, 0xf, 0xac, 0x38, 0x3, 0xff, 0x82, 0xa0,
    0x60, 0x1e, 0x81, 0x53, 0x0, 0xfe, 0x38, 0x9d,
    0x29, 0x40, 0xe, 0x27, 0xb, 0x0, 0xff, 0x23,
    0xb1, 0x18, 0x7, 0xd2, 0x10, 0x20, 0x1f, 0xe7,
    0xfe, 0xa3, 0x96, 0x0, 0xca, 0x84, 0xe0, 0x1f,
    0xfc, 0x11, 0x58, 0xd, 0x0, 0xd0, 0x12, 0x1,
    0xff, 0xca, 0x82, 0x44, 0x0, 0x7f, 0x99, 0x4,
    0x5, 0xa4, 0x34, 0x0, 0x4e, 0x12, 0x1, 0xc7,
    0xfe, 0x60, 0x6, 0x5f, 0x7f, 0x48, 0x3b, 0x0,
    0x20, 0x1c, 0x80, 0x30, 0xe8, 0x7, 0x56, 0x4c,
    0x42, 0xba, 0x0, 0x8, 0xa5, 0x0, 0x1d, 0x44,
    0xc0, 0x1c, 0x6c, 0xee, 0x51, 0x0, 0xa4, 0x20,
    0x3, 0x99, 0x38, 0x3, 0xff, 0x84, 0xe4, 0x8a,
    0x1, 0x8e, 0x68, 0x80, 0x3f, 0xf8, 0x23, 0x1,
    0x20, 0x1d, 0xca, 0xa0, 0xf, 0xfe, 0x15, 0x83,
    0x90, 0x6, 0xa0, 0xa0, 0xf, 0xfe, 0x11, 0xa8,
    0xc0, 0x6, 0x35, 0x68, 0x89, 0x43, 0x60, 0x40,
    0x3e, 0xe0, 0xb0, 0xf, 0x91, 0xde, 0x30, 0x47,
    0x20, 0xf, 0x31, 0x1a, 0x80, 0x71, 0xff, 0xf3,
    0x4, 0xf9, 0x80, 0x70, 0xc0, 0x70, 0x7, 0xff,
    0x2a, 0x5, 0x88, 0x3, 0xff, 0x81, 0x8c, 0xa0,
    0x0,

    /* U+00BF "¿" */
    0x0, 0xe4, 0xff, 0x40, 0x7, 0xff, 0x51, 0x9d,
    0xd8, 0x1, 0xf8, 0xa2, 0x8, 0x1, 0xfc, 0x88,
    0x20, 0xf, 0xc5, 0x76, 0x50, 0xf, 0xfe, 0x40,
    0x80, 0x4, 0x3, 0xf2, 0x80, 0x8, 0x3, 0xe1,
    0x80, 0x14, 0x0, 0xfb, 0x44, 0x20, 0x3, 0xec,
    0x30, 0x66, 0x0, 0x7a, 0x8c, 0x16, 0x40, 0x3c,
    0xaa, 0x4, 0xa0, 0xf, 0xa4, 0x1, 0x40, 0x1f,
    0x8c, 0xc, 0x40, 0x3f, 0xc2, 0x1, 0xf0, 0x81,
    0x81, 0x28, 0x7, 0x36, 0x84, 0x80, 0x2a, 0x55,
    0x51, 0xd2, 0x20, 0xae, 0x0, 0x6a, 0xa3, 0x88,
    0x28, 0x2, 0x2d, 0x4, 0x4, 0xdf, 0x60,

    /* U+00C0 "À" */
    0x0, 0xf2, 0x43, 0x80, 0x7f, 0xf1, 0x11, 0x62,
    0x0, 0x1f, 0xfc, 0x4c, 0x27, 0x50, 0xf, 0xfe,
    0x18, 0xf8, 0xd1, 0x0, 0x7f, 0xf0, 0xcb, 0xbc,
    0x80, 0x3f, 0xfa, 0xa5, 0xff, 0x28, 0x7, 0xff,
    0xa, 0x80, 0x2e, 0x0, 0xff, 0xe1, 0x30, 0x4,
    0x82, 0x1, 0xff, 0xc0, 0x41, 0x9, 0x0, 0x38,
    0x7, 0xff, 0x3, 0x80, 0x58, 0xc2, 0x80, 0x3f,
    0xf8, 0xa, 0xc, 0x14, 0x6, 0x40, 0x1f, 0xe6,
    0x0, 0x50, 0x30, 0x2, 0x80, 0x3f, 0xd4, 0x4,
    0x40, 0x2, 0x83, 0x0, 0x7f, 0x11, 0x85, 0x0,
    0x5c, 0x2, 0x80, 0x1f, 0xa8, 0x0, 0xc0, 0x12,
    0x8, 0x70, 0x7, 0xe6, 0x4, 0x10, 0xc, 0xe0,
    0xa2, 0x1, 0xe4, 0x10, 0xe0, 0xe, 0xa0, 0x3,
    0x80, 0x7b, 0x80, 0xa, 0x1, 0xc6, 0x41, 0x40,
    0x1e, 0x50, 0x7, 0xff, 0xc4, 0x6, 0x40, 0x19,
    0x40, 0x3f, 0xf8, 0x34, 0x1, 0xb8, 0x6, 0xab,
    0xf8, 0xc1, 0x80, 0x21, 0x40, 0x75, 0x5f, 0xea,
    0x1, 0x40, 0x3, 0x0, 0x34, 0x3, 0xf9, 0xc0,
    0x1a, 0x0, 0xa0, 0x14, 0x0, 0xfe, 0x13, 0x6,
    0x3, 0x20, 0x70, 0xf, 0xfa, 0xc0, 0xb, 0x40,
    0xd, 0x0, 0xff, 0x98, 0x1, 0xc0,

    /* U+00C1 "Á" */
    0x0, 0xff, 0x34, 0x28, 0x7, 0xff, 0xd, 0xe5,
    0x50, 0x3, 0xff, 0x84, 0x70, 0x3e, 0x20, 0x1f,
    0xfc, 0x11, 0xd0, 0xd2, 0x0, 0xff, 0xe1, 0xf,
    0x79, 0x80, 0x7f, 0xf5, 0x8b, 0xfe, 0x50, 0xf,
    0xfe, 0x15, 0x0, 0x5c, 0x1, 0xff, 0xc2, 0x60,
    0x9, 0x4, 0x3, 0xff, 0x80, 0x82, 0x12, 0x0,
    0x70, 0xf, 0xfe, 0x7, 0x0, 0xb1, 0x85, 0x0,
    0x7f, 0xf0, 0x14, 0x18, 0x28, 0xc, 0x80, 0x3f,
    0xcc, 0x0, 0xa0, 0x60, 0x5, 0x0, 0x7f, 0xa8,
    0x8, 0x80, 0x5, 0x6, 0x0, 0xfe, 0x23, 0xa,
    0x0, 0xb8, 0x5, 0x0, 0x3f, 0x50, 0x1, 0x80,
    0x24, 0x10, 0xe0, 0xf, 0xcc, 0x8, 0x20, 0x19,
    0xc1, 0x44, 0x3, 0xc8, 0x21, 0xc0, 0x1d, 0x40,
    0x7, 0x0, 0xf7, 0x0, 0x14, 0x3, 0x8c, 0x82,
    0x80, 0x3c, 0xa0, 0xf, 0xff, 0x88, 0xc, 0x80,
    0x32, 0x80, 0x7f, 0xf0, 0x68, 0x3, 0x70, 0xd,
    0x57, 0xf1, 0x83, 0x0, 0x42, 0x80, 0xea, 0xbf,
    0xd4, 0x2, 0x80, 0x6, 0x0, 0x68, 0x7, 0xf3,
    0x80, 0x34, 0x1, 0x40, 0x28, 0x1, 0xfc, 0x26,
    0xc, 0x6, 0x40, 0xe0, 0x1f, 0xf5, 0x80, 0x16,
    0x80, 0x1a, 0x1, 0xff, 0x30, 0x3, 0x80,

    /* U+00C2 "Â" */
    0x0, 0xfc, 0xf0, 0xe0, 0x1f, 0xfc, 0x38, 0x83,
    0x45, 0x0, 0x7f, 0xf0, 0x55, 0xd3, 0x99, 0x60,
    0x3, 0xfe, 0x3a, 0x4b, 0x9, 0x57, 0x50, 0xf,
    0xf1, 0xfd, 0x80, 0x55, 0xea, 0x1, 0xff, 0xd3,
    0x2f, 0xf9, 0x40, 0x3f, 0xf8, 0x54, 0x1, 0x70,
    0x7, 0xff, 0x9, 0x80, 0x24, 0x10, 0xf, 0xfe,
    0x2, 0x8, 0x48, 0x1, 0xc0, 0x3f, 0xf8, 0x1c,
    0x2, 0xc6, 0x14, 0x1, 0xff, 0xc0, 0x50, 0x60,
    0xa0, 0x32, 0x0, 0xff, 0x30, 0x2, 0x81, 0x80,
    0x14, 0x1, 0xfe, 0xa0, 0x22, 0x0, 0x14, 0x18,
    0x3, 0xf8, 0x8c, 0x28, 0x2, 0xe0, 0x14, 0x0,
    0xfd, 0x40, 0x6, 0x0, 0x90, 0x43, 0x80, 0x3f,
    0x30, 0x20, 0x80, 0x67, 0x5, 0x10, 0xf, 0x20,
    0x87, 0x0, 0x75, 0x0, 0x1c, 0x3, 0xdc, 0x0,
    0x50, 0xe, 0x32, 0xa, 0x0, 0xf2, 0x80, 0x3f,
    0xfe, 0x20, 0x32, 0x0, 0xca, 0x1, 0xff, 0xc1,
    0xa0, 0xd, 0xc0, 0x35, 0x5f, 0xc6, 0xc, 0x1,
    0xa, 0x3, 0xaa, 0xff, 0x50, 0xa, 0x0, 0x18,
    0x1, 0xa0, 0x1f, 0xce, 0x0, 0xd0, 0x5, 0x0,
    0xa0, 0x7, 0xf0, 0x98, 0x30, 0x19, 0x3, 0x80,
    0x7f, 0xd6, 0x0, 0x5a, 0x0, 0x68, 0x7, 0xfc,
    0xc0, 0xe,

    /* U+00C3 "Ã" */
    0x0, 0xe1, 0xbf, 0xe9, 0x30, 0xcf, 0x0, 0xff,
    0x5a, 0x20, 0xdb, 0x3c, 0xd8, 0x3, 0xfc, 0x6f,
    0x7b, 0x8e, 0xd3, 0x20, 0xf, 0xf4, 0xc0, 0x0,
    0xe2, 0x58, 0x3, 0xff, 0xa8, 0x5f, 0xf2, 0x80,
    0x7f, 0xf0, 0xa8, 0x2, 0xe0, 0xf, 0xfe, 0x13,
    0x0, 0x48, 0x20, 0x1f, 0xfc, 0x4, 0x10, 0x90,
    0x3, 0x80, 0x7f, 0xf0, 0x38, 0x5, 0x8c, 0x28,
    0x3, 0xff, 0x80, 0xa0, 0xc1, 0x40, 0x64, 0x1,
    0xfe, 0x60, 0x5, 0x3, 0x0, 0x28, 0x3, 0xfd,
    0x40, 0x44, 0x0, 0x28, 0x30, 0x7, 0xf1, 0x18,
    0x50, 0x5, 0xc0, 0x28, 0x1, 0xfa, 0x80, 0xc,
    0x1, 0x20, 0x87, 0x0, 0x7e, 0x60, 0x41, 0x0,
    0xce, 0xa, 0x20, 0x1e, 0x41, 0xe, 0x0, 0xea,
    0x0, 0x38, 0x7, 0xb8, 0x0, 0xa0, 0x1c, 0x64,
    0x14, 0x1, 0xe5, 0x0, 0x7f, 0xfc, 0x40, 0x64,
    0x1, 0x94, 0x3, 0xff, 0x83, 0x40, 0x1b, 0x80,
    0x6a, 0xbf, 0x8c, 0x18, 0x2, 0x14, 0x7, 0x55,
    0xfe, 0xa0, 0x14, 0x0, 0x30, 0x3, 0x40, 0x3f,
    0x9c, 0x1, 0xa0, 0xa, 0x1, 0x40, 0xf, 0xe1,
    0x30, 0x60, 0x32, 0x7, 0x0, 0xff, 0xac, 0x0,
    0xb4, 0x0, 0xd0, 0xf, 0xf9, 0x80, 0x1c,

    /* U+00C4 "Ä" */
    0x0, 0xe7, 0xff, 0x20, 0x17, 0xfa, 0x80, 0x3f,
    0xfa, 0x22, 0x44, 0x70, 0x32, 0x28, 0x3, 0xfc,
    0xdb, 0xa3, 0x1, 0xdd, 0x40, 0x7, 0xff, 0x4c,
    0xbf, 0xe5, 0x0, 0xff, 0xe1, 0x50, 0x5, 0xc0,
    0x1f, 0xfc, 0x26, 0x0, 0x90, 0x40, 0x3f, 0xf8,
    0x8, 0x21, 0x20, 0x7, 0x0, 0xff, 0xe0, 0x70,
    0xb, 0x18, 0x50, 0x7, 0xff, 0x1, 0x41, 0x82,
    0x80, 0xc8, 0x3, 0xfc, 0xc0, 0xa, 0x6, 0x0,
    0x50, 0x7, 0xfa, 0x80, 0x88, 0x0, 0x50, 0x60,
    0xf, 0xe2, 0x30, 0xa0, 0xb, 0x80, 0x50, 0x3,
    0xf5, 0x0, 0x18, 0x2, 0x41, 0xe, 0x0, 0xfc,
    0xc0, 0x82, 0x1, 0x9c, 0x14, 0x40, 0x3c, 0x82,
    0x1c, 0x1, 0xd4, 0x0, 0x70, 0xf, 0x70, 0x1,
    0x40, 0x38, 0xc8, 0x28, 0x3, 0xca, 0x0, 0xff,
    0xf8, 0x80, 0xc8, 0x3, 0x28, 0x7, 0xff, 0x6,
    0x80, 0x37, 0x0, 0xd5, 0x7f, 0x18, 0x30, 0x4,
    0x28, 0xe, 0xab, 0xfd, 0x40, 0x28, 0x0, 0x60,
    0x6, 0x80, 0x7f, 0x38, 0x3, 0x40, 0x14, 0x2,
    0x80, 0x1f, 0xc2, 0x60, 0xc0, 0x64, 0xe, 0x1,
    0xff, 0x58, 0x1, 0x68, 0x1, 0xa0, 0x1f, 0xf3,
    0x0, 0x38,

    /* U+00C5 "Å" */
    0x0, 0xf8, 0x62, 0xe4, 0x80, 0x3f, 0xf8, 0x27,
    0xce, 0x8d, 0xa8, 0x1, 0xff, 0xc0, 0xf0, 0xaf,
    0xb1, 0xa0, 0xf, 0xf8, 0x4d, 0x94, 0x12, 0x45,
    0x0, 0x3f, 0xc6, 0x1, 0xff, 0xc6, 0x21, 0x65,
    0x4, 0x90, 0x50, 0xf, 0xfa, 0x2, 0xbe, 0xc5,
    0xc4, 0x3, 0xfe, 0x65, 0x0, 0x8e, 0x0, 0x3f,
    0xf8, 0x28, 0x1, 0x18, 0x80, 0x7f, 0xf0, 0x10,
    0x42, 0x40, 0xc, 0x1, 0xff, 0xc0, 0xe0, 0x16,
    0x30, 0xa0, 0xf, 0xf8, 0x54, 0x18, 0x28, 0x8,
    0x80, 0x1f, 0xe7, 0x0, 0x58, 0x38, 0x2, 0x80,
    0x3f, 0xd4, 0x4, 0x60, 0x2a, 0xc, 0x1, 0xfc,
    0x46, 0x14, 0x1, 0x78, 0xa, 0x0, 0x7e, 0xa0,
    0x3, 0x0, 0x4a, 0x21, 0xc0, 0x1f, 0x98, 0xc,
    0x40, 0x33, 0x82, 0x88, 0x7, 0x90, 0x42, 0x80,
    0x3a, 0x80, 0xe, 0x1, 0xee, 0x0, 0x38, 0x7,
    0x18, 0x85, 0x0, 0x79, 0x40, 0x1d, 0xff, 0xe1,
    0x3, 0x20, 0xc, 0xa0, 0x1f, 0xfc, 0x1a, 0x0,
    0xdc, 0x3, 0x55, 0xfc, 0x60, 0xc0, 0x10, 0xa0,
    0x3a, 0xaf, 0xf5, 0x0, 0xa0, 0x1, 0x80, 0x1a,
    0x1, 0xfc, 0xe0, 0xe, 0x0, 0x50, 0xa, 0x0,
    0x7f, 0x9, 0x82, 0x81, 0x90, 0x38, 0x7, 0xfd,
    0x60, 0x5, 0xa0, 0x6, 0x80, 0x7f, 0xcc, 0x0,
    0xe0,

    /* U+00C6 "Æ" */
    0x0, 0xfd, 0x1f, 0xff, 0xfc, 0x43, 0x0, 0xfc,
    0xc0, 0x1f, 0xfc, 0xc5, 0x10, 0x5a, 0x30, 0x4,
    0xd5, 0x7f, 0x10, 0x7, 0xd2, 0x0, 0xb5, 0x70,
    0x3, 0xaa, 0xff, 0x8, 0x7, 0x88, 0xc1, 0x44,
    0x3, 0xff, 0x93, 0x60, 0x9, 0x0, 0xff, 0xe5,
    0x30, 0x19, 0x80, 0x3f, 0xf9, 0x2c, 0x0, 0xa0,
    0xf, 0xfe, 0x55, 0x0, 0xb0, 0x7, 0x9d, 0x57,
    0xf2, 0x0, 0x71, 0x98, 0x18, 0x3, 0xe9, 0xaa,
    0xfd, 0x20, 0x1d, 0x40, 0x9, 0x0, 0xff, 0xe4,
    0x8b, 0x2, 0x88, 0x7, 0xdd, 0xff, 0xfb, 0x40,
    0x33, 0x80, 0x38, 0x3, 0xff, 0x95, 0x60, 0xb,
    0xff, 0xe4, 0x0, 0xff, 0xe1, 0x99, 0x0, 0x7f,
    0xf3, 0x24, 0x1, 0x55, 0xf1, 0x80, 0x7f, 0xf0,
    0x85, 0x41, 0x57, 0xf3, 0x80, 0x7f, 0xf0, 0x98,
    0x1, 0xc0, 0x1f, 0xfc, 0xaa, 0x2, 0x40, 0xf,
    0xf3, 0xb3, 0x7f, 0x12, 0x10, 0x50, 0x7, 0xfd,
    0x33, 0xfe, 0x5f, 0x0, 0x30, 0x7, 0xff, 0x28,

    /* U+00C7 "Ç" */
    0x0, 0xf2, 0x4e, 0xf7, 0xf6, 0xca, 0x0, 0x7c,
    0x9b, 0x6c, 0x42, 0x2, 0x4d, 0x7a, 0xa0, 0x19,
    0xac, 0x80, 0x5a, 0x6a, 0x5c, 0xc0, 0xa8, 0x2,
    0x49, 0x0, 0x47, 0x4b, 0x2b, 0x46, 0x6a, 0x0,
    0x6a, 0x0, 0x53, 0x80, 0x7c, 0x57, 0x0, 0x7,
    0x10, 0x65, 0x0, 0xff, 0x38, 0x2, 0x80, 0x16,
    0x1, 0xff, 0xc1, 0x12, 0x2, 0x20, 0x7, 0xff,
    0x5, 0x40, 0xe, 0x1, 0xff, 0xc2, 0x10, 0x1,
    0x0, 0x7f, 0xf0, 0x8c, 0x1, 0xe0, 0x1f, 0xfc,
    0x23, 0x0, 0x78, 0x7, 0xff, 0x8, 0x40, 0x4,
    0x1, 0xff, 0xc2, 0x50, 0x3, 0x80, 0x7f, 0xf0,
    0x84, 0x80, 0x88, 0x1, 0xff, 0xc2, 0xa0, 0x5,
    0x80, 0x7f, 0xf0, 0x9c, 0x41, 0x94, 0x3, 0xfc,
    0xe0, 0x15, 0x0, 0x29, 0xc0, 0x3e, 0x2b, 0x80,
    0x9, 0x24, 0x1, 0x1d, 0x2c, 0xad, 0x19, 0xa8,
    0x1, 0xcd, 0x64, 0x2, 0xd3, 0x52, 0xe6, 0x5,
    0x40, 0x1c, 0x9b, 0x6c, 0x40, 0x11, 0x35, 0xea,
    0x80, 0x7c, 0x93, 0xbe, 0x44, 0xd9, 0x40, 0xf,
    0xfe, 0xd, 0x92, 0x80, 0x7f, 0xf0, 0xd4, 0x3c,
    0x3, 0xff, 0x80, 0x20, 0x5, 0x0, 0xff, 0xe1,
    0x7e, 0x62, 0x43, 0x0, 0x3f, 0xf8, 0xa, 0x46,
    0x50, 0xc0, 0x1c,

    /* U+00C8 "È" */
    0x0, 0xcf, 0x8, 0x1, 0xff, 0x1b, 0xd9, 0x0,
    0x7f, 0x92, 0x43, 0xc0, 0x3f, 0xe6, 0x82, 0xa0,
    0xf, 0xf9, 0xfe, 0x80, 0x3f, 0xf8, 0xe9, 0xff,
    0xff, 0xc0, 0xa0, 0xf, 0xfe, 0x2a, 0x55, 0x7f,
    0x48, 0x4, 0x6a, 0xbf, 0xc6, 0x1, 0xff, 0xef,
    0x35, 0x5f, 0xe1, 0x0, 0x92, 0xab, 0xf8, 0x80,
    0x3f, 0xf8, 0xaf, 0xff, 0xfc, 0x60, 0x1f, 0xff,
    0xf0, 0xf, 0xfe, 0x1, 0xb3, 0x7f, 0x28, 0x4,
    0x93, 0x3f, 0xd6, 0x1, 0xff, 0xc2,

    /* U+00C9 "É" */
    0x0, 0xf8, 0xa1, 0xc4, 0x3, 0xfd, 0xef, 0xe2,
    0x1, 0xfd, 0x24, 0xb0, 0x1, 0xfc, 0xcc, 0x4a,
    0x0, 0xff, 0x37, 0xd8, 0x7, 0xff, 0x21, 0x3f,
    0xff, 0xf8, 0x14, 0x1, 0xff, 0xc5, 0x4a, 0xaf,
    0xe9, 0x0, 0x8d, 0x57, 0xf8, 0xc0, 0x3f, 0xfd,
    0xe6, 0xab, 0xfc, 0x20, 0x12, 0x55, 0x7f, 0x10,
    0x7, 0xff, 0x15, 0xff, 0xff, 0x8c, 0x3, 0xff,
    0xfe, 0x1, 0xff, 0xc0, 0x36, 0x6f, 0xe5, 0x0,
    0x92, 0x67, 0xfa, 0xc0, 0x3f, 0xf8, 0x40,

    /* U+00CA "Ê" */
    0x0, 0xe2, 0x88, 0x28, 0x7, 0xf0, 0xfb, 0xb5,
    0x20, 0x7, 0xed, 0x2a, 0xc1, 0xb2, 0x0, 0xf4,
    0x9c, 0xa9, 0x60, 0xf8, 0x80, 0x74, 0xfb, 0x0,
    0xb, 0xb4, 0x40, 0x3f, 0xf8, 0x89, 0xff, 0xff,
    0xc0, 0xa0, 0xf, 0xfe, 0x2a, 0x55, 0x7f, 0x48,
    0x4, 0x6a, 0xbf, 0xc6, 0x1, 0xff, 0xef, 0x35,
    0x5f, 0xe1, 0x0, 0x92, 0xab, 0xf8, 0x80, 0x3f,
    0xf8, 0xaf, 0xff, 0xfc, 0x60, 0x1f, 0xff, 0xf0,
    0xf, 0xfe, 0x1, 0xb3, 0x7f, 0x28, 0x4, 0x93,
    0x3f, 0xd6, 0x1, 0xff, 0xc2,

    /* U+00CB "Ë" */
    0x0, 0xbb, 0xf8, 0x1, 0x1f, 0xe3, 0x0, 0xff,
    0xe3, 0x91, 0x14, 0x1, 0xe4, 0x41, 0x0, 0xec,
    0xdb, 0x0, 0x3e, 0xe8, 0x80, 0x3f, 0xf8, 0x89,
    0xff, 0xff, 0xc0, 0xa0, 0xf, 0xfe, 0x2a, 0x55,
    0x7f, 0x48, 0x4, 0x6a, 0xbf, 0xc6, 0x1, 0xff,
    0xef, 0x35, 0x5f, 0xe1, 0x0, 0x92, 0xab, 0xf8,
    0x80, 0x3f, 0xf8, 0xaf, 0xff, 0xfc, 0x60, 0x1f,
    0xff, 0xf0, 0xf, 0xfe, 0x1, 0xb3, 0x7f, 0x28,
    0x4, 0x93, 0x3f, 0xd6, 0x1, 0xff, 0xc2,

    /* U+00CC "Ì" */
    0x7, 0x84, 0x0, 0xc6, 0xf6, 0x40, 0x12, 0x48,
    0x78, 0x6, 0x68, 0x2a, 0x0, 0xcf, 0xf4, 0x1,
    0xfe, 0x4f, 0xf4, 0x0, 0x7f, 0xff, 0xc0, 0x3f,
    0xfe, 0xc0,

    /* U+00CD "Í" */
    0x0, 0x14, 0x38, 0x80, 0x3d, 0xfc, 0x42, 0x89,
    0x60, 0x19, 0x52, 0x80, 0xd, 0xf6, 0x1, 0xfc,
    0x9f, 0xe8, 0x0, 0xff, 0xff, 0x80, 0x7f, 0xf8,
    0xc0,

    /* U+00CE "Î" */
    0x0, 0x8a, 0x20, 0xa0, 0x1c, 0x38, 0xed, 0x48,
    0x1, 0xb4, 0x6b, 0x6, 0x88, 0x1, 0x27, 0x4a,
    0x58, 0x1e, 0x0, 0x9f, 0x50, 0x1, 0x76, 0x80,
    0x7f, 0xf0, 0x93, 0xfd, 0x0, 0x1f, 0xff, 0xf0,
    0xf, 0xff, 0xf8, 0x7, 0xff, 0xa4,

    /* U+00CF "Ï" */
    0xef, 0xd0, 0x4, 0xff, 0x8c, 0x3, 0xf8, 0x88,
    0xc0, 0xe, 0x22, 0xe, 0x6d, 0x80, 0x1f, 0x74,
    0x40, 0x1f, 0xf2, 0x7f, 0xa0, 0x3, 0xff, 0xfe,
    0x1, 0xff, 0xff, 0x0, 0xff, 0xea, 0x80,

    /* U+00D0 "Ð" */
    0x0, 0xf, 0xff, 0xdd, 0x92, 0xc2, 0x1, 0xff,
    0xc4, 0x13, 0x69, 0xe9, 0x10, 0xf, 0xe3, 0xaa,
    0xd2, 0xe6, 0x0, 0x6f, 0x30, 0xf, 0xcc, 0xab,
    0x9a, 0x33, 0x6, 0x3, 0xa4, 0x1, 0xff, 0xc3,
    0x3c, 0x50, 0x19, 0x0, 0xff, 0xe2, 0xd0, 0x82,
    0x18, 0x7, 0xff, 0x15, 0x80, 0x16, 0x1, 0xff,
    0xc5, 0xb0, 0x2, 0x0, 0x7f, 0xf1, 0x4c, 0x0,
    0x41, 0xbf, 0xc0, 0x5, 0xff, 0xc8, 0x1, 0xf8,
    0x40, 0x3f, 0xf8, 0xc2, 0x1, 0x6f, 0xf0, 0x1,
    0x7f, 0xf2, 0x0, 0x78, 0x40, 0x3f, 0xf9, 0x42,
    0x1, 0xff, 0xc5, 0x30, 0x1, 0x0, 0x7f, 0xf1,
    0x6c, 0x0, 0x80, 0x1f, 0xfc, 0x56, 0x0, 0x58,
    0x7, 0xff, 0x12, 0x84, 0x10, 0xc0, 0x3f, 0xf8,
    0x45, 0x8a, 0x3, 0x20, 0x1f, 0x32, 0xae, 0x68,
    0xcd, 0x30, 0x1d, 0x20, 0xf, 0x8e, 0xab, 0x4b,
    0x98, 0x1, 0x7c, 0xc0, 0x3f, 0xf8, 0x22, 0x6d,
    0x3d, 0x42, 0x1, 0x80,

    /* U+00D1 "Ñ" */
    0x0, 0xc5, 0x9f, 0xd2, 0x43, 0xbc, 0x1, 0xfb,
    0x8d, 0xd, 0xb7, 0x89, 0x80, 0x3f, 0x34, 0x5e,
    0xdb, 0xb4, 0xc0, 0x7, 0xea, 0x70, 0x2, 0x44,
    0xb0, 0x7, 0xff, 0x29, 0x3f, 0xeb, 0x0, 0xfc,
    0xff, 0xe3, 0x0, 0xc8, 0x60, 0x1f, 0xfc, 0x4f,
    0x0, 0xff, 0xe1, 0x8, 0x1a, 0x0, 0x7f, 0xf0,
    0x58, 0x1, 0x0, 0x1f, 0xfc, 0x1e, 0x70, 0x34,
    0x0, 0xff, 0xe0, 0xc8, 0x84, 0x0, 0x7f, 0xf0,
    0x46, 0x40, 0xd4, 0x3, 0xff, 0x82, 0xe2, 0x10,
    0x1, 0xff, 0xc2, 0x90, 0x25, 0x0, 0xff, 0xe0,
    0xb8, 0x84, 0x0, 0x7f, 0xf0, 0xa0, 0x9, 0x80,
    0x3f, 0xf8, 0x2c, 0x21, 0x0, 0x1f, 0xfc, 0x28,
    0x1, 0x60, 0xf, 0xfe, 0xb, 0x10, 0x40, 0x7,
    0xff, 0xa, 0x0, 0x5c, 0x3, 0xff, 0x82, 0xa4,
    0x13, 0xe0, 0x1f, 0xfc, 0x18, 0x1, 0x60, 0xf,
    0xfe, 0xa, 0x98, 0x8, 0x7, 0xff, 0xa, 0x0,
    0x3f, 0xf8, 0x88, 0x60, 0x18,

    /* U+00D2 "Ò" */
    0x0, 0xfb, 0x7e, 0x40, 0x3f, 0xf8, 0xbe, 0xc,
    0x80, 0x1f, 0xfc, 0x42, 0xa0, 0xa0, 0xf, 0xfe,
    0x2a, 0xb8, 0xc8, 0x7, 0xff, 0x16, 0x3e, 0x40,
    0x3f, 0xfa, 0xcd, 0x5b, 0xfe, 0xdb, 0x60, 0xf,
    0xf2, 0xf4, 0xa9, 0x0, 0x9, 0x27, 0x94, 0x3,
    0xe7, 0xa1, 0x3, 0x8a, 0xa4, 0x18, 0xd, 0x38,
    0x7, 0x2c, 0x0, 0x2b, 0x1d, 0x54, 0xf9, 0x40,
    0x8, 0x50, 0x8, 0x6c, 0x1, 0x6a, 0x1, 0xe5,
    0xb0, 0x5, 0x8, 0x1, 0x84, 0x19, 0x0, 0x3f,
    0x23, 0x0, 0x24, 0x1, 0x40, 0xb, 0x0, 0xff,
    0x58, 0x1, 0x80, 0x48, 0x8, 0x80, 0x1f, 0xe2,
    0x30, 0x12, 0x50, 0x3, 0x80, 0x7f, 0xf0, 0x14,
    0x0, 0xe2, 0x0, 0x20, 0xf, 0xfe, 0x0, 0x80,
    0xc, 0xc0, 0xf, 0x0, 0xff, 0xe0, 0x78, 0x0,
    0x4c, 0x1, 0xe0, 0x1f, 0xfc, 0xf, 0x0, 0x8,
    0x80, 0x4, 0x1, 0xff, 0xc0, 0x10, 0x1, 0xa8,
    0x1, 0xc0, 0x3f, 0xf8, 0xa, 0x0, 0x71, 0x20,
    0x22, 0x0, 0x7f, 0x84, 0xc0, 0x48, 0x28, 0x1,
    0x60, 0x1f, 0xe8, 0x0, 0x30, 0x1, 0x84, 0x19,
    0x0, 0x3f, 0x1b, 0x0, 0x24, 0x0, 0x36, 0x0,
    0xb5, 0x0, 0xf2, 0xe0, 0x2, 0x84, 0x2, 0x58,
    0x0, 0x56, 0x3a, 0xa9, 0xf2, 0x80, 0x10, 0xa0,
    0x1c, 0xf4, 0x20, 0x71, 0x54, 0x83, 0x1, 0xa7,
    0x0, 0xf9, 0x7a, 0x54, 0x80, 0x2, 0x93, 0xca,
    0x1, 0x80,

    /* U+00D3 "Ó" */
    0x0, 0xff, 0x47, 0xe8, 0x7, 0xff, 0x10, 0xdc,
    0x3c, 0x3, 0xff, 0x89, 0xc1, 0x44, 0x1, 0xff,
    0xc3, 0x82, 0x65, 0x0, 0xff, 0xe2, 0x47, 0xc8,
    0x7, 0xff, 0x5d, 0xab, 0x7f, 0xdb, 0x6c, 0x1,
    0xfe, 0x5e, 0x95, 0x20, 0x1, 0x24, 0xf2, 0x80,
    0x7c, 0xf4, 0x20, 0x71, 0x54, 0x83, 0x1, 0xa7,
    0x0, 0xe5, 0x80, 0x5, 0x63, 0xaa, 0x9f, 0x28,
    0x1, 0xa, 0x1, 0xd, 0x80, 0x2d, 0x40, 0x3c,
    0xb6, 0x0, 0xa1, 0x0, 0x30, 0x83, 0x20, 0x7,
    0xe4, 0x60, 0x4, 0x80, 0x28, 0x1, 0x60, 0x1f,
    0xeb, 0x0, 0x30, 0x9, 0x1, 0x10, 0x3, 0xfc,
    0x46, 0x2, 0x4a, 0x0, 0x70, 0xf, 0xfe, 0x2,
    0x80, 0x1c, 0x40, 0x4, 0x1, 0xff, 0xc0, 0x10,
    0x1, 0x98, 0x1, 0xe0, 0x1f, 0xfc, 0xf, 0x0,
    0x9, 0x80, 0x3c, 0x3, 0xff, 0x81, 0xe0, 0x1,
    0x10, 0x0, 0x80, 0x3f, 0xf8, 0x2, 0x0, 0x35,
    0x0, 0x38, 0x7, 0xff, 0x1, 0x40, 0xe, 0x24,
    0x4, 0x40, 0xf, 0xf0, 0x98, 0x9, 0x5, 0x0,
    0x2c, 0x3, 0xfd, 0x0, 0x6, 0x0, 0x30, 0x83,
    0x20, 0x7, 0xe3, 0x60, 0x4, 0x80, 0x6, 0xc0,
    0x16, 0xa0, 0x1e, 0x5c, 0x0, 0x50, 0x80, 0x4b,
    0x0, 0xa, 0xc7, 0x55, 0x3e, 0x50, 0x2, 0x14,
    0x3, 0x9e, 0x84, 0xe, 0x2a, 0x90, 0x60, 0x34,
    0xe0, 0x1f, 0x2f, 0x4a, 0x90, 0x0, 0x52, 0x79,
    0x40, 0x30,

    /* U+00D4 "Ô" */
    0x0, 0xfd, 0x3f, 0xea, 0x0, 0xff, 0xe1, 0xab,
    0x11, 0xab, 0x0, 0x7f, 0xf0, 0x46, 0xc7, 0xf4,
    0x64, 0x80, 0x3f, 0xf8, 0x1a, 0x3a, 0x43, 0x81,
    0xc0, 0x1f, 0xfc, 0xc, 0xf3, 0x0, 0x17, 0xe0,
    0x7, 0xff, 0x51, 0xab, 0x7f, 0xdb, 0x6c, 0x1,
    0xfe, 0x5e, 0x95, 0x20, 0x1, 0x24, 0xf2, 0x80,
    0x7c, 0xf4, 0x20, 0x71, 0x54, 0x83, 0x1, 0xa7,
    0x0, 0xe5, 0x80, 0x5, 0x63, 0xaa, 0x9f, 0x28,
    0x1, 0xa, 0x1, 0xd, 0x80, 0x2d, 0x40, 0x3c,
    0xb6, 0x0, 0xa1, 0x0, 0x30, 0x83, 0x20, 0x7,
    0xe4, 0x60, 0x4, 0x80, 0x28, 0x1, 0x60, 0x1f,
    0xeb, 0x0, 0x30, 0x9, 0x1, 0x10, 0x3, 0xfc,
    0x46, 0x2, 0x4a, 0x0, 0x70, 0xf, 0xfe, 0x2,
    0x80, 0x1c, 0x40, 0x4, 0x1, 0xff, 0xc0, 0x10,
    0x1, 0x98, 0x1, 0xe0, 0x1f, 0xfc, 0xf, 0x0,
    0x9, 0x80, 0x3c, 0x3, 0xff, 0x81, 0xe0, 0x1,
    0x10, 0x0, 0x80, 0x3f, 0xf8, 0x2, 0x0, 0x35,
    0x0, 0x38, 0x7, 0xff, 0x1, 0x40, 0xe, 0x24,
    0x4, 0x40, 0xf, 0xf0, 0x98, 0x9, 0x5, 0x0,
    0x2c, 0x3, 0xfd, 0x0, 0x6, 0x0, 0x30, 0x83,
    0x20, 0x7, 0xe3, 0x60, 0x4, 0x80, 0x6, 0xc0,
    0x16, 0xa0, 0x1e, 0x5c, 0x0, 0x50, 0x80, 0x4b,
    0x0, 0xa, 0xc7, 0x55, 0x3e, 0x50, 0x2, 0x14,
    0x3, 0x9e, 0x84, 0xe, 0x2a, 0x90, 0x60, 0x34,
    0xe0, 0x1f, 0x2f, 0x4a, 0x90, 0x0, 0x52, 0x79,
    0x40, 0x30,

    /* U+00D5 "Õ" */
    0x0, 0xf1, 0x44, 0xb0, 0x81, 0x52, 0x0, 0x7f,
    0x87, 0x5d, 0xa7, 0xaf, 0xd4, 0x3, 0xfe, 0x70,
    0x9f, 0x93, 0x43, 0x84, 0x0, 0xff, 0x37, 0xb0,
    0x36, 0x7f, 0x38, 0x7, 0xff, 0xa1, 0xab, 0x7f,
    0xdb, 0x6c, 0x1, 0xfe, 0x5e, 0x95, 0x20, 0x1,
    0x24, 0xf2, 0x80, 0x7c, 0xf4, 0x20, 0x71, 0x54,
    0x83, 0x1, 0xa7, 0x0, 0xe5, 0x80, 0x5, 0x63,
    0xaa, 0x9f, 0x28, 0x1, 0xa, 0x1, 0xd, 0x80,
    0x2d, 0x40, 0x3c, 0xb6, 0x0, 0xa1, 0x0, 0x30,
    0x83, 0x20, 0x7, 0xe4, 0x60, 0x4, 0x80, 0x28,
    0x1, 0x60, 0x1f, 0xeb, 0x0, 0x30, 0x9, 0x1,
    0x10, 0x3, 0xfc, 0x46, 0x2, 0x4a, 0x0, 0x70,
    0xf, 0xfe, 0x2, 0x80, 0x1c, 0x40, 0x4, 0x1,
    0xff, 0xc0, 0x10, 0x1, 0x98, 0x1, 0xe0, 0x1f,
    0xfc, 0xf, 0x0, 0x9, 0x80, 0x3c, 0x3, 0xff,
    0x81, 0xe0, 0x1, 0x10, 0x0, 0x80, 0x3f, 0xf8,
    0x2, 0x0, 0x35, 0x0, 0x38, 0x7, 0xff, 0x1,
    0x40, 0xe, 0x24, 0x4, 0x40, 0xf, 0xf0, 0x98,
    0x9, 0x5, 0x0, 0x2c, 0x3, 0xfd, 0x0, 0x6,
    0x0, 0x30, 0x83, 0x20, 0x7, 0xe3, 0x60, 0x4,
    0x80, 0x6, 0xc0, 0x16, 0xa0, 0x1e, 0x5c, 0x0,
    0x50, 0x80, 0x4b, 0x0, 0xa, 0xc7, 0x55, 0x3e,
    0x50, 0x2, 0x14, 0x3, 0x9e, 0x84, 0xe, 0x2a,
    0x90, 0x60, 0x34, 0xe0, 0x1f, 0x2f, 0x4a, 0x90,
    0x0, 0x52, 0x79, 0x40, 0x30,

    /* U+00D6 "Ö" */
    0x0, 0xf6, 0xea, 0x40, 0x13, 0xba, 0x10, 0xf,
    0xf8, 0x88, 0xa0, 0x2, 0x28, 0x3, 0xff, 0xa9,
    0xfe, 0xc0, 0x5, 0xff, 0x84, 0x3, 0xff, 0xce,
    0xd5, 0xbf, 0xed, 0xb6, 0x0, 0xff, 0x2f, 0x4a,
    0x90, 0x0, 0x92, 0x79, 0x40, 0x3e, 0x7a, 0x10,
    0x38, 0xaa, 0x41, 0x80, 0xd3, 0x80, 0x72, 0xc0,
    0x2, 0xb1, 0xd5, 0x4f, 0x94, 0x0, 0x85, 0x0,
    0x86, 0xc0, 0x16, 0xa0, 0x1e, 0x5b, 0x0, 0x50,
    0x80, 0x18, 0x41, 0x90, 0x3, 0xf2, 0x30, 0x2,
    0x40, 0x14, 0x0, 0xb0, 0xf, 0xf5, 0x80, 0x18,
    0x4, 0x80, 0x88, 0x1, 0xfe, 0x23, 0x1, 0x25,
    0x0, 0x38, 0x7, 0xff, 0x1, 0x40, 0xe, 0x20,
    0x2, 0x0, 0xff, 0xe0, 0x8, 0x0, 0xcc, 0x0,
    0xf0, 0xf, 0xfe, 0x7, 0x80, 0x4, 0xc0, 0x1e,
    0x1, 0xff, 0xc0, 0xf0, 0x0, 0x88, 0x0, 0x40,
    0x1f, 0xfc, 0x1, 0x0, 0x1a, 0x80, 0x1c, 0x3,
    0xff, 0x80, 0xa0, 0x7, 0x12, 0x2, 0x20, 0x7,
    0xf8, 0x4c, 0x4, 0x82, 0x80, 0x16, 0x1, 0xfe,
    0x80, 0x3, 0x0, 0x18, 0x41, 0x90, 0x3, 0xf1,
    0xb0, 0x2, 0x40, 0x3, 0x60, 0xb, 0x50, 0xf,
    0x2e, 0x0, 0x28, 0x40, 0x25, 0x80, 0x5, 0x63,
    0xaa, 0x9f, 0x28, 0x1, 0xa, 0x1, 0xcf, 0x42,
    0x7, 0x15, 0x48, 0x30, 0x1a, 0x70, 0xf, 0x97,
    0xa5, 0x48, 0x0, 0x29, 0x3c, 0xa0, 0x18,

    /* U+00D7 "×" */
    0x0, 0xff, 0xe3, 0x16, 0x8, 0x7, 0xfa, 0x20,
    0x0, 0xf3, 0xc1, 0x0, 0xfd, 0xe, 0xe5, 0x8,
    0x2, 0xc1, 0x0, 0xf3, 0xb8, 0xd, 0x41, 0x68,
    0xb, 0x4, 0x3, 0x3c, 0x1, 0xe0, 0x4, 0xb2,
    0x5, 0x82, 0x0, 0x68, 0x3, 0xd0, 0xe, 0x69,
    0x2, 0xd1, 0x69, 0x2, 0xd1, 0x0, 0xf3, 0x40,
    0x1e, 0x48, 0x16, 0x8, 0x7, 0xe7, 0x80, 0x20,
    0x2c, 0x10, 0xf, 0xf1, 0x0, 0x42, 0x20, 0xf,
    0xf2, 0xd0, 0x8, 0x1e, 0x0, 0x7f, 0x2d, 0x1,
    0x7b, 0x81, 0xd8, 0x7, 0xc9, 0x40, 0x58, 0x30,
    0xe0, 0x96, 0x1, 0xc9, 0x60, 0x3e, 0x20, 0x8,
    0x70, 0x4b, 0x0, 0x92, 0xc0, 0x70, 0x80, 0x34,
    0x30, 0x25, 0x80, 0x28, 0x7, 0x8, 0x3, 0xd2,
    0xc0, 0x8c, 0x1a, 0x58, 0x40, 0x1f, 0xa5, 0x9a,
    0x3, 0xd2, 0x0, 0xff, 0x4c, 0x80,

    /* U+00D8 "Ø" */
    0x0, 0xff, 0xe3, 0x20, 0x7, 0xcd, 0x5b, 0xfe,
    0xea, 0x50, 0xa, 0xad, 0x40, 0x32, 0xf4, 0xa9,
    0x0, 0x5, 0x6b, 0x91, 0xd4, 0x90, 0x2, 0x7a,
    0x10, 0x38, 0xaa, 0x41, 0x80, 0xdc, 0xf, 0x88,
    0x1, 0x60, 0x1, 0x58, 0xea, 0xa7, 0xca, 0x0,
    0xa4, 0x80, 0x3, 0x60, 0xb, 0x50, 0xf, 0x20,
    0x80, 0x24, 0x40, 0xc, 0x20, 0xc8, 0x1, 0xf6,
    0xb, 0x0, 0xb0, 0x2, 0x80, 0x16, 0x1, 0xf5,
    0x95, 0x48, 0x2, 0x80, 0x48, 0x8, 0x80, 0x1e,
    0x94, 0x75, 0x4, 0x2, 0x15, 0x0, 0x38, 0x7,
    0x9d, 0x92, 0x0, 0x6, 0x0, 0x41, 0x0, 0x10,
    0x7, 0x2c, 0x15, 0x80, 0x5e, 0x0, 0x33, 0x0,
    0x3c, 0x3, 0x1d, 0xf, 0x80, 0x7c, 0x26, 0x0,
    0xf0, 0x8, 0xb4, 0x34, 0x80, 0x37, 0x80, 0x4,
    0x40, 0x2, 0x0, 0xf, 0x8c, 0x98, 0x7, 0x10,
    0x0, 0xd4, 0x0, 0xe0, 0xa, 0x27, 0x60, 0xf,
    0x38, 0x1, 0xc4, 0x80, 0x89, 0x48, 0x88, 0x0,
    0xf1, 0x10, 0x4, 0x82, 0x80, 0x1e, 0xa5, 0x60,
    0x1f, 0x58, 0x1, 0x80, 0xc, 0x20, 0x43, 0xe0,
    0x1f, 0x23, 0x0, 0x24, 0x0, 0x32, 0x0, 0x14,
    0x0, 0xf2, 0xd8, 0x2, 0x84, 0x0, 0x32, 0x1,
    0x4e, 0xba, 0xa9, 0xf2, 0x80, 0xe, 0xa0, 0x16,
    0xb, 0xd9, 0x1, 0x45, 0x52, 0xc, 0x6, 0xa0,
    0x2, 0x52, 0x58, 0x4d, 0xa5, 0x20, 0x0, 0xa4,
    0xf2, 0x80, 0x65, 0xba, 0x0, 0x96, 0xb7, 0xfd,
    0xd6, 0xc0, 0x1e,

    /* U+00D9 "Ù" */
    0x0, 0xea, 0xfc, 0x0, 0xff, 0xe1, 0x51, 0x1b,
    0x80, 0x7f, 0xf0, 0xbc, 0x20, 0x80, 0x3f, 0xf8,
    0x25, 0x41, 0xc0, 0x1f, 0xfc, 0x25, 0xfc, 0x0,
    0xff, 0xe6, 0x4f, 0xf8, 0xc0, 0x3f, 0xaf, 0xfc,
    0x20, 0x1f, 0xff, 0xf0, 0xf, 0xff, 0xf8, 0x7,
    0xff, 0x64, 0x40, 0x3f, 0xf8, 0x62, 0x1, 0x38,
    0x7, 0xf3, 0x80, 0x5e, 0x0, 0x10, 0xf, 0xe1,
    0x0, 0x8c, 0x1, 0x80, 0x1f, 0x84, 0x80, 0xc1,
    0x0, 0xe, 0x1, 0xf9, 0x80, 0x8, 0x0, 0x60,
    0x1a, 0x0, 0xf1, 0xc0, 0x2, 0x40, 0x10, 0x40,
    0xbb, 0xa, 0x8d, 0x58, 0x0, 0x91, 0x0, 0xe,
    0x18, 0x13, 0xd5, 0xca, 0x80, 0x25, 0x80, 0x30,
    0xe5, 0x29, 0x0, 0x4, 0xdf, 0x98, 0x2,

    /* U+00DA "Ú" */
    0x0, 0xfc, 0xbf, 0xe2, 0x0, 0xff, 0xe0, 0xd,
    0x85, 0x10, 0x7, 0xff, 0x2, 0xc5, 0x94, 0x3,
    0xff, 0x80, 0xaa, 0x39, 0x0, 0xff, 0xe0, 0xaf,
    0xe0, 0x7, 0xff, 0x36, 0x7f, 0xc6, 0x1, 0xfd,
    0x7f, 0xe1, 0x0, 0xff, 0xff, 0x80, 0x7f, 0xff,
    0xc0, 0x3f, 0xfb, 0x22, 0x1, 0xff, 0xc3, 0x10,
    0x9, 0xc0, 0x3f, 0x9c, 0x2, 0xf0, 0x0, 0x80,
    0x7f, 0x8, 0x4, 0x60, 0xc, 0x0, 0xfc, 0x24,
    0x6, 0x8, 0x0, 0x70, 0xf, 0xcc, 0x0, 0x40,
    0x3, 0x0, 0xd0, 0x7, 0x8e, 0x0, 0x12, 0x0,
    0x82, 0x5, 0xd8, 0x54, 0x6a, 0xc0, 0x4, 0x88,
    0x0, 0x70, 0xc0, 0x9e, 0xae, 0x54, 0x1, 0x2c,
    0x1, 0x87, 0x29, 0x48, 0x0, 0x26, 0xfc, 0xc0,
    0x10,

    /* U+00DB "Û" */
    0x0, 0xf3, 0x7f, 0xb4, 0x3, 0xff, 0x80, 0x52,
    0xa, 0x52, 0x1, 0xff, 0x70, 0x5d, 0x23, 0x28,
    0x7, 0xf4, 0x9c, 0xa0, 0x59, 0x50, 0x80, 0x7e,
    0x9f, 0x60, 0xb, 0x7c, 0x40, 0x3f, 0xf9, 0x33,
    0xfe, 0x30, 0xf, 0xeb, 0xff, 0x8, 0x7, 0xff,
    0xfc, 0x3, 0xff, 0xfe, 0x1, 0xff, 0xd9, 0x10,
    0xf, 0xfe, 0x18, 0x80, 0x4e, 0x1, 0xfc, 0xe0,
    0x17, 0x80, 0x4, 0x3, 0xf8, 0x40, 0x23, 0x0,
    0x60, 0x7, 0xe1, 0x20, 0x30, 0x40, 0x3, 0x80,
    0x7e, 0x60, 0x2, 0x0, 0x18, 0x6, 0x80, 0x3c,
    0x70, 0x0, 0x90, 0x4, 0x10, 0x2e, 0xc2, 0xa3,
    0x56, 0x0, 0x24, 0x40, 0x3, 0x86, 0x4, 0xf5,
    0x72, 0xa0, 0x9, 0x60, 0xc, 0x39, 0x4a, 0x40,
    0x1, 0x37, 0xe6, 0x0, 0x80,

    /* U+00DC "Ü" */
    0x0, 0xd5, 0xb8, 0x0, 0x6d, 0xd2, 0x0, 0x7e,
    0x72, 0x30, 0x0, 0x91, 0x4, 0x3, 0xff, 0x9b,
    0xbf, 0xe0, 0x3, 0xff, 0x94, 0x3, 0xff, 0xb5,
    0x3f, 0xe3, 0x0, 0xfe, 0xbf, 0xf0, 0x80, 0x7f,
    0xff, 0xc0, 0x3f, 0xff, 0xe0, 0x1f, 0xfd, 0x91,
    0x0, 0xff, 0xe1, 0x88, 0x4, 0xe0, 0x1f, 0xce,
    0x1, 0x78, 0x0, 0x40, 0x3f, 0x84, 0x2, 0x30,
    0x6, 0x0, 0x7e, 0x12, 0x3, 0x4, 0x0, 0x38,
    0x7, 0xe6, 0x0, 0x20, 0x1, 0x80, 0x68, 0x3,
    0xc7, 0x0, 0x9, 0x0, 0x41, 0x2, 0xec, 0x2a,
    0x35, 0x60, 0x2, 0x44, 0x0, 0x38, 0x60, 0x4f,
    0x57, 0x2a, 0x0, 0x96, 0x0, 0xc3, 0x94, 0xa4,
    0x0, 0x13, 0x7e, 0x60, 0x8,

    /* U+00DD "Ý" */
    0x0, 0xff, 0x34, 0x28, 0x7, 0xff, 0xd, 0xe5,
    0x50, 0x3, 0xff, 0x84, 0x70, 0x3e, 0x20, 0x1f,
    0xfc, 0x11, 0xd0, 0xd2, 0x0, 0xff, 0xe1, 0xf,
    0x79, 0x80, 0x7f, 0xf4, 0x2f, 0xfc, 0x60, 0x1f,
    0xc5, 0xfe, 0xc0, 0x4, 0x80, 0x38, 0x3, 0xfb,
    0x80, 0x1e, 0x0, 0x29, 0x2, 0x80, 0xf, 0x9c,
    0xc1, 0xcc, 0x2, 0x63, 0x7, 0x30, 0xe, 0x28,
    0x2, 0x80, 0xe, 0xe0, 0x7, 0x0, 0x74, 0x80,
    0x38, 0x3, 0xc5, 0x0, 0x50, 0x1, 0x32, 0x3,
    0x98, 0x7, 0xce, 0x60, 0xe6, 0x3, 0x0, 0x50,
    0x1, 0xfd, 0xc0, 0xf, 0xb, 0x10, 0xe0, 0xf,
    0xf1, 0x40, 0x1d, 0xa8, 0x31, 0x80, 0x7f, 0xce,
    0x60, 0x80, 0x52, 0x1, 0xff, 0xc1, 0xe0, 0xa,
    0x40, 0x3f, 0xf8, 0x44, 0x40, 0x2, 0x0, 0x7f,
    0xff, 0xc0, 0x3f, 0xff, 0xe0, 0x1f, 0xfd, 0x0,

    /* U+00DE "Þ" */
    0x4f, 0xf4, 0x0, 0x7f, 0xfa, 0xdf, 0xff, 0x75,
    0xb0, 0x7, 0xfc, 0x29, 0x3a, 0x40, 0x19, 0x6a,
    0xa9, 0x70, 0x1, 0x60, 0x6, 0x25, 0x59, 0xa3,
    0x88, 0x5, 0xc0, 0x3f, 0x86, 0x40, 0x18, 0x1,
    0xfe, 0x40, 0x3, 0x0, 0x7f, 0xf0, 0x4c, 0x3,
    0xfc, 0x40, 0x2, 0x0, 0xff, 0x40, 0x1, 0x40,
    0x3e, 0x13, 0xb5, 0x0, 0x58, 0x4, 0xff, 0xf7,
    0x62, 0x0, 0x24, 0x80, 0x3f, 0xc9, 0x8c, 0x1,
    0x96, 0xaa, 0xbc, 0xfb, 0x30, 0xe, 0x25, 0x59,
    0xc, 0x3, 0xff, 0xc6,

    /* U+00DF "ß" */
    0x0, 0x92, 0xfb, 0xfd, 0x8e, 0x1, 0xf5, 0x5a,
    0x8, 0x0, 0xe3, 0x44, 0x3, 0x42, 0x81, 0xd6,
    0x5b, 0x81, 0x50, 0x4, 0x2e, 0x7, 0x8a, 0x69,
    0x12, 0x8, 0x60, 0x5, 0x0, 0x48, 0x7, 0x30,
    0x1, 0x0, 0x4, 0x0, 0x70, 0xc, 0xb4, 0x0,
    0xe0, 0x0, 0x80, 0xc, 0x2, 0xaa, 0x2a, 0x3e,
    0x80, 0x7e, 0x95, 0x1c, 0xb8, 0x40, 0xf, 0xcc,
    0x12, 0x60, 0x1f, 0xe2, 0x0, 0x10, 0x7, 0xfc,
    0x60, 0xe, 0x0, 0xff, 0x85, 0x1, 0x28, 0x40,
    0x3f, 0xd4, 0x20, 0xbe, 0x80, 0x1f, 0xc3, 0xe8,
    0x3, 0x70, 0x1, 0xfc, 0x37, 0x42, 0xf, 0x0,
    0x1f, 0xe5, 0xf2, 0x7, 0x10, 0xf, 0xf0, 0xc0,
    0x1, 0x40, 0x3f, 0xe1, 0x0, 0x8, 0x7, 0xfd,
    0x80, 0x7, 0x0, 0xcb, 0x6c, 0x84, 0x92, 0xe0,
    0x64, 0x1, 0xc9, 0x37, 0xb6, 0xc0, 0x3c, 0x1,
    0xcc, 0x62, 0x0, 0x13, 0x8e, 0x20,

    /* U+00E0 "à" */
    0x0, 0x14, 0x40, 0x80, 0x3f, 0xc4, 0x6f, 0xe0,
    0x1f, 0xf5, 0x11, 0x20, 0x3, 0xfc, 0x3e, 0xe,
    0x80, 0x1f, 0xe2, 0xa0, 0xa1, 0x0, 0xff, 0x2b,
    0x8d, 0x80, 0x7f, 0xd1, 0xf4, 0x1, 0xff, 0xc9,
    0x27, 0xbe, 0xff, 0x6d, 0x20, 0x6, 0x3d, 0x84,
    0x10, 0x1, 0x2d, 0xc8, 0x7, 0x24, 0x5e, 0x5c,
    0x10, 0x33, 0x80, 0xb, 0xad, 0xd0, 0xd1, 0xf5,
    0x2, 0x0, 0x2, 0x20, 0xf, 0xa4, 0x0, 0x80,
    0x1f, 0xe2, 0x10, 0x30, 0x9, 0x2b, 0x7f, 0xf8,
    0x43, 0x80, 0x17, 0x65, 0x20, 0xf, 0xea, 0x40,
    0x5b, 0xef, 0xfc, 0x20, 0x1, 0x50, 0x6a, 0x41,
    0x0, 0xc2, 0x0, 0x50, 0x6, 0x80, 0x78, 0x80,
    0x3f, 0xf8, 0x36, 0x1, 0x30, 0x3, 0x80, 0x39,
    0x58, 0x2, 0x23, 0x5, 0xb4, 0x24, 0x9a, 0x21,
    0x0, 0xb8, 0x41, 0x2f, 0x6d, 0x8b, 0xc0, 0x31,
    0x7b, 0x10, 0x9, 0xc6, 0x90, 0x4,

    /* U+00E1 "á" */
    0x0, 0xfc, 0x2f, 0x8, 0x1, 0xfe, 0xb8, 0x55,
    0x0, 0x7f, 0x32, 0x87, 0x88, 0x7, 0xe2, 0x90,
    0xa2, 0x0, 0xfe, 0xe0, 0x85, 0x0, 0xfe, 0x73,
    0x57, 0x0, 0xff, 0x3f, 0xd0, 0x7, 0xff, 0x28,
    0x9e, 0xfb, 0xfd, 0xb4, 0x80, 0x18, 0xf6, 0x10,
    0x40, 0x4, 0xb7, 0x20, 0x1c, 0x91, 0x79, 0x70,
    0x40, 0xce, 0x0, 0x2e, 0xb7, 0x43, 0x47, 0xd4,
    0x8, 0x0, 0x8, 0x80, 0x3e, 0x90, 0x2, 0x0,
    0x7f, 0x88, 0x40, 0xc0, 0x24, 0xad, 0xff, 0xe1,
    0xe, 0x0, 0x5d, 0x94, 0x80, 0x3f, 0xa9, 0x1,
    0x6f, 0xbf, 0xf0, 0x80, 0x5, 0x41, 0xa9, 0x4,
    0x3, 0x8, 0x1, 0x40, 0x1a, 0x1, 0xe2, 0x0,
    0xff, 0xe0, 0xd8, 0x4, 0xc0, 0xe, 0x0, 0xe5,
    0x60, 0x8, 0x8c, 0x16, 0xd0, 0x92, 0x68, 0x84,
    0x2, 0xe1, 0x4, 0xbd, 0xb6, 0x2f, 0x0, 0xc5,
    0xec, 0x40, 0x27, 0x1a, 0x40, 0x10,

    /* U+00E2 "â" */
    0x0, 0xf3, 0xc1, 0x0, 0x7f, 0xa2, 0xf, 0x20,
    0x1f, 0xc4, 0xe0, 0x48, 0xa0, 0x1f, 0xa4, 0x27,
    0xc2, 0xc0, 0x3e, 0x54, 0x43, 0x14, 0xc, 0x80,
    0x7a, 0xc6, 0x80, 0xe, 0x6c, 0x60, 0x1d, 0xdc,
    0x10, 0xb, 0x3c, 0xc0, 0x3f, 0xf8, 0xc4, 0xf7,
    0xdf, 0xed, 0xa4, 0x0, 0xc7, 0xb0, 0x82, 0x0,
    0x25, 0xb9, 0x0, 0xe4, 0x8b, 0xcb, 0x82, 0x6,
    0x70, 0x1, 0x75, 0xba, 0x1a, 0x3e, 0xa0, 0x40,
    0x0, 0x44, 0x1, 0xf4, 0x80, 0x10, 0x3, 0xfc,
    0x42, 0x6, 0x1, 0x25, 0x6f, 0xff, 0x8, 0x70,
    0x2, 0xec, 0xa4, 0x1, 0xfd, 0x48, 0xb, 0x7d,
    0xff, 0x84, 0x0, 0x2a, 0xd, 0x48, 0x20, 0x18,
    0x40, 0xa, 0x0, 0xd0, 0xf, 0x10, 0x7, 0xff,
    0x6, 0xc0, 0x26, 0x0, 0x70, 0x7, 0x2b, 0x0,
    0x44, 0x60, 0xb6, 0x84, 0x93, 0x44, 0x20, 0x17,
    0x8, 0x25, 0xed, 0xb1, 0x78, 0x6, 0x2f, 0x62,
    0x1, 0x38, 0xd2, 0x0, 0x80,

    /* U+00E3 "ã" */
    0x0, 0x97, 0x7f, 0x14, 0xf, 0xe0, 0x3, 0xd,
    0x11, 0xe, 0xb7, 0x41, 0x80, 0x19, 0x2, 0x77,
    0x10, 0x81, 0xd0, 0x3, 0x2f, 0xb0, 0x1d, 0xff,
    0x40, 0x7, 0xff, 0x54, 0x9e, 0xfb, 0xfd, 0xb4,
    0x80, 0x18, 0xf6, 0x10, 0x40, 0x4, 0xb7, 0x20,
    0x1c, 0x91, 0x79, 0x70, 0x40, 0xce, 0x0, 0x2e,
    0xb7, 0x43, 0x47, 0xd4, 0x8, 0x0, 0x8, 0x80,
    0x3e, 0x90, 0x2, 0x0, 0x7f, 0x88, 0x40, 0xc0,
    0x24, 0xad, 0xff, 0xe1, 0xe, 0x0, 0x5d, 0x94,
    0x80, 0x3f, 0xa9, 0x1, 0x6f, 0xbf, 0xf0, 0x80,
    0x5, 0x41, 0xa9, 0x4, 0x3, 0x8, 0x1, 0x40,
    0x1a, 0x1, 0xe2, 0x0, 0xff, 0xe0, 0xd8, 0x4,
    0xc0, 0xe, 0x0, 0xe5, 0x60, 0x8, 0x8c, 0x16,
    0xd0, 0x92, 0x68, 0x84, 0x2, 0xe1, 0x4, 0xbd,
    0xb6, 0x2f, 0x0, 0xc5, 0xec, 0x40, 0x27, 0x1a,
    0x40, 0x10,

    /* U+00E4 "ä" */
    0x0, 0xbf, 0xda, 0x0, 0x9f, 0xf1, 0x80, 0x7f,
    0xf1, 0xcc, 0x9c, 0x1, 0xc4, 0x41, 0x0, 0xec,
    0xda, 0x0, 0x3e, 0xe8, 0x80, 0x3f, 0xfa, 0x84,
    0xf7, 0xdf, 0xed, 0xa4, 0x0, 0xc7, 0xb0, 0x82,
    0x0, 0x25, 0xb9, 0x0, 0xe4, 0x8b, 0xcb, 0x82,
    0x6, 0x70, 0x1, 0x75, 0xba, 0x1a, 0x3e, 0xa0,
    0x40, 0x0, 0x44, 0x1, 0xf4, 0x80, 0x10, 0x3,
    0xfc, 0x42, 0x6, 0x1, 0x25, 0x6f, 0xff, 0x8,
    0x70, 0x2, 0xec, 0xa4, 0x1, 0xfd, 0x48, 0xb,
    0x7d, 0xff, 0x84, 0x0, 0x2a, 0xd, 0x48, 0x20,
    0x18, 0x40, 0xa, 0x0, 0xd0, 0xf, 0x10, 0x7,
    0xff, 0x6, 0xc0, 0x26, 0x0, 0x70, 0x7, 0x2b,
    0x0, 0x44, 0x60, 0xb6, 0x84, 0x93, 0x44, 0x20,
    0x17, 0x8, 0x25, 0xed, 0xb1, 0x78, 0x6, 0x2f,
    0x62, 0x1, 0x38, 0xd2, 0x0, 0x80,

    /* U+00E5 "å" */
    0x0, 0xe5, 0xaa, 0x30, 0x7, 0xf4, 0xd2, 0xaa,
    0x70, 0x3, 0xe4, 0x63, 0xde, 0x63, 0x80, 0xf,
    0x60, 0x71, 0xc, 0x8a, 0x0, 0x78, 0x40, 0xc0,
    0x23, 0x10, 0xf, 0x78, 0x48, 0x1, 0x49, 0x0,
    0x3c, 0xc4, 0xfb, 0x94, 0x16, 0x1, 0xf6, 0x31,
    0x99, 0x34, 0x80, 0x3e, 0x19, 0xef, 0xb2, 0x0,
    0xff, 0xe4, 0x13, 0xdf, 0x7f, 0xb6, 0x90, 0x3,
    0x1e, 0xc2, 0x8, 0x0, 0x96, 0xe4, 0x3, 0x92,
    0x2f, 0x2e, 0x8, 0x19, 0xc0, 0x5, 0xd6, 0xe8,
    0x68, 0xfa, 0x81, 0x0, 0x1, 0x10, 0x7, 0xd2,
    0x0, 0x40, 0xf, 0xf1, 0x8, 0x18, 0x4, 0x95,
    0xbf, 0xfc, 0x21, 0xc0, 0xb, 0xb2, 0x90, 0x7,
    0xf5, 0x20, 0x2d, 0xf7, 0xfe, 0x10, 0x0, 0xa8,
    0x35, 0x20, 0x80, 0x61, 0x0, 0x28, 0x3, 0x40,
    0x3c, 0x40, 0x1f, 0xfc, 0x1b, 0x0, 0x98, 0x1,
    0xc0, 0x1c, 0xac, 0x1, 0x11, 0x82, 0xda, 0x12,
    0x4d, 0x10, 0x80, 0x5c, 0x20, 0x97, 0xb6, 0xc5,
    0xe0, 0x18, 0xbd, 0x88, 0x4, 0xe3, 0x48, 0x2,

    /* U+00E6 "æ" */
    0x0, 0x13, 0xdf, 0x7f, 0xb6, 0x4c, 0x2, 0x17,
    0xce, 0xfe, 0xb5, 0x0, 0xe3, 0xd8, 0x41, 0x0,
    0x13, 0x64, 0x82, 0xfc, 0x18, 0x80, 0xa5, 0x58,
    0x7, 0x92, 0x2f, 0x2e, 0x8, 0x1a, 0xe8, 0x45,
    0x17, 0x94, 0xa0, 0x96, 0x1, 0x17, 0x5b, 0xa1,
    0xa3, 0xea, 0x2, 0x2, 0xf3, 0xa1, 0xad, 0x48,
    0x22, 0x0, 0x2, 0x20, 0xf, 0xa4, 0x0, 0x34,
    0x1, 0xe6, 0x30, 0xe0, 0xf, 0xf8, 0x84, 0x10,
    0x3, 0xf2, 0x82, 0x0, 0x64, 0xad, 0xff, 0xe1,
    0x5, 0xff, 0xfc, 0xc0, 0x20, 0x15, 0xd9, 0x48,
    0x3, 0xff, 0x93, 0x48, 0xb, 0x7d, 0xff, 0x84,
    0x1f, 0xff, 0xfe, 0x1, 0x50, 0x6a, 0x41, 0x0,
    0xc2, 0x4, 0x1, 0xff, 0xc0, 0x50, 0x6, 0x80,
    0x78, 0x80, 0x8, 0x1, 0xff, 0xca, 0xb0, 0x0,
    0xb0, 0x7, 0xfc, 0xc0, 0xe, 0x0, 0xe5, 0x60,
    0x10, 0x93, 0x0, 0xf9, 0x10, 0x4, 0x60, 0xb6,
    0x84, 0x93, 0x41, 0x5a, 0x0, 0xca, 0x42, 0x34,
    0x8d, 0xb3, 0x0, 0x70, 0x82, 0x5e, 0xdb, 0x4,
    0xa9, 0xe0, 0x82, 0xde, 0xe5, 0xb9, 0x0, 0x80,
    0xb, 0xdc, 0x80, 0x4, 0xda, 0xc0, 0x3, 0xe9,
    0x41, 0x0, 0xa, 0x46, 0xb0, 0x0,

    /* U+00E7 "ç" */
    0x0, 0xc7, 0x3b, 0xfe, 0xdb, 0x61, 0x0, 0xa7,
    0x18, 0x80, 0x4, 0x93, 0x60, 0xa, 0x60, 0x18,
    0xbc, 0xb8, 0x20, 0x3, 0x28, 0x1f, 0x3a, 0x1a,
    0x3e, 0xd8, 0x58, 0xe, 0x80, 0x7c, 0x24, 0x40,
    0x71, 0x0, 0xfc, 0xe0, 0xc, 0x0, 0xfe, 0x30,
    0x3, 0x0, 0x7f, 0xf2, 0x8c, 0x0, 0xc0, 0x1f,
    0xce, 0x0, 0xc0, 0xf, 0xe2, 0x20, 0x38, 0x80,
    0x7f, 0x40, 0xd, 0x0, 0x7c, 0x20, 0xaa, 0x4,
    0xe7, 0x33, 0x23, 0xe5, 0x80, 0x29, 0x80, 0x63,
    0x31, 0x70, 0x60, 0x1a, 0x71, 0x88, 0x2, 0x49,
    0xb0, 0xc, 0x73, 0xbc, 0x9, 0x6c, 0x20, 0x1f,
    0xb, 0x21, 0x80, 0x7f, 0xb0, 0x2c, 0x3, 0xe1,
    0x0, 0x68, 0x7, 0xe1, 0xec, 0xc3, 0x86, 0x0,
    0x78, 0x4c, 0xe2, 0x94, 0x0, 0x0,

    /* U+00E8 "è" */
    0x0, 0x92, 0x1c, 0x3, 0xff, 0x80, 0xad, 0x12,
    0x1, 0xff, 0xe, 0x83, 0x28, 0x7, 0xfc, 0x74,
    0x16, 0x20, 0x1f, 0xf2, 0xb8, 0xd0, 0x7, 0xff,
    0x2, 0x11, 0xc, 0x1, 0xff, 0xc0, 0xbf, 0x60,
    0xf, 0xfe, 0x61, 0xce, 0xff, 0xb6, 0x4c, 0x3,
    0xd3, 0x8c, 0x40, 0x2, 0x6c, 0x80, 0xd, 0x4c,
    0x7, 0x37, 0x92, 0x40, 0xee, 0x0, 0x2a, 0x82,
    0x71, 0x90, 0xdb, 0x50, 0x20, 0x42, 0x41, 0x58,
    0x3, 0xd4, 0x0, 0x71, 0x30, 0xf0, 0xf, 0x84,
    0x83, 0xd0, 0x1, 0x5f, 0xff, 0x88, 0x8, 0xc0,
    0x3f, 0xf8, 0xb9, 0xff, 0xfe, 0xb3, 0x0, 0x28,
    0x7, 0xfc, 0xe0, 0xc, 0x0, 0xff, 0x88, 0x80,
    0xa4, 0x1, 0xff, 0x40, 0x3, 0xc4, 0x3, 0xe6,
    0x10, 0x56, 0x2, 0xe8, 0x43, 0x32, 0xcf, 0x49,
    0x80, 0x25, 0xc0, 0xf, 0x79, 0x8a, 0x61, 0x0,
    0xe8, 0xd7, 0x31, 0x0, 0x12, 0xcf, 0x10,

    /* U+00E9 "é" */
    0x0, 0xfe, 0x38, 0x81, 0x0, 0x7f, 0xdc, 0xe6,
    0x40, 0x1f, 0xe9, 0x22, 0x58, 0x7, 0xf9, 0x18,
    0x7c, 0x3, 0xfc, 0x34, 0x14, 0x40, 0x1f, 0xeb,
    0x18, 0x40, 0xf, 0xfa, 0xbd, 0xc0, 0x3f, 0xf9,
    0xa7, 0x3b, 0xfe, 0xd9, 0x30, 0xf, 0x4e, 0x31,
    0x0, 0x9, 0xb2, 0x0, 0x35, 0x30, 0x1c, 0xde,
    0x49, 0x3, 0xb8, 0x0, 0xaa, 0x9, 0xc6, 0x43,
    0x6d, 0x40, 0x81, 0x9, 0x5, 0x60, 0xf, 0x50,
    0x1, 0xc4, 0xc3, 0xc0, 0x3e, 0x12, 0xf, 0x40,
    0x5, 0x7f, 0xfe, 0x20, 0x23, 0x0, 0xff, 0xe2,
    0xe7, 0xff, 0xfa, 0xcc, 0x0, 0xa0, 0x1f, 0xf3,
    0x80, 0x30, 0x3, 0xfe, 0x22, 0x2, 0x90, 0x7,
    0xfd, 0x0, 0xf, 0x10, 0xf, 0x98, 0x41, 0x58,
    0xb, 0xa1, 0xc, 0xcb, 0x3d, 0x26, 0x0, 0x97,
    0x0, 0x3d, 0xe6, 0x29, 0x84, 0x3, 0xa3, 0x5c,
    0xc4, 0x0, 0x4b, 0x3c, 0x40,

    /* U+00EA "ê" */
    0x0, 0xf1, 0x43, 0x80, 0x7f, 0xf0, 0x25, 0xe2,
    0x0, 0x1f, 0xe5, 0x42, 0x17, 0x20, 0xf, 0xeb,
    0xf, 0xb0, 0x90, 0xf, 0xd0, 0x30, 0x4a, 0xa4,
    0x50, 0xf, 0x13, 0x9b, 0x80, 0x2c, 0x6c, 0x3,
    0xc5, 0xf8, 0x1, 0xf, 0x70, 0x3, 0xff, 0x94,
    0x73, 0xbf, 0xed, 0x93, 0x0, 0xf4, 0xe3, 0x10,
    0x0, 0x9b, 0x20, 0x3, 0x53, 0x1, 0xcd, 0xe4,
    0x90, 0x3b, 0x80, 0xa, 0xa0, 0x9c, 0x64, 0x36,
    0xd4, 0x8, 0x10, 0x90, 0x56, 0x0, 0xf5, 0x0,
    0x1c, 0x4c, 0x3c, 0x3, 0xe1, 0x20, 0xf4, 0x0,
    0x57, 0xff, 0xe2, 0x2, 0x30, 0xf, 0xfe, 0x2e,
    0x7f, 0xff, 0xac, 0xc0, 0xa, 0x1, 0xff, 0x38,
    0x3, 0x0, 0x3f, 0xe2, 0x20, 0x29, 0x0, 0x7f,
    0xd0, 0x0, 0xf1, 0x0, 0xf9, 0x84, 0x15, 0x80,
    0xba, 0x10, 0xcc, 0xb3, 0xd2, 0x60, 0x9, 0x70,
    0x3, 0xde, 0x62, 0x98, 0x40, 0x3a, 0x35, 0xcc,
    0x40, 0x4, 0xb3, 0xc4,

    /* U+00EB "ë" */
    0x0, 0x8b, 0xfd, 0x20, 0xd, 0xff, 0x0, 0x7f,
    0xf2, 0x88, 0x9c, 0x0, 0x72, 0x30, 0xf, 0x16,
    0xe9, 0xc0, 0x15, 0xb8, 0x1, 0xff, 0xd9, 0x39,
    0xdf, 0xf6, 0xc9, 0x80, 0x7a, 0x71, 0x88, 0x0,
    0x4d, 0x90, 0x1, 0xa9, 0x80, 0xe6, 0xf2, 0x48,
    0x1d, 0xc0, 0x5, 0x50, 0x4e, 0x32, 0x1b, 0x6a,
    0x4, 0x8, 0x48, 0x2b, 0x0, 0x7a, 0x80, 0xe,
    0x26, 0x1e, 0x1, 0xf0, 0x90, 0x7a, 0x0, 0x2b,
    0xff, 0xf1, 0x1, 0x18, 0x7, 0xff, 0x17, 0x3f,
    0xff, 0xd6, 0x60, 0x5, 0x0, 0xff, 0x9c, 0x1,
    0x80, 0x1f, 0xf1, 0x10, 0x14, 0x80, 0x3f, 0xe8,
    0x0, 0x78, 0x80, 0x7c, 0xc2, 0xa, 0xc0, 0x5d,
    0x8, 0x66, 0x59, 0xe9, 0x30, 0x4, 0xb8, 0x1,
    0xef, 0x31, 0x4c, 0x20, 0x1d, 0x1a, 0xe6, 0x20,
    0x2, 0x59, 0xe2,

    /* U+00EC "ì" */
    0x6f, 0xf2, 0x0, 0x4c, 0xc0, 0xa1, 0x0, 0xa5,
    0x6, 0xc0, 0x35, 0x12, 0xa8, 0x2, 0x1f, 0xa,
    0x10, 0x8, 0xad, 0xd4, 0x3, 0x24, 0x20, 0x4,
    0xbf, 0xe2, 0x0, 0xff, 0xff, 0x80, 0x7f, 0xf4,
    0x80,

    /* U+00ED "í" */
    0x0, 0xd1, 0xfe, 0x20, 0x9, 0x1c, 0x2c, 0x80,
    0x2a, 0x8, 0x40, 0xa, 0x85, 0x5c, 0x2, 0x55,
    0x15, 0x0, 0x63, 0x7f, 0x0, 0xe6, 0x82, 0x0,
    0xe5, 0xff, 0x10, 0x7, 0xff, 0xfc, 0x3, 0xff,
    0xc8,

    /* U+00EE "î" */
    0x0, 0x9b, 0xfc, 0x60, 0x1c, 0x30, 0x0, 0xf0,
    0xe, 0xb1, 0x84, 0x36, 0x0, 0x91, 0x4d, 0xe8,
    0x64, 0x40, 0x12, 0x1c, 0x3, 0x61, 0x60, 0x4b,
    0x64, 0x0, 0x59, 0xd0, 0x28, 0x40, 0xc, 0xce,
    0x1, 0x97, 0xfc, 0x40, 0x1f, 0xff, 0xf0, 0xf,
    0xff, 0xf8, 0x4,

    /* U+00EF "ï" */
    0x2f, 0xf4, 0x80, 0x37, 0xfc, 0x1, 0xfe, 0x22,
    0x70, 0x1, 0xc8, 0xcb, 0x74, 0xe0, 0xa, 0xdc,
    0x0, 0xff, 0xe4, 0xaf, 0xf8, 0x80, 0x3f, 0xff,
    0xe0, 0x1f, 0xff, 0x20,

    /* U+00F0 "ð" */
    0x0, 0x93, 0xfd, 0x80, 0x18, 0x94, 0x3, 0x92,
    0x80, 0xec, 0xe3, 0x75, 0x0, 0x1e, 0x55, 0x2,
    0x62, 0xab, 0x34, 0x3, 0x2d, 0x72, 0x88, 0x1,
    0x60, 0xc0, 0x3a, 0xda, 0x77, 0x98, 0x1d, 0x40,
    0x3d, 0xd8, 0xe4, 0x12, 0x81, 0x46, 0x1, 0xf2,
    0xdf, 0x7a, 0x80, 0x34, 0x40, 0x3a, 0xe9, 0x4,
    0x4, 0x0, 0x34, 0x1, 0xb1, 0x0, 0xeb, 0x75,
    0x68, 0x8, 0x80, 0x3, 0x18, 0x2e, 0x29, 0x11,
    0x28, 0x43, 0xc0, 0x16, 0x3, 0x40, 0x1c, 0x2e,
    0x8, 0x24, 0x40, 0x60, 0xf, 0xb0, 0x0, 0x8e,
    0x0, 0xd0, 0xf, 0x9c, 0x0, 0x46, 0x0, 0x60,
    0xf, 0x8c, 0x1, 0xe0, 0x1f, 0xfc, 0x33, 0x0,
    0x30, 0x7, 0xc4, 0x0, 0xf7, 0x0, 0x68, 0x7,
    0xca, 0x0, 0x32, 0x20, 0x30, 0x7, 0xd4, 0x0,
    0x40, 0xb0, 0x1a, 0x0, 0xe7, 0x30, 0x70, 0x3,
    0x20, 0x2e, 0x29, 0xa5, 0x40, 0x14, 0x0, 0x56,
    0x80, 0x75, 0x96, 0xa0, 0x78, 0x1, 0xd7, 0x64,
    0x10, 0x14, 0x9c, 0x10, 0x0,

    /* U+00F1 "ñ" */
    0x0, 0x8f, 0x7a, 0x80, 0x5, 0xf0, 0x1, 0xda,
    0x46, 0xba, 0x4a, 0x1c, 0x1, 0x90, 0x63, 0x5c,
    0xb6, 0x5, 0x80, 0x38, 0xd0, 0x22, 0xd1, 0x70,
    0x3, 0x93, 0xc, 0x0, 0x97, 0x44, 0x1, 0xff,
    0xc5, 0x7f, 0xf0, 0x83, 0x67, 0xfb, 0x5c, 0x3,
    0xc7, 0x92, 0x60, 0x2, 0x8c, 0x0, 0xe9, 0x35,
    0xab, 0x92, 0x3, 0x80, 0xc, 0x95, 0x45, 0x46,
    0xd2, 0x6, 0x0, 0xca, 0xa0, 0xe, 0xa0, 0x12,
    0x0, 0xb8, 0x3, 0xc8, 0x0, 0x70, 0x9, 0x40,
    0x3c, 0x20, 0x1f, 0xfc, 0x43, 0x0, 0xff, 0xff,
    0x80, 0x7f, 0xf6, 0x40,

    /* U+00F2 "ò" */
    0x0, 0x9e, 0x18, 0x3, 0xff, 0x80, 0x6f, 0x28,
    0x1, 0xff, 0x24, 0x5, 0x8, 0x7, 0xfc, 0xea,
    0x34, 0x1, 0xff, 0xc0, 0xa2, 0x46, 0x0, 0xff,
    0xe0, 0x78, 0xc9, 0x0, 0x7f, 0xc5, 0xde, 0x40,
    0x1f, 0xfc, 0xc6, 0xbe, 0xfe, 0xc6, 0x0, 0xf0,
    0xe4, 0xa0, 0x80, 0x9c, 0xe9, 0x0, 0x6c, 0x30,
    0x3a, 0xca, 0x40, 0x2c, 0x10, 0x3, 0x90, 0x36,
    0x29, 0xad, 0xb8, 0xc, 0x0, 0x24, 0x6, 0x40,
    0x3a, 0xc, 0x18, 0x48, 0x41, 0x80, 0x3e, 0xa0,
    0x2, 0x38, 0x3, 0x40, 0x3e, 0x50, 0x1, 0x18,
    0x1, 0x80, 0x3e, 0x20, 0x7, 0x80, 0x7f, 0xf0,
    0xcc, 0x0, 0xc0, 0x1f, 0x18, 0x3, 0xdc, 0x1,
    0xa0, 0x1f, 0x20, 0x0, 0x88, 0x20, 0xc0, 0x1f,
    0x50, 0x1, 0x2, 0x40, 0x64, 0x3, 0x9c, 0xc1,
    0x84, 0x1c, 0x81, 0xad, 0x4d, 0x2a, 0x0, 0x60,
    0x2, 0xc3, 0x4, 0xac, 0xb5, 0x2, 0xc1, 0x0,
    0x87, 0x25, 0x4, 0x4, 0xe3, 0x48, 0x0,

    /* U+00F3 "ó" */
    0x0, 0xfe, 0x58, 0x70, 0xf, 0xf8, 0xe9, 0xc4,
    0x3, 0xfe, 0xe0, 0x66, 0x0, 0x7f, 0xa4, 0x92,
    0x40, 0x3f, 0xca, 0xc5, 0x40, 0x1f, 0xe1, 0xb0,
    0xf1, 0x0, 0xff, 0xf, 0x79, 0x0, 0x7f, 0xf3,
    0x5a, 0xfb, 0xfb, 0x18, 0x3, 0xc3, 0x92, 0x82,
    0x2, 0x73, 0xa4, 0x1, 0xb0, 0xc0, 0xeb, 0x29,
    0x0, 0xb0, 0x40, 0xe, 0x40, 0xd8, 0xa6, 0xb6,
    0xe0, 0x30, 0x0, 0x90, 0x19, 0x0, 0xe8, 0x30,
    0x61, 0x21, 0x6, 0x0, 0xfa, 0x80, 0x8, 0xe0,
    0xd, 0x0, 0xf9, 0x40, 0x4, 0x60, 0x6, 0x0,
    0xf8, 0x80, 0x1e, 0x1, 0xff, 0xc3, 0x30, 0x3,
    0x0, 0x7c, 0x60, 0xf, 0x70, 0x6, 0x80, 0x7c,
    0x80, 0x2, 0x20, 0x83, 0x0, 0x7d, 0x40, 0x4,
    0x9, 0x1, 0x90, 0xe, 0x73, 0x6, 0x10, 0x72,
    0x6, 0xb5, 0x34, 0xa8, 0x1, 0x80, 0xb, 0xc,
    0x12, 0xb2, 0xd4, 0xb, 0x4, 0x2, 0x1c, 0x94,
    0x10, 0x13, 0x8d, 0x20, 0x0,

    /* U+00F4 "ô" */
    0x0, 0xf2, 0x42, 0x80, 0x7f, 0xc3, 0x6f, 0x46,
    0x1, 0xfe, 0xb0, 0x30, 0xf0, 0xf, 0xe4, 0x53,
    0xc5, 0x36, 0x0, 0xfd, 0x21, 0xc1, 0x63, 0x2,
    0x1, 0xe7, 0x28, 0x20, 0x1b, 0x1b, 0x0, 0xf3,
    0xfb, 0x80, 0x4b, 0xf4, 0x1, 0xff, 0xca, 0x6b,
    0xef, 0xec, 0x60, 0xf, 0xe, 0x4a, 0x8, 0x9,
    0xce, 0x90, 0x6, 0xc3, 0x3, 0xac, 0xa4, 0x2,
    0xc1, 0x0, 0x39, 0x3, 0x62, 0x9a, 0xdb, 0x80,
    0xc0, 0x2, 0x40, 0x64, 0x3, 0xa0, 0xc1, 0x84,
    0x84, 0x18, 0x3, 0xea, 0x0, 0x23, 0x80, 0x34,
    0x3, 0xe5, 0x0, 0x11, 0x80, 0x18, 0x3, 0xe2,
    0x0, 0x78, 0x7, 0xff, 0xc, 0xc0, 0xc, 0x1,
    0xf1, 0x80, 0x3d, 0xc0, 0x1a, 0x1, 0xf2, 0x0,
    0x8, 0x82, 0xc, 0x1, 0xf5, 0x0, 0x10, 0x24,
    0x6, 0x40, 0x39, 0xcc, 0x18, 0x41, 0xc8, 0x1a,
    0xd4, 0xd2, 0xa0, 0x6, 0x0, 0x2c, 0x30, 0x4a,
    0xcb, 0x50, 0x2c, 0x10, 0x8, 0x72, 0x50, 0x40,
    0x4e, 0x34, 0x80, 0x0,

    /* U+00F5 "õ" */
    0x0, 0x86, 0xbf, 0xa0, 0x42, 0xfc, 0x3, 0xd0,
    0xa4, 0xf, 0xda, 0x88, 0x0, 0xf2, 0x16, 0xf4,
    0x11, 0xe, 0x40, 0x3d, 0xba, 0x0, 0x3e, 0xfe,
    0x10, 0x7, 0xff, 0x65, 0xaf, 0xbf, 0xb1, 0x80,
    0x3c, 0x39, 0x28, 0x20, 0x27, 0x3a, 0x40, 0x1b,
    0xc, 0xe, 0xb2, 0x90, 0xb, 0x4, 0x0, 0xe4,
    0xd, 0x8a, 0x6b, 0x6e, 0x3, 0x0, 0x9, 0x1,
    0x90, 0xe, 0x83, 0x6, 0x12, 0x10, 0x60, 0xf,
    0xa8, 0x0, 0x8e, 0x0, 0xd0, 0xf, 0x94, 0x0,
    0x46, 0x0, 0x60, 0xf, 0x88, 0x1, 0xe0, 0x1f,
    0xfc, 0x33, 0x0, 0x30, 0x7, 0xc6, 0x0, 0xf7,
    0x0, 0x68, 0x7, 0xc8, 0x0, 0x22, 0x8, 0x30,
    0x7, 0xd4, 0x0, 0x40, 0x90, 0x19, 0x0, 0xe7,
    0x30, 0x61, 0x7, 0x20, 0x6b, 0x53, 0x4a, 0x80,
    0x18, 0x0, 0xb0, 0xc1, 0x2b, 0x2d, 0x40, 0xb0,
    0x40, 0x21, 0xc9, 0x41, 0x1, 0x38, 0xd2, 0x0,
    0x0,

    /* U+00F6 "ö" */
    0x0, 0x9f, 0xfc, 0x80, 0x5f, 0xea, 0x0, 0xff,
    0xe4, 0x89, 0x11, 0xc0, 0xc8, 0xa0, 0xf, 0x36,
    0xe8, 0xc0, 0x77, 0x50, 0x1, 0xff, 0xd9, 0x6b,
    0xef, 0xec, 0x60, 0xf, 0xe, 0x4a, 0x8, 0x9,
    0xce, 0x90, 0x6, 0xc3, 0x3, 0xac, 0xa4, 0x2,
    0xc1, 0x0, 0x39, 0x3, 0x62, 0x9a, 0xdb, 0x80,
    0xc0, 0x2, 0x40, 0x64, 0x3, 0xa0, 0xc1, 0x84,
    0x84, 0x18, 0x3, 0xea, 0x0, 0x23, 0x80, 0x34,
    0x3, 0xe5, 0x0, 0x11, 0x80, 0x18, 0x3, 0xe2,
    0x0, 0x78, 0x7, 0xff, 0xc, 0xc0, 0xc, 0x1,
    0xf1, 0x80, 0x3d, 0xc0, 0x1a, 0x1, 0xf2, 0x0,
    0x8, 0x82, 0xc, 0x1, 0xf5, 0x0, 0x10, 0x24,
    0x6, 0x40, 0x39, 0xcc, 0x18, 0x41, 0xc8, 0x1a,
    0xd4, 0xd2, 0xa0, 0x6, 0x0, 0x2c, 0x30, 0x4a,
    0xcb, 0x50, 0x2c, 0x10, 0x8, 0x72, 0x50, 0x40,
    0x4e, 0x34, 0x80, 0x0,

    /* U+00F7 "÷" */
    0x0, 0xfd, 0xff, 0x30, 0x7, 0xff, 0xa6, 0x62,
    0x8, 0x1, 0xff, 0xc3, 0x67, 0x71, 0x0, 0x7e,
    0x66, 0xff, 0xe2, 0x98, 0x4c, 0xff, 0xf1, 0x6c,
    0x3, 0xff, 0x91, 0xff, 0xff, 0xc5, 0x80, 0xf,
    0xfe, 0x7b, 0x34, 0x40, 0x1f, 0xfc, 0x39, 0x99,
    0x0, 0x3f, 0xfc, 0x20,

    /* U+00F8 "ø" */
    0x0, 0xff, 0xe1, 0x3a, 0x80, 0x79, 0xaf, 0xbf,
    0xad, 0x81, 0x22, 0x0, 0x18, 0x72, 0x50, 0x40,
    0x52, 0x76, 0xc3, 0xc0, 0x36, 0x18, 0x25, 0x65,
    0xa8, 0x10, 0x51, 0x0, 0x4e, 0x40, 0xd6, 0xa6,
    0x94, 0x40, 0xc, 0x0, 0xd2, 0x3, 0x20, 0x1a,
    0x48, 0x80, 0xc0, 0x11, 0x8, 0x30, 0x6, 0x76,
    0x78, 0x0, 0x20, 0x1, 0xc0, 0x1a, 0x1, 0x24,
    0x24, 0x38, 0x0, 0xc0, 0x6, 0x0, 0x60, 0x1,
    0x59, 0x50, 0x18, 0x3, 0xc0, 0x3e, 0x1f, 0xf,
    0x10, 0xf, 0x8c, 0x0, 0xe1, 0xa5, 0x44, 0x0,
    0x20, 0x7, 0x80, 0x1c, 0x1, 0x92, 0x6e, 0xa0,
    0x12, 0x80, 0x8, 0x0, 0x42, 0xe, 0xc9, 0x0,
    0x1a, 0xc0, 0x8, 0x1, 0x48, 0x0, 0x6c, 0x3,
    0x41, 0x2, 0x88, 0x4, 0x80, 0x1, 0xb4, 0x34,
    0xa7, 0x1, 0xb0, 0x8, 0x78, 0xc, 0x12, 0xf2,
    0xd4, 0xb, 0x4, 0x2, 0xa2, 0x8c, 0xa4, 0x10,
    0x13, 0x8d, 0x20, 0xd, 0xec, 0xe0, 0xb7, 0xdf,
    0xd8, 0xe0, 0x1c,

    /* U+00F9 "ù" */
    0x0, 0x34, 0x30, 0x7, 0xfc, 0xaf, 0x2c, 0x1,
    0xfe, 0x39, 0x9, 0x20, 0xf, 0xf3, 0x30, 0x38,
    0x3, 0xfe, 0x94, 0x38, 0x0, 0xff, 0xa8, 0x9c,
    0xc0, 0x3f, 0xc3, 0xbe, 0x60, 0x1f, 0xfc, 0x7a,
    0xfe, 0x0, 0xf9, 0x7f, 0xc6, 0x1, 0xff, 0xff,
    0x0, 0xff, 0xec, 0x98, 0x7, 0xff, 0xc, 0x40,
    0x3e, 0xd0, 0xb, 0x80, 0x4, 0x1, 0xe5, 0x0,
    0x90, 0x1, 0x0, 0x1d, 0x24, 0x1, 0x19, 0x81,
    0x6d, 0x51, 0xb1, 0x90, 0x3, 0x70, 0x82, 0x55,
    0xc9, 0xb7, 0x0, 0x62, 0xf6, 0x20, 0x14, 0xb9,
    0x0, 0xc0,

    /* U+00FA "ú" */
    0x0, 0xfc, 0x90, 0xe0, 0x1f, 0xe2, 0xb7, 0x0,
    0xff, 0xb8, 0x15, 0xc0, 0x3f, 0xa0, 0xca, 0x80,
    0x3f, 0x8d, 0xc7, 0xc0, 0x3f, 0xdc, 0x14, 0x40,
    0x1f, 0xed, 0xf4, 0x0, 0xff, 0xe4, 0x57, 0xf0,
    0x7, 0xcb, 0xfe, 0x30, 0xf, 0xff, 0xf8, 0x7,
    0xff, 0x64, 0xc0, 0x3f, 0xf8, 0x62, 0x1, 0xf6,
    0x80, 0x5c, 0x0, 0x20, 0xf, 0x28, 0x4, 0x80,
    0x8, 0x0, 0xe9, 0x20, 0x8, 0xcc, 0xb, 0x6a,
    0x8d, 0x8c, 0x80, 0x1b, 0x84, 0x12, 0xae, 0x4d,
    0xb8, 0x3, 0x17, 0xb1, 0x0, 0xa5, 0xc8, 0x6,

    /* U+00FB "û" */
    0x0, 0xe3, 0x86, 0x0, 0xff, 0xb5, 0xe5, 0x0,
    0x3f, 0xa0, 0x4c, 0x24, 0x3, 0xf1, 0x38, 0xe3,
    0x14, 0x0, 0x7d, 0xc1, 0x41, 0x24, 0xe4, 0x1,
    0xca, 0x6c, 0x80, 0xe, 0x9, 0x0, 0xe5, 0xf9,
    0x0, 0x8f, 0xec, 0x3, 0xff, 0x8b, 0x5f, 0xc0,
    0x1f, 0x2f, 0xf8, 0xc0, 0x3f, 0xff, 0xe0, 0x1f,
    0xfd, 0x93, 0x0, 0xff, 0xe1, 0x88, 0x7, 0xda,
    0x1, 0x70, 0x0, 0x80, 0x3c, 0xa0, 0x12, 0x0,
    0x20, 0x3, 0xa4, 0x80, 0x23, 0x30, 0x2d, 0xaa,
    0x36, 0x32, 0x0, 0x6e, 0x10, 0x4a, 0xb9, 0x36,
    0xe0, 0xc, 0x5e, 0xc4, 0x2, 0x97, 0x20, 0x18,

    /* U+00FC "ü" */
    0x0, 0x37, 0xf9, 0x80, 0x1f, 0xec, 0x0, 0xff,
    0xe3, 0x91, 0x46, 0x0, 0x22, 0x28, 0x7, 0x26,
    0xe9, 0x40, 0x1b, 0xa9, 0x0, 0xff, 0xe9, 0xd7,
    0xf0, 0x7, 0xcb, 0xfe, 0x30, 0xf, 0xff, 0xf8,
    0x7, 0xff, 0x64, 0xc0, 0x3f, 0xf8, 0x62, 0x1,
    0xf6, 0x80, 0x5c, 0x0, 0x20, 0xf, 0x28, 0x4,
    0x80, 0x8, 0x0, 0xe9, 0x20, 0x8, 0xcc, 0xb,
    0x6a, 0x8d, 0x8c, 0x80, 0x1b, 0x84, 0x12, 0xae,
    0x4d, 0xb8, 0x3, 0x17, 0xb1, 0x0, 0xa5, 0xc8,
    0x6,

    /* U+00FD "ý" */
    0x0, 0xfe, 0x2f, 0xf3, 0x80, 0x7f, 0xf0, 0x3c,
    0x15, 0xc0, 0x3f, 0xe8, 0x22, 0x50, 0x7, 0xfc,
    0x8e, 0x3e, 0x1, 0xff, 0xc0, 0xa0, 0xa2, 0x0,
    0xff, 0x8d, 0xa9, 0x0, 0x3f, 0xf8, 0x7, 0xa,
    0x1, 0xfb, 0xbe, 0xc0, 0x3f, 0xf, 0xfa, 0x1,
    0xc1, 0x4, 0x3, 0xe9, 0x0, 0x50, 0x58, 0x1,
    0x80, 0x3e, 0x50, 0x32, 0x2, 0x30, 0xa0, 0xf,
    0x21, 0x5, 0x0, 0x54, 0x4, 0x60, 0x1d, 0xc0,
    0x6, 0x0, 0x98, 0x1, 0x40, 0x18, 0x54, 0x18,
    0x3, 0x98, 0x18, 0x3, 0x38, 0x2, 0x80, 0x3a,
    0x80, 0xa, 0x1, 0x50, 0x11, 0x80, 0x71, 0x90,
    0x48, 0x0, 0x8c, 0x28, 0x3, 0xeb, 0x3, 0x20,
    0xb0, 0x3, 0x0, 0x7c, 0xe0, 0xa, 0x7, 0x5,
    0x10, 0xf, 0x85, 0x41, 0x94, 0x43, 0x80, 0x3f,
    0xa4, 0x6, 0xc0, 0x50, 0x3, 0xf8, 0xc8, 0x4,
    0x18, 0x3, 0xfe, 0xa0, 0xa, 0x80, 0x3f, 0xe6,
    0x0, 0x19, 0x0, 0x7f, 0xca, 0x0, 0x90, 0xf,
    0xfe, 0x7, 0x0, 0x14, 0x3, 0xfe, 0x25, 0x6,
    0x0, 0xfe, 0x12, 0x4f, 0x0, 0x40, 0x7, 0xf6,
    0xea, 0xc8, 0x20, 0x40, 0x3f, 0xf8, 0x7, 0x4e,
    0x1, 0xf8,

    /* U+00FE "þ" */
    0x7f, 0xf0, 0x80, 0x7f, 0xff, 0xc0, 0x3f, 0xf8,
    0x8f, 0xbf, 0xec, 0x60, 0xf, 0x8f, 0x60, 0x80,
    0x7, 0x36, 0x1, 0xee, 0x25, 0xbd, 0xa3, 0x4,
    0xa0, 0xe, 0x39, 0xa4, 0x25, 0xc4, 0x5, 0x40,
    0xc, 0x6c, 0x1, 0xd4, 0x0, 0xf0, 0xd, 0x40,
    0x1e, 0x14, 0x4, 0x0, 0xca, 0x1, 0xf6, 0x0,
    0x8, 0x2, 0x20, 0xf, 0x84, 0x0, 0x20, 0x1f,
    0xfc, 0x62, 0x0, 0xf8, 0x40, 0x2, 0x1, 0x28,
    0x7, 0xd8, 0x0, 0x20, 0xa, 0x80, 0x3c, 0x28,
    0x8, 0x1, 0x8d, 0x80, 0x3a, 0x80, 0x1e, 0x1,
    0x8e, 0x64, 0x84, 0xb8, 0x80, 0xa8, 0x1, 0xb8,
    0x9a, 0xf6, 0x8c, 0xe, 0x80, 0x38, 0xf6, 0x8,
    0x0, 0x73, 0x80, 0x1f, 0x9f, 0x7f, 0xd8, 0xc0,
    0x1f, 0xff, 0xf0, 0xc,

    /* U+00FF "ÿ" */
    0x0, 0xd9, 0xfe, 0x0, 0x37, 0xf9, 0x40, 0x3f,
    0xf9, 0x6c, 0x44, 0x0, 0x19, 0x10, 0x40, 0x3e,
    0xad, 0xd0, 0x1, 0x77, 0x48, 0x1, 0xff, 0xd8,
    0xef, 0xb0, 0xf, 0xc3, 0xfe, 0x80, 0x70, 0x41,
    0x0, 0xfa, 0x40, 0x14, 0x16, 0x0, 0x60, 0xf,
    0x94, 0xc, 0x80, 0x8c, 0x28, 0x3, 0xc8, 0x41,
    0x40, 0x15, 0x1, 0x18, 0x7, 0x70, 0x1, 0x80,
    0x26, 0x0, 0x50, 0x6, 0x15, 0x6, 0x0, 0xe6,
    0x6, 0x0, 0xce, 0x0, 0xa0, 0xe, 0xa0, 0x2,
    0x80, 0x54, 0x4, 0x60, 0x1c, 0x64, 0x12, 0x0,
    0x23, 0xa, 0x0, 0xfa, 0xc0, 0xc8, 0x2c, 0x0,
    0xc0, 0x1f, 0x38, 0x2, 0x81, 0xc1, 0x44, 0x3,
    0xe1, 0x50, 0x65, 0x10, 0xe0, 0xf, 0xe9, 0x1,
    0xb0, 0x14, 0x0, 0xfe, 0x32, 0x1, 0x6, 0x0,
    0xff, 0xa8, 0x2, 0xa0, 0xf, 0xf9, 0x80, 0x6,
    0x40, 0x1f, 0xf2, 0x80, 0x24, 0x3, 0xff, 0x81,
    0xc0, 0x5, 0x0, 0xff, 0x89, 0x41, 0x80, 0x3f,
    0x84, 0x93, 0xc0, 0x10, 0x1, 0xfd, 0xba, 0xb2,
    0x8, 0x10, 0xf, 0xfe, 0x1, 0xd3, 0x80, 0x7e,

    /* U+0100 "Ā" */
    0x0, 0xe8, 0xff, 0xfa, 0x80, 0x3f, 0xfa, 0x31,
    0xdd, 0xf5, 0x0, 0x7f, 0xc2, 0x3f, 0x0, 0x7f,
    0xf5, 0xb, 0xfe, 0x50, 0xf, 0xfe, 0x15, 0x0,
    0x5c, 0x1, 0xff, 0xc2, 0x60, 0x9, 0x4, 0x3,
    0xff, 0x80, 0x82, 0x12, 0x0, 0x70, 0xf, 0xfe,
    0x7, 0x0, 0xb1, 0x85, 0x0, 0x7f, 0xf0, 0x14,
    0x18, 0x28, 0xc, 0x80, 0x3f, 0xcc, 0x0, 0xa0,
    0x60, 0x5, 0x0, 0x7f, 0xa8, 0x8, 0x80, 0x5,
    0x6, 0x0, 0xfe, 0x23, 0xa, 0x0, 0xb8, 0x5,
    0x0, 0x3f, 0x50, 0x1, 0x80, 0x24, 0x10, 0xe0,
    0xf, 0xcc, 0x8, 0x20, 0x19, 0xc1, 0x44, 0x3,
    0xc8, 0x21, 0xc0, 0x1d, 0x40, 0x7, 0x0, 0xf7,
    0x0, 0x14, 0x3, 0x8c, 0x82, 0x80, 0x3c, 0xa0,
    0xf, 0xff, 0x88, 0xc, 0x80, 0x32, 0x80, 0x7f,
    0xf0, 0x68, 0x3, 0x70, 0xd, 0x57, 0xf1, 0x83,
    0x0, 0x42, 0x80, 0xea, 0xbf, 0xd4, 0x2, 0x80,
    0x6, 0x0, 0x68, 0x7, 0xf3, 0x80, 0x34, 0x1,
    0x40, 0x28, 0x1, 0xfc, 0x26, 0xc, 0x6, 0x40,
    0xe0, 0x1f, 0xf5, 0x80, 0x16, 0x80, 0x1a, 0x1,
    0xff, 0x30, 0x3, 0x80,

    /* U+0101 "ā" */
    0x0, 0xf, 0xff, 0xe1, 0x0, 0xff, 0xe3, 0xf,
    0x77, 0xe1, 0x0, 0xe1, 0x1f, 0xc0, 0x1f, 0xfd,
    0x52, 0x7b, 0xef, 0xf6, 0xd2, 0x0, 0x63, 0xd8,
    0x41, 0x0, 0x12, 0xdc, 0x80, 0x72, 0x45, 0xe5,
    0xc1, 0x3, 0x38, 0x0, 0xba, 0xdd, 0xd, 0x1f,
    0x50, 0x20, 0x0, 0x22, 0x0, 0xfa, 0x40, 0x8,
    0x1, 0xfe, 0x21, 0x3, 0x0, 0x92, 0xb7, 0xff,
    0x84, 0x38, 0x1, 0x76, 0x52, 0x0, 0xfe, 0xa4,
    0x5, 0xbe, 0xff, 0xc2, 0x0, 0x15, 0x6, 0xa4,
    0x10, 0xc, 0x20, 0x5, 0x0, 0x68, 0x7, 0x88,
    0x3, 0xff, 0x83, 0x60, 0x13, 0x0, 0x38, 0x3,
    0x95, 0x80, 0x22, 0x30, 0x5b, 0x42, 0x49, 0xa2,
    0x10, 0xb, 0x84, 0x12, 0xf6, 0xd8, 0xbc, 0x3,
    0x17, 0xb1, 0x0, 0x9c, 0x69, 0x0, 0x40,

    /* U+0102 "Ă" */
    0x0, 0xe5, 0xf4, 0x0, 0xd5, 0xe0, 0x1f, 0xe7,
    0x9, 0x20, 0x3, 0x29, 0x80, 0x7f, 0x89, 0x8b,
    0x7f, 0xd2, 0x1e, 0x1, 0xff, 0x4c, 0x88, 0x5,
    0x30, 0xc0, 0x3f, 0xf8, 0xd, 0xbf, 0xd6, 0x60,
    0x1f, 0xfd, 0x42, 0xff, 0x94, 0x3, 0xff, 0x85,
    0x40, 0x17, 0x0, 0x7f, 0xf0, 0x98, 0x2, 0x41,
    0x0, 0xff, 0xe0, 0x20, 0x84, 0x80, 0x1c, 0x3,
    0xff, 0x81, 0xc0, 0x2c, 0x61, 0x40, 0x1f, 0xfc,
    0x5, 0x6, 0xa, 0x3, 0x20, 0xf, 0xf3, 0x0,
    0x28, 0x18, 0x1, 0x40, 0x1f, 0xea, 0x2, 0x20,
    0x1, 0x41, 0x80, 0x3f, 0x88, 0xc2, 0x80, 0x2e,
    0x1, 0x40, 0xf, 0xd4, 0x0, 0x60, 0x9, 0x4,
    0x38, 0x3, 0xf3, 0x2, 0x8, 0x6, 0x70, 0x51,
    0x0, 0xf2, 0x8, 0x70, 0x7, 0x50, 0x1, 0xc0,
    0x3d, 0xc0, 0x5, 0x0, 0xe3, 0x20, 0xa0, 0xf,
    0x28, 0x3, 0xff, 0xe2, 0x3, 0x20, 0xc, 0xa0,
    0x1f, 0xfc, 0x1a, 0x0, 0xdc, 0x3, 0x55, 0xfc,
    0x60, 0xc0, 0x10, 0xa0, 0x3a, 0xaf, 0xf5, 0x0,
    0xa0, 0x1, 0x80, 0x1a, 0x1, 0xfc, 0xe0, 0xd,
    0x0, 0x50, 0xa, 0x0, 0x7f, 0x9, 0x83, 0x1,
    0x90, 0x38, 0x7, 0xfd, 0x60, 0x5, 0xa0, 0x6,
    0x80, 0x7f, 0xcc, 0x0, 0xe0,

    /* U+0103 "ă" */
    0x0, 0xf, 0xc8, 0x6, 0x6f, 0x30, 0xc, 0x24,
    0xcc, 0x10, 0x48, 0x3, 0x0, 0xe9, 0x9, 0xef,
    0xb1, 0x80, 0xf, 0x26, 0x29, 0x11, 0x2d, 0xc0,
    0x3e, 0x3a, 0xdd, 0x5a, 0x0, 0x7f, 0xf2, 0x9,
    0xef, 0xbf, 0xdb, 0x48, 0x1, 0x8f, 0x61, 0x4,
    0x0, 0x4b, 0x72, 0x1, 0xc9, 0x17, 0x97, 0x4,
    0xc, 0xe0, 0x2, 0xeb, 0x74, 0x34, 0x7d, 0x40,
    0x80, 0x0, 0x88, 0x3, 0xe9, 0x0, 0x20, 0x7,
    0xf8, 0x84, 0xc, 0x2, 0x4a, 0xdf, 0xfe, 0x10,
    0xe0, 0x5, 0xd9, 0x48, 0x3, 0xfa, 0x90, 0x16,
    0xfb, 0xff, 0x8, 0x0, 0x54, 0x1a, 0x90, 0x40,
    0x30, 0x80, 0x14, 0x1, 0xa0, 0x1e, 0x20, 0xf,
    0xfe, 0xd, 0x80, 0x4c, 0x0, 0xe0, 0xe, 0x56,
    0x0, 0x88, 0xc1, 0x6d, 0x9, 0x26, 0x88, 0x40,
    0x2e, 0x10, 0x4b, 0xdb, 0x62, 0xf0, 0xc, 0x5e,
    0xc4, 0x2, 0x71, 0xa4, 0x1, 0x0,

    /* U+0104 "Ą" */
    0x0, 0xf8, 0xbf, 0xe5, 0x0, 0xff, 0xe1, 0xd0,
    0x5, 0xc0, 0x1f, 0xfc, 0x36, 0x0, 0x90, 0x40,
    0x3f, 0xf8, 0x28, 0x20, 0x40, 0x7, 0x0, 0xff,
    0xe0, 0xf0, 0x3, 0xc0, 0x14, 0x1, 0xff, 0xc1,
    0x50, 0x32, 0x50, 0x32, 0x0, 0xff, 0x98, 0x1,
    0x41, 0xc0, 0xa, 0x0, 0xff, 0xa8, 0x0, 0xe0,
    0x82, 0xc, 0x1, 0xfe, 0x23, 0x4, 0x10, 0x3,
    0x0, 0xa0, 0x7, 0xf5, 0x0, 0x38, 0x2, 0xa0,
    0x7, 0x0, 0x7f, 0x30, 0x1, 0x40, 0x22, 0x20,
    0x28, 0x80, 0x7c, 0x82, 0xc, 0x1, 0xd4, 0x0,
    0x70, 0xf, 0xb8, 0x1, 0x40, 0x1c, 0xc0, 0xa,
    0x0, 0xf9, 0x40, 0xc, 0xab, 0xc8, 0x40, 0x64,
    0x1, 0xca, 0x1, 0x55, 0x7c, 0x40, 0xa, 0x0,
    0xee, 0x0, 0xff, 0xe0, 0xb0, 0x6, 0x14, 0x3,
    0xff, 0xfe, 0x50, 0x14, 0x0, 0x98, 0x1, 0x40,
    0x1f, 0xdc, 0x0, 0xd0, 0xa, 0x80, 0xe, 0x1,
    0xfc, 0x82, 0xc, 0x0, 0x32, 0x5, 0x10, 0xf,
    0xf3, 0x0, 0x14, 0x28, 0x1, 0xc0, 0x1f, 0xf5,
    0x0, 0x38, 0x27, 0xfc, 0x80, 0x1f, 0xf0, 0x84,
    0x58, 0x7, 0xff, 0x13, 0x85, 0xc0, 0x3f, 0xf8,
    0x86, 0x4e, 0x1, 0xff, 0xc5, 0x70, 0x20, 0xf,
    0xfe, 0x2a, 0x82, 0x6e, 0x58, 0x7, 0xff, 0x8,
    0x6c, 0xc8, 0xc8,

    /* U+0105 "ą" */
    0x0, 0x13, 0xdf, 0x7f, 0xb6, 0x90, 0x3, 0x8f,
    0x61, 0x4, 0x0, 0x4b, 0x72, 0x1, 0xe2, 0x7b,
    0xcb, 0x81, 0x6, 0x70, 0x8, 0x6b, 0x61, 0xd,
    0x1f, 0xc8, 0x20, 0x2, 0x25, 0x0, 0xf0, 0xc0,
    0x1, 0x0, 0x3f, 0xe5, 0x0, 0x18, 0x7, 0xff,
    0x0, 0x43, 0x80, 0x33, 0x56, 0xff, 0xf0, 0x80,
    0x62, 0xd9, 0x52, 0x0, 0xff, 0x71, 0x3, 0xe7,
    0x7f, 0xe1, 0x0, 0x88, 0xc2, 0x20, 0x62, 0x1,
    0x84, 0x2, 0x60, 0x2, 0x0, 0x79, 0x40, 0x33,
    0x80, 0x2c, 0x3, 0x8a, 0xc0, 0x31, 0x88, 0x3c,
    0xa1, 0x24, 0x68, 0x7, 0xa8, 0x0, 0xd7, 0xb6,
    0xe3, 0x82, 0x1, 0x93, 0x58, 0x40, 0x4, 0xfe,
    0x40, 0x1e, 0x29, 0xef, 0xf6, 0xc0, 0x98, 0xc4,
    0x80, 0x7f, 0xdc, 0x2e, 0x1, 0xff, 0x19, 0x38,
    0x7, 0xff, 0x1, 0xc0, 0x80, 0x2, 0x1, 0xfc,
    0xa0, 0x9b, 0x94, 0x1, 0xfc, 0x36, 0x64, 0x64,

    /* U+0106 "Ć" */
    0x0, 0xff, 0x3f, 0xf0, 0x80, 0x7f, 0xf0, 0x4a,
    0x3, 0x44, 0x3, 0xff, 0x83, 0xc1, 0x6, 0x1,
    0xff, 0xc1, 0x73, 0x57, 0x0, 0xff, 0xe1, 0x3f,
    0xd0, 0x7, 0xff, 0x4d, 0x27, 0x7b, 0xfb, 0x65,
    0x0, 0x3e, 0x4d, 0xb6, 0x21, 0x1, 0x26, 0xbd,
    0x50, 0xc, 0xd6, 0x40, 0x2d, 0x35, 0x2e, 0x60,
    0x54, 0x1, 0x24, 0x80, 0x23, 0xa5, 0x95, 0xa3,
    0x35, 0x0, 0x35, 0x0, 0x29, 0xc0, 0x3e, 0x2b,
    0x80, 0x3, 0x88, 0x32, 0x80, 0x7f, 0x9c, 0x1,
    0x40, 0xb, 0x0, 0xff, 0xe0, 0x89, 0x1, 0x10,
    0x3, 0xff, 0x82, 0xa0, 0x7, 0x0, 0xff, 0xe1,
    0x8, 0x0, 0x80, 0x3f, 0xf8, 0x46, 0x0, 0xf0,
    0xf, 0xfe, 0x11, 0x80, 0x3c, 0x3, 0xff, 0x84,
    0x20, 0x2, 0x0, 0xff, 0xe1, 0x28, 0x1, 0xc0,
    0x3f, 0xf8, 0x42, 0x40, 0x44, 0x0, 0xff, 0xe1,
    0x50, 0x2, 0xc0, 0x3f, 0xf8, 0x4e, 0x20, 0xca,
    0x1, 0xfe, 0x70, 0xa, 0x80, 0x14, 0xe0, 0x1f,
    0x15, 0xc0, 0x4, 0x92, 0x0, 0x8e, 0x96, 0x56,
    0x8c, 0xd4, 0x0, 0xe6, 0xb2, 0x1, 0x69, 0xa9,
    0x73, 0x2, 0xa0, 0xe, 0x4d, 0xb6, 0x21, 0x1,
    0x26, 0xbd, 0x50,

    /* U+0107 "ć" */
    0x0, 0xfe, 0x38, 0x81, 0x0, 0x7f, 0x73, 0x91,
    0x0, 0x3f, 0x49, 0x12, 0x80, 0x3f, 0x23, 0xf,
    0x80, 0x7e, 0x1a, 0xa, 0x20, 0xf, 0xd4, 0x32,
    0x80, 0x1f, 0xd7, 0xec, 0x1, 0xff, 0xc9, 0x39,
    0xdf, 0xf6, 0xdb, 0x8, 0x5, 0x38, 0xc4, 0x0,
    0x24, 0x9b, 0x0, 0x53, 0x0, 0xc5, 0xe5, 0xc1,
    0x0, 0x19, 0x40, 0xf9, 0xd0, 0xd1, 0xf6, 0xc2,
    0xc0, 0x74, 0x3, 0xe1, 0x22, 0x3, 0x88, 0x7,
    0xe7, 0x0, 0x60, 0x7, 0xf1, 0x80, 0x18, 0x3,
    0xff, 0x94, 0x60, 0x6, 0x0, 0xfe, 0x70, 0x6,
    0x0, 0x7f, 0x11, 0x1, 0xc4, 0x3, 0xfa, 0x0,
    0x68, 0x3, 0xe1, 0x5, 0x50, 0x27, 0x39, 0x99,
    0x1f, 0x2c, 0x1, 0x4c, 0x3, 0x19, 0x8b, 0x83,
    0x0, 0xd3, 0x8c, 0x40, 0x2, 0x49, 0xb0,

    /* U+0108 "Ĉ" */
    0x0, 0xfc, 0x5f, 0xf1, 0x80, 0x7f, 0xf0, 0x78,
    0x18, 0x38, 0x3, 0xff, 0x81, 0x6, 0xf3, 0x5,
    0x20, 0x1f, 0xe4, 0x75, 0x80, 0x76, 0x62, 0x80,
    0x7f, 0x27, 0xd0, 0x5, 0x3e, 0xa0, 0x1f, 0xfc,
    0xf4, 0x9d, 0xef, 0xed, 0x94, 0x0, 0xf9, 0x36,
    0xd8, 0x84, 0x4, 0x9a, 0xf5, 0x40, 0x33, 0x59,
    0x0, 0xb4, 0xd4, 0xb9, 0x81, 0x50, 0x4, 0x92,
    0x0, 0x8e, 0x96, 0x56, 0x8c, 0xd4, 0x0, 0xd4,
    0x0, 0xa7, 0x0, 0xf8, 0xae, 0x0, 0xe, 0x20,
    0xca, 0x1, 0xfe, 0x70, 0x5, 0x0, 0x2c, 0x3,
    0xff, 0x82, 0x24, 0x4, 0x40, 0xf, 0xfe, 0xa,
    0x80, 0x1c, 0x3, 0xff, 0x84, 0x20, 0x2, 0x0,
    0xff, 0xe1, 0x18, 0x3, 0xc0, 0x3f, 0xf8, 0x46,
    0x0, 0xf0, 0xf, 0xfe, 0x10, 0x80, 0x8, 0x3,
    0xff, 0x84, 0xa0, 0x7, 0x0, 0xff, 0xe1, 0x9,
    0x1, 0x10, 0x3, 0xff, 0x85, 0x40, 0xb, 0x0,
    0xff, 0xe1, 0x38, 0x83, 0x28, 0x7, 0xf9, 0xc0,
    0x2a, 0x0, 0x53, 0x80, 0x7c, 0x57, 0x0, 0x12,
    0x48, 0x2, 0x3a, 0x59, 0x5a, 0x33, 0x50, 0x3,
    0x9a, 0xc8, 0x5, 0xa6, 0xa5, 0xcc, 0xa, 0x80,
    0x39, 0x36, 0xd8, 0x84, 0x4, 0x9a, 0xf5, 0x40,

    /* U+0109 "ĉ" */
    0x0, 0xf9, 0xe0, 0xc0, 0x3f, 0x9a, 0x1f, 0x80,
    0x3f, 0xc, 0x1, 0x93, 0x80, 0x7d, 0x2, 0xfa,
    0x30, 0x20, 0x1c, 0x6c, 0x70, 0x36, 0x14, 0x1,
    0xde, 0x1c, 0x0, 0x55, 0x22, 0x0, 0x36, 0x79,
    0x0, 0x55, 0xe8, 0x1, 0xff, 0xc5, 0x39, 0xdf,
    0xf6, 0xdb, 0x8, 0x5, 0x38, 0xc4, 0x0, 0x24,
    0x9b, 0x0, 0x53, 0x0, 0xc5, 0xe5, 0xc1, 0x0,
    0x19, 0x40, 0xf9, 0xd0, 0xd1, 0xf6, 0xc2, 0xc0,
    0x74, 0x3, 0xe1, 0x22, 0x3, 0x88, 0x7, 0xe7,
    0x0, 0x60, 0x7, 0xf1, 0x80, 0x18, 0x3, 0xff,
    0x94, 0x60, 0x6, 0x0, 0xfe, 0x70, 0x6, 0x0,
    0x7f, 0x11, 0x1, 0xc4, 0x3, 0xfa, 0x0, 0x68,
    0x3, 0xe1, 0x5, 0x50, 0x27, 0x39, 0x99, 0x1f,
    0x2c, 0x1, 0x4c, 0x3, 0x19, 0x8b, 0x83, 0x0,
    0xd3, 0x8c, 0x40, 0x2, 0x49, 0xb0,

    /* U+010A "Ċ" */
    0x0, 0xfe, 0xbd, 0xc0, 0xf, 0xfe, 0x1b, 0x11,
    0x80, 0x7f, 0xf5, 0x77, 0xfc, 0x1, 0xff, 0xe4,
    0x49, 0xde, 0xfe, 0xd9, 0x40, 0xf, 0x93, 0x6d,
    0x88, 0x40, 0x49, 0xaf, 0x54, 0x3, 0x35, 0x90,
    0xb, 0x4d, 0x4b, 0x98, 0x15, 0x0, 0x49, 0x20,
    0x8, 0xe9, 0x65, 0x68, 0xcd, 0x40, 0xd, 0x40,
    0xa, 0x70, 0xf, 0x8a, 0xe0, 0x0, 0xe2, 0xc,
    0xa0, 0x1f, 0xe7, 0x0, 0x50, 0x2, 0xc0, 0x3f,
    0xf8, 0x22, 0x40, 0x44, 0x0, 0xff, 0xe0, 0xa8,
    0x1, 0xc0, 0x3f, 0xf8, 0x42, 0x0, 0x20, 0xf,
    0xfe, 0x11, 0x80, 0x3c, 0x3, 0xff, 0x84, 0x60,
    0xf, 0x0, 0xff, 0xe1, 0x8, 0x0, 0x80, 0x3f,
    0xf8, 0x4a, 0x0, 0x70, 0xf, 0xfe, 0x10, 0x90,
    0x11, 0x0, 0x3f, 0xf8, 0x54, 0x0, 0xb0, 0xf,
    0xfe, 0x13, 0x88, 0x32, 0x80, 0x7f, 0x9c, 0x2,
    0xa0, 0x5, 0x38, 0x7, 0xc5, 0x70, 0x1, 0x24,
    0x80, 0x23, 0xa5, 0x95, 0xa3, 0x35, 0x0, 0x39,
    0xac, 0x80, 0x5a, 0x6a, 0x5c, 0xc0, 0xa8, 0x3,
    0x93, 0x6d, 0x88, 0x40, 0x49, 0xaf, 0x54, 0x0,

    /* U+010B "ċ" */
    0x0, 0xfb, 0xfc, 0xe0, 0x1f, 0xfd, 0x8b, 0xb3,
    0x0, 0x7f, 0x91, 0x2, 0x1, 0xff, 0xc8, 0x39,
    0xdf, 0xf6, 0xdb, 0x8, 0x5, 0x38, 0xc4, 0x0,
    0x24, 0x9b, 0x0, 0x53, 0x0, 0xc5, 0xe5, 0xc1,
    0x0, 0x19, 0x40, 0xf9, 0xd0, 0xd1, 0xf6, 0xc2,
    0xc0, 0x74, 0x3, 0xe1, 0x22, 0x3, 0x88, 0x7,
    0xe7, 0x0, 0x60, 0x7, 0xf1, 0x80, 0x18, 0x3,
    0xff, 0x94, 0x60, 0x6, 0x0, 0xfe, 0x70, 0x6,
    0x0, 0x7f, 0x11, 0x1, 0xc4, 0x3, 0xfa, 0x0,
    0x68, 0x3, 0xe1, 0x5, 0x50, 0x27, 0x39, 0x99,
    0x1f, 0x2c, 0x1, 0x4c, 0x3, 0x19, 0x8b, 0x83,
    0x0, 0xd3, 0x8c, 0x40, 0x2, 0x49, 0xb0,

    /* U+010C "Č" */
    0x0, 0xf5, 0xfa, 0x0, 0xb, 0xb4, 0x3, 0xfd,
    0x43, 0x64, 0x1e, 0x3c, 0x1, 0xfe, 0x1a, 0xf,
    0xb2, 0x83, 0x0, 0xff, 0x91, 0xc9, 0xd, 0xc0,
    0x3f, 0xf8, 0x31, 0xfe, 0xc0, 0xf, 0xfe, 0x92,
    0x4e, 0xf7, 0xf6, 0xca, 0x0, 0x7c, 0x9b, 0x6c,
    0x42, 0x2, 0x4d, 0x7a, 0xa0, 0x19, 0xac, 0x80,
    0x5a, 0x6a, 0x5c, 0xc0, 0xa8, 0x2, 0x49, 0x0,
    0x47, 0x4b, 0x2b, 0x46, 0x6a, 0x0, 0x6a, 0x0,
    0x53, 0x80, 0x7c, 0x57, 0x0, 0x7, 0x10, 0x65,
    0x0, 0xff, 0x38, 0x2, 0x80, 0x16, 0x1, 0xff,
    0xc1, 0x12, 0x2, 0x20, 0x7, 0xff, 0x5, 0x40,
    0xe, 0x1, 0xff, 0xc2, 0x10, 0x1, 0x0, 0x7f,
    0xf0, 0x8c, 0x1, 0xe0, 0x1f, 0xfc, 0x23, 0x0,
    0x78, 0x7, 0xff, 0x8, 0x40, 0x4, 0x1, 0xff,
    0xc2, 0x50, 0x3, 0x80, 0x7f, 0xf0, 0x84, 0x80,
    0x88, 0x1, 0xff, 0xc2, 0xa0, 0x5, 0x80, 0x7f,
    0xf0, 0x9c, 0x41, 0x94, 0x3, 0xfc, 0xe0, 0x15,
    0x0, 0x29, 0xc0, 0x3e, 0x2b, 0x80, 0x9, 0x24,
    0x1, 0x1d, 0x2c, 0xad, 0x19, 0xa8, 0x1, 0xcd,
    0x64, 0x2, 0xd3, 0x52, 0xe6, 0x5, 0x40, 0x1c,
    0x9b, 0x6c, 0x42, 0x2, 0x4d, 0x7a, 0xa0,

    /* U+010D "č" */
    0x0, 0x8a, 0x10, 0x3, 0x33, 0x80, 0x62, 0x5b,
    0x20, 0x2, 0xce, 0x80, 0x74, 0x87, 0x0, 0xd8,
    0xd8, 0x7, 0x22, 0x9b, 0xd0, 0xc0, 0x80, 0x7a,
    0xc2, 0x10, 0xd8, 0x3, 0xe1, 0x80, 0x7, 0x80,
    0x7f, 0x3f, 0xf8, 0xc0, 0x3f, 0xf9, 0x7, 0x3b,
    0xfe, 0xdb, 0x61, 0x0, 0xa7, 0x18, 0x80, 0x4,
    0x93, 0x60, 0xa, 0x60, 0x18, 0xbc, 0xb8, 0x20,
    0x3, 0x28, 0x1f, 0x3a, 0x1a, 0x3e, 0xd8, 0x58,
    0xe, 0x80, 0x7c, 0x24, 0x40, 0x71, 0x0, 0xfc,
    0xe0, 0xc, 0x0, 0xfe, 0x30, 0x3, 0x0, 0x7f,
    0xf2, 0x8c, 0x0, 0xc0, 0x1f, 0xce, 0x0, 0xc0,
    0xf, 0xe2, 0x20, 0x38, 0x80, 0x7f, 0x40, 0xd,
    0x0, 0x7c, 0x20, 0xaa, 0x4, 0xe7, 0x33, 0x23,
    0xe5, 0x80, 0x29, 0x80, 0x63, 0x31, 0x70, 0x60,
    0x1a, 0x71, 0x88, 0x0, 0x49, 0x36,

    /* U+010E "Ď" */
    0x0, 0xca, 0xe2, 0x1, 0x2b, 0x88, 0x7, 0xf3,
    0xc6, 0x8, 0x3d, 0x70, 0x80, 0x7f, 0x15, 0x96,
    0x3c, 0x24, 0x80, 0x7f, 0xc9, 0x5, 0x5, 0x40,
    0x1f, 0xfc, 0x17, 0xff, 0x68, 0x80, 0x7f, 0xf3,
    0x53, 0xff, 0xdd, 0xcc, 0x95, 0x0, 0xff, 0xe0,
    0x88, 0x8d, 0xab, 0xe0, 0x3, 0xe5, 0xaa, 0xd2,
    0xc4, 0x0, 0x7d, 0x20, 0xe, 0x25, 0x5c, 0xd3,
    0xb8, 0x40, 0x5e, 0x20, 0x1f, 0xfc, 0x3, 0xd3,
    0x2, 0x80, 0xf, 0xfe, 0x16, 0x80, 0x18, 0x40,
    0x3f, 0xf8, 0x22, 0xa0, 0x7, 0x0, 0xff, 0xe1,
    0x78, 0x3, 0xc0, 0x3f, 0xf8, 0x4e, 0x0, 0x50,
    0xf, 0xfe, 0x11, 0x80, 0x4, 0x3, 0xff, 0x84,
    0x20, 0x3, 0x0, 0xff, 0xe1, 0x8, 0x0, 0xc0,
    0x3f, 0xf8, 0x46, 0x0, 0x10, 0xf, 0xfe, 0x13,
    0x80, 0x14, 0x3, 0xff, 0x85, 0xe0, 0xc, 0x0,
    0xff, 0xe0, 0x8a, 0x80, 0x10, 0x3, 0xff, 0x83,
    0xa0, 0x6, 0x10, 0xf, 0xf8, 0xf4, 0xc0, 0xa0,
    0x3, 0x12, 0xae, 0x69, 0xdc, 0x20, 0x2f, 0x10,
    0xc, 0xb5, 0x5a, 0x58, 0x80, 0xf, 0xa4, 0x1,
    0xfe, 0x13, 0x6a, 0xf8, 0x0, 0xc0,

    /* U+010F "ď" */
    0x0, 0xff, 0x93, 0xfc, 0x60, 0xbf, 0xe5, 0x0,
    0xff, 0xe2, 0x68, 0x1, 0x40, 0x3f, 0xf8, 0x86,
    0x8, 0x1, 0xff, 0xc5, 0x60, 0xd0, 0xf, 0xfe,
    0x29, 0x2, 0x0, 0x7f, 0xf1, 0x6e, 0xc4, 0x1,
    0xd1, 0xbf, 0xd8, 0xc0, 0x1e, 0x44, 0x0, 0x62,
    0xd7, 0x20, 0x13, 0x9b, 0x0, 0xff, 0xbc, 0x81,
    0x6f, 0x69, 0x11, 0x0, 0x1f, 0xce, 0x41, 0x14,
    0x84, 0xb6, 0xa6, 0x1, 0xfd, 0x20, 0x4e, 0x1,
    0xd4, 0x20, 0x1f, 0x88, 0x42, 0x80, 0x3e, 0x70,
    0xf, 0xce, 0x0, 0x30, 0xf, 0xbc, 0x3, 0xf1,
    0x80, 0x18, 0x3, 0xe2, 0x0, 0xff, 0xe3, 0x88,
    0x7, 0xe3, 0x0, 0x30, 0x7, 0xc6, 0x1, 0xf9,
    0xc0, 0x6, 0x1, 0xf7, 0x80, 0x7e, 0x21, 0xa,
    0x0, 0xf9, 0xc0, 0x3f, 0x98, 0x9, 0xc0, 0x3a,
    0x84, 0x3, 0xfa, 0x8, 0x22, 0x90, 0x92, 0xd4,
    0xc0, 0x3f, 0xde, 0x20, 0xb7, 0xb6, 0x88, 0x80,
    0xf, 0xf1, 0x73, 0x90, 0x9, 0xcd, 0x80, 0x7f,
    0x0,

    /* U+0110 "Đ" */
    0x0, 0xf, 0xff, 0xdd, 0x92, 0xc2, 0x1, 0xff,
    0xc4, 0x13, 0x69, 0xe9, 0x10, 0xf, 0xe3, 0xaa,
    0xd2, 0xe6, 0x0, 0x6f, 0x30, 0xf, 0xcc, 0xab,
    0x9a, 0x33, 0x6, 0x3, 0xa4, 0x1, 0xff, 0xc3,
    0x3c, 0x50, 0x19, 0x0, 0xff, 0xe2, 0xd0, 0x82,
    0x18, 0x7, 0xff, 0x15, 0x80, 0x16, 0x1, 0xff,
    0xc5, 0xb0, 0x2, 0x0, 0x7f, 0xf1, 0x4c, 0x0,
    0x41, 0xbf, 0xc0, 0x5, 0xff, 0xc8, 0x1, 0xf8,
    0x40, 0x3f, 0xf8, 0xc2, 0x1, 0x6f, 0xf0, 0x1,
    0x7f, 0xf2, 0x0, 0x78, 0x40, 0x3f, 0xf9, 0x42,
    0x1, 0xff, 0xc5, 0x30, 0x1, 0x0, 0x7f, 0xf1,
    0x6c, 0x0, 0x80, 0x1f, 0xfc, 0x56, 0x0, 0x58,
    0x7, 0xff, 0x12, 0x84, 0x10, 0xc0, 0x3f, 0xf8,
    0x45, 0x8a, 0x3, 0x20, 0x1f, 0x32, 0xae, 0x68,
    0xcd, 0x30, 0x1d, 0x20, 0xf, 0x8e, 0xab, 0x4b,
    0x98, 0x1, 0x7c, 0xc0, 0x3f, 0xf8, 0x22, 0x6d,
    0x3d, 0x42, 0x1, 0x80,

    /* U+0111 "đ" */
    0x0, 0xff, 0x93, 0xfc, 0x60, 0x1f, 0xfc, 0xeb,
    0xff, 0xac, 0x1, 0x9e, 0xa0, 0x1f, 0x1a, 0x24,
    0x60, 0x3, 0x41, 0x0, 0xfa, 0x2e, 0xe8, 0x0,
    0x7d, 0xa0, 0x7, 0xff, 0x26, 0x37, 0xfb, 0x18,
    0x3, 0xf8, 0xb5, 0xc8, 0x4, 0xe6, 0xc0, 0x3f,
    0x79, 0x2, 0xde, 0xd2, 0x22, 0x0, 0x3c, 0xe4,
    0x11, 0x48, 0x4b, 0x6a, 0x60, 0x1e, 0x90, 0x27,
    0x0, 0xea, 0x10, 0xe, 0x21, 0xa, 0x0, 0xf9,
    0xc0, 0x39, 0xc0, 0x6, 0x1, 0xf7, 0x80, 0x71,
    0x80, 0x18, 0x3, 0xe2, 0x0, 0xff, 0xe2, 0x8,
    0x7, 0x18, 0x1, 0x80, 0x3e, 0x30, 0xe, 0x70,
    0x1, 0x80, 0x7d, 0xe0, 0x1c, 0x42, 0x14, 0x1,
    0xf3, 0x80, 0x79, 0x80, 0x9c, 0x3, 0xa8, 0x40,
    0x3d, 0x4, 0x11, 0x48, 0x49, 0x6a, 0x60, 0x1f,
    0x78, 0x82, 0xde, 0xda, 0x22, 0x0, 0x3e, 0x2e,
    0x72, 0x1, 0x39, 0xb0, 0xf, 0x0,

    /* U+0112 "Ē" */
    0x0, 0xbb, 0xff, 0xe4, 0x0, 0xff, 0xe3, 0xf7,
    0x7e, 0x40, 0xf, 0x8, 0xfc, 0x1, 0xff, 0xc5,
    0x4f, 0xff, 0xfe, 0x5, 0x0, 0x7f, 0xf1, 0x52,
    0xab, 0xfa, 0x40, 0x23, 0x55, 0xfe, 0x30, 0xf,
    0xff, 0x79, 0xaa, 0xff, 0x8, 0x4, 0x95, 0x5f,
    0xc4, 0x1, 0xff, 0xc5, 0x7f, 0xff, 0xe3, 0x0,
    0xff, 0xff, 0x80, 0x7f, 0xf0, 0xd, 0x9b, 0xf9,
    0x40, 0x24, 0x99, 0xfe, 0xb0, 0xf, 0xfe, 0x10,

    /* U+0113 "ē" */
    0x0, 0xdf, 0xff, 0x88, 0x3, 0xff, 0x93, 0xdd,
    0xf8, 0x80, 0x3c, 0x23, 0xf8, 0x3, 0xff, 0xb2,
    0x73, 0xbf, 0xed, 0x93, 0x0, 0xf4, 0xe3, 0x10,
    0x0, 0x9b, 0x20, 0x3, 0x53, 0x1, 0xcd, 0xe4,
    0x90, 0x3b, 0x80, 0xa, 0xa0, 0x9c, 0x64, 0x36,
    0xd4, 0x8, 0x10, 0x90, 0x56, 0x0, 0xf5, 0x0,
    0x1c, 0x4c, 0x3c, 0x3, 0xe1, 0x20, 0xf4, 0x0,
    0x57, 0xff, 0xe2, 0x2, 0x30, 0xf, 0xfe, 0x2e,
    0x7f, 0xff, 0xac, 0xc0, 0xa, 0x1, 0xff, 0x38,
    0x3, 0x0, 0x3f, 0xe2, 0x20, 0x29, 0x0, 0x7f,
    0xd0, 0x0, 0xf1, 0x0, 0xf9, 0x84, 0x15, 0x80,
    0xba, 0x10, 0xcc, 0xb3, 0xd2, 0x60, 0x9, 0x70,
    0x3, 0xde, 0x62, 0x98, 0x40, 0x3a, 0x35, 0xcc,
    0x40, 0x4, 0xb3, 0xc4,

    /* U+0114 "Ĕ" */
    0x0, 0x9d, 0x40, 0x31, 0x41, 0x80, 0x75, 0x51,
    0x44, 0xf, 0x9c, 0x3, 0xd2, 0x15, 0xdf, 0x86,
    0xa6, 0x1, 0xc9, 0xac, 0x86, 0xb5, 0x40, 0xf,
    0x8a, 0x6f, 0x29, 0x40, 0x3f, 0xf8, 0xc9, 0xff,
    0xff, 0xc0, 0xa0, 0xf, 0xfe, 0x2a, 0x55, 0x7f,
    0x48, 0x4, 0x6a, 0xbf, 0xc6, 0x1, 0xff, 0xef,
    0x35, 0x5f, 0xe1, 0x0, 0x92, 0xab, 0xf8, 0x80,
    0x3f, 0xf8, 0xaf, 0xff, 0xfc, 0x60, 0x1f, 0xff,
    0xf0, 0xf, 0xfe, 0x1, 0xb3, 0x7f, 0x28, 0x4,
    0x93, 0x3f, 0xd6, 0x1, 0xff, 0xc2,

    /* U+0115 "ĕ" */
    0x0, 0x8b, 0xe0, 0x3, 0x3f, 0x98, 0x7, 0x10,
    0xba, 0x88, 0x24, 0x81, 0x80, 0x7a, 0xc2, 0xbb,
    0xec, 0x64, 0x3, 0xe5, 0xc5, 0x22, 0x25, 0xb0,
    0x7, 0xe3, 0xad, 0xd5, 0xa0, 0x7, 0xff, 0x68,
    0xe7, 0x7f, 0xdb, 0x26, 0x1, 0xe9, 0xc6, 0x20,
    0x1, 0x36, 0x40, 0x6, 0xa6, 0x3, 0x9b, 0xc9,
    0x20, 0x77, 0x0, 0x15, 0x41, 0x38, 0xc8, 0x6d,
    0xa8, 0x10, 0x21, 0x20, 0xac, 0x1, 0xea, 0x0,
    0x38, 0x98, 0x78, 0x7, 0xc2, 0x41, 0xe8, 0x0,
    0xaf, 0xff, 0xc4, 0x4, 0x60, 0x1f, 0xfc, 0x5c,
    0xff, 0xff, 0x59, 0x80, 0x14, 0x3, 0xfe, 0x70,
    0x6, 0x0, 0x7f, 0xc4, 0x40, 0x52, 0x0, 0xff,
    0xa0, 0x1, 0xe2, 0x1, 0xf3, 0x8, 0x2b, 0x1,
    0x74, 0x21, 0x99, 0x67, 0xa4, 0xc0, 0x12, 0xe0,
    0x7, 0xbc, 0xc5, 0x30, 0x80, 0x74, 0x6b, 0x98,
    0x80, 0x9, 0x67, 0x88,

    /* U+0116 "Ė" */
    0x0, 0xe3, 0xff, 0x48, 0x7, 0xff, 0x34, 0x89,
    0xc0, 0x1f, 0xe3, 0xdd, 0x38, 0x7, 0xff, 0x1d,
    0x3f, 0xff, 0xf8, 0x14, 0x1, 0xff, 0xc5, 0x4a,
    0xaf, 0xe9, 0x0, 0x8d, 0x57, 0xf8, 0xc0, 0x3f,
    0xfd, 0xe6, 0xab, 0xfc, 0x20, 0x12, 0x55, 0x7f,
    0x10, 0x7, 0xff, 0x15, 0xff, 0xff, 0x8c, 0x3,
    0xff, 0xfe, 0x1, 0xff, 0xc0, 0x36, 0x6f, 0xe5,
    0x0, 0x92, 0x67, 0xfa, 0xc0, 0x3f, 0xf8, 0x40,

    /* U+0117 "ė" */
    0x0, 0xf1, 0xff, 0x90, 0x3, 0xff, 0xba, 0x77,
    0x65, 0x0, 0xff, 0xe0, 0x22, 0x4, 0x3, 0xff,
    0x98, 0x73, 0xbf, 0xed, 0x93, 0x0, 0xf4, 0xe3,
    0x10, 0x0, 0x9b, 0x20, 0x3, 0x53, 0x1, 0xcd,
    0xe4, 0x90, 0x3b, 0x80, 0xa, 0xa0, 0x9c, 0x64,
    0x36, 0xd4, 0x8, 0x10, 0x90, 0x56, 0x0, 0xf5,
    0x0, 0x1c, 0x4c, 0x3c, 0x3, 0xe1, 0x20, 0xf4,
    0x0, 0x57, 0xff, 0xe2, 0x2, 0x30, 0xf, 0xfe,
    0x2e, 0x7f, 0xff, 0xac, 0xc0, 0xa, 0x1, 0xff,
    0x38, 0x3, 0x0, 0x3f, 0xe2, 0x20, 0x29, 0x0,
    0x7f, 0xd0, 0x0, 0xf1, 0x0, 0xf9, 0x84, 0x15,
    0x80, 0xba, 0x10, 0xcc, 0xb3, 0xd2, 0x60, 0x9,
    0x70, 0x3, 0xde, 0x62, 0x98, 0x40, 0x3a, 0x35,
    0xcc, 0x40, 0x4, 0xb3, 0xc4,

    /* U+0118 "Ę" */
    0x4f, 0xff, 0xfe, 0x5, 0x0, 0x7f, 0xf1, 0x52,
    0xab, 0xfa, 0x40, 0x23, 0x55, 0xfe, 0x30, 0xf,
    0xff, 0xeb, 0xff, 0xff, 0x18, 0x7, 0xff, 0x15,
    0x2a, 0xbf, 0x88, 0x2, 0x35, 0x5f, 0xe1, 0x0,
    0xff, 0xfe, 0x9b, 0x37, 0xf2, 0x80, 0x49, 0x33,
    0xfd, 0x60, 0x1f, 0xfc, 0x24, 0xff, 0xfd, 0xc2,
    0xbf, 0xc0, 0x1f, 0xd6, 0x36, 0x1, 0xfe, 0x15,
    0x31, 0x0, 0xff, 0xe0, 0x10, 0x7, 0xfc, 0x23,
    0x6e, 0x70, 0x7, 0xf6, 0x99, 0x19, 0x0,

    /* U+0119 "ę" */
    0x0, 0xc7, 0x3b, 0xfe, 0xd9, 0x10, 0xf, 0x4e,
    0x31, 0x0, 0x9, 0xb9, 0x40, 0x35, 0x30, 0x14,
    0xe6, 0x20, 0x42, 0x8c, 0x0, 0xaa, 0x5, 0xd6,
    0x33, 0x3f, 0x88, 0x70, 0x2, 0x40, 0x68, 0x3,
    0x86, 0xc0, 0x90, 0x4c, 0x18, 0x3, 0xe5, 0x0,
    0x62, 0x0, 0x34, 0x3, 0xf1, 0x1, 0x18, 0x2,
    0xbf, 0xff, 0x10, 0x8, 0x7, 0xff, 0xc, 0xc0,
    0x19, 0xff, 0xfe, 0xb7, 0x0, 0x20, 0x7, 0xfc,
    0x44, 0xa, 0x0, 0xff, 0xe0, 0x40, 0x15, 0x0,
    0x7e, 0x31, 0x5, 0x60, 0x5d, 0x74, 0x33, 0x2c,
    0x6e, 0x18, 0x2, 0x5c, 0xa, 0x2f, 0x31, 0x4e,
    0x40, 0x1d, 0x1a, 0xe6, 0x20, 0x10, 0xcf, 0x10,
    0x6, 0x28, 0xce, 0xf8, 0xa, 0x61, 0x0, 0xff,
    0x49, 0x20, 0x7, 0xfc, 0x62, 0x80, 0x1f, 0xfc,
    0x25, 0x0, 0x8, 0x7, 0xf1, 0x1, 0xee, 0x68,
    0x7, 0xf0, 0xd9, 0x91, 0xb0, 0x0,

    /* U+011A "Ě" */
    0x0, 0x96, 0x4, 0x2, 0x58, 0x20, 0xe, 0x67,
    0xd0, 0x2, 0xd1, 0x90, 0x7, 0x1c, 0x1d, 0x1d,
    0xd, 0x0, 0x7c, 0xe8, 0xb8, 0x14, 0x20, 0x1f,
    0xa9, 0xdd, 0x48, 0x1, 0xfc, 0x31, 0x5, 0x0,
    0xe4, 0xff, 0xff, 0xe0, 0x50, 0x7, 0xff, 0x15,
    0x2a, 0xbf, 0xa4, 0x2, 0x35, 0x5f, 0xe3, 0x0,
    0xff, 0xf7, 0x9a, 0xaf, 0xf0, 0x80, 0x49, 0x55,
    0xfc, 0x40, 0x1f, 0xfc, 0x57, 0xff, 0xfe, 0x30,
    0xf, 0xff, 0xf8, 0x7, 0xff, 0x0, 0xd9, 0xbf,
    0x94, 0x2, 0x49, 0x9f, 0xeb, 0x0, 0xff, 0xe1,
    0x0,

    /* U+011B "ě" */
    0x0, 0x87, 0xb4, 0x40, 0x2d, 0xf1, 0x0, 0xe1,
    0xb2, 0xa0, 0x5, 0x14, 0x88, 0x7, 0x95, 0x48,
    0xec, 0xa8, 0xc0, 0x1f, 0xac, 0x62, 0x46, 0x80,
    0x3f, 0x86, 0xc0, 0x16, 0x20, 0x1f, 0xe5, 0xff,
    0x28, 0x7, 0xff, 0x30, 0xe7, 0x7f, 0xdb, 0x26,
    0x1, 0xe9, 0xc6, 0x20, 0x1, 0x36, 0x40, 0x6,
    0xa6, 0x3, 0x9b, 0xc9, 0x20, 0x77, 0x0, 0x15,
    0x41, 0x38, 0xc8, 0x6d, 0xa8, 0x10, 0x21, 0x20,
    0xac, 0x1, 0xea, 0x0, 0x38, 0x98, 0x78, 0x7,
    0xc2, 0x41, 0xe8, 0x0, 0xaf, 0xff, 0xc4, 0x4,
    0x60, 0x1f, 0xfc, 0x5c, 0xff, 0xff, 0x59, 0x80,
    0x14, 0x3, 0xfe, 0x70, 0x6, 0x0, 0x7f, 0xc4,
    0x40, 0x52, 0x0, 0xff, 0xa0, 0x1, 0xe2, 0x1,
    0xf3, 0x8, 0x2b, 0x1, 0x74, 0x21, 0x99, 0x67,
    0xa4, 0xc0, 0x12, 0xe0, 0x7, 0xbc, 0xc5, 0x30,
    0x80, 0x74, 0x6b, 0x98, 0x80, 0x9, 0x67, 0x88,

    /* U+011C "Ĝ" */
    0x0, 0xfe, 0xdf, 0xf3, 0x0, 0x7f, 0xf0, 0xa4,
    0x94, 0x64, 0x80, 0x3f, 0xf8, 0xa, 0xc9, 0x54,
    0xf, 0x0, 0xff, 0x86, 0xca, 0x81, 0x24, 0xa0,
    0x3, 0xfc, 0x3d, 0xa2, 0x0, 0x6f, 0x80, 0xf,
    0xfe, 0x8a, 0x4e, 0x77, 0xfb, 0xad, 0xc8, 0x3,
    0xe3, 0xcb, 0x63, 0x10, 0x0, 0xa4, 0x6d, 0x98,
    0x6, 0x6c, 0x30, 0x15, 0x9a, 0xa4, 0x28, 0x82,
    0x68, 0x4, 0x92, 0x0, 0x8e, 0xa6, 0x55, 0x3d,
    0x75, 0x10, 0x6, 0xa0, 0x5, 0xb8, 0x7, 0xe5,
    0xd8, 0x0, 0x38, 0x83, 0x20, 0x7, 0xfc, 0xc0,
    0xa, 0x0, 0x58, 0x7, 0xff, 0x8, 0x48, 0x8,
    0x80, 0x1f, 0xfc, 0x25, 0x0, 0x38, 0x7, 0xff,
    0xc, 0x40, 0x4, 0x1, 0xf2, 0x2a, 0xf8, 0x8c,
    0x1, 0xe0, 0x1f, 0x4d, 0x57, 0x90, 0xc0, 0x1e,
    0x1, 0xff, 0xc3, 0x10, 0x1, 0x0, 0x7d, 0xbf,
    0xf5, 0x0, 0x4a, 0x0, 0x70, 0xf, 0xfe, 0x18,
    0x90, 0x11, 0x0, 0x3f, 0xf8, 0x74, 0x0, 0xb0,
    0xf, 0xfe, 0x1b, 0x8, 0x32, 0x0, 0x7f, 0xf0,
    0x86, 0x80, 0x16, 0xe0, 0x1f, 0x88, 0x3, 0x92,
    0x40, 0x11, 0xd2, 0xca, 0xa6, 0x8d, 0x80, 0x1,
    0x80, 0x4d, 0x64, 0x2, 0xd3, 0x54, 0x97, 0x20,
    0x3c, 0x50, 0xc, 0x9b, 0x6c, 0x62, 0x0, 0x14,
    0x8d, 0xc3, 0x0,

    /* U+011D "ĝ" */
    0x0, 0xf6, 0xfd, 0x80, 0x7f, 0xd0, 0x40, 0x8a,
    0x1, 0xfc, 0x4e, 0x36, 0x16, 0x1, 0xfd, 0x21,
    0x69, 0x3, 0x20, 0x1f, 0x2a, 0x2a, 0x81, 0xcd,
    0x88, 0x3, 0xc7, 0x16, 0x1, 0x73, 0xb8, 0x3,
    0xcc, 0xe2, 0x1, 0x14, 0x28, 0x7, 0xd1, 0xbf,
    0xd8, 0xc0, 0x9f, 0xe3, 0x0, 0x17, 0x39, 0x0,
    0x9c, 0xd8, 0x7, 0xbc, 0x41, 0x6f, 0x69, 0x11,
    0x0, 0x1a, 0x8, 0x22, 0x90, 0x96, 0xd8, 0xc0,
    0x33, 0x1, 0x38, 0x7, 0x48, 0x80, 0x44, 0x21,
    0x40, 0x1f, 0x38, 0x4, 0xe0, 0x3, 0x0, 0xfb,
    0xc0, 0x23, 0x0, 0x30, 0x7, 0xc6, 0x1, 0xff,
    0xc2, 0x10, 0x8, 0xc0, 0x2, 0x1, 0xf1, 0x0,
    0x4c, 0x0, 0x40, 0xf, 0xbc, 0x2, 0x31, 0xb,
    0x0, 0xf9, 0xc0, 0x33, 0x1, 0xb8, 0x7, 0x48,
    0x80, 0x68, 0x10, 0x8a, 0x42, 0x4b, 0x63, 0x0,
    0xec, 0x10, 0x5b, 0xdb, 0x44, 0x40, 0x7, 0x17,
    0xb9, 0x0, 0x9c, 0xd8, 0x80, 0x4, 0x2, 0x18,
    0xdf, 0xec, 0x60, 0xd0, 0x1, 0x0, 0x7f, 0xca,
    0x6, 0x1, 0x8, 0x7, 0xd0, 0x41, 0x40, 0x14,
    0x63, 0x99, 0x11, 0x6d, 0xc0, 0x98, 0x3, 0x1c,
    0x66, 0xea, 0x90, 0xb, 0x0, 0x35, 0xc2, 0x10,
    0x0, 0x52, 0x74, 0x40, 0x0,

    /* U+011E "Ğ" */
    0x0, 0xe4, 0xf6, 0x0, 0xd5, 0xe0, 0x1f, 0xe5,
    0x8, 0x40, 0x17, 0x53, 0x0, 0xff, 0xc, 0x8d,
    0xff, 0x40, 0x78, 0x7, 0xfc, 0xd8, 0xc6, 0x8f,
    0xc6, 0x1, 0xff, 0xc0, 0x39, 0xcb, 0x81, 0x0,
    0xff, 0xe9, 0xa4, 0xe7, 0x7f, 0xba, 0xdc, 0x80,
    0x3e, 0x3c, 0xb6, 0x31, 0x0, 0xa, 0x46, 0xd9,
    0x80, 0x66, 0xc3, 0x1, 0x59, 0xaa, 0x42, 0x88,
    0x26, 0x80, 0x49, 0x20, 0x8, 0xea, 0x65, 0x53,
    0xd7, 0x51, 0x0, 0x6a, 0x0, 0x5b, 0x80, 0x7e,
    0x5d, 0x80, 0x3, 0x88, 0x32, 0x0, 0x7f, 0xcc,
    0x0, 0xa0, 0x5, 0x80, 0x7f, 0xf0, 0x84, 0x80,
    0x88, 0x1, 0xff, 0xc2, 0x50, 0x3, 0x80, 0x7f,
    0xf0, 0xc4, 0x0, 0x40, 0x1f, 0x22, 0xaf, 0x88,
    0xc0, 0x1e, 0x1, 0xf4, 0xd5, 0x79, 0xc, 0x1,
    0xe0, 0x1f, 0xfc, 0x31, 0x0, 0x10, 0x7, 0xdb,
    0xff, 0x50, 0x4, 0xa0, 0x7, 0x0, 0xff, 0xe1,
    0x89, 0x1, 0x10, 0x3, 0xff, 0x87, 0x40, 0xb,
    0x0, 0xff, 0xe1, 0xb0, 0x83, 0x20, 0x7, 0xff,
    0x8, 0x68, 0x1, 0x6e, 0x1, 0xf8, 0x80, 0x39,
    0x24, 0x1, 0x1d, 0x2c, 0xaa, 0x68, 0xd8, 0x0,
    0x18, 0x4, 0xd6, 0x40, 0x2d, 0x35, 0x49, 0x72,
    0x3, 0xc5, 0x0, 0xc9, 0xb6, 0xc6, 0x20, 0x1,
    0x48, 0xdc, 0x30,

    /* U+011F "ğ" */
    0x0, 0x8a, 0x8, 0x3, 0x24, 0x0, 0x78, 0xdf,
    0xcc, 0x0, 0x94, 0xc0, 0x1e, 0x16, 0x2c, 0xff,
    0x58, 0xc0, 0x7, 0xd3, 0x24, 0x22, 0x25, 0xb0,
    0x7, 0xe6, 0xbd, 0xd5, 0xa0, 0x7, 0xff, 0x6a,
    0x37, 0xfb, 0x18, 0x13, 0xfc, 0x60, 0x2, 0xe7,
    0x20, 0x13, 0x9b, 0x0, 0xf7, 0x88, 0x2d, 0xed,
    0x22, 0x20, 0x3, 0x41, 0x4, 0x52, 0x12, 0xdb,
    0x18, 0x6, 0x60, 0x27, 0x0, 0xe9, 0x10, 0x8,
    0x84, 0x28, 0x3, 0xe7, 0x0, 0x9c, 0x0, 0x60,
    0x1f, 0x78, 0x4, 0x60, 0x6, 0x0, 0xf8, 0xc0,
    0x3f, 0xf8, 0x42, 0x1, 0x18, 0x0, 0x40, 0x3e,
    0x20, 0x9, 0x80, 0x8, 0x1, 0xf7, 0x80, 0x46,
    0x21, 0x60, 0x1f, 0x38, 0x6, 0x60, 0x37, 0x0,
    0xe9, 0x10, 0xd, 0x2, 0x11, 0x48, 0x49, 0x6c,
    0x60, 0x1d, 0x82, 0xb, 0x7b, 0x68, 0x88, 0x0,
    0xe2, 0xf7, 0x20, 0x13, 0x9b, 0x10, 0x0, 0x80,
    0x43, 0x1b, 0xfd, 0x8c, 0x1a, 0x0, 0x20, 0xf,
    0xf9, 0x40, 0xc0, 0x21, 0x0, 0xfa, 0x8, 0x28,
    0x2, 0x8c, 0x73, 0x22, 0x2d, 0xb8, 0x13, 0x0,
    0x63, 0x8c, 0xdd, 0x52, 0x1, 0x60, 0x6, 0xb8,
    0x42, 0x0, 0xa, 0x4e, 0x88, 0x0,

    /* U+0120 "Ġ" */
    0x0, 0xfe, 0x8d, 0xd1, 0x0, 0x7f, 0xf0, 0xc8,
    0xa0, 0xf, 0xfe, 0xbd, 0x7f, 0x88, 0x3, 0xff,
    0xcc, 0x93, 0x9d, 0xfe, 0xeb, 0x72, 0x0, 0xf8,
    0xf2, 0xd8, 0xc4, 0x0, 0x29, 0x1b, 0x66, 0x1,
    0x9b, 0xc, 0x5, 0x66, 0xa9, 0xa, 0x20, 0x9a,
    0x1, 0x24, 0x80, 0x23, 0xa9, 0x95, 0x4f, 0x5d,
    0x44, 0x1, 0xa8, 0x1, 0x6e, 0x1, 0xf9, 0x76,
    0x0, 0xe, 0x20, 0xc8, 0x1, 0xff, 0x30, 0x2,
    0x80, 0x16, 0x1, 0xff, 0xc2, 0x12, 0x2, 0x20,
    0x7, 0xff, 0x9, 0x40, 0xe, 0x1, 0xff, 0xc3,
    0x10, 0x1, 0x0, 0x7c, 0x8a, 0xbe, 0x23, 0x0,
    0x78, 0x7, 0xd3, 0x55, 0xe4, 0x30, 0x7, 0x80,
    0x7f, 0xf0, 0xc4, 0x0, 0x40, 0x1f, 0x6f, 0xfd,
    0x40, 0x12, 0x80, 0x1c, 0x3, 0xff, 0x86, 0x24,
    0x4, 0x40, 0xf, 0xfe, 0x1d, 0x0, 0x2c, 0x3,
    0xff, 0x86, 0xc2, 0xc, 0x80, 0x1f, 0xfc, 0x21,
    0xa0, 0x5, 0xb8, 0x7, 0xe2, 0x0, 0xe4, 0x90,
    0x4, 0x74, 0xb2, 0xa9, 0xa3, 0x60, 0x0, 0x60,
    0x13, 0x59, 0x0, 0xb4, 0xd5, 0x25, 0xc8, 0xf,
    0x14, 0x3, 0x26, 0xdb, 0x18, 0x80, 0x5, 0x23,
    0x70, 0xc0,

    /* U+0121 "ġ" */
    0x0, 0xf6, 0xfd, 0x80, 0x7f, 0xf7, 0xba, 0xe4,
    0x3, 0xff, 0x80, 0x68, 0x40, 0x1f, 0xfc, 0xd8,
    0xdf, 0xec, 0x60, 0x4f, 0xf1, 0x80, 0xb, 0x9c,
    0x80, 0x4e, 0x6c, 0x3, 0xde, 0x20, 0xb7, 0xb4,
    0x88, 0x80, 0xd, 0x4, 0x11, 0x48, 0x4b, 0x6c,
    0x60, 0x19, 0x80, 0x9c, 0x3, 0xa4, 0x40, 0x22,
    0x10, 0xa0, 0xf, 0x9c, 0x2, 0x70, 0x1, 0x80,
    0x7d, 0xe0, 0x11, 0x80, 0x18, 0x3, 0xe3, 0x0,
    0xff, 0xe1, 0x8, 0x4, 0x60, 0x1, 0x0, 0xf8,
    0x80, 0x26, 0x0, 0x20, 0x7, 0xde, 0x1, 0x18,
    0x85, 0x80, 0x7c, 0xe0, 0x19, 0x80, 0xdc, 0x3,
    0xa4, 0x40, 0x34, 0x8, 0x45, 0x21, 0x25, 0xb1,
    0x80, 0x76, 0x8, 0x2d, 0xed, 0xa2, 0x20, 0x3,
    0x8b, 0xdc, 0x80, 0x4e, 0x6c, 0x40, 0x2, 0x1,
    0xc, 0x6f, 0xf6, 0x30, 0x68, 0x0, 0x80, 0x3f,
    0xe5, 0x3, 0x0, 0x84, 0x3, 0xe8, 0x20, 0xa0,
    0xa, 0x31, 0xcc, 0x88, 0xb6, 0xe0, 0x4c, 0x1,
    0x8e, 0x33, 0x75, 0x48, 0x5, 0x80, 0x1a, 0xe1,
    0x8, 0x0, 0x29, 0x3a, 0x20, 0x0,

    /* U+0122 "Ģ" */
    0x0, 0xf2, 0x4e, 0x77, 0xfb, 0xad, 0xc8, 0x3,
    0xe3, 0xcb, 0x63, 0x10, 0x0, 0xa4, 0x6d, 0x98,
    0x6, 0x6c, 0x30, 0x15, 0x9a, 0xa4, 0x28, 0x82,
    0x68, 0x4, 0x92, 0x0, 0x8e, 0xa6, 0x55, 0x3d,
    0x75, 0x10, 0x6, 0xa0, 0x5, 0xb8, 0x7, 0xe5,
    0xd8, 0x0, 0x38, 0x83, 0x20, 0x7, 0xfc, 0xc0,
    0xa, 0x0, 0x58, 0x7, 0xff, 0x8, 0x48, 0x8,
    0x80, 0x1f, 0xfc, 0x25, 0x0, 0x38, 0x7, 0xff,
    0xc, 0x40, 0x4, 0x1, 0xf2, 0x2a, 0xf8, 0x8c,
    0x1, 0xe0, 0x1f, 0x4d, 0x57, 0x90, 0xc0, 0x1e,
    0x1, 0xff, 0xc3, 0x10, 0x1, 0x0, 0x7d, 0xbf,
    0xf5, 0x0, 0x4a, 0x0, 0x70, 0xf, 0xfe, 0x18,
    0x90, 0x11, 0x0, 0x3f, 0xf8, 0x74, 0x0, 0xb0,
    0xf, 0xfe, 0x1b, 0x8, 0x32, 0x0, 0x7f, 0xf0,
    0x86, 0x80, 0x16, 0xe0, 0x1f, 0x88, 0x3, 0x92,
    0x40, 0x11, 0xd2, 0xca, 0xa6, 0x8d, 0x80, 0x1,
    0x80, 0x4d, 0x64, 0x2, 0xd3, 0x54, 0x97, 0x20,
    0x3c, 0x50, 0xc, 0x9b, 0x6c, 0x62, 0x0, 0x14,
    0x8d, 0xc3, 0x0, 0xf9, 0x27, 0x3b, 0xfd, 0xd6,
    0xe4, 0x1, 0xff, 0xd3, 0x4f, 0xf3, 0x80, 0x7f,
    0xf0, 0xf0, 0x5, 0xc0, 0x3f, 0xf8, 0x68, 0x12,
    0x1, 0xff, 0xc4, 0x31, 0x70, 0xf, 0xfe, 0x18,
    0xc5, 0x0, 0x7e,

    /* U+0123 "ģ" */
    0x0, 0xf8, 0x7f, 0x40, 0x3f, 0xf8, 0x12, 0x8,
    0x1, 0xff, 0xb, 0x86, 0x0, 0x7f, 0xd2, 0x0,
    0x40, 0xf, 0xfb, 0xa2, 0x44, 0x3, 0xfe, 0x67,
    0x60, 0xf, 0xf4, 0x6f, 0xf6, 0x30, 0x27, 0xf8,
    0xc0, 0x5, 0xce, 0x40, 0x27, 0x36, 0x1, 0xef,
    0x10, 0x5b, 0xda, 0x44, 0x40, 0x6, 0x82, 0x8,
    0xa4, 0x25, 0xb6, 0x30, 0xc, 0xc0, 0x4e, 0x1,
    0xd2, 0x20, 0x11, 0x8, 0x50, 0x7, 0xce, 0x1,
    0x38, 0x0, 0xc0, 0x3e, 0xf0, 0x8, 0xc0, 0xc,
    0x1, 0xf1, 0x80, 0x7f, 0xf0, 0x84, 0x2, 0x30,
    0x0, 0x80, 0x7c, 0x40, 0x13, 0x0, 0x10, 0x3,
    0xef, 0x0, 0x8c, 0x42, 0xc0, 0x3e, 0x70, 0xc,
    0xc0, 0x6e, 0x1, 0xd2, 0x20, 0x1a, 0x4, 0x22,
    0x90, 0x92, 0xd8, 0xc0, 0x3b, 0x4, 0x16, 0xf6,
    0xd1, 0x10, 0x1, 0xc5, 0xee, 0x40, 0x27, 0x36,
    0x20, 0x1, 0x0, 0x86, 0x37, 0xfb, 0x18, 0x34,
    0x0, 0x40, 0x1f, 0xf2, 0x81, 0x80, 0x42, 0x1,
    0xf4, 0x10, 0x50, 0x5, 0x18, 0xe6, 0x44, 0x5b,
    0x70, 0x26, 0x0, 0xc7, 0x19, 0xba, 0xa4, 0x2,
    0xc0, 0xd, 0x70, 0x84, 0x0, 0x14, 0x9d, 0x10,
    0x0,

    /* U+0124 "Ĥ" */
    0x0, 0xf9, 0xe1, 0xc0, 0x3f, 0xf8, 0x33, 0xd,
    0x14, 0x1, 0xff, 0x33, 0x13, 0x95, 0x4e, 0x1,
    0xfc, 0x72, 0x96, 0x14, 0xb0, 0x80, 0x1f, 0x8f,
    0xec, 0x2, 0xaf, 0x40, 0xf, 0xfe, 0x4a, 0x7f,
    0xa0, 0x3, 0xf9, 0xff, 0xca, 0x1, 0xff, 0xff,
    0x0, 0xff, 0xf1, 0x9a, 0xaf, 0xf6, 0x80, 0x79,
    0x2a, 0xbf, 0x94, 0x3, 0xff, 0x96, 0xff, 0xff,
    0xd0, 0x1, 0xff, 0xff, 0x0, 0xff, 0xff, 0x80,
    0x78,

    /* U+0125 "ĥ" */
    0x0, 0x96, 0x20, 0x40, 0x1f, 0xfc, 0x5, 0xa6,
    0x7f, 0x10, 0xf, 0xf1, 0x51, 0x7c, 0x95, 0x0,
    0x7f, 0xe, 0xf, 0x8b, 0x4a, 0x40, 0x7, 0xe1,
    0xee, 0x10, 0x1, 0xbe, 0x0, 0x3f, 0xe7, 0xff,
    0x8, 0x7, 0xff, 0xfc, 0x3, 0xff, 0xa0, 0xd9,
    0xfe, 0xd7, 0x0, 0xfe, 0x3c, 0x93, 0x0, 0x14,
    0x60, 0x7, 0xe9, 0x35, 0xab, 0x92, 0x3, 0x80,
    0xf, 0x92, 0xa8, 0xa8, 0xda, 0x40, 0xc0, 0x1f,
    0x2a, 0x80, 0x3a, 0x80, 0x48, 0x3, 0xdc, 0x1,
    0xe4, 0x0, 0x38, 0x7, 0x94, 0x3, 0xc2, 0x1,
    0xff, 0xc7, 0x30, 0xf, 0xff, 0xf8, 0x7, 0xff,
    0xc4,

    /* U+0126 "Ħ" */
    0x0, 0xbf, 0xda, 0x1, 0xfc, 0x5f, 0xe9, 0x0,
    0xff, 0xf0, 0x27, 0xf8, 0x0, 0x5f, 0xff, 0xda,
    0x0, 0x6f, 0xe0, 0xf, 0xfe, 0x4a, 0xdd, 0x80,
    0x5, 0x77, 0xfd, 0x20, 0x4, 0xba, 0x14, 0x40,
    0x4, 0x89, 0xfe, 0x0, 0x12, 0x20, 0x3, 0xff,
    0x9c, 0x6a, 0xbf, 0xe0, 0xf, 0xf0, 0xd5, 0x7f,
    0x40, 0x7, 0xff, 0x4c, 0xbf, 0xff, 0xb4, 0x3,
    0xff, 0xfe, 0x1, 0xff, 0xff, 0x0, 0xff, 0xf0,
    0x0,

    /* U+0127 "ħ" */
    0x0, 0x57, 0xf0, 0x7, 0xff, 0x3d, 0x7d, 0x40,
    0x7f, 0xf5, 0x80, 0x7f, 0xf2, 0x92, 0xcc, 0x6,
    0xef, 0x40, 0x7, 0x85, 0x18, 0x0, 0x89, 0x8c,
    0x3, 0xff, 0x82, 0xfb, 0xfe, 0xc5, 0x0, 0xfc,
    0x5b, 0x4, 0x0, 0x3a, 0x90, 0xf, 0xbc, 0x9a,
    0xae, 0x4, 0x19, 0x40, 0x38, 0x4b, 0x25, 0x51,
    0xf0, 0x1, 0xc0, 0x1e, 0x83, 0x0, 0xc4, 0xa0,
    0x80, 0x1e, 0x60, 0xf, 0x60, 0x0, 0x40, 0x30,
    0x88, 0x3, 0xc6, 0x0, 0x30, 0xf, 0xff, 0xf8,
    0x7, 0xff, 0xe4,

    /* U+0128 "Ĩ" */
    0x5, 0xef, 0xc6, 0x14, 0xf8, 0x2a, 0x4, 0x39,
    0xeb, 0xb, 0x15, 0xab, 0xf9, 0x66, 0x61, 0x9a,
    0x90, 0x0, 0xd3, 0x23, 0x0, 0xff, 0xe1, 0x27,
    0xfa, 0x0, 0x3f, 0xff, 0xe0, 0x1f, 0xff, 0xf0,
    0xf, 0xff, 0x48,

    /* U+0129 "ĩ" */
    0x5, 0xee, 0x40, 0x1, 0x7d, 0x4a, 0x84, 0x1e,
    0xc7, 0xc1, 0x94, 0x2f, 0x95, 0x39, 0x4c, 0xc0,
    0x6a, 0x15, 0x28, 0xda, 0xf, 0x82, 0x0, 0x6b,
    0x91, 0x0, 0xff, 0xe1, 0x2f, 0xf8, 0x80, 0x3f,
    0xff, 0xe0, 0x1f, 0xff, 0xf0, 0x8,

    /* U+012A "Ī" */
    0xff, 0xfc, 0x60, 0x1f, 0xdf, 0xdd, 0xf1, 0x80,
    0x8f, 0xc0, 0x1f, 0xfc, 0x4, 0xff, 0x40, 0x7,
    0xff, 0xfc, 0x3, 0xff, 0xfe, 0x1, 0xff, 0xd5,

    /* U+012B "ī" */
    0x3f, 0xff, 0xc0, 0x1f, 0xc7, 0xdd, 0xf7, 0x80,
    0x8f, 0xc0, 0x1f, 0xfc, 0xa5, 0xff, 0x10, 0x7,
    0xff, 0xfc, 0x3, 0xff, 0xe4,

    /* U+012C "Ĭ" */
    0x8, 0x40, 0xc, 0x50, 0x40, 0xd4, 0xa0, 0x3,
    0xf7, 0x0, 0x58, 0xd7, 0xfb, 0x9, 0x88, 0x17,
    0x19, 0xd, 0x6e, 0x40, 0x23, 0x9b, 0xca, 0x40,
    0xf, 0xfe, 0x1a, 0x7f, 0xa0, 0x3, 0xff, 0xfe,
    0x1, 0xff, 0xff, 0x0, 0xff, 0xf4, 0x80,

    /* U+012D "ĭ" */
    0x28, 0x20, 0xc, 0x90, 0x0, 0x7e, 0x30, 0x2,
    0x53, 0x1, 0x31, 0xe7, 0xfa, 0xc6, 0x0, 0x13,
    0x24, 0x22, 0x25, 0xb0, 0x4, 0xd7, 0xba, 0xb4,
    0x0, 0xff, 0xe6, 0xaf, 0xf8, 0x80, 0x3f, 0xff,
    0xe0, 0x1f, 0xff, 0xf0, 0x8,

    /* U+012E "Į" */
    0x4f, 0xf4, 0x0, 0x7f, 0xff, 0xc0, 0x3f, 0xfc,
    0x69, 0x1, 0x60, 0x1, 0x85, 0x30, 0x3, 0x7,
    0x80, 0x5e, 0x4, 0x1, 0x68, 0x46, 0x6b, 0xac,
    0x11, 0x98, 0x40,

    /* U+012F "į" */
    0x5f, 0xf1, 0x0, 0x7f, 0xf0, 0x92, 0xec, 0x40,
    0x1, 0x44, 0x0, 0x7f, 0x2f, 0xf8, 0x80, 0x3f,
    0xff, 0xe0, 0x1f, 0xfc, 0x55, 0x32, 0x20, 0x1,
    0xce, 0x0, 0x2a, 0x5, 0x0, 0x8c, 0x4, 0x2,
    0x50, 0xfc, 0xe2, 0xa5, 0x3, 0x38,

    /* U+0130 "İ" */
    0x4f, 0xf4, 0x0, 0x67, 0x22, 0x79, 0xee, 0x9c,
    0x3, 0x27, 0xfa, 0x0, 0x3f, 0xff, 0xe0, 0x1c,

    /* U+0131 "ı" */
    0x5f, 0xf1, 0x0, 0x7f, 0xfc, 0x0,

    /* U+0132 "Ĳ" */
    0x4f, 0xf4, 0x0, 0x77, 0xfb, 0x0, 0x3f, 0xff,
    0xe0, 0x1f, 0xff, 0xf0, 0xf, 0xff, 0xf8, 0x7,
    0xff, 0x9, 0xd3, 0xfd, 0x0, 0x18, 0x40, 0x2,
    0x1, 0xf9, 0x40, 0x4, 0x1, 0xfb, 0xc0, 0x16,
    0x1, 0x85, 0x9f, 0x10, 0x8, 0xc0, 0x31, 0x4c,
    0x18, 0xf, 0x80, 0x7e, 0x27, 0xf2, 0x0,

    /* U+0133 "ĳ" */
    0x5f, 0xf1, 0x0, 0x69, 0xfe, 0x0, 0xff, 0xe5,
    0x25, 0xd8, 0x80, 0x35, 0xdb, 0x45, 0x10, 0x1,
    0xc4, 0x86, 0x1, 0xff, 0x2f, 0xf8, 0x80, 0x34,
    0xff, 0x0, 0x7f, 0xff, 0xc0, 0x3f, 0xff, 0xe0,
    0x1f, 0xfc, 0x35, 0xff, 0x10, 0x7, 0xff, 0xc,
    0xc0, 0xc0, 0x3f, 0x38, 0x30, 0x7, 0x12, 0x49,
    0x6, 0x80, 0x74, 0xdb, 0x1, 0x30, 0x7, 0xc4,
    0xd8, 0x0,

    /* U+0134 "Ĵ" */
    0x0, 0xd3, 0xfe, 0xc0, 0xf, 0x33, 0xd, 0xce,
    0x80, 0x31, 0xc9, 0xe4, 0x32, 0xb8, 0x4, 0xb1,
    0x80, 0x9, 0x90, 0x6, 0x67, 0x0, 0xcc, 0xe0,
    0x1c, 0x9f, 0xe8, 0x0, 0xff, 0xff, 0x80, 0x7f,
    0xff, 0xc0, 0x3f, 0xff, 0x3e, 0x1, 0xf0, 0x80,
    0x4, 0x3, 0xed, 0x0, 0x10, 0x7, 0x85, 0x80,
    0x8, 0x1, 0x13, 0x47, 0x88, 0x30, 0x6, 0x59,
    0x71, 0x3, 0x90, 0xf, 0x9, 0xc6, 0x0, 0x70,

    /* U+0135 "ĵ" */
    0x0, 0x9b, 0xfc, 0x60, 0x1c, 0x30, 0x0, 0xf0,
    0xe, 0xb1, 0x84, 0x36, 0x0, 0x91, 0x4d, 0xe8,
    0x64, 0x40, 0x12, 0x1c, 0x3, 0x61, 0x60, 0x4b,
    0x64, 0x0, 0x59, 0xd0, 0x28, 0x40, 0xc, 0xce,
    0x1, 0x97, 0xfc, 0x40, 0x1f, 0xff, 0xf0, 0xf,
    0xff, 0xf8, 0x7, 0xff, 0x10, 0xc0, 0x6, 0x1,
    0xef, 0x1, 0x10, 0x4, 0x26, 0xec, 0x8, 0x1,
    0xa7, 0x20, 0x1, 0x0, 0x1e, 0x15, 0xd2, 0x0,
    0xc0,

    /* U+0136 "Ķ" */
    0x4f, 0xf4, 0x0, 0x7c, 0x39, 0xfe, 0xa0, 0xf,
    0xf8, 0x74, 0xc1, 0x68, 0x3, 0xfc, 0x38, 0x60,
    0xd4, 0x1, 0xfe, 0x1c, 0x20, 0x69, 0x0, 0xff,
    0xe, 0x10, 0x34, 0x80, 0x7f, 0x8b, 0x8, 0x1e,
    0x40, 0x3f, 0xc5, 0x84, 0xf, 0x0, 0x1f, 0xe2,
    0xc1, 0x8, 0x80, 0x7, 0xf8, 0xf0, 0x42, 0x1c,
    0x3, 0xfe, 0x41, 0x8, 0x70, 0xf, 0xfe, 0x1e,
    0x0, 0x7f, 0xf0, 0x58, 0x81, 0x2c, 0x3, 0xff,
    0x80, 0x38, 0x40, 0x96, 0x1, 0xff, 0xc0, 0x1c,
    0x20, 0x4a, 0x0, 0xff, 0xe0, 0xe, 0x10, 0x2d,
    0x0, 0x7f, 0xf0, 0x7, 0xc4, 0x16, 0x40, 0x3f,
    0xf8, 0x5, 0x82, 0xd, 0x20, 0x1f, 0xfc, 0x2,
    0xc1, 0x6, 0x80, 0xf, 0xfe, 0x1, 0x60, 0x83,
    0xc0, 0x7, 0xff, 0x0, 0xb4, 0x0, 0xee, 0x0,
    0xff, 0xe0, 0x1e, 0x0, 0x21, 0xd3, 0xfd, 0x0,
    0x1f, 0x8f, 0xfe, 0x70, 0xf, 0xfe, 0x61, 0xff,
    0xa4, 0x3, 0xff, 0x82, 0x80, 0x8, 0x0, 0xff,
    0xe0, 0xe0, 0x30, 0x80, 0x7f, 0xf0, 0x54, 0x20,
    0x3, 0xff, 0x85, 0x34, 0x20, 0x1f, 0x0,

    /* U+0137 "ķ" */
    0x7f, 0xf0, 0x80, 0x7f, 0xff, 0xc0, 0x3f, 0xf9,
    0x3, 0xbf, 0xe4, 0x0, 0xfe, 0x2f, 0x21, 0xc4,
    0x0, 0xfc, 0x78, 0x22, 0xc3, 0x0, 0xfc, 0x98,
    0x25, 0x84, 0x1, 0xf9, 0x6c, 0xb, 0x8, 0x3,
    0xf3, 0x50, 0x1e, 0x88, 0x7, 0xe9, 0x90, 0x26,
    0x0, 0x7f, 0x9c, 0x6, 0xc0, 0x3f, 0xe5, 0x1,
    0xa0, 0xf, 0xfa, 0xd8, 0x16, 0x80, 0x3f, 0xe9,
    0x60, 0x5a, 0x0, 0xff, 0xa5, 0x81, 0x68, 0x3,
    0xfe, 0x96, 0x5, 0xa0, 0xf, 0xfa, 0x58, 0x16,
    0x80, 0x3f, 0xe9, 0x50, 0x5a, 0x0, 0xff, 0xa9,
    0x41, 0x68, 0x1f, 0xfc, 0x20, 0x1e, 0xaf, 0xf5,
    0x0, 0x7f, 0xf2, 0xaf, 0xfc, 0x20, 0x1f, 0xf2,
    0x3, 0x88, 0x7, 0xf8, 0xc0, 0x12, 0x1, 0xff,
    0x20, 0x38, 0x80, 0x7f, 0xc7, 0x12, 0x1, 0xf0,

    /* U+0138 "ĸ" */
    0x7f, 0xf0, 0x80, 0x70, 0xef, 0xf9, 0x0, 0x3f,
    0x8b, 0xc8, 0x31, 0x0, 0x3f, 0x1e, 0x8, 0xb4,
    0xc0, 0x3f, 0x26, 0x9, 0x61, 0x0, 0x7e, 0x5b,
    0x2, 0xc2, 0x0, 0xfc, 0xd4, 0x7, 0x82, 0x1,
    0xfa, 0x64, 0x9, 0x82, 0x1, 0xfc, 0xe0, 0x36,
    0x1, 0xff, 0x20, 0xd, 0x0, 0x7f, 0xd4, 0xa0,
    0xb4, 0x1, 0xff, 0x52, 0x82, 0xd0, 0x7, 0xfd,
    0x4a, 0xb, 0x40, 0x1f, 0xf5, 0x28, 0x2d, 0x0,
    0x7f, 0xd4, 0xa0, 0xb4, 0x1, 0xff, 0x52, 0x82,
    0xd0, 0x7, 0xfd, 0x4a, 0xb, 0x40,

    /* U+0139 "Ĺ" */
    0x0, 0x8e, 0x1c, 0x3, 0xfc, 0x3a, 0xe2, 0x1,
    0xfe, 0xd1, 0x76, 0x0, 0xfe, 0x83, 0x68, 0x0,
    0xff, 0x47, 0xc8, 0x7, 0xff, 0x31, 0x3f, 0xd0,
    0x1, 0xff, 0xff, 0x0, 0xff, 0xff, 0x80, 0x7f,
    0xff, 0xc0, 0x3f, 0xf9, 0xc6, 0xcd, 0xfc, 0x40,
    0x12, 0x4c, 0xff, 0x28, 0x7, 0xff, 0x8,

    /* U+013A "ĺ" */
    0x0, 0x96, 0x18, 0x2, 0x4a, 0x74, 0x0, 0xd,
    0x5, 0x90, 0x3, 0x46, 0x90, 0x2, 0xcf, 0x50,
    0x9, 0x7f, 0xc4, 0x1, 0xff, 0xff, 0x0, 0xff,
    0xff, 0x80,

    /* U+013B "Ļ" */
    0x4f, 0xf4, 0x0, 0x7f, 0xff, 0xc0, 0x3f, 0xff,
    0xe0, 0x1f, 0xff, 0xf0, 0xf, 0xfe, 0x71, 0xb3,
    0x7f, 0x10, 0x4, 0x93, 0x3f, 0xca, 0x1, 0xff,
    0xc2, 0x4f, 0xff, 0xfe, 0x3, 0x80, 0x7f, 0xf2,
    0x3b, 0xf4, 0x3, 0xfc, 0x62, 0x10, 0x1, 0xfe,
    0x40, 0x35, 0x0, 0xff, 0x60, 0x40, 0x7, 0xfd,
    0xb2, 0x80, 0x1e,

    /* U+013C "ļ" */
    0x5, 0xff, 0x10, 0x7, 0xff, 0xfc, 0x3, 0xff,
    0xa6, 0xbf, 0xe2, 0x0, 0xf1, 0x7f, 0xa4, 0x10,
    0x1, 0x61, 0x80, 0xc4, 0x8, 0x10, 0x0, 0x9a,
    0x10,

    /* U+013D "Ľ" */
    0x4f, 0xf4, 0x0, 0x5d, 0xf6, 0x1, 0xfe, 0x11,
    0x6, 0x80, 0x7f, 0x94, 0x0, 0x80, 0x1f, 0xe3,
    0x2, 0x20, 0x7, 0xfb, 0x41, 0x40, 0x3f, 0xe8,
    0xc9, 0x0, 0xff, 0x88, 0xc4, 0x3, 0xff, 0xfe,
    0x1, 0xff, 0xff, 0x0, 0xff, 0xe0, 0x1b, 0x37,
    0xf1, 0x0, 0x49, 0x33, 0xfc, 0xa0, 0x1f, 0xfc,
    0x20,

    /* U+013E "ľ" */
    0x5f, 0xf1, 0x2, 0xff, 0x94, 0x3, 0x88, 0x0,
    0x80, 0x1d, 0xa0, 0x82, 0x1, 0xce, 0x1a, 0x1,
    0xe2, 0x4, 0x0, 0xf5, 0xe1, 0x0, 0x79, 0xc,
    0x3, 0xff, 0xfe, 0x1, 0xff, 0xf2,

    /* U+013F "Ŀ" */
    0x4f, 0xf4, 0x0, 0x7f, 0xff, 0xc0, 0x3f, 0xf9,
    0xe5, 0x10, 0x40, 0xf, 0xf3, 0xbd, 0x80, 0x1f,
    0xfd, 0xa5, 0xff, 0x40, 0x7, 0xff, 0xfc, 0x3,
    0xff, 0x84, 0x6c, 0xdf, 0xc4, 0x1, 0x24, 0xcf,
    0xf2, 0x80, 0x7f, 0xf0, 0x80,

    /* U+0140 "ŀ" */
    0x5f, 0xf1, 0x0, 0x7f, 0xfa, 0xc6, 0x20, 0xc0,
    0x19, 0xdd, 0x60, 0x1f, 0xfc, 0x51, 0xff, 0x68,
    0x7, 0xff, 0xcc,

    /* U+0141 "Ł" */
    0x0, 0x87, 0xfd, 0x40, 0x1f, 0xff, 0xf0, 0xf,
    0xfe, 0x9, 0x0, 0x7f, 0xf0, 0xd7, 0x64, 0x3,
    0xff, 0x83, 0x54, 0x1, 0x0, 0xff, 0x9b, 0x54,
    0x6e, 0x0, 0x3f, 0xe3, 0x24, 0xf4, 0x0, 0xfe,
    0x30, 0xa, 0x6c, 0x40, 0x3f, 0x93, 0x0, 0xa,
    0xc0, 0x1f, 0xe9, 0xb1, 0x0, 0xff, 0xe1, 0x28,
    0xc8, 0x7, 0xff, 0xb, 0xbd, 0xc0, 0x3f, 0xf8,
    0x44, 0x20, 0x1f, 0xfe, 0xa6, 0x6f, 0xf1, 0x80,
    0x78, 0xe6, 0x7f, 0xa8, 0x3, 0xff, 0x8a,

    /* U+0142 "ł" */
    0x0, 0x27, 0xf8, 0xc0, 0x3f, 0xfd, 0x8c, 0x40,
    0x1d, 0xd3, 0x20, 0xe, 0x23, 0x90, 0x6, 0x80,
    0x1b, 0x8, 0x71, 0x80, 0x14, 0x0, 0xa3, 0x10,
    0xe, 0x88, 0x50, 0x7, 0x1b, 0x80, 0x7f, 0xfc,
    0x80,

    /* U+0143 "Ń" */
    0x0, 0xfc, 0xb0, 0xa0, 0x1f, 0xfc, 0x15, 0xa6,
    0x70, 0xf, 0xfe, 0x1, 0x50, 0x69, 0x0, 0x7f,
    0xf0, 0x3c, 0x28, 0xc0, 0x3f, 0xf8, 0x3b, 0xea,
    0x1, 0xff, 0xcd, 0x4f, 0xfa, 0xc0, 0x3f, 0x3f,
    0xf8, 0xc0, 0x32, 0x18, 0x7, 0xff, 0x13, 0xc0,
    0x3f, 0xf8, 0x42, 0x6, 0x80, 0x1f, 0xfc, 0x16,
    0x0, 0x40, 0x7, 0xff, 0x7, 0x9c, 0xd, 0x0,
    0x3f, 0xf8, 0x32, 0x21, 0x0, 0x1f, 0xfc, 0x11,
    0x90, 0x35, 0x0, 0xff, 0xe0, 0xb8, 0x84, 0x0,
    0x7f, 0xf0, 0xa4, 0x9, 0x40, 0x3f, 0xf8, 0x2e,
    0x21, 0x0, 0x1f, 0xfc, 0x28, 0x2, 0x60, 0xf,
    0xfe, 0xb, 0x8, 0x40, 0x7, 0xff, 0xa, 0x0,
    0x58, 0x3, 0xff, 0x82, 0xc4, 0x10, 0x1, 0xff,
    0xc2, 0x80, 0x17, 0x0, 0xff, 0xe0, 0xa9, 0x4,
    0xf8, 0x7, 0xff, 0x6, 0x0, 0x58, 0x3, 0xff,
    0x82, 0xa6, 0x2, 0x1, 0xff, 0xc2, 0x80, 0xf,
    0xfe, 0x22, 0x18, 0x6,

    /* U+0144 "ń" */
    0x0, 0xfa, 0x3f, 0xc4, 0x1, 0xfc, 0x8e, 0x14,
    0x40, 0x1f, 0xd4, 0x10, 0xa0, 0x1f, 0xd4, 0x2a,
    0xe0, 0x1f, 0xca, 0xa2, 0xa0, 0xf, 0xf1, 0xbf,
    0x80, 0x7f, 0xcd, 0x4, 0x1, 0xf3, 0xff, 0x84,
    0x1b, 0x3f, 0xda, 0xe0, 0x1e, 0x3c, 0x93, 0x0,
    0x14, 0x60, 0x7, 0x49, 0xad, 0x5c, 0x90, 0x1c,
    0x0, 0x64, 0xaa, 0x2a, 0x36, 0x90, 0x30, 0x6,
    0x55, 0x0, 0x75, 0x0, 0x90, 0x5, 0xc0, 0x1e,
    0x40, 0x3, 0x80, 0x4a, 0x1, 0xe1, 0x0, 0xff,
    0xe2, 0x18, 0x7, 0xff, 0xfc, 0x3, 0xff, 0xb2,

    /* U+0145 "Ņ" */
    0x4f, 0xfa, 0xc0, 0x3f, 0x3f, 0xf8, 0xc0, 0x32,
    0x18, 0x7, 0xff, 0x13, 0xc0, 0x3f, 0xf8, 0x42,
    0x6, 0x80, 0x1f, 0xfc, 0x16, 0x0, 0x40, 0x7,
    0xff, 0x7, 0x9c, 0xd, 0x0, 0x3f, 0xf8, 0x32,
    0x21, 0x0, 0x1f, 0xfc, 0x11, 0x90, 0x35, 0x0,
    0xff, 0xe0, 0xb8, 0x84, 0x0, 0x7f, 0xf0, 0xa4,
    0x9, 0x40, 0x3f, 0xf8, 0x2e, 0x21, 0x0, 0x1f,
    0xfc, 0x28, 0x2, 0x60, 0xf, 0xfe, 0xb, 0x8,
    0x40, 0x7, 0xff, 0xa, 0x0, 0x58, 0x3, 0xff,
    0x82, 0xc4, 0x10, 0x1, 0xff, 0xc2, 0x80, 0x17,
    0x0, 0xff, 0xe0, 0xa9, 0x4, 0xf8, 0x7, 0xff,
    0x6, 0x0, 0x58, 0x3, 0xff, 0x82, 0xa6, 0x2,
    0x1, 0xff, 0xc2, 0x80, 0xf, 0xfe, 0x22, 0x18,
    0x6, 0x4f, 0xf3, 0x0, 0x7e, 0xcf, 0xf8, 0xc0,
    0x3f, 0xf9, 0x91, 0xfe, 0x30, 0xf, 0xfe, 0xa,
    0x2, 0x18, 0x7, 0xff, 0x0, 0x4c, 0x20, 0x3,
    0xff, 0x82, 0xa0, 0x86, 0x1, 0xff, 0xc1, 0x78,
    0x90, 0xf, 0xc0,

    /* U+0146 "ņ" */
    0x7f, 0xf0, 0x83, 0x67, 0xfb, 0x5c, 0x3, 0xc7,
    0x92, 0x60, 0x2, 0x8c, 0x0, 0xe9, 0x35, 0xab,
    0x92, 0x3, 0x80, 0xc, 0x95, 0x45, 0x46, 0xd2,
    0x6, 0x0, 0xca, 0xa0, 0xe, 0xa0, 0x12, 0x0,
    0xb8, 0x3, 0xc8, 0x0, 0x70, 0x9, 0x40, 0x3c,
    0x20, 0x1f, 0xfc, 0x43, 0x0, 0xff, 0xff, 0x80,
    0x7f, 0xf6, 0x5f, 0xfc, 0x20, 0x1e, 0x2f, 0xf3,
    0x0, 0x7f, 0xf1, 0xc7, 0xfd, 0x40, 0x1f, 0xe4,
    0x0, 0x40, 0x7, 0xfb, 0x1, 0x48, 0x3, 0xfc,
    0x81, 0x0, 0x1f, 0xf5, 0x50, 0x80, 0x3c,

    /* U+0147 "Ň" */
    0x0, 0xcb, 0x4, 0x1, 0x24, 0x10, 0x7, 0xe7,
    0x77, 0x88, 0x25, 0xa1, 0x0, 0x7e, 0x29, 0x2a,
    0x2a, 0xe, 0x0, 0xff, 0x32, 0xa6, 0x8d, 0x10,
    0x7, 0xfd, 0x50, 0xf2, 0xa0, 0x1f, 0xfc, 0x17,
    0x86, 0x0, 0xf9, 0x3f, 0xeb, 0x0, 0xfc, 0xff,
    0xe3, 0x0, 0xc8, 0x60, 0x1f, 0xfc, 0x4f, 0x0,
    0xff, 0xe1, 0x8, 0x1a, 0x0, 0x7f, 0xf0, 0x58,
    0x1, 0x0, 0x1f, 0xfc, 0x1e, 0x70, 0x34, 0x0,
    0xff, 0xe0, 0xc8, 0x84, 0x0, 0x7f, 0xf0, 0x46,
    0x40, 0xd4, 0x3, 0xff, 0x82, 0xe2, 0x10, 0x1,
    0xff, 0xc2, 0x90, 0x25, 0x0, 0xff, 0xe0, 0xb8,
    0x84, 0x0, 0x7f, 0xf0, 0xa0, 0x9, 0x80, 0x3f,
    0xf8, 0x2c, 0x21, 0x0, 0x1f, 0xfc, 0x28, 0x1,
    0x60, 0xf, 0xfe, 0xb, 0x10, 0x40, 0x7, 0xff,
    0xa, 0x0, 0x5c, 0x3, 0xff, 0x82, 0xa4, 0x13,
    0xe0, 0x1f, 0xfc, 0x18, 0x1, 0x60, 0xf, 0xfe,
    0xa, 0x98, 0x8, 0x7, 0xff, 0xa, 0x0, 0x3f,
    0xf8, 0x88, 0x60, 0x18,

    /* U+0148 "ň" */
    0x0, 0x16, 0xd0, 0x6, 0xbc, 0x10, 0xc, 0x48,
    0xac, 0x0, 0x94, 0xa1, 0x0, 0xe9, 0x19, 0x24,
    0x63, 0x60, 0xf, 0xa8, 0x3e, 0x83, 0x80, 0x3f,
    0x22, 0x90, 0xb9, 0x0, 0x7f, 0x5c, 0xca, 0x0,
    0x3f, 0xc2, 0xcc, 0x0, 0xf3, 0xff, 0x84, 0x1b,
    0x3f, 0xda, 0xe0, 0x1e, 0x3c, 0x93, 0x0, 0x14,
    0x60, 0x7, 0x49, 0xad, 0x5c, 0x90, 0x1c, 0x0,
    0x64, 0xaa, 0x2a, 0x36, 0x90, 0x30, 0x6, 0x55,
    0x0, 0x75, 0x0, 0x90, 0x5, 0xc0, 0x1e, 0x40,
    0x3, 0x80, 0x4a, 0x1, 0xe1, 0x0, 0xff, 0xe2,
    0x18, 0x7, 0xff, 0xfc, 0x3, 0xff, 0xb2,

    /* U+0149 "ŉ" */
    0x1, 0xff, 0x68, 0x7, 0xff, 0x58, 0xc0, 0xe,
    0x1, 0xff, 0xc3, 0x40, 0x4, 0x0, 0x7f, 0xf0,
    0xf0, 0x14, 0x80, 0x3f, 0xf8, 0x68, 0x10, 0x19,
    0xf6, 0x3, 0x1b, 0xfd, 0x68, 0x1, 0xb, 0xc9,
    0x0, 0x63, 0xf7, 0x20, 0x14, 0xb7, 0x0, 0xc,
    0xb0, 0x6, 0x6d, 0x17, 0xbb, 0x38, 0x2, 0xc,
    0x3, 0xf1, 0x6, 0xc2, 0x22, 0x2c, 0x1, 0x40,
    0x1f, 0xd4, 0x40, 0x19, 0xc, 0x10, 0x3, 0xf0,
    0xa0, 0x7, 0x94, 0x8, 0x3, 0xf1, 0x0, 0x7d,
    0xc0, 0x1f, 0xe7, 0x0, 0xff, 0xff, 0x80, 0x7f,
    0xff, 0xc0, 0x3f, 0xf8, 0x20,

    /* U+014A "Ŋ" */
    0x4f, 0xf4, 0x0, 0x12, 0xf7, 0xfa, 0xd0, 0x3,
    0xf5, 0x5a, 0x10, 0xa, 0x5c, 0x80, 0x7a, 0x54,
    0x4, 0xcc, 0x1, 0x33, 0x0, 0x32, 0xb0, 0xdf,
    0x66, 0x39, 0x40, 0x10, 0x1, 0x88, 0x7d, 0x0,
    0x21, 0xa3, 0x1, 0x40, 0xd, 0x62, 0x1, 0xe9,
    0x0, 0x60, 0x4, 0x2a, 0x1, 0xf2, 0x0, 0xc,
    0x2, 0x40, 0xf, 0xc2, 0x0, 0x70, 0x8, 0xc0,
    0x3f, 0x84, 0x4, 0x2, 0x10, 0xf, 0xff, 0xf8,
    0x7, 0xff, 0xfc, 0x3, 0xff, 0xb4, 0x9f, 0xe8,
    0x0, 0xff, 0xe6, 0x88, 0x8, 0x7, 0xff, 0x0,
    0x80, 0xc, 0x1, 0xfe, 0x24, 0xe0, 0x7, 0x80,
    0x7f, 0xb6, 0xcc, 0xd, 0x40, 0x3f, 0xf8, 0x4,
    0xf8, 0x0,

    /* U+014B "ŋ" */
    0x7f, 0xf0, 0x83, 0x67, 0xfb, 0x5c, 0x3, 0xc7,
    0x92, 0x60, 0x2, 0x8c, 0x0, 0xe9, 0x35, 0xab,
    0x92, 0x3, 0x80, 0xc, 0x95, 0x45, 0x46, 0xd2,
    0x6, 0x0, 0xca, 0xa0, 0xe, 0xa0, 0x12, 0x0,
    0xb8, 0x3, 0xc8, 0x0, 0x60, 0x9, 0x40, 0x3c,
    0x20, 0x1, 0x0, 0xff, 0xe0, 0x98, 0x7, 0xff,
    0xfc, 0x3, 0xff, 0xb2, 0xff, 0xe1, 0x0, 0xfe,
    0x30, 0xf, 0xf0, 0x80, 0x4, 0x3, 0xfc, 0xa0,
    0x6, 0x0, 0xe2, 0x28, 0xd6, 0x0, 0x48, 0x3,
    0xbf, 0x75, 0x94, 0x21, 0x60, 0x1f, 0xf2, 0x5a,
    0x80,

    /* U+014C "Ō" */
    0x0, 0xf0, 0x8f, 0xe0, 0xf, 0xfe, 0x7, 0x77,
    0xe2, 0x0, 0xff, 0xe9, 0xff, 0xfe, 0x20, 0xf,
    0xff, 0x3b, 0x56, 0xff, 0xb6, 0xd8, 0x3, 0xfc,
    0xbd, 0x2a, 0x40, 0x2, 0x49, 0xe5, 0x0, 0xf9,
    0xe8, 0x40, 0xe2, 0xa9, 0x6, 0x3, 0x4e, 0x1,
    0xcb, 0x0, 0xa, 0xc7, 0x55, 0x3e, 0x50, 0x2,
    0x14, 0x2, 0x1b, 0x0, 0x5a, 0x80, 0x79, 0x6c,
    0x1, 0x42, 0x0, 0x61, 0x6, 0x40, 0xf, 0xc8,
    0xc0, 0x9, 0x0, 0x50, 0x2, 0xc0, 0x3f, 0xd6,
    0x0, 0x60, 0x12, 0x2, 0x20, 0x7, 0xf8, 0x8c,
    0x4, 0x94, 0x0, 0xe0, 0x1f, 0xfc, 0x5, 0x0,
    0x38, 0x80, 0x8, 0x3, 0xff, 0x80, 0x20, 0x3,
    0x30, 0x3, 0xc0, 0x3f, 0xf8, 0x1e, 0x0, 0x13,
    0x0, 0x78, 0x7, 0xff, 0x3, 0xc0, 0x2, 0x20,
    0x1, 0x0, 0x7f, 0xf0, 0x4, 0x0, 0x6a, 0x0,
    0x70, 0xf, 0xfe, 0x2, 0x80, 0x1c, 0x48, 0x8,
    0x80, 0x1f, 0xe1, 0x30, 0x12, 0xa, 0x0, 0x58,
    0x7, 0xfa, 0x0, 0xc, 0x0, 0x61, 0x6, 0x40,
    0xf, 0xc6, 0xc0, 0x9, 0x0, 0xd, 0x80, 0x2d,
    0x40, 0x3c, 0xb8, 0x0, 0xa1, 0x0, 0x96, 0x0,
    0x15, 0x8e, 0xaa, 0x7c, 0xa0, 0x4, 0x28, 0x7,
    0x3d, 0x8, 0x1c, 0x55, 0x20, 0xc0, 0x69, 0xc0,
    0x3e, 0x5e, 0x95, 0x20, 0x0, 0xa4, 0xf2, 0x80,
    0x60,

    /* U+014D "ō" */
    0x0, 0xa3, 0xff, 0xea, 0x0, 0xff, 0xe4, 0xc7,
    0x77, 0xd4, 0x1, 0xf0, 0x8f, 0xc0, 0x1f, 0xfd,
    0xa6, 0xbe, 0xfe, 0xc6, 0x0, 0xf0, 0xe4, 0xa0,
    0x80, 0x9c, 0xe9, 0x0, 0x6c, 0x30, 0x3a, 0xca,
    0x40, 0x2c, 0x10, 0x3, 0x90, 0x36, 0x29, 0xad,
    0xb8, 0xc, 0x0, 0x24, 0x6, 0x40, 0x3a, 0xc,
    0x18, 0x48, 0x41, 0x80, 0x3e, 0xa0, 0x2, 0x38,
    0x3, 0x40, 0x3e, 0x50, 0x1, 0x18, 0x1, 0x80,
    0x3e, 0x20, 0x7, 0x80, 0x7f, 0xf0, 0xcc, 0x0,
    0xc0, 0x1f, 0x18, 0x3, 0xdc, 0x1, 0xa0, 0x1f,
    0x20, 0x0, 0x88, 0x20, 0xc0, 0x1f, 0x50, 0x1,
    0x2, 0x40, 0x64, 0x3, 0x9c, 0xc1, 0x84, 0x1c,
    0x81, 0xad, 0x4d, 0x2a, 0x0, 0x60, 0x2, 0xc3,
    0x4, 0xac, 0xb5, 0x2, 0xc1, 0x0, 0x87, 0x25,
    0x4, 0x4, 0xe3, 0x48, 0x0,

    /* U+014E "Ŏ" */
    0x0, 0xe2, 0xf8, 0x0, 0xcf, 0xe6, 0x1, 0xfe,
    0x21, 0x76, 0x10, 0x58, 0x13, 0x0, 0xff, 0xa8,
    0x27, 0xbe, 0x82, 0xc0, 0x3f, 0xf8, 0x9, 0xac,
    0x86, 0xda, 0xa0, 0x1f, 0xfc, 0x12, 0x9b, 0xc9,
    0x20, 0xf, 0xfe, 0xab, 0x56, 0xff, 0xb6, 0xd8,
    0x3, 0xfc, 0xbd, 0x2a, 0x40, 0x2, 0x49, 0xe5,
    0x0, 0xf9, 0xe8, 0x40, 0xe2, 0xa9, 0x6, 0x3,
    0x4e, 0x1, 0xcb, 0x0, 0xa, 0xc7, 0x55, 0x3e,
    0x50, 0x2, 0x14, 0x2, 0x1b, 0x0, 0x5a, 0x80,
    0x79, 0x6c, 0x1, 0x42, 0x0, 0x61, 0x6, 0x40,
    0xf, 0xc8, 0xc0, 0x9, 0x0, 0x50, 0x2, 0xc0,
    0x3f, 0xd6, 0x0, 0x60, 0x12, 0x2, 0x20, 0x7,
    0xf8, 0x8c, 0x4, 0x94, 0x0, 0xe0, 0x1f, 0xfc,
    0x5, 0x0, 0x38, 0x80, 0x8, 0x3, 0xff, 0x80,
    0x20, 0x3, 0x30, 0x3, 0xc0, 0x3f, 0xf8, 0x1e,
    0x0, 0x13, 0x0, 0x78, 0x7, 0xff, 0x3, 0xc0,
    0x2, 0x20, 0x1, 0x0, 0x7f, 0xf0, 0x4, 0x0,
    0x6a, 0x0, 0x70, 0xf, 0xfe, 0x2, 0x80, 0x1c,
    0x48, 0x8, 0x80, 0x1f, 0xe1, 0x30, 0x12, 0xa,
    0x0, 0x58, 0x7, 0xfa, 0x0, 0xc, 0x0, 0x61,
    0x6, 0x40, 0xf, 0xc6, 0xc0, 0x9, 0x0, 0xd,
    0x80, 0x2d, 0x40, 0x3c, 0xb8, 0x0, 0xa1, 0x0,
    0x96, 0x0, 0x15, 0x8e, 0xaa, 0x7c, 0xa0, 0x4,
    0x28, 0x7, 0x3d, 0x8, 0x1c, 0x55, 0x20, 0xc0,
    0x69, 0xc0, 0x3e, 0x5e, 0x95, 0x20, 0x0, 0xa4,
    0xf2, 0x80, 0x60,

    /* U+014F "ŏ" */
    0x0, 0xa7, 0xc4, 0x3, 0x75, 0x80, 0x7b, 0x2,
    0x88, 0xa, 0x84, 0xc0, 0x3c, 0xa6, 0x9b, 0xfa,
    0xa3, 0x0, 0x1f, 0x64, 0x19, 0x1b, 0xf8, 0x7,
    0xf3, 0xe6, 0xe4, 0x8, 0x7, 0xff, 0x69, 0xaf,
    0xbf, 0xb1, 0x80, 0x3c, 0x39, 0x28, 0x20, 0x27,
    0x3a, 0x40, 0x1b, 0xc, 0xe, 0xb2, 0x90, 0xb,
    0x4, 0x0, 0xe4, 0xd, 0x8a, 0x6b, 0x6e, 0x3,
    0x0, 0x9, 0x1, 0x90, 0xe, 0x83, 0x6, 0x12,
    0x10, 0x60, 0xf, 0xa8, 0x0, 0x8e, 0x0, 0xd0,
    0xf, 0x94, 0x0, 0x46, 0x0, 0x60, 0xf, 0x88,
    0x1, 0xe0, 0x1f, 0xfc, 0x33, 0x0, 0x30, 0x7,
    0xc6, 0x0, 0xf7, 0x0, 0x68, 0x7, 0xc8, 0x0,
    0x22, 0x8, 0x30, 0x7, 0xd4, 0x0, 0x40, 0x90,
    0x19, 0x0, 0xe7, 0x30, 0x61, 0x7, 0x20, 0x6b,
    0x53, 0x4a, 0x80, 0x18, 0x0, 0xb0, 0xc1, 0x2b,
    0x2d, 0x40, 0xb0, 0x40, 0x21, 0xc9, 0x41, 0x1,
    0x38, 0xd2, 0x0, 0x0,

    /* U+0150 "Ő" */
    0x0, 0xfd, 0x1f, 0xc2, 0x1b, 0xf0, 0x1, 0xff,
    0x1b, 0x86, 0xd, 0x12, 0x40, 0x7, 0xf8, 0x74,
    0x2c, 0x99, 0x4e, 0xc0, 0x3f, 0xe7, 0x59, 0x40,
    0xc5, 0xd0, 0xf, 0xfe, 0x3, 0x5b, 0x0, 0x2a,
    0x82, 0x1, 0xff, 0xd4, 0x6a, 0xdf, 0xf6, 0xdb,
    0x0, 0x7f, 0x97, 0xa5, 0x48, 0x0, 0x49, 0x3c,
    0xa0, 0x1f, 0x3d, 0x8, 0x1c, 0x55, 0x20, 0xc0,
    0x69, 0xc0, 0x39, 0x60, 0x1, 0x58, 0xea, 0xa7,
    0xca, 0x0, 0x42, 0x80, 0x43, 0x60, 0xb, 0x50,
    0xf, 0x2d, 0x80, 0x28, 0x40, 0xc, 0x20, 0xc8,
    0x1, 0xf9, 0x18, 0x1, 0x20, 0xa, 0x0, 0x58,
    0x7, 0xfa, 0xc0, 0xc, 0x2, 0x40, 0x44, 0x0,
    0xff, 0x11, 0x80, 0x92, 0x80, 0x1c, 0x3, 0xff,
    0x80, 0xa0, 0x7, 0x10, 0x1, 0x0, 0x7f, 0xf0,
    0x4, 0x0, 0x66, 0x0, 0x78, 0x7, 0xff, 0x3,
    0xc0, 0x2, 0x60, 0xf, 0x0, 0xff, 0xe0, 0x78,
    0x0, 0x44, 0x0, 0x20, 0xf, 0xfe, 0x0, 0x80,
    0xd, 0x40, 0xe, 0x1, 0xff, 0xc0, 0x50, 0x3,
    0x89, 0x1, 0x10, 0x3, 0xfc, 0x26, 0x2, 0x41,
    0x40, 0xb, 0x0, 0xff, 0x40, 0x1, 0x80, 0xc,
    0x20, 0xc8, 0x1, 0xf8, 0xd8, 0x1, 0x20, 0x1,
    0xb0, 0x5, 0xa8, 0x7, 0x97, 0x0, 0x14, 0x20,
    0x12, 0xc0, 0x2, 0xb1, 0xd5, 0x4f, 0x94, 0x0,
    0x85, 0x0, 0xe7, 0xa1, 0x3, 0x8a, 0xa4, 0x18,
    0xd, 0x38, 0x7, 0xcb, 0xd2, 0xa4, 0x0, 0x14,
    0x9e, 0x50, 0xc,

    /* U+0151 "ő" */
    0x0, 0xf8, 0xd0, 0x40, 0x50, 0xc0, 0x3e, 0x4c,
    0xa1, 0xd, 0xba, 0x0, 0xfa, 0x2, 0xc1, 0xc,
    0x64, 0x3, 0xc8, 0x66, 0x50, 0x90, 0xa0, 0xf,
    0xa0, 0x3c, 0x14, 0x95, 0x0, 0x3c, 0x86, 0xa6,
    0x16, 0x36, 0x1, 0xf2, 0x7d, 0x0, 0x3b, 0x82,
    0x1, 0xff, 0xca, 0x6b, 0xef, 0xec, 0x60, 0xf,
    0xe, 0x4a, 0x8, 0x9, 0xce, 0x90, 0x6, 0xc3,
    0x3, 0xac, 0xa4, 0x2, 0xc1, 0x0, 0x39, 0x3,
    0x62, 0x9a, 0xdb, 0x80, 0xc0, 0x2, 0x40, 0x64,
    0x3, 0xa0, 0xc1, 0x84, 0x84, 0x18, 0x3, 0xea,
    0x0, 0x23, 0x80, 0x34, 0x3, 0xe5, 0x0, 0x11,
    0x80, 0x18, 0x3, 0xe2, 0x0, 0x78, 0x7, 0xff,
    0xc, 0xc0, 0xc, 0x1, 0xf1, 0x80, 0x3d, 0xc0,
    0x1a, 0x1, 0xf2, 0x0, 0x8, 0x82, 0xc, 0x1,
    0xf5, 0x0, 0x10, 0x24, 0x6, 0x40, 0x39, 0xcc,
    0x18, 0x41, 0xc8, 0x1a, 0xd4, 0xd2, 0xa0, 0x6,
    0x0, 0x2c, 0x30, 0x4a, 0xcb, 0x50, 0x2c, 0x10,
    0x8, 0x72, 0x50, 0x40, 0x4e, 0x34, 0x80, 0x0,

    /* U+0152 "Œ" */
    0x0, 0xf9, 0x63, 0x37, 0xbf, 0xff, 0xf8, 0x5c,
    0x1, 0xe8, 0xea, 0x73, 0x21, 0x0, 0xff, 0xe3,
    0x9e, 0xb8, 0x81, 0x2c, 0x4d, 0x50, 0x0, 0x55,
    0x5f, 0xd6, 0x1, 0x16, 0x10, 0x1d, 0xed, 0x3b,
    0x2a, 0x80, 0x2, 0xab, 0xfe, 0x0, 0xbc, 0x0,
    0xd8, 0x80, 0x1f, 0xfc, 0x96, 0x20, 0x39, 0x0,
    0xff, 0xe5, 0xd0, 0x3, 0xc0, 0x3f, 0xf9, 0x62,
    0x60, 0x26, 0x1, 0xff, 0xcb, 0x50, 0x2, 0x0,
    0x7f, 0xf0, 0x5, 0x57, 0xf8, 0x80, 0x40, 0x4,
    0x1, 0xff, 0xc0, 0x2a, 0xaf, 0xf0, 0x18, 0x7,
    0xff, 0x3c, 0xc0, 0x3f, 0xf8, 0x67, 0xff, 0xfd,
    0x0, 0x20, 0x2, 0x0, 0xff, 0xe6, 0x28, 0x1,
    0x0, 0x3f, 0xf9, 0x82, 0x60, 0x28, 0x1, 0xff,
    0xcc, 0xa0, 0x4, 0x0, 0x7f, 0xf3, 0x18, 0x80,
    0xe4, 0x3, 0xff, 0x99, 0xe0, 0x6, 0xc4, 0x0,
    0xff, 0xe5, 0x16, 0x8, 0x1d, 0xf5, 0x3b, 0x34,
    0x0, 0x16, 0x6f, 0xf0, 0x80, 0x47, 0xce, 0x20,
    0x2b, 0x13, 0x30, 0x0, 0xa6, 0x7f, 0xc6, 0x1,
    0xd1, 0xd4, 0xc6, 0x22, 0x0, 0xff, 0xe2, 0x0,

    /* U+0153 "œ" */
    0x0, 0xcd, 0x7d, 0xfd, 0x8c, 0x1, 0x85, 0xf3,
    0xbf, 0xad, 0x80, 0x3c, 0x39, 0x28, 0x20, 0x27,
    0x3a, 0x40, 0xbf, 0x6, 0x20, 0x29, 0x3a, 0x20,
    0x1b, 0xc, 0xe, 0xb2, 0x90, 0xb, 0xda, 0x84,
    0x1e, 0xb2, 0xd8, 0xb, 0x0, 0x27, 0x20, 0x6c,
    0x53, 0x5b, 0x70, 0x29, 0x3, 0xe8, 0x53, 0x49,
    0xb0, 0x27, 0x0, 0x48, 0xc, 0x80, 0x74, 0x18,
    0x5, 0xc2, 0x1, 0xc8, 0xa1, 0x40, 0x42, 0xc,
    0x1, 0xf5, 0x0, 0xc, 0x80, 0x3e, 0xc0, 0x20,
    0x70, 0x6, 0x80, 0x7c, 0xa0, 0x3, 0xff, 0xfd,
    0x20, 0x2, 0x30, 0x3, 0x0, 0x7c, 0x40, 0x1f,
    0xfd, 0x15, 0xff, 0xff, 0x88, 0xc0, 0xc, 0x1,
    0xf1, 0x80, 0x18, 0x3, 0xff, 0x80, 0xe0, 0xd,
    0x0, 0xf9, 0x0, 0x6, 0x20, 0x1f, 0xf1, 0x8,
    0x30, 0x7, 0xd4, 0x1, 0x40, 0x7, 0xff, 0x2,
    0x40, 0x64, 0x3, 0x9c, 0xc0, 0x26, 0x50, 0xf,
    0x8d, 0x40, 0xe, 0x40, 0xd6, 0xa6, 0x95, 0x0,
    0x78, 0x0, 0xab, 0x53, 0x32, 0x3e, 0x64, 0x1,
    0x61, 0x82, 0x56, 0x5a, 0x81, 0xe9, 0xe1, 0x2,
    0x56, 0x62, 0xe0, 0xc0, 0x40, 0x21, 0xc9, 0x41,
    0x1, 0x49, 0xc1, 0x3, 0xda, 0x42, 0x0, 0xa,
    0x3e, 0x40, 0x0,

    /* U+0154 "Ŕ" */
    0x0, 0xf8, 0xe1, 0xc0, 0x3f, 0xf8, 0x23, 0xae,
    0x20, 0x1f, 0xfc, 0x1a, 0x17, 0x60, 0xf, 0xfe,
    0x4, 0x22, 0xc0, 0x7, 0xff, 0x6, 0x3e, 0x80,
    0x3f, 0xf9, 0xc9, 0xff, 0xf7, 0x5b, 0x0, 0x7f,
    0xf0, 0x85, 0x27, 0x8c, 0x3, 0xe5, 0xaa, 0xa5,
    0xc4, 0x7, 0x44, 0x3, 0xc4, 0xab, 0x34, 0x79,
    0x80, 0xb0, 0x7, 0xff, 0x0, 0x60, 0x1, 0x60,
    0x1f, 0xfc, 0x14, 0x0, 0x10, 0x7, 0xff, 0x10,
    0xc0, 0x3f, 0xf8, 0x24, 0x0, 0x60, 0xf, 0xfe,
    0xd, 0x80, 0x34, 0x3, 0xfc, 0x27, 0x6c, 0x6,
    0xc0, 0x1e, 0x7f, 0xfb, 0xb1, 0x1, 0x74, 0x3,
    0xff, 0x84, 0x52, 0x20, 0x1f, 0x2d, 0x55, 0x28,
    0x5, 0x84, 0x1, 0xf1, 0x2a, 0xcd, 0x74, 0x0,
    0xf0, 0xf, 0xfe, 0xa, 0xb0, 0x13, 0x0, 0x7f,
    0xf0, 0x60, 0x1, 0x0, 0x1f, 0xfc, 0x11, 0x70,
    0x17, 0x0, 0xff, 0xe0, 0xc8, 0x2, 0x40, 0x3f,
    0xf8, 0x22, 0xe0, 0x2c, 0x1, 0xff, 0xc1, 0x90,
    0x4, 0x0, 0x7f, 0xf0, 0x45, 0xc0, 0x58,

    /* U+0155 "ŕ" */
    0x0, 0xfa, 0x3f, 0xc4, 0x1, 0xe4, 0x70, 0xa2,
    0x0, 0xf5, 0x4, 0x28, 0x7, 0xa8, 0x55, 0xc0,
    0x3c, 0xaa, 0x2a, 0x0, 0xf8, 0xdf, 0xc0, 0x3f,
    0x34, 0x10, 0x6, 0x7f, 0xf0, 0x83, 0x67, 0x7c,
    0x0, 0x63, 0xc9, 0x31, 0x0, 0xf7, 0x1a, 0x4d,
    0x4e, 0x80, 0x63, 0x8b, 0x65, 0x65, 0x0, 0xc6,
    0xe0, 0x1f, 0xd2, 0x1, 0xfe, 0x70, 0xf, 0xf1,
    0x80, 0x7f, 0xff, 0xc0, 0x3f, 0xf9, 0x0,

    /* U+0156 "Ŗ" */
    0x4f, 0xff, 0xba, 0xd8, 0x3, 0xff, 0x84, 0x29,
    0x3c, 0x60, 0x1f, 0x2d, 0x55, 0x2e, 0x20, 0x3a,
    0x20, 0x1e, 0x25, 0x59, 0xa3, 0xcc, 0x5, 0x80,
    0x3f, 0xf8, 0x3, 0x0, 0xb, 0x0, 0xff, 0xe0,
    0xa0, 0x0, 0x80, 0x3f, 0xf8, 0x86, 0x1, 0xff,
    0xc1, 0x20, 0x3, 0x0, 0x7f, 0xf0, 0x6c, 0x1,
    0xa0, 0x1f, 0xe1, 0x3b, 0x60, 0x36, 0x0, 0xf3,
    0xff, 0xdd, 0x88, 0xb, 0xa0, 0x1f, 0xfc, 0x22,
    0x91, 0x0, 0xf9, 0x6a, 0xa9, 0x40, 0x2c, 0x20,
    0xf, 0x89, 0x56, 0x6b, 0xa0, 0x7, 0x80, 0x7f,
    0xf0, 0x55, 0x80, 0x98, 0x3, 0xff, 0x83, 0x0,
    0x8, 0x0, 0xff, 0xe0, 0x8b, 0x80, 0xb8, 0x7,
    0xff, 0x6, 0x40, 0x12, 0x1, 0xff, 0xc1, 0x17,
    0x1, 0x60, 0xf, 0xfe, 0xc, 0x80, 0x20, 0x3,
    0xff, 0x82, 0x2e, 0x2, 0xc9, 0xfe, 0x80, 0xf,
    0xe8, 0xff, 0x30, 0x7, 0xff, 0x31, 0x7f, 0xcc,
    0x1, 0xff, 0xc1, 0xc0, 0x16, 0x0, 0xff, 0xe0,
    0xa0, 0x40, 0x7, 0xff, 0x4, 0x48, 0x58, 0x3,
    0xff, 0x85, 0x1a, 0x1, 0xf8,

    /* U+0157 "ŗ" */
    0x7, 0xff, 0x8, 0x36, 0x77, 0xc0, 0x6, 0x3c,
    0x93, 0x10, 0xf, 0x71, 0xa4, 0xd4, 0xe8, 0x6,
    0x38, 0xb6, 0x56, 0x50, 0xc, 0x6e, 0x1, 0xfd,
    0x20, 0x1f, 0xe7, 0x0, 0xff, 0x18, 0x7, 0xff,
    0xfc, 0x3, 0xff, 0x90, 0xff, 0xe1, 0x0, 0xff,
    0xe3, 0x1f, 0xfa, 0x0, 0x3e, 0x40, 0x4, 0x80,
    0x7d, 0x80, 0xe2, 0x1, 0xf2, 0x4, 0x80, 0x7c,
    0x31, 0x62, 0x1, 0xf0,

    /* U+0158 "Ř" */
    0x0, 0x14, 0x28, 0x4, 0x30, 0xa0, 0x1f, 0x88,
    0xe9, 0x0, 0x18, 0xee, 0x0, 0xfe, 0xa1, 0xb3,
    0xb2, 0x92, 0x0, 0xfe, 0x1a, 0xc, 0x44, 0x30,
    0x7, 0xfc, 0x92, 0xee, 0xa0, 0xf, 0xfe, 0xb,
    0x44, 0x4, 0x3, 0xf2, 0x7f, 0xfd, 0xd6, 0xc0,
    0x1f, 0xfc, 0x21, 0x49, 0xe3, 0x0, 0xf9, 0x6a,
    0xa9, 0x71, 0x1, 0xd1, 0x0, 0xf1, 0x2a, 0xcd,
    0x1e, 0x60, 0x2c, 0x1, 0xff, 0xc0, 0x18, 0x0,
    0x58, 0x7, 0xff, 0x5, 0x0, 0x4, 0x1, 0xff,
    0xc4, 0x30, 0xf, 0xfe, 0x9, 0x0, 0x18, 0x3,
    0xff, 0x83, 0x60, 0xd, 0x0, 0xff, 0x9, 0xdb,
    0x1, 0xb0, 0x7, 0x9f, 0xfe, 0xec, 0x40, 0x5d,
    0x0, 0xff, 0xe1, 0x14, 0x88, 0x7, 0xcb, 0x55,
    0x4a, 0x1, 0x61, 0x0, 0x7c, 0x4a, 0xb3, 0x5d,
    0x0, 0x3c, 0x3, 0xff, 0x82, 0xac, 0x4, 0xc0,
    0x1f, 0xfc, 0x18, 0x0, 0x40, 0x7, 0xff, 0x4,
    0x5c, 0x5, 0xc0, 0x3f, 0xf8, 0x32, 0x0, 0x90,
    0xf, 0xfe, 0x8, 0xb8, 0xb, 0x0, 0x7f, 0xf0,
    0x64, 0x1, 0x0, 0x1f, 0xfc, 0x11, 0x70, 0x16,

    /* U+0159 "ř" */
    0xa, 0xf4, 0x0, 0xa3, 0xd8, 0x2c, 0x28, 0x0,
    0x6e, 0x6c, 0x3, 0x3, 0x41, 0xc1, 0xe0, 0x13,
    0x92, 0xe1, 0x31, 0x80, 0x69, 0x3, 0x18, 0x0,
    0xe4, 0x97, 0xa1, 0x0, 0xf3, 0x42, 0x0, 0x4f,
    0xfe, 0x10, 0x6c, 0xef, 0x80, 0x8, 0xf2, 0x4c,
    0x40, 0x3b, 0x8d, 0x26, 0xa7, 0x40, 0x23, 0x8b,
    0x65, 0x65, 0x0, 0x8d, 0xc0, 0x3f, 0x48, 0x7,
    0xf3, 0x80, 0x7f, 0x18, 0x7, 0xff, 0xfc, 0x3,
    0xfe,

    /* U+015A "Ś" */
    0x0, 0xfd, 0x1f, 0xa0, 0x1f, 0xfc, 0x3, 0x70,
    0xf0, 0xf, 0xfe, 0x7, 0x5, 0x10, 0x7, 0xfd,
    0x4, 0xca, 0x1, 0xff, 0xc0, 0x8f, 0x90, 0xf,
    0xfe, 0x7b, 0x5f, 0x7f, 0xbb, 0x25, 0x84, 0x3,
    0x1f, 0x4a, 0x8, 0x0, 0x4d, 0xa7, 0x80, 0x22,
    0xc1, 0x3, 0x8a, 0xba, 0x73, 0x0, 0xe9, 0x0,
    0x46, 0x3a, 0xa2, 0xc6, 0x6b, 0x80, 0x48, 0x4,
    0xe0, 0x1f, 0x14, 0x0, 0x8, 0x0, 0xe0, 0x1f,
    0xfc, 0x3, 0x0, 0x30, 0x7, 0xff, 0x0, 0x44,
    0x6, 0xc0, 0x1f, 0xfc, 0x9, 0x0, 0x4e, 0x3a,
    0x8, 0x7, 0xe7, 0x60, 0x1, 0xc5, 0xf6, 0xca,
    0x0, 0x7a, 0x71, 0x40, 0x31, 0x35, 0xe1, 0x0,
    0x71, 0xd7, 0xe4, 0xb0, 0x80, 0xf, 0x8, 0x3,
    0xe3, 0x69, 0xeb, 0x10, 0x18, 0x0, 0xff, 0x93,
    0x0, 0xa, 0x1, 0xff, 0xc0, 0x23, 0x0, 0x10,
    0x7, 0xff, 0x1, 0xc0, 0x3f, 0xf8, 0x6a, 0x0,
    0x21, 0xd6, 0x0, 0xfd, 0x42, 0x8, 0x0, 0x29,
    0xfb, 0x75, 0x45, 0x8e, 0x50, 0x4, 0x0, 0x90,
    0x1, 0x22, 0xae, 0x9c, 0x40, 0x70, 0xc0, 0x1b,
    0x90, 0x84, 0x1, 0x12, 0xd7, 0x18, 0x0,

    /* U+015B "ś" */
    0x0, 0xfc, 0x71, 0x2, 0x0, 0xfe, 0xe7, 0x32,
    0x0, 0xfd, 0x24, 0x4b, 0x0, 0xfc, 0x8c, 0x1e,
    0x1, 0xf8, 0x68, 0x2c, 0x80, 0x3f, 0x58, 0xc2,
    0x0, 0x7f, 0x57, 0xb8, 0x7, 0xff, 0x20, 0x63,
    0x3f, 0xdd, 0xb4, 0xc2, 0x0, 0x3f, 0x73, 0x0,
    0x9, 0x2c, 0xb8, 0x3, 0x44, 0x1e, 0xf3, 0x14,
    0xe4, 0x0, 0x41, 0xa, 0x84, 0x33, 0x2c, 0x6b,
    0x0, 0x80, 0x10, 0x3, 0xf8, 0x40, 0x12, 0x1,
    0xfc, 0x84, 0xf, 0xb0, 0x80, 0x1f, 0x79, 0x1,
    0x3d, 0xfe, 0x30, 0x6, 0x2d, 0xb6, 0x20, 0x1,
    0xce, 0x90, 0x6, 0x49, 0xde, 0xa4, 0x2, 0xe0,
    0xf, 0x85, 0x6d, 0x0, 0xc4, 0x3, 0xfb, 0x40,
    0x4, 0x64, 0x1, 0xf6, 0x0, 0x9, 0x37, 0x1d,
    0x8, 0xd6, 0xd4, 0x14, 0x40, 0x7, 0x17, 0xb9,
    0x48, 0x9, 0x40, 0xf6, 0xe6, 0x20, 0x1, 0x5a,
    0xb0, 0x0,

    /* U+015C "Ŝ" */
    0x0, 0xf5, 0x7f, 0xa8, 0x3, 0xfe, 0x55, 0x11,
    0xab, 0x0, 0x7f, 0x15, 0xe, 0x68, 0xc9, 0x0,
    0x7e, 0xe0, 0xd1, 0x16, 0x87, 0x0, 0x7e, 0xcf,
    0x30, 0x1, 0xfe, 0x0, 0x7f, 0xf3, 0x1a, 0xfb,
    0xfd, 0xd9, 0x2c, 0x20, 0x18, 0xfa, 0x50, 0x40,
    0x2, 0x6d, 0x3c, 0x1, 0x16, 0x8, 0x1c, 0x55,
    0xd3, 0x98, 0x7, 0x48, 0x2, 0x31, 0xd5, 0x16,
    0x33, 0x5c, 0x2, 0x40, 0x27, 0x0, 0xf8, 0xa0,
    0x0, 0x40, 0x7, 0x0, 0xff, 0xe0, 0x18, 0x1,
    0x80, 0x3f, 0xf8, 0x2, 0x20, 0x36, 0x0, 0xff,
    0xe0, 0x48, 0x2, 0x71, 0xd0, 0x40, 0x3f, 0x3b,
    0x0, 0xe, 0x2f, 0xb6, 0x50, 0x3, 0xd3, 0x8a,
    0x1, 0x89, 0xaf, 0x8, 0x3, 0x8e, 0xbf, 0x25,
    0x84, 0x0, 0x78, 0x40, 0x1f, 0x1b, 0x4f, 0x58,
    0x80, 0xc0, 0x7, 0xfc, 0x98, 0x0, 0x50, 0xf,
    0xfe, 0x1, 0x18, 0x0, 0x80, 0x3f, 0xf8, 0xe,
    0x1, 0xff, 0xc3, 0x50, 0x1, 0xe, 0xb0, 0x7,
    0xea, 0x10, 0x40, 0x1, 0x4f, 0xdb, 0xaa, 0x2c,
    0x72, 0x80, 0x20, 0x4, 0x80, 0x9, 0x15, 0x74,
    0xe2, 0x3, 0x86, 0x0, 0xdc, 0x84, 0x20, 0x8,
    0x96, 0xb8, 0xc0, 0x0,

    /* U+015D "ŝ" */
    0x0, 0xe5, 0x85, 0x0, 0xfe, 0x2a, 0x7a, 0x20,
    0xf, 0xd2, 0x6, 0x12, 0x1, 0xf2, 0xa1, 0xe1,
    0xa2, 0x80, 0x7a, 0xc3, 0x83, 0x42, 0xc0, 0x3a,
    0x6, 0x48, 0x6, 0x46, 0x40, 0x34, 0x7b, 0x0,
    0x4d, 0xf2, 0x1, 0xff, 0xc5, 0x18, 0xcf, 0xf7,
    0x6d, 0x30, 0x80, 0xf, 0xdc, 0xc0, 0x2, 0x4b,
    0x2e, 0x0, 0xd1, 0x7, 0xbc, 0xc5, 0x39, 0x0,
    0x10, 0x42, 0xa1, 0xc, 0xcb, 0x1a, 0xc0, 0x20,
    0x4, 0x0, 0xfe, 0x10, 0x4, 0x80, 0x7f, 0x21,
    0x3, 0xec, 0x20, 0x7, 0xde, 0x40, 0x4f, 0x7f,
    0x8c, 0x1, 0x8b, 0x6d, 0x88, 0x0, 0x73, 0xa4,
    0x1, 0x92, 0x77, 0xa9, 0x0, 0xb8, 0x3, 0xe1,
    0x5b, 0x40, 0x31, 0x0, 0xfe, 0xd0, 0x1, 0x19,
    0x0, 0x7d, 0x80, 0x2, 0x4d, 0xc7, 0x42, 0x35,
    0xb5, 0x5, 0x10, 0x1, 0xc5, 0xee, 0x52, 0x2,
    0x50, 0x3d, 0xb9, 0x88, 0x0, 0x56, 0xac, 0x0,

    /* U+015E "Ş" */
    0x0, 0xcd, 0x7d, 0xfe, 0xec, 0x96, 0x10, 0xc,
    0x7d, 0x28, 0x20, 0x1, 0x36, 0x9e, 0x0, 0x8b,
    0x4, 0xe, 0x2a, 0xe9, 0xcc, 0x3, 0xa4, 0x1,
    0x18, 0xea, 0x8b, 0x19, 0xae, 0x1, 0x20, 0x13,
    0x80, 0x7c, 0x50, 0x0, 0x20, 0x3, 0x80, 0x7f,
    0xf0, 0xc, 0x0, 0xc0, 0x1f, 0xfc, 0x1, 0x10,
    0x1b, 0x0, 0x7f, 0xf0, 0x24, 0x1, 0x38, 0xe8,
    0x20, 0x1f, 0x9d, 0x80, 0x7, 0x17, 0xdb, 0x28,
    0x1, 0xe9, 0xc5, 0x0, 0xc4, 0xd7, 0x84, 0x1,
    0xc7, 0x5f, 0x92, 0xc2, 0x0, 0x3c, 0x20, 0xf,
    0x8d, 0xa7, 0xac, 0x40, 0x60, 0x3, 0xfe, 0x4c,
    0x0, 0x28, 0x7, 0xff, 0x0, 0x8c, 0x0, 0x40,
    0x1f, 0xfc, 0x7, 0x0, 0xff, 0xe1, 0xa8, 0x0,
    0x87, 0x58, 0x3, 0xf5, 0x8, 0x20, 0x0, 0xa7,
    0xed, 0xd5, 0x16, 0x39, 0x40, 0x10, 0x2, 0x40,
    0x4, 0x8a, 0xba, 0x71, 0x1, 0xc3, 0x0, 0x6e,
    0x42, 0x10, 0x4, 0x2b, 0x5c, 0x60, 0x18, 0xde,
    0xf7, 0xf8, 0x12, 0x94, 0x3, 0xfe, 0x15, 0x51,
    0x0, 0x7f, 0xf0, 0x70, 0x14, 0x3, 0xff, 0x83,
    0xe0, 0x1f, 0xf1, 0x7e, 0x61, 0x81, 0x0, 0x3f,
    0x8c, 0xf1, 0x51, 0x80, 0x70,

    /* U+015F "ş" */
    0x0, 0xc, 0x67, 0xfb, 0xb6, 0x98, 0x40, 0x7,
    0xee, 0x60, 0x1, 0x25, 0x97, 0x0, 0x68, 0x83,
    0xde, 0x62, 0x9c, 0x80, 0x8, 0x21, 0x50, 0x86,
    0x65, 0x8d, 0x60, 0x10, 0x2, 0x0, 0x7f, 0x8,
    0x2, 0x40, 0x3f, 0x90, 0x81, 0xf6, 0x10, 0x3,
    0xef, 0x20, 0x27, 0xbf, 0xc6, 0x0, 0xc5, 0xb6,
    0xc4, 0x0, 0x39, 0xd2, 0x0, 0xc9, 0x3b, 0xd4,
    0x80, 0x5c, 0x1, 0xf0, 0xad, 0xa0, 0x18, 0x80,
    0x7f, 0x68, 0x0, 0x8c, 0x80, 0x3e, 0xc0, 0x1,
    0x26, 0xe3, 0xa1, 0x1a, 0xda, 0x82, 0x88, 0x0,
    0xe2, 0xf7, 0x29, 0x1, 0x28, 0x1e, 0xdc, 0xc4,
    0x2, 0x5a, 0xb0, 0x9, 0x23, 0x3b, 0xd4, 0x2d,
    0x40, 0x3f, 0xa4, 0x20, 0x3, 0xfc, 0x60, 0xe0,
    0x1f, 0x8, 0x0, 0x80, 0x3f, 0xab, 0x73, 0x41,
    0xc0, 0x3e, 0x33, 0x85, 0xa4, 0x3, 0x0,

    /* U+0160 "Š" */
    0x0, 0xdb, 0xc4, 0x0, 0x4f, 0xb0, 0xf, 0xdc,
    0x3e, 0x25, 0x63, 0x40, 0x1f, 0x8e, 0xa, 0xbc,
    0x28, 0x40, 0x3f, 0x9d, 0x10, 0x4e, 0x80, 0x1f,
    0xf5, 0xff, 0xa0, 0x3, 0xff, 0x9c, 0xd7, 0xdf,
    0xee, 0xc9, 0x61, 0x0, 0xc7, 0xd2, 0x82, 0x0,
    0x13, 0x69, 0xe0, 0x8, 0xb0, 0x40, 0xe2, 0xae,
    0x9c, 0xc0, 0x3a, 0x40, 0x11, 0x8e, 0xa8, 0xb1,
    0x9a, 0xe0, 0x12, 0x1, 0x38, 0x7, 0xc5, 0x0,
    0x2, 0x0, 0x38, 0x7, 0xff, 0x0, 0xc0, 0xc,
    0x1, 0xff, 0xc0, 0x11, 0x1, 0xb0, 0x7, 0xff,
    0x2, 0x40, 0x13, 0x8e, 0x82, 0x1, 0xf9, 0xd8,
    0x0, 0x71, 0x7d, 0xb2, 0x80, 0x1e, 0x9c, 0x50,
    0xc, 0x4d, 0x78, 0x40, 0x1c, 0x75, 0xf9, 0x2c,
    0x20, 0x3, 0xc2, 0x0, 0xf8, 0xda, 0x7a, 0xc4,
    0x6, 0x0, 0x3f, 0xe4, 0xc0, 0x2, 0x80, 0x7f,
    0xf0, 0x8, 0xc0, 0x4, 0x1, 0xff, 0xc0, 0x70,
    0xf, 0xfe, 0x1a, 0x80, 0x8, 0x75, 0x80, 0x3f,
    0x50, 0x82, 0x0, 0xa, 0x7e, 0xdd, 0x51, 0x63,
    0x94, 0x1, 0x0, 0x24, 0x0, 0x48, 0xab, 0xa7,
    0x10, 0x1c, 0x30, 0x6, 0xe4, 0x21, 0x0, 0x44,
    0xb5, 0xc6, 0x0,

    /* U+0161 "š" */
    0x0, 0x24, 0x10, 0x4, 0x2e, 0xc0, 0x19, 0x9f,
    0x80, 0x2b, 0x83, 0x0, 0xc4, 0xe7, 0x0, 0xaa,
    0x45, 0x0, 0xe8, 0x17, 0x4b, 0x9, 0x0, 0xfa,
    0xc2, 0xc5, 0xc8, 0x3, 0xe5, 0x40, 0x28, 0x0,
    0xfe, 0xbf, 0xd0, 0xf, 0xfe, 0x40, 0xc6, 0x7f,
    0xbb, 0x69, 0x84, 0x0, 0x7e, 0xe6, 0x0, 0x12,
    0x59, 0x70, 0x6, 0x88, 0x3d, 0xe6, 0x29, 0xc8,
    0x0, 0x82, 0x15, 0x8, 0x66, 0x58, 0xd6, 0x1,
    0x0, 0x20, 0x7, 0xf0, 0x80, 0x24, 0x3, 0xf9,
    0x8, 0x1f, 0x61, 0x0, 0x3e, 0xf2, 0x2, 0x7b,
    0xfc, 0x60, 0xc, 0x5b, 0x6c, 0x40, 0x3, 0x9d,
    0x20, 0xc, 0x93, 0xbd, 0x48, 0x5, 0xc0, 0x1f,
    0xa, 0xda, 0x1, 0x88, 0x7, 0xf6, 0x80, 0x8,
    0xc8, 0x3, 0xec, 0x0, 0x12, 0x6e, 0x3a, 0x11,
    0xad, 0xa8, 0x28, 0x80, 0xe, 0x2f, 0x72, 0x90,
    0x12, 0x81, 0xed, 0xcc, 0x40, 0x2, 0xb5, 0x60,
    0x0,

    /* U+0162 "Ţ" */
    0x1f, 0xff, 0xfe, 0x29, 0x80, 0x7f, 0xf1, 0xc6,
    0xab, 0xe1, 0x0, 0x55, 0x7c, 0x40, 0xab, 0xf1,
    0x80, 0x15, 0x7e, 0x10, 0xf, 0xff, 0xf8, 0x7,
    0xff, 0xfc, 0x3, 0xff, 0xfe, 0x1, 0xff, 0xff,
    0x0, 0xff, 0xe9, 0xf8, 0x30, 0x7, 0xff, 0x10,
    0x9d, 0x8c, 0x3, 0xff, 0x89, 0x61, 0x40, 0x1f,
    0xfc, 0x45, 0x3, 0x0, 0xff, 0xe0, 0xf6, 0x62,
    0x43, 0x0, 0x3f, 0xf8, 0x2a, 0x46, 0x4e, 0xc0,
    0x1f, 0x0,

    /* U+0163 "ţ" */
    0x0, 0x1c, 0x40, 0x40, 0x3e, 0x57, 0x71, 0x80,
    0x7f, 0xf3, 0xd3, 0xe4, 0x1, 0xbf, 0xf9, 0x40,
    0x3f, 0xe4, 0xf9, 0x0, 0x6f, 0xfe, 0x50, 0xf,
    0xff, 0xf8, 0x7, 0xff, 0xc, 0xc0, 0x3f, 0xc2,
    0x0, 0x60, 0xf, 0x90, 0x1, 0x28, 0x45, 0x0,
    0x67, 0x2, 0xbd, 0xd9, 0x40, 0x28, 0x93, 0x10,
    0xf, 0xcd, 0x8e, 0x1b, 0xea, 0x1, 0xe8, 0x9,
    0x0, 0xfc, 0x26, 0x82, 0x1, 0xf8, 0x40, 0xc0,
    0x33, 0xed, 0xf1, 0x9, 0x0, 0x62, 0x4, 0x14,
    0xd0, 0x0,

    /* U+0164 "Ť" */
    0x0, 0xe3, 0x84, 0x0, 0x8a, 0x10, 0x3, 0xfc,
    0x6b, 0x66, 0x3, 0x8c, 0xa0, 0x1f, 0xf7, 0x86,
    0x96, 0x8d, 0x8, 0x7, 0xfc, 0x50, 0x3a, 0x6c,
    0x80, 0x1f, 0xfc, 0x17, 0x87, 0x89, 0x0, 0xff,
    0xe1, 0xbc, 0x38, 0x7, 0xe1, 0xff, 0xff, 0xe2,
    0x98, 0x7, 0xff, 0x1c, 0x6a, 0xbe, 0x10, 0x5,
    0x57, 0xc4, 0xa, 0xbf, 0x18, 0x1, 0x57, 0xe1,
    0x0, 0xff, 0xff, 0x80, 0x7f, 0xff, 0xc0, 0x3f,
    0xff, 0xe0, 0x1f, 0xff, 0xf0, 0xf, 0xfe, 0x58,

    /* U+0165 "ť" */
    0x0, 0xf8, 0x51, 0x2, 0x1, 0xf3, 0xdd, 0x88,
    0x3, 0xef, 0x1, 0x30, 0x8, 0x44, 0x0, 0x50,
    0x40, 0x9, 0xbb, 0x84, 0x6, 0x1e, 0x1, 0xf1,
    0x0, 0x14, 0x3, 0xe2, 0xff, 0x0, 0x7f, 0xf0,
    0x53, 0xe4, 0x1, 0xbf, 0xf9, 0x40, 0x3f, 0xe4,
    0xf9, 0x0, 0x6f, 0xfe, 0x50, 0xf, 0xff, 0xf8,
    0x7, 0xff, 0xc, 0xc0, 0x3f, 0xc2, 0x0, 0x60,
    0xf, 0x90, 0x1, 0x28, 0x45, 0x0, 0x67, 0x2,
    0xbd, 0xd9, 0x40, 0x28, 0x93, 0x10, 0xc,

    /* U+0166 "Ŧ" */
    0x1f, 0xff, 0xfe, 0x29, 0x80, 0x7f, 0xf1, 0xc6,
    0xab, 0xe1, 0x0, 0x55, 0x7c, 0x40, 0xab, 0xf1,
    0x80, 0x15, 0x7e, 0x10, 0xf, 0xff, 0xf8, 0x7,
    0xff, 0x7c, 0x99, 0xa3, 0x0, 0x33, 0x46, 0x1,
    0xf9, 0x66, 0x61, 0x0, 0x4c, 0xd4, 0x1, 0xff,
    0xcf, 0x7f, 0xf8, 0x80, 0x1f, 0xf4, 0x80, 0x7f,
    0xff, 0xc0, 0x3f, 0xfe, 0x40,

    /* U+0167 "ŧ" */
    0x0, 0x37, 0xf8, 0x80, 0x3f, 0xfb, 0x49, 0xf2,
    0x0, 0xdf, 0xfc, 0xa0, 0x1f, 0xf2, 0x7c, 0x80,
    0x37, 0xff, 0x28, 0x7, 0xff, 0x55, 0x3e, 0x40,
    0x1b, 0xff, 0x95, 0xc0, 0x3f, 0x84, 0xfe, 0x40,
    0x1b, 0xff, 0x90, 0x3, 0xff, 0xae, 0x40, 0x6,
    0x0, 0xf9, 0x40, 0x10, 0x84, 0x50, 0x4, 0x2c,
    0x7, 0x7b, 0xb2, 0x80, 0x53, 0x23, 0x10, 0xc,

    /* U+0168 "Ũ" */
    0x0, 0xe7, 0x97, 0x20, 0x5, 0x38, 0x7, 0xec,
    0x86, 0x8d, 0xcc, 0x28, 0x7, 0xe2, 0x35, 0xfb,
    0x52, 0x36, 0x70, 0xf, 0x8b, 0xe8, 0x12, 0xbb,
    0xe4, 0x3, 0xff, 0xb7, 0x3f, 0xe3, 0x0, 0xfe,
    0xbf, 0xf0, 0x80, 0x7f, 0xff, 0xc0, 0x3f, 0xff,
    0xe0, 0x1f, 0xfd, 0x91, 0x0, 0xff, 0xe1, 0x88,
    0x4, 0xe0, 0x1f, 0xce, 0x1, 0x78, 0x0, 0x40,
    0x3f, 0x84, 0x2, 0x30, 0x6, 0x0, 0x7e, 0x12,
    0x3, 0x4, 0x0, 0x38, 0x7, 0xe6, 0x0, 0x20,
    0x1, 0x80, 0x68, 0x3, 0xc7, 0x0, 0x9, 0x0,
    0x41, 0x2, 0xec, 0x2a, 0x35, 0x60, 0x2, 0x44,
    0x0, 0x38, 0x60, 0x4f, 0x57, 0x2a, 0x0, 0x96,
    0x0, 0xc3, 0x94, 0xa4, 0x0, 0x13, 0x7e, 0x60,
    0x8,

    /* U+0169 "ũ" */
    0x0, 0xa3, 0xb9, 0x44, 0x11, 0xe6, 0x1, 0x99,
    0xc0, 0xb, 0xba, 0x71, 0x30, 0xd, 0x81, 0xfd,
    0x26, 0x44, 0xa0, 0xe, 0xaf, 0x10, 0x6c, 0xfd,
    0x40, 0xf, 0xfe, 0x9d, 0x7f, 0x0, 0x7c, 0xbf,
    0xe3, 0x0, 0xff, 0xff, 0x80, 0x7f, 0xf6, 0x4c,
    0x3, 0xff, 0x86, 0x20, 0x1f, 0x68, 0x5, 0xc0,
    0x2, 0x0, 0xf2, 0x80, 0x48, 0x0, 0x80, 0xe,
    0x92, 0x0, 0x8c, 0xc0, 0xb6, 0xa8, 0xd8, 0xc8,
    0x1, 0xb8, 0x41, 0x2a, 0xe4, 0xdb, 0x80, 0x31,
    0x7b, 0x10, 0xa, 0x5c, 0x80, 0x60,

    /* U+016A "Ū" */
    0x0, 0xe1, 0x1f, 0x80, 0x3f, 0xb7, 0xbb, 0xe5,
    0x0, 0xff, 0xe6, 0xef, 0xff, 0xca, 0x1, 0xff,
    0xda, 0x9f, 0xf1, 0x80, 0x7f, 0x5f, 0xf8, 0x40,
    0x3f, 0xff, 0xe0, 0x1f, 0xff, 0xf0, 0xf, 0xfe,
    0xc8, 0x80, 0x7f, 0xf0, 0xc4, 0x2, 0x70, 0xf,
    0xe7, 0x0, 0xbc, 0x0, 0x20, 0x1f, 0xc2, 0x1,
    0x18, 0x3, 0x0, 0x3f, 0x9, 0x1, 0x82, 0x0,
    0x1c, 0x3, 0xf3, 0x0, 0x10, 0x0, 0xc0, 0x34,
    0x1, 0xe3, 0x80, 0x4, 0x80, 0x20, 0x81, 0x76,
    0x15, 0x1a, 0xb0, 0x1, 0x22, 0x0, 0x1c, 0x30,
    0x27, 0xab, 0x95, 0x0, 0x4b, 0x0, 0x61, 0xca,
    0x52, 0x0, 0x9, 0xbf, 0x30, 0x4,

    /* U+016B "ū" */
    0x0, 0x27, 0xff, 0xdc, 0x1, 0xff, 0xc7, 0x4e,
    0xef, 0xc0, 0x1e, 0x11, 0xf8, 0x3, 0xff, 0xa9,
    0x5f, 0xc0, 0x1f, 0x2f, 0xf8, 0xc0, 0x3f, 0xff,
    0xe0, 0x1f, 0xfd, 0x93, 0x0, 0xff, 0xe1, 0x88,
    0x7, 0xda, 0x1, 0x70, 0x0, 0x80, 0x3c, 0xa0,
    0x12, 0x0, 0x20, 0x3, 0xa4, 0x80, 0x23, 0x30,
    0x2d, 0xaa, 0x36, 0x32, 0x0, 0x6e, 0x10, 0x4a,
    0xb9, 0x36, 0xe0, 0xc, 0x5e, 0xc4, 0x2, 0x97,
    0x20, 0x18,

    /* U+016C "Ŭ" */
    0x0, 0xdd, 0x80, 0x19, 0x3d, 0x80, 0x3f, 0x21,
    0xc0, 0x82, 0x48, 0x20, 0x7, 0xe8, 0x17, 0xef,
    0xb2, 0x72, 0x0, 0xfc, 0x5e, 0xe8, 0x6b, 0x70,
    0x1, 0xfe, 0x18, 0xbc, 0xa4, 0x0, 0xff, 0xe5,
    0xcf, 0xf8, 0xc0, 0x3f, 0xaf, 0xfc, 0x20, 0x1f,
    0xff, 0xf0, 0xf, 0xff, 0xf8, 0x7, 0xff, 0x64,
    0x40, 0x3f, 0xf8, 0x62, 0x1, 0x38, 0x7, 0xf3,
    0x80, 0x5e, 0x0, 0x10, 0xf, 0xe1, 0x0, 0x8c,
    0x1, 0x80, 0x1f, 0x84, 0x80, 0xc1, 0x0, 0xe,
    0x1, 0xf9, 0x80, 0x8, 0x0, 0x60, 0x1a, 0x0,
    0xf1, 0xc0, 0x2, 0x40, 0x10, 0x40, 0xbb, 0xa,
    0x8d, 0x58, 0x0, 0x91, 0x0, 0xe, 0x18, 0x13,
    0xd5, 0xca, 0x80, 0x25, 0x80, 0x30, 0xe5, 0x29,
    0x0, 0x4, 0xdf, 0x98, 0x2,

    /* U+016D "ŭ" */
    0x0, 0x37, 0xa0, 0x6, 0xbf, 0x0, 0xe4, 0x9,
    0x30, 0x17, 0x44, 0x0, 0x71, 0x31, 0x67, 0xf4,
    0x4, 0x80, 0x7a, 0x69, 0x8, 0xd7, 0x48, 0x3,
    0xe5, 0xbd, 0xca, 0x20, 0xf, 0xfe, 0xa5, 0x7f,
    0x0, 0x7c, 0xbf, 0xe3, 0x0, 0xff, 0xff, 0x80,
    0x7f, 0xf6, 0x4c, 0x3, 0xff, 0x86, 0x20, 0x1f,
    0x68, 0x5, 0xc0, 0x2, 0x0, 0xf2, 0x80, 0x48,
    0x0, 0x80, 0xe, 0x92, 0x0, 0x8c, 0xc0, 0xb6,
    0xa8, 0xd8, 0xc8, 0x1, 0xb8, 0x41, 0x2a, 0xe4,
    0xdb, 0x80, 0x31, 0x7b, 0x10, 0xa, 0x5c, 0x80,
    0x60,

    /* U+016E "Ů" */
    0x0, 0xf4, 0x77, 0xe1, 0x80, 0x7f, 0xd4, 0xe0,
    0x66, 0xc3, 0x0, 0xfe, 0x35, 0x4e, 0xcc, 0x7,
    0x80, 0x7f, 0x28, 0x78, 0x0, 0xd0, 0xc0, 0x3f,
    0xe1, 0x0, 0x9c, 0x3, 0xfc, 0x81, 0x6, 0xe,
    0x68, 0x1, 0xd3, 0xfe, 0x32, 0x62, 0xcf, 0x80,
    0x80, 0xbf, 0xf0, 0x80, 0x74, 0xc1, 0xa, 0x61,
    0x80, 0x7f, 0xcf, 0xbd, 0x66, 0x1, 0xff, 0xff,
    0x0, 0xff, 0xff, 0x80, 0x7f, 0x8, 0x7, 0xff,
    0xc, 0x40, 0x27, 0x0, 0xfe, 0x70, 0xb, 0xc0,
    0x2, 0x1, 0xfc, 0x20, 0x11, 0x80, 0x30, 0x3,
    0xf0, 0x90, 0x18, 0x20, 0x1, 0xc0, 0x3f, 0x30,
    0x1, 0x0, 0xc, 0x3, 0x40, 0x1e, 0x38, 0x0,
    0x48, 0x2, 0x8, 0x17, 0x61, 0x51, 0xab, 0x0,
    0x12, 0x20, 0x1, 0xc3, 0x2, 0x7a, 0xb9, 0x50,
    0x4, 0xb0, 0x6, 0x1c, 0xa5, 0x20, 0x0, 0x9b,
    0xf3, 0x0, 0x40,

    /* U+016F "ů" */
    0x0, 0xc3, 0x17, 0x26, 0x1, 0xf8, 0x7d, 0xd1,
    0xb1, 0x80, 0x3e, 0xa1, 0x8f, 0xc1, 0x91, 0x0,
    0xf2, 0x1b, 0x81, 0xd8, 0x20, 0x7, 0xce, 0x1,
    0x8, 0x18, 0x7, 0x8d, 0x8, 0x1, 0xe0, 0x80,
    0x1e, 0x80, 0xdc, 0xe4, 0x52, 0x0, 0xf2, 0x59,
    0x98, 0x1e, 0x80, 0x3f, 0x26, 0x7f, 0x40, 0x7,
    0x57, 0xf0, 0x7, 0xcb, 0xfe, 0x30, 0xf, 0xff,
    0xf8, 0x7, 0xff, 0x64, 0xc0, 0x3f, 0xf8, 0x62,
    0x1, 0xf6, 0x80, 0x5c, 0x0, 0x20, 0xf, 0x28,
    0x4, 0x80, 0x8, 0x0, 0xe9, 0x20, 0x8, 0xcc,
    0xb, 0x6a, 0x8d, 0x8c, 0x80, 0x1b, 0x84, 0x12,
    0xae, 0x4d, 0xb8, 0x3, 0x17, 0xb1, 0x0, 0xa5,
    0xc8, 0x6,

    /* U+0170 "Ű" */
    0x0, 0xf2, 0x7f, 0x8c, 0x2f, 0xec, 0x3, 0xf0,
    0xd0, 0x51, 0xb2, 0x15, 0x0, 0x7e, 0xa1, 0x85,
    0x29, 0x1f, 0x10, 0xf, 0x8c, 0x1d, 0xc1, 0x49,
    0x44, 0x1, 0xf8, 0xee, 0x0, 0x11, 0x68, 0x1,
    0xff, 0xca, 0x9f, 0xf1, 0x80, 0x7f, 0x5f, 0xf8,
    0x40, 0x3f, 0xff, 0xe0, 0x1f, 0xff, 0xf0, 0xf,
    0xfe, 0xc8, 0x80, 0x7f, 0xf0, 0xc4, 0x2, 0x70,
    0xf, 0xe7, 0x0, 0xbc, 0x0, 0x20, 0x1f, 0xc2,
    0x1, 0x18, 0x3, 0x0, 0x3f, 0x9, 0x1, 0x82,
    0x0, 0x1c, 0x3, 0xf3, 0x0, 0x10, 0x0, 0xc0,
    0x34, 0x1, 0xe3, 0x80, 0x4, 0x80, 0x20, 0x81,
    0x76, 0x15, 0x1a, 0xb0, 0x1, 0x22, 0x0, 0x1c,
    0x30, 0x27, 0xab, 0x95, 0x0, 0x4b, 0x0, 0x61,
    0xca, 0x52, 0x0, 0x9, 0xbf, 0x30, 0x4,

    /* U+0171 "ű" */
    0x0, 0xf1, 0xa1, 0x0, 0x11, 0x0, 0x1e, 0x1c,
    0xb0, 0x4, 0x5c, 0x0, 0x7a, 0x1, 0x88, 0x5c,
    0x38, 0x3, 0x85, 0x86, 0x2, 0x1, 0xc8, 0x3,
    0xa0, 0x20, 0x49, 0x8a, 0x0, 0x38, 0x58, 0x98,
    0x20, 0x38, 0x3, 0xc3, 0xfa, 0x0, 0xaf, 0x30,
    0xf, 0xfe, 0x2d, 0x7f, 0x0, 0x7c, 0xbf, 0xe3,
    0x0, 0xff, 0xff, 0x80, 0x7f, 0xf6, 0x4c, 0x3,
    0xff, 0x86, 0x20, 0x1f, 0x68, 0x5, 0xc0, 0x2,
    0x0, 0xf2, 0x80, 0x48, 0x0, 0x80, 0xe, 0x92,
    0x0, 0x8c, 0xc0, 0xb6, 0xa8, 0xd8, 0xc8, 0x1,
    0xb8, 0x41, 0x2a, 0xe4, 0xdb, 0x80, 0x31, 0x7b,
    0x10, 0xa, 0x5c, 0x80, 0x60,

    /* U+0172 "Ų" */
    0x9f, 0xf1, 0x80, 0x7f, 0x5f, 0xf8, 0x40, 0x3f,
    0xff, 0xe0, 0x1f, 0xff, 0xf0, 0xf, 0xfe, 0xc8,
    0x80, 0x7f, 0xf0, 0xc4, 0x2, 0x70, 0xf, 0xe7,
    0x0, 0xbc, 0x0, 0x20, 0x1f, 0xc2, 0x1, 0x18,
    0x3, 0x0, 0x3f, 0x9, 0x1, 0x82, 0x0, 0x1c,
    0x3, 0xf3, 0x0, 0x10, 0x0, 0xc0, 0x34, 0x1,
    0xe3, 0x80, 0x4, 0x80, 0x20, 0x81, 0x76, 0x15,
    0x1a, 0xb0, 0x1, 0x22, 0x0, 0x1c, 0x30, 0x27,
    0xab, 0x95, 0x0, 0x4b, 0x0, 0x61, 0xca, 0x52,
    0x0, 0x9, 0xbf, 0x30, 0x7, 0xcb, 0x5e, 0xd,
    0xd9, 0x2, 0x1, 0xfe, 0x80, 0xb0, 0xf, 0xfe,
    0x12, 0x89, 0x0, 0x7f, 0xf0, 0xc4, 0x40, 0x1f,
    0xfc, 0x24, 0xf, 0xcf, 0x10, 0xf, 0xfa, 0x54,
    0xc, 0x84, 0x3, 0x80,

    /* U+0173 "ų" */
    0xaf, 0xe0, 0xf, 0x97, 0xfc, 0x60, 0x1f, 0xff,
    0xf0, 0xf, 0xff, 0x59, 0x80, 0x7f, 0xf1, 0x44,
    0x3, 0xed, 0x0, 0xee, 0x0, 0x10, 0x7, 0x94,
    0x3, 0x90, 0x1, 0x0, 0x1d, 0x24, 0x1, 0xc6,
    0x60, 0x5b, 0x54, 0x6c, 0x64, 0x0, 0xf7, 0x8,
    0x25, 0x5c, 0x9b, 0x70, 0x7, 0x8b, 0xd8, 0x80,
    0x52, 0xe4, 0x3, 0xf0, 0xce, 0xff, 0x5a, 0x2,
    0x99, 0x18, 0x7, 0xff, 0x1, 0x8e, 0x0, 0x3f,
    0xf8, 0x34, 0xa, 0x1, 0xff, 0xc1, 0x10, 0x20,
    0xf, 0xfe, 0xb, 0x86, 0x63, 0x88, 0x3, 0xfd,
    0x6a, 0x6, 0x60,

    /* U+0174 "Ŵ" */
    0x0, 0xff, 0xe0, 0x2c, 0x40, 0x80, 0x3f, 0xf9,
    0x49, 0x4c, 0xf8, 0x20, 0x1f, 0xfc, 0x82, 0xa1,
    0xca, 0x1d, 0x0, 0xff, 0xe4, 0x78, 0x61, 0x2d,
    0x1c, 0x80, 0x7f, 0xf1, 0xf7, 0x88, 0x0, 0xbf,
    0x20, 0x1f, 0xfd, 0x9e, 0xfd, 0x0, 0xfd, 0xbf,
    0xe8, 0x0, 0xf8, 0xbf, 0xd4, 0xa, 0x4, 0x20,
    0x1e, 0x12, 0x0, 0x20, 0x7, 0xc8, 0x0, 0xc0,
    0xc0, 0x2, 0x0, 0x79, 0x40, 0x23, 0x0, 0xfb,
    0x0, 0x8, 0x8, 0x0, 0xc0, 0xf, 0x60, 0x20,
    0x0, 0xc0, 0x3c, 0x80, 0x24, 0x6, 0x0, 0x50,
    0xf, 0x20, 0x62, 0x2, 0x0, 0x70, 0x88, 0x10,
    0x2, 0x40, 0x30, 0xf, 0x18, 0x26, 0x6, 0x0,
    0x72, 0x0, 0x30, 0x2, 0xc0, 0x2, 0x0, 0x64,
    0x0, 0x19, 0x81, 0x0, 0x3b, 0x0, 0x8, 0x1,
    0x20, 0x3, 0x0, 0x36, 0x2, 0x2, 0x0, 0xc,
    0x3, 0x20, 0x9, 0x0, 0x46, 0x0, 0x40, 0xc,
    0x81, 0x80, 0x3, 0x4, 0x0, 0x84, 0x81, 0x40,
    0x38, 0xc0, 0xc0, 0x31, 0x81, 0x80, 0x10, 0x30,
    0x2, 0x40, 0x6, 0x0, 0x72, 0x0, 0x10, 0x0,
    0x60, 0x4, 0x0, 0x68, 0x28, 0x5, 0x80, 0x4,
    0x0, 0xec, 0x0, 0x60, 0x1, 0x0, 0xc0, 0x24,
    0x1, 0x20, 0x2, 0x80, 0xc, 0x3, 0x90, 0x0,
    0x60, 0xc, 0x4, 0x0, 0x84, 0x81, 0x0, 0x6,
    0x8, 0x1, 0xf1, 0x82, 0x0, 0x10, 0x30, 0x3,
    0x20, 0x60, 0x20, 0x3, 0x0, 0x3e, 0x40, 0x1,
    0x98, 0x0, 0xa0, 0x1b, 0x1, 0x3, 0x0, 0x8,
    0x1, 0xf6, 0x0, 0x11, 0x0, 0x42, 0x1, 0x9c,
    0x4, 0x90, 0x0, 0x60, 0x1f, 0x20, 0x3, 0x34,
    0x10, 0x3, 0x88, 0x41, 0xc, 0x10, 0x3, 0xf8,
    0xc1, 0x10, 0x18, 0x1, 0xe4, 0xb, 0x0, 0x60,
    0x7, 0xf2, 0x80, 0x4, 0x10, 0x3, 0xd8, 0x4,
    0x0, 0x40, 0xf, 0xec, 0x0, 0x88, 0x40, 0x3c,
    0x80, 0x18, 0xc0, 0x3f, 0x90, 0x2, 0x70, 0xf,
    0x88, 0x2, 0x30, 0xe,

    /* U+0175 "ŵ" */
    0x0, 0xfe, 0xdf, 0xc0, 0xf, 0xfe, 0x2b, 0x90,
    0x1a, 0x80, 0x7f, 0xf0, 0xca, 0x6, 0xc2, 0xc4,
    0x3, 0xff, 0x85, 0x21, 0x69, 0x3, 0x0, 0x1f,
    0xfc, 0x15, 0x45, 0x50, 0x39, 0xb1, 0x80, 0x7f,
    0xf0, 0xe, 0x2c, 0x2, 0xe7, 0x60, 0xf, 0xfe,
    0x3, 0x38, 0x80, 0x45, 0xa, 0x1, 0xeb, 0xfc,
    0x0, 0xe2, 0xff, 0x84, 0x3, 0xbb, 0xe7, 0x0,
    0xc4, 0x3, 0x20, 0x4, 0x80, 0x18, 0x84, 0x31,
    0x0, 0x8, 0x1, 0xb0, 0x2, 0xc0, 0xc, 0x80,
    0x4, 0x30, 0x6, 0x0, 0x64, 0x4, 0x4, 0x0,
    0xd8, 0x4, 0x20, 0x80, 0x80, 0x11, 0x8, 0x40,
    0x10, 0x80, 0x48, 0x8, 0x0, 0xc0, 0x21, 0x0,
    0x20, 0x19, 0x84, 0x10, 0x0, 0x42, 0x18, 0x0,
    0x40, 0x2, 0x0, 0x30, 0x10, 0x10, 0x30, 0x0,
    0x80, 0x4, 0x0, 0x18, 0x86, 0x0, 0x10, 0x30,
    0x30, 0x10, 0x1, 0x80, 0x42, 0x1, 0x28, 0x20,
    0x10, 0x82, 0x2, 0x1, 0x8, 0x20, 0x20, 0x6,
    0xc0, 0x21, 0x40, 0x30, 0x1, 0x8, 0x21, 0x8,
    0x60, 0x6, 0x40, 0x2, 0x60, 0x20, 0x4, 0x81,
    0x88, 0x0, 0x40, 0xc, 0x62, 0x18, 0x81, 0x80,
    0x16, 0x2, 0x60, 0x10, 0x80, 0x72, 0x83, 0x8,
    0x20, 0x4, 0x80, 0x4a, 0x8, 0x1, 0xec, 0x0,
    0x8c, 0x3, 0x10, 0x80, 0x58, 0x1, 0xe4, 0x0,
    0x90, 0x3, 0x90, 0x2, 0x40, 0xf, 0x18, 0x80,
    0x30, 0x3, 0xb0, 0x0, 0x42, 0x1, 0x0,

    /* U+0176 "Ŷ" */
    0x0, 0xfc, 0xf0, 0xe0, 0x1f, 0xfc, 0x38, 0x83,
    0x45, 0x0, 0x7f, 0xf0, 0x55, 0xd3, 0x99, 0x5c,
    0x3, 0xfe, 0x3a, 0x4b, 0x9, 0x58, 0x50, 0xf,
    0xf1, 0xfd, 0x80, 0x55, 0xea, 0x1, 0xff, 0xcd,
    0xbf, 0xf1, 0x80, 0x7f, 0x17, 0xfb, 0x0, 0x12,
    0x0, 0xe0, 0xf, 0xee, 0x0, 0x78, 0x0, 0xa4,
    0xa, 0x0, 0x3e, 0x73, 0x7, 0x30, 0x9, 0x8c,
    0x1c, 0xc0, 0x38, 0xa0, 0xa, 0x0, 0x3b, 0x80,
    0x1c, 0x1, 0xd2, 0x0, 0xe0, 0xf, 0x14, 0x1,
    0x40, 0x4, 0xc8, 0xe, 0x60, 0x1f, 0x39, 0x83,
    0x98, 0xc, 0x1, 0x40, 0x7, 0xf7, 0x0, 0x3c,
    0x2c, 0x43, 0x80, 0x3f, 0xc5, 0x0, 0x76, 0xa0,
    0xc6, 0x1, 0xff, 0x39, 0x82, 0x1, 0x48, 0x7,
    0xff, 0x7, 0x80, 0x29, 0x0, 0xff, 0xe1, 0x11,
    0x0, 0x8, 0x1, 0xff, 0xff, 0x0, 0xff, 0xff,
    0x80, 0x7f, 0xf4, 0x0,

    /* U+0177 "ŷ" */
    0x0, 0xf0, 0xf7, 0xc8, 0x7, 0xff, 0x2, 0xc4,
    0x18, 0xc0, 0x3f, 0xc6, 0xa5, 0x41, 0xe0, 0x1f,
    0xee, 0xe, 0x55, 0x1b, 0x0, 0x7e, 0x72, 0x73,
    0xa, 0x19, 0x10, 0xf, 0xd1, 0x0, 0xb, 0x5c,
    0x80, 0x3e, 0x77, 0x0, 0x63, 0x83, 0x0, 0xdd,
    0xf6, 0x1, 0xf8, 0x7f, 0xd0, 0xe, 0x8, 0x20,
    0x1f, 0x48, 0x2, 0x82, 0xc0, 0xc, 0x1, 0xf2,
    0x81, 0x90, 0x11, 0x85, 0x0, 0x79, 0x8, 0x28,
    0x2, 0xa0, 0x23, 0x0, 0xee, 0x0, 0x30, 0x4,
    0xc0, 0xa, 0x0, 0xc2, 0xa0, 0xc0, 0x1c, 0xc0,
    0xc0, 0x19, 0xc0, 0x14, 0x1, 0xd4, 0x0, 0x50,
    0xa, 0x80, 0x8c, 0x3, 0x8c, 0x82, 0x40, 0x4,
    0x61, 0x40, 0x1f, 0x58, 0x19, 0x5, 0x80, 0x18,
    0x3, 0xe7, 0x0, 0x50, 0x38, 0x28, 0x80, 0x7c,
    0x2a, 0xc, 0xa2, 0x1c, 0x1, 0xfd, 0x20, 0x36,
    0x2, 0x80, 0x1f, 0xc6, 0x40, 0x20, 0xc0, 0x1f,
    0xf5, 0x0, 0x54, 0x1, 0xff, 0x30, 0x0, 0xc8,
    0x3, 0xfe, 0x50, 0x4, 0x80, 0x7f, 0xf0, 0x38,
    0x0, 0xa0, 0x1f, 0xf1, 0x28, 0x30, 0x7, 0xf0,
    0x92, 0x78, 0x2, 0x0, 0x3f, 0xb7, 0x56, 0x41,
    0x2, 0x1, 0xff, 0xc0, 0x3a, 0x70, 0xf, 0xc0,

    /* U+0178 "Ÿ" */
    0x0, 0xe7, 0xff, 0x20, 0x17, 0xfa, 0x80, 0x3f,
    0xfa, 0x22, 0x44, 0x70, 0x32, 0x28, 0x3, 0xfc,
    0xdb, 0xa3, 0x1, 0xdd, 0x40, 0x7, 0xff, 0x36,
    0xff, 0xc6, 0x1, 0xfc, 0x5f, 0xec, 0x0, 0x48,
    0x3, 0x80, 0x3f, 0xb8, 0x1, 0xe0, 0x2, 0x90,
    0x28, 0x0, 0xf9, 0xcc, 0x1c, 0xc0, 0x26, 0x30,
    0x73, 0x0, 0xe2, 0x80, 0x28, 0x0, 0xee, 0x0,
    0x70, 0x7, 0x48, 0x3, 0x80, 0x3c, 0x50, 0x5,
    0x0, 0x13, 0x20, 0x39, 0x80, 0x7c, 0xe6, 0xe,
    0x60, 0x30, 0x5, 0x0, 0x1f, 0xdc, 0x0, 0xf0,
    0xb1, 0xe, 0x0, 0xff, 0x14, 0x1, 0xda, 0x83,
    0x18, 0x7, 0xfc, 0xe6, 0x8, 0x5, 0x20, 0x1f,
    0xfc, 0x1e, 0x0, 0xa4, 0x3, 0xff, 0x84, 0x44,
    0x0, 0x20, 0x7, 0xff, 0xfc, 0x3, 0xff, 0xfe,
    0x1, 0xff, 0xd0,

    /* U+0179 "Ź" */
    0x0, 0xfc, 0x70, 0xe0, 0x1f, 0xfc, 0x11, 0xd7,
    0x10, 0xf, 0xfe, 0xd, 0xb, 0xb0, 0x7, 0xff,
    0x2, 0x11, 0x60, 0x3, 0xff, 0x83, 0x1f, 0x40,
    0x1f, 0xfc, 0xd6, 0xff, 0xff, 0xe1, 0xc8, 0x7,
    0xff, 0x15, 0x2a, 0xbf, 0xe9, 0x0, 0xb0, 0x95,
    0x7f, 0xed, 0x0, 0x3a, 0x80, 0x7f, 0xd0, 0x80,
    0x90, 0x1, 0xff, 0x23, 0x80, 0xd0, 0x7, 0xfc,
    0x54, 0x0, 0xd1, 0x0, 0xff, 0xbc, 0x42, 0x4c,
    0x3, 0xfe, 0xa2, 0x5, 0x60, 0xf, 0xf9, 0x94,
    0xe, 0x80, 0x3f, 0xe3, 0x90, 0x1e, 0x0, 0xff,
    0x87, 0x40, 0x14, 0x40, 0x1f, 0xf6, 0x88, 0x42,
    0x0, 0x7f, 0xd0, 0x60, 0x8e, 0x1, 0xff, 0x2b,
    0x81, 0x50, 0x7, 0xfc, 0x54, 0x0, 0xf1, 0x0,
    0xff, 0xbc, 0x1, 0x44, 0x1, 0xff, 0x51, 0x3,
    0x28, 0x7, 0xfc, 0xea, 0x0, 0xf6, 0x6f, 0xf9,
    0x70, 0x2, 0x99, 0xff, 0xe0, 0x58, 0x7, 0xff,
    0x14,

    /* U+017A "ź" */
    0x0, 0xfd, 0x1f, 0xe2, 0x0, 0xfc, 0x8e, 0x14,
    0x40, 0x1f, 0xa8, 0x21, 0x40, 0x3f, 0x50, 0xab,
    0x80, 0x7e, 0x55, 0x15, 0x0, 0x7f, 0x1b, 0xf8,
    0x7, 0xf9, 0xa0, 0x80, 0x39, 0xff, 0xff, 0xe8,
    0x0, 0xff, 0xe0, 0xbf, 0x77, 0xe4, 0x0, 0x68,
    0x8, 0xfd, 0x28, 0xc, 0xa0, 0x1f, 0x2b, 0x82,
    0x48, 0x7, 0xc5, 0x40, 0x54, 0x1, 0xf0, 0xf8,
    0x3, 0xc4, 0x3, 0xed, 0x20, 0xb2, 0x0, 0xfa,
    0x4c, 0x21, 0x0, 0x3e, 0x66, 0x2, 0xb8, 0x7,
    0xc7, 0x20, 0x74, 0x1, 0xf0, 0xe8, 0xe, 0x80,
    0x7e, 0xd1, 0xd, 0x10, 0xf, 0xa4, 0xc2, 0xc,
    0x3, 0xf2, 0x80, 0x23, 0xff, 0xf4, 0x0, 0x7f,
    0xf0, 0x40,

    /* U+017B "Ż" */
    0x0, 0xfb, 0x3f, 0xc0, 0x1f, 0xfd, 0x36, 0x22,
    0x0, 0x7f, 0xf0, 0xab, 0x74, 0x1, 0xff, 0xcc,
    0x6f, 0xff, 0xfe, 0x1c, 0x80, 0x7f, 0xf1, 0x52,
    0xab, 0xfe, 0x90, 0xb, 0x9, 0x57, 0xfe, 0xd0,
    0x3, 0xa8, 0x7, 0xfd, 0x8, 0x9, 0x0, 0x1f,
    0xf2, 0x38, 0xd, 0x0, 0x7f, 0xc5, 0x40, 0xd,
    0x10, 0xf, 0xfb, 0xc4, 0x24, 0xc0, 0x3f, 0xea,
    0x20, 0x56, 0x0, 0xff, 0x99, 0x40, 0xe8, 0x3,
    0xfe, 0x39, 0x1, 0xe0, 0xf, 0xf8, 0x74, 0x1,
    0x44, 0x1, 0xff, 0x68, 0x84, 0x20, 0x7, 0xfd,
    0x6, 0x8, 0xe0, 0x1f, 0xf2, 0xb8, 0x15, 0x0,
    0x7f, 0xc5, 0x40, 0xf, 0x10, 0xf, 0xfb, 0xc0,
    0x14, 0x40, 0x1f, 0xf5, 0x10, 0x32, 0x80, 0x7f,
    0xce, 0xa0, 0xf, 0x66, 0xff, 0x97, 0x0, 0x29,
    0x9f, 0xfe, 0x5, 0x80, 0x7f, 0xf1, 0x40,

    /* U+017C "ż" */
    0x0, 0xef, 0xf4, 0x0, 0x7f, 0xf6, 0x32, 0xe8,
    0x3, 0xfc, 0x68, 0x40, 0x1f, 0xfc, 0x67, 0xff,
    0xff, 0xa0, 0x3, 0xff, 0x82, 0xfd, 0xdf, 0x90,
    0x1, 0xa0, 0x23, 0xf4, 0xa0, 0x32, 0x80, 0x7c,
    0xae, 0x9, 0x20, 0x1f, 0x15, 0x1, 0x50, 0x7,
    0xc3, 0xe0, 0xf, 0x10, 0xf, 0xb4, 0x82, 0xc8,
    0x3, 0xe9, 0x30, 0x84, 0x0, 0xf9, 0x98, 0xa,
    0xe0, 0x1f, 0x1c, 0x81, 0xd0, 0x7, 0xc3, 0xa0,
    0x3a, 0x1, 0xfb, 0x44, 0x34, 0x40, 0x3e, 0x93,
    0x8, 0x30, 0xf, 0xca, 0x0, 0x8f, 0xff, 0xd0,
    0x1, 0xff, 0xc1,

    /* U+017D "Ž" */
    0x0, 0xc5, 0x8, 0x1, 0x14, 0x20, 0x7, 0xe2,
    0x3b, 0x50, 0x2c, 0x55, 0x0, 0x7f, 0x51, 0x53,
    0x60, 0xf8, 0x80, 0x7f, 0xf, 0x84, 0x8d, 0x90,
    0x7, 0xfc, 0x5f, 0xf2, 0x0, 0x7f, 0xf2, 0xdb,
    0xff, 0xff, 0x87, 0x20, 0x1f, 0xfc, 0x54, 0xaa,
    0xff, 0xa4, 0x2, 0xc2, 0x55, 0xff, 0xb4, 0x0,
    0xea, 0x1, 0xff, 0x42, 0x2, 0x40, 0x7, 0xfc,
    0x8e, 0x3, 0x40, 0x1f, 0xf1, 0x50, 0x3, 0x44,
    0x3, 0xfe, 0xf1, 0x9, 0x30, 0xf, 0xfa, 0x88,
    0x15, 0x80, 0x3f, 0xe6, 0x50, 0x3a, 0x0, 0xff,
    0x8e, 0x40, 0x78, 0x3, 0xfe, 0x1d, 0x0, 0x51,
    0x0, 0x7f, 0xda, 0x21, 0x8, 0x1, 0xff, 0x41,
    0x82, 0x38, 0x7, 0xfc, 0xae, 0x5, 0x40, 0x1f,
    0xf1, 0x50, 0x3, 0xc4, 0x3, 0xfe, 0xf0, 0x5,
    0x10, 0x7, 0xfd, 0x44, 0xc, 0xa0, 0x1f, 0xf3,
    0xa8, 0x3, 0xd9, 0xbf, 0xe5, 0xc0, 0xa, 0x67,
    0xff, 0x81, 0x60, 0x1f, 0xfc, 0x50,

    /* U+017E "ž" */
    0x0, 0x57, 0xa0, 0x5, 0x1e, 0xc0, 0x1a, 0xc2,
    0x80, 0x6, 0xe6, 0xc0, 0x18, 0x60, 0x68, 0x38,
    0x3c, 0x3, 0xce, 0x4b, 0x84, 0xc6, 0x1, 0xf4,
    0x81, 0x8c, 0x0, 0x7e, 0x49, 0x7a, 0x10, 0xf,
    0xe6, 0x84, 0x0, 0xe7, 0xff, 0xff, 0xa0, 0x3,
    0xff, 0x82, 0xfd, 0xdf, 0x90, 0x1, 0xa0, 0x23,
    0xf4, 0xa0, 0x32, 0x80, 0x7c, 0xae, 0x9, 0x20,
    0x1f, 0x15, 0x1, 0x50, 0x7, 0xc3, 0xe0, 0xf,
    0x10, 0xf, 0xb4, 0x82, 0xc8, 0x3, 0xe9, 0x30,
    0x84, 0x0, 0xf9, 0x98, 0xa, 0xe0, 0x1f, 0x1c,
    0x81, 0xd0, 0x7, 0xc3, 0xa0, 0x3a, 0x1, 0xfb,
    0x44, 0x34, 0x40, 0x3e, 0x93, 0x8, 0x30, 0xf,
    0xca, 0x0, 0x8f, 0xff, 0xd0, 0x1, 0xff, 0xc1,

    /* U+017F "ſ" */
    0x0, 0xc3, 0x3b, 0xff, 0x30, 0x4, 0x3e, 0xc4,
    0x1, 0xf4, 0x88, 0x46, 0x6e, 0x98, 0x2, 0x50,
    0x37, 0x32, 0x20, 0x6, 0x30, 0x50, 0xf, 0xc2,
    0x1, 0xf2, 0xff, 0x80, 0x3f, 0xf8, 0xeb, 0xfe,
    0x0, 0xff, 0xff, 0x80, 0x7f, 0xff, 0xc0,

    /* U+0384 "΄" */
    0x0, 0x8a, 0x20, 0x60, 0x17, 0x3a, 0x18, 0x1,
    0xcc, 0x74, 0x0, 0x70, 0x1a, 0x20, 0xe, 0x9,
    0x30, 0x4, 0x93, 0x30, 0x2,

    /* U+0385 "΅" */
    0x0, 0xf3, 0xff, 0x8c, 0x3, 0x92, 0x2, 0xcc,
    0x3, 0xd, 0x4, 0xa0, 0x7, 0x68, 0xbb, 0x0,
    0x74, 0x1b, 0x40, 0x7, 0xa3, 0xe4, 0x3, 0xb7,
    0x52, 0x0, 0x9d, 0xd0, 0x9, 0x14, 0x0, 0x22,
    0x84, 0x3, 0xfc,

    /* U+0386 "Ά" */
    0x0, 0xcf, 0xfe, 0x30, 0xf, 0xfe, 0x11, 0xc0,
    0x51, 0x80, 0x7f, 0xf0, 0x47, 0x42, 0x14, 0xbf,
    0xe5, 0x0, 0xfe, 0xa1, 0x67, 0xa, 0x0, 0xb8,
    0x3, 0xf3, 0xa2, 0x24, 0x0, 0xc0, 0x12, 0x8,
    0x7, 0xcb, 0x96, 0x0, 0x41, 0x9, 0x0, 0x38,
    0x7, 0xc4, 0x60, 0x17, 0x0, 0xb1, 0x85, 0x0,
    0x7f, 0xf0, 0x14, 0x18, 0x28, 0xc, 0x80, 0x3f,
    0xcc, 0x0, 0xa0, 0x60, 0x5, 0x0, 0x7f, 0xa8,
    0x8, 0x80, 0x5, 0x6, 0x0, 0xfe, 0x23, 0xa,
    0x0, 0xb8, 0x5, 0x0, 0x3f, 0x50, 0x1, 0x80,
    0x24, 0x10, 0xe0, 0xf, 0xcc, 0x8, 0x20, 0x19,
    0xc1, 0x44, 0x3, 0xc8, 0x21, 0xc0, 0x1d, 0x40,
    0x7, 0x0, 0xf7, 0x0, 0x14, 0x3, 0x8c, 0x82,
    0x80, 0x3c, 0xa0, 0xf, 0xff, 0x88, 0xc, 0x80,
    0x32, 0x80, 0x7f, 0xf0, 0x68, 0x3, 0x70, 0xd,
    0x57, 0xf1, 0x83, 0x0, 0x42, 0x80, 0xea, 0xbf,
    0xd4, 0x2, 0x80, 0x6, 0x0, 0x68, 0x7, 0xf3,
    0x80, 0x34, 0x1, 0x40, 0x28, 0x1, 0xfc, 0x26,
    0xc, 0x6, 0x40, 0xe0, 0x1f, 0xf5, 0x80, 0x16,
    0x80, 0x1a, 0x1, 0xff, 0x30, 0x3, 0x80,

    /* U+0387 "·" */
    0x88, 0x3b, 0xd2, 0x1, 0xe0,

    /* U+0388 "Έ" */
    0x0, 0xdb, 0xf8, 0x1, 0xff, 0xc5, 0x92, 0x26,
    0x80, 0x7f, 0xf1, 0x15, 0x87, 0xc7, 0xff, 0xff,
    0x81, 0xa0, 0x2, 0xa0, 0xd2, 0x0, 0xff, 0xe2,
    0x70, 0x49, 0x80, 0x63, 0xaa, 0xfe, 0x90, 0x7,
    0xe3, 0x0, 0x73, 0xaa, 0xff, 0x20, 0x0, 0xcc,
    0x1, 0xff, 0xff, 0x0, 0xff, 0xe1, 0xba, 0xaf,
    0xf1, 0x0, 0x7f, 0x8e, 0xab, 0xf9, 0x40, 0x3f,
    0xfa, 0x69, 0xff, 0xfc, 0xe0, 0x1f, 0xff, 0xf0,
    0xf, 0xff, 0x8b, 0x37, 0xfc, 0x1, 0xfe, 0x29,
    0x9f, 0xf0, 0x80, 0x7f, 0xf2, 0x40,

    /* U+0389 "Ή" */
    0x0, 0xd7, 0xfa, 0x20, 0x1f, 0xfc, 0x67, 0x40,
    0xf1, 0x0, 0xff, 0xe2, 0x9c, 0x5, 0x87, 0xfa,
    0x80, 0x3f, 0x97, 0xfc, 0xc0, 0xe, 0x9, 0x40,
    0xf, 0xfe, 0x34, 0x93, 0x30, 0x3, 0xff, 0x8f,
    0xb7, 0x20, 0x1f, 0xfc, 0x84, 0x40, 0x7, 0xff,
    0xfc, 0x3, 0xff, 0x96, 0xca, 0xbf, 0xd8, 0x1,
    0xff, 0xc0, 0x3a, 0xaf, 0xe6, 0x0, 0xff, 0xeb,
    0xaf, 0xff, 0xf5, 0x0, 0x7f, 0xff, 0xc0, 0x3f,
    0xff, 0xe0, 0x1f, 0xff, 0x0,

    /* U+038A "Ί" */
    0x0, 0xd9, 0xfa, 0x1, 0xe8, 0x31, 0xc0, 0xe,
    0x47, 0xd, 0x1f, 0xf5, 0x80, 0xd0, 0x51, 0x80,
    0x75, 0xc, 0x28, 0x7, 0xbf, 0x1c, 0x3, 0xe4,
    0x30, 0xf, 0xff, 0xf8, 0x7, 0xff, 0xfc, 0x3,
    0xff, 0x8a,

    /* U+038C "Ό" */
    0x0, 0xc9, 0xe, 0x20, 0x1f, 0xfc, 0x61, 0xa7,
    0xe1, 0x0, 0xff, 0xe3, 0x58, 0x94, 0x80, 0x7f,
    0xf1, 0x91, 0x43, 0xc0, 0x5, 0x19, 0xdf, 0xdb,
    0x6, 0x1, 0xfa, 0x42, 0x48, 0x27, 0x5c, 0xc4,
    0x4, 0x9f, 0x2c, 0x40, 0x3a, 0x9, 0x58, 0x71,
    0x80, 0xb, 0x37, 0x4c, 0x20, 0x9e, 0x40, 0x1c,
    0xf6, 0x1a, 0x60, 0x7d, 0x4c, 0x8b, 0x3e, 0xa0,
    0x3e, 0x1, 0xa2, 0x2, 0xe6, 0x7, 0x82, 0x1,
    0xc3, 0x48, 0x5, 0x20, 0x1e, 0x90, 0x7, 0x0,
    0x7f, 0x50, 0x1, 0x84, 0x3, 0x20, 0x82, 0x10,
    0x7, 0xf0, 0xb0, 0x1, 0x80, 0x36, 0x0, 0x34,
    0x3, 0xfe, 0xd0, 0x6, 0x80, 0x63, 0x0, 0x28,
    0x7, 0xfc, 0x80, 0x7, 0x0, 0xce, 0x0, 0x20,
    0xf, 0xfe, 0x11, 0x0, 0x61, 0x0, 0x8, 0x7,
    0xff, 0x0, 0x40, 0x3c, 0x20, 0x1, 0x0, 0xff,
    0xe0, 0x8, 0x7, 0x9c, 0x0, 0x40, 0x1f, 0xfc,
    0x22, 0x0, 0xc6, 0x0, 0x50, 0xf, 0xf9, 0x0,
    0xe, 0x1, 0xb0, 0x1, 0xa0, 0x1f, 0xf6, 0x80,
    0x30, 0x3, 0x20, 0x82, 0x10, 0x7, 0xf0, 0xb8,
    0x1, 0xc0, 0x3a, 0x40, 0x1c, 0x1, 0xfd, 0x62,
    0xc, 0x20, 0x1c, 0xe6, 0x7, 0x82, 0x1, 0xc3,
    0x4a, 0x5, 0x20, 0x1f, 0x69, 0x1, 0xf5, 0x32,
    0x2c, 0xfa, 0x80, 0xf8, 0x7, 0xe1, 0xd6, 0x0,
    0x2c, 0xdd, 0x30, 0x82, 0x79, 0x0, 0x7f, 0xa7,
    0x5c, 0xc4, 0x4, 0x9b, 0x2c, 0x40, 0x30,

    /* U+038E "Ύ" */
    0x0, 0x87, 0xbe, 0xc0, 0x3f, 0xf9, 0x16, 0x27,
    0x60, 0x1f, 0xfc, 0x76, 0x51, 0xd0, 0xdf, 0xf0,
    0x80, 0x7f, 0x27, 0xfa, 0x80, 0xa4, 0x34, 0x42,
    0x40, 0x14, 0x1, 0xf8, 0x68, 0x6, 0xc3, 0xc2,
    0x8c, 0x0, 0x8c, 0x8, 0xa0, 0x1f, 0x40, 0x85,
    0x88, 0xa7, 0x14, 0x3, 0x48, 0x85, 0x88, 0x7,
    0x23, 0x2, 0xa8, 0x5, 0xc, 0x3, 0xd4, 0x3,
    0x60, 0x1d, 0x20, 0x36, 0x1, 0xff, 0x22, 0x82,
    0xa8, 0x2, 0x92, 0xb, 0x10, 0xf, 0xfe, 0x5,
    0x88, 0x58, 0x81, 0xb0, 0x22, 0x80, 0x7f, 0xf0,
    0x46, 0xc0, 0x6c, 0x38, 0x1, 0x40, 0x1f, 0xfc,
    0x35, 0x50, 0x2d, 0x90, 0x48, 0x80, 0x7f, 0xf1,
    0x2c, 0x41, 0x1, 0x18, 0x3, 0xff, 0x8a, 0x36,
    0x1, 0x48, 0x7, 0xff, 0x1d, 0x40, 0x6, 0x40,
    0x1f, 0xff, 0xf0, 0xf, 0xff, 0xf8, 0x7, 0xff,
    0xf0,

    /* U+038F "Ώ" */
    0x0, 0x87, 0xbe, 0x80, 0x3f, 0xf8, 0xf4, 0x27,
    0x40, 0x1f, 0xfc, 0x66, 0x41, 0xd0, 0x1, 0xc6,
    0x77, 0xf6, 0x41, 0x0, 0x7c, 0x52, 0x1a, 0x22,
    0xbc, 0x73, 0x10, 0x13, 0x7d, 0x90, 0xf, 0x70,
    0x49, 0x97, 0xa0, 0x1, 0x62, 0x61, 0x0, 0xd,
    0xa2, 0x1, 0x15, 0xd3, 0xe, 0x8, 0x2f, 0x53,
    0xb3, 0xde, 0x98, 0x16, 0x80, 0x44, 0xea, 0x16,
    0x20, 0xb4, 0x20, 0x1c, 0x58, 0x80, 0x70, 0x1,
    0xc4, 0xa0, 0x34, 0x1, 0xfd, 0x40, 0x7, 0x10,
    0xc, 0xa0, 0x8, 0x0, 0xff, 0xb, 0x0, 0x10,
    0x3, 0x60, 0x1, 0x0, 0x3f, 0xed, 0x0, 0x60,
    0x6, 0x60, 0x1, 0x0, 0x7f, 0xca, 0x0, 0x20,
    0xc, 0x40, 0x20, 0x1f, 0xfc, 0x1, 0x0, 0x30,
    0x6, 0x10, 0xf, 0xfe, 0x28, 0x80, 0x62, 0x1,
    0x0, 0xff, 0xe0, 0x10, 0x1, 0x80, 0x33, 0x0,
    0xc, 0x3, 0xfe, 0x40, 0x1, 0x0, 0x6f, 0x0,
    0x50, 0x7, 0xfd, 0xa0, 0xb, 0x0, 0xca, 0x20,
    0xc2, 0x1, 0xfc, 0x48, 0x4, 0x60, 0x1d, 0x0,
    0xb, 0x0, 0xfe, 0xe0, 0x4, 0x80, 0x79, 0x90,
    0x15, 0xc0, 0x3e, 0x93, 0x6, 0x40, 0xf, 0xac,
    0xc2, 0x20, 0x1, 0xd4, 0xc0, 0x92, 0x1, 0xc2,
    0xef, 0x20, 0x1, 0xf0, 0x0, 0x3a, 0xa0, 0x3,
    0x77, 0x80, 0x22, 0x88, 0x9c, 0x2, 0x30, 0x1,
    0x90, 0x4, 0xf1, 0x10, 0x80, 0x7f, 0xf2, 0xc0,

    /* U+0390 "ΐ" */
    0x0, 0xe5, 0xff, 0x28, 0x6, 0x1b, 0x7, 0x50,
    0xd, 0x42, 0x90, 0x1, 0x99, 0xa, 0x80, 0x31,
    0x48, 0x78, 0x80, 0x66, 0x7c, 0x20, 0xb, 0xfd,
    0x30, 0x73, 0xfe, 0x30, 0xf, 0xe3, 0x27, 0x0,
    0x71, 0x10, 0x73, 0x68, 0x0, 0xfb, 0xa2, 0x0,
    0xff, 0xe4, 0x47, 0xf8, 0x40, 0x3f, 0xff, 0xe0,
    0x1f, 0xfc, 0x8f, 0x0, 0xfc, 0x60, 0x5, 0x0,
    0xe4, 0x0, 0x4a, 0x98, 0x80, 0x52, 0x5, 0x59,
    0x40, 0x13, 0x51, 0x80, 0x40,

    /* U+0391 "Α" */
    0x0, 0xf8, 0xbf, 0xe5, 0x0, 0xff, 0xe1, 0x50,
    0x5, 0xc0, 0x1f, 0xfc, 0x26, 0x0, 0x90, 0x40,
    0x3f, 0xf8, 0x8, 0x21, 0x20, 0x7, 0x0, 0xff,
    0xe0, 0x70, 0xb, 0x18, 0x50, 0x7, 0xff, 0x1,
    0x41, 0x82, 0x80, 0xc8, 0x3, 0xfc, 0xc0, 0xa,
    0x6, 0x0, 0x50, 0x7, 0xfa, 0x80, 0x88, 0x0,
    0x50, 0x60, 0xf, 0xe2, 0x30, 0xa0, 0xb, 0x80,
    0x50, 0x3, 0xf5, 0x0, 0x18, 0x2, 0x41, 0xe,
    0x0, 0xfc, 0xc0, 0x82, 0x1, 0x9c, 0x14, 0x40,
    0x3c, 0x82, 0x1c, 0x1, 0xd4, 0x0, 0x70, 0xf,
    0x70, 0x1, 0x40, 0x38, 0xc8, 0x28, 0x3, 0xca,
    0x0, 0xff, 0xf8, 0x80, 0xc8, 0x3, 0x28, 0x7,
    0xff, 0x6, 0x80, 0x37, 0x0, 0xd5, 0x7f, 0x18,
    0x30, 0x4, 0x28, 0xe, 0xab, 0xfd, 0x40, 0x28,
    0x0, 0x60, 0x6, 0x80, 0x7f, 0x38, 0x3, 0x40,
    0x14, 0x2, 0x80, 0x1f, 0xc2, 0x60, 0xc0, 0x64,
    0xe, 0x1, 0xff, 0x58, 0x1, 0x68, 0x1, 0xa0,
    0x1f, 0xf3, 0x0, 0x38,

    /* U+0392 "Β" */
    0x4f, 0xff, 0xdb, 0x48, 0x1, 0xff, 0xc1, 0x25,
    0xbb, 0x0, 0x79, 0x6a, 0xb4, 0xb0, 0x1, 0x28,
    0x3, 0x89, 0x57, 0x34, 0xe8, 0x1, 0x44, 0x3,
    0xfe, 0x26, 0x0, 0x28, 0x7, 0xff, 0x3, 0xc0,
    0x2, 0x1, 0xff, 0xc0, 0xf0, 0x3, 0x0, 0x7f,
    0xc4, 0xc0, 0x46, 0x1, 0x89, 0x13, 0x2c, 0x60,
    0x2, 0x40, 0x39, 0x6e, 0xf5, 0x38, 0xb6, 0xa0,
    0x7, 0xff, 0x5, 0xa0, 0x40, 0x39, 0xff, 0xfb,
    0x60, 0x17, 0x4, 0x3, 0xfc, 0x4f, 0x40, 0x56,
    0x1, 0xff, 0xc0, 0x52, 0x5, 0x0, 0xff, 0xe0,
    0xb0, 0x0, 0x80, 0x3f, 0xf8, 0x62, 0x1, 0xff,
    0xc0, 0x40, 0x1, 0x0, 0x7f, 0xd2, 0x0, 0x31,
    0x0, 0x89, 0x57, 0x9f, 0x18, 0x1, 0xe0, 0x19,
    0x6a, 0xba, 0xc, 0x6, 0x8c, 0x3, 0xfc, 0x29,
    0x1e, 0xa0, 0x0,

    /* U+0393 "Γ" */
    0x4f, 0xff, 0xfe, 0x3, 0x80, 0x7f, 0xf1, 0x52,
    0xab, 0xf9, 0x40, 0x23, 0x55, 0xfe, 0x20, 0xf,
    0xff, 0xf8, 0x7, 0xff, 0xfc, 0x3, 0xff, 0xfe,
    0x1, 0xff, 0xc1,

    /* U+0394 "Δ" */
    0x0, 0xf8, 0xbf, 0xe5, 0x0, 0xff, 0xe1, 0x50,
    0x5, 0xc0, 0x1f, 0xfc, 0x26, 0x0, 0x90, 0x40,
    0x3f, 0xf8, 0x8, 0x20, 0xc0, 0x7, 0x0, 0xff,
    0xe0, 0x70, 0x2, 0x48, 0x28, 0x3, 0xff, 0x80,
    0xa0, 0xa0, 0xa0, 0x64, 0x1, 0xfe, 0x60, 0x7,
    0x5, 0x0, 0x28, 0x3, 0xfd, 0x40, 0x28, 0x4,
    0x60, 0xc0, 0x1f, 0xc4, 0x60, 0xe0, 0x15, 0x80,
    0xa0, 0x7, 0xea, 0x0, 0x50, 0x4, 0xc0, 0xe,
    0x0, 0xfc, 0xc0, 0x26, 0x1, 0xa, 0x2, 0x88,
    0x7, 0x90, 0x41, 0x80, 0x3b, 0x80, 0xe, 0x1,
    0xee, 0x0, 0x50, 0x7, 0x28, 0x2, 0x80, 0x3c,
    0xa0, 0x64, 0x1, 0xe5, 0x3, 0x20, 0xc, 0xa0,
    0xb, 0x0, 0xfb, 0x80, 0x14, 0x1, 0xb8, 0x0,
    0xc0, 0x1f, 0x20, 0x83, 0x0, 0x42, 0x80, 0x82,
    0x1, 0xf9, 0xc0, 0x50, 0x0, 0xc0, 0xd, 0x0,
    0xfe, 0xa0, 0x6, 0x80, 0x28, 0x2, 0x55, 0xfe,
    0x60, 0x3, 0x1, 0x90, 0x2, 0x6a, 0xbf, 0xc0,
    0x12, 0xd0, 0x7, 0xff, 0x17, 0x80,

    /* U+0395 "Ε" */
    0x4f, 0xff, 0xfe, 0x5, 0x0, 0x7f, 0xf1, 0x52,
    0xab, 0xfa, 0x40, 0x23, 0x55, 0xfe, 0x30, 0xf,
    0xff, 0x79, 0xaa, 0xff, 0x8, 0x4, 0x95, 0x5f,
    0xc4, 0x1, 0xff, 0xc5, 0x7f, 0xff, 0xe3, 0x0,
    0xff, 0xff, 0x80, 0x7f, 0xf0, 0xd, 0x9b, 0xf9,
    0x40, 0x24, 0x99, 0xfe, 0xb0, 0xf, 0xfe, 0x10,

    /* U+0396 "Ζ" */
    0x6f, 0xff, 0xfe, 0x1c, 0x80, 0x7f, 0xf1, 0x52,
    0xab, 0xfe, 0x90, 0xb, 0x9, 0x57, 0xfe, 0xd0,
    0x3, 0xa8, 0x7, 0xfd, 0x8, 0x9, 0x0, 0x1f,
    0xf2, 0x38, 0xd, 0x0, 0x7f, 0xc5, 0x40, 0xd,
    0x10, 0xf, 0xfb, 0xc4, 0x24, 0xc0, 0x3f, 0xea,
    0x20, 0x56, 0x0, 0xff, 0x99, 0x40, 0xe8, 0x3,
    0xfe, 0x39, 0x1, 0xe0, 0xf, 0xf8, 0x74, 0x1,
    0x44, 0x1, 0xff, 0x68, 0x84, 0x20, 0x7, 0xfd,
    0x6, 0x8, 0xe0, 0x1f, 0xf2, 0xb8, 0x15, 0x0,
    0x7f, 0xc5, 0x40, 0xf, 0x10, 0xf, 0xfb, 0xc0,
    0x14, 0x40, 0x1f, 0xf5, 0x10, 0x32, 0x80, 0x7f,
    0xce, 0xa0, 0xf, 0x66, 0xff, 0x97, 0x0, 0x29,
    0x9f, 0xfe, 0x5, 0x80, 0x7f, 0xf1, 0x40,

    /* U+0397 "Η" */
    0x4f, 0xf4, 0x0, 0x7f, 0x3f, 0xf9, 0x40, 0x3f,
    0xff, 0xe0, 0x1f, 0xfe, 0x33, 0x55, 0xfe, 0xd0,
    0xf, 0x25, 0x57, 0xf2, 0x80, 0x7f, 0xf2, 0xdf,
    0xff, 0xfa, 0x0, 0x3f, 0xff, 0xe0, 0x1f, 0xff,
    0xf0, 0xf, 0x0,

    /* U+0398 "Θ" */
    0x0, 0xf3, 0x56, 0xff, 0xb6, 0xd8, 0x3, 0xfc,
    0xbd, 0x2a, 0x40, 0x2, 0x49, 0xe5, 0x0, 0xf9,
    0xe8, 0x40, 0xe2, 0xa9, 0x6, 0x3, 0x4e, 0x1,
    0xcb, 0x0, 0xa, 0xc7, 0x55, 0x3e, 0x58, 0x2,
    0x14, 0x2, 0x1b, 0x0, 0x5a, 0x80, 0x79, 0x30,
    0x1, 0x42, 0x0, 0x61, 0x6, 0x40, 0xf, 0xc6,
    0xe0, 0x9, 0x0, 0x50, 0x2, 0xc0, 0x3f, 0xd2,
    0x0, 0x60, 0x12, 0x2, 0x20, 0x7, 0xf8, 0x4c,
    0x4, 0x94, 0x0, 0xe0, 0x8a, 0xbf, 0x90, 0x14,
    0x0, 0xe2, 0x0, 0x20, 0x9a, 0xaf, 0xd2, 0x2,
    0x0, 0x33, 0x0, 0x3c, 0x3, 0xff, 0x81, 0xe0,
    0x1, 0x30, 0x7, 0x86, 0xff, 0xfe, 0xd0, 0xf0,
    0x0, 0x88, 0x0, 0x40, 0x1f, 0xfc, 0x1, 0x0,
    0x1a, 0x80, 0x1c, 0x3, 0xff, 0x80, 0xa0, 0x7,
    0x12, 0x2, 0x20, 0x7, 0xf8, 0x4c, 0x4, 0x82,
    0x80, 0x16, 0x1, 0xfe, 0x90, 0x3, 0x0, 0x18,
    0x41, 0x90, 0x3, 0xf1, 0xb8, 0x2, 0x40, 0x3,
    0x60, 0xb, 0x50, 0xf, 0x2e, 0x0, 0x28, 0x40,
    0x25, 0x80, 0x5, 0x63, 0xaa, 0x9f, 0x28, 0x1,
    0xa, 0x1, 0xcf, 0x42, 0x7, 0x15, 0x48, 0x30,
    0x1a, 0x70, 0xf, 0x97, 0xa5, 0x48, 0x0, 0x29,
    0x3c, 0xa0, 0x18,

    /* U+0399 "Ι" */
    0x4f, 0xf4, 0x0, 0x7f, 0xff, 0xc0, 0x38,

    /* U+039A "Κ" */
    0x4f, 0xf4, 0x0, 0x7c, 0x39, 0xfe, 0xa0, 0xf,
    0xf8, 0x74, 0xc1, 0x68, 0x3, 0xfc, 0x38, 0x60,
    0xd4, 0x1, 0xfe, 0x1c, 0x20, 0x69, 0x0, 0xff,
    0xe, 0x10, 0x34, 0x80, 0x7f, 0x8b, 0x8, 0x1e,
    0x40, 0x3f, 0xc5, 0x84, 0xf, 0x0, 0x1f, 0xe2,
    0xc1, 0x8, 0x80, 0x7, 0xf8, 0xf0, 0x42, 0x1c,
    0x3, 0xfe, 0x41, 0x8, 0x70, 0xf, 0xfe, 0x1e,
    0x0, 0x7f, 0xf0, 0x58, 0x81, 0x2c, 0x3, 0xff,
    0x80, 0x38, 0x40, 0x96, 0x1, 0xff, 0xc0, 0x1c,
    0x20, 0x4a, 0x0, 0xff, 0xe0, 0xe, 0x10, 0x2d,
    0x0, 0x7f, 0xf0, 0x7, 0xc4, 0x16, 0x40, 0x3f,
    0xf8, 0x5, 0x82, 0xd, 0x20, 0x1f, 0xfc, 0x2,
    0xc1, 0x6, 0x80, 0xf, 0xfe, 0x1, 0x60, 0x83,
    0xc0, 0x7, 0xff, 0x0, 0xb4, 0x0, 0xee, 0x0,
    0xff, 0xe0, 0x1e, 0x0, 0x21, 0xc0,

    /* U+039B "Λ" */
    0x0, 0xf8, 0xbf, 0xe5, 0x0, 0xff, 0xe1, 0x50,
    0x5, 0xc0, 0x1f, 0xfc, 0x26, 0x0, 0x90, 0x40,
    0x3f, 0xf8, 0x8, 0x21, 0x0, 0x7, 0x0, 0xff,
    0xe0, 0x70, 0x1, 0xc8, 0x28, 0x3, 0xff, 0x80,
    0xa0, 0xc1, 0x40, 0x64, 0x1, 0xfe, 0x60, 0x6,
    0x83, 0x0, 0x28, 0x3, 0xfd, 0x40, 0x28, 0x2,
    0x60, 0xc0, 0x1f, 0xc4, 0x60, 0xc0, 0x15, 0x0,
    0xa0, 0x7, 0xea, 0x0, 0x58, 0x4, 0xe0, 0xe,
    0x0, 0xfc, 0xc0, 0x46, 0x1, 0xa, 0x82, 0x88,
    0x7, 0x90, 0x42, 0x80, 0x3b, 0xc0, 0xe, 0x1,
    0xee, 0x0, 0x28, 0x7, 0x28, 0x2, 0x80, 0x3c,
    0xa0, 0x64, 0x1, 0xe6, 0x3, 0x20, 0xc, 0xa0,
    0xa, 0x0, 0xfb, 0x40, 0x14, 0x1, 0xb8, 0x0,
    0xe0, 0x1f, 0x20, 0x83, 0x0, 0x42, 0x80, 0x82,
    0x1, 0xf9, 0x80, 0x50, 0x0, 0xc0, 0xe, 0x0,
    0xfe, 0xb0, 0x6, 0x80, 0x28, 0x0, 0xa0, 0x1f,
    0xc6, 0x40, 0xc0, 0x64, 0xa, 0x1, 0xff, 0x50,
    0x1, 0x68, 0x1, 0xc0, 0x1f, 0xf2, 0x80, 0x38,

    /* U+039C "Μ" */
    0x4f, 0xfc, 0x20, 0x1f, 0xdb, 0xff, 0x30, 0x7,
    0x38, 0x7, 0xe3, 0x20, 0xf, 0xea, 0x0, 0xfd,
    0x40, 0x1f, 0x94, 0xc, 0x80, 0x3e, 0x60, 0x50,
    0xf, 0x61, 0x5, 0x0, 0x79, 0x40, 0x1e, 0x1,
    0xf2, 0x82, 0x80, 0x7b, 0x81, 0x44, 0x3, 0xea,
    0x2, 0x30, 0xc, 0x28, 0x1c, 0x1, 0xf8, 0x8c,
    0x28, 0x3, 0x38, 0xa, 0x0, 0x7f, 0x50, 0x38,
    0x6, 0xa0, 0x70, 0xf, 0xf3, 0x80, 0xa8, 0x0,
    0x8c, 0x28, 0x3, 0xfc, 0x2a, 0x1c, 0x0, 0xa0,
    0x23, 0x0, 0xff, 0xbc, 0x10, 0x41, 0x82, 0x80,
    0x3f, 0xf8, 0xa, 0x20, 0xe8, 0x20, 0xc0, 0x1f,
    0xfc, 0x17, 0xa, 0xe0, 0x41, 0x0, 0xff, 0xe0,
    0xd0, 0x1a, 0x87, 0x0, 0x7f, 0xf0, 0x8c, 0x80,
    0x25, 0x0, 0xff, 0xe1, 0xd0, 0x1, 0x80, 0x3f,
    0xf8, 0x8f, 0xfe, 0x90, 0xf, 0xff, 0xc0,

    /* U+039D "Ν" */
    0x4f, 0xfa, 0xc0, 0x3f, 0x3f, 0xf8, 0xc0, 0x32,
    0x18, 0x7, 0xff, 0x13, 0xc0, 0x3f, 0xf8, 0x42,
    0x6, 0x80, 0x1f, 0xfc, 0x16, 0x0, 0x40, 0x7,
    0xff, 0x7, 0x9c, 0xd, 0x0, 0x3f, 0xf8, 0x32,
    0x21, 0x0, 0x1f, 0xfc, 0x11, 0x90, 0x35, 0x0,
    0xff, 0xe0, 0xb8, 0x84, 0x0, 0x7f, 0xf0, 0xa4,
    0x9, 0x40, 0x3f, 0xf8, 0x2e, 0x21, 0x0, 0x1f,
    0xfc, 0x28, 0x2, 0x60, 0xf, 0xfe, 0xb, 0x8,
    0x40, 0x7, 0xff, 0xa, 0x0, 0x58, 0x3, 0xff,
    0x82, 0xc4, 0x10, 0x1, 0xff, 0xc2, 0x80, 0x17,
    0x0, 0xff, 0xe0, 0xa9, 0x4, 0xf8, 0x7, 0xff,
    0x6, 0x0, 0x58, 0x3, 0xff, 0x82, 0xa6, 0x2,
    0x1, 0xff, 0xc2, 0x80, 0xf, 0xfe, 0x22, 0x18,
    0x6,

    /* U+039E "Ξ" */
    0x4f, 0xff, 0xfe, 0x2, 0x80, 0x7f, 0xf0, 0x96,
    0xab, 0xff, 0x80, 0x82, 0xab, 0xff, 0xc0, 0x10,
    0xf, 0xff, 0x72, 0x2a, 0xff, 0x0, 0x69, 0xaa,
    0xfd, 0x60, 0x1f, 0xfc, 0x6d, 0xff, 0xfd, 0xc0,
    0x1f, 0xff, 0xf0, 0xf, 0xf8, 0x59, 0xbf, 0xf8,
    0x4, 0xb3, 0x3f, 0xfc, 0x7, 0x0, 0xff, 0xe1,
    0x0,

    /* U+039F "Ο" */
    0x0, 0xf3, 0x56, 0xff, 0xb6, 0xd8, 0x3, 0xfc,
    0xbd, 0x2a, 0x40, 0x2, 0x49, 0xe5, 0x0, 0xf9,
    0xe8, 0x40, 0xe2, 0xa9, 0x6, 0x3, 0x4e, 0x1,
    0xcb, 0x0, 0xa, 0xc7, 0x55, 0x3e, 0x50, 0x2,
    0x14, 0x2, 0x1b, 0x0, 0x5a, 0x80, 0x79, 0x6c,
    0x1, 0x42, 0x0, 0x61, 0x6, 0x40, 0xf, 0xc8,
    0xc0, 0x9, 0x0, 0x50, 0x2, 0xc0, 0x3f, 0xd6,
    0x0, 0x60, 0x12, 0x2, 0x20, 0x7, 0xf8, 0x8c,
    0x4, 0x94, 0x0, 0xe0, 0x1f, 0xfc, 0x5, 0x0,
    0x38, 0x80, 0x8, 0x3, 0xff, 0x80, 0x20, 0x3,
    0x30, 0x3, 0xc0, 0x3f, 0xf8, 0x1e, 0x0, 0x13,
    0x0, 0x78, 0x7, 0xff, 0x3, 0xc0, 0x2, 0x20,
    0x1, 0x0, 0x7f, 0xf0, 0x4, 0x0, 0x6a, 0x0,
    0x70, 0xf, 0xfe, 0x2, 0x80, 0x1c, 0x48, 0x8,
    0x80, 0x1f, 0xe1, 0x30, 0x12, 0xa, 0x0, 0x58,
    0x7, 0xfa, 0x0, 0xc, 0x0, 0x61, 0x6, 0x40,
    0xf, 0xc6, 0xc0, 0x9, 0x0, 0xd, 0x80, 0x2d,
    0x40, 0x3c, 0xb8, 0x0, 0xa1, 0x0, 0x96, 0x0,
    0x15, 0x8e, 0xaa, 0x7c, 0xa0, 0x4, 0x28, 0x7,
    0x3d, 0x8, 0x1c, 0x55, 0x20, 0xc0, 0x69, 0xc0,
    0x3e, 0x5e, 0x95, 0x20, 0x0, 0xa4, 0xf2, 0x80,
    0x60,

    /* U+03A0 "Π" */
    0x4f, 0xff, 0xfe, 0x1a, 0x80, 0x7f, 0xf2, 0x12,
    0xab, 0xf9, 0x40, 0x3c, 0x6a, 0xbf, 0xda, 0x1,
    0xff, 0xff, 0x0, 0xff, 0xff, 0x80, 0x7f, 0xff,
    0xc0, 0x3f, 0xfe, 0xe0,

    /* U+03A1 "Ρ" */
    0x4f, 0xff, 0xba, 0xd8, 0x3, 0xfe, 0x14, 0x9d,
    0x20, 0xc, 0xb5, 0x54, 0xb8, 0x0, 0xb0, 0x3,
    0x12, 0xac, 0xd1, 0xc4, 0x2, 0xe0, 0x1f, 0xc3,
    0x20, 0xc, 0x0, 0xff, 0x20, 0x1, 0x80, 0x3f,
    0xf8, 0x26, 0x1, 0xfe, 0x20, 0x1, 0x0, 0x7f,
    0xa0, 0x0, 0xa0, 0x1f, 0x9, 0xda, 0x80, 0x2c,
    0x2, 0x7f, 0xfb, 0xb1, 0x0, 0x12, 0x40, 0x1f,
    0xe4, 0xc6, 0x0, 0xcb, 0x55, 0x5e, 0x7d, 0x98,
    0x7, 0x12, 0xac, 0x86, 0x1, 0xff, 0xff, 0x0,
    0xff, 0xe8, 0x0,

    /* U+03A3 "Σ" */
    0x4f, 0xff, 0xfe, 0x5, 0x0, 0x7f, 0xf0, 0x98,
    0x2, 0x8a, 0xaf, 0xd2, 0x56, 0x0, 0xa4, 0x55,
    0xf8, 0xc1, 0x24, 0xb, 0x40, 0x3f, 0xcc, 0xe0,
    0x74, 0x1, 0xfe, 0x86, 0x5, 0x90, 0xf, 0xf4,
    0xa0, 0x33, 0x80, 0x7f, 0xac, 0x82, 0x14, 0x3,
    0xfd, 0x82, 0x14, 0x60, 0x1f, 0xc4, 0x20, 0x46,
    0x1, 0xf8, 0x74, 0x1, 0xc0, 0x1f, 0xd4, 0x21,
    0x6, 0x1, 0xf9, 0xd0, 0x11, 0xc0, 0x3f, 0x1c,
    0x0, 0xd0, 0x7, 0xf7, 0x0, 0x34, 0x40, 0x3f,
    0x51, 0x4, 0x18, 0x7, 0xe6, 0x50, 0x47, 0x0,
    0xfc, 0x52, 0x0, 0xc6, 0x6f, 0xca, 0xc0, 0x14,
    0x4c, 0xfe, 0xb0, 0xf, 0xfe, 0x10,

    /* U+03A4 "Τ" */
    0x1f, 0xff, 0xfe, 0x29, 0x80, 0x7f, 0xf1, 0xc6,
    0xab, 0xe1, 0x0, 0x55, 0x7c, 0x40, 0xab, 0xf1,
    0x80, 0x15, 0x7e, 0x10, 0xf, 0xff, 0xf8, 0x7,
    0xff, 0xfc, 0x3, 0xff, 0xfe, 0x1, 0xff, 0xff,
    0x0, 0xff, 0xe5, 0x80,

    /* U+03A5 "Υ" */
    0xb, 0xff, 0x18, 0x7, 0xf1, 0x7f, 0xb0, 0x1,
    0x20, 0xe, 0x0, 0xfe, 0xe0, 0x7, 0x80, 0xa,
    0x40, 0xa0, 0x3, 0xe7, 0x30, 0x73, 0x0, 0x98,
    0xc1, 0xcc, 0x3, 0x8a, 0x0, 0xa0, 0x3, 0xb8,
    0x1, 0xc0, 0x1d, 0x20, 0xe, 0x0, 0xf1, 0x40,
    0x14, 0x0, 0x4c, 0x80, 0xe6, 0x1, 0xf3, 0x98,
    0x39, 0x80, 0xc0, 0x14, 0x0, 0x7f, 0x70, 0x3,
    0xc2, 0xc4, 0x38, 0x3, 0xfc, 0x50, 0x7, 0x6a,
    0xc, 0x60, 0x1f, 0xf3, 0x98, 0x20, 0x14, 0x80,
    0x7f, 0xf0, 0x78, 0x2, 0x90, 0xf, 0xfe, 0x11,
    0x10, 0x0, 0x80, 0x1f, 0xff, 0xf0, 0xf, 0xff,
    0xf8, 0x7, 0xff, 0x40,

    /* U+03A6 "Φ" */
    0x0, 0xfc, 0xbf, 0xe6, 0x0, 0xff, 0xeb, 0x2c,
    0xc8, 0x1, 0x72, 0xa0, 0x1f, 0xe8, 0xfa, 0x63,
    0x0, 0x13, 0x57, 0xc0, 0x7, 0x87, 0x1c, 0x0,
    0x26, 0x0, 0x21, 0x0, 0x3e, 0x88, 0x6, 0xd3,
    0x1, 0xae, 0x90, 0x5, 0xf5, 0x90, 0x16, 0x80,
    0x4e, 0x60, 0x5e, 0xa0, 0x1e, 0x4d, 0x30, 0x37,
    0x0, 0x48, 0x3, 0x84, 0x3, 0xfb, 0x80, 0x12,
    0x6, 0x20, 0x66, 0x0, 0xff, 0x12, 0x0, 0x9b,
    0x0, 0x14, 0x3, 0xff, 0x80, 0x60, 0x5, 0x30,
    0x0, 0x80, 0x7f, 0xf0, 0x3c, 0x0, 0x26, 0x0,
    0x10, 0xf, 0xfe, 0x7, 0x80, 0x5, 0x80, 0xa,
    0x1, 0xff, 0xc0, 0x30, 0x2, 0x98, 0x81, 0x98,
    0x3, 0xfc, 0x48, 0x2, 0x61, 0x20, 0xe, 0x10,
    0xf, 0xee, 0x0, 0x30, 0x1, 0xcc, 0xb, 0xd0,
    0x3, 0xc9, 0xa6, 0x5, 0x0, 0x16, 0x98, 0xd,
    0xf4, 0x80, 0x2b, 0xac, 0x80, 0xb0, 0x3, 0xe,
    0x38, 0x0, 0x4c, 0x0, 0x62, 0x0, 0x7d, 0x10,
    0xf, 0x47, 0xd3, 0x10, 0x0, 0x96, 0x7a, 0x0,
    0x3f, 0xcb, 0x30, 0x0, 0xba, 0x61, 0x0, 0xff,
    0xe6, 0x80,

    /* U+03A7 "Χ" */
    0x0, 0x6f, 0xf8, 0x40, 0x3f, 0x37, 0xfa, 0x0,
    0x29, 0x0, 0x50, 0x7, 0xc3, 0x20, 0x50, 0x1,
    0x23, 0x2, 0x28, 0x7, 0xa8, 0x1, 0x20, 0x1d,
    0x2, 0x16, 0x20, 0x19, 0x90, 0x19, 0x0, 0x38,
    0x6c, 0x6, 0xc0, 0x21, 0x80, 0x19, 0x0, 0xf9,
    0x54, 0xa, 0x80, 0xa, 0x10, 0xa0, 0xf, 0xeb,
    0x10, 0xa0, 0x54, 0x5, 0x40, 0xf, 0xe1, 0xb0,
    0x1a, 0xb0, 0x1b, 0x0, 0xff, 0x95, 0x1, 0x44,
    0x2c, 0x40, 0x3f, 0xf8, 0x14, 0x1, 0x22, 0x80,
    0x7f, 0xf0, 0x50, 0x2, 0x20, 0xf, 0xfe, 0x8,
    0xd8, 0x4, 0xc6, 0x1, 0xff, 0xc0, 0xb1, 0x8,
    0x0, 0x70, 0x7, 0xfc, 0x8a, 0xa, 0xf0, 0x5,
    0x0, 0x1f, 0xea, 0x1, 0xb0, 0x72, 0x7, 0x20,
    0xf, 0xd2, 0x21, 0x62, 0x0, 0xe0, 0x7, 0x0,
    0x7c, 0x6c, 0x8, 0xa0, 0x11, 0xb8, 0x1b, 0x0,
    0x7b, 0x80, 0x14, 0x1, 0xd0, 0x41, 0x22, 0x1,
    0xa0, 0x82, 0x44, 0x3, 0xd2, 0x0, 0xa0, 0x8,
    0xdc, 0xd, 0x80, 0x3e, 0x46, 0x4, 0x50, 0x7,
    0x0, 0x38, 0x3, 0xfa, 0x4, 0x2c, 0x40,

    /* U+03A8 "Ψ" */
    0x6f, 0xf3, 0x80, 0x65, 0xff, 0x30, 0x6, 0x6f,
    0xf4, 0x0, 0x7f, 0xff, 0xc0, 0x3f, 0xf9, 0x9e,
    0x60, 0xf, 0x0, 0xff, 0xe0, 0x8, 0x4, 0x20,
    0x1, 0x0, 0xff, 0xe0, 0x78, 0x0, 0x98, 0x0,
    0xa0, 0x1f, 0xfc, 0x3, 0x0, 0x31, 0x8, 0x18,
    0x7, 0xff, 0x1, 0x40, 0x6, 0x8, 0x0, 0x60,
    0xf, 0xf2, 0x88, 0x20, 0x2, 0x40, 0x10, 0x1,
    0xfe, 0x80, 0x7, 0x80, 0xd, 0x40, 0x68, 0x3,
    0xf4, 0x90, 0x22, 0x0, 0x2b, 0x10, 0x5b, 0x20,
    0xc, 0x34, 0xc0, 0x34, 0x1, 0x87, 0x4, 0x13,
    0x6c, 0x1, 0x1c, 0xa0, 0x38, 0x20, 0x1c, 0x5e,
    0xa0, 0x1, 0x0, 0x8, 0x1, 0x3c, 0x80, 0x3e,
    0x1a, 0xd8, 0x40, 0x1, 0xbe, 0x58, 0x80, 0x7f,
    0x89, 0xf8, 0x1, 0x50, 0x60, 0x1f, 0xff, 0x60,

    /* U+03A9 "Ω" */
    0x0, 0xe2, 0x7c, 0xef, 0xed, 0x94, 0x0, 0xff,
    0x46, 0xc1, 0x88, 0x9, 0x35, 0xe1, 0x0, 0x7d,
    0x8e, 0x0, 0x37, 0x98, 0x51, 0x3, 0xc4, 0x0,
    0xeb, 0x30, 0x2c, 0xc4, 0x33, 0xd7, 0x30, 0xd,
    0x90, 0x4, 0xc8, 0x5, 0x86, 0x1, 0xe9, 0x70,
    0x7, 0x0, 0x56, 0x0, 0xf1, 0x0, 0xfd, 0x6,
    0x6, 0x80, 0x64, 0xa, 0x40, 0x1f, 0xe9, 0x0,
    0x68, 0x20, 0x3, 0x0, 0x3f, 0xe5, 0x0, 0x20,
    0x70, 0x1, 0x40, 0x3f, 0xf8, 0x4, 0x4, 0x4,
    0x0, 0x10, 0xf, 0xfe, 0x0, 0x80, 0x4, 0x40,
    0x1f, 0xfc, 0x61, 0x20, 0x3, 0x0, 0x7f, 0xf0,
    0x8, 0x4, 0x38, 0x0, 0x60, 0x1f, 0xf1, 0x8,
    0x10, 0x38, 0x2, 0x80, 0x3f, 0xe5, 0x0, 0x58,
    0xa, 0x1, 0x20, 0x7, 0xfa, 0x40, 0xc, 0x0,
    0x80, 0x4, 0x80, 0x7f, 0x40, 0x83, 0x88, 0x0,
    0xe0, 0xa, 0xc0, 0x3e, 0x57, 0x2, 0x80, 0xc,
    0xec, 0x9, 0x62, 0x1, 0x9a, 0x80, 0xb0, 0x2,
    0x77, 0xb8, 0x41, 0x3c, 0x80, 0x15, 0x20, 0x4,
    0x67, 0x71, 0x44, 0x61, 0x0, 0xb, 0x0, 0x10,
    0x2, 0x68, 0x89, 0xc0, 0x3f, 0xf9, 0x0,

    /* U+03AA "Ϊ" */
    0xef, 0xd0, 0x4, 0xff, 0x8c, 0x3, 0xf8, 0x88,
    0xc0, 0xe, 0x22, 0xe, 0x6d, 0x80, 0x1f, 0x74,
    0x40, 0x1f, 0xf2, 0x7f, 0xa0, 0x3, 0xff, 0xfe,
    0x1, 0xff, 0xff, 0x0, 0xff, 0xea, 0x80,

    /* U+03AB "Ϋ" */
    0x0, 0xe8, 0xff, 0x20, 0x17, 0xfa, 0x40, 0x3f,
    0xfa, 0x3c, 0x44, 0x70, 0x1, 0x10, 0x40, 0x3f,
    0xcd, 0xba, 0x30, 0x2d, 0xd4, 0x0, 0x7f, 0xf3,
    0x6f, 0xfc, 0x60, 0x1f, 0xc5, 0xfe, 0xc0, 0x4,
    0x80, 0x38, 0x3, 0xfb, 0x80, 0x1e, 0x0, 0x29,
    0x2, 0x80, 0xf, 0x9c, 0xc1, 0xcc, 0x2, 0x63,
    0x7, 0x30, 0xe, 0x28, 0x2, 0x80, 0xe, 0xe0,
    0x7, 0x0, 0x74, 0x80, 0x38, 0x3, 0xc5, 0x0,
    0x50, 0x1, 0x32, 0x3, 0x98, 0x7, 0xce, 0x60,
    0xe6, 0x3, 0x0, 0x50, 0x1, 0xfd, 0xc0, 0xf,
    0xb, 0x10, 0xe0, 0xf, 0xf1, 0x40, 0x1d, 0xa8,
    0x31, 0x80, 0x7f, 0xce, 0x60, 0x80, 0x52, 0x1,
    0xff, 0xc1, 0xe0, 0xa, 0x40, 0x3f, 0xf8, 0x44,
    0x40, 0x2, 0x0, 0x7f, 0xff, 0xc0, 0x3f, 0xff,
    0xe0, 0x1f, 0xfd, 0x0,

    /* U+03AC "ά" */
    0x0, 0xfc, 0x3d, 0xf4, 0x1, 0xff, 0xc1, 0xa1,
    0x3a, 0x0, 0xff, 0xe0, 0x42, 0x16, 0x80, 0x7f,
    0xf0, 0x11, 0xc7, 0x4, 0x3, 0xfe, 0x1a, 0xc,
    0x10, 0xf, 0xfe, 0x0, 0xf7, 0x90, 0x7, 0xff,
    0x45, 0xf7, 0xfd, 0x8e, 0x1, 0x6f, 0xb0, 0x4,
    0x5d, 0x4, 0x0, 0x38, 0xb0, 0x22, 0x3, 0x80,
    0x7, 0x4, 0x1f, 0x2d, 0x1, 0x1a, 0x80, 0xc4,
    0x1, 0x2, 0x13, 0x6, 0x96, 0x61, 0x4a, 0x16,
    0x1, 0x30, 0x13, 0x0, 0x68, 0x3, 0x20, 0x50,
    0x1, 0x80, 0x14, 0x3, 0x90, 0x2, 0x22, 0x0,
    0x18, 0x1, 0xa0, 0x1e, 0x20, 0x2, 0x80, 0x46,
    0x0, 0x60, 0xf, 0x38, 0x2, 0xc0, 0x3f, 0xf8,
    0x24, 0x2, 0x60, 0x11, 0x80, 0x1c, 0x3, 0xc8,
    0x1, 0xe6, 0x0, 0x18, 0x7, 0x9, 0x80, 0x88,
    0x2, 0x30, 0x5, 0x80, 0x73, 0x0, 0x44, 0x1,
    0x94, 0xd, 0x40, 0x21, 0x90, 0xa, 0xc0, 0x34,
    0x0, 0x29, 0xc8, 0xf4, 0x41, 0x81, 0xd8, 0x80,
    0x5, 0x40, 0x8, 0xdc, 0x30, 0x98, 0x10, 0x9d,
    0x20, 0x2, 0xeb, 0x10, 0x0, 0xa5, 0x87, 0x10,
    0x2,

    /* U+03AD "έ" */
    0x0, 0xfc, 0x31, 0x4, 0x0, 0xfe, 0xa7, 0x54,
    0x0, 0xfc, 0xc8, 0x1e, 0x1, 0xf8, 0xa4, 0x2c,
    0x80, 0x3f, 0x70, 0x42, 0x0, 0x7e, 0x73, 0x57,
    0x0, 0xfe, 0x7f, 0xa0, 0xf, 0xfe, 0x4a, 0xd7,
    0x7f, 0xbb, 0x25, 0x0, 0x2a, 0xa2, 0x88, 0x0,
    0x4d, 0xbc, 0x0, 0xca, 0x5, 0x17, 0x6a, 0x85,
    0x20, 0x6, 0x80, 0xeb, 0xa2, 0x15, 0xea, 0x40,
    0x2, 0x6, 0x1, 0xfe, 0xc0, 0x2a, 0x30, 0xf,
    0xcc, 0xe0, 0xb9, 0xff, 0x18, 0x7, 0x44, 0x80,
    0x7f, 0x87, 0x24, 0xa7, 0x37, 0x46, 0x1, 0xa8,
    0xcd, 0xac, 0x64, 0x40, 0xc, 0x28, 0x12, 0x1,
    0xfc, 0x60, 0x3, 0x0, 0xfe, 0x20, 0x5, 0x88,
    0x7, 0xf3, 0x1, 0x7b, 0xa1, 0x1a, 0xc7, 0x18,
    0x4a, 0x80, 0xc5, 0xee, 0x53, 0x88, 0x5, 0x56,
    0xc4, 0x0, 0x12, 0x59, 0x30,

    /* U+03AE "ή" */
    0x0, 0xfe, 0xbf, 0xd1, 0x0, 0xfe, 0x74, 0xf,
    0x10, 0xf, 0xc5, 0x1, 0x64, 0x1, 0xfd, 0xc1,
    0x8, 0x1, 0xfd, 0x6, 0xae, 0x1, 0xfe, 0xf8,
    0xa0, 0xf, 0xf9, 0xdc, 0x1, 0xe7, 0xff, 0x8,
    0x36, 0x7f, 0xb5, 0xc0, 0x3c, 0x79, 0x26, 0x0,
    0x28, 0xc0, 0xe, 0x93, 0x5a, 0xb9, 0x20, 0x38,
    0x0, 0xc9, 0x54, 0x54, 0x6d, 0x20, 0x60, 0xc,
    0xaa, 0x0, 0xea, 0x1, 0x20, 0xb, 0x80, 0x3c,
    0x80, 0x6, 0x0, 0x94, 0x3, 0xc2, 0x0, 0x10,
    0xf, 0xfe, 0x9, 0x80, 0x7f, 0xff, 0xc0, 0x3f,
    0xfb, 0x2f, 0xfe, 0x10, 0xf, 0xff, 0xf8, 0x7,
    0x0,

    /* U+03AF "ί" */
    0x0, 0x87, 0xbe, 0x80, 0x35, 0x89, 0x50, 0x4,
    0xca, 0x3e, 0x1, 0x14, 0x85, 0x10, 0x5, 0xc1,
    0x28, 0x1, 0x12, 0x4b, 0x0, 0x62, 0x86, 0x0,
    0xeb, 0xfd, 0x0, 0xff, 0xff, 0x80, 0x7f, 0x84,
    0xc, 0x3, 0xb4, 0x4, 0x40, 0x19, 0x0, 0x14,
    0x84, 0x20, 0x6a, 0x9, 0x7b, 0x20, 0xa, 0x82,
    0x0, 0xc0,

    /* U+03B0 "ΰ" */
    0x0, 0xf9, 0xe1, 0x80, 0x3f, 0x9a, 0x1d, 0x40,
    0x3f, 0x14, 0x85, 0x18, 0x7, 0xee, 0x7, 0x50,
    0xf, 0xd0, 0x69, 0x0, 0x1f, 0x8d, 0xca, 0x80,
    0x3f, 0x8f, 0xf4, 0x40, 0x3e, 0xbf, 0xf0, 0x82,
    0xff, 0x9c, 0x3, 0xff, 0x8a, 0x64, 0x40, 0x0,
    0x91, 0x40, 0x1a, 0x37, 0x42, 0x9, 0xba, 0x50,
    0xf, 0xfe, 0x8f, 0xfa, 0x80, 0x3a, 0xfe, 0xc0,
    0x3f, 0xd2, 0x8, 0xa0, 0x1f, 0xc4, 0xc1, 0x20,
    0x1f, 0xed, 0x3, 0x20, 0xf, 0xe5, 0x0, 0x38,
    0x7, 0xf0, 0x80, 0x8, 0x3, 0xff, 0x81, 0xe0,
    0x1f, 0xc2, 0x1, 0xff, 0xc0, 0x50, 0x7, 0x0,
    0x7f, 0x60, 0x1, 0x44, 0x3, 0xf2, 0x80, 0x99,
    0x3, 0x0, 0x72, 0x90, 0x30, 0x28, 0x19, 0x0,
    0x45, 0x60, 0x32, 0x16, 0x0, 0xc6, 0x36, 0xc1,
    0xa, 0x10, 0x29, 0x1, 0x9c, 0x91, 0xa, 0x40,
    0x9, 0xad, 0x0, 0x4, 0xfa, 0xa0, 0x10,

    /* U+03B1 "α" */
    0x0, 0xcf, 0xbf, 0xec, 0x70, 0xb, 0x7d, 0x80,
    0x22, 0xe8, 0x20, 0x1, 0xc5, 0x81, 0x10, 0x1c,
    0x0, 0x38, 0x20, 0xf9, 0x68, 0x8, 0xd4, 0x6,
    0x20, 0x8, 0x10, 0x98, 0x34, 0xb3, 0xa, 0x50,
    0xb0, 0x9, 0x80, 0x98, 0x3, 0x40, 0x19, 0x2,
    0x80, 0xc, 0x0, 0xa0, 0x1c, 0x80, 0x11, 0x10,
    0x0, 0xc0, 0xd, 0x0, 0xf1, 0x0, 0x14, 0x2,
    0x30, 0x3, 0x0, 0x79, 0xc0, 0x16, 0x1, 0xff,
    0xc1, 0x20, 0x13, 0x0, 0x8c, 0x0, 0xe0, 0x1e,
    0x40, 0xf, 0x30, 0x0, 0xc0, 0x38, 0x4c, 0x4,
    0x40, 0x11, 0x80, 0x2c, 0x3, 0x98, 0x2, 0x20,
    0xc, 0xa0, 0x6a, 0x1, 0xc, 0x80, 0x56, 0x1,
    0xa0, 0x1, 0x4e, 0x47, 0xa2, 0xc, 0xe, 0xc4,
    0x0, 0x2a, 0x0, 0x46, 0xe1, 0x84, 0xc0, 0x84,
    0xe9, 0x0, 0x17, 0x58, 0x80, 0x5, 0x2c, 0x38,
    0x80, 0x10,

    /* U+03B2 "β" */
    0x0, 0x9a, 0xfb, 0xfb, 0x1c, 0x3, 0xd7, 0x28,
    0x20, 0x27, 0x1a, 0x20, 0x14, 0x20, 0x1d, 0xf6,
    0x38, 0x15, 0x0, 0x4c, 0x5, 0x88, 0x27, 0x10,
    0x4, 0x20, 0x31, 0xb, 0x0, 0xe5, 0x0, 0x38,
    0x30, 0x1, 0x40, 0x38, 0xc0, 0x3e, 0x10, 0xe,
    0x20, 0x0, 0x81, 0x80, 0x7e, 0xb0, 0x3, 0x0,
    0x7f, 0x23, 0x81, 0x10, 0x3, 0xc8, 0xb5, 0x60,
    0x8, 0x0, 0xfa, 0xe9, 0x40, 0x10, 0xa0, 0x1f,
    0xfc, 0x8, 0x80, 0x7, 0xdf, 0xd9, 0x4, 0xf,
    0x60, 0x1f, 0x9, 0xbe, 0xb0, 0x23, 0x0, 0x7f,
    0xa4, 0x43, 0x40, 0x3f, 0xe5, 0x6, 0x0, 0xff,
    0x9c, 0x4, 0x2, 0x60, 0xf, 0x8c, 0x18, 0x2,
    0xa2, 0x0, 0xe7, 0x0, 0x60, 0x4, 0x3b, 0x8,
    0x69, 0x50, 0x4, 0xc0, 0x1c, 0xf7, 0x96, 0xa0,
    0x5e, 0x1, 0xad, 0xc8, 0x0, 0x27, 0x1a, 0x40,
    0x19, 0xa3, 0x7f, 0xdd, 0x8e, 0x1, 0xff, 0xfd,

    /* U+03B3 "γ" */
    0x9f, 0xd6, 0x0, 0xfc, 0x3f, 0xe8, 0x0, 0x14,
    0xb0, 0x7, 0xd2, 0x0, 0xa8, 0xb2, 0x8, 0x0,
    0xf9, 0x80, 0xc8, 0x53, 0x80, 0x50, 0x3, 0x90,
    0x42, 0x40, 0x23, 0x20, 0xd0, 0xe, 0xe0, 0x2,
    0x80, 0x6a, 0x7, 0x0, 0xc2, 0xa0, 0xc0, 0x1c,
    0xa0, 0x28, 0x1, 0x30, 0x2, 0x80, 0x38, 0x8c,
    0x38, 0x2, 0xa0, 0x23, 0x0, 0xf5, 0x82, 0x80,
    0xc, 0x82, 0xc0, 0x3e, 0x50, 0x2, 0x85, 0x0,
    0x1c, 0x3, 0xe2, 0x30, 0xf0, 0x60, 0x51, 0x0,
    0xfd, 0x60, 0xae, 0x0, 0xe0, 0xf, 0xe5, 0x0,
    0x40, 0x12, 0x0, 0x7f, 0x11, 0x80, 0x54, 0x1,
    0xff, 0x58, 0x4, 0xc0, 0x1f, 0xf3, 0x0, 0x10,
    0x40, 0x3f, 0xe1, 0x0, 0x18, 0x7, 0xff, 0xfc,
    0x3, 0xfe,

    /* U+03B4 "δ" */
    0x0, 0x85, 0xf3, 0xbf, 0xdd, 0x90, 0x40, 0x18,
    0xfe, 0xc, 0x40, 0x2, 0x6f, 0x20, 0x1a, 0x4,
    0x1a, 0xf7, 0x59, 0x6e, 0x20, 0x19, 0x41, 0x25,
    0x8, 0x86, 0x91, 0x40, 0x18, 0xc1, 0x4c, 0x3,
    0xfe, 0x90, 0x1c, 0xd9, 0x51, 0x0, 0xf9, 0x2c,
    0x0, 0x4d, 0x5d, 0x66, 0x1, 0xc5, 0x21, 0x7f,
    0x92, 0x49, 0x8e, 0x1, 0xbc, 0xa9, 0x0, 0xdb,
    0x54, 0x21, 0x40, 0x10, 0x46, 0xa0, 0x1d, 0x44,
    0x16, 0x0, 0x70, 0xb0, 0xf, 0xac, 0x4, 0xd0,
    0x0, 0x60, 0x1f, 0x20, 0x1, 0x8, 0x0, 0xe0,
    0x1f, 0x18, 0x3, 0xc0, 0x3f, 0xf8, 0x42, 0x60,
    0x6, 0x0, 0xf8, 0x80, 0x2, 0xe0, 0xd, 0x0,
    0xf9, 0x40, 0x1a, 0x42, 0xc, 0x1, 0xf5, 0x80,
    0x10, 0x24, 0x6, 0x40, 0x3a, 0x8, 0x14, 0x41,
    0xc8, 0x1a, 0xd4, 0xd2, 0x9c, 0x6, 0xc0, 0x2c,
    0x30, 0x4a, 0xcb, 0x50, 0x2c, 0x10, 0x8, 0x72,
    0x90, 0x40, 0x4e, 0x34, 0x80, 0x0,

    /* U+03B5 "ε" */
    0x0, 0x96, 0xbb, 0xfd, 0xd9, 0x28, 0x1, 0x55,
    0x14, 0x40, 0x2, 0x6d, 0xe0, 0x6, 0x50, 0x28,
    0xbb, 0x54, 0x29, 0x0, 0x34, 0x7, 0x5d, 0x10,
    0xaf, 0x52, 0x0, 0x10, 0x30, 0xf, 0xf6, 0x1,
    0x51, 0x80, 0x7e, 0x67, 0x5, 0xcf, 0xf8, 0xc0,
    0x3a, 0x24, 0x3, 0xfc, 0x39, 0x25, 0x39, 0xba,
    0x30, 0xd, 0x46, 0x6d, 0x63, 0x22, 0x0, 0x61,
    0x40, 0x90, 0xf, 0xe3, 0x0, 0x18, 0x7, 0xf1,
    0x0, 0x2c, 0x40, 0x3f, 0x98, 0xb, 0xdd, 0x8,
    0xd6, 0x38, 0xc2, 0x54, 0x6, 0x2f, 0x72, 0x9c,
    0x40, 0x2a, 0xb6, 0x20, 0x0, 0x92, 0xc9, 0x80,

    /* U+03B6 "ζ" */
    0xf, 0xff, 0xfb, 0x80, 0x3f, 0xf8, 0x4c, 0xdf,
    0x0, 0x65, 0x9, 0x9e, 0xa4, 0x0, 0xd, 0x58,
    0x7, 0x36, 0x10, 0x37, 0x28, 0x7, 0x44, 0x80,
    0xdc, 0x80, 0x7a, 0x1c, 0xb, 0x10, 0x3, 0xc8,
    0xe0, 0x58, 0x40, 0x1f, 0x50, 0x3, 0xc4, 0x3,
    0xe7, 0x10, 0x92, 0x0, 0xfd, 0x20, 0x4c, 0x1,
    0xf8, 0x84, 0x28, 0x3, 0xf9, 0x0, 0x8, 0x1,
    0xfc, 0x20, 0x2, 0x0, 0xfe, 0xf0, 0x0, 0x80,
    0x7f, 0x78, 0x0, 0x40, 0x3f, 0x8c, 0x0, 0x80,
    0x1f, 0xc8, 0x0, 0x90, 0xf, 0xf3, 0x1, 0xc8,
    0x7, 0xf4, 0x90, 0x36, 0xba, 0x10, 0x80, 0x76,
    0x20, 0x14, 0x5e, 0xf6, 0x18, 0x4, 0x37, 0x8c,
    0x62, 0x0, 0x3c, 0x20, 0xc, 0x73, 0x9d, 0xf6,
    0x0, 0xb0, 0xf, 0xe4, 0x50, 0x50, 0xf, 0xf0,
    0x83, 0x80, 0x7e, 0x28, 0x40, 0xc0, 0xf, 0xd4,
    0xe0, 0x4e, 0x1, 0xfc, 0x2d, 0x80,

    /* U+03B7 "η" */
    0x7f, 0xf0, 0x83, 0x67, 0xfb, 0x5c, 0x3, 0xc7,
    0x92, 0x60, 0x2, 0x8c, 0x0, 0xe9, 0x35, 0xab,
    0x92, 0x3, 0x80, 0xc, 0x95, 0x45, 0x46, 0xd2,
    0x6, 0x0, 0xca, 0xa0, 0xe, 0xa0, 0x12, 0x0,
    0xb8, 0x3, 0xc8, 0x0, 0x60, 0x9, 0x40, 0x3c,
    0x20, 0x1, 0x0, 0xff, 0xe0, 0x98, 0x7, 0xff,
    0xfc, 0x3, 0xff, 0xb2, 0xff, 0xe1, 0x0, 0xff,
    0xff, 0x80, 0x70,

    /* U+03B8 "θ" */
    0x0, 0xc5, 0x3b, 0xfd, 0x46, 0x1, 0xf2, 0xeb,
    0x10, 0xa, 0xe3, 0x80, 0x72, 0x50, 0x15, 0xed,
    0x98, 0x43, 0x0, 0x69, 0x2, 0xd4, 0x24, 0xc3,
    0x9, 0x10, 0x2, 0x90, 0x48, 0x7, 0x70, 0x2,
    0x40, 0x1c, 0x2, 0x80, 0x1c, 0x46, 0xa, 0x0,
    0x40, 0x40, 0xf, 0x94, 0x8, 0xa0, 0x6, 0x80,
    0x7d, 0xe0, 0x6, 0x70, 0x1, 0x0, 0x7c, 0x40,
    0x3, 0x30, 0x3, 0x55, 0x7e, 0x30, 0x7, 0x80,
    0x4f, 0x55, 0xf4, 0x0, 0x4, 0x3, 0xff, 0x8d,
    0x7f, 0xff, 0x70, 0x0, 0x4c, 0x0, 0x20, 0x1f,
    0x10, 0x3, 0xdc, 0x0, 0x40, 0x1f, 0x30, 0x0,
    0xc8, 0x1, 0xc0, 0x1f, 0x10, 0x1, 0x81, 0x1,
    0x0, 0x3e, 0xc0, 0x22, 0x7, 0x1, 0x18, 0x7,
    0x12, 0x2, 0x80, 0x14, 0x83, 0x80, 0x3a, 0x40,
    0x12, 0x1, 0x70, 0x16, 0xa9, 0x25, 0xa0, 0x50,
    0x80, 0x47, 0x40, 0x55, 0xb6, 0x81, 0xa, 0x1,
    0xcb, 0xac, 0x40, 0x2b, 0x8e, 0x1, 0x0,

    /* U+03B9 "ι" */
    0xbf, 0xd0, 0xf, 0xff, 0xf0, 0x81, 0x80, 0x6d,
    0x1, 0x10, 0x4, 0x80, 0xa, 0x42, 0x13, 0x50,
    0x4b, 0xd9, 0xa, 0x82, 0x0, 0x80,

    /* U+03BA "κ" */
    0x6f, 0xf1, 0x80, 0x75, 0x7f, 0x98, 0x3, 0xfa,
    0x94, 0x25, 0x80, 0x3f, 0x52, 0x84, 0xb0, 0x7,
    0xea, 0x50, 0x96, 0x0, 0xfd, 0x4a, 0x12, 0xc0,
    0x1f, 0xa9, 0x42, 0x58, 0x3, 0xf7, 0xa8, 0x1,
    0x40, 0x3f, 0x8c, 0x2, 0xe0, 0xf, 0xf5, 0x48,
    0x14, 0x80, 0x7e, 0xa5, 0x64, 0x6, 0x40, 0xf,
    0x98, 0x1, 0x42, 0x14, 0x20, 0x1f, 0xc3, 0x60,
    0x36, 0x1, 0xfe, 0x55, 0x2, 0xa8, 0x3, 0xfd,
    0x62, 0x14, 0x20, 0x1f, 0xc3, 0x40, 0xd, 0x0,
    0xff, 0x23, 0x1, 0xb8,

    /* U+03BB "λ" */
    0x0, 0xbb, 0xfa, 0xcc, 0x3, 0xff, 0x82, 0x29,
    0x84, 0x1, 0xfe, 0xcd, 0x70, 0x4, 0x0, 0x7f,
    0x88, 0x90, 0x80, 0xa2, 0x1, 0xff, 0xc0, 0xf0,
    0x3, 0x80, 0x7f, 0xf0, 0x10, 0x42, 0x80, 0x3f,
    0xf8, 0x2e, 0x6, 0x40, 0x1f, 0xfc, 0x5, 0x0,
    0x50, 0x7, 0xfc, 0x66, 0x0, 0x28, 0x7, 0xfd,
    0x20, 0x11, 0x18, 0x7, 0xf0, 0xa8, 0x18, 0x2,
    0x80, 0x3f, 0xa4, 0x1, 0xe6, 0xe, 0x1, 0xfc,
    0xc0, 0x66, 0xa0, 0x14, 0x0, 0xf9, 0x84, 0x24,
    0x1c, 0x1, 0xc0, 0x1f, 0x58, 0x12, 0x80, 0xa8,
    0x28, 0x7, 0x90, 0x82, 0xc0, 0x2e, 0x0, 0x30,
    0x7, 0x78, 0xb, 0x0, 0x48, 0x21, 0xa0, 0x18,
    0xd0, 0x18, 0x3, 0x9c, 0x10, 0x40, 0x29, 0x0,
    0x48, 0x7, 0x50, 0x1, 0x80, 0x2, 0xa0, 0xc2,
    0x1, 0xc6, 0x41, 0x40, 0x9, 0x0, 0x58, 0x7,
    0xd4, 0x4, 0x60, 0xc0, 0x84, 0x1, 0xf3, 0x0,
    0x2c,

    /* U+03BC "μ" */
    0xaf, 0xe0, 0xf, 0x97, 0xfc, 0x60, 0x1f, 0xff,
    0xf0, 0xf, 0xff, 0xe8, 0x80, 0x7c, 0x40, 0x1f,
    0x8c, 0x3, 0xd8, 0x1, 0xfa, 0x0, 0x39, 0x10,
    0x1, 0xf9, 0x31, 0x51, 0x66, 0xc0, 0x29, 0x51,
    0x0, 0xb, 0x1d, 0x5d, 0x30, 0x58, 0x82, 0xd1,
    0x80, 0x53, 0x4, 0x2, 0x98, 0x94, 0x22, 0x52,
    0x0, 0xcf, 0xbf, 0xd6, 0x60, 0x9d, 0xca, 0x0,
    0xff, 0xff, 0x80, 0x78,

    /* U+03BD "ν" */
    0xdf, 0xd0, 0xe, 0x1e, 0xf7, 0x0, 0x28, 0x11,
    0x0, 0x30, 0xd8, 0x40, 0x86, 0x0, 0x14, 0x3,
    0x94, 0x42, 0x41, 0x0, 0x18, 0x1, 0xe7, 0x6,
    0x0, 0x28, 0x20, 0x7, 0xb0, 0x4, 0x83, 0x0,
    0xa, 0x1, 0xc2, 0x0, 0x60, 0x70, 0x7, 0x80,
    0x70, 0x80, 0x61, 0x30, 0x40, 0xe, 0xc0, 0x3,
    0x0, 0x10, 0x4, 0xc0, 0x21, 0x60, 0x22, 0x0,
    0x2c, 0x1, 0x60, 0x14, 0x80, 0x2c, 0x2, 0x31,
    0x4, 0x0, 0x13, 0x81, 0x30, 0x6, 0x40, 0x31,
    0xe, 0x0, 0x70, 0x7, 0x78, 0x1, 0xe4, 0xc2,
    0x4c, 0x3, 0x94, 0x1, 0xc, 0xc, 0xc0, 0xf,
    0x8c, 0x4, 0x12, 0x40, 0x3f, 0x58, 0x0, 0xec,
    0x3, 0x80,

    /* U+03BE "ξ" */
    0xa, 0xff, 0xff, 0x10, 0x7, 0xff, 0x13, 0xd9,
    0x40, 0x31, 0x22, 0xb1, 0x80, 0x17, 0x14, 0xe,
    0xbf, 0x6e, 0xa4, 0x40, 0x7, 0x40, 0xf8, 0xa0,
    0x1f, 0xa4, 0xa, 0x0, 0x3f, 0xcc, 0x8, 0x1,
    0xff, 0x38, 0x10, 0x7, 0xfd, 0x80, 0x8e, 0x1,
    0xfe, 0x72, 0x8, 0xea, 0x75, 0x43, 0x0, 0xed,
    0x72, 0x15, 0x8a, 0xbf, 0x0, 0xf8, 0xc0, 0x3f,
    0xc5, 0xae, 0x27, 0x17, 0xdf, 0x80, 0x1b, 0xc8,
    0x2b, 0x1d, 0x4, 0x3, 0x90, 0x82, 0x14, 0x3,
    0xf8, 0xc0, 0xc, 0x1, 0xff, 0xc1, 0x10, 0xf,
    0xf1, 0x0, 0x10, 0x3, 0xfc, 0x80, 0x9, 0x20,
    0xf, 0xe1, 0x80, 0x2d, 0xb7, 0x44, 0x18, 0x7,
    0x3c, 0x80, 0x12, 0x2e, 0xd9, 0xec, 0x1, 0x9b,
    0xa5, 0x48, 0x40, 0x29, 0x50, 0xc, 0x2d, 0x5b,
    0xdf, 0xa4, 0x12, 0x1, 0xfe, 0x2a, 0x3, 0x0,
    0xff, 0xe5, 0x8b, 0xc0, 0x20, 0x7, 0xf2, 0x40,
    0x2, 0x40, 0x3f, 0x84, 0x49, 0xa4, 0x0,

    /* U+03BF "ο" */
    0x0, 0xcd, 0x7d, 0xfd, 0x8c, 0x1, 0xe1, 0xc9,
    0x41, 0x1, 0x39, 0xd2, 0x0, 0xd8, 0x60, 0x75,
    0x94, 0x80, 0x58, 0x20, 0x7, 0x20, 0x6c, 0x53,
    0x5b, 0x70, 0x18, 0x0, 0x48, 0xc, 0x80, 0x74,
    0x18, 0x30, 0x90, 0x83, 0x0, 0x7d, 0x40, 0x4,
    0x70, 0x6, 0x80, 0x7c, 0xa0, 0x2, 0x30, 0x3,
    0x0, 0x7c, 0x40, 0xf, 0x0, 0xff, 0xe1, 0x98,
    0x1, 0x80, 0x3e, 0x30, 0x7, 0xb8, 0x3, 0x40,
    0x3e, 0x40, 0x1, 0x10, 0x41, 0x80, 0x3e, 0xa0,
    0x2, 0x4, 0x80, 0xc8, 0x7, 0x39, 0x83, 0x8,
    0x39, 0x3, 0x5a, 0x9a, 0x54, 0x0, 0xc0, 0x5,
    0x86, 0x9, 0x59, 0x6a, 0x5, 0x82, 0x1, 0xe,
    0x4a, 0x8, 0x9, 0xc6, 0x90, 0x0,

    /* U+03C0 "π" */
    0xff, 0xff, 0xe1, 0x58, 0x7, 0xff, 0x15, 0x98,
    0x0, 0x36, 0x6e, 0x10, 0x16, 0xd0, 0x99, 0x0,
    0x12, 0x67, 0x8c, 0xa, 0x58, 0x3, 0xff, 0xfe,
    0x1, 0xff, 0xe4, 0x10, 0xf, 0xfe, 0x9b, 0x81,
    0xa9, 0x0, 0x7f, 0xd8, 0x0, 0xad, 0x10, 0xf,
    0xf3, 0xa8, 0x6,

    /* U+03C1 "ρ" */
    0x0, 0xcb, 0x9d, 0xfe, 0xc6, 0x0, 0xfa, 0xa8,
    0x62, 0x0, 0x39, 0xb0, 0xe, 0xb5, 0x5, 0xbd,
    0xa3, 0x4, 0xa0, 0x9, 0x90, 0x26, 0x90, 0x97,
    0x10, 0x15, 0x0, 0x16, 0x6, 0xc0, 0x1d, 0x40,
    0xf, 0x2, 0x20, 0x50, 0x7, 0x85, 0x1, 0x1,
    0xc0, 0xa, 0x1, 0xf6, 0x0, 0x8, 0xc0, 0x4,
    0x1, 0xf0, 0x80, 0x4, 0x40, 0x1f, 0xfc, 0x52,
    0x0, 0xf8, 0x40, 0x2, 0x1, 0x28, 0x7, 0xd8,
    0x0, 0x20, 0xa, 0x80, 0x3c, 0x28, 0x8, 0x1,
    0x8d, 0x80, 0x3a, 0x80, 0x1e, 0x1, 0x8e, 0x64,
    0x84, 0xb8, 0x80, 0xa8, 0x1, 0xb8, 0x9a, 0xf6,
    0x8c, 0xe, 0x80, 0x38, 0xf6, 0x8, 0x0, 0x73,
    0x80, 0x1f, 0x9f, 0x7f, 0xd8, 0xc0, 0x1f, 0xff,
    0xf0, 0xc,

    /* U+03C2 "ς" */
    0x0, 0xc7, 0x3b, 0xfe, 0xdb, 0x61, 0x0, 0xa7,
    0x18, 0x80, 0x4, 0x93, 0x60, 0xa, 0x60, 0x18,
    0xbc, 0xb8, 0x20, 0x3, 0x28, 0x1f, 0x3a, 0x1a,
    0x3e, 0xd8, 0x58, 0xe, 0x80, 0x7c, 0x24, 0x40,
    0x71, 0x0, 0xfc, 0xe0, 0xc, 0x0, 0xfe, 0x30,
    0x3, 0x0, 0x7f, 0xf2, 0x8c, 0x0, 0xc0, 0x1f,
    0xce, 0x0, 0xc0, 0xf, 0xe2, 0x20, 0x38, 0x80,
    0x7f, 0x40, 0xd, 0x0, 0x7f, 0x2a, 0x81, 0x39,
    0xcc, 0x80, 0x3d, 0x4c, 0x3, 0x19, 0xbf, 0x20,
    0x1d, 0x38, 0xc4, 0x1, 0x34, 0x80, 0x71, 0xce,
    0xff, 0x94, 0x18, 0x40, 0x3f, 0xa0, 0x0, 0xa0,
    0x1f, 0xfc, 0x95, 0xf0, 0x2, 0x0, 0x7e, 0xa2,
    0x8, 0x0, 0xff, 0x1d, 0x38, 0x0,

    /* U+03C3 "σ" */
    0x0, 0x86, 0x33, 0xbf, 0xff, 0x70, 0x1, 0x39,
    0xcc, 0x40, 0x3f, 0xc3, 0x60, 0x6, 0xce, 0xd7,
    0x0, 0x95, 0x98, 0x10, 0x0, 0x89, 0x31, 0x28,
    0xa0, 0x1, 0xcc, 0x3, 0x1, 0x38, 0x7, 0x2a,
    0x3, 0x8, 0x18, 0x2, 0x80, 0x3e, 0xe0, 0x2,
    0x3, 0x0, 0xc, 0x3, 0xe7, 0x0, 0x68, 0x18,
    0x1, 0xc0, 0x3e, 0x30, 0x0, 0x80, 0x7f, 0xf0,
    0xc4, 0xc, 0x0, 0xc0, 0x1f, 0x10, 0x3, 0xc1,
    0xc0, 0x1a, 0x1, 0xf2, 0x80, 0xc, 0x8, 0x80,
    0xc0, 0x1f, 0x58, 0x1, 0x0, 0x16, 0x3, 0x20,
    0x1d, 0x4, 0xc, 0x1, 0x31, 0x83, 0x5a, 0x9a,
    0x53, 0x80, 0xc8, 0x6, 0xd3, 0x4, 0xac, 0xb5,
    0x2, 0xc0, 0xe, 0x1c, 0xa4, 0x10, 0x13, 0x9d,
    0x20, 0x8,

    /* U+03C4 "τ" */
    0xaf, 0xff, 0xfe, 0xb, 0x80, 0x7f, 0xf0, 0xfd,
    0x9b, 0x80, 0x4, 0xcd, 0xc6, 0xb3, 0x3c, 0x20,
    0xd3, 0x3c, 0x80, 0x1f, 0xff, 0xf0, 0xf, 0xfe,
    0x49, 0x80, 0x7f, 0xf4, 0x5c, 0x14, 0x3, 0xff,
    0x81, 0xe0, 0x32, 0x84, 0x1, 0xfc, 0xa6, 0xd,
    0x7a, 0xa0, 0x1f, 0xd8, 0xe4, 0x1, 0xc0,

    /* U+03C5 "υ" */
    0xff, 0x50, 0x7, 0x5f, 0xd8, 0x7, 0xfa, 0x41,
    0x14, 0x3, 0xf8, 0x98, 0x24, 0x3, 0xfd, 0xa0,
    0x64, 0x1, 0xfc, 0xa0, 0x7, 0x0, 0xfe, 0x10,
    0x1, 0x0, 0x7f, 0xf0, 0x3c, 0x3, 0xf8, 0x40,
    0x3f, 0xf8, 0xa, 0x0, 0xe0, 0xf, 0xec, 0x0,
    0x28, 0x80, 0x7e, 0x50, 0x13, 0x20, 0x60, 0xe,
    0x52, 0x6, 0x5, 0x3, 0x20, 0x8, 0xac, 0x6,
    0x42, 0xc0, 0x18, 0xc6, 0xd8, 0x21, 0x42, 0x5,
    0x20, 0x33, 0x92, 0x21, 0x48, 0x1, 0x35, 0xa0,
    0x0, 0x9f, 0x54, 0x2,

    /* U+03C6 "φ" */
    0x0, 0x86, 0x34, 0x1, 0x1d, 0xf8, 0xa0, 0x1c,
    0x7e, 0xe4, 0x2e, 0xe1, 0x3, 0xa9, 0x0, 0x87,
    0x44, 0x18, 0x68, 0xa, 0xcc, 0x19, 0xc0, 0x10,
    0x20, 0xf2, 0x4, 0xa, 0x9a, 0x21, 0x2, 0xc,
    0x5, 0x0, 0x1b, 0xc0, 0x60, 0x0, 0xe6, 0x0,
    0x50, 0x0, 0x80, 0x73, 0x80, 0x31, 0x40, 0x18,
    0x1, 0xf8, 0x44, 0xc, 0x20, 0x7, 0x0, 0xfe,
    0x30, 0x11, 0x0, 0x7f, 0xf0, 0xcc, 0x0, 0xc0,
    0x1f, 0xc6, 0xc, 0xe0, 0xd, 0x0, 0xfc, 0x22,
    0x3, 0x21, 0x6, 0x0, 0xfc, 0xc0, 0xc, 0x9,
    0x1, 0x90, 0xf, 0x1c, 0x1, 0x20, 0x39, 0x3,
    0x5b, 0x80, 0x36, 0x30, 0x1, 0x20, 0x16, 0x10,
    0x24, 0x80, 0x15, 0xc0, 0x12, 0x80, 0x10, 0xec,
    0x18, 0x6, 0x15, 0xd6, 0x0, 0xf3, 0xe7, 0x0,
    0x23, 0xa8, 0x80, 0x3f, 0xff, 0xe0, 0x1f, 0x80,

    /* U+03C7 "χ" */
    0x3f, 0xec, 0x60, 0xf, 0xb7, 0xfc, 0x40, 0x1,
    0x39, 0x90, 0x7, 0x31, 0x3, 0x11, 0xed, 0x98,
    0x31, 0x80, 0x68, 0x0, 0x40, 0x0, 0x93, 0x44,
    0x28, 0x2, 0x71, 0x7, 0x10, 0xc, 0x2c, 0xe,
    0x0, 0x19, 0x1, 0x90, 0xf, 0x50, 0xa, 0x84,
    0x88, 0x48, 0x80, 0x78, 0x8c, 0x38, 0x5c, 0x5,
    0xc0, 0x3f, 0x58, 0x25, 0x80, 0x20, 0x3, 0xf9,
    0x80, 0xa, 0x4, 0xc0, 0x1f, 0xc2, 0x80, 0x14,
    0x0, 0x7f, 0xda, 0x0, 0x35, 0x0, 0xff, 0xb4,
    0x0, 0x80, 0x1f, 0xf1, 0xa0, 0x1, 0x80, 0x3f,
    0xe8, 0x0, 0x85, 0x0, 0x3f, 0x91, 0x0, 0x84,
    0x1c, 0x1, 0xfd, 0x0, 0x8, 0xa0, 0x50, 0xf,
    0xc8, 0x60, 0xa6, 0xa0, 0x6, 0x0, 0xfa, 0x40,
    0x10, 0x4, 0x61, 0xa0, 0x1e, 0x52, 0x6, 0x20,
    0x5, 0x2, 0x18, 0x7, 0x40, 0x2, 0x0, 0x26,
    0x0, 0x6b, 0x98, 0x83, 0x10, 0x30, 0x80, 0x69,
    0x1, 0x8c, 0x70, 0x80, 0x4, 0x0, 0x73, 0x5a,
    0x8, 0x0,

    /* U+03C8 "ψ" */
    0x7f, 0xf0, 0x80, 0x7, 0xfc, 0xe0, 0x15, 0xfe,
    0x80, 0x7f, 0xff, 0xc0, 0x3f, 0xff, 0x22, 0x0,
    0x20, 0xf, 0xe7, 0x1, 0x50, 0x2, 0x0, 0x7e,
    0x13, 0x5, 0x31, 0x9, 0x10, 0xf, 0xa0, 0x1,
    0xa1, 0x0, 0x3e, 0xe4, 0x0, 0xf4, 0xb6, 0x3,
    0x40, 0x67, 0x1, 0x8c, 0x0, 0x3d, 0xa0, 0x1e,
    0x80, 0x51, 0x8a, 0x1, 0xe3, 0xac, 0x10, 0xc,
    0x75, 0xf8, 0x0, 0x6f, 0xc5, 0x0, 0xfe, 0x20,
    0x7, 0x0, 0x7f, 0xfe, 0x80,

    /* U+03C9 "ω" */
    0x0, 0x27, 0xf9, 0xc0, 0x3f, 0x87, 0xfd, 0x40,
    0x1b, 0x80, 0xc, 0x1, 0xfc, 0x28, 0xa, 0x20,
    0x1, 0x50, 0x41, 0x0, 0xff, 0x70, 0x1, 0x80,
    0xe, 0x0, 0xd0, 0xf, 0xf9, 0x40, 0x16, 0x0,
    0xd0, 0x2, 0x0, 0x7f, 0xf0, 0xc, 0xc, 0x41,
    0x40, 0x4, 0x1, 0xff, 0xc0, 0x50, 0x2, 0x80,
    0x81, 0x80, 0x72, 0xd4, 0x80, 0x77, 0x0, 0x8,
    0x80, 0x7, 0x0, 0xed, 0x57, 0x0, 0xe2, 0x0,
    0x71, 0x80, 0x7f, 0xf1, 0xfc, 0x2, 0x70, 0xe,
    0x20, 0x10, 0xe, 0x30, 0x8, 0x40, 0x4, 0x1,
    0xcc, 0x0, 0x20, 0xd, 0xc0, 0x3, 0x3, 0x1,
    0x20, 0xc, 0x60, 0x4, 0x0, 0xc8, 0x0, 0x50,
    0xb0, 0x5, 0x80, 0x4c, 0x6, 0x14, 0x1, 0x19,
    0x80, 0xc4, 0x1c, 0x41, 0xa0, 0xda, 0x42, 0x4,
    0xe8, 0xd7, 0x40, 0x12, 0x1, 0x50, 0x1, 0xf2,
    0x41, 0x11, 0x0, 0xb9, 0x42, 0xc, 0xa0, 0x12,
    0x6a, 0x88, 0xb, 0xd8, 0x35, 0x18, 0x0, 0xea,
    0x40, 0x0,

    /* U+03CA "ϊ" */
    0xff, 0x68, 0x2, 0x7f, 0xc6, 0x1, 0xfc, 0x64,
    0xe0, 0xe, 0x22, 0xe, 0x6d, 0x0, 0x1f, 0x74,
    0x40, 0x1f, 0xfc, 0x88, 0xff, 0x8, 0x7, 0xff,
    0xfc, 0x3, 0xff, 0x91, 0xe0, 0x1f, 0x8c, 0x0,
    0xa0, 0x1c, 0x80, 0x9, 0x53, 0x10, 0xa, 0x40,
    0xab, 0x28, 0x2, 0x6a, 0x30, 0x8,

    /* U+03CB "ϋ" */
    0xa, 0xff, 0x8, 0x2f, 0xf9, 0xc0, 0x3f, 0xf8,
    0xa4, 0x50, 0x0, 0x48, 0xa0, 0xd, 0x1b, 0xa1,
    0x4, 0xdd, 0x28, 0x7, 0xff, 0x47, 0xfd, 0x40,
    0x1d, 0x7f, 0x60, 0x1f, 0xe9, 0x4, 0x50, 0xf,
    0xe2, 0x60, 0x90, 0xf, 0xf6, 0x81, 0x90, 0x7,
    0xf2, 0x80, 0x1c, 0x3, 0xf8, 0x40, 0x4, 0x1,
    0xff, 0xc0, 0xf0, 0xf, 0xe1, 0x0, 0xff, 0xe0,
    0x28, 0x3, 0x80, 0x3f, 0xb0, 0x0, 0xa2, 0x1,
    0xf9, 0x40, 0x4c, 0x81, 0x80, 0x39, 0x48, 0x18,
    0x14, 0xc, 0x80, 0x22, 0xb0, 0x19, 0xb, 0x0,
    0x63, 0x1b, 0x60, 0x85, 0x8, 0x14, 0x80, 0xce,
    0x48, 0x85, 0x20, 0x4, 0xd6, 0x80, 0x2, 0x7d,
    0x50, 0x8,

    /* U+03CC "ό" */
    0x0, 0xfe, 0x48, 0x71, 0x0, 0xff, 0x15, 0xbf,
    0x88, 0x7, 0xfb, 0x81, 0x20, 0x3, 0xfc, 0xe6,
    0x56, 0x1, 0xfe, 0x38, 0xf, 0x0, 0xff, 0xb8,
    0x2c, 0x80, 0x3f, 0xed, 0xf4, 0x0, 0xff, 0xe6,
    0xb5, 0xf7, 0xf6, 0x30, 0x7, 0x87, 0x25, 0x4,
    0x4, 0xe7, 0x48, 0x3, 0x61, 0x81, 0xd6, 0x52,
    0x1, 0x60, 0x80, 0x1c, 0x81, 0xb1, 0x4d, 0x6d,
    0xc0, 0x60, 0x1, 0x20, 0x32, 0x1, 0xd0, 0x60,
    0xc2, 0x42, 0xc, 0x1, 0xf5, 0x0, 0x11, 0xc0,
    0x1a, 0x1, 0xf2, 0x80, 0x8, 0xc0, 0xc, 0x1,
    0xf1, 0x0, 0x3c, 0x3, 0xff, 0x86, 0x60, 0x6,
    0x0, 0xf8, 0xc0, 0x1e, 0xe0, 0xd, 0x0, 0xf9,
    0x0, 0x4, 0x41, 0x6, 0x0, 0xfa, 0x80, 0x8,
    0x12, 0x3, 0x20, 0x1c, 0xe6, 0xc, 0x20, 0xe4,
    0xd, 0x6a, 0x69, 0x50, 0x3, 0x0, 0x16, 0x18,
    0x25, 0x65, 0xa8, 0x16, 0x8, 0x4, 0x39, 0x28,
    0x20, 0x27, 0x1a, 0x40, 0x0,

    /* U+03CD "ύ" */
    0x0, 0xf9, 0xa1, 0xc0, 0x3f, 0x96, 0x5c, 0xc0,
    0x3f, 0xd, 0x84, 0x20, 0x7, 0xea, 0x15, 0x70,
    0xf, 0xcc, 0x87, 0x40, 0x1f, 0x8a, 0x47, 0x40,
    0x3f, 0x8b, 0xf8, 0x40, 0x3f, 0xf8, 0xff, 0xea,
    0x0, 0xeb, 0xfb, 0x0, 0xff, 0x48, 0x22, 0x80,
    0x7f, 0x13, 0x4, 0x80, 0x7f, 0xb4, 0xc, 0x80,
    0x3f, 0x94, 0x0, 0xe0, 0x1f, 0xc2, 0x0, 0x20,
    0xf, 0xfe, 0x7, 0x80, 0x7f, 0x8, 0x7, 0xff,
    0x1, 0x40, 0x1c, 0x1, 0xfd, 0x80, 0x5, 0x10,
    0xf, 0xca, 0x2, 0x64, 0xc, 0x1, 0xca, 0x40,
    0xc0, 0xa0, 0x64, 0x1, 0x15, 0x80, 0xc8, 0x58,
    0x3, 0x18, 0xdb, 0x4, 0x28, 0x40, 0xa4, 0x6,
    0x72, 0x44, 0x29, 0x0, 0x26, 0xb4, 0x0, 0x13,
    0xea, 0x80, 0x40,

    /* U+03CE "ώ" */
    0x0, 0xff, 0xe0, 0x24, 0x38, 0x80, 0x7f, 0xf1,
    0xa, 0xdf, 0xc4, 0x3, 0xff, 0x89, 0xc0, 0x90,
    0x1, 0xff, 0xc4, 0x73, 0x2b, 0x0, 0xff, 0xe2,
    0x14, 0x7, 0x80, 0x7f, 0xf1, 0x7c, 0x2c, 0x80,
    0x3f, 0xf8, 0xbb, 0xe8, 0x1, 0xff, 0xd4, 0x4f,
    0xf3, 0x80, 0x7f, 0xf, 0xfa, 0x80, 0x37, 0x0,
    0x18, 0x3, 0xf8, 0x50, 0x14, 0x40, 0x2, 0xa0,
    0x82, 0x1, 0xfe, 0xe0, 0x3, 0x0, 0x1c, 0x1,
    0xa0, 0x1f, 0xf2, 0x80, 0x2c, 0x1, 0xa0, 0x4,
    0x0, 0xff, 0xe0, 0x18, 0x18, 0x82, 0x80, 0x8,
    0x3, 0xff, 0x80, 0xa0, 0x5, 0x1, 0x3, 0x0,
    0xe5, 0xa9, 0x0, 0xee, 0x0, 0x11, 0x0, 0xe,
    0x1, 0xda, 0xae, 0x1, 0xc4, 0x0, 0xe3, 0x0,
    0xff, 0xe3, 0xf8, 0x4, 0xe0, 0x1c, 0x40, 0x20,
    0x1c, 0x60, 0x10, 0x80, 0x8, 0x3, 0x98, 0x0,
    0x40, 0x1b, 0x80, 0x6, 0x6, 0x2, 0x40, 0x18,
    0xc0, 0x8, 0x1, 0x90, 0x0, 0xa1, 0x60, 0xb,
    0x0, 0x98, 0xc, 0x28, 0x2, 0x33, 0x1, 0x88,
    0x38, 0x83, 0x41, 0xb4, 0x84, 0x9, 0xd1, 0xae,
    0x80, 0x24, 0x2, 0xa0, 0x3, 0xe4, 0x82, 0x22,
    0x1, 0x72, 0x84, 0x19, 0x40, 0x24, 0xd5, 0x10,
    0x17, 0xb0, 0x6a, 0x30, 0x1, 0xd4, 0x80, 0x0,

    /* U+0400 "Ѐ" */
    0x0, 0xe6, 0x85, 0x0, 0xff, 0x95, 0xe8, 0xc0,
    0x3f, 0xc7, 0x61, 0xa2, 0x1, 0xfe, 0x49, 0x1d,
    0x0, 0xff, 0x9b, 0xf0, 0x3, 0xff, 0x8c, 0x9f,
    0xff, 0xfc, 0xa, 0x0, 0xff, 0xe2, 0xa5, 0x57,
    0xf4, 0x80, 0x46, 0xab, 0xfc, 0x60, 0x1f, 0xfe,
    0xf3, 0x55, 0xfe, 0x10, 0x9, 0x2a, 0xbf, 0x88,
    0x3, 0xff, 0x8a, 0xff, 0xff, 0xc6, 0x1, 0xff,
    0xff, 0x0, 0xff, 0xe0, 0x1b, 0x37, 0xf2, 0x80,
    0x49, 0x33, 0xfd, 0x60, 0x1f, 0xfc, 0x20,

    /* U+0401 "Ё" */
    0x0, 0xbb, 0xf4, 0x1, 0x3f, 0xe3, 0x0, 0xff,
    0xe3, 0x91, 0x18, 0x1, 0xc4, 0x41, 0x0, 0xec,
    0xdb, 0x0, 0x3e, 0xe8, 0x80, 0x3f, 0xf8, 0x89,
    0xff, 0xff, 0xc0, 0xa0, 0xf, 0xfe, 0x2a, 0x55,
    0x7f, 0x48, 0x4, 0x6a, 0xbf, 0xc6, 0x1, 0xff,
    0xef, 0x35, 0x5f, 0xe1, 0x0, 0x92, 0xab, 0xf8,
    0x80, 0x3f, 0xf8, 0xaf, 0xff, 0xfc, 0x60, 0x1f,
    0xff, 0xf0, 0xf, 0xfe, 0x1, 0xb3, 0x7f, 0x28,
    0x4, 0x93, 0x3f, 0xd6, 0x1, 0xff, 0xc2,

    /* U+0402 "Ђ" */
    0x1f, 0xff, 0xfe, 0x1e, 0x80, 0x7f, 0xf3, 0x46,
    0xab, 0xa0, 0x0, 0x95, 0x5e, 0x90, 0xe, 0x55,
    0xe4, 0x0, 0x12, 0xaf, 0x90, 0x3, 0xff, 0xfe,
    0x1, 0xff, 0xdf, 0x6f, 0xff, 0x6c, 0x88, 0x7,
    0xff, 0x18, 0x9b, 0xcc, 0x3, 0xfc, 0x95, 0x5d,
    0x4, 0x3, 0xa0, 0x1f, 0xe2, 0x55, 0xe7, 0xd3,
    0x1, 0x60, 0xf, 0xfe, 0x2f, 0x80, 0x30, 0x3,
    0xff, 0x8a, 0x60, 0x6, 0x0, 0xff, 0xe3, 0x8,
    0x8, 0x7, 0xff, 0xfc, 0x3, 0xff, 0xb0, 0x7f,
    0xe9, 0x0, 0xfc, 0x20, 0x20, 0x1f, 0xfc, 0x53,
    0x0, 0x28, 0x7, 0xff, 0x16, 0x40, 0x18, 0x1,
    0xff, 0xc2, 0x67, 0xc5, 0x1, 0x50, 0xf, 0xfe,
    0x8, 0xcc, 0x18, 0x2, 0x80, 0x3f, 0xf8, 0xa4,
    0xda, 0x80,

    /* U+0403 "Ѓ" */
    0x0, 0xfc, 0xf0, 0x60, 0x1f, 0xea, 0x83, 0x30,
    0x7, 0xf3, 0x29, 0x58, 0x7, 0xf1, 0xc8, 0xe0,
    0x7, 0xf8, 0xff, 0x84, 0x3, 0xff, 0x8e, 0x9f,
    0xff, 0xfc, 0x7, 0x0, 0xff, 0xe2, 0xa5, 0x57,
    0xf2, 0x80, 0x46, 0xab, 0xfc, 0x40, 0x1f, 0xff,
    0xf0, 0xf, 0xff, 0xf8, 0x7, 0xff, 0xfc, 0x3,
    0xff, 0x82,

    /* U+0404 "Є" */
    0x0, 0xf2, 0x4e, 0xf7, 0xf6, 0xca, 0x0, 0x7c,
    0x9b, 0x6c, 0x42, 0x2, 0x4d, 0x7a, 0xa0, 0x19,
    0xac, 0x80, 0x9e, 0x6a, 0x5c, 0xc0, 0xa8, 0x2,
    0x49, 0x1, 0xbd, 0x86, 0x56, 0x8c, 0xd5, 0x0,
    0xd4, 0x0, 0xc4, 0x0, 0xf8, 0xaa, 0x80, 0x7,
    0x10, 0x82, 0x0, 0xff, 0x28, 0x2, 0x80, 0xc,
    0x1, 0xff, 0xc1, 0x12, 0x4, 0x10, 0xf, 0xfe,
    0xa, 0x80, 0x8, 0x3, 0xff, 0x84, 0x20, 0x6,
    0xff, 0xff, 0x30, 0x4, 0x60, 0x1f, 0xfc, 0x53,
    0x0, 0x24, 0xcf, 0xf9, 0x0, 0x21, 0x0, 0xb,
    0x37, 0xf8, 0x80, 0x25, 0x0, 0x38, 0x7, 0xff,
    0x8, 0x48, 0x8, 0x80, 0x1f, 0xfc, 0x2a, 0x0,
    0x40, 0x7, 0xff, 0x9, 0xc4, 0x15, 0x0, 0x3f,
    0xd0, 0x1, 0x50, 0x2, 0xd4, 0x3, 0xe3, 0xc7,
    0x0, 0x92, 0x40, 0x15, 0xb0, 0xca, 0xd1, 0xb8,
    0x60, 0x1c, 0xd6, 0x40, 0x4f, 0x35, 0x2e, 0x40,
    0x54, 0x1, 0xc9, 0xb4, 0xc4, 0x20, 0x24, 0xd7,
    0xaa, 0x0,

    /* U+0405 "Ѕ" */
    0x0, 0xcd, 0x7d, 0xfe, 0xec, 0x96, 0x10, 0xc,
    0x7d, 0x28, 0x20, 0x1, 0x36, 0x9e, 0x0, 0x8b,
    0x4, 0xe, 0x2a, 0xe9, 0xcc, 0x3, 0xa4, 0x1,
    0x18, 0xea, 0x8b, 0x19, 0xae, 0x1, 0x20, 0x13,
    0x80, 0x7c, 0x50, 0x0, 0x20, 0x3, 0x80, 0x7f,
    0xf0, 0xc, 0x0, 0xc0, 0x1f, 0xfc, 0x1, 0x10,
    0x1b, 0x0, 0x7f, 0xf0, 0x24, 0x1, 0x38, 0xe8,
    0x20, 0x1f, 0x9d, 0x80, 0x7, 0x17, 0xdb, 0x28,
    0x1, 0xe9, 0xc5, 0x0, 0xc4, 0xd7, 0x84, 0x1,
    0xc7, 0x5f, 0x92, 0xc2, 0x0, 0x3c, 0x20, 0xf,
    0x8d, 0xa7, 0xac, 0x40, 0x60, 0x3, 0xfe, 0x4c,
    0x0, 0x28, 0x7, 0xff, 0x0, 0x8c, 0x0, 0x40,
    0x1f, 0xfc, 0x7, 0x0, 0xff, 0xe1, 0xa8, 0x0,
    0x87, 0x58, 0x3, 0xf5, 0x8, 0x20, 0x0, 0xa7,
    0xed, 0xd5, 0x16, 0x39, 0x40, 0x10, 0x2, 0x40,
    0x4, 0x8a, 0xba, 0x71, 0x1, 0xc3, 0x0, 0x6e,
    0x42, 0x10, 0x4, 0x4b, 0x5c, 0x60, 0x0,

    /* U+0406 "І" */
    0x4f, 0xf4, 0x0, 0x7f, 0xff, 0xc0, 0x38,

    /* U+0407 "Ї" */
    0xef, 0xd0, 0x4, 0xff, 0x8c, 0x3, 0xf8, 0x88,
    0xc0, 0xe, 0x22, 0xe, 0x6d, 0x80, 0x1f, 0x74,
    0x40, 0x1f, 0xf2, 0x7f, 0xa0, 0x3, 0xff, 0xfe,
    0x1, 0xff, 0xff, 0x0, 0xff, 0xea, 0x80,

    /* U+0408 "Ј" */
    0x0, 0xc9, 0xfe, 0x80, 0xf, 0xff, 0xf8, 0x7,
    0xff, 0xfc, 0x3, 0xfb, 0xc0, 0x30, 0x80, 0x4,
    0x3, 0x68, 0x0, 0x80, 0x21, 0x60, 0x2, 0x13,
    0x47, 0x88, 0x30, 0x2c, 0xb8, 0x81, 0xc8, 0x4,
    0x27, 0x18, 0x0,

    /* U+0409 "Љ" */
    0x0, 0xed, 0xff, 0xff, 0x90, 0x3, 0xff, 0xc5,
    0x55, 0xe5, 0x0, 0xff, 0xe4, 0xa, 0xaf, 0xb4,
    0x3, 0xff, 0xfc, 0x60, 0x1f, 0xfd, 0x13, 0x0,
    0xff, 0xe6, 0x88, 0x7, 0xfd, 0x8a, 0xa4, 0x41,
    0x0, 0x7f, 0xf0, 0x4, 0x3, 0xf9, 0xea, 0x97,
    0x6d, 0xe8, 0x10, 0xf, 0x8, 0x1, 0xc0, 0x3f,
    0xf8, 0x62, 0xfe, 0x40, 0x1c, 0x40, 0x2, 0x0,
    0xfe, 0xbf, 0xfb, 0xa8, 0x80, 0x7c, 0x3, 0x98,
    0x1, 0xc0, 0x1f, 0xfc, 0x11, 0x5d, 0x20, 0x24,
    0x0, 0xc4, 0x0, 0x20, 0xf, 0xfe, 0x25, 0x0,
    0x30, 0x3, 0x60, 0x1, 0x0, 0x3f, 0xf8, 0x86,
    0x0, 0x10, 0x8, 0x90, 0x8, 0x40, 0x3f, 0xf8,
    0x82, 0x1, 0xe8, 0x0, 0x28, 0x7, 0xff, 0x17,
    0x40, 0x1c, 0x0, 0x85, 0x0, 0x48, 0x7, 0xff,
    0x10, 0xdc, 0x0, 0xaf, 0xae, 0x0, 0xa1, 0x0,
    0xff, 0x62, 0xac, 0xd5, 0x80, 0x6, 0x2a, 0x20,
    0x2b, 0x50, 0xf, 0xf9, 0xea, 0xa9, 0x50, 0x2,
    0xc8, 0xa, 0xd6, 0xa0, 0x7, 0xff, 0x14, 0x9b,
    0x28, 0x0,

    /* U+040A "Њ" */
    0x4f, 0xf4, 0x0, 0x7e, 0xdf, 0xf0, 0x7, 0xff,
    0xfc, 0x3, 0xff, 0xfe, 0x1, 0xff, 0xe2, 0x35,
    0x5f, 0xc6, 0x0, 0x55, 0xc8, 0x20, 0x1f, 0x92,
    0xab, 0xf0, 0x80, 0x2a, 0xb5, 0xf6, 0xb0, 0x7,
    0xff, 0x30, 0xa6, 0xc0, 0x39, 0xff, 0xff, 0x10,
    0x3, 0xff, 0x6c, 0x0, 0x12, 0x0, 0x3f, 0xf9,
    0x4, 0xf6, 0x0, 0x60, 0xf, 0xfe, 0x52, 0x18,
    0x9, 0x0, 0x7f, 0xf2, 0x98, 0x0, 0xc0, 0x1f,
    0xfc, 0xd7, 0x0, 0xff, 0xe5, 0x20, 0x0, 0x80,
    0x3f, 0xf9, 0x30, 0x20, 0x62, 0x1, 0xff, 0xc3,
    0x55, 0xcf, 0x8e, 0x0, 0x80, 0xf, 0xfe, 0x25,
    0x56, 0x83, 0x0, 0x52, 0x0, 0x7f, 0xf2, 0x4,
    0xe3, 0x94, 0x0,

    /* U+040B "Ћ" */
    0x1f, 0xff, 0xfe, 0x1e, 0x80, 0x7f, 0xf3, 0x46,
    0xab, 0xa0, 0x0, 0x95, 0x5e, 0x90, 0xe, 0x55,
    0xe4, 0x0, 0x12, 0xaf, 0x90, 0x3, 0xff, 0xfe,
    0x1, 0xff, 0xca, 0x25, 0x5f, 0x18, 0x7, 0xff,
    0x5, 0x2a, 0xbd, 0x9c, 0xc0, 0x1f, 0xfc, 0x71,
    0x97, 0x0, 0xff, 0x37, 0xff, 0x74, 0x0, 0x20,
    0x80, 0x3f, 0xf8, 0x62, 0xee, 0x0, 0x28, 0x7,
    0xff, 0x16, 0x80, 0x18, 0x1, 0xff, 0xc5, 0x20,
    0x3, 0x80, 0x7f, 0xf1, 0x84, 0x4, 0x3, 0xff,
    0xfe, 0x1, 0xff, 0xd2,

    /* U+040C "Ќ" */
    0x0, 0xfc, 0x31, 0x2, 0x0, 0xff, 0xe1, 0x53,
    0x91, 0x0, 0x3f, 0xf8, 0x30, 0x88, 0xa0, 0xf,
    0xfe, 0xa, 0x39, 0x58, 0x7, 0xff, 0x9, 0x3f,
    0x40, 0x3f, 0xf9, 0xe9, 0xfe, 0x80, 0xf, 0xc5,
    0xdf, 0xe7, 0x0, 0xff, 0xe0, 0x16, 0x8, 0x43,
    0x80, 0x7f, 0xc3, 0x82, 0xe, 0xe0, 0xf, 0xf8,
    0x70, 0x41, 0xa0, 0x3, 0xfe, 0x1c, 0x20, 0x59,
    0x0, 0xff, 0xe0, 0x69, 0x2, 0xd0, 0x7, 0xff,
    0x3, 0xc, 0x12, 0x80, 0x3f, 0xf8, 0x16, 0x60,
    0x76, 0x1, 0xff, 0xc0, 0xa4, 0x0, 0x78, 0x7,
    0xff, 0x2, 0x94, 0x2, 0xf0, 0xf, 0xf9, 0x94,
    0x9, 0x80, 0xdc, 0x3, 0xfc, 0x20, 0x39, 0x24,
    0x10, 0x40, 0x1f, 0xe1, 0xc1, 0xe, 0x0, 0x70,
    0x7, 0xf0, 0xe1, 0x0, 0xd, 0x80, 0xd8, 0x3,
    0xf3, 0x10, 0x6, 0x91, 0x9, 0x20, 0xf, 0xfe,
    0x15, 0x0, 0x24, 0x3, 0xff, 0x84, 0x8c, 0x8,
    0xc0, 0x1f, 0xfc, 0x28, 0x10, 0x91, 0x0, 0xff,
    0xe0, 0x8d, 0x0, 0x28, 0x3, 0xff, 0x84, 0x8a,
    0x8, 0xa0, 0x1f, 0xfc, 0x2b, 0x10, 0xb1,

    /* U+040D "Ѝ" */
    0x0, 0xe7, 0x84, 0x0, 0xff, 0xe1, 0x13, 0xd9,
    0x0, 0x7f, 0xf0, 0x56, 0x43, 0xc0, 0x3f, 0xf8,
    0x4c, 0xe5, 0x40, 0x1f, 0xfc, 0x28, 0xfa, 0x0,
    0xff, 0xe6, 0x27, 0xf9, 0x80, 0x3f, 0x67, 0xfc,
    0x60, 0x1f, 0xf2, 0x18, 0x7, 0xff, 0xe, 0x0,
    0x3f, 0xf8, 0x6a, 0x60, 0x20, 0x1f, 0xfc, 0x18,
    0x1, 0x60, 0xf, 0xfe, 0x2, 0x90, 0x4f, 0x80,
    0x7f, 0xf0, 0x20, 0x5, 0xc0, 0x3f, 0xf8, 0xc,
    0x41, 0x0, 0x1f, 0xfc, 0x18, 0x1, 0x60, 0xf,
    0xfe, 0x3, 0x8, 0x40, 0x7, 0xff, 0x6, 0x0,
    0x98, 0x3, 0xff, 0x80, 0xe2, 0x10, 0x1, 0xff,
    0xc1, 0x90, 0x25, 0x0, 0xff, 0xe0, 0x38, 0x84,
    0x0, 0x7f, 0xf0, 0x6, 0x40, 0xd4, 0x3, 0xff,
    0x81, 0x22, 0x10, 0x1, 0xff, 0xc0, 0xe7, 0x3,
    0x40, 0xf, 0xfe, 0x3, 0x0, 0x20, 0x3, 0xff,
    0x82, 0x20, 0x68, 0x1, 0xff, 0xc3, 0xf0, 0xf,
    0xfe, 0x1a, 0x18, 0x7, 0xfc,

    /* U+040E "Ў" */
    0x0, 0xca, 0xe0, 0x1c, 0xec, 0x1, 0xf8, 0xa2,
    0x48, 0x6, 0x21, 0xe0, 0x1f, 0x9c, 0x9b, 0x7f,
    0x9c, 0x60, 0x3, 0xfb, 0x61, 0xd, 0x23, 0xc4,
    0x3, 0xfc, 0xf7, 0x96, 0xe2, 0x1, 0xff, 0xca,
    0x5f, 0xf5, 0x0, 0x7f, 0x4f, 0xf9, 0x54, 0x20,
    0xa2, 0x1, 0xf9, 0x80, 0x54, 0x24, 0x0, 0xc0,
    0x1f, 0x30, 0x1, 0x80, 0xc, 0x0, 0x90, 0xf,
    0xac, 0x1, 0x40, 0x1, 0x50, 0x14, 0x0, 0xe3,
    0x20, 0x42, 0x0, 0xb8, 0x1, 0xe0, 0x1d, 0x20,
    0xf, 0x0, 0xc8, 0x40, 0x84, 0x1, 0xa, 0x80,
    0xa0, 0x7, 0x58, 0x2, 0x80, 0x26, 0x0, 0x48,
    0x7, 0x98, 0x0, 0xc0, 0x14, 0x80, 0x18, 0x3,
    0xe6, 0x1, 0x50, 0x51, 0x5, 0x10, 0xf, 0xa8,
    0x1, 0x21, 0xc0, 0x9, 0x0, 0xfc, 0x66, 0x3,
    0x54, 0x2, 0x30, 0xf, 0xea, 0x0, 0x50, 0x2,
    0xc0, 0x3f, 0xcc, 0x20, 0x19, 0x80, 0x3f, 0xe6,
    0x0, 0x98, 0x3, 0xff, 0x81, 0x40, 0x15, 0x80,
    0x7f, 0xf0, 0x4, 0x0, 0x64, 0x1, 0xff, 0xc0,
    0x90, 0x4, 0x80, 0x7f, 0xb, 0x3d, 0x28, 0xa,
    0x80, 0x7f, 0x24, 0xc2, 0x80, 0x2c, 0x3, 0xff,
    0x82, 0x4b, 0x8a, 0x1, 0xf8,

    /* U+040F "Џ" */
    0x4f, 0xf4, 0x0, 0x7f, 0x3f, 0xf9, 0x40, 0x3f,
    0xff, 0xe0, 0x1f, 0xff, 0xf0, 0xf, 0xff, 0xf8,
    0x7, 0xff, 0xdc, 0xd9, 0xbf, 0xb4, 0x3, 0xc9,
    0x33, 0xfc, 0xa0, 0x1f, 0xfc, 0x84, 0xff, 0xf2,
    0x82, 0x7f, 0xf9, 0x40, 0x3f, 0xfd, 0xde, 0xfc,
    0x1, 0xf0,

    /* U+0410 "А" */
    0x0, 0xf8, 0xbf, 0xe5, 0x0, 0xff, 0xe1, 0x50,
    0x5, 0xc0, 0x1f, 0xfc, 0x26, 0x0, 0x90, 0x40,
    0x3f, 0xf8, 0x8, 0x21, 0x20, 0x7, 0x0, 0xff,
    0xe0, 0x70, 0xb, 0x18, 0x50, 0x7, 0xff, 0x1,
    0x41, 0x82, 0x80, 0xc8, 0x3, 0xfc, 0xc0, 0xa,
    0x6, 0x0, 0x50, 0x7, 0xfa, 0x80, 0x88, 0x0,
    0x50, 0x60, 0xf, 0xe2, 0x30, 0xa0, 0xb, 0x80,
    0x50, 0x3, 0xf5, 0x0, 0x18, 0x2, 0x41, 0xe,
    0x0, 0xfc, 0xc0, 0x82, 0x1, 0x9c, 0x14, 0x40,
    0x3c, 0x82, 0x1c, 0x1, 0xd4, 0x0, 0x70, 0xf,
    0x70, 0x1, 0x40, 0x38, 0xc8, 0x28, 0x3, 0xca,
    0x0, 0xff, 0xf8, 0x80, 0xc8, 0x3, 0x28, 0x7,
    0xff, 0x6, 0x80, 0x37, 0x0, 0xd5, 0x7f, 0x18,
    0x30, 0x4, 0x28, 0xe, 0xab, 0xfd, 0x40, 0x28,
    0x0, 0x60, 0x6, 0x80, 0x7f, 0x38, 0x3, 0x40,
    0x14, 0x2, 0x80, 0x1f, 0xc2, 0x60, 0xc0, 0x64,
    0xe, 0x1, 0xff, 0x58, 0x1, 0x68, 0x1, 0xa0,
    0x1f, 0xf3, 0x0, 0x38,

    /* U+0411 "Б" */
    0x4f, 0xff, 0xfe, 0x6, 0x0, 0x7f, 0xf2, 0x56,
    0xab, 0xfb, 0xc0, 0x38, 0x95, 0x7f, 0x8c, 0x3,
    0xff, 0xf2, 0x4a, 0xb9, 0xc, 0x3, 0xf9, 0x6a,
    0xb5, 0xe7, 0xe2, 0x80, 0x7f, 0xf0, 0x8e, 0xa4,
    0x3, 0x9f, 0xff, 0xb5, 0xc0, 0xc, 0xc0, 0xf,
    0xf1, 0x45, 0x0, 0x2c, 0x3, 0xff, 0x80, 0xa4,
    0x4, 0x20, 0x1f, 0xfc, 0x6, 0x0, 0x10, 0x7,
    0xff, 0xc, 0x40, 0x3f, 0xf8, 0x8, 0x0, 0x30,
    0xf, 0xfa, 0x40, 0x6, 0x20, 0x11, 0x2a, 0xf3,
    0xe3, 0x0, 0x20, 0x3, 0x2d, 0x57, 0x41, 0x80,
    0x29, 0x0, 0x3f, 0xc2, 0x71, 0xca, 0x0,

    /* U+0412 "В" */
    0x4f, 0xff, 0xdb, 0x48, 0x1, 0xff, 0xc1, 0x25,
    0xbb, 0x0, 0x79, 0x6a, 0xb4, 0xb0, 0x1, 0x28,
    0x3, 0x89, 0x57, 0x34, 0xe8, 0x1, 0x44, 0x3,
    0xfe, 0x26, 0x0, 0x28, 0x7, 0xff, 0x3, 0xc0,
    0x2, 0x1, 0xff, 0xc0, 0xf0, 0x3, 0x0, 0x7f,
    0xc4, 0xc0, 0x46, 0x1, 0x89, 0x13, 0x2c, 0x60,
    0x2, 0x40, 0x39, 0x6e, 0xf5, 0x38, 0xb6, 0xa0,
    0x7, 0xff, 0x5, 0xa0, 0x40, 0x39, 0xff, 0xfb,
    0x60, 0x17, 0x4, 0x3, 0xfc, 0x4f, 0x40, 0x56,
    0x1, 0xff, 0xc0, 0x52, 0x5, 0x0, 0xff, 0xe0,
    0xb0, 0x0, 0x80, 0x3f, 0xf8, 0x62, 0x1, 0xff,
    0xc0, 0x40, 0x1, 0x0, 0x7f, 0xd2, 0x0, 0x31,
    0x0, 0x89, 0x57, 0x9f, 0x18, 0x1, 0xe0, 0x19,
    0x6a, 0xba, 0xc, 0x6, 0x8c, 0x3, 0xfc, 0x29,
    0x1e, 0xa0, 0x0,

    /* U+0413 "Г" */
    0x4f, 0xff, 0xfe, 0x3, 0x80, 0x7f, 0xf1, 0x52,
    0xab, 0xf9, 0x40, 0x23, 0x55, 0xfe, 0x20, 0xf,
    0xff, 0xf8, 0x7, 0xff, 0xfc, 0x3, 0xff, 0xfe,
    0x1, 0xff, 0xc1,

    /* U+0414 "Д" */
    0x0, 0xef, 0xff, 0xfe, 0x1, 0x0, 0x7f, 0xf4,
    0x4a, 0xab, 0xc8, 0x1, 0xff, 0xc0, 0x15, 0x5f,
    0x10, 0x7, 0xff, 0xa1, 0xc0, 0x3f, 0xfb, 0x2,
    0x0, 0x10, 0xf, 0xfe, 0x21, 0x0, 0xc, 0x3,
    0xff, 0x88, 0xe0, 0x1, 0x0, 0xff, 0xe2, 0x10,
    0x3, 0x80, 0x3f, 0xf8, 0x9c, 0x0, 0x20, 0xf,
    0xfe, 0x21, 0x80, 0x14, 0x3, 0xff, 0x88, 0xa0,
    0x22, 0x0, 0xff, 0xe1, 0x90, 0x82, 0x0, 0x7f,
    0xf1, 0x14, 0x1, 0x80, 0x1f, 0xfc, 0x33, 0x80,
    0x3, 0x80, 0x7f, 0xf0, 0x4d, 0xf0, 0x0, 0x6e,
    0xcd, 0xf1, 0x0, 0x15, 0x8e, 0x60, 0x2, 0x39,
    0x9f, 0xc8, 0x0, 0x89, 0xb0, 0xf, 0xfe, 0x52,
    0x7f, 0xff, 0xf0, 0x88, 0x3, 0xff, 0xe5, 0xd1,
    0xc0, 0x1f, 0xfc, 0x2b, 0x8b,

    /* U+0415 "Е" */
    0x4f, 0xff, 0xfe, 0x5, 0x0, 0x7f, 0xf1, 0x52,
    0xab, 0xfa, 0x40, 0x23, 0x55, 0xfe, 0x30, 0xf,
    0xff, 0x79, 0xaa, 0xff, 0x8, 0x4, 0x95, 0x5f,
    0xc4, 0x1, 0xff, 0xc5, 0x7f, 0xff, 0xe3, 0x0,
    0xff, 0xff, 0x80, 0x7f, 0xf0, 0xd, 0x9b, 0xf9,
    0x40, 0x24, 0x99, 0xfe, 0xb0, 0xf, 0xfe, 0x10,

    /* U+0416 "Ж" */
    0x8, 0xff, 0x60, 0x7, 0xe4, 0xff, 0x38, 0x7,
    0xea, 0xff, 0x50, 0x2, 0x18, 0xe, 0xc0, 0x3f,
    0xf8, 0xd2, 0xa0, 0x74, 0x1, 0x4a, 0x2, 0x48,
    0x7, 0xff, 0x11, 0xd8, 0xb, 0x40, 0x3a, 0xcc,
    0x1a, 0x0, 0x3f, 0xf8, 0x4b, 0x0, 0x38, 0x20,
    0x1e, 0xd2, 0x7, 0x60, 0xf, 0xfe, 0x2, 0x50,
    0xe, 0x8, 0x7, 0xc3, 0x82, 0x12, 0xa0, 0x1f,
    0xe3, 0xb0, 0x6, 0x90, 0x7, 0xf0, 0xe0, 0x2,
    0x8c, 0x3, 0xf1, 0x68, 0x2, 0xcc, 0x3, 0xfe,
    0x2b, 0x0, 0x61, 0x0, 0x78, 0x7c, 0x42, 0x50,
    0x3, 0xff, 0x82, 0x88, 0x0, 0x60, 0x80, 0x76,
    0x90, 0x13, 0x0, 0x7f, 0xf0, 0x91, 0x0, 0x1,
    0xc1, 0x0, 0xac, 0xc0, 0x4, 0xe0, 0x1f, 0xfc,
    0x29, 0x1, 0x60, 0x2b, 0x0, 0x4a, 0x2, 0x18,
    0x40, 0x80, 0x7f, 0xf0, 0x20, 0x82, 0xe5, 0x40,
    0x40, 0x2, 0x7, 0x7e, 0x0, 0xa0, 0xf, 0xf8,
    0x9c, 0x11, 0x42, 0x90, 0x3, 0x16, 0x81, 0xb0,
    0x22, 0x80, 0x7f, 0xb8, 0x1, 0x20, 0x15, 0x98,
    0x0, 0x70, 0x40, 0x12, 0x21, 0x60, 0x1f, 0xcc,
    0x61, 0x4, 0x1, 0xa0, 0x1, 0x22, 0x1, 0xac,
    0x6, 0x0, 0x3e, 0x18, 0x2, 0x70, 0xf, 0xfe,
    0x12, 0xa0, 0x39, 0x80, 0x7a, 0xc4, 0x38, 0x3,
    0xff, 0x89, 0x40, 0xf, 0x0, 0xe4, 0x50, 0x63,
    0x0, 0xff, 0xe2, 0xc, 0x1, 0xb0, 0x6, 0x90,
    0x18, 0x0, 0xff, 0xe3, 0x39, 0x84, 0x88, 0x2,
    0x8, 0x2c, 0x40, 0x3f, 0xf8, 0xfe, 0x0, 0xb0,
    0x27, 0x4, 0x50, 0xf, 0xfe, 0x41, 0xb0, 0x2a,
    0x0,

    /* U+0417 "З" */
    0x1, 0x69, 0xce, 0xff, 0x76, 0x41, 0x0, 0x77,
    0x4b, 0x18, 0x80, 0x4, 0xdf, 0x68, 0x3, 0xc6,
    0xf3, 0x53, 0xc, 0x20, 0xb8, 0x1, 0x4f, 0x64,
    0x32, 0xb3, 0xcf, 0x18, 0x1a, 0x80, 0x18, 0x40,
    0x3f, 0x78, 0x3, 0x0, 0x3f, 0xf8, 0x2, 0x0,
    0x10, 0xf, 0xfe, 0x2, 0x80, 0x30, 0x3, 0xf8,
    0x4e, 0x60, 0x15, 0x0, 0x3a, 0xbf, 0xee, 0xc6,
    0x29, 0xa0, 0xf, 0xfe, 0xb, 0x10, 0x7, 0xd3,
    0x55, 0x4b, 0x2, 0x5c, 0x0, 0x78, 0xd5, 0x66,
    0x9e, 0x30, 0x75, 0x0, 0xff, 0x87, 0x40, 0x10,
    0x1, 0xff, 0xc0, 0x14, 0x2, 0x0, 0xff, 0xe0,
    0x88, 0x0, 0x40, 0x3f, 0xf8, 0xc, 0x0, 0x10,
    0xf, 0xf8, 0x8c, 0xc, 0xb, 0x94, 0x3, 0xe2,
    0xf0, 0x4, 0x80, 0x6, 0xba, 0x5d, 0x99, 0x17,
    0xa4, 0xc, 0xa0, 0x60, 0x1, 0x68, 0x99, 0x3a,
    0x0, 0xcc, 0x80, 0x3, 0xf4, 0xe6, 0x20, 0x1,
    0x49, 0xe6, 0x0, 0x80,

    /* U+0418 "И" */
    0x4f, 0xf3, 0x0, 0x7e, 0xcf, 0xf8, 0xc0, 0x3f,
    0xe4, 0x30, 0xf, 0xfe, 0x1c, 0x0, 0x7f, 0xf0,
    0xd4, 0xc0, 0x40, 0x3f, 0xf8, 0x30, 0x2, 0xc0,
    0x1f, 0xfc, 0x5, 0x20, 0x9f, 0x0, 0xff, 0xe0,
    0x40, 0xb, 0x80, 0x7f, 0xf0, 0x18, 0x82, 0x0,
    0x3f, 0xf8, 0x30, 0x2, 0xc0, 0x1f, 0xfc, 0x6,
    0x10, 0x80, 0xf, 0xfe, 0xc, 0x1, 0x30, 0x7,
    0xff, 0x1, 0xc4, 0x20, 0x3, 0xff, 0x83, 0x20,
    0x4a, 0x1, 0xff, 0xc0, 0x71, 0x8, 0x0, 0xff,
    0xe0, 0xc, 0x81, 0xa8, 0x7, 0xff, 0x2, 0x44,
    0x20, 0x3, 0xff, 0x81, 0xce, 0x6, 0x80, 0x1f,
    0xfc, 0x6, 0x0, 0x40, 0x7, 0xff, 0x4, 0x40,
    0xd0, 0x3, 0xff, 0x87, 0xe0, 0x1f, 0xfc, 0x34,
    0x30, 0xf, 0xf8,

    /* U+0419 "Й" */
    0x0, 0xcc, 0xc0, 0xe, 0x74, 0x0, 0xfd, 0x92,
    0xe2, 0x5, 0x70, 0x20, 0x1f, 0xa0, 0x23, 0xbf,
    0x50, 0xd4, 0x3, 0xf1, 0x73, 0xa1, 0xac, 0xe0,
    0x7, 0xf8, 0x62, 0xf2, 0x98, 0x3, 0xff, 0x96,
    0x9f, 0xe6, 0x0, 0xfd, 0x9f, 0xf1, 0x80, 0x7f,
    0xc8, 0x60, 0x1f, 0xfc, 0x38, 0x0, 0xff, 0xe1,
    0xa9, 0x80, 0x80, 0x7f, 0xf0, 0x60, 0x5, 0x80,
    0x3f, 0xf8, 0xa, 0x41, 0x3e, 0x1, 0xff, 0xc0,
    0x80, 0x17, 0x0, 0xff, 0xe0, 0x31, 0x4, 0x0,
    0x7f, 0xf0, 0x60, 0x5, 0x80, 0x3f, 0xf8, 0xc,
    0x21, 0x0, 0x1f, 0xfc, 0x18, 0x2, 0x60, 0xf,
    0xfe, 0x3, 0x88, 0x40, 0x7, 0xff, 0x6, 0x40,
    0x94, 0x3, 0xff, 0x80, 0xe2, 0x10, 0x1, 0xff,
    0xc0, 0x19, 0x3, 0x50, 0xf, 0xfe, 0x4, 0x88,
    0x40, 0x7, 0xff, 0x3, 0x9c, 0xd, 0x0, 0x3f,
    0xf8, 0xc, 0x0, 0x80, 0xf, 0xfe, 0x8, 0x81,
    0xa0, 0x7, 0xff, 0xf, 0xc0, 0x3f, 0xf8, 0x68,
    0x60, 0x1f, 0xf0,

    /* U+041A "К" */
    0x4f, 0xf4, 0x0, 0x7e, 0x2e, 0xff, 0x38, 0x7,
    0xff, 0x0, 0xb0, 0x42, 0x1c, 0x3, 0xfe, 0x1c,
    0x10, 0x77, 0x0, 0x7f, 0xc3, 0x82, 0xd, 0x0,
    0x1f, 0xf0, 0xe1, 0x2, 0xc8, 0x7, 0xff, 0x3,
    0x48, 0x16, 0x80, 0x3f, 0xf8, 0x18, 0x60, 0x94,
    0x1, 0xff, 0xc0, 0xb3, 0x3, 0xb0, 0xf, 0xfe,
    0x5, 0x20, 0x3, 0xc0, 0x3f, 0xf8, 0x14, 0xa0,
    0x17, 0x80, 0x7f, 0xcc, 0xa0, 0x4c, 0x6, 0xe0,
    0x1f, 0xe1, 0x1, 0xc9, 0x20, 0x82, 0x0, 0xff,
    0xe, 0x8, 0x70, 0x3, 0x80, 0x3f, 0x87, 0x8,
    0x0, 0x6c, 0x6, 0xc0, 0x1f, 0x98, 0x80, 0x34,
    0x88, 0x49, 0x0, 0x7f, 0xf0, 0xa8, 0x1, 0x20,
    0x1f, 0xfc, 0x24, 0x60, 0x46, 0x0, 0xff, 0xe1,
    0x40, 0x84, 0x88, 0x7, 0xff, 0x4, 0x68, 0x1,
    0x40, 0x1f, 0xfc, 0x24, 0x50, 0x45, 0x0, 0xff,
    0xe1, 0x58, 0x85, 0x88,

    /* U+041B "Л" */
    0x0, 0xed, 0xff, 0xff, 0x90, 0x3, 0xff, 0x9d,
    0x55, 0xe5, 0x0, 0xff, 0xa, 0xaf, 0xb4, 0x3,
    0xff, 0xc0, 0x60, 0x1f, 0xfc, 0x73, 0x0, 0xff,
    0xe1, 0x88, 0x7, 0xff, 0x1c, 0x40, 0x3f, 0xf8,
    0x42, 0x0, 0x70, 0xf, 0xfe, 0x11, 0x0, 0x8,
    0x3, 0xff, 0x84, 0xc0, 0xe, 0x0, 0xff, 0xe1,
    0x68, 0x0, 0xc0, 0x3f, 0xf8, 0x46, 0x0, 0x50,
    0xf, 0xfe, 0x12, 0x1, 0x8, 0x7, 0xff, 0x6,
    0x0, 0xa, 0x1, 0xff, 0xc1, 0x77, 0x0, 0x24,
    0x3, 0xfe, 0x7d, 0x80, 0x5, 0x8, 0x7, 0xfd,
    0x44, 0x5, 0x6a, 0x1, 0xff, 0xc0, 0x15, 0xad,
    0x40, 0xf, 0xfe, 0x8,

    /* U+041C "М" */
    0x4f, 0xfc, 0x20, 0x1f, 0xdb, 0xff, 0x30, 0x7,
    0x38, 0x7, 0xe3, 0x20, 0xf, 0xea, 0x0, 0xfd,
    0x40, 0x1f, 0x94, 0xc, 0x80, 0x3e, 0x60, 0x50,
    0xf, 0x61, 0x5, 0x0, 0x79, 0x40, 0x1e, 0x1,
    0xf2, 0x82, 0x80, 0x7b, 0x81, 0x44, 0x3, 0xea,
    0x2, 0x30, 0xc, 0x28, 0x1c, 0x1, 0xf8, 0x8c,
    0x28, 0x3, 0x38, 0xa, 0x0, 0x7f, 0x50, 0x38,
    0x6, 0xa0, 0x70, 0xf, 0xf3, 0x80, 0xa8, 0x0,
    0x8c, 0x28, 0x3, 0xfc, 0x2a, 0x1c, 0x0, 0xa0,
    0x23, 0x0, 0xff, 0xbc, 0x10, 0x41, 0x82, 0x80,
    0x3f, 0xf8, 0xa, 0x20, 0xe8, 0x20, 0xc0, 0x1f,
    0xfc, 0x17, 0xa, 0xe0, 0x41, 0x0, 0xff, 0xe0,
    0xd0, 0x1a, 0x87, 0x0, 0x7f, 0xf0, 0x8c, 0x80,
    0x25, 0x0, 0xff, 0xe1, 0xd0, 0x1, 0x80, 0x3f,
    0xf8, 0x8f, 0xfe, 0x90, 0xf, 0xff, 0xc0,

    /* U+041D "Н" */
    0x4f, 0xf4, 0x0, 0x7f, 0x3f, 0xf9, 0x40, 0x3f,
    0xff, 0xe0, 0x1f, 0xfe, 0x33, 0x55, 0xfe, 0xd0,
    0xf, 0x25, 0x57, 0xf2, 0x80, 0x7f, 0xf2, 0xdf,
    0xff, 0xfa, 0x0, 0x3f, 0xff, 0xe0, 0x1f, 0xff,
    0xf0, 0xf, 0x0,

    /* U+041E "О" */
    0x0, 0xf3, 0x56, 0xff, 0xb6, 0xd8, 0x3, 0xfc,
    0xbd, 0x2a, 0x40, 0x2, 0x49, 0xe5, 0x0, 0xf9,
    0xe8, 0x40, 0xe2, 0xa9, 0x6, 0x3, 0x4e, 0x1,
    0xcb, 0x0, 0xa, 0xc7, 0x55, 0x3e, 0x50, 0x2,
    0x14, 0x2, 0x1b, 0x0, 0x5a, 0x80, 0x79, 0x6c,
    0x1, 0x42, 0x0, 0x61, 0x6, 0x40, 0xf, 0xc8,
    0xc0, 0x9, 0x0, 0x50, 0x2, 0xc0, 0x3f, 0xd6,
    0x0, 0x60, 0x12, 0x2, 0x20, 0x7, 0xf8, 0x8c,
    0x4, 0x94, 0x0, 0xe0, 0x1f, 0xfc, 0x5, 0x0,
    0x38, 0x80, 0x8, 0x3, 0xff, 0x80, 0x20, 0x3,
    0x30, 0x3, 0xc0, 0x3f, 0xf8, 0x1e, 0x0, 0x13,
    0x0, 0x78, 0x7, 0xff, 0x3, 0xc0, 0x2, 0x20,
    0x1, 0x0, 0x7f, 0xf0, 0x4, 0x0, 0x6a, 0x0,
    0x70, 0xf, 0xfe, 0x2, 0x80, 0x1c, 0x48, 0x8,
    0x80, 0x1f, 0xe1, 0x30, 0x12, 0xa, 0x0, 0x58,
    0x7, 0xfa, 0x0, 0xc, 0x0, 0x61, 0x6, 0x40,
    0xf, 0xc6, 0xc0, 0x9, 0x0, 0xd, 0x80, 0x2d,
    0x40, 0x3c, 0xb8, 0x0, 0xa1, 0x0, 0x96, 0x0,
    0x15, 0x8e, 0xaa, 0x7c, 0xa0, 0x4, 0x28, 0x7,
    0x3d, 0x8, 0x1c, 0x55, 0x20, 0xc0, 0x69, 0xc0,
    0x3e, 0x5e, 0x95, 0x20, 0x0, 0xa4, 0xf2, 0x80,
    0x60,

    /* U+041F "П" */
    0x4f, 0xff, 0xfe, 0x1a, 0x80, 0x7f, 0xf2, 0x12,
    0xab, 0xf9, 0x40, 0x3c, 0x6a, 0xbf, 0xda, 0x1,
    0xff, 0xff, 0x0, 0xff, 0xff, 0x80, 0x7f, 0xff,
    0xc0, 0x3f, 0xfe, 0xe0,

    /* U+0420 "Р" */
    0x4f, 0xff, 0xba, 0xd8, 0x3, 0xfe, 0x14, 0x9d,
    0x20, 0xc, 0xb5, 0x54, 0xb8, 0x0, 0xb0, 0x3,
    0x12, 0xac, 0xd1, 0xc4, 0x2, 0xe0, 0x1f, 0xc3,
    0x20, 0xc, 0x0, 0xff, 0x20, 0x1, 0x80, 0x3f,
    0xf8, 0x26, 0x1, 0xfe, 0x20, 0x1, 0x0, 0x7f,
    0xa0, 0x0, 0xa0, 0x1f, 0x9, 0xda, 0x80, 0x2c,
    0x2, 0x7f, 0xfb, 0xb1, 0x0, 0x12, 0x40, 0x1f,
    0xe4, 0xc6, 0x0, 0xcb, 0x55, 0x5e, 0x7d, 0x98,
    0x7, 0x12, 0xac, 0x86, 0x1, 0xff, 0xff, 0x0,
    0xff, 0xe8, 0x0,

    /* U+0421 "С" */
    0x0, 0xf2, 0x4e, 0xf7, 0xf6, 0xca, 0x0, 0x7c,
    0x9b, 0x6c, 0x42, 0x2, 0x4d, 0x7a, 0xa0, 0x19,
    0xac, 0x80, 0x5a, 0x6a, 0x5c, 0xc0, 0xa8, 0x2,
    0x49, 0x0, 0x47, 0x4b, 0x2b, 0x46, 0x6a, 0x0,
    0x6a, 0x0, 0x53, 0x80, 0x7c, 0x57, 0x0, 0x7,
    0x10, 0x65, 0x0, 0xff, 0x38, 0x2, 0x80, 0x16,
    0x1, 0xff, 0xc1, 0x12, 0x2, 0x20, 0x7, 0xff,
    0x5, 0x40, 0xe, 0x1, 0xff, 0xc2, 0x10, 0x1,
    0x0, 0x7f, 0xf0, 0x8c, 0x1, 0xe0, 0x1f, 0xfc,
    0x23, 0x0, 0x78, 0x7, 0xff, 0x8, 0x40, 0x4,
    0x1, 0xff, 0xc2, 0x50, 0x3, 0x80, 0x7f, 0xf0,
    0x84, 0x80, 0x88, 0x1, 0xff, 0xc2, 0xa0, 0x5,
    0x80, 0x7f, 0xf0, 0x9c, 0x41, 0x94, 0x3, 0xfc,
    0xe0, 0x15, 0x0, 0x29, 0xc0, 0x3e, 0x2b, 0x80,
    0x9, 0x24, 0x1, 0x1d, 0x2c, 0xad, 0x19, 0xa8,
    0x1, 0xcd, 0x64, 0x2, 0xd3, 0x52, 0xe6, 0x5,
    0x40, 0x1c, 0x9b, 0x6c, 0x42, 0x2, 0x4d, 0x7a,
    0xa0,

    /* U+0422 "Т" */
    0x1f, 0xff, 0xfe, 0x29, 0x80, 0x7f, 0xf1, 0xc6,
    0xab, 0xe1, 0x0, 0x55, 0x7c, 0x40, 0xab, 0xf1,
    0x80, 0x15, 0x7e, 0x10, 0xf, 0xff, 0xf8, 0x7,
    0xff, 0xfc, 0x3, 0xff, 0xfe, 0x1, 0xff, 0xff,
    0x0, 0xff, 0xe5, 0x80,

    /* U+0423 "У" */
    0x5f, 0xf5, 0x0, 0x7f, 0x4f, 0xf9, 0x54, 0x20,
    0xa2, 0x1, 0xf9, 0x80, 0x54, 0x24, 0x0, 0xc0,
    0x1f, 0x30, 0x1, 0x80, 0xc, 0x0, 0x90, 0xf,
    0xac, 0x1, 0x40, 0x1, 0x50, 0x14, 0x0, 0xe3,
    0x20, 0x42, 0x0, 0xb8, 0x1, 0xe0, 0x1d, 0x20,
    0xf, 0x0, 0xc8, 0x40, 0x84, 0x1, 0xa, 0x80,
    0xa0, 0x7, 0x58, 0x2, 0x80, 0x26, 0x0, 0x48,
    0x7, 0x98, 0x0, 0xc0, 0x14, 0x80, 0x18, 0x3,
    0xe6, 0x1, 0x50, 0x51, 0x5, 0x10, 0xf, 0xa8,
    0x1, 0x21, 0xc0, 0x9, 0x0, 0xfc, 0x66, 0x3,
    0x54, 0x2, 0x30, 0xf, 0xea, 0x0, 0x50, 0x2,
    0xc0, 0x3f, 0xcc, 0x20, 0x19, 0x80, 0x3f, 0xe6,
    0x0, 0x98, 0x3, 0xff, 0x81, 0x40, 0x15, 0x80,
    0x7f, 0xf0, 0x4, 0x0, 0x64, 0x1, 0xff, 0xc0,
    0x90, 0x4, 0x80, 0x7f, 0xb, 0x3d, 0x28, 0xa,
    0x80, 0x7f, 0x24, 0xc2, 0x80, 0x2c, 0x3, 0xff,
    0x82, 0x4b, 0x8a, 0x1, 0xf8,

    /* U+0424 "Ф" */
    0x0, 0xfe, 0x5f, 0xf3, 0x80, 0x7f, 0xf6, 0x9,
    0xef, 0xa8, 0x1, 0x1d, 0x8e, 0x40, 0x1f, 0x86,
    0xb6, 0x10, 0x40, 0x30, 0x9c, 0x6d, 0x90, 0x7,
    0x17, 0xa8, 0x1, 0x21, 0x80, 0xb, 0x8, 0x0,
    0x4d, 0x30, 0x8, 0x70, 0x41, 0x36, 0xdf, 0x0,
    0x1a, 0xf7, 0xca, 0x0, 0xd2, 0x0, 0x48, 0x82,
    0x59, 0x0, 0x7e, 0x1a, 0x60, 0x18, 0x0, 0x30,
    0x2, 0x80, 0x3f, 0xf8, 0x10, 0x0, 0x50, 0x21,
    0x3, 0x10, 0xf, 0xfe, 0x0, 0xa8, 0x1, 0x18,
    0x0, 0xa0, 0x1f, 0xfc, 0x22, 0x0, 0x10, 0x80,
    0x7f, 0xf1, 0x7c, 0x2, 0x60, 0x1, 0x80, 0x7f,
    0xf0, 0xb8, 0x0, 0x64, 0x0, 0x40, 0xf, 0xfe,
    0x12, 0x0, 0x1c, 0x4c, 0x5, 0x80, 0x3f, 0xf8,
    0x8, 0x40, 0x44, 0x8, 0x0, 0x4a, 0x0, 0x7f,
    0x8e, 0x80, 0x10, 0x0, 0x47, 0x0, 0x5d, 0x90,
    0x3, 0xc9, 0x58, 0x20, 0xca, 0x1, 0x44, 0x0,
    0x9, 0x7f, 0x40, 0x8, 0xfb, 0x50, 0x3, 0xc8,
    0x7, 0x3e, 0xb0, 0x80, 0x7f, 0x2e, 0xc0, 0x7,
    0xc5, 0x3d, 0x94, 0xa0, 0x4, 0xac, 0xfa, 0x20,
    0xf, 0xf8, 0xd7, 0xc0, 0x18, 0xa6, 0x1, 0xff,
    0xd1,

    /* U+0425 "Х" */
    0x0, 0x6f, 0xf8, 0x40, 0x3f, 0x37, 0xfa, 0x0,
    0x29, 0x0, 0x50, 0x7, 0xc3, 0x20, 0x50, 0x1,
    0x23, 0x2, 0x28, 0x7, 0xa8, 0x1, 0x20, 0x1d,
    0x2, 0x16, 0x20, 0x19, 0x90, 0x19, 0x0, 0x38,
    0x6c, 0x6, 0xc0, 0x21, 0x80, 0x19, 0x0, 0xf9,
    0x54, 0xa, 0x80, 0xa, 0x10, 0xa0, 0xf, 0xeb,
    0x10, 0xa0, 0x54, 0x5, 0x40, 0xf, 0xe1, 0xb0,
    0x1a, 0xb0, 0x1b, 0x0, 0xff, 0x95, 0x1, 0x44,
    0x2c, 0x40, 0x3f, 0xf8, 0x14, 0x1, 0x22, 0x80,
    0x7f, 0xf0, 0x50, 0x2, 0x20, 0xf, 0xfe, 0x8,
    0xd8, 0x4, 0xc6, 0x1, 0xff, 0xc0, 0xb1, 0x8,
    0x0, 0x70, 0x7, 0xfc, 0x8a, 0xa, 0xf0, 0x5,
    0x0, 0x1f, 0xea, 0x1, 0xb0, 0x72, 0x7, 0x20,
    0xf, 0xd2, 0x21, 0x62, 0x0, 0xe0, 0x7, 0x0,
    0x7c, 0x6c, 0x8, 0xa0, 0x11, 0xb8, 0x1b, 0x0,
    0x7b, 0x80, 0x14, 0x1, 0xd0, 0x41, 0x22, 0x1,
    0xa0, 0x82, 0x44, 0x3, 0xd2, 0x0, 0xa0, 0x8,
    0xdc, 0xd, 0x80, 0x3e, 0x46, 0x4, 0x50, 0x7,
    0x0, 0x38, 0x3, 0xfa, 0x4, 0x2c, 0x40,

    /* U+0426 "Ц" */
    0x4f, 0xf4, 0x0, 0x7f, 0x3f, 0xf9, 0x40, 0x3f,
    0xff, 0xe0, 0x1f, 0xff, 0xf0, 0xf, 0xff, 0xf8,
    0x7, 0xff, 0xfc, 0x3, 0xff, 0xa0, 0x6c, 0xdf,
    0xda, 0x0, 0xc6, 0x30, 0x9, 0x26, 0x7f, 0x94,
    0x0, 0xd3, 0x20, 0xf, 0xfe, 0x3a, 0x7f, 0xff,
    0xf0, 0xd0, 0x3, 0xff, 0xff, 0xd1, 0xc0,

    /* U+0427 "Ч" */
    0x9f, 0xf1, 0x0, 0x7c, 0xbf, 0xe7, 0x0, 0xff,
    0xff, 0x80, 0x42, 0x1, 0xff, 0x70, 0x1, 0x80,
    0x3f, 0xe3, 0x0, 0x48, 0x7, 0xfc, 0x84, 0x7,
    0x44, 0x1, 0xfe, 0x90, 0x2, 0xef, 0xff, 0x50,
    0x6, 0x4b, 0x20, 0xf, 0xfe, 0xa, 0x6e, 0x54,
    0xcf, 0x30, 0x7, 0xc6, 0xac, 0xdd, 0x80, 0x1f,
    0xff, 0xf0, 0xf, 0xfe, 0xa8,

    /* U+0428 "Ш" */
    0x4f, 0xf4, 0x0, 0x7c, 0xdf, 0xe5, 0x0, 0xfa,
    0x7f, 0xc6, 0x1, 0xff, 0xff, 0x0, 0xff, 0xff,
    0x80, 0x7f, 0xff, 0xc0, 0x3f, 0xff, 0xe0, 0x1f,
    0xff, 0xf0, 0xf, 0xff, 0xd1, 0xb3, 0x7d, 0x80,
    0xc, 0x66, 0xf8, 0x80, 0x3c, 0x93, 0x3f, 0x28,
    0x1, 0xa6, 0x7e, 0x40, 0xf, 0xfe, 0x88,

    /* U+0429 "Щ" */
    0x4f, 0xf4, 0x0, 0x7c, 0xdf, 0xe5, 0x0, 0xfa,
    0x7f, 0xc6, 0x1, 0xff, 0xff, 0x0, 0xff, 0xff,
    0x80, 0x7f, 0xff, 0xc0, 0x3f, 0xff, 0xe0, 0x1f,
    0xff, 0xf0, 0xf, 0xff, 0xf8, 0x7, 0xff, 0x4c,
    0xd9, 0xbe, 0xc0, 0x6, 0x33, 0x7c, 0x40, 0x4,
    0x63, 0x0, 0x92, 0x67, 0xe5, 0x0, 0x34, 0xcf,
    0xc8, 0x0, 0x89, 0xb0, 0xf, 0xfe, 0x82, 0x7f,
    0xff, 0xf3, 0x8, 0x3, 0xff, 0xfe, 0x1, 0xff,
    0xd8, 0xb8, 0xb0,

    /* U+042A "Ъ" */
    0x2f, 0xff, 0xd2, 0x1, 0xff, 0xd6, 0x2a, 0xae,
    0x80, 0xf, 0xfe, 0x22, 0xaf, 0x80, 0x3f, 0xff,
    0xe0, 0x1f, 0xfd, 0x92, 0x55, 0xc8, 0x62, 0x1,
    0xff, 0xc2, 0x4a, 0xad, 0x79, 0xda, 0xc0, 0x1f,
    0xfc, 0x82, 0x9b, 0x0, 0xff, 0x9b, 0xff, 0xb6,
    0x4, 0x12, 0x0, 0x3f, 0xf8, 0x84, 0xfa, 0x0,
    0x70, 0xf, 0xfe, 0x31, 0x98, 0x0, 0x60, 0x1f,
    0xfc, 0x65, 0x0, 0x38, 0x7, 0xff, 0x18, 0xc0,
    0x3f, 0xf9, 0x2e, 0x0, 0x60, 0xf, 0xfe, 0x2b,
    0x90, 0x11, 0x0, 0x3f, 0x89, 0x57, 0x9f, 0x20,
    0x1, 0x0, 0x1f, 0xe4, 0xaa, 0xe8, 0x30, 0x4,
    0xa8, 0x7, 0xff, 0x10, 0x4d, 0xf9, 0x80, 0x0,

    /* U+042B "Ы" */
    0x4f, 0xf4, 0x0, 0x7f, 0xf0, 0x73, 0xfc, 0x1,
    0xff, 0xff, 0x0, 0xff, 0xfc, 0x12, 0xae, 0x43,
    0x0, 0xff, 0xe0, 0xad, 0x56, 0xbc, 0xfc, 0x50,
    0xf, 0xfe, 0x31, 0xd4, 0x80, 0x7f, 0x3f, 0xff,
    0x6c, 0x0, 0x19, 0x80, 0x1f, 0xfc, 0x22, 0x7a,
    0x0, 0x58, 0x7, 0xff, 0x11, 0x48, 0x8, 0x40,
    0x3f, 0xf8, 0x8c, 0x0, 0x20, 0xf, 0xfe, 0x38,
    0x80, 0x7f, 0xf1, 0x10, 0x0, 0x60, 0x1f, 0xfc,
    0x39, 0x0, 0x18, 0x80, 0x7c, 0x4a, 0xbc, 0xf8,
    0xc0, 0xf, 0x0, 0xfc, 0xb5, 0x5d, 0x6, 0x3,
    0x46, 0x1, 0xff, 0xc2, 0x14, 0x8f, 0x50, 0xf,
    0x0,

    /* U+042C "Ь" */
    0x4f, 0xf4, 0x0, 0x7f, 0xff, 0xc0, 0x3f, 0xfd,
    0x4, 0xab, 0x90, 0xc0, 0x3f, 0x96, 0xab, 0x5e,
    0x7e, 0x28, 0x7, 0xff, 0x8, 0xea, 0x40, 0x39,
    0xff, 0xfb, 0x60, 0x0, 0xcc, 0x0, 0xff, 0x13,
    0xd0, 0x2, 0xc0, 0x3f, 0xf8, 0xa, 0x40, 0x42,
    0x1, 0xff, 0xc0, 0x60, 0x1, 0x0, 0x7f, 0xf0,
    0xc4, 0x3, 0xff, 0x80, 0x80, 0x3, 0x0, 0xff,
    0xa4, 0x0, 0x62, 0x1, 0x12, 0xaf, 0x3e, 0x30,
    0x3, 0xc0, 0x32, 0xd5, 0x74, 0x18, 0xd, 0x18,
    0x7, 0xf8, 0x52, 0x3d, 0x40, 0x0,

    /* U+042D "Э" */
    0x0, 0xb, 0xdf, 0x7f, 0xba, 0xdc, 0x80, 0x38,
    0x67, 0xa1, 0x4, 0x0, 0x29, 0x1b, 0x20, 0x19,
    0x98, 0x2, 0xb1, 0x54, 0x85, 0x0, 0x36, 0x88,
    0x4, 0x33, 0xd4, 0xea, 0xa7, 0xaf, 0x60, 0x2d,
    0x0, 0x1f, 0xb0, 0x7, 0xe9, 0x60, 0x38, 0x4,
    0x10, 0xf, 0xf4, 0x88, 0x38, 0x80, 0x7f, 0xf0,
    0x58, 0x0, 0xe0, 0x1f, 0xfc, 0x1b, 0x0, 0x60,
    0x7, 0xff, 0x4, 0xc0, 0xe, 0x1, 0x6f, 0xff,
    0xf8, 0x0, 0x60, 0x1f, 0xfc, 0x41, 0x0, 0xa2,
    0x67, 0xfc, 0x0, 0x10, 0x9, 0x59, 0xbf, 0x9c,
    0x0, 0x60, 0x1f, 0xfc, 0x14, 0x0, 0x38, 0x7,
    0xff, 0x7, 0xc0, 0x18, 0x1, 0xff, 0xc0, 0x15,
    0x0, 0x3a, 0x98, 0x7, 0xfa, 0x80, 0xe, 0x25,
    0x90, 0x20, 0x1e, 0x1b, 0x40, 0x38, 0x0, 0x9f,
    0xa9, 0xd5, 0x4f, 0x5c, 0x80, 0x5a, 0x0, 0x66,
    0x0, 0x16, 0x2a, 0x90, 0xa0, 0x6, 0xd1, 0x0,
    0xc, 0xf4, 0x20, 0x80, 0x5, 0x23, 0x64, 0x3,
    0x0,

    /* U+042E "Ю" */
    0x1f, 0xf5, 0x0, 0x7f, 0x2d, 0x6f, 0xfb, 0xad,
    0xc4, 0x3, 0xff, 0x88, 0x9b, 0x4a, 0x40, 0x1,
    0x48, 0xe7, 0x0, 0xff, 0xe1, 0x2d, 0x90, 0x13,
    0xd5, 0x25, 0x0, 0x11, 0x40, 0x1f, 0xfc, 0x3,
    0xa0, 0x4, 0x6c, 0x2a, 0x9a, 0xf0, 0x81, 0x64,
    0x3, 0xfe, 0xe0, 0x4, 0x38, 0x7, 0x8f, 0xc4,
    0x18, 0xc0, 0x3f, 0x94, 0x80, 0xdc, 0x3, 0xf1,
    0x40, 0x2, 0x0, 0x3f, 0xb8, 0x1, 0x20, 0x1f,
    0xe6, 0x10, 0x41, 0x0, 0xfc, 0x80, 0x5, 0x0,
    0xff, 0x9c, 0x0, 0x80, 0x1f, 0x10, 0x0, 0x80,
    0x3f, 0xf8, 0x1e, 0x0, 0xd0, 0x9, 0x7f, 0xed,
    0x0, 0x30, 0x7, 0xff, 0x0, 0xc0, 0x2, 0x1,
    0xfe, 0x10, 0xf, 0xfe, 0x0, 0x80, 0xc, 0x2,
    0x39, 0x9a, 0x0, 0x2, 0x1, 0xff, 0xc0, 0x10,
    0x1, 0x80, 0x4c, 0xd9, 0xc0, 0xc, 0x1, 0xff,
    0xc0, 0x30, 0x0, 0x80, 0x7e, 0x10, 0x20, 0xf,
    0xfe, 0x7, 0x80, 0x34, 0x3, 0xf3, 0x80, 0x14,
    0x3, 0xfe, 0x70, 0x2, 0x0, 0x7e, 0xa0, 0x4,
    0x80, 0x7f, 0x98, 0x41, 0x4, 0x3, 0xf1, 0xa0,
    0x1b, 0x80, 0x7e, 0x28, 0x0, 0x40, 0x7, 0xfa,
    0x84, 0x21, 0xc0, 0x3c, 0x78, 0x20, 0xe6, 0x1,
    0xfe, 0x1d, 0x10, 0x8d, 0x85, 0x46, 0xbc, 0x10,
    0x58, 0x0, 0xff, 0xe0, 0x1e, 0x18, 0x13, 0xd5,
    0xca, 0x0, 0x22, 0x80, 0x3f, 0xf8, 0x45, 0x96,
    0xc4, 0x0, 0x14, 0x8e, 0x70, 0xc,

    /* U+042F "Я" */
    0x0, 0xc5, 0x19, 0xdf, 0xff, 0x58, 0x4, 0xfa,
    0xe6, 0x20, 0x1f, 0xe6, 0x80, 0x1, 0xc5, 0x57,
    0x0, 0x74, 0x0, 0x23, 0x1d, 0x57, 0x80, 0x31,
    0x88, 0xb, 0x80, 0x7f, 0xcc, 0x0, 0x40, 0xf,
    0xfe, 0x1, 0x80, 0x7f, 0xf0, 0xc8, 0x0, 0xc0,
    0x1f, 0xfc, 0x5, 0x0, 0x1a, 0x0, 0x7f, 0xc2,
    0xe0, 0xb, 0x72, 0x0, 0xff, 0x43, 0x80, 0x23,
    0x7f, 0xf8, 0x3, 0xd1, 0xaa, 0x1, 0xff, 0xc2,
    0x2a, 0x20, 0x5, 0x56, 0x0, 0xfc, 0xe4, 0xe,
    0xab, 0x80, 0x3e, 0x28, 0x2, 0x80, 0xf, 0xfa,
    0x40, 0x12, 0x1, 0xff, 0x2a, 0x2, 0xa0, 0x7,
    0xf8, 0x6c, 0x1, 0x60, 0x1f, 0xf4, 0x8, 0x48,
    0x80, 0x7f, 0x8d, 0x80, 0xd8, 0x3, 0xfe, 0xe0,
    0x7, 0x80, 0x7f, 0xc0,

    /* U+0430 "а" */
    0x0, 0x13, 0xdf, 0x7f, 0xb6, 0x90, 0x3, 0x1e,
    0xc2, 0x8, 0x0, 0x96, 0xe4, 0x3, 0x92, 0x2f,
    0x2e, 0x8, 0x19, 0xc0, 0x5, 0xd6, 0xe8, 0x68,
    0xfa, 0x81, 0x0, 0x1, 0x10, 0x7, 0xd2, 0x0,
    0x40, 0xf, 0xf1, 0x8, 0x18, 0x4, 0x95, 0xbf,
    0xfc, 0x21, 0xc0, 0xb, 0xb2, 0x90, 0x7, 0xf5,
    0x20, 0x2d, 0xf7, 0xfe, 0x10, 0x0, 0xa8, 0x35,
    0x20, 0x80, 0x61, 0x0, 0x28, 0x3, 0x40, 0x3c,
    0x40, 0x1f, 0xfc, 0x1b, 0x0, 0x98, 0x1, 0xc0,
    0x1c, 0xac, 0x1, 0x11, 0x82, 0xda, 0x12, 0x4d,
    0x10, 0x80, 0x5c, 0x20, 0x97, 0xb6, 0xc5, 0xe0,
    0x18, 0xbd, 0x88, 0x4, 0xe3, 0x48, 0x2,

    /* U+0431 "б" */
    0x0, 0xfc, 0x24, 0x43, 0x50, 0xf, 0x9a, 0xfb,
    0x9b, 0xac, 0xa3, 0x0, 0xc7, 0xd2, 0x82, 0x1,
    0xcc, 0x1, 0x26, 0x8, 0x2d, 0xf7, 0xfe, 0x50,
    0x0, 0xd0, 0xd, 0xd2, 0x8, 0x7, 0xd0, 0x21,
    0xa8, 0x1, 0xfe, 0x60, 0x63, 0x0, 0xff, 0x20,
    0x2, 0x92, 0xbb, 0xfb, 0x1c, 0x3, 0x10, 0x2,
    0x2d, 0x44, 0x4, 0xe3, 0x8c, 0x0, 0x20, 0x4,
    0x2, 0x9c, 0xb6, 0x1, 0xc2, 0x0, 0xe4, 0xd6,
    0x34, 0x9a, 0x0, 0x70, 0x8, 0x5, 0x40, 0x1c,
    0xaa, 0x3, 0x20, 0x9, 0x44, 0x3, 0xdc, 0x0,
    0x53, 0x0, 0x68, 0x7, 0xc8, 0x0, 0xd0, 0x8,
    0x80, 0x3f, 0xc2, 0x20, 0xf, 0xfe, 0x13, 0x0,
    0x8, 0x3, 0xfc, 0x24, 0x0, 0xd0, 0xf, 0x90,
    0x1, 0xa0, 0x80, 0xa2, 0x1, 0xee, 0x0, 0x28,
    0x78, 0x2, 0x80, 0x39, 0x54, 0x6, 0x40, 0x8a,
    0x9, 0x8a, 0x69, 0x34, 0x0, 0xe0, 0xa, 0x90,
    0xe, 0xb2, 0xd8, 0x7, 0x8, 0x3, 0x5d, 0x28,
    0x80, 0x9c, 0x79, 0x80, 0x0,

    /* U+0432 "в" */
    0x7f, 0xff, 0xb2, 0x4, 0x3, 0xfc, 0x6f, 0xe4,
    0x1, 0xbb, 0xb6, 0x28, 0xf, 0x0, 0x70, 0x8c,
    0x74, 0xa0, 0x60, 0x1f, 0xed, 0x0, 0x8, 0x7,
    0xf6, 0x0, 0x88, 0x3, 0x8, 0xc7, 0x48, 0x10,
    0x1, 0xbb, 0xb6, 0x29, 0xdb, 0x0, 0x7f, 0x8e,
    0x8, 0x3, 0x77, 0xfd, 0xd6, 0x47, 0xa4, 0x1,
    0xf0, 0xa6, 0x0, 0x2c, 0x3, 0xf8, 0x44, 0xa,
    0x1, 0xfc, 0x42, 0xe, 0x1, 0xf1, 0x2f, 0x80,
    0x34, 0x2, 0xef, 0xfb, 0x68, 0x81, 0x58, 0x3,
    0xf1, 0x2d, 0xd0, 0x0,

    /* U+0433 "г" */
    0x7f, 0xff, 0xf2, 0x80, 0x7f, 0xf0, 0xf7, 0xbb,
    0xe5, 0x0, 0x8c, 0x47, 0xe0, 0xf, 0xff, 0xf8,
    0x7, 0xff, 0xe8,

    /* U+0434 "д" */
    0x0, 0xcf, 0xff, 0xfd, 0xc0, 0x1f, 0xfc, 0xee,
    0xee, 0x50, 0xf, 0xfe, 0x0, 0x8e, 0x0, 0xfe,
    0xf0, 0x0, 0x80, 0x7f, 0xf4, 0x84, 0x3, 0xff,
    0x88, 0x40, 0x20, 0x1f, 0xfc, 0x26, 0x2, 0x0,
    0xff, 0xe1, 0x10, 0x28, 0x7, 0xff, 0x4, 0xc0,
    0x18, 0x1, 0xff, 0xc1, 0xa0, 0x2, 0x0, 0x7f,
    0xf0, 0x5, 0xc1, 0x4, 0x3, 0xfe, 0x2d, 0x10,
    0xe0, 0xf, 0xfa, 0x34, 0xc0, 0x15, 0xff, 0xe5,
    0x1, 0xfe, 0x0, 0xff, 0xe3, 0xc7, 0xff, 0xfd,
    0xc0, 0x1f, 0xfe, 0x83,

    /* U+0435 "е" */
    0x0, 0xc7, 0x3b, 0xfe, 0xd9, 0x30, 0xf, 0x4e,
    0x31, 0x0, 0x9, 0xb2, 0x0, 0x35, 0x30, 0x1c,
    0xde, 0x49, 0x3, 0xb8, 0x0, 0xaa, 0x9, 0xc6,
    0x43, 0x6d, 0x40, 0x81, 0x9, 0x5, 0x60, 0xf,
    0x50, 0x1, 0xc4, 0xc3, 0xc0, 0x3e, 0x12, 0xf,
    0x40, 0x5, 0x7f, 0xfe, 0x20, 0x23, 0x0, 0xff,
    0xe2, 0xe7, 0xff, 0xfa, 0xcc, 0x0, 0xa0, 0x1f,
    0xf3, 0x80, 0x30, 0x3, 0xfe, 0x22, 0x2, 0x90,
    0x7, 0xfd, 0x0, 0xf, 0x10, 0xf, 0x98, 0x41,
    0x58, 0xb, 0xa1, 0xc, 0xcb, 0x3d, 0x26, 0x0,
    0x97, 0x0, 0x3d, 0xe6, 0x29, 0x84, 0x3, 0xa3,
    0x5c, 0xc4, 0x0, 0x4b, 0x3c, 0x40,

    /* U+0436 "ж" */
    0x0, 0x67, 0xf8, 0x80, 0x3a, 0xbf, 0x40, 0x38,
    0x77, 0xf8, 0x40, 0x2d, 0x20, 0xc1, 0x0, 0xff,
    0xe0, 0x69, 0x6, 0x8, 0x4, 0x38, 0x22, 0xc1,
    0x0, 0xff, 0x51, 0x85, 0x90, 0x7, 0xe, 0x1,
    0x68, 0x7, 0xf4, 0xa8, 0x52, 0x0, 0x7c, 0x56,
    0x7, 0x40, 0x1f, 0x3b, 0x4, 0x28, 0x7, 0xf2,
    0x50, 0x2c, 0x80, 0x72, 0xc0, 0x33, 0x80, 0x7f,
    0xc8, 0x20, 0xce, 0x1, 0x25, 0x0, 0x28, 0x3,
    0xff, 0x81, 0x2, 0x0, 0x84, 0x2, 0xb0, 0xb,
    0x80, 0x3f, 0xe4, 0x60, 0x85, 0x1, 0x0, 0x8a,
    0xc0, 0x9c, 0x3, 0xfd, 0x20, 0x6f, 0x46, 0x1,
    0xe, 0x23, 0x4, 0x10, 0x7, 0xe8, 0x20, 0xe0,
    0x6, 0x90, 0x3, 0x4, 0x24, 0x42, 0x40, 0x3e,
    0x27, 0x7, 0x20, 0x0, 0xb8, 0x11, 0x0, 0x2a,
    0x4, 0x60, 0xf, 0x70, 0x14, 0x0, 0x7f, 0xc8,
    0xa1, 0x2, 0x1, 0x9c, 0xc2, 0x40, 0x3f, 0xf8,
    0x36, 0x22, 0xb0, 0x8, 0xa0, 0x19, 0x0, 0x3f,
    0xf8, 0x23, 0x0, 0xa8, 0x0, 0x90, 0x18, 0x0,
    0xff, 0xe1, 0xb2, 0x5, 0x0,

    /* U+0437 "з" */
    0x4, 0x8c, 0xef, 0xf7, 0x5a, 0x80, 0x6e, 0x73,
    0x10, 0x0, 0xa5, 0x58, 0x4, 0x4b, 0x15, 0x76,
    0x82, 0x4, 0x70, 0x4, 0x53, 0xaa, 0x21, 0xf4,
    0x82, 0xc0, 0x3f, 0xc2, 0xe, 0x1, 0xf8, 0xe8,
    0xc3, 0x40, 0x31, 0xff, 0xd8, 0xa0, 0xcc, 0x0,
    0xff, 0x44, 0x80, 0x71, 0xee, 0xb2, 0x8e, 0x34,
    0x80, 0x38, 0x88, 0x6b, 0x88, 0x5c, 0x1, 0xfe,
    0xf0, 0x31, 0x0, 0xfe, 0x10, 0x1, 0x0, 0x7f,
    0x48, 0x0, 0xcd, 0xd0, 0xa6, 0x48, 0xfc, 0x60,
    0xc0, 0x1, 0x7a, 0xcd, 0xb8, 0x10, 0x49, 0x3,
    0x95, 0x21, 0x0, 0x12, 0xdd, 0x80, 0x0,

    /* U+0438 "и" */
    0x7f, 0xf0, 0x7, 0xdb, 0xfe, 0xa0, 0xf, 0xe7,
    0x20, 0xf, 0xf8, 0x64, 0x3, 0xff, 0x81, 0x2,
    0x30, 0x7, 0xf1, 0x30, 0x41, 0x80, 0x7f, 0x48,
    0x1b, 0x0, 0x7f, 0x2a, 0x7, 0x80, 0x7f, 0xa0,
    0x14, 0xc0, 0x3f, 0x9c, 0x82, 0xc0, 0x3f, 0x86,
    0x1, 0xc4, 0x3, 0xfa, 0x0, 0x60, 0x3, 0xf9,
    0x18, 0x2c, 0x3, 0xfd, 0x0, 0x6a, 0x1, 0xfe,
    0x30, 0xf0, 0xf, 0xfe, 0x2, 0x98, 0x7, 0xff,
    0x2, 0xc0, 0x3f, 0x80,

    /* U+0439 "й" */
    0x0, 0xa1, 0x0, 0x31, 0x41, 0x0, 0x73, 0x51,
    0x80, 0xb, 0x9c, 0x3, 0xd0, 0x39, 0xfe, 0xd3,
    0x52, 0x0, 0xe6, 0xa3, 0x10, 0x28, 0xa0, 0xf,
    0x97, 0x3b, 0xf5, 0xc0, 0x3f, 0xf8, 0xcf, 0xfe,
    0x0, 0xfb, 0x7f, 0xd4, 0x1, 0xfc, 0xe4, 0x1,
    0xff, 0xc, 0x80, 0x7f, 0xf0, 0x20, 0x46, 0x0,
    0xfe, 0x26, 0x8, 0x30, 0xf, 0xe9, 0x3, 0x60,
    0xf, 0xe5, 0x40, 0xf0, 0xf, 0xf4, 0x2, 0x98,
    0x7, 0xf3, 0x90, 0x58, 0x7, 0xf0, 0xc0, 0x38,
    0x80, 0x7f, 0x40, 0xc, 0x0, 0x7f, 0x23, 0x5,
    0x80, 0x7f, 0xa0, 0xd, 0x40, 0x3f, 0xc6, 0x1e,
    0x1, 0xff, 0xc0, 0x53, 0x0, 0xff, 0xe0, 0x58,
    0x7, 0xf0,

    /* U+043A "к" */
    0x7f, 0xf0, 0x7, 0x97, 0xfd, 0x60, 0x1f, 0xc9,
    0x40, 0x76, 0x1, 0xf9, 0x2c, 0xf, 0x0, 0x3f,
    0x1d, 0x81, 0x68, 0x7, 0xe2, 0xd0, 0x2c, 0x10,
    0xf, 0x8b, 0x4, 0x5e, 0x20, 0x1f, 0x16, 0x8,
    0x39, 0x0, 0x7e, 0xc1, 0x0, 0x32, 0x0, 0x7e,
    0x10, 0xb2, 0xa, 0x0, 0xfe, 0xb4, 0xe0, 0x19,
    0x0, 0xfa, 0x90, 0xd, 0xc1, 0x90, 0x3, 0xca,
    0x1, 0x41, 0x5, 0x0, 0x7f, 0xdc, 0x3, 0x40,
    0x1f, 0xe3, 0x70, 0x54, 0x0, 0xff, 0x41, 0x5,
    0x8, 0x7, 0xfb, 0x80, 0x6c,

    /* U+043B "л" */
    0x0, 0xd9, 0xff, 0xfd, 0x20, 0x1f, 0xfc, 0x93,
    0xee, 0xe0, 0xf, 0xe7, 0x11, 0xe0, 0xf, 0x84,
    0x3, 0xff, 0x88, 0x20, 0x1f, 0xfc, 0x3, 0x0,
    0xff, 0xe1, 0x8, 0x18, 0x7, 0xfc, 0x20, 0xe,
    0x0, 0xff, 0x88, 0x0, 0x40, 0x1f, 0xf2, 0x80,
    0x1c, 0x3, 0xfe, 0xd0, 0x12, 0x0, 0xff, 0x2a,
    0x3, 0x0, 0x7f, 0x25, 0x50, 0x6, 0x40, 0x3f,
    0xad, 0x40, 0xb0, 0x40, 0x3f, 0x89, 0x27, 0x48,
    0x3, 0xfc,

    /* U+043C "м" */
    0x7f, 0xf9, 0x80, 0x3e, 0x4f, 0xfa, 0x40, 0x35,
    0x80, 0x7d, 0xc0, 0x1f, 0x88, 0xc0, 0x38, 0x54,
    0x3, 0xe6, 0x9, 0x0, 0xe6, 0x5, 0x0, 0xf5,
    0x2, 0x88, 0x6, 0x90, 0x90, 0xf, 0x12, 0x3,
    0x0, 0x4a, 0x24, 0x60, 0x1f, 0x78, 0x50, 0x5,
    0xc1, 0x60, 0x1f, 0x90, 0x49, 0x0, 0x90, 0x1c,
    0x3, 0xfa, 0x43, 0x82, 0x81, 0x84, 0x3, 0xf9,
    0x81, 0x45, 0x82, 0x80, 0x3f, 0xc2, 0xa1, 0xa2,
    0x66, 0x0, 0xff, 0xb8, 0xc, 0x28, 0x3, 0xff,
    0x80, 0x86, 0x22, 0x60, 0xf, 0xfe, 0xe, 0x77,
    0x0, 0x3f, 0xfb, 0xa0,

    /* U+043D "н" */
    0x7f, 0xf0, 0x80, 0x7d, 0x9f, 0x80, 0x1f, 0xff,
    0xd3, 0x11, 0xf8, 0x3, 0xdb, 0xdd, 0xf1, 0x80,
    0x7f, 0xf1, 0xfb, 0xff, 0xe3, 0x0, 0xff, 0xff,
    0x80, 0x7f, 0xc0,

    /* U+043E "о" */
    0x0, 0xcd, 0x7d, 0xfd, 0x8c, 0x1, 0xe1, 0xc9,
    0x41, 0x1, 0x39, 0xd2, 0x0, 0xd8, 0x60, 0x75,
    0x94, 0x80, 0x58, 0x20, 0x7, 0x20, 0x6c, 0x53,
    0x5b, 0x70, 0x18, 0x0, 0x48, 0xc, 0x80, 0x74,
    0x18, 0x30, 0x90, 0x83, 0x0, 0x7d, 0x40, 0x4,
    0x70, 0x6, 0x80, 0x7c, 0xa0, 0x2, 0x30, 0x3,
    0x0, 0x7c, 0x40, 0xf, 0x0, 0xff, 0xe1, 0x98,
    0x1, 0x80, 0x3e, 0x30, 0x7, 0xb8, 0x3, 0x40,
    0x3e, 0x40, 0x1, 0x10, 0x41, 0x80, 0x3e, 0xa0,
    0x2, 0x4, 0x80, 0xc8, 0x7, 0x39, 0x83, 0x8,
    0x39, 0x3, 0x5a, 0x9a, 0x54, 0x0, 0xc0, 0x5,
    0x86, 0x9, 0x59, 0x6a, 0x5, 0x82, 0x1, 0xe,
    0x4a, 0x8, 0x9, 0xc6, 0x90, 0x0,

    /* U+043F "п" */
    0x7f, 0xff, 0xfe, 0x6, 0x0, 0x7f, 0xf1, 0x77,
    0xbb, 0xe3, 0x0, 0xe3, 0x11, 0xf8, 0x3, 0xff,
    0xfe, 0x1, 0xff, 0xff, 0x0, 0xff, 0xe4, 0x80,

    /* U+0440 "р" */
    0x7f, 0xf0, 0x83, 0xef, 0xfb, 0x18, 0x3, 0xe3,
    0xd8, 0x20, 0x1, 0xcd, 0x80, 0x7b, 0x89, 0x6f,
    0x68, 0xc1, 0x28, 0x3, 0x8e, 0x69, 0x9, 0x71,
    0x1, 0x50, 0x3, 0x1b, 0x0, 0x75, 0x0, 0x3c,
    0x3, 0x50, 0x7, 0x85, 0x1, 0x0, 0x32, 0x80,
    0x7d, 0x80, 0x2, 0x0, 0x88, 0x3, 0xe1, 0x0,
    0x8, 0x7, 0xff, 0x18, 0x80, 0x3e, 0x10, 0x0,
    0x80, 0x4a, 0x1, 0xf6, 0x0, 0x8, 0x2, 0xa0,
    0xf, 0xa, 0x2, 0x0, 0x63, 0x60, 0xe, 0xa0,
    0x7, 0x80, 0x63, 0x99, 0x21, 0x2e, 0x20, 0x2a,
    0x0, 0x6e, 0x26, 0xbd, 0xa3, 0x3, 0xa0, 0xe,
    0x3d, 0x82, 0x0, 0x1c, 0xe0, 0x7, 0xe7, 0xdf,
    0xf6, 0x30, 0x7, 0xff, 0xfc, 0x3, 0x0,

    /* U+0441 "с" */
    0x0, 0xc7, 0x3b, 0xfe, 0xdb, 0x61, 0x0, 0xa7,
    0x18, 0x80, 0x4, 0x93, 0x60, 0xa, 0x60, 0x18,
    0xbc, 0xb8, 0x20, 0x3, 0x28, 0x1f, 0x3a, 0x1a,
    0x3e, 0xd8, 0x58, 0xe, 0x80, 0x7c, 0x24, 0x40,
    0x71, 0x0, 0xfc, 0xe0, 0xc, 0x0, 0xfe, 0x30,
    0x3, 0x0, 0x7f, 0xf2, 0x8c, 0x0, 0xc0, 0x1f,
    0xce, 0x0, 0xc0, 0xf, 0xe2, 0x20, 0x38, 0x80,
    0x7f, 0x40, 0xd, 0x0, 0x7c, 0x20, 0xaa, 0x4,
    0xe7, 0x33, 0x23, 0xe5, 0x80, 0x29, 0x80, 0x63,
    0x31, 0x70, 0x60, 0x1a, 0x71, 0x88, 0x0, 0x49,
    0x36,

    /* U+0442 "т" */
    0x2f, 0xff, 0xfe, 0x13, 0x80, 0x7f, 0xf1, 0xb,
    0xbb, 0xb4, 0x1, 0x3d, 0xdc, 0xe0, 0x23, 0xc6,
    0x1, 0x8, 0xf0, 0x7, 0xff, 0xfc, 0x3, 0xff,
    0xfe, 0x1, 0xff, 0xdf,

    /* U+0443 "у" */
    0xe, 0xfb, 0x0, 0xfc, 0x3f, 0xe8, 0x7, 0x4,
    0x10, 0xf, 0xa4, 0x1, 0x41, 0x60, 0x6, 0x0,
    0xf9, 0x40, 0xc8, 0x8, 0xc2, 0x80, 0x3c, 0x84,
    0x14, 0x1, 0x50, 0x11, 0x80, 0x77, 0x0, 0x18,
    0x2, 0x60, 0x5, 0x0, 0x61, 0x50, 0x60, 0xe,
    0x60, 0x60, 0xc, 0xe0, 0xa, 0x0, 0xea, 0x0,
    0x28, 0x5, 0x40, 0x46, 0x1, 0xc6, 0x41, 0x20,
    0x2, 0x30, 0xa0, 0xf, 0xac, 0xc, 0x82, 0xc0,
    0xc, 0x1, 0xf3, 0x80, 0x28, 0x1c, 0x14, 0x40,
    0x3e, 0x15, 0x6, 0x51, 0xe, 0x0, 0xfe, 0x90,
    0x1b, 0x1, 0x40, 0xf, 0xe3, 0x20, 0x10, 0x60,
    0xf, 0xfa, 0x80, 0x2a, 0x0, 0xff, 0x98, 0x0,
    0x64, 0x1, 0xff, 0x28, 0x2, 0x40, 0x3f, 0xf8,
    0x1c, 0x0, 0x50, 0xf, 0xf8, 0x94, 0x18, 0x3,
    0xf8, 0x49, 0x3c, 0x1, 0x0, 0x1f, 0xdb, 0xab,
    0x20, 0x81, 0x0, 0xff, 0xe0, 0x1d, 0x38, 0x7,
    0xe0,

    /* U+0444 "ф" */
    0x0, 0xfe, 0x4f, 0xf1, 0x80, 0x7f, 0xff, 0xc0,
    0x3f, 0xf9, 0xa7, 0x7d, 0xf6, 0x40, 0x18, 0xaf,
    0xfa, 0x88, 0x3, 0x93, 0x10, 0x41, 0x30, 0x80,
    0xb, 0xa8, 0x2, 0xba, 0x80, 0x10, 0xd8, 0xc,
    0xe5, 0x4, 0x80, 0x24, 0xab, 0x20, 0x1, 0x42,
    0x0, 0x80, 0x6, 0xb1, 0xae, 0x8, 0x0, 0x71,
    0x4d, 0xec, 0x6, 0x40, 0xc, 0xa, 0x60, 0x11,
    0x58, 0x2, 0x84, 0x2, 0x44, 0x3, 0x1, 0x80,
    0x3c, 0x3, 0x84, 0x0, 0xe0, 0x1d, 0xa0, 0x24,
    0xa0, 0x6, 0x0, 0xff, 0xe1, 0x10, 0x1, 0x84,
    0x0, 0x20, 0x1f, 0xfc, 0x27, 0x0, 0x8, 0x7,
    0xff, 0x24, 0xc4, 0x0, 0x20, 0x1f, 0xfc, 0x27,
    0x0, 0x1a, 0x80, 0x18, 0x3, 0xff, 0x84, 0x40,
    0x7, 0x30, 0x7, 0x80, 0x70, 0x80, 0x1c, 0x3,
    0xb4, 0x4, 0x81, 0x41, 0x48, 0x2, 0x2b, 0x0,
    0x48, 0x80, 0x46, 0x80, 0xe0, 0x8, 0x0, 0x63,
    0x1a, 0xe0, 0x80, 0xb, 0x14, 0xdf, 0x0, 0x10,
    0x0, 0x2a, 0x1, 0x9c, 0xa0, 0x90, 0x4, 0x95,
    0x64, 0x0, 0x2c, 0x40, 0x25, 0xc4, 0x0, 0x2e,
    0x10, 0x1, 0x75, 0x0, 0x9, 0xa8, 0x1, 0xc7,
    0x7f, 0xea, 0x20, 0xc, 0x57, 0xfe, 0xb2, 0x0,
    0xff, 0xff, 0x80, 0x7f, 0xf6, 0x80,

    /* U+0445 "х" */
    0x5, 0xff, 0x50, 0x7, 0x87, 0xbf, 0x84, 0x15,
    0x81, 0x54, 0x1, 0xd6, 0x21, 0x42, 0x0, 0x92,
    0xa, 0x10, 0x9, 0x94, 0x19, 0x0, 0x37, 0x0,
    0x34, 0x0, 0x52, 0x5, 0x20, 0x1c, 0x70, 0x6,
    0xe1, 0xc0, 0xe, 0x0, 0xf9, 0xcc, 0x22, 0x8c,
    0x20, 0xc0, 0x3f, 0x68, 0x82, 0x82, 0x38, 0x7,
    0xf0, 0xc8, 0x5, 0x40, 0x1f, 0xf5, 0x0, 0x48,
    0x1, 0xfe, 0x92, 0x0, 0xac, 0x40, 0x3f, 0x23,
    0x2, 0xe0, 0xd, 0x0, 0x7c, 0x34, 0x3, 0x66,
    0xe0, 0x8e, 0x1, 0xea, 0x10, 0xa1, 0x8, 0x30,
    0x83, 0x0, 0xcc, 0x80, 0xe8, 0x1, 0x70, 0x3,
    0x80, 0x22, 0x90, 0x28, 0x0, 0xc5, 0x20, 0x52,
    0x0, 0xe0, 0x7, 0x80, 0x79, 0x94, 0x19, 0x0,

    /* U+0446 "ц" */
    0x7f, 0xf0, 0x80, 0x7d, 0x9f, 0x80, 0x1f, 0xff,
    0xf0, 0xf, 0xff, 0xf8, 0x7, 0xff, 0xcf, 0xbf,
    0xfe, 0x30, 0x3f, 0xc0, 0xf, 0xfe, 0x23, 0xff,
    0xff, 0xf0, 0x30, 0x3, 0xff, 0xca, 0xe0,

    /* U+0447 "ч" */
    0xff, 0x48, 0x7, 0xa3, 0xfc, 0x1, 0xff, 0xd8,
    0x10, 0x30, 0xf, 0xe2, 0x4, 0x0, 0xfe, 0xb0,
    0x1a, 0x20, 0xf, 0x9c, 0x81, 0x77, 0xff, 0x38,
    0x5, 0xae, 0x20, 0x1f, 0xe8, 0xef, 0xee, 0xce,
    0x1, 0xf0, 0x8e, 0x0, 0xff, 0xf9, 0x80,

    /* U+0448 "ш" */
    0x7f, 0xf0, 0x80, 0x73, 0xff, 0x84, 0x3, 0x9f,
    0xfc, 0x20, 0x1f, 0xff, 0xf0, 0xf, 0xff, 0xf8,
    0x7, 0xff, 0xfc, 0x3, 0xff, 0xe9, 0xdf, 0xfd,
    0x0, 0xe, 0xff, 0xe8, 0x0, 0xff, 0xe6, 0x80,

    /* U+0449 "щ" */
    0x7f, 0xf0, 0x80, 0x73, 0xff, 0x84, 0x3, 0x9f,
    0xfc, 0x20, 0x1f, 0xff, 0xf0, 0xf, 0xff, 0xf8,
    0x7, 0xff, 0xfc, 0x3, 0xff, 0xfe, 0x1, 0xff,
    0xc5, 0xef, 0xfe, 0x80, 0x7, 0x7f, 0xf4, 0x0,
    0x3b, 0xc4, 0x3, 0xff, 0x98, 0xff, 0xff, 0xfc,
    0x81, 0x0, 0xff, 0xff, 0x0,

    /* U+044A "ъ" */
    0x2f, 0xff, 0x94, 0x3, 0xff, 0xa2, 0x5d, 0xdb,
    0x0, 0x3f, 0xf8, 0x42, 0x38, 0x3, 0xff, 0xe0,
    0x62, 0x30, 0x7, 0xff, 0xe, 0x7b, 0xaf, 0xf6,
    0x38, 0x7, 0xff, 0x14, 0xe3, 0x48, 0x3, 0xfa,
    0xbf, 0xf6, 0x28, 0x14, 0x80, 0x7f, 0xf0, 0x8e,
    0x8c, 0x10, 0x3, 0xff, 0x88, 0xa0, 0x1, 0x0,
    0xff, 0xe1, 0xa0, 0x0, 0x40, 0x3f, 0xf8, 0x2,
    0x96, 0x40, 0xa0, 0x1f, 0xd5, 0xff, 0x75, 0xa0,
    0x15, 0x80, 0x7f, 0xf0, 0x85, 0x27, 0x44, 0x0,

    /* U+044B "ы" */
    0x7f, 0xf0, 0x80, 0x7f, 0xdd, 0xf4, 0x1, 0xff,
    0xff, 0x0, 0xff, 0xe3, 0x18, 0x88, 0x3, 0xff,
    0x87, 0xbd, 0xcf, 0xf7, 0x5a, 0x80, 0x7f, 0xf0,
    0xc5, 0x2a, 0xc0, 0x3f, 0xbb, 0xfe, 0xeb, 0x20,
    0x46, 0x0, 0xff, 0xe0, 0xa, 0x60, 0x3, 0x40,
    0x3f, 0xf8, 0x42, 0x20, 0x60, 0xf, 0xfe, 0x11,
    0x8, 0x30, 0x7, 0xff, 0x0, 0x97, 0xc0, 0x1a,
    0x1, 0xfb, 0xbf, 0xed, 0xa2, 0x5, 0x60, 0xf,
    0xfe, 0x9, 0x2d, 0xd0, 0x7, 0x80,

    /* U+044C "ь" */
    0x7f, 0xf0, 0x80, 0x7f, 0xff, 0xc0, 0x6, 0x22,
    0x0, 0xff, 0x6f, 0x73, 0xfd, 0xd6, 0xa0, 0x1f,
    0xe1, 0x4a, 0xb0, 0xd, 0xdf, 0xf7, 0x59, 0x2,
    0x30, 0x7, 0xc2, 0x98, 0x0, 0xd0, 0xf, 0xe1,
    0x10, 0x30, 0x7, 0xf1, 0x8, 0x30, 0x7, 0xc4,
    0xbe, 0x0, 0xd0, 0xb, 0xbf, 0xed, 0xa2, 0x5,
    0x60, 0xf, 0xc4, 0xb7, 0x40,

    /* U+044D "э" */
    0x5, 0xad, 0xff, 0x6d, 0x20, 0x6, 0x7a, 0x52,
    0x0, 0x12, 0xdd, 0x84, 0x2, 0x27, 0xac, 0xc5,
    0x28, 0x26, 0x0, 0x1f, 0x61, 0x4c, 0xcb, 0x52,
    0x5, 0x0, 0x1f, 0xcc, 0xa0, 0xe2, 0x1, 0xfd,
    0xc0, 0x4, 0x0, 0x67, 0xff, 0xac, 0x1, 0xa0,
    0x1f, 0xfc, 0x1, 0x0, 0x67, 0x77, 0xc0, 0x1e,
    0x11, 0xf1, 0x0, 0x4, 0x3, 0xf9, 0x0, 0x1a,
    0x1, 0xfd, 0x20, 0x4, 0x20, 0xf, 0xa8, 0x41,
    0x85, 0x7a, 0x54, 0xcc, 0xda, 0xa0, 0x52, 0x0,
    0x16, 0xac, 0xc4, 0x90, 0x1e, 0x0, 0x1e, 0x94,
    0x80, 0x2, 0xb5, 0x82, 0x0,

    /* U+044E "ю" */
    0x5f, 0xf1, 0x0, 0x71, 0xd6, 0xff, 0xb6, 0x48,
    0x3, 0xff, 0x81, 0x38, 0xa4, 0x0, 0x26, 0xd7,
    0x0, 0xff, 0x43, 0x0, 0xc6, 0x62, 0x0, 0x10,
    0xc0, 0x1f, 0x89, 0xc0, 0x71, 0xcc, 0xcf, 0xa2,
    0x12, 0x20, 0x1f, 0x58, 0x2, 0x8, 0x3, 0x14,
    0x0, 0x18, 0x3, 0xe4, 0x0, 0x30, 0x7, 0x98,
    0x1, 0x60, 0x1b, 0x7f, 0xc4, 0x6, 0x1, 0xf8,
    0xc0, 0xc0, 0x3f, 0x98, 0x3, 0xf3, 0x0, 0x7a,
    0xf7, 0x40, 0x1f, 0xfc, 0x66, 0x22, 0x81, 0x80,
    0x3f, 0x8, 0x7, 0xf3, 0x81, 0x80, 0x7e, 0x40,
    0x30, 0xf, 0xbc, 0x0, 0xa0, 0x1e, 0x50, 0x5,
    0x80, 0x7c, 0xa2, 0x16, 0x20, 0x18, 0xac, 0x0,
    0xc0, 0x1f, 0xa8, 0x7, 0xdc, 0xcc, 0xf8, 0x21,
    0x22, 0x1, 0xf9, 0x24, 0x6, 0x33, 0x10, 0x21,
    0xc, 0x1, 0xfe, 0x6d, 0x62, 0x0, 0x13, 0x6b,
    0x80, 0x40,

    /* U+044F "я" */
    0x0, 0x8a, 0x77, 0xff, 0xe7, 0x0, 0x2e, 0xb1,
    0x0, 0x7f, 0xa8, 0x1, 0x1b, 0xdd, 0x80, 0x32,
    0x80, 0x21, 0xc8, 0x46, 0x0, 0xe3, 0x0, 0x20,
    0x7, 0xf8, 0xc0, 0x8, 0x1, 0xfe, 0x40, 0x4,
    0x38, 0x80, 0x7e, 0x1a, 0x0, 0x47, 0x7f, 0xdc,
    0x1, 0xcb, 0xce, 0x1, 0xff, 0xc0, 0x1b, 0x0,
    0x3f, 0xfb, 0x80, 0x3e, 0xe0, 0x28, 0x0, 0xfe,
    0x72, 0xe, 0x0, 0xfe, 0x28, 0x6, 0x30, 0xf,
    0xee, 0x2, 0x90, 0xf, 0xe6, 0x30, 0x90, 0xf,
    0xe2, 0x90, 0x64, 0x0, 0xfe,

    /* U+0450 "ѐ" */
    0x0, 0xc, 0x40, 0xc0, 0x3f, 0xe1, 0x27, 0xd1,
    0x0, 0xff, 0xa8, 0xc6, 0xc0, 0x3f, 0xf8, 0x1a,
    0x2a, 0xa0, 0xf, 0xf8, 0x74, 0x2c, 0x40, 0x3f,
    0xe3, 0x91, 0xa0, 0xf, 0xfe, 0x3, 0x7d, 0x80,
    0x7f, 0xf3, 0x4e, 0x77, 0xfd, 0xb2, 0x60, 0x1e,
    0x9c, 0x62, 0x0, 0x13, 0x64, 0x0, 0x6a, 0x60,
    0x39, 0xbc, 0x92, 0x7, 0x70, 0x1, 0x54, 0x13,
    0x8c, 0x86, 0xda, 0x81, 0x2, 0x12, 0xa, 0xc0,
    0x1e, 0xa0, 0x3, 0x89, 0x87, 0x80, 0x7c, 0x24,
    0x1e, 0x80, 0xa, 0xff, 0xfc, 0x40, 0x46, 0x1,
    0xff, 0xc5, 0xcf, 0xff, 0xf5, 0x98, 0x1, 0x40,
    0x3f, 0xe7, 0x0, 0x60, 0x7, 0xfc, 0x44, 0x5,
    0x20, 0xf, 0xfa, 0x0, 0x1e, 0x20, 0x1f, 0x30,
    0x82, 0xb0, 0x17, 0x42, 0x19, 0x96, 0x7a, 0x4c,
    0x1, 0x2e, 0x0, 0x7b, 0xcc, 0x53, 0x8, 0x7,
    0x46, 0xb9, 0x88, 0x0, 0x96, 0x78, 0x80,

    /* U+0451 "ё" */
    0x0, 0xdf, 0xec, 0x0, 0x57, 0xf8, 0x40, 0x3f,
    0xf9, 0x24, 0x45, 0x0, 0x11, 0x40, 0x1f, 0x6e,
    0xa4, 0x1, 0x1b, 0xa1, 0x0, 0xff, 0xec, 0x1c,
    0xef, 0xfb, 0x64, 0xc0, 0x3d, 0x38, 0xc4, 0x0,
    0x26, 0xc8, 0x0, 0xd4, 0xc0, 0x73, 0x79, 0x24,
    0xe, 0xe0, 0x2, 0xa8, 0x27, 0x19, 0xd, 0xb5,
    0x2, 0x4, 0x24, 0x15, 0x80, 0x3d, 0x40, 0x7,
    0x13, 0xf, 0x0, 0xf8, 0x48, 0x3d, 0x0, 0x15,
    0xff, 0xf8, 0x80, 0x8c, 0x3, 0xff, 0x8b, 0x9f,
    0xff, 0xeb, 0x30, 0x2, 0x80, 0x7f, 0xce, 0x0,
    0xc0, 0xf, 0xf8, 0x88, 0xa, 0x40, 0x1f, 0xf4,
    0x0, 0x3c, 0x40, 0x3e, 0x61, 0x5, 0x60, 0x2e,
    0x84, 0x33, 0x2c, 0xf4, 0x98, 0x2, 0x5c, 0x0,
    0xf7, 0x98, 0xa6, 0x10, 0xe, 0x8d, 0x73, 0x10,
    0x1, 0x2c, 0xf1, 0x0,

    /* U+0452 "ђ" */
    0x0, 0xaa, 0xd8, 0x3, 0xff, 0x82, 0xa9, 0xe0,
    0x1f, 0xff, 0xe5, 0xff, 0x0, 0x1b, 0xff, 0xe0,
    0xf, 0xfe, 0x3a, 0xff, 0x80, 0xd, 0xff, 0xf0,
    0x7, 0xff, 0x78, 0xa7, 0xbf, 0xa8, 0x80, 0x3f,
    0x2e, 0xb0, 0x80, 0xae, 0xa8, 0x7, 0x96, 0x86,
    0x2e, 0xcc, 0x0, 0xa1, 0x0, 0xe3, 0x2f, 0x74,
    0x44, 0xc0, 0x1, 0x80, 0x3d, 0xc2, 0x1, 0x9c,
    0x1, 0x80, 0x1c, 0x66, 0x0, 0xf1, 0x83, 0x0,
    0x73, 0x0, 0x7c, 0xc0, 0x60, 0x1c, 0x60, 0x1f,
    0xfc, 0xb1, 0x3, 0x0, 0xff, 0xe0, 0xa8, 0x20,
    0x7, 0xff, 0x0, 0xc4, 0x34, 0x2, 0xff, 0x48,
    0x7, 0xa4, 0x9, 0x0, 0x3f, 0xe4, 0x50, 0xe0,
    0xf, 0xf8, 0xec, 0x1c, 0xc0, 0x3f, 0x85, 0xf0,
    0x1a, 0x0, 0x3f, 0xd7, 0x1, 0x12, 0x1, 0xff,
    0x13, 0x6b, 0x80, 0x60,

    /* U+0453 "ѓ" */
    0x0, 0xfd, 0x3f, 0xc4, 0x1, 0xf2, 0x30, 0x51,
    0x0, 0x78, 0x68, 0x25, 0x0, 0x3e, 0xa1, 0x66,
    0x0, 0x7c, 0xc8, 0x72, 0x1, 0xf8, 0x5f, 0x40,
    0x3f, 0x9e, 0x4, 0x3, 0x3f, 0xff, 0xf9, 0x40,
    0x3f, 0xf8, 0x7b, 0xdd, 0xf2, 0x80, 0x46, 0x23,
    0xf0, 0x7, 0xff, 0xfc, 0x3, 0xff, 0xf4,

    /* U+0454 "є" */
    0x0, 0xc7, 0x3b, 0xfe, 0xdb, 0x61, 0x0, 0xa7,
    0x18, 0x80, 0x4, 0x93, 0x60, 0xa, 0x60, 0x39,
    0xcc, 0x54, 0x18, 0x1, 0x54, 0xd, 0x8c, 0x66,
    0x57, 0xca, 0x8, 0x2, 0x90, 0xf, 0xc4, 0x40,
    0xa0, 0xf, 0xe7, 0x0, 0x47, 0xff, 0xc0, 0x3,
    0x0, 0xff, 0xe1, 0xd7, 0x77, 0xbc, 0x0, 0x60,
    0x3, 0x11, 0xf0, 0x4, 0xe0, 0xc, 0x0, 0xfe,
    0x22, 0x2, 0x90, 0x7, 0xf5, 0x80, 0x38, 0x40,
    0x3c, 0x40, 0xc8, 0x7, 0xf0, 0x86, 0x91, 0xb0,
    0x0, 0xb5, 0x1, 0x7b, 0xcb, 0x72, 0x0, 0xd5,
    0x8c, 0x40, 0x2, 0x49, 0xb0,

    /* U+0455 "ѕ" */
    0x0, 0xc, 0x67, 0xfb, 0xb6, 0x98, 0x40, 0x7,
    0xee, 0x60, 0x1, 0x25, 0x97, 0x0, 0x68, 0x83,
    0xde, 0x62, 0x9c, 0x80, 0x8, 0x21, 0x50, 0x86,
    0x65, 0x8d, 0x60, 0x10, 0x2, 0x0, 0x7f, 0x8,
    0x2, 0x40, 0x3f, 0x90, 0x81, 0xf6, 0x10, 0x3,
    0xef, 0x20, 0x27, 0xbf, 0xc6, 0x0, 0xc5, 0xb6,
    0xc4, 0x0, 0x39, 0xd2, 0x0, 0xc9, 0x3b, 0xd4,
    0x80, 0x5c, 0x1, 0xf0, 0xad, 0xa0, 0x18, 0x80,
    0x7f, 0x68, 0x0, 0x8c, 0x80, 0x3e, 0xc0, 0x1,
    0x26, 0xe3, 0xa1, 0x1a, 0xda, 0x82, 0x88, 0x0,
    0xe2, 0xf7, 0x29, 0x1, 0x28, 0x1e, 0xdc, 0xc4,
    0x0, 0x2b, 0x56, 0x0,

    /* U+0456 "і" */
    0x5f, 0xf1, 0x0, 0x7e, 0x4b, 0xb1, 0xa, 0x20,
    0x3, 0x97, 0xfc, 0x40, 0x1f, 0xff, 0x0,

    /* U+0457 "ї" */
    0x2d, 0xd3, 0x80, 0x2b, 0x70, 0x8, 0x9c, 0x0,
    0x72, 0x30, 0xf, 0xe2, 0xff, 0x48, 0x3, 0x7f,
    0xc0, 0x1f, 0xfc, 0x95, 0xff, 0x10, 0x7, 0xff,
    0xfc, 0x3, 0xff, 0xe4,

    /* U+0458 "ј" */
    0x0, 0x97, 0xfc, 0x40, 0x1f, 0xfc, 0x54, 0xbb,
    0x10, 0x4, 0x28, 0x80, 0xf, 0xf9, 0x7f, 0xc4,
    0x1, 0xff, 0xff, 0x0, 0xff, 0xee, 0x18, 0x0,
    0xc0, 0x2f, 0x1, 0x18, 0xdd, 0x81, 0x2, 0x72,
    0x0, 0x10, 0x1, 0xa, 0xe9, 0x0,

    /* U+0459 "љ" */
    0x0, 0xd9, 0xff, 0xfc, 0x40, 0x1f, 0xfd, 0x93,
    0xee, 0xd2, 0x1, 0xff, 0xc5, 0x71, 0x1c, 0x60,
    0x1f, 0xfc, 0x31, 0x0, 0xff, 0xf0, 0x98, 0x8,
    0x7, 0xc2, 0x20, 0xf, 0xf8, 0x40, 0xc0, 0x3e,
    0xce, 0xff, 0x75, 0x18, 0x7, 0x8, 0x3, 0x80,
    0x3f, 0xe1, 0x5c, 0x70, 0xc, 0x40, 0x2, 0x0,
    0xfb, 0x7f, 0xdd, 0x22, 0x10, 0x60, 0x12, 0x80,
    0x1c, 0x3, 0xfc, 0x2d, 0x60, 0x4, 0x0, 0xb0,
    0x4, 0x80, 0x3f, 0xf8, 0x8, 0x0, 0xe0, 0x2,
    0x28, 0x30, 0x7, 0xff, 0x5, 0x0, 0x1c, 0x73,
    0x60, 0x32, 0x1, 0xf8, 0x40, 0x49, 0xe8, 0x0,
    0xb8, 0xc0, 0x38, 0x20, 0x1f, 0xb3, 0xfb, 0x60,
    0x1, 0x4, 0x44, 0x9e, 0x20, 0xf, 0xfe, 0x9,
    0x36, 0x38, 0x0,

    /* U+045A "њ" */
    0x7f, 0xf0, 0x80, 0x79, 0xff, 0xc2, 0x1, 0xff,
    0xff, 0x0, 0xff, 0xf1, 0x18, 0x8f, 0xbc, 0x2,
    0x10, 0xf, 0xf6, 0xf7, 0x79, 0xc0, 0x1d, 0xcf,
    0xf6, 0xc9, 0x0, 0x7f, 0xf1, 0xc9, 0xb5, 0x80,
    0x37, 0x7f, 0xfa, 0x0, 0x1d, 0xfe, 0xd8, 0x0,
    0x48, 0x80, 0x7f, 0xf1, 0x9, 0xe4, 0x0, 0xe0,
    0x1f, 0xfc, 0x65, 0x0, 0x8, 0x7, 0xff, 0x19,
    0x0, 0x2, 0x1, 0xff, 0xc3, 0x12, 0x88, 0x0,
    0x1c, 0x3, 0xff, 0x83, 0xdf, 0xda, 0xe0, 0xa,
    0x10, 0xf, 0xfe, 0x29, 0x3e, 0xa8, 0x0,

    /* U+045B "ћ" */
    0x0, 0xaa, 0xd8, 0x3, 0xff, 0x82, 0xa9, 0xe0,
    0x1f, 0xff, 0xe5, 0xff, 0x0, 0x1b, 0xff, 0xe0,
    0xf, 0xfe, 0x3a, 0xff, 0x80, 0xd, 0xff, 0xf0,
    0x7, 0xff, 0x78, 0xa7, 0xbf, 0xa8, 0xc0, 0x3f,
    0x2e, 0xb0, 0x80, 0xae, 0x20, 0x7, 0x96, 0x86,
    0x2e, 0xcc, 0x0, 0xa1, 0x0, 0xe3, 0x37, 0xba,
    0x22, 0x60, 0x5, 0xc0, 0x3d, 0xc2, 0x1, 0x9c,
    0x43, 0x0, 0x38, 0xc8, 0x3, 0xca, 0xc, 0x1,
    0xcc, 0x1, 0xf0, 0x80, 0x80, 0x71, 0x80, 0x7f,
    0x18, 0x7, 0xff, 0x90,

    /* U+045C "ќ" */
    0x0, 0xfd, 0xbf, 0x60, 0x1f, 0xea, 0x22, 0x50,
    0x7, 0xf2, 0xa8, 0x3c, 0x40, 0x3f, 0xd, 0x85,
    0x10, 0x7, 0xf5, 0xc, 0x28, 0x7, 0xf0, 0x9c,
    0x38, 0x7, 0xf8, 0x61, 0xc0, 0x3e, 0x7f, 0xf0,
    0x7, 0x97, 0xfd, 0x60, 0x1f, 0xc9, 0x40, 0x76,
    0x1, 0xf9, 0x2c, 0xf, 0x0, 0x3f, 0x1d, 0x81,
    0x68, 0x7, 0xe2, 0xd0, 0x2c, 0x10, 0xf, 0x8b,
    0x4, 0x5e, 0x20, 0x1f, 0x16, 0x8, 0x39, 0x0,
    0x7e, 0xc1, 0x0, 0x32, 0x0, 0x7e, 0x10, 0xb2,
    0xa, 0x0, 0xfe, 0xb4, 0xe0, 0x19, 0x0, 0xfa,
    0x90, 0xd, 0xc1, 0x90, 0x3, 0xca, 0x1, 0x41,
    0x5, 0x0, 0x7f, 0xdc, 0x3, 0x40, 0x1f, 0xe3,
    0x70, 0x54, 0x0, 0xff, 0x41, 0x5, 0x8, 0x7,
    0xfb, 0x80, 0x6c,

    /* U+045D "ѝ" */
    0x1, 0xef, 0xa0, 0xf, 0xf0, 0xe8, 0x2a, 0x80,
    0x3f, 0xc7, 0x21, 0x62, 0x1, 0xfe, 0x66, 0xd,
    0x0, 0x7f, 0xd2, 0x88, 0x70, 0xf, 0xfa, 0xa0,
    0x3, 0xff, 0x80, 0x2e, 0xe0, 0xf, 0x3f, 0xf8,
    0x3, 0xed, 0xff, 0x50, 0x7, 0xf3, 0x90, 0x7,
    0xfc, 0x32, 0x1, 0xff, 0xc0, 0x81, 0x18, 0x3,
    0xf8, 0x98, 0x20, 0xc0, 0x3f, 0xa4, 0xd, 0x80,
    0x3f, 0x95, 0x3, 0xc0, 0x3f, 0xd0, 0xa, 0x60,
    0x1f, 0xce, 0x41, 0x60, 0x1f, 0xc3, 0x0, 0xe2,
    0x1, 0xfd, 0x0, 0x30, 0x1, 0xfc, 0x8c, 0x16,
    0x1, 0xfe, 0x80, 0x35, 0x0, 0xff, 0x18, 0x78,
    0x7, 0xff, 0x1, 0x4c, 0x3, 0xff, 0x81, 0x60,
    0x1f, 0xc0,

    /* U+045E "ў" */
    0x0, 0xce, 0xa0, 0x18, 0x61, 0x0, 0x3e, 0xba,
    0x50, 0x0, 0xdb, 0x88, 0x7, 0xd0, 0x15, 0xfe,
    0xe5, 0x35, 0x0, 0xf9, 0x2d, 0x4, 0x9, 0xf4,
    0x3, 0xf9, 0x2f, 0xbf, 0x60, 0x40, 0x3f, 0xf9,
    0x3d, 0xf6, 0x1, 0xf8, 0x7f, 0xd0, 0xe, 0x8,
    0x20, 0x1f, 0x48, 0x2, 0x82, 0xc0, 0xc, 0x1,
    0xf2, 0x81, 0x90, 0x11, 0x85, 0x0, 0x79, 0x8,
    0x28, 0x2, 0xa0, 0x23, 0x0, 0xee, 0x0, 0x30,
    0x4, 0xc0, 0xa, 0x0, 0xc2, 0xa0, 0xc0, 0x1c,
    0xc0, 0xc0, 0x19, 0xc0, 0x14, 0x1, 0xd4, 0x0,
    0x50, 0xa, 0x80, 0x8c, 0x3, 0x8c, 0x82, 0x40,
    0x4, 0x61, 0x40, 0x1f, 0x58, 0x19, 0x5, 0x80,
    0x18, 0x3, 0xe7, 0x0, 0x50, 0x38, 0x28, 0x80,
    0x7c, 0x2a, 0xc, 0xa2, 0x1c, 0x1, 0xfd, 0x20,
    0x36, 0x2, 0x80, 0x1f, 0xc6, 0x40, 0x20, 0xc0,
    0x1f, 0xf5, 0x0, 0x54, 0x1, 0xff, 0x30, 0x0,
    0xc8, 0x3, 0xfe, 0x50, 0x4, 0x80, 0x7f, 0xf0,
    0x38, 0x0, 0xa0, 0x1f, 0xf1, 0x28, 0x30, 0x7,
    0xf0, 0x92, 0x78, 0x2, 0x0, 0x3f, 0xb7, 0x56,
    0x41, 0x2, 0x1, 0xff, 0xc0, 0x3a, 0x70, 0xf,
    0xc0,

    /* U+045F "џ" */
    0x7f, 0xf0, 0x80, 0x7d, 0x9f, 0x80, 0x1f, 0xff,
    0xf0, 0xf, 0xff, 0xf8, 0x7, 0xff, 0x5f, 0xbf,
    0xfe, 0x30, 0xf, 0xfe, 0x23, 0xff, 0xf1, 0x6,
    0xff, 0xec, 0x0, 0xff, 0xef, 0x0,

    /* U+0490 "Ґ" */
    0x0, 0xff, 0xbb, 0xdc, 0x3, 0xff, 0xbc, 0x9f,
    0xff, 0xe1, 0x0, 0xff, 0xe3, 0xa5, 0x57, 0xf2,
    0x80, 0x46, 0xab, 0xfc, 0x40, 0x1f, 0xff, 0xf0,
    0xf, 0xff, 0xf8, 0x7, 0xff, 0xfc, 0x3, 0xff,
    0x82,

    /* U+0491 "ґ" */
    0x0, 0xfe, 0xaf, 0x50, 0xf, 0xfe, 0xc3, 0xff,
    0xfe, 0x50, 0xf, 0xfe, 0x2f, 0x77, 0xe5, 0x0,
    0xc2, 0x3f, 0x0, 0x7f, 0xff, 0xc0, 0x3f, 0xff,
    0x40,

    /* U+060C "،" */
    0x0, 0x55, 0x1, 0x94, 0x1, 0x1, 0x8c, 0x20,
    0x90, 0x2, 0x42, 0x1, 0xf0,

    /* U+061B "؛" */
    0x0, 0x55, 0x1, 0x94, 0x1, 0x1, 0x8c, 0x20,
    0x90, 0x2, 0x42, 0x1, 0xf7, 0xfb, 0x80, 0x3f,
    0xf9, 0xae, 0xe6, 0x8, 0x88, 0x3, 0xf8,

    /* U+061F "؟" */
    0x0, 0x25, 0xf7, 0xf6, 0x41, 0x0, 0x26, 0xd0,
    0x40, 0x4d, 0xf6, 0x55, 0x80, 0xf, 0x57, 0x6,
    0xf, 0x20, 0xb, 0x85, 0x47, 0xcb, 0x23, 0x1,
    0x40, 0xe, 0x4c, 0x10, 0x30, 0xf, 0xc8, 0x4,
    0x80, 0x1f, 0x40, 0x2, 0x88, 0x3, 0xc5, 0x60,
    0x38, 0x40, 0x1e, 0x4a, 0x1, 0xc1, 0x0, 0xf2,
    0xd0, 0xe, 0x80, 0x7c, 0xae, 0x6, 0x60, 0xf,
    0xac, 0x0, 0xa0, 0x1f, 0x8, 0x0, 0x40, 0x3f,
    0xf8, 0xc5, 0x10, 0x40, 0xf, 0xce, 0xe3, 0x0,
    0xf8, 0x5d, 0xc8, 0x1, 0xf1, 0x44, 0x34, 0x3,
    0xff, 0x9a,

    /* U+0621 "ء" */
    0x0, 0x85, 0x59, 0x48, 0x2, 0x9e, 0xa9, 0xaf,
    0x0, 0x5b, 0x0, 0x78, 0xd0, 0xf, 0x3f, 0xa4,
    0x2c, 0x1, 0xa6, 0x2, 0x80, 0x60, 0x42, 0x1,
    0xc4, 0x4, 0x60, 0x1d, 0xa0, 0xc, 0x83, 0x15,
    0xa4, 0x70, 0x3, 0xe7, 0x52, 0x4, 0x61, 0x0,
    0x62, 0x6b, 0xc2, 0x0, 0x14, 0xe5, 0x20, 0x1,
    0x6f, 0x58, 0x19, 0x6b, 0xe9, 0x0, 0x20,

    /* U+0622 "آ" */
    0x0, 0x1b, 0x80, 0x70, 0xc0, 0x3e, 0x46, 0x29,
    0x1c, 0x72, 0x4, 0x43, 0x42, 0xb7, 0x19, 0xf0,
    0x31, 0xcb, 0x36, 0xf3, 0xa0, 0x0, 0x60, 0x11,
    0x21, 0x80, 0x7c, 0xbf, 0xe2, 0x0, 0xff, 0xff,
    0x80, 0x7f, 0xff, 0xc0, 0x3f, 0xff, 0xa0,

    /* U+0623 "أ" */
    0x0, 0xfa, 0x3f, 0xd6, 0x8, 0xf3, 0x78, 0x6,
    0x4c, 0x8e, 0x6, 0x4c, 0x26, 0xc, 0x53, 0xd8,
    0x54, 0x46, 0xf6, 0x53, 0xf9, 0x8, 0x2, 0xbf,
    0xe2, 0x0, 0xff, 0xff, 0x80, 0x7f, 0xf8, 0x80,

    /* U+0624 "ؤ" */
    0x0, 0xff, 0xe4, 0x2f, 0x7f, 0x8, 0x7, 0xe1,
    0xa7, 0xb9, 0x0, 0xfe, 0x30, 0x84, 0x71, 0x0,
    0xfc, 0x43, 0xaa, 0xc6, 0x1, 0xf8, 0x88, 0x75,
    0x2c, 0x1, 0xf8, 0x56, 0x77, 0xd4, 0x3, 0xf1,
    0xcb, 0x10, 0x7, 0xff, 0x1, 0xa6, 0xc, 0x3,
    0xf1, 0xf4, 0xb3, 0xe4, 0x0, 0x78, 0x70, 0x40,
    0x33, 0xb0, 0x7, 0x30, 0x1, 0xbb, 0x4, 0x20,
    0x3, 0xb4, 0x1, 0x22, 0x70, 0x2, 0x40, 0x18,
    0xc0, 0xa, 0x0, 0x40, 0x3, 0x0, 0x6d, 0x0,
    0x55, 0xc5, 0x0, 0x4, 0x3, 0x23, 0x0, 0x11,
    0xdc, 0x0, 0x10, 0xe, 0x9b, 0x52, 0x0, 0xce,
    0x1, 0xe4, 0xad, 0xf7, 0x0, 0x18, 0x7, 0xf1,
    0xb8, 0x20, 0x7, 0xf1, 0xe8, 0x2, 0x0, 0x3e,
    0x29, 0xc1, 0x8, 0x30, 0x18, 0x99, 0x5f, 0x6b,
    0x0, 0x21, 0xc0, 0x6, 0xec, 0xc4, 0x10, 0x1,
    0xe3, 0x80, 0x78, 0x4d, 0x67, 0x70, 0xc0, 0x30,

    /* U+0625 "إ" */
    0x5, 0xff, 0x10, 0x7, 0xff, 0xfc, 0x3, 0xff,
    0xc6, 0xbf, 0xe2, 0x0, 0x47, 0xfa, 0xc1, 0x5e,
    0x6f, 0x0, 0x88, 0xc8, 0xe0, 0x85, 0x8, 0xc2,
    0xe4, 0xf7, 0x26, 0x66, 0x8c, 0xf2,

    /* U+0626 "ئ" */
    0x0, 0xff, 0xe6, 0x4f, 0xfa, 0x80, 0x3f, 0xf8,
    0x6c, 0xc9, 0xbc, 0x0, 0xff, 0xe1, 0xf1, 0xb2,
    0x30, 0x7, 0xff, 0xf, 0xe, 0x11, 0x80, 0x3f,
    0xf8, 0x62, 0x27, 0xb9, 0x10, 0xc, 0x44, 0x0,
    0xfc, 0x4f, 0x3b, 0xe2, 0x7, 0x7f, 0xba, 0xfb,
    0x30, 0xe, 0x79, 0x62, 0x0, 0x36, 0x20, 0x6,
    0x4c, 0x40, 0xf, 0xe1, 0x90, 0x19, 0xef, 0xb1,
    0x8, 0x0, 0xfe, 0x30, 0x4, 0x30, 0x82, 0x5b,
    0x28, 0x7, 0xf1, 0x0, 0x21, 0x40, 0x25, 0x99,
    0x0, 0x7f, 0xa0, 0x6, 0xbe, 0x4c, 0x3, 0x8d,
    0xdc, 0x1, 0xcf, 0x44, 0x0, 0x6c, 0xa0, 0xd,
    0xf1, 0x60, 0x1e, 0x5d, 0xc7, 0x20, 0x5a, 0x0,
    0x9, 0x85, 0x80, 0x7e, 0x38, 0xd5, 0x5, 0x20,
    0x30, 0x1, 0x80, 0x7f, 0xc6, 0x0, 0x10, 0x30,
    0x1, 0x80, 0x7f, 0x91, 0x80, 0x4c, 0x4, 0x82,
    0x4c, 0x3, 0xe4, 0xab, 0x0, 0x40, 0x5, 0x20,
    0x39, 0x88, 0x78, 0xad, 0xfb, 0x50, 0x4, 0xb0,
    0x4, 0x94, 0x0, 0x37, 0x87, 0x52, 0x0, 0x9b,
    0x58, 0x3, 0x97, 0x9c, 0x80, 0x2, 0x4b, 0x19,
    0xf2, 0x40, 0x18,

    /* U+0627 "ا" */
    0x5f, 0xf1, 0x0, 0x7f, 0xff, 0xc0, 0x38,

    /* U+0628 "ب" */
    0x0, 0xff, 0xe4, 0x1c, 0x40, 0x0, 0x70, 0xe0,
    0x1f, 0xfc, 0x47, 0x78, 0x83, 0x9f, 0x40, 0x3f,
    0xf8, 0x8e, 0x0, 0x11, 0x10, 0x60, 0x7, 0xff,
    0x11, 0x0, 0x2, 0x40, 0x2, 0x0, 0xff, 0xe1,
    0x8c, 0x80, 0x91, 0x0, 0x1a, 0x1, 0xff, 0xc2,
    0x2c, 0x10, 0x90, 0x13, 0x6, 0x91, 0x0, 0xfe,
    0x26, 0xbd, 0x20, 0x57, 0x0, 0x78, 0x1, 0xbb,
    0x25, 0xd9, 0xe2, 0xb3, 0xf6, 0x50, 0x1, 0x14,
    0x1, 0x1e, 0x98, 0x0, 0xda, 0x26, 0x1d, 0x4c,
    0x2, 0x28, 0xe7, 0x0, 0xe2, 0xcc, 0x3a, 0x8,
    0x4, 0x26, 0xaf, 0x5d, 0xae, 0x20, 0x1f, 0x8e,
    0x2f, 0xbf, 0xee, 0xca, 0x85, 0x10, 0xf, 0xfe,
    0xed, 0xfa, 0x80, 0x7f, 0xf8, 0x6f, 0xd4, 0x3,
    0xfe,

    /* U+0629 "ة" */
    0x0, 0xff, 0xe1, 0x4f, 0xb9, 0x7f, 0x0, 0x7f,
    0xf1, 0xa7, 0xdc, 0xbf, 0x80, 0x3f, 0xf8, 0xc5,
    0x7f, 0xd4, 0x80, 0x1c, 0x38, 0x80, 0x2b, 0x76,
    0x10, 0xa, 0x44, 0x15, 0xc8, 0x13, 0xc8, 0x0,
    0xa0, 0x75, 0x1b, 0x0, 0x3e, 0x0, 0x20, 0x40,
    0x9, 0xe4, 0x9, 0x84, 0x1, 0xc0, 0x19, 0x84,
    0x30, 0x40, 0x3f, 0x18, 0x7, 0x60, 0x6, 0x42,
    0xd, 0x5, 0x5, 0xa4, 0x5b, 0xb0, 0xb, 0x4,
    0x8, 0x2d, 0xd2, 0x1, 0x68, 0x81, 0x7b, 0x8,
    0xa, 0x56, 0x98, 0x0,

    /* U+062A "ت" */
    0x0, 0xff, 0xea, 0x37, 0xd0, 0x7f, 0x80, 0x3f,
    0xfa, 0x42, 0x88, 0x0, 0x1c, 0x38, 0x6, 0x6f,
    0xa0, 0xff, 0x0, 0x79, 0x6e, 0xc2, 0x1c, 0xfa,
    0x1, 0xff, 0xc4, 0x70, 0x1, 0x9, 0x6, 0x0,
    0x7f, 0xf1, 0x14, 0x0, 0x24, 0x0, 0x20, 0xf,
    0xfe, 0x25, 0x80, 0x8, 0x80, 0xd, 0x0, 0xff,
    0xe1, 0x16, 0x10, 0x38, 0x9, 0x83, 0x48, 0x80,
    0x7f, 0x13, 0x5e, 0x98, 0x24, 0x0, 0x3c, 0x0,
    0xdd, 0x92, 0xec, 0xf1, 0x59, 0xfb, 0x28, 0x0,
    0x7b, 0x0, 0x8f, 0x4c, 0x0, 0x6d, 0x13, 0xe,
    0xa6, 0x1, 0x13, 0xec, 0x0, 0x71, 0x66, 0x1d,
    0x4, 0x2, 0x13, 0x57, 0xae, 0xd8, 0x20, 0xc,

    /* U+062B "ث" */
    0x0, 0xff, 0x5f, 0xa8, 0x7, 0xff, 0x86, 0xfd,
    0x40, 0x3f, 0xfb, 0xed, 0xf4, 0x1f, 0xe0, 0xf,
    0xfe, 0x90, 0xa2, 0x0, 0x7, 0xe, 0x1, 0x9b,
    0xe8, 0x3f, 0xc0, 0x1e, 0x5b, 0xb0, 0x87, 0x3e,
    0x80, 0x7f, 0xf1, 0x1c, 0x0, 0x42, 0x41, 0x80,
    0x1f, 0xfc, 0x45, 0x0, 0x9, 0x0, 0x8, 0x3,
    0xff, 0x89, 0x60, 0x2, 0x20, 0x3, 0x40, 0x3f,
    0xf8, 0x45, 0x84, 0xe, 0x2, 0x60, 0xd2, 0x20,
    0x1f, 0xc4, 0xd7, 0xa6, 0x9, 0x0, 0xf, 0x0,
    0x37, 0x64, 0xbb, 0x3c, 0x56, 0x7e, 0xca, 0x0,
    0x1e, 0xc0, 0x23, 0xd3, 0x0, 0x1b, 0x44, 0xc3,
    0xa9, 0x80, 0x44, 0xfb, 0x0, 0x1c, 0x59, 0x87,
    0x41, 0x0, 0x84, 0xd5, 0xeb, 0xb6, 0x8, 0x3,
    0x0,

    /* U+062C "ج" */
    0x0, 0xc4, 0x89, 0x19, 0x8, 0x7, 0x9e, 0xfb,
    0xf6, 0xee, 0xcd, 0xef, 0xb2, 0x0, 0xa9, 0x4,
    0x3, 0xf9, 0x18, 0x2, 0x66, 0x56, 0x74, 0x90,
    0x4, 0x4a, 0xec, 0x1, 0x5c, 0xa9, 0xdc, 0x90,
    0xc7, 0x6d, 0x41, 0x0, 0x7a, 0xd4, 0x17, 0xdc,
    0x40, 0x3f, 0xa1, 0x1, 0xe8, 0x40, 0x3f, 0xc4,
    0xe0, 0xd0, 0x1, 0xff, 0xc0, 0xb0, 0x19, 0x0,
    0xff, 0xe0, 0xb8, 0x38, 0x7, 0xff, 0x4, 0x84,
    0x30, 0x3, 0x37, 0xd0, 0x7, 0x84, 0x0, 0x20,
    0x1f, 0xfc, 0x11, 0x0, 0xf9, 0xbe, 0x80, 0x3c,
    0x40, 0xd, 0x0, 0xff, 0xe1, 0x20, 0x31, 0x0,
    0x7f, 0xf0, 0x60, 0x1, 0xe4, 0x1, 0xfc, 0xa0,
    0x3, 0x70, 0x2d, 0xa5, 0x21, 0x1, 0x38, 0xea,
    0x0, 0xa2, 0x40, 0xb, 0x5b, 0xdf, 0xd8, 0xe2,
    0x1, 0xcd, 0xd0, 0x60, 0x1f, 0x2e, 0x0, 0x70,
    0xbe, 0x7e, 0xe5, 0xe6, 0xfd, 0x18, 0x0,

    /* U+062D "ح" */
    0x36, 0x9c, 0xdf, 0xfd, 0xd9, 0x4c, 0x20, 0x17,
    0x4b, 0x19, 0x0, 0x61, 0x35, 0x95, 0x0, 0xc2,
    0x8f, 0x32, 0x20, 0xe, 0x17, 0x0, 0xbb, 0x97,
    0x5, 0x24, 0x5, 0x19, 0xfc, 0x60, 0x11, 0x80,
    0x1a, 0xc0, 0x67, 0x5c, 0xc0, 0x3f, 0x1c, 0x81,
    0x7b, 0x0, 0x7f, 0xdc, 0x3, 0x82, 0x1, 0xff,
    0x31, 0x5, 0x8, 0x7, 0xff, 0x2, 0x80, 0xd0,
    0x3, 0xff, 0x80, 0x26, 0x16, 0x1, 0xff, 0xc1,
    0x30, 0x1, 0x0, 0x7f, 0xf0, 0x44, 0x0, 0x20,
    0x1f, 0xfc, 0x12, 0x0, 0x10, 0x7, 0xff, 0x4,
    0x44, 0x1a, 0x1, 0xff, 0xc2, 0x60, 0x45, 0x0,
    0xff, 0xe0, 0xc8, 0x85, 0x38, 0x7, 0xe2, 0xa0,
    0x0, 0xd0, 0x2, 0x3a, 0x99, 0x51, 0x63, 0x35,
    0x40, 0x24, 0xd3, 0x1, 0x59, 0xab, 0xa7, 0x30,
    0x10, 0xc, 0x59, 0x87, 0x42, 0x10, 0x1, 0x2c,
    0xf0, 0x0,

    /* U+062E "خ" */
    0x0, 0xff, 0xe5, 0x17, 0xf0, 0x7, 0xff, 0x4c,
    0xbf, 0x80, 0x3f, 0xf9, 0xc6, 0xd3, 0x9b, 0xff,
    0xbb, 0x29, 0x84, 0x2, 0xe9, 0x63, 0x20, 0xc,
    0x26, 0xb2, 0xa0, 0x18, 0x51, 0xe6, 0x44, 0x1,
    0xc2, 0xe0, 0x17, 0x72, 0xe0, 0xa4, 0x80, 0xa3,
    0x3f, 0x8c, 0x2, 0x30, 0x3, 0x58, 0xc, 0xeb,
    0x98, 0x7, 0xe3, 0x90, 0x2f, 0x60, 0xf, 0xfb,
    0x80, 0x70, 0x40, 0x3f, 0xe6, 0x20, 0xa1, 0x0,
    0xff, 0xe0, 0x50, 0x1a, 0x0, 0x7f, 0xf0, 0x4,
    0xc2, 0xc0, 0x3f, 0xf8, 0x26, 0x0, 0x20, 0xf,
    0xfe, 0x8, 0x80, 0x4, 0x3, 0xff, 0x82, 0x40,
    0x2, 0x0, 0xff, 0xe0, 0x88, 0x83, 0x40, 0x3f,
    0xf8, 0x4c, 0x8, 0xa0, 0x1f, 0xfc, 0x19, 0x10,
    0xa7, 0x0, 0xfc, 0x54, 0x0, 0x1a, 0x0, 0x47,
    0x53, 0x2a, 0x2c, 0x66, 0xa8, 0x4, 0x9a, 0x60,
    0x2b, 0x35, 0x74, 0xe6, 0x2, 0x1, 0x8b, 0x30,
    0xe8, 0x42, 0x0, 0x25, 0x9e, 0x0,

    /* U+062F "د" */
    0x0, 0x93, 0xfd, 0x80, 0x1e, 0x4c, 0x3, 0xc0,
    0xf, 0x1d, 0x1, 0xb8, 0x7, 0x95, 0x41, 0x2,
    0x1, 0xe9, 0x0, 0x30, 0x7, 0x8c, 0x82, 0xc0,
    0x3e, 0x10, 0x10, 0xf, 0x88, 0x4, 0x3, 0x86,
    0xc4, 0x2d, 0x32, 0x1e, 0xb9, 0x0, 0x5c, 0xd,
    0xe1, 0x40, 0x3, 0x80, 0xc8, 0x20, 0x29, 0x3c,
    0x40,

    /* U+0630 "ذ" */
    0x0, 0xa7, 0xe0, 0x3, 0xff, 0x8b, 0x3f, 0x0,
    0x1f, 0xfc, 0x52, 0x33, 0x8, 0x7, 0xdb, 0x9e,
    0x40, 0x1c, 0x58, 0x22, 0xf0, 0xf, 0x16, 0x81,
    0x48, 0x7, 0x8d, 0x81, 0x88, 0x3, 0xd6, 0x0,
    0xa0, 0xf, 0x11, 0x1, 0x0, 0x3e, 0x10, 0x10,
    0xf, 0x88, 0x4, 0x3, 0x86, 0xc4, 0x2d, 0x32,
    0x1e, 0xb9, 0x0, 0x5c, 0xd, 0xe1, 0x40, 0x3,
    0x80, 0xc8, 0x20, 0x29, 0x3c, 0x40,

    /* U+0631 "ر" */
    0x0, 0xff, 0x14, 0x40, 0x40, 0x3f, 0xc6, 0xee,
    0x60, 0xf, 0xf0, 0x90, 0x60, 0x7, 0xfc, 0xc0,
    0xe0, 0x1f, 0xf0, 0x80, 0x80, 0x7f, 0xc2, 0x2,
    0x1, 0xff, 0x28, 0x28, 0x7, 0xf9, 0x4, 0x30,
    0x3, 0xfd, 0x20, 0x4, 0x0, 0xfe, 0xb2, 0x7,
    0x10, 0xf, 0x8b, 0x10, 0xa, 0x40, 0x3c, 0x73,
    0xa6, 0x3, 0xe2, 0x3, 0x13, 0x7d, 0x8c, 0x0,
    0x5f, 0x20, 0x1, 0xbb, 0x20, 0x80, 0x17, 0x28,
    0x40, 0x38, 0x4d, 0xab, 0xe8, 0xc0, 0x38,

    /* U+0632 "ز" */
    0x0, 0xff, 0x3f, 0xc8, 0x7, 0xff, 0x35, 0xfe,
    0x40, 0x3f, 0xfb, 0x65, 0x10, 0x10, 0xf, 0xf1,
    0xbb, 0x98, 0x3, 0xfc, 0x24, 0x18, 0x1, 0xff,
    0x30, 0x38, 0x7, 0xfc, 0x20, 0x20, 0x1f, 0xf0,
    0x80, 0x80, 0x7f, 0xca, 0xa, 0x1, 0xfe, 0x41,
    0xc, 0x0, 0xff, 0x48, 0x1, 0x0, 0x3f, 0xac,
    0x81, 0xc4, 0x3, 0xe2, 0xc4, 0x2, 0x90, 0xf,
    0x1c, 0xe9, 0x80, 0xf8, 0x80, 0xc4, 0xdf, 0x63,
    0x0, 0x17, 0xc8, 0x0, 0x6e, 0xc8, 0x20, 0x5,
    0xca, 0x10, 0xe, 0x13, 0x6a, 0xfa, 0x30, 0xe,

    /* U+0633 "س" */
    0x0, 0xff, 0xe8, 0x2c, 0x30, 0x7, 0xff, 0x43,
    0xde, 0xc0, 0x3f, 0xf8, 0x2f, 0x8, 0x1, 0xcd,
    0xc, 0x1, 0xff, 0xc8, 0xc7, 0x80, 0xe, 0xa7,
    0xa0, 0xf, 0xfe, 0x46, 0x81, 0x80, 0x70, 0x80,
    0x80, 0x7f, 0xf2, 0x10, 0x0, 0xa0, 0x18, 0x80,
    0xc0, 0x30, 0x80, 0x43, 0xfe, 0x80, 0xf, 0xc4,
    0x0, 0xe0, 0x9, 0x0, 0x2, 0x80, 0x12, 0x83,
    0x3, 0x0, 0x24, 0x3, 0xf8, 0x41, 0x1c, 0x1,
    0x0, 0x15, 0x10, 0x30, 0x81, 0x85, 0x82, 0x8,
    0x7, 0xff, 0x2, 0x3b, 0xcc, 0x10, 0x7, 0x7a,
    0x40, 0x14, 0x6, 0x18, 0x1, 0xfe, 0x10, 0x8,
    0x40, 0x5, 0x64, 0x0, 0x10, 0x4, 0x91, 0x0,
    0x4, 0x1, 0xfc, 0x60, 0x7, 0x30, 0x2, 0x78,
    0x63, 0x8, 0x25, 0xb0, 0x8, 0x0, 0x40, 0x3f,
    0xa4, 0x1, 0x39, 0xfe, 0xb2, 0x1, 0x9e, 0xfb,
    0x40, 0x0, 0x80, 0x4, 0x3, 0xf2, 0x28, 0x18,
    0x80, 0x7f, 0xf0, 0x88, 0x1, 0xc0, 0x1f, 0x1d,
    0x80, 0x3c, 0x3, 0xff, 0x88, 0xa0, 0x96, 0x82,
    0x2, 0x93, 0x80, 0x7, 0x30, 0xf, 0xfe, 0x24,
    0x8, 0x25, 0xf7, 0xf5, 0xb0, 0x1, 0xe0, 0x3,
    0xff, 0x8a, 0x58, 0x80, 0x1f, 0x1e, 0x40, 0x7,
    0xff, 0x1c, 0xaf, 0x6a, 0x1d, 0xd3, 0xb8, 0x60,
    0x1f, 0xfc, 0x60,

    /* U+0634 "ش" */
    0x0, 0xff, 0xe2, 0x9f, 0xe8, 0x7, 0xff, 0xbc,
    0xff, 0x40, 0x3f, 0xfd, 0xdd, 0xe4, 0xff, 0x20,
    0x1f, 0xfe, 0xce, 0xf2, 0x7f, 0x90, 0xf, 0x1a,
    0xa0, 0x7, 0xff, 0x42, 0x6a, 0x40, 0x3f, 0xf8,
    0x2a, 0xc6, 0x1, 0xc8, 0xc8, 0x1, 0xff, 0xc8,
    0xe9, 0xf0, 0xe, 0x89, 0x80, 0xf, 0xfe, 0x46,
    0x1, 0x80, 0x70, 0x80, 0x80, 0x7f, 0x9, 0x8,
    0x7, 0xe5, 0x0, 0x28, 0x6, 0x20, 0x30, 0xc,
    0x20, 0x10, 0xf6, 0xb0, 0x7, 0xe2, 0x0, 0x70,
    0x4, 0x80, 0x1, 0x40, 0x9, 0x40, 0x42, 0x40,
    0xe, 0x1, 0xfc, 0x20, 0x8e, 0x0, 0x80, 0xa,
    0x88, 0x18, 0x41, 0x1, 0x41, 0x0, 0x3f, 0xf8,
    0x31, 0xde, 0x60, 0x80, 0x3b, 0xd2, 0x0, 0xa0,
    0x20, 0xc0, 0xf, 0xf0, 0x80, 0x42, 0x0, 0x2b,
    0x20, 0x0, 0x80, 0x24, 0x88, 0x0, 0x20, 0xf,
    0xe3, 0x0, 0x39, 0x80, 0x13, 0xc3, 0x18, 0x41,
    0x2d, 0x80, 0x40, 0x2, 0x1, 0xfd, 0x20, 0x9,
    0xcf, 0xf5, 0x90, 0xc, 0xf7, 0xda, 0x0, 0x4,
    0x0, 0x20, 0x1f, 0x91, 0x40, 0xc4, 0x3, 0xff,
    0x84, 0x40, 0xe, 0x0, 0xf8, 0xec, 0x1, 0xe0,
    0x1f, 0xfc, 0x45, 0x4, 0xb4, 0x10, 0x14, 0x9c,
    0x0, 0x39, 0x80, 0x7f, 0xf1, 0x20, 0x41, 0x2f,
    0xbf, 0xad, 0x80, 0xf, 0x0, 0x1f, 0xfc, 0x52,
    0xc4, 0x0, 0xf8, 0xf2, 0x0, 0x3f, 0xf8, 0xe5,
    0x7b, 0x50, 0xee, 0x9d, 0xc3, 0x0, 0xff, 0xe3,
    0x0,

    /* U+0635 "ص" */
    0x0, 0xff, 0xe5, 0x25, 0xf7, 0xf5, 0x28, 0x7,
    0xff, 0x28, 0xb2, 0xd0, 0x40, 0x56, 0xa8, 0x1,
    0xff, 0xc8, 0x5d, 0x30, 0x28, 0x98, 0x20, 0x55,
    0x0, 0x7f, 0xf0, 0x84, 0x2, 0x6a, 0x0, 0x4e,
    0xbb, 0x3e, 0x0, 0x3c, 0x3, 0xff, 0x83, 0xbc,
    0xe0, 0xb2, 0x5, 0xac, 0x1, 0x84, 0xc0, 0x40,
    0x17, 0x8c, 0x1, 0xf9, 0x2, 0x92, 0x80, 0xb0,
    0x80, 0x39, 0xcc, 0x8, 0x19, 0xd, 0x0, 0x3f,
    0x70, 0x15, 0x81, 0x60, 0x80, 0x64, 0xc8, 0x0,
    0x50, 0x68, 0x11, 0x0, 0x3f, 0x8, 0x6, 0x79,
    0x88, 0x4d, 0xf5, 0x98, 0x2, 0x4c, 0x10, 0x14,
    0x3, 0xf8, 0x40, 0x32, 0xbb, 0xcc, 0x82, 0x0,
    0x4c, 0x60, 0x10, 0x7, 0x0, 0x7f, 0x78, 0x2,
    0x4, 0x3, 0x85, 0x23, 0x6c, 0xc0, 0x4, 0x0,
    0x20, 0xf, 0xe3, 0x2, 0x7e, 0xff, 0xee, 0xb7,
    0x20, 0xc, 0x20, 0x1, 0x0, 0xfc, 0x28, 0xe,
    0x1, 0xff, 0xc3, 0x20, 0x6, 0x80, 0x7e, 0xb0,
    0x7, 0x80, 0x7f, 0xf1, 0x8, 0x1d, 0x0, 0x38,
    0xad, 0x40, 0x94, 0x3, 0xff, 0x89, 0x0, 0xb,
    0xda, 0x9a, 0xdd, 0x20, 0xf, 0x80, 0x7f, 0xf1,
    0x55, 0xc0, 0x4, 0xac, 0xa4, 0x0, 0x4c, 0x20,
    0xf, 0xfe, 0x34, 0x6b, 0x18, 0x80, 0x9, 0xb2,
    0xc8, 0x3, 0xff, 0x8a,

    /* U+0636 "ض" */
    0x0, 0xff, 0xe2, 0x4f, 0xb8, 0x7, 0xff, 0xbe,
    0x7d, 0xc0, 0x3f, 0xfa, 0xc9, 0x7d, 0xfd, 0x4a,
    0x1, 0xff, 0xca, 0x2c, 0xb4, 0x10, 0x15, 0xaa,
    0x0, 0x7f, 0xf2, 0x17, 0x4c, 0xa, 0x26, 0x8,
    0x15, 0x40, 0x1f, 0xfc, 0x21, 0x0, 0x9a, 0x80,
    0x13, 0xae, 0xcf, 0x80, 0xf, 0x0, 0xff, 0xe0,
    0xef, 0x38, 0x2c, 0x81, 0x6b, 0x0, 0x61, 0x30,
    0x10, 0x5, 0xe3, 0x0, 0x7e, 0x40, 0xa4, 0xa0,
    0x2c, 0x20, 0xe, 0x73, 0x2, 0x6, 0x43, 0x40,
    0xf, 0xdc, 0x5, 0x60, 0x58, 0x20, 0x19, 0x32,
    0x0, 0x14, 0x1a, 0x4, 0x40, 0xf, 0xc2, 0x1,
    0x9e, 0x62, 0x13, 0x7d, 0x66, 0x0, 0x93, 0x4,
    0x5, 0x0, 0xfe, 0x10, 0xc, 0xae, 0xf3, 0x20,
    0x80, 0x13, 0x18, 0x4, 0x1, 0xc0, 0x1f, 0xde,
    0x0, 0x81, 0x0, 0xe1, 0x48, 0xdb, 0x30, 0x1,
    0x0, 0x8, 0x3, 0xf8, 0xc0, 0x9f, 0xbf, 0xfb,
    0xad, 0xc8, 0x3, 0x8, 0x0, 0x40, 0x3f, 0xa,
    0x3, 0x80, 0x7f, 0xf0, 0xc8, 0x1, 0xa0, 0x1f,
    0xac, 0x1, 0xe0, 0x1f, 0xfc, 0x42, 0x7, 0x40,
    0xe, 0x2b, 0x50, 0x25, 0x0, 0xff, 0xe2, 0x40,
    0x2, 0xf6, 0xa6, 0xb7, 0x48, 0x3, 0xe0, 0x1f,
    0xfc, 0x55, 0x70, 0x1, 0x2b, 0x29, 0x0, 0x13,
    0x8, 0x3, 0xff, 0x8d, 0x1a, 0xc6, 0x20, 0x2,
    0x6c, 0xb2, 0x0, 0xff, 0xe2, 0x80,

    /* U+0637 "ط" */
    0x0, 0xf7, 0xfa, 0x0, 0x3f, 0xff, 0xe0, 0x1f,
    0xff, 0xf0, 0xf, 0xff, 0xf8, 0x7, 0xff, 0x80,
    0xeb, 0xbf, 0xad, 0x80, 0x3f, 0xf8, 0x65, 0x78,
    0xa2, 0x2, 0x93, 0xa2, 0x1, 0xff, 0xc0, 0x5d,
    0x40, 0x17, 0x98, 0x30, 0x28, 0x0, 0xff, 0x96,
    0x80, 0xd, 0xd0, 0xcf, 0x86, 0xe, 0x1, 0xfe,
    0x4a, 0x0, 0x4c, 0x80, 0x39, 0x40, 0x40, 0x3f,
    0x8a, 0x80, 0x18, 0xc0, 0x1c, 0x8c, 0x4, 0x1,
    0xfc, 0xa2, 0x16, 0x60, 0x18, 0xea, 0xc0, 0x14,
    0x0, 0x88, 0xe0, 0xc, 0x79, 0x10, 0x9b, 0xec,
    0x50, 0x2, 0xb8, 0x1, 0xdf, 0x80, 0x31, 0xbb,
    0xcc, 0x82, 0x0, 0x2a, 0xa0, 0x7, 0xff, 0x14,
    0x4d, 0xaf, 0x54, 0x2,

    /* U+0638 "ظ" */
    0x0, 0xf7, 0xfa, 0x0, 0x3f, 0xff, 0xe0, 0x1f,
    0xff, 0xf0, 0xf, 0xfe, 0x4d, 0x7b, 0x0, 0x7f,
    0xf8, 0x6b, 0xd8, 0x3, 0xff, 0xc6, 0x75, 0xdf,
    0xd6, 0xc0, 0x1f, 0xfc, 0x32, 0xbc, 0x51, 0x1,
    0x49, 0xd1, 0x0, 0xff, 0xe0, 0x2e, 0xa0, 0xb,
    0xcc, 0x18, 0x14, 0x0, 0x7f, 0xcb, 0x40, 0x6,
    0xe8, 0x67, 0xc3, 0x7, 0x0, 0xff, 0x25, 0x0,
    0x26, 0x40, 0x1c, 0xa0, 0x20, 0x1f, 0xc5, 0x40,
    0xc, 0x60, 0xe, 0x46, 0x2, 0x0, 0xfe, 0x51,
    0xb, 0x30, 0xc, 0x75, 0x60, 0xa, 0x0, 0x44,
    0x70, 0x6, 0x3c, 0x88, 0x4d, 0xf6, 0x28, 0x1,
    0x5c, 0x0, 0xef, 0xc0, 0x18, 0xdd, 0xe6, 0x41,
    0x0, 0x15, 0x50, 0x3, 0xff, 0x8a, 0x26, 0xd7,
    0xaa, 0x1, 0x0,

    /* U+0639 "ع" */
    0x0, 0xf8, 0x90, 0xc0, 0x3f, 0xc5, 0x5f, 0xb7,
    0xe0, 0x1f, 0xcb, 0xaa, 0x1, 0xff, 0xc0, 0x4a,
    0x1, 0x8c, 0xec, 0x0, 0xfd, 0x0, 0x7c, 0xe6,
    0x20, 0x1f, 0xc6, 0x12, 0x1, 0xff, 0xc0, 0x20,
    0xf, 0x92, 0x2e, 0xc0, 0x18, 0x84, 0x2d, 0x99,
    0x5f, 0x6e, 0x8a, 0x1, 0xd6, 0x3, 0x32, 0x50,
    0x8, 0x9c, 0x3, 0x96, 0xc0, 0x32, 0x57, 0x6c,
    0x80, 0x72, 0xd8, 0x1, 0x36, 0xd4, 0x40, 0x3c,
    0x94, 0x0, 0xab, 0x20, 0xf, 0xe9, 0x0, 0x62,
    0x80, 0x7f, 0x8c, 0x81, 0xcc, 0x3, 0xfe, 0x60,
    0x5, 0x80, 0x7f, 0xf0, 0xc, 0x0, 0x40, 0x1f,
    0xfc, 0x2, 0x0, 0x10, 0x7, 0xff, 0x1, 0x40,
    0x12, 0x1, 0xff, 0xc0, 0x15, 0x5, 0xa1, 0x0,
    0xfc, 0xca, 0x16, 0x40, 0xbd, 0x6e, 0xa8, 0x86,
    0xaf, 0x92, 0x1, 0xd5, 0x0, 0x24, 0x55, 0xda,
    0x54, 0x0, 0x40, 0x15, 0x74, 0x29, 0x8, 0x0,
    0x4d, 0xf5, 0x40,

    /* U+063A "غ" */
    0x0, 0xff, 0xe4, 0x77, 0x90, 0x7, 0xff, 0x47,
    0xbc, 0x80, 0x3f, 0xf8, 0x84, 0x86, 0x1, 0xfe,
    0x2a, 0xfd, 0xbf, 0x0, 0xfe, 0x5d, 0x50, 0xf,
    0xfe, 0x2, 0x50, 0xc, 0x67, 0x60, 0x7, 0xe8,
    0x3, 0xe7, 0x31, 0x0, 0xfe, 0x30, 0x90, 0xf,
    0xfe, 0x1, 0x0, 0x7c, 0x91, 0x76, 0x0, 0xc4,
    0x21, 0x6c, 0xca, 0xfb, 0x74, 0x50, 0xe, 0xb0,
    0x19, 0x92, 0x80, 0x44, 0xe0, 0x1c, 0xb6, 0x1,
    0x92, 0xbb, 0x64, 0x3, 0x96, 0xc0, 0x9, 0xb6,
    0xa2, 0x1, 0xe4, 0xa0, 0x5, 0x59, 0x0, 0x7f,
    0x48, 0x3, 0x14, 0x3, 0xfc, 0x64, 0xe, 0x60,
    0x1f, 0xf3, 0x0, 0x2c, 0x3, 0xff, 0x80, 0x60,
    0x2, 0x0, 0xff, 0xe0, 0x10, 0x0, 0x80, 0x3f,
    0xf8, 0xa, 0x0, 0x90, 0xf, 0xfe, 0x0, 0xa8,
    0x2d, 0x8, 0x7, 0xe6, 0x50, 0xb2, 0x5, 0xeb,
    0x75, 0x44, 0x35, 0x7c, 0x90, 0xe, 0xa8, 0x1,
    0x22, 0xae, 0xd2, 0xa0, 0x2, 0x0, 0xab, 0xa1,
    0x48, 0x40, 0x2, 0x6f, 0xaa,

    /* U+0640 "ـ" */
    0x28, 0x8f, 0xc6, 0xce, 0xff, 0x90, 0x3, 0xfc,

    /* U+0641 "ف" */
    0x0, 0xff, 0xe4, 0x8, 0x7, 0xff, 0x30, 0xbb,
    0x80, 0x1f, 0xfe, 0x52, 0xfe, 0x0, 0xff, 0xf2,
    0xa4, 0x4b, 0x0, 0x7f, 0xf2, 0x6, 0xec, 0xed,
    0x3a, 0x20, 0x1f, 0xfc, 0x6a, 0x40, 0xc, 0x5a,
    0x1, 0xff, 0xc5, 0x14, 0x2, 0xde, 0x40, 0x35,
    0x0, 0xff, 0xe2, 0x28, 0x2, 0xc8, 0x68, 0x1,
    0x80, 0x1f, 0xfc, 0xd3, 0x4, 0x99, 0x0, 0x7f,
    0xf0, 0x14, 0x1, 0xa, 0x76, 0x1, 0xa5, 0x8c,
    0x3, 0xff, 0x80, 0x30, 0x3, 0x58, 0xa0, 0x2,
    0x12, 0xc, 0x0, 0xff, 0xe0, 0xbd, 0x18, 0x1,
    0x48, 0x38, 0x80, 0x4, 0x1, 0xff, 0xc2, 0x5c,
    0xff, 0x61, 0x2, 0x10, 0x3, 0x80, 0x3f, 0xf8,
    0x83, 0x32, 0x4, 0x21, 0x30, 0x5b, 0x20, 0xf,
    0xfe, 0x2, 0x4f, 0x30, 0xd, 0x0, 0x38, 0x41,
    0x37, 0x55, 0xe, 0xfa, 0x26, 0xf7, 0xed, 0x80,
    0x9, 0xe2, 0x0, 0x2f, 0x40, 0x1, 0x2b, 0xc4,
    0x67, 0x64, 0x20, 0x0, 0xae, 0x58, 0x80, 0x61,
    0xbd, 0x84, 0x21, 0x0, 0x84, 0x88, 0x8f, 0x59,
    0xd4, 0x60, 0x18,

    /* U+0642 "ق" */
    0x0, 0xff, 0x37, 0xd0, 0x7f, 0x84, 0x3, 0xff,
    0xa6, 0xdd, 0x41, 0xfc, 0x20, 0x1f, 0xfc, 0x11,
    0x0, 0x84, 0x3, 0xff, 0x86, 0xb3, 0x25, 0x0,
    0xff, 0xe0, 0x96, 0xd3, 0x32, 0xa8, 0x1, 0xff,
    0xc0, 0xf2, 0x0, 0xca, 0xe0, 0x1f, 0xe4, 0x20,
    0x3e, 0xd2, 0x9, 0x0, 0xff, 0x10, 0x3, 0xc4,
    0xa4, 0x5, 0x0, 0x3f, 0x84, 0x3, 0x9c, 0x0,
    0x60, 0x1f, 0xc6, 0x0, 0x81, 0x9, 0x0, 0x70,
    0x7, 0xf2, 0x18, 0x27, 0x7a, 0x80, 0x68, 0xec,
    0x0, 0xf6, 0xb0, 0x4, 0x84, 0x2, 0xc, 0x28,
    0x1, 0xe1, 0x9f, 0xde, 0xb3, 0xf, 0x21, 0xb,
    0x0, 0xfe, 0x21, 0x18, 0xd, 0xc0, 0x6, 0x1,
    0xff, 0x30, 0x1, 0x8, 0x4, 0x3, 0xfe, 0x19,
    0x5, 0xf, 0x1, 0x0, 0xff, 0xa8, 0x42, 0x3,
    0xc0, 0x2, 0x1, 0xfd, 0x48, 0x10, 0x40, 0x60,
    0x6, 0x0, 0xf8, 0x71, 0x41, 0x5c, 0x0, 0x82,
    0x10, 0x60, 0x18, 0x63, 0x8c, 0x16, 0x80, 0x35,
    0x80, 0x32, 0xea, 0xf7, 0x9c, 0x0, 0xd4, 0x1,
    0xcb, 0x0, 0x4, 0x54, 0x20, 0x1, 0x5c, 0x80,
    0x7c, 0xf6, 0x82, 0x2, 0x6d, 0x7a, 0x80, 0x1e,

    /* U+0643 "ك" */
    0x0, 0xff, 0xe2, 0x27, 0xf8, 0xc0, 0x3f, 0xff,
    0xe0, 0x1f, 0xfc, 0x24, 0xad, 0x50, 0xf, 0xfe,
    0x19, 0xde, 0xf2, 0x80, 0x7f, 0xf0, 0xd4, 0x9c,
    0xc0, 0x3f, 0xf8, 0x8e, 0x1d, 0x40, 0x1f, 0xfc,
    0x41, 0xdd, 0x3a, 0x80, 0x7f, 0xf0, 0x84, 0x5,
    0x49, 0x80, 0x3f, 0xf8, 0x57, 0xfd, 0x10, 0x30,
    0xf, 0xfe, 0x15, 0x6e, 0xb9, 0xc0, 0x3f, 0xf8,
    0x84, 0x40, 0xf, 0x8, 0x0, 0x40, 0x3f, 0xf8,
    0x84, 0x0, 0x30, 0xdf, 0x90, 0xf, 0xfe, 0x6,
    0x0, 0x88, 0x8, 0x3, 0xff, 0x82, 0xc8, 0x8,
    0x0, 0x10, 0x64, 0x0, 0xfc, 0x55, 0x20, 0x8,
    0x0, 0x40, 0x2, 0xf6, 0x59, 0x56, 0x8c, 0xd5,
    0x0, 0x51, 0x0, 0x1a, 0x40, 0x4, 0xd3, 0x55,
    0x39, 0x80, 0xb, 0x14, 0x3, 0x37, 0x4a, 0x10,
    0x4, 0x24, 0x6d, 0x7a, 0x60, 0x10,

    /* U+0644 "ل" */
    0x0, 0xff, 0xe1, 0x5f, 0xe8, 0x7, 0xff, 0xfc,
    0x3, 0xff, 0xfe, 0x1, 0xff, 0xff, 0x0, 0xff,
    0xf1, 0x8, 0x2f, 0xf8, 0x80, 0x3f, 0x98, 0x1c,
    0x24, 0x10, 0x80, 0x3f, 0x9, 0x1, 0x1, 0x81,
    0x80, 0x7f, 0x38, 0x3, 0xc0, 0x3f, 0xf8, 0x3,
    0x0, 0x7, 0x2, 0x5, 0x0, 0xf8, 0xf0, 0x41,
    0x84, 0x28, 0xb, 0x54, 0x0, 0x4b, 0x78, 0x40,
    0x72, 0x0, 0x74, 0x2, 0xaf, 0xf6, 0xd2, 0x0,
    0x1b, 0x0, 0x35, 0xc0, 0x80, 0x70, 0xb6, 0xc8,
    0x7, 0x9f, 0xae, 0x65, 0x5b, 0xd2, 0x40, 0x18,

    /* U+0645 "م" */
    0x0, 0xfa, 0x3b, 0xf1, 0x80, 0x3f, 0xb1, 0xc4,
    0xe, 0x6c, 0x3, 0xea, 0x30, 0x1, 0x0, 0x12,
    0x40, 0x38, 0x94, 0xb, 0xf7, 0x88, 0x18, 0x3,
    0x9c, 0x1, 0x0, 0x1, 0xa0, 0x1, 0x80, 0x62,
    0x0, 0x30, 0x7, 0x9c, 0x0, 0xdf, 0x0, 0x9,
    0x41, 0x14, 0x80, 0x18, 0x12, 0x40, 0x32, 0xdf,
    0x70, 0x41, 0x8, 0x20, 0x0, 0xd6, 0xa0, 0x1c,
    0xd6, 0x0, 0x30, 0x39, 0x4a, 0xfb, 0x9a, 0xe9,
    0x0, 0x8, 0x1, 0x80, 0x32, 0x32, 0x88, 0x7,
    0xff, 0xfc, 0x3, 0xff, 0x8c,

    /* U+0646 "ن" */
    0x0, 0xff, 0xe5, 0x17, 0xf0, 0x7, 0xff, 0x8,
    0xcc, 0x80, 0x1f, 0xfc, 0x21, 0xca, 0x0, 0xc7,
    0x32, 0x20, 0xf, 0xfe, 0x9, 0xb3, 0x2c, 0x3,
    0xff, 0x84, 0xa0, 0xc0, 0x1f, 0xfc, 0x2f, 0x0,
    0x1c, 0x7f, 0x80, 0x3f, 0xce, 0x0, 0x54, 0x3,
    0x0, 0xff, 0x18, 0x0, 0x48, 0x18, 0x3, 0xff,
    0x84, 0x20, 0x40, 0x1f, 0xe5, 0x0, 0x8, 0x7,
    0xff, 0x7, 0x0, 0x8, 0x20, 0x40, 0x1f, 0xe6,
    0x2, 0x22, 0x2, 0x88, 0x7, 0xea, 0x10, 0xb0,
    0xe0, 0x6, 0x18, 0x7, 0xd, 0xa8, 0x1b, 0x2,
    0x30, 0x16, 0x6d, 0x4c, 0xb3, 0x90, 0xb, 0x40,
    0x29, 0x70, 0x1, 0x2b, 0x30, 0xc0, 0xb, 0x82,
    0x1, 0xa3, 0xa1, 0x4, 0x0, 0x6f, 0xb4, 0x20,
    0x10,

    /* U+0647 "ه" */
    0x0, 0x15, 0xff, 0x52, 0x0, 0x70, 0xe2, 0x0,
    0xad, 0xd8, 0x40, 0x29, 0x10, 0x57, 0x20, 0x4f,
    0x20, 0x2, 0x81, 0xd4, 0x6c, 0x0, 0xf8, 0x0,
    0x81, 0x0, 0x27, 0x90, 0x26, 0x10, 0x7, 0x0,
    0x66, 0x10, 0xc1, 0x0, 0xfc, 0x60, 0x1d, 0x80,
    0x19, 0x8, 0x34, 0x14, 0x16, 0x91, 0x6e, 0xc0,
    0x2c, 0x10, 0x20, 0xb7, 0x48, 0x5, 0xa2, 0x5,
    0xec, 0x20, 0x29, 0x5a, 0x60,

    /* U+0648 "و" */
    0x0, 0xf9, 0xa6, 0xc, 0x3, 0xf1, 0xf4, 0xb3,
    0xe4, 0x0, 0x78, 0x70, 0x40, 0x33, 0xb0, 0x7,
    0x30, 0x1, 0xbb, 0x4, 0x20, 0x3, 0xb4, 0x1,
    0x22, 0x70, 0x2, 0x40, 0x18, 0xc0, 0xa, 0x0,
    0x40, 0x3, 0x0, 0x6d, 0x0, 0x55, 0xc5, 0x0,
    0x4, 0x3, 0x23, 0x0, 0x11, 0xdc, 0x0, 0x10,
    0xe, 0x9b, 0x52, 0x0, 0xce, 0x1, 0xe4, 0xad,
    0xf7, 0x0, 0x18, 0x7, 0xf1, 0xb8, 0x20, 0x7,
    0xf1, 0xe8, 0x2, 0x0, 0x3e, 0x29, 0xc1, 0x8,
    0x30, 0x18, 0x99, 0x5f, 0x6b, 0x0, 0x21, 0xc0,
    0x6, 0xec, 0xc4, 0x10, 0x1, 0xe3, 0x80, 0x78,
    0x4d, 0x67, 0x70, 0xc0, 0x30,

    /* U+0649 "ى" */
    0x0, 0xff, 0xe0, 0x91, 0x0, 0x3f, 0xf8, 0x67,
    0x7f, 0xba, 0xfb, 0x30, 0xf, 0xf9, 0xb1, 0x0,
    0x32, 0x62, 0x0, 0x7f, 0xc, 0x80, 0xcf, 0x7d,
    0x88, 0x40, 0x7, 0xf1, 0x80, 0x21, 0x84, 0x12,
    0xd9, 0x40, 0x3f, 0x88, 0x1, 0xa, 0x1, 0x2c,
    0xc8, 0x3, 0xfd, 0x0, 0x35, 0xf2, 0x60, 0x1c,
    0x6e, 0xe0, 0xe, 0x7a, 0x20, 0x3, 0x65, 0x0,
    0x6f, 0x8b, 0x0, 0xf2, 0xee, 0x39, 0x2, 0xd0,
    0x0, 0x4c, 0x2c, 0x3, 0xf1, 0xc6, 0xa8, 0x29,
    0x1, 0x80, 0xc, 0x3, 0xfe, 0x30, 0x0, 0x81,
    0x80, 0xc, 0x3, 0xfc, 0x8c, 0x2, 0x60, 0x24,
    0x12, 0x60, 0x1f, 0x25, 0x58, 0x2, 0x0, 0x29,
    0x1, 0xcc, 0x43, 0xc5, 0x6f, 0xda, 0x80, 0x25,
    0x80, 0x24, 0xa0, 0x1, 0xbc, 0x3a, 0x90, 0x4,
    0xda, 0xc0, 0x1c, 0xbc, 0xe4, 0x0, 0x12, 0x58,
    0xcf, 0x92, 0x0, 0xc0,

    /* U+064A "ي" */
    0x0, 0xff, 0xe0, 0x91, 0x0, 0x3f, 0xf8, 0x67,
    0x7f, 0xba, 0xfb, 0x30, 0xf, 0xf9, 0xb1, 0x0,
    0x32, 0x62, 0x0, 0x7f, 0xc, 0x80, 0xd7, 0x7d,
    0x88, 0x40, 0x7, 0xf1, 0x80, 0x21, 0x44, 0x12,
    0x99, 0x40, 0x3f, 0x88, 0x1, 0xc, 0x1, 0x24,
    0xc8, 0x3, 0xfd, 0x20, 0x33, 0xf4, 0x60, 0x1c,
    0x91, 0x0, 0xe, 0x6b, 0x30, 0x2, 0xe5, 0x88,
    0x5, 0xe, 0x60, 0x1e, 0x4c, 0xd8, 0x20, 0x4a,
    0x0, 0x9, 0x86, 0x80, 0x7e, 0x27, 0xd5, 0x4,
    0x20, 0x30, 0x1, 0x0, 0x7f, 0xc6, 0x0, 0x10,
    0x30, 0x1, 0x80, 0x7f, 0x95, 0x80, 0x4c, 0x4,
    0xc2, 0x4c, 0x3, 0xe4, 0xba, 0x0, 0x50, 0x5,
    0xe0, 0x39, 0x89, 0x79, 0xbd, 0xfb, 0x40, 0x1b,
    0x40, 0x8, 0xf0, 0x80, 0xda, 0x19, 0x8, 0x0,
    0x53, 0xc8, 0x1, 0xc7, 0xb4, 0xa6, 0x46, 0xaf,
    0x5d, 0xac, 0x1, 0xfc, 0xb5, 0xba, 0xca, 0x95,
    0x10, 0xf, 0xfe, 0x1, 0x77, 0x3, 0x39, 0x40,
    0x3f, 0xfa, 0x0,

    /* U+064B "ً" */
    0x0, 0xff, 0x85, 0x63, 0x3d, 0xab, 0xb9, 0x4e,
    0xf4, 0xbb, 0xa7, 0x7e, 0xe3, 0xb6, 0x58, 0x91,
    0xec, 0xda, 0x77, 0xee, 0x1f, 0x65, 0xdd, 0x19,
    0xf9, 0x5d, 0xca, 0x73, 0x0, 0x0,

    /* U+064C "ٌ" */
    0x0, 0xa3, 0xf9, 0x40, 0x22, 0x74, 0x2a, 0x0,
    0x84, 0x36, 0x40, 0x8c, 0xc, 0xd3, 0x61, 0x58,
    0x81, 0x8e, 0x20, 0xe4, 0x60, 0x3, 0x1e, 0xfa,
    0x89, 0xd4, 0xa1, 0x7, 0x56, 0x1c, 0x40, 0x0,

    /* U+064D "ٍ" */
    0x0, 0xc2, 0x91, 0x64, 0xd5, 0xbd, 0x6e, 0xed,
    0x97, 0x74, 0xe7, 0xe5, 0xf6, 0xd3, 0x19, 0x9d,
    0xd, 0x67, 0x3f, 0x23, 0xb6, 0x9d, 0xd1, 0x7e,
    0xf5, 0xbd, 0x6e, 0x80,

    /* U+064E "َ" */
    0x0, 0xe4, 0x7b, 0x26, 0x9d, 0xfb, 0x87, 0xd9,
    0x77, 0x46, 0x7e, 0x57, 0x72, 0x9c, 0xc0, 0x0,

    /* U+064F "ُ" */
    0x0, 0xa3, 0xf9, 0x40, 0x22, 0x74, 0x2a, 0x0,
    0x84, 0x36, 0x40, 0x80, 0x6, 0x69, 0xb0, 0xa0,
    0xb, 0xc, 0x41, 0xc0, 0x3, 0x46, 0x9f, 0xe8,
    0xbe, 0x58, 0xb0, 0x3, 0xba, 0x39, 0xc0, 0x20,

    /* U+0650 "ِ" */
    0x0, 0xf0, 0xa8, 0x0, 0xde, 0xbb, 0x95, 0x9f,
    0x90, 0xee, 0x9d, 0x78, 0xbf, 0xd9, 0x62,

    /* U+0651 "ّ" */
    0x0, 0xf8, 0xa0, 0x40, 0x32, 0xa8, 0x0, 0xe4,
    0x3c, 0x61, 0xde, 0x1, 0x8c, 0x44, 0x0, 0x10,
    0x9, 0xc4, 0x2, 0x74, 0x14, 0x6, 0x0, 0x8,
    0x18, 0xfc, 0x89, 0x10, 0x3b, 0x4a, 0x80, 0xb4,
    0x6, 0x4c, 0x7d, 0x3b, 0x4c, 0x0,

    /* U+0652 "ْ" */
    0x0, 0x2c, 0xc9, 0x40, 0x2b, 0xa6, 0x65, 0x50,
    0x19, 0x17, 0xb8, 0x8a, 0xad, 0xa, 0x11, 0x50,
    0x78, 0x7, 0x8, 0x0, 0xc1, 0x80, 0xe, 0x1b,
    0x23, 0x39, 0x88, 0x27, 0x1c, 0x53, 0x32, 0xe0,
    0x0,

    /* U+0660 "٠" */
    0x66, 0x82, 0x66, 0x0, 0xfe,

    /* U+0661 "١" */
    0xf, 0xf5, 0x0, 0x66, 0x5, 0x10, 0xa, 0x80,
    0xe, 0x1, 0x19, 0x6, 0x80, 0x65, 0x4, 0x0,
    0xd6, 0x0, 0x40, 0x8, 0xc0, 0x18, 0x1, 0x90,
    0x10, 0x3, 0x18, 0x18, 0x6, 0xd0, 0x1, 0x80,
    0x4c, 0x0, 0x60, 0x8, 0x80, 0x6, 0x1, 0x8,
    0x0, 0x40, 0x3d, 0xe0, 0x1f, 0xf0, 0x80, 0x7e,
    0x10, 0xf, 0x80,

    /* U+0662 "٢" */
    0xaf, 0xf0, 0x80, 0x7b, 0x3e, 0xf8, 0x0, 0xc0,
    0x1e, 0x30, 0x24, 0x10, 0xa0, 0xe, 0x40, 0x6,
    0x3, 0x1, 0x50, 0x6, 0x80, 0x2, 0x85, 0x80,
    0x17, 0xa5, 0xf0, 0xc1, 0xc0, 0x6, 0x20, 0x1,
    0x68, 0x30, 0x38, 0x0, 0x90, 0x5, 0x88, 0xa,
    0x30, 0x3, 0x60, 0xc, 0x6f, 0xeb, 0x80, 0x72,
    0x80, 0x14, 0x3, 0xf8, 0xc0, 0x6, 0x1, 0xfe,
    0x10, 0xd0, 0xf, 0xf1, 0x0, 0x80, 0x7f, 0x9c,
    0x1c, 0x3, 0xfc, 0x20, 0x20, 0x1f, 0xfc, 0xb3,
    0x0, 0xff, 0xe1, 0x18, 0x7, 0xff, 0x20,

    /* U+0663 "٣" */
    0xcf, 0xe0, 0xb, 0xfc, 0xe0, 0x7f, 0xe3, 0x90,
    0x14, 0x0, 0xff, 0x28, 0x3, 0x80, 0x37, 0x83,
    0x80, 0x4, 0x14, 0x14, 0x98, 0x0, 0x61, 0x80,
    0x3, 0xe, 0x0, 0x6c, 0x80, 0x13, 0xdc, 0x4,
    0x40, 0x80, 0x1c, 0x20, 0x1a, 0xc0, 0x24, 0x0,
    0x35, 0xf4, 0xbc, 0xea, 0x80, 0x58, 0x0, 0x94,
    0x6, 0x86, 0x20, 0xc, 0x60, 0x3, 0x0, 0xff,
    0x28, 0x1, 0x40, 0x3f, 0xc2, 0x0, 0xe0, 0xf,
    0xf8, 0x40, 0x80, 0x3f, 0xe2, 0x1, 0x0, 0xff,
    0xe6, 0xb8, 0x38, 0x7, 0xfc, 0x20, 0x1f, 0xfd,
    0xa0,

    /* U+0664 "٤" */
    0x0, 0xfc, 0x40, 0x1f, 0x35, 0xfe, 0x80, 0x72,
    0x6c, 0xa0, 0x7, 0x96, 0xc8, 0xe, 0x74, 0x2,
    0x1a, 0x2, 0xcc, 0x31, 0x0, 0x48, 0x0, 0xe3,
    0x0, 0xf3, 0x0, 0x2c, 0x3, 0xe3, 0x70, 0x7d,
    0x62, 0x0, 0xe8, 0x70, 0x29, 0x50, 0xe, 0xa7,
    0x0, 0xfd, 0x2a, 0x2, 0xfa, 0xe0, 0x11, 0x30,
    0x27, 0xc1, 0x0, 0x65, 0x0, 0x50, 0x80, 0x7b,
    0x80, 0x44, 0x1, 0xf0, 0x80, 0x88, 0x3, 0xec,
    0x0, 0x40, 0x7, 0x2c, 0xa1, 0x83, 0x64, 0x4e,
    0x7d, 0x28, 0x69, 0x1, 0xbb, 0x18, 0x1, 0xc0,
    0x71, 0x84, 0x4, 0xda, 0xec,

    /* U+0665 "٥" */
    0x0, 0xc7, 0x9f, 0x86, 0x1, 0xf1, 0x61, 0x81,
    0xe1, 0x80, 0x7b, 0xc0, 0xa, 0x0, 0xe0, 0xe,
    0x62, 0x9, 0xa9, 0x2, 0x60, 0xd, 0x60, 0x4c,
    0xc, 0x61, 0x60, 0x11, 0x90, 0x58, 0x5, 0x20,
    0x46, 0x0, 0xb0, 0x3, 0x0, 0x4a, 0x0, 0xb0,
    0x2, 0x2, 0x0, 0x72, 0x2, 0x80, 0xc, 0xc,
    0x3, 0x8c, 0x8, 0x4, 0x1, 0xa0, 0x1d, 0xa0,
    0x2, 0x30, 0xf, 0xc2, 0x1, 0x18, 0x7, 0xe1,
    0x0, 0x84, 0x0, 0x40, 0x1c, 0x40, 0x3, 0x1,
    0xb, 0x0, 0xec, 0x0, 0x8, 0x20, 0x1a, 0x0,
    0x46, 0x80, 0x80, 0xe, 0x0, 0x5d, 0xaa, 0xf0,
    0x1, 0xc0, 0x4, 0x70, 0x2, 0x2a, 0x0, 0x19,
    0x40, 0x28, 0xb4, 0x10, 0x14, 0xa9, 0x0, 0x0,

    /* U+0666 "٦" */
    0x86, 0x31, 0x0, 0x9, 0x23, 0xa8, 0x1, 0x67,
    0x3b, 0xfd, 0xdb, 0x71, 0x80, 0x6, 0x0, 0xfe,
    0x30, 0x5, 0xf5, 0xd4, 0x42, 0xb0, 0x80, 0x38,
    0x51, 0x5d, 0xca, 0x62, 0x2, 0x1, 0xff, 0xc0,
    0x70, 0xf, 0xf3, 0x0, 0x80, 0x7f, 0x8c, 0x8,
    0x3, 0xfc, 0x20, 0x1f, 0xfc, 0xe, 0x0, 0x10,
    0x7, 0xf1, 0x0, 0x18, 0x3, 0xf9, 0x80, 0x4,
    0x1, 0xfc, 0x40, 0xf, 0x0, 0xff, 0x10, 0x28,
    0x7, 0xf9, 0xc0, 0xc0, 0x3f, 0xd8, 0x0, 0x30,
    0xf, 0xe5, 0x0, 0x20, 0x7, 0xf1, 0x80, 0x30,

    /* U+0667 "٧" */
    0xe, 0xfb, 0x0, 0xfa, 0xbf, 0x80, 0x12, 0x8,
    0x40, 0x1c, 0x4a, 0x12, 0x0, 0x70, 0x5, 0x80,
    0x75, 0x80, 0x1c, 0x2, 0x60, 0x61, 0x0, 0xcc,
    0xc, 0x1, 0xa8, 0x0, 0xc0, 0x13, 0x0, 0x2c,
    0x3, 0x19, 0x5, 0x80, 0x54, 0x4, 0x40, 0xe,
    0x50, 0x32, 0x1, 0x30, 0xa0, 0xf, 0x50, 0x1,
    0x41, 0x80, 0xa, 0x1, 0xe2, 0x20, 0x50, 0x58,
    0x11, 0x0, 0x3e, 0x50, 0x23, 0x30, 0x28, 0x7,
    0xeb, 0x0, 0x40, 0x3, 0x0, 0x3f, 0x18, 0x82,
    0x0, 0x10, 0x3, 0xf9, 0x0, 0x23, 0x0, 0xff,
    0x60, 0x4, 0x80, 0x1f, 0xe5, 0x0, 0xb4, 0x3,
    0xfc, 0x60, 0x13, 0x80, 0x7f, 0xc4, 0x0, 0x20,
    0xf, 0xf8, 0x40, 0x80, 0x3c,

    /* U+0668 "٨" */
    0x0, 0xf6, 0x7e, 0x80, 0x7f, 0xf0, 0x4, 0x8,
    0x3, 0xff, 0x80, 0x40, 0x2, 0x0, 0xff, 0x18,
    0x4, 0xe0, 0x1f, 0xe5, 0x0, 0xb4, 0x3, 0xfd,
    0x80, 0x12, 0x0, 0x7f, 0x90, 0x2, 0x30, 0xf,
    0xe3, 0x10, 0x40, 0x2, 0x0, 0x7e, 0xb0, 0x4,
    0x0, 0x30, 0x3, 0xf2, 0x81, 0x19, 0x81, 0x40,
    0x3e, 0x22, 0x5, 0x5, 0x81, 0x10, 0x3, 0xd4,
    0x0, 0x50, 0x60, 0x2, 0x80, 0x79, 0x40, 0xc8,
    0x4, 0xc2, 0x80, 0x38, 0xc8, 0x2c, 0x2, 0xa0,
    0x22, 0x0, 0x6a, 0x0, 0x30, 0x4, 0xc0, 0xb,
    0x0, 0xcc, 0xc, 0x20, 0x19, 0x81, 0x80, 0x27,
    0x0, 0x58, 0x7, 0x58, 0x1, 0xc0, 0x12, 0x8,
    0x40, 0x1c, 0x4a, 0x12, 0x0,

    /* U+0669 "٩" */
    0x0, 0xc, 0x77, 0xf4, 0x88, 0x7, 0x17, 0xb8,
    0x80, 0xb7, 0x90, 0x6, 0xf1, 0x4, 0x83, 0x1,
    0xf0, 0x9, 0x48, 0x26, 0xdf, 0x18, 0x9, 0x40,
    0x18, 0x2, 0xc0, 0x14, 0x0, 0x30, 0x3, 0xf8,
    0x4c, 0x8, 0x1, 0x80, 0x32, 0x1, 0x9c, 0x18,
    0x0, 0xa6, 0xd, 0xd5, 0xe, 0xc0, 0x60, 0x16,
    0xa0, 0xa, 0xbc, 0x10, 0x8, 0x4, 0x37, 0x8c,
    0x40, 0x1c, 0x40, 0x18, 0xe7, 0x7f, 0xd4, 0x0,
    0x70, 0xf, 0xe7, 0x0, 0x10, 0x7, 0xf1, 0x0,
    0x34, 0x3, 0xfc, 0x40, 0xc0, 0x1f, 0xe4, 0x3,
    0x0, 0xff, 0x78, 0x0, 0xc0, 0x3f, 0x94, 0x0,
    0x80, 0x1f, 0xc6, 0x0, 0xc0,

    /* U+067E "پ" */
    0x0, 0xff, 0xe4, 0x1c, 0x40, 0x0, 0x70, 0xe0,
    0x1f, 0xfc, 0x47, 0x78, 0x83, 0x9f, 0x40, 0x3f,
    0xf8, 0x8e, 0x0, 0x11, 0x10, 0x60, 0x7, 0xff,
    0x11, 0x0, 0x2, 0x40, 0x2, 0x0, 0xff, 0xe1,
    0x8c, 0x80, 0x91, 0x0, 0x1a, 0x1, 0xff, 0xc2,
    0x2c, 0x10, 0x90, 0x13, 0x6, 0x91, 0x0, 0xfe,
    0x26, 0xbd, 0x20, 0x57, 0x0, 0x78, 0x1, 0xbb,
    0x25, 0xd9, 0xe2, 0xb3, 0xf6, 0x50, 0x1, 0x14,
    0x1, 0x1e, 0x98, 0x0, 0xda, 0x26, 0x1d, 0x4c,
    0x2, 0x28, 0xe7, 0x0, 0xe2, 0xcc, 0x3a, 0x8,
    0x4, 0x26, 0xaf, 0x5d, 0xae, 0x20, 0x1f, 0x8e,
    0x2f, 0xbf, 0xee, 0xca, 0x85, 0x10, 0xf, 0xfe,
    0x1b, 0x7d, 0x7, 0xf8, 0x3, 0xff, 0xbc, 0xdf,
    0x41, 0xfe, 0x0, 0xff, 0xe4, 0x88, 0x7, 0xff,
    0x2a, 0xf9, 0x40, 0x3f, 0xfa, 0xe0,

    /* U+0686 "چ" */
    0x36, 0x9c, 0xdf, 0xfd, 0xd9, 0x4c, 0x20, 0x17,
    0x4b, 0x19, 0x0, 0x61, 0x35, 0x95, 0x0, 0xc2,
    0x8f, 0x32, 0x20, 0xe, 0x17, 0x0, 0xbb, 0x97,
    0x5, 0x24, 0x5, 0x19, 0xfc, 0x60, 0x11, 0x80,
    0x1a, 0xc0, 0x67, 0x5c, 0xc0, 0x3f, 0x1c, 0x81,
    0x7b, 0x0, 0x7f, 0xdc, 0x3, 0x82, 0x1, 0xff,
    0x31, 0x5, 0x8, 0x7, 0xff, 0x2, 0x80, 0xd0,
    0x1, 0xfe, 0x18, 0xf8, 0x0, 0xc2, 0x61, 0x60,
    0x1f, 0xfc, 0x13, 0x0, 0x10, 0x5, 0xfc, 0x31,
    0xd0, 0x1, 0x84, 0x0, 0x20, 0x18, 0xbf, 0x44,
    0x3, 0x88, 0x0, 0x40, 0x1f, 0xfc, 0x11, 0x10,
    0x68, 0x6, 0x3e, 0xd0, 0xf, 0x98, 0x11, 0x40,
    0x30, 0x80, 0x7e, 0x91, 0xa, 0x70, 0xf, 0xc9,
    0x80, 0x1, 0xa0, 0x4, 0x75, 0x32, 0xa2, 0xc6,
    0xd9, 0x80, 0x49, 0xa6, 0x2, 0xb3, 0x57, 0x4e,
    0x40, 0x20, 0x18, 0xb3, 0xe, 0x84, 0x20, 0x2,
    0x59, 0xe0,

    /* U+0698 "ژ" */
    0x0, 0xff, 0xe6, 0xbf, 0xc8, 0x7, 0xff, 0x3d,
    0xfe, 0x40, 0x3f, 0xc5, 0xfc, 0x19, 0xea, 0x1,
    0xff, 0xcb, 0x2f, 0xe0, 0xcf, 0x50, 0xf, 0xfe,
    0xe1, 0x44, 0x4, 0x3, 0xfe, 0x37, 0x73, 0x0,
    0x7f, 0xc2, 0x41, 0x80, 0x1f, 0xfc, 0x6, 0x7,
    0x0, 0xff, 0xe0, 0x8, 0x8, 0x7, 0xff, 0x0,
    0x40, 0x40, 0x3f, 0xf8, 0xa, 0xa, 0x1, 0xff,
    0x20, 0x86, 0x0, 0x7f, 0xd2, 0x0, 0x40, 0xf,
    0xf5, 0x90, 0x38, 0x80, 0x7e, 0x2c, 0x40, 0x29,
    0x0, 0xf8, 0xe7, 0x4c, 0x7, 0xc4, 0x0, 0x31,
    0x37, 0xd8, 0xc0, 0x5, 0xf2, 0x0, 0x8d, 0xd9,
    0x4, 0x0, 0xb9, 0x42, 0x1, 0xe1, 0x36, 0xaf,
    0xa3, 0x0, 0xf0,

    /* U+06A9 "ک" */
    0x0, 0xff, 0xe5, 0x88, 0x7, 0xff, 0x29, 0x2f,
    0x84, 0x3, 0xff, 0x8c, 0x2f, 0xb6, 0x80, 0x1f,
    0xfc, 0x63, 0xae, 0x82, 0x2, 0x81, 0x0, 0xff,
    0xe1, 0x36, 0x61, 0x40, 0x9, 0x7a, 0xe0, 0x1f,
    0xfc, 0x12, 0xd9, 0x30, 0x17, 0xdb, 0x40, 0xf,
    0xfe, 0x1c, 0x90, 0x14, 0xf4, 0x10, 0x7, 0xff,
    0x15, 0x0, 0xf5, 0x80, 0x3f, 0xf9, 0x4e, 0x1,
    0xff, 0xca, 0x50, 0x46, 0x0, 0xff, 0xe4, 0xd9,
    0x4, 0xa0, 0x7, 0xff, 0x20, 0x7c, 0x1, 0x64,
    0x1, 0xff, 0xc8, 0x2b, 0x0, 0x78, 0x80, 0x7f,
    0xf2, 0x12, 0x0, 0xb4, 0x3, 0xe3, 0x87, 0x0,
    0xff, 0x9d, 0x40, 0xdc, 0x3, 0xdc, 0xfa, 0x1,
    0xff, 0xc0, 0xa1, 0x9, 0x0, 0xe1, 0x20, 0xc0,
    0xf, 0xfe, 0xb, 0x0, 0x90, 0x6, 0x20, 0x1,
    0x0, 0x7f, 0xf0, 0x44, 0x0, 0x60, 0x18, 0x80,
    0x1a, 0x1, 0xff, 0xc0, 0x66, 0x1, 0x8, 0x6,
    0x13, 0x6, 0x91, 0x0, 0xf8, 0x5b, 0x64, 0x1,
    0x0, 0x1e, 0xf0, 0x3, 0x76, 0x4b, 0xb3, 0xce,
    0x74, 0x90, 0x2, 0x54, 0x3, 0xc7, 0xa6, 0x0,
    0x36, 0x89, 0x86, 0x30, 0x1, 0x47, 0x30, 0x7,
    0xe2, 0xcc, 0x3a, 0x8, 0x0, 0x49, 0x67, 0x74,
    0xe2, 0x1, 0xf0,

    /* U+06AF "گ" */
    0x0, 0xff, 0xf1, 0xc, 0x70, 0x80, 0x7f, 0xf1,
    0xd2, 0xf9, 0xc4, 0x40, 0x1f, 0xfc, 0x41, 0x7d,
    0xb4, 0x17, 0xd0, 0xf, 0xfe, 0x19, 0xd7, 0x41,
    0x1d, 0x74, 0x18, 0x7, 0xff, 0x5, 0x77, 0x14,
    0x1b, 0x71, 0x52, 0xf8, 0x40, 0x3f, 0xf8, 0x1c,
    0x44, 0x9f, 0x93, 0x7d, 0xb4, 0x0, 0xff, 0xe1,
    0x6e, 0x6b, 0x1d, 0x74, 0x10, 0x14, 0x8, 0x7,
    0xff, 0x1, 0x8d, 0xb3, 0xa, 0x0, 0x4b, 0xd7,
    0x0, 0xff, 0xe0, 0x96, 0xc9, 0x80, 0xbe, 0xda,
    0x0, 0x7f, 0xf0, 0xe4, 0x80, 0xa7, 0xa0, 0x80,
    0x3f, 0xf8, 0xa8, 0x7, 0xac, 0x1, 0xff, 0xca,
    0x70, 0xf, 0xfe, 0x52, 0x82, 0x30, 0x7, 0xff,
    0x26, 0xc8, 0x25, 0x0, 0x3f, 0xf9, 0x3, 0xe0,
    0xb, 0x20, 0xf, 0xfe, 0x41, 0x58, 0x3, 0xc4,
    0x3, 0xff, 0x90, 0x90, 0x5, 0xa0, 0x1f, 0x1c,
    0x38, 0x7, 0xfc, 0xea, 0x6, 0xe0, 0x1e, 0xe7,
    0xd0, 0xf, 0xfe, 0x5, 0x8, 0x48, 0x7, 0x9,
    0x6, 0x0, 0x7f, 0xf0, 0x58, 0x4, 0x80, 0x31,
    0x0, 0x8, 0x3, 0xff, 0x82, 0x20, 0x3, 0x0,
    0xc4, 0x0, 0xd0, 0xf, 0xfe, 0x3, 0x30, 0x8,
    0x40, 0x30, 0x98, 0x34, 0x88, 0x7, 0xc2, 0xdb,
    0x20, 0x8, 0x0, 0xf7, 0x80, 0x1b, 0xb2, 0x5d,
    0x9e, 0x73, 0xa4, 0x80, 0x12, 0xa0, 0x1e, 0x3d,
    0x30, 0x1, 0xb4, 0x4c, 0x31, 0x80, 0xa, 0x39,
    0x80, 0x3f, 0x16, 0x61, 0xd0, 0x40, 0x2, 0x4b,
    0x3b, 0xa7, 0x10, 0xf, 0x80,

    /* U+06CC "ی" */
    0x0, 0xff, 0xe0, 0x91, 0x0, 0x3f, 0xf8, 0x67,
    0x7f, 0xba, 0xfb, 0x30, 0xf, 0xf9, 0xb1, 0x0,
    0x32, 0x62, 0x0, 0x7f, 0xc, 0x80, 0xcf, 0x7d,
    0x88, 0x40, 0x7, 0xf1, 0x80, 0x21, 0x84, 0x12,
    0xd9, 0x40, 0x3f, 0x88, 0x1, 0xa, 0x1, 0x2c,
    0xc8, 0x3, 0xfd, 0x0, 0x35, 0xf2, 0x60, 0x1c,
    0x6e, 0xe0, 0xe, 0x7a, 0x20, 0x3, 0x65, 0x0,
    0x6f, 0x8b, 0x0, 0xf2, 0xee, 0x39, 0x2, 0xd0,
    0x0, 0x4c, 0x2c, 0x3, 0xf1, 0xc6, 0xa8, 0x29,
    0x1, 0x80, 0xc, 0x3, 0xfe, 0x30, 0x0, 0x81,
    0x80, 0xc, 0x3, 0xfc, 0x8c, 0x2, 0x60, 0x24,
    0x12, 0x60, 0x1f, 0x25, 0x58, 0x2, 0x0, 0x29,
    0x1, 0xcc, 0x43, 0xc5, 0x6f, 0xda, 0x80, 0x25,
    0x80, 0x24, 0xa0, 0x1, 0xbc, 0x3a, 0x90, 0x4,
    0xda, 0xc0, 0x1c, 0xbc, 0xe4, 0x0, 0x12, 0x58,
    0xcf, 0x92, 0x0, 0xc0,

    /* U+2013 "–" */
    0x0, 0xff, 0xe0, 0x57, 0xff, 0xfa, 0x80, 0x3f,
    0xf8, 0x0,

    /* U+2014 "—" */
    0x0, 0xff, 0xe7, 0x57, 0xff, 0xff, 0x32, 0x80,
    0x3f, 0xf9, 0xc0,

    /* U+2018 "‘" */
    0x0, 0x57, 0xa0, 0x12, 0x82, 0x4, 0x1, 0x81,
    0x28, 0x20, 0x58, 0x3, 0x0, 0xc0, 0x31, 0x14,
    0xe0,

    /* U+2019 "’" */
    0x7, 0xff, 0x38, 0x7, 0xbc, 0x0, 0x80, 0x80,
    0x86, 0x6, 0x10, 0x8, 0x8, 0x60, 0x6, 0x80,
    0x0,

    /* U+201A "‚" */
    0x6, 0xdd, 0x28, 0x71, 0x10, 0xc0, 0x31, 0x81,
    0x80, 0xa8, 0x20, 0x40, 0x20, 0x13, 0x6, 0x5,
    0x80, 0x0,

    /* U+201C "“" */
    0x0, 0x57, 0xa0, 0x0, 0x7f, 0x40, 0x94, 0x10,
    0x1, 0x20, 0x81, 0x0, 0x60, 0x1, 0x70, 0xc2,
    0x50, 0x40, 0x4, 0x80, 0x12, 0xc0, 0x18, 0x0,
    0x70, 0x11, 0x18, 0x7, 0xf1, 0x14, 0xe0, 0x2,
    0x28, 0x0,

    /* U+201D "”" */
    0x8, 0xff, 0x30, 0x3, 0xbf, 0xc0, 0x1f, 0xfc,
    0x22, 0x0, 0xc2, 0x8, 0x4, 0x80, 0x42, 0x10,
    0x6, 0x10, 0x0, 0x40, 0x16, 0x40, 0x25, 0x0,
    0x60, 0x40, 0x19, 0x48, 0x4, 0xc6, 0xc0,

    /* U+201E "„" */
    0x6, 0xdd, 0x28, 0x3, 0x37, 0x41, 0xc4, 0x43,
    0x0, 0x11, 0x40, 0x18, 0xc0, 0x30, 0x81, 0x80,
    0xa8, 0x10, 0x84, 0x82, 0x4, 0x0, 0x10, 0x5,
    0xd0, 0x9, 0x80, 0x18, 0x12, 0x18, 0x16, 0x1,
    0x20, 0x38, 0x0,

    /* U+2022 "•" */
    0x0, 0x88, 0xc4, 0x3, 0x1e, 0xeb, 0x3a, 0x0,
    0x3, 0xa4, 0x1, 0x3c, 0x84, 0x8, 0x7, 0x30,
    0xa8, 0x7, 0xca, 0xe0, 0x1f, 0x3e, 0x0, 0x78,
    0x4d, 0xc8, 0x3, 0xa0, 0x1, 0x8c, 0x20, 0x76,
    0xc0,

    /* U+2026 "…" */
    0x68, 0x80, 0x80, 0x71, 0xc4, 0xc, 0x3, 0x86,
    0x20, 0xd4, 0xee, 0x30, 0xe, 0x47, 0x72, 0x0,
    0x71, 0xbb, 0xa8, 0x3, 0xff, 0xc0,

    /* U+2190 "←" */
    0x0, 0xe6, 0x20, 0xf, 0xfe, 0x33, 0xce, 0x10,
    0x7, 0xff, 0x11, 0xe0, 0x8, 0x80, 0x1f, 0xfc,
    0x37, 0x80, 0x3c, 0x0, 0xff, 0xe1, 0xbc, 0x1,
    0xe0, 0x7, 0xff, 0xd, 0xa0, 0x0, 0x7f, 0xff,
    0xfc, 0x3e, 0xe0, 0x7, 0xff, 0x22, 0x48, 0x0,
    0x93, 0x3f, 0xfc, 0x3b, 0x1c, 0x30, 0x40, 0x66,
    0xff, 0xe1, 0x28, 0xe, 0x98, 0x4b, 0x0, 0x7f,
    0xf1, 0x7, 0x4c, 0x24, 0xc0, 0x3f, 0xf8, 0x83,
    0xa7, 0x6, 0x1, 0xff, 0xc5, 0x1c, 0x70, 0xf,
    0xfe, 0x10,

    /* U+2191 "↑" */
    0x0, 0xe1, 0x85, 0x0, 0xfe, 0x1d, 0x7a, 0x60,
    0xf, 0x87, 0x4c, 0x1, 0x2c, 0x1, 0xc3, 0xa6,
    0x1, 0xa5, 0x80, 0x21, 0xd3, 0x3, 0x0, 0x10,
    0x4a, 0x80, 0x34, 0xc2, 0x68, 0x7, 0x8, 0x29,
    0x41, 0x42, 0x58, 0x2, 0x1c, 0x21, 0x70, 0x9b,
    0x60, 0xe, 0x1c, 0xc1, 0x0, 0x10, 0x3, 0xe1,
    0x20, 0xf, 0xff, 0xf8, 0x7, 0xff, 0xfc, 0x3,
    0xe0,

    /* U+2192 "→" */
    0x0, 0xff, 0xe1, 0xb8, 0x80, 0x7f, 0xf1, 0xe2,
    0x18, 0x20, 0x1f, 0xfc, 0x6d, 0x2, 0xc1, 0x0,
    0xff, 0xe2, 0xad, 0x1, 0x60, 0x80, 0x7f, 0xf1,
    0x56, 0x80, 0xb0, 0x41, 0xbf, 0xff, 0xf8, 0x74,
    0x0, 0x2c, 0x0, 0xff, 0xe4, 0x90, 0xa4, 0xcf,
    0xff, 0xe, 0x0, 0x29, 0x12, 0x66, 0xff, 0xe1,
    0x3d, 0x80, 0x25, 0x80, 0x3f, 0xf8, 0x63, 0xa6,
    0x12, 0xc0, 0x1f, 0xfc, 0x4b, 0x30, 0x96, 0x0,
    0xff, 0xe2, 0xd9, 0x4b, 0x0, 0x7f, 0xf1, 0x87,
    0x58, 0x3, 0x80,

    /* U+2193 "↓" */
    0x0, 0xe2, 0x76, 0x0, 0xff, 0x24, 0x40, 0x3,
    0xff, 0xfe, 0x1, 0xff, 0xff, 0x0, 0xff, 0xe0,
    0x15, 0x88, 0x7, 0x9a, 0x40, 0x18, 0x9a, 0x20,
    0x19, 0xa5, 0x9c, 0x20, 0xf, 0x44, 0x0, 0xb2,
    0x4, 0xc0, 0xd2, 0x7, 0x0, 0x34, 0x5, 0x82,
    0x0, 0x69, 0x0, 0xe2, 0xc1, 0x0, 0xcd, 0x20,
    0x11, 0x60, 0x80, 0x79, 0xa4, 0xb, 0x4, 0x3,
    0xf3, 0x7e, 0x88, 0x6,

    /* U+2328 "⌨" */
    0x0, 0x88, 0xcf, 0xff, 0xa4, 0x42, 0x1, 0x27,
    0x6e, 0x67, 0xff, 0x4b, 0x7b, 0x48, 0x28, 0x44,
    0x45, 0xff, 0xd3, 0x2, 0xe1, 0x10, 0x76, 0x7e,
    0xeb, 0xf7, 0x5f, 0xb9, 0xfb, 0xaf, 0xcd, 0xfc,
    0xdf, 0xdd, 0x7e, 0x6f, 0xee, 0xbf, 0xdb, 0xa0,
    0x33, 0x0, 0x85, 0x6a, 0x4e, 0xb4, 0xea, 0x56,
    0xbb, 0xb6, 0xcf, 0x69, 0xb6, 0x17, 0x74, 0x7b,
    0x2d, 0xba, 0x72, 0x0, 0xf1, 0x11, 0xb8, 0x8f,
    0x89, 0x8c, 0x8b, 0x68, 0x91, 0x6e, 0x12, 0x51,
    0x2e, 0x22, 0xc0, 0x1f, 0x4f, 0x9b, 0xe2, 0x3f,
    0x9c, 0x7a, 0x2e, 0x29, 0x65, 0xa6, 0x3a, 0x65,
    0x96, 0x2b, 0x7e, 0x28, 0x7, 0xc7, 0xba, 0xe,
    0xf2, 0xda, 0x2d, 0xe0, 0xed, 0x2d, 0xd1, 0x77,
    0x3, 0x74, 0x7f, 0xbb, 0x73, 0x80, 0x7c, 0x24,
    0xc0, 0x44, 0x32, 0x21, 0x91, 0x81, 0x91, 0xa9,
    0x19, 0x88, 0x18, 0x84, 0x80, 0x37, 0x80, 0x7c,
    0x59, 0x1, 0xbc, 0x39, 0x63, 0xbc, 0x19, 0xe1,
    0x3e, 0x39, 0xe1, 0x5e, 0x78, 0x1, 0xff, 0xc1,
    0xad, 0x58, 0xd5, 0xad, 0x39, 0xd7, 0x76, 0xd2,
    0x6c, 0xbe, 0xc9, 0xed, 0x0, 0x7f, 0xf0, 0x88,
    0x8d, 0xc4, 0x24, 0x41, 0xe2, 0x2c, 0x6e, 0x5c,
    0x44, 0xe1, 0x22, 0x2, 0x11, 0x5a, 0x1, 0xfa,
    0x7c, 0x9b, 0xd6, 0x7c, 0xdf, 0x11, 0x72, 0x8f,
    0x19, 0x71, 0x4b, 0x2c, 0x2b, 0xfe, 0x50, 0xf,
    0xc7, 0xbe, 0x1b, 0xa3, 0xdc, 0xe, 0xe0, 0x7e,
    0x9e, 0xf0, 0x76, 0x95, 0x68, 0x7e, 0xec, 0xe0,
    0x1f, 0x84, 0x94, 0x9, 0x84, 0x9c, 0x8, 0xc1,
    0x48, 0x54, 0xc0, 0xc8, 0xc8, 0x80, 0xa4, 0x58,
    0x3, 0xe1, 0xd, 0xb2, 0xda, 0x2f, 0x82, 0xfe,
    0x29, 0xf0, 0xbe, 0x2e, 0xf3, 0x9d, 0x9, 0xdd,
    0x7a, 0x0, 0x7d, 0x5a, 0x73, 0xac, 0x9, 0xbb,
    0xff, 0xc3, 0x20, 0x6d, 0x95, 0xd8, 0x0, 0xf8,
    0x88, 0x3c, 0x46, 0xe, 0x45, 0xff, 0xc3, 0x30,
    0x32, 0xe1, 0x2e, 0x0, 0x8c, 0x4, 0xa7, 0x49,
    0xf5, 0x40, 0xf7, 0x7f, 0xf8, 0x62, 0xb, 0xae,
    0x9a, 0xe8, 0x2, 0x22, 0xd, 0xff, 0xff, 0xe9,
    0xd8, 0x20, 0x7a, 0x0, 0x7f, 0xf5, 0x5, 0x6c,

    /* U+25B6 "▶" */
    0xb4, 0x0, 0xff, 0xe4, 0x2d, 0xe2, 0x0, 0x7f,
    0xf2, 0xe, 0xf1, 0x0, 0x3f, 0xf9, 0x7, 0x78,
    0x80, 0x1f, 0xfc, 0x83, 0xbc, 0x40, 0xf, 0xfe,
    0x41, 0xde, 0x20, 0x7, 0xff, 0x20, 0xef, 0x10,
    0x3, 0xff, 0x90, 0x77, 0x88, 0x1, 0xff, 0xc8,
    0x3b, 0xc4, 0x0, 0xff, 0xe4, 0x1d, 0xe2, 0x0,
    0x7f, 0xf2, 0xe, 0xf0, 0x40, 0x3f, 0xf8, 0xe9,
    0xe2, 0x1, 0xff, 0xc5, 0x4c, 0xb3, 0x0, 0xff,
    0xe2, 0x26, 0x59, 0x80, 0x7f, 0xf1, 0x13, 0x2c,
    0xc0, 0x3f, 0xf8, 0x89, 0x96, 0x60, 0x1f, 0xfc,
    0x44, 0xcb, 0x30, 0xf, 0xfe, 0x22, 0x65, 0x98,
    0x7, 0xff, 0x11, 0x32, 0xcc, 0x3, 0xff, 0x88,
    0x99, 0x66, 0x1, 0xff, 0xc4, 0x4c, 0xb3, 0x0,
    0xff, 0xe2, 0xed, 0x98, 0x7, 0xff, 0x1c,

    /* U+26A0 "⚠" */
    0x0, 0xff, 0x88, 0x3, 0xff, 0x95, 0xe8, 0x1,
    0xff, 0xc8, 0x62, 0x80, 0xf, 0xfe, 0x38, 0xc3,
    0x1a, 0x80, 0x7f, 0xf1, 0xa4, 0xe5, 0xa0, 0x3,
    0xff, 0x8a, 0x4f, 0x21, 0x4, 0xe0, 0x1f, 0xfc,
    0x48, 0x45, 0xc6, 0x89, 0x0, 0xff, 0xe1, 0x9a,
    0xc2, 0x9e, 0x38, 0x40, 0x7, 0xff, 0xb, 0xd4,
    0xdc, 0x4, 0x2d, 0xc4, 0x3, 0xff, 0x80, 0xa7,
    0x60, 0x40, 0x40, 0xa7, 0x0, 0x1f, 0xfc, 0x8,
    0x71, 0x1, 0xf, 0x0, 0x43, 0x10, 0x7, 0xf9,
    0xce, 0x0, 0x21, 0x20, 0x2, 0x22, 0x0, 0x3f,
    0x86, 0x60, 0x3, 0x13, 0x0, 0x52, 0xa6, 0x1,
    0xfa, 0x4d, 0x80, 0x33, 0x90, 0x4, 0x4d, 0xe0,
    0x1f, 0xb, 0xc0, 0x7, 0x18, 0x80, 0x68, 0x34,
    0x0, 0xf5, 0x9a, 0x80, 0x74, 0x80, 0x70, 0xbc,
    0x80, 0x71, 0xaf, 0x80, 0x78, 0xc0, 0x3d, 0x6,
    0xc0, 0x1a, 0x14, 0xc0, 0x38, 0xf6, 0x40, 0x3d,
    0x10, 0x0, 0x91, 0x10, 0x1, 0xe2, 0x3c, 0x0,
    0xf3, 0x1b, 0x80, 0x25, 0x40, 0x8b, 0xc7, 0xce,
    0x45, 0xf5, 0x40, 0xa9, 0x2e, 0xef, 0xff, 0x16,
    0x2, 0x57, 0xff, 0xff, 0x93, 0x0,

    /* U+2713 "✓" */
    0x0, 0xff, 0x86, 0x2d, 0xc0, 0x3f, 0xc3, 0xee,
    0xac, 0x1, 0xfe, 0xd1, 0xa, 0x10, 0xf, 0xe9,
    0x30, 0x84, 0x0, 0xfe, 0x56, 0x4, 0x70, 0xf,
    0xe2, 0xa0, 0x2a, 0x0, 0xff, 0x70, 0x3, 0xc4,
    0x3, 0xf9, 0xcc, 0x28, 0x80, 0x3f, 0x8a, 0x1,
    0x54, 0x1, 0xc9, 0xda, 0x0, 0xe0, 0x1b, 0x0,
    0xf7, 0x89, 0x23, 0x18, 0x50, 0x80, 0x78, 0xc0,
    0x13, 0x20, 0x64, 0x0, 0xfa, 0xc0, 0x4, 0x5,
    0x20, 0x1f, 0x8c, 0x40, 0x2e, 0x0, 0xff, 0x48,
    0x1, 0xcc, 0x3, 0xfc, 0xfd, 0xc8, 0x0, 0xff,
    0x0,

    /* U+2717 "✗" */
    0x0, 0xff, 0xe1, 0x29, 0x8, 0x6, 0x14, 0x91,
    0x0, 0xeb, 0xad, 0x90, 0xc, 0xd6, 0xcc, 0x0,
    0xd6, 0x80, 0x32, 0x1, 0x8c, 0x1, 0x40, 0x15,
    0x20, 0x3, 0x44, 0x3, 0x20, 0x0, 0x94, 0x21,
    0x40, 0x14, 0x60, 0x1e, 0x50, 0x4, 0x2b, 0x80,
    0x21, 0x40, 0x3e, 0xe0, 0x1, 0x50, 0x1, 0x5c,
    0x3, 0xf2, 0x8, 0x6, 0x2a, 0x0, 0xff, 0x48,
    0x6, 0xe0, 0xf, 0xfe, 0x21, 0x0, 0x7f, 0x92,
    0x0, 0x34, 0x80, 0x7f, 0xd, 0x0, 0x73, 0x80,
    0x7f, 0x68, 0x80, 0x10, 0x2, 0x80, 0xf, 0xa4,
    0xc0, 0xf, 0x64, 0x0, 0x71, 0x0, 0xe4, 0x60,
    0x1, 0xc0, 0x70, 0x5, 0x60, 0x18, 0x68, 0x2,
    0xe0, 0x1, 0xb8, 0x1, 0x0, 0x35, 0x88, 0x2,
    0x8, 0x2, 0x83, 0xa, 0x0, 0x91, 0x40, 0x4,
    0xe0, 0x1d, 0xae, 0x80, 0x17, 0x0, 0x5c, 0x1,
    0xe1, 0x80, 0xf, 0x98, 0xc0, 0x3f, 0xf8, 0x12,
    0x3, 0x0, 0x1f, 0xfc, 0x13, 0xde, 0x10, 0xf,
    0xfe, 0x8,

    /* U+F05A "" */
    0x0, 0xff, 0xe0, 0x9, 0x98, 0x40, 0x3f, 0xf9,
    0x4, 0xf9, 0xfd, 0x98, 0xef, 0xc7, 0x20, 0xf,
    0xfe, 0x10, 0xce, 0xc1, 0x80, 0x78, 0xe3, 0x64,
    0x40, 0x3f, 0xe5, 0xe6, 0x0, 0xff, 0xe0, 0x37,
    0x28, 0x7, 0xf3, 0xd0, 0x7, 0xff, 0x12, 0x9c,
    0x3, 0xe7, 0x80, 0xf, 0xfe, 0x34, 0x38, 0x7,
    0x24, 0x0, 0x7f, 0xf2, 0x21, 0x0, 0x35, 0x0,
    0x7f, 0x84, 0x40, 0x1f, 0xea, 0x0, 0x9c, 0x40,
    0x3f, 0x9b, 0xb8, 0xc0, 0x1f, 0xc2, 0xe0, 0x9,
    0x0, 0xff, 0x68, 0x3, 0x40, 0x3f, 0xd2, 0x8,
    0x20, 0x1f, 0xe8, 0x33, 0x40, 0x7, 0xf8, 0x53,
    0x40, 0x3f, 0xe3, 0xcc, 0x18, 0x7, 0xfd, 0xaa,
    0x1, 0xfe, 0x14, 0x41, 0x0, 0x7f, 0xf0, 0x14,
    0x80, 0x3f, 0x93, 0xae, 0xda, 0xe0, 0x1f, 0xf0,
    0x88, 0x3, 0xf8, 0x40, 0x36, 0x0, 0x7f, 0xc4,
    0x20, 0x1f, 0xcb, 0x92, 0x20, 0xe0, 0x1f, 0xf0,
    0x98, 0x7, 0xf8, 0xd8, 0x3, 0xff, 0x84, 0x6c,
    0x1, 0xff, 0xce, 0x6d, 0x0, 0xff, 0x88, 0x3,
    0xff, 0x85, 0xae, 0x1, 0xfc, 0x5d, 0xa2, 0x7,
    0xc4, 0x1, 0xfc, 0xe2, 0x80, 0x1f, 0x90, 0x40,
    0x30, 0xa0, 0x7, 0xe4, 0x10, 0x90, 0xf, 0xcc,
    0xc4, 0x4c, 0xcc, 0x0, 0xfd, 0x20, 0x2, 0x60,
    0xf, 0xd3, 0x77, 0xa4, 0x3, 0xf3, 0x10, 0x5,
    0x26, 0x1, 0xff, 0xc8, 0x39, 0x0, 0xed, 0x20,
    0xf, 0xfe, 0x31, 0x68, 0x7, 0x87, 0x10, 0x3,
    0xff, 0x88, 0x98, 0x20, 0x1f, 0xd, 0xc0, 0x7,
    0xff, 0xa, 0x2c, 0x40, 0x3f, 0xcf, 0xce, 0x20,
    0x1f, 0x85, 0xb9, 0xc0, 0x3f, 0xf8, 0x23, 0x1d,
    0x90, 0xca, 0xa6, 0x8c, 0xe9, 0x10, 0xf, 0x80,

    /* U+F0ED "" */
    0x0, 0xff, 0x2d, 0x66, 0x29, 0xc4, 0x3, 0xff,
    0x96, 0x7b, 0x4a, 0x66, 0x58, 0xe7, 0x0, 0xff,
    0xe4, 0xb6, 0x10, 0x7, 0xd1, 0x40, 0x1f, 0xfc,
    0x72, 0x90, 0xf, 0xf2, 0xc0, 0x12, 0x98, 0x7,
    0xff, 0xb, 0x80, 0x3f, 0xf8, 0xf, 0xba, 0xac,
    0xf7, 0x0, 0xff, 0x90, 0xc0, 0x3f, 0xf8, 0x24,
    0x1, 0xa2, 0x80, 0x3f, 0xda, 0x1, 0xff, 0xc8,
    0x55, 0x0, 0x7f, 0x10, 0x7, 0xff, 0x27, 0x80,
    0x3f, 0xf8, 0xec, 0x60, 0x1f, 0xe5, 0x0, 0xfc,
    0x6c, 0x1, 0xf9, 0xe7, 0x40, 0x3f, 0xf8, 0xd7,
    0x84, 0x1, 0xfb, 0xc0, 0x40, 0x3f, 0xca, 0x1,
    0xec, 0x40, 0xf, 0xfe, 0x5b, 0x88, 0x6, 0xa3,
    0x0, 0xff, 0xe6, 0x1f, 0x98, 0x0, 0x94, 0x3,
    0xf0, 0xcb, 0x0, 0x71, 0x4a, 0x80, 0x7c, 0x3a,
    0x41, 0x60, 0x1f, 0xce, 0xd3, 0x21, 0x0, 0x1e,
    0x35, 0x80, 0x7e, 0x18, 0x5, 0x0, 0xfe, 0x70,
    0x3, 0x38, 0x3, 0x44, 0x1c, 0x3, 0xf9, 0x48,
    0xc0, 0x3f, 0x87, 0x0, 0x2, 0x0, 0x10, 0x59,
    0x0, 0xff, 0x38, 0x80, 0x7f, 0x8f, 0x0, 0x39,
    0x68, 0x3, 0xfe, 0x22, 0x0, 0x7f, 0xc7, 0x80,
    0x12, 0xd0, 0x7, 0xff, 0x0, 0x50, 0x3, 0xff,
    0x80, 0x78, 0x6d, 0x40, 0x1f, 0xfc, 0x15, 0x91,
    0x0, 0xff, 0xe0, 0x1e, 0x48, 0x7, 0xff, 0x4,
    0x8c, 0x68, 0x3, 0xff, 0xa1, 0x20, 0x4, 0x70,
    0xf, 0xfe, 0x73, 0xa0, 0x5, 0x18, 0x40, 0x1f,
    0xfc, 0xa1, 0xa8, 0x0, 0xe3, 0xda, 0x64, 0x33,
    0xff, 0xe2, 0x22, 0xcf, 0xa8, 0x4,

    /* U+F12E "" */
    0x0, 0xff, 0x88, 0xc4, 0x3, 0xff, 0x96, 0x7b,
    0xac, 0xe9, 0x0, 0xff, 0xe5, 0x61, 0x0, 0x4c,
    0xe0, 0x1f, 0xfc, 0x82, 0x0, 0xf6, 0x0, 0x7f,
    0xf2, 0x8, 0x80, 0x1d, 0xc0, 0x1f, 0xfc, 0x9f,
    0x0, 0xca, 0xa0, 0xf, 0xfe, 0x49, 0x80, 0x63,
    0x0, 0xff, 0xe1, 0x9a, 0x27, 0x2d, 0x0, 0x66,
    0x74, 0x41, 0x80, 0x7f, 0x1f, 0x65, 0xdf, 0x52,
    0x0, 0x74, 0x5d, 0xb3, 0x8c, 0x3, 0xee, 0x10,
    0xf, 0xfe, 0x28, 0xf0, 0x7, 0xc4, 0x1, 0xff,
    0xc7, 0x20, 0xf, 0xfe, 0xd9, 0x0, 0x7f, 0xf2,
    0x8, 0x0, 0x20, 0x7d, 0xb8, 0x20, 0x1f, 0xfc,
    0x27, 0x5, 0xed, 0xc1, 0xc9, 0xc1, 0x3, 0x80,
    0xf, 0xfe, 0x14, 0x7d, 0x8, 0x1c, 0x13, 0x0,
    0x67, 0x0, 0xff, 0xe4, 0x38, 0x7, 0x84, 0x3,
    0xff, 0x90, 0x20, 0x1e, 0x30, 0xf, 0xfe, 0x41,
    0xcf, 0x20, 0x5, 0x20, 0x1f, 0xfc, 0x22, 0x72,
    0x0, 0xa5, 0x86, 0xe1, 0x29, 0x40, 0x3f, 0xf8,
    0x5f, 0x1a, 0xe9, 0x4a, 0x1, 0x3d, 0xa8, 0x7,
    0xff, 0xc, 0x80, 0x11, 0x6a, 0x1, 0xff, 0xc0,
    0x45, 0x30, 0xf, 0xfe, 0x5a, 0xf5, 0xd6, 0x58,
    0x7, 0xff, 0x2a, 0x84, 0x2, 0x48, 0x0, 0xff,
    0xe4, 0x10, 0x7, 0x88, 0x3, 0xff, 0x90, 0x46,
    0x1, 0xdc, 0x1, 0xff, 0xc0, 0x10, 0xf, 0xda,
    0x40, 0x14, 0xa0, 0x6, 0x10, 0xf, 0x98, 0x3,
    0xf0, 0xa0, 0x4, 0xe0, 0x1c, 0xc0, 0x1f, 0x44,
    0xaa, 0x27, 0x99, 0xc0, 0x2b, 0x44, 0x96, 0x60,
    0x3, 0xe0,

    /* U+F15C "" */
    0x0, 0x2c, 0x4c, 0xfe, 0x61, 0x0, 0xf8, 0x76,
    0x9d, 0x9b, 0xf4, 0xfa, 0x0, 0x7a, 0xc8, 0x3,
    0xfe, 0x1b, 0x40, 0xe, 0x40, 0xf, 0xf0, 0x80,
    0x56, 0x80, 0x18, 0x40, 0x3f, 0xd0, 0x80, 0x15,
    0xa0, 0x7, 0xff, 0xe, 0xd0, 0x2, 0xb4, 0x0,
    0xff, 0xe1, 0xda, 0x0, 0x56, 0x80, 0x1f, 0xfc,
    0x3b, 0x40, 0xa, 0xc8, 0x3, 0xff, 0x87, 0x68,
    0x1, 0x48, 0x7, 0xfd, 0xa2, 0x1, 0x5a, 0x0,
    0x10, 0x3, 0xfe, 0x4e, 0xff, 0xc8, 0x1, 0xff,
    0xfb, 0x18, 0x99, 0xfa, 0x4, 0x3, 0xfd, 0xe,
    0xcd, 0xf3, 0xc0, 0x7, 0xfb, 0x0, 0x3f, 0xb0,
    0x3, 0xfc, 0xbf, 0xff, 0xca, 0x1, 0xff, 0xd4,
    0x45, 0x5f, 0x90, 0x3, 0xfe, 0x8b, 0xaa, 0xfa,
    0xe0, 0x3, 0xfd, 0xe0, 0x1f, 0xde, 0x1, 0xfe,
    0x7e, 0xdd, 0xfb, 0x9c, 0x3, 0xfe, 0x12, 0x2f,
    0x84, 0x3, 0xff, 0x9e, 0x40, 0x1f, 0xfc, 0x72,
    0xa0, 0xf, 0xfe, 0x3d, 0x3b, 0x0, 0x7f, 0xf1,
    0x59, 0xc2, 0x7a, 0xef, 0xff, 0x87, 0xd2, 0x0,

    /* U+F1CD "" */
    0x0, 0xff, 0x91, 0x5d, 0xca, 0x80, 0x1f, 0xfc,
    0x75, 0xbf, 0xba, 0x88, 0x55, 0xfd, 0xa8, 0x7,
    0xff, 0x9, 0x36, 0x90, 0x3, 0xf2, 0x56, 0xa0,
    0x7, 0xf4, 0x65, 0x59, 0x0, 0x7f, 0xf0, 0xa,
    0xeb, 0x20, 0x3, 0x8d, 0xcd, 0x40, 0x32, 0xd6,
    0xff, 0xb6, 0x94, 0x3, 0x29, 0xba, 0x0, 0x61,
    0x0, 0xe5, 0xda, 0x52, 0x0, 0x12, 0xd6, 0xa8,
    0x7, 0x30, 0x6, 0x50, 0xe, 0xd2, 0x0, 0xfc,
    0x5a, 0x1, 0xc8, 0x1, 0x14, 0x0, 0x74, 0x38,
    0x7, 0xe7, 0x80, 0xe, 0x92, 0x0, 0x58, 0x4,
    0x80, 0x14, 0x38, 0x34, 0x41, 0x85, 0xe0, 0x2,
    0x40, 0xa, 0xc0, 0x58, 0x0, 0x37, 0x0, 0x14,
    0x7c, 0xbb, 0xa7, 0xa0, 0x2, 0x8b, 0x10, 0x3,
    0xb, 0x80, 0x50, 0xf, 0x0, 0x1f, 0xfc, 0x8,
    0x70, 0x80, 0x9, 0xf0, 0x2, 0x60, 0x3, 0xb0,
    0x7, 0xf9, 0x9c, 0x0, 0xc0, 0x16, 0x38, 0x1,
    0x0, 0x31, 0x0, 0x53, 0xfe, 0x90, 0x8, 0x80,
    0x32, 0x0, 0x1c, 0xc0, 0x4, 0x1, 0x90, 0x0,
    0xcc, 0x0, 0x33, 0x0, 0x8, 0x1, 0x88, 0x0,
    0x62, 0x0, 0x10, 0x8, 0x40, 0x2f, 0x0, 0xde,
    0x1, 0x8, 0x4, 0x20, 0x1, 0x10, 0x0, 0x40,
    0x21, 0x0, 0xbc, 0x3, 0x60, 0x4, 0x20, 0x10,
    0x80, 0x4, 0xc0, 0x4, 0x1, 0x90, 0x0, 0xcc,
    0x0, 0x32, 0x80, 0x10, 0x3, 0x10, 0x0, 0xdc,
    0x0, 0x80, 0x18, 0x80, 0x29, 0xff, 0x48, 0x4,
    0x40, 0x19, 0x40, 0xf, 0x80, 0x13, 0x0, 0x1d,
    0x80, 0x3f, 0xcc, 0xe0, 0x5, 0x10, 0x7, 0xb8,
    0x5, 0x0, 0xf0, 0x1, 0xff, 0xc0, 0x87, 0x8,
    0x0, 0x90, 0x58, 0x0, 0x39, 0x0, 0x13, 0xf4,
    0xbb, 0xa7, 0xa0, 0x2, 0x8b, 0x20, 0x3, 0x8,
    0x58, 0x4, 0x60, 0x13, 0xc0, 0xb4, 0x41, 0x85,
    0xe0, 0x2, 0x40, 0xa, 0xc0, 0x5, 0x20, 0x1c,
    0xf0, 0x1, 0xf9, 0xe0, 0x3, 0xa4, 0x80, 0x24,
    0x0, 0xe2, 0x20, 0x7, 0xe2, 0xd0, 0xe, 0x40,
    0xc, 0x20, 0x1c, 0xbb, 0x4a, 0x40, 0x1, 0x5a,
    0xd5, 0x0, 0xe1, 0x0, 0xc6, 0xe6, 0xa0, 0x19,
    0x6b, 0x7f, 0xdd, 0x4a, 0x1, 0x94, 0xdc, 0xc0,
    0x3a, 0x32, 0xac, 0x80, 0x3f, 0xf8, 0x5, 0x75,
    0x90, 0x1, 0xfc, 0x9b, 0x48, 0x1, 0xf9, 0x2b,
    0x50, 0x3, 0xff, 0x84, 0xb7, 0xf7, 0x51, 0x9,
    0xbf, 0xb5, 0x0, 0xfc,

    /* U+F1D8 "" */
    0x0, 0xff, 0xf7, 0xa5, 0x76, 0x0, 0x7f, 0xf3,
    0x4e, 0x3a, 0xd4, 0x4c, 0xc0, 0x1f, 0xfc, 0x91,
    0x7d, 0xc7, 0x10, 0xc, 0x40, 0x1f, 0xfc, 0x61,
    0x6c, 0xe8, 0x20, 0xf, 0x28, 0x80, 0x7f, 0xf1,
    0x16, 0xba, 0x4c, 0x3, 0xfb, 0xc0, 0x3f, 0xf8,
    0x47, 0x3d, 0x4a, 0x1, 0xff, 0xa, 0x80, 0x7f,
    0xc5, 0x1d, 0x8c, 0x20, 0x1f, 0xfc, 0x17, 0x0,
    0xfe, 0x17, 0xcd, 0x71, 0x0, 0xff, 0xe2, 0x50,
    0x7, 0xcd, 0x7d, 0x6, 0x1, 0xff, 0xc6, 0x13,
    0x0, 0xc9, 0x5f, 0x28, 0x1, 0xff, 0xc9, 0x60,
    0xd, 0x36, 0xa0, 0x1f, 0xfc, 0xca, 0x0, 0xcc,
    0x1, 0xff, 0xc4, 0x59, 0x0, 0xf8, 0xc8, 0x3,
    0x18, 0x7, 0xff, 0xe, 0x29, 0x0, 0x3e, 0xb0,
    0xe, 0xc7, 0x10, 0xf, 0xfe, 0x5, 0xb8, 0x78,
    0x7, 0xcc, 0x1, 0xe8, 0xea, 0x40, 0xf, 0xc5,
    0xa8, 0x16, 0x40, 0x1e, 0x41, 0x0, 0xfc, 0xb7,
    0xae, 0x20, 0x18, 0xf0, 0x82, 0x10, 0x3, 0xed,
    0x0, 0xff, 0x8a, 0x3a, 0x90, 0x1b, 0x4, 0x19,
    0xc0, 0x3f, 0x30, 0x7, 0xff, 0x9, 0x6f, 0xe4,
    0x0, 0x72, 0x1, 0xf9, 0x40, 0x3f, 0xf9, 0x3,
    0xa0, 0x1f, 0xdc, 0x1, 0xff, 0xc8, 0x81, 0x0,
    0xfc, 0x28, 0x1, 0xff, 0xd2, 0x70, 0xf, 0xfe,
    0x4d, 0x0, 0x7f, 0x50, 0x7, 0xff, 0x24, 0xcc,
    0x1, 0xf1, 0x18, 0x7, 0xff, 0x2a, 0x80, 0x3e,
    0x50, 0xf, 0xfe, 0x5b, 0x0, 0x7d, 0x40, 0x1f,
    0xfc, 0xc6, 0x0, 0xe3, 0x20, 0xf, 0xfe, 0x65,
    0x80, 0x75, 0x80, 0x7f, 0xf3, 0x48, 0xc0, 0x33,
    0x0, 0x7f, 0xf3, 0xa4, 0x2, 0x41, 0x0, 0xff,
    0xe7, 0x29, 0x80, 0x20, 0x3, 0xff, 0xa1, 0x97,
    0xa6, 0x1, 0xfe,

    /* U+F1DE "" */
    0x0, 0xfc, 0x2f, 0x2e, 0x20, 0x1f, 0xfc, 0xa5,
    0xe8, 0x68, 0xe6, 0x0, 0xff, 0xe4, 0x1d, 0x0,
    0x74, 0x98, 0x7, 0xff, 0x5, 0xbf, 0xfb, 0x0,
    0x3e, 0xcf, 0xff, 0xfe, 0x3, 0x48, 0x7, 0xff,
    0x3a, 0xc, 0x3, 0xff, 0x9c, 0x5b, 0x11, 0xca,
    0x1, 0xf2, 0xc4, 0x7f, 0xf0, 0x34, 0x5d, 0xfa,
    0x8c, 0x3, 0x8e, 0x9d, 0xff, 0xf8, 0x2, 0x1,
    0xf6, 0x30, 0x4, 0xd8, 0x1, 0xff, 0xca, 0x9f,
    0xef, 0x90, 0xc, 0xf9, 0xb4, 0x80, 0x1f, 0xfc,
    0x41, 0x0, 0xc3, 0xb0, 0x64, 0xb6, 0xe0, 0x1e,
    0x67, 0x7f, 0xfe, 0xe, 0x90, 0x7, 0x43, 0xbc,
    0xc1, 0x93, 0x11, 0xff, 0xc1, 0x30, 0xf, 0xa2,
    0x29, 0xc3, 0x0, 0xff, 0xe7, 0x1c, 0x0, 0x7f,
    0xf3, 0xa1, 0xff, 0xff, 0xf8, 0x50, 0x1, 0xe1,
    0xef, 0xf9, 0xc0, 0x3f, 0xf8, 0x6e, 0x80, 0x1d,
    0x42, 0x1, 0xff, 0xc0, 0x10, 0xf, 0xae, 0x4c,
    0x97, 0x50, 0x3, 0xfe, 0x7e, 0xe7, 0xd9, 0x0,
    0x73, 0x66, 0xd1, 0x0, 0x7f, 0xd3, 0x2, 0x0,
    0x4c, 0x20, 0xf, 0xfe, 0x18, 0xbb, 0xd0, 0xc0,
    0x1c, 0x3c, 0xef, 0xff, 0xc2, 0x1d, 0x88, 0x9c,
    0x3, 0xe3, 0x88, 0xff, 0xe1, 0x69, 0x80, 0x7f,
    0xf3, 0x8a, 0x40, 0x3f, 0xf9, 0xd0, 0xdf, 0xf8,
    0x40, 0x3d, 0x1f, 0xff, 0xfc, 0x26, 0x0, 0xed,
    0x10, 0xc, 0xce, 0x1, 0xff, 0xc8, 0x3e, 0x96,
    0x7c, 0x90, 0xf, 0xfe, 0x20,

    /* U+F2DB "" */
    0x0, 0xf8, 0xd4, 0x3, 0x29, 0x0, 0x42, 0xc2,
    0x1, 0xff, 0xc1, 0x1c, 0xa4, 0x0, 0x35, 0x60,
    0x5, 0x53, 0x60, 0x1f, 0xfc, 0x12, 0x0, 0x10,
    0x3, 0x80, 0x44, 0x0, 0x60, 0x60, 0xf, 0xfe,
    0xd9, 0x5e, 0x80, 0x27, 0xfc, 0xe0, 0xe, 0xff,
    0x10, 0x1e, 0xb8, 0x7, 0xe1, 0xc4, 0x10, 0xf,
    0xfe, 0x11, 0x44, 0x80, 0x7d, 0x22, 0x1, 0xff,
    0xc6, 0x61, 0x0, 0x89, 0xdc, 0xa0, 0x11, 0x3c,
    0x47, 0xf9, 0x80, 0x34, 0x3b, 0x8b, 0xe2, 0x4,
    0x1, 0x64, 0x3b, 0xff, 0xa6, 0x0, 0x26, 0x88,
    0x7b, 0x80, 0x71, 0x88, 0x7, 0xff, 0x1, 0x0,
    0x3c, 0x95, 0xdc, 0x30, 0xe, 0x8d, 0xdf, 0xc4,
    0x1, 0xd5, 0xdc, 0x90, 0x11, 0x38, 0x7, 0x9,
    0x17, 0xe0, 0xf, 0x8, 0xc0, 0x1f, 0xfd, 0x16,
    0xcc, 0x20, 0x7, 0xff, 0x22, 0x73, 0xb, 0x6,
    0x60, 0xf, 0xfe, 0x49, 0x19, 0xae, 0xc, 0xc0,
    0x1f, 0xfc, 0x92, 0x33, 0x5b, 0x66, 0x10, 0x3,
    0xff, 0x91, 0x39, 0x85, 0x0, 0xff, 0xe8, 0x88,
    0x9c, 0x3, 0x84, 0x8b, 0xf0, 0x7, 0x84, 0x60,
    0xae, 0xe1, 0x80, 0x74, 0x6e, 0xfe, 0x20, 0xe,
    0xae, 0xe4, 0xb8, 0x7, 0x18, 0x7, 0xff, 0x5,
    0x0, 0x3c, 0x9f, 0x10, 0x20, 0xb, 0x61, 0xdf,
    0xfd, 0x30, 0x1, 0x34, 0x43, 0xc9, 0xdc, 0xa0,
    0x11, 0x3c, 0x47, 0xf9, 0x80, 0x34, 0x3b, 0x88,
    0x2, 0x91, 0x0, 0xff, 0xe3, 0x30, 0x80, 0x78,
    0x71, 0x4, 0x3, 0xff, 0x84, 0x51, 0x20, 0x1f,
    0x8a, 0xf4, 0x1, 0x3f, 0xe7, 0x0, 0x77, 0xf8,
    0x80, 0xf5, 0xc0, 0x3f, 0xfb, 0x64, 0x0, 0x20,
    0x7, 0x0, 0x88, 0x0, 0xc0, 0xc0, 0x1f, 0xfc,
    0x11, 0xca, 0x40, 0x3, 0x56, 0x80, 0x55, 0x36,
    0x1, 0xf0,

    /* U+F2F5 "" */
    0x0, 0x89, 0xa2, 0x32, 0x80, 0x7f, 0xf2, 0x6,
    0xb6, 0x5d, 0xf5, 0x20, 0x7, 0xff, 0x1f, 0x54,
    0x3, 0xe2, 0x0, 0xff, 0xe3, 0x39, 0x80, 0x7c,
    0x8e, 0x1, 0xf4, 0x30, 0x7, 0xf5, 0x80, 0x7,
    0x7f, 0xf5, 0x88, 0x7, 0x9d, 0xd3, 0x0, 0x1f,
    0x8c, 0x0, 0xc4, 0x1, 0xff, 0xc3, 0x78, 0x0,
    0xff, 0x78, 0x7, 0xff, 0x15, 0xe0, 0x3, 0xff,
    0xa0, 0xf0, 0x1, 0xff, 0xd0, 0x78, 0x0, 0xff,
    0xe0, 0x9e, 0x7f, 0xfa, 0x0, 0x3c, 0xf0, 0x1,
    0xff, 0xc0, 0xd3, 0x0, 0xff, 0xe1, 0x3c, 0x0,
    0x7f, 0x8c, 0x40, 0x3f, 0xf8, 0x8f, 0x0, 0x1f,
    0xfd, 0x6, 0x0, 0xff, 0xe8, 0x48, 0x7, 0xf1,
    0x88, 0x7, 0xff, 0x11, 0xdc, 0x1, 0xfe, 0xd3,
    0x0, 0xff, 0xe1, 0x3c, 0x0, 0x7f, 0xc7, 0x9f,
    0xfe, 0x80, 0xf, 0x3c, 0x0, 0x7f, 0xf3, 0x9e,
    0x0, 0x3f, 0xf9, 0xcf, 0x0, 0x1f, 0xbc, 0x3,
    0xff, 0x8a, 0xf0, 0x1, 0xe2, 0x0, 0x18, 0x7,
    0xff, 0x11, 0xe0, 0x3, 0xe7, 0x0, 0x26, 0x44,
    0x65, 0x0, 0xf9, 0x99, 0x30, 0x1, 0xfa, 0x0,
    0x23, 0x77, 0xd4, 0x80, 0x1e, 0x19, 0x60, 0xf,
    0xe2, 0xa0, 0xf, 0xc4, 0x1, 0xff, 0xc7, 0x5e,
    0x63, 0x0, 0xc8, 0xe0, 0x1f, 0xfc, 0x60,

    /* U+F2F9 "" */
    0x0, 0xff, 0xf0, 0x1b, 0x3b, 0x99, 0x4, 0x3,
    0xf3, 0x20, 0x7, 0xfc, 0xb5, 0xf9, 0x31, 0x9,
    0xbe, 0xd6, 0x0, 0xeb, 0x9b, 0x0, 0xfe, 0x3c,
    0xa5, 0x0, 0xfc, 0x53, 0xcc, 0x0, 0xb4, 0x0,
    0x10, 0x7, 0xcf, 0x86, 0x1, 0xff, 0xc0, 0x19,
    0xbb, 0x20, 0x7, 0xfa, 0xa0, 0x3, 0x2d, 0x6f,
    0xfb, 0xad, 0xc4, 0x2, 0x44, 0x0, 0x7f, 0xa1,
    0x40, 0x25, 0xea, 0x52, 0x0, 0xa, 0x47, 0x40,
    0x7, 0xff, 0x5, 0x5c, 0x2, 0xaa, 0x8, 0x7,
    0xf3, 0xa0, 0x7, 0xff, 0x2, 0xc0, 0x2a, 0x50,
    0xf, 0xfa, 0xd0, 0x3, 0xfe, 0x71, 0x0, 0x3a,
    0x80, 0x7f, 0xd6, 0x80, 0x1f, 0xfc, 0x9, 0x0,
    0xc, 0x0, 0x7f, 0xc8, 0x80, 0xf, 0xe3, 0x0,
    0x18, 0x80, 0x20, 0x3, 0xff, 0x80, 0xa6, 0x1,
    0xf9, 0x44, 0x1, 0x60, 0x13, 0x80, 0x7f, 0xf0,
    0x7, 0x3f, 0xff, 0x50, 0x4, 0x40, 0x2, 0x10,
    0xf, 0xfe, 0x73, 0x0, 0x18, 0x3, 0xff, 0x9e,
    0x20, 0x1, 0x0, 0xff, 0xe7, 0x88, 0x0, 0x40,
    0x3f, 0xf9, 0xec, 0x0, 0x60, 0xf, 0xfe, 0x79,
    0x0, 0x8, 0x40, 0x3f, 0xf9, 0xd6, 0x1, 0x30,
    0x7, 0xff, 0x38, 0xc4, 0x1, 0x20, 0x1f, 0xfc,
    0x61, 0x20, 0xf, 0xa4, 0x0, 0x30, 0x1, 0xff,
    0xc4, 0x3e, 0xd8, 0x0, 0xf3, 0x88, 0x1, 0xd4,
    0x3, 0xff, 0x84, 0x5a, 0x0, 0x60, 0xf, 0xa8,
    0x2, 0xa6, 0x0, 0xff, 0xe0, 0x1e, 0x8, 0x1,
    0x80, 0x3e, 0x48, 0x0, 0xa6, 0x88, 0x3, 0xf9,
    0xf0, 0x40, 0x7, 0x0, 0x1f, 0x9d, 0x80, 0x25,
    0xda, 0x62, 0x0, 0xa, 0x4f, 0x40, 0x4, 0x7a,
    0x1, 0xfe, 0x99, 0x0, 0x65, 0x9d, 0xff, 0x75,
    0xb0, 0x80, 0x4b, 0x82, 0x1, 0xff, 0x36, 0x20,
    0x7, 0xff, 0x0, 0xaa, 0x80, 0x1f, 0xfc, 0x23,
    0xbb, 0x28, 0x80, 0x7c, 0x93, 0xaa, 0x1, 0xff,
    0xc5, 0x4a, 0xec, 0xa9, 0x8a, 0xbf, 0xb6, 0x0,
    0xff, 0xe5, 0x1a, 0xb3, 0xaa, 0x0, 0x7f, 0xf0,
    0x0,

    /* U+F590 "" */
    0x0, 0xfe, 0x25, 0x67, 0x64, 0x0, 0xff, 0xe2,
    0xc, 0x6e, 0xaa, 0x62, 0x6f, 0xed, 0x0, 0x3f,
    0xf8, 0xf, 0xee, 0x40, 0x1f, 0x25, 0xd8, 0x80,
    0x3f, 0xaa, 0x4, 0x3, 0xfe, 0x4d, 0x40, 0xf,
    0xad, 0x40, 0x21, 0x8c, 0xef, 0xea, 0x50, 0xd,
    0x68, 0x1, 0xd2, 0x80, 0x13, 0xf3, 0x98, 0x80,
    0xad, 0x61, 0x80, 0x56, 0x40, 0x11, 0xb0, 0x5,
    0x70, 0x1, 0xf8, 0xf1, 0x40, 0x2e, 0x0, 0xbc,
    0x2, 0x94, 0x0, 0xff, 0xa8, 0xc0, 0x6, 0x80,
    0x66, 0x0, 0x2b, 0x0, 0x7f, 0xf0, 0x74, 0x2,
    0xf0, 0xb0, 0xa, 0x0, 0x3f, 0xf8, 0x42, 0xc0,
    0x4, 0x14, 0x0, 0x19, 0x0, 0x7f, 0xf0, 0xf4,
    0x2, 0x52, 0x0, 0x17, 0x7f, 0x40, 0x7, 0xe2,
    0xcf, 0xf4, 0x80, 0x44, 0x20, 0x1, 0x10, 0xb,
    0xb0, 0x7, 0xd8, 0x60, 0x2, 0x0, 0xb8, 0x3,
    0xf6, 0x80, 0x78, 0x84, 0x3, 0xff, 0x88, 0xe0,
    0x1e, 0x10, 0xf, 0xff, 0x79, 0x80, 0x7f, 0xf3,
    0x28, 0x3, 0xe7, 0x0, 0xff, 0xe2, 0x31, 0x80,
    0x78, 0x80, 0x3c, 0x40, 0x1f, 0xec, 0x60, 0xe,
    0xb0, 0xf, 0xb, 0x80, 0x7f, 0xa7, 0x6a, 0x27,
    0x88, 0x3, 0xe8, 0xb8, 0x85, 0x70, 0x7, 0x89,
    0x5d, 0x84, 0x3, 0xf9, 0x1d, 0xca, 0x40, 0xf,
    0x0, 0xff, 0x3d, 0x52, 0x50, 0x3, 0xc8, 0x0,
    0x20, 0xf, 0xeb, 0x85, 0x53, 0x5a, 0x0, 0x61,
    0x90, 0x2, 0x80, 0x7e, 0x24, 0x0, 0xef, 0x0,
    0x13, 0x78, 0x84, 0x80, 0x7f, 0xf1, 0x13, 0xfd,
    0xb2, 0x20, 0xac, 0x1, 0xfc, 0x4a, 0x1, 0xff,
    0x4d, 0x0, 0x7f, 0xd5, 0x2c, 0xdf, 0x3d, 0x73,
    0x0, 0x40,

    /* U+F5FD "" */
    0x0, 0xff, 0xe0, 0x91, 0x80, 0x7f, 0xf3, 0x1f,
    0xb7, 0x39, 0xc0, 0x3f, 0xf8, 0xe3, 0x1d, 0x2,
    0x0, 0x18, 0xf8, 0x10, 0xf, 0xfe, 0x11, 0x4f,
    0x38, 0x80, 0x7c, 0xfd, 0x24, 0x1, 0xfe, 0x3a,
    0xd6, 0x0, 0xff, 0xe0, 0x36, 0xd1, 0x80, 0x79,
    0x2f, 0x14, 0x3, 0xff, 0x88, 0xb9, 0x84, 0x0,
    0x26, 0xda, 0x0, 0x7f, 0xf2, 0xe, 0xf5, 0x28,
    0x80, 0x3f, 0xf9, 0x85, 0x48, 0x1, 0xff, 0xce,
    0x4a, 0xb4, 0x0, 0xff, 0xe5, 0x25, 0xd0, 0x25,
    0xea, 0x80, 0x7f, 0xf1, 0x97, 0x2d, 0x0, 0x31,
    0x57, 0x30, 0x7, 0xff, 0x9, 0xb6, 0x8c, 0x3,
    0x1c, 0xa0, 0xc, 0xf4, 0x8, 0x7, 0xe1, 0x7e,
    0x92, 0x0, 0x18, 0x2, 0x71, 0xaf, 0x58, 0x5,
    0xfa, 0x48, 0x3, 0x14, 0xf4, 0x8, 0x14, 0x7e,
    0x6a, 0x38, 0x4, 0x53, 0xce, 0x0, 0x6d, 0xa6,
    0x65, 0x6b, 0x0, 0x12, 0xf5, 0xc0, 0x5, 0x56,
    0x20, 0x18, 0x63, 0xe0, 0x41, 0x66, 0x4a, 0x0,
    0x6d, 0xb4, 0x0, 0xe6, 0x5e, 0xa2, 0x0, 0xe7,
    0xe9, 0x41, 0x25, 0x9f, 0x92, 0x0, 0xe6, 0xd8,
    0x0, 0x2e, 0xda, 0x0, 0x73, 0x5f, 0x6d, 0x30,
    0x7, 0xc, 0x7c, 0x90, 0x7, 0x25, 0xe2, 0x80,
    0x7f, 0xf0, 0xe, 0xb9, 0xc0, 0x38, 0xe5, 0x0,
    0x7, 0x5a, 0xc0, 0x1f, 0x97, 0x30, 0xa0, 0x4,
    0x93, 0x9, 0xc6, 0xbd, 0x60, 0x1, 0x4f, 0x38,
    0x80, 0x4d, 0xb4, 0x60, 0x6, 0xdb, 0x6c, 0x97,
    0x0, 0x8a, 0x79, 0xc0, 0x3, 0x1d, 0x76, 0xf9,
    0x20, 0x3, 0xf4, 0x90, 0x4, 0xf6, 0x20, 0x18,
    0x63, 0xe0, 0x40, 0x8, 0x80, 0x0, 0xc7, 0xc0,
    0x80, 0x61, 0xb5, 0xea, 0x20, 0xe, 0x7e, 0x94,
    0x11, 0x24, 0xf3, 0x80, 0x71, 0x57, 0x28, 0x1,
    0x76, 0xcc, 0x3, 0x9a, 0xfb, 0x96, 0xc0, 0x1c,
    0x77, 0xaa, 0x1, 0xe4, 0xcc, 0x20, 0x7, 0xff,
    0x1, 0x73, 0x8, 0x1, 0xfe, 0x3b, 0xd6, 0x0,
    0xfc, 0xdb, 0x46, 0x1, 0xff, 0xc2, 0x29, 0xe7,
    0x0, 0x85, 0xfa, 0x48, 0x3, 0xff, 0x8c, 0x31,
    0xf7, 0x6e, 0x81, 0x0, 0xff, 0x0,

    /* U+FB56 "ﭖ" */
    0x0, 0xff, 0xe4, 0x1c, 0x40, 0x0, 0x70, 0xe0,
    0x1f, 0xfc, 0x47, 0x78, 0x83, 0x9f, 0x40, 0x3f,
    0xf8, 0x8e, 0x0, 0x11, 0x10, 0x60, 0x7, 0xff,
    0x11, 0x0, 0x2, 0x40, 0x2, 0x0, 0xff, 0xe1,
    0x8c, 0x80, 0x91, 0x0, 0x1a, 0x1, 0xff, 0xc2,
    0x2c, 0x10, 0x90, 0x13, 0x6, 0x91, 0x0, 0xfe,
    0x26, 0xbd, 0x20, 0x57, 0x0, 0x78, 0x1, 0xbb,
    0x25, 0xd9, 0xe2, 0xb3, 0xf6, 0x50, 0x1, 0x14,
    0x1, 0x1e, 0x98, 0x0, 0xda, 0x26, 0x1d, 0x4c,
    0x2, 0x28, 0xe7, 0x0, 0xe2, 0xcc, 0x3a, 0x8,
    0x4, 0x26, 0xaf, 0x5d, 0xae, 0x20, 0x1f, 0x8e,
    0x2f, 0xbf, 0xee, 0xca, 0x85, 0x10, 0xf, 0xfe,
    0x1b, 0x7d, 0x7, 0xf8, 0x3, 0xff, 0xbc, 0xdf,
    0x41, 0xfe, 0x0, 0xff, 0xe4, 0x88, 0x7, 0xff,
    0x2a, 0xf9, 0x40, 0x3f, 0xfa, 0xe0,

    /* U+FB57 "ﭗ" */
    0x0, 0xff, 0xe4, 0x1c, 0x40, 0x3, 0x8e, 0x1c,
    0x3, 0xff, 0x8a, 0xee, 0x10, 0xd, 0xcf, 0xa0,
    0x1f, 0xfc, 0x41, 0x0, 0x10, 0x4, 0x24, 0x18,
    0x1, 0xff, 0xc4, 0x70, 0x3, 0x80, 0x44, 0x0,
    0x20, 0xf, 0xfe, 0x19, 0x58, 0x0, 0x40, 0x22,
    0x0, 0x68, 0x7, 0xff, 0x9, 0xb0, 0x40, 0x18,
    0x1, 0x9, 0x83, 0x48, 0x80, 0x7f, 0x13, 0xec,
    0x88, 0x4, 0xe4, 0x1, 0x70, 0x83, 0x76, 0x4b,
    0xbd, 0x13, 0x9f, 0xb0, 0x40, 0x7, 0xa0, 0x1d,
    0x96, 0x2, 0xc4, 0x0, 0x1b, 0x44, 0x4e, 0xc6,
    0x1, 0xb, 0xec, 0x2b, 0x0, 0x1a, 0x80, 0x5,
    0x78, 0xe8, 0x20, 0x10, 0x92, 0x3d, 0x6f, 0x41,
    0x0, 0x26, 0x8, 0x3, 0xc7, 0x17, 0xdf, 0xf7,
    0x6d, 0xc2, 0x90, 0x7, 0x9f, 0x7f, 0x0, 0x3f,
    0x37, 0xd0, 0x7f, 0x80, 0x3f, 0xfc, 0x8d, 0xf4,
    0x1f, 0xe0, 0xf, 0xfe, 0x60, 0x80, 0x7f, 0xf3,
    0x6f, 0x94, 0x3, 0xff, 0xba,

    /* U+FB58 "ﭘ" */
    0x0, 0x8b, 0xfc, 0xa0, 0x1f, 0xfc, 0x86, 0x0,
    0x8, 0x6, 0xd0, 0x3, 0x1, 0x46, 0x30, 0x11,
    0x1, 0x9c, 0xc0, 0x10, 0x1, 0xc7, 0x4a, 0x0,
    0x4f, 0xf6, 0x28, 0x7, 0x57, 0xb1, 0xfe, 0x80,
    0x7f, 0xab, 0xd8, 0xff, 0x40, 0x38, 0x40, 0x3d,
    0xfc, 0x20, 0x1f, 0xc0,

    /* U+FB59 "ﭙ" */
    0x0, 0x8b, 0xfc, 0xa0, 0x1f, 0xfc, 0xe6, 0x0,
    0x18, 0x7, 0xb4, 0x1, 0x40, 0x11, 0x46, 0x30,
    0x0, 0xf6, 0x55, 0x9c, 0xc0, 0x31, 0x37, 0x0,
    0x47, 0x78, 0x80, 0x12, 0x7f, 0xb1, 0xe, 0xff,
    0xd6, 0x0, 0xaf, 0x63, 0xfd, 0x0, 0xff, 0xe1,
    0x57, 0xb1, 0xfe, 0x80, 0x7c, 0x20, 0x1f, 0xbf,
    0x84, 0x3, 0xff, 0x82,

    /* U+FB7A "ﭺ" */
    0x36, 0x9c, 0xdf, 0xfd, 0xd9, 0x4c, 0x20, 0x17,
    0x4b, 0x19, 0x0, 0x61, 0x35, 0x95, 0x0, 0xc2,
    0x8f, 0x32, 0x20, 0xe, 0x17, 0x0, 0xbb, 0x97,
    0x5, 0x24, 0x5, 0x19, 0xfc, 0x60, 0x11, 0x80,
    0x1a, 0xc0, 0x67, 0x5c, 0xc0, 0x3f, 0x1c, 0x81,
    0x7b, 0x0, 0x7f, 0xdc, 0x3, 0x82, 0x1, 0xff,
    0x31, 0x5, 0x8, 0x7, 0xff, 0x2, 0x80, 0xd0,
    0x1, 0xfe, 0x18, 0xf8, 0x0, 0xc2, 0x61, 0x60,
    0x1f, 0xfc, 0x13, 0x0, 0x10, 0x5, 0xfc, 0x31,
    0xd0, 0x1, 0x84, 0x0, 0x20, 0x18, 0xbf, 0x44,
    0x3, 0x88, 0x0, 0x40, 0x1f, 0xfc, 0x11, 0x10,
    0x68, 0x6, 0x3e, 0xd0, 0xf, 0x98, 0x11, 0x40,
    0x30, 0x80, 0x7e, 0x91, 0xa, 0x70, 0xf, 0xc9,
    0x80, 0x1, 0xa0, 0x4, 0x75, 0x32, 0xa2, 0xc6,
    0xd9, 0x80, 0x49, 0xa6, 0x2, 0xb3, 0x57, 0x4e,
    0x40, 0x20, 0x18, 0xb3, 0xe, 0x84, 0x20, 0x2,
    0x59, 0xe0,

    /* U+FB7B "ﭻ" */
    0x36, 0x9c, 0xef, 0xfd, 0xb9, 0x4c, 0x20, 0x17,
    0x4b, 0x18, 0x80, 0x62, 0x35, 0x95, 0x0, 0xc2,
    0x8f, 0x32, 0x20, 0xe, 0x17, 0x0, 0xbb, 0x97,
    0x5, 0x24, 0x1, 0xa3, 0x8c, 0x2, 0x30, 0x3,
    0x58, 0x2, 0x7e, 0x2, 0x80, 0x3e, 0x39, 0x2,
    0xd6, 0x6, 0x2, 0x30, 0xf, 0x70, 0xe, 0x10,
    0x0, 0x54, 0x20, 0x3, 0x98, 0x82, 0x84, 0x3,
    0x48, 0x22, 0x80, 0x6a, 0x3, 0x40, 0xe, 0x34,
    0xa, 0x40, 0x0, 0x98, 0x58, 0x3d, 0xa1, 0x5c,
    0xd0, 0x2, 0xf1, 0xc, 0x0, 0x41, 0xa8, 0x42,
    0x88, 0x1b, 0x0, 0x18, 0x88, 0x0, 0x21, 0x34,
    0xe5, 0x52, 0x9, 0xa8, 0x0, 0x20, 0x1, 0x1,
    0xa8, 0x89, 0x50, 0x0, 0x57, 0xea, 0x22, 0xd,
    0x0, 0xbf, 0xc2, 0x1, 0xf9, 0x81, 0x14, 0x3,
    0xff, 0x83, 0x22, 0x14, 0xe1, 0xfe, 0x10, 0xc,
    0x30, 0x0, 0x1a, 0x0, 0x47, 0x53, 0x2a, 0x2b,
    0xdf, 0x38, 0x4, 0x9a, 0x60, 0x2b, 0x35, 0x75,
    0x8, 0x2, 0x1, 0x8b, 0x30, 0xe8, 0x42, 0x0,
    0x25, 0x9e, 0x0,

    /* U+FB7C "ﭼ" */
    0x0, 0xb3, 0xfd, 0xdb, 0x70, 0xa2, 0x1, 0xf8,
    0x40, 0x2, 0x48, 0xf5, 0xdb, 0x4, 0x1, 0xd4,
    0xcc, 0x53, 0x20, 0x8, 0x9f, 0x70, 0x80, 0x27,
    0x99, 0x56, 0x6f, 0xe4, 0x10, 0x0, 0xd8, 0x3,
    0xfc, 0x38, 0x40, 0x2, 0x60, 0xf, 0xe4, 0xc4,
    0x1, 0xad, 0x20, 0xf, 0xcf, 0x62, 0xf, 0xca,
    0x1, 0xf9, 0x32, 0x0, 0x72, 0x0, 0x31, 0x44,
    0x26, 0xfa, 0xcc, 0xf, 0xcc, 0x3, 0x99, 0xdc,
    0xc8, 0x20, 0x7, 0xc1, 0x0, 0xfe, 0x13, 0x6a,
    0xf8, 0x0, 0xfc, 0x9f, 0xee, 0xc9, 0x50, 0xf,
    0xfe, 0x24, 0x7c, 0xf, 0xf8, 0x3, 0xff, 0xa1,
    0x1f, 0x3, 0xfe, 0x0, 0xff, 0xe0, 0xef, 0x98,
    0x7, 0xff, 0x4f, 0x7c, 0xc0, 0x3c,

    /* U+FB7D "ﭽ" */
    0x0, 0xb3, 0xfd, 0xdb, 0x70, 0xa2, 0x1, 0xff,
    0x8, 0x0, 0x49, 0x1e, 0xbb, 0x60, 0x80, 0x3f,
    0x53, 0x31, 0x4c, 0x80, 0x22, 0x7d, 0xc2, 0x0,
    0xf3, 0xcc, 0xab, 0x37, 0xf6, 0x48, 0x0, 0x6c,
    0x1, 0xff, 0xc2, 0xa2, 0x0, 0x13, 0x0, 0x7f,
    0xf0, 0x13, 0x4c, 0x0, 0xba, 0x40, 0x1f, 0xf3,
    0xd8, 0x0, 0x41, 0x4c, 0x3, 0xfc, 0x99, 0x0,
    0x39, 0xa0, 0xd, 0x30, 0x8, 0xa2, 0x13, 0x7d,
    0x66, 0x7, 0xe6, 0x67, 0x1, 0xcb, 0x82, 0x67,
    0x73, 0x20, 0x80, 0x1f, 0x4, 0x1, 0xa, 0x0,
    0x47, 0x70, 0x4, 0x26, 0xd5, 0xf0, 0x1, 0xd5,
    0x44, 0x10, 0x2, 0x7f, 0xbb, 0x25, 0x40, 0x3f,
    0x2d, 0xf7, 0xa8, 0x7, 0xa3, 0xe0, 0x7f, 0xc0,
    0x1f, 0xfd, 0x68, 0xf8, 0x1f, 0xf0, 0x7, 0xff,
    0x13, 0x7c, 0xc0, 0x3f, 0xfb, 0x3b, 0xe6, 0x1,
    0xfc,

    /* U+FB8A "ﮊ" */
    0x0, 0xff, 0xe6, 0xbf, 0xc8, 0x7, 0xff, 0x3d,
    0xfe, 0x40, 0x3f, 0xc5, 0xfc, 0x19, 0xea, 0x1,
    0xff, 0xcb, 0x2f, 0xe0, 0xcf, 0x50, 0xf, 0xfe,
    0xe1, 0x44, 0x4, 0x3, 0xfe, 0x37, 0x73, 0x0,
    0x7f, 0xc2, 0x41, 0x80, 0x1f, 0xfc, 0x6, 0x7,
    0x0, 0xff, 0xe0, 0x8, 0x8, 0x7, 0xff, 0x0,
    0x40, 0x40, 0x3f, 0xf8, 0xa, 0xa, 0x1, 0xff,
    0x20, 0x86, 0x0, 0x7f, 0xd2, 0x0, 0x40, 0xf,
    0xf5, 0x90, 0x38, 0x80, 0x7e, 0x2c, 0x40, 0x29,
    0x0, 0xf8, 0xe7, 0x4c, 0x7, 0xc4, 0x0, 0x31,
    0x37, 0xd8, 0xc0, 0x5, 0xf2, 0x0, 0x8d, 0xd9,
    0x4, 0x0, 0xb9, 0x42, 0x1, 0xe1, 0x36, 0xaf,
    0xa3, 0x0, 0xf0,

    /* U+FB8B "ﮋ" */
    0x0, 0xff, 0xe8, 0x3f, 0xc8, 0x7, 0xff, 0x55,
    0xfe, 0x40, 0x3f, 0xf8, 0x25, 0xfc, 0x19, 0xea,
    0x1, 0xff, 0xd1, 0x2f, 0xe0, 0xcf, 0x50, 0xf,
    0xff, 0x29, 0x44, 0x4, 0x3, 0xff, 0x84, 0x6e,
    0xf0, 0x7, 0xff, 0x8, 0x48, 0x30, 0x3, 0xff,
    0x86, 0xc0, 0x80, 0x1f, 0xfc, 0x31, 0x1, 0x70,
    0xf, 0xfe, 0x10, 0x80, 0x22, 0xe1, 0x40, 0x3f,
    0xe5, 0x0, 0x91, 0xf8, 0x3, 0xfc, 0x82, 0xe,
    0x60, 0x1f, 0xfc, 0x19, 0x0, 0x46, 0x7f, 0xac,
    0x3, 0xfa, 0xc8, 0x1c, 0x3, 0xff, 0x80, 0x5a,
    0x80, 0x50, 0x1, 0xfe, 0x3a, 0xd2, 0x2, 0xc0,
    0xf, 0xc, 0x4d, 0xf6, 0x28, 0x1, 0xb4, 0x40,
    0x3c, 0x6e, 0xc8, 0x20, 0x5, 0xd9, 0x0, 0xff,
    0x9, 0xb5, 0x7d, 0x10, 0x7, 0xf0,

    /* U+FB8E "ﮎ" */
    0x0, 0xff, 0xe5, 0x88, 0x7, 0xff, 0x29, 0x2f,
    0x84, 0x3, 0xff, 0x8c, 0x2f, 0xb6, 0x80, 0x1f,
    0xfc, 0x63, 0xae, 0x82, 0x2, 0x81, 0x0, 0xff,
    0xe1, 0x36, 0x61, 0x40, 0x9, 0x7a, 0xe0, 0x1f,
    0xfc, 0x12, 0xd9, 0x30, 0x17, 0xdb, 0x40, 0xf,
    0xfe, 0x1c, 0x90, 0x14, 0xf4, 0x10, 0x7, 0xff,
    0x15, 0x0, 0xf5, 0x80, 0x3f, 0xf9, 0x4e, 0x1,
    0xff, 0xca, 0x50, 0x46, 0x0, 0xff, 0xe4, 0xd9,
    0x4, 0xa0, 0x7, 0xff, 0x20, 0x7c, 0x1, 0x64,
    0x1, 0xff, 0xc8, 0x2b, 0x0, 0x78, 0x80, 0x7f,
    0xf2, 0x12, 0x0, 0xb4, 0x3, 0xe3, 0x87, 0x0,
    0xff, 0x9d, 0x40, 0xdc, 0x3, 0xdc, 0xfa, 0x1,
    0xff, 0xc0, 0xa1, 0x9, 0x0, 0xe1, 0x20, 0xc0,
    0xf, 0xfe, 0xb, 0x0, 0x90, 0x6, 0x20, 0x1,
    0x0, 0x7f, 0xf0, 0x44, 0x0, 0x60, 0x18, 0x80,
    0x1a, 0x1, 0xff, 0xc0, 0x66, 0x1, 0x8, 0x6,
    0x13, 0x6, 0x91, 0x0, 0xf8, 0x5b, 0x64, 0x1,
    0x0, 0x1e, 0xf0, 0x3, 0x76, 0x4b, 0xb3, 0xce,
    0x74, 0x90, 0x2, 0x54, 0x3, 0xc7, 0xa6, 0x0,
    0x36, 0x89, 0x86, 0x30, 0x1, 0x47, 0x30, 0x7,
    0xe2, 0xcc, 0x3a, 0x8, 0x0, 0x49, 0x67, 0x74,
    0xe2, 0x1, 0xf0,

    /* U+FB8F "ﮏ" */
    0x0, 0xff, 0xe5, 0x88, 0x7, 0xff, 0x31, 0x2b,
    0x84, 0x3, 0xff, 0x92, 0xdb, 0x6a, 0x1, 0xff,
    0xc8, 0x29, 0xf9, 0x20, 0x28, 0x10, 0xf, 0xfe,
    0x22, 0x5e, 0xb0, 0x1, 0x2f, 0x5c, 0x3, 0xff,
    0x86, 0x39, 0x68, 0x2, 0xfb, 0x68, 0x1, 0xff,
    0xc5, 0xb3, 0x2, 0x9e, 0x82, 0x0, 0xff, 0xe3,
    0xa8, 0x1e, 0xb0, 0x7, 0xff, 0x31, 0xc0, 0x3f,
    0xf9, 0x86, 0x8, 0xc0, 0x1f, 0xfc, 0xbe, 0x0,
    0x4a, 0x0, 0x7f, 0xf2, 0x8a, 0xc0, 0x14, 0x40,
    0x1f, 0xfc, 0xa4, 0x80, 0x1f, 0x0, 0xff, 0xe5,
    0xba, 0x81, 0x58, 0x7, 0xf1, 0xc3, 0x80, 0x7f,
    0xd4, 0x40, 0x90, 0x1, 0xfb, 0xdf, 0x0, 0x3f,
    0xf8, 0x1e, 0x0, 0x75, 0x0, 0xf0, 0x98, 0x68,
    0x7, 0xff, 0x0, 0x98, 0x1, 0x46, 0x1, 0xc6,
    0x0, 0x20, 0xf, 0xfe, 0x8, 0x80, 0x5a, 0x20,
    0x1f, 0x18, 0x7, 0xff, 0x0, 0x54, 0x2, 0x1d,
    0x0, 0xc4, 0x21, 0x8, 0x1, 0xfc, 0x2f, 0xe4,
    0x10, 0x80, 0x7d, 0x30, 0x61, 0x0, 0xb, 0xb3,
    0x10, 0x80, 0x9, 0xab, 0xa0, 0x42, 0x1e, 0xcc,
    0x5, 0x9d, 0x1, 0xa0, 0x0, 0x93, 0xbd, 0xfe,
    0xd9, 0x50, 0x2, 0x6b, 0x80, 0x32, 0x48, 0x3,
    0x9f, 0x58, 0x40, 0x3e, 0x27, 0xdb, 0x20, 0xc,
    0xdb, 0xfe, 0x70, 0x8, 0xa7, 0xb6, 0xea, 0x65,
    0x7d, 0xb0, 0x40, 0x1f, 0xf0,

    /* U+FB90 "ﮐ" */
    0x0, 0xff, 0xe1, 0x8, 0x7, 0xfc, 0x31, 0xc8,
    0x1, 0xfc, 0x95, 0xce, 0x20, 0x1f, 0x9b, 0x6d,
    0x40, 0xc, 0x80, 0x18, 0xa7, 0xe4, 0x80, 0xa3,
    0xa4, 0x40, 0x2a, 0xd6, 0x0, 0x25, 0xeb, 0x88,
    0x6, 0x65, 0x0, 0x36, 0xda, 0x0, 0x7d, 0x40,
    0xd, 0x92, 0x0, 0xff, 0xe0, 0x10, 0x7, 0xfd,
    0x60, 0xa, 0x0, 0xff, 0x9c, 0xc1, 0x5c, 0x3,
    0xfe, 0xd1, 0x8, 0x40, 0xf, 0xf0, 0xe8, 0x2,
    0xc8, 0x3, 0xfc, 0x74, 0x0, 0xc1, 0x0, 0xff,
    0x2b, 0x80, 0xd8, 0x7, 0xfd, 0x6, 0xa, 0x40,
    0x1f, 0xf4, 0x0, 0x10, 0x3, 0xff, 0x84, 0x60,
    0x1f, 0xf7, 0x80, 0x1c, 0x3, 0x14, 0x46, 0x9d,
    0x40, 0x32, 0x0, 0xcc, 0xef, 0x98, 0x80, 0x78,
    0x3, 0xfe, 0x26, 0xf2, 0x0, 0xe0,

    /* U+FB91 "ﮑ" */
    0x0, 0xff, 0xe1, 0x8, 0x7, 0xff, 0x4, 0x63,
    0x90, 0x3, 0xfe, 0x4a, 0xe7, 0x10, 0xf, 0xf3,
    0x6d, 0xa8, 0x1, 0x90, 0x3, 0xc5, 0x3f, 0x24,
    0x5, 0x1d, 0x22, 0x1, 0xd5, 0xac, 0x0, 0x4b,
    0xd7, 0x10, 0xf, 0x32, 0x80, 0x1b, 0x6d, 0x0,
    0x3f, 0xa8, 0x1, 0xb2, 0x40, 0x1f, 0xfc, 0x22,
    0x0, 0xff, 0xe0, 0xd8, 0x2, 0x80, 0x3f, 0xf8,
    0x2e, 0x60, 0xae, 0x1, 0xff, 0xc1, 0xd1, 0x8,
    0x40, 0xf, 0xfe, 0x0, 0xe8, 0x2, 0xc8, 0x3,
    0xff, 0x80, 0x74, 0x0, 0xf1, 0x0, 0xff, 0xe0,
    0x2b, 0x81, 0x50, 0x7, 0xff, 0x6, 0xc, 0x12,
    0x40, 0x3f, 0xf8, 0x30, 0x0, 0x66, 0x0, 0x7f,
    0xf1, 0x25, 0x0, 0x3f, 0xef, 0x0, 0xd4, 0x40,
    0x11, 0x44, 0x69, 0xd4, 0x4, 0x90, 0x1d, 0xa8,
    0x66, 0x3b, 0xe6, 0x20, 0x1a, 0x66, 0x0, 0x15,
    0xf4, 0x3, 0xc4, 0xde, 0x21, 0x36, 0x80, 0x10,

    /* U+FB92 "ﮒ" */
    0x0, 0xff, 0xf1, 0xc, 0x70, 0x80, 0x7f, 0xf1,
    0xd2, 0xf9, 0xc4, 0x40, 0x1f, 0xfc, 0x41, 0x7d,
    0xb4, 0x17, 0xd0, 0xf, 0xfe, 0x19, 0xd7, 0x41,
    0x1d, 0x74, 0x18, 0x7, 0xff, 0x5, 0x77, 0x14,
    0x1b, 0x71, 0x52, 0xf8, 0x40, 0x3f, 0xf8, 0x1c,
    0x44, 0x9f, 0x93, 0x7d, 0xb4, 0x0, 0xff, 0xe1,
    0x6e, 0x6b, 0x1d, 0x74, 0x10, 0x14, 0x8, 0x7,
    0xff, 0x1, 0x8d, 0xb3, 0xa, 0x0, 0x4b, 0xd7,
    0x0, 0xff, 0xe0, 0x96, 0xc9, 0x80, 0xbe, 0xda,
    0x0, 0x7f, 0xf0, 0xe4, 0x80, 0xa7, 0xa0, 0x80,
    0x3f, 0xf8, 0xa8, 0x7, 0xac, 0x1, 0xff, 0xca,
    0x70, 0xf, 0xfe, 0x52, 0x82, 0x30, 0x7, 0xff,
    0x26, 0xc8, 0x25, 0x0, 0x3f, 0xf9, 0x3, 0xe0,
    0xb, 0x20, 0xf, 0xfe, 0x41, 0x58, 0x3, 0xc4,
    0x3, 0xff, 0x90, 0x90, 0x5, 0xa0, 0x1f, 0x1c,
    0x38, 0x7, 0xfc, 0xea, 0x6, 0xe0, 0x1e, 0xe7,
    0xd0, 0xf, 0xfe, 0x5, 0x8, 0x48, 0x7, 0x9,
    0x6, 0x0, 0x7f, 0xf0, 0x58, 0x4, 0x80, 0x31,
    0x0, 0x8, 0x3, 0xff, 0x82, 0x20, 0x3, 0x0,
    0xc4, 0x0, 0xd0, 0xf, 0xfe, 0x3, 0x30, 0x8,
    0x40, 0x30, 0x98, 0x34, 0x88, 0x7, 0xc2, 0xdb,
    0x20, 0x8, 0x0, 0xf7, 0x80, 0x1b, 0xb2, 0x5d,
    0x9e, 0x73, 0xa4, 0x80, 0x12, 0xa0, 0x1e, 0x3d,
    0x30, 0x1, 0xb4, 0x4c, 0x31, 0x80, 0xa, 0x39,
    0x80, 0x3f, 0x16, 0x61, 0xd0, 0x40, 0x2, 0x4b,
    0x3b, 0xa7, 0x10, 0xf, 0x80,

    /* U+FB93 "ﮓ" */
    0x0, 0xff, 0xf2, 0xc, 0x70, 0x80, 0x7f, 0xf2,
    0x52, 0xf9, 0xc4, 0x40, 0x1f, 0xfc, 0x61, 0x7d,
    0xb4, 0x17, 0xd0, 0xf, 0xfe, 0x29, 0xd7, 0x41,
    0x1d, 0x74, 0x18, 0x7, 0xff, 0xd, 0x77, 0x14,
    0x1b, 0x71, 0x52, 0xb8, 0x40, 0x3f, 0xf8, 0x5c,
    0x44, 0x9f, 0x92, 0x6d, 0xb5, 0x0, 0xff, 0xe2,
    0x6e, 0x6b, 0x14, 0xfc, 0x90, 0x14, 0x8, 0x7,
    0xff, 0x9, 0x8d, 0x2f, 0x58, 0x0, 0x97, 0xae,
    0x1, 0xff, 0xc3, 0x1c, 0xb4, 0x1, 0x7d, 0xb4,
    0x0, 0xff, 0xe2, 0xd9, 0x81, 0x4f, 0x41, 0x0,
    0x7f, 0xf1, 0xd4, 0xf, 0x58, 0x3, 0xff, 0x98,
    0xe0, 0x1f, 0xfc, 0xc3, 0x4, 0x60, 0xf, 0xfe,
    0x5f, 0x0, 0x25, 0x0, 0x3f, 0xf9, 0x45, 0x60,
    0xa, 0x20, 0xf, 0xfe, 0x52, 0x40, 0xf, 0x80,
    0x7f, 0xf2, 0xdd, 0x40, 0xac, 0x3, 0xf8, 0xe1,
    0xc0, 0x3f, 0xea, 0x20, 0x48, 0x0, 0xfd, 0xef,
    0x80, 0x1f, 0xfc, 0xf, 0x0, 0x3a, 0x80, 0x78,
    0x4c, 0x34, 0x3, 0xff, 0x80, 0x4c, 0x0, 0xa3,
    0x0, 0xe3, 0x0, 0x10, 0x7, 0xff, 0x4, 0x40,
    0x2d, 0x10, 0xf, 0x8c, 0x3, 0xff, 0x80, 0x2a,
    0x1, 0xe, 0x80, 0x62, 0x10, 0x84, 0x0, 0xfe,
    0x17, 0xf2, 0x8, 0x40, 0x3e, 0x98, 0x30, 0x80,
    0x5, 0xd9, 0x88, 0x40, 0x4, 0xd5, 0xd0, 0x21,
    0xf, 0x66, 0x2, 0xce, 0x80, 0xd0, 0x0, 0x49,
    0xde, 0xff, 0x6c, 0xa8, 0x1, 0x35, 0xc0, 0x19,
    0x24, 0x1, 0xcf, 0xac, 0x20, 0x1f, 0x13, 0xed,
    0x90, 0x6, 0x6d, 0xff, 0x38, 0x4, 0x53, 0xdb,
    0x75, 0x32, 0xbe, 0xd8, 0x20, 0xf, 0xf8,

    /* U+FB94 "ﮔ" */
    0x0, 0xff, 0xe7, 0xae, 0x28, 0x7, 0xf0, 0xc7,
    0x51, 0x80, 0x7e, 0x4b, 0xe7, 0x14, 0xb5, 0x0,
    0xc2, 0xfb, 0x68, 0x2f, 0xb6, 0x82, 0x0, 0x2a,
    0xe8, 0x23, 0xae, 0x83, 0x8e, 0x40, 0x2, 0xa8,
    0x1b, 0x71, 0x52, 0xb9, 0xc4, 0x2, 0x29, 0xf9,
    0x26, 0xdb, 0x50, 0x3, 0x20, 0x1, 0x58, 0xa7,
    0xe4, 0x80, 0xa3, 0xa4, 0x40, 0x2a, 0xd6, 0x0,
    0x25, 0xeb, 0x88, 0x6, 0x65, 0x0, 0x36, 0xda,
    0x0, 0x7d, 0x40, 0xd, 0x92, 0x0, 0xff, 0xe0,
    0x10, 0x7, 0xfd, 0x60, 0xa, 0x0, 0xff, 0x9c,
    0xc1, 0x5c, 0x3, 0xfe, 0xd1, 0x8, 0x40, 0xf,
    0xf0, 0xe8, 0x2, 0xc8, 0x3, 0xfc, 0x74, 0x0,
    0xc1, 0x0, 0xff, 0x2b, 0x80, 0xd8, 0x7, 0xfd,
    0x6, 0xa, 0x40, 0x1f, 0xf4, 0x0, 0x10, 0x3,
    0xff, 0x84, 0x60, 0x1f, 0xf7, 0x80, 0x1c, 0x3,
    0x14, 0x46, 0x9d, 0x40, 0x32, 0x0, 0xcc, 0xef,
    0x98, 0x80, 0x78, 0x3, 0xfe, 0x26, 0xf2, 0x0,
    0xe0,

    /* U+FB95 "ﮕ" */
    0x0, 0xff, 0xe8, 0xae, 0x28, 0x7, 0xfc, 0x31,
    0xd4, 0x60, 0x1f, 0xe4, 0xbe, 0x71, 0x4b, 0x50,
    0xf, 0xb, 0xed, 0xa0, 0xbe, 0xda, 0x8, 0x6,
    0x2a, 0xe8, 0x23, 0xae, 0x83, 0x8e, 0x40, 0xc,
    0xaa, 0x6, 0xdc, 0x54, 0xae, 0x71, 0x0, 0xe2,
    0x9f, 0x92, 0x6d, 0xb5, 0x0, 0x32, 0x0, 0x65,
    0x62, 0x9f, 0x92, 0x2, 0x8e, 0x91, 0x0, 0xea,
    0xd6, 0x0, 0x25, 0xeb, 0x88, 0x7, 0x99, 0x40,
    0xd, 0xb6, 0x80, 0x1f, 0xd4, 0x0, 0xd9, 0x20,
    0xf, 0xfe, 0x11, 0x0, 0x7f, 0xf0, 0x6c, 0x1,
    0x40, 0x1f, 0xfc, 0x17, 0x30, 0x57, 0x0, 0xff,
    0xe0, 0xe8, 0x84, 0x20, 0x7, 0xff, 0x0, 0x74,
    0x1, 0x64, 0x1, 0xff, 0xc0, 0x3a, 0x0, 0x78,
    0x80, 0x7f, 0xf0, 0x15, 0xc0, 0xa8, 0x3, 0xff,
    0x83, 0x6, 0x9, 0x20, 0x1f, 0xfc, 0x18, 0x0,
    0x33, 0x0, 0x3f, 0xf8, 0x92, 0x80, 0x1f, 0xf7,
    0x80, 0x6a, 0x20, 0x8, 0xa2, 0x34, 0xea, 0x2,
    0x48, 0xe, 0xd4, 0x33, 0x1d, 0xf3, 0x10, 0xd,
    0x33, 0x0, 0xa, 0xfa, 0x1, 0xe2, 0x6f, 0x10,
    0x9b, 0x40, 0x8,

    /* U+FBFC "ﯼ" */
    0x0, 0xff, 0xe0, 0x91, 0x0, 0x3f, 0xf8, 0x67,
    0x7f, 0xba, 0xfb, 0x30, 0xf, 0xf9, 0xb1, 0x0,
    0x32, 0x62, 0x0, 0x7f, 0xc, 0x80, 0xcf, 0x7d,
    0x88, 0x40, 0x7, 0xf1, 0x80, 0x21, 0x84, 0x12,
    0xd9, 0x40, 0x3f, 0x88, 0x1, 0xa, 0x1, 0x2c,
    0xc8, 0x3, 0xfd, 0x0, 0x35, 0xf2, 0x60, 0x1c,
    0x6e, 0xe0, 0xe, 0x7a, 0x20, 0x3, 0x65, 0x0,
    0x6f, 0x8b, 0x0, 0xf2, 0xee, 0x39, 0x2, 0xd0,
    0x0, 0x4c, 0x2c, 0x3, 0xf1, 0xc6, 0xa8, 0x29,
    0x1, 0x80, 0xc, 0x3, 0xfe, 0x30, 0x0, 0x81,
    0x80, 0xc, 0x3, 0xfc, 0x8c, 0x2, 0x60, 0x24,
    0x12, 0x60, 0x1f, 0x25, 0x58, 0x2, 0x0, 0x29,
    0x1, 0xcc, 0x43, 0xc5, 0x6f, 0xda, 0x80, 0x25,
    0x80, 0x24, 0xa0, 0x1, 0xbc, 0x3a, 0x90, 0x4,
    0xda, 0xc0, 0x1c, 0xbc, 0xe4, 0x0, 0x12, 0x58,
    0xcf, 0x92, 0x0, 0xc0,

    /* U+FBFD "ﯽ" */
    0x0, 0xff, 0xe1, 0xd, 0xff, 0xa4, 0x3, 0xc4,
    0x40, 0xf, 0xe1, 0xf4, 0x0, 0x35, 0x80, 0x6a,
    0xdf, 0x0, 0xfe, 0x81, 0x6, 0x50, 0x46, 0x0,
    0x94, 0x28, 0x3, 0xf8, 0x80, 0x11, 0x46, 0x12,
    0x40, 0x40, 0x2, 0x0, 0xfe, 0xf0, 0x7, 0x9e,
    0x80, 0x31, 0x40, 0x3f, 0xf8, 0x29, 0x40, 0x30,
    0x34, 0x3, 0x84, 0x0, 0x81, 0x0, 0xfe, 0x41,
    0x7, 0x5, 0xb2, 0x0, 0x38, 0x17, 0xb9, 0x0,
    0x42, 0x49, 0x1e, 0x21, 0x40, 0x4, 0xd9, 0x8,
    0x50, 0x18, 0xdf, 0xfb, 0xb6, 0xdc, 0x42, 0x18,
    0x3, 0xea, 0xa1, 0x0, 0x7e, 0x16, 0xd7, 0x0,
    0xfe, 0x5d, 0xea, 0x98, 0x84, 0xd6, 0xf4, 0x90,
    0x7, 0xc0,

    /* U+FBFE "ﯾ" */
    0x0, 0x8b, 0xfc, 0xa0, 0x1f, 0xfc, 0x86, 0x0,
    0x8, 0x6, 0xd0, 0x3, 0x1, 0x46, 0x30, 0x11,
    0x1, 0x9c, 0xc0, 0x10, 0x1, 0xc7, 0x4a, 0x0,
    0x4f, 0xf6, 0x28, 0x7, 0xff, 0x6, 0xbd, 0x8f,
    0xf4, 0x3, 0xfd, 0x5c, 0xc7, 0xda,

    /* U+FBFF "ﯿ" */
    0x0, 0x8b, 0xfc, 0xa0, 0x1f, 0xfc, 0xe6, 0x0,
    0x18, 0x7, 0xb4, 0x1, 0x40, 0x11, 0x46, 0x30,
    0x0, 0xf6, 0x55, 0x9c, 0xc0, 0x31, 0x37, 0x0,
    0x47, 0x78, 0x80, 0x12, 0x7f, 0xb1, 0xe, 0xff,
    0xd6, 0x1, 0xff, 0xc0, 0xaf, 0x63, 0xfd, 0x0,
    0xff, 0xe1, 0x57, 0x31, 0xf6, 0x80, 0x0,

    /* U+FE70 "ﹰ" */
    0x0, 0xff, 0xe0, 0xa, 0x46, 0x78, 0xb5, 0x6f,
    0x5b, 0xbc, 0x30, 0xee, 0x9c, 0xfb, 0x80, 0xfd,
    0xa6, 0x33, 0x3d, 0x89, 0xac, 0xe7, 0xe4, 0x38,
    0x65, 0x3b, 0xa2, 0xff, 0x6, 0xf7, 0xad, 0xd0,
    0x2,

    /* U+FE71 "ﹱ" */
    0x0, 0xff, 0xe1, 0xa, 0x46, 0x78, 0x83, 0x56,
    0xf5, 0xbb, 0xc2, 0x10, 0xee, 0x9c, 0xfb, 0x80,
    0x7, 0xed, 0x31, 0x99, 0xec, 0x40, 0xd6, 0x73,
    0xf2, 0x1c, 0x1, 0x94, 0xee, 0x8b, 0xfc, 0x10,
    0xbd, 0xeb, 0x74, 0x0, 0xca, 0x40, 0x1f, 0xff,
    0xf0, 0xf, 0xff, 0x41, 0x44, 0x7e, 0x36, 0x77,
    0xfc, 0x80, 0x1f, 0xe0,

    /* U+FE72 "ﹲ" */
    0x0, 0x9b, 0xf9, 0x80, 0x3a, 0x4d, 0x64, 0x40,
    0x22, 0x4, 0xf0, 0x20, 0x31, 0x24, 0x7a, 0xa,
    0xe, 0x40, 0xb9, 0x10, 0x61, 0x16, 0x80, 0x30,
    0x37, 0xc6, 0x9e, 0x71, 0x68, 0x80, 0xc, 0xd0,
    0xd2, 0x80, 0x40,

    /* U+FE73 "ﹳ" */
    0x8f, 0xf0, 0x6, 0xf0, 0x2, 0x80, 0x4a, 0x0,
    0xab, 0x85, 0x27, 0x0, 0x23, 0xe0, 0x44, 0x98,
    0x4,

    /* U+FE74 "ﹴ" */
    0x0, 0xc2, 0x91, 0x62, 0x4d, 0x3b, 0xd6, 0xee,
    0x1c, 0x97, 0x74, 0x67, 0xe0, 0x57, 0x72, 0x9c,
    0xcc, 0xe0, 0x80, 0xb1, 0x9f, 0x90, 0x39, 0xd4,
    0xef, 0x5f, 0x8a, 0x4e, 0xfd, 0xc2, 0x0, 0x0,

    /* U+FE76 "ﹶ" */
    0x0, 0xe3, 0x7b, 0x12, 0x59, 0xcf, 0xc8, 0x70,
    0xca, 0x77, 0x45, 0xfe, 0xd, 0xef, 0x5b, 0xa0,
    0x4,

    /* U+FE77 "ﹷ" */
    0x0, 0xf1, 0xbd, 0x88, 0x12, 0xce, 0x7e, 0x43,
    0x80, 0x32, 0x9d, 0xd1, 0x7f, 0x82, 0x17, 0xbd,
    0x6e, 0x80, 0x19, 0x48, 0x3, 0xff, 0xfe, 0x1,
    0xff, 0xe8, 0x28, 0x8f, 0xc6, 0xce, 0xff, 0x90,
    0x3, 0xfc,

    /* U+FE78 "ﹸ" */
    0x0, 0x9b, 0xf9, 0x80, 0x3a, 0x4d, 0x64, 0x40,
    0x22, 0xb, 0xf0, 0x20, 0x8, 0x92, 0x28, 0x28,
    0x3, 0x5a, 0x8, 0x30, 0x80, 0x6, 0x50, 0xbb,
    0xc5, 0xef, 0x99, 0xf4, 0x40, 0x14, 0xf1, 0xd0,
    0x1, 0x80,

    /* U+FE79 "ﹹ" */
    0x0, 0xc2, 0xec, 0x20, 0x1e, 0xd8, 0x9d, 0x0,
    0xe2, 0x38, 0xa3, 0x30, 0x6, 0x20, 0xbc, 0x1,
    0x0, 0xeb, 0x16, 0xd, 0x10, 0xc, 0xc0, 0x7,
    0x81, 0x0, 0x1c, 0x69, 0x54, 0x38, 0x3, 0xb1,
    0xdb, 0x94, 0x3, 0x45, 0xfc, 0x88, 0x7, 0x32,
    0x0, 0x7f, 0xff, 0xc0, 0x3f, 0xfd, 0x5, 0x11,
    0xf8, 0xd9, 0xdf, 0xf2, 0x0, 0x7f, 0x80,

    /* U+FE7A "ﹺ" */
    0x0, 0xf0, 0xa8, 0x4, 0x6d, 0x5b, 0xd4, 0x35,
    0xf9, 0x2e, 0xe9, 0xd1, 0x7, 0xbe, 0xda, 0x62,
    0x0,

    /* U+FE7B "ﹻ" */
    0x28, 0x8f, 0xc6, 0xce, 0xff, 0x90, 0x3, 0xfc,
    0x9f, 0xfe, 0xea, 0x70, 0x8, 0xda, 0xb7, 0xa8,
    0x42, 0xbf, 0x25, 0xdd, 0x3a, 0x20, 0x7, 0xbe,
    0xda, 0x62, 0x0,

    /* U+FE7C "ﹼ" */
    0x0, 0xf8, 0x60, 0x40, 0x32, 0x30, 0x1, 0xd4,
    0x35, 0x3, 0x68, 0x4, 0x4, 0x8, 0x2, 0x10,
    0x10, 0x1, 0x3, 0x81, 0x91, 0x14, 0x4, 0xc1,
    0x81, 0x7, 0x6c, 0x14, 0x45, 0x18, 0x14, 0x25,
    0x62, 0x16, 0x63, 0xa9, 0xda, 0x80,

    /* U+FE7D "ﹽ" */
    0x0, 0xf8, 0x60, 0x40, 0x32, 0x30, 0x1, 0xd4,
    0x35, 0x3, 0x68, 0x4, 0x4, 0x8, 0x2, 0x10,
    0x10, 0x1, 0x3, 0x81, 0x91, 0x14, 0x4, 0xc1,
    0x81, 0x7, 0x6c, 0x14, 0x45, 0x18, 0x14, 0x25,
    0x62, 0x16, 0x63, 0xa9, 0xda, 0x80, 0x5, 0xed,
    0x30, 0xf, 0xff, 0xf8, 0x7, 0xff, 0xc0, 0xa2,
    0x3f, 0x1b, 0x3b, 0xfe, 0x40, 0xf, 0xf0,

    /* U+FE7E "ﹾ" */
    0x0, 0x24, 0xd2, 0x80, 0x53, 0x6c, 0xb5, 0x60,
    0x8c, 0x9b, 0xca, 0x8f, 0xa1, 0x24, 0x34, 0x16,
    0x60, 0x60, 0x10, 0x86, 0x3, 0x0, 0x14, 0x55,
    0x8a, 0x33, 0x14, 0x30, 0x18, 0xa6, 0x64, 0xc1,

    /* U+FE7F "ﹿ" */
    0x0, 0x92, 0x69, 0x40, 0x3a, 0x6d, 0x96, 0xac,
    0x2, 0x46, 0x4d, 0xe5, 0x47, 0x0, 0x68, 0x49,
    0xd, 0x5, 0x80, 0xc, 0xc, 0x2, 0x10, 0xb,
    0x1, 0x80, 0xa, 0x2a, 0x0, 0x62, 0x8c, 0xc5,
    0xc, 0x0, 0x58, 0xa6, 0x64, 0xc1, 0x0, 0x86,
    0xbf, 0xd6, 0x40, 0x1f, 0xff, 0xf0, 0xf, 0xff,
    0x69, 0x44, 0x7e, 0x36, 0x77, 0xfc, 0x80, 0x1f,
    0xe0,

    /* U+FE80 "ﺀ" */
    0x0, 0x85, 0x59, 0x48, 0x2, 0x9e, 0xa9, 0xaf,
    0x0, 0x5b, 0x0, 0x78, 0xd0, 0xf, 0x3f, 0xa4,
    0x2c, 0x1, 0xa6, 0x2, 0x80, 0x60, 0x42, 0x1,
    0xc4, 0x4, 0x60, 0x1d, 0xa0, 0xc, 0x83, 0x15,
    0xa4, 0x70, 0x3, 0xe7, 0x52, 0x4, 0x61, 0x0,
    0x62, 0x6b, 0xc2, 0x0, 0x14, 0xe5, 0x20, 0x1,
    0x6f, 0x58, 0x19, 0x6b, 0xe9, 0x0, 0x20,

    /* U+FE81 "ﺁ" */
    0x0, 0x1b, 0x80, 0x70, 0xc0, 0x3e, 0x46, 0x29,
    0x1c, 0x72, 0x4, 0x43, 0x42, 0xb7, 0x19, 0xf0,
    0x31, 0xcb, 0x36, 0xf3, 0xa0, 0x0, 0x60, 0x11,
    0x21, 0x80, 0x7c, 0xbf, 0xe2, 0x0, 0xff, 0xff,
    0x80, 0x7f, 0xff, 0xc0, 0x3f, 0xff, 0xa0,

    /* U+FE82 "ﺂ" */
    0x0, 0x1b, 0x80, 0x70, 0xc0, 0x3e, 0x46, 0x29,
    0x1c, 0x72, 0x4, 0x43, 0x42, 0xb7, 0x19, 0xf0,
    0x31, 0xcb, 0x36, 0xf3, 0xa0, 0x0, 0x60, 0x11,
    0x21, 0x80, 0x7c, 0xbf, 0xe2, 0x0, 0xff, 0xff,
    0x80, 0x7f, 0xff, 0xc0, 0x3f, 0xf9, 0xa2, 0x1,
    0xf3, 0x0, 0x28, 0x3, 0xe3, 0x10, 0x6c, 0x86,
    0x0, 0xeb, 0x0, 0x1b, 0xd8, 0x7, 0x2d, 0x98,
    0x4,

    /* U+FE83 "ﺃ" */
    0x0, 0xfa, 0x3f, 0xd6, 0x8, 0xf1, 0x58, 0x6,
    0x4e, 0xae, 0x4, 0x45, 0x2, 0x4, 0x2a, 0xfd,
    0x29, 0x21, 0x59, 0x2a, 0xde, 0xa6, 0x2, 0x20,
    0x7, 0x2f, 0xf8, 0x80, 0x3f, 0xff, 0xe0, 0x1f,
    0xfe, 0x20,

    /* U+FE84 "ﺄ" */
    0x0, 0xfe, 0x8f, 0xf5, 0x80, 0x48, 0xf1, 0x58,
    0x1, 0x19, 0x3a, 0xb8, 0x4, 0x44, 0x50, 0x20,
    0x9, 0xa, 0xbf, 0x48, 0x1, 0x24, 0x2b, 0x24,
    0x0, 0xad, 0xea, 0x60, 0x8, 0x88, 0x1, 0xf2,
    0xff, 0x88, 0x3, 0xff, 0xfe, 0x1, 0xff, 0xe8,
    0x10, 0xc, 0xc0, 0xa, 0x0, 0xc6, 0x20, 0xd9,
    0xc, 0x0, 0xb0, 0x1, 0xbd, 0x80, 0x16, 0xcc,
    0x2,

    /* U+FE85 "ﺅ" */
    0x0, 0xff, 0xe4, 0x2f, 0x7f, 0x8, 0x7, 0xe1,
    0xa7, 0xb9, 0x0, 0xfe, 0x30, 0x84, 0x71, 0x0,
    0xfc, 0x43, 0xaa, 0xc6, 0x1, 0xf8, 0x88, 0x75,
    0x2c, 0x1, 0xf8, 0x56, 0x77, 0xd4, 0x3, 0xf1,
    0xcb, 0x10, 0x7, 0xff, 0x1, 0xa6, 0xc, 0x3,
    0xf1, 0xf4, 0xb3, 0xe4, 0x0, 0x78, 0x70, 0x40,
    0x33, 0xb0, 0x7, 0x30, 0x1, 0xbb, 0x4, 0x20,
    0x3, 0xb4, 0x1, 0x22, 0x70, 0x2, 0x40, 0x18,
    0xc0, 0xa, 0x0, 0x40, 0x3, 0x0, 0x6d, 0x0,
    0x55, 0xc5, 0x0, 0x4, 0x3, 0x23, 0x0, 0x11,
    0xdc, 0x0, 0x10, 0xe, 0x9b, 0x52, 0x0, 0xce,
    0x1, 0xe4, 0xad, 0xf7, 0x0, 0x18, 0x7, 0xf1,
    0xb8, 0x20, 0x7, 0xf1, 0xe8, 0x2, 0x0, 0x3e,
    0x29, 0xc1, 0x8, 0x30, 0x18, 0x99, 0x5f, 0x6b,
    0x0, 0x21, 0xc0, 0x6, 0xec, 0xc4, 0x10, 0x1,
    0xe3, 0x80, 0x78, 0x4d, 0x67, 0x70, 0xc0, 0x30,

    /* U+FE86 "ﺆ" */
    0x0, 0xff, 0xe5, 0xaf, 0x7f, 0x8, 0x7, 0xfc,
    0x34, 0xf7, 0x20, 0x1f, 0xfc, 0x3, 0x8, 0x47,
    0x10, 0xf, 0xf8, 0x87, 0x55, 0x8c, 0x3, 0xfe,
    0x22, 0x1d, 0x4b, 0x0, 0x7f, 0xc2, 0xb3, 0xbe,
    0xa0, 0x1f, 0xf1, 0xcb, 0x10, 0x7, 0xff, 0xd,
    0xa6, 0xc, 0x3, 0xfe, 0x3e, 0x96, 0x7c, 0x90,
    0xf, 0xe1, 0xc1, 0x1, 0x0, 0x33, 0x80, 0x7e,
    0x60, 0x4, 0x77, 0x8, 0x20, 0x3, 0xf6, 0x80,
    0x1c, 0x6, 0xc0, 0x4, 0x1, 0xf1, 0x80, 0x14,
    0x0, 0xa0, 0x6, 0x0, 0xfa, 0x80, 0x15, 0x93,
    0x40, 0xf, 0x88, 0x30, 0x6, 0x36, 0x0, 0x1b,
    0x30, 0x0, 0x8e, 0xed, 0x0, 0xe9, 0xa5, 0x10,
    0xf, 0xfe, 0x12, 0xd7, 0x7b, 0x80, 0x3f, 0xeb,
    0x0, 0xfe, 0x37, 0x5, 0x0, 0xff, 0xe0, 0x1e,
    0x80, 0x20, 0x3, 0xfc, 0x53, 0x82, 0x10, 0x40,
    0x18, 0x62, 0x65, 0x7d, 0xac, 0x0, 0x97, 0x0,
    0xe3, 0x76, 0x62, 0x8, 0x1, 0x31, 0x80, 0x3f,
    0x84, 0xd6, 0x76, 0xcc, 0x3, 0xe0,

    /* U+FE87 "ﺇ" */
    0x5, 0xff, 0x10, 0x7, 0xff, 0xfc, 0x3, 0xff,
    0xc6, 0xbf, 0xe2, 0x0, 0x47, 0xfa, 0xc1, 0x5e,
    0x6f, 0x0, 0x88, 0xc8, 0xe0, 0x85, 0x8, 0xc2,
    0xe4, 0xf7, 0x26, 0x66, 0x8c, 0xf2,

    /* U+FE88 "ﺈ" */
    0x5, 0xff, 0x10, 0x7, 0xff, 0xfc, 0x3, 0xff,
    0xd0, 0x20, 0x19, 0x80, 0x14, 0x1, 0x8c, 0x41,
    0xb2, 0x18, 0x1, 0x60, 0x3, 0x7b, 0x0, 0x2d,
    0x98, 0x7, 0x93, 0x3f, 0xda, 0x11, 0xfe, 0xb0,
    0x9, 0x5e, 0x6f, 0x0, 0x22, 0x23, 0x23, 0x80,
    0x48, 0x50, 0x8c, 0x20, 0x7, 0x27, 0xb9, 0x30,
    0x1, 0xb4, 0x67, 0x90, 0x0,

    /* U+FE89 "ﺉ" */
    0x0, 0xff, 0xe6, 0x4f, 0xfa, 0x80, 0x3f, 0xf8,
    0x6c, 0xc9, 0xbc, 0x0, 0xff, 0xe1, 0xf1, 0xb2,
    0x30, 0x7, 0xff, 0xf, 0xe, 0x11, 0x80, 0x3f,
    0xf8, 0x62, 0x27, 0xb9, 0x10, 0xc, 0x44, 0x0,
    0xfc, 0x4f, 0x3b, 0xe2, 0x7, 0x7f, 0xba, 0xfb,
    0x30, 0xe, 0x79, 0x62, 0x0, 0x36, 0x20, 0x6,
    0x4c, 0x40, 0xf, 0xe1, 0x90, 0x19, 0xef, 0xb1,
    0x8, 0x0, 0xfe, 0x30, 0x4, 0x30, 0x82, 0x5b,
    0x28, 0x7, 0xf1, 0x0, 0x21, 0x40, 0x25, 0x99,
    0x0, 0x7f, 0xa0, 0x6, 0xbe, 0x4c, 0x3, 0x8d,
    0xdc, 0x1, 0xcf, 0x44, 0x0, 0x6c, 0xa0, 0xd,
    0xf1, 0x60, 0x1e, 0x5d, 0xc7, 0x20, 0x5a, 0x0,
    0x9, 0x85, 0x80, 0x7e, 0x38, 0xd5, 0x5, 0x20,
    0x30, 0x1, 0x80, 0x7f, 0xc6, 0x0, 0x10, 0x30,
    0x1, 0x80, 0x7f, 0x91, 0x80, 0x4c, 0x4, 0x82,
    0x4c, 0x3, 0xe4, 0xab, 0x0, 0x40, 0x5, 0x20,
    0x39, 0x88, 0x78, 0xad, 0xfb, 0x50, 0x4, 0xb0,
    0x4, 0x94, 0x0, 0x37, 0x87, 0x52, 0x0, 0x9b,
    0x58, 0x3, 0x97, 0x9c, 0x80, 0x2, 0x4b, 0x19,
    0xf2, 0x40, 0x18,

    /* U+FE8A "ﺊ" */
    0x0, 0xff, 0xe8, 0x2f, 0x7f, 0x10, 0x7, 0xff,
    0x1a, 0x92, 0xe4, 0x3, 0xff, 0x8c, 0x41, 0x8,
    0xe4, 0x1, 0xff, 0xc5, 0x21, 0x93, 0x43, 0x0,
    0xff, 0xe2, 0x8a, 0xa6, 0x5a, 0x0, 0x7f, 0xf1,
    0x49, 0x99, 0x5a, 0xe0, 0x1f, 0xfc, 0x53, 0xd9,
    0x52, 0x0, 0xe1, 0xbf, 0xf4, 0x80, 0x78, 0x88,
    0x1, 0xfc, 0x3e, 0x80, 0x6, 0xb0, 0xd, 0x5b,
    0xe0, 0x1f, 0xd0, 0x20, 0xca, 0x8, 0xc0, 0x12,
    0x85, 0x0, 0x7f, 0x10, 0x2, 0x28, 0xc2, 0x48,
    0x8, 0x0, 0x40, 0x1f, 0xde, 0x0, 0xf3, 0xd0,
    0x6, 0x28, 0x7, 0xff, 0x5, 0x28, 0x6, 0x6,
    0x80, 0x70, 0x80, 0x10, 0x20, 0x1f, 0xc8, 0x20,
    0xe0, 0xb6, 0x40, 0x7, 0x2, 0xf7, 0x20, 0x8,
    0x49, 0x23, 0xc4, 0x28, 0x0, 0x9b, 0x21, 0xa,
    0x3, 0x1b, 0xff, 0x76, 0xdb, 0x88, 0x43, 0x0,
    0x7d, 0x54, 0x20, 0xf, 0xc2, 0xda, 0xe0, 0x1f,
    0xcb, 0xbd, 0x53, 0x10, 0x9a, 0xde, 0x92, 0x0,
    0xf8,

    /* U+FE8B "ﺋ" */
    0x0, 0xff, 0x9b, 0xbf, 0x80, 0x21, 0x96, 0xb9,
    0x0, 0x88, 0x21, 0x1c, 0x2, 0x20, 0xb4, 0x52,
    0x0, 0x19, 0x92, 0xe9, 0xc0, 0xc, 0xf1, 0x7e,
    0xa0, 0x4, 0xb7, 0x40, 0xf, 0xfe, 0x11, 0x10,
    0x3, 0x8b, 0x74, 0xa0, 0x1f, 0xfc, 0x86, 0x0,
    0x8, 0x6, 0xe0, 0x3, 0x1, 0x46, 0x28, 0x11,
    0x1, 0x9c, 0xc0, 0x12, 0x1, 0xc7, 0x48, 0x0,

    /* U+FE8C "ﺌ" */
    0x0, 0xff, 0xe0, 0xb7, 0x7f, 0x0, 0x70, 0xcb,
    0x5c, 0x80, 0x71, 0x4, 0x23, 0x80, 0x71, 0x5,
    0xa2, 0x90, 0x6, 0x33, 0x25, 0xd3, 0x80, 0x66,
    0x78, 0xbf, 0x50, 0xc, 0x96, 0xe8, 0x1, 0xff,
    0xc6, 0x22, 0x0, 0x7c, 0x5b, 0xa5, 0x0, 0xff,
    0xe7, 0x30, 0x0, 0x80, 0x3d, 0xc0, 0xb, 0x0,
    0x8a, 0x31, 0x40, 0x7, 0xb2, 0xac, 0xe6, 0x1,
    0x89, 0xb8, 0x2, 0x3b, 0xc4, 0x0, 0x80,

    /* U+FE8D "ﺍ" */
    0x5f, 0xf1, 0x0, 0x7f, 0xff, 0xc0, 0x38,

    /* U+FE8E "ﺎ" */
    0x5f, 0xf1, 0x0, 0x7f, 0xff, 0xc0, 0x3f, 0xfb,
    0x2, 0x1, 0x30, 0x2, 0x80, 0x23, 0x10, 0x6c,
    0x86, 0xb, 0x0, 0x1b, 0xd8, 0x2d, 0x98, 0x4,

    /* U+FE8F "ﺏ" */
    0x0, 0xff, 0xe4, 0x1c, 0x40, 0x0, 0x70, 0xe0,
    0x1f, 0xfc, 0x47, 0x78, 0x83, 0x9f, 0x40, 0x3f,
    0xf8, 0x8e, 0x0, 0x11, 0x10, 0x60, 0x7, 0xff,
    0x11, 0x0, 0x2, 0x40, 0x2, 0x0, 0xff, 0xe1,
    0x8c, 0x80, 0x91, 0x0, 0x1a, 0x1, 0xff, 0xc2,
    0x2c, 0x10, 0x90, 0x13, 0x6, 0x91, 0x0, 0xfe,
    0x26, 0xbd, 0x20, 0x57, 0x0, 0x78, 0x1, 0xbb,
    0x25, 0xd9, 0xe2, 0xb3, 0xf6, 0x50, 0x1, 0x14,
    0x1, 0x1e, 0x98, 0x0, 0xda, 0x26, 0x1d, 0x4c,
    0x2, 0x28, 0xe7, 0x0, 0xe2, 0xcc, 0x3a, 0x8,
    0x4, 0x26, 0xaf, 0x5d, 0xae, 0x20, 0x1f, 0x8e,
    0x2f, 0xbf, 0xee, 0xca, 0x85, 0x10, 0xf, 0xfe,
    0xed, 0xfa, 0x80, 0x7f, 0xf8, 0x6f, 0xd4, 0x3,
    0xfe,

    /* U+FE90 "ﺐ" */
    0x0, 0xff, 0xe4, 0x1c, 0x40, 0x3, 0x8e, 0x1c,
    0x3, 0xff, 0x8a, 0xee, 0x10, 0xd, 0xcf, 0xa0,
    0x1f, 0xfc, 0x41, 0x0, 0x10, 0x4, 0x24, 0x18,
    0x1, 0xff, 0xc4, 0x70, 0x3, 0x80, 0x44, 0x0,
    0x20, 0xf, 0xfe, 0x19, 0x58, 0x0, 0x40, 0x22,
    0x0, 0x68, 0x7, 0xff, 0x9, 0xb0, 0x40, 0x18,
    0x1, 0x9, 0x83, 0x48, 0x80, 0x7f, 0x13, 0xec,
    0x88, 0x4, 0xe4, 0x1, 0x70, 0x83, 0x76, 0x4b,
    0xbd, 0x13, 0x9f, 0xb0, 0x40, 0x7, 0xa0, 0x1d,
    0x96, 0x2, 0xc4, 0x0, 0x1b, 0x44, 0x4e, 0xc6,
    0x1, 0xb, 0xec, 0x2b, 0x0, 0x1a, 0x80, 0x5,
    0x78, 0xe8, 0x20, 0x10, 0x92, 0x3d, 0x6f, 0x41,
    0x0, 0x26, 0x8, 0x3, 0xc7, 0x17, 0xdf, 0xf7,
    0x6d, 0xc2, 0x90, 0x7, 0x9f, 0x7f, 0x0, 0x3f,
    0xfb, 0x37, 0xea, 0x1, 0xff, 0xe7, 0xbf, 0x50,
    0xf, 0xfe, 0x10,

    /* U+FE91 "ﺑ" */
    0x0, 0x8b, 0xfc, 0xa0, 0x1f, 0xfc, 0x56, 0x0,
    0x8, 0x5, 0xa0, 0x6, 0x28, 0xc6, 0x2, 0x23,
    0x39, 0x80, 0x20, 0x3, 0x1d, 0x28, 0x27, 0xfb,
    0x14, 0x3, 0xff, 0x83, 0xfe, 0x10, 0xf, 0xfb,
    0xf8, 0x40,

    /* U+FE92 "ﺒ" */
    0x0, 0x8b, 0xfc, 0xa0, 0x1f, 0xfc, 0xe6, 0x0,
    0x18, 0x7, 0xb4, 0x1, 0x40, 0x11, 0x46, 0x30,
    0x0, 0xf6, 0x55, 0x9c, 0xc0, 0x31, 0x37, 0x0,
    0x47, 0x78, 0x80, 0x12, 0x7f, 0xb1, 0xe, 0xff,
    0xd6, 0x1, 0xff, 0xc2, 0xff, 0x8, 0x7, 0xff,
    0x17, 0xf8, 0x40, 0x20,

    /* U+FE93 "ﺓ" */
    0x0, 0xff, 0xe1, 0x4f, 0xb9, 0x7f, 0x0, 0x7f,
    0xf1, 0xa7, 0xdc, 0xbf, 0x80, 0x3f, 0xf8, 0xc5,
    0x7f, 0xd4, 0x80, 0x1c, 0x38, 0x80, 0x2b, 0x76,
    0x10, 0xa, 0x44, 0x15, 0xc8, 0x13, 0xc8, 0x0,
    0xa0, 0x75, 0x1b, 0x0, 0x3e, 0x0, 0x20, 0x40,
    0x9, 0xe4, 0x9, 0x84, 0x1, 0xc0, 0x19, 0x84,
    0x30, 0x40, 0x3f, 0x18, 0x7, 0x60, 0x6, 0x42,
    0xd, 0x5, 0x5, 0xa4, 0x5b, 0xb0, 0xb, 0x4,
    0x8, 0x2d, 0xd2, 0x1, 0x68, 0x81, 0x7b, 0x8,
    0xa, 0x56, 0x98, 0x0,

    /* U+FE94 "ﺔ" */
    0x0, 0xff, 0xe3, 0x1f, 0xe8, 0x67, 0xa0, 0x7,
    0xff, 0x2c, 0xff, 0x43, 0x3d, 0x0, 0x3f, 0xf9,
    0xf7, 0xf8, 0x1, 0xfc, 0x51, 0x88, 0x2, 0x1,
    0xfa, 0x75, 0xcc, 0x0, 0x60, 0x1f, 0x63, 0x2,
    0xe4, 0x0, 0x88, 0x3, 0xa0, 0xc2, 0xe8, 0xcc,
    0x0, 0x50, 0xe, 0x60, 0x84, 0x0, 0x20, 0x3,
    0x40, 0x38, 0x43, 0xc0, 0x2, 0xc2, 0xc, 0x20,
    0x19, 0x81, 0xff, 0xb9, 0x22, 0x0, 0xf9, 0x82,
    0x9, 0x82, 0x1, 0x12, 0x5b, 0x80, 0xb3, 0xb0,
    0x1, 0xf7, 0xfd, 0xd6, 0x91, 0x24, 0x1, 0x0,

    /* U+FE95 "ﺕ" */
    0x0, 0xff, 0xea, 0x37, 0xd0, 0x7f, 0x80, 0x3f,
    0xfa, 0x42, 0x88, 0x0, 0x1c, 0x38, 0x6, 0x6f,
    0xa0, 0xff, 0x0, 0x79, 0x6e, 0xc2, 0x1c, 0xfa,
    0x1, 0xff, 0xc4, 0x70, 0x1, 0x9, 0x6, 0x0,
    0x7f, 0xf1, 0x14, 0x0, 0x24, 0x0, 0x20, 0xf,
    0xfe, 0x25, 0x80, 0x8, 0x80, 0xd, 0x0, 0xff,
    0xe1, 0x16, 0x10, 0x38, 0x9, 0x83, 0x48, 0x80,
    0x7f, 0x13, 0x5e, 0x98, 0x24, 0x0, 0x3c, 0x0,
    0xdd, 0x92, 0xec, 0xf1, 0x59, 0xfb, 0x28, 0x0,
    0x7b, 0x0, 0x8f, 0x4c, 0x0, 0x6d, 0x13, 0xe,
    0xa6, 0x1, 0x13, 0xec, 0x0, 0x71, 0x66, 0x1d,
    0x4, 0x2, 0x13, 0x57, 0xae, 0xd8, 0x20, 0xc,

    /* U+FE96 "ﺖ" */
    0x0, 0xff, 0xeb, 0xb7, 0xd0, 0x7f, 0x80, 0x3f,
    0xfa, 0xa2, 0x88, 0x0, 0xe3, 0x77, 0x0, 0x66,
    0xfa, 0xf, 0xf0, 0x7, 0x8a, 0xec, 0x20, 0x1b,
    0xa3, 0x40, 0x3f, 0xf8, 0x82, 0x0, 0x20, 0x8,
    0x48, 0x30, 0x3, 0xff, 0x88, 0xe0, 0x7, 0x0,
    0x88, 0x0, 0x40, 0x1f, 0xfc, 0x31, 0x80, 0x0,
    0x80, 0x44, 0x0, 0xd0, 0xf, 0xfe, 0x12, 0xf9,
    0x0, 0x34, 0x2, 0x13, 0x6, 0x91, 0x0, 0xfe,
    0x27, 0xda, 0x10, 0x9, 0x88, 0x2, 0xf0, 0x3,
    0x76, 0x4b, 0xbd, 0x13, 0x7f, 0xb0, 0x40, 0x7,
    0xa0, 0x1d, 0x96, 0x3, 0xd3, 0x0, 0x1b, 0x44,
    0x4e, 0xc8, 0x1, 0xb, 0xec, 0x2b, 0x0, 0x1a,
    0x80, 0x5, 0x98, 0x74, 0x10, 0x8, 0x49, 0x1e,
    0xb7, 0xa0, 0x80, 0x13, 0x4, 0x0,

    /* U+FE97 "ﺗ" */
    0x0, 0x57, 0xb1, 0xfe, 0x80, 0x7f, 0xab, 0xd8,
    0xff, 0x40, 0x3f, 0xf8, 0xe2, 0xcc, 0x20, 0xc,
    0x73, 0x27, 0x0, 0xff, 0xe4, 0x30, 0x0, 0x40,
    0x37, 0x0, 0x18, 0xa, 0x31, 0x40, 0x88, 0xc,
    0xe6, 0x0, 0x90, 0xe, 0x3b, 0x40, 0x0,

    /* U+FE98 "ﺘ" */
    0x0, 0x57, 0xb1, 0xfe, 0x80, 0x7f, 0xf0, 0xab,
    0xd8, 0xff, 0x40, 0x3f, 0xf9, 0xa2, 0xcc, 0x20,
    0xf, 0x1c, 0xc9, 0xc0, 0x3f, 0xf9, 0xcc, 0x0,
    0x20, 0xf, 0x70, 0x2, 0xc0, 0x22, 0x8c, 0x50,
    0x1, 0xec, 0xab, 0x39, 0x80, 0x62, 0x6e, 0x0,
    0x8e, 0xf1, 0x0, 0x20,

    /* U+FE99 "ﺙ" */
    0x0, 0xff, 0x5f, 0xa8, 0x7, 0xff, 0x86, 0xfd,
    0x40, 0x3f, 0xfb, 0xed, 0xf4, 0x1f, 0xe0, 0xf,
    0xfe, 0x90, 0xa2, 0x0, 0x7, 0xe, 0x1, 0x9b,
    0xe8, 0x3f, 0xc0, 0x1e, 0x5b, 0xb0, 0x87, 0x3e,
    0x80, 0x7f, 0xf1, 0x1c, 0x0, 0x42, 0x41, 0x80,
    0x1f, 0xfc, 0x45, 0x0, 0x9, 0x0, 0x8, 0x3,
    0xff, 0x89, 0x60, 0x2, 0x20, 0x3, 0x40, 0x3f,
    0xf8, 0x45, 0x84, 0xe, 0x2, 0x60, 0xd2, 0x20,
    0x1f, 0xc4, 0xd7, 0xa6, 0x9, 0x0, 0xf, 0x0,
    0x37, 0x64, 0xbb, 0x3c, 0x56, 0x7e, 0xca, 0x0,
    0x1e, 0xc0, 0x23, 0xd3, 0x0, 0x1b, 0x44, 0xc3,
    0xa9, 0x80, 0x44, 0xfb, 0x0, 0x1c, 0x59, 0x87,
    0x41, 0x0, 0x84, 0xd5, 0xeb, 0xb6, 0x8, 0x3,
    0x0,

    /* U+FE9A "ﺚ" */
    0x0, 0xff, 0x5f, 0xa8, 0x7, 0xff, 0x9e, 0xfd,
    0x40, 0x3f, 0xfc, 0xad, 0xf4, 0x1f, 0xe0, 0xf,
    0xfe, 0xa8, 0xa2, 0x0, 0x38, 0xdd, 0xc0, 0x19,
    0xbe, 0x83, 0xfc, 0x1, 0xe2, 0xbb, 0x8, 0x6,
    0xe8, 0xd0, 0xf, 0xfe, 0x20, 0x80, 0x8, 0x2,
    0x12, 0xc, 0x0, 0xff, 0xe2, 0x38, 0x1, 0xc0,
    0x22, 0x0, 0x10, 0x7, 0xff, 0xc, 0x60, 0x0,
    0x20, 0x11, 0x0, 0x34, 0x3, 0xff, 0x84, 0xbe,
    0x40, 0xd, 0x0, 0x84, 0xc1, 0xa4, 0x40, 0x3f,
    0x89, 0xf6, 0x84, 0x2, 0x62, 0x0, 0xbc, 0x0,
    0xdd, 0x92, 0xef, 0x44, 0xdf, 0xec, 0x10, 0x1,
    0xe8, 0x7, 0x65, 0x80, 0xf4, 0xc0, 0x6, 0xd1,
    0x13, 0xb2, 0x0, 0x42, 0xfb, 0xa, 0xc0, 0x6,
    0xa0, 0x1, 0x66, 0x1d, 0x4, 0x2, 0x12, 0x47,
    0xad, 0xe8, 0x20, 0x4, 0xc1, 0x0, 0x0,

    /* U+FE9B "ﺛ" */
    0x0, 0xff, 0xe0, 0x7f, 0x84, 0x3, 0xff, 0x83,
    0xfe, 0x10, 0xa, 0xbd, 0x8f, 0xf4, 0x3, 0xfd,
    0x5e, 0xc7, 0xfa, 0x1, 0xff, 0xc7, 0x16, 0x61,
    0x0, 0x63, 0x99, 0x38, 0x7, 0xff, 0x21, 0x80,
    0x2, 0x1, 0xb8, 0x0, 0xc0, 0x51, 0x8a, 0x4,
    0x40, 0x67, 0x30, 0x4, 0x80, 0x71, 0xda, 0x0,
    0x0,

    /* U+FE9C "ﺜ" */
    0x0, 0xff, 0xe1, 0x7f, 0x84, 0x3, 0xff, 0x8b,
    0xfe, 0x10, 0xe, 0xaf, 0x63, 0xfd, 0x0, 0xff,
    0xe1, 0x57, 0xb1, 0xfe, 0x80, 0x7f, 0xf3, 0x45,
    0x98, 0x40, 0x1e, 0x39, 0x93, 0x80, 0x7f, 0xf3,
    0x98, 0x0, 0x40, 0x1e, 0xe0, 0x5, 0x80, 0x45,
    0x18, 0xa0, 0x3, 0xd9, 0x56, 0x73, 0x0, 0xc4,
    0xdc, 0x1, 0x1d, 0xe2, 0x0, 0x40,

    /* U+FE9D "ﺝ" */
    0x0, 0xc4, 0x89, 0x19, 0x8, 0x7, 0x9e, 0xfb,
    0xf6, 0xee, 0xcd, 0xef, 0xb2, 0x0, 0xa9, 0x4,
    0x3, 0xf9, 0x18, 0x2, 0x66, 0x56, 0x74, 0x90,
    0x4, 0x4a, 0xec, 0x1, 0x5c, 0xa9, 0xdc, 0x90,
    0xc7, 0x6d, 0x41, 0x0, 0x7a, 0xd4, 0x17, 0xdc,
    0x40, 0x3f, 0xa1, 0x1, 0xe8, 0x40, 0x3f, 0xc4,
    0xe0, 0xd0, 0x1, 0xff, 0xc0, 0xb0, 0x19, 0x0,
    0xff, 0xe0, 0xb8, 0x38, 0x7, 0xff, 0x4, 0x84,
    0x30, 0x3, 0x37, 0xd0, 0x7, 0x84, 0x0, 0x20,
    0x1f, 0xfc, 0x11, 0x0, 0xf9, 0xbe, 0x80, 0x3c,
    0x40, 0xd, 0x0, 0xff, 0xe1, 0x20, 0x31, 0x0,
    0x7f, 0xf0, 0x60, 0x1, 0xe4, 0x1, 0xfc, 0xa0,
    0x3, 0x70, 0x2d, 0xa5, 0x21, 0x1, 0x38, 0xea,
    0x0, 0xa2, 0x40, 0xb, 0x5b, 0xdf, 0xd8, 0xe2,
    0x1, 0xcd, 0xd0, 0x60, 0x1f, 0x2e, 0x0, 0x70,
    0xbe, 0x7e, 0xe5, 0xe6, 0xfd, 0x18, 0x0,

    /* U+FE9E "ﺞ" */
    0x36, 0x9c, 0xef, 0xfd, 0xb9, 0x4c, 0x20, 0x17,
    0x4b, 0x18, 0x80, 0x62, 0x35, 0x95, 0x0, 0xc2,
    0x8f, 0x32, 0x20, 0xe, 0x17, 0x0, 0xbb, 0x97,
    0x5, 0x24, 0x1, 0xa3, 0x8c, 0x2, 0x30, 0x3,
    0x58, 0x2, 0x7e, 0x2, 0x80, 0x3e, 0x39, 0x2,
    0xd6, 0x6, 0x2, 0x30, 0xf, 0x70, 0xe, 0x10,
    0x0, 0x54, 0x24, 0x3, 0x98, 0x82, 0x84, 0x3,
    0x48, 0x29, 0x80, 0x6a, 0x3, 0x40, 0xe, 0x34,
    0xd, 0x20, 0x0, 0x98, 0x58, 0x7, 0xd4, 0x3,
    0x92, 0x46, 0x0, 0x20, 0xc, 0x20, 0x1, 0xb0,
    0x16, 0x71, 0x0, 0x8, 0x4, 0xdd, 0x40, 0x4,
    0xd4, 0x0, 0x10, 0x0, 0x80, 0x3f, 0x8a, 0xfd,
    0x44, 0x41, 0xa0, 0x13, 0x7d, 0x0, 0x7e, 0x60,
    0x45, 0x0, 0xff, 0xe0, 0xc8, 0x85, 0x38, 0x7,
    0xe1, 0x80, 0x0, 0xd0, 0x2, 0x3a, 0x99, 0x51,
    0x5f, 0x39, 0xc0, 0x24, 0xd3, 0x1, 0x59, 0xab,
    0xa8, 0x30, 0x10, 0xc, 0x59, 0x87, 0x42, 0x10,
    0x1, 0x2c, 0xf0, 0x0,

    /* U+FE9F "ﺟ" */
    0x0, 0xb3, 0xfd, 0xdb, 0x70, 0xa2, 0x1, 0xf8,
    0x40, 0x2, 0x48, 0xf5, 0xdb, 0x4, 0x1, 0xd4,
    0xcc, 0x53, 0x20, 0x8, 0x9f, 0x70, 0x80, 0x27,
    0x99, 0x56, 0x6f, 0xe4, 0x10, 0x0, 0xd8, 0x3,
    0xfc, 0x38, 0x40, 0x2, 0x60, 0xf, 0xe4, 0xc4,
    0x1, 0xad, 0x20, 0xf, 0xcf, 0x62, 0xf, 0xca,
    0x1, 0xf9, 0x32, 0x0, 0x72, 0x0, 0x31, 0x44,
    0x26, 0xfa, 0xcc, 0xf, 0xcc, 0x3, 0x99, 0xdc,
    0xc8, 0x20, 0x7, 0xc1, 0x0, 0xfe, 0x13, 0x6a,
    0xf8, 0x0, 0xfc, 0x9f, 0xee, 0xc9, 0x50, 0xf,
    0xfe, 0xbe, 0xf9, 0x80, 0x7f, 0xf4, 0xf7, 0x8c,
    0x3, 0xc0,

    /* U+FEA0 "ﺠ" */
    0x0, 0xb3, 0xfd, 0xdb, 0x70, 0xa2, 0x1, 0xff,
    0x8, 0x0, 0x49, 0x1e, 0xbb, 0x60, 0x80, 0x3f,
    0x53, 0x31, 0x4c, 0x80, 0x22, 0x7d, 0xc2, 0x0,
    0xf3, 0xcc, 0xab, 0x37, 0xf6, 0x48, 0x0, 0x6c,
    0x1, 0xff, 0xc2, 0xa2, 0x0, 0x13, 0x0, 0x7f,
    0xf0, 0x13, 0x4c, 0x0, 0xba, 0x40, 0x1f, 0xf3,
    0xd8, 0x0, 0x41, 0x4c, 0x3, 0xfc, 0x99, 0x0,
    0x39, 0xa0, 0xd, 0x30, 0x8, 0xa2, 0x13, 0x7d,
    0x66, 0x7, 0xe6, 0x67, 0x1, 0xcb, 0x82, 0x67,
    0x73, 0x20, 0x80, 0x1f, 0x4, 0x1, 0xa, 0x0,
    0x47, 0x70, 0x4, 0x26, 0xd5, 0xf0, 0x1, 0xd5,
    0x44, 0x10, 0x2, 0x7f, 0xbb, 0x25, 0x40, 0x3f,
    0x2d, 0xf7, 0xa8, 0x7, 0xff, 0x43, 0x7c, 0xc0,
    0x3f, 0xfb, 0x3b, 0xc6, 0x1, 0xfc,

    /* U+FEA1 "ﺡ" */
    0x36, 0x9c, 0xdf, 0xfd, 0xd9, 0x4c, 0x20, 0x17,
    0x4b, 0x19, 0x0, 0x61, 0x35, 0x95, 0x0, 0xc2,
    0x8f, 0x32, 0x20, 0xe, 0x17, 0x0, 0xbb, 0x97,
    0x5, 0x24, 0x5, 0x19, 0xfc, 0x60, 0x11, 0x80,
    0x1a, 0xc0, 0x67, 0x5c, 0xc0, 0x3f, 0x1c, 0x81,
    0x7b, 0x0, 0x7f, 0xdc, 0x3, 0x82, 0x1, 0xff,
    0x31, 0x5, 0x8, 0x7, 0xff, 0x2, 0x80, 0xd0,
    0x3, 0xff, 0x80, 0x26, 0x16, 0x1, 0xff, 0xc1,
    0x30, 0x1, 0x0, 0x7f, 0xf0, 0x44, 0x0, 0x20,
    0x1f, 0xfc, 0x12, 0x0, 0x10, 0x7, 0xff, 0x4,
    0x44, 0x1a, 0x1, 0xff, 0xc2, 0x60, 0x45, 0x0,
    0xff, 0xe0, 0xc8, 0x85, 0x38, 0x7, 0xe2, 0xa0,
    0x0, 0xd0, 0x2, 0x3a, 0x99, 0x51, 0x63, 0x35,
    0x40, 0x24, 0xd3, 0x1, 0x59, 0xab, 0xa7, 0x30,
    0x10, 0xc, 0x59, 0x87, 0x42, 0x10, 0x1, 0x2c,
    0xf0, 0x0,

    /* U+FEA2 "ﺢ" */
    0x36, 0x9c, 0xef, 0xfd, 0xb9, 0x4c, 0x20, 0x17,
    0x4b, 0x18, 0x80, 0x62, 0x35, 0x95, 0x0, 0xc2,
    0x8f, 0x32, 0x20, 0xe, 0x17, 0x0, 0xbb, 0x97,
    0x5, 0x24, 0x1, 0xa3, 0x8c, 0x2, 0x30, 0x3,
    0x58, 0x2, 0x7e, 0x2, 0x80, 0x3e, 0x39, 0x2,
    0xd6, 0x6, 0x2, 0x30, 0xf, 0x70, 0xe, 0x10,
    0x0, 0x54, 0x24, 0x3, 0x98, 0x82, 0x84, 0x3,
    0x48, 0x29, 0x80, 0x6a, 0x3, 0x40, 0xe, 0x34,
    0xd, 0x20, 0x0, 0x98, 0x58, 0x7, 0xd4, 0x3,
    0x92, 0x46, 0x0, 0x20, 0xf, 0x86, 0xc0, 0x59,
    0xc4, 0x0, 0x20, 0x1f, 0x93, 0x50, 0x0, 0x40,
    0x2, 0x0, 0xfe, 0x2b, 0xf5, 0x11, 0x6, 0x80,
    0x7f, 0xf0, 0x98, 0x11, 0x40, 0x3f, 0xf8, 0x32,
    0x21, 0x4e, 0x1, 0xf8, 0xa8, 0x0, 0x34, 0x0,
    0x8e, 0xa6, 0x54, 0x58, 0xcd, 0x50, 0x9, 0x34,
    0xc0, 0x56, 0x6a, 0xe9, 0xcc, 0x4, 0x3, 0x16,
    0x61, 0xd0, 0x84, 0x0, 0x4b, 0x3c, 0x0,

    /* U+FEA3 "ﺣ" */
    0x0, 0xb3, 0xfd, 0xdb, 0x70, 0xa2, 0x1, 0xf8,
    0x40, 0x2, 0x48, 0xf5, 0xdb, 0x4, 0x1, 0xd4,
    0xcc, 0x53, 0x20, 0x8, 0x9f, 0x70, 0x80, 0x27,
    0x99, 0x56, 0x6f, 0xe4, 0x10, 0x0, 0xd8, 0x3,
    0xfc, 0x38, 0x40, 0x2, 0x60, 0xf, 0xe4, 0xc4,
    0x1, 0xad, 0x20, 0xf, 0xcf, 0x62, 0xf, 0xca,
    0x1, 0xf9, 0x32, 0x0, 0x72, 0x0, 0x31, 0x44,
    0x26, 0xfa, 0xcc, 0xf, 0xcc, 0x3, 0x99, 0xdc,
    0xc8, 0x20, 0x7, 0xc1, 0x0, 0xfe, 0x13, 0x6a,
    0xf8, 0x0, 0xfc,

    /* U+FEA4 "ﺤ" */
    0x0, 0xb3, 0xfd, 0xdb, 0x70, 0xa2, 0x1, 0xff,
    0x8, 0x0, 0x49, 0x1e, 0xbb, 0x60, 0x80, 0x3f,
    0x53, 0x31, 0x4c, 0x80, 0x22, 0x7d, 0xc2, 0x0,
    0xf3, 0xcc, 0xab, 0x37, 0xf6, 0x48, 0x0, 0x6c,
    0x1, 0xff, 0xc2, 0xa2, 0x0, 0x13, 0x0, 0x7f,
    0xf0, 0x13, 0x4c, 0x0, 0xba, 0x40, 0x1f, 0xf3,
    0xd8, 0x0, 0x41, 0x4c, 0x3, 0xfc, 0x99, 0x0,
    0x39, 0xa0, 0xd, 0x30, 0x8, 0xa2, 0x13, 0x7d,
    0x66, 0x7, 0xe6, 0x67, 0x1, 0xcb, 0x82, 0x67,
    0x73, 0x20, 0x80, 0x1f, 0x4, 0x1, 0xa, 0x0,
    0x47, 0x70, 0x4, 0x26, 0xd5, 0xf0, 0x1, 0xd5,
    0x44, 0x10, 0x0,

    /* U+FEA5 "ﺥ" */
    0x0, 0xff, 0xe5, 0x17, 0xf0, 0x7, 0xff, 0x4c,
    0xbf, 0x80, 0x3f, 0xf9, 0xc6, 0xd3, 0x9b, 0xff,
    0xbb, 0x29, 0x84, 0x2, 0xe9, 0x63, 0x20, 0xc,
    0x26, 0xb2, 0xa0, 0x18, 0x51, 0xe6, 0x44, 0x1,
    0xc2, 0xe0, 0x17, 0x72, 0xe0, 0xa4, 0x80, 0xa3,
    0x3f, 0x8c, 0x2, 0x30, 0x3, 0x58, 0xc, 0xeb,
    0x98, 0x7, 0xe3, 0x90, 0x2f, 0x60, 0xf, 0xfb,
    0x80, 0x70, 0x40, 0x3f, 0xe6, 0x20, 0xa1, 0x0,
    0xff, 0xe0, 0x50, 0x1a, 0x0, 0x7f, 0xf0, 0x4,
    0xc2, 0xc0, 0x3f, 0xf8, 0x26, 0x0, 0x20, 0xf,
    0xfe, 0x8, 0x80, 0x4, 0x3, 0xff, 0x82, 0x40,
    0x2, 0x0, 0xff, 0xe0, 0x88, 0x83, 0x40, 0x3f,
    0xf8, 0x4c, 0x8, 0xa0, 0x1f, 0xfc, 0x19, 0x10,
    0xa7, 0x0, 0xfc, 0x54, 0x0, 0x1a, 0x0, 0x47,
    0x53, 0x2a, 0x2c, 0x66, 0xa8, 0x4, 0x9a, 0x60,
    0x2b, 0x35, 0x74, 0xe6, 0x2, 0x1, 0x8b, 0x30,
    0xe8, 0x42, 0x0, 0x25, 0x9e, 0x0,

    /* U+FEA6 "ﺦ" */
    0x0, 0xff, 0xe5, 0x17, 0xf0, 0x7, 0xff, 0x4c,
    0xbf, 0x80, 0x3f, 0xf9, 0xc6, 0xd3, 0x9d, 0xff,
    0xb7, 0x29, 0x84, 0x2, 0xe9, 0x63, 0x10, 0xc,
    0x46, 0xb2, 0xa0, 0x18, 0x51, 0xe6, 0x44, 0x1,
    0xc2, 0xe0, 0x17, 0x72, 0xe0, 0xa4, 0x80, 0x34,
    0x71, 0x80, 0x46, 0x0, 0x6b, 0x0, 0x4f, 0xc0,
    0x50, 0x7, 0xc7, 0x20, 0x5a, 0xc0, 0xc0, 0x46,
    0x1, 0xee, 0x1, 0xc2, 0x0, 0xa, 0x84, 0x80,
    0x73, 0x10, 0x50, 0x80, 0x69, 0x5, 0x30, 0xd,
    0x40, 0x68, 0x1, 0xc6, 0x81, 0xa4, 0x0, 0x13,
    0xb, 0x0, 0xfa, 0x80, 0x72, 0x48, 0xc0, 0x4,
    0x1, 0xf0, 0xd8, 0xb, 0x38, 0x80, 0x4, 0x3,
    0xf2, 0x6a, 0x0, 0x8, 0x0, 0x40, 0x1f, 0xc5,
    0x7e, 0xa2, 0x20, 0xd0, 0xf, 0xfe, 0x13, 0x2,
    0x28, 0x7, 0xff, 0x6, 0x44, 0x29, 0xc0, 0x3f,
    0x15, 0x0, 0x6, 0x80, 0x11, 0xd4, 0xca, 0x8b,
    0x19, 0xaa, 0x1, 0x26, 0x98, 0xa, 0xcd, 0x5d,
    0x39, 0x80, 0x80, 0x62, 0xcc, 0x3a, 0x10, 0x80,
    0x9, 0x67, 0x80,

    /* U+FEA7 "ﺧ" */
    0x0, 0xfe, 0x10, 0xf, 0xfe, 0x1e, 0xf1, 0x80,
    0x7f, 0xf4, 0xf7, 0xcc, 0x3, 0xff, 0x9d, 0x9f,
    0xee, 0xdb, 0x85, 0x10, 0xf, 0xc2, 0x0, 0x12,
    0x47, 0xae, 0xd8, 0x20, 0xe, 0xa6, 0x62, 0x99,
    0x0, 0x44, 0xfb, 0x84, 0x1, 0x3c, 0xca, 0xb3,
    0x7f, 0x20, 0x80, 0x6, 0xc0, 0x1f, 0xe1, 0xc2,
    0x0, 0x13, 0x0, 0x7f, 0x26, 0x20, 0xd, 0x69,
    0x0, 0x7e, 0x7b, 0x10, 0x7e, 0x50, 0xf, 0xc9,
    0x90, 0x3, 0x90, 0x1, 0x8a, 0x21, 0x37, 0xd6,
    0x60, 0x7e, 0x60, 0x1c, 0xce, 0xe6, 0x41, 0x0,
    0x3e, 0x8, 0x7, 0xf0, 0x9b, 0x57, 0xc0, 0x7,
    0xe0,

    /* U+FEA8 "ﺨ" */
    0x0, 0xfe, 0x10, 0xf, 0xfe, 0x36, 0xf1, 0x80,
    0x7f, 0xf6, 0x77, 0xcc, 0x3, 0xff, 0xa9, 0x9f,
    0xee, 0xdb, 0x85, 0x10, 0xf, 0xf8, 0x40, 0x2,
    0x48, 0xf5, 0xdb, 0x4, 0x1, 0xfa, 0x99, 0x8a,
    0x64, 0x1, 0x13, 0xee, 0x10, 0x7, 0x9e, 0x65,
    0x59, 0xbf, 0xb2, 0x40, 0x3, 0x60, 0xf, 0xfe,
    0x15, 0x10, 0x0, 0x98, 0x3, 0xff, 0x80, 0x9a,
    0x60, 0x5, 0xd2, 0x0, 0xff, 0x9e, 0xc0, 0x2,
    0xa, 0x60, 0x1f, 0xe4, 0xc8, 0x1, 0xcd, 0x0,
    0x69, 0x80, 0x45, 0x10, 0x9b, 0xeb, 0x30, 0x3f,
    0x33, 0x38, 0xe, 0x5c, 0x13, 0x3b, 0x99, 0x4,
    0x0, 0xf8, 0x20, 0x8, 0x50, 0x2, 0x3b, 0x80,
    0x21, 0x36, 0xaf, 0x80, 0xe, 0xaa, 0x20, 0x80,
    0x0,

    /* U+FEA9 "ﺩ" */
    0x0, 0x93, 0xfd, 0x80, 0x1e, 0x4c, 0x3, 0xc0,
    0xf, 0x1d, 0x1, 0xb8, 0x7, 0x95, 0x41, 0x2,
    0x1, 0xe9, 0x0, 0x30, 0x7, 0x8c, 0x82, 0xc0,
    0x3e, 0x10, 0x10, 0xf, 0x88, 0x4, 0x3, 0x86,
    0xc4, 0x2d, 0x32, 0x1e, 0xb9, 0x0, 0x5c, 0xd,
    0xe1, 0x40, 0x3, 0x80, 0xc8, 0x20, 0x29, 0x3c,
    0x40,

    /* U+FEAA "ﺪ" */
    0x0, 0x93, 0xfd, 0x60, 0x1f, 0xe4, 0xc0, 0x4a,
    0x0, 0xff, 0x1d, 0x2, 0xa8, 0x3, 0xfc, 0xaa,
    0xb, 0x0, 0xff, 0xa4, 0x5, 0x80, 0x3f, 0xc6,
    0x21, 0xa0, 0x1f, 0xf1, 0x3, 0x0, 0x7f, 0xc4,
    0x4, 0x20, 0x1f, 0x86, 0xc4, 0x1, 0x40, 0x11,
    0x3b, 0xd5, 0xc8, 0x1, 0x26, 0xcb, 0xb4, 0x44,
    0xa0, 0x1, 0xc6, 0x2, 0x68, 0x0, 0xc2, 0x93,
    0xc7, 0x30, 0x20, 0x0,

    /* U+FEAB "ﺫ" */
    0x0, 0xa7, 0xe0, 0x3, 0xff, 0x8b, 0x3f, 0x0,
    0x1f, 0xfc, 0x52, 0x33, 0x8, 0x7, 0xdb, 0x9e,
    0x40, 0x1c, 0x58, 0x22, 0xf0, 0xf, 0x16, 0x81,
    0x48, 0x7, 0x8d, 0x81, 0x88, 0x3, 0xd6, 0x0,
    0xa0, 0xf, 0x11, 0x1, 0x0, 0x3e, 0x10, 0x10,
    0xf, 0x88, 0x4, 0x3, 0x86, 0xc4, 0x2d, 0x32,
    0x1e, 0xb9, 0x0, 0x5c, 0xd, 0xe1, 0x40, 0x3,
    0x80, 0xc8, 0x20, 0x29, 0x3c, 0x40,

    /* U+FEAC "ﺬ" */
    0x0, 0xa7, 0xe0, 0x3, 0xff, 0x9b, 0x3f, 0x0,
    0x1f, 0xfc, 0xe1, 0x10, 0x7, 0xfc, 0x7f, 0xd8,
    0x1, 0xfe, 0x3d, 0x13, 0xb0, 0xf, 0xf1, 0xd0,
    0x23, 0x0, 0x7f, 0x91, 0x42, 0x44, 0x3, 0xfd,
    0x20, 0x6, 0x0, 0xff, 0x19, 0x6, 0x0, 0x7f,
    0xc2, 0xc, 0x1, 0xff, 0x10, 0x10, 0x80, 0x7e,
    0x1b, 0x10, 0x5, 0x0, 0x44, 0xef, 0x57, 0x20,
    0x4, 0x9b, 0x2e, 0xd1, 0x12, 0x80, 0x7, 0x18,
    0x9, 0xa0, 0x3, 0xa, 0x4f, 0x1c, 0xc0, 0x80,
    0x0,

    /* U+FEAD "ﺭ" */
    0x0, 0xff, 0x14, 0x40, 0x40, 0x3f, 0xc6, 0xee,
    0x60, 0xf, 0xf0, 0x90, 0x60, 0x7, 0xfc, 0xc0,
    0xe0, 0x1f, 0xf0, 0x80, 0x80, 0x7f, 0xc2, 0x2,
    0x1, 0xff, 0x28, 0x28, 0x7, 0xf9, 0x4, 0x30,
    0x3, 0xfd, 0x20, 0x4, 0x0, 0xfe, 0xb2, 0x7,
    0x10, 0xf, 0x8b, 0x10, 0xa, 0x40, 0x3c, 0x73,
    0xa6, 0x3, 0xe2, 0x3, 0x13, 0x7d, 0x8c, 0x0,
    0x5f, 0x20, 0x1, 0xbb, 0x20, 0x80, 0x17, 0x28,
    0x40, 0x38, 0x4d, 0xab, 0xe8, 0xc0, 0x38,

    /* U+FEAE "ﺮ" */
    0x0, 0xff, 0x14, 0x40, 0x40, 0x3f, 0xf8, 0x46,
    0xef, 0x0, 0x7f, 0xf0, 0x84, 0x83, 0x0, 0x3f,
    0xf8, 0x6c, 0x8, 0x1, 0xff, 0xc3, 0x10, 0x17,
    0x0, 0xff, 0xe1, 0x8, 0x2, 0x2e, 0x14, 0x3,
    0xfe, 0x50, 0x9, 0x1f, 0x80, 0x3f, 0xc8, 0x20,
    0xe6, 0x1, 0xff, 0xc1, 0x90, 0x4, 0x67, 0xfa,
    0xc0, 0x3f, 0xac, 0x81, 0xc0, 0x3f, 0xf8, 0x5,
    0x88, 0x5, 0x0, 0x1f, 0xe3, 0x9d, 0x30, 0x2c,
    0x0, 0xf0, 0xc4, 0xdf, 0x63, 0x0, 0x1b, 0x44,
    0x3, 0xc6, 0xec, 0x82, 0x0, 0x5d, 0x90, 0xf,
    0xf0, 0x9b, 0x57, 0xd1, 0x0, 0x7f, 0x0,

    /* U+FEAF "ﺯ" */
    0x0, 0xff, 0x3f, 0xc8, 0x7, 0xff, 0x35, 0xfe,
    0x40, 0x3f, 0xfb, 0x65, 0x10, 0x10, 0xf, 0xf1,
    0xbb, 0x98, 0x3, 0xfc, 0x24, 0x18, 0x1, 0xff,
    0x30, 0x38, 0x7, 0xfc, 0x20, 0x20, 0x1f, 0xf0,
    0x80, 0x80, 0x7f, 0xca, 0xa, 0x1, 0xfe, 0x41,
    0xc, 0x0, 0xff, 0x48, 0x1, 0x0, 0x3f, 0xac,
    0x81, 0xc4, 0x3, 0xe2, 0xc4, 0x2, 0x90, 0xf,
    0x1c, 0xe9, 0x80, 0xf8, 0x80, 0xc4, 0xdf, 0x63,
    0x0, 0x17, 0xc8, 0x0, 0x6e, 0xc8, 0x20, 0x5,
    0xca, 0x10, 0xe, 0x13, 0x6a, 0xfa, 0x30, 0xe,

    /* U+FEB0 "ﺰ" */
    0x0, 0xff, 0x3f, 0xc8, 0x7, 0xff, 0x55, 0xfe,
    0x40, 0x3f, 0xfc, 0xe5, 0x10, 0x10, 0xf, 0xfe,
    0x11, 0xbb, 0xc0, 0x1f, 0xfc, 0x21, 0x20, 0xc0,
    0xf, 0xfe, 0x1b, 0x2, 0x0, 0x7f, 0xf0, 0xc4,
    0x5, 0xc0, 0x3f, 0xf8, 0x42, 0x0, 0x8b, 0x85,
    0x0, 0xff, 0x94, 0x2, 0x47, 0xe0, 0xf, 0xf2,
    0x8, 0x39, 0x80, 0x7f, 0xf0, 0x64, 0x1, 0x19,
    0xfe, 0xb0, 0xf, 0xeb, 0x20, 0x70, 0xf, 0xfe,
    0x1, 0x6a, 0x1, 0x40, 0x7, 0xf8, 0xeb, 0x48,
    0xb, 0x0, 0x3c, 0x31, 0x37, 0xd8, 0xa0, 0x6,
    0xd1, 0x0, 0xf1, 0xbb, 0x20, 0x80, 0x17, 0x64,
    0x3, 0xfc, 0x26, 0xd5, 0xf4, 0x40, 0x1f, 0xc0,

    /* U+FEB1 "ﺱ" */
    0x0, 0xff, 0xe8, 0x2c, 0x30, 0x7, 0xff, 0x43,
    0xde, 0xc0, 0x3f, 0xf8, 0x2f, 0x8, 0x1, 0xcd,
    0xc, 0x1, 0xff, 0xc8, 0xc7, 0x80, 0xe, 0xa7,
    0xa0, 0xf, 0xfe, 0x46, 0x81, 0x80, 0x70, 0x80,
    0x80, 0x7f, 0xf2, 0x10, 0x0, 0xa0, 0x18, 0x80,
    0xc0, 0x30, 0x80, 0x43, 0xfe, 0x80, 0xf, 0xc4,
    0x0, 0xe0, 0x9, 0x0, 0x2, 0x80, 0x12, 0x83,
    0x3, 0x0, 0x24, 0x3, 0xf8, 0x41, 0x1c, 0x1,
    0x0, 0x15, 0x10, 0x30, 0x81, 0x85, 0x82, 0x8,
    0x7, 0xff, 0x2, 0x3b, 0xcc, 0x10, 0x7, 0x7a,
    0x40, 0x14, 0x6, 0x18, 0x1, 0xfe, 0x10, 0x8,
    0x40, 0x5, 0x64, 0x0, 0x10, 0x4, 0x91, 0x0,
    0x4, 0x1, 0xfc, 0x60, 0x7, 0x30, 0x2, 0x78,
    0x63, 0x8, 0x25, 0xb0, 0x8, 0x0, 0x40, 0x3f,
    0xa4, 0x1, 0x39, 0xfe, 0xb2, 0x1, 0x9e, 0xfb,
    0x40, 0x0, 0x80, 0x4, 0x3, 0xf2, 0x28, 0x18,
    0x80, 0x7f, 0xf0, 0x88, 0x1, 0xc0, 0x1f, 0x1d,
    0x80, 0x3c, 0x3, 0xff, 0x88, 0xa0, 0x96, 0x82,
    0x2, 0x93, 0x80, 0x7, 0x30, 0xf, 0xfe, 0x24,
    0x8, 0x25, 0xf7, 0xf5, 0xb0, 0x1, 0xe0, 0x3,
    0xff, 0x8a, 0x58, 0x80, 0x1f, 0x1e, 0x40, 0x7,
    0xff, 0x1c, 0xaf, 0x6a, 0x1d, 0xd3, 0xb8, 0x60,
    0x1f, 0xfc, 0x60,

    /* U+FEB2 "ﺲ" */
    0x0, 0xff, 0xe8, 0x2c, 0x30, 0x7, 0xff, 0x53,
    0xde, 0xc0, 0x3f, 0xf8, 0xaf, 0x8, 0x1, 0xcd,
    0xc, 0x1, 0xff, 0xcc, 0xc7, 0x80, 0xe, 0xa7,
    0xa0, 0xf, 0xfe, 0x66, 0x81, 0x80, 0x70, 0x80,
    0x7f, 0xf3, 0x90, 0x0, 0x80, 0x18, 0x80, 0x80,
    0x30, 0x81, 0x80, 0x70, 0xff, 0xa0, 0x3, 0xf1,
    0x0, 0x34, 0x2, 0x30, 0x0, 0x90, 0x4, 0xc0,
    0x22, 0x0, 0xcc, 0x0, 0x90, 0xf, 0xe1, 0x6,
    0x20, 0x4, 0x80, 0x52, 0x0, 0x22, 0x0, 0x2c,
    0x3, 0x58, 0x20, 0x80, 0x7f, 0xf0, 0x32, 0x29,
    0x40, 0x41, 0x32, 0x30, 0x2, 0x5c, 0x87, 0x3,
    0xc, 0x0, 0xff, 0x8, 0x0, 0x5d, 0x40, 0x70,
    0x40, 0xdc, 0x40, 0x80, 0x6, 0xf0, 0x40, 0x2,
    0x0, 0xfe, 0x30, 0x2, 0x10, 0xa, 0x61, 0x62,
    0x88, 0x1c, 0x6d, 0xa0, 0x80, 0x4, 0x0, 0x20,
    0x1f, 0xd2, 0x0, 0x9d, 0xfe, 0xb2, 0x2, 0xae,
    0xfc, 0x70, 0x4b, 0xef, 0xf0, 0x80, 0x4, 0x3,
    0xf2, 0x28, 0x9, 0x0, 0x7f, 0xf1, 0x88, 0x1,
    0xc0, 0x1f, 0x1d, 0x80, 0x2c, 0x3, 0xff, 0x90,
    0xa0, 0x96, 0x82, 0x2, 0x93, 0x80, 0x5, 0x50,
    0x7, 0xff, 0x22, 0x4, 0x12, 0xfb, 0xfa, 0xd8,
    0x0, 0xd4, 0x1, 0xff, 0xc9, 0x2c, 0x40, 0xf,
    0x8a, 0xe4, 0x3, 0xff, 0x96, 0x57, 0xb5, 0xe,
    0xe9, 0xcd, 0x40, 0xf, 0xfe, 0x50,

    /* U+FEB3 "ﺳ" */
    0x0, 0xff, 0xe3, 0x9c, 0x40, 0x40, 0x3f, 0xf8,
    0xea, 0xee, 0x30, 0xc, 0x31, 0x2, 0x0, 0xc7,
    0x10, 0x0, 0xff, 0xe0, 0x13, 0xbc, 0x1, 0x91,
    0xdc, 0x1, 0xff, 0xc8, 0xe0, 0x0, 0x80, 0x7f,
    0xf0, 0x8c, 0x3, 0x10, 0x0, 0xc0, 0x21, 0x0,
    0x18, 0x6, 0x40, 0x6, 0x80, 0x65, 0x0, 0x28,
    0x5, 0xc0, 0x1, 0x0, 0x86, 0x40, 0x8, 0x60,
    0x6, 0x10, 0x4, 0x88, 0x1, 0xc0, 0xc0, 0xa2,
    0x78, 0x40, 0x2d, 0x9a, 0x90, 0x20, 0x1f, 0x9c,
    0x10, 0xa0, 0x67, 0x60, 0x1, 0x38, 0xb, 0x28,
    0x3, 0x8c, 0x5, 0x8c, 0x15, 0x80, 0x31, 0x3e,
    0xc3, 0x90, 0x0, 0xec, 0xf1, 0xc4, 0xa, 0x68,
    0x0,

    /* U+FEB4 "ﺴ" */
    0x0, 0xff, 0xe3, 0x9c, 0x40, 0x40, 0x3f, 0xf9,
    0x6a, 0xee, 0x30, 0xf, 0xc3, 0x10, 0x20, 0xc,
    0x71, 0x0, 0xf, 0xfe, 0x21, 0x3b, 0xc0, 0x19,
    0x1d, 0xc0, 0x1f, 0xfc, 0xce, 0x0, 0x8, 0x7,
    0xff, 0x18, 0xc0, 0x31, 0x0, 0xc, 0x2, 0x10,
    0xf, 0xf9, 0x0, 0x1a, 0x1, 0x94, 0x0, 0xa0,
    0x17, 0x0, 0x10, 0x3, 0xe1, 0x90, 0x2, 0x18,
    0x1, 0x84, 0x1, 0x22, 0x0, 0x70, 0x4, 0x8,
    0x4, 0x51, 0x3c, 0x20, 0x16, 0xcd, 0x48, 0x10,
    0xf, 0xce, 0x8, 0x0, 0x7e, 0x60, 0x99, 0xd8,
    0x0, 0x50, 0x2, 0xca, 0x0, 0xe3, 0x1, 0x63,
    0x1, 0x0, 0xb, 0x3b, 0x0, 0x44, 0xfa, 0xf6,
    0x60, 0x3, 0xb3, 0xc7, 0x10, 0x16, 0xfd, 0x61,
    0x0, 0x80,

    /* U+FEB5 "ﺵ" */
    0x0, 0xff, 0xe2, 0x9f, 0xe8, 0x7, 0xff, 0xbc,
    0xff, 0x40, 0x3f, 0xfd, 0xdd, 0xe4, 0xff, 0x20,
    0x1f, 0xfe, 0xce, 0xf2, 0x7f, 0x90, 0xf, 0x1a,
    0xa0, 0x7, 0xff, 0x42, 0x6a, 0x40, 0x3f, 0xf8,
    0x2a, 0xc6, 0x1, 0xc8, 0xc8, 0x1, 0xff, 0xc8,
    0xe9, 0xf0, 0xe, 0x89, 0x80, 0xf, 0xfe, 0x46,
    0x1, 0x80, 0x70, 0x80, 0x80, 0x7f, 0x9, 0x8,
    0x7, 0xe5, 0x0, 0x28, 0x6, 0x20, 0x30, 0xc,
    0x20, 0x10, 0xf6, 0xb0, 0x7, 0xe2, 0x0, 0x70,
    0x4, 0x80, 0x1, 0x40, 0x9, 0x40, 0x42, 0x40,
    0xe, 0x1, 0xfc, 0x20, 0x8e, 0x0, 0x80, 0xa,
    0x88, 0x18, 0x41, 0x1, 0x41, 0x0, 0x3f, 0xf8,
    0x31, 0xde, 0x60, 0x80, 0x3b, 0xd2, 0x0, 0xa0,
    0x20, 0xc0, 0xf, 0xf0, 0x80, 0x42, 0x0, 0x2b,
    0x20, 0x0, 0x80, 0x24, 0x88, 0x0, 0x20, 0xf,
    0xe3, 0x0, 0x39, 0x80, 0x13, 0xc3, 0x18, 0x41,
    0x2d, 0x80, 0x40, 0x2, 0x1, 0xfd, 0x20, 0x9,
    0xcf, 0xf5, 0x90, 0xc, 0xf7, 0xda, 0x0, 0x4,
    0x0, 0x20, 0x1f, 0x91, 0x40, 0xc4, 0x3, 0xff,
    0x84, 0x40, 0xe, 0x0, 0xf8, 0xec, 0x1, 0xe0,
    0x1f, 0xfc, 0x45, 0x4, 0xb4, 0x10, 0x14, 0x9c,
    0x0, 0x39, 0x80, 0x7f, 0xf1, 0x20, 0x41, 0x2f,
    0xbf, 0xad, 0x80, 0xf, 0x0, 0x1f, 0xfc, 0x52,
    0xc4, 0x0, 0xf8, 0xf2, 0x0, 0x3f, 0xf8, 0xe5,
    0x7b, 0x50, 0xee, 0x9d, 0xc3, 0x0, 0xff, 0xe3,
    0x0,

    /* U+FEB6 "ﺶ" */
    0x0, 0xff, 0xe2, 0x9f, 0xe8, 0x7, 0xff, 0xdc,
    0xff, 0x40, 0x3f, 0xfe, 0xdd, 0xe4, 0xff, 0x20,
    0x1f, 0xff, 0x4e, 0xf2, 0x7f, 0x90, 0xf, 0x1a,
    0xa0, 0x7, 0xff, 0x52, 0x6a, 0x40, 0x3f, 0xf8,
    0xa6, 0x84, 0x1, 0xc6, 0x86, 0x1, 0xff, 0xcc,
    0xfb, 0x90, 0xe, 0xfb, 0xf0, 0xf, 0xfe, 0x65,
    0x82, 0x80, 0x70, 0x80, 0x7f, 0xf3, 0x90, 0x4,
    0xc0, 0x31, 0x1, 0x0, 0x61, 0x3, 0x0, 0xf6,
    0x6b, 0x80, 0x7e, 0x30, 0x5, 0x80, 0x44, 0x0,
    0x12, 0x0, 0x98, 0x4, 0x40, 0x19, 0x8c, 0x98,
    0x3, 0xf8, 0x41, 0xc8, 0x1, 0x60, 0x14, 0x80,
    0x8, 0x80, 0xb, 0x0, 0xd4, 0x6, 0x20, 0x1f,
    0xfc, 0xc, 0x8a, 0x60, 0x10, 0x4c, 0x8c, 0x0,
    0x97, 0x21, 0xc0, 0xc1, 0x0, 0x3f, 0xc2, 0x0,
    0x17, 0x50, 0x1c, 0x10, 0x37, 0x10, 0x20, 0x1,
    0xbc, 0x10, 0x3, 0x40, 0x3f, 0x8c, 0x0, 0x84,
    0x2, 0x98, 0x58, 0xa2, 0x7, 0x1b, 0x68, 0x20,
    0x1, 0x0, 0x8, 0x7, 0xf4, 0x80, 0x27, 0x7f,
    0xac, 0x80, 0xab, 0xbf, 0x1c, 0x12, 0xfb, 0xfc,
    0x20, 0x1, 0x0, 0xfc, 0x8a, 0x2, 0x40, 0x1f,
    0xfc, 0x62, 0x0, 0x70, 0x7, 0xc7, 0x40, 0xb,
    0x0, 0xff, 0xe4, 0x28, 0x25, 0x20, 0x80, 0xa4,
    0xe0, 0x82, 0xa8, 0x3, 0xff, 0x91, 0x2, 0xb,
    0x7d, 0xfd, 0x6c, 0x0, 0x6a, 0x0, 0xff, 0xe4,
    0x96, 0x18, 0x7, 0xc5, 0x72, 0x1, 0xff, 0xcb,
    0x2c, 0xda, 0x87, 0x74, 0xe6, 0xa0, 0x7, 0xff,
    0x28,

    /* U+FEB7 "ﺷ" */
    0x0, 0xff, 0x9b, 0xe8, 0x3, 0xff, 0xbe, 0xdf,
    0x40, 0x1f, 0xfd, 0xd1, 0xff, 0x5, 0xfa, 0x80,
    0x7f, 0xf6, 0xc7, 0xfc, 0x17, 0xea, 0x1, 0xa,
    0xa8, 0x3, 0xff, 0x90, 0xf5, 0x42, 0x0, 0xe4,
    0x40, 0x80, 0x61, 0x44, 0x0, 0x7f, 0xf0, 0xe,
    0xec, 0x80, 0x19, 0xae, 0xc0, 0x1f, 0xfc, 0x8f,
    0x0, 0x8, 0x7, 0xff, 0x8, 0xc0, 0x31, 0x0,
    0xc, 0x3, 0xc6, 0x1, 0x94, 0x1, 0xa0, 0x19,
    0x0, 0xa, 0x1, 0x70, 0x0, 0x40, 0x21, 0x80,
    0x2, 0x10, 0x1, 0x44, 0x1, 0x22, 0x0, 0x50,
    0x20, 0x28, 0x9f, 0x10, 0xb, 0x26, 0xa8, 0x2,
    0x3, 0xf3, 0x84, 0x16, 0xc, 0xec, 0x20, 0x4e,
    0x2, 0xca, 0x0, 0xd3, 0x1, 0x63, 0x5, 0x60,
    0xc, 0x4f, 0xb0, 0xe4, 0x0, 0x3b, 0x3c, 0x71,
    0x2, 0x8a, 0x0, 0x0,

    /* U+FEB8 "ﺸ" */
    0x0, 0xff, 0x9b, 0xe8, 0x3, 0xff, 0xce, 0xdf,
    0x40, 0x1f, 0xfe, 0x51, 0xff, 0x5, 0xfa, 0x80,
    0x7f, 0xf8, 0xc7, 0xfc, 0x17, 0xea, 0x1, 0xa,
    0xa8, 0x3, 0xff, 0x98, 0xf5, 0x42, 0x0, 0xfe,
    0x44, 0x8, 0x6, 0x14, 0x40, 0x7, 0xff, 0x10,
    0xee, 0xc8, 0x1, 0x9a, 0xec, 0x1, 0xff, 0xcc,
    0xf0, 0x0, 0x80, 0x7f, 0xf1, 0x8c, 0x3, 0x10,
    0x0, 0xc0, 0x3f, 0xf8, 0x6a, 0x0, 0xd0, 0xc,
    0x80, 0x5, 0x0, 0xb8, 0x0, 0xe0, 0x1f, 0xc,
    0x0, 0x10, 0x80, 0xa, 0x20, 0x9, 0x10, 0x2,
    0x80, 0x2c, 0x40, 0x22, 0x89, 0xf1, 0x0, 0xb2,
    0x6a, 0x80, 0x20, 0x3f, 0x38, 0x40, 0x1, 0xf9,
    0x82, 0x67, 0x61, 0x2, 0x80, 0x16, 0x50, 0x6,
    0x98, 0xb, 0x18, 0x8, 0x0, 0x59, 0xd8, 0x2,
    0x27, 0xd7, 0xb3, 0x0, 0x1d, 0x9e, 0x38, 0x80,
    0xb7, 0xeb, 0x8, 0x4,

    /* U+FEB9 "ﺹ" */
    0x0, 0xff, 0xe5, 0x25, 0xf7, 0xf5, 0x28, 0x7,
    0xff, 0x28, 0xb2, 0xd0, 0x40, 0x56, 0xa8, 0x1,
    0xff, 0xc8, 0x5d, 0x30, 0x28, 0x98, 0x20, 0x55,
    0x0, 0x7f, 0xf0, 0x84, 0x2, 0x6a, 0x0, 0x4e,
    0xbb, 0x3e, 0x0, 0x3c, 0x3, 0xff, 0x83, 0xbc,
    0xe0, 0xb2, 0x5, 0xac, 0x1, 0x84, 0xc0, 0x40,
    0x17, 0x8c, 0x1, 0xf9, 0x2, 0x92, 0x80, 0xb0,
    0x80, 0x39, 0xcc, 0x8, 0x19, 0xd, 0x0, 0x3f,
    0x70, 0x15, 0x81, 0x60, 0x80, 0x64, 0xc8, 0x0,
    0x50, 0x68, 0x11, 0x0, 0x3f, 0x8, 0x6, 0x79,
    0x88, 0x4d, 0xf5, 0x98, 0x2, 0x4c, 0x10, 0x14,
    0x3, 0xf8, 0x40, 0x32, 0xbb, 0xcc, 0x82, 0x0,
    0x4c, 0x60, 0x10, 0x7, 0x0, 0x7f, 0x78, 0x2,
    0x4, 0x3, 0x85, 0x23, 0x6c, 0xc0, 0x4, 0x0,
    0x20, 0xf, 0xe3, 0x2, 0x7e, 0xff, 0xee, 0xb7,
    0x20, 0xc, 0x20, 0x1, 0x0, 0xfc, 0x28, 0xe,
    0x1, 0xff, 0xc3, 0x20, 0x6, 0x80, 0x7e, 0xb0,
    0x7, 0x80, 0x7f, 0xf1, 0x8, 0x1d, 0x0, 0x38,
    0xad, 0x40, 0x94, 0x3, 0xff, 0x89, 0x0, 0xb,
    0xda, 0x9a, 0xdd, 0x20, 0xf, 0x80, 0x7f, 0xf1,
    0x55, 0xc0, 0x4, 0xac, 0xa4, 0x0, 0x4c, 0x20,
    0xf, 0xfe, 0x34, 0x6b, 0x18, 0x80, 0x9, 0xb2,
    0xc8, 0x3, 0xff, 0x8a,

    /* U+FEBA "ﺺ" */
    0x0, 0xff, 0xe5, 0x25, 0xf7, 0xf5, 0x28, 0x7,
    0xff, 0x34, 0xae, 0xc8, 0x20, 0x2b, 0x54, 0x0,
    0xff, 0xe5, 0xae, 0xa0, 0x14, 0x4c, 0x10, 0x2a,
    0x80, 0x3f, 0xf8, 0xa2, 0x1, 0x35, 0x0, 0x27,
    0x5d, 0x9f, 0x0, 0x1e, 0x1, 0xff, 0xc4, 0xde,
    0x70, 0x59, 0x2, 0xd6, 0x0, 0xc2, 0x60, 0x20,
    0x1d, 0x78, 0xc0, 0x1f, 0x90, 0x29, 0x28, 0xb,
    0x8, 0x3, 0x9c, 0xc0, 0x80, 0x33, 0x21, 0xa0,
    0x7, 0xee, 0x2, 0xb0, 0x2c, 0x10, 0xc, 0x99,
    0x0, 0xf, 0x0, 0xda, 0x4, 0x40, 0xf, 0xc2,
    0x1, 0x9e, 0x62, 0x13, 0x7d, 0x66, 0x1, 0x4d,
    0xc2, 0x2, 0x2, 0x80, 0x7f, 0x8, 0x6, 0x57,
    0x79, 0x90, 0x40, 0x8, 0xa0, 0x4, 0x7d, 0x10,
    0x7, 0x0, 0x7f, 0x78, 0x2, 0x4, 0x3, 0x85,
    0x23, 0x6e, 0xa8, 0x60, 0x11, 0x0, 0x8, 0x3,
    0xf8, 0xc0, 0x9f, 0xbf, 0xfb, 0xad, 0xc8, 0x0,
    0xb9, 0xfe, 0x91, 0x0, 0x8, 0x7, 0xe1, 0x40,
    0x70, 0xf, 0xfe, 0x31, 0x0, 0x34, 0x3, 0xf5,
    0x80, 0x3c, 0x3, 0xff, 0x8e, 0x40, 0xe8, 0x1,
    0xc5, 0x6a, 0x4, 0xa0, 0x1f, 0xfc, 0x78, 0x0,
    0x5e, 0xd4, 0xd6, 0xe9, 0x0, 0x7c, 0x3, 0xff,
    0x90, 0xae, 0x0, 0x25, 0x65, 0x20, 0x2, 0x61,
    0x0, 0x7f, 0xf2, 0x63, 0x58, 0xc4, 0x0, 0x4d,
    0x96, 0x40, 0x1f, 0xfc, 0x80,

    /* U+FEBB "ﺻ" */
    0x0, 0xff, 0xe1, 0x2d, 0xff, 0xb6, 0x90, 0x3,
    0xff, 0x84, 0x59, 0x48, 0x0, 0x25, 0xb9, 0x0,
    0xff, 0xe0, 0x2e, 0x98, 0x14, 0x4b, 0x88, 0x32,
    0x0, 0x63, 0xff, 0x28, 0x2, 0x28, 0x6, 0xb5,
    0xda, 0x3c, 0x1, 0x80, 0x1f, 0x18, 0x43, 0x81,
    0xfa, 0x80, 0x61, 0x10, 0x10, 0x6, 0x50, 0x5,
    0x2b, 0x81, 0xe0, 0x80, 0x74, 0x8, 0x10, 0x4,
    0x30, 0x0, 0x3a, 0x2, 0xc0, 0xe, 0x5d, 0x70,
    0x5, 0x14, 0x4f, 0x88, 0x7, 0x3c, 0x45, 0x37,
    0xf4, 0x40, 0xa, 0x26, 0x76, 0x10, 0x28, 0x0,
    0x95, 0xde, 0x64, 0x0, 0x93, 0x54, 0x3, 0xb,
    0xeb, 0xd9, 0x80, 0x78, 0x92, 0x36, 0xc8, 0x0,

    /* U+FEBC "ﺼ" */
    0x0, 0xff, 0xe1, 0x2d, 0xff, 0xb6, 0x90, 0x3,
    0xff, 0x8a, 0x59, 0x48, 0x0, 0x25, 0xb9, 0x0,
    0xff, 0xe1, 0xae, 0x98, 0x14, 0x4b, 0x88, 0x32,
    0x0, 0x7c, 0x7f, 0xe5, 0x0, 0x45, 0x0, 0xd6,
    0xbb, 0x47, 0x80, 0x34, 0x3, 0xfc, 0x61, 0xe,
    0x7, 0xea, 0x1, 0x84, 0x40, 0x40, 0x1f, 0x28,
    0x2, 0x95, 0xc0, 0xf0, 0x40, 0x3a, 0x4, 0x8,
    0x3, 0xc3, 0x0, 0x3, 0xa0, 0x2c, 0x0, 0xe5,
    0xd7, 0x0, 0x60, 0x4, 0x51, 0x3e, 0x20, 0x1c,
    0xf1, 0x14, 0xdf, 0xd1, 0x0, 0x55, 0x70, 0x8c,
    0xec, 0x20, 0x50, 0x1, 0x2b, 0xbc, 0xc8, 0x1,
    0x22, 0x80, 0x11, 0xf4, 0x2, 0x17, 0xd7, 0xb3,
    0x0, 0xf0, 0xa4, 0x6d, 0xd4, 0x98, 0x4,

    /* U+FEBD "ﺽ" */
    0x0, 0xff, 0xe2, 0x4f, 0xb8, 0x7, 0xff, 0xbe,
    0x7d, 0xc0, 0x3f, 0xfa, 0xc9, 0x7d, 0xfd, 0x4a,
    0x1, 0xff, 0xca, 0x2c, 0xb4, 0x10, 0x15, 0xaa,
    0x0, 0x7f, 0xf2, 0x17, 0x4c, 0xa, 0x26, 0x8,
    0x15, 0x40, 0x1f, 0xfc, 0x21, 0x0, 0x9a, 0x80,
    0x13, 0xae, 0xcf, 0x80, 0xf, 0x0, 0xff, 0xe0,
    0xef, 0x38, 0x2c, 0x81, 0x6b, 0x0, 0x61, 0x30,
    0x10, 0x5, 0xe3, 0x0, 0x7e, 0x40, 0xa4, 0xa0,
    0x2c, 0x20, 0xe, 0x73, 0x2, 0x6, 0x43, 0x40,
    0xf, 0xdc, 0x5, 0x60, 0x58, 0x20, 0x19, 0x32,
    0x0, 0x14, 0x1a, 0x4, 0x40, 0xf, 0xc2, 0x1,
    0x9e, 0x62, 0x13, 0x7d, 0x66, 0x0, 0x93, 0x4,
    0x5, 0x0, 0xfe, 0x10, 0xc, 0xae, 0xf3, 0x20,
    0x80, 0x13, 0x18, 0x4, 0x1, 0xc0, 0x1f, 0xde,
    0x0, 0x81, 0x0, 0xe1, 0x48, 0xdb, 0x30, 0x1,
    0x0, 0x8, 0x3, 0xf8, 0xc0, 0x9f, 0xbf, 0xfb,
    0xad, 0xc8, 0x3, 0x8, 0x0, 0x40, 0x3f, 0xa,
    0x3, 0x80, 0x7f, 0xf0, 0xc8, 0x1, 0xa0, 0x1f,
    0xac, 0x1, 0xe0, 0x1f, 0xfc, 0x42, 0x7, 0x40,
    0xe, 0x2b, 0x50, 0x25, 0x0, 0xff, 0xe2, 0x40,
    0x2, 0xf6, 0xa6, 0xb7, 0x48, 0x3, 0xe0, 0x1f,
    0xfc, 0x55, 0x70, 0x1, 0x2b, 0x29, 0x0, 0x13,
    0x8, 0x3, 0xff, 0x8d, 0x1a, 0xc6, 0x20, 0x2,
    0x6c, 0xb2, 0x0, 0xff, 0xe2, 0x80,

    /* U+FEBE "ﺾ" */
    0x0, 0xff, 0xe2, 0x4f, 0xb8, 0x7, 0xff, 0xd6,
    0x7d, 0xc0, 0x3f, 0xfb, 0x29, 0x7d, 0xfd, 0x4a,
    0x1, 0xff, 0xcd, 0x2b, 0xb2, 0x8, 0xa, 0xd5,
    0x0, 0x3f, 0xf9, 0x6b, 0xa8, 0x5, 0x13, 0x4,
    0xa, 0xa0, 0xf, 0xfe, 0x28, 0x80, 0x4d, 0x40,
    0x9, 0xd7, 0x67, 0xc0, 0x7, 0x80, 0x7f, 0xf1,
    0x37, 0x9c, 0x16, 0x40, 0xb5, 0x80, 0x30, 0x98,
    0x8, 0x7, 0x5e, 0x30, 0x7, 0xe4, 0xa, 0x4a,
    0x2, 0xc2, 0x0, 0xe7, 0x30, 0x20, 0xc, 0xc8,
    0x68, 0x1, 0xfb, 0x80, 0xac, 0xb, 0x4, 0x3,
    0x26, 0x40, 0x3, 0xc0, 0x36, 0x81, 0x10, 0x3,
    0xf0, 0x80, 0x67, 0x98, 0x84, 0xdf, 0x59, 0x80,
    0x53, 0x70, 0x80, 0x80, 0xa0, 0x1f, 0xc2, 0x1,
    0x95, 0xde, 0x64, 0x10, 0x2, 0x28, 0x1, 0x1f,
    0x44, 0x1, 0xc0, 0x1f, 0xde, 0x0, 0x81, 0x0,
    0xe1, 0x48, 0xdb, 0xaa, 0x18, 0x4, 0x40, 0x2,
    0x0, 0xfe, 0x30, 0x27, 0xef, 0xfe, 0xeb, 0x72,
    0x0, 0x2e, 0x7f, 0xa4, 0x40, 0x2, 0x1, 0xf8,
    0x50, 0x1c, 0x3, 0xff, 0x8c, 0x40, 0xd, 0x0,
    0xfd, 0x60, 0xf, 0x0, 0xff, 0xe3, 0x90, 0x3a,
    0x0, 0x71, 0x5a, 0x81, 0x28, 0x7, 0xff, 0x1e,
    0x0, 0x17, 0xb5, 0x35, 0xba, 0x40, 0x1f, 0x0,
    0xff, 0xe4, 0x2b, 0x80, 0x9, 0x59, 0x48, 0x0,
    0x98, 0x40, 0x1f, 0xfc, 0x98, 0xd6, 0x31, 0x0,
    0x13, 0x65, 0x90, 0x7, 0xff, 0x20,

    /* U+FEBF "ﺿ" */
    0x0, 0xfa, 0x3e, 0x0, 0x3f, 0xfb, 0xf1, 0xf0,
    0x1, 0xff, 0xcf, 0x5b, 0xff, 0x6d, 0x20, 0x7,
    0xff, 0x8, 0xb2, 0x90, 0x0, 0x4b, 0x72, 0x1,
    0xff, 0xc0, 0x5d, 0x30, 0x28, 0x97, 0x10, 0x64,
    0x0, 0xc7, 0xfe, 0x50, 0x4, 0x50, 0xd, 0x6b,
    0xb4, 0x78, 0x3, 0x0, 0x3e, 0x30, 0x87, 0x3,
    0xf5, 0x0, 0xc2, 0x20, 0x20, 0xc, 0xa0, 0xa,
    0x57, 0x3, 0xc1, 0x0, 0xe8, 0x10, 0x20, 0x8,
    0x60, 0x0, 0x74, 0x5, 0x80, 0x1c, 0xba, 0xe0,
    0xa, 0x28, 0x9f, 0x10, 0xe, 0x78, 0x8a, 0x6f,
    0xe8, 0x80, 0x14, 0x4c, 0xec, 0x20, 0x50, 0x1,
    0x2b, 0xbc, 0xc8, 0x1, 0x26, 0xa8, 0x6, 0x17,
    0xd7, 0xb3, 0x0, 0xf1, 0x24, 0x6d, 0x90, 0x0,

    /* U+FEC0 "ﻀ" */
    0x0, 0xfa, 0x3e, 0x0, 0x3f, 0xfc, 0xb1, 0xf0,
    0x1, 0xff, 0xd2, 0x5b, 0xff, 0x6d, 0x20, 0x7,
    0xff, 0x14, 0xb2, 0x90, 0x0, 0x4b, 0x72, 0x1,
    0xff, 0xc3, 0x5d, 0x30, 0x28, 0x97, 0x10, 0x64,
    0x0, 0xf8, 0xff, 0xca, 0x0, 0x8a, 0x1, 0xad,
    0x76, 0x8f, 0x0, 0x68, 0x7, 0xf8, 0xc2, 0x1c,
    0xf, 0xd4, 0x3, 0x8, 0x80, 0x80, 0x3e, 0x50,
    0x5, 0x2b, 0x81, 0xe0, 0x80, 0x74, 0x8, 0x10,
    0x7, 0x86, 0x0, 0x7, 0x40, 0x58, 0x1, 0xcb,
    0xae, 0x0, 0xc0, 0x8, 0xa2, 0x7c, 0x40, 0x39,
    0xe2, 0x29, 0xbf, 0xa2, 0x0, 0xaa, 0xe1, 0x19,
    0xd8, 0x40, 0xa0, 0x2, 0x57, 0x79, 0x90, 0x2,
    0x45, 0x0, 0x23, 0xe8, 0x4, 0x2f, 0xaf, 0x66,
    0x1, 0xe1, 0x48, 0xdb, 0xa9, 0x30, 0x8,

    /* U+FEC1 "ﻁ" */
    0x0, 0xf7, 0xfa, 0x0, 0x3f, 0xff, 0xe0, 0x1f,
    0xff, 0xf0, 0xf, 0xff, 0xf8, 0x7, 0xff, 0x80,
    0xeb, 0xbf, 0xad, 0x80, 0x3f, 0xf8, 0x65, 0x78,
    0xa2, 0x2, 0x93, 0xa2, 0x1, 0xff, 0xc0, 0x5d,
    0x40, 0x17, 0x98, 0x30, 0x28, 0x0, 0xff, 0x96,
    0x80, 0xd, 0xd0, 0xcf, 0x86, 0xe, 0x1, 0xfe,
    0x4a, 0x0, 0x4c, 0x80, 0x39, 0x40, 0x40, 0x3f,
    0x8a, 0x80, 0x18, 0xc0, 0x1c, 0x8c, 0x4, 0x1,
    0xfc, 0xa2, 0x16, 0x60, 0x18, 0xea, 0xc0, 0x14,
    0x0, 0x88, 0xe0, 0xc, 0x79, 0x10, 0x9b, 0xec,
    0x50, 0x2, 0xb8, 0x1, 0xdf, 0x80, 0x31, 0xbb,
    0xcc, 0x82, 0x0, 0x2a, 0xa0, 0x7, 0xff, 0x14,
    0x4d, 0xaf, 0x54, 0x2,

    /* U+FEC2 "ﻂ" */
    0x0, 0xf7, 0xfa, 0x0, 0x3f, 0xff, 0xe0, 0x1f,
    0xff, 0xf0, 0xf, 0xff, 0xf8, 0x7, 0xff, 0xd8,
    0xeb, 0xbf, 0xad, 0x80, 0x3f, 0xf8, 0xa5, 0x78,
    0xa2, 0x2, 0x93, 0xa2, 0x1, 0xff, 0xc2, 0x5d,
    0x40, 0x17, 0x98, 0x30, 0x28, 0x0, 0xff, 0xe0,
    0xad, 0x0, 0x1b, 0xa1, 0x9f, 0xc, 0x1c, 0x3,
    0xff, 0x80, 0x94, 0x0, 0x99, 0x0, 0x72, 0x80,
    0x80, 0x7f, 0xc5, 0x40, 0xc, 0x60, 0xe, 0x46,
    0x1, 0x0, 0xff, 0x94, 0x42, 0xcc, 0x3, 0x1d,
    0x58, 0x1, 0x0, 0x34, 0x47, 0x0, 0x63, 0xc8,
    0x84, 0xdf, 0x62, 0x80, 0x4b, 0x92, 0xe0, 0xef,
    0xc0, 0x18, 0xdd, 0xe6, 0x41, 0x0, 0x13, 0x0,
    0xd, 0xa8, 0x3, 0xff, 0x86, 0x26, 0xd7, 0xb3,
    0x88, 0x1, 0x0,

    /* U+FEC3 "ﻃ" */
    0x0, 0xd5, 0xfc, 0x1, 0xff, 0xff, 0x0, 0xff,
    0xff, 0x80, 0x7f, 0xff, 0xc0, 0x3f, 0xf9, 0x42,
    0xf9, 0xfe, 0xd8, 0x20, 0xf, 0xfe, 0xb, 0xf4,
    0x18, 0x0, 0x9f, 0x54, 0x3, 0xfc, 0x39, 0x0,
    0x4, 0x99, 0x30, 0x2, 0xc0, 0x3f, 0x87, 0xc,
    0xb, 0x2d, 0x99, 0x32, 0x1, 0x40, 0xf, 0xd8,
    0x40, 0x9a, 0x60, 0x19, 0x0, 0x2, 0x1, 0xf5,
    0x10, 0x35, 0x80, 0x70, 0xc8, 0x0, 0x40, 0x3c,
    0x2a, 0xb, 0x20, 0x18, 0x5f, 0xd0, 0x9, 0xa,
    0x22, 0x70, 0xc, 0x51, 0x15, 0x67, 0x40, 0x80,
    0xf8, 0x33, 0xbc, 0x40, 0x19, 0xdf, 0x29, 0x80,
    0x4d, 0xc4, 0x1, 0xff, 0xc2, 0x12, 0x59, 0xe9,
    0x0, 0x80,

    /* U+FEC4 "ﻄ" */
    0x0, 0xd5, 0xfc, 0x1, 0xff, 0xff, 0x0, 0xff,
    0xff, 0x80, 0x7f, 0xff, 0xc0, 0x3f, 0xfd, 0x62,
    0xf9, 0xfe, 0xd8, 0x20, 0xf, 0xfe, 0x23, 0xf4,
    0x18, 0x0, 0x9f, 0x54, 0x3, 0xff, 0x82, 0x39,
    0x0, 0x4, 0x99, 0x30, 0x2, 0x80, 0x3f, 0xf8,
    0x3, 0x86, 0x5, 0x96, 0xcc, 0x99, 0x0, 0x10,
    0x3, 0xfe, 0xc2, 0x4, 0xd3, 0x0, 0xc8, 0x0,
    0x20, 0xf, 0xf5, 0x10, 0x35, 0x80, 0x70, 0xc8,
    0x0, 0x80, 0x3f, 0x85, 0x41, 0x64, 0x3, 0xb,
    0xfa, 0x0, 0x14, 0x2, 0x28, 0x89, 0xc0, 0x31,
    0x44, 0x55, 0x9d, 0x2, 0x1, 0x7c, 0xc1, 0x33,
    0xbc, 0x40, 0x19, 0xdf, 0x29, 0x80, 0x4c, 0x40,
    0x2c, 0xec, 0x1, 0xff, 0xc2, 0x25, 0x9e, 0x9d,
    0x71, 0x0, 0x80,

    /* U+FEC5 "ﻅ" */
    0x0, 0xf7, 0xfa, 0x0, 0x3f, 0xff, 0xe0, 0x1f,
    0xff, 0xf0, 0xf, 0xfe, 0x4d, 0x7b, 0x0, 0x7f,
    0xf8, 0x6b, 0xd8, 0x3, 0xff, 0xc6, 0x75, 0xdf,
    0xd6, 0xc0, 0x1f, 0xfc, 0x32, 0xbc, 0x51, 0x1,
    0x49, 0xd1, 0x0, 0xff, 0xe0, 0x2e, 0xa0, 0xb,
    0xcc, 0x18, 0x14, 0x0, 0x7f, 0xcb, 0x40, 0x6,
    0xe8, 0x67, 0xc3, 0x7, 0x0, 0xff, 0x25, 0x0,
    0x26, 0x40, 0x1c, 0xa0, 0x20, 0x1f, 0xc5, 0x40,
    0xc, 0x60, 0xe, 0x46, 0x2, 0x0, 0xfe, 0x51,
    0xb, 0x30, 0xc, 0x75, 0x60, 0xa, 0x0, 0x44,
    0x70, 0x6, 0x3c, 0x88, 0x4d, 0xf6, 0x28, 0x1,
    0x5c, 0x0, 0xef, 0xc0, 0x18, 0xdd, 0xe6, 0x41,
    0x0, 0x15, 0x50, 0x3, 0xff, 0x8a, 0x26, 0xd7,
    0xaa, 0x1, 0x0,

    /* U+FEC6 "ﻆ" */
    0x0, 0xf7, 0xfa, 0x0, 0x3f, 0xff, 0xe0, 0x1f,
    0xff, 0xf0, 0xf, 0xfe, 0xbd, 0x7b, 0x0, 0x7f,
    0xf9, 0x6b, 0xd8, 0x3, 0xff, 0xce, 0x75, 0xdf,
    0xd6, 0xc0, 0x1f, 0xfc, 0x52, 0xbc, 0x51, 0x1,
    0x49, 0xd1, 0x0, 0xff, 0xe1, 0x2e, 0xa0, 0xb,
    0xcc, 0x18, 0x14, 0x0, 0x7f, 0xf0, 0x56, 0x80,
    0xd, 0xd0, 0xcf, 0x86, 0xe, 0x1, 0xff, 0xc0,
    0x4a, 0x0, 0x4c, 0x80, 0x39, 0x40, 0x40, 0x3f,
    0xe2, 0xa0, 0x6, 0x30, 0x7, 0x23, 0x0, 0x80,
    0x7f, 0xca, 0x21, 0x66, 0x1, 0x8e, 0xac, 0x0,
    0x80, 0x1a, 0x23, 0x80, 0x31, 0xe4, 0x42, 0x6f,
    0xb1, 0x40, 0x25, 0xc9, 0x70, 0x77, 0xe0, 0xc,
    0x6e, 0xf3, 0x20, 0x80, 0x9, 0x80, 0x6, 0xd4,
    0x1, 0xff, 0xc3, 0x13, 0x6b, 0xd9, 0xc4, 0x0,
    0x80,

    /* U+FEC7 "ﻇ" */
    0x0, 0xd5, 0xfc, 0x1, 0xff, 0xff, 0x0, 0xff,
    0xff, 0x80, 0x7c, 0x9f, 0x80, 0x1f, 0xfd, 0xd4,
    0xfc, 0x0, 0xff, 0xef, 0x8b, 0xe7, 0xfb, 0x60,
    0x80, 0x3f, 0xf8, 0x2f, 0xd0, 0x60, 0x2, 0x7d,
    0x50, 0xf, 0xf0, 0xe4, 0x0, 0x12, 0x64, 0xc0,
    0xb, 0x0, 0xfe, 0x1c, 0x30, 0x2c, 0xb6, 0x64,
    0xc8, 0x5, 0x0, 0x3f, 0x61, 0x2, 0x69, 0x80,
    0x64, 0x0, 0x8, 0x7, 0xd4, 0x40, 0xd6, 0x1,
    0xc3, 0x20, 0x1, 0x0, 0xf0, 0xa8, 0x2c, 0x80,
    0x61, 0x7f, 0x40, 0x24, 0x28, 0x89, 0xc0, 0x31,
    0x44, 0x55, 0x9d, 0x2, 0x3, 0xe0, 0xce, 0xf1,
    0x0, 0x67, 0x7c, 0xa6, 0x1, 0x37, 0x10, 0x7,
    0xff, 0x8, 0x49, 0x67, 0xa4, 0x2,

    /* U+FEC8 "ﻈ" */
    0x0, 0xd5, 0xfc, 0x1, 0xff, 0xff, 0x0, 0xff,
    0xff, 0x80, 0x7f, 0xf4, 0x13, 0xf0, 0x3, 0xff,
    0xc6, 0x9f, 0x80, 0x1f, 0xfe, 0x51, 0x7c, 0xff,
    0x6c, 0x10, 0x7, 0xff, 0x11, 0xfa, 0xc, 0x0,
    0x4f, 0xaa, 0x1, 0xff, 0xc1, 0x1c, 0x80, 0x2,
    0x4c, 0x98, 0x1, 0x40, 0x1f, 0xfc, 0x1, 0xc3,
    0x2, 0xcb, 0x66, 0x4c, 0x80, 0x8, 0x1, 0xff,
    0x61, 0x2, 0x69, 0x80, 0x64, 0x0, 0x10, 0x7,
    0xfa, 0x88, 0x1a, 0xc0, 0x38, 0x64, 0x0, 0x40,
    0x1f, 0xc2, 0xa0, 0xb2, 0x1, 0x85, 0xfd, 0x0,
    0xa, 0x1, 0x14, 0x44, 0xe0, 0x18, 0xa2, 0x2a,
    0xce, 0x81, 0x0, 0xbe, 0x60, 0x99, 0xde, 0x20,
    0xc, 0xef, 0x94, 0xc0, 0x26, 0x20, 0x16, 0x76,
    0x0, 0xff, 0xe1, 0x12, 0xcf, 0x4e, 0xb8, 0x80,
    0x40,

    /* U+FEC9 "ﻉ" */
    0x0, 0xf8, 0x90, 0xc0, 0x3f, 0xc5, 0x5f, 0xb7,
    0xe0, 0x1f, 0xcb, 0xaa, 0x1, 0xff, 0xc0, 0x4a,
    0x1, 0x8c, 0xec, 0x0, 0xfd, 0x0, 0x7c, 0xe6,
    0x20, 0x1f, 0xc6, 0x12, 0x1, 0xff, 0xc0, 0x20,
    0xf, 0x92, 0x2e, 0xc0, 0x18, 0x84, 0x2d, 0x99,
    0x5f, 0x6e, 0x8a, 0x1, 0xd6, 0x3, 0x32, 0x50,
    0x8, 0x9c, 0x3, 0x96, 0xc0, 0x32, 0x57, 0x6c,
    0x80, 0x72, 0xd8, 0x1, 0x36, 0xd4, 0x40, 0x3c,
    0x94, 0x0, 0xab, 0x20, 0xf, 0xe9, 0x0, 0x62,
    0x80, 0x7f, 0x8c, 0x81, 0xcc, 0x3, 0xfe, 0x60,
    0x5, 0x80, 0x7f, 0xf0, 0xc, 0x0, 0x40, 0x1f,
    0xfc, 0x2, 0x0, 0x10, 0x7, 0xff, 0x1, 0x40,
    0x12, 0x1, 0xff, 0xc0, 0x15, 0x5, 0xa1, 0x0,
    0xfc, 0xca, 0x16, 0x40, 0xbd, 0x6e, 0xa8, 0x86,
    0xaf, 0x92, 0x1, 0xd5, 0x0, 0x24, 0x55, 0xda,
    0x54, 0x0, 0x40, 0x15, 0x74, 0x29, 0x8, 0x0,
    0x4d, 0xf5, 0x40,

    /* U+FECA "ﻊ" */
    0x0, 0xca, 0xee, 0x51, 0x0, 0xfe, 0x7f, 0xa8,
    0x85, 0x74, 0x0, 0x7c, 0xb0, 0x1, 0xe7, 0x70,
    0x7, 0xb0, 0x0, 0x7f, 0xe5, 0x0, 0x68, 0x7,
    0xb4, 0x0, 0x64, 0xaa, 0x0, 0x60, 0x7, 0x91,
    0x80, 0x1b, 0x40, 0x7, 0x60, 0xf, 0xa8, 0x3,
    0x1e, 0xc0, 0x7, 0xc5, 0x80, 0x18, 0xec, 0x40,
    0x3e, 0xe0, 0x3, 0x61, 0x3, 0x75, 0xcc, 0x40,
    0x40, 0x8c, 0x12, 0x4f, 0x18, 0x0, 0x8c, 0xee,
    0x30, 0x70, 0x4, 0x0, 0x6, 0x75, 0xcc, 0x40,
    0x31, 0x80, 0x8, 0x3, 0x14, 0x67, 0x7f, 0x88,
    0x8, 0x0, 0x40, 0x1f, 0xfc, 0x4, 0x0, 0x48,
    0x7, 0xff, 0x5, 0x81, 0x64, 0x40, 0x3f, 0x3a,
    0x84, 0x10, 0x37, 0x53, 0xaa, 0x21, 0xab, 0xe0,
    0x80, 0x71, 0x40, 0xb, 0x15, 0x76, 0x95, 0x0,
    0x10, 0x0, 0x6b, 0x61, 0x8, 0x40, 0x2, 0x6f,
    0xaa,

    /* U+FECB "ﻋ" */
    0x0, 0xfe, 0x24, 0x30, 0xf, 0xe2, 0xaf, 0xdb,
    0xf0, 0xf, 0xcb, 0xaa, 0x1, 0xff, 0x1d, 0x0,
    0xc6, 0x76, 0x0, 0x7d, 0x0, 0x5e, 0xe6, 0x20,
    0x1f, 0x90, 0x2c, 0x40, 0x3f, 0xc2, 0x0, 0x20,
    0xf, 0xfe, 0x11, 0x0, 0x7c, 0x20, 0x10, 0x88,
    0x28, 0x3, 0x92, 0xfc, 0x3, 0x40, 0x1e, 0x29,
    0xb6, 0xda, 0x0, 0x73, 0x38, 0x1d, 0x64, 0x90,
    0x1d, 0x0, 0x75, 0xa0, 0x6, 0x4c, 0xc2, 0x14,
    0x42, 0xfb, 0x10, 0x0, 0xdb, 0x66, 0x0, 0x67,
    0x72, 0x8, 0xc, 0x74, 0x90, 0x7, 0xc6, 0xf7,
    0xce, 0x20, 0x1e,

    /* U+FECC "ﻌ" */
    0x0, 0xe2, 0x68, 0x74, 0x0, 0xfc, 0x37, 0xb2,
    0xf1, 0x7c, 0xa0, 0x1e, 0xb4, 0x0, 0xe1, 0xa3,
    0x0, 0xe7, 0x0, 0x3f, 0xe8, 0x4, 0xc0, 0x1c,
    0xa0, 0x5, 0x14, 0x0, 0xa, 0x0, 0x74, 0x20,
    0x17, 0xc8, 0x3, 0x44, 0x3, 0xd6, 0x80, 0x20,
    0xb, 0x30, 0xf, 0x89, 0xc0, 0x31, 0x80, 0x62,
    0x88, 0x5e, 0x98, 0x20, 0x2, 0x3a, 0x61, 0x98,
    0xee, 0x40, 0x4, 0x5e, 0x98, 0xb, 0x3d, 0x0,
    0x44, 0xda, 0xe0, 0x59, 0x48, 0x20, 0x0,

    /* U+FECD "ﻍ" */
    0x0, 0xff, 0xe4, 0x77, 0x90, 0x7, 0xff, 0x47,
    0xbc, 0x80, 0x3f, 0xf8, 0x84, 0x86, 0x1, 0xfe,
    0x2a, 0xfd, 0xbf, 0x0, 0xfe, 0x5d, 0x50, 0xf,
    0xfe, 0x2, 0x50, 0xc, 0x67, 0x60, 0x7, 0xe8,
    0x3, 0xe7, 0x31, 0x0, 0xfe, 0x30, 0x90, 0xf,
    0xfe, 0x1, 0x0, 0x7c, 0x91, 0x76, 0x0, 0xc4,
    0x21, 0x6c, 0xca, 0xfb, 0x74, 0x50, 0xe, 0xb0,
    0x19, 0x92, 0x80, 0x44, 0xe0, 0x1c, 0xb6, 0x1,
    0x92, 0xbb, 0x64, 0x3, 0x96, 0xc0, 0x9, 0xb6,
    0xa2, 0x1, 0xe4, 0xa0, 0x5, 0x59, 0x0, 0x7f,
    0x48, 0x3, 0x14, 0x3, 0xfc, 0x64, 0xe, 0x60,
    0x1f, 0xf3, 0x0, 0x2c, 0x3, 0xff, 0x80, 0x60,
    0x2, 0x0, 0xff, 0xe0, 0x10, 0x0, 0x80, 0x3f,
    0xf8, 0xa, 0x0, 0x90, 0xf, 0xfe, 0x0, 0xa8,
    0x2d, 0x8, 0x7, 0xe6, 0x50, 0xb2, 0x5, 0xeb,
    0x75, 0x44, 0x35, 0x7c, 0x90, 0xe, 0xa8, 0x1,
    0x22, 0xae, 0xd2, 0xa0, 0x2, 0x0, 0xab, 0xa1,
    0x48, 0x40, 0x2, 0x6f, 0xaa,

    /* U+FECE "ﻎ" */
    0x0, 0xe1, 0x0, 0xff, 0xe1, 0x1f, 0x68, 0x7,
    0xff, 0x44, 0xff, 0x40, 0x3f, 0xfa, 0x2a, 0xee,
    0x51, 0x0, 0xfe, 0x7f, 0xa8, 0x85, 0x74, 0x0,
    0x7c, 0xb0, 0x1, 0xe7, 0x70, 0x7, 0xb0, 0x0,
    0x7f, 0xe5, 0x0, 0x68, 0x7, 0xb4, 0x0, 0x64,
    0xaa, 0x0, 0x60, 0x7, 0x91, 0x80, 0x1b, 0x40,
    0x7, 0x60, 0xf, 0xa8, 0x3, 0x1e, 0xc0, 0x7,
    0xc5, 0x80, 0x18, 0xec, 0x40, 0x3e, 0xe0, 0x3,
    0x61, 0x3, 0x75, 0xcc, 0x40, 0x40, 0x8c, 0x12,
    0x4f, 0x18, 0x0, 0x8c, 0xee, 0x30, 0x70, 0x4,
    0x0, 0x6, 0x75, 0xcc, 0x40, 0x31, 0x80, 0x8,
    0x3, 0x14, 0x67, 0x7f, 0x88, 0x8, 0x0, 0x40,
    0x1f, 0xfc, 0x4, 0x0, 0x48, 0x7, 0xff, 0x5,
    0x81, 0x64, 0x40, 0x3f, 0x3a, 0x84, 0x10, 0x37,
    0x53, 0xaa, 0x21, 0xab, 0xe0, 0x80, 0x71, 0x40,
    0xb, 0x15, 0x76, 0x95, 0x0, 0x10, 0x0, 0x6b,
    0x61, 0x8, 0x40, 0x2, 0x6f, 0xaa,

    /* U+FECF "ﻏ" */
    0x0, 0xff, 0xe4, 0xf7, 0x90, 0x7, 0xff, 0x3f,
    0xbc, 0x80, 0x3f, 0xf8, 0x64, 0x86, 0x1, 0xfc,
    0x55, 0xfb, 0x7e, 0x1, 0xf9, 0x75, 0x40, 0x3f,
    0xe3, 0xa0, 0x18, 0xce, 0xc0, 0xf, 0xa0, 0xb,
    0xdc, 0xc4, 0x3, 0xf2, 0x5, 0x88, 0x7, 0xf8,
    0x40, 0x4, 0x1, 0xff, 0xc2, 0x20, 0xf, 0x84,
    0x2, 0x11, 0x5, 0x0, 0x72, 0x5f, 0x80, 0x68,
    0x3, 0xc5, 0x36, 0xdb, 0x40, 0xe, 0x67, 0x3,
    0xac, 0x92, 0x3, 0xa0, 0xe, 0xb4, 0x0, 0xc9,
    0x98, 0x42, 0x88, 0x5f, 0x62, 0x0, 0x1b, 0x6c,
    0xc0, 0xc, 0xee, 0x41, 0x1, 0x8e, 0x92, 0x0,
    0xf8, 0xde, 0xf9, 0xc4, 0x3, 0xc0,

    /* U+FED0 "ﻐ" */
    0x0, 0xf8, 0x40, 0x3f, 0xf8, 0x29, 0xd8, 0x1,
    0xff, 0xcf, 0x4f, 0xc0, 0xf, 0xfe, 0x71, 0x34,
    0x3a, 0x0, 0x7e, 0x1b, 0xd9, 0x78, 0xbe, 0x50,
    0xf, 0x5a, 0x0, 0x70, 0xd1, 0x80, 0x73, 0x80,
    0x1f, 0xf4, 0x2, 0x60, 0xe, 0x50, 0x2, 0x8a,
    0x0, 0x5, 0x0, 0x3a, 0x10, 0xb, 0xe4, 0x1,
    0xa2, 0x1, 0xeb, 0x40, 0x10, 0x5, 0x98, 0x7,
    0xc4, 0xe0, 0x18, 0xc0, 0x31, 0x44, 0x2f, 0x4c,
    0x10, 0x1, 0x1d, 0x30, 0xcc, 0x77, 0x20, 0x2,
    0x2f, 0x4c, 0x5, 0x9e, 0x80, 0x22, 0x6d, 0x70,
    0x2c, 0xa4, 0x10, 0x0,

    /* U+FED1 "ﻑ" */
    0x0, 0xff, 0xe4, 0x8, 0x7, 0xff, 0x30, 0xbb,
    0x80, 0x1f, 0xfe, 0x52, 0xfe, 0x0, 0xff, 0xf2,
    0xa4, 0x4b, 0x0, 0x7f, 0xf2, 0x6, 0xec, 0xed,
    0x3a, 0x20, 0x1f, 0xfc, 0x6a, 0x40, 0xc, 0x5a,
    0x1, 0xff, 0xc5, 0x14, 0x2, 0xde, 0x40, 0x35,
    0x0, 0xff, 0xe2, 0x28, 0x2, 0xc8, 0x68, 0x1,
    0x80, 0x1f, 0xfc, 0xd3, 0x4, 0x99, 0x0, 0x7f,
    0xf0, 0x14, 0x1, 0xa, 0x76, 0x1, 0xa5, 0x8c,
    0x3, 0xff, 0x80, 0x30, 0x3, 0x58, 0xa0, 0x2,
    0x12, 0xc, 0x0, 0xff, 0xe0, 0xbd, 0x18, 0x1,
    0x48, 0x38, 0x80, 0x4, 0x1, 0xff, 0xc2, 0x5c,
    0xff, 0x61, 0x2, 0x10, 0x3, 0x80, 0x3f, 0xf8,
    0x83, 0x32, 0x4, 0x21, 0x30, 0x5b, 0x20, 0xf,
    0xfe, 0x2, 0x4f, 0x30, 0xd, 0x0, 0x38, 0x41,
    0x37, 0x55, 0xe, 0xfa, 0x26, 0xf7, 0xed, 0x80,
    0x9, 0xe2, 0x0, 0x2f, 0x40, 0x1, 0x2b, 0xc4,
    0x67, 0x64, 0x20, 0x0, 0xae, 0x58, 0x80, 0x61,
    0xbd, 0x84, 0x21, 0x0, 0x84, 0x88, 0x8f, 0x59,
    0xd4, 0x60, 0x18,

    /* U+FED2 "ﻒ" */
    0x0, 0xff, 0xe4, 0x8, 0x7, 0xff, 0x3c, 0xbb,
    0x80, 0x1f, 0xfe, 0xb2, 0xfe, 0x0, 0xff, 0xf5,
    0x9c, 0x4a, 0x80, 0x7f, 0xf2, 0xc6, 0xf1, 0xda,
    0xb4, 0x80, 0x3f, 0xf9, 0x34, 0x80, 0x18, 0xbc,
    0x3, 0x89, 0x54, 0x1, 0xff, 0xc0, 0x24, 0x2,
    0xde, 0x40, 0x24, 0x0, 0xdd, 0x52, 0x1, 0xff,
    0xc0, 0x60, 0x4, 0x10, 0xc8, 0x0, 0xc0, 0x31,
    0x85, 0x80, 0x7f, 0xf0, 0x1c, 0x0, 0x60, 0x2,
    0x0, 0xf1, 0x0, 0x8, 0x3, 0xff, 0x80, 0x62,
    0x16, 0x0, 0x20, 0x1, 0x0, 0x78, 0xc0, 0x3f,
    0xf8, 0x2c, 0x5, 0x65, 0x20, 0x5, 0x0, 0x88,
    0x42, 0x50, 0x3, 0xff, 0x81, 0x6, 0x9, 0xa8,
    0x7, 0x11, 0x10, 0x40, 0x2, 0xec, 0xa4, 0x20,
    0x10, 0x91, 0xb4, 0x59, 0x0, 0x71, 0xbb, 0xcc,
    0xd, 0x0, 0x4, 0xad, 0xef, 0xfb, 0xb7, 0x25,
    0xd0, 0x40, 0x59, 0x4, 0x3, 0xe7, 0xd5, 0x0,
    0xff, 0x85, 0x1f, 0x3a, 0x6f, 0xbf, 0xf2, 0x0,
    0x45, 0x5f, 0x95, 0x31, 0x14, 0xd5, 0xef, 0x5c,
    0x18, 0x7, 0xf0,

    /* U+FED3 "ﻓ" */
    0x0, 0xf1, 0xfe, 0x80, 0x7f, 0xf2, 0xcf, 0xb4,
    0x3, 0xfe, 0x10, 0xf, 0xf9, 0x66, 0x48, 0x1,
    0xf1, 0xf5, 0x33, 0x2e, 0x40, 0x38, 0x74, 0x40,
    0x33, 0x38, 0x6, 0x71, 0x5, 0xec, 0x10, 0x81,
    0x0, 0xb8, 0x1, 0x62, 0x70, 0x0, 0x50, 0x8,
    0x40, 0x38, 0xc0, 0x2, 0x1, 0x78, 0x2, 0xc4,
    0x52, 0x1, 0xe6, 0x20, 0x5e, 0xe1, 0x80, 0x4,
    0x3, 0x62, 0x80, 0x46, 0x0, 0x60, 0xc, 0x35,
    0xfb, 0xe0, 0x1, 0x20, 0xf, 0x8a, 0xc, 0x24,
    0xa, 0x23, 0x4d, 0xf3, 0x80, 0xb8, 0x33, 0xbe,
    0x64, 0x10, 0x1d, 0x0, 0xfc, 0x29, 0x1e, 0x60,
    0x0,

    /* U+FED4 "ﻔ" */
    0x0, 0xfb, 0xfc, 0x20, 0x1f, 0xfd, 0x1f, 0xf0,
    0x80, 0x7f, 0xf8, 0x9, 0xdc, 0x60, 0x1f, 0xf4,
    0x6c, 0x43, 0x2c, 0x3, 0xfa, 0x1c, 0x3, 0x25,
    0x80, 0x7e, 0x70, 0x5, 0xe9, 0x2, 0x10, 0x7,
    0x88, 0x0, 0xe8, 0x50, 0x0, 0x60, 0xf, 0xfe,
    0x51, 0x8, 0x30, 0x2, 0x40, 0xa, 0x1, 0xf4,
    0x80, 0xee, 0x18, 0x30, 0x80, 0x45, 0x11, 0x68,
    0x0, 0x8c, 0x0, 0x51, 0x11, 0xb3, 0xbc, 0xa0,
    0x1e, 0x47, 0x79, 0x0, 0x30, 0x93, 0x55, 0x18,
    0xc4, 0x3, 0x0,

    /* U+FED5 "ﻕ" */
    0x0, 0xff, 0x37, 0xd0, 0x7f, 0x84, 0x3, 0xff,
    0xa6, 0xdd, 0x41, 0xfc, 0x20, 0x1f, 0xfc, 0x11,
    0x0, 0x84, 0x3, 0xff, 0x86, 0xb3, 0x25, 0x0,
    0xff, 0xe0, 0x96, 0xd3, 0x32, 0xa8, 0x1, 0xff,
    0xc0, 0xf2, 0x0, 0xca, 0xe0, 0x1f, 0xe4, 0x20,
    0x3e, 0xd2, 0x9, 0x0, 0xff, 0x10, 0x3, 0xc4,
    0xa4, 0x5, 0x0, 0x3f, 0x84, 0x3, 0x9c, 0x0,
    0x60, 0x1f, 0xc6, 0x0, 0x81, 0x9, 0x0, 0x70,
    0x7, 0xf2, 0x18, 0x27, 0x7a, 0x80, 0x68, 0xec,
    0x0, 0xf6, 0xb0, 0x4, 0x84, 0x2, 0xc, 0x28,
    0x1, 0xe1, 0x9f, 0xde, 0xb3, 0xf, 0x21, 0xb,
    0x0, 0xfe, 0x21, 0x18, 0xd, 0xc0, 0x6, 0x1,
    0xff, 0x30, 0x1, 0x8, 0x4, 0x3, 0xfe, 0x19,
    0x5, 0xf, 0x1, 0x0, 0xff, 0xa8, 0x42, 0x3,
    0xc0, 0x2, 0x1, 0xfd, 0x48, 0x10, 0x40, 0x60,
    0x6, 0x0, 0xf8, 0x71, 0x41, 0x5c, 0x0, 0x82,
    0x10, 0x60, 0x18, 0x63, 0x8c, 0x16, 0x80, 0x35,
    0x80, 0x32, 0xea, 0xf7, 0x9c, 0x0, 0xd4, 0x1,
    0xcb, 0x0, 0x4, 0x54, 0x20, 0x1, 0x5c, 0x80,
    0x7c, 0xf6, 0x82, 0x2, 0x6d, 0x7a, 0x80, 0x1e,

    /* U+FED6 "ﻖ" */
    0x0, 0xff, 0xaf, 0xd5, 0x3f, 0x0, 0x3f, 0xfb,
    0x97, 0xea, 0x9f, 0x80, 0x1f, 0xfd, 0xc4, 0xdf,
    0xeb, 0x20, 0xf, 0xfe, 0x23, 0x59, 0x0, 0xa7,
    0x88, 0x7, 0xff, 0x8, 0x64, 0x0, 0x86, 0x5,
    0x60, 0x1f, 0xfc, 0x24, 0x0, 0x45, 0xe2, 0x82,
    0x90, 0x7, 0xff, 0x4, 0x80, 0xa, 0x0, 0x80,
    0x2, 0x0, 0x7f, 0xf0, 0x48, 0x0, 0xe0, 0x2,
    0x0, 0x70, 0x7, 0xff, 0x5, 0x0, 0x14, 0xe2,
    0x2, 0x2, 0x1, 0xdb, 0xf2, 0x1, 0xc2, 0xc0,
    0x8, 0xec, 0x10, 0x48, 0x89, 0x50, 0x83, 0x40,
    0x3d, 0x2c, 0x1, 0x18, 0x0, 0x9d, 0xef, 0x20,
    0x2, 0x80, 0x7d, 0x38, 0xc4, 0x1, 0xfb, 0x80,
    0x2, 0x1, 0xf8, 0xe7, 0x4c, 0x1, 0xdf, 0xf5,
    0x70, 0x0, 0x40, 0x3f, 0xd0, 0x60, 0xc2, 0x1,
    0x88, 0x0, 0x80, 0x1f, 0xd2, 0xe0, 0x30, 0x1,
    0xc8, 0x21, 0x68, 0x1, 0xc4, 0xfc, 0xc0, 0x38,
    0x20, 0x1e, 0x90, 0x1b, 0xeb, 0xab, 0xdd, 0x40,
    0x81, 0xf9, 0x0, 0x7c, 0xec, 0x0, 0x14, 0x54,
    0x20, 0xa, 0x30, 0x40, 0x3f, 0xa7, 0x18, 0x84,
    0x0, 0x4b, 0x3e, 0xe0, 0x1f, 0xc0,

    /* U+FED7 "ﻗ" */
    0x0, 0xee, 0xf2, 0x7f, 0x90, 0xf, 0xfe, 0x47,
    0x70, 0x9f, 0xa4, 0x3, 0xf0, 0x80, 0x4, 0x3,
    0xf9, 0x66, 0x48, 0x1, 0xf1, 0xf5, 0x33, 0x2e,
    0x40, 0x38, 0x74, 0x40, 0x33, 0x38, 0x6, 0x71,
    0x5, 0xec, 0x10, 0x81, 0x0, 0xb8, 0x1, 0x62,
    0x70, 0x0, 0x50, 0x8, 0x40, 0x38, 0xc0, 0x2,
    0x1, 0x78, 0x2, 0xc4, 0x52, 0x1, 0xe6, 0x20,
    0x5e, 0xe1, 0x80, 0x4, 0x3, 0x62, 0x80, 0x46,
    0x0, 0x60, 0xc, 0x35, 0xfb, 0xe0, 0x1, 0x20,
    0xf, 0x8a, 0xc, 0x24, 0xa, 0x23, 0x4d, 0xf3,
    0x80, 0xb8, 0x33, 0xbe, 0x64, 0x10, 0x1d, 0x0,
    0xfc, 0x29, 0x1e, 0x60, 0x0,

    /* U+FED8 "ﻘ" */
    0x0, 0xeb, 0xf5, 0x57, 0xd8, 0x7, 0xff, 0x3a,
    0xfd, 0x55, 0xf6, 0x1, 0xff, 0xdf, 0x27, 0x71,
    0x80, 0x7f, 0xd1, 0xb1, 0xc, 0xb0, 0xf, 0xe8,
    0x70, 0xc, 0x96, 0x1, 0xf9, 0xc0, 0x17, 0xa4,
    0x8, 0x40, 0x1e, 0x20, 0x3, 0xa1, 0x40, 0x1,
    0x80, 0x3f, 0xf9, 0x44, 0x20, 0xc0, 0x9, 0x0,
    0x28, 0x7, 0xd2, 0x3, 0xb8, 0x60, 0xc2, 0x1,
    0x14, 0x45, 0xa0, 0x2, 0x30, 0x1, 0x44, 0x46,
    0xce, 0xf2, 0x80, 0x79, 0x1d, 0xe4, 0x0, 0xc2,
    0x4d, 0x54, 0x63, 0x10, 0xc,

    /* U+FED9 "ﻙ" */
    0x0, 0xff, 0xe2, 0x27, 0xf8, 0xc0, 0x3f, 0xff,
    0xe0, 0x1f, 0xfc, 0x24, 0xad, 0x50, 0xf, 0xfe,
    0x19, 0xde, 0xf2, 0x80, 0x7f, 0xf0, 0xd4, 0x9c,
    0xc0, 0x3f, 0xf8, 0x8e, 0x1d, 0x40, 0x1f, 0xfc,
    0x41, 0xdd, 0x3a, 0x80, 0x7f, 0xf0, 0x84, 0x5,
    0x49, 0x80, 0x3f, 0xf8, 0x57, 0xfd, 0x10, 0x30,
    0xf, 0xfe, 0x15, 0x6e, 0xb9, 0xc0, 0x3f, 0xf8,
    0x84, 0x40, 0xf, 0x8, 0x0, 0x40, 0x3f, 0xf8,
    0x84, 0x0, 0x30, 0xdf, 0x90, 0xf, 0xfe, 0x6,
    0x0, 0x88, 0x8, 0x3, 0xff, 0x82, 0xc8, 0x8,
    0x0, 0x10, 0x64, 0x0, 0xfc, 0x55, 0x20, 0x8,
    0x0, 0x40, 0x2, 0xf6, 0x59, 0x56, 0x8c, 0xd5,
    0x0, 0x51, 0x0, 0x1a, 0x40, 0x4, 0xd3, 0x55,
    0x39, 0x80, 0xb, 0x14, 0x3, 0x37, 0x4a, 0x10,
    0x4, 0x24, 0x6d, 0x7a, 0x60, 0x10,

    /* U+FEDA "ﻚ" */
    0x0, 0xff, 0xe2, 0x27, 0xf8, 0xc0, 0x3f, 0xff,
    0xe0, 0x1f, 0xfd, 0x14, 0xad, 0x50, 0xf, 0xfe,
    0x31, 0xde, 0xf2, 0x80, 0x7f, 0xf1, 0x94, 0x9c,
    0xc0, 0x3f, 0xf8, 0xee, 0x1d, 0x40, 0x1f, 0xfc,
    0x71, 0xdd, 0x3a, 0x80, 0x7f, 0xf1, 0x44, 0x5,
    0x49, 0x80, 0x3f, 0xf8, 0xb7, 0xfd, 0x10, 0x30,
    0xf, 0xfe, 0x2d, 0x6e, 0xb9, 0xc0, 0x3f, 0xf8,
    0xe4, 0x40, 0xf, 0x8, 0x7, 0xff, 0x28, 0x80,
    0x3e, 0x79, 0x50, 0xf, 0xfe, 0x6, 0x0, 0x7d,
    0xd, 0x80, 0x1f, 0xf3, 0x20, 0x1, 0xc0, 0x30,
    0x83, 0x90, 0x7, 0xe2, 0xa9, 0x0, 0xb8, 0x3,
    0x30, 0xe, 0xe4, 0xb2, 0xad, 0x19, 0xaa, 0x0,
    0x10, 0x5c, 0x87, 0x8, 0x70, 0x1, 0xb4, 0xd5,
    0x4e, 0x60, 0x2, 0xbe, 0x20, 0x37, 0x90, 0x4,
    0x74, 0x20, 0x80, 0x61, 0x47, 0xbd, 0x40, 0xd6,
    0x10, 0x0,

    /* U+FEDB "ﻛ" */
    0x0, 0xff, 0xe1, 0x8, 0x7, 0xfc, 0x31, 0xc8,
    0x1, 0xfc, 0x95, 0xce, 0x20, 0x1f, 0x9b, 0x6d,
    0x40, 0xc, 0x80, 0x18, 0xa7, 0xe4, 0x80, 0xa3,
    0xa4, 0x40, 0x2a, 0xd6, 0x0, 0x25, 0xeb, 0x88,
    0x6, 0x65, 0x0, 0x36, 0xda, 0x0, 0x7d, 0x40,
    0xd, 0x92, 0x0, 0xff, 0xe0, 0x10, 0x7, 0xfd,
    0x60, 0xa, 0x0, 0xff, 0x9c, 0xc1, 0x5c, 0x3,
    0xfe, 0xd1, 0x8, 0x40, 0xf, 0xf0, 0xe8, 0x2,
    0xc8, 0x3, 0xfc, 0x74, 0x0, 0xc1, 0x0, 0xff,
    0x2b, 0x80, 0xd8, 0x7, 0xfd, 0x6, 0xa, 0x40,
    0x1f, 0xf4, 0x0, 0x10, 0x3, 0xff, 0x84, 0x60,
    0x1f, 0xf7, 0x80, 0x1c, 0x3, 0x14, 0x46, 0x9d,
    0x40, 0x32, 0x0, 0xcc, 0xef, 0x98, 0x80, 0x78,
    0x3, 0xfe, 0x26, 0xf2, 0x0, 0xe0,

    /* U+FEDC "ﻜ" */
    0x0, 0xff, 0xe1, 0x8, 0x7, 0xff, 0x4, 0x63,
    0x90, 0x3, 0xfe, 0x4a, 0xe7, 0x10, 0xf, 0xf3,
    0x6d, 0xa8, 0x1, 0x90, 0x3, 0xc5, 0x3f, 0x24,
    0x5, 0x1d, 0x22, 0x1, 0xd5, 0xac, 0x0, 0x4b,
    0xd7, 0x10, 0xf, 0x32, 0x80, 0x1b, 0x6d, 0x0,
    0x3f, 0xa8, 0x1, 0xb2, 0x40, 0x1f, 0xfc, 0x22,
    0x0, 0xff, 0xe0, 0xd8, 0x2, 0x80, 0x3f, 0xf8,
    0x2e, 0x60, 0xae, 0x1, 0xff, 0xc1, 0xd1, 0x8,
    0x40, 0xf, 0xfe, 0x0, 0xe8, 0x2, 0xc8, 0x3,
    0xff, 0x80, 0x74, 0x0, 0xf1, 0x0, 0xff, 0xe0,
    0x2b, 0x81, 0x50, 0x7, 0xff, 0x6, 0xc, 0x12,
    0x40, 0x3f, 0xf8, 0x30, 0x0, 0x66, 0x0, 0x7f,
    0xf1, 0x25, 0x0, 0x3f, 0xef, 0x0, 0xd4, 0x40,
    0x11, 0x44, 0x69, 0xd4, 0x4, 0x90, 0x1d, 0xa8,
    0x66, 0x3b, 0xe6, 0x20, 0x1a, 0x66, 0x0, 0x15,
    0xf4, 0x3, 0xc4, 0xde, 0x21, 0x36, 0x80, 0x10,

    /* U+FEDD "ﻝ" */
    0x0, 0xff, 0xe1, 0x5f, 0xe8, 0x7, 0xff, 0xfc,
    0x3, 0xff, 0xfe, 0x1, 0xff, 0xff, 0x0, 0xff,
    0xf1, 0x8, 0x2f, 0xf8, 0x80, 0x3f, 0x98, 0x1c,
    0x24, 0x10, 0x80, 0x3f, 0x9, 0x1, 0x1, 0x81,
    0x80, 0x7f, 0x38, 0x3, 0xc0, 0x3f, 0xf8, 0x3,
    0x0, 0x7, 0x2, 0x5, 0x0, 0xf8, 0xf0, 0x41,
    0x84, 0x28, 0xb, 0x54, 0x0, 0x4b, 0x78, 0x40,
    0x72, 0x0, 0x74, 0x2, 0xaf, 0xf6, 0xd2, 0x0,
    0x1b, 0x0, 0x35, 0xc0, 0x80, 0x70, 0xb6, 0xc8,
    0x7, 0x9f, 0xae, 0x65, 0x5b, 0xd2, 0x40, 0x18,

    /* U+FEDE "ﻞ" */
    0x0, 0xff, 0xe1, 0x5f, 0xe8, 0x7, 0xff, 0xfc,
    0x3, 0xff, 0xfe, 0x1, 0xff, 0xff, 0x0, 0xff,
    0xff, 0x80, 0x7f, 0xf2, 0x48, 0x80, 0x1f, 0xfc,
    0x3, 0x0, 0xe7, 0xdd, 0x8, 0x7, 0xf3, 0x0,
    0xa0, 0x6, 0xa0, 0x41, 0x0, 0xfc, 0x24, 0x0,
    0xba, 0x83, 0x2, 0x3, 0x0, 0xfe, 0x70, 0xc,
    0xae, 0x80, 0x1f, 0xfc, 0x1, 0x80, 0x18, 0x20,
    0xc, 0x40, 0xc2, 0x1, 0xe3, 0xc1, 0x9, 0x7d,
    0xff, 0x38, 0x58, 0xe, 0x28, 0x0, 0x96, 0xf0,
    0x81, 0x5c, 0x3, 0xcc, 0x80, 0x55, 0xfe, 0xda,
    0x40, 0x4, 0x50, 0x7, 0xeb, 0x81, 0x0, 0xe1,
    0x7e, 0x70, 0xf, 0xf3, 0xf5, 0xcc, 0xab, 0x7a,
    0x4, 0x3, 0xf0,

    /* U+FEDF "ﻟ" */
    0x0, 0xd5, 0xfc, 0x1, 0xff, 0xff, 0x0, 0xff,
    0xeb, 0x8, 0x18, 0x4, 0x28, 0xc, 0x51, 0x3e,
    0x0, 0xd6, 0x76, 0x10, 0x26, 0x0, 0x85, 0xb0,
    0x0,

    /* U+FEE0 "ﻠ" */
    0x0, 0xd5, 0xfc, 0x1, 0xff, 0xff, 0x0, 0xff,
    0xff, 0x80, 0x7f, 0xf2, 0xc4, 0x4, 0x3, 0xe1,
    0x40, 0x2, 0x80, 0x45, 0x13, 0xe0, 0x15, 0x52,
    0x11, 0x9d, 0x84, 0x3, 0x2b, 0xe0, 0x4, 0x2d,
    0xd0, 0x40, 0x10,

    /* U+FEE1 "ﻡ" */
    0x0, 0xfa, 0x3b, 0xf1, 0x80, 0x3f, 0xb1, 0xc4,
    0xe, 0x6c, 0x3, 0xea, 0x30, 0x1, 0x0, 0x12,
    0x40, 0x38, 0x94, 0xb, 0xf7, 0x88, 0x18, 0x3,
    0x9c, 0x1, 0x0, 0x1, 0xa0, 0x1, 0x80, 0x62,
    0x0, 0x30, 0x7, 0x9c, 0x0, 0xdf, 0x0, 0x9,
    0x41, 0x14, 0x80, 0x18, 0x12, 0x40, 0x32, 0xdf,
    0x70, 0x41, 0x8, 0x20, 0x0, 0xd6, 0xa0, 0x1c,
    0xd6, 0x0, 0x30, 0x39, 0x4a, 0xfb, 0x9a, 0xe9,
    0x0, 0x8, 0x1, 0x80, 0x32, 0x32, 0x88, 0x7,
    0xff, 0xfc, 0x3, 0xff, 0x8c,

    /* U+FEE2 "ﻢ" */
    0x0, 0xf9, 0xf7, 0xf1, 0x40, 0x3f, 0xf8, 0x15,
    0x4, 0x7, 0x56, 0x1, 0xfe, 0x85, 0x1, 0x20,
    0x2, 0x40, 0x7, 0xe1, 0x70, 0x3e, 0xdf, 0x30,
    0x70, 0xf, 0xca, 0x0, 0x80, 0xa, 0x80, 0xa,
    0x1, 0xf0, 0x80, 0x7b, 0x80, 0x12, 0x20, 0x1c,
    0xf2, 0x0, 0xaa, 0x3c, 0x38, 0x0, 0xfb, 0x28,
    0x1, 0xb0, 0x62, 0x2, 0xb0, 0xe0, 0x1c, 0x68,
    0x10, 0x41, 0x9d, 0x6a, 0x40, 0x1, 0x47, 0x20,
    0xc, 0xc0, 0x86, 0x9, 0x5b, 0xfe, 0xeb, 0x8d,
    0xff, 0x70, 0x8, 0x8, 0x7, 0xff, 0x8, 0x40,
    0x3f, 0xff, 0x62, 0x66, 0x20, 0xf, 0xfe, 0x10,

    /* U+FEE3 "ﻣ" */
    0x0, 0xf1, 0xdf, 0xfb, 0x1c, 0x3, 0xe5, 0xc4,
    0x0, 0x1c, 0x58, 0x7, 0xd, 0x0, 0xc, 0xc0,
    0x4, 0x50, 0xc, 0xc0, 0xb, 0xcc, 0x80, 0x1e,
    0x1, 0xb4, 0x9, 0x0, 0x6, 0x40, 0x20, 0x10,
    0xa8, 0x38, 0x4, 0x24, 0x2, 0x51, 0xf, 0x0,
    0x2e, 0x43, 0xe8, 0x3, 0x59, 0xdc, 0x20, 0x11,
    0xbc, 0x18, 0x13, 0x80, 0x42, 0xd6, 0xc4, 0x0,
    0x16, 0xc0,

    /* U+FEE4 "ﻤ" */
    0x0, 0xf1, 0xd7, 0x7d, 0x98, 0x7, 0xfc, 0xb8,
    0xa2, 0x9, 0x8c, 0x1, 0xfc, 0x34, 0x0, 0x33,
    0x0, 0x24, 0x80, 0x3f, 0x30, 0x2, 0xf3, 0x16,
    0x0, 0xa0, 0xf, 0xda, 0x4, 0x80, 0x4, 0x10,
    0x50, 0xf, 0x85, 0x41, 0xc0, 0x3c, 0x48, 0x1,
    0x14, 0x43, 0xc0, 0xb, 0x90, 0xf6, 0x20, 0xb,
    0xa8, 0x36, 0x77, 0x8, 0x4, 0x6f, 0x8, 0x1,
    0x95, 0xd0, 0x2, 0x16, 0xb6, 0x20, 0x0, 0x9c,
    0x20, 0x80, 0x40,

    /* U+FEE5 "ﻥ" */
    0x0, 0xff, 0xe5, 0x17, 0xf0, 0x7, 0xff, 0x8,
    0xcc, 0x80, 0x1f, 0xfc, 0x21, 0xca, 0x0, 0xc7,
    0x32, 0x20, 0xf, 0xfe, 0x9, 0xb3, 0x2c, 0x3,
    0xff, 0x84, 0xa0, 0xc0, 0x1f, 0xfc, 0x2f, 0x0,
    0x1c, 0x7f, 0x80, 0x3f, 0xce, 0x0, 0x54, 0x3,
    0x0, 0xff, 0x18, 0x0, 0x48, 0x18, 0x3, 0xff,
    0x84, 0x20, 0x40, 0x1f, 0xe5, 0x0, 0x8, 0x7,
    0xff, 0x7, 0x0, 0x8, 0x20, 0x40, 0x1f, 0xe6,
    0x2, 0x22, 0x2, 0x88, 0x7, 0xea, 0x10, 0xb0,
    0xe0, 0x6, 0x18, 0x7, 0xd, 0xa8, 0x1b, 0x2,
    0x30, 0x16, 0x6d, 0x4c, 0xb3, 0x90, 0xb, 0x40,
    0x29, 0x70, 0x1, 0x2b, 0x30, 0xc0, 0xb, 0x82,
    0x1, 0xa3, 0xa1, 0x4, 0x0, 0x6f, 0xb4, 0x20,
    0x10,

    /* U+FEE6 "ﻦ" */
    0x0, 0xe2, 0xfe, 0x0, 0xff, 0xe6, 0x12, 0xa8,
    0x3, 0xfc, 0x5d, 0xc0, 0xc, 0x75, 0x45, 0x0,
    0xff, 0x8, 0x7, 0xa, 0x7, 0x0, 0x7f, 0xf1,
    0x74, 0x10, 0x40, 0x22, 0x77, 0x0, 0x7f, 0x94,
    0x0, 0xe0, 0x15, 0xc4, 0x80, 0x7f, 0x88, 0x1,
    0x2, 0x0, 0x50, 0x50, 0xf, 0xfe, 0x8, 0xfc,
    0x21, 0x1, 0x0, 0x7f, 0x8c, 0x2, 0x17, 0xd1,
    0x1, 0x0, 0xff, 0x38, 0x1, 0x4, 0x3, 0xff,
    0x87, 0xe0, 0x9, 0xef, 0x92, 0x3, 0x0, 0xfe,
    0x15, 0x2, 0x20, 0x4, 0x80, 0x84, 0x1, 0xfa,
    0x80, 0x10, 0x1, 0xa8, 0x1, 0xe6, 0x1, 0xc5,
    0x68, 0x8, 0xa0, 0x18, 0xdc, 0xb, 0x36, 0xa6,
    0x59, 0xa8, 0x7, 0x40, 0x1e, 0x88, 0x0, 0x9,
    0x59, 0x86, 0x0, 0x6c, 0x10, 0xf, 0x9f, 0xa1,
    0x4, 0x4, 0xdf, 0x64, 0x3, 0xe0,

    /* U+FEE7 "ﻧ" */
    0x0, 0xdf, 0xe1, 0x0, 0xff, 0xbf, 0xc2, 0x1,
    0xff, 0xc5, 0x16, 0x61, 0x0, 0x47, 0x32, 0x70,
    0xf, 0xfe, 0x2b, 0x0, 0x4, 0x2, 0xe0, 0x3,
    0x14, 0x62, 0x81, 0x11, 0x9c, 0xc0, 0x12, 0x1,
    0x8e, 0xd0, 0x0,

    /* U+FEE8 "ﻨ" */
    0x0, 0xdf, 0xe1, 0x0, 0xff, 0xe2, 0xff, 0x84,
    0x3, 0xff, 0x9c, 0x2c, 0xc2, 0x0, 0xf1, 0xcc,
    0x9c, 0x3, 0xff, 0x9c, 0xc0, 0x2, 0x0, 0xf7,
    0x0, 0x2c, 0x2, 0x28, 0xc5, 0x0, 0x1e, 0xca,
    0xb3, 0x98, 0x6, 0x26, 0xe0, 0x8, 0xef, 0x10,
    0x2,

    /* U+FEE9 "ﻩ" */
    0x0, 0x15, 0xff, 0x52, 0x0, 0x70, 0xe2, 0x0,
    0xad, 0xd8, 0x40, 0x29, 0x10, 0x57, 0x20, 0x4f,
    0x20, 0x2, 0x81, 0xd4, 0x6c, 0x0, 0xf8, 0x0,
    0x81, 0x0, 0x27, 0x90, 0x26, 0x10, 0x7, 0x0,
    0x66, 0x10, 0xc1, 0x0, 0xfc, 0x60, 0x1d, 0x80,
    0x19, 0x8, 0x34, 0x14, 0x16, 0x91, 0x6e, 0xc0,
    0x2c, 0x10, 0x20, 0xb7, 0x48, 0x5, 0xa2, 0x5,
    0xec, 0x20, 0x29, 0x5a, 0x60,

    /* U+FEEA "ﻪ" */
    0x0, 0xf9, 0x61, 0x80, 0x3f, 0xe2, 0x97, 0xa0,
    0xf, 0xc3, 0x1f, 0xa6, 0x2, 0x1, 0xf1, 0xfb,
    0x80, 0x90, 0x10, 0x7, 0x8b, 0x44, 0x55, 0xd0,
    0x0, 0x10, 0xe, 0x81, 0x17, 0xa8, 0x30, 0x1,
    0x40, 0x39, 0x42, 0xc4, 0x0, 0x62, 0x1a, 0x1,
    0xf7, 0x21, 0xb5, 0x88, 0x31, 0x0, 0x67, 0x4,
    0xbc, 0x94, 0x0, 0xb2, 0x60, 0x82, 0x24, 0x80,
    0x2, 0x96, 0xe0, 0x2c, 0xec, 0x0, 0x6d, 0xff,
    0x75, 0xa4, 0x49, 0x0, 0x40,

    /* U+FEEB "ﻫ" */
    0x0, 0x8c, 0x80, 0x3f, 0xf8, 0x29, 0xb6, 0x60,
    0x1f, 0xfc, 0x14, 0xc9, 0x0, 0xff, 0x3c, 0x0,
    0x1b, 0x4c, 0x3, 0xf2, 0x40, 0x4, 0x58, 0x80,
    0x1f, 0x40, 0xb, 0x10, 0x2, 0xd0, 0x3, 0xc6,
    0x11, 0x3e, 0x1, 0x59, 0x80, 0x7c, 0x40, 0x40,
    0x4, 0xe, 0x0, 0xe1, 0x3, 0x3, 0x0, 0x49,
    0x11, 0x80, 0x32, 0x85, 0x84, 0x0, 0x95, 0x5,
    0x0, 0x6e, 0x3, 0xd4, 0x6, 0x4, 0x3, 0x2,
    0x88, 0x78, 0x0, 0x80, 0xa0, 0x1c, 0x2, 0x67,
    0x72, 0x80, 0x73, 0x2c, 0x0, 0x80, 0x71, 0x2a,
    0x80, 0xa6, 0x8c, 0x24, 0x13, 0xfe, 0xda, 0xa6,
    0x28, 0x81, 0x4b, 0x80,

    /* U+FEEC "ﻬ" */
    0x0, 0xf8, 0xd0, 0x40, 0x3f, 0xc9, 0xd9, 0x7d,
    0x0, 0x1f, 0x92, 0xc4, 0x2, 0x74, 0x0, 0xfa,
    0x80, 0x17, 0xc2, 0x1a, 0x1, 0xe5, 0x10, 0x94,
    0x15, 0x3, 0x0, 0xf7, 0x80, 0xb0, 0x1a, 0x6,
    0x0, 0x79, 0x81, 0x41, 0x70, 0x15, 0x80, 0x22,
    0x88, 0x10, 0x35, 0xd0, 0x9, 0x44, 0x42, 0xce,
    0xe1, 0x2, 0x40, 0x0, 0xbb, 0xe2, 0x0, 0xff,
    0xe1, 0xa7, 0xf8, 0x81, 0x70, 0x80, 0x73, 0xfe,
    0x30, 0x9, 0x81, 0x8f, 0x50, 0x70, 0x80, 0x3c,
    0x60, 0x62, 0x16, 0x41, 0x60, 0x1e, 0xb0, 0x5,
    0x80, 0x18, 0xc, 0x3, 0xc6, 0x80, 0xb2, 0xc8,
    0x4, 0x1, 0xf5, 0x10, 0x34, 0x80, 0x28, 0x3,
    0xe1, 0xc6, 0x10, 0x3c, 0x20, 0x8,

    /* U+FEED "ﻭ" */
    0x0, 0xf9, 0xa6, 0xc, 0x3, 0xf1, 0xf4, 0xb3,
    0xe4, 0x0, 0x78, 0x70, 0x40, 0x33, 0xb0, 0x7,
    0x30, 0x1, 0xbb, 0x4, 0x20, 0x3, 0xb4, 0x1,
    0x22, 0x70, 0x2, 0x40, 0x18, 0xc0, 0xa, 0x0,
    0x40, 0x3, 0x0, 0x6d, 0x0, 0x55, 0xc5, 0x0,
    0x4, 0x3, 0x23, 0x0, 0x11, 0xdc, 0x0, 0x10,
    0xe, 0x9b, 0x52, 0x0, 0xce, 0x1, 0xe4, 0xad,
    0xf7, 0x0, 0x18, 0x7, 0xf1, 0xb8, 0x20, 0x7,
    0xf1, 0xe8, 0x2, 0x0, 0x3e, 0x29, 0xc1, 0x8,
    0x30, 0x18, 0x99, 0x5f, 0x6b, 0x0, 0x21, 0xc0,
    0x6, 0xec, 0xc4, 0x10, 0x1, 0xe3, 0x80, 0x78,
    0x4d, 0x67, 0x70, 0xc0, 0x30,

    /* U+FEEE "ﻮ" */
    0x0, 0xf2, 0x5f, 0xf4, 0x88, 0x7, 0xf9, 0xed,
    0x0, 0x5b, 0x4, 0x3, 0xf1, 0xc0, 0x0, 0x40,
    0x5, 0x60, 0x1f, 0xac, 0x1, 0x1d, 0xc2, 0x5,
    0x0, 0xfc, 0x40, 0x7, 0x1, 0xb0, 0x1, 0x80,
    0x7c, 0x60, 0x5, 0x0, 0x28, 0x1, 0xc0, 0x3e,
    0xa0, 0x5, 0x64, 0xd0, 0x3, 0xe2, 0xc, 0x1,
    0x8d, 0xc0, 0x6, 0xcc, 0x0, 0x23, 0xbb, 0x40,
    0x3a, 0x2d, 0x44, 0x3, 0xff, 0x84, 0x95, 0xde,
    0xe0, 0xf, 0xfa, 0xc0, 0x3f, 0x8d, 0xc1, 0x40,
    0x3f, 0xf8, 0x7, 0xa0, 0x8, 0x0, 0xff, 0x14,
    0xe0, 0x84, 0x10, 0x6, 0x18, 0x99, 0x5f, 0x6b,
    0x0, 0x25, 0xc0, 0x38, 0xdd, 0x98, 0x82, 0x0,
    0x4c, 0x60, 0xf, 0xe1, 0x35, 0x9d, 0xb3, 0x0,
    0xf8,

    /* U+FEEF "ﻯ" */
    0x0, 0xff, 0xe0, 0x91, 0x0, 0x3f, 0xf8, 0x67,
    0x7f, 0xba, 0xfb, 0x30, 0xf, 0xf9, 0xb1, 0x0,
    0x32, 0x62, 0x0, 0x7f, 0xc, 0x80, 0xcf, 0x7d,
    0x88, 0x40, 0x7, 0xf1, 0x80, 0x21, 0x84, 0x12,
    0xd9, 0x40, 0x3f, 0x88, 0x1, 0xa, 0x1, 0x2c,
    0xc8, 0x3, 0xfd, 0x0, 0x35, 0xf2, 0x60, 0x1c,
    0x6e, 0xe0, 0xe, 0x7a, 0x20, 0x3, 0x65, 0x0,
    0x6f, 0x8b, 0x0, 0xf2, 0xee, 0x39, 0x2, 0xd0,
    0x0, 0x4c, 0x2c, 0x3, 0xf1, 0xc6, 0xa8, 0x29,
    0x1, 0x80, 0xc, 0x3, 0xfe, 0x30, 0x0, 0x81,
    0x80, 0xc, 0x3, 0xfc, 0x8c, 0x2, 0x60, 0x24,
    0x12, 0x60, 0x1f, 0x25, 0x58, 0x2, 0x0, 0x29,
    0x1, 0xcc, 0x43, 0xc5, 0x6f, 0xda, 0x80, 0x25,
    0x80, 0x24, 0xa0, 0x1, 0xbc, 0x3a, 0x90, 0x4,
    0xda, 0xc0, 0x1c, 0xbc, 0xe4, 0x0, 0x12, 0x58,
    0xcf, 0x92, 0x0, 0xc0,

    /* U+FEF0 "ﻰ" */
    0x0, 0xff, 0xe1, 0xd, 0xff, 0xa4, 0x3, 0xc4,
    0x40, 0xf, 0xe1, 0xf4, 0x0, 0x35, 0x80, 0x6a,
    0xdf, 0x0, 0xfe, 0x81, 0x6, 0x50, 0x46, 0x0,
    0x94, 0x28, 0x3, 0xf8, 0x80, 0x11, 0x46, 0x12,
    0x40, 0x40, 0x2, 0x0, 0xfe, 0xf0, 0x7, 0x9e,
    0x80, 0x31, 0x40, 0x3f, 0xf8, 0x29, 0x40, 0x30,
    0x34, 0x3, 0x84, 0x0, 0x81, 0x0, 0xfe, 0x41,
    0x7, 0x5, 0xb2, 0x0, 0x38, 0x17, 0xb9, 0x0,
    0x42, 0x49, 0x1e, 0x21, 0x40, 0x4, 0xd9, 0x8,
    0x50, 0x18, 0xdf, 0xfb, 0xb6, 0xdc, 0x42, 0x18,
    0x3, 0xea, 0xa1, 0x0, 0x7e, 0x16, 0xd7, 0x0,
    0xfe, 0x5d, 0xea, 0x98, 0x84, 0xd6, 0xf4, 0x90,
    0x7, 0xc0,

    /* U+FEF1 "ﻱ" */
    0x0, 0xff, 0xe0, 0x91, 0x0, 0x3f, 0xf8, 0x67,
    0x7f, 0xba, 0xfb, 0x30, 0xf, 0xf9, 0xb1, 0x0,
    0x32, 0x62, 0x0, 0x7f, 0xc, 0x80, 0xd7, 0x7d,
    0x88, 0x40, 0x7, 0xf1, 0x80, 0x21, 0x44, 0x12,
    0x99, 0x40, 0x3f, 0x88, 0x1, 0xc, 0x1, 0x24,
    0xc8, 0x3, 0xfd, 0x20, 0x33, 0xf4, 0x60, 0x1c,
    0x91, 0x0, 0xe, 0x6b, 0x30, 0x2, 0xe5, 0x88,
    0x5, 0xe, 0x60, 0x1e, 0x4c, 0xd8, 0x20, 0x4a,
    0x0, 0x9, 0x86, 0x80, 0x7e, 0x27, 0xd5, 0x4,
    0x20, 0x30, 0x1, 0x0, 0x7f, 0xc6, 0x0, 0x10,
    0x30, 0x1, 0x80, 0x7f, 0x95, 0x80, 0x4c, 0x4,
    0xc2, 0x4c, 0x3, 0xe4, 0xba, 0x0, 0x50, 0x5,
    0xe0, 0x39, 0x89, 0x79, 0xbd, 0xfb, 0x40, 0x1b,
    0x40, 0x8, 0xf0, 0x80, 0xda, 0x19, 0x8, 0x0,
    0x53, 0xc8, 0x1, 0xc7, 0xb4, 0xa6, 0x46, 0xaf,
    0x5d, 0xac, 0x1, 0xfc, 0xb5, 0xba, 0xca, 0x95,
    0x10, 0xf, 0xfe, 0x1, 0x77, 0x3, 0x39, 0x40,
    0x3f, 0xfa, 0x0,

    /* U+FEF2 "ﻲ" */
    0x0, 0xff, 0xe1, 0xd, 0xff, 0xa4, 0x3, 0xc4,
    0x40, 0xf, 0xe1, 0xf4, 0x0, 0x35, 0x80, 0x6a,
    0xdf, 0x0, 0xfe, 0x81, 0x6, 0x50, 0x46, 0x0,
    0x94, 0x28, 0x3, 0xf8, 0x80, 0x11, 0x46, 0x12,
    0x40, 0x40, 0x2, 0x0, 0xfe, 0xf0, 0x7, 0x9e,
    0x80, 0x31, 0x40, 0x3f, 0xf8, 0x29, 0x40, 0x30,
    0x34, 0x3, 0x84, 0x0, 0x81, 0x0, 0xfe, 0x41,
    0x7, 0x5, 0xb2, 0x0, 0x38, 0x17, 0xb9, 0x0,
    0x42, 0x49, 0x1e, 0x21, 0x40, 0x4, 0xd9, 0x8,
    0x50, 0x18, 0xdf, 0xfb, 0xb6, 0xdc, 0x42, 0x18,
    0x3, 0xea, 0xa1, 0x0, 0x7e, 0x16, 0xd7, 0x0,
    0xfe, 0x5d, 0xea, 0x98, 0x84, 0xd6, 0xf4, 0x90,
    0x7, 0xff, 0x0, 0x51, 0x9d, 0xe5, 0x20, 0xf,
    0xfe, 0x19, 0x77, 0x3, 0x39, 0x40, 0x3f, 0xfa,
    0xc0,

    /* U+FEF3 "ﻳ" */
    0x0, 0x8b, 0xfc, 0xa0, 0x1f, 0xfc, 0x86, 0x0,
    0x8, 0x6, 0xd0, 0x3, 0x1, 0x46, 0x30, 0x11,
    0x1, 0x9c, 0xc0, 0x10, 0x1, 0xc7, 0x4a, 0x0,
    0x4f, 0xf6, 0x28, 0x7, 0xff, 0x6, 0xbd, 0x8f,
    0xf4, 0x3, 0xfd, 0x5c, 0xc7, 0xda,

    /* U+FEF4 "ﻴ" */
    0x0, 0x8b, 0xfc, 0xa0, 0x1f, 0xfc, 0xe6, 0x0,
    0x18, 0x7, 0xb4, 0x1, 0x40, 0x11, 0x46, 0x30,
    0x0, 0xf6, 0x55, 0x9c, 0xc0, 0x31, 0x37, 0x0,
    0x47, 0x78, 0x80, 0x12, 0x7f, 0xb1, 0xe, 0xff,
    0xd6, 0x1, 0xff, 0xc0, 0xaf, 0x63, 0xfd, 0x0,
    0xff, 0xe1, 0x57, 0x31, 0xf6, 0x80, 0x0,

    /* U+FEF5 "ﻵ" */
    0x2, 0x80, 0xf, 0x48, 0x7, 0xc9, 0xaf, 0xac,
    0x66, 0x7e, 0x70, 0xf, 0xa5, 0xb5, 0xa7, 0x31,
    0xf, 0xe0, 0x1f, 0x4c, 0x8a, 0xfa, 0xed, 0xf2,
    0x20, 0x1f, 0x20, 0x4, 0x28, 0x80, 0xf, 0x37,
    0xf8, 0x40, 0x34, 0xfe, 0x0, 0x7f, 0xf0, 0xa8,
    0xc, 0xc0, 0x1f, 0xfc, 0x13, 0x30, 0x48, 0x7,
    0xff, 0xa, 0x41, 0x44, 0x3, 0xff, 0x82, 0xa2,
    0x12, 0x1, 0xff, 0xc2, 0x90, 0x60, 0xf, 0xfe,
    0x13, 0x0, 0xb0, 0x7, 0xff, 0x4, 0x58, 0x2c,
    0x3, 0xff, 0x85, 0x60, 0x48, 0x0, 0x10, 0xf,
    0xf1, 0x20, 0x78, 0x7, 0x8, 0x7, 0xef, 0x4,
    0x20, 0xe0, 0xf, 0xf9, 0x8, 0x2c, 0x14, 0xc,
    0x3, 0xfd, 0x60, 0xc4, 0x60, 0xa0, 0x1f, 0xe6,
    0x10, 0xc0, 0x5, 0x0, 0x7f, 0xcc, 0x2, 0x6,
    0x60, 0xf, 0xfb, 0x80, 0x2f, 0x0, 0xff, 0x9a,
    0x40, 0x10, 0x60, 0x1f, 0x6c, 0xcb, 0x24, 0x1,
    0xe, 0x1, 0xf8, 0x99, 0x86, 0x3, 0x6e, 0x1,
    0xfc, 0x82, 0x5, 0x1c, 0x80, 0x1c,

    /* U+FEF6 "ﻶ" */
    0x2, 0x80, 0xf, 0x48, 0x7, 0xf9, 0x35, 0xf5,
    0x8c, 0xcf, 0xce, 0x1, 0xfe, 0x96, 0xd6, 0x9c,
    0xc4, 0x3f, 0x80, 0x7f, 0xa6, 0x45, 0x7d, 0x76,
    0xf9, 0x10, 0xf, 0xf2, 0x0, 0x42, 0x88, 0x0,
    0xf3, 0x7f, 0x84, 0x3, 0xe9, 0xfb, 0x0, 0xff,
    0xe2, 0xd0, 0x21, 0x80, 0x7f, 0xf1, 0xc, 0xc1,
    0x20, 0x1f, 0xfc, 0x59, 0x5, 0x10, 0xf, 0xfe,
    0x22, 0x88, 0x30, 0x7, 0xff, 0x15, 0x82, 0x40,
    0x3f, 0xf8, 0xb2, 0x2, 0xa0, 0x1f, 0xfc, 0x41,
    0x50, 0x90, 0xf, 0xfe, 0x2c, 0x81, 0x98, 0x3,
    0xff, 0x88, 0x66, 0x9, 0x0, 0x8, 0x7, 0xff,
    0xa, 0x41, 0x44, 0x3c, 0x3, 0xff, 0x84, 0xa2,
    0xc, 0x6, 0x1, 0xff, 0xc3, 0x90, 0x91, 0x40,
    0xf, 0xfe, 0x1b, 0x0, 0xe8, 0x4, 0x60, 0x1f,
    0xfc, 0x1, 0x50, 0x30, 0x9, 0xc0, 0x3f, 0xf8,
    0x3e, 0x1, 0x8, 0x78, 0x7, 0xff, 0x1, 0x2c,
    0x0, 0xee, 0x5, 0x30, 0xf, 0xaa, 0x63, 0x2c,
    0x41, 0xe2, 0xc0, 0x1b, 0x10, 0x0, 0xe5, 0x67,
    0x30, 0x1a, 0x80, 0x28, 0x1, 0x77, 0x0, 0x70,
    0x80, 0x9, 0xfd, 0x40, 0x27, 0x92, 0x0, 0x0,

    /* U+FEF7 "ﻷ" */
    0x0, 0xff, 0xe2, 0x37, 0x7e, 0x80, 0x7f, 0x8a,
    0x5a, 0x94, 0x3, 0xfc, 0xc1, 0xb, 0x0, 0x1f,
    0xe7, 0x5, 0x0, 0xff, 0xe0, 0x1a, 0x57, 0x7a,
    0x80, 0x7f, 0x2a, 0x1, 0xab, 0x80, 0x7f, 0x35,
    0x76, 0xd1, 0x0, 0x73, 0x7f, 0x84, 0xd4, 0x44,
    0x1, 0xff, 0xc1, 0x9e, 0xd0, 0xf, 0xfe, 0x5,
    0x81, 0x20, 0x7, 0xfc, 0x4a, 0x10, 0x1, 0xff,
    0xc0, 0x90, 0x33, 0x0, 0x7f, 0xc6, 0x81, 0x20,
    0x1f, 0xfc, 0xf, 0x5, 0x20, 0xf, 0xf9, 0x8,
    0x2c, 0x3, 0xff, 0x81, 0x0, 0xc2, 0x1, 0xff,
    0x28, 0x84, 0x80, 0x4, 0x0, 0x20, 0x1e, 0x90,
    0x60, 0x7, 0x0, 0x7f, 0x38, 0x89, 0x80, 0x80,
    0xc0, 0x3f, 0x30, 0x58, 0xa0, 0x28, 0x7, 0xe9,
    0x2, 0xd0, 0x5, 0x0, 0x7e, 0x16, 0x3, 0x3,
    0x30, 0x7, 0xf6, 0x0, 0x5e, 0x1, 0xfc, 0xb4,
    0x0, 0x83, 0x0, 0xed, 0x99, 0x65, 0x0, 0x21,
    0xc0, 0x3c, 0x4c, 0xc3, 0x1, 0xb7, 0x0, 0xf9,
    0x4, 0xa, 0x39, 0x0, 0x38,

    /* U+FEF8 "ﻸ" */
    0x0, 0xff, 0xe3, 0xb7, 0x7e, 0x80, 0x7f, 0xf0,
    0x4a, 0x5a, 0x94, 0x3, 0xff, 0x82, 0xc1, 0xb,
    0x0, 0x1f, 0xfc, 0x17, 0x5, 0x0, 0xff, 0xe1,
    0x9a, 0x57, 0x7a, 0x80, 0x7f, 0xf0, 0x15, 0x0,
    0xd5, 0xc0, 0x3f, 0xf8, 0xd, 0x5d, 0xb4, 0x40,
    0x1c, 0xdf, 0xe1, 0x0, 0x8d, 0x44, 0x3, 0xff,
    0x8b, 0x3f, 0xa0, 0x1f, 0xfc, 0x3b, 0x2, 0x40,
    0xf, 0xfe, 0x11, 0x20, 0x78, 0x7, 0xff, 0xe,
    0x1, 0x8, 0x3, 0xff, 0x84, 0x66, 0x8, 0x0,
    0xff, 0xe1, 0xc8, 0x28, 0x80, 0x7f, 0xf0, 0x94,
    0x82, 0x40, 0x3f, 0xf8, 0x76, 0xe, 0x1, 0xff,
    0xc3, 0x61, 0x7, 0x0, 0x8, 0x7, 0xff, 0x1,
    0x82, 0x40, 0x1e, 0x1, 0xff, 0xc0, 0x90, 0x15,
    0x3, 0x0, 0xff, 0xe0, 0xb, 0x4, 0x82, 0x80,
    0x7f, 0xf0, 0x6c, 0xe, 0x44, 0x0, 0x60, 0x1f,
    0xe2, 0x40, 0x60, 0x9, 0xc0, 0x3f, 0xee, 0x0,
    0xef, 0x0, 0xff, 0x25, 0x80, 0x19, 0x80, 0xa6,
    0x1, 0xd5, 0x31, 0x96, 0x20, 0xd3, 0x60, 0xd,
    0x88, 0x0, 0x4a, 0xce, 0x60, 0x9, 0x90, 0x14,
    0x0, 0xbb, 0x80, 0x21, 0x0, 0x13, 0xf3, 0x0,
    0x4f, 0x24, 0x0,

    /* U+FEF9 "ﻹ" */
    0x0, 0xff, 0x37, 0xf8, 0x40, 0x2, 0x1, 0xff,
    0xc0, 0x9e, 0xd0, 0xf, 0xfa, 0xc0, 0x90, 0x3,
    0xfc, 0x4a, 0x10, 0x1, 0xff, 0x48, 0x19, 0x80,
    0x3f, 0xc6, 0x81, 0x20, 0x1f, 0xf7, 0x82, 0x90,
    0x7, 0xf9, 0x8, 0x2c, 0x3, 0xfe, 0x80, 0x61,
    0x0, 0xff, 0x28, 0x84, 0x80, 0x4, 0x0, 0x20,
    0x1d, 0x20, 0xc0, 0xe, 0x0, 0xfc, 0xe2, 0x26,
    0x2, 0x3, 0x0, 0xf9, 0x82, 0xc5, 0x1, 0x40,
    0x3e, 0x90, 0x2d, 0x0, 0x50, 0x7, 0xc2, 0xc0,
    0x60, 0x66, 0x0, 0xfd, 0x80, 0x17, 0x80, 0x7e,
    0x5a, 0x0, 0x41, 0x80, 0x6d, 0x99, 0x65, 0x0,
    0x21, 0xc0, 0x38, 0x99, 0x86, 0x3, 0x6e, 0x1,
    0xe4, 0x10, 0x28, 0xe4, 0x0, 0xfa, 0xfb, 0xf5,
    0xc0, 0x3f, 0x57, 0xfa, 0x40, 0x3f, 0x9d, 0x2a,
    0x9e, 0x1, 0xfd, 0xc8, 0xaa, 0x60, 0xf, 0xef,
    0x57, 0x46, 0x0, 0xfe, 0x30, 0x8b, 0x90, 0xf,
    0xec, 0x59, 0xcf, 0x0, 0xfe,

    /* U+FEFA "ﻺ" */
    0x0, 0xff, 0x37, 0xf8, 0x40, 0x3f, 0xf9, 0x33,
    0xfa, 0x1, 0xff, 0xc2, 0xb0, 0x24, 0x0, 0xff,
    0xe0, 0x92, 0x7, 0x80, 0x7f, 0xf0, 0xa0, 0x10,
    0x80, 0x3f, 0xf8, 0x26, 0x60, 0x80, 0xf, 0xfe,
    0x14, 0x82, 0x88, 0x7, 0xff, 0x5, 0x48, 0x24,
    0x3, 0xff, 0x85, 0x60, 0xe0, 0x1f, 0xfc, 0x26,
    0x10, 0x70, 0x0, 0x80, 0x7f, 0xcc, 0x12, 0x0,
    0xf0, 0xf, 0xfa, 0x40, 0x54, 0xc, 0x3, 0xfe,
    0x16, 0x9, 0x5, 0x0, 0xff, 0xe0, 0x58, 0x1c,
    0x88, 0x0, 0xc0, 0x3f, 0x89, 0x1, 0x80, 0x27,
    0x0, 0xff, 0x70, 0x7, 0x78, 0x7, 0xf2, 0x58,
    0x1, 0x98, 0xa, 0x60, 0x1a, 0xa6, 0x32, 0xc4,
    0x1a, 0x6c, 0x1, 0xb1, 0x0, 0x2, 0xb3, 0x98,
    0x2, 0x64, 0x5, 0x0, 0x2e, 0xe0, 0x0, 0x80,
    0x9, 0xf9, 0x80, 0x27, 0x92, 0x0, 0xdd, 0xfe,
    0xd8, 0x10, 0xe, 0x6d, 0xff, 0x5, 0x7f, 0xa4,
    0x3, 0xff, 0x80, 0xe9, 0x54, 0xf0, 0xf, 0xfe,
    0x7, 0x22, 0xa9, 0x80, 0x3f, 0xf8, 0x1e, 0xae,
    0x8c, 0x1, 0xff, 0xc0, 0x30, 0x8b, 0x90, 0xf,
    0xfe, 0x6, 0x2c, 0xe7, 0x80, 0x7f, 0xf0, 0x0,

    /* U+FEFB "ﻻ" */
    0x0, 0xfe, 0x6f, 0xf0, 0x80, 0x80, 0x7f, 0xd3,
    0xda, 0x1, 0xfe, 0xb0, 0x24, 0x0, 0xfe, 0x25,
    0x8, 0x0, 0xff, 0x48, 0x19, 0x80, 0x3f, 0x8d,
    0x2, 0x40, 0x3f, 0xde, 0xa, 0x40, 0x1f, 0xc8,
    0x41, 0x60, 0x1f, 0xe8, 0x6, 0x10, 0xf, 0xe5,
    0x10, 0x90, 0x0, 0x80, 0x4, 0x3, 0x48, 0x30,
    0x3, 0x80, 0x3e, 0x71, 0x13, 0x1, 0x1, 0x80,
    0x79, 0x82, 0xc5, 0x1, 0x40, 0x3d, 0x20, 0x5a,
    0x0, 0xa0, 0xf, 0xb, 0x1, 0x81, 0x98, 0x3,
    0xec, 0x0, 0xbc, 0x3, 0xe5, 0xa0, 0x4, 0x18,
    0x5, 0xb3, 0x2c, 0xa0, 0x4, 0x38, 0x6, 0x26,
    0x61, 0x80, 0xdb, 0x80, 0x72, 0x8, 0x14, 0x72,
    0x0, 0x70,

    /* U+FEFC "ﻼ" */
    0x0, 0xfe, 0x6f, 0xf0, 0x80, 0x7f, 0xf1, 0xe7,
    0xf4, 0x3, 0xff, 0x83, 0x60, 0x48, 0x1, 0xff,
    0xc0, 0x24, 0xf, 0x0, 0xff, 0xe0, 0xc0, 0x21,
    0x0, 0x7f, 0xf0, 0xc, 0xc1, 0x0, 0x1f, 0xfc,
    0x19, 0x5, 0x10, 0xf, 0xfe, 0x2, 0x90, 0x48,
    0x7, 0xff, 0x6, 0xc1, 0xc0, 0x3f, 0xf8, 0x2c,
    0x20, 0xe0, 0x1, 0x0, 0xff, 0x30, 0x48, 0x3,
    0xc0, 0x3f, 0xd2, 0x2, 0xa0, 0x60, 0x1f, 0xe1,
    0x60, 0x90, 0x50, 0xf, 0xfa, 0xc0, 0xe4, 0x40,
    0x6, 0x1, 0xf8, 0x90, 0x18, 0x2, 0x70, 0xf,
    0xee, 0x0, 0xef, 0x0, 0xfc, 0x96, 0x0, 0x66,
    0x2, 0x98, 0x5, 0x53, 0x19, 0x62, 0xd, 0x36,
    0x0, 0xd8, 0x80, 0x2b, 0x39, 0x80, 0x26, 0x40,
    0x50, 0x2, 0xee, 0x1, 0x0, 0x13, 0xf3, 0x0,
    0x4f, 0x24, 0x0
};


/*---------------------
 *  GLYPH DESCRIPTION
 *--------------------*/

static const lv_font_fmt_txt_glyph_dsc_t glyph_dsc[] = {
    {.bitmap_index = 0, .adv_w = 0, .box_w = 0, .box_h = 0, .ofs_x = 0, .ofs_y = 0} /* id = 0 reserved */,
    {.bitmap_index = 0, .adv_w = 142, .box_w = 0, .box_h = 0, .ofs_x = 0, .ofs_y = 0},
    {.bitmap_index = 0, .adv_w = 180, .box_w = 3, .box_h = 21, .ofs_x = 4, .ofs_y = 0},
    {.bitmap_index = 21, .adv_w = 206, .box_w = 9, .box_h = 8, .ofs_x = 2, .ofs_y = 13},
    {.bitmap_index = 34, .adv_w = 375, .box_w = 20, .box_h = 21, .ofs_x = 2, .ofs_y = 0},
    {.bitmap_index = 181, .adv_w = 285, .box_w = 14, .box_h = 26, .ofs_x = 2, .ofs_y = -4},
    {.bitmap_index = 299, .adv_w = 426, .box_w = 25, .box_h = 21, .ofs_x = 1, .ofs_y = 0},
    {.bitmap_index = 505, .adv_w = 349, .box_w = 20, .box_h = 21, .ofs_x = 1, .ofs_y = 0},
    {.bitmap_index = 667, .adv_w = 123, .box_w = 4, .box_h = 8, .ofs_x = 2, .ofs_y = 13},
    {.bitmap_index = 674, .adv_w = 175, .box_w = 7, .box_h = 26, .ofs_x = 2, .ofs_y = -4},
    {.bitmap_index = 757, .adv_w = 175, .box_w = 7, .box_h = 26, .ofs_x = 2, .ofs_y = -4},
    {.bitmap_index = 841, .adv_w = 224, .box_w = 14, .box_h = 14, .ofs_x = 0, .ofs_y = 7},
    {.bitmap_index = 914, .adv_w = 375, .box_w = 19, .box_h = 18, .ofs_x = 2, .ofs_y = 0},
    {.bitmap_index = 955, .adv_w = 142, .box_w = 5, .box_h = 7, .ofs_x = 2, .ofs_y = -3},
    {.bitmap_index = 972, .adv_w = 162, .box_w = 8, .box_h = 3, .ofs_x = 1, .ofs_y = 7},
    {.bitmap_index = 980, .adv_w = 142, .box_w = 3, .box_h = 4, .ofs_x = 3, .ofs_y = 0},
    {.bitmap_index = 985, .adv_w = 151, .box_w = 10, .box_h = 24, .ofs_x = 0, .ofs_y = -3},
    {.bitmap_index = 1070, .adv_w = 285, .box_w = 15, .box_h = 21, .ofs_x = 1, .ofs_y = 0},
    {.bitmap_index = 1201, .adv_w = 285, .box_w = 13, .box_h = 21, .ofs_x = 3, .ofs_y = 0},
    {.bitmap_index = 1244, .adv_w = 285, .box_w = 14, .box_h = 21, .ofs_x = 2, .ofs_y = 0},
    {.bitmap_index = 1349, .adv_w = 285, .box_w = 14, .box_h = 21, .ofs_x = 2, .ofs_y = 0},
    {.bitmap_index = 1464, .adv_w = 285, .box_w = 16, .box_h = 21, .ofs_x = 1, .ofs_y = 0},
    {.bitmap_index = 1552, .adv_w = 285, .box_w = 14, .box_h = 21, .ofs_x = 2, .ofs_y = 0},
    {.bitmap_index = 1647, .adv_w = 285, .box_w = 16, .box_h = 21, .ofs_x = 1, .ofs_y = 0},
    {.bitmap_index = 1788, .adv_w = 285, .box_w = 14, .box_h = 21, .ofs_x = 2, .ofs_y = 0},
    {.bitmap_index = 1880, .adv_w = 285, .box_w = 15, .box_h = 21, .ofs_x = 1, .ofs_y = 0},
    {.bitmap_index = 2020, .adv_w = 285, .box_w = 15, .box_h = 21, .ofs_x = 1, .ofs_y = 0},
    {.bitmap_index = 2156, .adv_w = 151, .box_w = 4, .box_h = 15, .ofs_x = 3, .ofs_y = 0},
    {.bitmap_index = 2174, .adv_w = 151, .box_w = 5, .box_h = 18, .ofs_x = 2, .ofs_y = -3},
    {.bitmap_index = 2203, .adv_w = 375, .box_w = 19, .box_h = 16, .ofs_x = 2, .ofs_y = 1},
    {.bitmap_index = 2312, .adv_w = 375, .box_w = 19, .box_h = 8, .ofs_x = 2, .ofs_y = 5},
    {.bitmap_index = 2341, .adv_w = 375, .box_w = 19, .box_h = 16, .ofs_x = 2, .ofs_y = 1},
    {.bitmap_index = 2448, .adv_w = 238, .box_w = 11, .box_h = 21, .ofs_x = 2, .ofs_y = 0},
    {.bitmap_index = 2529, .adv_w = 448, .box_w = 26, .box_h = 26, .ofs_x = 1, .ofs_y = -5},
    {.bitmap_index = 2795, .adv_w = 306, .box_w = 19, .box_h = 21, .ofs_x = 0, .ofs_y = 0},
    {.bitmap_index = 2935, .adv_w = 307, .box_w = 16, .box_h = 21, .ofs_x = 2, .ofs_y = 0},
    {.bitmap_index = 3050, .adv_w = 313, .box_w = 18, .box_h = 21, .ofs_x = 1, .ofs_y = 0},
    {.bitmap_index = 3187, .adv_w = 345, .box_w = 18, .box_h = 21, .ofs_x = 2, .ofs_y = 0},
    {.bitmap_index = 3313, .adv_w = 283, .box_w = 14, .box_h = 21, .ofs_x = 2, .ofs_y = 0},
    {.bitmap_index = 3361, .adv_w = 258, .box_w = 13, .box_h = 21, .ofs_x = 2, .ofs_y = 0},
    {.bitmap_index = 3397, .adv_w = 347, .box_w = 19, .box_h = 21, .ofs_x = 1, .ofs_y = 0},
    {.bitmap_index = 3544, .adv_w = 337, .box_w = 17, .box_h = 21, .ofs_x = 2, .ofs_y = 0},
    {.bitmap_index = 3579, .adv_w = 132, .box_w = 4, .box_h = 21, .ofs_x = 2, .ofs_y = 0},
    {.bitmap_index = 3586, .adv_w = 132, .box_w = 8, .box_h = 27, .ofs_x = -2, .ofs_y = -6},
    {.bitmap_index = 3621, .adv_w = 294, .box_w = 17, .box_h = 21, .ofs_x = 2, .ofs_y = 0},
    {.bitmap_index = 3739, .adv_w = 250, .box_w = 14, .box_h = 21, .ofs_x = 2, .ofs_y = 0},
    {.bitmap_index = 3764, .adv_w = 387, .box_w = 20, .box_h = 21, .ofs_x = 2, .ofs_y = 0},
    {.bitmap_index = 3883, .adv_w = 335, .box_w = 17, .box_h = 21, .ofs_x = 2, .ofs_y = 0},
    {.bitmap_index = 3988, .adv_w = 353, .box_w = 20, .box_h = 21, .ofs_x = 1, .ofs_y = 0},
    {.bitmap_index = 4157, .adv_w = 270, .box_w = 14, .box_h = 21, .ofs_x = 2, .ofs_y = 0},
    {.bitmap_index = 4232, .adv_w = 353, .box_w = 20, .box_h = 25, .ofs_x = 1, .ofs_y = -4},
    {.bitmap_index = 4423, .adv_w = 311, .box_w = 17, .box_h = 21, .ofs_x = 2, .ofs_y = 0},
    {.bitmap_index = 4540, .adv_w = 284, .box_w = 16, .box_h = 21, .ofs_x = 1, .ofs_y = 0},
    {.bitmap_index = 4675, .adv_w = 274, .box_w = 19, .box_h = 21, .ofs_x = -1, .ofs_y = 0},
    {.bitmap_index = 4711, .adv_w = 328, .box_w = 17, .box_h = 21, .ofs_x = 2, .ofs_y = 0},
    {.bitmap_index = 4788, .adv_w = 306, .box_w = 19, .box_h = 21, .ofs_x = 0, .ofs_y = 0},
    {.bitmap_index = 4934, .adv_w = 443, .box_w = 27, .box_h = 21, .ofs_x = 0, .ofs_y = 0},
    {.bitmap_index = 5167, .adv_w = 307, .box_w = 19, .box_h = 21, .ofs_x = 0, .ofs_y = 0},
    {.bitmap_index = 5318, .adv_w = 274, .box_w = 19, .box_h = 21, .ofs_x = -1, .ofs_y = 0},
    {.bitmap_index = 5410, .adv_w = 307, .box_w = 17, .box_h = 21, .ofs_x = 1, .ofs_y = 0},
    {.bitmap_index = 5513, .adv_w = 175, .box_w = 7, .box_h = 25, .ofs_x = 2, .ofs_y = -3},
    {.bitmap_index = 5530, .adv_w = 151, .box_w = 10, .box_h = 24, .ofs_x = 0, .ofs_y = -3},
    {.bitmap_index = 5613, .adv_w = 175, .box_w = 7, .box_h = 25, .ofs_x = 2, .ofs_y = -3},
    {.bitmap_index = 5630, .adv_w = 375, .box_w = 19, .box_h = 8, .ofs_x = 2, .ofs_y = 13},
    {.bitmap_index = 5689, .adv_w = 224, .box_w = 16, .box_h = 2, .ofs_x = -1, .ofs_y = -7},
    {.bitmap_index = 5697, .adv_w = 224, .box_w = 7, .box_h = 5, .ofs_x = 2, .ofs_y = 18},
    {.bitmap_index = 5714, .adv_w = 275, .box_w = 14, .box_h = 16, .ofs_x = 1, .ofs_y = 0},
    {.bitmap_index = 5809, .adv_w = 284, .box_w = 15, .box_h = 22, .ofs_x = 2, .ofs_y = 0},
    {.bitmap_index = 5909, .adv_w = 246, .box_w = 13, .box_h = 16, .ofs_x = 1, .ofs_y = 0},
    {.bitmap_index = 5990, .adv_w = 284, .box_w = 15, .box_h = 22, .ofs_x = 1, .ofs_y = 0},
    {.bitmap_index = 6092, .adv_w = 276, .box_w = 15, .box_h = 16, .ofs_x = 1, .ofs_y = 0},
    {.bitmap_index = 6186, .adv_w = 158, .box_w = 11, .box_h = 22, .ofs_x = 0, .ofs_y = 0},
    {.bitmap_index = 6231, .adv_w = 284, .box_w = 15, .box_h = 22, .ofs_x = 1, .ofs_y = -6},
    {.bitmap_index = 6367, .adv_w = 284, .box_w = 14, .box_h = 22, .ofs_x = 2, .ofs_y = 0},
    {.bitmap_index = 6422, .adv_w = 124, .box_w = 4, .box_h = 22, .ofs_x = 2, .ofs_y = 0},
    {.bitmap_index = 6437, .adv_w = 124, .box_w = 7, .box_h = 28, .ofs_x = -1, .ofs_y = -6},
    {.bitmap_index = 6475, .adv_w = 259, .box_w = 15, .box_h = 22, .ofs_x = 2, .ofs_y = 0},
    {.bitmap_index = 6558, .adv_w = 124, .box_w = 4, .box_h = 22, .ofs_x = 2, .ofs_y = 0},
    {.bitmap_index = 6566, .adv_w = 436, .box_w = 23, .box_h = 16, .ofs_x = 2, .ofs_y = 0},
    {.bitmap_index = 6648, .adv_w = 284, .box_w = 14, .box_h = 16, .ofs_x = 2, .ofs_y = 0},
    {.bitmap_index = 6699, .adv_w = 274, .box_w = 15, .box_h = 16, .ofs_x = 1, .ofs_y = 0},
    {.bitmap_index = 6801, .adv_w = 284, .box_w = 15, .box_h = 22, .ofs_x = 2, .ofs_y = -6},
    {.bitmap_index = 6904, .adv_w = 284, .box_w = 15, .box_h = 22, .ofs_x = 1, .ofs_y = -6},
    {.bitmap_index = 7009, .adv_w = 184, .box_w = 10, .box_h = 16, .ofs_x = 2, .ofs_y = 0},
    {.bitmap_index = 7043, .adv_w = 233, .box_w = 13, .box_h = 16, .ofs_x = 1, .ofs_y = 0},
    {.bitmap_index = 7135, .adv_w = 176, .box_w = 11, .box_h = 20, .ofs_x = 0, .ofs_y = 0},
    {.bitmap_index = 7180, .adv_w = 284, .box_w = 14, .box_h = 16, .ofs_x = 2, .ofs_y = 0},
    {.bitmap_index = 7230, .adv_w = 265, .box_w = 16, .box_h = 16, .ofs_x = 0, .ofs_y = 0},
    {.bitmap_index = 7331, .adv_w = 366, .box_w = 21, .box_h = 16, .ofs_x = 1, .ofs_y = 0},
    {.bitmap_index = 7483, .adv_w = 265, .box_w = 16, .box_h = 16, .ofs_x = 0, .ofs_y = 0},
    {.bitmap_index = 7587, .adv_w = 265, .box_w = 16, .box_h = 22, .ofs_x = 0, .ofs_y = -6},
    {.bitmap_index = 7716, .adv_w = 235, .box_w = 13, .box_h = 16, .ofs_x = 1, .ofs_y = 0},
    {.bitmap_index = 7785, .adv_w = 285, .box_w = 12, .box_h = 26, .ofs_x = 3, .ofs_y = -4},
    {.bitmap_index = 7874, .adv_w = 151, .box_w = 3, .box_h = 29, .ofs_x = 3, .ofs_y = -7},
    {.bitmap_index = 7882, .adv_w = 285, .box_w = 12, .box_h = 26, .ofs_x = 3, .ofs_y = -4},
    {.bitmap_index = 7968, .adv_w = 375, .box_w = 19, .box_h = 6, .ofs_x = 2, .ofs_y = 6},
    {.bitmap_index = 8019, .adv_w = 142, .box_w = 0, .box_h = 0, .ofs_x = 0, .ofs_y = 0},
    {.bitmap_index = 8019, .adv_w = 180, .box_w = 3, .box_h = 21, .ofs_x = 4, .ofs_y = -5},
    {.bitmap_index = 8039, .adv_w = 285, .box_w = 13, .box_h = 25, .ofs_x = 2, .ofs_y = -5},
    {.bitmap_index = 8142, .adv_w = 285, .box_w = 15, .box_h = 21, .ofs_x = 1, .ofs_y = 0},
    {.bitmap_index = 8216, .adv_w = 285, .box_w = 16, .box_h = 16, .ofs_x = 1, .ofs_y = 1},
    {.bitmap_index = 8327, .adv_w = 285, .box_w = 16, .box_h = 21, .ofs_x = 1, .ofs_y = 0},
    {.bitmap_index = 8437, .adv_w = 151, .box_w = 3, .box_h = 25, .ofs_x = 3, .ofs_y = -5},
    {.bitmap_index = 8453, .adv_w = 224, .box_w = 12, .box_h = 24, .ofs_x = 1, .ofs_y = -3},
    {.bitmap_index = 8581, .adv_w = 224, .box_w = 10, .box_h = 3, .ofs_x = 2, .ofs_y = 19},
    {.bitmap_index = 8594, .adv_w = 448, .box_w = 22, .box_h = 22, .ofs_x = 3, .ofs_y = -1},
    {.bitmap_index = 8789, .adv_w = 211, .box_w = 11, .box_h = 15, .ofs_x = 1, .ofs_y = 6},
    {.bitmap_index = 8864, .adv_w = 274, .box_w = 13, .box_h = 14, .ofs_x = 2, .ofs_y = 1},
    {.bitmap_index = 8949, .adv_w = 375, .box_w = 19, .box_h = 9, .ofs_x = 2, .ofs_y = 4},
    {.bitmap_index = 8972, .adv_w = 162, .box_w = 8, .box_h = 3, .ofs_x = 1, .ofs_y = 7},
    {.bitmap_index = 8980, .adv_w = 448, .box_w = 22, .box_h = 22, .ofs_x = 3, .ofs_y = -1},
    {.bitmap_index = 9175, .adv_w = 224, .box_w = 10, .box_h = 3, .ofs_x = 2, .ofs_y = 19},
    {.bitmap_index = 9183, .adv_w = 224, .box_w = 10, .box_h = 9, .ofs_x = 2, .ofs_y = 12},
    {.bitmap_index = 9228, .adv_w = 375, .box_w = 19, .box_h = 18, .ofs_x = 2, .ofs_y = 0},
    {.bitmap_index = 9282, .adv_w = 180, .box_w = 9, .box_h = 12, .ofs_x = 1, .ofs_y = 9},
    {.bitmap_index = 9330, .adv_w = 180, .box_w = 9, .box_h = 12, .ofs_x = 1, .ofs_y = 9},
    {.bitmap_index = 9380, .adv_w = 224, .box_w = 7, .box_h = 6, .ofs_x = 5, .ofs_y = 18},
    {.bitmap_index = 9401, .adv_w = 285, .box_w = 16, .box_h = 22, .ofs_x = 2, .ofs_y = -6},
    {.bitmap_index = 9461, .adv_w = 285, .box_w = 13, .box_h = 24, .ofs_x = 2, .ofs_y = -3},
    {.bitmap_index = 9520, .adv_w = 142, .box_w = 3, .box_h = 4, .ofs_x = 3, .ofs_y = 8},
    {.bitmap_index = 9525, .adv_w = 224, .box_w = 7, .box_h = 6, .ofs_x = 3, .ofs_y = -6},
    {.bitmap_index = 9544, .adv_w = 180, .box_w = 9, .box_h = 12, .ofs_x = 1, .ofs_y = 9},
    {.bitmap_index = 9568, .adv_w = 211, .box_w = 11, .box_h = 15, .ofs_x = 1, .ofs_y = 6},
    {.bitmap_index = 9639, .adv_w = 274, .box_w = 13, .box_h = 14, .ofs_x = 2, .ofs_y = 1},
    {.bitmap_index = 9724, .adv_w = 434, .box_w = 26, .box_h = 22, .ofs_x = 1, .ofs_y = 0},
    {.bitmap_index = 9896, .adv_w = 434, .box_w = 25, .box_h = 22, .ofs_x = 1, .ofs_y = -1},
    {.bitmap_index = 10067, .adv_w = 434, .box_w = 26, .box_h = 22, .ofs_x = 1, .ofs_y = 0},
    {.bitmap_index = 10268, .adv_w = 238, .box_w = 12, .box_h = 22, .ofs_x = 1, .ofs_y = -6},
    {.bitmap_index = 10355, .adv_w = 306, .box_w = 19, .box_h = 27, .ofs_x = 0, .ofs_y = 0},
    {.bitmap_index = 10521, .adv_w = 306, .box_w = 19, .box_h = 27, .ofs_x = 0, .ofs_y = 0},
    {.bitmap_index = 10688, .adv_w = 306, .box_w = 19, .box_h = 27, .ofs_x = 0, .ofs_y = 0},
    {.bitmap_index = 10858, .adv_w = 306, .box_w = 19, .box_h = 26, .ofs_x = 0, .ofs_y = 0},
    {.bitmap_index = 11025, .adv_w = 306, .box_w = 19, .box_h = 26, .ofs_x = 0, .ofs_y = 0},
    {.bitmap_index = 11187, .adv_w = 306, .box_w = 19, .box_h = 27, .ofs_x = 0, .ofs_y = 0},
    {.bitmap_index = 11364, .adv_w = 436, .box_w = 26, .box_h = 21, .ofs_x = 0, .ofs_y = 0},
    {.bitmap_index = 11500, .adv_w = 313, .box_w = 18, .box_h = 27, .ofs_x = 1, .ofs_y = -6},
    {.bitmap_index = 11671, .adv_w = 283, .box_w = 14, .box_h = 27, .ofs_x = 2, .ofs_y = 0},
    {.bitmap_index = 11741, .adv_w = 283, .box_w = 14, .box_h = 27, .ofs_x = 2, .ofs_y = 0},
    {.bitmap_index = 11812, .adv_w = 283, .box_w = 14, .box_h = 27, .ofs_x = 2, .ofs_y = 0},
    {.bitmap_index = 11889, .adv_w = 283, .box_w = 14, .box_h = 26, .ofs_x = 2, .ofs_y = 0},
    {.bitmap_index = 11960, .adv_w = 132, .box_w = 7, .box_h = 27, .ofs_x = 0, .ofs_y = 0},
    {.bitmap_index = 11986, .adv_w = 132, .box_w = 6, .box_h = 27, .ofs_x = 2, .ofs_y = 0},
    {.bitmap_index = 12011, .adv_w = 132, .box_w = 10, .box_h = 27, .ofs_x = -1, .ofs_y = 0},
    {.bitmap_index = 12049, .adv_w = 132, .box_w = 9, .box_h = 26, .ofs_x = 0, .ofs_y = 0},
    {.bitmap_index = 12080, .adv_w = 347, .box_w = 21, .box_h = 21, .ofs_x = 0, .ofs_y = 0},
    {.bitmap_index = 12212, .adv_w = 335, .box_w = 17, .box_h = 26, .ofs_x = 2, .ofs_y = 0},
    {.bitmap_index = 12345, .adv_w = 353, .box_w = 20, .box_h = 27, .ofs_x = 1, .ofs_y = 0},
    {.bitmap_index = 12539, .adv_w = 353, .box_w = 20, .box_h = 27, .ofs_x = 1, .ofs_y = 0},
    {.bitmap_index = 12733, .adv_w = 353, .box_w = 20, .box_h = 27, .ofs_x = 1, .ofs_y = 0},
    {.bitmap_index = 12935, .adv_w = 353, .box_w = 20, .box_h = 27, .ofs_x = 1, .ofs_y = 0},
    {.bitmap_index = 13132, .adv_w = 353, .box_w = 20, .box_h = 27, .ofs_x = 1, .ofs_y = 0},
    {.bitmap_index = 13323, .adv_w = 375, .box_w = 17, .box_h = 18, .ofs_x = 3, .ofs_y = 0},
    {.bitmap_index = 13441, .adv_w = 353, .box_w = 20, .box_h = 23, .ofs_x = 1, .ofs_y = -1},
    {.bitmap_index = 13644, .adv_w = 328, .box_w = 17, .box_h = 27, .ofs_x = 2, .ofs_y = 0},
    {.bitmap_index = 13747, .adv_w = 328, .box_w = 17, .box_h = 27, .ofs_x = 2, .ofs_y = 0},
    {.bitmap_index = 13852, .adv_w = 328, .box_w = 17, .box_h = 27, .ofs_x = 2, .ofs_y = 0},
    {.bitmap_index = 13961, .adv_w = 328, .box_w = 17, .box_h = 27, .ofs_x = 2, .ofs_y = 0},
    {.bitmap_index = 14062, .adv_w = 274, .box_w = 19, .box_h = 27, .ofs_x = -1, .ofs_y = 0},
    {.bitmap_index = 14182, .adv_w = 271, .box_w = 14, .box_h = 21, .ofs_x = 2, .ofs_y = 0},
    {.bitmap_index = 14258, .adv_w = 282, .box_w = 15, .box_h = 22, .ofs_x = 2, .ofs_y = 0},
    {.bitmap_index = 14384, .adv_w = 275, .box_w = 14, .box_h = 24, .ofs_x = 1, .ofs_y = 0},
    {.bitmap_index = 14510, .adv_w = 275, .box_w = 14, .box_h = 24, .ofs_x = 1, .ofs_y = 0},
    {.bitmap_index = 14636, .adv_w = 275, .box_w = 14, .box_h = 24, .ofs_x = 1, .ofs_y = 0},
    {.bitmap_index = 14769, .adv_w = 275, .box_w = 14, .box_h = 22, .ofs_x = 1, .ofs_y = 0},
    {.bitmap_index = 14891, .adv_w = 275, .box_w = 14, .box_h = 22, .ofs_x = 1, .ofs_y = 0},
    {.bitmap_index = 15009, .adv_w = 275, .box_w = 14, .box_h = 26, .ofs_x = 1, .ofs_y = 0},
    {.bitmap_index = 15153, .adv_w = 440, .box_w = 26, .box_h = 16, .ofs_x = 1, .ofs_y = 0},
    {.bitmap_index = 15319, .adv_w = 246, .box_w = 13, .box_h = 22, .ofs_x = 1, .ofs_y = -6},
    {.bitmap_index = 15429, .adv_w = 276, .box_w = 15, .box_h = 24, .ofs_x = 1, .ofs_y = 0},
    {.bitmap_index = 15556, .adv_w = 276, .box_w = 15, .box_h = 24, .ofs_x = 1, .ofs_y = 0},
    {.bitmap_index = 15681, .adv_w = 276, .box_w = 15, .box_h = 24, .ofs_x = 1, .ofs_y = 0},
    {.bitmap_index = 15813, .adv_w = 276, .box_w = 15, .box_h = 22, .ofs_x = 1, .ofs_y = 0},
    {.bitmap_index = 15928, .adv_w = 124, .box_w = 7, .box_h = 23, .ofs_x = -1, .ofs_y = 0},
    {.bitmap_index = 15961, .adv_w = 124, .box_w = 8, .box_h = 23, .ofs_x = 1, .ofs_y = 0},
    {.bitmap_index = 15994, .adv_w = 124, .box_w = 10, .box_h = 23, .ofs_x = -1, .ofs_y = 0},
    {.bitmap_index = 16037, .adv_w = 124, .box_w = 9, .box_h = 22, .ofs_x = -1, .ofs_y = 0},
    {.bitmap_index = 16065, .adv_w = 274, .box_w = 15, .box_h = 22, .ofs_x = 1, .ofs_y = 0},
    {.bitmap_index = 16206, .adv_w = 284, .box_w = 14, .box_h = 22, .ofs_x = 2, .ofs_y = 0},
    {.bitmap_index = 16290, .adv_w = 274, .box_w = 15, .box_h = 24, .ofs_x = 1, .ofs_y = 0},
    {.bitmap_index = 16425, .adv_w = 274, .box_w = 15, .box_h = 24, .ofs_x = 1, .ofs_y = 0},
    {.bitmap_index = 16558, .adv_w = 274, .box_w = 15, .box_h = 24, .ofs_x = 1, .ofs_y = 0},
    {.bitmap_index = 16698, .adv_w = 274, .box_w = 15, .box_h = 22, .ofs_x = 1, .ofs_y = 0},
    {.bitmap_index = 16827, .adv_w = 274, .box_w = 15, .box_h = 22, .ofs_x = 1, .ofs_y = 0},
    {.bitmap_index = 16951, .adv_w = 375, .box_w = 19, .box_h = 14, .ofs_x = 2, .ofs_y = 2},
    {.bitmap_index = 16995, .adv_w = 274, .box_w = 17, .box_h = 18, .ofs_x = 0, .ofs_y = -1},
    {.bitmap_index = 17134, .adv_w = 284, .box_w = 14, .box_h = 24, .ofs_x = 2, .ofs_y = 0},
    {.bitmap_index = 17216, .adv_w = 284, .box_w = 14, .box_h = 24, .ofs_x = 2, .ofs_y = 0},
    {.bitmap_index = 17296, .adv_w = 284, .box_w = 14, .box_h = 24, .ofs_x = 2, .ofs_y = 0},
    {.bitmap_index = 17384, .adv_w = 284, .box_w = 14, .box_h = 22, .ofs_x = 2, .ofs_y = 0},
    {.bitmap_index = 17457, .adv_w = 265, .box_w = 16, .box_h = 29, .ofs_x = 0, .ofs_y = -6},
    {.bitmap_index = 17619, .adv_w = 284, .box_w = 15, .box_h = 28, .ofs_x = 2, .ofs_y = -6},
    {.bitmap_index = 17727, .adv_w = 265, .box_w = 16, .box_h = 28, .ofs_x = 0, .ofs_y = -6},
    {.bitmap_index = 17879, .adv_w = 306, .box_w = 19, .box_h = 26, .ofs_x = 0, .ofs_y = 0},
    {.bitmap_index = 18035, .adv_w = 275, .box_w = 14, .box_h = 22, .ofs_x = 1, .ofs_y = 0},
    {.bitmap_index = 18146, .adv_w = 306, .box_w = 19, .box_h = 27, .ofs_x = 0, .ofs_y = 0},
    {.bitmap_index = 18319, .adv_w = 275, .box_w = 14, .box_h = 22, .ofs_x = 1, .ofs_y = 0},
    {.bitmap_index = 18445, .adv_w = 306, .box_w = 20, .box_h = 27, .ofs_x = 0, .ofs_y = -6},
    {.bitmap_index = 18624, .adv_w = 275, .box_w = 15, .box_h = 22, .ofs_x = 1, .ofs_y = -6},
    {.bitmap_index = 18752, .adv_w = 313, .box_w = 18, .box_h = 27, .ofs_x = 1, .ofs_y = 0},
    {.bitmap_index = 18915, .adv_w = 246, .box_w = 13, .box_h = 24, .ofs_x = 1, .ofs_y = 0},
    {.bitmap_index = 19026, .adv_w = 313, .box_w = 18, .box_h = 27, .ofs_x = 1, .ofs_y = 0},
    {.bitmap_index = 19194, .adv_w = 246, .box_w = 13, .box_h = 24, .ofs_x = 1, .ofs_y = 0},
    {.bitmap_index = 19312, .adv_w = 313, .box_w = 18, .box_h = 27, .ofs_x = 1, .ofs_y = 0},
    {.bitmap_index = 19464, .adv_w = 246, .box_w = 13, .box_h = 22, .ofs_x = 1, .ofs_y = 0},
    {.bitmap_index = 19559, .adv_w = 313, .box_w = 18, .box_h = 27, .ofs_x = 1, .ofs_y = 0},
    {.bitmap_index = 19726, .adv_w = 246, .box_w = 13, .box_h = 24, .ofs_x = 1, .ofs_y = 0},
    {.bitmap_index = 19844, .adv_w = 345, .box_w = 18, .box_h = 27, .ofs_x = 2, .ofs_y = 0},
    {.bitmap_index = 20002, .adv_w = 284, .box_w = 20, .box_h = 22, .ofs_x = 1, .ofs_y = 0},
    {.bitmap_index = 20139, .adv_w = 347, .box_w = 21, .box_h = 21, .ofs_x = 0, .ofs_y = 0},
    {.bitmap_index = 20271, .adv_w = 284, .box_w = 17, .box_h = 22, .ofs_x = 1, .ofs_y = 0},
    {.bitmap_index = 20397, .adv_w = 283, .box_w = 14, .box_h = 26, .ofs_x = 2, .ofs_y = 0},
    {.bitmap_index = 20461, .adv_w = 276, .box_w = 15, .box_h = 22, .ofs_x = 1, .ofs_y = 0},
    {.bitmap_index = 20569, .adv_w = 283, .box_w = 14, .box_h = 27, .ofs_x = 2, .ofs_y = 0},
    {.bitmap_index = 20647, .adv_w = 276, .box_w = 15, .box_h = 23, .ofs_x = 1, .ofs_y = 0},
    {.bitmap_index = 20771, .adv_w = 283, .box_w = 14, .box_h = 26, .ofs_x = 2, .ofs_y = 0},
    {.bitmap_index = 20835, .adv_w = 276, .box_w = 15, .box_h = 22, .ofs_x = 1, .ofs_y = 0},
    {.bitmap_index = 20944, .adv_w = 283, .box_w = 14, .box_h = 27, .ofs_x = 2, .ofs_y = -6},
    {.bitmap_index = 21015, .adv_w = 276, .box_w = 15, .box_h = 22, .ofs_x = 1, .ofs_y = -6},
    {.bitmap_index = 21141, .adv_w = 283, .box_w = 14, .box_h = 27, .ofs_x = 2, .ofs_y = 0},
    {.bitmap_index = 21222, .adv_w = 276, .box_w = 15, .box_h = 23, .ofs_x = 1, .ofs_y = 0},
    {.bitmap_index = 21350, .adv_w = 347, .box_w = 19, .box_h = 27, .ofs_x = 1, .ofs_y = 0},
    {.bitmap_index = 21529, .adv_w = 284, .box_w = 15, .box_h = 29, .ofs_x = 1, .ofs_y = -6},
    {.bitmap_index = 21702, .adv_w = 347, .box_w = 19, .box_h = 27, .ofs_x = 1, .ofs_y = 0},
    {.bitmap_index = 21881, .adv_w = 284, .box_w = 15, .box_h = 29, .ofs_x = 1, .ofs_y = -6},
    {.bitmap_index = 22047, .adv_w = 347, .box_w = 19, .box_h = 27, .ofs_x = 1, .ofs_y = 0},
    {.bitmap_index = 22209, .adv_w = 284, .box_w = 15, .box_h = 28, .ofs_x = 1, .ofs_y = -6},
    {.bitmap_index = 22359, .adv_w = 347, .box_w = 19, .box_h = 28, .ofs_x = 1, .ofs_y = -7},
    {.bitmap_index = 22538, .adv_w = 284, .box_w = 15, .box_h = 28, .ofs_x = 1, .ofs_y = -6},
    {.bitmap_index = 22699, .adv_w = 337, .box_w = 17, .box_h = 27, .ofs_x = 2, .ofs_y = 0},
    {.bitmap_index = 22764, .adv_w = 284, .box_w = 17, .box_h = 27, .ofs_x = -1, .ofs_y = 0},
    {.bitmap_index = 22853, .adv_w = 410, .box_w = 21, .box_h = 21, .ofs_x = 2, .ofs_y = 0},
    {.bitmap_index = 22918, .adv_w = 311, .box_w = 16, .box_h = 22, .ofs_x = 1, .ofs_y = 0},
    {.bitmap_index = 22993, .adv_w = 132, .box_w = 10, .box_h = 26, .ofs_x = -1, .ofs_y = 0},
    {.bitmap_index = 23028, .adv_w = 124, .box_w = 10, .box_h = 22, .ofs_x = -1, .ofs_y = 0},
    {.bitmap_index = 23066, .adv_w = 132, .box_w = 9, .box_h = 26, .ofs_x = 0, .ofs_y = 0},
    {.bitmap_index = 23090, .adv_w = 124, .box_w = 9, .box_h = 22, .ofs_x = -1, .ofs_y = 0},
    {.bitmap_index = 23111, .adv_w = 132, .box_w = 10, .box_h = 27, .ofs_x = -1, .ofs_y = 0},
    {.bitmap_index = 23150, .adv_w = 124, .box_w = 10, .box_h = 23, .ofs_x = -1, .ofs_y = 0},
    {.bitmap_index = 23187, .adv_w = 132, .box_w = 6, .box_h = 27, .ofs_x = 2, .ofs_y = -6},
    {.bitmap_index = 23214, .adv_w = 124, .box_w = 6, .box_h = 28, .ofs_x = 2, .ofs_y = -6},
    {.bitmap_index = 23252, .adv_w = 132, .box_w = 4, .box_h = 26, .ofs_x = 2, .ofs_y = 0},
    {.bitmap_index = 23268, .adv_w = 124, .box_w = 4, .box_h = 16, .ofs_x = 2, .ofs_y = 0},
    {.bitmap_index = 23274, .adv_w = 264, .box_w = 12, .box_h = 27, .ofs_x = 2, .ofs_y = -6},
    {.bitmap_index = 23321, .adv_w = 249, .box_w = 11, .box_h = 28, .ofs_x = 2, .ofs_y = -6},
    {.bitmap_index = 23379, .adv_w = 132, .box_w = 11, .box_h = 32, .ofs_x = -2, .ofs_y = -6},
    {.bitmap_index = 23443, .adv_w = 124, .box_w = 10, .box_h = 29, .ofs_x = -1, .ofs_y = -6},
    {.bitmap_index = 23508, .adv_w = 294, .box_w = 17, .box_h = 28, .ofs_x = 2, .ofs_y = -7},
    {.bitmap_index = 23659, .adv_w = 259, .box_w = 15, .box_h = 29, .ofs_x = 2, .ofs_y = -7},
    {.bitmap_index = 23771, .adv_w = 259, .box_w = 15, .box_h = 16, .ofs_x = 2, .ofs_y = 0},
    {.bitmap_index = 23849, .adv_w = 250, .box_w = 14, .box_h = 27, .ofs_x = 2, .ofs_y = 0},
    {.bitmap_index = 23896, .adv_w = 124, .box_w = 7, .box_h = 27, .ofs_x = 2, .ofs_y = 0},
    {.bitmap_index = 23922, .adv_w = 250, .box_w = 14, .box_h = 28, .ofs_x = 2, .ofs_y = -7},
    {.bitmap_index = 23973, .adv_w = 124, .box_w = 5, .box_h = 29, .ofs_x = 1, .ofs_y = -7},
    {.bitmap_index = 23998, .adv_w = 250, .box_w = 14, .box_h = 21, .ofs_x = 2, .ofs_y = 0},
    {.bitmap_index = 24047, .adv_w = 168, .box_w = 9, .box_h = 22, .ofs_x = 2, .ofs_y = 0},
    {.bitmap_index = 24077, .adv_w = 250, .box_w = 14, .box_h = 21, .ofs_x = 2, .ofs_y = 0},
    {.bitmap_index = 24114, .adv_w = 153, .box_w = 7, .box_h = 22, .ofs_x = 2, .ofs_y = 0},
    {.bitmap_index = 24133, .adv_w = 252, .box_w = 17, .box_h = 21, .ofs_x = -1, .ofs_y = 0},
    {.bitmap_index = 24204, .adv_w = 127, .box_w = 8, .box_h = 22, .ofs_x = 0, .ofs_y = 0},
    {.bitmap_index = 24237, .adv_w = 335, .box_w = 17, .box_h = 27, .ofs_x = 2, .ofs_y = 0},
    {.bitmap_index = 24369, .adv_w = 284, .box_w = 14, .box_h = 23, .ofs_x = 2, .ofs_y = 0},
    {.bitmap_index = 24449, .adv_w = 335, .box_w = 17, .box_h = 28, .ofs_x = 2, .ofs_y = -7},
    {.bitmap_index = 24588, .adv_w = 284, .box_w = 14, .box_h = 23, .ofs_x = 2, .ofs_y = -7},
    {.bitmap_index = 24667, .adv_w = 335, .box_w = 17, .box_h = 27, .ofs_x = 2, .ofs_y = 0},
    {.bitmap_index = 24807, .adv_w = 284, .box_w = 14, .box_h = 23, .ofs_x = 2, .ofs_y = 0},
    {.bitmap_index = 24894, .adv_w = 364, .box_w = 19, .box_h = 21, .ofs_x = 2, .ofs_y = 0},
    {.bitmap_index = 24979, .adv_w = 335, .box_w = 16, .box_h = 27, .ofs_x = 2, .ofs_y = -6},
    {.bitmap_index = 25077, .adv_w = 284, .box_w = 14, .box_h = 22, .ofs_x = 2, .ofs_y = -6},
    {.bitmap_index = 25158, .adv_w = 353, .box_w = 20, .box_h = 27, .ofs_x = 1, .ofs_y = 0},
    {.bitmap_index = 25343, .adv_w = 274, .box_w = 15, .box_h = 22, .ofs_x = 1, .ofs_y = 0},
    {.bitmap_index = 25460, .adv_w = 353, .box_w = 20, .box_h = 27, .ofs_x = 1, .ofs_y = 0},
    {.bitmap_index = 25663, .adv_w = 274, .box_w = 15, .box_h = 23, .ofs_x = 1, .ofs_y = 0},
    {.bitmap_index = 25795, .adv_w = 353, .box_w = 20, .box_h = 27, .ofs_x = 1, .ofs_y = 0},
    {.bitmap_index = 25998, .adv_w = 274, .box_w = 15, .box_h = 24, .ofs_x = 1, .ofs_y = 0},
    {.bitmap_index = 26142, .adv_w = 479, .box_w = 28, .box_h = 21, .ofs_x = 1, .ofs_y = 0},
    {.bitmap_index = 26294, .adv_w = 458, .box_w = 27, .box_h = 16, .ofs_x = 1, .ofs_y = 0},
    {.bitmap_index = 26465, .adv_w = 311, .box_w = 17, .box_h = 27, .ofs_x = 2, .ofs_y = 0},
    {.bitmap_index = 26608, .adv_w = 184, .box_w = 11, .box_h = 23, .ofs_x = 2, .ofs_y = 0},
    {.bitmap_index = 26671, .adv_w = 311, .box_w = 17, .box_h = 28, .ofs_x = 2, .ofs_y = -7},
    {.bitmap_index = 26820, .adv_w = 184, .box_w = 11, .box_h = 23, .ofs_x = 1, .ofs_y = -7},
    {.bitmap_index = 26880, .adv_w = 311, .box_w = 17, .box_h = 27, .ofs_x = 2, .ofs_y = 0},
    {.bitmap_index = 27032, .adv_w = 184, .box_w = 10, .box_h = 23, .ofs_x = 2, .ofs_y = 0},
    {.bitmap_index = 27097, .adv_w = 284, .box_w = 16, .box_h = 27, .ofs_x = 1, .ofs_y = 0},
    {.bitmap_index = 27256, .adv_w = 233, .box_w = 13, .box_h = 24, .ofs_x = 1, .ofs_y = 0},
    {.bitmap_index = 27378, .adv_w = 284, .box_w = 16, .box_h = 27, .ofs_x = 1, .ofs_y = 0},
    {.bitmap_index = 27542, .adv_w = 233, .box_w = 13, .box_h = 24, .ofs_x = 1, .ofs_y = 0},
    {.bitmap_index = 27670, .adv_w = 284, .box_w = 16, .box_h = 27, .ofs_x = 1, .ofs_y = -6},
    {.bitmap_index = 27835, .adv_w = 233, .box_w = 13, .box_h = 22, .ofs_x = 1, .ofs_y = -6},
    {.bitmap_index = 27954, .adv_w = 284, .box_w = 16, .box_h = 27, .ofs_x = 1, .ofs_y = 0},
    {.bitmap_index = 28117, .adv_w = 233, .box_w = 13, .box_h = 24, .ofs_x = 1, .ofs_y = 0},
    {.bitmap_index = 28246, .adv_w = 274, .box_w = 19, .box_h = 27, .ofs_x = -1, .ofs_y = -6},
    {.bitmap_index = 28312, .adv_w = 176, .box_w = 11, .box_h = 26, .ofs_x = 0, .ofs_y = -6},
    {.bitmap_index = 28386, .adv_w = 274, .box_w = 19, .box_h = 27, .ofs_x = -1, .ofs_y = 0},
    {.bitmap_index = 28458, .adv_w = 176, .box_w = 11, .box_h = 24, .ofs_x = 0, .ofs_y = 0},
    {.bitmap_index = 28529, .adv_w = 274, .box_w = 19, .box_h = 21, .ofs_x = -1, .ofs_y = 0},
    {.bitmap_index = 28582, .adv_w = 176, .box_w = 11, .box_h = 20, .ofs_x = 0, .ofs_y = 0},
    {.bitmap_index = 28638, .adv_w = 328, .box_w = 17, .box_h = 27, .ofs_x = 2, .ofs_y = 0},
    {.bitmap_index = 28743, .adv_w = 284, .box_w = 14, .box_h = 22, .ofs_x = 2, .ofs_y = 0},
    {.bitmap_index = 28821, .adv_w = 328, .box_w = 17, .box_h = 27, .ofs_x = 2, .ofs_y = 0},
    {.bitmap_index = 28915, .adv_w = 284, .box_w = 14, .box_h = 22, .ofs_x = 2, .ofs_y = 0},
    {.bitmap_index = 28981, .adv_w = 328, .box_w = 17, .box_h = 27, .ofs_x = 2, .ofs_y = 0},
    {.bitmap_index = 29090, .adv_w = 284, .box_w = 14, .box_h = 23, .ofs_x = 2, .ofs_y = 0},
    {.bitmap_index = 29171, .adv_w = 328, .box_w = 17, .box_h = 27, .ofs_x = 2, .ofs_y = 0},
    {.bitmap_index = 29294, .adv_w = 284, .box_w = 14, .box_h = 25, .ofs_x = 2, .ofs_y = 0},
    {.bitmap_index = 29392, .adv_w = 328, .box_w = 17, .box_h = 27, .ofs_x = 2, .ofs_y = 0},
    {.bitmap_index = 29503, .adv_w = 284, .box_w = 14, .box_h = 24, .ofs_x = 2, .ofs_y = 0},
    {.bitmap_index = 29596, .adv_w = 328, .box_w = 17, .box_h = 27, .ofs_x = 2, .ofs_y = -6},
    {.bitmap_index = 29704, .adv_w = 284, .box_w = 16, .box_h = 22, .ofs_x = 2, .ofs_y = -6},
    {.bitmap_index = 29787, .adv_w = 443, .box_w = 27, .box_h = 27, .ofs_x = 0, .ofs_y = 0},
    {.bitmap_index = 30055, .adv_w = 366, .box_w = 21, .box_h = 23, .ofs_x = 1, .ofs_y = 0},
    {.bitmap_index = 30254, .adv_w = 274, .box_w = 19, .box_h = 27, .ofs_x = -1, .ofs_y = 0},
    {.bitmap_index = 30378, .adv_w = 265, .box_w = 16, .box_h = 29, .ofs_x = 0, .ofs_y = -6},
    {.bitmap_index = 30546, .adv_w = 274, .box_w = 19, .box_h = 26, .ofs_x = -1, .ofs_y = 0},
    {.bitmap_index = 30661, .adv_w = 307, .box_w = 17, .box_h = 27, .ofs_x = 1, .ofs_y = 0},
    {.bitmap_index = 30790, .adv_w = 235, .box_w = 13, .box_h = 23, .ofs_x = 1, .ofs_y = 0},
    {.bitmap_index = 30888, .adv_w = 307, .box_w = 17, .box_h = 26, .ofs_x = 1, .ofs_y = 0},
    {.bitmap_index = 31007, .adv_w = 235, .box_w = 13, .box_h = 22, .ofs_x = 1, .ofs_y = 0},
    {.bitmap_index = 31090, .adv_w = 307, .box_w = 17, .box_h = 27, .ofs_x = 1, .ofs_y = 0},
    {.bitmap_index = 31224, .adv_w = 235, .box_w = 13, .box_h = 23, .ofs_x = 1, .ofs_y = 0},
    {.bitmap_index = 31328, .adv_w = 158, .box_w = 11, .box_h = 22, .ofs_x = 0, .ofs_y = 0},
    {.bitmap_index = 31367, .adv_w = 224, .box_w = 7, .box_h = 6, .ofs_x = 5, .ofs_y = 18},
    {.bitmap_index = 31388, .adv_w = 224, .box_w = 10, .box_h = 9, .ofs_x = 2, .ofs_y = 19},
    {.bitmap_index = 31423, .adv_w = 310, .box_w = 19, .box_h = 23, .ofs_x = 0, .ofs_y = 0},
    {.bitmap_index = 31582, .adv_w = 142, .box_w = 3, .box_h = 4, .ofs_x = 3, .ofs_y = 8},
    {.bitmap_index = 31587, .adv_w = 334, .box_w = 21, .box_h = 23, .ofs_x = -1, .ofs_y = 0},
    {.bitmap_index = 31665, .adv_w = 390, .box_w = 23, .box_h = 23, .ofs_x = -1, .ofs_y = 0},
    {.bitmap_index = 31734, .adv_w = 183, .box_w = 10, .box_h = 23, .ofs_x = -1, .ofs_y = 0},
    {.bitmap_index = 31768, .adv_w = 364, .box_w = 23, .box_h = 24, .ofs_x = -1, .ofs_y = 0},
    {.bitmap_index = 31967, .adv_w = 369, .box_w = 24, .box_h = 23, .ofs_x = -1, .ofs_y = 0},
    {.bitmap_index = 32088, .adv_w = 370, .box_w = 23, .box_h = 23, .ofs_x = -1, .ofs_y = 0},
    {.bitmap_index = 32280, .adv_w = 152, .box_w = 9, .box_h = 28, .ofs_x = 0, .ofs_y = 0},
    {.bitmap_index = 32349, .adv_w = 306, .box_w = 19, .box_h = 21, .ofs_x = 0, .ofs_y = 0},
    {.bitmap_index = 32489, .adv_w = 307, .box_w = 16, .box_h = 21, .ofs_x = 2, .ofs_y = 0},
    {.bitmap_index = 32604, .adv_w = 250, .box_w = 14, .box_h = 21, .ofs_x = 2, .ofs_y = 0},
    {.bitmap_index = 32631, .adv_w = 306, .box_w = 19, .box_h = 21, .ofs_x = 0, .ofs_y = 0},
    {.bitmap_index = 32773, .adv_w = 283, .box_w = 14, .box_h = 21, .ofs_x = 2, .ofs_y = 0},
    {.bitmap_index = 32821, .adv_w = 307, .box_w = 17, .box_h = 21, .ofs_x = 1, .ofs_y = 0},
    {.bitmap_index = 32924, .adv_w = 337, .box_w = 17, .box_h = 21, .ofs_x = 2, .ofs_y = 0},
    {.bitmap_index = 32959, .adv_w = 353, .box_w = 20, .box_h = 21, .ofs_x = 1, .ofs_y = 0},
    {.bitmap_index = 33130, .adv_w = 132, .box_w = 4, .box_h = 21, .ofs_x = 2, .ofs_y = 0},
    {.bitmap_index = 33137, .adv_w = 294, .box_w = 17, .box_h = 21, .ofs_x = 2, .ofs_y = 0},
    {.bitmap_index = 33255, .adv_w = 306, .box_w = 19, .box_h = 21, .ofs_x = 0, .ofs_y = 0},
    {.bitmap_index = 33399, .adv_w = 387, .box_w = 20, .box_h = 21, .ofs_x = 2, .ofs_y = 0},
    {.bitmap_index = 33518, .adv_w = 335, .box_w = 17, .box_h = 21, .ofs_x = 2, .ofs_y = 0},
    {.bitmap_index = 33623, .adv_w = 283, .box_w = 14, .box_h = 21, .ofs_x = 2, .ofs_y = 0},
    {.bitmap_index = 33672, .adv_w = 353, .box_w = 20, .box_h = 21, .ofs_x = 1, .ofs_y = 0},
    {.bitmap_index = 33841, .adv_w = 337, .box_w = 17, .box_h = 21, .ofs_x = 2, .ofs_y = 0},
    {.bitmap_index = 33869, .adv_w = 270, .box_w = 14, .box_h = 21, .ofs_x = 2, .ofs_y = 0},
    {.bitmap_index = 33944, .adv_w = 283, .box_w = 14, .box_h = 21, .ofs_x = 2, .ofs_y = 0},
    {.bitmap_index = 34038, .adv_w = 274, .box_w = 19, .box_h = 21, .ofs_x = -1, .ofs_y = 0},
    {.bitmap_index = 34074, .adv_w = 274, .box_w = 19, .box_h = 21, .ofs_x = -1, .ofs_y = 0},
    {.bitmap_index = 34166, .adv_w = 353, .box_w = 20, .box_h = 21, .ofs_x = 1, .ofs_y = 0},
    {.bitmap_index = 34320, .adv_w = 307, .box_w = 19, .box_h = 21, .ofs_x = 0, .ofs_y = 0},
    {.bitmap_index = 34471, .adv_w = 353, .box_w = 20, .box_h = 21, .ofs_x = 1, .ofs_y = 0},
    {.bitmap_index = 34583, .adv_w = 342, .box_w = 20, .box_h = 21, .ofs_x = 1, .ofs_y = 0},
    {.bitmap_index = 34742, .adv_w = 132, .box_w = 9, .box_h = 26, .ofs_x = 0, .ofs_y = 0},
    {.bitmap_index = 34773, .adv_w = 274, .box_w = 19, .box_h = 26, .ofs_x = -1, .ofs_y = 0},
    {.bitmap_index = 34889, .adv_w = 295, .box_w = 17, .box_h = 23, .ofs_x = 1, .ofs_y = 0},
    {.bitmap_index = 35042, .adv_w = 242, .box_w = 13, .box_h = 24, .ofs_x = 1, .ofs_y = 0},
    {.bitmap_index = 35159, .adv_w = 284, .box_w = 14, .box_h = 29, .ofs_x = 2, .ofs_y = -6},
    {.bitmap_index = 35248, .adv_w = 152, .box_w = 8, .box_h = 23, .ofs_x = 2, .ofs_y = 0},
    {.bitmap_index = 35298, .adv_w = 259, .box_w = 13, .box_h = 29, .ofs_x = 2, .ofs_y = 0},
    {.bitmap_index = 35425, .adv_w = 295, .box_w = 17, .box_h = 16, .ofs_x = 1, .ofs_y = 0},
    {.bitmap_index = 35547, .adv_w = 286, .box_w = 14, .box_h = 28, .ofs_x = 2, .ofs_y = -6},
    {.bitmap_index = 35675, .adv_w = 265, .box_w = 16, .box_h = 22, .ofs_x = 0, .ofs_y = -6},
    {.bitmap_index = 35781, .adv_w = 274, .box_w = 15, .box_h = 21, .ofs_x = 1, .ofs_y = 0},
    {.bitmap_index = 35915, .adv_w = 242, .box_w = 13, .box_h = 16, .ofs_x = 1, .ofs_y = 0},
    {.bitmap_index = 36003, .adv_w = 244, .box_w = 13, .box_h = 28, .ofs_x = 1, .ofs_y = -6},
    {.bitmap_index = 36129, .adv_w = 284, .box_w = 14, .box_h = 22, .ofs_x = 2, .ofs_y = -6},
    {.bitmap_index = 36188, .adv_w = 274, .box_w = 15, .box_h = 22, .ofs_x = 1, .ofs_y = 0},
    {.bitmap_index = 36323, .adv_w = 152, .box_w = 7, .box_h = 16, .ofs_x = 2, .ofs_y = 0},
    {.bitmap_index = 36345, .adv_w = 264, .box_w = 14, .box_h = 16, .ofs_x = 2, .ofs_y = 0},
    {.bitmap_index = 36421, .adv_w = 265, .box_w = 16, .box_h = 22, .ofs_x = 0, .ofs_y = 0},
    {.bitmap_index = 36550, .adv_w = 285, .box_w = 16, .box_h = 22, .ofs_x = 2, .ofs_y = -6},
    {.bitmap_index = 36610, .adv_w = 250, .box_w = 14, .box_h = 16, .ofs_x = 1, .ofs_y = 0},
    {.bitmap_index = 36708, .adv_w = 250, .box_w = 14, .box_h = 28, .ofs_x = 1, .ofs_y = -6},
    {.bitmap_index = 36843, .adv_w = 274, .box_w = 15, .box_h = 16, .ofs_x = 1, .ofs_y = 0},
    {.bitmap_index = 36945, .adv_w = 270, .box_w = 16, .box_h = 16, .ofs_x = 1, .ofs_y = 0},
    {.bitmap_index = 36988, .adv_w = 284, .box_w = 15, .box_h = 22, .ofs_x = 2, .ofs_y = -6},
    {.bitmap_index = 37094, .adv_w = 263, .box_w = 13, .box_h = 22, .ofs_x = 1, .ofs_y = -6},
    {.bitmap_index = 37196, .adv_w = 284, .box_w = 16, .box_h = 16, .ofs_x = 1, .ofs_y = 0},
    {.bitmap_index = 37302, .adv_w = 270, .box_w = 15, .box_h = 16, .ofs_x = 1, .ofs_y = 0},
    {.bitmap_index = 37349, .adv_w = 259, .box_w = 13, .box_h = 16, .ofs_x = 2, .ofs_y = 0},
    {.bitmap_index = 37425, .adv_w = 296, .box_w = 16, .box_h = 22, .ofs_x = 1, .ofs_y = -6},
    {.bitmap_index = 37545, .adv_w = 259, .box_w = 16, .box_h = 22, .ofs_x = 0, .ofs_y = -6},
    {.bitmap_index = 37683, .adv_w = 296, .box_w = 16, .box_h = 22, .ofs_x = 1, .ofs_y = -6},
    {.bitmap_index = 37752, .adv_w = 375, .box_w = 21, .box_h = 16, .ofs_x = 1, .ofs_y = 0},
    {.bitmap_index = 37890, .adv_w = 152, .box_w = 9, .box_h = 22, .ofs_x = 0, .ofs_y = 0},
    {.bitmap_index = 37936, .adv_w = 259, .box_w = 13, .box_h = 22, .ofs_x = 2, .ofs_y = 0},
    {.bitmap_index = 38034, .adv_w = 274, .box_w = 15, .box_h = 24, .ofs_x = 1, .ofs_y = 0},
    {.bitmap_index = 38167, .adv_w = 259, .box_w = 13, .box_h = 24, .ofs_x = 2, .ofs_y = 0},
    {.bitmap_index = 38274, .adv_w = 375, .box_w = 21, .box_h = 24, .ofs_x = 1, .ofs_y = 0},
    {.bitmap_index = 38450, .adv_w = 283, .box_w = 14, .box_h = 27, .ofs_x = 2, .ofs_y = 0},
    {.bitmap_index = 38521, .adv_w = 283, .box_w = 14, .box_h = 26, .ofs_x = 2, .ofs_y = 0},
    {.bitmap_index = 38592, .adv_w = 352, .box_w = 21, .box_h = 27, .ofs_x = -1, .ofs_y = -6},
    {.bitmap_index = 38698, .adv_w = 273, .box_w = 14, .box_h = 27, .ofs_x = 2, .ofs_y = 0},
    {.bitmap_index = 38748, .adv_w = 313, .box_w = 18, .box_h = 21, .ofs_x = 1, .ofs_y = 0},
    {.bitmap_index = 38886, .adv_w = 284, .box_w = 16, .box_h = 21, .ofs_x = 1, .ofs_y = 0},
    {.bitmap_index = 39021, .adv_w = 132, .box_w = 4, .box_h = 21, .ofs_x = 2, .ofs_y = 0},
    {.bitmap_index = 39028, .adv_w = 132, .box_w = 9, .box_h = 26, .ofs_x = 0, .ofs_y = 0},
    {.bitmap_index = 39059, .adv_w = 132, .box_w = 8, .box_h = 27, .ofs_x = -2, .ofs_y = -6},
    {.bitmap_index = 39094, .adv_w = 490, .box_w = 28, .box_h = 21, .ofs_x = 1, .ofs_y = 0},
    {.bitmap_index = 39240, .adv_w = 468, .box_w = 26, .box_h = 21, .ofs_x = 2, .ofs_y = 0},
    {.bitmap_index = 39339, .adv_w = 352, .box_w = 21, .box_h = 21, .ofs_x = -1, .ofs_y = 0},
    {.bitmap_index = 39415, .adv_w = 318, .box_w = 18, .box_h = 27, .ofs_x = 2, .ofs_y = 0},
    {.bitmap_index = 39566, .adv_w = 335, .box_w = 17, .box_h = 27, .ofs_x = 2, .ofs_y = 0},
    {.bitmap_index = 39699, .adv_w = 273, .box_w = 17, .box_h = 27, .ofs_x = 0, .ofs_y = 0},
    {.bitmap_index = 39864, .adv_w = 337, .box_w = 17, .box_h = 26, .ofs_x = 2, .ofs_y = -5},
    {.bitmap_index = 39906, .adv_w = 306, .box_w = 19, .box_h = 21, .ofs_x = 0, .ofs_y = 0},
    {.bitmap_index = 40046, .adv_w = 307, .box_w = 16, .box_h = 21, .ofs_x = 2, .ofs_y = 0},
    {.bitmap_index = 40133, .adv_w = 307, .box_w = 16, .box_h = 21, .ofs_x = 2, .ofs_y = 0},
    {.bitmap_index = 40248, .adv_w = 273, .box_w = 14, .box_h = 21, .ofs_x = 2, .ofs_y = 0},
    {.bitmap_index = 40275, .adv_w = 350, .box_w = 20, .box_h = 26, .ofs_x = 1, .ofs_y = -5},
    {.bitmap_index = 40384, .adv_w = 283, .box_w = 14, .box_h = 21, .ofs_x = 2, .ofs_y = 0},
    {.bitmap_index = 40432, .adv_w = 483, .box_w = 30, .box_h = 21, .ofs_x = 0, .ofs_y = 0},
    {.bitmap_index = 40649, .adv_w = 287, .box_w = 16, .box_h = 21, .ofs_x = 1, .ofs_y = 0},
    {.bitmap_index = 40781, .adv_w = 335, .box_w = 17, .box_h = 21, .ofs_x = 2, .ofs_y = 0},
    {.bitmap_index = 40888, .adv_w = 335, .box_w = 17, .box_h = 27, .ofs_x = 2, .ofs_y = 0},
    {.bitmap_index = 41027, .adv_w = 318, .box_w = 18, .box_h = 21, .ofs_x = 2, .ofs_y = 0},
    {.bitmap_index = 41151, .adv_w = 337, .box_w = 18, .box_h = 21, .ofs_x = 1, .ofs_y = 0},
    {.bitmap_index = 41243, .adv_w = 387, .box_w = 20, .box_h = 21, .ofs_x = 2, .ofs_y = 0},
    {.bitmap_index = 41362, .adv_w = 337, .box_w = 17, .box_h = 21, .ofs_x = 2, .ofs_y = 0},
    {.bitmap_index = 41397, .adv_w = 353, .box_w = 20, .box_h = 21, .ofs_x = 1, .ofs_y = 0},
    {.bitmap_index = 41566, .adv_w = 337, .box_w = 17, .box_h = 21, .ofs_x = 2, .ofs_y = 0},
    {.bitmap_index = 41594, .adv_w = 270, .box_w = 14, .box_h = 21, .ofs_x = 2, .ofs_y = 0},
    {.bitmap_index = 41669, .adv_w = 313, .box_w = 18, .box_h = 21, .ofs_x = 1, .ofs_y = 0},
    {.bitmap_index = 41806, .adv_w = 274, .box_w = 19, .box_h = 21, .ofs_x = -1, .ofs_y = 0},
    {.bitmap_index = 41842, .adv_w = 273, .box_w = 17, .box_h = 21, .ofs_x = 0, .ofs_y = 0},
    {.bitmap_index = 41975, .adv_w = 386, .box_w = 22, .box_h = 21, .ofs_x = 1, .ofs_y = 0},
    {.bitmap_index = 42136, .adv_w = 307, .box_w = 19, .box_h = 21, .ofs_x = 0, .ofs_y = 0},
    {.bitmap_index = 42287, .adv_w = 348, .box_w = 19, .box_h = 26, .ofs_x = 2, .ofs_y = -5},
    {.bitmap_index = 42334, .adv_w = 307, .box_w = 15, .box_h = 21, .ofs_x = 2, .ofs_y = 0},
    {.bitmap_index = 42387, .adv_w = 479, .box_w = 26, .box_h = 21, .ofs_x = 2, .ofs_y = 0},
    {.bitmap_index = 42434, .adv_w = 490, .box_w = 28, .box_h = 26, .ofs_x = 2, .ofs_y = -5},
    {.bitmap_index = 42501, .adv_w = 373, .box_w = 22, .box_h = 21, .ofs_x = 0, .ofs_y = 0},
    {.bitmap_index = 42597, .adv_w = 395, .box_w = 20, .box_h = 21, .ofs_x = 2, .ofs_y = 0},
    {.bitmap_index = 42686, .adv_w = 307, .box_w = 16, .box_h = 21, .ofs_x = 2, .ofs_y = 0},
    {.bitmap_index = 42764, .adv_w = 313, .box_w = 17, .box_h = 21, .ofs_x = 1, .ofs_y = 0},
    {.bitmap_index = 42901, .adv_w = 484, .box_w = 27, .box_h = 21, .ofs_x = 2, .ofs_y = 0},
    {.bitmap_index = 43099, .adv_w = 311, .box_w = 16, .box_h = 21, .ofs_x = 1, .ofs_y = 0},
    {.bitmap_index = 43207, .adv_w = 275, .box_w = 14, .box_h = 16, .ofs_x = 1, .ofs_y = 0},
    {.bitmap_index = 43302, .adv_w = 276, .box_w = 15, .box_h = 23, .ofs_x = 1, .ofs_y = 0},
    {.bitmap_index = 43443, .adv_w = 264, .box_w = 13, .box_h = 16, .ofs_x = 2, .ofs_y = 0},
    {.bitmap_index = 43519, .adv_w = 235, .box_w = 12, .box_h = 16, .ofs_x = 2, .ofs_y = 0},
    {.bitmap_index = 43538, .adv_w = 310, .box_w = 17, .box_h = 20, .ofs_x = 1, .ofs_y = -4},
    {.bitmap_index = 43614, .adv_w = 276, .box_w = 15, .box_h = 16, .ofs_x = 1, .ofs_y = 0},
    {.bitmap_index = 43708, .adv_w = 404, .box_w = 25, .box_h = 16, .ofs_x = 0, .ofs_y = 0},
    {.bitmap_index = 43857, .adv_w = 238, .box_w = 13, .box_h = 16, .ofs_x = 1, .ofs_y = 0},
    {.bitmap_index = 43944, .adv_w = 291, .box_w = 14, .box_h = 16, .ofs_x = 2, .ofs_y = 0},
    {.bitmap_index = 44012, .adv_w = 291, .box_w = 14, .box_h = 22, .ofs_x = 2, .ofs_y = 0},
    {.bitmap_index = 44110, .adv_w = 271, .box_w = 14, .box_h = 16, .ofs_x = 2, .ofs_y = 0},
    {.bitmap_index = 44187, .adv_w = 286, .box_w = 15, .box_h = 16, .ofs_x = 1, .ofs_y = 0},
    {.bitmap_index = 44253, .adv_w = 338, .box_w = 17, .box_h = 16, .ofs_x = 2, .ofs_y = 0},
    {.bitmap_index = 44337, .adv_w = 293, .box_w = 14, .box_h = 16, .ofs_x = 2, .ofs_y = 0},
    {.bitmap_index = 44364, .adv_w = 274, .box_w = 15, .box_h = 16, .ofs_x = 1, .ofs_y = 0},
    {.bitmap_index = 44466, .adv_w = 293, .box_w = 14, .box_h = 16, .ofs_x = 2, .ofs_y = 0},
    {.bitmap_index = 44490, .adv_w = 284, .box_w = 15, .box_h = 22, .ofs_x = 2, .ofs_y = -6},
    {.bitmap_index = 44593, .adv_w = 246, .box_w = 13, .box_h = 16, .ofs_x = 1, .ofs_y = 0},
    {.bitmap_index = 44674, .adv_w = 261, .box_w = 16, .box_h = 16, .ofs_x = 0, .ofs_y = 0},
    {.bitmap_index = 44702, .adv_w = 265, .box_w = 16, .box_h = 22, .ofs_x = 0, .ofs_y = -6},
    {.bitmap_index = 44831, .adv_w = 383, .box_w = 22, .box_h = 27, .ofs_x = 1, .ofs_y = -6},
    {.bitmap_index = 45005, .adv_w = 265, .box_w = 16, .box_h = 16, .ofs_x = 0, .ofs_y = 0},
    {.bitmap_index = 45109, .adv_w = 305, .box_w = 16, .box_h = 20, .ofs_x = 2, .ofs_y = -4},
    {.bitmap_index = 45140, .adv_w = 265, .box_w = 12, .box_h = 16, .ofs_x = 2, .ofs_y = 0},
    {.bitmap_index = 45179, .adv_w = 410, .box_w = 22, .box_h = 16, .ofs_x = 2, .ofs_y = 0},
    {.bitmap_index = 45211, .adv_w = 422, .box_w = 24, .box_h = 20, .ofs_x = 2, .ofs_y = -4},
    {.bitmap_index = 45256, .adv_w = 317, .box_w = 19, .box_h = 16, .ofs_x = 0, .ofs_y = 0},
    {.bitmap_index = 45328, .adv_w = 354, .box_w = 18, .box_h = 16, .ofs_x = 2, .ofs_y = 0},
    {.bitmap_index = 45398, .adv_w = 264, .box_w = 13, .box_h = 16, .ofs_x = 2, .ofs_y = 0},
    {.bitmap_index = 45451, .adv_w = 246, .box_w = 13, .box_h = 16, .ofs_x = 1, .ofs_y = 0},
    {.bitmap_index = 45536, .adv_w = 377, .box_w = 21, .box_h = 16, .ofs_x = 2, .ofs_y = 0},
    {.bitmap_index = 45658, .adv_w = 270, .box_w = 14, .box_h = 16, .ofs_x = 1, .ofs_y = 0},
    {.bitmap_index = 45735, .adv_w = 276, .box_w = 15, .box_h = 24, .ofs_x = 1, .ofs_y = 0},
    {.bitmap_index = 45862, .adv_w = 276, .box_w = 15, .box_h = 22, .ofs_x = 1, .ofs_y = 0},
    {.bitmap_index = 45978, .adv_w = 280, .box_w = 16, .box_h = 28, .ofs_x = 0, .ofs_y = -6},
    {.bitmap_index = 46094, .adv_w = 235, .box_w = 12, .box_h = 23, .ofs_x = 2, .ofs_y = 0},
    {.bitmap_index = 46141, .adv_w = 246, .box_w = 13, .box_h = 16, .ofs_x = 1, .ofs_y = 0},
    {.bitmap_index = 46226, .adv_w = 233, .box_w = 13, .box_h = 16, .ofs_x = 1, .ofs_y = 0},
    {.bitmap_index = 46318, .adv_w = 124, .box_w = 4, .box_h = 22, .ofs_x = 2, .ofs_y = 0},
    {.bitmap_index = 46333, .adv_w = 124, .box_w = 9, .box_h = 22, .ofs_x = -1, .ofs_y = 0},
    {.bitmap_index = 46361, .adv_w = 124, .box_w = 7, .box_h = 28, .ofs_x = -1, .ofs_y = -6},
    {.bitmap_index = 46399, .adv_w = 404, .box_w = 23, .box_h = 16, .ofs_x = 1, .ofs_y = 0},
    {.bitmap_index = 46506, .adv_w = 403, .box_w = 22, .box_h = 16, .ofs_x = 2, .ofs_y = 0},
    {.bitmap_index = 46585, .adv_w = 292, .box_w = 16, .box_h = 22, .ofs_x = 0, .ofs_y = 0},
    {.bitmap_index = 46661, .adv_w = 271, .box_w = 14, .box_h = 23, .ofs_x = 2, .ofs_y = 0},
    {.bitmap_index = 46768, .adv_w = 291, .box_w = 14, .box_h = 23, .ofs_x = 2, .ofs_y = 0},
    {.bitmap_index = 46866, .adv_w = 265, .box_w = 16, .box_h = 28, .ofs_x = 0, .ofs_y = -6},
    {.bitmap_index = 47027, .adv_w = 293, .box_w = 14, .box_h = 20, .ofs_x = 2, .ofs_y = -4},
    {.bitmap_index = 47057, .adv_w = 273, .box_w = 14, .box_h = 25, .ofs_x = 2, .ofs_y = 0},
    {.bitmap_index = 47090, .adv_w = 235, .box_w = 12, .box_h = 20, .ofs_x = 2, .ofs_y = 0},
    {.bitmap_index = 47115, .adv_w = 145, .box_w = 4, .box_h = 7, .ofs_x = 3, .ofs_y = 0},
    {.bitmap_index = 47128, .adv_w = 142, .box_w = 4, .box_h = 18, .ofs_x = 3, .ofs_y = 0},
    {.bitmap_index = 47151, .adv_w = 238, .box_w = 11, .box_h = 21, .ofs_x = 2, .ofs_y = 0},
    {.bitmap_index = 47233, .adv_w = 211, .box_w = 9, .box_h = 13, .ofs_x = 2, .ofs_y = 1},
    {.bitmap_index = 47288, .adv_w = 124, .box_w = 11, .box_h = 26, .ofs_x = -2, .ofs_y = 0},
    {.bitmap_index = 47327, .adv_w = 124, .box_w = 6, .box_h = 29, .ofs_x = 1, .ofs_y = 0},
    {.bitmap_index = 47359, .adv_w = 216, .box_w = 14, .box_h = 24, .ofs_x = -2, .ofs_y = -7},
    {.bitmap_index = 47487, .adv_w = 124, .box_w = 6, .box_h = 28, .ofs_x = 1, .ofs_y = -7},
    {.bitmap_index = 47517, .adv_w = 351, .box_w = 20, .box_h = 21, .ofs_x = 1, .ofs_y = -4},
    {.bitmap_index = 47672, .adv_w = 124, .box_w = 4, .box_h = 21, .ofs_x = 2, .ofs_y = 0},
    {.bitmap_index = 47679, .adv_w = 422, .box_w = 24, .box_h = 15, .ofs_x = 1, .ofs_y = -5},
    {.bitmap_index = 47784, .adv_w = 235, .box_w = 12, .box_h = 16, .ofs_x = 1, .ofs_y = -1},
    {.bitmap_index = 47860, .adv_w = 422, .box_w = 24, .box_h = 12, .ofs_x = 1, .ofs_y = 0},
    {.bitmap_index = 47956, .adv_w = 422, .box_w = 24, .box_h = 15, .ofs_x = 1, .ofs_y = 0},
    {.bitmap_index = 48061, .adv_w = 289, .box_w = 17, .box_h = 20, .ofs_x = 2, .ofs_y = -8},
    {.bitmap_index = 48188, .adv_w = 289, .box_w = 17, .box_h = 19, .ofs_x = 2, .ofs_y = -7},
    {.bitmap_index = 48310, .adv_w = 289, .box_w = 17, .box_h = 24, .ofs_x = 2, .ofs_y = -7},
    {.bitmap_index = 48444, .adv_w = 200, .box_w = 10, .box_h = 12, .ofs_x = 1, .ofs_y = 0},
    {.bitmap_index = 48493, .adv_w = 200, .box_w = 10, .box_h = 17, .ofs_x = 1, .ofs_y = 0},
    {.bitmap_index = 48555, .adv_w = 216, .box_w = 14, .box_h = 15, .ofs_x = -2, .ofs_y = -7},
    {.bitmap_index = 48626, .adv_w = 216, .box_w = 14, .box_h = 20, .ofs_x = -2, .ofs_y = -7},
    {.bitmap_index = 48706, .adv_w = 547, .box_w = 31, .box_h = 18, .ofs_x = 1, .ofs_y = -7},
    {.bitmap_index = 48885, .adv_w = 547, .box_w = 31, .box_h = 24, .ofs_x = 1, .ofs_y = -7},
    {.bitmap_index = 49086, .adv_w = 542, .box_w = 31, .box_h = 17, .ofs_x = 1, .ofs_y = -7},
    {.bitmap_index = 49266, .adv_w = 542, .box_w = 31, .box_h = 20, .ofs_x = 1, .ofs_y = -7},
    {.bitmap_index = 49456, .adv_w = 414, .box_w = 24, .box_h = 21, .ofs_x = 1, .ofs_y = 0},
    {.bitmap_index = 49556, .adv_w = 414, .box_w = 24, .box_h = 21, .ofs_x = 1, .ofs_y = 0},
    {.bitmap_index = 49663, .adv_w = 267, .box_w = 16, .box_h = 22, .ofs_x = 1, .ofs_y = -7},
    {.bitmap_index = 49794, .adv_w = 267, .box_w = 16, .box_h = 26, .ofs_x = 1, .ofs_y = -7},
    {.bitmap_index = 49935, .adv_w = 131, .box_w = 10, .box_h = 3, .ofs_x = -1, .ofs_y = 0},
    {.bitmap_index = 49943, .adv_w = 464, .box_w = 26, .box_h = 20, .ofs_x = 1, .ofs_y = -1},
    {.bitmap_index = 50090, .adv_w = 348, .box_w = 19, .box_h = 24, .ofs_x = 1, .ofs_y = -6},
    {.bitmap_index = 50250, .adv_w = 369, .box_w = 20, .box_h = 21, .ofs_x = 1, .ofs_y = 0},
    {.bitmap_index = 50368, .adv_w = 326, .box_w = 17, .box_h = 26, .ofs_x = 1, .ofs_y = -5},
    {.bitmap_index = 50448, .adv_w = 277, .box_w = 15, .box_h = 17, .ofs_x = 1, .ofs_y = -7},
    {.bitmap_index = 50525, .adv_w = 329, .box_w = 17, .box_h = 18, .ofs_x = 2, .ofs_y = -5},
    {.bitmap_index = 50630, .adv_w = 235, .box_w = 12, .box_h = 11, .ofs_x = 1, .ofs_y = -1},
    {.bitmap_index = 50691, .adv_w = 216, .box_w = 14, .box_h = 16, .ofs_x = -2, .ofs_y = -7},
    {.bitmap_index = 50784, .adv_w = 351, .box_w = 20, .box_h = 16, .ofs_x = 1, .ofs_y = -4},
    {.bitmap_index = 50908, .adv_w = 351, .box_w = 20, .box_h = 19, .ofs_x = 1, .ofs_y = -7},
    {.bitmap_index = 51047, .adv_w = 0, .box_w = 8, .box_h = 8, .ofs_x = 3, .ofs_y = 16},
    {.bitmap_index = 51077, .adv_w = 0, .box_w = 8, .box_h = 8, .ofs_x = 3, .ofs_y = 17},
    {.bitmap_index = 51109, .adv_w = 0, .box_w = 8, .box_h = 7, .ofs_x = 3, .ofs_y = -7},
    {.bitmap_index = 51137, .adv_w = 0, .box_w = 8, .box_h = 4, .ofs_x = 3, .ofs_y = 16},
    {.bitmap_index = 51153, .adv_w = 0, .box_w = 8, .box_h = 8, .ofs_x = 3, .ofs_y = 17},
    {.bitmap_index = 51185, .adv_w = 0, .box_w = 8, .box_h = 4, .ofs_x = 3, .ofs_y = -4},
    {.bitmap_index = 51200, .adv_w = 0, .box_w = 10, .box_h = 8, .ofs_x = 2, .ofs_y = 17},
    {.bitmap_index = 51238, .adv_w = 0, .box_w = 8, .box_h = 8, .ofs_x = 3, .ofs_y = 17},
    {.bitmap_index = 51271, .adv_w = 241, .box_w = 4, .box_h = 4, .ofs_x = 6, .ofs_y = 6},
    {.bitmap_index = 51276, .adv_w = 241, .box_w = 7, .box_h = 18, .ofs_x = 3, .ofs_y = 0},
    {.bitmap_index = 51327, .adv_w = 241, .box_w = 13, .box_h = 18, .ofs_x = 1, .ofs_y = 0},
    {.bitmap_index = 51406, .adv_w = 241, .box_w = 14, .box_h = 18, .ofs_x = 1, .ofs_y = 0},
    {.bitmap_index = 51487, .adv_w = 241, .box_w = 11, .box_h = 19, .ofs_x = 2, .ofs_y = 0},
    {.bitmap_index = 51572, .adv_w = 241, .box_w = 13, .box_h = 18, .ofs_x = 1, .ofs_y = 0},
    {.bitmap_index = 51676, .adv_w = 241, .box_w = 13, .box_h = 18, .ofs_x = 1, .ofs_y = 0},
    {.bitmap_index = 51756, .adv_w = 241, .box_w = 15, .box_h = 18, .ofs_x = 0, .ofs_y = 0},
    {.bitmap_index = 51857, .adv_w = 241, .box_w = 15, .box_h = 18, .ofs_x = 0, .ofs_y = 0},
    {.bitmap_index = 51958, .adv_w = 241, .box_w = 13, .box_h = 18, .ofs_x = 1, .ofs_y = 0},
    {.bitmap_index = 52051, .adv_w = 422, .box_w = 24, .box_h = 17, .ofs_x = 1, .ofs_y = -7},
    {.bitmap_index = 52169, .adv_w = 289, .box_w = 17, .box_h = 19, .ofs_x = 2, .ofs_y = -7},
    {.bitmap_index = 52299, .adv_w = 216, .box_w = 15, .box_h = 24, .ofs_x = -2, .ofs_y = -7},
    {.bitmap_index = 52398, .adv_w = 401, .box_w = 25, .box_h = 23, .ofs_x = 1, .ofs_y = -1},
    {.bitmap_index = 52569, .adv_w = 401, .box_w = 25, .box_h = 27, .ofs_x = 1, .ofs_y = -1},
    {.bitmap_index = 52774, .adv_w = 351, .box_w = 20, .box_h = 16, .ofs_x = 1, .ofs_y = -4},
    {.bitmap_index = 52898, .adv_w = 224, .box_w = 12, .box_h = 3, .ofs_x = 1, .ofs_y = 7},
    {.bitmap_index = 52908, .adv_w = 448, .box_w = 26, .box_h = 3, .ofs_x = 1, .ofs_y = 7},
    {.bitmap_index = 52919, .adv_w = 142, .box_w = 5, .box_h = 7, .ofs_x = 2, .ofs_y = 14},
    {.bitmap_index = 52936, .adv_w = 142, .box_w = 5, .box_h = 7, .ofs_x = 2, .ofs_y = 14},
    {.bitmap_index = 52953, .adv_w = 142, .box_w = 5, .box_h = 7, .ofs_x = 2, .ofs_y = -3},
    {.bitmap_index = 52971, .adv_w = 232, .box_w = 10, .box_h = 7, .ofs_x = 2, .ofs_y = 14},
    {.bitmap_index = 53005, .adv_w = 232, .box_w = 10, .box_h = 7, .ofs_x = 2, .ofs_y = 14},
    {.bitmap_index = 53036, .adv_w = 232, .box_w = 10, .box_h = 7, .ofs_x = 2, .ofs_y = -3},
    {.bitmap_index = 53071, .adv_w = 264, .box_w = 9, .box_h = 9, .ofs_x = 4, .ofs_y = 6},
    {.bitmap_index = 53104, .adv_w = 448, .box_w = 22, .box_h = 4, .ofs_x = 3, .ofs_y = 0},
    {.bitmap_index = 53126, .adv_w = 375, .box_w = 21, .box_h = 13, .ofs_x = 1, .ofs_y = 2},
    {.bitmap_index = 53200, .adv_w = 375, .box_w = 13, .box_h = 21, .ofs_x = 5, .ofs_y = 0},
    {.bitmap_index = 53257, .adv_w = 375, .box_w = 22, .box_h = 13, .ofs_x = 1, .ofs_y = 2},
    {.bitmap_index = 53332, .adv_w = 375, .box_w = 13, .box_h = 22, .ofs_x = 5, .ofs_y = -1},
    {.bitmap_index = 53392, .adv_w = 647, .box_w = 38, .box_h = 21, .ofs_x = 1, .ofs_y = 0},
    {.bitmap_index = 53688, .adv_w = 345, .box_w = 22, .box_h = 22, .ofs_x = 0, .ofs_y = -4},
    {.bitmap_index = 53799, .adv_w = 402, .box_w = 23, .box_h = 22, .ofs_x = 1, .ofs_y = -1},
    {.bitmap_index = 53957, .adv_w = 375, .box_w = 15, .box_h = 16, .ofs_x = 4, .ofs_y = 2},
    {.bitmap_index = 54038, .adv_w = 375, .box_w = 17, .box_h = 22, .ofs_x = 3, .ofs_y = -1},
    {.bitmap_index = 54176, .adv_w = 448, .box_w = 28, .box_h = 29, .ofs_x = 0, .ofs_y = -4},
    {.bitmap_index = 54408, .adv_w = 504, .box_w = 32, .box_h = 25, .ofs_x = 0, .ofs_y = -2},
    {.bitmap_index = 54622, .adv_w = 448, .box_w = 28, .box_h = 29, .ofs_x = 0, .ofs_y = -4},
    {.bitmap_index = 54832, .adv_w = 336, .box_w = 21, .box_h = 29, .ofs_x = 0, .ofs_y = -4},
    {.bitmap_index = 54976, .adv_w = 448, .box_w = 28, .box_h = 29, .ofs_x = 0, .ofs_y = -4},
    {.bitmap_index = 55300, .adv_w = 504, .box_w = 32, .box_h = 32, .ofs_x = 0, .ofs_y = -5},
    {.bitmap_index = 55535, .adv_w = 448, .box_w = 28, .box_h = 27, .ofs_x = 0, .ofs_y = -3},
    {.bitmap_index = 55732, .adv_w = 448, .box_w = 28, .box_h = 29, .ofs_x = 0, .ofs_y = -4},
    {.bitmap_index = 55974, .adv_w = 448, .box_w = 29, .box_h = 25, .ofs_x = 0, .ofs_y = -2},
    {.bitmap_index = 56149, .adv_w = 448, .box_w = 31, .box_h = 31, .ofs_x = -2, .ofs_y = -5},
    {.bitmap_index = 56422, .adv_w = 392, .box_w = 25, .box_h = 29, .ofs_x = 0, .ofs_y = -4},
    {.bitmap_index = 56648, .adv_w = 448, .box_w = 28, .box_h = 29, .ofs_x = 0, .ofs_y = -4},
    {.bitmap_index = 56934, .adv_w = 422, .box_w = 24, .box_h = 17, .ofs_x = 1, .ofs_y = -7},
    {.bitmap_index = 57052, .adv_w = 440, .box_w = 27, .box_h = 17, .ofs_x = 1, .ofs_y = -7},
    {.bitmap_index = 57185, .adv_w = 125, .box_w = 8, .box_h = 15, .ofs_x = -1, .ofs_y = -7},
    {.bitmap_index = 57229, .adv_w = 135, .box_w = 10, .box_h = 15, .ofs_x = -1, .ofs_y = -7},
    {.bitmap_index = 57281, .adv_w = 289, .box_w = 17, .box_h = 19, .ofs_x = 2, .ofs_y = -7},
    {.bitmap_index = 57411, .adv_w = 289, .box_w = 17, .box_h = 19, .ofs_x = 2, .ofs_y = -7},
    {.bitmap_index = 57558, .adv_w = 277, .box_w = 17, .box_h = 18, .ofs_x = -1, .ofs_y = -7},
    {.bitmap_index = 57660, .adv_w = 289, .box_w = 20, .box_h = 18, .ofs_x = -1, .ofs_y = -7},
    {.bitmap_index = 57781, .adv_w = 216, .box_w = 15, .box_h = 24, .ofs_x = -2, .ofs_y = -7},
    {.bitmap_index = 57880, .adv_w = 247, .box_w = 18, .box_h = 24, .ofs_x = -2, .ofs_y = -7},
    {.bitmap_index = 57990, .adv_w = 401, .box_w = 25, .box_h = 23, .ofs_x = 1, .ofs_y = -1},
    {.bitmap_index = 58161, .adv_w = 401, .box_w = 27, .box_h = 24, .ofs_x = 1, .ofs_y = -2},
    {.bitmap_index = 58350, .adv_w = 213, .box_w = 15, .box_h = 22, .ofs_x = -1, .ofs_y = 0},
    {.bitmap_index = 58460, .adv_w = 247, .box_w = 17, .box_h = 22, .ofs_x = -1, .ofs_y = 0},
    {.bitmap_index = 58588, .adv_w = 401, .box_w = 25, .box_h = 27, .ofs_x = 1, .ofs_y = -1},
    {.bitmap_index = 58793, .adv_w = 401, .box_w = 27, .box_h = 28, .ofs_x = 1, .ofs_y = -2},
    {.bitmap_index = 59016, .adv_w = 213, .box_w = 15, .box_h = 26, .ofs_x = -1, .ofs_y = 0},
    {.bitmap_index = 59153, .adv_w = 247, .box_w = 17, .box_h = 26, .ofs_x = -1, .ofs_y = 0},
    {.bitmap_index = 59308, .adv_w = 351, .box_w = 20, .box_h = 16, .ofs_x = 1, .ofs_y = -4},
    {.bitmap_index = 59432, .adv_w = 373, .box_w = 23, .box_h = 11, .ofs_x = 1, .ofs_y = -4},
    {.bitmap_index = 59530, .adv_w = 125, .box_w = 8, .box_h = 13, .ofs_x = -1, .ofs_y = -5},
    {.bitmap_index = 59568, .adv_w = 135, .box_w = 10, .box_h = 13, .ofs_x = -1, .ofs_y = -5},
    {.bitmap_index = 59615, .adv_w = 131, .box_w = 9, .box_h = 8, .ofs_x = 0, .ofs_y = 16},
    {.bitmap_index = 59648, .adv_w = 131, .box_w = 10, .box_h = 24, .ofs_x = -1, .ofs_y = 0},
    {.bitmap_index = 59700, .adv_w = 131, .box_w = 9, .box_h = 8, .ofs_x = 0, .ofs_y = 17},
    {.bitmap_index = 59735, .adv_w = 117, .box_w = 7, .box_h = 5, .ofs_x = 1, .ofs_y = 0},
    {.bitmap_index = 59752, .adv_w = 131, .box_w = 9, .box_h = 7, .ofs_x = 0, .ofs_y = -7},
    {.bitmap_index = 59784, .adv_w = 131, .box_w = 9, .box_h = 4, .ofs_x = 0, .ofs_y = 16},
    {.bitmap_index = 59801, .adv_w = 131, .box_w = 10, .box_h = 20, .ofs_x = -1, .ofs_y = 0},
    {.bitmap_index = 59835, .adv_w = 131, .box_w = 9, .box_h = 8, .ofs_x = 0, .ofs_y = 17},
    {.bitmap_index = 59869, .adv_w = 131, .box_w = 10, .box_h = 25, .ofs_x = -1, .ofs_y = 0},
    {.bitmap_index = 59924, .adv_w = 131, .box_w = 9, .box_h = 4, .ofs_x = 0, .ofs_y = -4},
    {.bitmap_index = 59941, .adv_w = 131, .box_w = 10, .box_h = 7, .ofs_x = -1, .ofs_y = -4},
    {.bitmap_index = 59968, .adv_w = 131, .box_w = 10, .box_h = 8, .ofs_x = -1, .ofs_y = 17},
    {.bitmap_index = 60006, .adv_w = 131, .box_w = 10, .box_h = 25, .ofs_x = -1, .ofs_y = 0},
    {.bitmap_index = 60061, .adv_w = 131, .box_w = 8, .box_h = 8, .ofs_x = 0, .ofs_y = 17},
    {.bitmap_index = 60093, .adv_w = 131, .box_w = 10, .box_h = 25, .ofs_x = -1, .ofs_y = 0},
    {.bitmap_index = 60150, .adv_w = 211, .box_w = 9, .box_h = 13, .ofs_x = 2, .ofs_y = 1},
    {.bitmap_index = 60205, .adv_w = 124, .box_w = 11, .box_h = 26, .ofs_x = -2, .ofs_y = 0},
    {.bitmap_index = 60244, .adv_w = 137, .box_w = 11, .box_h = 26, .ofs_x = -2, .ofs_y = 0},
    {.bitmap_index = 60301, .adv_w = 124, .box_w = 6, .box_h = 30, .ofs_x = 1, .ofs_y = 0},
    {.bitmap_index = 60335, .adv_w = 137, .box_w = 8, .box_h = 30, .ofs_x = 1, .ofs_y = 0},
    {.bitmap_index = 60392, .adv_w = 216, .box_w = 14, .box_h = 24, .ofs_x = -2, .ofs_y = -7},
    {.bitmap_index = 60520, .adv_w = 231, .box_w = 17, .box_h = 24, .ofs_x = -2, .ofs_y = -7},
    {.bitmap_index = 60662, .adv_w = 124, .box_w = 6, .box_h = 28, .ofs_x = 1, .ofs_y = -7},
    {.bitmap_index = 60692, .adv_w = 137, .box_w = 8, .box_h = 28, .ofs_x = 1, .ofs_y = -7},
    {.bitmap_index = 60745, .adv_w = 351, .box_w = 20, .box_h = 21, .ofs_x = 1, .ofs_y = -4},
    {.bitmap_index = 60900, .adv_w = 373, .box_w = 23, .box_h = 18, .ofs_x = 1, .ofs_y = -4},
    {.bitmap_index = 61037, .adv_w = 125, .box_w = 8, .box_h = 18, .ofs_x = -1, .ofs_y = 0},
    {.bitmap_index = 61093, .adv_w = 135, .box_w = 10, .box_h = 18, .ofs_x = -1, .ofs_y = 0},
    {.bitmap_index = 61156, .adv_w = 124, .box_w = 4, .box_h = 21, .ofs_x = 2, .ofs_y = 0},
    {.bitmap_index = 61163, .adv_w = 137, .box_w = 7, .box_h = 21, .ofs_x = 2, .ofs_y = 0},
    {.bitmap_index = 61187, .adv_w = 422, .box_w = 24, .box_h = 15, .ofs_x = 1, .ofs_y = -5},
    {.bitmap_index = 61292, .adv_w = 440, .box_w = 27, .box_h = 15, .ofs_x = 1, .ofs_y = -5},
    {.bitmap_index = 61415, .adv_w = 125, .box_w = 7, .box_h = 13, .ofs_x = -1, .ofs_y = -5},
    {.bitmap_index = 61449, .adv_w = 135, .box_w = 10, .box_h = 13, .ofs_x = -1, .ofs_y = -5},
    {.bitmap_index = 61493, .adv_w = 235, .box_w = 12, .box_h = 16, .ofs_x = 1, .ofs_y = -1},
    {.bitmap_index = 61569, .adv_w = 240, .box_w = 15, .box_h = 15, .ofs_x = 1, .ofs_y = 0},
    {.bitmap_index = 61649, .adv_w = 422, .box_w = 24, .box_h = 12, .ofs_x = 1, .ofs_y = 0},
    {.bitmap_index = 61745, .adv_w = 440, .box_w = 27, .box_h = 12, .ofs_x = 1, .ofs_y = 0},
    {.bitmap_index = 61855, .adv_w = 125, .box_w = 8, .box_h = 14, .ofs_x = -1, .ofs_y = 0},
    {.bitmap_index = 61894, .adv_w = 135, .box_w = 10, .box_h = 14, .ofs_x = -1, .ofs_y = 0},
    {.bitmap_index = 61938, .adv_w = 422, .box_w = 24, .box_h = 15, .ofs_x = 1, .ofs_y = 0},
    {.bitmap_index = 62043, .adv_w = 440, .box_w = 27, .box_h = 15, .ofs_x = 1, .ofs_y = 0},
    {.bitmap_index = 62162, .adv_w = 125, .box_w = 8, .box_h = 18, .ofs_x = -1, .ofs_y = 0},
    {.bitmap_index = 62211, .adv_w = 135, .box_w = 10, .box_h = 18, .ofs_x = -1, .ofs_y = 0},
    {.bitmap_index = 62265, .adv_w = 289, .box_w = 17, .box_h = 20, .ofs_x = 2, .ofs_y = -8},
    {.bitmap_index = 62392, .adv_w = 289, .box_w = 17, .box_h = 19, .ofs_x = 2, .ofs_y = -7},
    {.bitmap_index = 62532, .adv_w = 277, .box_w = 17, .box_h = 16, .ofs_x = -1, .ofs_y = -5},
    {.bitmap_index = 62622, .adv_w = 289, .box_w = 20, .box_h = 16, .ofs_x = -1, .ofs_y = -5},
    {.bitmap_index = 62732, .adv_w = 289, .box_w = 17, .box_h = 19, .ofs_x = 2, .ofs_y = -7},
    {.bitmap_index = 62854, .adv_w = 289, .box_w = 17, .box_h = 19, .ofs_x = 2, .ofs_y = -7},
    {.bitmap_index = 62989, .adv_w = 277, .box_w = 17, .box_h = 11, .ofs_x = -1, .ofs_y = 0},
    {.bitmap_index = 63064, .adv_w = 289, .box_w = 20, .box_h = 11, .ofs_x = -1, .ofs_y = 0},
    {.bitmap_index = 63155, .adv_w = 289, .box_w = 17, .box_h = 24, .ofs_x = 2, .ofs_y = -7},
    {.bitmap_index = 63289, .adv_w = 289, .box_w = 17, .box_h = 24, .ofs_x = 2, .ofs_y = -7},
    {.bitmap_index = 63436, .adv_w = 277, .box_w = 17, .box_h = 16, .ofs_x = -1, .ofs_y = 0},
    {.bitmap_index = 63525, .adv_w = 289, .box_w = 20, .box_h = 16, .ofs_x = -1, .ofs_y = 0},
    {.bitmap_index = 63630, .adv_w = 200, .box_w = 10, .box_h = 12, .ofs_x = 1, .ofs_y = 0},
    {.bitmap_index = 63679, .adv_w = 235, .box_w = 14, .box_h = 12, .ofs_x = 1, .ofs_y = 0},
    {.bitmap_index = 63739, .adv_w = 200, .box_w = 10, .box_h = 17, .ofs_x = 1, .ofs_y = 0},
    {.bitmap_index = 63801, .adv_w = 235, .box_w = 14, .box_h = 17, .ofs_x = 1, .ofs_y = 0},
    {.bitmap_index = 63874, .adv_w = 216, .box_w = 14, .box_h = 15, .ofs_x = -2, .ofs_y = -7},
    {.bitmap_index = 63945, .adv_w = 247, .box_w = 18, .box_h = 15, .ofs_x = -2, .ofs_y = -7},
    {.bitmap_index = 64032, .adv_w = 216, .box_w = 14, .box_h = 20, .ofs_x = -2, .ofs_y = -7},
    {.bitmap_index = 64112, .adv_w = 247, .box_w = 18, .box_h = 20, .ofs_x = -2, .ofs_y = -7},
    {.bitmap_index = 64208, .adv_w = 547, .box_w = 31, .box_h = 18, .ofs_x = 1, .ofs_y = -7},
    {.bitmap_index = 64387, .adv_w = 571, .box_w = 35, .box_h = 18, .ofs_x = 1, .ofs_y = -7},
    {.bitmap_index = 64577, .adv_w = 375, .box_w = 23, .box_h = 11, .ofs_x = -1, .ofs_y = 0},
    {.bitmap_index = 64674, .adv_w = 400, .box_w = 27, .box_h = 11, .ofs_x = -1, .ofs_y = 0},
    {.bitmap_index = 64780, .adv_w = 547, .box_w = 31, .box_h = 24, .ofs_x = 1, .ofs_y = -7},
    {.bitmap_index = 64981, .adv_w = 571, .box_w = 35, .box_h = 24, .ofs_x = 1, .ofs_y = -7},
    {.bitmap_index = 65190, .adv_w = 375, .box_w = 23, .box_h = 17, .ofs_x = -1, .ofs_y = 0},
    {.bitmap_index = 65306, .adv_w = 400, .box_w = 27, .box_h = 17, .ofs_x = -1, .ofs_y = 0},
    {.bitmap_index = 65430, .adv_w = 542, .box_w = 31, .box_h = 17, .ofs_x = 1, .ofs_y = -7},
    {.bitmap_index = 65610, .adv_w = 549, .box_w = 34, .box_h = 17, .ofs_x = 1, .ofs_y = -7},
    {.bitmap_index = 65799, .adv_w = 380, .box_w = 23, .box_h = 10, .ofs_x = -1, .ofs_y = 0},
    {.bitmap_index = 65895, .adv_w = 389, .box_w = 26, .box_h = 10, .ofs_x = -1, .ofs_y = 0},
    {.bitmap_index = 65998, .adv_w = 542, .box_w = 31, .box_h = 20, .ofs_x = 1, .ofs_y = -7},
    {.bitmap_index = 66188, .adv_w = 549, .box_w = 34, .box_h = 20, .ofs_x = 1, .ofs_y = -7},
    {.bitmap_index = 66386, .adv_w = 380, .box_w = 23, .box_h = 13, .ofs_x = -1, .ofs_y = 0},
    {.bitmap_index = 66490, .adv_w = 389, .box_w = 26, .box_h = 13, .ofs_x = -1, .ofs_y = 0},
    {.bitmap_index = 66601, .adv_w = 414, .box_w = 24, .box_h = 21, .ofs_x = 1, .ofs_y = 0},
    {.bitmap_index = 66701, .adv_w = 425, .box_w = 26, .box_h = 21, .ofs_x = 1, .ofs_y = 0},
    {.bitmap_index = 66808, .adv_w = 357, .box_w = 22, .box_h = 21, .ofs_x = -1, .ofs_y = 0},
    {.bitmap_index = 66906, .adv_w = 368, .box_w = 25, .box_h = 21, .ofs_x = -1, .ofs_y = 0},
    {.bitmap_index = 67013, .adv_w = 414, .box_w = 24, .box_h = 21, .ofs_x = 1, .ofs_y = 0},
    {.bitmap_index = 67120, .adv_w = 425, .box_w = 26, .box_h = 21, .ofs_x = 1, .ofs_y = 0},
    {.bitmap_index = 67233, .adv_w = 357, .box_w = 22, .box_h = 21, .ofs_x = -1, .ofs_y = 0},
    {.bitmap_index = 67335, .adv_w = 368, .box_w = 25, .box_h = 21, .ofs_x = -1, .ofs_y = 0},
    {.bitmap_index = 67448, .adv_w = 267, .box_w = 16, .box_h = 22, .ofs_x = 1, .ofs_y = -7},
    {.bitmap_index = 67579, .adv_w = 238, .box_w = 16, .box_h = 18, .ofs_x = 1, .ofs_y = -7},
    {.bitmap_index = 67700, .adv_w = 267, .box_w = 15, .box_h = 15, .ofs_x = -1, .ofs_y = 0},
    {.bitmap_index = 67783, .adv_w = 216, .box_w = 15, .box_h = 11, .ofs_x = -1, .ofs_y = 0},
    {.bitmap_index = 67854, .adv_w = 267, .box_w = 16, .box_h = 26, .ofs_x = 1, .ofs_y = -7},
    {.bitmap_index = 67995, .adv_w = 238, .box_w = 16, .box_h = 23, .ofs_x = 1, .ofs_y = -7},
    {.bitmap_index = 68129, .adv_w = 234, .box_w = 15, .box_h = 19, .ofs_x = -1, .ofs_y = 0},
    {.bitmap_index = 68223, .adv_w = 216, .box_w = 15, .box_h = 16, .ofs_x = -1, .ofs_y = 0},
    {.bitmap_index = 68307, .adv_w = 464, .box_w = 26, .box_h = 20, .ofs_x = 1, .ofs_y = -1},
    {.bitmap_index = 68454, .adv_w = 464, .box_w = 29, .box_h = 18, .ofs_x = 1, .ofs_y = -2},
    {.bitmap_index = 68601, .adv_w = 214, .box_w = 13, .box_h = 18, .ofs_x = -1, .ofs_y = 0},
    {.bitmap_index = 68690, .adv_w = 227, .box_w = 16, .box_h = 16, .ofs_x = -1, .ofs_y = 0},
    {.bitmap_index = 68765, .adv_w = 348, .box_w = 19, .box_h = 24, .ofs_x = 1, .ofs_y = -6},
    {.bitmap_index = 68925, .adv_w = 374, .box_w = 23, .box_h = 21, .ofs_x = 1, .ofs_y = -7},
    {.bitmap_index = 69083, .adv_w = 214, .box_w = 13, .box_h = 18, .ofs_x = -1, .ofs_y = 0},
    {.bitmap_index = 69176, .adv_w = 227, .box_w = 16, .box_h = 16, .ofs_x = -1, .ofs_y = 0},
    {.bitmap_index = 69253, .adv_w = 369, .box_w = 20, .box_h = 21, .ofs_x = 1, .ofs_y = 0},
    {.bitmap_index = 69371, .adv_w = 378, .box_w = 23, .box_h = 21, .ofs_x = 1, .ofs_y = 0},
    {.bitmap_index = 69493, .adv_w = 213, .box_w = 15, .box_h = 22, .ofs_x = -1, .ofs_y = 0},
    {.bitmap_index = 69603, .adv_w = 247, .box_w = 17, .box_h = 22, .ofs_x = -1, .ofs_y = 0},
    {.bitmap_index = 69731, .adv_w = 326, .box_w = 17, .box_h = 26, .ofs_x = 1, .ofs_y = -5},
    {.bitmap_index = 69811, .adv_w = 339, .box_w = 21, .box_h = 26, .ofs_x = 1, .ofs_y = -5},
    {.bitmap_index = 69910, .adv_w = 137, .box_w = 7, .box_h = 21, .ofs_x = -1, .ofs_y = 0},
    {.bitmap_index = 69935, .adv_w = 148, .box_w = 11, .box_h = 21, .ofs_x = -1, .ofs_y = 0},
    {.bitmap_index = 69970, .adv_w = 277, .box_w = 15, .box_h = 17, .ofs_x = 1, .ofs_y = -7},
    {.bitmap_index = 70047, .adv_w = 298, .box_w = 18, .box_h = 16, .ofs_x = 1, .ofs_y = -7},
    {.bitmap_index = 70135, .adv_w = 240, .box_w = 14, .box_h = 9, .ofs_x = -1, .ofs_y = 0},
    {.bitmap_index = 70193, .adv_w = 259, .box_w = 18, .box_h = 9, .ofs_x = -1, .ofs_y = 0},
    {.bitmap_index = 70260, .adv_w = 329, .box_w = 17, .box_h = 18, .ofs_x = 2, .ofs_y = -5},
    {.bitmap_index = 70365, .adv_w = 341, .box_w = 20, .box_h = 17, .ofs_x = 2, .ofs_y = -7},
    {.bitmap_index = 70483, .adv_w = 125, .box_w = 7, .box_h = 14, .ofs_x = -1, .ofs_y = 0},
    {.bitmap_index = 70518, .adv_w = 135, .box_w = 10, .box_h = 14, .ofs_x = -1, .ofs_y = 0},
    {.bitmap_index = 70559, .adv_w = 235, .box_w = 12, .box_h = 11, .ofs_x = 1, .ofs_y = -1},
    {.bitmap_index = 70620, .adv_w = 240, .box_w = 15, .box_h = 11, .ofs_x = 1, .ofs_y = 0},
    {.bitmap_index = 70689, .adv_w = 236, .box_w = 15, .box_h = 15, .ofs_x = -1, .ofs_y = -1},
    {.bitmap_index = 70781, .adv_w = 207, .box_w = 15, .box_h = 17, .ofs_x = -1, .ofs_y = -7},
    {.bitmap_index = 70883, .adv_w = 216, .box_w = 14, .box_h = 16, .ofs_x = -2, .ofs_y = -7},
    {.bitmap_index = 70976, .adv_w = 231, .box_w = 17, .box_h = 16, .ofs_x = -2, .ofs_y = -7},
    {.bitmap_index = 71081, .adv_w = 351, .box_w = 20, .box_h = 16, .ofs_x = 1, .ofs_y = -4},
    {.bitmap_index = 71205, .adv_w = 373, .box_w = 23, .box_h = 11, .ofs_x = 1, .ofs_y = -4},
    {.bitmap_index = 71303, .adv_w = 351, .box_w = 20, .box_h = 19, .ofs_x = 1, .ofs_y = -7},
    {.bitmap_index = 71442, .adv_w = 373, .box_w = 23, .box_h = 14, .ofs_x = 1, .ofs_y = -7},
    {.bitmap_index = 71555, .adv_w = 125, .box_w = 8, .box_h = 13, .ofs_x = -1, .ofs_y = -5},
    {.bitmap_index = 71593, .adv_w = 135, .box_w = 10, .box_h = 13, .ofs_x = -1, .ofs_y = -5},
    {.bitmap_index = 71640, .adv_w = 256, .box_w = 17, .box_h = 25, .ofs_x = -3, .ofs_y = 0},
    {.bitmap_index = 71782, .adv_w = 267, .box_w = 20, .box_h = 25, .ofs_x = -3, .ofs_y = 0},
    {.bitmap_index = 71942, .adv_w = 256, .box_w = 15, .box_h = 28, .ofs_x = -1, .ofs_y = 0},
    {.bitmap_index = 72083, .adv_w = 267, .box_w = 18, .box_h = 28, .ofs_x = -1, .ofs_y = 0},
    {.bitmap_index = 72246, .adv_w = 256, .box_w = 14, .box_h = 28, .ofs_x = 0, .ofs_y = -7},
    {.bitmap_index = 72379, .adv_w = 267, .box_w = 17, .box_h = 28, .ofs_x = 0, .ofs_y = -7},
    {.bitmap_index = 72539, .adv_w = 256, .box_w = 13, .box_h = 21, .ofs_x = 1, .ofs_y = 0},
    {.bitmap_index = 72637, .adv_w = 267, .box_w = 16, .box_h = 21, .ofs_x = 1, .ofs_y = 0}
};

/*---------------------
 *  CHARACTER MAPPING
 *--------------------*/

static const uint8_t glyph_id_ofs_list_2[] = {
    0, 1, 2, 3, 4, 5, 6, 0,
    7
};

static const uint16_t unicode_list_6[] = {
    0x0, 0x1, 0x17c, 0x18b, 0x18f
};

static const uint16_t unicode_list_10[] = {
    0x0, 0x8, 0x1a, 0x2b, 0x31, 0x4e, 0x1995, 0x1996,
    0x199a, 0x199b, 0x199c, 0x199e, 0x199f, 0x19a0, 0x19a4, 0x19a8,
    0x1b12, 0x1b13, 0x1b14, 0x1b15, 0x1caa, 0x1f38, 0x2022, 0x2095,
    0x2099, 0xe9dc, 0xea6f, 0xeab0, 0xeade, 0xeb4f, 0xeb5a, 0xeb60,
    0xec5d, 0xec77, 0xec7b, 0xef12, 0xef7f, 0xf4d8, 0xf4d9, 0xf4da,
    0xf4db, 0xf4fc, 0xf4fd, 0xf4fe, 0xf4ff, 0xf50c, 0xf50d, 0xf510,
    0xf511, 0xf512, 0xf513, 0xf514, 0xf515, 0xf516, 0xf517, 0xf57e,
    0xf57f, 0xf580, 0xf581, 0xf7f2, 0xf7f3, 0xf7f4, 0xf7f5, 0xf7f6
};

/*Collect the unicode lists and glyph_id offsets*/
static const lv_font_fmt_txt_cmap_t cmaps[] =
{
    {
        .range_start = 32, .range_length = 95, .glyph_id_start = 1,
        .unicode_list = NULL, .glyph_id_ofs_list = NULL, .list_length = 0, .type = LV_FONT_FMT_TXT_CMAP_FORMAT0_TINY
    },
    {
        .range_start = 160, .range_length = 224, .glyph_id_start = 96,
        .unicode_list = NULL, .glyph_id_ofs_list = NULL, .list_length = 0, .type = LV_FONT_FMT_TXT_CMAP_FORMAT0_TINY
    },
    {
        .range_start = 900, .range_length = 9, .glyph_id_start = 320,
        .unicode_list = NULL, .glyph_id_ofs_list = glyph_id_ofs_list_2, .list_length = 9, .type = LV_FONT_FMT_TXT_CMAP_FORMAT0_FULL
    },
    {
        .range_start = 910, .range_length = 20, .glyph_id_start = 328,
        .unicode_list = NULL, .glyph_id_ofs_list = NULL, .list_length = 0, .type = LV_FONT_FMT_TXT_CMAP_FORMAT0_TINY
    },
    {
        .range_start = 931, .range_length = 44, .glyph_id_start = 348,
        .unicode_list = NULL, .glyph_id_ofs_list = NULL, .list_length = 0, .type = LV_FONT_FMT_TXT_CMAP_FORMAT0_TINY
    },
    {
        .range_start = 1024, .range_length = 96, .glyph_id_start = 392,
        .unicode_list = NULL, .glyph_id_ofs_list = NULL, .list_length = 0, .type = LV_FONT_FMT_TXT_CMAP_FORMAT0_TINY
    },
    {
        .range_start = 1168, .range_length = 400, .glyph_id_start = 488,
        .unicode_list = unicode_list_6, .glyph_id_ofs_list = NULL, .list_length = 5, .type = LV_FONT_FMT_TXT_CMAP_SPARSE_TINY
    },
    {
        .range_start = 1569, .range_length = 26, .glyph_id_start = 493,
        .unicode_list = NULL, .glyph_id_ofs_list = NULL, .list_length = 0, .type = LV_FONT_FMT_TXT_CMAP_FORMAT0_TINY
    },
    {
        .range_start = 1600, .range_length = 19, .glyph_id_start = 519,
        .unicode_list = NULL, .glyph_id_ofs_list = NULL, .list_length = 0, .type = LV_FONT_FMT_TXT_CMAP_FORMAT0_TINY
    },
    {
        .range_start = 1632, .range_length = 10, .glyph_id_start = 538,
        .unicode_list = NULL, .glyph_id_ofs_list = NULL, .list_length = 0, .type = LV_FONT_FMT_TXT_CMAP_FORMAT0_TINY
    },
    {
        .range_start = 1662, .range_length = 63479, .glyph_id_start = 548,
        .unicode_list = unicode_list_10, .glyph_id_ofs_list = NULL, .list_length = 64, .type = LV_FONT_FMT_TXT_CMAP_SPARSE_TINY
    },
    {
        .range_start = 65142, .range_length = 135, .glyph_id_start = 612,
        .unicode_list = NULL, .glyph_id_ofs_list = NULL, .list_length = 0, .type = LV_FONT_FMT_TXT_CMAP_FORMAT0_TINY
    }
};



/*--------------------
 *  ALL CUSTOM DATA
 *--------------------*/

#if LVGL_VERSION_MAJOR == 8
/*Store all the custom data of the font*/
static  lv_font_fmt_txt_glyph_cache_t cache;
#endif

#if LVGL_VERSION_MAJOR >= 8
static const lv_font_fmt_txt_dsc_t font_dsc = {
#else
static lv_font_fmt_txt_dsc_t font_dsc = {
#endif
    .glyph_bitmap = glyph_bitmap,
    .glyph_dsc = glyph_dsc,
    .cmaps = cmaps,
    .kern_dsc = NULL,
    .kern_scale = 0,
    .cmap_num = 12,
    .bpp = 4,
    .kern_classes = 0,
    .bitmap_format = 1,
#if LVGL_VERSION_MAJOR == 8
    .cache = &cache
#endif
};



/*-----------------
 *  PUBLIC FONT
 *----------------*/

/*Initialize a public general font descriptor*/
#if LVGL_VERSION_MAJOR >= 8
const lv_font_t orm_font_28 = {
#else
lv_font_t orm_font_28 = {
#endif
    .get_glyph_dsc = lv_font_get_glyph_dsc_fmt_txt,    /*Function pointer to get glyph's data*/
    .get_glyph_bitmap = lv_font_get_bitmap_fmt_txt,    /*Function pointer to get glyph's bitmap*/
    .line_height = 38,          /*The maximum line height required by the font*/
    .base_line = 8,             /*Baseline measured from the bottom of the line*/
#if !(LVGL_VERSION_MAJOR == 6 && LVGL_VERSION_MINOR == 0)
    .subpx = LV_FONT_SUBPX_NONE,
#endif
#if LV_VERSION_CHECK(7, 4, 0) || LVGL_VERSION_MAJOR >= 8
    .underline_position = -1,
    .underline_thickness = 1,
#endif
    .dsc = &font_dsc,          /*The custom font data. Will be accessed by `get_glyph_bitmap/dsc` */
#if LV_VERSION_CHECK(8, 2, 0) || LVGL_VERSION_MAJOR >= 9
    .fallback = NULL,
#endif
    .user_data = NULL,
};



#endif /*#if ORM_FONT_28*/
