/* Generated by tools/mkfonts.sh, do not edit. Rendered from DejaVu Sans 2.37
 * (Bitstream Vera and Arev licenses, tools/fonts/DejaVuSans-LICENSE.txt) and icons of
 * Font Awesome 7.3.1 Free Solid (SIL OFL 1.1, tools/fonts/fontawesome/LICENSE.txt). */
/*******************************************************************************
 * Size: 20 px
 * Bpp: 4
 * Opts: --bpp 4 --size 20 --format lvgl --font tools/fonts/DejaVuSans.ttf -r 0x20-0x7E,0xA0-0x17F,0x384-0x38A,0x38C,0x38E-0x3A1,0x3A3-0x3CE,0x400-0x45F,0x490-0x491,0x60C,0x61B,0x61F,0x621-0x652,0x660-0x669,0x67E,0x686,0x698,0x6A9,0x6AF,0x6CC,0xFB56-0xFB59,0xFB7A-0xFB7D,0xFB8A-0xFB8B,0xFB8E-0xFB95,0xFBFC-0xFBFF,0xFE70-0xFEFC,0x2013-0x2014,0x2018-0x201A,0x201C-0x201E,0x2022,0x2026,0x2190-0x2193,0x2328,0x2713,0x2717,0x26A0,0x25B6 --font tools/fonts/fontawesome/fa-solid-900.ttf -r 0xF2F9,0xF15C,0xF1D8,0xF12E,0xF0ED,0xF1DE,0xF1CD,0xF2DB,0xF5FD,0xF590,0xF05A,0xF2F5 --lv-include lvgl.h --lv-font-name orm_font_20 -o src/fonts/orm_font_20.c.tmp
 ******************************************************************************/

#ifdef LV_LVGL_H_INCLUDE_SIMPLE
#include "lvgl.h"
#else
#include "lvgl.h"
#endif

#ifndef ORM_FONT_20
#define ORM_FONT_20 1
#endif

#if ORM_FONT_20

/*-----------------
 *    BITMAPS
 *----------------*/

/*Store the image of the glyphs*/
static LV_ATTRIBUTE_LARGE_CONST const uint8_t glyph_bitmap[] = {
    /* U+0020 " " */

    /* U+0021 "!" */
    0xff, 0x0, 0x7f, 0xf0, 0x4, 0x46, 0x8, 0xf3,
    0x26, 0x79, 0x80, 0x0,

    /* U+0022 "\"" */
    0x1f, 0x90, 0x6f, 0x40, 0xf, 0xfe, 0x80, 0xd5,
    0x83, 0xd2, 0x80,

    /* U+0023 "#" */
    0x0, 0xf7, 0xd0, 0x2, 0x3c, 0x40, 0x3e, 0x30,
    0xf0, 0x2, 0x18, 0x80, 0x7c, 0x80, 0x80, 0x3,
    0x40, 0xe, 0x22, 0xb0, 0x4c, 0x98, 0x38, 0x88,
    0x0, 0x5d, 0xd9, 0x7, 0x75, 0x21, 0x3b, 0xa3,
    0x4, 0xaa, 0x38, 0x3d, 0x50, 0x4e, 0xaa, 0x20,
    0x15, 0x57, 0x84, 0xaa, 0x85, 0x15, 0x61, 0x0,
    0xd8, 0x22, 0x4, 0xc, 0x0, 0xc2, 0x45, 0x2a,
    0x88, 0x98, 0xe, 0x44, 0x0, 0x36, 0xec, 0x29,
    0xba, 0x70, 0xcd, 0xd0, 0x82, 0xd5, 0x14, 0x26,
    0xa8, 0xb, 0x55, 0x8, 0x12, 0xa8, 0x49, 0x94,
    0x43, 0x95, 0x60, 0xe, 0x44, 0x0, 0x30, 0x10,
    0x3, 0xe4, 0xd, 0x0, 0x2a, 0x0, 0x78,

    /* U+0024 "$" */
    0x0, 0xc7, 0x80, 0x1f, 0xfc, 0x68, 0xec, 0x3f,
    0xeb, 0x10, 0x6, 0x3a, 0x41, 0x53, 0x29, 0x81,
    0x99, 0x69, 0x5, 0x63, 0x88, 0x1c, 0x8, 0x3,
    0xf3, 0x2, 0x88, 0x7, 0xc4, 0xc5, 0xde, 0x2a,
    0x20, 0x1a, 0x64, 0x66, 0x2a, 0xe8, 0x0, 0xcd,
    0x98, 0x28, 0x17, 0x90, 0xf, 0xb, 0xf8, 0x30,
    0x7, 0xe1, 0x30, 0x1, 0x98, 0x3, 0x88, 0xc8,
    0x1b, 0x30, 0xf6, 0x31, 0x81, 0x0, 0xb2, 0xf4,
    0xe4, 0xcb, 0x6a, 0x0, 0x6b, 0xdc, 0x3e, 0xb4,
    0x0, 0xff, 0xe6, 0x0,

    /* U+0025 "%" */
    0x5, 0xdf, 0xc4, 0x0, 0xe1, 0xf8, 0x0, 0x92,
    0x92, 0xda, 0xcc, 0x3, 0x51, 0x40, 0x5, 0xe5,
    0x29, 0x43, 0x20, 0x12, 0xa7, 0x0, 0x66, 0x70,
    0x8, 0x98, 0x0, 0x36, 0xe6, 0x1, 0x85, 0x80,
    0x21, 0x70, 0x5, 0x9c, 0x0, 0x75, 0x1a, 0x8b,
    0x97, 0x2, 0x2c, 0x80, 0x79, 0x99, 0x5d, 0xe,
    0xa1, 0x4c, 0x8b, 0xbf, 0xaa, 0x0, 0x9f, 0xdf,
    0x80, 0x90, 0x92, 0xa7, 0xb7, 0xa3, 0x0, 0x88,
    0x0, 0x8d, 0x41, 0x61, 0x49, 0x43, 0x20, 0x1e,
    0x95, 0x40, 0x53, 0x0, 0x95, 0xc0, 0x3a, 0x4e,
    0xc0, 0x3f, 0xf8, 0x26, 0xd6, 0x20, 0x5, 0x30,
    0x9, 0x5c, 0x3, 0x72, 0x28, 0x5, 0x61, 0x49,
    0x43, 0x20, 0x14, 0x15, 0x0, 0x62, 0xb7, 0xb7,
    0xa3,

    /* U+0026 "&" */
    0x0, 0x9b, 0x3f, 0xb2, 0x0, 0x3e, 0x89, 0x26,
    0x70, 0x72, 0x0, 0xf3, 0x87, 0xcc, 0xb3, 0x88,
    0x3, 0xe2, 0x10, 0x8, 0x40, 0x3e, 0x52, 0x50,
    0xf, 0xfb, 0x2, 0x94, 0x3, 0xf9, 0xa6, 0x16,
    0x98, 0x3, 0x35, 0x91, 0x25, 0x5e, 0x96, 0x5c,
    0x2, 0xd4, 0x3b, 0xe, 0x0, 0x52, 0x44, 0x0,
    0x8, 0x81, 0x20, 0x60, 0xa, 0xd1, 0xe5, 0xc3,
    0xc0, 0x81, 0x0, 0x35, 0xa3, 0x42, 0xa0, 0x50,
    0x4a, 0x0, 0x6d, 0x0, 0xe3, 0x80, 0xbc, 0x9a,
    0xd9, 0x44, 0x2c, 0x80, 0x1f, 0x14, 0x99, 0x1a,
    0xae, 0xc4, 0xd0,

    /* U+0027 "'" */
    0x1f, 0x90, 0xf, 0xfe, 0x0, 0xd5, 0x80,

    /* U+0028 "(" */
    0x0, 0xab, 0x80, 0x23, 0x58, 0x0, 0xa0, 0x58,
    0x0, 0x48, 0xe0, 0x15, 0x85, 0x0, 0x48, 0x6,
    0x0, 0x12, 0x30, 0x8, 0xc1, 0xc0, 0x26, 0x1,
    0x0, 0x9c, 0x3, 0x84, 0x18, 0x2, 0x20, 0x20,
    0xc, 0x82, 0x40, 0x16, 0x82, 0x0, 0x4c, 0x34,
    0x1, 0x98, 0xc8, 0x2, 0x81, 0x80, 0xd, 0x5a,
    0x0,

    /* U+0029 ")" */
    0x2f, 0x70, 0x8, 0x9a, 0x4, 0x2, 0xb0, 0x90,
    0x8, 0x8d, 0x80, 0x35, 0xa, 0x80, 0x4a, 0x18,
    0x1, 0x18, 0x20, 0x6, 0x12, 0x0, 0xc6, 0x1,
    0xff, 0x10, 0x80, 0x42, 0xa, 0x1, 0x20, 0x60,
    0x5, 0x80, 0xa0, 0x13, 0x99, 0x0, 0x14, 0x60,
    0x2, 0x84, 0x40, 0x0, 0x96, 0x40, 0x20,

    /* U+002A "*" */
    0x0, 0xd3, 0x20, 0xe, 0x10, 0xf, 0x8, 0x17,
    0x40, 0x6, 0x8e, 0x22, 0x70, 0xf2, 0xab, 0x8b,
    0x48, 0x6, 0x6c, 0xcd, 0x14, 0x40, 0x2, 0xa8,
    0x33, 0x5d, 0x10, 0x16, 0xec, 0xaa, 0xdd, 0x88,
    0x9c, 0xe0, 0x19, 0xf8, 0x80, 0x40, 0x2, 0x20,
    0x0, 0x80,

    /* U+002B "+" */
    0x0, 0xe2, 0x51, 0x0, 0xff, 0x2d, 0x10, 0x7,
    0xff, 0xb7, 0xbf, 0xf4, 0x6, 0x7f, 0xea, 0x65,
    0x5c, 0x60, 0x8a, 0xbb, 0x22, 0xab, 0x58, 0x45,
    0x56, 0x60, 0xf, 0xff, 0x40,

    /* U+002C "," */
    0x7, 0xb4, 0xd, 0x42, 0x6, 0x4, 0x13, 0x62,
    0x40, 0x80,

    /* U+002D "-" */
    0x9, 0x9e, 0x20, 0x66, 0xe1,

    /* U+002E "." */
    0x67, 0x1b, 0x82, 0x0, 0x80,

    /* U+002F "/" */
    0x0, 0xc3, 0xf2, 0x1, 0x9c, 0x34, 0x3, 0x68,
    0xa0, 0x6, 0x47, 0x0, 0xca, 0x1a, 0x1, 0xbc,
    0x10, 0x3, 0x2a, 0x80, 0x32, 0x7, 0x80, 0x6d,
    0x5, 0x0, 0xce, 0x80, 0x19, 0x7, 0x40, 0x36,
    0x83, 0x80, 0x67, 0x31, 0x0, 0x8c, 0x6c, 0x3,
    0x58, 0x28, 0x6, 0x52, 0x20, 0x6,

    /* U+0030 "0" */
    0x0, 0x15, 0x77, 0xec, 0x0, 0x62, 0xc5, 0x53,
    0xb, 0xe0, 0x5, 0xc3, 0x37, 0x38, 0xa6, 0xe0,
    0x67, 0x30, 0x5, 0x61, 0x20, 0x80, 0x80, 0x18,
    0x4c, 0x4b, 0x83, 0x40, 0x39, 0x81, 0x8c, 0x3,
    0xe3, 0x1, 0x0, 0xff, 0x8c, 0x3, 0xe3, 0x1,
    0xe0, 0xd0, 0xe, 0x60, 0x64, 0x4, 0x0, 0xc2,
    0x62, 0x46, 0x72, 0x80, 0x56, 0x12, 0x0, 0xe0,
    0xab, 0x8c, 0x53, 0x70, 0x1, 0x6a, 0xa9, 0xc5,
    0xf0, 0x0,

    /* U+0031 "1" */
    0x59, 0xcf, 0xf5, 0x0, 0x52, 0xc6, 0x40, 0x1d,
    0x1b, 0xf2, 0x1, 0xc8, 0x40, 0x1f, 0xff, 0xf0,
    0xc, 0xb5, 0x4f, 0x7, 0xaa, 0x46, 0xaa, 0x90,
    0x9, 0x54, 0xc0,

    /* U+0032 "2" */
    0x5, 0xad, 0xff, 0x63, 0x0, 0x1e, 0x94, 0x54,
    0xcd, 0x36, 0x5, 0x3f, 0x95, 0x9a, 0x28, 0xaa,
    0x60, 0xc, 0x52, 0x18, 0x1, 0xf0, 0x80, 0x7f,
    0x50, 0x68, 0x7, 0xa0, 0xd5, 0x0, 0x39, 0x9c,
    0xe8, 0x3, 0x9e, 0x4f, 0x40, 0x3a, 0x20, 0x78,
    0x20, 0x1a, 0x1d, 0x30, 0x3, 0xa5, 0xd2, 0xc0,
    0x39, 0xd8, 0x6, 0xab, 0x9f, 0xc0, 0xa, 0xbe,
    0xc0,

    /* U+0033 "3" */
    0x7, 0xbe, 0xfe, 0xc7, 0x10, 0xa, 0x14, 0x95,
    0x45, 0x1e, 0x20, 0xe, 0xe6, 0x55, 0xf2, 0x8c,
    0x0, 0x4, 0x3, 0xa4, 0x8, 0x3, 0xf5, 0x1,
    0x0, 0x69, 0x95, 0x6b, 0x14, 0x0, 0x66, 0x62,
    0x92, 0x60, 0x80, 0x6f, 0xf7, 0x52, 0xf9, 0x80,
    0x78, 0x57, 0x7, 0x80, 0x3f, 0x10, 0x90, 0x80,
    0x7e, 0x10, 0x13, 0x20, 0xc, 0x34, 0x6, 0x9,
    0xba, 0xba, 0xce, 0x51, 0xe0, 0x57, 0x15, 0x51,
    0x9a, 0x3c, 0x80,

    /* U+0034 "4" */
    0x0, 0xf2, 0x7f, 0xa0, 0x3, 0xe1, 0xa0, 0xf,
    0xf5, 0x83, 0x80, 0x7e, 0x65, 0xaf, 0x0, 0xf8,
    0xa5, 0x90, 0x3, 0xf7, 0xc, 0x80, 0x7e, 0x73,
    0xa0, 0xf, 0xc5, 0xc, 0x80, 0x1f, 0xbc, 0xa4,
    0x3, 0xf8, 0x89, 0xff, 0xa0, 0x1f, 0xe4, 0x19,
    0xbc, 0x60, 0x6d, 0x81, 0x33, 0xeb, 0x4, 0x95,
    0x0, 0xff, 0xe6, 0x0,

    /* U+0035 "5" */
    0xd, 0xff, 0xf7, 0x0, 0x65, 0x5e, 0x70, 0xd,
    0x55, 0xd2, 0x1, 0xff, 0xc2, 0x79, 0x93, 0x8,
    0x7, 0x43, 0x32, 0x79, 0x40, 0x15, 0x7d, 0xfa,
    0xc1, 0x46, 0xe, 0x82, 0x5, 0x2e, 0x10, 0x1,
    0xf5, 0x2, 0x80, 0x7c, 0x60, 0x20, 0x1f, 0x20,
    0x11, 0x90, 0x6, 0x3b, 0xa, 0x4d, 0xd5, 0xd6,
    0x60, 0x51, 0xd1, 0x81, 0x54, 0x49, 0x56, 0x0,

    /* U+0036 "6" */
    0x0, 0x92, 0xfb, 0xfa, 0xd0, 0x2, 0x8b, 0x42,
    0x55, 0xb0, 0x0, 0xce, 0x7d, 0x95, 0x7d, 0x20,
    0x8, 0xd, 0x10, 0xc, 0x20, 0x82, 0xa2, 0xb0,
    0xe8, 0x1, 0x18, 0x1e, 0xd3, 0xc5, 0xe0, 0x87,
    0x3, 0x5, 0xfe, 0xa1, 0xd0, 0x6, 0xf4, 0x2,
    0xb1, 0x43, 0x10, 0x22, 0x0, 0x64, 0x5, 0xd0,
    0x10, 0xe, 0x30, 0x14, 0x2, 0x0, 0xe2, 0x3,
    0x15, 0x18, 0x0, 0x91, 0x2, 0x81, 0x64, 0xf9,
    0x37, 0x60, 0xa0, 0x0, 0xe3, 0x13, 0x2a, 0xb1,
    0x0,

    /* U+0037 "7" */
    0x5f, 0xff, 0xe0, 0x65, 0x5f, 0x18, 0x20, 0x1d,
    0x57, 0x9c, 0x38, 0x3, 0xe1, 0x41, 0x50, 0xf,
    0xa4, 0x18, 0x3, 0xf3, 0x5, 0x0, 0x7c, 0xa2,
    0x84, 0x1, 0xf7, 0x7, 0x0, 0x7c, 0x48, 0x2a,
    0x1, 0xf5, 0x3, 0x0, 0x7e, 0x60, 0xa0, 0xf,
    0x94, 0x50, 0x80, 0x3e, 0xe0, 0xe0, 0xf, 0x89,
    0x5, 0x40, 0x38,

    /* U+0038 "8" */
    0x0, 0x2d, 0xf7, 0xed, 0x18, 0x5, 0x34, 0x88,
    0x66, 0x2e, 0x28, 0x13, 0xf, 0x54, 0xdd, 0x82,
    0xc1, 0x81, 0x44, 0x2, 0x40, 0x10, 0x50, 0x51,
    0x0, 0x90, 0x14, 0x6, 0x7, 0xea, 0x2e, 0xc9,
    0x60, 0x7, 0xa1, 0x57, 0x42, 0xe1, 0x0, 0x3d,
    0x3e, 0xfe, 0x35, 0x40, 0x24, 0x2c, 0x10, 0x1d,
    0x8b, 0x8e, 0x86, 0x0, 0x72, 0x2, 0x80, 0x4,
    0x3, 0x98, 0x1, 0x81, 0x22, 0x1, 0x21, 0x82,
    0x2a, 0xf, 0x54, 0xdd, 0x82, 0x40, 0x17, 0x6,
    0xac, 0xa9, 0x6c, 0x0,

    /* U+0039 "9" */
    0x0, 0x36, 0x7f, 0xb5, 0xc0, 0x34, 0xc8, 0x95,
    0x82, 0x28, 0x0, 0x8c, 0x3f, 0x53, 0xa8, 0xac,
    0x1a, 0x10, 0x20, 0x14, 0x85, 0x1, 0x1, 0x0,
    0x62, 0x3, 0x11, 0x1, 0x0, 0x62, 0x0, 0x17,
    0x85, 0x88, 0x5, 0x0, 0x7, 0x54, 0x2f, 0x99,
    0x6a, 0x90, 0x5, 0x70, 0x4c, 0xd6, 0x8, 0x38,
    0x1, 0xf3, 0xfd, 0x66, 0x60, 0x30, 0xf, 0x9c,
    0x14, 0x0, 0x40, 0x19, 0x60, 0x20, 0x1, 0xdc,
    0xba, 0xda, 0xb, 0x20, 0x5, 0x12, 0xa8, 0x1b,
    0x50, 0x0,

    /* U+003A ":" */
    0xaf, 0x60, 0xb, 0xa1, 0x10, 0xe4, 0x1, 0xfc,
    0x8e, 0x5d, 0x8, 0x1, 0x0,

    /* U+003B ";" */
    0x4, 0x72, 0xe, 0x84, 0x0, 0xea, 0xf6, 0x0,
    0xff, 0xe2, 0xbd, 0xa0, 0x6a, 0x10, 0x30, 0x20,
    0x9b, 0x12, 0x4, 0x0,

    /* U+003C "<" */
    0x0, 0xff, 0xe0, 0x10, 0x7, 0xf2, 0x57, 0xc0,
    0x7, 0x8e, 0x7a, 0xd5, 0x38, 0x2, 0x28, 0xdc,
    0x62, 0x9e, 0xb4, 0x17, 0xcd, 0x70, 0x8d, 0xc6,
    0x10, 0x6, 0x41, 0x3e, 0xe9, 0xc8, 0x3, 0x98,
    0x5, 0x54, 0x20, 0x1f, 0x5e, 0xc0, 0x47, 0x63,
    0x8, 0x7, 0x13, 0xee, 0x39, 0x4f, 0x5b, 0x8,
    0x7, 0x1c, 0x75, 0xb2, 0x4f, 0x38, 0x7, 0xc9,
    0x3f, 0x49, 0xc0, 0x1f, 0xe5, 0xb9,

    /* U+003D "=" */
    0x89, 0x9f, 0xf9, 0x9b, 0xff, 0x83, 0x9d, 0xff,
    0xff, 0x50, 0x7, 0xff, 0x6, 0x2a, 0xbf, 0xe6,
    0x62, 0xaf, 0xfd, 0x80,

    /* U+003E ">" */
    0x30, 0xf, 0xfe, 0x6, 0xf4, 0x18, 0x7, 0xf4,
    0x1b, 0xe6, 0xb9, 0x0, 0x79, 0xb7, 0x4e, 0x11,
    0xb8, 0xc2, 0x1, 0xc5, 0x1b, 0x8c, 0x53, 0xd6,
    0xa0, 0x1e, 0x39, 0xeb, 0x54, 0xaa, 0x0, 0x7c,
    0x78, 0x80, 0xd, 0x0, 0xc5, 0x1b, 0x8e, 0x53,
    0xce, 0x2, 0xfb, 0xa7, 0x8, 0xec, 0x61, 0xb,
    0xe8, 0x37, 0xdd, 0x38, 0x80, 0x67, 0x6b, 0xe8,
    0x20, 0xf, 0xb2, 0x50, 0x3, 0xfc,

    /* U+003F "?" */
    0x6, 0xcf, 0xf6, 0xb8, 0x2, 0x24, 0x59, 0x4a,
    0x28, 0x37, 0x36, 0x6b, 0x41, 0x45, 0x4c, 0x2,
    0x22, 0x1, 0x80, 0x71, 0x91, 0x40, 0x18, 0xf0,
    0x7c, 0x3, 0x26, 0xe, 0x10, 0x6, 0xa0, 0xc2,
    0x0, 0xc2, 0x23, 0x20, 0xe, 0x30, 0xf, 0xc5,
    0x9c, 0x1, 0xe1, 0x47, 0x0, 0xf1, 0x44, 0x80,
    0x7f, 0xf0, 0x40,

    /* U+0040 "@" */
    0x0, 0xff, 0xe5, 0xa5, 0x77, 0xfd, 0x8e, 0x20,
    0x1f, 0x16, 0x5b, 0x4d, 0x5c, 0xb4, 0x7a, 0x80,
    0x71, 0xe0, 0xe6, 0x1d, 0x51, 0xab, 0x92, 0x98,
    0x2, 0x1d, 0x2c, 0x30, 0x0, 0x80, 0x6a, 0x79,
    0x40, 0x5, 0x86, 0x88, 0x2f, 0x73, 0xe9, 0x78,
    0xa1, 0x24, 0x5, 0x60, 0x41, 0x28, 0xe6, 0x4d,
    0x40, 0x14, 0x12, 0x38, 0x38, 0x2, 0x7, 0x59,
    0x98, 0x20, 0x11, 0x89, 0xf9, 0x8, 0x0, 0xdc,
    0x3, 0x30, 0x6, 0x3e, 0x36, 0x0, 0x8, 0x70,
    0x6, 0xe0, 0xc, 0x62, 0x6e, 0x0, 0x10, 0xf0,
    0xc, 0x20, 0x10, 0x8b, 0x78, 0xc0, 0x22, 0x50,
    0xd, 0x60, 0x14, 0xa, 0xa0, 0x20, 0x2, 0xca,
    0x8c, 0xa8, 0xc1, 0xe9, 0xa8, 0xc, 0xd0, 0x0,
    0x67, 0x5c, 0xd7, 0x90, 0xa6, 0xc4, 0x0, 0x79,
    0xc8, 0x2, 0x3a, 0xf3, 0x5f, 0x3b, 0xc, 0x2,
    0x39, 0x6a, 0x10, 0x14, 0x30, 0x13, 0x41, 0x0,
    0xe6, 0xb4, 0xe8, 0x42, 0x13, 0x7d, 0xa7, 0x0,
    0xf2, 0x7b, 0xad, 0xef, 0x64, 0xa6, 0xb0, 0x7,
    0xc3, 0x1b, 0xd9, 0x8d, 0xe9, 0x20, 0xc,

    /* U+0041 "A" */
    0x0, 0xe7, 0xff, 0x10, 0x7, 0xfa, 0x80, 0x14,
    0x1, 0xfc, 0x84, 0xc2, 0xc0, 0x1f, 0xdc, 0x14,
    0xc2, 0xa0, 0x1f, 0xa, 0x91, 0xd0, 0x70, 0x7,
    0xcc, 0x14, 0x4, 0x68, 0x40, 0x1e, 0xa0, 0x60,
    0x5, 0x5, 0x0, 0x72, 0x12, 0x8, 0x1, 0xc1,
    0x80, 0x3b, 0x83, 0x80, 0x21, 0x51, 0x50, 0x8,
    0x54, 0x2b, 0xff, 0x28, 0x70, 0x4, 0xc0, 0x6c,
    0xde, 0x14, 0x20, 0x5, 0x7, 0xcc, 0xf9, 0x82,
    0x81, 0x8, 0x86, 0x1, 0xea, 0x6, 0xe, 0xb,
    0x0, 0xf8, 0x90, 0x54,

    /* U+0042 "B" */
    0xf, 0xff, 0x6c, 0x90, 0x7, 0x33, 0x4a, 0xd,
    0xa4, 0x1, 0xa6, 0x6a, 0xd5, 0xb, 0x0, 0xfe,
    0xf0, 0x30, 0xf, 0xef, 0xd, 0x0, 0xd3, 0x3b,
    0x55, 0x4e, 0x1, 0x99, 0xb1, 0x13, 0xc0, 0x3b,
    0xff, 0x60, 0xd3, 0x80, 0x7e, 0x3d, 0x8, 0x10,
    0xf, 0xc2, 0x40, 0xa0, 0x1f, 0xc6, 0x1, 0xfe,
    0x61, 0x4, 0x0, 0xa6, 0x6a, 0xc9, 0x9, 0x0,
    0xcc, 0xd2, 0x92, 0xe3, 0x0,

    /* U+0043 "C" */
    0x0, 0x8a, 0x77, 0xfd, 0xd6, 0xa0, 0x13, 0xeb,
    0x2, 0xb2, 0xaa, 0xb0, 0x1e, 0x6, 0xf6, 0xa6,
    0xfa, 0x40, 0xa0, 0x31, 0x0, 0x39, 0xb2, 0x81,
    0x48, 0x3, 0xf1, 0x87, 0x80, 0x7f, 0x30, 0x30,
    0x7, 0xff, 0x25, 0x81, 0x80, 0x3f, 0x8c, 0x3c,
    0x3, 0xfa, 0x81, 0x48, 0x3, 0xf1, 0x40, 0x62,
    0x0, 0x72, 0xe0, 0x3c, 0xd, 0xed, 0x4d, 0xf5,
    0x0, 0x4f, 0xac, 0xa, 0xca, 0xaa, 0xc0,

    /* U+0044 "D" */
    0xf, 0xfe, 0xec, 0x94, 0x0, 0xf9, 0x9a, 0x41,
    0x6b, 0xc2, 0x0, 0xe9, 0x9a, 0xb7, 0x48, 0x7e,
    0x20, 0x1f, 0xc5, 0x66, 0x52, 0x1, 0xff, 0x40,
    0x30, 0x7, 0xfc, 0x80, 0x22, 0x0, 0xff, 0x84,
    0xc, 0x3, 0xff, 0x9a, 0x20, 0x60, 0x1f, 0xe4,
    0x1, 0x10, 0x7, 0xfa, 0x1, 0x80, 0x3f, 0x8a,
    0xcc, 0xa4, 0x3, 0x4c, 0xd5, 0xba, 0x43, 0xf1,
    0x0, 0xcc, 0xd2, 0xb, 0x5e, 0x10, 0x0,

    /* U+0045 "E" */
    0xf, 0xff, 0xe3, 0x0, 0x95, 0x7e, 0x20, 0xa,
    0xab, 0xe1, 0x0, 0xff, 0xe6, 0xd5, 0x7a, 0x0,
    0x32, 0xaf, 0x98, 0x3, 0x7f, 0xfb, 0x80, 0x3f,
    0xfc, 0x95, 0x5f, 0x18, 0x4, 0xab, 0xf3, 0x0,

    /* U+0046 "F" */
    0xf, 0xff, 0xca, 0x1, 0x2a, 0xf9, 0x80, 0x2a,
    0xaf, 0x18, 0x7, 0xff, 0x2e, 0xab, 0x9c, 0x3,
    0x2a, 0xf6, 0x0, 0x6f, 0xfe, 0xb0, 0xf, 0xff,
    0x88,

    /* U+0047 "G" */
    0x0, 0x8a, 0x33, 0xbf, 0xb2, 0x8, 0x2, 0x7d,
    0x71, 0x46, 0x41, 0x7d, 0x50, 0x78, 0x1b, 0xda,
    0x9a, 0xdd, 0x31, 0x12, 0x3, 0x10, 0x3, 0x8a,
    0x5e, 0x81, 0x88, 0x3, 0xf8, 0xc3, 0x0, 0x3f,
    0xcc, 0xc, 0x1, 0x8a, 0x67, 0x40, 0x7, 0xce,
    0xcd, 0x95, 0x81, 0x80, 0x32, 0xff, 0xb8, 0x0,
    0x61, 0x80, 0x1f, 0xea, 0x6, 0x20, 0xf, 0xe2,
    0x80, 0xc4, 0x0, 0xe2, 0x0, 0x9d, 0xc3, 0x7b,
    0x53, 0x5b, 0x80, 0xa0, 0x8, 0xd7, 0x5, 0x64,
    0x17, 0xd8,

    /* U+0048 "H" */
    0xf, 0xf0, 0x7, 0xdd, 0xe2, 0x1, 0xff, 0xeb,
    0xaa, 0xf8, 0x40, 0x39, 0x57, 0xe0, 0xf, 0x7f,
    0xfc, 0x20, 0x1f, 0xff, 0xf0, 0xe,

    /* U+0049 "I" */
    0xf, 0xf0, 0x7, 0xff, 0x6c,

    /* U+004A "J" */
    0x0, 0xdf, 0xe0, 0xf, 0xff, 0xf8, 0x0, 0x40,
    0x22, 0x3, 0x0, 0xa8, 0x10, 0x2b, 0x1c, 0x2c,
    0x14, 0xd3, 0x8,

    /* U+004B "K" */
    0xf, 0xf0, 0x7, 0x17, 0x7b, 0x80, 0x7e, 0x3c,
    0x1a, 0x70, 0xf, 0x97, 0x6, 0xd4, 0x3, 0xe6,
    0xa1, 0xc4, 0x0, 0xf9, 0xe4, 0x70, 0xc0, 0x3e,
    0x98, 0x2f, 0x20, 0xf, 0xcc, 0x18, 0x20, 0x1f,
    0xc6, 0x14, 0x1, 0xfe, 0xc4, 0x46, 0x0, 0x7f,
    0xad, 0xf, 0x4, 0x3, 0xfa, 0xd4, 0xf0, 0x40,
    0x3f, 0xa9, 0x4b, 0x4, 0x3, 0xfa, 0x98, 0xb0,
    0x40, 0x3f, 0xa5, 0x8b, 0xc8,

    /* U+004C "L" */
    0xf, 0xf0, 0x7, 0xff, 0xfc, 0x3, 0xff, 0xdb,
    0x55, 0xf0, 0x6, 0x55, 0xf8, 0x0,

    /* U+004D "M" */
    0xf, 0xf8, 0x40, 0x3d, 0xbf, 0xe4, 0x0, 0xcc,
    0x1, 0xc6, 0x40, 0x1c, 0x25, 0x40, 0x1d, 0x40,
    0x80, 0x1d, 0x64, 0x80, 0x19, 0x94, 0x40, 0x39,
    0xc3, 0x80, 0x26, 0xe, 0x0, 0xf0, 0xaa, 0x84,
    0x1, 0x42, 0x80, 0x1f, 0x48, 0x30, 0x19, 0x98,
    0x3, 0xf1, 0x95, 0x5, 0x4, 0x80, 0x7f, 0x51,
    0x23, 0xa0, 0x80, 0x7f, 0x30, 0x50, 0xf0, 0x7,
    0xf8, 0x54, 0x44, 0xa0, 0x1f, 0xf4, 0x56, 0x80,
    0x7f, 0xf0, 0x9, 0x4c, 0x3, 0xff, 0x92,

    /* U+004E "N" */
    0xf, 0xf6, 0x80, 0x7b, 0xbc, 0x2, 0x27, 0x0,
    0xfe, 0x11, 0x48, 0x80, 0x7f, 0x48, 0xc8, 0x7,
    0xf3, 0x93, 0x90, 0x7, 0xf4, 0x4, 0x0, 0x7f,
    0x29, 0xa9, 0x80, 0x7f, 0x78, 0x78, 0x7, 0xf1,
    0xa1, 0xa0, 0x7, 0xf4, 0x84, 0x80, 0x7f, 0x13,
    0x13, 0x0, 0x7f, 0x40, 0x40, 0x80, 0x7e, 0x18,
    0x10, 0xf, 0xf3, 0x88, 0x0,

    /* U+004F "O" */
    0x0, 0x8e, 0x77, 0xfd, 0xb0, 0x20, 0x1d, 0x18,
    0xc2, 0xca, 0xf, 0xca, 0x1, 0x3b, 0x87, 0x31,
    0x35, 0xb4, 0x14, 0x80, 0x50, 0x18, 0x60, 0x19,
    0x64, 0x24, 0x28, 0x14, 0x80, 0x3c, 0xc4, 0x44,
    0x30, 0xf0, 0xf, 0xc8, 0x6, 0xc0, 0xc0, 0x1f,
    0xb8, 0x38, 0x3, 0xff, 0x84, 0xc0, 0xc0, 0x1f,
    0xb8, 0x38, 0xc3, 0xc0, 0x3f, 0x20, 0x1d, 0x2,
    0x90, 0x7, 0x98, 0x88, 0x84, 0xe1, 0x86, 0x1,
    0x96, 0x42, 0x40, 0x10, 0xe3, 0x98, 0x9a, 0xda,
    0xa, 0x40, 0xa, 0x31, 0x45, 0x94, 0x1f, 0x94,
    0x0,

    /* U+0050 "P" */
    0xf, 0xfe, 0xeb, 0x50, 0xe, 0x66, 0x89, 0x2a,
    0x0, 0x34, 0xcd, 0x96, 0xe, 0x40, 0x1f, 0x21,
    0x83, 0x80, 0x7f, 0xf1, 0x90, 0xc1, 0x0, 0x29,
    0x9b, 0x2c, 0x1c, 0x40, 0x26, 0x68, 0x92, 0xa0,
    0x3, 0x7f, 0xdd, 0x6a, 0x1, 0xff, 0xed,

    /* U+0051 "Q" */
    0x0, 0x8e, 0x77, 0xfd, 0xb0, 0x20, 0x1d, 0x18,
    0xc2, 0xca, 0xf, 0xc8, 0x1, 0x3b, 0x87, 0x31,
    0x35, 0xb2, 0x16, 0x60, 0x50, 0x18, 0x60, 0x19,
    0xa4, 0x38, 0x28, 0x14, 0x80, 0x3c, 0xc2, 0x46,
    0x60, 0xf0, 0xf, 0xce, 0x8, 0xc0, 0xc0, 0x1f,
    0xb8, 0x38, 0x3, 0xff, 0x84, 0xc0, 0xc0, 0x1f,
    0xb8, 0x4, 0xc3, 0xc0, 0x3f, 0x20, 0x6d, 0x2,
    0x90, 0x7, 0x98, 0x85, 0x4a, 0x3, 0xc, 0x3,
    0x2c, 0x84, 0x0, 0x1d, 0xc3, 0x98, 0x99, 0x6d,
    0x3, 0xb0, 0x5, 0x18, 0xa2, 0xcc, 0x21, 0xb8,
    0x0, 0xe3, 0xad, 0xff, 0x10, 0x88, 0x3, 0xfe,
    0xc1, 0xa4, 0x0, 0xff, 0xe, 0x39, 0x80, 0x0,

    /* U+0052 "R" */
    0xf, 0xfe, 0xec, 0x60, 0xf, 0x99, 0xa5, 0x39,
    0x90, 0x7, 0xa6, 0x6b, 0xb0, 0x31, 0x0, 0x7f,
    0x21, 0x83, 0x80, 0x7f, 0xf0, 0x4, 0x3, 0xf9,
    0xc, 0x14, 0x3, 0xa6, 0x6b, 0xb0, 0x48, 0x80,
    0x73, 0x34, 0x81, 0x2c, 0x1, 0xef, 0xfa, 0xc6,
    0x50, 0x3, 0xf9, 0x34, 0x28, 0x3, 0xfc, 0x6c,
    0x2e, 0x1, 0xfe, 0x80, 0x81, 0x0, 0xfe, 0x16,
    0x9, 0x0, 0xff, 0x40, 0x38, 0x80,

    /* U+0053 "S" */
    0x0, 0x36, 0x7f, 0xbb, 0x24, 0xc0, 0x19, 0x26,
    0x8c, 0xa2, 0xd0, 0xc, 0x66, 0xeb, 0x9b, 0xdd,
    0x78, 0x60, 0x48, 0x80, 0x62, 0x40, 0x30, 0x20,
    0xf, 0xd4, 0x11, 0x4, 0x10, 0xe, 0x3a, 0x17,
    0xbe, 0xd9, 0x30, 0x9, 0x7b, 0x21, 0x4d, 0xb2,
    0x0, 0x31, 0xbd, 0x75, 0x3, 0xa0, 0x7, 0xca,
    0xc1, 0x80, 0x1f, 0xf3, 0x28, 0x7, 0x1b, 0x86,
    0x62, 0xbe, 0xe6, 0xb3, 0x2, 0xa9, 0x72, 0xac,
    0xc5, 0x24, 0xaa, 0x0,

    /* U+0054 "T" */
    0x1f, 0xff, 0xfe, 0x2, 0xa, 0xaf, 0x0, 0x15,
    0x79, 0x82, 0xab, 0x84, 0x2e, 0xab, 0x10, 0x7,
    0xff, 0xfc, 0x3, 0xff, 0xfe, 0x1, 0x80,

    /* U+0055 "U" */
    0x4f, 0xb0, 0xf, 0xf, 0xf0, 0x7, 0xff, 0xfc,
    0x3, 0xff, 0x92, 0xe0, 0xe0, 0x1e, 0x30, 0x33,
    0x1, 0x88, 0x7, 0x20, 0x38, 0x28, 0x58, 0x6,
    0x28, 0xe, 0xb, 0x25, 0xea, 0x9b, 0xd1, 0x74,
    0x1, 0xd8, 0x25, 0x65, 0x4b, 0x80,

    /* U+0056 "V" */
    0xaf, 0x60, 0xf, 0xd7, 0xeb, 0xc1, 0x40, 0x1f,
    0x12, 0xa, 0xa1, 0x19, 0x80, 0x3d, 0x40, 0xc0,
    0xa, 0xa, 0x0, 0xf3, 0x5, 0x0, 0x18, 0x18,
    0x3, 0x90, 0x50, 0x80, 0x2, 0xa0, 0xc0, 0x1b,
    0xc3, 0x80, 0x37, 0x5, 0x0, 0x42, 0x82, 0xa0,
    0x19, 0x8, 0xc8, 0x0, 0xc0, 0xc0, 0x1e, 0xa0,
    0xa0, 0x5, 0x5, 0x0, 0x79, 0x81, 0x81, 0x9,
    0x8, 0x3, 0xc2, 0xa2, 0xbc, 0x1c, 0x1, 0xfb,
    0x82, 0x54, 0x54, 0x3, 0xf2, 0x11, 0x83, 0x0,
    0x7f, 0xa8, 0x1, 0x40, 0x1c,

    /* U+0057 "W" */
    0x3f, 0xc0, 0xe, 0x5f, 0xf1, 0x0, 0x77, 0xf8,
    0xc, 0x4c, 0x3, 0xb0, 0x0, 0x80, 0x19, 0x1,
    0x0, 0x8, 0x8, 0x1, 0x91, 0x3, 0x80, 0x1b,
    0x3, 0x0, 0x18, 0x18, 0x1, 0x11, 0x31, 0x10,
    0x1, 0x90, 0x10, 0x0, 0x80, 0xa0, 0x12, 0x2,
    0x60, 0x90, 0x4, 0x62, 0x60, 0x2, 0x12, 0x10,
    0x6, 0x1, 0xa0, 0x20, 0x1, 0x1, 0x0, 0x32,
    0x2, 0x0, 0x11, 0x0, 0x43, 0x80, 0xc, 0xc,
    0x0, 0xd8, 0x18, 0x4, 0x38, 0x0, 0x44, 0x0,
    0x14, 0x10, 0x3, 0x38, 0x20, 0x20, 0x20, 0x3,
    0x4, 0xc4, 0x84, 0x80, 0x30, 0x91, 0x7, 0x4,
    0xc0, 0x8, 0x8, 0x80, 0x40, 0xf, 0x20, 0x3a,
    0x28, 0x4, 0x43, 0x98, 0xf, 0x0, 0xf6, 0x5,
    0x8e, 0x80, 0x64, 0x48, 0x10, 0x3, 0xc8, 0x4,
    0x8, 0x1, 0xb0, 0x8, 0x82, 0x1, 0xe1, 0x20,
    0x12, 0x0, 0xc8, 0x0, 0x40, 0xc,

    /* U+0058 "X" */
    0x6, 0xfb, 0x0, 0xf5, 0xfb, 0x0, 0x19, 0x10,
    0xc0, 0x19, 0x91, 0xc, 0x1, 0x50, 0xc9, 0x0,
    0xa, 0x46, 0x80, 0x30, 0xd0, 0x70, 0x3, 0x82,
    0xc4, 0x3, 0x91, 0x8e, 0x20, 0x6c, 0xa0, 0x1f,
    0x49, 0x3b, 0x8a, 0x40, 0x3f, 0xac, 0x1, 0x20,
    0x1f, 0xeb, 0x0, 0x68, 0x7, 0xf4, 0x93, 0x1b,
    0x20, 0x7, 0xc8, 0xc5, 0x3c, 0x14, 0x20, 0x1c,
    0x34, 0x1e, 0x5, 0x3, 0x60, 0x1d, 0x63, 0x4,
    0x0, 0x73, 0x55, 0x0, 0x4a, 0xa3, 0x70, 0xd,
    0xc1, 0x62, 0x3, 0x41, 0xa0, 0x1c, 0x52, 0x34,
    0x0,

    /* U+0059 "Y" */
    0xb, 0xf6, 0x0, 0xf1, 0xfe, 0x80, 0x28, 0x64,
    0x80, 0x3b, 0x83, 0x80, 0x3, 0x41, 0xc0, 0x1a,
    0x4a, 0xc, 0x2, 0x46, 0x38, 0x0, 0x23, 0x1b,
    0x80, 0x74, 0x93, 0xa0, 0xd0, 0x70, 0x7, 0xdc,
    0x15, 0x41, 0x92, 0x0, 0xf8, 0xe0, 0x51, 0x58,
    0x3, 0xf9, 0xc4, 0x20, 0x3, 0xff, 0x82, 0x60,
    0x1f, 0xff, 0xf0,

    /* U+005A "Z" */
    0xe, 0xff, 0xff, 0x48, 0x32, 0xaf, 0xe0, 0x7,
    0x4, 0x55, 0x7c, 0x60, 0x8e, 0x1, 0xf9, 0xd8,
    0xac, 0x3, 0xf2, 0xc0, 0xe0, 0x7, 0xe3, 0xa0,
    0xd1, 0x0, 0xf8, 0x74, 0x28, 0xc0, 0x3f, 0x68,
    0xc2, 0x80, 0x7e, 0xa3, 0x57, 0x0, 0xfd, 0xa,
    0x74, 0x1, 0xf9, 0x9c, 0xb4, 0x3, 0xf1, 0xc8,
    0x78, 0x80, 0x7e, 0xd0, 0x28, 0xaa, 0xf9, 0xc4,
    0x40, 0x4a, 0xbf, 0xac,

    /* U+005B "[" */
    0x4f, 0xfb, 0x40, 0x9, 0x30, 0x0, 0x36, 0x50,
    0xf, 0xff, 0x98, 0x88, 0x0, 0xfd, 0x8b, 0x77,
    0x70,

    /* U+005C "\\" */
    0xdd, 0x0, 0x72, 0x91, 0x0, 0x35, 0x82, 0x80,
    0x63, 0x1b, 0x0, 0xe7, 0x31, 0x0, 0xda, 0xe,
    0x1, 0x90, 0x74, 0x3, 0x9d, 0x0, 0x3b, 0x41,
    0x40, 0x32, 0x7, 0x80, 0x72, 0xa8, 0x3, 0xbc,
    0x10, 0x3, 0x28, 0x68, 0x7, 0x23, 0x80, 0x76,
    0x8a, 0x0, 0x67, 0xd,

    /* U+005D "]" */
    0x1f, 0xfc, 0x22, 0x99, 0x10, 0x4, 0xcd, 0x0,
    0x7f, 0xff, 0xc4, 0x40, 0x10, 0xf7, 0x10, 0x0,
    0x37, 0x78, 0x40,

    /* U+005E "^" */
    0x0, 0xe6, 0x84, 0x0, 0xfe, 0x89, 0x7b, 0x50,
    0xf, 0xa1, 0xca, 0x82, 0x90, 0x3, 0x9d, 0xc7,
    0x8b, 0xa3, 0x68, 0x1, 0x34, 0x26, 0x8, 0x16,
    0x15, 0x98, 0x34, 0xb5, 0x80, 0x62, 0xc3, 0xc3,

    /* U+005F "_" */
    0x1, 0x1f, 0xf0, 0x1f, 0x77, 0xf8, 0xcd, 0x77,
    0xfe, 0x30,

    /* U+0060 "`" */
    0x17, 0x60, 0x8, 0x45, 0x2a, 0x1, 0x33, 0xd1,
    0x80, 0x50, 0xdc, 0x20,

    /* U+0061 "a" */
    0x6, 0xbd, 0xff, 0x62, 0x80, 0x52, 0xe8, 0xec,
    0x54, 0xe0, 0xe, 0xc9, 0x89, 0xe3, 0x81, 0x1,
    0x0, 0x84, 0x56, 0xa, 0x7, 0x7f, 0xee, 0xe4,
    0x1, 0x1e, 0x2b, 0xd5, 0xd9, 0xc0, 0x64, 0x2a,
    0x15, 0x11, 0xe0, 0x6, 0x4, 0x0, 0xd8, 0x0,
    0x60, 0x50, 0x9, 0x50, 0x1, 0x21, 0x54, 0x8b,
    0xa5, 0x0, 0x1d, 0x9a, 0xb8, 0x5f, 0x80, 0x0,

    /* U+0062 "b" */
    0x3f, 0xa0, 0xf, 0xff, 0x1, 0x5f, 0x7e, 0x20,
    0x6, 0x6d, 0x6, 0x61, 0xda, 0x80, 0x46, 0xf7,
    0x13, 0x81, 0x60, 0x10, 0xc0, 0x4, 0x6a, 0x2a,
    0x0, 0x50, 0xe, 0xc0, 0xd0, 0x0, 0x80, 0x71,
    0x0, 0x80, 0x4, 0x3, 0x88, 0x4, 0x0, 0xa0,
    0x1d, 0x81, 0xa0, 0x1, 0x80, 0x8, 0xd4, 0x54,
    0x0, 0x6f, 0x71, 0x38, 0x16, 0x1, 0x36, 0x83,
    0x30, 0xed, 0x40,

    /* U+0063 "c" */
    0x0, 0x1d, 0x77, 0xf5, 0xa8, 0x36, 0x2a, 0x3b,
    0x9a, 0x4a, 0x47, 0x6a, 0x27, 0x75, 0x61, 0x4,
    0x1, 0x85, 0x41, 0x0, 0x3c, 0x20, 0x40, 0x1e,
    0x10, 0x20, 0xf, 0x28, 0x20, 0x7, 0xac, 0x20,
    0x80, 0x30, 0x94, 0x8e, 0xd4, 0x4e, 0x50, 0x36,
    0x2a, 0x3b, 0xdc,

    /* U+0064 "d" */
    0x0, 0xfd, 0xdc, 0x0, 0xff, 0xea, 0x3e, 0xff,
    0x40, 0x6, 0x98, 0x37, 0x65, 0xc0, 0x2, 0x31,
    0x74, 0x43, 0x40, 0x43, 0x82, 0x0, 0x34, 0x0,
    0x1c, 0x10, 0x3, 0x20, 0x0, 0xc0, 0x40, 0x3e,
    0x30, 0x10, 0xf, 0x9c, 0x10, 0x3, 0x20, 0x3,
    0x82, 0x0, 0x34, 0x0, 0x11, 0x8b, 0x62, 0x1a,
    0x2, 0x0, 0x98, 0x7, 0x65, 0xc0, 0x0,

    /* U+0065 "e" */
    0x0, 0x1d, 0x77, 0xf5, 0x10, 0x4, 0xd8, 0x8e,
    0xe4, 0x5d, 0x30, 0x29, 0x4e, 0x98, 0xad, 0xe,
    0xb, 0x8, 0x11, 0xc6, 0x84, 0x2a, 0x19, 0xdd,
    0xc8, 0x4, 0x21, 0x77, 0xf8, 0xc0, 0xe, 0x89,
    0xf0, 0x20, 0x58, 0x7, 0xeb, 0x7, 0x40, 0xe,
    0x50, 0x29, 0xb, 0xb4, 0x42, 0xfe, 0x0, 0xd,
    0x8a, 0xa7, 0x66, 0xa4, 0x0,

    /* U+0066 "f" */
    0x0, 0x9f, 0x7f, 0xcc, 0x0, 0x68, 0x18, 0x82,
    0x80, 0x34, 0x35, 0xdc, 0x60, 0x6, 0x1, 0x0,
    0xa3, 0xc8, 0x3f, 0xe0, 0xba, 0x10, 0xaa, 0x80,
    0xd4, 0xc1, 0x56, 0x0, 0xff, 0xfa, 0x80,

    /* U+0067 "g" */
    0x0, 0x3e, 0xff, 0x48, 0x77, 0x2, 0x60, 0x1d,
    0x93, 0x0, 0x8, 0xc5, 0xb1, 0xd, 0x1, 0xe,
    0x9, 0x0, 0xd0, 0x0, 0x70, 0x50, 0xc, 0x80,
    0x3, 0x1, 0x0, 0xf8, 0xc0, 0x40, 0x3e, 0x70,
    0x50, 0xc, 0x80, 0xe, 0x8, 0x0, 0xd0, 0x0,
    0x45, 0x3d, 0x88, 0x68, 0x9, 0x85, 0x40, 0x3b,
    0x26, 0x88, 0x4, 0xfb, 0xfd, 0x26, 0xe, 0x2,
    0x1, 0xd2, 0x1e, 0x11, 0xb2, 0xf3, 0xc8, 0x85,
    0xd, 0x67, 0x86, 0x28, 0xb0,

    /* U+0068 "h" */
    0x3f, 0xa0, 0xf, 0xfe, 0xe0, 0xd7, 0x7e, 0x20,
    0x4, 0x3e, 0xce, 0xa7, 0x66, 0x0, 0x46, 0xc9,
    0xaa, 0x4, 0x0, 0x6, 0x0, 0x25, 0x5, 0x0,
    0x28, 0x7, 0x10, 0x80, 0x4, 0x3, 0xff, 0xda,

    /* U+0069 "i" */
    0x1f, 0xb0, 0x8, 0x72, 0x40, 0xc8, 0x7e, 0xc0,
    0x3f, 0xfa, 0x40,

    /* U+006A "j" */
    0x0, 0xf, 0xd8, 0x7, 0xc3, 0x92, 0x1, 0x19,
    0x0, 0x7, 0xec, 0x3, 0xff, 0xd0, 0x60, 0x20,
    0x6, 0x2, 0x24, 0x50, 0x5b, 0xb8, 0xe8, 0xc0,

    /* U+006B "k" */
    0x3f, 0xa0, 0xf, 0xff, 0x24, 0xfd, 0x0, 0x7d,
    0x4c, 0xca, 0x0, 0xe1, 0xc5, 0x89, 0x0, 0xe1,
    0xc3, 0xa7, 0x0, 0xe6, 0xf2, 0xb5, 0x0, 0xf1,
    0x9, 0xa8, 0x7, 0xc9, 0x7, 0xa2, 0x1, 0xf3,
    0xc1, 0xe0, 0x80, 0x7c, 0xf2, 0x58, 0x20, 0x1f,
    0x34, 0x96, 0x8, 0x7, 0xcd, 0x45, 0xe4,

    /* U+006C "l" */
    0x1f, 0xb0, 0xf, 0xfe, 0xf0,

    /* U+006D "m" */
    0x3f, 0xa2, 0xae, 0xfb, 0x20, 0x1a, 0xef, 0xc3,
    0x0, 0x87, 0x19, 0xd1, 0x18, 0x5e, 0xce, 0x87,
    0xa2, 0x0, 0x49, 0xc9, 0xb6, 0x1c, 0x7c, 0x9b,
    0x71, 0x60, 0x0, 0xb8, 0x5, 0x40, 0x9, 0x0,
    0xa8, 0x34, 0x0, 0x80, 0x18, 0x40, 0x80, 0x31,
    0x3, 0x0, 0x7c, 0x60, 0xe0, 0x1f, 0xff, 0xf0,
    0xf, 0xfe, 0x28,

    /* U+006E "n" */
    0x3f, 0xa1, 0xae, 0xfc, 0x40, 0x8, 0x7d, 0x9d,
    0x4e, 0xcc, 0x0, 0x8d, 0x93, 0x54, 0x8, 0x0,
    0xc, 0x0, 0x4a, 0xa, 0x0, 0x50, 0xe, 0x21,
    0x0, 0x8, 0x7, 0xff, 0xb4,

    /* U+006F "o" */
    0x0, 0x2e, 0x7f, 0xb5, 0xc0, 0x34, 0x51, 0x33,
    0x84, 0x60, 0x0, 0xdc, 0xbe, 0x63, 0x50, 0xdc,
    0x28, 0x2c, 0x40, 0x29, 0xa, 0x4, 0x7, 0x0,
    0xc4, 0x24, 0x26, 0x2, 0x1, 0xc4, 0x0, 0x30,
    0x10, 0xe, 0x20, 0x3, 0x82, 0x0, 0x62, 0x12,
    0x19, 0x8, 0x10, 0xa, 0x42, 0x80, 0xdc, 0xbe,
    0x63, 0x50, 0xdc, 0x1, 0x14, 0x4c, 0xe1, 0x18,
    0x0,

    /* U+0070 "p" */
    0x3f, 0xa2, 0xbe, 0xfc, 0x40, 0xc, 0xda, 0xc,
    0xc3, 0xb5, 0x0, 0x8d, 0xee, 0x27, 0x2, 0xc0,
    0x21, 0x80, 0x8, 0xd4, 0x54, 0x0, 0xa0, 0x1d,
    0x81, 0xa0, 0x1, 0x0, 0xe2, 0x1, 0x0, 0x8,
    0x7, 0x10, 0x8, 0x1, 0x40, 0x3b, 0x3, 0x40,
    0x3, 0x0, 0x11, 0xa8, 0xa8, 0x0, 0xde, 0xe2,
    0x70, 0x2c, 0x2, 0x6d, 0x6, 0x61, 0xda, 0x80,
    0x62, 0xbe, 0xfc, 0x40, 0xf, 0xfe, 0xb8,

    /* U+0071 "q" */
    0x0, 0x3e, 0xff, 0x40, 0x77, 0x2, 0x60, 0xdd,
    0x97, 0x0, 0x8, 0xc5, 0xd1, 0xd, 0x1, 0xe,
    0x8, 0x0, 0xd0, 0x0, 0x70, 0x40, 0xc, 0x80,
    0x3, 0x1, 0x0, 0xf8, 0xc0, 0x40, 0x3e, 0x70,
    0x40, 0xc, 0x80, 0xe, 0x8, 0x0, 0xd0, 0x0,
    0x46, 0x2d, 0x88, 0x68, 0x8, 0x2, 0x60, 0x1d,
    0x97, 0x0, 0x33, 0xef, 0xf4, 0x0, 0x7f, 0xf5,
    0x40,

    /* U+0072 "r" */
    0x3f, 0xa2, 0xae, 0xf3, 0x0, 0xe, 0x3a, 0x28,
    0x4, 0x8f, 0xb5, 0x43, 0x0, 0xc, 0x80, 0x79,
    0x40, 0x3e, 0x10, 0xf, 0xff, 0x8,

    /* U+0073 "s" */
    0x4, 0xbe, 0xfe, 0xc7, 0x5, 0xb5, 0x77, 0x82,
    0x82, 0x43, 0xe6, 0x27, 0x30, 0x1, 0xf8, 0x42,
    0x83, 0xe5, 0x44, 0x2, 0x6a, 0x26, 0xae, 0xc3,
    0x0, 0x2e, 0x7d, 0xb1, 0xe0, 0x80, 0x64, 0x97,
    0x4, 0x40, 0x7, 0x8, 0x2, 0xba, 0xa2, 0x16,
    0xc4, 0xb0, 0x8e, 0xf3, 0x46, 0x0,

    /* U+0074 "t" */
    0x2, 0xfa, 0x0, 0xff, 0xe4, 0x3e, 0x82, 0xff,
    0xca, 0xa8, 0x3, 0xaa, 0x9c, 0x94, 0x19, 0x56,
    0x20, 0xf, 0xfe, 0xe9, 0x3, 0x0, 0x78, 0xcd,
    0x4e, 0xe2, 0x0, 0x72, 0x22, 0x20, 0xe0,

    /* U+0075 "u" */
    0x4f, 0x80, 0xe, 0xfd, 0x0, 0xff, 0xf8, 0x38,
    0x10, 0x6, 0x30, 0x1, 0x82, 0x88, 0x5, 0xe0,
    0x13, 0x87, 0xcd, 0x73, 0x80, 0x50, 0xe0, 0xc8,
    0xd6, 0x0,

    /* U+0076 "v" */
    0x3f, 0xa0, 0xf, 0x6f, 0x89, 0x92, 0x88, 0x6,
    0x32, 0x51, 0xa, 0x7, 0x0, 0xd4, 0x1c, 0x0,
    0x60, 0xa0, 0xc, 0xe2, 0x80, 0x1, 0x43, 0x20,
    0x2, 0x8b, 0x0, 0x6e, 0xa, 0x0, 0x70, 0x50,
    0x6, 0x50, 0x60, 0x14, 0x22, 0x0, 0x73, 0xa,
    0x30, 0x50, 0x7, 0xa8, 0x3a, 0xc1, 0x80, 0x3c,
    0x64, 0xa6, 0x82, 0x1, 0xf5, 0x0, 0x38, 0x3,
    0x0,

    /* U+0077 "w" */
    0xf, 0xc0, 0xd, 0xfe, 0x50, 0x9, 0xbd, 0x80,
    0xcc, 0x1, 0x20, 0x3, 0xc0, 0x2c, 0x7, 0x4,
    0x4, 0x0, 0x60, 0x22, 0x0, 0x24, 0x21, 0xb,
    0xc, 0x0, 0x21, 0xe8, 0x90, 0x18, 0xa0, 0x0,
    0xc1, 0x40, 0x6, 0x88, 0x4, 0x4, 0xc, 0x0,
    0x90, 0x85, 0x3, 0x8, 0x70, 0x30, 0x10, 0x2,
    0xc0, 0x4d, 0x4, 0x4, 0x40, 0x21, 0x8, 0x4,
    0x81, 0x88, 0x80, 0x6, 0xb, 0x82, 0x0, 0x63,
    0x17, 0x2c, 0x0, 0x38, 0x48, 0x68, 0x7, 0x28,
    0x82, 0x0, 0x4, 0x84, 0x10, 0x3, 0xb4, 0x0,
    0x60, 0x12, 0x1, 0x80, 0x40,

    /* U+0078 "x" */
    0xb, 0xf6, 0x0, 0xd1, 0xf2, 0x0, 0xa1, 0x93,
    0x0, 0x23, 0x94, 0x80, 0x7, 0x43, 0x80, 0x68,
    0x3c, 0x3, 0x1c, 0x15, 0x50, 0x64, 0x80, 0x39,
    0xd1, 0x51, 0x58, 0x3, 0xed, 0x0, 0x48, 0x7,
    0xc5, 0x22, 0x1c, 0x1, 0xf7, 0x5, 0x39, 0x48,
    0x7, 0x49, 0xba, 0x41, 0xb2, 0x80, 0x4a, 0xc7,
    0x0, 0xd, 0x1a, 0x20, 0x1b, 0xe, 0x0, 0x86,
    0x83, 0x80,

    /* U+0079 "y" */
    0x3f, 0xb0, 0xf, 0x6f, 0x89, 0x99, 0x4, 0x3,
    0x21, 0x28, 0x85, 0x4, 0x80, 0x6e, 0x9, 0x0,
    0x30, 0xb0, 0x4, 0x2a, 0x46, 0x1, 0x30, 0xa0,
    0x1, 0x82, 0xc0, 0x35, 0x7, 0x80, 0x28, 0x18,
    0x3, 0x12, 0x20, 0x50, 0x98, 0x3, 0xdc, 0x13,
    0xc1, 0x40, 0x1e, 0x51, 0x65, 0x33, 0x0, 0x7d,
    0x22, 0x14, 0x1, 0xf9, 0x80, 0xc, 0x1, 0xf9,
    0x41, 0x80, 0x3f, 0xbc, 0x2c, 0x3, 0xc6, 0xf6,
    0x8a, 0x40, 0x1e, 0x58, 0x55, 0x58, 0x7, 0x80,

    /* U+007A "z" */
    0xe, 0xff, 0xfa, 0x82, 0xe6, 0x78, 0xc0, 0xc1,
    0x59, 0xb1, 0x19, 0x48, 0x7, 0x1d, 0x8f, 0x80,
    0x70, 0xe8, 0x69, 0x0, 0x76, 0x8d, 0x18, 0x7,
    0x51, 0xc2, 0x80, 0x74, 0x2a, 0x9c, 0x3, 0x99,
    0xce, 0x80, 0x38, 0x64, 0x2d, 0x9b, 0x90, 0xc0,
    0x11, 0x33, 0xdc,

    /* U+007B "{" */
    0x0, 0xcb, 0x9f, 0xe3, 0x0, 0x8a, 0x89, 0xe4,
    0x80, 0x24, 0x9, 0x86, 0x10, 0x8, 0x40, 0x80,
    0x3f, 0xf9, 0x9c, 0x2, 0x1, 0x89, 0x58, 0x50,
    0x2, 0x8d, 0xa2, 0xc0, 0xd, 0x54, 0x62, 0x90,
    0xc, 0x4b, 0x28, 0x82, 0x0, 0xf1, 0x83, 0x0,
    0x7b, 0xc0, 0x40, 0x3f, 0xf9, 0x82, 0x6, 0x1,
    0xe5, 0xb, 0x31, 0x0, 0xc6, 0xc5, 0x9c, 0x60,
    0x1a, 0x7b, 0x2c, 0xc0,

    /* U+007C "|" */
    0x7f, 0x30, 0xf, 0xff, 0x52, 0x39, 0x0,

    /* U+007D "}" */
    0x8f, 0xeb, 0x30, 0xd, 0x72, 0xe9, 0xa0, 0x18,
    0xda, 0x4c, 0x44, 0x1, 0xe6, 0x3, 0x0, 0xff,
    0xe1, 0x98, 0x7, 0xe1, 0x6, 0x0, 0xf6, 0x4,
    0xa0, 0x80, 0x64, 0xa2, 0xbe, 0x30, 0x8, 0x6c,
    0x62, 0xcc, 0x2, 0x61, 0x87, 0x40, 0xd, 0xc0,
    0xa0, 0x1e, 0x30, 0x10, 0xf, 0xfe, 0x60, 0x81,
    0x80, 0x62, 0x54, 0x11, 0x0, 0x51, 0xb4, 0x16,
    0x1, 0xaa, 0xf3, 0xd4, 0x3, 0x0,

    /* U+007E "~" */
    0x0, 0xff, 0xe1, 0x36, 0x7f, 0x52, 0x0, 0x66,
    0x9b, 0x90, 0x55, 0xaf, 0xaa, 0x76, 0x78, 0x33,
    0x15, 0x7d, 0x24, 0xac, 0xcb, 0x7b, 0x30, 0x8,
    0x5b, 0x3f, 0xd6, 0x80,

    /* U+00A0 " " */

    /* U+00A1 "¡" */
    0xff, 0x0, 0x26, 0x19, 0xe6, 0x48, 0xe6, 0x2,
    0x20, 0xf, 0xfe, 0x0,

    /* U+00A2 "¢" */
    0x0, 0xff, 0xe1, 0xb5, 0x0, 0x7f, 0xf3, 0x9f,
    0x25, 0x7a, 0x88, 0x1, 0x90, 0x28, 0x6e, 0x8e,
    0x12, 0x6b, 0xba, 0x69, 0xe4, 0x6, 0xb, 0x0,
    0xe1, 0x30, 0x41, 0x0, 0xf3, 0x81, 0x0, 0x7f,
    0x10, 0x7, 0xca, 0xa, 0x1, 0xf0, 0xa0, 0xb8,
    0x7, 0xd4, 0x31, 0x5e, 0x2d, 0x6a, 0x3, 0xea,
    0xa6, 0x49, 0x66, 0x0, 0x6, 0xbe, 0x13, 0xb4,
    0xc0, 0x38, 0x46, 0x0, 0xf8, 0xcc, 0x1, 0x0,

    /* U+00A3 "£" */
    0x0, 0xcf, 0xbf, 0xd8, 0xc0, 0x15, 0x41, 0xb3,
    0x85, 0x0, 0x9, 0x47, 0xe6, 0x59, 0xa0, 0x7,
    0x4, 0x10, 0x8, 0x40, 0x6, 0x4, 0x1, 0xf0,
    0x80, 0x7e, 0x10, 0x8, 0x46, 0x0, 0x37, 0x40,
    0x3f, 0x74, 0xa0, 0xf6, 0xc0, 0xb7, 0x72, 0x0,
    0xa7, 0x1, 0x22, 0x42, 0x1, 0xff, 0xc9, 0x7a,
    0xb0, 0x5a, 0xad, 0x38, 0xa6, 0x4, 0xab, 0x98,

    /* U+00A4 "¤" */
    0x0, 0xff, 0x8, 0x2, 0xb0, 0x3, 0xc5, 0xee,
    0x18, 0x78, 0xfb, 0xf8, 0xf8, 0x8, 0xd, 0x27,
    0xc, 0xc0, 0x81, 0xd3, 0x0, 0xd5, 0x73, 0x8c,
    0x2, 0x1, 0x69, 0x28, 0x5, 0x0, 0xa0, 0x1f,
    0xfc, 0x3d, 0x25, 0x0, 0xa0, 0x14, 0x3, 0xaa,
    0xe3, 0x18, 0x4, 0x0, 0xd2, 0x6e, 0xce, 0x12,
    0x3a, 0x61, 0xa7, 0x91, 0xbf, 0x8d, 0x80, 0xa1,
    0x78, 0x1, 0xe2, 0xe6,

    /* U+00A5 "¥" */
    0xd, 0xe0, 0xf, 0x27, 0xc8, 0x48, 0xc8, 0x7,
    0x48, 0xc0, 0x22, 0xb1, 0x0, 0x4e, 0x56, 0x20,
    0xb, 0xe, 0x0, 0xc, 0x22, 0x80, 0x43, 0x26,
    0xc1, 0x61, 0x20, 0x15, 0xfc, 0x84, 0x2a, 0x83,
    0x7d, 0x82, 0x73, 0x14, 0x34, 0x39, 0x93, 0x81,
    0x19, 0x95, 0x2, 0xc, 0xe1, 0xb, 0xff, 0x90,
    0x27, 0xfe, 0x60, 0x9c, 0xc9, 0x2, 0x33, 0x27,
    0x2, 0x33, 0x84, 0x8, 0xce, 0x10, 0xf, 0xfe,
    0xc0,

    /* U+00A6 "¦" */
    0x7f, 0x30, 0xf, 0xfe, 0x33, 0x59, 0x8a, 0x0,
    0xa0, 0x35, 0x98, 0x7, 0xff, 0x18,

    /* U+00A7 "§" */
    0x0, 0x1d, 0xf7, 0xec, 0x80, 0x43, 0x88, 0xd2,
    0x8e, 0x20, 0x7, 0x9, 0x86, 0x9e, 0x10, 0x1,
    0x86, 0x0, 0x7c, 0xa8, 0xb8, 0x40, 0x1c, 0x6a,
    0x85, 0xb2, 0x1, 0xb9, 0x6f, 0x9d, 0xb8, 0x80,
    0x4, 0x60, 0x8, 0xc1, 0xe0, 0x1, 0x31, 0x0,
    0xd, 0x8c, 0x1, 0x23, 0xae, 0x0, 0x22, 0x0,
    0x13, 0x92, 0x36, 0x93, 0x80, 0x21, 0xbb, 0x2,
    0xb1, 0x80, 0x72, 0x69, 0xb2, 0x0, 0x7d, 0x40,
    0x40, 0x3, 0x84, 0x24, 0xb0, 0x40, 0x9, 0xaf,
    0x6c, 0xe8, 0x80, 0x7, 0xdb, 0x7b, 0xca, 0x0,

    /* U+00A8 "¨" */
    0xdf, 0x11, 0x7e, 0x98, 0x6, 0x30,

    /* U+00A9 "©" */
    0x0, 0xc3, 0x1b, 0xdc, 0xd8, 0x10, 0xf, 0x9b,
    0xc3, 0xfb, 0x9e, 0x1e, 0xc0, 0x1c, 0xf5, 0xf0,
    0x40, 0x2, 0x8f, 0xa7, 0x0, 0x92, 0xb4, 0x52,
    0xfb, 0x9b, 0x3, 0xb4, 0x60, 0x8, 0x80, 0xb5,
    0x85, 0x6c, 0x80, 0x6, 0x20, 0x2, 0x4a, 0x12,
    0x96, 0x86, 0x90, 0x0, 0x54, 0x12, 0x20, 0x20,
    0x68, 0x7, 0xe2, 0x30, 0xe, 0x30, 0xf, 0xf1,
    0x10, 0x14, 0x3c, 0x3, 0xf1, 0x18, 0x92, 0x8b,
    0xac, 0x8, 0xa, 0x80, 0x15, 0x4, 0x22, 0xc6,
    0x20, 0xdd, 0xfd, 0xc0, 0x1b, 0xf0, 0x2, 0x4e,
    0x13, 0xf7, 0x37, 0xec, 0x72, 0x50, 0x2, 0x7b,
    0xc8, 0x31, 0x22, 0x47, 0xdb, 0x80, 0x73, 0x78,
    0x77, 0xfc, 0x1e, 0xc0, 0x10,

    /* U+00AA "ª" */
    0x2a, 0xef, 0xd8, 0x0, 0x30, 0xd6, 0x53, 0xc0,
    0x25, 0xa1, 0xba, 0xb0, 0x7, 0xb4, 0x40, 0x67,
    0x7f, 0xd0, 0x3, 0x49, 0x39, 0xae, 0x0, 0x70,
    0x9, 0x18, 0x1, 0xc3, 0x7b, 0x92, 0x0, 0x2c,
    0xfe, 0xa7, 0xf1, 0x23, 0x3f, 0x4, 0x66, 0x78,
    0x40,

    /* U+00AB "«" */
    0x0, 0xff, 0xe1, 0x49, 0x0, 0x19, 0x40, 0x2b,
    0x63, 0x8, 0x91, 0x1, 0xc5, 0xc1, 0xa7, 0x94,
    0x2f, 0x2c, 0x3b, 0x5a, 0x60, 0x41, 0x62, 0x22,
    0x21, 0x40, 0xd, 0xf, 0x25, 0x69, 0x82, 0x0,
    0x7a, 0x6b, 0x4c, 0x2c, 0x10, 0x2, 0xe2, 0x91,
    0xf8, 0x20, 0x4, 0x78, 0x60, 0x3a, 0xe0,

    /* U+00AC "¬" */
    0x8a, 0xaf, 0xf9, 0x98, 0xab, 0xff, 0x67, 0x7f,
    0xff, 0x80, 0x3f, 0xfb, 0xa0,

    /* U+00AD "­" */
    0x9, 0x9e, 0x20, 0x66, 0xe1,

    /* U+00AE "®" */
    0x0, 0xc3, 0x1b, 0xdc, 0xd8, 0x10, 0xf, 0x9b,
    0xc3, 0xfb, 0x9e, 0x1e, 0xc0, 0x1c, 0xf5, 0xf0,
    0x40, 0x2, 0x8f, 0xa7, 0x0, 0x92, 0xb4, 0x7f,
    0xee, 0xc5, 0x1d, 0xa3, 0x0, 0x44, 0x4, 0x0,
    0xff, 0xcb, 0x42, 0x28, 0x80, 0x9, 0x28, 0x7,
    0xf9, 0x50, 0x48, 0x80, 0x19, 0xff, 0xcb, 0x62,
    0x0, 0x23, 0x0, 0xf3, 0xfa, 0x12, 0x80, 0x71,
    0x10, 0x3, 0xd4, 0x16, 0x1, 0x11, 0x89, 0x28,
    0x7, 0xc, 0x2a, 0x2, 0xa0, 0x84, 0x58, 0x83,
    0x68, 0x1, 0x9c, 0xc6, 0xfc, 0x0, 0x93, 0x85,
    0x2a, 0x1, 0x43, 0x64, 0xa0, 0x4, 0xf7, 0x90,
    0x60, 0x2, 0x8f, 0xb7, 0x0, 0xe6, 0xf0, 0xef,
    0xf8, 0x3d, 0x80, 0x20,

    /* U+00AF "¯" */
    0x11, 0xf7, 0xf7, 0x6f, 0xab, 0xbd, 0x40,

    /* U+00B0 "°" */
    0x0, 0xff, 0x4f, 0x72, 0x0, 0x29, 0x4b, 0xb2,
    0xc8, 0x1, 0xa5, 0x55, 0x2c, 0x1, 0x38, 0x1,
    0xc0, 0x24, 0xf2, 0x27, 0xa0, 0x2, 0x83, 0x74,
    0x14, 0x0, 0x1c, 0xee, 0x60, 0x80,

    /* U+00B1 "±" */
    0x0, 0xff, 0xe3, 0x3f, 0x98, 0x7, 0xff, 0x4e,
    0x2a, 0xb5, 0x84, 0x55, 0x66, 0x62, 0xae, 0x30,
    0x45, 0x5d, 0x9d, 0xff, 0xa0, 0x33, 0xff, 0x50,
    0x7, 0xff, 0x81, 0xfc, 0xc0, 0x3a, 0x2a, 0xbf,
    0xe6, 0x62, 0xaf, 0xfd, 0x80,

    /* U+00B2 "²" */
    0x9, 0xdf, 0xe8, 0x0, 0xf, 0x72, 0x1d, 0xc1,
    0x6, 0x2c, 0x5c, 0x1, 0x98, 0xac, 0x2, 0x59,
    0xa2, 0x0, 0x3d, 0x5a, 0x80, 0x26, 0x29, 0x88,
    0x44, 0xc1, 0x5b, 0xb0,

    /* U+00B3 "³" */
    0x8, 0xef, 0xea, 0x10, 0xcc, 0x76, 0xa5, 0x82,
    0x10, 0x91, 0x80, 0x4d, 0xfc, 0xd6, 0x0, 0x6d,
    0xb5, 0x90, 0x8, 0x91, 0x9c, 0x18, 0x85, 0x19,
    0x3, 0x73, 0xa9, 0xe8,

    /* U+00B4 "´" */
    0x0, 0x99, 0xc0, 0x26, 0x91, 0x0, 0x1c, 0xc3,
    0x0, 0xeb, 0x38, 0x0,

    /* U+00B5 "µ" */
    0x4f, 0x80, 0xe, 0xfd, 0x0, 0xff, 0xff, 0x80,
    0x80, 0x62, 0x0, 0xf3, 0x8, 0x5, 0x60, 0x60,
    0x18, 0x7e, 0xa7, 0x58, 0x45, 0x24, 0x0, 0x66,
    0x23, 0xe, 0x58, 0x20, 0x6, 0x8e, 0xfc, 0x35,
    0xfd, 0x20, 0xf, 0xfe, 0xc0,

    /* U+00B6 "¶" */
    0x0, 0x2e, 0x7f, 0xf4, 0x84, 0x51, 0x80, 0x23,
    0x48, 0x9, 0xc0, 0x31, 0x10, 0x0, 0x80, 0x1f,
    0xfc, 0x75, 0x0, 0xfe, 0x36, 0x0, 0xfe, 0x9a,
    0x30, 0xf, 0xcb, 0x9c, 0x1, 0xff, 0xff, 0x0,
    0xc3, 0xaa, 0x1f, 0x0,

    /* U+00B7 "·" */
    0x67, 0x1b, 0x82, 0x0, 0x80,

    /* U+00B8 "¸" */
    0x0, 0xe, 0x10, 0x0, 0x5a, 0x0, 0x40, 0xe,
    0x5d, 0xeb, 0x65, 0xdb, 0xec,

    /* U+00B9 "¹" */
    0x7d, 0xfe, 0x0, 0x1c, 0xb8, 0x4, 0x88, 0xf0,
    0xf, 0xfe, 0x50, 0xf8, 0x8, 0x9f, 0x9c, 0x7b,
    0xc0,

    /* U+00BA "º" */
    0x0, 0x2e, 0xff, 0x48, 0x4, 0xb4, 0x99, 0x6f,
    0x80, 0x8, 0x39, 0x35, 0xb3, 0x40, 0x24, 0x0,
    0x90, 0xc, 0x3, 0xfc, 0x48, 0x1, 0x20, 0x18,
    0x41, 0xc9, 0xad, 0x9a, 0x2, 0xd2, 0x65, 0xbe,
    0x80, 0x4b, 0xbf, 0xd2, 0x20, 0x2, 0x33, 0xf0,
    0x2, 0x33, 0x3c, 0x20,

    /* U+00BB "»" */
    0x0, 0xff, 0xc, 0x80, 0x54, 0x20, 0x19, 0xac,
    0x0, 0xf8, 0x40, 0x1, 0xc5, 0xd1, 0xc0, 0xc3,
    0x0, 0x1e, 0x7, 0x9e, 0xae, 0x28, 0x0, 0x94,
    0x50, 0x3c, 0x3c, 0x1, 0x2f, 0xc, 0xcb, 0x5a,
    0xb, 0x6a, 0x77, 0x4b, 0x50, 0xa, 0x5a, 0x85,
    0x44, 0x80, 0x5a, 0x80, 0xe, 0x70, 0x8,

    /* U+00BC "¼" */
    0x3, 0x55, 0x0, 0x7e, 0x45, 0x0, 0xd5, 0xb7,
    0x60, 0xf, 0x8a, 0xc8, 0x3, 0x57, 0x48, 0x7,
    0xe9, 0x27, 0x0, 0xff, 0xe1, 0x2a, 0x70, 0x7,
    0xff, 0x8, 0x6d, 0x8c, 0x3, 0xff, 0x85, 0x1,
    0x20, 0x1f, 0xfc, 0x23, 0x6b, 0x0, 0xf9, 0xba,
    0x7, 0xb4, 0x1, 0xc8, 0xa0, 0x13, 0xf3, 0x3,
    0x7f, 0x73, 0xf0, 0x1c, 0xa8, 0x2, 0x40, 0x10,
    0x8, 0x47, 0x8a, 0x20, 0x20, 0x2, 0xf7, 0x0,
    0xfe, 0x93, 0x70, 0xb, 0xa4, 0x3, 0xf9, 0x93,
    0xc0, 0x2a, 0xa1, 0x0, 0x7e, 0x18, 0x73, 0x0,
    0x96, 0x7f, 0xc1, 0x36, 0x1, 0xac, 0x20, 0x3,
    0x77, 0x60, 0x8a, 0x0, 0x91, 0x68, 0x3, 0x84,
    0x71, 0x10, 0x40, 0x25, 0xe4, 0x0, 0xfe, 0xd5,
    0x0,

    /* U+00BD "½" */
    0x2, 0x55, 0x0, 0x7e, 0x35, 0x0, 0xd5, 0xb7,
    0x60, 0xf, 0x87, 0x8, 0x3, 0x5f, 0xc8, 0x7,
    0xeb, 0x27, 0x0, 0xc2, 0x1, 0xfc, 0x8b, 0x20,
    0x1f, 0xfc, 0x39, 0x54, 0x0, 0xff, 0xe1, 0x39,
    0x58, 0x7, 0xff, 0x8, 0xa2, 0x2, 0x1, 0xff,
    0xc2, 0x92, 0x73, 0xad, 0xd4, 0x88, 0x37, 0x40,
    0xf6, 0x82, 0xa4, 0x85, 0x6f, 0xca, 0x68, 0x37,
    0xf7, 0x3f, 0x2, 0xd5, 0x2, 0x5c, 0x92, 0x8c,
    0x0, 0x23, 0xd0, 0x36, 0x1, 0xc3, 0x2c, 0x1,
    0xe2, 0x79, 0x10, 0xc, 0x3a, 0x52, 0x1, 0xe9,
    0x36, 0x0, 0xc3, 0x8f, 0x80, 0x1e, 0x54, 0xf0,
    0xc, 0x5e, 0x96, 0x1, 0xf5, 0xb1, 0x80, 0x69,
    0x16, 0xff, 0x84, 0x2, 0x44, 0x40, 0x7, 0x56,
    0xef, 0x8,

    /* U+00BE "¾" */
    0x8, 0xce, 0xd8, 0x0, 0xfb, 0x28, 0x3, 0xb7,
    0xf2, 0x1e, 0x0, 0x39, 0x8e, 0x0, 0x39, 0x4c,
    0x95, 0xc, 0x3, 0xc, 0x39, 0x0, 0x7e, 0x25,
    0xe0, 0xd, 0x1, 0x0, 0x1f, 0x37, 0xea, 0xa0,
    0x4, 0x6d, 0x60, 0x1f, 0x9b, 0x6d, 0x74, 0x2,
    0xe4, 0x50, 0xf, 0xe2, 0x46, 0x30, 0x3, 0x14,
    0x80, 0x7e, 0x30, 0x1, 0x2a, 0x0, 0xcb, 0x90,
    0x4, 0x94, 0x80, 0xe, 0xff, 0x6b, 0xd0, 0x58,
    0xc0, 0x4, 0x72, 0xa4, 0x0, 0xdf, 0xef, 0xa1,
    0x35, 0xb0, 0x8, 0x7b, 0x80, 0x1e, 0x10, 0xb,
    0x91, 0x40, 0x2d, 0x83, 0x0, 0xfe, 0x72, 0x90,
    0xa, 0xad, 0x40, 0x3f, 0x86, 0x20, 0x40, 0x12,
    0xc7, 0xf8, 0x26, 0xc0, 0x3a, 0xc9, 0xc0, 0x37,
    0x76, 0x8, 0xa0, 0xc, 0x8b, 0x20, 0x1c, 0x23,
    0x88, 0x82, 0x1, 0x97, 0x90, 0x3, 0xfb, 0x54,
    0x0,

    /* U+00BF "¿" */
    0x0, 0x8b, 0xf0, 0x3, 0xff, 0x86, 0x71, 0x20,
    0x1e, 0x16, 0x40, 0xf, 0xf, 0x50, 0x7, 0xff,
    0xd, 0x40, 0x80, 0x38, 0x68, 0x28, 0x3, 0xe,
    0xc, 0x98, 0x6, 0xc2, 0x86, 0x0, 0xcc, 0x4a,
    0xe0, 0x1d, 0xe1, 0x80, 0x1e, 0xe0, 0xd0, 0xd,
    0x4, 0xc2, 0x9b, 0x35, 0xee, 0x3, 0xec, 0xc,
    0x8b, 0x64,

    /* U+00C0 "À" */
    0x0, 0xc5, 0xd4, 0x1, 0xff, 0x16, 0xab, 0x0,
    0x7f, 0xc7, 0x62, 0x1, 0xff, 0xc0, 0x47, 0x0,
    0xff, 0x9f, 0xfc, 0x40, 0x1f, 0xea, 0x0, 0x50,
    0x7, 0xf2, 0x13, 0xb, 0x0, 0x7f, 0x70, 0x53,
    0xa, 0x80, 0x7c, 0x2a, 0x47, 0x41, 0xc0, 0x1f,
    0x30, 0x50, 0x11, 0xa1, 0x0, 0x7a, 0x81, 0x80,
    0x14, 0x14, 0x1, 0xc8, 0x48, 0x20, 0x7, 0x6,
    0x0, 0xee, 0xe, 0x0, 0x85, 0x45, 0x40, 0x21,
    0x50, 0xaf, 0xfc, 0xa1, 0xc0, 0x13, 0x1, 0xb3,
    0x78, 0x50, 0x80, 0x14, 0x1f, 0x33, 0xe6, 0xa,
    0x4, 0x22, 0x18, 0x7, 0xa8, 0x18, 0x38, 0x2c,
    0x3, 0xe2, 0x41, 0x50,

    /* U+00C1 "Á" */
    0x0, 0xf0, 0xf5, 0x80, 0x7f, 0xda, 0x56, 0x1,
    0xfe, 0x2b, 0xd0, 0xf, 0xf8, 0x9c, 0x40, 0x3f,
    0xe7, 0xff, 0x10, 0x7, 0xfa, 0x80, 0x14, 0x1,
    0xfc, 0x84, 0xc2, 0xc0, 0x1f, 0xdc, 0x14, 0xc2,
    0xa0, 0x1f, 0xa, 0x91, 0xd0, 0x70, 0x7, 0xcc,
    0x14, 0x4, 0x68, 0x40, 0x1e, 0xa0, 0x60, 0x5,
    0x5, 0x0, 0x72, 0x12, 0x8, 0x1, 0xc1, 0x80,
    0x3b, 0x83, 0x80, 0x21, 0x51, 0x50, 0x8, 0x54,
    0x2b, 0xff, 0x28, 0x70, 0x4, 0xc0, 0x6c, 0xde,
    0x14, 0x20, 0x5, 0x7, 0xcc, 0xf9, 0x82, 0x81,
    0x8, 0x86, 0x1, 0xea, 0x6, 0xe, 0xb, 0x0,
    0xf8, 0x90, 0x54,

    /* U+00C2 "Â" */
    0x0, 0xe7, 0xff, 0x18, 0x7, 0xf2, 0xc6, 0x3e,
    0x88, 0x7, 0xe2, 0xc3, 0x88, 0x28, 0x7, 0xe7,
    0x30, 0x3, 0x20, 0x7, 0xf3, 0xff, 0x88, 0x3,
    0xfd, 0x40, 0xa, 0x0, 0xfe, 0x42, 0x61, 0x60,
    0xf, 0xee, 0xa, 0x61, 0x50, 0xf, 0x85, 0x48,
    0xe8, 0x38, 0x3, 0xe6, 0xa, 0x2, 0x34, 0x20,
    0xf, 0x50, 0x30, 0x2, 0x82, 0x80, 0x39, 0x9,
    0x4, 0x0, 0xe0, 0xc0, 0x1d, 0xc1, 0xc0, 0x10,
    0xa8, 0xa8, 0x4, 0x2a, 0x15, 0xff, 0x94, 0x38,
    0x2, 0x60, 0x36, 0x6f, 0xa, 0x10, 0x2, 0x83,
    0xe6, 0x7c, 0xc1, 0x40, 0x84, 0x43, 0x0, 0xf5,
    0x3, 0x7, 0x5, 0x80, 0x7c, 0x48, 0x2a,

    /* U+00C3 "Ã" */
    0x0, 0xd5, 0xd6, 0x69, 0xe0, 0x1f, 0x22, 0xe9,
    0xe5, 0xb8, 0x7, 0xc9, 0xa7, 0x1f, 0xd0, 0x1,
    0xf8, 0x80, 0x21, 0x0, 0xff, 0x3f, 0xf8, 0x80,
    0x3f, 0xd4, 0x0, 0xa0, 0xf, 0xe4, 0x26, 0x16,
    0x0, 0xfe, 0xe0, 0xa6, 0x15, 0x0, 0xf8, 0x54,
    0x8e, 0x83, 0x80, 0x3e, 0x60, 0xa0, 0x23, 0x42,
    0x0, 0xf5, 0x3, 0x0, 0x28, 0x28, 0x3, 0x90,
    0x90, 0x40, 0xe, 0xc, 0x1, 0xdc, 0x1c, 0x1,
    0xa, 0x8a, 0x80, 0x42, 0xa1, 0x5f, 0xf9, 0x43,
    0x80, 0x26, 0x3, 0x66, 0xf0, 0xa1, 0x0, 0x28,
    0x3e, 0x67, 0xcc, 0x14, 0x8, 0x44, 0x30, 0xf,
    0x50, 0x30, 0x70, 0x58, 0x7, 0xc4, 0x82, 0xa0,

    /* U+00C4 "Ä" */
    0x0, 0xdf, 0xc0, 0x7f, 0x60, 0x1f, 0x8, 0x4,
    0xe0, 0x1f, 0xc3, 0xfc, 0x9, 0xf6, 0x1, 0xff,
    0xcb, 0x7f, 0xf1, 0x0, 0x7f, 0xa8, 0x1, 0x40,
    0x1f, 0xc8, 0x4c, 0x2c, 0x1, 0xfd, 0xc1, 0x4c,
    0x2a, 0x1, 0xf0, 0xa9, 0x1d, 0x7, 0x0, 0x7c,
    0xc1, 0x40, 0x46, 0x84, 0x1, 0xea, 0x6, 0x0,
    0x50, 0x50, 0x7, 0x21, 0x20, 0x80, 0x1c, 0x18,
    0x3, 0xb8, 0x38, 0x2, 0x15, 0x15, 0x0, 0x85,
    0x42, 0xbf, 0xf2, 0x87, 0x0, 0x4c, 0x6, 0xcd,
    0xe1, 0x42, 0x0, 0x50, 0x7c, 0xcf, 0x98, 0x28,
    0x10, 0x88, 0x60, 0x1e, 0xa0, 0x60, 0xe0, 0xb0,
    0xf, 0x89, 0x5, 0x40,

    /* U+00C5 "Å" */
    0x0, 0xe9, 0xed, 0x50, 0xf, 0xe8, 0x4a, 0xba,
    0x30, 0xf, 0xc9, 0x68, 0xc8, 0x80, 0xf, 0xcd,
    0xa2, 0x6a, 0x40, 0x1f, 0xad, 0x7b, 0x11, 0x40,
    0x3f, 0x8, 0x4, 0x60, 0x1f, 0xca, 0x2a, 0x2c,
    0x1, 0xfd, 0xc1, 0x2c, 0xc, 0x1, 0xf0, 0xa1,
    0x1d, 0x5, 0x0, 0x7d, 0x21, 0x40, 0x46, 0x62,
    0x0, 0xf3, 0x2, 0x80, 0x28, 0x2c, 0x3, 0x90,
    0x50, 0x80, 0xe, 0xe, 0x1, 0xdc, 0x1c, 0x1,
    0xa, 0xa, 0x80, 0x42, 0xa1, 0x5f, 0xf9, 0x3,
    0x80, 0x26, 0x3, 0x66, 0xf0, 0xa1, 0x0, 0x28,
    0x3e, 0x67, 0xcc, 0x14, 0x8, 0x44, 0x30, 0xf,
    0x50, 0x30, 0x70, 0x58, 0x7, 0xc4, 0x82, 0xa0,

    /* U+00C6 "Æ" */
    0x0, 0xe1, 0xff, 0xff, 0xe0, 0x0, 0x79, 0x80,
    0xd0, 0x5, 0x57, 0xe0, 0xf, 0x48, 0x74, 0x1,
    0x55, 0x7c, 0x1, 0xca, 0x28, 0x40, 0x1f, 0xfc,
    0x39, 0xf, 0x0, 0xff, 0xe1, 0x99, 0x89, 0x0,
    0x22, 0xaa, 0xf3, 0x80, 0x69, 0xb, 0x0, 0xc2,
    0xab, 0xec, 0x0, 0x85, 0x45, 0x80, 0x31, 0xff,
    0xfa, 0xc0, 0x29, 0x6, 0x0, 0xff, 0xe2, 0x30,
    0x3f, 0xfd, 0x80, 0x1f, 0xf3, 0x9, 0x33, 0x64,
    0x0, 0xff, 0xac, 0x3a, 0x67, 0x40, 0x7, 0xf9,
    0x8, 0xcc, 0x1, 0xe2, 0xaa, 0xf8, 0xbc, 0x20,
    0x3, 0xe1, 0x55, 0xf8, 0x40,

    /* U+00C7 "Ç" */
    0x0, 0x8a, 0x77, 0xfd, 0xd6, 0xa0, 0x13, 0xeb,
    0x2, 0xb2, 0xaa, 0xb0, 0x1e, 0x6, 0xf6, 0xa6,
    0xfa, 0x40, 0xa0, 0x31, 0x0, 0x39, 0xb2, 0x81,
    0x48, 0x3, 0xf1, 0x87, 0x80, 0x7f, 0x30, 0x30,
    0x7, 0xff, 0x25, 0x81, 0x80, 0x3f, 0x8c, 0x3c,
    0x3, 0xfa, 0x81, 0x48, 0x3, 0xf1, 0x40, 0x62,
    0x0, 0x72, 0xe0, 0x3c, 0xd, 0xed, 0x4d, 0xf5,
    0x38, 0x1, 0xf5, 0x81, 0x59, 0x55, 0x56, 0x1,
    0x14, 0xef, 0x8d, 0x5a, 0x80, 0x7e, 0x4f, 0x0,
    0xf8, 0x50, 0xdc, 0x3, 0xf1, 0xd6, 0x4, 0x0,
    0x40,

    /* U+00C8 "È" */
    0x0, 0x9b, 0xd4, 0x3, 0xf3, 0x45, 0x10, 0x7,
    0xe7, 0x97, 0x0, 0xfe, 0x65, 0x0, 0xef, 0xff,
    0xe3, 0x0, 0x95, 0x7e, 0x20, 0xa, 0xab, 0xe1,
    0x0, 0xff, 0xe6, 0xd5, 0x7a, 0x0, 0x32, 0xaf,
    0x98, 0x3, 0x7f, 0xfb, 0x80, 0x3f, 0xfc, 0x95,
    0x5f, 0x18, 0x4, 0xab, 0xf3, 0x0,

    /* U+00C9 "É" */
    0x0, 0xe4, 0xf7, 0x0, 0xf8, 0xa9, 0xdc, 0x1,
    0xf3, 0xc4, 0x0, 0x3f, 0x2b, 0x0, 0x7b, 0xff,
    0xf8, 0xc0, 0x25, 0x5f, 0x88, 0x2, 0xaa, 0xf8,
    0x40, 0x3f, 0xf9, 0xb5, 0x5e, 0x80, 0xc, 0xab,
    0xe6, 0x0, 0xdf, 0xfe, 0xe0, 0xf, 0xff, 0x25,
    0x57, 0xc6, 0x1, 0x2a, 0xfc, 0xc0,

    /* U+00CA "Ê" */
    0x0, 0xd9, 0xfa, 0x1, 0xf4, 0x8f, 0xd, 0x80,
    0x70, 0xf6, 0xe, 0x60, 0x80, 0x30, 0xb8, 0x80,
    0x1c, 0x80, 0x2f, 0xff, 0xe3, 0x0, 0x95, 0x7e,
    0x20, 0xa, 0xab, 0xe1, 0x0, 0xff, 0xe6, 0xd5,
    0x7a, 0x0, 0x32, 0xaf, 0x98, 0x3, 0x7f, 0xfb,
    0x80, 0x3f, 0xfc, 0x95, 0x5f, 0x18, 0x4, 0xab,
    0xf3, 0x0,

    /* U+00CB "Ë" */
    0x0, 0x2f, 0xc8, 0x47, 0xb0, 0x7, 0x8c, 0x2,
    0x10, 0xc, 0xbf, 0x41, 0x1e, 0xe0, 0x1f, 0xfc,
    0x2f, 0xff, 0xe3, 0x0, 0x95, 0x7e, 0x20, 0xa,
    0xab, 0xe1, 0x0, 0xff, 0xe6, 0xd5, 0x7a, 0x0,
    0x32, 0xaf, 0x98, 0x3, 0x7f, 0xfb, 0x80, 0x3f,
    0xfc, 0x95, 0x5f, 0x18, 0x4, 0xab, 0xf3, 0x0,

    /* U+00CC "Ì" */
    0x1d, 0xc0, 0x0, 0xf9, 0x40, 0x0, 0xb7, 0xc4,
    0x0, 0x6e, 0x20, 0xf, 0xf0, 0x7, 0xff, 0xd8,

    /* U+00CD "Í" */
    0x0, 0x6e, 0x0, 0x28, 0x34, 0x4, 0xbc, 0x40,
    0x60, 0x80, 0x2f, 0xf0, 0x7, 0xff, 0xdc,

    /* U+00CE "Î" */
    0x0, 0x2f, 0xf9, 0x0, 0x7, 0x54, 0x9b, 0x20,
    0x5b, 0x56, 0xa7, 0x6, 0x40, 0x2, 0xa8, 0x2,
    0xff, 0x0, 0x7f, 0xff, 0xc0, 0x3f, 0xf8, 0xc0,

    /* U+00CF "Ï" */
    0xef, 0x1, 0xfd, 0x10, 0x1, 0x80, 0x3f, 0xc0,
    0x5f, 0xa0, 0x1f, 0xbf, 0xc0, 0x1f, 0xff, 0xf0,
    0xe,

    /* U+00D0 "Ð" */
    0x0, 0x7f, 0xf7, 0x6d, 0x28, 0x7, 0xe6, 0x69,
    0x1, 0x6b, 0x48, 0x3, 0xd3, 0x35, 0x6f, 0x29,
    0x60, 0x80, 0x7f, 0x86, 0x90, 0x6c, 0x3, 0xff,
    0x81, 0x20, 0xa0, 0x22, 0x0, 0x10, 0x88, 0x3,
    0x10, 0x81, 0xff, 0x0, 0x37, 0xb8, 0xa0, 0x18,
    0x81, 0xea, 0xc0, 0x15, 0x76, 0x40, 0xf, 0x91,
    0x0, 0x5, 0x44, 0x8, 0x6, 0x20, 0x70, 0xf,
    0xf8, 0x84, 0xc, 0x3, 0xfe, 0x90, 0x60, 0xf,
    0xf0, 0xd2, 0xc, 0x0, 0x74, 0xcd, 0x59, 0xca,
    0x58, 0x20, 0x1c, 0xcd, 0x20, 0xad, 0x69, 0x0,
    0x0,

    /* U+00D1 "Ñ" */
    0x0, 0x8b, 0x7a, 0x6, 0xa4, 0x3, 0xa1, 0xa8,
    0xf9, 0x68, 0x3, 0xae, 0x92, 0xfb, 0xcc, 0x3,
    0x84, 0x40, 0x1, 0x0, 0xef, 0xf6, 0x80, 0x7b,
    0xbc, 0x2, 0x27, 0x0, 0xfe, 0x11, 0x48, 0x80,
    0x7f, 0x48, 0xc8, 0x7, 0xf3, 0x93, 0x90, 0x7,
    0xf4, 0x4, 0x0, 0x7f, 0x29, 0xa9, 0x80, 0x7f,
    0x78, 0x78, 0x7, 0xf1, 0xa1, 0xa0, 0x7, 0xf4,
    0x84, 0x80, 0x7f, 0x13, 0x13, 0x0, 0x7f, 0x40,
    0x40, 0x80, 0x7e, 0x18, 0x10, 0xf, 0xf3, 0x88,
    0x0,

    /* U+00D2 "Ò" */
    0x0, 0xc5, 0x8, 0x1, 0xff, 0x10, 0xd9, 0x0,
    0x7f, 0xd2, 0x9e, 0x1, 0xff, 0xc0, 0xbd, 0x0,
    0xff, 0xe5, 0x9c, 0xef, 0xfb, 0x60, 0x40, 0x3a,
    0x31, 0x85, 0x94, 0x1f, 0x94, 0x2, 0x77, 0xe,
    0x62, 0x6b, 0x68, 0x29, 0x0, 0xa0, 0x30, 0xc0,
    0x32, 0xc8, 0x48, 0x50, 0x29, 0x0, 0x79, 0x88,
    0x88, 0x61, 0xe0, 0x1f, 0x90, 0xd, 0x81, 0x80,
    0x3f, 0x70, 0x70, 0x7, 0xff, 0x9, 0x81, 0x80,
    0x3f, 0x70, 0x71, 0x87, 0x80, 0x7e, 0x40, 0x3a,
    0x5, 0x20, 0xf, 0x31, 0x11, 0x9, 0xc3, 0xc,
    0x3, 0x2c, 0x84, 0x80, 0x21, 0xc7, 0x31, 0x35,
    0xb4, 0x14, 0x80, 0x14, 0x62, 0x8b, 0x28, 0x3f,
    0x28, 0x0,

    /* U+00D3 "Ó" */
    0x0, 0xf9, 0x9c, 0x3, 0xfe, 0x59, 0x20, 0xf,
    0xf1, 0x54, 0x28, 0x7, 0xf8, 0xbd, 0xc0, 0x3f,
    0xf9, 0x67, 0x3b, 0xfe, 0xd8, 0x10, 0xe, 0x8c,
    0x61, 0x65, 0x7, 0xe5, 0x0, 0x9d, 0xc3, 0x98,
    0x9a, 0xda, 0xa, 0x40, 0x28, 0xc, 0x30, 0xc,
    0xb2, 0x12, 0x14, 0xa, 0x40, 0x1e, 0x62, 0x22,
    0x18, 0x78, 0x7, 0xe4, 0x3, 0x60, 0x60, 0xf,
    0xdc, 0x1c, 0x1, 0xff, 0xc2, 0x60, 0x60, 0xf,
    0xdc, 0x1c, 0x61, 0xe0, 0x1f, 0x90, 0xe, 0x81,
    0x48, 0x3, 0xcc, 0x44, 0x42, 0x70, 0xc3, 0x0,
    0xcb, 0x21, 0x20, 0x8, 0x71, 0xcc, 0x4d, 0x6d,
    0x5, 0x20, 0x5, 0x18, 0xa2, 0xca, 0xf, 0xca,
    0x0,

    /* U+00D4 "Ô" */
    0x0, 0xe1, 0x87, 0x0, 0xff, 0xb0, 0xea, 0x40,
    0x3f, 0xa9, 0xaf, 0x11, 0xc0, 0x3f, 0x55, 0x80,
    0xeb, 0x80, 0x7f, 0xf2, 0x4e, 0x77, 0xfd, 0xb0,
    0x20, 0x1d, 0x18, 0xc2, 0xca, 0xf, 0xca, 0x1,
    0x3b, 0x87, 0x31, 0x35, 0xb4, 0x14, 0x80, 0x50,
    0x18, 0x60, 0x19, 0x64, 0x24, 0x28, 0x14, 0x80,
    0x3c, 0xc4, 0x44, 0x30, 0xf0, 0xf, 0xc8, 0x6,
    0xc0, 0xc0, 0x1f, 0xb8, 0x38, 0x3, 0xff, 0x84,
    0xc0, 0xc0, 0x1f, 0xb8, 0x38, 0xc3, 0xc0, 0x3f,
    0x20, 0x1d, 0x2, 0x90, 0x7, 0x98, 0x88, 0x84,
    0xe1, 0x86, 0x1, 0x96, 0x42, 0x40, 0x10, 0xe3,
    0x98, 0x9a, 0xda, 0xa, 0x40, 0xa, 0x31, 0x45,
    0x94, 0x1f, 0x94, 0x0,

    /* U+00D5 "Õ" */
    0x0, 0xd3, 0xd6, 0x69, 0xe0, 0x1f, 0x1b, 0x69,
    0xe5, 0xb8, 0x7, 0xc7, 0xa7, 0x1f, 0xd0, 0x1,
    0xf8, 0x80, 0x21, 0x0, 0xfc, 0x73, 0xbf, 0xed,
    0x81, 0x0, 0xe8, 0xc6, 0x16, 0x50, 0x7e, 0x50,
    0x9, 0xdc, 0x39, 0x89, 0xad, 0xa0, 0xa4, 0x2,
    0x80, 0xc3, 0x0, 0xcb, 0x21, 0x21, 0x40, 0xa4,
    0x1, 0xe6, 0x22, 0x21, 0x87, 0x80, 0x7e, 0x40,
    0x36, 0x6, 0x0, 0xfd, 0xc1, 0xc0, 0x1f, 0xfc,
    0x26, 0x6, 0x0, 0xfd, 0xc1, 0xc6, 0x1e, 0x1,
    0xf9, 0x0, 0xe8, 0x14, 0x80, 0x3c, 0xc4, 0x44,
    0x27, 0xc, 0x30, 0xc, 0xb2, 0x12, 0x0, 0x87,
    0x1c, 0xc4, 0xd6, 0xd0, 0x52, 0x0, 0x51, 0x8a,
    0x2c, 0xa0, 0xfc, 0xa0, 0x0,

    /* U+00D6 "Ö" */
    0x0, 0xdf, 0xe0, 0x3f, 0xc0, 0xf, 0xe1, 0x0,
    0x9c, 0x3, 0xf7, 0xf0, 0x1f, 0xd8, 0x7, 0xff,
    0x24, 0xe7, 0x7f, 0xdb, 0x2, 0x1, 0xd1, 0x8c,
    0x2c, 0xa0, 0xfc, 0xa0, 0x13, 0xb8, 0x73, 0x13,
    0x5b, 0x41, 0x48, 0x5, 0x1, 0x86, 0x1, 0x96,
    0x42, 0x42, 0x81, 0x48, 0x3, 0xcc, 0x44, 0x43,
    0xf, 0x0, 0xfc, 0x80, 0x6c, 0xc, 0x1, 0xfb,
    0x83, 0x80, 0x3f, 0xf8, 0x4c, 0xc, 0x1, 0xfb,
    0x83, 0x8c, 0x3c, 0x3, 0xf2, 0x1, 0xd0, 0x29,
    0x0, 0x79, 0x88, 0x88, 0x4e, 0x18, 0x60, 0x19,
    0x64, 0x24, 0x1, 0xe, 0x39, 0x89, 0xad, 0xa0,
    0xa4, 0x0, 0xa3, 0x14, 0x59, 0x41, 0xf9, 0x40,
    0x0,

    /* U+00D7 "×" */
    0x5, 0x20, 0xf, 0x94, 0x80, 0x6f, 0xc, 0x3,
    0x9a, 0xb8, 0x7, 0x47, 0x4c, 0x2, 0x69, 0x2d,
    0x0, 0x1e, 0xe, 0x18, 0x34, 0x96, 0x8, 0x4,
    0x78, 0x19, 0x32, 0x2c, 0x10, 0xe, 0x3c, 0x6,
    0x2c, 0x10, 0xf, 0x90, 0x0, 0x4a, 0x1, 0xf3,
    0xc1, 0xd8, 0xda, 0x0, 0x73, 0xc1, 0xe2, 0x60,
    0xda, 0x0, 0x51, 0x3, 0xc0, 0x1, 0x60, 0xda,
    0x0, 0x14, 0xf0, 0x3, 0x16, 0xf, 0x80, 0x33,
    0x0, 0x1e, 0x2f, 0xb0,

    /* U+00D8 "Ø" */
    0x0, 0xff, 0xe0, 0x10, 0x6, 0x39, 0xdf, 0xf6,
    0x38, 0x8b, 0x1c, 0x1, 0x18, 0xc2, 0xca, 0x31,
    0xf8, 0x4e, 0xe, 0xe1, 0xcc, 0x4d, 0x6c, 0x89,
    0x40, 0x14, 0x6, 0x18, 0x6, 0xd6, 0x8, 0xa,
    0x5, 0x20, 0xd, 0x45, 0x28, 0x67, 0x7, 0x80,
    0x69, 0x19, 0x2, 0x4, 0x60, 0x60, 0xa, 0x12,
    0xc0, 0x1c, 0x1c, 0x0, 0x70, 0x3, 0xb6, 0x0,
    0x5e, 0x0, 0x60, 0x10, 0x68, 0xd1, 0x0, 0x88,
    0x38, 0xc3, 0xd6, 0x68, 0xc0, 0x32, 0x1, 0xd0,
    0x2d, 0x42, 0x80, 0x67, 0x12, 0x42, 0x70, 0x2,
    0x0, 0x66, 0x80, 0x90, 0x26, 0x30, 0xcc, 0x4d,
    0x6c, 0x85, 0x20, 0x4a, 0xe6, 0xb0, 0xb2, 0x83,
    0xf2, 0x80, 0x2a, 0x80, 0x53, 0xbf, 0xed, 0x81,
    0x0, 0x80,

    /* U+00D9 "Ù" */
    0x0, 0xcc, 0xe0, 0x1f, 0xe5, 0x88, 0x0, 0x7f,
    0x1d, 0xba, 0x0, 0x7f, 0x27, 0xa0, 0x7, 0xff,
    0x11, 0x3e, 0xc0, 0x3c, 0x3f, 0xc0, 0x1f, 0xff,
    0xf0, 0xf, 0xfe, 0x4b, 0x83, 0x80, 0x78, 0xc0,
    0xcc, 0x6, 0x20, 0x1c, 0x80, 0xe0, 0xa1, 0x60,
    0x18, 0xa0, 0x38, 0x2c, 0x97, 0xaa, 0x6f, 0x45,
    0xd0, 0x7, 0x60, 0x95, 0x95, 0x2e, 0x0,

    /* U+00DA "Ú" */
    0x0, 0xf1, 0x41, 0x80, 0x7f, 0x79, 0x98, 0x3,
    0xf5, 0x5, 0x80, 0x7f, 0x56, 0x80, 0x7f, 0xf1,
    0x53, 0xec, 0x3, 0xc3, 0xfc, 0x1, 0xff, 0xff,
    0x0, 0xff, 0xe4, 0xb8, 0x38, 0x7, 0x8c, 0xc,
    0xc0, 0x62, 0x1, 0xc8, 0xe, 0xa, 0x16, 0x1,
    0x8a, 0x3, 0x82, 0xc9, 0x7a, 0xa6, 0xf4, 0x5d,
    0x0, 0x76, 0x9, 0x59, 0x52, 0xe0, 0x0,

    /* U+00DB "Û" */
    0x0, 0xe6, 0x83, 0x0, 0xfc, 0xd2, 0x3a, 0x40,
    0x1e, 0x48, 0xc9, 0x6f, 0x0, 0xf2, 0x71, 0x84,
    0x68, 0x7, 0xff, 0xd, 0x3e, 0xc0, 0x3c, 0x3f,
    0xc0, 0x1f, 0xff, 0xf0, 0xf, 0xfe, 0x4b, 0x83,
    0x80, 0x78, 0xc0, 0xcc, 0x6, 0x20, 0x1c, 0x80,
    0xe0, 0xa1, 0x60, 0x18, 0xa0, 0x38, 0x2c, 0x97,
    0xaa, 0x6f, 0x45, 0xd0, 0x7, 0x60, 0x95, 0x95,
    0x2e, 0x0,

    /* U+00DC "Ü" */
    0x0, 0xa7, 0xd8, 0x33, 0xcc, 0x3, 0x84, 0x2,
    0x70, 0xf, 0xa3, 0xd8, 0x2f, 0xcc, 0x3, 0xff,
    0x84, 0x9f, 0x60, 0x1e, 0x1f, 0xe0, 0xf, 0xff,
    0xf8, 0x7, 0xff, 0x25, 0xc1, 0xc0, 0x3c, 0x60,
    0x66, 0x3, 0x10, 0xe, 0x40, 0x70, 0x50, 0xb0,
    0xc, 0x50, 0x1c, 0x16, 0x4b, 0xd5, 0x37, 0xa2,
    0xe8, 0x3, 0xb0, 0x4a, 0xca, 0x97, 0x0,

    /* U+00DD "Ý" */
    0x0, 0xfa, 0xf8, 0x40, 0x3f, 0xce, 0x98, 0x20,
    0x1f, 0xf6, 0x10, 0x7, 0xfc, 0xe6, 0x1, 0xf5,
    0xfb, 0x0, 0x78, 0xff, 0x40, 0x14, 0x32, 0x40,
    0x1d, 0xc1, 0xc0, 0x1, 0xa0, 0xe0, 0xd, 0x25,
    0x6, 0x1, 0x23, 0x1c, 0x0, 0x11, 0x8d, 0xc0,
    0x3a, 0x49, 0xd0, 0x68, 0x38, 0x3, 0xee, 0xa,
    0xa0, 0xc9, 0x0, 0x7c, 0x70, 0x28, 0xac, 0x1,
    0xfc, 0xe2, 0x10, 0x1, 0xff, 0xc1, 0x30, 0xf,
    0xff, 0xf8,

    /* U+00DE "Þ" */
    0xf, 0xf0, 0x7, 0xff, 0x2a, 0x66, 0x85, 0x0,
    0xf3, 0x34, 0xf5, 0xc6, 0x1, 0xbf, 0xed, 0x41,
    0xd0, 0xf, 0x8a, 0xc4, 0x48, 0x1, 0xf9, 0x40,
    0x40, 0x3f, 0x28, 0x8, 0x7, 0x8a, 0xc4, 0x48,
    0x1, 0x7f, 0xda, 0x83, 0xa0, 0x19, 0x9a, 0x7a,
    0xe3, 0x0, 0xd3, 0x34, 0x28, 0x7, 0xff, 0x34,

    /* U+00DF "ß" */
    0x0, 0x25, 0xff, 0xb6, 0x0, 0x33, 0x5a, 0xb3,
    0x8b, 0xd0, 0x5, 0x1, 0x93, 0x18, 0xaa, 0x20,
    0x21, 0x42, 0x0, 0x9, 0x82, 0x0, 0x80, 0x80,
    0x1b, 0x96, 0x10, 0x3, 0x8a, 0x57, 0x1c, 0x80,
    0x39, 0xc3, 0x0, 0x3f, 0x30, 0x59, 0x0, 0x7c,
    0x6c, 0x5a, 0xe0, 0x1f, 0x4d, 0xc, 0x58, 0x7,
    0xcb, 0xc8, 0x87, 0x0, 0xfd, 0x1, 0xa0, 0x1f,
    0x98, 0xc, 0x2, 0x3d, 0x98, 0xaa, 0x5, 0x80,
    0x73, 0x3b, 0x97, 0x48,

    /* U+00E0 "à" */
    0x2, 0xec, 0x0, 0xf8, 0xb4, 0xe4, 0x3, 0xe3,
    0xb6, 0x50, 0xf, 0x92, 0xc8, 0x3, 0xf2, 0x38,
    0x7, 0x35, 0xef, 0xfb, 0x14, 0x2, 0x97, 0x47,
    0x62, 0xa7, 0x0, 0x76, 0x4c, 0x4f, 0x1c, 0x8,
    0x8, 0x4, 0x22, 0xb0, 0x50, 0x3b, 0xff, 0x77,
    0x20, 0x8, 0xf1, 0x5e, 0xae, 0xce, 0x3, 0x21,
    0x50, 0xa8, 0x8f, 0x0, 0x30, 0x20, 0x6, 0xc0,
    0x3, 0x2, 0x80, 0x4a, 0x80, 0x9, 0xa, 0xa4,
    0x5d, 0x28, 0x0, 0xec, 0xd5, 0xc2, 0xfc, 0x0,

    /* U+00E1 "á" */
    0x0, 0xe4, 0xfa, 0x0, 0xf0, 0xd2, 0x50, 0x7,
    0xb4, 0xac, 0x3, 0xc7, 0x7a, 0x1, 0xf1, 0xb8,
    0x80, 0x73, 0x5e, 0xff, 0xb1, 0x40, 0x29, 0x74,
    0x76, 0x2a, 0x70, 0x7, 0x64, 0xc4, 0xf1, 0xc0,
    0x80, 0x80, 0x42, 0x2b, 0x5, 0x3, 0xbf, 0xf7,
    0x72, 0x0, 0x8f, 0x15, 0xea, 0xec, 0xe0, 0x32,
    0x15, 0xa, 0x88, 0xf0, 0x3, 0x2, 0x0, 0x6c,
    0x0, 0x30, 0x28, 0x4, 0xa8, 0x0, 0x90, 0xaa,
    0x45, 0xd2, 0x80, 0xe, 0xcd, 0x5c, 0x2f, 0xc0,
    0x0,

    /* U+00E2 "â" */
    0x0, 0x93, 0xf4, 0x3, 0xea, 0x53, 0x80, 0xe,
    0xa2, 0xad, 0x73, 0x0, 0x87, 0x74, 0x7, 0x4a,
    0x1, 0xb, 0x88, 0x1, 0x58, 0x2, 0x6b, 0xdf,
    0xf6, 0x28, 0x5, 0x2e, 0x8e, 0xc5, 0x4e, 0x0,
    0xec, 0x98, 0x9e, 0x38, 0x10, 0x10, 0x8, 0x45,
    0x60, 0xa0, 0x77, 0xfe, 0xee, 0x40, 0x11, 0xe2,
    0xbd, 0x5d, 0x9c, 0x6, 0x42, 0xa1, 0x51, 0x1e,
    0x0, 0x60, 0x40, 0xd, 0x80, 0x6, 0x5, 0x0,
    0x95, 0x0, 0x12, 0x15, 0x48, 0xba, 0x50, 0x1,
    0xd9, 0xab, 0x85, 0xf8, 0x0,

    /* U+00E3 "ã" */
    0x0, 0x57, 0xe1, 0xaf, 0x80, 0x48, 0x8b, 0x6c,
    0xa7, 0x0, 0x97, 0x12, 0xbb, 0x60, 0x2, 0x12,
    0x0, 0x9, 0x0, 0x66, 0xbd, 0xff, 0x62, 0x80,
    0x52, 0xe8, 0xec, 0x54, 0xe0, 0xe, 0xc9, 0x89,
    0xe3, 0x81, 0x1, 0x0, 0x84, 0x56, 0xa, 0x7,
    0x7f, 0xee, 0xe4, 0x1, 0x1e, 0x2b, 0xd5, 0xd9,
    0xc0, 0x64, 0x2a, 0x15, 0x11, 0xe0, 0x6, 0x4,
    0x0, 0xd8, 0x0, 0x60, 0x50, 0x9, 0x50, 0x1,
    0x21, 0x54, 0x8b, 0xa5, 0x0, 0x1d, 0x9a, 0xb8,
    0x5f, 0x80, 0x0,

    /* U+00E4 "ä" */
    0x1, 0xfe, 0x4, 0xfb, 0x0, 0xe3, 0x0, 0x84,
    0x2, 0x1f, 0xd0, 0x4f, 0xa0, 0xf, 0xfe, 0xb,
    0x5e, 0xff, 0xb1, 0x40, 0x29, 0x74, 0x76, 0x2a,
    0x70, 0x7, 0x64, 0xc4, 0xf1, 0xc0, 0x80, 0x80,
    0x42, 0x2b, 0x5, 0x3, 0xbf, 0xf7, 0x72, 0x0,
    0x8f, 0x15, 0xea, 0xec, 0xe0, 0x32, 0x15, 0xa,
    0x88, 0xf0, 0x3, 0x2, 0x0, 0x6c, 0x0, 0x30,
    0x28, 0x4, 0xa8, 0x0, 0x90, 0xaa, 0x45, 0xd2,
    0x80, 0xe, 0xcd, 0x5c, 0x2f, 0xc0, 0x0,

    /* U+00E5 "å" */
    0x0, 0xa3, 0xb5, 0x0, 0x39, 0xda, 0xa9, 0x62,
    0x1, 0xae, 0x11, 0xc9, 0xc0, 0x3f, 0x8, 0x7,
    0x25, 0xa, 0x1a, 0x0, 0x68, 0x7e, 0xb9, 0x20,
    0xe, 0xbe, 0xf6, 0x0, 0xcd, 0x7b, 0xdf, 0x8a,
    0x1, 0x4b, 0xa3, 0xb1, 0x53, 0x80, 0x3b, 0x26,
    0x27, 0x8e, 0x4, 0x4, 0x2, 0x11, 0x58, 0x28,
    0x1d, 0xff, 0xbb, 0x90, 0x4, 0x78, 0xaf, 0x57,
    0x67, 0x1, 0x90, 0xa8, 0x54, 0x47, 0x80, 0x18,
    0x10, 0x3, 0x60, 0x1, 0x81, 0x40, 0x25, 0x40,
    0x4, 0x85, 0x52, 0x2e, 0x94, 0x0, 0x76, 0x6a,
    0xe1, 0x7e, 0x0,

    /* U+00E6 "æ" */
    0x6, 0xbd, 0xfe, 0xb4, 0x1, 0x8d, 0xff, 0x62,
    0x80, 0x52, 0xe8, 0xee, 0x5b, 0x9c, 0x76, 0x76,
    0x2a, 0x80, 0x7, 0x64, 0xc4, 0xf1, 0xb1, 0xed,
    0xc4, 0xf1, 0xb9, 0x0, 0x80, 0x42, 0x2b, 0x6,
    0x31, 0x1d, 0x20, 0xa0, 0x77, 0xfe, 0xee, 0x40,
    0x3f, 0x77, 0x50, 0x71, 0xe2, 0xbd, 0x5d, 0x9c,
    0x1e, 0xef, 0xf4, 0x85, 0x42, 0xa2, 0x3c, 0x0,
    0x89, 0xf1, 0x30, 0x20, 0x6, 0xc0, 0x50, 0xf,
    0xcc, 0xa, 0x1, 0x2a, 0x11, 0x20, 0x3, 0x90,
    0x78, 0x2a, 0x91, 0x74, 0xd8, 0x4f, 0xb1, 0x9,
    0xdb, 0x34, 0xc4, 0x43, 0xba, 0xa4, 0x76, 0x5,
    0xdc, 0x8d, 0x24,

    /* U+00E7 "ç" */
    0x0, 0x1d, 0x77, 0xf5, 0xa8, 0x36, 0x2a, 0x3b,
    0x9a, 0x4a, 0x47, 0x6a, 0x27, 0x75, 0x61, 0x4,
    0x1, 0x85, 0x41, 0x0, 0x3c, 0x20, 0x40, 0x1e,
    0x10, 0x20, 0xf, 0x28, 0x20, 0x7, 0xac, 0x20,
    0x80, 0x30, 0x94, 0x8e, 0xd4, 0x4e, 0x50, 0x36,
    0x2a, 0x3b, 0x3f, 0x0, 0xe, 0xb9, 0xd2, 0xd4,
    0x3, 0xa9, 0x8, 0x3, 0x21, 0xa8, 0x8, 0x6,
    0xec, 0x96, 0x30,

    /* U+00E8 "è" */
    0x0, 0x47, 0xa8, 0x7, 0xe8, 0x6a, 0x20, 0xf,
    0xd2, 0x9e, 0x1, 0xfd, 0x74, 0x80, 0x1f, 0xce,
    0x80, 0x1e, 0x3a, 0xef, 0xea, 0x20, 0x9, 0xb1,
    0x1d, 0xc8, 0xba, 0x60, 0x52, 0x9d, 0x31, 0x5a,
    0x1c, 0x16, 0x10, 0x23, 0x8d, 0x8, 0x54, 0x33,
    0xbb, 0x90, 0x8, 0x42, 0xef, 0xf1, 0x80, 0x1d,
    0x13, 0xe0, 0x40, 0xb0, 0xf, 0xd6, 0xe, 0x80,
    0x1c, 0xa0, 0x52, 0x17, 0x68, 0x85, 0xfc, 0x0,
    0x1b, 0x15, 0x4e, 0xcd, 0x48, 0x0,

    /* U+00E9 "é" */
    0x0, 0xf5, 0x79, 0x80, 0x7c, 0xeb, 0x66, 0x1,
    0xe4, 0x89, 0x40, 0xf, 0x8a, 0x98, 0x3, 0xf3,
    0x28, 0x7, 0xc7, 0x5d, 0xfd, 0x44, 0x1, 0x36,
    0x23, 0xb9, 0x17, 0x4c, 0xa, 0x53, 0xa6, 0x2b,
    0x43, 0x82, 0xc2, 0x4, 0x71, 0xa1, 0xa, 0x86,
    0x77, 0x72, 0x1, 0x8, 0x5d, 0xfe, 0x30, 0x3,
    0xa2, 0x7c, 0x8, 0x16, 0x1, 0xfa, 0xc1, 0xd0,
    0x3, 0x94, 0xa, 0x42, 0xed, 0x10, 0xbf, 0x80,
    0x3, 0x62, 0xa9, 0xd9, 0xa9, 0x0,

    /* U+00EA "ê" */
    0x0, 0xd7, 0xec, 0x1, 0xf3, 0x23, 0x49, 0x0,
    0x70, 0xcd, 0x4a, 0xf0, 0x7, 0x2c, 0xa8, 0x55,
    0x90, 0x6, 0x46, 0x0, 0x9c, 0x80, 0x31, 0xd7,
    0x7f, 0x51, 0x0, 0x4d, 0x88, 0xee, 0x45, 0xd3,
    0x2, 0x94, 0xe9, 0x8a, 0xd0, 0xe0, 0xb0, 0x81,
    0x1c, 0x68, 0x42, 0xa1, 0x9d, 0xdc, 0x80, 0x42,
    0x17, 0x7f, 0x8c, 0x0, 0xe8, 0x9f, 0x2, 0x5,
    0x80, 0x7e, 0xb0, 0x74, 0x0, 0xe5, 0x2, 0x90,
    0xbb, 0x44, 0x2f, 0xe0, 0x0, 0xd8, 0xaa, 0x76,
    0x6a, 0x40,

    /* U+00EB "ë" */
    0x0, 0x47, 0xb8, 0x5f, 0xa0, 0x7, 0x84, 0x4,
    0x1c, 0x3, 0x47, 0xb0, 0x57, 0x98, 0x7, 0xff,
    0xc, 0xeb, 0xbf, 0xa8, 0x80, 0x26, 0xc4, 0x77,
    0x22, 0xe9, 0x81, 0x4a, 0x74, 0xc5, 0x68, 0x70,
    0x58, 0x40, 0x8e, 0x34, 0x21, 0x50, 0xce, 0xee,
    0x40, 0x21, 0xb, 0xbf, 0xc6, 0x0, 0x74, 0x4f,
    0x81, 0x2, 0xc0, 0x3f, 0x58, 0x3a, 0x0, 0x72,
    0x81, 0x48, 0x5d, 0xa2, 0x17, 0xf0, 0x0, 0x6c,
    0x55, 0x3b, 0x35, 0x20,

    /* U+00EC "ì" */
    0x28, 0x40, 0x8, 0x89, 0x66, 0x1, 0x52, 0x70,
    0x80, 0x56, 0x34, 0x1, 0xb2, 0xc0, 0x21, 0xfb,
    0x0, 0xff, 0xf8, 0x80,

    /* U+00ED "í" */
    0x0, 0x9d, 0x80, 0x2a, 0x85, 0x0, 0x32, 0xd9,
    0x81, 0xcd, 0x20, 0x0, 0xfd, 0x40, 0x21, 0xfb,
    0x0, 0xff, 0xf9, 0x80,

    /* U+00EE "î" */
    0x0, 0x9d, 0x40, 0x34, 0xc5, 0x18, 0x1, 0x1b,
    0x1b, 0x80, 0x6a, 0x4e, 0x46, 0x7, 0x98, 0x1,
    0x90, 0x0, 0x1f, 0xb0, 0xf, 0xff, 0xe0,

    /* U+00EF "ï" */
    0x2f, 0xd0, 0x4f, 0xb3, 0x1, 0x0, 0x84, 0x5f,
    0x80, 0x9f, 0x40, 0x1f, 0xc3, 0xf6, 0x1, 0xff,
    0xfc,

    /* U+00F0 "ð" */
    0x0, 0x3f, 0xd8, 0x1, 0x60, 0x3, 0x3b, 0x26,
    0xf6, 0x68, 0x4, 0xfa, 0x8a, 0x49, 0x2a, 0x1,
    0x1e, 0x6d, 0x3a, 0xc0, 0x6, 0x44, 0x67, 0xb8,
    0x3a, 0x80, 0x4f, 0x44, 0xd0, 0xc3, 0x42, 0x7,
    0x3, 0xf2, 0xf3, 0x1, 0x21, 0x41, 0x2, 0x1,
    0x30, 0x28, 0x20, 0x20, 0x7, 0x11, 0x0, 0x22,
    0x0, 0xe1, 0x1, 0x10, 0x10, 0x7, 0x10, 0xa,
    0x82, 0x0, 0x62, 0x12, 0xa, 0x8, 0x10, 0xa,
    0x42, 0x80, 0xe0, 0x7e, 0x63, 0x51, 0xe, 0x0,
    0x7b, 0x56, 0x70, 0x8b, 0x0, 0x0,

    /* U+00F1 "ñ" */
    0x0, 0x16, 0xfc, 0x8d, 0x50, 0x2, 0xb6, 0xa4,
    0xe5, 0x90, 0xa, 0xe9, 0x77, 0x5c, 0x60, 0x11,
    0x8, 0x0, 0x84, 0x0, 0x7f, 0x43, 0x5d, 0xf8,
    0x80, 0x10, 0xfb, 0x3a, 0x9d, 0x98, 0x1, 0x1b,
    0x26, 0xa8, 0x10, 0x0, 0x18, 0x0, 0x94, 0x14,
    0x0, 0xa0, 0x1c, 0x42, 0x0, 0x10, 0xf, 0xff,
    0x68,

    /* U+00F2 "ò" */
    0x0, 0x5f, 0x90, 0x7, 0xeb, 0x3f, 0x0, 0xfe,
    0xd0, 0xa0, 0xf, 0xc3, 0xe4, 0x40, 0xf, 0xc5,
    0x4, 0x1, 0xe5, 0xcf, 0xf6, 0xb8, 0x6, 0x8a,
    0x26, 0x70, 0x8c, 0x0, 0x1b, 0x97, 0xcc, 0x6a,
    0x1b, 0x85, 0x5, 0x88, 0x5, 0x21, 0x40, 0x80,
    0xe0, 0x18, 0x84, 0x84, 0xc0, 0x40, 0x38, 0x80,
    0x6, 0x2, 0x1, 0xc4, 0x0, 0x70, 0x40, 0xc,
    0x42, 0x43, 0x21, 0x2, 0x1, 0x48, 0x50, 0x1b,
    0x97, 0xcc, 0x6a, 0x1b, 0x80, 0x22, 0x89, 0x9c,
    0x23, 0x0, 0x0,

    /* U+00F3 "ó" */
    0x0, 0xf6, 0xe8, 0x40, 0x3e, 0xa3, 0xf1, 0x0,
    0xf3, 0xae, 0x90, 0x7, 0xec, 0x30, 0xf, 0xce,
    0x60, 0x1f, 0x2e, 0x7f, 0xb5, 0xc0, 0x34, 0x51,
    0x33, 0x84, 0x60, 0x0, 0xdc, 0xbe, 0x63, 0x50,
    0xdc, 0x28, 0x2c, 0x40, 0x29, 0xa, 0x4, 0x7,
    0x0, 0xc4, 0x24, 0x26, 0x2, 0x1, 0xc4, 0x0,
    0x30, 0x10, 0xe, 0x20, 0x3, 0x82, 0x0, 0x62,
    0x12, 0x19, 0x8, 0x10, 0xa, 0x42, 0x80, 0xdc,
    0xbe, 0x63, 0x50, 0xdc, 0x1, 0x14, 0x4c, 0xe1,
    0x18, 0x0,

    /* U+00F4 "ô" */
    0x0, 0xdd, 0xe6, 0x1, 0xf4, 0x9a, 0xf0, 0x7,
    0x91, 0xbe, 0x82, 0x0, 0x38, 0xac, 0x83, 0xfc,
    0x1, 0xcc, 0x80, 0x2, 0x70, 0xe, 0x5c, 0xff,
    0x6b, 0x80, 0x68, 0xa2, 0x67, 0x8, 0xc0, 0x1,
    0xb9, 0x7c, 0xc6, 0xa1, 0xb8, 0x50, 0x58, 0x80,
    0x52, 0x14, 0x8, 0xe, 0x1, 0x88, 0x48, 0x4c,
    0x4, 0x3, 0x88, 0x0, 0x60, 0x20, 0x1c, 0x40,
    0x7, 0x4, 0x0, 0xc4, 0x24, 0x32, 0x10, 0x20,
    0x14, 0x85, 0x1, 0xb9, 0x7c, 0xc6, 0xa1, 0xb8,
    0x2, 0x28, 0x99, 0xc2, 0x30, 0x0,

    /* U+00F5 "õ" */
    0x0, 0x37, 0x6b, 0xf, 0xa0, 0x6, 0x99, 0x54,
    0xf1, 0x20, 0x6, 0xc7, 0x77, 0xee, 0x80, 0x38,
    0xc0, 0x22, 0x0, 0xf2, 0xe7, 0xfb, 0x5c, 0x3,
    0x45, 0x13, 0x38, 0x46, 0x0, 0xd, 0xcb, 0xe6,
    0x35, 0xd, 0xc2, 0x82, 0xc4, 0x2, 0x90, 0xa0,
    0x40, 0x70, 0xc, 0x42, 0x42, 0x60, 0x20, 0x1c,
    0x40, 0x3, 0x1, 0x0, 0xe2, 0x0, 0x38, 0x20,
    0x6, 0x21, 0x21, 0x90, 0x81, 0x0, 0xa4, 0x28,
    0xd, 0xcb, 0xe6, 0x35, 0xd, 0xc0, 0x11, 0x44,
    0xce, 0x11, 0x80, 0x0,

    /* U+00F6 "ö" */
    0x0, 0x67, 0x98, 0x7f, 0x80, 0x39, 0xc0, 0x21,
    0x0, 0xf5, 0xf9, 0x87, 0x78, 0x7, 0xff, 0x11,
    0x73, 0xfd, 0xae, 0x1, 0xa2, 0x89, 0x9c, 0x23,
    0x0, 0x6, 0xe5, 0xf3, 0x1a, 0x86, 0xe1, 0x41,
    0x62, 0x1, 0x48, 0x50, 0x20, 0x38, 0x6, 0x21,
    0x21, 0x30, 0x10, 0xe, 0x20, 0x1, 0x80, 0x80,
    0x71, 0x0, 0x1c, 0x10, 0x3, 0x10, 0x90, 0xc8,
    0x40, 0x80, 0x52, 0x14, 0x6, 0xe5, 0xf3, 0x1a,
    0x86, 0xe0, 0x8, 0xa2, 0x67, 0x8, 0xc0, 0x0,

    /* U+00F7 "÷" */
    0x0, 0xed, 0xf9, 0x0, 0xff, 0xe5, 0xcd, 0x50,
    0x3, 0xfc, 0x8a, 0x60, 0x1d, 0xdf, 0xff, 0xf5,
    0x32, 0xaf, 0xfd, 0x91, 0x55, 0xff, 0x30, 0x7,
    0x6f, 0xc8, 0x7, 0xff, 0x2e, 0x6a, 0x80, 0x1c,

    /* U+00F8 "ø" */
    0x0, 0xff, 0x28, 0x6, 0x5c, 0xff, 0x63, 0xb5,
    0x18, 0x2, 0x28, 0x99, 0x83, 0x13, 0x23, 0x3,
    0x71, 0xf9, 0x97, 0x80, 0x75, 0x4, 0x8, 0xf,
    0xb8, 0x58, 0x1, 0x1, 0x0, 0x1a, 0xf0, 0x44,
    0x10, 0x8, 0x82, 0x82, 0x80, 0x40, 0x21, 0x1,
    0x87, 0xd0, 0x1, 0x0, 0x4a, 0x16, 0xfe, 0x20,
    0x42, 0x42, 0x14, 0xb, 0x44, 0x0, 0x90, 0xa0,
    0x0, 0x80, 0x2e, 0x63, 0x50, 0xdc, 0x7, 0x1a,
    0xd5, 0xdc, 0x11, 0x80, 0x1, 0x89, 0x4b, 0xef,
    0xd7, 0x0, 0x80,

    /* U+00F9 "ù" */
    0x0, 0x57, 0x98, 0x7, 0xd4, 0x9a, 0x20, 0x1f,
    0x59, 0x50, 0x7, 0xed, 0xc2, 0x0, 0xf8, 0x5c,
    0x80, 0x24, 0xf8, 0x0, 0xef, 0xd0, 0xf, 0xff,
    0x83, 0x81, 0x0, 0x63, 0x0, 0x18, 0x28, 0x80,
    0x5e, 0x1, 0x38, 0x7c, 0xd7, 0x38, 0x5, 0xe,
    0xc, 0x8d, 0x60, 0x0,

    /* U+00FA "ú" */
    0x0, 0xf6, 0x71, 0x0, 0x7a, 0x4f, 0x48, 0x3,
    0x99, 0x96, 0x60, 0x1e, 0x1b, 0x40, 0xf, 0x9d,
    0x0, 0x32, 0x7c, 0x0, 0x77, 0xe8, 0x7, 0xff,
    0xc1, 0xc0, 0x80, 0x31, 0x80, 0xc, 0x14, 0x40,
    0x2f, 0x0, 0x9c, 0x3e, 0x6b, 0x9c, 0x2, 0x87,
    0x6, 0x46, 0xb0, 0x0,

    /* U+00FB "û" */
    0x0, 0xdb, 0xe8, 0x1, 0xe8, 0x35, 0xa0, 0xe,
    0x37, 0xda, 0x2a, 0x0, 0xcd, 0x46, 0x1b, 0xa1,
    0x0, 0x95, 0x40, 0x1, 0x71, 0x4, 0xf8, 0x0,
    0xef, 0xd0, 0xf, 0xff, 0x83, 0x81, 0x0, 0x63,
    0x0, 0x18, 0x28, 0x80, 0x5e, 0x1, 0x38, 0x7c,
    0xd7, 0x38, 0x5, 0xe, 0xc, 0x8d, 0x60, 0x0,

    /* U+00FC "ü" */
    0x0, 0x5f, 0xa0, 0x77, 0x88, 0x4, 0x20, 0x11,
    0x80, 0x75, 0x7a, 0x6, 0xf8, 0x80, 0x7f, 0xc9,
    0xf0, 0x1, 0xdf, 0xa0, 0x1f, 0xff, 0x7, 0x2,
    0x0, 0xc6, 0x0, 0x30, 0x51, 0x0, 0xbc, 0x2,
    0x70, 0xf9, 0xae, 0x70, 0xa, 0x1c, 0x19, 0x1a,
    0xc0, 0x0,

    /* U+00FD "ý" */
    0x0, 0xf0, 0xfe, 0x0, 0x7f, 0x50, 0xe8, 0x7,
    0xe6, 0x4d, 0x10, 0xf, 0x8a, 0x64, 0x60, 0x1f,
    0x8b, 0xd8, 0x3, 0x8f, 0xec, 0x3, 0xdb, 0xe2,
    0x66, 0x41, 0x0, 0xc8, 0x4a, 0x21, 0x41, 0x20,
    0x1b, 0x82, 0x40, 0xc, 0x2c, 0x1, 0xa, 0x91,
    0x80, 0x4c, 0x28, 0x0, 0x60, 0xb0, 0xd, 0x41,
    0xe0, 0xa, 0x6, 0x0, 0xc4, 0x88, 0x14, 0x26,
    0x0, 0xf7, 0x4, 0xf0, 0x50, 0x7, 0x94, 0x59,
    0x4c, 0xc0, 0x1f, 0x48, 0x85, 0x0, 0x7e, 0x60,
    0x3, 0x0, 0x7e, 0x50, 0x60, 0xf, 0xef, 0xb,
    0x0, 0xf1, 0xbd, 0xa2, 0x90, 0x7, 0x96, 0x15,
    0x56, 0x1, 0xe0,

    /* U+00FE "þ" */
    0x3f, 0xa0, 0xf, 0xff, 0x1, 0x5f, 0x7e, 0x20,
    0x6, 0x6d, 0x6, 0x61, 0xda, 0x80, 0x46, 0xf7,
    0x13, 0x81, 0x60, 0x10, 0xc0, 0x4, 0x6a, 0x2a,
    0x0, 0x50, 0xe, 0xc0, 0xd0, 0x0, 0x80, 0x71,
    0x0, 0x80, 0x4, 0x3, 0x88, 0x4, 0x0, 0xa0,
    0x1d, 0x81, 0xa0, 0x1, 0x80, 0x8, 0xd4, 0x54,
    0x0, 0x6f, 0x71, 0x38, 0x16, 0x1, 0x36, 0x83,
    0x30, 0xed, 0x40, 0x31, 0x5f, 0x7e, 0x20, 0x7,
    0xff, 0x5c,

    /* U+00FF "ÿ" */
    0x0, 0xbf, 0xc0, 0x5f, 0xa0, 0x1e, 0x10, 0xc,
    0x20, 0x1e, 0xef, 0x2, 0xfc, 0x0, 0xff, 0xe1,
    0x9f, 0xd8, 0x7, 0xb7, 0xc4, 0xcc, 0x82, 0x1,
    0x90, 0x94, 0x42, 0x82, 0x40, 0x37, 0x4, 0x80,
    0x18, 0x58, 0x2, 0x15, 0x23, 0x0, 0x98, 0x50,
    0x0, 0xc1, 0x60, 0x1a, 0x83, 0xc0, 0x14, 0xc,
    0x1, 0x89, 0x10, 0x28, 0x4c, 0x1, 0xee, 0x9,
    0xe0, 0xa0, 0xf, 0x28, 0xb2, 0x99, 0x80, 0x3e,
    0x91, 0xa, 0x0, 0xfc, 0xc0, 0x6, 0x0, 0xfc,
    0xa0, 0xc0, 0x1f, 0xde, 0x16, 0x1, 0xe3, 0x7b,
    0x45, 0x20, 0xf, 0x2c, 0x2a, 0xac, 0x3, 0xc0,

    /* U+0100 "Ā" */
    0x0, 0xc2, 0x3e, 0x0, 0xf8, 0x7b, 0xbb, 0x40,
    0x3e, 0x1b, 0xbe, 0xf0, 0xf, 0xc8, 0x9c, 0x60,
    0x1f, 0xfc, 0xb7, 0xff, 0x10, 0x7, 0xfa, 0x80,
    0x14, 0x1, 0xfc, 0x84, 0xc2, 0xc0, 0x1f, 0xdc,
    0x14, 0xc2, 0xa0, 0x1f, 0xa, 0x91, 0xd0, 0x70,
    0x7, 0xcc, 0x14, 0x4, 0x68, 0x40, 0x1e, 0xa0,
    0x60, 0x5, 0x5, 0x0, 0x72, 0x12, 0x8, 0x1,
    0xc1, 0x80, 0x3b, 0x83, 0x80, 0x21, 0x51, 0x50,
    0x8, 0x54, 0x2b, 0xff, 0x28, 0x70, 0x4, 0xc0,
    0x6c, 0xde, 0x14, 0x20, 0x5, 0x7, 0xcc, 0xf9,
    0x82, 0x81, 0x8, 0x86, 0x1, 0xea, 0x6, 0xe,
    0xb, 0x0, 0xf8, 0x90, 0x54,

    /* U+0101 "ā" */
    0x3, 0xff, 0xea, 0x0, 0x8a, 0x67, 0xb8, 0x2,
    0x16, 0x6e, 0x40, 0xf, 0xfe, 0xb, 0x5e, 0xff,
    0xb1, 0x40, 0x29, 0x74, 0x76, 0x2a, 0x70, 0x7,
    0x64, 0xc4, 0xf1, 0xc0, 0x80, 0x80, 0x42, 0x2b,
    0x5, 0x3, 0xbf, 0xf7, 0x72, 0x0, 0x8f, 0x15,
    0xea, 0xec, 0xe0, 0x32, 0x15, 0xa, 0x88, 0xf0,
    0x3, 0x2, 0x0, 0x6c, 0x0, 0x30, 0x28, 0x4,
    0xa8, 0x0, 0x90, 0xaa, 0x45, 0xd2, 0x80, 0xe,
    0xcd, 0x5c, 0x2f, 0xc0, 0x0,

    /* U+0102 "Ă" */
    0x0, 0xce, 0x20, 0x1, 0x70, 0xf, 0xd7, 0x62,
    0x25, 0xd0, 0x7, 0xef, 0x4d, 0xd2, 0x70, 0x7,
    0xe3, 0xed, 0xd7, 0x18, 0x7, 0xf8, 0x88, 0x1,
    0xff, 0x3f, 0xf8, 0x80, 0x3f, 0xd4, 0x0, 0xa0,
    0xf, 0xe4, 0x26, 0x16, 0x0, 0xfe, 0xe0, 0xa6,
    0x15, 0x0, 0xf8, 0x54, 0x8e, 0x83, 0x80, 0x3e,
    0x60, 0xa0, 0x23, 0x42, 0x0, 0xf5, 0x3, 0x0,
    0x28, 0x28, 0x3, 0x90, 0x90, 0x40, 0xe, 0xc,
    0x1, 0xdc, 0x1c, 0x1, 0xa, 0x8a, 0x80, 0x42,
    0xa1, 0x5f, 0xf9, 0x43, 0x80, 0x26, 0x3, 0x66,
    0xf0, 0xa1, 0x0, 0x28, 0x3e, 0x67, 0xcc, 0x14,
    0x8, 0x44, 0x30, 0xf, 0x50, 0x30, 0x70, 0x58,
    0x7, 0xc4, 0x82, 0xa0,

    /* U+0103 "ă" */
    0x2, 0xf5, 0x12, 0xab, 0x0, 0x89, 0xeb, 0xb5,
    0x24, 0x3, 0x47, 0x66, 0xf1, 0x0, 0x70, 0x99,
    0x0, 0x73, 0x5e, 0xff, 0xb1, 0x40, 0x29, 0x74,
    0x76, 0x2a, 0x70, 0x7, 0x64, 0xc4, 0xf1, 0xc0,
    0x80, 0x80, 0x42, 0x2b, 0x5, 0x3, 0xbf, 0xf7,
    0x72, 0x0, 0x8f, 0x15, 0xea, 0xec, 0xe0, 0x32,
    0x15, 0xa, 0x88, 0xf0, 0x3, 0x2, 0x0, 0x6c,
    0x0, 0x30, 0x28, 0x4, 0xa8, 0x0, 0x90, 0xaa,
    0x45, 0xd2, 0x80, 0xe, 0xcd, 0x5c, 0x2f, 0xc0,
    0x0,

    /* U+0104 "Ą" */
    0x0, 0xe7, 0xff, 0x10, 0x7, 0xfd, 0x40, 0xa,
    0x0, 0xff, 0x21, 0x30, 0xb0, 0x7, 0xfb, 0x82,
    0x98, 0x54, 0x3, 0xf0, 0xa9, 0x1d, 0x7, 0x0,
    0x7e, 0x60, 0xa0, 0x23, 0x42, 0x0, 0xfa, 0x81,
    0x80, 0x14, 0x14, 0x1, 0xe4, 0x24, 0x10, 0x3,
    0x83, 0x0, 0x7b, 0x83, 0x80, 0x21, 0x51, 0x50,
    0xc, 0x2a, 0x15, 0xff, 0x94, 0x38, 0x3, 0x30,
    0x1b, 0x37, 0x85, 0x8, 0x2, 0xa0, 0xf9, 0x9f,
    0x30, 0x50, 0x1, 0x8, 0x86, 0x1, 0xea, 0x6,
    0x0, 0x70, 0x58, 0x7, 0xc4, 0x82, 0xa1, 0x5e,
    0xc0, 0x1f, 0x9a, 0x54, 0x3, 0xfe, 0x53, 0x60,
    0xf, 0xfe, 0x1, 0xa, 0x20, 0x3, 0xfe, 0x63,
    0xba, 0x10,

    /* U+0105 "ą" */
    0x6, 0xbd, 0xff, 0x62, 0x80, 0x69, 0x64, 0x75,
    0x3a, 0x70, 0xa, 0xb6, 0x62, 0xb4, 0x20, 0x40,
    0xa, 0x1, 0x89, 0x81, 0x40, 0x38, 0x46, 0xe0,
    0x20, 0x2, 0x67, 0xf7, 0x50, 0x2, 0xb, 0x63,
    0x15, 0x76, 0x70, 0xb, 0x83, 0xdd, 0x51, 0x0,
    0x1e, 0x10, 0x8, 0xdc, 0x2, 0xe0, 0xd9, 0x8a,
    0xc4, 0x0, 0x96, 0x89, 0x9d, 0xaf, 0x80, 0x32,
    0xe7, 0xfb, 0x13, 0x9d, 0xc0, 0x1f, 0x1a, 0x48,
    0x7, 0xe6, 0x4, 0x40, 0x80, 0x79, 0x52, 0xac,
    0x80,

    /* U+0106 "Ć" */
    0x0, 0xf9, 0x5c, 0x3, 0xf9, 0x28, 0x40, 0x3f,
    0xd, 0x3b, 0x0, 0x7e, 0x1e, 0x80, 0xf, 0xfe,
    0x39, 0x4e, 0xff, 0xba, 0xd4, 0x2, 0x7d, 0x60,
    0x56, 0x55, 0x56, 0x3, 0xc0, 0xde, 0xd4, 0xdf,
    0x48, 0x14, 0x6, 0x20, 0x7, 0x36, 0x50, 0x29,
    0x0, 0x7e, 0x30, 0xf0, 0xf, 0xe6, 0x6, 0x0,
    0xff, 0xe4, 0xb0, 0x30, 0x7, 0xf1, 0x87, 0x80,
    0x7f, 0x50, 0x29, 0x0, 0x7e, 0x28, 0xc, 0x40,
    0xe, 0x5c, 0x7, 0x81, 0xbd, 0xa9, 0xbe, 0xa0,
    0x9, 0xf5, 0x81, 0x59, 0x55, 0x58,

    /* U+0107 "ć" */
    0x0, 0xf5, 0x79, 0x80, 0x73, 0xad, 0x98, 0x6,
    0x48, 0xa4, 0x0, 0xe2, 0xa5, 0x0, 0xf3, 0x28,
    0x7, 0x1d, 0x77, 0xf5, 0xa8, 0x36, 0x2a, 0x3b,
    0x9a, 0x4a, 0x47, 0x6a, 0x27, 0x75, 0x61, 0x4,
    0x1, 0x85, 0x41, 0x0, 0x3c, 0x20, 0x40, 0x1e,
    0x10, 0x20, 0xf, 0x28, 0x20, 0x7, 0xac, 0x20,
    0x80, 0x30, 0x94, 0x8e, 0xd4, 0x4e, 0x50, 0x36,
    0x2a, 0x3b, 0xdc,

    /* U+0108 "Ĉ" */
    0x0, 0xf3, 0x41, 0x0, 0x7e, 0x78, 0x2c, 0x10,
    0xf, 0x2c, 0xe5, 0x3e, 0x80, 0x79, 0x78, 0x82,
    0x70, 0x3, 0xff, 0x8a, 0x53, 0xbf, 0xee, 0xb5,
    0x0, 0x9f, 0x58, 0x15, 0x95, 0x55, 0x80, 0xf0,
    0x37, 0xb5, 0x37, 0xd2, 0x5, 0x1, 0x88, 0x1,
    0xcd, 0x94, 0xa, 0x40, 0x1f, 0x8c, 0x3c, 0x3,
    0xf9, 0x81, 0x80, 0x3f, 0xf9, 0x2c, 0xc, 0x1,
    0xfc, 0x61, 0xe0, 0x1f, 0xd4, 0xa, 0x40, 0x1f,
    0x8a, 0x3, 0x10, 0x3, 0x97, 0x1, 0xe0, 0x6f,
    0x6a, 0x6f, 0xa8, 0x2, 0x7d, 0x60, 0x56, 0x55,
    0x56, 0x0,

    /* U+0109 "ĉ" */
    0x0, 0xcf, 0xf4, 0x1, 0xc5, 0xe, 0xaa, 0x0,
    0xdc, 0xd1, 0x36, 0x20, 0x2, 0xb9, 0x6, 0x85,
    0x0, 0x13, 0x80, 0x4c, 0x80, 0x3, 0xae, 0xfe,
    0xb5, 0x6, 0xc5, 0x47, 0x73, 0x49, 0x48, 0xed,
    0x44, 0xee, 0xac, 0x20, 0x80, 0x30, 0xa8, 0x20,
    0x7, 0x84, 0x8, 0x3, 0xc2, 0x4, 0x1, 0xe5,
    0x4, 0x0, 0xf5, 0x84, 0x10, 0x6, 0x12, 0x91,
    0xda, 0x89, 0xca, 0x6, 0xc5, 0x47, 0x7b, 0x80,

    /* U+010A "Ċ" */
    0x0, 0xf6, 0x79, 0x80, 0x7f, 0x38, 0x7, 0xfd,
    0x7e, 0x60, 0x1f, 0xfc, 0x62, 0x9d, 0xff, 0x75,
    0xa8, 0x4, 0xfa, 0xc0, 0xac, 0xaa, 0xac, 0x7,
    0x81, 0xbd, 0xa9, 0xbe, 0x90, 0x28, 0xc, 0x40,
    0xe, 0x6c, 0xa0, 0x52, 0x0, 0xfc, 0x61, 0xe0,
    0x1f, 0xcc, 0xc, 0x1, 0xff, 0xc9, 0x60, 0x60,
    0xf, 0xe3, 0xf, 0x0, 0xfe, 0xa0, 0x52, 0x0,
    0xfc, 0x50, 0x18, 0x80, 0x1c, 0xb8, 0xf, 0x3,
    0x7b, 0x53, 0x7d, 0x40, 0x13, 0xeb, 0x2, 0xb2,
    0xaa, 0xb0,

    /* U+010B "ċ" */
    0x0, 0xcb, 0xee, 0x1, 0xff, 0xc3, 0x4c, 0x60,
    0xf, 0x9, 0x88, 0x6, 0x3a, 0xef, 0xeb, 0x50,
    0x6c, 0x54, 0x77, 0x34, 0x94, 0x8e, 0xd4, 0x4e,
    0xea, 0xc2, 0x8, 0x3, 0xa, 0x82, 0x0, 0x78,
    0x40, 0x80, 0x3c, 0x20, 0x40, 0x1e, 0x50, 0x40,
    0xf, 0x58, 0x41, 0x0, 0x61, 0x29, 0x1d, 0xa8,
    0x9c, 0xa0, 0x6c, 0x54, 0x77, 0xb8,

    /* U+010C "Č" */
    0x0, 0xcc, 0x80, 0x5, 0x50, 0x7, 0x96, 0xd1,
    0xad, 0xc0, 0x3c, 0x73, 0x73, 0x44, 0x1, 0xf3,
    0x7f, 0x90, 0x3, 0xff, 0x8c, 0x53, 0xbf, 0xee,
    0xb5, 0x0, 0x9f, 0x58, 0x15, 0x95, 0x55, 0x80,
    0xf0, 0x37, 0xb5, 0x37, 0xd2, 0x5, 0x1, 0x88,
    0x1, 0xcd, 0x94, 0xa, 0x40, 0x1f, 0x8c, 0x3c,
    0x3, 0xf9, 0x81, 0x80, 0x3f, 0xf9, 0x2c, 0xc,
    0x1, 0xfc, 0x61, 0xe0, 0x1f, 0xd4, 0xa, 0x40,
    0x1f, 0x8a, 0x3, 0x10, 0x3, 0x97, 0x1, 0xe0,
    0x6f, 0x6a, 0x6f, 0xa8, 0x2, 0x7d, 0x60, 0x56,
    0x55, 0x56, 0x0,

    /* U+010D "č" */
    0x0, 0x3f, 0x8, 0x27, 0x90, 0x1, 0xca, 0x8a,
    0xa4, 0x80, 0x2e, 0x4d, 0x56, 0x0, 0xc5, 0x6f,
    0x40, 0x1e, 0x48, 0x10, 0xc, 0x75, 0xdf, 0xd6,
    0xa0, 0xd8, 0xa8, 0xee, 0x69, 0x29, 0x1d, 0xa8,
    0x9d, 0xd5, 0x84, 0x10, 0x6, 0x15, 0x4, 0x0,
    0xf0, 0x81, 0x0, 0x78, 0x40, 0x80, 0x3c, 0xa0,
    0x80, 0x1e, 0xb0, 0x82, 0x0, 0xc2, 0x52, 0x3b,
    0x51, 0x39, 0x40, 0xd8, 0xa8, 0xef, 0x70,

    /* U+010E "Ď" */
    0x0, 0x93, 0x8c, 0x23, 0x40, 0x3f, 0x24, 0x64,
    0xb7, 0x80, 0x7f, 0x34, 0x8e, 0x90, 0x7, 0xf9,
    0xa0, 0xc0, 0x3e, 0xff, 0xee, 0xc9, 0x40, 0xf,
    0x99, 0xa4, 0x16, 0xbc, 0x20, 0xe, 0x99, 0xab,
    0x74, 0x87, 0xe2, 0x1, 0xfc, 0x56, 0x65, 0x20,
    0x1f, 0xf4, 0x3, 0x0, 0x7f, 0xc8, 0x2, 0x20,
    0xf, 0xf8, 0x40, 0xc0, 0x3f, 0xf9, 0xa2, 0x6,
    0x1, 0xfe, 0x40, 0x11, 0x0, 0x7f, 0xa0, 0x18,
    0x3, 0xf8, 0xac, 0xca, 0x40, 0x34, 0xcd, 0x5b,
    0xa4, 0x3f, 0x10, 0xc, 0xcd, 0x20, 0xb5, 0xe1,
    0x0, 0x0,

    /* U+010F "ď" */
    0x0, 0xfd, 0xdc, 0x6, 0xf7, 0x0, 0xff, 0xbc,
    0x14, 0x3, 0xfe, 0x52, 0x20, 0x7, 0xfc, 0xb0,
    0x1, 0x3e, 0xff, 0x40, 0x6, 0x95, 0x0, 0x4c,
    0x1b, 0xb2, 0xe0, 0x7, 0x91, 0x8b, 0xa2, 0x1a,
    0x2, 0x1, 0xdc, 0x10, 0x1, 0xa0, 0x3, 0xce,
    0x8, 0x1, 0x90, 0x3, 0xc6, 0x2, 0x1, 0xff,
    0x18, 0x8, 0x7, 0xfc, 0xe0, 0x80, 0x19, 0x0,
    0x3d, 0xc1, 0x0, 0x1a, 0x0, 0x3c, 0x8c, 0x5b,
    0x10, 0xd0, 0x10, 0xf, 0x4c, 0x3, 0xb2, 0xe0,
    0x7, 0x80,

    /* U+0110 "Đ" */
    0x0, 0x7f, 0xf7, 0x6d, 0x28, 0x7, 0xe6, 0x69,
    0x1, 0x6b, 0x48, 0x3, 0xd3, 0x35, 0x6f, 0x29,
    0x60, 0x80, 0x7f, 0x86, 0x90, 0x6c, 0x3, 0xff,
    0x81, 0x20, 0xa0, 0x22, 0x0, 0x10, 0x88, 0x3,
    0x10, 0x81, 0xff, 0x0, 0x37, 0xb8, 0xa0, 0x18,
    0x81, 0xea, 0xc0, 0x15, 0x76, 0x40, 0xf, 0x91,
    0x0, 0x5, 0x44, 0x8, 0x6, 0x20, 0x70, 0xf,
    0xf8, 0x84, 0xc, 0x3, 0xfe, 0x90, 0x60, 0xf,
    0xf0, 0xd2, 0xc, 0x0, 0x74, 0xcd, 0x59, 0xca,
    0x58, 0x20, 0x1c, 0xcd, 0x20, 0xad, 0x69, 0x0,
    0x0,

    /* U+0111 "đ" */
    0x0, 0xfd, 0xdc, 0x0, 0xf0, 0xff, 0xc2, 0x2f,
    0x60, 0xc, 0x39, 0x90, 0x8b, 0x1c, 0x3, 0x8c,
    0xe0, 0x1, 0x88, 0x1, 0xf7, 0xfa, 0x0, 0x3d,
    0x30, 0x6e, 0xcb, 0x80, 0x19, 0x18, 0xba, 0x21,
    0xa0, 0x20, 0x17, 0x4, 0x0, 0x68, 0x0, 0xce,
    0x8, 0x1, 0x90, 0x3, 0x18, 0x8, 0x7, 0xf1,
    0x80, 0x80, 0x7f, 0x38, 0x20, 0x6, 0x40, 0xd,
    0xc1, 0x0, 0x1a, 0x0, 0x32, 0x31, 0x6c, 0x43,
    0x40, 0x40, 0x34, 0xc0, 0x3b, 0x2e, 0x0, 0x60,

    /* U+0112 "Ē" */
    0x0, 0x84, 0x78, 0x3, 0x97, 0xbb, 0xa0, 0x3,
    0x25, 0xdf, 0x50, 0x6, 0x14, 0x4e, 0x20, 0xf,
    0xfe, 0x17, 0xff, 0xf1, 0x80, 0x4a, 0xbf, 0x10,
    0x5, 0x55, 0xf0, 0x80, 0x7f, 0xf3, 0x6a, 0xbd,
    0x0, 0x19, 0x57, 0xcc, 0x1, 0xbf, 0xfd, 0xc0,
    0x1f, 0xfe, 0x4a, 0xaf, 0x8c, 0x2, 0x55, 0xf9,
    0x80,

    /* U+0113 "ē" */
    0x0, 0x3f, 0xff, 0x30, 0x6, 0x59, 0x9e, 0x40,
    0xc, 0x4c, 0xdc, 0x40, 0x1f, 0xfc, 0x33, 0xae,
    0xfe, 0xa2, 0x0, 0x9b, 0x11, 0xdc, 0x8b, 0xa6,
    0x5, 0x29, 0xd3, 0x15, 0xa1, 0xc1, 0x61, 0x2,
    0x38, 0xd0, 0x85, 0x43, 0x3b, 0xb9, 0x0, 0x84,
    0x2e, 0xff, 0x18, 0x1, 0xd1, 0x3e, 0x4, 0xb,
    0x0, 0xfd, 0x60, 0xe8, 0x1, 0xca, 0x5, 0x21,
    0x76, 0x88, 0x5f, 0xc0, 0x1, 0xb1, 0x54, 0xec,
    0xd4, 0x80,

    /* U+0114 "Ĕ" */
    0x0, 0x2f, 0x18, 0x16, 0xb8, 0x6, 0x54, 0xcf,
    0xd6, 0x70, 0xe, 0xae, 0xce, 0xb0, 0xf, 0x84,
    0xc4, 0x3, 0xbf, 0xff, 0x8c, 0x2, 0x55, 0xf8,
    0x80, 0x2a, 0xaf, 0x84, 0x3, 0xff, 0x9b, 0x55,
    0xe8, 0x0, 0xca, 0xbe, 0x60, 0xd, 0xff, 0xee,
    0x0, 0xff, 0xf2, 0x55, 0x7c, 0x60, 0x12, 0xaf,
    0xcc,

    /* U+0115 "ĕ" */
    0x0, 0x22, 0x80, 0x4a, 0x60, 0x18, 0x6c, 0xc1,
    0x29, 0xc0, 0x32, 0xab, 0x3e, 0xd5, 0x0, 0x3a,
    0xf6, 0xf6, 0x80, 0x3e, 0x24, 0x20, 0xf, 0x1d,
    0x77, 0xf5, 0x10, 0x4, 0xd8, 0x8e, 0xe4, 0x5d,
    0x30, 0x29, 0x4e, 0x98, 0xad, 0xe, 0xb, 0x8,
    0x11, 0xc6, 0x84, 0x2a, 0x19, 0xdd, 0xc8, 0x4,
    0x21, 0x77, 0xf8, 0xc0, 0xe, 0x89, 0xf0, 0x20,
    0x58, 0x7, 0xeb, 0x7, 0x40, 0xe, 0x50, 0x29,
    0xb, 0xb4, 0x42, 0xfe, 0x0, 0xd, 0x8a, 0xa7,
    0x66, 0xa4, 0x0,

    /* U+0116 "Ė" */
    0x0, 0xcf, 0xf0, 0x1, 0xff, 0xc7, 0x7f, 0x80,
    0xf, 0xfe, 0x27, 0xff, 0xf1, 0x80, 0x4a, 0xbf,
    0x10, 0x5, 0x55, 0xf0, 0x80, 0x7f, 0xf3, 0x6a,
    0xbd, 0x0, 0x19, 0x57, 0xcc, 0x1, 0xbf, 0xfd,
    0xc0, 0x1f, 0xfe, 0x4a, 0xaf, 0x8c, 0x2, 0x55,
    0xf9, 0x80,

    /* U+0117 "ė" */
    0x0, 0xcf, 0xea, 0x1, 0xff, 0xc7, 0x6c, 0x40,
    0xf, 0xc2, 0x62, 0x1, 0xe3, 0xae, 0xfe, 0xa2,
    0x0, 0x9b, 0x11, 0xdc, 0x8b, 0xa6, 0x5, 0x29,
    0xd3, 0x15, 0xa1, 0xc1, 0x61, 0x2, 0x38, 0xd0,
    0x85, 0x43, 0x3b, 0xb9, 0x0, 0x84, 0x2e, 0xff,
    0x18, 0x1, 0xd1, 0x3e, 0x4, 0xb, 0x0, 0xfd,
    0x60, 0xe8, 0x1, 0xca, 0x5, 0x21, 0x76, 0x88,
    0x5f, 0xc0, 0x1, 0xb1, 0x54, 0xec, 0xd4, 0x80,

    /* U+0118 "Ę" */
    0xf, 0xff, 0xe3, 0x0, 0x95, 0x7e, 0x20, 0xa,
    0xab, 0xe1, 0x0, 0xff, 0xec, 0x7f, 0xfb, 0x80,
    0x32, 0xaf, 0x98, 0x3, 0x55, 0x7a, 0x0, 0x3f,
    0xfb, 0x35, 0x5f, 0x18, 0x4, 0xab, 0xf3, 0x7,
    0xff, 0x99, 0x7d, 0x40, 0x3c, 0x2d, 0x20, 0x1f,
    0x88, 0x14, 0xc8, 0x3, 0xc6, 0xd3, 0x8e,

    /* U+0119 "ę" */
    0x0, 0x1d, 0x77, 0xf4, 0x88, 0x4, 0xd8, 0xa8,
    0xea, 0xd8, 0x20, 0x52, 0x3b, 0x51, 0x72, 0x50,
    0x16, 0x10, 0x40, 0x13, 0x13, 0x2, 0x82, 0x88,
    0xf3, 0x81, 0x8, 0x67, 0x77, 0x28, 0x8, 0x2,
    0xae, 0xfe, 0x34, 0x1, 0x44, 0xf8, 0x2c, 0x28,
    0x80, 0x38, 0x80, 0xa4, 0x76, 0xe2, 0x6b, 0xbc,
    0x0, 0xd8, 0xaa, 0x76, 0x57, 0x90, 0x8, 0xeb,
    0xbd, 0xd2, 0x50, 0x3, 0xe7, 0xe0, 0xf, 0xf6,
    0x19, 0x80, 0x3e, 0x87, 0xc4, 0x0,

    /* U+011A "Ě" */
    0x0, 0xe, 0xb8, 0x27, 0x18, 0x6, 0x1f, 0x89,
    0xbb, 0x18, 0x7, 0x15, 0x8c, 0xa8, 0x7, 0xc9,
    0xc, 0x1, 0xdf, 0xff, 0xc6, 0x1, 0x2a, 0xfc,
    0x40, 0x15, 0x57, 0xc2, 0x1, 0xff, 0xcd, 0xaa,
    0xf4, 0x0, 0x65, 0x5f, 0x30, 0x6, 0xff, 0xf7,
    0x0, 0x7f, 0xf9, 0x2a, 0xbe, 0x30, 0x9, 0x57,
    0xe6,

    /* U+011B "ě" */
    0x0, 0x2f, 0x10, 0x1f, 0x98, 0x6, 0x54, 0xe1,
    0xd7, 0x30, 0xe, 0xb2, 0xe3, 0x80, 0xf, 0xe,
    0xbf, 0x80, 0x7e, 0x38, 0x20, 0xf, 0x1d, 0x77,
    0xf5, 0x10, 0x4, 0xd8, 0x8e, 0xe4, 0x5d, 0x30,
    0x29, 0x4e, 0x98, 0xad, 0xe, 0xb, 0x8, 0x11,
    0xc6, 0x84, 0x2a, 0x19, 0xdd, 0xc8, 0x4, 0x21,
    0x77, 0xf8, 0xc0, 0xe, 0x89, 0xf0, 0x20, 0x58,
    0x7, 0xeb, 0x7, 0x40, 0xe, 0x50, 0x29, 0xb,
    0xb4, 0x42, 0xfe, 0x0, 0xd, 0x8a, 0xa7, 0x66,
    0xa4, 0x0,

    /* U+011C "Ĝ" */
    0x0, 0xf2, 0xc2, 0x0, 0x7f, 0x2d, 0xd, 0x90,
    0x7, 0xc7, 0x57, 0x31, 0x82, 0x1, 0xe3, 0xf4,
    0x7, 0xe1, 0x0, 0xff, 0xe3, 0x14, 0x67, 0x7f,
    0x64, 0x10, 0x4, 0xfa, 0xe2, 0x8c, 0x82, 0xfa,
    0xa0, 0xf0, 0x37, 0xb5, 0x35, 0xba, 0x62, 0x24,
    0x6, 0x20, 0x7, 0x14, 0xbd, 0x3, 0x10, 0x7,
    0xf1, 0x86, 0x0, 0x7f, 0x98, 0x18, 0x3, 0x14,
    0xce, 0x80, 0xf, 0x9d, 0x9b, 0x2b, 0x3, 0x0,
    0x65, 0xff, 0x70, 0x0, 0xc3, 0x0, 0x3f, 0xd4,
    0xc, 0x40, 0x1f, 0xc5, 0x1, 0x88, 0x1, 0xc4,
    0x1, 0x3b, 0x86, 0xf6, 0xa6, 0xb7, 0x1, 0x40,
    0x11, 0xae, 0xa, 0xc8, 0x2f, 0xb0,

    /* U+011D "ĝ" */
    0x0, 0x87, 0xbc, 0x40, 0x3d, 0x0, 0x56, 0x1,
    0xc6, 0xd5, 0xca, 0x60, 0x1b, 0xd9, 0xd, 0xfc,
    0x3, 0x64, 0x80, 0x23, 0x0, 0x33, 0xef, 0xf4,
    0x87, 0x70, 0x26, 0x1, 0xd9, 0x30, 0x0, 0x8c,
    0x5b, 0x10, 0xd0, 0x10, 0xe0, 0x90, 0xd, 0x0,
    0x7, 0x5, 0x0, 0xc8, 0x0, 0x30, 0x10, 0xf,
    0x8c, 0x4, 0x3, 0xe7, 0x5, 0x0, 0xc8, 0x0,
    0xe0, 0x80, 0xd, 0x0, 0x4, 0x53, 0xd8, 0x86,
    0x80, 0x98, 0x54, 0x3, 0xb2, 0x68, 0x80, 0x4f,
    0xbf, 0xd2, 0x60, 0xe0, 0x20, 0x1d, 0x21, 0xe1,
    0x1b, 0x2f, 0x3c, 0x88, 0x50, 0xd6, 0x78, 0x62,
    0x8b, 0x0,

    /* U+011E "Ğ" */
    0x0, 0x85, 0xc0, 0x23, 0x60, 0xf, 0xa1, 0xc4,
    0xbb, 0xc0, 0x3c, 0x35, 0x1d, 0xa3, 0x0, 0x1f,
    0x2f, 0xef, 0x60, 0x80, 0x7f, 0x10, 0x80, 0x7e,
    0x28, 0xce, 0xfe, 0xc8, 0x20, 0x9, 0xf5, 0xc5,
    0x19, 0x5, 0xf5, 0x41, 0xe0, 0x6f, 0x6a, 0x6b,
    0x74, 0xc4, 0x48, 0xc, 0x40, 0xe, 0x29, 0x7a,
    0x6, 0x20, 0xf, 0xe3, 0xc, 0x0, 0xff, 0x30,
    0x30, 0x6, 0x29, 0x9d, 0x0, 0x1f, 0x3b, 0x36,
    0x56, 0x6, 0x0, 0xcb, 0xfe, 0xe0, 0x1, 0x86,
    0x0, 0x7f, 0xa8, 0x18, 0x80, 0x3f, 0x8a, 0x3,
    0x10, 0x3, 0x88, 0x2, 0x77, 0xd, 0xed, 0x4d,
    0x6e, 0x2, 0x80, 0x23, 0x5c, 0x15, 0x90, 0x5f,
    0x60,

    /* U+011F "ğ" */
    0x0, 0x2a, 0x0, 0x4c, 0x40, 0x11, 0x49, 0x2,
    0xc8, 0x6, 0x71, 0xdf, 0xa7, 0x20, 0xd, 0x98,
    0xbd, 0x80, 0xf, 0x1a, 0x10, 0x7, 0x3e, 0xff,
    0x48, 0x77, 0x2, 0x60, 0x1d, 0x93, 0x0, 0x8,
    0xc5, 0xb1, 0xd, 0x1, 0xe, 0x9, 0x0, 0xd0,
    0x0, 0x70, 0x50, 0xc, 0x80, 0x3, 0x1, 0x0,
    0xf8, 0xc0, 0x40, 0x3e, 0x70, 0x50, 0xc, 0x80,
    0xe, 0x8, 0x0, 0xd0, 0x0, 0x45, 0x3d, 0x88,
    0x68, 0x9, 0x85, 0x40, 0x3b, 0x26, 0x88, 0x4,
    0xfb, 0xfd, 0x26, 0xe, 0x2, 0x1, 0xd2, 0x1e,
    0x11, 0xb2, 0xf3, 0xc8, 0x85, 0xd, 0x67, 0x86,
    0x28, 0xb0,

    /* U+0120 "Ġ" */
    0x0, 0xf4, 0xfb, 0x0, 0x7f, 0xf2, 0xe7, 0xd8,
    0x3, 0xff, 0x90, 0x51, 0x9d, 0xfd, 0x90, 0x40,
    0x13, 0xeb, 0x8a, 0x32, 0xb, 0xea, 0x83, 0xc0,
    0xde, 0xd4, 0xd6, 0xe9, 0x88, 0x90, 0x18, 0x80,
    0x1c, 0x52, 0xf4, 0xc, 0x40, 0x1f, 0xc6, 0x18,
    0x1, 0xfe, 0x60, 0x60, 0xc, 0x53, 0x3a, 0x0,
    0x3e, 0x76, 0x6c, 0xac, 0xc, 0x1, 0x97, 0xfd,
    0xc0, 0x3, 0xc, 0x0, 0xff, 0x50, 0x31, 0x0,
    0x7f, 0x14, 0x6, 0x20, 0x7, 0x10, 0x4, 0xee,
    0x1b, 0xda, 0x9a, 0xdc, 0x5, 0x0, 0x46, 0xb8,
    0x2b, 0x20, 0xbe, 0xc0,

    /* U+0121 "ġ" */
    0x0, 0xdd, 0xc0, 0xf, 0xfe, 0x36, 0xe8, 0x3,
    0xf1, 0x98, 0x3, 0xcf, 0xbf, 0xd2, 0x1d, 0xc0,
    0x98, 0x7, 0x64, 0xc0, 0x2, 0x31, 0x6c, 0x43,
    0x40, 0x43, 0x82, 0x40, 0x34, 0x0, 0x1c, 0x14,
    0x3, 0x20, 0x0, 0xc0, 0x40, 0x3e, 0x30, 0x10,
    0xf, 0x9c, 0x14, 0x3, 0x20, 0x3, 0x82, 0x0,
    0x34, 0x0, 0x11, 0x4f, 0x62, 0x1a, 0x2, 0x61,
    0x50, 0xe, 0xc9, 0xa2, 0x1, 0x3e, 0xff, 0x49,
    0x83, 0x80, 0x80, 0x74, 0x87, 0x84, 0x6c, 0xbc,
    0xf2, 0x21, 0x43, 0x59, 0xe1, 0x8a, 0x2c, 0x0,

    /* U+0122 "Ģ" */
    0x0, 0x8a, 0x33, 0xbf, 0xb2, 0x8, 0x2, 0x7d,
    0x71, 0x46, 0x41, 0x7d, 0x50, 0x78, 0x1b, 0xda,
    0x9a, 0xdd, 0x31, 0x12, 0x3, 0x10, 0x3, 0x8a,
    0x5e, 0x81, 0x88, 0x3, 0xf8, 0xc3, 0x0, 0x3f,
    0xcc, 0xc, 0x1, 0x8a, 0x67, 0x40, 0x7, 0xce,
    0xcd, 0x95, 0x81, 0x80, 0x32, 0xff, 0xb8, 0x0,
    0x61, 0x80, 0x1f, 0xea, 0x6, 0x20, 0xf, 0xe2,
    0x80, 0xc4, 0x0, 0xe2, 0x0, 0x9d, 0xc3, 0x7b,
    0x53, 0x5b, 0x80, 0xa0, 0x8, 0xd7, 0x5, 0x64,
    0x17, 0xd8, 0x0, 0x8a, 0x37, 0xfd, 0xd9, 0x4,
    0x1, 0xf8, 0x40, 0x3f, 0xe6, 0xe8, 0x0, 0xff,
    0x60, 0xc0, 0x7, 0xf9, 0x24, 0x3, 0x80,

    /* U+0123 "ģ" */
    0x0, 0xea, 0xb0, 0xf, 0x8d, 0x70, 0x3, 0xe8,
    0x4, 0x0, 0xfa, 0xfc, 0xc0, 0x39, 0xf7, 0xfa,
    0x43, 0xb8, 0x13, 0x0, 0xec, 0x98, 0x0, 0x46,
    0x2d, 0x88, 0x68, 0x8, 0x70, 0x48, 0x6, 0x80,
    0x3, 0x82, 0x80, 0x64, 0x0, 0x18, 0x8, 0x7,
    0xc6, 0x2, 0x1, 0xf3, 0x82, 0x80, 0x64, 0x0,
    0x70, 0x40, 0x6, 0x80, 0x2, 0x29, 0xec, 0x43,
    0x40, 0x4c, 0x2a, 0x1, 0xd9, 0x34, 0x40, 0x27,
    0xdf, 0xe9, 0x30, 0x70, 0x10, 0xe, 0x90, 0xf0,
    0x8d, 0x97, 0x9e, 0x44, 0x28, 0x6b, 0x3c, 0x31,
    0x45, 0x80,

    /* U+0124 "Ĥ" */
    0x0, 0xec, 0xfc, 0x0, 0xfe, 0xa0, 0xe0, 0xa0,
    0xf, 0x87, 0x74, 0x39, 0xa4, 0x1, 0xe1, 0x71,
    0x0, 0x39, 0x0, 0x6f, 0xf0, 0x7, 0xdd, 0xe2,
    0x1, 0xff, 0xeb, 0xaa, 0xf8, 0x40, 0x39, 0x57,
    0xe0, 0xf, 0x7f, 0xfc, 0x20, 0x1f, 0xff, 0xf0,
    0xe,

    /* U+0125 "ĥ" */
    0x0, 0x4f, 0xf1, 0x0, 0x7c, 0xee, 0xd7, 0xf0,
    0xf, 0xd8, 0x53, 0x46, 0x1, 0xe7, 0x1f, 0xa7,
    0x30, 0xf, 0xff, 0x10, 0xd7, 0x7e, 0x20, 0x7,
    0xf, 0xb3, 0xa9, 0xd9, 0x80, 0x64, 0x6c, 0x9a,
    0xa0, 0x40, 0x6, 0x18, 0x0, 0x94, 0x14, 0x3,
    0x28, 0x7, 0x10, 0x80, 0x61, 0x0, 0xff, 0xfb,
    0x80,

    /* U+0126 "Ħ" */
    0x0, 0x37, 0xc8, 0x7, 0x93, 0xec, 0x3, 0xff,
    0x8f, 0xf2, 0xd, 0xff, 0xeb, 0x4, 0xf5, 0x6,
    0x40, 0x26, 0x6f, 0x28, 0xb, 0x30, 0x27, 0x41,
    0x26, 0x7d, 0xc0, 0xb2, 0x60, 0x19, 0x2a, 0xbd,
    0xe0, 0x1f, 0x89, 0x57, 0xc8, 0x1, 0xf9, 0xbf,
    0xfd, 0x60, 0x1f, 0xff, 0xf0, 0xf, 0xfe, 0x68,

    /* U+0127 "ħ" */
    0x9, 0xf3, 0x0, 0xf9, 0xd0, 0x26, 0x65, 0x0,
    0xd4, 0x40, 0xac, 0xcf, 0x0, 0xda, 0xc1, 0x9f,
    0xea, 0x0, 0xfc, 0xb9, 0xfd, 0x42, 0x1, 0xa6,
    0x99, 0x86, 0xba, 0x1, 0x93, 0x6a, 0x74, 0xcc,
    0x80, 0x14, 0x90, 0x5, 0x40, 0x60, 0x11, 0x80,
    0x62, 0xf, 0x0, 0x9c, 0x3, 0xff, 0xe4,

    /* U+0128 "Ĩ" */
    0x8, 0xeb, 0x43, 0xf1, 0x27, 0xac, 0xbc, 0x61,
    0x2d, 0x47, 0xfe, 0x90, 0x1, 0x0, 0x42, 0x1,
    0xdf, 0xe0, 0xf, 0xff, 0xf8, 0x7, 0xff, 0x50,

    /* U+0129 "ĩ" */
    0xb, 0xfb, 0x36, 0xe5, 0x55, 0x8e, 0x4b, 0x26,
    0x25, 0x76, 0xc0, 0x90, 0x0, 0x48, 0x2, 0x1f,
    0xb0, 0xf, 0xff, 0xe0,

    /* U+012A "Ī" */
    0x11, 0xf7, 0x77, 0x7d, 0xdf, 0x52, 0x27, 0x80,
    0x3f, 0x7f, 0x80, 0x3f, 0xff, 0xe0, 0x1c,

    /* U+012B "ī" */
    0x2f, 0xfe, 0xb2, 0x99, 0xef, 0x6, 0x6e, 0x40,
    0xf, 0xe1, 0xfb, 0x0, 0xff, 0xfe, 0x0,

    /* U+012C "Ĭ" */
    0xf, 0x71, 0x14, 0x68, 0x54, 0x77, 0x1a, 0x41,
    0x7f, 0x75, 0xc8, 0x1, 0x11, 0x0, 0x3b, 0xfc,
    0x1, 0xff, 0xff, 0x0, 0xff, 0xe3, 0x0,

    /* U+012D "ĭ" */
    0x17, 0x0, 0x8d, 0x82, 0x18, 0x7, 0xfc, 0x33,
    0x2f, 0xe1, 0x80, 0x6e, 0xbc, 0xd1, 0x0, 0xa,
    0x18, 0x6, 0x1f, 0xb0, 0xf, 0xff, 0xe0,

    /* U+012E "Į" */
    0xf, 0xf0, 0x7, 0xff, 0xe1, 0x94, 0x0, 0x2d,
    0x0, 0x2, 0x4, 0x32, 0x35, 0x9c, 0x60,

    /* U+012F "į" */
    0x1f, 0xb0, 0xf, 0x87, 0x24, 0x2, 0x32, 0x0,
    0xf, 0xd8, 0x7, 0xff, 0xa0, 0x4b, 0x40, 0xa,
    0x6c, 0x0, 0x21, 0x44, 0x3, 0x1d, 0xd0, 0x80,

    /* U+0130 "İ" */
    0xf, 0xe0, 0x0, 0x87, 0xf8, 0x3, 0x7f, 0x80,
    0x3f, 0xfb, 0x60,

    /* U+0131 "ı" */
    0x1f, 0xb0, 0xf, 0xfe, 0x90,

    /* U+0132 "Ĳ" */
    0xf, 0xf0, 0x4, 0x5f, 0xa0, 0x1f, 0xff, 0xf0,
    0xf, 0xfe, 0xe8, 0x87, 0xf8, 0x2, 0x60, 0x70,
    0xf, 0x70, 0x18, 0x4, 0x35, 0xaa, 0x32, 0x1,
    0x1a, 0x9a, 0x60, 0x80,

    /* U+0133 "ĳ" */
    0x1f, 0xb0, 0xa, 0x7c, 0xc0, 0x3f, 0x87, 0x24,
    0x2, 0xbc, 0x30, 0x32, 0x0, 0x88, 0xc0, 0x7e,
    0xc0, 0x29, 0xf3, 0x0, 0xff, 0xff, 0x80, 0x7f,
    0xf0, 0xc7, 0xec, 0x3, 0xff, 0x80, 0x40, 0x40,
    0x19, 0xa9, 0xc, 0x40, 0x35, 0x22, 0xe8, 0x0,

    /* U+0134 "Ĵ" */
    0x0, 0x9b, 0xfc, 0x80, 0x11, 0xcd, 0x4d, 0x90,
    0x1, 0x6d, 0x5a, 0x9c, 0x0, 0xc8, 0x0, 0x55,
    0x0, 0x6f, 0xf0, 0x7, 0xff, 0xfc, 0x3, 0xff,
    0xa0, 0x20, 0x1c, 0x40, 0x60, 0x1d, 0x40, 0x80,
    0x15, 0x63, 0x85, 0x80, 0x4a, 0x69, 0x84, 0x0,

    /* U+0135 "ĵ" */
    0x0, 0x1f, 0xe0, 0x6, 0xe3, 0x33, 0x0, 0x18,
    0xf6, 0x20, 0x22, 0x9b, 0x17, 0x28, 0x1f, 0x50,
    0x6, 0x48, 0x0, 0x7e, 0xc0, 0x3f, 0xff, 0xc6,
    0x2, 0x1, 0x98, 0x8, 0x0, 0x51, 0x41, 0x60,
    0x7, 0x71, 0xd1, 0x80, 0x0,

    /* U+0136 "Ķ" */
    0xf, 0xf0, 0x7, 0x17, 0x7b, 0x80, 0x7e, 0x3c,
    0x1a, 0x70, 0xf, 0x97, 0x6, 0xd4, 0x3, 0xe6,
    0xa1, 0xc4, 0x0, 0xf9, 0xe4, 0x70, 0xc0, 0x3e,
    0x98, 0x2f, 0x20, 0xf, 0xcc, 0x18, 0x20, 0x1f,
    0xc6, 0x14, 0x1, 0xfe, 0xc4, 0x46, 0x0, 0x7f,
    0xad, 0xf, 0x4, 0x3, 0xfa, 0xd4, 0xf0, 0x40,
    0x3f, 0xa9, 0x4b, 0x4, 0x3, 0xfa, 0x98, 0xb0,
    0x40, 0x3f, 0xa5, 0x8b, 0xc8, 0x3f, 0xc0, 0x1e,
    0x9f, 0xe2, 0x0, 0xf0, 0x88, 0x3, 0xfc, 0x3d,
    0x80, 0x1f, 0xe4, 0x8, 0x0, 0xff, 0x61, 0x28,
    0x7, 0x0,

    /* U+0137 "ķ" */
    0x3f, 0xa0, 0xf, 0xff, 0x24, 0xfd, 0x0, 0x7d,
    0x4c, 0xca, 0x0, 0xe1, 0xc5, 0x89, 0x0, 0xe1,
    0xc3, 0xa7, 0x0, 0xe6, 0xf2, 0xb5, 0x0, 0xf1,
    0x9, 0xa8, 0x7, 0xc9, 0x7, 0xa2, 0x1, 0xf3,
    0xc1, 0xe0, 0x80, 0x7c, 0xf2, 0x58, 0x20, 0x1f,
    0x34, 0x96, 0x8, 0x7, 0xcd, 0x45, 0xe4, 0x7f,
    0x40, 0x19, 0x7f, 0x88, 0x3, 0x84, 0x40, 0x1f,
    0x8b, 0xb4, 0x3, 0xf2, 0x4, 0x0, 0x7e, 0xc4,
    0x40, 0x6,

    /* U+0138 "ĸ" */
    0x3f, 0xa0, 0xd, 0x3f, 0x40, 0x1f, 0x53, 0x32,
    0x80, 0x38, 0x71, 0x62, 0x40, 0x38, 0x70, 0xe5,
    0xc0, 0x39, 0xbc, 0xad, 0x80, 0x3c, 0x42, 0x68,
    0x1, 0xf2, 0x41, 0xe0, 0x80, 0x7c, 0xf0, 0x78,
    0x20, 0x1f, 0x3c, 0x96, 0x8, 0x7, 0xcd, 0x25,
    0x82, 0x1, 0xf3, 0x51, 0x79, 0x0,

    /* U+0139 "Ĺ" */
    0x0, 0x27, 0xb8, 0x7, 0xc3, 0x4c, 0xe0, 0x1f,
    0x2c, 0xc8, 0x3, 0xf2, 0x38, 0x7, 0xf7, 0xf8,
    0x3, 0xff, 0xfe, 0x1, 0xff, 0xed, 0xaa, 0xf8,
    0x3, 0x2a, 0xfc, 0x0,

    /* U+013A "ĺ" */
    0x0, 0x3f, 0xa0, 0x1c, 0x4a, 0x2, 0xd3, 0x0,
    0xcf, 0x0, 0x7f, 0xff, 0x0,

    /* U+013B "Ļ" */
    0xf, 0xf0, 0x7, 0xff, 0xfc, 0x3, 0xff, 0xdb,
    0x55, 0xf0, 0x6, 0x55, 0xf8, 0x1, 0xff, 0xfc,
    0x1, 0xe1, 0x10, 0x7, 0xe4, 0xe8, 0x0, 0xfd,
    0xa1, 0x0, 0x1f, 0x91, 0x84, 0x3, 0x0,

    /* U+013C "ļ" */
    0x1f, 0xb0, 0xf, 0xff, 0x68, 0xfd, 0x80, 0x4,
    0x40, 0xe, 0xc0, 0x40, 0x80, 0xc2, 0x50,

    /* U+013D "Ľ" */
    0xf, 0xf0, 0x2, 0x3d, 0x40, 0x3f, 0x18, 0x28,
    0x7, 0xe5, 0x40, 0xf, 0xe7, 0xf0, 0xf, 0xe9,
    0x40, 0xf, 0xff, 0xf8, 0x7, 0xf5, 0x57, 0xc0,
    0x19, 0x57, 0xe0,

    /* U+013E "ľ" */
    0x1f, 0xb0, 0x8f, 0x50, 0xc, 0x60, 0xa0, 0x19,
    0x50, 0x3, 0x9f, 0xc0, 0x3a, 0x50, 0x3, 0xff,
    0xf6,

    /* U+013F "Ŀ" */
    0xf, 0xf0, 0x7, 0xff, 0xb9, 0xbe, 0x80, 0x3f,
    0xf8, 0xe9, 0x1c, 0x1, 0xf8, 0x9d, 0x0, 0x3f,
    0xfb, 0x55, 0x5f, 0x0, 0x65, 0x5f, 0x80,

    /* U+0140 "ŀ" */
    0x1f, 0xb0, 0xf, 0xfe, 0xc6, 0x7a, 0x0, 0x7f,
    0x4c, 0x30, 0x4, 0xae, 0x40, 0x1f, 0xfd, 0x20,

    /* U+0141 "Ł" */
    0x0, 0xbf, 0xc0, 0x1f, 0xfe, 0x93, 0xd9, 0x0,
    0xfe, 0x9c, 0x78, 0x0, 0xfe, 0x7a, 0xa0, 0x80,
    0x7a, 0x0, 0x1e, 0xa0, 0x1f, 0x63, 0x0, 0x4,
    0x3, 0xf4, 0xf8, 0x7, 0xfc, 0xa2, 0x1, 0xff,
    0xd0, 0xaa, 0xf8, 0x40, 0x39, 0x57, 0xe3,

    /* U+0142 "ł" */
    0x1, 0xfb, 0x0, 0xff, 0xe8, 0xb5, 0xa8, 0x4,
    0x4e, 0xe0, 0xb0, 0x3c, 0x2b, 0x70, 0x70, 0x4,
    0xe0, 0x6, 0x20, 0xf, 0xfe, 0x88,

    /* U+0143 "Ń" */
    0x0, 0xf6, 0xe0, 0x7, 0xf5, 0x6, 0x80, 0x7e,
    0x22, 0x78, 0x80, 0x7e, 0x28, 0x20, 0xf, 0x7f,
    0xb4, 0x3, 0xdd, 0xe0, 0x11, 0x38, 0x7, 0xf0,
    0x8a, 0x44, 0x3, 0xfa, 0x46, 0x40, 0x3f, 0x9c,
    0x9c, 0x80, 0x3f, 0xa0, 0x20, 0x3, 0xf9, 0x4d,
    0x4c, 0x3, 0xfb, 0xc3, 0xc0, 0x3f, 0x8d, 0xd,
    0x0, 0x3f, 0xa4, 0x24, 0x3, 0xf8, 0x98, 0x98,
    0x3, 0xfa, 0x2, 0x4, 0x3, 0xf0, 0xc0, 0x80,
    0x7f, 0x9c, 0x40, 0x0,

    /* U+0144 "ń" */
    0x0, 0xe5, 0xf8, 0x0, 0xf0, 0xda, 0x40, 0x7,
    0xa8, 0x28, 0x3, 0xcc, 0x9a, 0x20, 0x1e, 0x6f,
    0x30, 0xc, 0x7f, 0x43, 0x5d, 0xf8, 0x80, 0x10,
    0xfb, 0x3a, 0x9d, 0x98, 0x1, 0x1b, 0x26, 0xa8,
    0x10, 0x0, 0x18, 0x0, 0x94, 0x14, 0x0, 0xa0,
    0x1c, 0x42, 0x0, 0x10, 0xf, 0xff, 0x68,

    /* U+0145 "Ņ" */
    0xf, 0xf6, 0x80, 0x7b, 0xbc, 0x2, 0x27, 0x0,
    0xfe, 0x11, 0x48, 0x80, 0x7f, 0x48, 0xc8, 0x7,
    0xf3, 0x93, 0x90, 0x7, 0xf4, 0x4, 0x0, 0x7f,
    0x29, 0xa9, 0x80, 0x7f, 0x78, 0x78, 0x7, 0xf1,
    0xa1, 0xa0, 0x7, 0xf4, 0x84, 0x80, 0x7f, 0x13,
    0x13, 0x0, 0x7f, 0x40, 0x40, 0x80, 0x7e, 0x18,
    0x10, 0xf, 0xf3, 0x88, 0x5, 0xfc, 0x1, 0xee,
    0xff, 0x0, 0x78, 0x44, 0x1, 0xfc, 0x9d, 0x0,
    0x1f, 0xda, 0x10, 0x1, 0xfc, 0x8e, 0x20, 0x18,

    /* U+0146 "ņ" */
    0x3f, 0xa1, 0xae, 0xfc, 0x40, 0x8, 0x7d, 0x9d,
    0x4e, 0xcc, 0x0, 0x8d, 0x93, 0x54, 0x8, 0x0,
    0xc, 0x0, 0x4a, 0xa, 0x0, 0x50, 0xe, 0x21,
    0x0, 0x8, 0x7, 0xff, 0xb4, 0xfe, 0x80, 0x3b,
    0x7c, 0x3, 0x84, 0x3, 0xf3, 0x73, 0x80, 0x7d,
    0x82, 0xe0, 0x1f, 0x24, 0x80, 0x60,

    /* U+0147 "Ň" */
    0x0, 0x8f, 0x90, 0x1f, 0x84, 0x3, 0x8e, 0xed,
    0x31, 0x82, 0x1, 0xe5, 0xa1, 0xb2, 0x0, 0xfc,
    0xb0, 0x80, 0x1d, 0xfe, 0xd0, 0xf, 0x77, 0x80,
    0x44, 0xe0, 0x1f, 0xc2, 0x29, 0x10, 0xf, 0xe9,
    0x19, 0x0, 0xfe, 0x72, 0x72, 0x0, 0xfe, 0x80,
    0x80, 0xf, 0xe5, 0x35, 0x30, 0xf, 0xef, 0xf,
    0x0, 0xfe, 0x34, 0x34, 0x0, 0xfe, 0x90, 0x90,
    0xf, 0xe2, 0x62, 0x60, 0xf, 0xe8, 0x8, 0x10,
    0xf, 0xc3, 0x2, 0x1, 0xfe, 0x71, 0x0, 0x0,

    /* U+0148 "ň" */
    0x0, 0x2c, 0x80, 0x6, 0xc8, 0x2, 0x57, 0x80,
    0xa0, 0x20, 0xd, 0x4f, 0x6b, 0x40, 0x1c, 0x8c,
    0xb6, 0x20, 0x1e, 0x9e, 0x50, 0x8, 0xfe, 0x86,
    0xbb, 0xf1, 0x0, 0x21, 0xf6, 0x75, 0x3b, 0x30,
    0x2, 0x36, 0x4d, 0x50, 0x20, 0x0, 0x30, 0x1,
    0x28, 0x28, 0x1, 0x40, 0x38, 0x84, 0x0, 0x20,
    0x1f, 0xfe, 0xd0,

    /* U+0149 "ŉ" */
    0x3f, 0xd0, 0xf, 0xf3, 0x83, 0x0, 0x7f, 0xb0,
    0x3c, 0x3, 0xfc, 0x86, 0x9b, 0xe0, 0xfb, 0xfd,
    0x0, 0xb, 0xf0, 0xa, 0xe5, 0xd8, 0x1e, 0x1,
    0xcc, 0x2, 0x7f, 0xa9, 0xf0, 0x70, 0xf, 0x78,
    0x80, 0x5, 0x80, 0xc0, 0x38, 0xc0, 0x30, 0x83,
    0x80, 0x7f, 0xbc, 0x4, 0x3, 0xff, 0xea,

    /* U+014A "Ŋ" */
    0xf, 0xf0, 0x1d, 0x77, 0xeb, 0x80, 0x72, 0x62,
    0x80, 0xa, 0x24, 0x3, 0x52, 0xf7, 0x3e, 0x1,
    0x88, 0x2, 0x4a, 0x10, 0x3, 0xa8, 0x28, 0x5,
    0x20, 0x1d, 0xe1, 0xa0, 0x11, 0x80, 0x70, 0x80,
    0x80, 0x7f, 0x38, 0x38, 0x7, 0xff, 0xfc, 0x3,
    0xfd, 0xfe, 0x0, 0xfc, 0xe0, 0x1f, 0xcc, 0x2,
    0x1, 0xf1, 0xc5, 0x87, 0x80, 0x7c, 0x8e, 0x72,
    0xa0,

    /* U+014B "ŋ" */
    0x3f, 0xa1, 0xae, 0xfc, 0x40, 0x8, 0x7d, 0x9d,
    0x4e, 0xd0, 0x0, 0x8d, 0x93, 0x54, 0xf, 0x0,
    0xc, 0x0, 0x4a, 0xa, 0x0, 0x50, 0xe, 0x21,
    0x0, 0x8, 0x7, 0xff, 0xb4, 0xfe, 0x80, 0x3f,
    0xf8, 0x64, 0x40, 0xc, 0xcf, 0x18, 0xa, 0x1,
    0xae, 0x1c, 0x5e, 0x0,

    /* U+014C "Ō" */
    0x0, 0xc2, 0x3e, 0x0, 0xfd, 0xdd, 0xda, 0x1,
    0xfa, 0xef, 0xbc, 0x3, 0xf2, 0x27, 0x18, 0x7,
    0xff, 0x24, 0xe7, 0x7f, 0xdb, 0x2, 0x1, 0xd1,
    0x8c, 0x2c, 0xa0, 0xfc, 0xa0, 0x13, 0xb8, 0x73,
    0x13, 0x5b, 0x41, 0x48, 0x5, 0x1, 0x86, 0x1,
    0x96, 0x42, 0x42, 0x81, 0x48, 0x3, 0xcc, 0x44,
    0x43, 0xf, 0x0, 0xfc, 0x80, 0x6c, 0xc, 0x1,
    0xfb, 0x83, 0x80, 0x3f, 0xf8, 0x4c, 0xc, 0x1,
    0xfb, 0x83, 0x8c, 0x3c, 0x3, 0xf2, 0x1, 0xd0,
    0x29, 0x0, 0x79, 0x88, 0x88, 0x4e, 0x18, 0x60,
    0x19, 0x64, 0x24, 0x1, 0xe, 0x39, 0x89, 0xad,
    0xa0, 0xa4, 0x0, 0xa3, 0x14, 0x59, 0x41, 0xf9,
    0x40, 0x0,

    /* U+014D "ō" */
    0x0, 0x67, 0xff, 0x0, 0x74, 0xcf, 0x80, 0x39,
    0x59, 0xb8, 0x3, 0xff, 0x88, 0xb9, 0xfe, 0xd7,
    0x0, 0xd1, 0x44, 0xce, 0x11, 0x80, 0x3, 0x72,
    0xf9, 0x8d, 0x43, 0x70, 0xa0, 0xb1, 0x0, 0xa4,
    0x28, 0x10, 0x1c, 0x3, 0x10, 0x90, 0x98, 0x8,
    0x7, 0x10, 0x0, 0xc0, 0x40, 0x38, 0x80, 0xe,
    0x8, 0x1, 0x88, 0x48, 0x64, 0x20, 0x40, 0x29,
    0xa, 0x3, 0x72, 0xf9, 0x8d, 0x43, 0x70, 0x4,
    0x51, 0x33, 0x84, 0x60, 0x0,

    /* U+014E "Ŏ" */
    0x0, 0xce, 0x1, 0x13, 0x80, 0x7e, 0x99, 0x9,
    0x4e, 0x80, 0x7e, 0xa7, 0xed, 0x68, 0x0, 0xfc,
    0x9d, 0xbb, 0x10, 0x7, 0xf8, 0x88, 0x1, 0xfc,
    0x73, 0xbf, 0xed, 0x81, 0x0, 0xe8, 0xc6, 0x16,
    0x50, 0x7e, 0x50, 0x9, 0xdc, 0x39, 0x89, 0xad,
    0xa0, 0xa4, 0x2, 0x80, 0xc3, 0x0, 0xcb, 0x21,
    0x21, 0x40, 0xa4, 0x1, 0xe6, 0x22, 0x21, 0x87,
    0x80, 0x7e, 0x40, 0x36, 0x6, 0x0, 0xfd, 0xc1,
    0xc0, 0x1f, 0xfc, 0x26, 0x6, 0x0, 0xfd, 0xc1,
    0xc6, 0x1e, 0x1, 0xf9, 0x0, 0xe8, 0x14, 0x80,
    0x3c, 0xc4, 0x44, 0x27, 0xc, 0x30, 0xc, 0xb2,
    0x12, 0x0, 0x87, 0x1c, 0xc4, 0xd6, 0xd0, 0x52,
    0x0, 0x51, 0x8a, 0x2c, 0xa0, 0xfc, 0xa0, 0x0,

    /* U+014F "ŏ" */
    0x0, 0x39, 0x0, 0x4e, 0x20, 0x1b, 0x24, 0x42,
    0x24, 0x40, 0x34, 0xaf, 0x7b, 0xd8, 0x7, 0x17,
    0x65, 0xf2, 0x80, 0x7c, 0x68, 0x20, 0x1e, 0x5c,
    0xff, 0x6b, 0x80, 0x68, 0xa2, 0x67, 0x8, 0xc0,
    0x1, 0xb9, 0x7c, 0xc6, 0xa1, 0xb8, 0x50, 0x58,
    0x80, 0x52, 0x14, 0x8, 0xe, 0x1, 0x88, 0x48,
    0x4c, 0x4, 0x3, 0x88, 0x0, 0x60, 0x20, 0x1c,
    0x40, 0x7, 0x4, 0x0, 0xc4, 0x24, 0x32, 0x10,
    0x20, 0x14, 0x85, 0x1, 0xb9, 0x7c, 0xc6, 0xa1,
    0xb8, 0x2, 0x28, 0x99, 0xc2, 0x30, 0x0,

    /* U+0150 "Ő" */
    0x0, 0xe1, 0x85, 0x7, 0x70, 0x7, 0xea, 0x54,
    0x78, 0x40, 0xf, 0x9d, 0x7c, 0xa2, 0x8c, 0x3,
    0xe7, 0xe2, 0x3f, 0x50, 0xf, 0xfe, 0x49, 0xce,
    0xff, 0xb6, 0x4, 0x3, 0xa3, 0x18, 0x59, 0x41,
    0xf9, 0x40, 0x27, 0x70, 0xe6, 0x26, 0xb6, 0x82,
    0x90, 0xa, 0x3, 0xc, 0x3, 0x2c, 0x84, 0x85,
    0x2, 0x90, 0x7, 0x98, 0x88, 0x86, 0x1e, 0x1,
    0xf9, 0x0, 0xd8, 0x18, 0x3, 0xf7, 0x7, 0x0,
    0x7f, 0xf0, 0x98, 0x18, 0x3, 0xf7, 0x7, 0x18,
    0x78, 0x7, 0xe4, 0x3, 0xa0, 0x52, 0x0, 0xf3,
    0x11, 0x10, 0x9c, 0x30, 0xc0, 0x32, 0xc8, 0x48,
    0x2, 0x1c, 0x73, 0x13, 0x5b, 0x41, 0x48, 0x1,
    0x46, 0x28, 0xb2, 0x83, 0xf2, 0x80, 0x0,

    /* U+0151 "ő" */
    0x0, 0xcf, 0xe4, 0x7e, 0xc0, 0x18, 0x61, 0xcb,
    0xcd, 0x80, 0x34, 0x8c, 0x29, 0xf0, 0x7, 0xa8,
    0xa, 0x88, 0x3, 0xa1, 0x1, 0xd4, 0x3, 0x97,
    0x3f, 0xda, 0xe0, 0x1a, 0x28, 0x99, 0xc2, 0x30,
    0x0, 0x6e, 0x5f, 0x31, 0xa8, 0x6e, 0x14, 0x16,
    0x20, 0x14, 0x85, 0x2, 0x3, 0x80, 0x62, 0x12,
    0x13, 0x1, 0x0, 0xe2, 0x0, 0x18, 0x8, 0x7,
    0x10, 0x1, 0xc1, 0x0, 0x31, 0x9, 0xc, 0x84,
    0x8, 0x5, 0x21, 0x40, 0x6e, 0x5f, 0x31, 0xa8,
    0x6e, 0x0, 0x8a, 0x26, 0x70, 0x8c, 0x0, 0x0,

    /* U+0152 "Œ" */
    0x0, 0xcb, 0x5b, 0xdf, 0xff, 0xf0, 0x4, 0xbd,
    0x4a, 0x28, 0xa8, 0x2, 0xab, 0xe6, 0x0, 0x35,
    0xc, 0x76, 0x55, 0x3c, 0x16, 0xab, 0xd2, 0x3,
    0x21, 0x6e, 0x20, 0x1f, 0xfc, 0x26, 0x5, 0x40,
    0xf, 0xfe, 0x26, 0x7, 0x80, 0x7e, 0x5a, 0xaf,
    0x30, 0x30, 0x30, 0x7, 0xe1, 0x55, 0xf6, 0x0,
    0x7f, 0xf0, 0x13, 0xff, 0xd4, 0xc, 0xc, 0x1,
    0xff, 0xc5, 0xc0, 0xe0, 0xf, 0xfe, 0x2b, 0x2,
    0x20, 0x3, 0xff, 0x88, 0x32, 0x16, 0xe2, 0x1,
    0xff, 0xc3, 0x6a, 0x18, 0xec, 0xaa, 0x78, 0x2d,
    0x57, 0xc2, 0x0, 0x5e, 0xa5, 0x14, 0x54, 0x1,
    0x55, 0xf8, 0xc0,

    /* U+0153 "œ" */
    0x0, 0x2e, 0x7f, 0xb5, 0xc0, 0x5, 0x5d, 0xfd,
    0x66, 0x1, 0x45, 0x13, 0x38, 0x46, 0x36, 0xaa,
    0x3b, 0x93, 0x14, 0xd, 0xcb, 0xe6, 0x35, 0xe,
    0x4b, 0xaa, 0x27, 0x86, 0xc2, 0x82, 0xc4, 0x2,
    0x90, 0x5, 0x80, 0x8c, 0xc, 0x28, 0x80, 0x70,
    0xc, 0x42, 0x13, 0xdd, 0xce, 0x4, 0x60, 0x20,
    0x1c, 0x41, 0x37, 0x7f, 0x39, 0x80, 0x80, 0x71,
    0x1, 0xa2, 0x7c, 0x2e, 0x8, 0x1, 0x88, 0x43,
    0x80, 0x3f, 0x48, 0x40, 0x80, 0x52, 0x0, 0x46,
    0x0, 0xe5, 0x3, 0x72, 0xf9, 0x8d, 0x45, 0xc1,
    0x9c, 0x88, 0x57, 0x50, 0x2, 0x28, 0x99, 0xc6,
    0x68, 0xfd, 0xc5, 0xde, 0x4a, 0x0,

    /* U+0154 "Ŕ" */
    0x0, 0xe6, 0xf5, 0x0, 0xfe, 0x29, 0x85, 0x0,
    0xfe, 0x79, 0x70, 0xf, 0xf2, 0xb0, 0x7, 0xef,
    0xfe, 0xec, 0x60, 0xf, 0x99, 0xa5, 0x39, 0x90,
    0x7, 0xa6, 0x6b, 0xb0, 0x31, 0x0, 0x7f, 0x21,
    0x83, 0x80, 0x7f, 0xf0, 0x4, 0x3, 0xf9, 0xc,
    0x14, 0x3, 0xa6, 0x6b, 0xb0, 0x48, 0x80, 0x73,
    0x34, 0x81, 0x2c, 0x1, 0xef, 0xfa, 0xc6, 0x50,
    0x3, 0xf9, 0x34, 0x28, 0x3, 0xfc, 0x6c, 0x2e,
    0x1, 0xfe, 0x80, 0x81, 0x0, 0xfe, 0x16, 0x9,
    0x0, 0xff, 0x40, 0x38, 0x80,

    /* U+0155 "ŕ" */
    0x0, 0xe5, 0xf8, 0x0, 0xc3, 0x69, 0x0, 0x1a,
    0x82, 0x80, 0x33, 0x26, 0x88, 0x6, 0x6f, 0x30,
    0x1, 0xfd, 0x15, 0x77, 0x98, 0x0, 0x71, 0xd1,
    0x40, 0x24, 0x7d, 0xaa, 0x18, 0x0, 0x64, 0x3,
    0xca, 0x1, 0xf0, 0x80, 0x7f, 0xf8, 0x40,

    /* U+0156 "Ŗ" */
    0xf, 0xfe, 0xec, 0x60, 0xf, 0x99, 0xa5, 0x39,
    0x90, 0x7, 0xa6, 0x6b, 0xb0, 0x31, 0x0, 0x7f,
    0x21, 0x83, 0x80, 0x7f, 0xf0, 0x4, 0x3, 0xf9,
    0xc, 0x14, 0x3, 0xa6, 0x6b, 0xb0, 0x48, 0x80,
    0x73, 0x34, 0x81, 0x2c, 0x1, 0xef, 0xfa, 0xc6,
    0x50, 0x3, 0xf9, 0x34, 0x28, 0x3, 0xfc, 0x6c,
    0x2e, 0x1, 0xfe, 0x80, 0x81, 0x0, 0xfe, 0x16,
    0x9, 0x0, 0xff, 0x40, 0x38, 0x87, 0xf8, 0x3,
    0xc3, 0xfe, 0x10, 0xf, 0x8, 0x80, 0x3f, 0xc5,
    0xd4, 0x1, 0xfe, 0x40, 0x80, 0xf, 0xf6, 0x21,
    0x80, 0x70,

    /* U+0157 "ŗ" */
    0x3f, 0xa2, 0xae, 0xf3, 0x0, 0xe, 0x3a, 0x28,
    0x4, 0x8f, 0xb5, 0x43, 0x0, 0xc, 0x80, 0x79,
    0x40, 0x3e, 0x10, 0xf, 0xff, 0x9, 0xfd, 0x0,
    0x78, 0x44, 0x1, 0xc3, 0xd8, 0x1, 0xc8, 0x12,
    0x1, 0xd8, 0x68, 0x1, 0xc0,

    /* U+0158 "Ř" */
    0x0, 0x2f, 0x10, 0x56, 0x0, 0x7c, 0xad, 0x94,
    0x9a, 0x1, 0xfa, 0x24, 0xb0, 0x40, 0x3f, 0x9e,
    0x8, 0x3, 0xef, 0xfe, 0xec, 0x60, 0xf, 0x99,
    0xa5, 0x39, 0x90, 0x7, 0xa6, 0x6b, 0xb0, 0x31,
    0x0, 0x7f, 0x21, 0x83, 0x80, 0x7f, 0xf0, 0x4,
    0x3, 0xf9, 0xc, 0x14, 0x3, 0xa6, 0x6b, 0xb0,
    0x48, 0x80, 0x73, 0x34, 0x81, 0x2c, 0x1, 0xef,
    0xfa, 0xc6, 0x50, 0x3, 0xf9, 0x34, 0x28, 0x3,
    0xfc, 0x6c, 0x2e, 0x1, 0xfe, 0x80, 0x81, 0x0,
    0xfe, 0x16, 0x9, 0x0, 0xff, 0x40, 0x38, 0x80,

    /* U+0159 "ř" */
    0x5, 0x50, 0x0, 0x5c, 0x41, 0xe9, 0x2, 0xb0,
    0x40, 0xa2, 0xa5, 0x68, 0x2, 0x72, 0x6b, 0x10,
    0xd, 0x9e, 0xa0, 0x3, 0xfa, 0x2a, 0xef, 0x30,
    0x0, 0xe3, 0xa2, 0x80, 0x48, 0xfb, 0x54, 0x30,
    0x0, 0xc8, 0x7, 0x94, 0x3, 0xe1, 0x0, 0xff,
    0xf0, 0x80,

    /* U+015A "Ś" */
    0x0, 0xe1, 0x84, 0x0, 0xfd, 0xaa, 0xa0, 0xf,
    0xa0, 0xb0, 0x40, 0x3e, 0x8e, 0x10, 0xf, 0xfe,
    0x2b, 0x67, 0xfb, 0xb2, 0x4c, 0x1, 0x92, 0x68,
    0xca, 0x2d, 0x0, 0xc6, 0x6e, 0xb9, 0xbd, 0xd7,
    0x86, 0x4, 0x88, 0x6, 0x24, 0x3, 0x2, 0x0,
    0xfd, 0x41, 0x10, 0x41, 0x0, 0xe3, 0xa1, 0x7b,
    0xed, 0x93, 0x0, 0x97, 0xb2, 0x14, 0xdb, 0x20,
    0x3, 0x1b, 0xd7, 0x50, 0x3a, 0x0, 0x7c, 0xac,
    0x18, 0x1, 0xff, 0x32, 0x80, 0x71, 0xb8, 0x66,
    0x2b, 0xee, 0x6b, 0x30, 0x2a, 0x97, 0x2a, 0xcc,
    0x52, 0x4a, 0xa0, 0x0,

    /* U+015B "ś" */
    0x0, 0xe6, 0xf7, 0x0, 0xe3, 0x96, 0x70, 0xc,
    0x3a, 0xb2, 0x1, 0xcb, 0x34, 0x1, 0xe4, 0x70,
    0xe, 0x4b, 0xef, 0xec, 0x70, 0x5b, 0x57, 0x78,
    0x28, 0x24, 0x3e, 0x62, 0x73, 0x0, 0x1f, 0x84,
    0x28, 0x3e, 0x54, 0x40, 0x26, 0xa2, 0x6a, 0xec,
    0x30, 0x2, 0xe7, 0xdb, 0x1e, 0x8, 0x6, 0x49,
    0x70, 0x44, 0x0, 0x70, 0x80, 0x2b, 0xaa, 0x21,
    0x6c, 0x4b, 0x8, 0xef, 0x34, 0x60, 0x0,

    /* U+015C "Ŝ" */
    0x0, 0xcb, 0x8, 0x1, 0xf2, 0xd0, 0xd9, 0x80,
    0x71, 0x5d, 0x4c, 0xb4, 0x40, 0x31, 0x72, 0x83,
    0x70, 0x80, 0x7f, 0xf0, 0xdb, 0x3f, 0xdd, 0x92,
    0x60, 0xc, 0x93, 0x46, 0x51, 0x68, 0x6, 0x33,
    0x75, 0xcd, 0xee, 0xbc, 0x30, 0x24, 0x40, 0x31,
    0x20, 0x18, 0x10, 0x7, 0xea, 0x8, 0x82, 0x8,
    0x7, 0x1d, 0xb, 0xdf, 0x6c, 0x98, 0x4, 0xbd,
    0x90, 0xa6, 0xd9, 0x0, 0x18, 0xde, 0xba, 0x81,
    0xd0, 0x3, 0xe5, 0x60, 0xc0, 0xf, 0xf9, 0x94,
    0x3, 0x8d, 0xc3, 0x31, 0x5f, 0x73, 0x59, 0x81,
    0x54, 0xb9, 0x56, 0x62, 0x92, 0x55, 0x0,

    /* U+015D "ŝ" */
    0x0, 0xaf, 0xd8, 0x3, 0x99, 0x1a, 0x48, 0x2,
    0x19, 0x99, 0x78, 0x2, 0x59, 0x60, 0xab, 0x20,
    0x2, 0x30, 0x4, 0xe4, 0x0, 0x4b, 0xef, 0xec,
    0x70, 0x5b, 0x57, 0x78, 0x28, 0x24, 0x3e, 0x62,
    0x73, 0x0, 0x1f, 0x84, 0x28, 0x3e, 0x54, 0x40,
    0x26, 0xa2, 0x6a, 0xec, 0x30, 0x2, 0xe7, 0xdb,
    0x1e, 0x8, 0x6, 0x49, 0x70, 0x44, 0x0, 0x70,
    0x80, 0x2b, 0xaa, 0x21, 0x6c, 0x4b, 0x8, 0xef,
    0x34, 0x60, 0x0,

    /* U+015E "Ş" */
    0x0, 0x36, 0x7f, 0xbb, 0x24, 0xc0, 0x19, 0x26,
    0x8c, 0xa2, 0xd0, 0xc, 0x66, 0xeb, 0x9b, 0xdd,
    0x78, 0x60, 0x48, 0x80, 0x62, 0x40, 0x30, 0x20,
    0xf, 0xd4, 0x11, 0x4, 0x10, 0xe, 0x3a, 0x17,
    0xbe, 0xd9, 0x30, 0x9, 0x7b, 0x21, 0x4d, 0xb2,
    0x0, 0x31, 0xbd, 0x75, 0x3, 0xa0, 0x7, 0xca,
    0xc1, 0x80, 0x1f, 0xf3, 0x28, 0x7, 0x1b, 0x86,
    0x62, 0xbe, 0xe6, 0xb3, 0x2, 0xa9, 0x72, 0xac,
    0xc5, 0x34, 0xaa, 0x0, 0xb5, 0x6f, 0xb2, 0x5a,
    0x80, 0x7d, 0x48, 0x40, 0x1e, 0x43, 0xb0, 0xf,
    0xdd, 0x8c, 0xe4, 0x1, 0x0,

    /* U+015F "ş" */
    0x4, 0xbe, 0xfe, 0xc7, 0x5, 0xb5, 0x77, 0x82,
    0x82, 0x43, 0xe6, 0x27, 0x30, 0x1, 0xf8, 0x42,
    0x83, 0xe5, 0x44, 0x2, 0x6a, 0x26, 0xae, 0xc3,
    0x0, 0x2e, 0x7d, 0xb1, 0xe0, 0x80, 0x64, 0x97,
    0x4, 0x40, 0x7, 0x8, 0x2, 0xba, 0xa2, 0x16,
    0xc4, 0xb0, 0x8e, 0xf3, 0x46, 0x3, 0x56, 0xfa,
    0x21, 0xc4, 0x3, 0xb9, 0x80, 0x39, 0x4f, 0x0,
    0x3d, 0x18, 0xf2, 0x1, 0x0,

    /* U+0160 "Š" */
    0x0, 0x1b, 0x80, 0x9, 0xc4, 0x3, 0x1d, 0xd1,
    0x7f, 0x84, 0x3, 0xb5, 0x35, 0xe0, 0x3, 0xc3,
    0xdf, 0x40, 0x1f, 0xfc, 0x56, 0xcf, 0xf7, 0x64,
    0x98, 0x3, 0x24, 0xd1, 0x94, 0x5a, 0x1, 0x8c,
    0xdd, 0x73, 0x7b, 0xaf, 0xc, 0x9, 0x10, 0xc,
    0x48, 0x6, 0x4, 0x1, 0xfa, 0x82, 0x20, 0x82,
    0x1, 0xc7, 0x42, 0xf7, 0xdb, 0x26, 0x1, 0x2f,
    0x64, 0x29, 0xb6, 0x40, 0x6, 0x37, 0xae, 0xa0,
    0x74, 0x0, 0xf9, 0x58, 0x30, 0x3, 0xfe, 0x65,
    0x0, 0xe3, 0x70, 0xcc, 0x57, 0xdc, 0xd6, 0x60,
    0x55, 0x2e, 0x55, 0x98, 0xa4, 0x95, 0x40,

    /* U+0161 "š" */
    0x5, 0xe1, 0x3, 0xf3, 0x0, 0x2a, 0x68, 0xeb,
    0x98, 0x5, 0x65, 0xc5, 0x0, 0x18, 0x75, 0xf8,
    0x3, 0xc7, 0x4, 0x1, 0x92, 0xfb, 0xfb, 0x1c,
    0x16, 0xd5, 0xde, 0xa, 0x9, 0xf, 0x98, 0x9c,
    0xc0, 0x7, 0xe1, 0xa, 0xf, 0x95, 0x10, 0x9,
    0xa8, 0x9a, 0xbb, 0xc, 0x0, 0xb9, 0xf6, 0xc7,
    0x82, 0x1, 0x92, 0x5c, 0x11, 0x0, 0x1c, 0x20,
    0xa, 0xea, 0x88, 0x5b, 0x12, 0xc2, 0x3b, 0xcd,
    0x18, 0x0,

    /* U+0162 "Ţ" */
    0x1f, 0xff, 0xfe, 0x2, 0xa, 0xaf, 0x0, 0x15,
    0x79, 0x82, 0xab, 0x84, 0x2e, 0xab, 0x10, 0x7,
    0xff, 0xfc, 0x3, 0xff, 0xfe, 0x1, 0xfe, 0xa1,
    0x0, 0xff, 0xe0, 0x21, 0x48, 0x7, 0xf1, 0x19,
    0x88, 0x40, 0x3f, 0x9b, 0x30, 0x56, 0x1, 0xc0,

    /* U+0163 "ţ" */
    0x1, 0x85, 0x0, 0xe3, 0x7f, 0x0, 0xff, 0xe0,
    0x3e, 0x82, 0xff, 0xca, 0xa8, 0x3, 0xaa, 0x9c,
    0x94, 0x19, 0x56, 0x20, 0xf, 0xfe, 0xe9, 0x3,
    0x0, 0x78, 0xcd, 0x4e, 0xe2, 0x0, 0x72, 0x22,
    0x20, 0xe0, 0x2, 0xbb, 0x17, 0xa8, 0x6, 0x53,
    0x60, 0x8, 0x8d, 0x7, 0x80, 0x27, 0xcb, 0x39,
    0x0,

    /* U+0164 "Ť" */
    0x0, 0xcf, 0xa2, 0x17, 0x60, 0xf, 0xce, 0x99,
    0x6d, 0x60, 0x1f, 0xd3, 0x47, 0xe0, 0x1f, 0xf3,
    0xc1, 0x0, 0x70, 0xff, 0xff, 0xf0, 0x10, 0x55,
    0x78, 0x0, 0xab, 0xcc, 0x15, 0x5c, 0x21, 0x75,
    0x58, 0x80, 0x3f, 0xff, 0xe0, 0x1f, 0xff, 0xf0,
    0xc,

    /* U+0165 "ť" */
    0x0, 0xe9, 0xf5, 0x0, 0xe5, 0x5, 0x1, 0xd8,
    0x3, 0x40, 0x1, 0x91, 0x1, 0xbc, 0x3, 0xd2,
    0x80, 0xfa, 0xb, 0xff, 0x2a, 0xa0, 0xe, 0xaa,
    0x72, 0x50, 0x65, 0x58, 0x80, 0x3f, 0xfb, 0xa4,
    0xc, 0x1, 0xe3, 0x35, 0x3b, 0x88, 0x1, 0xc8,
    0x88, 0x83, 0x80,

    /* U+0166 "Ŧ" */
    0x1f, 0xff, 0xfe, 0x2, 0xa, 0xaf, 0x0, 0x15,
    0x79, 0x82, 0xab, 0x84, 0x2e, 0xab, 0x10, 0x7,
    0xff, 0xbd, 0xff, 0xc2, 0x1d, 0xf6, 0x1, 0xe3,
    0x55, 0x0, 0x15, 0x5a, 0x1, 0xe4, 0xaa, 0x8,
    0x5d, 0x30, 0x7, 0xff, 0xbc,

    /* U+0167 "ŧ" */
    0x2, 0xfa, 0x0, 0xff, 0xe4, 0x3e, 0x82, 0xff,
    0xca, 0xa8, 0x3, 0xaa, 0x9c, 0x94, 0x19, 0x56,
    0x20, 0x10, 0x11, 0xc0, 0xf8, 0x9, 0xdd, 0x2a,
    0xa4, 0xe, 0xee, 0x42, 0x40, 0x64, 0x48, 0x40,
    0x3f, 0x8c, 0x18, 0x3, 0x84, 0xcd, 0x4e, 0xe2,
    0x0, 0x72, 0x22, 0x20, 0xe0,

    /* U+0168 "Ũ" */
    0x0, 0x93, 0x74, 0xe1, 0x8e, 0x1, 0xd0, 0x93,
    0x5e, 0x4c, 0x1, 0xdd, 0x29, 0xbd, 0xc1, 0x0,
    0xe2, 0x0, 0x84, 0x3, 0x27, 0xd8, 0x7, 0x87,
    0xf8, 0x3, 0xff, 0xfe, 0x1, 0xff, 0xc9, 0x70,
    0x70, 0xf, 0x18, 0x19, 0x80, 0xc4, 0x3, 0x90,
    0x1c, 0x14, 0x2c, 0x3, 0x14, 0x7, 0x5, 0x92,
    0xf5, 0x4d, 0xe8, 0xba, 0x0, 0xec, 0x12, 0xb2,
    0xa5, 0xc0, 0x0,

    /* U+0169 "ũ" */
    0x0, 0x27, 0x71, 0xc7, 0x58, 0x2, 0x97, 0x89,
    0xe3, 0x70, 0xb, 0xa5, 0xbb, 0x78, 0x40, 0x23,
    0x0, 0x88, 0x2, 0x4f, 0x80, 0xe, 0xfd, 0x0,
    0xff, 0xf8, 0x38, 0x10, 0x6, 0x30, 0x1, 0x82,
    0x88, 0x5, 0xe0, 0x13, 0x87, 0xcd, 0x73, 0x80,
    0x50, 0xe0, 0xc8, 0xd6, 0x0,

    /* U+016A "Ū" */
    0x0, 0x84, 0x7c, 0x1, 0xe8, 0xee, 0xe4, 0x0,
    0xeb, 0xbf, 0x28, 0x7, 0x12, 0x27, 0x8, 0x7,
    0xff, 0x9, 0x3e, 0xc0, 0x3c, 0x3f, 0xc0, 0x1f,
    0xff, 0xf0, 0xf, 0xfe, 0x4b, 0x83, 0x80, 0x78,
    0xc0, 0xcc, 0x6, 0x20, 0x1c, 0x80, 0xe0, 0xa1,
    0x60, 0x18, 0xa0, 0x38, 0x2c, 0x97, 0xaa, 0x6f,
    0x45, 0xd0, 0x7, 0x60, 0x95, 0x95, 0x2e, 0x0,

    /* U+016B "ū" */
    0x0, 0x57, 0xff, 0x18, 0x5, 0xd3, 0x3c, 0x40,
    0x12, 0x33, 0x70, 0x80, 0x7f, 0xc9, 0xf0, 0x1,
    0xdf, 0xa0, 0x1f, 0xff, 0x7, 0x2, 0x0, 0xc6,
    0x0, 0x30, 0x51, 0x0, 0xbc, 0x2, 0x70, 0xf9,
    0xae, 0x70, 0xa, 0x1c, 0x19, 0x1a, 0xc0, 0x0,

    /* U+016C "Ŭ" */
    0x0, 0x95, 0x0, 0x26, 0x20, 0xe, 0x29, 0x31,
    0x69, 0x0, 0xf3, 0xb6, 0x74, 0xc8, 0x80, 0x3d,
    0x7d, 0xbe, 0xc0, 0x1f, 0x84, 0x80, 0x39, 0x3e,
    0xc0, 0x3c, 0x3f, 0xc0, 0x1f, 0xff, 0xf0, 0xf,
    0xfe, 0x4b, 0x83, 0x80, 0x78, 0xc0, 0xcc, 0x6,
    0x20, 0x1c, 0x80, 0xe0, 0xa1, 0x60, 0x18, 0xa0,
    0x38, 0x2c, 0x97, 0xaa, 0x6f, 0x45, 0xd0, 0x7,
    0x60, 0x95, 0x95, 0x2e, 0x0,

    /* U+016D "ŭ" */
    0x0, 0x29, 0x80, 0x4e, 0x40, 0x16, 0xf1, 0x3,
    0x41, 0x80, 0x52, 0x1b, 0xf3, 0x2, 0x1, 0xe,
    0xe5, 0xf3, 0x80, 0x78, 0xd0, 0x40, 0x24, 0xf8,
    0x0, 0xef, 0xd0, 0xf, 0xff, 0x83, 0x81, 0x0,
    0x63, 0x0, 0x18, 0x28, 0x80, 0x5e, 0x1, 0x38,
    0x7c, 0xd7, 0x38, 0x5, 0xe, 0xc, 0x8d, 0x60,
    0x0,

    /* U+016E "Ů" */
    0x0, 0xc5, 0x9f, 0x40, 0x1f, 0xbd, 0x6d, 0xe4,
    0x3, 0xc6, 0x52, 0x92, 0xe0, 0x1e, 0x71, 0x0,
    0x38, 0x80, 0x79, 0x45, 0x86, 0x10, 0x2, 0x4f,
    0xb1, 0x99, 0x72, 0xc8, 0xff, 0x0, 0x66, 0xdb,
    0xe2, 0x0, 0xfc, 0x48, 0x1, 0xff, 0xff, 0x0,
    0x38, 0x38, 0x7, 0x8c, 0xc, 0xc0, 0x62, 0x1,
    0xc8, 0xe, 0xa, 0x16, 0x1, 0x8a, 0x3, 0x82,
    0xc9, 0x7a, 0xa6, 0xf4, 0x5d, 0x0, 0x76, 0x9,
    0x59, 0x52, 0xe0, 0x0,

    /* U+016F "ů" */
    0x0, 0x97, 0x7e, 0x80, 0x38, 0xaa, 0xec, 0xf2,
    0x1, 0x90, 0xd9, 0x21, 0x0, 0x32, 0x99, 0x83,
    0x9c, 0x3, 0x1b, 0xe7, 0xbd, 0x80, 0x74, 0x7f,
    0x60, 0x80, 0x13, 0xe0, 0x0, 0x20, 0xf, 0xd0,
    0xf, 0xff, 0x83, 0x81, 0x0, 0x63, 0x0, 0x18,
    0x28, 0x80, 0x5e, 0x1, 0x38, 0x7c, 0xd7, 0x38,
    0x5, 0xe, 0xc, 0x8d, 0x60, 0x0,

    /* U+0170 "Ű" */
    0x0, 0xe6, 0x80, 0x38, 0x20, 0xe, 0x49, 0xe1,
    0xd2, 0x20, 0x6, 0x1a, 0x76, 0xd2, 0xa0, 0xe,
    0x1e, 0x80, 0xcc, 0x0, 0x7f, 0xf0, 0xd3, 0xec,
    0x3, 0xc3, 0xfc, 0x1, 0xff, 0xff, 0x0, 0xff,
    0xe4, 0xb8, 0x38, 0x7, 0x8c, 0xc, 0xc0, 0x62,
    0x1, 0xc8, 0xe, 0xa, 0x16, 0x1, 0x8a, 0x3,
    0x82, 0xc9, 0x7a, 0xa6, 0xf4, 0x5d, 0x0, 0x76,
    0x9, 0x59, 0x52, 0xe0, 0x0,

    /* U+0171 "ű" */
    0x0, 0xcb, 0xe8, 0x3f, 0x20, 0x1a, 0x15, 0x2c,
    0xa4, 0x2, 0x52, 0xb3, 0x59, 0x0, 0xc5, 0x42,
    0xb2, 0x80, 0x19, 0xd4, 0x19, 0x80, 0x4, 0xf8,
    0x0, 0xef, 0xd0, 0xf, 0xff, 0x83, 0x81, 0x0,
    0x63, 0x0, 0x18, 0x28, 0x80, 0x5e, 0x1, 0x38,
    0x7c, 0xd7, 0x38, 0x5, 0xe, 0xc, 0x8d, 0x60,
    0x0,

    /* U+0172 "Ų" */
    0x4f, 0xb0, 0xf, 0xf, 0xf0, 0x7, 0xff, 0xfc,
    0x3, 0xff, 0x92, 0xe0, 0xe0, 0x1e, 0x30, 0x33,
    0x1, 0x88, 0x7, 0x20, 0x38, 0x28, 0x58, 0x6,
    0x28, 0xe, 0xb, 0x25, 0xea, 0x9b, 0xd1, 0x74,
    0x1, 0xd8, 0x25, 0x65, 0x4b, 0x80, 0xc, 0xf8,
    0x71, 0xd6, 0x80, 0x1e, 0x33, 0x30, 0x7, 0xfc,
    0xe6, 0x40, 0x1f, 0x1b, 0x4e, 0x30, 0x4,

    /* U+0173 "ų" */
    0x4f, 0x80, 0xe, 0xfd, 0x0, 0xff, 0xff, 0x38,
    0x10, 0x6, 0x30, 0xc, 0x60, 0xa2, 0x1, 0x78,
    0x7, 0x38, 0x7c, 0xd7, 0x38, 0x7, 0x43, 0x83,
    0x23, 0x58, 0x7, 0xa3, 0xbf, 0xa0, 0x11, 0x40,
    0x3f, 0x8d, 0x24, 0x3, 0xf9, 0x81, 0xc, 0x40,
    0x3e, 0x54, 0xac, 0x20,

    /* U+0174 "Ŵ" */
    0x0, 0xfc, 0x30, 0xe0, 0x1f, 0xfc, 0x5d, 0x3a,
    0xa0, 0x7, 0xff, 0xe, 0x9e, 0xf1, 0xdc, 0x1,
    0xff, 0xc2, 0xab, 0x1, 0xd7, 0x0, 0xff, 0xe7,
    0x9f, 0xe0, 0x7, 0x2f, 0xf8, 0x80, 0x3b, 0xfc,
    0x6, 0x26, 0x1, 0xd8, 0x0, 0x40, 0xc, 0x80,
    0x80, 0x4, 0x4, 0x0, 0xc8, 0x81, 0xc0, 0xd,
    0x81, 0x80, 0xc, 0xc, 0x0, 0x88, 0x98, 0x88,
    0x0, 0xc8, 0x8, 0x0, 0x40, 0x50, 0x9, 0x1,
    0x30, 0x48, 0x2, 0x31, 0x30, 0x1, 0x9, 0x8,
    0x3, 0x0, 0xd0, 0x10, 0x0, 0x80, 0x80, 0x19,
    0x1, 0x0, 0x8, 0x80, 0x21, 0xc0, 0x6, 0x6,
    0x0, 0x6c, 0xc, 0x2, 0x1c, 0x0, 0x22, 0x0,
    0xa, 0x8, 0x1, 0x9c, 0x10, 0x10, 0x10, 0x1,
    0x82, 0x62, 0x42, 0x40, 0x18, 0x48, 0x83, 0x82,
    0x60, 0x4, 0x4, 0x40, 0x20, 0x7, 0x90, 0x1d,
    0x14, 0x2, 0x21, 0xcc, 0x7, 0x80, 0x7b, 0x2,
    0xc7, 0x40, 0x32, 0x24, 0x8, 0x1, 0xe4, 0x2,
    0x4, 0x0, 0xd8, 0x4, 0x41, 0x0, 0xf0, 0x90,
    0x9, 0x0, 0x64, 0x0, 0x20, 0x6,

    /* U+0175 "ŵ" */
    0x0, 0xfb, 0x7c, 0xc0, 0x3f, 0xf8, 0xe, 0x47,
    0xe0, 0x1f, 0xf0, 0xc4, 0xf1, 0xb0, 0x7, 0xfa,
    0xcd, 0x8a, 0x60, 0x40, 0x3f, 0xab, 0x0, 0xd,
    0xc2, 0x1, 0xdf, 0x80, 0x1b, 0xfc, 0xa0, 0x13,
    0x7b, 0x1, 0x98, 0x2, 0x40, 0x7, 0x80, 0x58,
    0xe, 0x8, 0x8, 0x0, 0xc0, 0x44, 0x0, 0x48,
    0x42, 0x16, 0x18, 0x0, 0x43, 0xd1, 0x20, 0x31,
    0x40, 0x1, 0x82, 0x80, 0xd, 0x10, 0x8, 0x8,
    0x18, 0x1, 0x21, 0xa, 0x6, 0x10, 0xe0, 0x60,
    0x20, 0x5, 0x80, 0x9a, 0x8, 0x8, 0x80, 0x42,
    0x10, 0x9, 0x3, 0x11, 0x0, 0xc, 0x17, 0x4,
    0x0, 0xc6, 0x2e, 0x58, 0x0, 0x70, 0x90, 0xd0,
    0xe, 0x51, 0x4, 0x0, 0x9, 0x8, 0x20, 0x7,
    0x68, 0x0, 0xc0, 0x24, 0x3, 0x0, 0x80,

    /* U+0176 "Ŷ" */
    0x0, 0xf3, 0xc0, 0x80, 0x7f, 0xa6, 0x8f, 0x40,
    0x3f, 0x9d, 0x32, 0xde, 0x80, 0x3f, 0x3e, 0x88,
    0x5d, 0x0, 0x7f, 0xf1, 0xef, 0xd8, 0x3, 0xc7,
    0xfa, 0x0, 0xa1, 0x92, 0x0, 0xee, 0xe, 0x0,
    0xd, 0x7, 0x0, 0x69, 0x28, 0x30, 0x9, 0x18,
    0xe0, 0x0, 0x8c, 0x6e, 0x1, 0xd2, 0x4e, 0x83,
    0x41, 0xc0, 0x1f, 0x70, 0x55, 0x6, 0x48, 0x3,
    0xe3, 0x81, 0x45, 0x60, 0xf, 0xe7, 0x10, 0x80,
    0xf, 0xfe, 0x9, 0x80, 0x7f, 0xff, 0xc0,

    /* U+0177 "ŷ" */
    0x0, 0xc5, 0xfc, 0x20, 0x1f, 0xb9, 0xe, 0xc0,
    0x3e, 0x81, 0xaf, 0x55, 0x0, 0x7b, 0xfc, 0x25,
    0x66, 0x1, 0xe7, 0x20, 0x2, 0x30, 0x4, 0x7f,
    0x60, 0x1e, 0xdf, 0x13, 0x32, 0x8, 0x6, 0x42,
    0x51, 0xa, 0x9, 0x0, 0xdc, 0x12, 0x0, 0x61,
    0x60, 0x8, 0x54, 0x8c, 0x2, 0x61, 0x40, 0x3,
    0x5, 0x80, 0x6a, 0xf, 0x0, 0x50, 0x30, 0x6,
    0x24, 0x40, 0xa1, 0x30, 0x7, 0xb8, 0x27, 0x82,
    0x80, 0x3c, 0xa2, 0xca, 0x66, 0x0, 0xfa, 0x44,
    0x28, 0x3, 0xf3, 0x0, 0x18, 0x3, 0xf2, 0x83,
    0x0, 0x7f, 0x78, 0x58, 0x7, 0x8d, 0xed, 0x14,
    0x80, 0x3c, 0xb0, 0xaa, 0xb0, 0xf, 0x0,

    /* U+0178 "Ÿ" */
    0x0, 0xd7, 0xe6, 0x1d, 0xe0, 0x1f, 0x9c, 0x2,
    0x10, 0xf, 0xec, 0xf3, 0xf, 0xf0, 0x7, 0xff,
    0x1e, 0xfd, 0x80, 0x3c, 0x7f, 0xa0, 0xa, 0x19,
    0x20, 0xe, 0xe0, 0xe0, 0x0, 0xd0, 0x70, 0x6,
    0x92, 0x83, 0x0, 0x91, 0x8e, 0x0, 0x8, 0xc6,
    0xe0, 0x1d, 0x24, 0xe8, 0x34, 0x1c, 0x1, 0xf7,
    0x5, 0x50, 0x64, 0x80, 0x3e, 0x38, 0x14, 0x56,
    0x0, 0xfe, 0x71, 0x8, 0x0, 0xff, 0xe0, 0x98,
    0x7, 0xff, 0xfc,

    /* U+0179 "Ź" */
    0x0, 0xf3, 0x7a, 0x80, 0x7f, 0x14, 0xc2, 0x80,
    0x7f, 0x3c, 0xb8, 0x7, 0xf9, 0x58, 0x3, 0xee,
    0xff, 0xff, 0x48, 0x32, 0xaf, 0xe0, 0x7, 0x4,
    0x55, 0x7c, 0x60, 0x8e, 0x1, 0xf9, 0xd8, 0xac,
    0x3, 0xf2, 0xc0, 0xe0, 0x7, 0xe3, 0xa0, 0xd1,
    0x0, 0xf8, 0x74, 0x28, 0xc0, 0x3f, 0x68, 0xc2,
    0x80, 0x7e, 0xa3, 0x57, 0x0, 0xfd, 0xa, 0x74,
    0x1, 0xf9, 0x9c, 0xb4, 0x3, 0xf1, 0xc8, 0x78,
    0x80, 0x7e, 0xd0, 0x28, 0xaa, 0xf9, 0xc4, 0x40,
    0x4a, 0xbf, 0xac,

    /* U+017A "ź" */
    0x0, 0xf2, 0xfc, 0x0, 0x78, 0x6d, 0x20, 0x3,
    0xd4, 0x14, 0x1, 0xe6, 0x4d, 0x10, 0xf, 0x37,
    0x98, 0x6, 0xef, 0xff, 0xa8, 0x2e, 0x67, 0x8c,
    0xc, 0x15, 0x9b, 0x11, 0x94, 0x80, 0x71, 0xd8,
    0xf8, 0x7, 0xe, 0x86, 0x90, 0x7, 0x68, 0xd1,
    0x80, 0x75, 0x1c, 0x28, 0x7, 0x42, 0xa9, 0xc0,
    0x39, 0x9c, 0xe8, 0x3, 0x86, 0x42, 0xd9, 0xb9,
    0xc, 0x1, 0x13, 0x3d, 0xc0,

    /* U+017B "Ż" */
    0x0, 0xe2, 0xfd, 0x0, 0xff, 0xe5, 0x97, 0xe8,
    0x7, 0xff, 0x1f, 0xbf, 0xff, 0xd2, 0xc, 0xab,
    0xf8, 0x1, 0xc1, 0x15, 0x5f, 0x18, 0x23, 0x80,
    0x7e, 0x76, 0x2b, 0x0, 0xfc, 0xb0, 0x38, 0x1,
    0xf8, 0xe8, 0x34, 0x40, 0x3e, 0x1d, 0xa, 0x30,
    0xf, 0xda, 0x30, 0xa0, 0x1f, 0xa8, 0xd5, 0xc0,
    0x3f, 0x42, 0x9d, 0x0, 0x7e, 0x67, 0x2d, 0x0,
    0xfc, 0x72, 0x1e, 0x20, 0x1f, 0xb4, 0xa, 0x2a,
    0xbe, 0x71, 0x10, 0x12, 0xaf, 0xeb,

    /* U+017C "ż" */
    0x0, 0xd7, 0xe2, 0x1, 0xff, 0xc5, 0x9c, 0x10,
    0xf, 0x88, 0xc0, 0x3b, 0xbf, 0xfe, 0xa0, 0xb9,
    0x9e, 0x30, 0x30, 0x56, 0x6c, 0x46, 0x52, 0x1,
    0xc7, 0x63, 0xe0, 0x1c, 0x3a, 0x1a, 0x40, 0x1d,
    0xa3, 0x46, 0x1, 0xd4, 0x70, 0xa0, 0x1d, 0xa,
    0xa7, 0x0, 0xe6, 0x73, 0xa0, 0xe, 0x19, 0xb,
    0x66, 0xe4, 0x30, 0x4, 0x4c, 0xf7, 0x0,

    /* U+017D "Ž" */
    0x0, 0xd7, 0x60, 0x1e, 0x60, 0xf, 0xad, 0xaf,
    0x1d, 0x80, 0x3f, 0x79, 0xd4, 0x80, 0x7f, 0x14,
    0x38, 0x7, 0xbb, 0xff, 0xfd, 0x20, 0xca, 0xbf,
    0x80, 0x1c, 0x11, 0x55, 0xf1, 0x82, 0x38, 0x7,
    0xe7, 0x62, 0xb0, 0xf, 0xcb, 0x3, 0x80, 0x1f,
    0x8e, 0x83, 0x44, 0x3, 0xe1, 0xd0, 0xa3, 0x0,
    0xfd, 0xa3, 0xa, 0x1, 0xfa, 0x8d, 0x5c, 0x3,
    0xf4, 0x29, 0xd0, 0x7, 0xe6, 0x72, 0xd0, 0xf,
    0xc7, 0x21, 0xe2, 0x1, 0xfb, 0x40, 0xa2, 0xab,
    0xe7, 0x11, 0x1, 0x2a, 0xfe, 0xb0,

    /* U+017E "ž" */
    0x0, 0x2a, 0x80, 0x2, 0xe2, 0x1, 0x3d, 0x20,
    0x56, 0x8, 0x4, 0x51, 0x52, 0xb4, 0x1, 0xce,
    0x4d, 0x62, 0x1, 0xec, 0xf5, 0x0, 0xdd, 0xff,
    0xf5, 0x5, 0xcc, 0xf1, 0x81, 0x82, 0xb3, 0x62,
    0x32, 0x90, 0xe, 0x3b, 0x1f, 0x0, 0xe1, 0xd0,
    0xd2, 0x0, 0xed, 0x1a, 0x30, 0xe, 0xa3, 0x85,
    0x0, 0xe8, 0x55, 0x38, 0x7, 0x33, 0x9d, 0x0,
    0x70, 0xc8, 0x5b, 0x37, 0x21, 0x80, 0x22, 0x67,
    0xb8,

    /* U+017F "ſ" */
    0x0, 0x9f, 0x7f, 0xcc, 0x0, 0x68, 0x18, 0x82,
    0x80, 0x34, 0x35, 0xdc, 0x60, 0x6, 0x1, 0x0,
    0xa3, 0xc8, 0x3, 0xae, 0x84, 0x3, 0x8d, 0x4c,
    0x3, 0xff, 0xf2,

    /* U+0384 "΄" */
    0x0, 0x99, 0xc0, 0x26, 0x91, 0x0, 0x1c, 0xc3,
    0x0, 0xeb, 0x38, 0x0,

    /* U+0385 "΅" */
    0x0, 0xcc, 0xe0, 0x19, 0x67, 0xc0, 0x21, 0xb4,
    0x80, 0xa, 0x8e, 0xc0, 0x21, 0x3f, 0x0, 0xb7,
    0xa4, 0xff, 0x40, 0xc0, 0x31, 0x80,

    /* U+0386 "Ά" */
    0x0, 0x96, 0x4, 0x3, 0xfc, 0x94, 0x22, 0x0,
    0xfe, 0x1a, 0x49, 0x7f, 0xf1, 0x0, 0x7a, 0x8e,
    0xc2, 0x80, 0x14, 0x1, 0xe8, 0xc0, 0x42, 0x61,
    0x60, 0xf, 0x18, 0x87, 0x5, 0x30, 0xa8, 0x7,
    0xc2, 0xa4, 0x74, 0x1c, 0x1, 0xf3, 0x5, 0x1,
    0x1a, 0x10, 0x7, 0xa8, 0x18, 0x1, 0x41, 0x40,
    0x1c, 0x84, 0x82, 0x0, 0x70, 0x60, 0xe, 0xe0,
    0xe0, 0x8, 0x54, 0x54, 0x2, 0x15, 0xa, 0xff,
    0xca, 0x1c, 0x1, 0x30, 0x1b, 0x37, 0x85, 0x8,
    0x1, 0x41, 0xf3, 0x3e, 0x60, 0xa0, 0x42, 0x21,
    0x80, 0x7a, 0x81, 0x83, 0x82, 0xc0, 0x3e, 0x24,
    0x15,

    /* U+0387 "·" */
    0x67, 0x1b, 0x82, 0x0, 0x80,

    /* U+0388 "Έ" */
    0x0, 0x96, 0x4, 0x3, 0xfe, 0x4a, 0x11, 0x0,
    0x7f, 0x86, 0x96, 0x73, 0xff, 0xf3, 0x85, 0x15,
    0x0, 0x48, 0xab, 0xe3, 0x9, 0xc0, 0xd, 0x15,
    0x5e, 0x40, 0x20, 0xf, 0xfe, 0xbc, 0x55, 0x78,
    0x40, 0x3e, 0x45, 0x5f, 0x18, 0x7, 0xd9, 0xff,
    0xe2, 0x0, 0xff, 0xfb, 0xc5, 0x57, 0x98, 0x3,
    0xe4, 0x55, 0xf6, 0x0,

    /* U+0389 "Ή" */
    0x0, 0x92, 0x8, 0x3, 0xff, 0x82, 0x76, 0x44,
    0x0, 0xff, 0xe0, 0xf, 0x25, 0x6f, 0x90, 0x7,
    0xab, 0xd0, 0x28, 0x6c, 0x3, 0xff, 0x85, 0x78,
    0x1, 0xff, 0xeb, 0x9a, 0xaf, 0x20, 0x7, 0xf2,
    0x2a, 0xf8, 0x40, 0x3f, 0xb7, 0xff, 0xca, 0x1,
    0xff, 0xff, 0x0, 0xff, 0xe8, 0x80,

    /* U+038A "Ί" */
    0x0, 0x96, 0x8, 0x3, 0x1d, 0x11, 0x0, 0x21,
    0xd4, 0xac, 0xf3, 0xb, 0x3a, 0x0, 0xe8, 0xc1,
    0x0, 0xe2, 0x10, 0xf, 0xff, 0xf8, 0x7, 0xf8,

    /* U+038C "Ό" */
    0x0, 0xaf, 0xcc, 0x3, 0xff, 0x82, 0xa9, 0x6,
    0x1, 0xff, 0xc1, 0xb4, 0x71, 0x7c, 0xef, 0xea,
    0x40, 0xe, 0x90, 0xa3, 0xf8, 0x24, 0x65, 0x55,
    0xd0, 0x6, 0xfd, 0x3c, 0x18, 0xea, 0x9b, 0xd3,
    0x5a, 0x0, 0x98, 0xe4, 0x1d, 0xc0, 0x18, 0xb4,
    0x54, 0xc0, 0x21, 0x40, 0x80, 0xf, 0xc, 0x84,
    0x80, 0x48, 0x8, 0x1, 0xf9, 0x1, 0x0, 0x22,
    0x1, 0x0, 0xfc, 0x40, 0x20, 0x1c, 0x60, 0x1f,
    0xfc, 0x22, 0x2, 0x0, 0xfc, 0x40, 0x20, 0x12,
    0x2, 0x0, 0x7e, 0x40, 0x40, 0x8, 0x50, 0x20,
    0x3, 0xc3, 0x21, 0x20, 0x1a, 0x41, 0xdc, 0x1,
    0x8b, 0x45, 0x4c, 0x3, 0x16, 0xc, 0x75, 0x4d,
    0xe9, 0xad, 0x0, 0x78, 0xfe, 0x9, 0x59, 0x55,
    0x74, 0x1, 0x0,

    /* U+038E "Ύ" */
    0x0, 0x99, 0xc4, 0x3, 0xff, 0x84, 0x93, 0xe2,
    0x1, 0xff, 0xc1, 0x1a, 0x58, 0x87, 0xc8, 0x7,
    0x87, 0xbc, 0x83, 0x56, 0x82, 0xd, 0x90, 0x3,
    0xa8, 0x68, 0x83, 0xac, 0x2, 0xe0, 0xa1, 0x0,
    0x9d, 0x15, 0x40, 0x2, 0x0, 0xc5, 0x23, 0x40,
    0x2, 0x81, 0xb0, 0xf, 0xe6, 0x44, 0x30, 0x78,
    0x50, 0x80, 0x7f, 0xa8, 0x66, 0x89, 0xd0, 0x3,
    0xfe, 0x1b, 0x5, 0x28, 0x0, 0xff, 0xe0, 0xa9,
    0x84, 0x80, 0x7f, 0xf0, 0xdc, 0x3, 0xff, 0xfe,
    0x1, 0xff, 0xca,

    /* U+038F "Ώ" */
    0x0, 0x99, 0xc0, 0x3f, 0xf8, 0x4b, 0x20, 0x1f,
    0xfc, 0x21, 0xb5, 0x71, 0x8d, 0xff, 0x75, 0x18,
    0x7, 0x51, 0x52, 0xf3, 0x9a, 0x29, 0xae, 0x48,
    0x4, 0x3d, 0xa9, 0x41, 0x3d, 0x75, 0xb8, 0x4d,
    0x20, 0x1, 0x51, 0x90, 0xa6, 0x0, 0xc7, 0x82,
    0xc6, 0x1, 0x19, 0x11, 0x40, 0x3c, 0x2c, 0x14,
    0x1, 0x20, 0x20, 0x7, 0xeb, 0x5, 0x0, 0xbc,
    0x38, 0x3, 0xf0, 0x80, 0x80, 0x5e, 0x1c, 0x1,
    0xf9, 0x80, 0x40, 0x23, 0x4, 0x0, 0xfc, 0x60,
    0xa0, 0x12, 0x11, 0x10, 0x3, 0xe9, 0xa, 0x0,
    0xd2, 0x14, 0x20, 0x1d, 0x42, 0xc6, 0x1, 0x92,
    0x47, 0x8, 0x2, 0x95, 0x49, 0x0, 0xcf, 0x7a,
    0x25, 0xa2, 0x16, 0xc0, 0xb, 0xb0, 0x5, 0x88,
    0x81, 0x0, 0x18, 0x30, 0x1, 0x12, 0x0,

    /* U+0390 "ΐ" */
    0x0, 0x8b, 0xf0, 0x3, 0x79, 0x68, 0x5, 0x41,
    0x82, 0x0, 0x12, 0xf1, 0x0, 0x7f, 0x40, 0x7e,
    0x80, 0x80, 0xc, 0x4, 0x3b, 0xc0, 0x7f, 0x0,
    0x3f, 0x8f, 0xe4, 0x3, 0xff, 0xc8, 0x60, 0x18,
    0x81, 0x80, 0x30, 0xa1, 0xd4, 0x8, 0x2, 0x95,
    0x1c, 0x80,

    /* U+0391 "Α" */
    0x0, 0xe7, 0xff, 0x10, 0x7, 0xfa, 0x80, 0x14,
    0x1, 0xfc, 0x84, 0xc2, 0xc0, 0x1f, 0xdc, 0x14,
    0xc2, 0xa0, 0x1f, 0xa, 0x91, 0xd0, 0x70, 0x7,
    0xcc, 0x14, 0x4, 0x68, 0x40, 0x1e, 0xa0, 0x60,
    0x5, 0x5, 0x0, 0x72, 0x12, 0x8, 0x1, 0xc1,
    0x80, 0x3b, 0x83, 0x80, 0x21, 0x51, 0x50, 0x8,
    0x54, 0x2b, 0xff, 0x28, 0x70, 0x4, 0xc0, 0x6c,
    0xde, 0x14, 0x20, 0x5, 0x7, 0xcc, 0xf9, 0x82,
    0x81, 0x8, 0x86, 0x1, 0xea, 0x6, 0xe, 0xb,
    0x0, 0xf8, 0x90, 0x54,

    /* U+0392 "Β" */
    0xf, 0xff, 0x6c, 0x90, 0x7, 0x33, 0x4a, 0xd,
    0xa4, 0x1, 0xa6, 0x6a, 0xd5, 0xb, 0x0, 0xfe,
    0xf0, 0x30, 0xf, 0xef, 0xd, 0x0, 0xd3, 0x3b,
    0x55, 0x4e, 0x1, 0x99, 0xb1, 0x13, 0xc0, 0x3b,
    0xff, 0x60, 0xd3, 0x80, 0x7e, 0x3d, 0x8, 0x10,
    0xf, 0xc2, 0x40, 0xa0, 0x1f, 0xc6, 0x1, 0xfe,
    0x61, 0x4, 0x0, 0xa6, 0x6a, 0xc9, 0x9, 0x0,
    0xcc, 0xd2, 0x92, 0xe3, 0x0,

    /* U+0393 "Γ" */
    0xf, 0xff, 0xe0, 0xc, 0xab, 0xf0, 0x6, 0xaa,
    0xf8, 0x3, 0xff, 0xfe, 0x1, 0xff, 0xe3,

    /* U+0394 "Δ" */
    0x0, 0xe7, 0xff, 0x10, 0x7, 0xfa, 0x80, 0x14,
    0x1, 0xfc, 0x84, 0xe4, 0xc0, 0x1f, 0xdc, 0x15,
    0x41, 0x50, 0xf, 0x85, 0x4c, 0x98, 0x38, 0x3,
    0xe6, 0xa, 0x1, 0x44, 0x10, 0x7, 0xa8, 0x18,
    0x1, 0xc1, 0x40, 0x1c, 0x84, 0xa0, 0x12, 0x8b,
    0x0, 0x77, 0x7, 0x0, 0x67, 0x15, 0x0, 0x85,
    0x45, 0x0, 0x35, 0x7, 0x0, 0x4c, 0xc, 0x1,
    0xc6, 0x48, 0x40, 0xa, 0xa, 0x0, 0xf5, 0x5,
    0x2, 0x10, 0x5c, 0xcf, 0xb0, 0x18, 0x38, 0x0,
    0xcd, 0xf2, 0x0, 0xa8,

    /* U+0395 "Ε" */
    0xf, 0xff, 0xe3, 0x0, 0x95, 0x7e, 0x20, 0xa,
    0xab, 0xe1, 0x0, 0xff, 0xe6, 0xd5, 0x7a, 0x0,
    0x32, 0xaf, 0x98, 0x3, 0x7f, 0xfb, 0x80, 0x3f,
    0xfc, 0x95, 0x5f, 0x18, 0x4, 0xab, 0xf3, 0x0,

    /* U+0396 "Ζ" */
    0xe, 0xff, 0xff, 0x48, 0x32, 0xaf, 0xe0, 0x7,
    0x4, 0x55, 0x7c, 0x60, 0x8e, 0x1, 0xf9, 0xd8,
    0xac, 0x3, 0xf2, 0xc0, 0xe0, 0x7, 0xe3, 0xa0,
    0xd1, 0x0, 0xf8, 0x74, 0x28, 0xc0, 0x3f, 0x68,
    0xc2, 0x80, 0x7e, 0xa3, 0x57, 0x0, 0xfd, 0xa,
    0x74, 0x1, 0xf9, 0x9c, 0xb4, 0x3, 0xf1, 0xc8,
    0x78, 0x80, 0x7e, 0xd0, 0x28, 0xaa, 0xf9, 0xc4,
    0x40, 0x4a, 0xbf, 0xac,

    /* U+0397 "Η" */
    0xf, 0xf0, 0x7, 0xdd, 0xe2, 0x1, 0xff, 0xeb,
    0xaa, 0xf8, 0x40, 0x39, 0x57, 0xe0, 0xf, 0x7f,
    0xfc, 0x20, 0x1f, 0xff, 0xf0, 0xe,

    /* U+0398 "Θ" */
    0x0, 0x8e, 0x77, 0xfd, 0xb0, 0x20, 0x1d, 0x18,
    0xc2, 0xca, 0xf, 0xca, 0x1, 0x3b, 0x87, 0x31,
    0x35, 0xb4, 0x14, 0x80, 0x50, 0x18, 0x60, 0x19,
    0x64, 0x24, 0x28, 0x14, 0x80, 0x3c, 0xc4, 0x44,
    0x30, 0xf5, 0xaa, 0xf1, 0xa0, 0x1b, 0x3, 0x62,
    0xaf, 0x9b, 0x83, 0x80, 0x29, 0xff, 0xf2, 0x80,
    0x4c, 0xc, 0x1, 0xfb, 0x83, 0x8c, 0x3c, 0x3,
    0xf2, 0x1, 0xd0, 0x29, 0x0, 0x79, 0x88, 0x88,
    0x50, 0x18, 0x60, 0x19, 0x64, 0x24, 0x0, 0xee,
    0x1c, 0xc4, 0xd6, 0xd0, 0x52, 0x0, 0x51, 0x8a,
    0x2c, 0xa0, 0xfc, 0xa0, 0x0,

    /* U+0399 "Ι" */
    0xf, 0xf0, 0x7, 0xff, 0x6c,

    /* U+039A "Κ" */
    0xf, 0xf0, 0x7, 0x17, 0x7b, 0x80, 0x7e, 0x3c,
    0x1a, 0x70, 0xf, 0x97, 0x6, 0xd4, 0x3, 0xe6,
    0xa1, 0xc4, 0x0, 0xf9, 0xe4, 0x70, 0xc0, 0x3e,
    0x98, 0x2f, 0x20, 0xf, 0xcc, 0x18, 0x20, 0x1f,
    0xc6, 0x14, 0x1, 0xfe, 0xc4, 0x46, 0x0, 0x7f,
    0xad, 0xf, 0x4, 0x3, 0xfa, 0xd4, 0xf0, 0x40,
    0x3f, 0xa9, 0x4b, 0x4, 0x3, 0xfa, 0x98, 0xb0,
    0x40, 0x3f, 0xa5, 0x8b, 0xc8,

    /* U+039B "Λ" */
    0x0, 0xe7, 0xff, 0x10, 0x7, 0xfa, 0x80, 0x14,
    0x1, 0xfc, 0x84, 0xc2, 0xc0, 0x1f, 0xdc, 0x14,
    0xc2, 0xa0, 0x1f, 0xa, 0x91, 0xd0, 0x70, 0x7,
    0xcc, 0x14, 0x4, 0x68, 0x40, 0x1e, 0xa0, 0x60,
    0x5, 0x5, 0x0, 0x72, 0x12, 0x8, 0x1, 0x81,
    0x80, 0x3b, 0x83, 0x80, 0x32, 0x8a, 0x80, 0x42,
    0xa2, 0xa0, 0x1a, 0x43, 0x80, 0x26, 0x6, 0x0,
    0xe3, 0x24, 0x20, 0x5, 0x5, 0x0, 0x7a, 0x82,
    0x81, 0x8, 0xc8, 0x3, 0xcc, 0xc, 0x1c, 0x14,
    0x1, 0xf0, 0xa0, 0xa8,

    /* U+039C "Μ" */
    0xf, 0xf8, 0x40, 0x3d, 0xbf, 0xe4, 0x0, 0xcc,
    0x1, 0xc6, 0x40, 0x1c, 0x25, 0x40, 0x1d, 0x40,
    0x80, 0x1d, 0x64, 0x80, 0x19, 0x94, 0x40, 0x39,
    0xc3, 0x80, 0x26, 0xe, 0x0, 0xf0, 0xaa, 0x84,
    0x1, 0x42, 0x80, 0x1f, 0x48, 0x30, 0x19, 0x98,
    0x3, 0xf1, 0x95, 0x5, 0x4, 0x80, 0x7f, 0x51,
    0x23, 0xa0, 0x80, 0x7f, 0x30, 0x50, 0xf0, 0x7,
    0xf8, 0x54, 0x44, 0xa0, 0x1f, 0xf4, 0x56, 0x80,
    0x7f, 0xf0, 0x9, 0x4c, 0x3, 0xff, 0x92,

    /* U+039D "Ν" */
    0xf, 0xf6, 0x80, 0x7b, 0xbc, 0x2, 0x27, 0x0,
    0xfe, 0x11, 0x48, 0x80, 0x7f, 0x48, 0xc8, 0x7,
    0xf3, 0x93, 0x90, 0x7, 0xf4, 0x4, 0x0, 0x7f,
    0x29, 0xa9, 0x80, 0x7f, 0x78, 0x78, 0x7, 0xf1,
    0xa1, 0xa0, 0x7, 0xf4, 0x84, 0x80, 0x7f, 0x13,
    0x13, 0x0, 0x7f, 0x40, 0x40, 0x80, 0x7e, 0x18,
    0x10, 0xf, 0xf3, 0x88, 0x0,

    /* U+039E "Ξ" */
    0xf, 0xff, 0xe0, 0x55, 0xfc, 0xc1, 0x55, 0xfa,
    0x40, 0x3f, 0xf9, 0x55, 0x5e, 0x90, 0x9, 0x57,
    0xcc, 0x1, 0x7f, 0xfc, 0x1, 0xff, 0xde, 0xaa,
    0xfd, 0x20, 0xab, 0xf9, 0x80,

    /* U+039F "Ο" */
    0x0, 0x8e, 0x77, 0xfd, 0xb0, 0x20, 0x1d, 0x18,
    0xc2, 0xca, 0xf, 0xca, 0x1, 0x3b, 0x87, 0x31,
    0x35, 0xb4, 0x14, 0x80, 0x50, 0x18, 0x60, 0x19,
    0x64, 0x24, 0x28, 0x14, 0x80, 0x3c, 0xc4, 0x44,
    0x30, 0xf0, 0xf, 0xc8, 0x6, 0xc0, 0xc0, 0x1f,
    0xb8, 0x38, 0x3, 0xff, 0x84, 0xc0, 0xc0, 0x1f,
    0xb8, 0x38, 0xc3, 0xc0, 0x3f, 0x20, 0x1d, 0x2,
    0x90, 0x7, 0x98, 0x88, 0x84, 0xe1, 0x86, 0x1,
    0x96, 0x42, 0x40, 0x10, 0xe3, 0x98, 0x9a, 0xda,
    0xa, 0x40, 0xa, 0x31, 0x45, 0x94, 0x1f, 0x94,
    0x0,

    /* U+03A0 "Π" */
    0xf, 0xff, 0xf8, 0x40, 0x25, 0x5f, 0x80, 0x3d,
    0x55, 0xf0, 0x80, 0x7f, 0xff, 0xc0, 0x3f, 0xff,
    0x40,

    /* U+03A1 "Ρ" */
    0xf, 0xfe, 0xeb, 0x50, 0xe, 0x66, 0x89, 0x2a,
    0x0, 0x34, 0xcd, 0x96, 0xe, 0x40, 0x1f, 0x21,
    0x83, 0x80, 0x7f, 0xf1, 0x90, 0xc1, 0x0, 0x29,
    0x9b, 0x2c, 0x1c, 0x40, 0x26, 0x68, 0x92, 0xa0,
    0x3, 0x7f, 0xdd, 0x6a, 0x1, 0xff, 0xed,

    /* U+03A3 "Σ" */
    0xf, 0xff, 0xe3, 0x0, 0x8d, 0x57, 0xc4, 0x18,
    0x5, 0x15, 0x5c, 0x20, 0x76, 0x38, 0x40, 0x1f,
    0x25, 0xf, 0x88, 0x7, 0xcb, 0x45, 0x82, 0x1,
    0xf2, 0xb1, 0x58, 0x7, 0xc4, 0xc1, 0x0, 0x1e,
    0x1f, 0xa, 0x20, 0xf, 0x51, 0x3a, 0x80, 0x7a,
    0x11, 0x10, 0x1, 0xe5, 0x72, 0xa0, 0xf, 0xa8,
    0x6, 0xea, 0xb8, 0xc0, 0x23, 0x55, 0xf3, 0x0,

    /* U+03A4 "Τ" */
    0x1f, 0xff, 0xfe, 0x2, 0xa, 0xaf, 0x0, 0x15,
    0x79, 0x82, 0xab, 0x84, 0x2e, 0xab, 0x10, 0x7,
    0xff, 0xfc, 0x3, 0xff, 0xfe, 0x1, 0x80,

    /* U+03A5 "Υ" */
    0xb, 0xf6, 0x0, 0xf1, 0xfe, 0x80, 0x28, 0x64,
    0x80, 0x3b, 0x83, 0x80, 0x3, 0x41, 0xc0, 0x1a,
    0x4a, 0xc, 0x2, 0x46, 0x38, 0x0, 0x23, 0x1b,
    0x80, 0x74, 0x93, 0xa0, 0xd0, 0x70, 0x7, 0xdc,
    0x15, 0x41, 0x92, 0x0, 0xf8, 0xe0, 0x51, 0x58,
    0x3, 0xf9, 0xc4, 0x20, 0x3, 0xff, 0x82, 0x60,
    0x1f, 0xff, 0xf0,

    /* U+03A6 "Φ" */
    0x0, 0xe1, 0xfe, 0x0, 0xff, 0x24, 0x80, 0xb1,
    0x80, 0x79, 0xba, 0xdc, 0x1, 0x39, 0x83, 0x0,
    0xa2, 0x46, 0x2c, 0x7, 0x18, 0xf1, 0x1, 0x1c,
    0x75, 0xd4, 0x0, 0x73, 0x41, 0x43, 0xc1, 0x24,
    0x1, 0xe5, 0x41, 0x77, 0x1, 0x80, 0x7e, 0x30,
    0xf0, 0x3, 0x80, 0x7e, 0xf0, 0x3, 0x82, 0x0,
    0x7e, 0xc0, 0xfe, 0x9, 0x20, 0xf, 0x2a, 0x3,
    0xa3, 0xe, 0xba, 0x80, 0xe, 0x68, 0x28, 0x42,
    0x64, 0x31, 0x60, 0x38, 0xc5, 0x6a, 0x1, 0x37,
    0x5b, 0x80, 0x23, 0x35, 0x0, 0x3c, 0x92, 0x2,
    0xe6, 0x1, 0x80,

    /* U+03A7 "Χ" */
    0x6, 0xfb, 0x0, 0xf5, 0xfb, 0x0, 0x19, 0x10,
    0xc0, 0x19, 0x91, 0xc, 0x1, 0x50, 0xc9, 0x0,
    0xa, 0x46, 0x80, 0x30, 0xd0, 0x70, 0x3, 0x82,
    0xc4, 0x3, 0x91, 0x8e, 0x20, 0x6c, 0xa0, 0x1f,
    0x49, 0x3b, 0x8a, 0x40, 0x3f, 0xac, 0x1, 0x20,
    0x1f, 0xeb, 0x0, 0x68, 0x7, 0xf4, 0x93, 0x1b,
    0x20, 0x7, 0xc8, 0xc5, 0x3c, 0x14, 0x20, 0x1c,
    0x34, 0x1e, 0x5, 0x3, 0x60, 0x1d, 0x63, 0x4,
    0x0, 0x73, 0x55, 0x0, 0x4a, 0xa3, 0x70, 0xd,
    0xc1, 0x62, 0x3, 0x41, 0xa0, 0x1c, 0x52, 0x34,
    0x0,

    /* U+03A8 "Ψ" */
    0xef, 0x30, 0x0, 0xff, 0x0, 0x4f, 0xf4, 0x1,
    0xff, 0xd0, 0x30, 0xf, 0xfe, 0x71, 0xb0, 0x30,
    0x7, 0xee, 0xe, 0xc0, 0xf0, 0xf, 0xc8, 0x8,
    0xc0, 0xa4, 0x1, 0xe5, 0x22, 0x18, 0xb8, 0x78,
    0x80, 0x63, 0xa0, 0x90, 0x4, 0x31, 0x75, 0x80,
    0xde, 0x4, 0xa0, 0x5, 0x34, 0x4a, 0x0, 0x44,
    0x63, 0x0, 0x72, 0xee, 0x80, 0x7e, 0xcc, 0x3,
    0xf1, 0x81, 0x80, 0x7f, 0xf2, 0x0,

    /* U+03A9 "Ω" */
    0x0, 0xcb, 0x7d, 0xfd, 0x8e, 0x1, 0xe1, 0xba,
    0x42, 0x55, 0x1c, 0x71, 0x80, 0x6d, 0x44, 0x6e,
    0x55, 0xfb, 0x8e, 0x90, 0x1, 0x8c, 0xd6, 0x40,
    0x1a, 0x18, 0x60, 0x1, 0x41, 0x0, 0x1f, 0x40,
    0x28, 0x81, 0x82, 0x0, 0x7c, 0x26, 0xa, 0x1,
    0xff, 0xc0, 0x70, 0x10, 0x8, 0x40, 0x3f, 0x38,
    0x8, 0x18, 0x28, 0x7, 0xc2, 0x60, 0xa1, 0x41,
    0xe0, 0x1f, 0x30, 0x28, 0x83, 0x1a, 0x38, 0x7,
    0x1c, 0x5, 0x80, 0x5a, 0x50, 0xe0, 0x12, 0x68,
    0x58, 0x81, 0x5d, 0x8, 0x44, 0x1, 0x2c, 0x4b,
    0xed, 0x45, 0x10, 0x60, 0x2, 0x1, 0x0, 0x12,
    0x23, 0x40,

    /* U+03AA "Ϊ" */
    0xef, 0x1, 0xfd, 0x10, 0x1, 0x80, 0x3f, 0xc0,
    0x5f, 0xa0, 0x1f, 0xbf, 0xc0, 0x1f, 0xff, 0xf0,
    0xe,

    /* U+03AB "Ϋ" */
    0x0, 0xd9, 0xe4, 0x1f, 0xe0, 0xf, 0xf0, 0x80,
    0x7f, 0xd9, 0xe6, 0x1f, 0xe0, 0xf, 0xfe, 0x3d,
    0xfb, 0x0, 0x78, 0xff, 0x40, 0x14, 0x32, 0x40,
    0x1d, 0xc1, 0xc0, 0x1, 0xa0, 0xe0, 0xd, 0x25,
    0x6, 0x1, 0x23, 0x1c, 0x0, 0x11, 0x8d, 0xc0,
    0x3a, 0x49, 0xd0, 0x68, 0x38, 0x3, 0xee, 0xa,
    0xa0, 0xc9, 0x0, 0x7c, 0x70, 0x28, 0xac, 0x1,
    0xfc, 0xe2, 0x10, 0x1, 0xff, 0xc1, 0x30, 0xf,
    0xff, 0xf8,

    /* U+03AC "ά" */
    0x0, 0xf3, 0x38, 0x80, 0x7e, 0x59, 0x1, 0x0,
    0xf8, 0xa9, 0xdc, 0x1, 0xfb, 0xd6, 0x0, 0x3f,
    0xb6, 0x80, 0x3f, 0x36, 0xff, 0x48, 0x3, 0xa8,
    0x1, 0x52, 0x97, 0x2d, 0x68, 0x3e, 0xa, 0xa4,
    0x94, 0x77, 0x24, 0x2, 0x87, 0x87, 0x80, 0x56,
    0x6, 0xa0, 0x7, 0x5, 0x0, 0x8c, 0x1, 0xe0,
    0x3, 0x1, 0x0, 0xc6, 0xa, 0x0, 0x30, 0xf,
    0x10, 0x80, 0x4e, 0x6, 0x1, 0x20, 0x8c, 0x0,
    0xf0, 0x90, 0xb, 0xc0, 0xe, 0x0, 0x53, 0x59,
    0x48, 0x47, 0x18, 0x80, 0x86, 0x3a, 0x5b, 0x3c,
    0x69, 0xb9, 0x0,

    /* U+03AD "έ" */
    0x0, 0xe4, 0xf9, 0x0, 0xe1, 0xa4, 0x90, 0xe,
    0xd2, 0xb0, 0xe, 0x3b, 0xd0, 0xf, 0x1b, 0x88,
    0x6, 0x29, 0xdf, 0xf6, 0xd0, 0xe, 0x33, 0x67,
    0x70, 0xa0, 0xc5, 0xcc, 0xab, 0x45, 0x82, 0x90,
    0x88, 0x1, 0x1c, 0x15, 0xee, 0x94, 0x2, 0x13,
    0x7a, 0xa2, 0x0, 0x16, 0x65, 0xa, 0xa1, 0x0,
    0x78, 0x20, 0x7, 0x8c, 0x24, 0x3, 0x86, 0xc5,
    0xf2, 0x21, 0x3a, 0xc5, 0x8c, 0x2e, 0xf3, 0x20,

    /* U+03AE "ή" */
    0x0, 0xf0, 0xf6, 0x0, 0x7d, 0x41, 0xa0, 0x1e,
    0x64, 0xa1, 0x0, 0xe2, 0x98, 0x40, 0xf, 0x17,
    0xb8, 0x4, 0x7f, 0x43, 0x5d, 0xf8, 0x80, 0x10,
    0xfb, 0x3a, 0x9d, 0xa0, 0x1, 0x1b, 0x26, 0xa8,
    0x1e, 0x0, 0x18, 0x0, 0x94, 0x14, 0x0, 0xa0,
    0x1c, 0x42, 0x0, 0x10, 0xf, 0xff, 0x69, 0xfd,
    0x0, 0x7f, 0xf6, 0x40,

    /* U+03AF "ί" */
    0x0, 0x96, 0x8, 0x0, 0x94, 0x24, 0x3, 0x4b,
    0x20, 0xd, 0x5a, 0x0, 0xb2, 0xc0, 0x26, 0xf7,
    0x0, 0xff, 0xed, 0x98, 0x7, 0x30, 0x70, 0x4,
    0x64, 0xd3, 0x0, 0xf, 0x47, 0x70, 0x80,

    /* U+03B0 "ΰ" */
    0x0, 0xe4, 0x82, 0x0, 0xf1, 0xd9, 0x10, 0x3,
    0x87, 0x92, 0x80, 0x3d, 0x43, 0x60, 0x1f, 0x5e,
    0x0, 0x7a, 0xbd, 0x43, 0x7c, 0x80, 0x23, 0x0,
    0x84, 0x3, 0xa7, 0xd4, 0x33, 0xc8, 0x3, 0xff,
    0x81, 0x1e, 0x80, 0x14, 0xf9, 0x80, 0x7d, 0x21,
    0xe0, 0x1f, 0x94, 0xc4, 0x3, 0xed, 0x4, 0x0,
    0xfe, 0x30, 0xf, 0xb8, 0xc, 0x3, 0xe5, 0x7,
    0xf0, 0x10, 0x8, 0x8c, 0x88, 0x61, 0xe0, 0x17,
    0x4, 0x2, 0x1a, 0xdc, 0x69, 0xba, 0x80, 0x35,
    0x54, 0xe3, 0x50, 0x0,

    /* U+03B1 "α" */
    0x0, 0x36, 0xff, 0x48, 0x3, 0xa8, 0x1, 0x52,
    0x97, 0x2d, 0x68, 0x3e, 0xa, 0xa4, 0x94, 0x77,
    0x24, 0x2, 0x87, 0x87, 0x80, 0x56, 0x6, 0xa0,
    0x7, 0x5, 0x0, 0x8c, 0x1, 0xe0, 0x3, 0x1,
    0x0, 0xc6, 0xa, 0x0, 0x30, 0xf, 0x10, 0x80,
    0x4e, 0x6, 0x1, 0x20, 0x8c, 0x0, 0xf0, 0x90,
    0xb, 0xc0, 0xe, 0x0, 0x53, 0x59, 0x48, 0x47,
    0x18, 0x80, 0x86, 0x3a, 0x5b, 0x3c, 0x69, 0xb9,
    0x0,

    /* U+03B2 "β" */
    0x0, 0x2e, 0x7f, 0xb6, 0x0, 0x33, 0x51, 0x3c,
    0x33, 0xd8, 0x5, 0x61, 0x90, 0xf6, 0x88, 0x20,
    0x12, 0x32, 0x0, 0x8c, 0x18, 0x2, 0x70, 0xc,
    0x40, 0xe0, 0x60, 0x1c, 0x8a, 0x26, 0x1, 0xd3,
    0x96, 0x16, 0x1, 0xe6, 0x30, 0x12, 0x0, 0xf7,
    0xf5, 0x14, 0x50, 0x7, 0x85, 0x70, 0xd4, 0x80,
    0x3f, 0x20, 0x30, 0x7, 0xe2, 0x7, 0x0, 0x22,
    0x0, 0x21, 0x50, 0x30, 0xa, 0xed, 0x13, 0xc1,
    0x0, 0x11, 0xaa, 0x9d, 0x8e, 0x9c, 0x2, 0x7a,
    0xef, 0xf6, 0x28, 0x7, 0xff, 0x5c,

    /* U+03B3 "γ" */
    0xbe, 0x90, 0xf, 0x6f, 0x8f, 0x13, 0x30, 0x3,
    0x21, 0x30, 0xae, 0xd, 0x80, 0x6e, 0xa, 0x0,
    0x9c, 0x88, 0x0, 0x15, 0x33, 0x0, 0x54, 0x14,
    0x0, 0x60, 0xa0, 0xc, 0x64, 0xc0, 0x9, 0x6,
    0x0, 0xe5, 0x13, 0x41, 0x60, 0xf, 0x50, 0x57,
    0x85, 0x80, 0x78, 0x88, 0xc8, 0x64, 0x1, 0xf5,
    0x0, 0x24, 0x3, 0xf3, 0x0, 0xa8, 0x7, 0xe1,
    0x3, 0x0, 0xff, 0xee, 0x80,

    /* U+03B4 "δ" */
    0x0, 0x3e, 0x7f, 0xbb, 0x18, 0x2, 0x98, 0x17,
    0x86, 0x66, 0x80, 0x4a, 0x19, 0xf, 0x15, 0x60,
    0x15, 0x86, 0x39, 0x80, 0x79, 0xd1, 0x86, 0x76,
    0x84, 0x2, 0x97, 0xb6, 0xac, 0x6f, 0x20, 0x56,
    0x80, 0x8, 0x78, 0x64, 0x38, 0x14, 0x3, 0x10,
    0xa0, 0x30, 0x8, 0x7, 0x10, 0x8, 0x0, 0x80,
    0x38, 0x80, 0xe, 0x8, 0x1, 0x88, 0x46, 0xe0,
    0x81, 0x0, 0xa4, 0x18, 0x11, 0x87, 0xe6, 0x35,
    0xe, 0x0, 0x13, 0x44, 0xce, 0x11, 0x80, 0x0,

    /* U+03B5 "ε" */
    0x2, 0x9d, 0xff, 0x6d, 0x0, 0xe3, 0x36, 0x77,
    0xa, 0xc, 0x5c, 0xca, 0xb4, 0x58, 0x29, 0x8,
    0x80, 0x11, 0xc1, 0x5e, 0xe9, 0x40, 0x21, 0x37,
    0xaa, 0x20, 0x1, 0x66, 0x50, 0xaa, 0x10, 0x7,
    0x82, 0x0, 0x78, 0xc2, 0x40, 0x38, 0x6c, 0x5f,
    0x22, 0x13, 0xac, 0x58, 0xc2, 0xef, 0x32, 0x0,

    /* U+03B6 "ζ" */
    0x9f, 0xff, 0xbb, 0x86, 0x78, 0x40, 0x27, 0xcc,
    0xac, 0x41, 0xfc, 0x2, 0xb8, 0x3d, 0x81, 0x0,
    0x62, 0x36, 0x10, 0x5, 0x26, 0xd2, 0x1, 0x8d,
    0x8a, 0x40, 0x3a, 0x82, 0x0, 0x3c, 0x80, 0xa0,
    0x1e, 0x31, 0x0, 0xff, 0xe2, 0x28, 0x98, 0x7,
    0xb8, 0x3c, 0x40, 0x39, 0x58, 0xfa, 0xa1, 0x84,
    0x1, 0x36, 0xa8, 0xf3, 0xc6, 0x0, 0x4a, 0xef,
    0xc0, 0x80, 0xf, 0x18, 0xb8, 0x7, 0xd, 0x8a,
    0x0, 0x71, 0x2b, 0xc0,

    /* U+03B7 "η" */
    0x3f, 0xa1, 0xae, 0xfc, 0x40, 0x8, 0x7d, 0x9d,
    0x4e, 0xd0, 0x0, 0x8d, 0x93, 0x54, 0xf, 0x0,
    0xc, 0x0, 0x4a, 0xa, 0x0, 0x50, 0xe, 0x21,
    0x0, 0x8, 0x7, 0xff, 0xb4, 0xfe, 0x80, 0x3f,
    0xfb, 0x20,

    /* U+03B8 "θ" */
    0x0, 0x15, 0x77, 0xe2, 0x0, 0x63, 0xd4, 0x68,
    0x1b, 0x60, 0xb, 0x83, 0x21, 0xf4, 0xa4, 0x41,
    0x9, 0x88, 0x2, 0x80, 0x90, 0xd0, 0xd0, 0xc,
    0x80, 0xa0, 0xa0, 0xc0, 0x18, 0x44, 0x40, 0x21,
    0x15, 0x5c, 0x0, 0x13, 0x5, 0x5f, 0x8, 0x19,
    0x83, 0xff, 0xc6, 0x6, 0xc0, 0x40, 0x1c, 0x40,
    0x24, 0xc, 0x1, 0x84, 0x44, 0x1a, 0x1a, 0x1,
    0x90, 0x14, 0x10, 0x98, 0x80, 0x28, 0x9, 0x0,
    0x70, 0x6c, 0xc6, 0x94, 0x88, 0x0, 0xf5, 0x5d,
    0xc3, 0x6c, 0x0,

    /* U+03B9 "ι" */
    0x6f, 0x70, 0xf, 0xfe, 0xd9, 0x80, 0x73, 0x7,
    0x0, 0x46, 0x4d, 0x30, 0x0, 0xf4, 0x77, 0x8,

    /* U+03BA "κ" */
    0x2f, 0xb0, 0x8, 0xbb, 0x84, 0x1, 0xe3, 0xc0,
    0xc2, 0x0, 0xe3, 0xd0, 0xc2, 0x0, 0xe3, 0xc3,
    0xf2, 0x0, 0xe5, 0xc0, 0x41, 0x0, 0xf0, 0x99,
    0x99, 0x0, 0x3c, 0x59, 0xc1, 0x42, 0x1, 0xcc,
    0x5, 0x23, 0x40, 0x1f, 0x99, 0x51, 0xc0, 0x3f,
    0x58, 0xc1, 0x80, 0x7c, 0x34, 0x1c, 0x0,

    /* U+03BB "λ" */
    0x0, 0x67, 0xea, 0x0, 0x7e, 0x96, 0x2b, 0x10,
    0xf, 0x96, 0x60, 0x24, 0x3, 0xf9, 0x81, 0x80,
    0x3f, 0x85, 0x5, 0x0, 0x3f, 0xa, 0x7, 0x0,
    0x7e, 0x60, 0x2, 0x80, 0x7e, 0x90, 0x60, 0x60,
    0xf, 0x30, 0xbd, 0x85, 0x0, 0x7a, 0xc2, 0x48,
    0xcc, 0x40, 0x19, 0x49, 0x84, 0x28, 0x28, 0x3,
    0x48, 0x58, 0x1, 0x81, 0x80, 0x24, 0x35, 0x20,
    0x9, 0x85, 0x0, 0x1e, 0x12, 0x1, 0xa8, 0x38,
    0x9, 0x10, 0x60, 0x18, 0xc9, 0x44,

    /* U+03BC "μ" */
    0x4f, 0x80, 0xe, 0xfd, 0x0, 0xff, 0xff, 0x80,
    0x80, 0x62, 0x0, 0xf3, 0x8, 0x5, 0x60, 0x60,
    0x18, 0x7e, 0xa7, 0x58, 0x45, 0x24, 0x0, 0x66,
    0x23, 0xe, 0x58, 0x20, 0x6, 0x8e, 0xfc, 0x35,
    0xfd, 0x20, 0xf, 0xfe, 0xc0,

    /* U+03BD "ν" */
    0x2f, 0xc0, 0xd, 0x9c, 0x20, 0x44, 0x31, 0x0,
    0xb8, 0x60, 0x0, 0xa0, 0xe0, 0x11, 0x11, 0xc0,
    0x16, 0x1a, 0x1, 0x9c, 0x48, 0xc, 0x50, 0x3,
    0x8, 0x6, 0x70, 0x50, 0x9, 0x0, 0x80, 0x1a,
    0x1e, 0x0, 0x70, 0x60, 0x9, 0x1, 0x0, 0xa0,
    0x60, 0x3, 0x20, 0xaf, 0x86, 0x88, 0x6, 0xd0,
    0xa2, 0x93, 0x0, 0xe7, 0x0, 0x43, 0x0, 0x40,

    /* U+03BE "ξ" */
    0x5f, 0xff, 0x98, 0x18, 0xc4, 0x2, 0x12, 0x20,
    0x1d, 0x8a, 0xe7, 0xf6, 0xa0, 0x1c, 0x35, 0x18,
    0x7, 0x28, 0x68, 0x7, 0xca, 0x1e, 0x20, 0x1e,
    0x37, 0x4e, 0xca, 0x93, 0x0, 0xa2, 0x0, 0x6a,
    0xca, 0x0, 0x1d, 0x85, 0xbe, 0xf6, 0x0, 0x59,
    0x55, 0x10, 0x40, 0x32, 0xa, 0x80, 0x7f, 0xf1,
    0x50, 0x60, 0x3, 0xeb, 0x27, 0xea, 0x87, 0x30,
    0x0, 0xec, 0xaa, 0x3c, 0x62, 0x80, 0x4d, 0x7d,
    0xfc, 0x36, 0x1, 0xf0, 0x90, 0x80, 0x7d, 0x46,
    0xa0, 0x1e, 0x14, 0x5b, 0x0,

    /* U+03BF "ο" */
    0x0, 0x2e, 0x7f, 0xb5, 0xc0, 0x34, 0x51, 0x33,
    0x84, 0x60, 0x0, 0xdc, 0xbe, 0x63, 0x50, 0xdc,
    0x28, 0x2c, 0x40, 0x29, 0xa, 0x4, 0x7, 0x0,
    0xc4, 0x24, 0x26, 0x2, 0x1, 0xc4, 0x0, 0x30,
    0x10, 0xe, 0x20, 0x3, 0x82, 0x0, 0x62, 0x12,
    0x19, 0x8, 0x10, 0xa, 0x42, 0x80, 0xdc, 0xbe,
    0x63, 0x50, 0xdc, 0x1, 0x14, 0x4c, 0xe1, 0x18,
    0x0,

    /* U+03C0 "π" */
    0x4f, 0xff, 0xf1, 0xb9, 0x80, 0xc, 0xf0, 0x0,
    0xc4, 0xf0, 0x43, 0x33, 0x1, 0x61, 0x0, 0x7f,
    0xff, 0xc0, 0x38, 0x4a, 0xc, 0x3, 0xf4, 0xb,
    0xa0,

    /* U+03C1 "ρ" */
    0x0, 0x9f, 0x7f, 0xd8, 0x80, 0x1a, 0xe1, 0x9d,
    0x8e, 0xd4, 0x0, 0xe8, 0xf7, 0x13, 0x81, 0x60,
    0xa, 0x18, 0x0, 0x8d, 0x45, 0x40, 0x94, 0x3,
    0xb0, 0x34, 0x80, 0x40, 0x38, 0x80, 0x44, 0x2,
    0x1, 0xc4, 0x2, 0x0, 0x50, 0xe, 0xc0, 0xd0,
    0x0, 0xc0, 0x4, 0x6a, 0x2a, 0x0, 0x37, 0xb8,
    0x9c, 0xb, 0x0, 0x9b, 0x41, 0x98, 0x76, 0xa0,
    0x18, 0xaf, 0xbf, 0x10, 0x3, 0xff, 0xae,

    /* U+03C2 "ς" */
    0x0, 0x1d, 0x77, 0xf5, 0xa8, 0x36, 0x2a, 0x3b,
    0x9a, 0x4a, 0x47, 0x6a, 0x27, 0x75, 0x61, 0x4,
    0x1, 0x85, 0x41, 0x0, 0x3c, 0x20, 0x40, 0x1e,
    0x10, 0x20, 0xf, 0x28, 0x20, 0x7, 0xac, 0x20,
    0x80, 0x38, 0xa4, 0x76, 0xa1, 0x40, 0x26, 0xc5,
    0x47, 0xac, 0x0, 0x8e, 0xbb, 0xdc, 0xd8, 0x3,
    0xd6, 0x2, 0x1, 0xc9, 0xc0, 0xa0, 0x1d, 0x81,
    0x44,

    /* U+03C3 "σ" */
    0x0, 0x3e, 0xff, 0xfc, 0x21, 0x70, 0x11, 0x28,
    0x0, 0x33, 0x2, 0xa1, 0x6b, 0xb5, 0xb0, 0x5e,
    0xf, 0x84, 0x0, 0x68, 0x9, 0x0, 0x38, 0x20,
    0x6, 0x11, 0xc0, 0x10, 0x80, 0x71, 0x0, 0x42,
    0x4, 0x1, 0xc4, 0x2, 0xa, 0x8, 0x1, 0x88,
    0x48, 0x1, 0x41, 0x2, 0x1, 0x48, 0x50, 0x0,
    0xdc, 0x7e, 0x63, 0x51, 0xe, 0x1, 0x45, 0x13,
    0x38, 0x45, 0x80, 0x40,

    /* U+03C4 "τ" */
    0xf, 0xff, 0xf0, 0x81, 0x9e, 0x0, 0x19, 0xe1,
    0xc, 0xcc, 0x22, 0xcc, 0xc0, 0x1f, 0xfe, 0xb1,
    0x0, 0xff, 0x10, 0x8, 0x7, 0xf5, 0x86, 0xc2,
    0x0, 0x7c, 0xf0, 0x2f, 0x80, 0x0,

    /* U+03C5 "υ" */
    0x8f, 0x40, 0xa, 0x7c, 0xc0, 0x3e, 0x90, 0xf0,
    0xf, 0xca, 0x62, 0x1, 0xf6, 0x82, 0x0, 0x7f,
    0x18, 0x7, 0xdc, 0x6, 0x1, 0xf2, 0x83, 0xf8,
    0x8, 0x4, 0x46, 0x44, 0x30, 0xf0, 0xb, 0x82,
    0x1, 0xd, 0x6e, 0x34, 0xdd, 0x40, 0x1a, 0xaa,
    0x71, 0xa8, 0x0, 0x0,

    /* U+03C6 "φ" */
    0x0, 0x3e, 0x83, 0x77, 0xc8, 0x80, 0x55, 0x0,
    0x52, 0x68, 0xd8, 0x0, 0x55, 0x16, 0xb0, 0x2d,
    0xa9, 0x40, 0x78, 0x40, 0x8, 0x78, 0x40, 0x28,
    0x38, 0x20, 0x7, 0x10, 0x10, 0x18, 0x8, 0x7,
    0x84, 0x0, 0x60, 0x20, 0x1e, 0x10, 0x3, 0x82,
    0x0, 0x71, 0x1, 0x84, 0x84, 0x8, 0x4, 0x3c,
    0x12, 0x6, 0xc5, 0xf2, 0x15, 0xe6, 0xaa, 0x0,
    0x4c, 0x8c, 0xc0, 0x47, 0x14, 0x1, 0x9b, 0x68,
    0x23, 0x5c, 0x3, 0xff, 0xb6,

    /* U+03C7 "χ" */
    0x6f, 0xd6, 0x0, 0xcd, 0xf6, 0xae, 0x72, 0xa0,
    0x14, 0x4, 0x9c, 0x78, 0x48, 0x2, 0x5, 0x88,
    0x0, 0x2a, 0x64, 0x47, 0x8, 0x0, 0xdc, 0x15,
    0x1, 0x2, 0x1, 0x90, 0x5d, 0x45, 0xc0, 0x3d,
    0x20, 0xb, 0x0, 0xf8, 0x80, 0x94, 0x3, 0xe8,
    0x2, 0x10, 0xf, 0x31, 0x8, 0x30, 0x7, 0xa0,
    0x34, 0x68, 0x3, 0xa0, 0x58, 0xdc, 0x8c, 0x2,
    0x17, 0x8, 0xb, 0x9, 0x0, 0xa0, 0x1c, 0x40,
    0x91, 0x72, 0x9, 0x86, 0x0, 0x2a, 0x52, 0x70,

    /* U+03C8 "ψ" */
    0xee, 0x0, 0x17, 0xdc, 0x1, 0x9e, 0x1, 0xff,
    0xfa, 0x10, 0x1, 0x8, 0x80, 0x3c, 0x42, 0x8,
    0x10, 0x1, 0xd0, 0x8, 0x10, 0x4d, 0xbc, 0x17,
    0x8e, 0x36, 0x0, 0xd7, 0x4, 0x3, 0x18, 0xe1,
    0x0, 0xa3, 0x68, 0x23, 0x5c, 0x3, 0xff, 0xb6,

    /* U+03C9 "ω" */
    0x6, 0xf8, 0x0, 0xfb, 0x7c, 0x40, 0x16, 0x14,
    0x1, 0xf5, 0x4, 0x81, 0x16, 0x0, 0xf9, 0x41,
    0x41, 0x41, 0x0, 0x3f, 0x10, 0x91, 0x38, 0x3c,
    0x2, 0x5a, 0x10, 0x9, 0x41, 0x8c, 0x3, 0xb5,
    0x48, 0x2, 0x10, 0x10, 0xf, 0x8, 0x38, 0x4,
    0x20, 0x3a, 0x1e, 0x1, 0x28, 0x18, 0x4, 0xa0,
    0xc8, 0xe, 0x0, 0x23, 0x35, 0x0, 0x10, 0x44,
    0x46, 0xa3, 0xb1, 0xe3, 0x5, 0x73, 0x61, 0x60,
    0xa, 0x73, 0x71, 0xd4, 0x96, 0x61, 0x4a, 0x80,

    /* U+03CA "ϊ" */
    0xff, 0x1, 0x7e, 0x80, 0x80, 0xc, 0x4, 0x3b,
    0xc0, 0x7f, 0x0, 0x3f, 0x8f, 0xe4, 0x3, 0xff,
    0xc8, 0x60, 0x18, 0x81, 0x80, 0x30, 0xa1, 0xd4,
    0x8, 0x2, 0x95, 0x1c, 0x80,

    /* U+03CB "ϋ" */
    0x9, 0xf5, 0xc, 0xf3, 0x0, 0xf9, 0xc0, 0x40,
    0x29, 0xf5, 0xb, 0xf2, 0x0, 0xff, 0xe0, 0x47,
    0xa0, 0x5, 0x3e, 0x60, 0x1f, 0x48, 0x78, 0x7,
    0xe5, 0x31, 0x0, 0xfb, 0x41, 0x0, 0x3f, 0x8c,
    0x3, 0xee, 0x3, 0x0, 0xf9, 0x41, 0xfc, 0x4,
    0x2, 0x23, 0x22, 0x18, 0x78, 0x5, 0xc1, 0x0,
    0x86, 0xb7, 0x1a, 0x6e, 0xa0, 0xd, 0x55, 0x38,
    0xd4, 0x0, 0x0,

    /* U+03CC "ό" */
    0x0, 0xf6, 0x71, 0x0, 0x7d, 0x27, 0xa4, 0x1,
    0xe6, 0x65, 0x98, 0x7, 0xc3, 0x68, 0x1, 0xf9,
    0xd0, 0x3, 0xe5, 0xcf, 0xf6, 0xb8, 0x6, 0x8a,
    0x26, 0x70, 0x8c, 0x0, 0x1b, 0x97, 0xcc, 0x6a,
    0x1b, 0x85, 0x5, 0x88, 0x5, 0x21, 0x40, 0x80,
    0xe0, 0x18, 0x84, 0x84, 0xc0, 0x40, 0x38, 0x80,
    0x6, 0x2, 0x1, 0xc4, 0x0, 0x70, 0x40, 0xc,
    0x42, 0x43, 0x21, 0x2, 0x1, 0x48, 0x50, 0x1b,
    0x97, 0xcc, 0x6a, 0x1b, 0x80, 0x22, 0x89, 0x9c,
    0x23, 0x0, 0x0,

    /* U+03CD "ύ" */
    0x0, 0xeb, 0xf3, 0x0, 0xf3, 0xa5, 0x98, 0x7,
    0x24, 0x52, 0x0, 0x78, 0xa9, 0x40, 0x3e, 0x65,
    0x0, 0xe8, 0xf4, 0x0, 0xa7, 0xcc, 0x3, 0xe9,
    0xf, 0x0, 0xfc, 0xa6, 0x20, 0x1f, 0x68, 0x20,
    0x7, 0xf1, 0x80, 0x7d, 0xc0, 0x60, 0x1f, 0x28,
    0x3f, 0x80, 0x80, 0x44, 0x64, 0x43, 0xf, 0x0,
    0xb8, 0x20, 0x10, 0xd6, 0xe3, 0x4d, 0xd4, 0x1,
    0xaa, 0xa7, 0x1a, 0x80, 0x0,

    /* U+03CE "ώ" */
    0x0, 0xfd, 0x5e, 0x60, 0x1f, 0xf3, 0xad, 0x18,
    0x7, 0xf8, 0xe2, 0x54, 0x3, 0xfe, 0x5a, 0x60,
    0xf, 0xfe, 0x3, 0x28, 0x7, 0xe6, 0xf8, 0x0,
    0xfb, 0x7c, 0x40, 0x16, 0x14, 0x1, 0xf5, 0x4,
    0x81, 0x16, 0x0, 0xf9, 0x41, 0x41, 0x41, 0x0,
    0x3f, 0x10, 0x91, 0x38, 0x3c, 0x2, 0x5a, 0x10,
    0x9, 0x41, 0x8c, 0x3, 0xb5, 0x48, 0x2, 0x10,
    0x10, 0xf, 0x8, 0x38, 0x4, 0x20, 0x3a, 0x1e,
    0x1, 0x28, 0x18, 0x4, 0xa0, 0xc8, 0xe, 0x0,
    0x23, 0x35, 0x0, 0x10, 0x44, 0x46, 0xa3, 0xb1,
    0xe3, 0x5, 0x73, 0x61, 0x60, 0xa, 0x73, 0x71,
    0xd4, 0x96, 0x61, 0x4a, 0x80,

    /* U+0400 "Ѐ" */
    0x0, 0xd3, 0xe4, 0x1, 0xfa, 0x53, 0xc0, 0x3f,
    0xae, 0x8c, 0x3, 0xf9, 0xcc, 0x3, 0x7f, 0xff,
    0x18, 0x4, 0xab, 0xf1, 0x0, 0x55, 0x5f, 0x8,
    0x7, 0xff, 0x36, 0xab, 0xd0, 0x1, 0x95, 0x7c,
    0xc0, 0x1b, 0xff, 0xdc, 0x1, 0xff, 0xe4, 0xaa,
    0xf8, 0xc0, 0x25, 0x5f, 0x98,

    /* U+0401 "Ё" */
    0x0, 0x2f, 0xc8, 0x47, 0xb0, 0x7, 0xf8, 0x40,
    0x32, 0xfc, 0x84, 0x7b, 0x80, 0x7f, 0xf0, 0xbf,
    0xff, 0x8c, 0x2, 0x55, 0xf8, 0x80, 0x2a, 0xaf,
    0x84, 0x3, 0xff, 0x9b, 0x55, 0xe8, 0x0, 0xca,
    0xbe, 0x60, 0xd, 0xff, 0xee, 0x0, 0xff, 0xf2,
    0x55, 0x7c, 0x60, 0x12, 0xaf, 0xcc,

    /* U+0402 "Ђ" */
    0x1f, 0xff, 0xf9, 0x0, 0x21, 0x55, 0xc0, 0x5,
    0x5e, 0x60, 0xd, 0x55, 0x88, 0x22, 0xab, 0x10,
    0x7, 0xff, 0x7a, 0x2a, 0xa9, 0x71, 0x0, 0xfe,
    0x55, 0xcd, 0x1e, 0x40, 0x1f, 0xb7, 0xfe, 0xd4,
    0x19, 0x0, 0xff, 0xe0, 0x15, 0x2, 0x0, 0x7f,
    0xf0, 0x44, 0x80, 0x80, 0x3f, 0xf8, 0x22, 0x2,
    0x1, 0xff, 0xd3, 0x10, 0xf, 0xfe, 0x4e, 0xf9,
    0x0, 0x71, 0x1, 0x80, 0x7f, 0xf0, 0x14, 0x48,
    0x40, 0x3f, 0xd1, 0x94, 0x16, 0x1, 0xff, 0x21,
    0x9a, 0x98, 0x0,

    /* U+0403 "Ѓ" */
    0x0, 0xe2, 0xf9, 0x0, 0xfd, 0xe9, 0x20, 0x1f,
    0x1d, 0x58, 0x7, 0xe3, 0x70, 0xf, 0x7f, 0xff,
    0x0, 0x65, 0x5f, 0x80, 0x35, 0x57, 0xc0, 0x1f,
    0xff, 0xf0, 0xf, 0xff, 0x18,

    /* U+0404 "Є" */
    0x0, 0x8a, 0x77, 0xfd, 0xd6, 0xa0, 0x13, 0xeb,
    0xa, 0xb2, 0xaa, 0xb0, 0x1e, 0xb, 0x72, 0xa6,
    0xfa, 0x80, 0xa0, 0x3c, 0x80, 0x39, 0x72, 0x81,
    0x88, 0x3, 0xf1, 0x86, 0x0, 0x7f, 0x30, 0x57,
    0xff, 0xc0, 0x19, 0x15, 0x7e, 0x0, 0x30, 0x6d,
    0x57, 0xc0, 0x3, 0xc, 0x0, 0xfe, 0xa0, 0x53,
    0x0, 0xf8, 0x4a, 0x3, 0x8c, 0x3, 0x9b, 0x41,
    0xe0, 0xb3, 0x6a, 0x6f, 0xe5, 0xc0, 0xf, 0xac,
    0xa, 0xca, 0xaa, 0xb0,

    /* U+0405 "Ѕ" */
    0x0, 0x36, 0x7f, 0xbb, 0x24, 0xc0, 0x19, 0x26,
    0x8c, 0xa2, 0xd0, 0xc, 0x66, 0xeb, 0x9b, 0xdd,
    0x78, 0x60, 0x48, 0x80, 0x62, 0x40, 0x30, 0x20,
    0xf, 0xd4, 0x11, 0x4, 0x10, 0xe, 0x3a, 0x17,
    0xbe, 0xd9, 0x30, 0x9, 0x7b, 0x21, 0x4d, 0xb2,
    0x0, 0x31, 0xbd, 0x75, 0x3, 0xa0, 0x7, 0xca,
    0xc1, 0x80, 0x1f, 0xf3, 0x28, 0x7, 0x1b, 0x86,
    0x62, 0xbe, 0xe6, 0xb3, 0x2, 0xa9, 0x72, 0xac,
    0xc5, 0x24, 0xaa, 0x0,

    /* U+0406 "І" */
    0xf, 0xf0, 0x7, 0xff, 0x6c,

    /* U+0407 "Ї" */
    0xef, 0x1, 0xfd, 0x10, 0x1, 0x80, 0x3f, 0xc0,
    0x5f, 0xa0, 0x1f, 0xbf, 0xc0, 0x1f, 0xff, 0xf0,
    0xe,

    /* U+0408 "Ј" */
    0x0, 0xdf, 0xe0, 0xf, 0xff, 0xf8, 0x0, 0x40,
    0x22, 0x3, 0x0, 0xa8, 0x10, 0x2b, 0x1c, 0x2c,
    0x14, 0xd3, 0x8,

    /* U+0409 "Љ" */
    0x0, 0xd3, 0xff, 0xf8, 0x40, 0x3f, 0xf8, 0x26,
    0xab, 0x80, 0x3f, 0xf8, 0x93, 0x55, 0x84, 0x3,
    0xff, 0x82, 0x60, 0x1f, 0xfd, 0xd1, 0x1, 0x0,
    0xf4, 0x4c, 0x9d, 0x0, 0x3e, 0x70, 0x70, 0xf,
    0x33, 0x51, 0x7a, 0x60, 0x1c, 0x20, 0x20, 0x1e,
    0xef, 0xf6, 0xa9, 0x68, 0x7, 0x10, 0x10, 0x7,
    0xf1, 0x51, 0xa, 0x0, 0x46, 0x4, 0x1, 0xff,
    0xc0, 0x70, 0x20, 0xa, 0x41, 0x40, 0x3f, 0xf8,
    0xc, 0x1, 0x9d, 0x42, 0x80, 0x3f, 0xe4, 0x30,
    0x41, 0xd8, 0xa, 0x20, 0xf, 0xa2, 0x6b, 0x2c,
    0x1c, 0x8c, 0x1b, 0x54, 0x3, 0xf3, 0x31, 0x49,
    0x2a, 0x0,

    /* U+040A "Њ" */
    0xf, 0xf0, 0x7, 0xbb, 0xc4, 0x3, 0xff, 0xfe,
    0x1, 0xff, 0x55, 0x78, 0x42, 0xea, 0x90, 0xa0,
    0x1e, 0x55, 0xf0, 0x1, 0x56, 0x7a, 0xe4, 0x0,
    0xdf, 0xfe, 0x10, 0xef, 0xf6, 0xa8, 0xd0, 0x80,
    0x7f, 0xf0, 0x8a, 0x88, 0x50, 0x3, 0xff, 0x88,
    0xe0, 0x40, 0x1f, 0xfc, 0x41, 0x1, 0x0, 0xff,
    0xe1, 0xa2, 0x1, 0x0, 0x3f, 0xeb, 0x99, 0x65,
    0x83, 0x10, 0x7, 0xfc, 0xac, 0xc2, 0x4a, 0x90,

    /* U+040B "Ћ" */
    0x1f, 0xff, 0xf9, 0x0, 0x21, 0x55, 0xc0, 0x5,
    0x5e, 0x60, 0xd, 0x55, 0x88, 0x22, 0xab, 0x10,
    0x7, 0xff, 0x7a, 0x2a, 0xa9, 0x71, 0x0, 0xfe,
    0x55, 0xcd, 0x1e, 0x40, 0x1f, 0xb7, 0xfe, 0xd4,
    0x19, 0x0, 0xff, 0xe0, 0x15, 0x2, 0x0, 0x7f,
    0xf0, 0x44, 0x80, 0x80, 0x3f, 0xf8, 0x22, 0x2,
    0x1, 0xff, 0xe4,

    /* U+040C "Ќ" */
    0x0, 0xf4, 0x7a, 0x0, 0x7f, 0x23, 0xd2, 0x0,
    0x7f, 0x15, 0x28, 0x7, 0xf9, 0x94, 0x3, 0xef,
    0xf0, 0x7, 0xa3, 0xf8, 0x80, 0x3f, 0x43, 0x97,
    0x90, 0x7, 0xd0, 0xe5, 0x82, 0x1, 0xf4, 0xb9,
    0x60, 0x80, 0x7d, 0x2c, 0x58, 0x20, 0x1f, 0x4b,
    0x6, 0x8, 0x7, 0xd2, 0xc0, 0x9, 0x0, 0xfc,
    0xc7, 0xc4, 0xe8, 0x1, 0xf1, 0xe8, 0xf0, 0x50,
    0x80, 0x7b, 0x4, 0xe, 0x6, 0xc0, 0x3f, 0xce,
    0x6a, 0xa0, 0xf, 0xf7, 0x5, 0x8, 0x7, 0xf1,
    0x48, 0x68, 0x7, 0xf9, 0x90, 0xdc,

    /* U+040D "Ѝ" */
    0x0, 0xd5, 0xc4, 0x1, 0xfd, 0x45, 0xc0, 0x1f,
    0xed, 0xb3, 0x0, 0xfe, 0x17, 0x30, 0xe, 0xfe,
    0x0, 0xf7, 0x7f, 0x80, 0x3f, 0x38, 0x80, 0x7f,
    0xc, 0x8, 0x7, 0xf4, 0x4, 0x8, 0x7, 0xc4,
    0xc4, 0xc0, 0x1f, 0xa4, 0x24, 0x3, 0xf1, 0xa1,
    0xa0, 0x7, 0xef, 0xf, 0x0, 0xfc, 0xa6, 0xa6,
    0x1, 0xfa, 0x2, 0x0, 0x3f, 0x39, 0x39, 0x0,
    0x7e, 0x91, 0x90, 0xf, 0xc2, 0x29, 0x10, 0xf,
    0xe2, 0x70, 0xf, 0x80,

    /* U+040E "Ў" */
    0x0, 0xb2, 0x44, 0x4d, 0xe0, 0x1e, 0xf7, 0xee,
    0x4c, 0x80, 0x3c, 0x7d, 0xba, 0xf6, 0x0, 0xfc,
    0x44, 0x0, 0xe7, 0xfa, 0x0, 0xf3, 0xfc, 0xb8,
    0x29, 0x0, 0x74, 0x85, 0x83, 0x85, 0x80, 0x66,
    0x14, 0x20, 0xa0, 0x60, 0xd, 0x61, 0xe0, 0x2,
    0x50, 0x70, 0x2, 0x11, 0x10, 0x2, 0x90, 0x90,
    0x7, 0x85, 0x80, 0x63, 0x30, 0xa9, 0x20, 0xb0,
    0x7, 0x48, 0x4d, 0x83, 0x0, 0x79, 0x44, 0xd8,
    0x24, 0x3, 0xe9, 0x0, 0x28, 0x80, 0x7c, 0xc0,
    0x9, 0x0, 0xfc, 0xe0, 0x86, 0x1, 0xea, 0xb9,
    0xf, 0x0, 0xf0, 0xaa, 0x1c, 0xa0, 0x7, 0x0,

    /* U+040F "Џ" */
    0xf, 0xf0, 0x7, 0xdd, 0xe2, 0x1, 0xff, 0xff,
    0x0, 0xff, 0xfd, 0xd5, 0x7c, 0x20, 0x1c, 0xab,
    0xf0, 0x6, 0xff, 0xd4, 0x15, 0xff, 0x84, 0x3,
    0xff, 0x9c,

    /* U+0410 "А" */
    0x0, 0xe7, 0xff, 0x10, 0x7, 0xfa, 0x80, 0x14,
    0x1, 0xfc, 0x84, 0xc2, 0xc0, 0x1f, 0xdc, 0x14,
    0xc2, 0xa0, 0x1f, 0xa, 0x91, 0xd0, 0x70, 0x7,
    0xcc, 0x14, 0x4, 0x68, 0x40, 0x1e, 0xa0, 0x60,
    0x5, 0x5, 0x0, 0x72, 0x12, 0x8, 0x1, 0xc1,
    0x80, 0x3b, 0x83, 0x80, 0x21, 0x51, 0x50, 0x8,
    0x54, 0x2b, 0xff, 0x28, 0x70, 0x4, 0xc0, 0x6c,
    0xde, 0x14, 0x20, 0x5, 0x7, 0xcc, 0xf9, 0x82,
    0x81, 0x8, 0x86, 0x1, 0xea, 0x6, 0xe, 0xb,
    0x0, 0xf8, 0x90, 0x54,

    /* U+0411 "Б" */
    0xf, 0xff, 0xe4, 0x0, 0xcc, 0xdf, 0x80, 0x34,
    0xcf, 0xc4, 0x1, 0xff, 0xd0, 0x99, 0xa1, 0xd0,
    0x3, 0xcc, 0xd3, 0xc5, 0xe0, 0x80, 0x6f, 0xfd,
    0x86, 0x6d, 0x0, 0xfc, 0x7a, 0x6, 0x40, 0x1f,
    0x84, 0x81, 0x80, 0x3f, 0x8c, 0x1c, 0x3, 0xf3,
    0x8, 0x18, 0x5, 0x33, 0x56, 0x48, 0x48, 0x6,
    0x66, 0x94, 0x92, 0xd8, 0x0,

    /* U+0412 "В" */
    0xf, 0xff, 0x6c, 0x90, 0x7, 0x33, 0x4a, 0xd,
    0xa4, 0x1, 0xa6, 0x6a, 0xd5, 0xb, 0x0, 0xfe,
    0xf0, 0x30, 0xf, 0xef, 0xd, 0x0, 0xd3, 0x3b,
    0x55, 0x4e, 0x1, 0x99, 0xb1, 0x13, 0xc0, 0x3b,
    0xff, 0x60, 0xd3, 0x80, 0x7e, 0x3d, 0x8, 0x10,
    0xf, 0xc2, 0x40, 0xa0, 0x1f, 0xc6, 0x1, 0xfe,
    0x61, 0x4, 0x0, 0xa6, 0x6a, 0xc9, 0x9, 0x0,
    0xcc, 0xd2, 0x92, 0xe3, 0x0,

    /* U+0413 "Г" */
    0xf, 0xff, 0xe0, 0xc, 0xab, 0xf0, 0x6, 0xaa,
    0xf8, 0x3, 0xff, 0xfe, 0x1, 0xff, 0xe3,

    /* U+0414 "Д" */
    0x0, 0xd7, 0xff, 0xf8, 0x3, 0xf2, 0x2a, 0xe0,
    0xf, 0xf7, 0xd5, 0x60, 0xf, 0xfe, 0x6b, 0x80,
    0x7f, 0xf0, 0x1c, 0x3, 0xff, 0x84, 0x20, 0x20,
    0x1f, 0xfc, 0x2, 0x2, 0x0, 0xff, 0x88, 0x8,
    0x3, 0xff, 0x80, 0xe0, 0xe0, 0x1f, 0xfc, 0xc,
    0xc, 0x0, 0xff, 0x8d, 0x81, 0xc0, 0x3f, 0xd5,
    0x80, 0x37, 0x55, 0xc0, 0xa, 0x60, 0x50, 0x0,
    0xaa, 0xf8, 0x0, 0xb8, 0x0, 0x5f, 0xff, 0xf0,
    0x7, 0xff, 0x57, 0xa8, 0x3, 0xfd, 0xd4,

    /* U+0415 "Е" */
    0xf, 0xff, 0xe3, 0x0, 0x95, 0x7e, 0x20, 0xa,
    0xab, 0xe1, 0x0, 0xff, 0xe6, 0xd5, 0x7a, 0x0,
    0x32, 0xaf, 0x98, 0x3, 0x7f, 0xfb, 0x80, 0x3f,
    0xfc, 0x95, 0x5f, 0x18, 0x4, 0xab, 0xf3, 0x0,

    /* U+0416 "Ж" */
    0xb, 0xf9, 0x0, 0xe3, 0xfc, 0x0, 0xe2, 0xef,
    0x50, 0x5, 0x9b, 0x48, 0x7, 0xfc, 0x58, 0x34,
    0xa0, 0x16, 0x1b, 0x40, 0x7, 0xf0, 0xf8, 0xca,
    0x80, 0x76, 0x93, 0xb8, 0x3, 0xe1, 0xc2, 0x96,
    0x0, 0xf0, 0xe1, 0x43, 0x80, 0x70, 0xe1, 0x43,
    0x0, 0x7e, 0x1f, 0x8, 0x60, 0x8, 0x74, 0x91,
    0xc0, 0x3f, 0xd6, 0x0, 0x9a, 0x0, 0x69, 0x82,
    0x10, 0x7, 0xf2, 0x31, 0xe8, 0xb0, 0x19, 0x9a,
    0xc3, 0x80, 0x3f, 0xa8, 0x38, 0xb0, 0x40, 0xb,
    0x28, 0xc6, 0xe0, 0x1f, 0x48, 0xc1, 0x1, 0x50,
    0x15, 0x0, 0x24, 0xa0, 0x80, 0x39, 0x18, 0xdc,
    0x2, 0x70, 0x10, 0xd, 0x21, 0xc0, 0x1d, 0x41,
    0xc0, 0x1f, 0xf2, 0x31, 0xb8, 0x5, 0x23, 0x4,
    0x1, 0xff, 0xc0, 0x92, 0x82, 0x4, 0x63, 0x70,
    0xf, 0xfe, 0x17, 0x7, 0x0,

    /* U+0417 "З" */
    0x28, 0xce, 0xfe, 0xc8, 0x20, 0x5, 0x38, 0xa2,
    0xa0, 0xbe, 0xa8, 0x5e, 0xea, 0xaa, 0xdb, 0xa,
    0x3, 0x20, 0xe, 0x42, 0x1, 0x0, 0xf8, 0xc8,
    0x82, 0x0, 0x19, 0x95, 0x66, 0xf, 0xc0, 0x23,
    0x66, 0x29, 0x8d, 0x90, 0x4, 0x5f, 0xee, 0xc4,
    0x8b, 0x0, 0xf0, 0x9d, 0x1a, 0x20, 0x3, 0xf2,
    0x1, 0x80, 0x7e, 0x10, 0x17, 0x40, 0xe, 0x56,
    0x7, 0xcb, 0xeb, 0xab, 0xea, 0xb, 0x19, 0x72,
    0x55, 0x21, 0x3f, 0x20, 0x0,

    /* U+0418 "И" */
    0xf, 0xe0, 0xf, 0x77, 0xf8, 0x3, 0xf3, 0x88,
    0x7, 0xf0, 0xc0, 0x80, 0x7f, 0x40, 0x40, 0x80,
    0x7c, 0x4c, 0x4c, 0x1, 0xfa, 0x42, 0x40, 0x3f,
    0x1a, 0x1a, 0x0, 0x7e, 0xf0, 0xf0, 0xf, 0xca,
    0x6a, 0x60, 0x1f, 0xa0, 0x20, 0x3, 0xf3, 0x93,
    0x90, 0x7, 0xe9, 0x19, 0x0, 0xfc, 0x22, 0x91,
    0x0, 0xfe, 0x27, 0x0, 0xf8,

    /* U+0419 "Й" */
    0x0, 0xa3, 0x8, 0xf, 0x94, 0x3, 0xa4, 0x37,
    0xf1, 0x14, 0x3, 0x87, 0x3b, 0x3a, 0x80, 0x3f,
    0x9, 0x88, 0x7, 0x7f, 0x0, 0x7b, 0xbf, 0xc0,
    0x1f, 0x9c, 0x40, 0x3f, 0x86, 0x4, 0x3, 0xfa,
    0x2, 0x4, 0x3, 0xe2, 0x62, 0x60, 0xf, 0xd2,
    0x12, 0x1, 0xf8, 0xd0, 0xd0, 0x3, 0xf7, 0x87,
    0x80, 0x7e, 0x53, 0x53, 0x0, 0xfd, 0x1, 0x0,
    0x1f, 0x9c, 0x9c, 0x80, 0x3f, 0x48, 0xc8, 0x7,
    0xe1, 0x14, 0x88, 0x7, 0xf1, 0x38, 0x7, 0xc0,

    /* U+041A "К" */
    0xf, 0xf0, 0x7, 0xa3, 0xf8, 0x80, 0x3f, 0x43,
    0x97, 0x90, 0x7, 0xd0, 0xe5, 0x82, 0x1, 0xf4,
    0xb9, 0x60, 0x80, 0x7d, 0x2c, 0x58, 0x20, 0x1f,
    0x4b, 0x6, 0x8, 0x7, 0xd2, 0xc0, 0x9, 0x0,
    0xfc, 0xc7, 0xc4, 0xe8, 0x1, 0xf1, 0xe8, 0xf0,
    0x50, 0x80, 0x7b, 0x4, 0xe, 0x6, 0xc0, 0x3f,
    0xce, 0x6a, 0xa0, 0xf, 0xf7, 0x5, 0x8, 0x7,
    0xf1, 0x48, 0x68, 0x7, 0xf9, 0x90, 0xdc,

    /* U+041B "Л" */
    0x0, 0xd3, 0xff, 0xf8, 0x40, 0x3c, 0x6a, 0xb8,
    0x3, 0xfa, 0x6a, 0xb0, 0x80, 0x78, 0xc0, 0x3f,
    0xf9, 0xe2, 0x2, 0x1, 0xff, 0x38, 0x38, 0x7,
    0xfc, 0x20, 0x20, 0x1f, 0xf1, 0x1, 0x0, 0x7f,
    0x8c, 0x8, 0x3, 0xfe, 0xb0, 0x50, 0xf, 0xf2,
    0xb8, 0x50, 0x7, 0xe1, 0xca, 0xa, 0x20, 0xf,
    0xc6, 0x2d, 0xaa, 0x1, 0xfc,

    /* U+041C "М" */
    0xf, 0xf8, 0x40, 0x3d, 0xbf, 0xe4, 0x0, 0xcc,
    0x1, 0xc6, 0x40, 0x1c, 0x25, 0x40, 0x1d, 0x40,
    0x80, 0x1d, 0x64, 0x80, 0x19, 0x94, 0x40, 0x39,
    0xc3, 0x80, 0x26, 0xe, 0x0, 0xf0, 0xaa, 0x84,
    0x1, 0x42, 0x80, 0x1f, 0x48, 0x30, 0x19, 0x98,
    0x3, 0xf1, 0x95, 0x5, 0x4, 0x80, 0x7f, 0x51,
    0x23, 0xa0, 0x80, 0x7f, 0x30, 0x50, 0xf0, 0x7,
    0xf8, 0x54, 0x44, 0xa0, 0x1f, 0xf4, 0x56, 0x80,
    0x7f, 0xf0, 0x9, 0x4c, 0x3, 0xff, 0x92,

    /* U+041D "Н" */
    0xf, 0xf0, 0x7, 0xdd, 0xe2, 0x1, 0xff, 0xeb,
    0xaa, 0xf8, 0x40, 0x39, 0x57, 0xe0, 0xf, 0x7f,
    0xfc, 0x20, 0x1f, 0xff, 0xf0, 0xe,

    /* U+041E "О" */
    0x0, 0x8e, 0x77, 0xfd, 0xb0, 0x20, 0x1d, 0x18,
    0xc2, 0xca, 0xf, 0xca, 0x1, 0x3b, 0x87, 0x31,
    0x35, 0xb4, 0x14, 0x80, 0x50, 0x18, 0x60, 0x19,
    0x64, 0x24, 0x28, 0x14, 0x80, 0x3c, 0xc4, 0x44,
    0x30, 0xf0, 0xf, 0xc8, 0x6, 0xc0, 0xc0, 0x1f,
    0xb8, 0x38, 0x3, 0xff, 0x84, 0xc0, 0xc0, 0x1f,
    0xb8, 0x38, 0xc3, 0xc0, 0x3f, 0x20, 0x1d, 0x2,
    0x90, 0x7, 0x98, 0x88, 0x84, 0xe1, 0x86, 0x1,
    0x96, 0x42, 0x40, 0x10, 0xe3, 0x98, 0x9a, 0xda,
    0xa, 0x40, 0xa, 0x31, 0x45, 0x94, 0x1f, 0x94,
    0x0,

    /* U+041F "П" */
    0xf, 0xff, 0xf8, 0x40, 0x25, 0x5f, 0x80, 0x3d,
    0x55, 0xf0, 0x80, 0x7f, 0xff, 0xc0, 0x3f, 0xff,
    0x40,

    /* U+0420 "Р" */
    0xf, 0xfe, 0xeb, 0x50, 0xe, 0x66, 0x89, 0x2a,
    0x0, 0x34, 0xcd, 0x96, 0xe, 0x40, 0x1f, 0x21,
    0x83, 0x80, 0x7f, 0xf1, 0x90, 0xc1, 0x0, 0x29,
    0x9b, 0x2c, 0x1c, 0x40, 0x26, 0x68, 0x92, 0xa0,
    0x3, 0x7f, 0xdd, 0x6a, 0x1, 0xff, 0xed,

    /* U+0421 "С" */
    0x0, 0x8a, 0x77, 0xfd, 0xd6, 0xa0, 0x13, 0xeb,
    0x2, 0xb2, 0xaa, 0xb0, 0x1e, 0x6, 0xf6, 0xa6,
    0xfa, 0x40, 0xa0, 0x31, 0x0, 0x39, 0xb2, 0x81,
    0x48, 0x3, 0xf1, 0x87, 0x80, 0x7f, 0x30, 0x30,
    0x7, 0xff, 0x25, 0x81, 0x80, 0x3f, 0x8c, 0x3c,
    0x3, 0xfa, 0x81, 0x48, 0x3, 0xf1, 0x40, 0x62,
    0x0, 0x72, 0xe0, 0x3c, 0xd, 0xed, 0x4d, 0xf5,
    0x0, 0x4f, 0xac, 0xa, 0xca, 0xaa, 0xc0,

    /* U+0422 "Т" */
    0x1f, 0xff, 0xfe, 0x2, 0xa, 0xaf, 0x0, 0x15,
    0x79, 0x82, 0xab, 0x84, 0x2e, 0xab, 0x10, 0x7,
    0xff, 0xfc, 0x3, 0xff, 0xfe, 0x1, 0x80,

    /* U+0423 "У" */
    0x7f, 0xa0, 0xf, 0x3f, 0xcb, 0x82, 0x90, 0x7,
    0x48, 0x58, 0x38, 0x58, 0x6, 0x61, 0x42, 0xa,
    0x6, 0x0, 0xd6, 0x1e, 0x0, 0x25, 0x7, 0x0,
    0x21, 0x11, 0x0, 0x29, 0x9, 0x0, 0x78, 0x58,
    0x6, 0x33, 0xa, 0x92, 0xb, 0x0, 0x74, 0x84,
    0xd8, 0x30, 0x7, 0x94, 0x4d, 0x82, 0x40, 0x3e,
    0x90, 0x2, 0x88, 0x7, 0xcc, 0x0, 0x90, 0xf,
    0xce, 0x8, 0x60, 0x1e, 0xab, 0x90, 0xf0, 0xf,
    0xa, 0xa1, 0xca, 0x0, 0x70,

    /* U+0424 "Ф" */
    0x0, 0xf3, 0x7c, 0x80, 0x7f, 0xcb, 0x14, 0x9,
    0x2c, 0x20, 0x1e, 0x7f, 0xa7, 0x30, 0x26, 0x9e,
    0xa1, 0x0, 0xaa, 0x6, 0x7a, 0x41, 0xbe, 0xcd,
    0x70, 0x0, 0x8a, 0x3e, 0xc2, 0x1, 0x93, 0x10,
    0xa0, 0x38, 0x24, 0x40, 0x3f, 0x78, 0x28, 0x30,
    0x18, 0x7, 0xf2, 0x81, 0x0, 0x42, 0x1, 0xff,
    0xc1, 0x40, 0xc0, 0xf, 0xe7, 0x3, 0xa, 0x6,
    0x50, 0xf, 0x8a, 0x2, 0x40, 0xa8, 0x2b, 0x1f,
    0x80, 0x96, 0xb4, 0x5d, 0x40, 0xb, 0xaa, 0x70,
    0xe0, 0x94, 0xa9, 0x70, 0x1, 0x8a, 0xbf, 0x5c,
    0x13, 0x3e, 0xd0, 0x3, 0xf1, 0x70, 0x11, 0x80,
    0x78,

    /* U+0425 "Х" */
    0x6, 0xfb, 0x0, 0xf5, 0xfb, 0x0, 0x19, 0x10,
    0xc0, 0x19, 0x91, 0xc, 0x1, 0x50, 0xc9, 0x0,
    0xa, 0x46, 0x80, 0x30, 0xd0, 0x70, 0x3, 0x82,
    0xc4, 0x3, 0x91, 0x8e, 0x20, 0x6c, 0xa0, 0x1f,
    0x49, 0x3b, 0x8a, 0x40, 0x3f, 0xac, 0x1, 0x20,
    0x1f, 0xeb, 0x0, 0x68, 0x7, 0xf4, 0x93, 0x1b,
    0x20, 0x7, 0xc8, 0xc5, 0x3c, 0x14, 0x20, 0x1c,
    0x34, 0x1e, 0x5, 0x3, 0x60, 0x1d, 0x63, 0x4,
    0x0, 0x73, 0x55, 0x0, 0x4a, 0xa3, 0x70, 0xd,
    0xc1, 0x62, 0x3, 0x41, 0xa0, 0x1c, 0x52, 0x34,
    0x0,

    /* U+0426 "Ц" */
    0xf, 0xf0, 0x7, 0xdd, 0xe2, 0x1, 0xff, 0xff,
    0x0, 0xff, 0xff, 0x80, 0x7e, 0xaa, 0xf8, 0x42,
    0xdc, 0x2, 0x55, 0xf8, 0x0, 0xb8, 0x1f, 0xff,
    0xf0, 0x80, 0x7f, 0xf7, 0x7e, 0xc0,

    /* U+0427 "Ч" */
    0x4f, 0xa0, 0xe, 0x3f, 0xc0, 0xf, 0xfe, 0xab,
    0x83, 0x0, 0x7e, 0x30, 0x33, 0x0, 0x7e, 0x70,
    0xcb, 0xaa, 0xa0, 0x2, 0x88, 0x12, 0x2a, 0xc8,
    0x1, 0x9f, 0x7f, 0xf6, 0x0, 0x7f, 0xfb, 0x40,

    /* U+0428 "Ш" */
    0xf, 0xf0, 0x7, 0x27, 0xd8, 0x7, 0x47, 0xb0,
    0x7, 0xff, 0xfc, 0x3, 0xff, 0xfe, 0x1, 0xff,
    0xf2, 0xaa, 0xef, 0x5, 0xaa, 0xe5, 0x0, 0xe5,
    0x5e, 0x40, 0x15, 0x5e, 0x20, 0x0,

    /* U+0429 "Щ" */
    0xf, 0xf0, 0x7, 0x27, 0xd8, 0x7, 0x47, 0xb0,
    0x7, 0xff, 0xfc, 0x3, 0xff, 0xfe, 0x1, 0xff,
    0xff, 0x0, 0xff, 0xaa, 0xbb, 0xc1, 0x6a, 0xb9,
    0x42, 0xa8, 0x1, 0x95, 0x79, 0x0, 0x55, 0x78,
    0x80, 0xd4, 0x43, 0xff, 0xff, 0x8a, 0xc0, 0x1f,
    0xff, 0x29, 0xe1,

    /* U+042A "Ъ" */
    0x6f, 0xfe, 0xd0, 0xf, 0xe2, 0x55, 0xc0, 0x1f,
    0xf2, 0x55, 0x56, 0x1, 0xff, 0xe5, 0x29, 0x9a,
    0x1c, 0xc0, 0x3f, 0xcc, 0xd3, 0xc6, 0x60, 0x40,
    0x3e, 0x2f, 0xfd, 0x86, 0x6a, 0x0, 0xff, 0xe0,
    0x1e, 0x82, 0x8, 0x7, 0xff, 0x0, 0x44, 0x4,
    0x1, 0xff, 0xc1, 0x10, 0x10, 0xf, 0xfe, 0x3,
    0x80, 0x90, 0x7, 0x8a, 0x66, 0xad, 0x80, 0xb0,
    0xf, 0xcc, 0xd2, 0x9a, 0xe2, 0x80,

    /* U+042B "Ы" */
    0xf, 0xf0, 0x7, 0xf2, 0x7d, 0x80, 0x7f, 0xfc,
    0xe6, 0x68, 0x74, 0x0, 0xfe, 0x66, 0x9e, 0x2f,
    0x4, 0x3, 0xef, 0xfd, 0x86, 0x6d, 0x0, 0xff,
    0x8f, 0x40, 0xc8, 0x3, 0xfe, 0x12, 0x6, 0x0,
    0xff, 0xe0, 0x18, 0x38, 0x7, 0xfc, 0xc2, 0x6,
    0x1, 0xe9, 0x9a, 0xb6, 0x42, 0x40, 0x3e, 0x66,
    0x94, 0xd7, 0x18, 0x3, 0x0,

    /* U+042C "Ь" */
    0xf, 0xf0, 0x7, 0xff, 0xc2, 0x66, 0x87, 0x40,
    0xf, 0x33, 0x4f, 0x17, 0x82, 0x1, 0xbf, 0xf6,
    0x19, 0xb4, 0x3, 0xf1, 0xe8, 0x19, 0x0, 0x7e,
    0x12, 0x6, 0x0, 0xfe, 0x30, 0x70, 0xf, 0xcc,
    0x20, 0x60, 0x14, 0xcd, 0x5b, 0x21, 0x20, 0x19,
    0x9a, 0x53, 0x5c, 0x60,

    /* U+042D "Э" */
    0x5, 0xbe, 0xff, 0x6c, 0x90, 0x5, 0x94, 0xaa,
    0x65, 0x6, 0xd7, 0x0, 0xab, 0xae, 0x6b, 0x70,
    0xa1, 0xc3, 0x14, 0x3, 0x8f, 0xc2, 0x4, 0x3,
    0xf1, 0x30, 0x30, 0x7, 0xf6, 0x6, 0x0, 0x3f,
    0xfe, 0xa0, 0x70, 0x2, 0xaf, 0xc8, 0x1, 0xaa,
    0xbe, 0xc0, 0x70, 0xf, 0xec, 0xc, 0x10, 0xf,
    0x91, 0x0, 0xd8, 0xc0, 0x1c, 0x74, 0x10, 0x22,
    0x9f, 0xb9, 0xad, 0xc1, 0x87, 0xc, 0xa4, 0x56,
    0x50, 0x6d, 0x70, 0x0,

    /* U+042E "Ю" */
    0xff, 0x0, 0x79, 0x6f, 0xbf, 0xb1, 0xc4, 0x3,
    0xfd, 0x74, 0x8a, 0xc8, 0x51, 0xe6, 0x1, 0xfa,
    0xd0, 0xf6, 0xe6, 0xba, 0x7, 0x8, 0x3, 0xca,
    0x83, 0xa4, 0x1, 0x9d, 0x82, 0x40, 0x3d, 0xc1,
    0x22, 0x1, 0xe8, 0x4, 0x10, 0xe, 0x50, 0x40,
    0xf, 0x84, 0xc1, 0x0, 0x1f, 0xf0, 0x81, 0x0,
    0x7e, 0x60, 0x30, 0x2, 0xac, 0x1, 0xff, 0xc4,
    0xaa, 0x84, 0x8, 0x3, 0xf3, 0x1, 0x80, 0x72,
    0x2, 0x0, 0x7c, 0x26, 0x8, 0x1, 0xd2, 0x12,
    0x20, 0x1e, 0x90, 0x41, 0x0, 0xe3, 0x61, 0xd2,
    0x0, 0xce, 0xe0, 0x90, 0xf, 0xa5, 0x4f, 0x6e,
    0x6b, 0xa0, 0x70, 0x80, 0x3f, 0x55, 0xaa, 0x99,
    0x4a, 0x3c, 0xc0, 0x0,

    /* U+042F "Я" */
    0x0, 0x1d, 0x77, 0xff, 0x81, 0x71, 0x4d, 0x59,
    0xa0, 0xa, 0xc1, 0xf6, 0xa6, 0x60, 0x0, 0x88,
    0x24, 0x3, 0xff, 0x8c, 0x22, 0x9, 0x0, 0xfd,
    0x42, 0xfb, 0x53, 0x30, 0x4, 0x9f, 0x6, 0xac,
    0xd0, 0x6, 0x15, 0x11, 0x77, 0xf8, 0x3, 0xb8,
    0x2c, 0x40, 0x3c, 0xc6, 0x8a, 0x1, 0xe1, 0x90,
    0x90, 0xf, 0xa8, 0x20, 0x80, 0x3c, 0xa8, 0x6e,
    0x1, 0xf0,

    /* U+0430 "а" */
    0x6, 0xbd, 0xff, 0x62, 0x80, 0x52, 0xe8, 0xec,
    0x54, 0xe0, 0xe, 0xc9, 0x89, 0xe3, 0x81, 0x1,
    0x0, 0x84, 0x56, 0xa, 0x7, 0x7f, 0xee, 0xe4,
    0x1, 0x1e, 0x2b, 0xd5, 0xd9, 0xc0, 0x64, 0x2a,
    0x15, 0x11, 0xe0, 0x6, 0x4, 0x0, 0xd8, 0x0,
    0x60, 0x50, 0x9, 0x50, 0x1, 0x21, 0x54, 0x8b,
    0xa5, 0x0, 0x1d, 0x9a, 0xb8, 0x5f, 0x80, 0x0,

    /* U+0431 "б" */
    0x0, 0xc6, 0xcf, 0x12, 0x1, 0x97, 0xb2, 0x61,
    0xd8, 0xc0, 0xd, 0x41, 0x3d, 0xff, 0x18, 0x14,
    0x8f, 0xb0, 0x80, 0x75, 0x85, 0x8, 0x7, 0xca,
    0x0, 0xbf, 0xf6, 0xc0, 0x4, 0x41, 0x68, 0xce,
    0x2f, 0xa0, 0x18, 0x76, 0x63, 0x18, 0xa4, 0xc,
    0x24, 0x80, 0x28, 0x6, 0x0, 0x90, 0x3, 0x9,
    0x81, 0x8, 0x10, 0x7, 0x38, 0xb, 0x1, 0x0,
    0x73, 0x80, 0xe8, 0x20, 0x6, 0x13, 0x2, 0x60,
    0x91, 0x0, 0xa0, 0x18, 0x6, 0x47, 0xe6, 0x31,
    0x8a, 0x40, 0xd, 0x6a, 0xce, 0x2f, 0xa0, 0x0,

    /* U+0432 "в" */
    0x3f, 0xfe, 0xd7, 0x0, 0xc7, 0x32, 0x81, 0x8a,
    0x0, 0x95, 0x98, 0xf8, 0x2a, 0x1, 0xf8, 0x80,
    0x31, 0x88, 0x8a, 0xd, 0x80, 0x25, 0xee, 0x6b,
    0xa4, 0x80, 0x49, 0x76, 0xa7, 0x4d, 0x10, 0x1,
    0x22, 0x16, 0x24, 0x98, 0x3, 0xe1, 0xf, 0x0,
    0x2b, 0x31, 0xe6, 0x2, 0xc0, 0x7, 0x32, 0x87,
    0x5c, 0x30,

    /* U+0433 "г" */
    0x3f, 0xff, 0xa0, 0x0, 0x73, 0x3d, 0x60, 0x6,
    0x6f, 0x18, 0x7, 0xff, 0xf0,

    /* U+0434 "д" */
    0x0, 0xbf, 0xfe, 0x50, 0xe, 0x29, 0x99, 0x40,
    0x3e, 0x16, 0x6b, 0x40, 0x38, 0x41, 0xc0, 0x3f,
    0x8c, 0x3, 0xfe, 0x60, 0x20, 0xf, 0xe3, 0xe,
    0x0, 0xfe, 0xc0, 0x40, 0xf, 0xc4, 0x84, 0x60,
    0x1f, 0x36, 0x3, 0x37, 0x68, 0x62, 0xc8, 0x82,
    0x4c, 0xe5, 0x6, 0x90, 0x8f, 0xff, 0xca, 0x1,
    0xff, 0xc1, 0x52, 0x0, 0xfd, 0xa8,

    /* U+0435 "е" */
    0x0, 0x1d, 0x77, 0xf5, 0x10, 0x4, 0xd8, 0x8e,
    0xe4, 0x5d, 0x30, 0x29, 0x4e, 0x98, 0xad, 0xe,
    0xb, 0x8, 0x11, 0xc6, 0x84, 0x2a, 0x19, 0xdd,
    0xc8, 0x4, 0x21, 0x77, 0xf8, 0xc0, 0xe, 0x89,
    0xf0, 0x20, 0x58, 0x7, 0xeb, 0x7, 0x40, 0xe,
    0x50, 0x29, 0xb, 0xb4, 0x42, 0xfe, 0x0, 0xd,
    0x8a, 0xa7, 0x66, 0xa4, 0x0,

    /* U+0436 "ж" */
    0x4, 0xfc, 0x0, 0xdd, 0xc0, 0xd, 0x9e, 0xa0,
    0x4, 0xa3, 0xb0, 0xf, 0xd6, 0x72, 0xa0, 0x12,
    0xca, 0x50, 0x7, 0xa9, 0x21, 0x80, 0x39, 0x9d,
    0x64, 0x3, 0x42, 0xbb, 0x80, 0x3e, 0x90, 0x67,
    0x0, 0x3b, 0x82, 0x40, 0x3f, 0x58, 0x1c, 0x8,
    0xa0, 0xc2, 0xc0, 0x3e, 0x55, 0x36, 0x20, 0x1,
    0x31, 0x95, 0x40, 0x1c, 0x36, 0x32, 0x16, 0x21,
    0x61, 0x25, 0x62, 0x1, 0xac, 0x68, 0x3, 0x8,
    0x5, 0x23, 0x60, 0x12, 0xa9, 0x90, 0x3, 0xf2,
    0x32, 0xa8, 0x6, 0xc6, 0x40, 0x3f, 0xd2, 0x36,
    0x20,

    /* U+0437 "з" */
    0x3b, 0xef, 0xf6, 0xb8, 0x1, 0xdc, 0x8e, 0xc1,
    0x18, 0x9, 0x95, 0x13, 0xa8, 0x62, 0x0, 0x12,
    0x23, 0x28, 0x8, 0x2, 0x37, 0x52, 0x76, 0x1,
    0x5d, 0x4a, 0xb3, 0x80, 0x44, 0xad, 0x45, 0x84,
    0x1, 0xec, 0x4, 0x10, 0xe, 0xe0, 0x3a, 0xc9,
    0x79, 0xe4, 0x35, 0xd0, 0x78, 0x62, 0x8c, 0x0,

    /* U+0438 "и" */
    0x3f, 0x90, 0xc, 0xdf, 0xe3, 0x0, 0xf0, 0xc0,
    0x7, 0xf4, 0x9, 0x80, 0x7c, 0x6c, 0xc5, 0x0,
    0xfb, 0xc6, 0x0, 0x3e, 0x63, 0x81, 0x0, 0xf0,
    0xc1, 0xb0, 0x7, 0xd0, 0x3e, 0x1, 0xf2, 0xb3,
    0xc, 0x3, 0xe3, 0x18, 0x0, 0xfe, 0x81, 0x0,
    0xf0,

    /* U+0439 "й" */
    0x0, 0x3d, 0x80, 0x56, 0xe0, 0x19, 0x10, 0xa2,
    0xa8, 0x80, 0xc, 0x6f, 0x5d, 0x4e, 0x60, 0x1d,
    0x1d, 0x9d, 0x0, 0x11, 0xfc, 0x80, 0x98, 0xb7,
    0xf8, 0xc0, 0x3c, 0x30, 0x1, 0xfd, 0x2, 0x60,
    0x1f, 0x1b, 0x31, 0x40, 0x3e, 0xf1, 0x80, 0xf,
    0x98, 0xe0, 0x40, 0x3c, 0x30, 0x6c, 0x1, 0xf4,
    0xf, 0x80, 0x7c, 0xac, 0xc3, 0x0, 0xf8, 0xc6,
    0x0, 0x3f, 0xa0, 0x40, 0x3c,

    /* U+043A "к" */
    0x3f, 0x90, 0xd, 0x9e, 0xc0, 0x1f, 0x61, 0xcb,
    0x0, 0x7a, 0xce, 0x58, 0x3, 0xd6, 0x90, 0xc0,
    0x1c, 0x76, 0x82, 0xe0, 0x1e, 0x54, 0x31, 0x90,
    0xf, 0x9f, 0x11, 0x90, 0x3, 0x92, 0x2, 0x86,
    0x84, 0x3, 0x10, 0x0, 0x6c, 0x6c, 0x3, 0xf2,
    0xae, 0x0, 0xfd, 0x43, 0x44,

    /* U+043B "л" */
    0x0, 0x93, 0xff, 0xe2, 0x0, 0xe4, 0x99, 0x8c,
    0x3, 0xe3, 0x66, 0xc0, 0x1f, 0xfc, 0x51, 0xf,
    0x0, 0xfe, 0x20, 0x10, 0xf, 0xee, 0x5, 0x0,
    0xfe, 0x50, 0x30, 0xf, 0xca, 0x68, 0x1, 0xf1,
    0x5d, 0xc, 0x80, 0x7c, 0x2c, 0xcf, 0x20, 0xf,
    0x80,

    /* U+043C "м" */
    0x3f, 0xf5, 0x0, 0x74, 0x7f, 0x90, 0x2, 0x51,
    0x0, 0xcc, 0x1, 0xc8, 0xc, 0x1, 0x30, 0xa8,
    0x6, 0x15, 0x90, 0xa, 0x90, 0x80, 0x3a, 0x45,
    0x40, 0xcd, 0xe0, 0x1e, 0x33, 0x48, 0x49, 0x20,
    0x7, 0xd2, 0x68, 0xb4, 0x1, 0xf9, 0x46, 0xc1,
    0x80, 0x3f, 0xa4, 0x58, 0x40, 0x3f, 0x9f, 0xa4,
    0x3, 0xff, 0x8c,

    /* U+043D "н" */
    0x3f, 0xa0, 0xe, 0x8f, 0x40, 0xf, 0xfe, 0xc0,
    0x8f, 0x80, 0x32, 0xf7, 0x73, 0x0, 0x64, 0xbb,
    0xe5, 0x0, 0xc2, 0x89, 0xc4, 0x1, 0xff, 0xd7,

    /* U+043E "о" */
    0x0, 0x2e, 0x7f, 0xb5, 0xc0, 0x34, 0x51, 0x33,
    0x84, 0x60, 0x0, 0xdc, 0xbe, 0x63, 0x50, 0xdc,
    0x28, 0x2c, 0x40, 0x29, 0xa, 0x4, 0x7, 0x0,
    0xc4, 0x24, 0x26, 0x2, 0x1, 0xc4, 0x0, 0x30,
    0x10, 0xe, 0x20, 0x3, 0x82, 0x0, 0x62, 0x12,
    0x19, 0x8, 0x10, 0xa, 0x42, 0x80, 0xdc, 0xbe,
    0x63, 0x50, 0xdc, 0x1, 0x14, 0x4c, 0xe1, 0x18,
    0x0,

    /* U+043F "п" */
    0x3f, 0xff, 0xe4, 0x0, 0x1c, 0xcf, 0x20, 0x6,
    0x66, 0xf1, 0x80, 0x7f, 0xff, 0xc0, 0x3f, 0xf8,
    0x60,

    /* U+0440 "р" */
    0x3f, 0xa2, 0xbe, 0xfc, 0x40, 0xc, 0xda, 0xc,
    0xc3, 0xb5, 0x0, 0x8d, 0xee, 0x27, 0x2, 0xc0,
    0x21, 0x80, 0x8, 0xd4, 0x54, 0x0, 0xa0, 0x1d,
    0x81, 0xa0, 0x1, 0x0, 0xe2, 0x1, 0x0, 0x8,
    0x7, 0x10, 0x8, 0x1, 0x40, 0x3b, 0x3, 0x40,
    0x3, 0x0, 0x11, 0xa8, 0xa8, 0x0, 0xde, 0xe2,
    0x70, 0x2c, 0x2, 0x6d, 0x6, 0x61, 0xda, 0x80,
    0x62, 0xbe, 0xfc, 0x40, 0xf, 0xfe, 0xb8,

    /* U+0441 "с" */
    0x0, 0x1d, 0x77, 0xf5, 0xa8, 0x36, 0x2a, 0x3b,
    0x9a, 0x4a, 0x47, 0x6a, 0x27, 0x75, 0x61, 0x4,
    0x1, 0x85, 0x41, 0x0, 0x3c, 0x20, 0x40, 0x1e,
    0x10, 0x20, 0xf, 0x28, 0x20, 0x7, 0xac, 0x20,
    0x80, 0x30, 0x94, 0x8e, 0xd4, 0x4e, 0x50, 0x36,
    0x2a, 0x3b, 0xdc,

    /* U+0442 "т" */
    0x6f, 0xff, 0xf0, 0xa4, 0xcd, 0x0, 0x53, 0x38,
    0x49, 0x9b, 0x3, 0x37, 0x0, 0x7f, 0xff, 0xc0,
    0x3f, 0xf9, 0x40,

    /* U+0443 "у" */
    0x3f, 0xb0, 0xf, 0x6f, 0x89, 0x99, 0x4, 0x3,
    0x21, 0x28, 0x85, 0x4, 0x80, 0x6e, 0x9, 0x0,
    0x30, 0xb0, 0x4, 0x2a, 0x46, 0x1, 0x30, 0xa0,
    0x1, 0x82, 0xc0, 0x35, 0x7, 0x80, 0x28, 0x18,
    0x3, 0x12, 0x20, 0x50, 0x98, 0x3, 0xdc, 0x13,
    0xc1, 0x40, 0x1e, 0x51, 0x65, 0x33, 0x0, 0x7d,
    0x22, 0x14, 0x1, 0xf9, 0x80, 0xc, 0x1, 0xf9,
    0x41, 0x80, 0x3f, 0xbc, 0x2c, 0x3, 0xc6, 0xf6,
    0x8a, 0x40, 0x1e, 0x58, 0x55, 0x58, 0x7, 0x80,

    /* U+0444 "ф" */
    0x0, 0xf2, 0xfb, 0x80, 0x7f, 0xf6, 0xa7, 0xb9,
    0x6, 0x0, 0x7e, 0xfa, 0x10, 0x5, 0xb1, 0x32,
    0xd8, 0x55, 0x19, 0x17, 0x41, 0x51, 0x72, 0x34,
    0x40, 0x19, 0x16, 0xc6, 0xde, 0x10, 0x1, 0x48,
    0x50, 0x80, 0x20, 0x29, 0xc0, 0x80, 0x3f, 0x84,
    0x44, 0x60, 0x1f, 0xfc, 0x3, 0x13, 0x0, 0xff,
    0xe0, 0x18, 0xb8, 0x10, 0x7, 0xf0, 0x88, 0xbc,
    0x20, 0x2, 0x90, 0xa1, 0x0, 0x40, 0x5a, 0x9a,
    0xe4, 0x68, 0x80, 0x32, 0x2d, 0x89, 0xc3, 0x18,
    0x99, 0x60, 0x2a, 0x8c, 0x8b, 0x80, 0x14, 0xf7,
    0x20, 0x2, 0x7e, 0xfa, 0x10, 0xf, 0xff, 0x10,

    /* U+0445 "х" */
    0xb, 0xf6, 0x0, 0xd1, 0xf2, 0x0, 0xa1, 0x93,
    0x0, 0x23, 0x94, 0x80, 0x7, 0x43, 0x80, 0x68,
    0x3c, 0x3, 0x1c, 0x15, 0x50, 0x64, 0x80, 0x39,
    0xd1, 0x51, 0x58, 0x3, 0xed, 0x0, 0x48, 0x7,
    0xc5, 0x22, 0x1c, 0x1, 0xf7, 0x5, 0x39, 0x48,
    0x7, 0x49, 0xba, 0x41, 0xb2, 0x80, 0x4a, 0xc7,
    0x0, 0xd, 0x1a, 0x20, 0x1b, 0xe, 0x0, 0x86,
    0x83, 0x80,

    /* U+0446 "ц" */
    0x3f, 0xa0, 0xe, 0x8f, 0x40, 0xf, 0xff, 0xf8,
    0x7, 0xff, 0x31, 0x9b, 0xc6, 0x1a, 0x80, 0x3,
    0x99, 0xe4, 0x6, 0xf3, 0xff, 0xfe, 0x40, 0xf,
    0xfe, 0x59, 0x98,

    /* U+0447 "ч" */
    0x8f, 0x40, 0xd, 0x9e, 0x1, 0xff, 0xc6, 0xe0,
    0x20, 0xf, 0x20, 0x42, 0x8, 0xe0, 0x29, 0x1b,
    0xee, 0x88, 0x0, 0xdf, 0x97, 0x71, 0x0, 0x63,
    0x44, 0x84, 0x3, 0xff, 0xa0,

    /* U+0448 "ш" */
    0x3f, 0xa0, 0xd, 0x9e, 0x1, 0x97, 0xdc, 0x3,
    0xff, 0xfe, 0x1, 0xff, 0xeb, 0x66, 0xe1, 0x6,
    0x6d, 0x80, 0x18, 0xe6, 0x71, 0x4, 0xce, 0x60,
    0x0,

    /* U+0449 "щ" */
    0x3f, 0xa0, 0xd, 0x9e, 0x1, 0x97, 0xdc, 0x3,
    0xff, 0xfe, 0x1, 0xff, 0xf4, 0x66, 0xe1, 0x6,
    0x6d, 0x81, 0x8a, 0x0, 0x39, 0x9c, 0x41, 0x33,
    0x98, 0x12, 0xcf, 0xff, 0xff, 0x84, 0xe0, 0x1f,
    0xfd, 0x5d, 0x40,

    /* U+044A "ъ" */
    0x6f, 0xfe, 0x0, 0xf9, 0x26, 0x61, 0x0, 0xfc,
    0x4c, 0xd1, 0x80, 0x7f, 0xf3, 0xc4, 0x60, 0xf,
    0xf7, 0x75, 0xfa, 0xe0, 0x1f, 0x5d, 0xd2, 0x11,
    0x20, 0x1e, 0x44, 0x9b, 0x1, 0xc0, 0x3f, 0xc6,
    0x1, 0xf9, 0x9a, 0x8c, 0x6, 0x0, 0xf4, 0xcc,
    0xc5, 0x50,

    /* U+044B "ы" */
    0x3f, 0xa0, 0xf, 0xd9, 0xe0, 0x1f, 0xfe, 0x21,
    0x18, 0x3, 0xfc, 0xbd, 0xd7, 0xe2, 0x0, 0x7c,
    0x97, 0x6a, 0x73, 0xb3, 0x0, 0xf0, 0xa2, 0x16,
    0x24, 0x2c, 0x3, 0xfe, 0x10, 0xf, 0xcc, 0xd3,
    0xcc, 0x5, 0x0, 0x78, 0xe6, 0x50, 0xeb, 0x84,
    0x1, 0x80,

    /* U+044C "ь" */
    0x3f, 0xa0, 0xf, 0xfe, 0xe0, 0x8c, 0x1, 0xe5,
    0xee, 0xbf, 0x10, 0x2, 0x4b, 0xb5, 0x39, 0xd9,
    0x80, 0x5, 0x10, 0xb1, 0x21, 0x60, 0x1f, 0x8,
    0x6, 0x66, 0x9e, 0x60, 0x28, 0x0, 0x73, 0x28,
    0x75, 0xc2,

    /* U+044D "э" */
    0x6c, 0xef, 0xe9, 0x20, 0x5, 0xbb, 0xc8, 0xda,
    0x81, 0xb7, 0x31, 0x5c, 0x34, 0x20, 0x23, 0x82,
    0x45, 0x82, 0xbb, 0xb4, 0x6, 0x84, 0x5d, 0xe9,
    0x1, 0x3, 0x44, 0xc6, 0x2, 0x1, 0xef, 0xd,
    0x30, 0xc, 0xaa, 0x6, 0xdd, 0x4c, 0x65, 0x5,
    0x8c, 0xb, 0xb8, 0x97, 0x50, 0x0,

    /* U+044E "ю" */
    0x1f, 0xb0, 0x8, 0xab, 0xbf, 0xad, 0x0, 0x3e,
    0x3d, 0x52, 0x77, 0x25, 0xb0, 0x7, 0xbc, 0x1f,
    0x22, 0x74, 0x24, 0x40, 0x22, 0x33, 0xc, 0x0,
    0x44, 0xe0, 0xc0, 0x4, 0xdc, 0x5, 0x0, 0xec,
    0xd, 0x0, 0x1d, 0x40, 0x10, 0x7, 0x38, 0x8,
    0x1, 0xd5, 0x40, 0x40, 0x1c, 0xe0, 0x20, 0x18,
    0x85, 0x40, 0x3b, 0x3, 0x40, 0x39, 0x86, 0x0,
    0x22, 0x70, 0x60, 0xe, 0x83, 0x7c, 0x89, 0xd0,
    0x91, 0x0, 0xf6, 0x38, 0xbb, 0x92, 0xd8, 0x0,

    /* U+044F "я" */
    0x0, 0x46, 0xff, 0xf2, 0x85, 0xb8, 0xc4, 0xc9,
    0x40, 0x2, 0x85, 0x8e, 0xcc, 0xd0, 0xc, 0x20,
    0x1f, 0x9, 0x1c, 0x10, 0x8b, 0xc0, 0x2f, 0x37,
    0xde, 0xe3, 0x80, 0x45, 0x86, 0x15, 0x6a, 0x1,
    0x9c, 0xe1, 0x53, 0x40, 0x22, 0x83, 0x70, 0xf,
    0x78, 0x70, 0x7, 0xa0, 0xa4, 0x80, 0x3c,

    /* U+0450 "ѐ" */
    0x1, 0xed, 0x0, 0xfc, 0x38, 0x74, 0x1, 0xf8,
    0xb5, 0x58, 0x3, 0xf1, 0xd8, 0x80, 0x7f, 0x23,
    0x80, 0x7c, 0x75, 0xdf, 0xd4, 0x40, 0x13, 0x62,
    0x3b, 0x91, 0x74, 0xc0, 0xa5, 0x3a, 0x62, 0xb4,
    0x38, 0x2c, 0x20, 0x47, 0x1a, 0x10, 0xa8, 0x67,
    0x77, 0x20, 0x10, 0x85, 0xdf, 0xe3, 0x0, 0x3a,
    0x27, 0xc0, 0x81, 0x60, 0x1f, 0xac, 0x1d, 0x0,
    0x39, 0x40, 0xa4, 0x2e, 0xd1, 0xb, 0xf8, 0x0,
    0x36, 0x2a, 0x9d, 0x9a, 0x90,

    /* U+0451 "ё" */
    0x0, 0x3f, 0xc0, 0x4f, 0xa8, 0x6, 0x10, 0xf,
    0xf3, 0x7c, 0x4, 0xfa, 0x80, 0x7f, 0xf0, 0xce,
    0xbb, 0xfa, 0x88, 0x2, 0x6c, 0x47, 0x72, 0x2e,
    0x98, 0x14, 0xa7, 0x4c, 0x56, 0x87, 0x5, 0x84,
    0x8, 0xe3, 0x42, 0x15, 0xc, 0xee, 0xe4, 0x2,
    0x10, 0xbb, 0xfc, 0x60, 0x7, 0x44, 0xf8, 0x10,
    0x2c, 0x3, 0xf5, 0x83, 0xa0, 0x7, 0x28, 0x14,
    0x85, 0xda, 0x21, 0x7f, 0x0, 0x6, 0xc5, 0x53,
    0xb3, 0x52, 0x0,

    /* U+0452 "ђ" */
    0x0, 0x67, 0x0, 0x7f, 0x84, 0x40, 0x1f, 0xfd,
    0x48, 0xf2, 0xf, 0xfe, 0x40, 0x5, 0xd0, 0x85,
    0x57, 0x28, 0x0, 0xd4, 0xc1, 0x57, 0x84, 0x3,
    0xe1, 0x68, 0x61, 0x0, 0xf2, 0x7c, 0xbc, 0xf2,
    0x0, 0x75, 0x4f, 0x72, 0x2, 0x80, 0x3a, 0x5c,
    0x44, 0xe8, 0x26, 0x1, 0x98, 0x3, 0x18, 0x30,
    0x6, 0x10, 0xd, 0xe0, 0x60, 0x1f, 0xde, 0x4,
    0x1, 0xfc, 0x80, 0x80, 0xd, 0xf0, 0xc, 0x86,
    0xe0, 0x1f, 0x8a, 0x8e, 0x0, 0x3e, 0x7c, 0x2d,
    0x0, 0xfd, 0x2d, 0x82, 0x1, 0xfb, 0xa0, 0x3,
    0x0,

    /* U+0453 "ѓ" */
    0x0, 0xf5, 0x79, 0x80, 0x72, 0xaa, 0x4c, 0x3,
    0xd, 0xb3, 0x0, 0x3a, 0x8a, 0x40, 0x3d, 0x78,
    0x1, 0x1f, 0xff, 0xd0, 0x0, 0x39, 0x9e, 0xb0,
    0x3, 0x37, 0x8c, 0x3, 0xff, 0xf8,

    /* U+0454 "є" */
    0x0, 0x1d, 0x77, 0xf5, 0xa8, 0x36, 0x23, 0xbe,
    0xe2, 0x93, 0xe9, 0x89, 0xcb, 0xb0, 0x48, 0x8e,
    0x0, 0x28, 0x57, 0x76, 0x90, 0x10, 0xab, 0xbe,
    0x1, 0x6, 0x44, 0xc4, 0xa, 0x16, 0x1, 0xea,
    0x7, 0x40, 0xc, 0x66, 0x90, 0xbb, 0x44, 0xef,
    0x83, 0x62, 0x2b, 0xb9, 0xa4,

    /* U+0455 "ѕ" */
    0x4, 0xbe, 0xfe, 0xc7, 0x5, 0xb5, 0x77, 0x82,
    0x82, 0x43, 0xe6, 0x27, 0x30, 0x1, 0xf8, 0x42,
    0x83, 0xe5, 0x44, 0x2, 0x6a, 0x26, 0xae, 0xc3,
    0x0, 0x2e, 0x7d, 0xb1, 0xe0, 0x80, 0x64, 0x97,
    0x4, 0x40, 0x7, 0x8, 0x2, 0xba, 0xa2, 0x16,
    0xc4, 0xb0, 0x8e, 0xf3, 0x46, 0x0,

    /* U+0456 "і" */
    0x1f, 0xb0, 0x8, 0x72, 0x40, 0xc8, 0x7e, 0xc0,
    0x3f, 0xfa, 0x40,

    /* U+0457 "ї" */
    0x1f, 0xc0, 0x4f, 0xa3, 0x1, 0x0, 0x84, 0xbf,
    0x41, 0x3e, 0xc0, 0x3f, 0x87, 0xec, 0x3, 0xff,
    0xf8,

    /* U+0458 "ј" */
    0x0, 0xf, 0xd8, 0x7, 0xc3, 0x92, 0x1, 0x19,
    0x0, 0x7, 0xec, 0x3, 0xff, 0xd0, 0x60, 0x20,
    0x6, 0x2, 0x24, 0x50, 0x5b, 0xb8, 0xe8, 0xc0,

    /* U+0459 "љ" */
    0x0, 0x93, 0xff, 0xda, 0x1, 0xff, 0x24, 0xcc,
    0x1, 0xff, 0xc1, 0x36, 0x68, 0x3, 0xff, 0xa0,
    0x21, 0xe0, 0x1c, 0x22, 0x0, 0xf8, 0xc0, 0x40,
    0x31, 0x77, 0x3f, 0x58, 0x3, 0x78, 0x28, 0x6,
    0x1b, 0xa8, 0x9, 0x70, 0x9, 0x40, 0xc0, 0x31,
    0xa2, 0xbf, 0x85, 0x80, 0x10, 0xd0, 0x3, 0xf8,
    0x40, 0x3, 0x56, 0x32, 0x1, 0xc6, 0xcc, 0x8d,
    0xa, 0x27, 0x6f, 0x20, 0xe, 0x19, 0x93, 0x2d,
    0x30,

    /* U+045A "њ" */
    0x3f, 0xa0, 0xe, 0xfc, 0x0, 0xff, 0xf6, 0x88,
    0xe2, 0x0, 0x8, 0x80, 0x3c, 0xbd, 0xdb, 0x40,
    0xfb, 0x9f, 0xac, 0x1, 0x25, 0xde, 0xa0, 0x2b,
    0xa8, 0x39, 0x60, 0x0, 0xa2, 0x65, 0x1, 0x45,
    0x7d, 0xd, 0x0, 0xff, 0xe0, 0xb8, 0x7, 0xfc,
    0x2c, 0xc9, 0xb0, 0xe0, 0xf, 0xe2, 0x99, 0x3a,
    0x5a, 0x80,

    /* U+045B "ћ" */
    0x0, 0x67, 0x0, 0x7f, 0x84, 0x40, 0x1f, 0xfd,
    0x48, 0xf2, 0xf, 0xfe, 0x40, 0x5, 0xd0, 0x85,
    0x57, 0x28, 0x0, 0xd4, 0xc1, 0x57, 0x84, 0x3,
    0xe1, 0x68, 0x61, 0x0, 0xf2, 0x7c, 0xbc, 0xf1,
    0x80, 0x75, 0x4f, 0x72, 0x3, 0x80, 0x3a, 0x5c,
    0x44, 0xe8, 0x46, 0x1, 0x98, 0x3, 0x18, 0x38,
    0x6, 0x10, 0xd, 0xe0, 0x20, 0x1f, 0xfc, 0xc0,

    /* U+045C "ќ" */
    0x0, 0xf6, 0xf0, 0x80, 0x7d, 0x25, 0xa2, 0x1,
    0xe4, 0x69, 0x30, 0xf, 0xd, 0x33, 0x0, 0x3e,
    0x1e, 0x90, 0xe, 0x3f, 0x90, 0xd, 0x9e, 0xc0,
    0x1f, 0x61, 0xcb, 0x0, 0x7a, 0xce, 0x58, 0x3,
    0xd6, 0x90, 0xc0, 0x1c, 0x76, 0x82, 0xe0, 0x1e,
    0x54, 0x31, 0x90, 0xf, 0x9f, 0x11, 0x90, 0x3,
    0x92, 0x2, 0x86, 0x84, 0x3, 0x10, 0x0, 0x6c,
    0x6c, 0x3, 0xf2, 0xae, 0x0, 0xfd, 0x43, 0x44,

    /* U+045D "ѝ" */
    0x1, 0xed, 0x0, 0xfc, 0x34, 0x50, 0x1, 0xf9,
    0x21, 0xcc, 0x3, 0xf3, 0xaf, 0x0, 0x7f, 0x56,
    0x80, 0x71, 0xfc, 0x80, 0x66, 0xff, 0x18, 0x7,
    0x86, 0x0, 0x3f, 0xa0, 0x4c, 0x3, 0xe3, 0x66,
    0x28, 0x7, 0xde, 0x30, 0x1, 0xf3, 0x1c, 0x8,
    0x7, 0x86, 0xd, 0x80, 0x3e, 0x81, 0xf0, 0xf,
    0x95, 0x98, 0x60, 0x1f, 0x18, 0xc0, 0x7, 0xf4,
    0x8, 0x7, 0x80,

    /* U+045E "ў" */
    0x0, 0xbd, 0x84, 0x51, 0xa0, 0x1e, 0x99, 0x77,
    0x1a, 0x40, 0x3c, 0xdf, 0x9b, 0xc8, 0x1, 0xf8,
    0xc8, 0x3, 0x8f, 0xec, 0x3, 0xdb, 0xe2, 0x66,
    0x41, 0x0, 0xc8, 0x4a, 0x21, 0x41, 0x20, 0x1b,
    0x82, 0x40, 0xc, 0x2c, 0x1, 0xa, 0x91, 0x80,
    0x4c, 0x28, 0x0, 0x60, 0xb0, 0xd, 0x41, 0xe0,
    0xa, 0x6, 0x0, 0xc4, 0x88, 0x14, 0x26, 0x0,
    0xf7, 0x4, 0xf0, 0x50, 0x7, 0x94, 0x59, 0x4c,
    0xc0, 0x1f, 0x48, 0x85, 0x0, 0x7e, 0x60, 0x3,
    0x0, 0x7e, 0x50, 0x60, 0xf, 0xef, 0xb, 0x0,
    0xf1, 0xbd, 0xa2, 0x90, 0x7, 0x96, 0x15, 0x56,
    0x1, 0xe0,

    /* U+045F "џ" */
    0x3f, 0xa0, 0xe, 0x8f, 0x40, 0xf, 0xff, 0xf8,
    0x7, 0xff, 0xd, 0x9b, 0xc6, 0x1, 0x8e, 0x67,
    0x90, 0x0, 0x7f, 0xf6, 0x85, 0xff, 0xc8, 0x1,
    0xff, 0xc3, 0x37, 0x60, 0xc,

    /* U+0490 "Ґ" */
    0x0, 0xfc, 0xb0, 0x1, 0xfd, 0xee, 0x1, 0xff,
    0xcc, 0xff, 0xf9, 0x40, 0x39, 0x57, 0xe0, 0xd,
    0x55, 0xf0, 0x7, 0xff, 0xfc, 0x3, 0xff, 0xc6,

    /* U+0491 "ґ" */
    0x0, 0xfb, 0xa0, 0x3, 0xff, 0x8c, 0x7f, 0xfe,
    0x10, 0x8, 0xe6, 0x7a, 0xc0, 0xa, 0xcd, 0xc6,
    0x1, 0xff, 0xfc,

    /* U+060C "،" */
    0x6, 0xb0, 0x81, 0x71, 0xca, 0x5, 0x0, 0x80,

    /* U+061B "؛" */
    0x6, 0xb0, 0x81, 0x71, 0xca, 0x5, 0x0, 0xb7,
    0xcc, 0x3, 0xff, 0x80, 0xce, 0x37, 0x4, 0x1,
    0x0,

    /* U+061F "؟" */
    0x1, 0x9d, 0xfe, 0xa4, 0x0, 0x63, 0x1a, 0xad,
    0x66, 0xc4, 0x7d, 0x57, 0xee, 0x1c, 0x16, 0x1,
    0xa0, 0xf4, 0x30, 0x3, 0xca, 0x68, 0xe0, 0x1e,
    0xd2, 0x86, 0x0, 0xe1, 0xc2, 0x94, 0x0, 0xe1,
    0x90, 0xe0, 0xf, 0x28, 0x30, 0x7, 0xff, 0xc,
    0x7b, 0x0, 0x3c, 0x2c, 0xc0, 0xf, 0x1c, 0x58,
    0x7, 0xff, 0x0,

    /* U+0621 "ء" */
    0x0, 0x25, 0x52, 0x40, 0x11, 0x6a, 0xa6, 0x1,
    0x71, 0xbf, 0xd0, 0x50, 0x64, 0x2, 0x0, 0x8c,
    0x3, 0x21, 0x27, 0x4c, 0xac, 0x35, 0x85, 0x98,
    0x9, 0xac, 0x5, 0x36, 0x46, 0xd9, 0xac, 0xd,
    0xd2, 0x60, 0x10,

    /* U+0622 "آ" */
    0x0, 0xfc, 0x39, 0x22, 0x5, 0x49, 0x56, 0x1d,
    0xf9, 0xa9, 0x2f, 0x3f, 0xdc, 0x70, 0x20, 0x8,
    0x40, 0x38, 0x7e, 0xc0, 0x3f, 0xff, 0xe0, 0x1f,
    0xfd, 0xc0,

    /* U+0623 "أ" */
    0x5e, 0xe1, 0x46, 0x79, 0xa, 0x91, 0x1e, 0x35,
    0xbb, 0x79, 0x11, 0xb6, 0x1, 0xff, 0xed,

    /* U+0624 "ؤ" */
    0x0, 0xd5, 0xf4, 0x1, 0xe3, 0x6f, 0xb0, 0xf,
    0x84, 0x8c, 0x3, 0xc2, 0x7b, 0xa0, 0xf, 0xc,
    0xe7, 0x80, 0x78, 0xdc, 0xc0, 0x3e, 0x1a, 0xee,
    0x38, 0x7, 0x62, 0x88, 0xa1, 0x80, 0x23, 0x23,
    0xfd, 0x8, 0x0, 0x9c, 0x2, 0x24, 0x10, 0x9,
    0x8, 0xff, 0x14, 0x4, 0x2, 0xc6, 0x23, 0x10,
    0x10, 0x8, 0x67, 0x78, 0x8, 0x3, 0xed, 0xa,
    0x0, 0xc2, 0xba, 0x66, 0x70, 0xad, 0xee, 0x51,
    0x2e, 0x0, 0x1c, 0x80, 0xdf, 0x28, 0x2,

    /* U+0625 "إ" */
    0x1f, 0xb0, 0xf, 0xff, 0x68, 0xfd, 0x82, 0xf7,
    0xa, 0x33, 0x89, 0xa9, 0x9, 0xdd, 0x3, 0xfe,
    0xc3,

    /* U+0626 "ئ" */
    0x0, 0x26, 0xf1, 0x80, 0x7f, 0xa3, 0xb8, 0x40,
    0x1f, 0xe5, 0x95, 0x20, 0xf, 0xf1, 0x27, 0x80,
    0x5, 0xa1, 0xcc, 0x3, 0x57, 0x51, 0xa7, 0x4b,
    0xc6, 0x48, 0x4, 0x20, 0x15, 0x5, 0x7f, 0x1b,
    0x10, 0x7, 0xc2, 0xe0, 0x3b, 0xa2, 0x0, 0xf4,
    0x8e, 0xda, 0x89, 0x1, 0x5b, 0x0, 0x4f, 0x68,
    0x8a, 0xc1, 0xa, 0x45, 0x0, 0xc9, 0x7c, 0xc7,
    0x20, 0x60, 0x40, 0x1e, 0x1c, 0x3, 0x2, 0x4,
    0x0, 0xf2, 0xd8, 0x68, 0x50, 0x55, 0x19, 0x93,
    0x7f, 0x42, 0xcc, 0x3, 0xb1, 0x59, 0x93, 0x20,
    0x25, 0xc8, 0x4, 0x9d, 0x51, 0x9, 0xcf, 0xb4,
    0x0, 0x80,

    /* U+0627 "ا" */
    0x1f, 0xb0, 0xf, 0xfe, 0xf0,

    /* U+0628 "ب" */
    0x0, 0xff, 0xe1, 0x24, 0xa, 0xfb, 0x80, 0x7f,
    0xc6, 0xe5, 0xe0, 0xa0, 0x1f, 0xf6, 0x80, 0x7f,
    0xf0, 0xd1, 0x44, 0xf0, 0x3d, 0x0, 0x3c, 0x6d,
    0x76, 0xa, 0x6, 0x52, 0xbf, 0xcb, 0xce, 0xfc,
    0x94, 0x46, 0xa0, 0x2, 0xb1, 0x88, 0xd0, 0xcc,
    0x8f, 0x5d, 0x64, 0x1, 0x8e, 0x77, 0xfe, 0xdb,
    0x85, 0x10, 0xf, 0xf8, 0x84, 0x3, 0xff, 0x87,
    0xb2, 0x1, 0xff, 0xc3, 0xba, 0x0, 0xfc,

    /* U+0629 "ة" */
    0x1, 0x10, 0x10, 0x7, 0x47, 0x8e, 0xa8, 0x6,
    0xba, 0x1a, 0x40, 0xc, 0x48, 0xa, 0x20, 0x18,
    0xaa, 0xdc, 0x40, 0x36, 0x2a, 0x47, 0x28, 0x1,
    0x85, 0xbe, 0x86, 0x94, 0x3c, 0x28, 0x17, 0x2,
    0x0, 0x21, 0x0, 0x12, 0x10, 0x8, 0x38, 0x0,
    0x90, 0x42, 0xc2, 0xa9, 0x7a, 0x10, 0x7, 0x44,
    0xab, 0x63, 0x0,

    /* U+062A "ت" */
    0x0, 0xf1, 0x0, 0x88, 0x3, 0xff, 0x80, 0x5a,
    0x95, 0xa0, 0x1f, 0x90, 0x80, 0x5, 0x4b, 0x1e,
    0x1, 0x9f, 0x49, 0xed, 0xc0, 0x25, 0x13, 0x30,
    0x7, 0x13, 0x68, 0x20, 0x7, 0xfd, 0x80, 0xc0,
    0x2, 0x0, 0xff, 0x32, 0x11, 0x3c, 0x39, 0x0,
    0x3c, 0x6f, 0x92, 0x1c, 0xa, 0xc5, 0x7f, 0x99,
    0x77, 0xe4, 0x1a, 0xf1, 0x80, 0x27, 0x18, 0x8c,
    0xf2, 0x3d, 0x75, 0x8, 0x0,

    /* U+062B "ث" */
    0x0, 0xf8, 0x44, 0x1, 0xff, 0xc3, 0xe9, 0x0,
    0xff, 0xe1, 0x15, 0x60, 0x80, 0x7f, 0xf0, 0xb,
    0x47, 0xf4, 0x3, 0xf2, 0x10, 0x0, 0xa9, 0x63,
    0xc0, 0x33, 0xe9, 0x3d, 0xb8, 0x4, 0xa2, 0x66,
    0x0, 0xe2, 0x6d, 0x4, 0x0, 0xff, 0xb0, 0x18,
    0x0, 0x40, 0x1f, 0xe6, 0x42, 0x27, 0x87, 0x20,
    0x7, 0x8d, 0xf2, 0x43, 0x81, 0x58, 0xaf, 0xf3,
    0x2e, 0xfc, 0x83, 0x5e, 0x30, 0x4, 0xe3, 0x11,
    0x9e, 0x47, 0xae, 0xa1, 0x0, 0x0,

    /* U+062C "ج" */
    0x39, 0xce, 0xff, 0x77, 0x2e, 0x0, 0x8, 0xc0,
    0x8a, 0x2, 0x24, 0x50, 0x3, 0x7e, 0x7a, 0x83,
    0x5f, 0xe8, 0x0, 0x41, 0xa8, 0xb6, 0x50, 0x3,
    0x8a, 0x4b, 0x8, 0x3, 0xeb, 0x9, 0x10, 0xf,
    0xce, 0x28, 0x0, 0x37, 0x0, 0xe1, 0x20, 0x9,
    0x20, 0x3, 0xc2, 0x1, 0x3f, 0x80, 0x72, 0x12,
    0x0, 0x7f, 0x40, 0x5a, 0x80, 0x70, 0xb8, 0x1d,
    0x5, 0x75, 0xd5, 0x37, 0xa4, 0x0, 0xbc, 0xe4,
    0xab, 0x3, 0x68,

    /* U+062D "ح" */
    0x3, 0x68, 0x99, 0xa1, 0x48, 0x0, 0xf9, 0x2e,
    0xcd, 0x3d, 0x60, 0x0, 0xa3, 0x35, 0x80, 0x6,
    0xf0, 0x0, 0x57, 0x2e, 0x64, 0xdc, 0x86, 0x0,
    0xd4, 0x71, 0x64, 0x1, 0xe5, 0x45, 0x70, 0xf,
    0xdc, 0x16, 0x1, 0xfc, 0x84, 0x20, 0x1f, 0xe1,
    0x0, 0xff, 0x9, 0x0, 0x7f, 0x90, 0x54, 0x3,
    0xfa, 0x2, 0x98, 0x3, 0x8a, 0x0, 0xac, 0x27,
    0xee, 0xa9, 0xba, 0x60, 0x2, 0x74, 0x22, 0xac,
    0xd, 0xa0,

    /* U+062E "خ" */
    0x0, 0xe2, 0x0, 0xff, 0x36, 0x88, 0x7, 0xf2,
    0x50, 0x80, 0x78, 0xda, 0x2f, 0x26, 0x14, 0x80,
    0xf, 0x92, 0xec, 0xd3, 0xd6, 0x0, 0xa, 0x33,
    0x58, 0x0, 0x6f, 0x0, 0x5, 0x72, 0xe6, 0x4d,
    0xc8, 0x60, 0xd, 0x47, 0x16, 0x40, 0x1e, 0x54,
    0x57, 0x0, 0xfd, 0xc1, 0x60, 0x1f, 0xc8, 0x42,
    0x1, 0xfe, 0x10, 0xf, 0xf0, 0x90, 0x7, 0xf9,
    0x5, 0x40, 0x3f, 0xa0, 0x29, 0x80, 0x38, 0xa0,
    0xa, 0xc2, 0x7e, 0xea, 0x9b, 0xa6, 0x0, 0x27,
    0x42, 0x2a, 0xc0, 0xda,

    /* U+062F "د" */
    0x0, 0x2c, 0x18, 0x6, 0x45, 0xc3, 0x0, 0x87,
    0xc3, 0x40, 0x31, 0x38, 0xb0, 0x6, 0xa0, 0xc0,
    0xf, 0x8, 0x4, 0x3c, 0x19, 0x8d, 0xd7, 0x19,
    0x3a, 0x99, 0x11, 0xf0, 0x0,

    /* U+0630 "ذ" */
    0x0, 0x8, 0x80, 0x3b, 0x2c, 0x3, 0xa6, 0x40,
    0x1c, 0x86, 0x1, 0xcd, 0x6c, 0x1, 0x98, 0x25,
    0x40, 0x35, 0xd, 0x80, 0x61, 0x91, 0x70, 0xc,
    0xa1, 0x80, 0x1f, 0xe2, 0xe0, 0xcc, 0x6e, 0xc6,
    0x4e, 0xa6, 0x44, 0x7d, 0x0,

    /* U+0631 "ر" */
    0x0, 0xf9, 0x9c, 0x3, 0xf7, 0x42, 0x0, 0x7d,
    0xc0, 0x40, 0x1f, 0x18, 0x7, 0xf1, 0x1, 0x80,
    0x7d, 0x60, 0xe0, 0x1e, 0x53, 0x31, 0x0, 0x72,
    0xd0, 0x40, 0x6, 0x5b, 0xa0, 0x94, 0xa, 0xef,
    0xa4, 0x3c, 0x60, 0x3, 0x1, 0xbe, 0x60, 0xc0,
    0x20,

    /* U+0632 "ز" */
    0x0, 0xf8, 0x84, 0x3, 0xf6, 0x40, 0x7, 0xea,
    0xb0, 0xf, 0xc8, 0x40, 0x1f, 0x88, 0xc0, 0x3f,
    0x5e, 0x18, 0x7, 0xde, 0xa, 0x1, 0xf1, 0x80,
    0x7f, 0x18, 0x18, 0x7, 0xda, 0xe, 0x1, 0xe4,
    0x41, 0x10, 0x3, 0x96, 0xc2, 0x0, 0x32, 0x5d,
    0x4, 0x28, 0x57, 0x7d, 0xa1, 0xe3, 0x80, 0x18,
    0xd, 0xf3, 0x6, 0x1, 0x0,

    /* U+0633 "س" */
    0x0, 0xff, 0xe4, 0x43, 0x0, 0x7f, 0xf2, 0x1e,
    0x80, 0x3f, 0xb7, 0x80, 0x22, 0xfb, 0x0, 0xff,
    0xe1, 0x20, 0x98, 0x0, 0x40, 0x30, 0x83, 0x83,
    0x38, 0x7, 0xb0, 0x2c, 0x0, 0xa0, 0xa0, 0x3,
    0x1, 0x29, 0xd0, 0xf, 0x30, 0x3a, 0xd, 0x80,
    0xc8, 0xd8, 0x6a, 0x87, 0x80, 0x7f, 0x5f, 0x13,
    0x3, 0x73, 0xb, 0x68, 0x38, 0x7, 0x94, 0x10,
    0x41, 0x27, 0xc, 0xf, 0x4, 0x40, 0x60, 0x1e,
    0xa0, 0x8e, 0xfb, 0x3, 0xcf, 0xc2, 0x1, 0x2,
    0x0, 0xe7, 0x33, 0x80, 0x3f, 0xd8, 0x1e, 0x82,
    0x7, 0x30, 0x1e, 0x1, 0xff, 0x32, 0x1d, 0xf7,
    0xe3, 0xe, 0x18, 0x7, 0xff, 0x2, 0xe9, 0x4c,
    0xc9, 0x3c, 0x60, 0x1f, 0xfc, 0x0,

    /* U+0634 "ش" */
    0x0, 0xff, 0xe0, 0x9, 0x0, 0x7f, 0xf2, 0x23,
    0x0, 0x3f, 0xf9, 0x15, 0x40, 0xf, 0xfe, 0x38,
    0x92, 0x10, 0x7, 0xff, 0x1b, 0x6d, 0x74, 0x40,
    0x3f, 0xf8, 0xb1, 0x29, 0x42, 0x1, 0x8c, 0x80,
    0x3f, 0xe4, 0x31, 0x50, 0xe, 0xce, 0x0, 0xfe,
    0xbc, 0x0, 0x87, 0x64, 0x3, 0xff, 0x84, 0x46,
    0x40, 0x2, 0x28, 0x3, 0x38, 0x44, 0x80, 0x7b,
    0x2, 0x80, 0xa, 0xa, 0x0, 0x20, 0x13, 0x70,
    0xf, 0x98, 0x1d, 0x6, 0xc0, 0x64, 0x6c, 0xa,
    0xc3, 0x40, 0x3f, 0xaf, 0x89, 0x81, 0xb9, 0x82,
    0x48, 0x14, 0x3, 0xcc, 0x8, 0x20, 0x93, 0x86,
    0x7, 0x82, 0x20, 0xf, 0xd2, 0x11, 0xdf, 0x60,
    0x79, 0xf8, 0x60, 0x20, 0x40, 0x1c, 0xc6, 0x70,
    0x7, 0xfb, 0xc3, 0x90, 0x40, 0xe6, 0x41, 0xe0,
    0x1f, 0xf2, 0xa1, 0x5f, 0x7e, 0x30, 0xe1, 0x80,
    0x7f, 0xf0, 0x2e, 0x94, 0xcc, 0x93, 0xc6, 0x1,
    0xff, 0xc0,

    /* U+0635 "ص" */
    0x0, 0xff, 0xe1, 0xae, 0x7f, 0xad, 0x0, 0x3f,
    0xf8, 0x43, 0x74, 0x67, 0x25, 0x98, 0x7, 0xf1,
    0x90, 0x17, 0xa3, 0x76, 0x62, 0x82, 0x81, 0x14,
    0x3, 0xdf, 0x85, 0x83, 0x52, 0x20, 0x18, 0xca,
    0xf8, 0x3, 0xcc, 0x3a, 0x34, 0xa0, 0x2, 0x9a,
    0xe, 0x50, 0xe0, 0xf, 0x18, 0x5, 0x39, 0xbf,
    0xac, 0x12, 0x9a, 0xe, 0x1, 0xe3, 0x5, 0x3,
    0x31, 0xa, 0x47, 0x30, 0x8, 0x18, 0x7, 0x9c,
    0x2b, 0xff, 0x75, 0xb8, 0x80, 0x4, 0x8, 0x3,
    0x94, 0x90, 0x3, 0xfe, 0xc0, 0xf4, 0x10, 0x28,
    0xa0, 0xf0, 0xf, 0xf9, 0x8c, 0xd7, 0xdf, 0xae,
    0x14, 0x80, 0x1f, 0xfc, 0xc, 0xa5, 0x33, 0x24,
    0x72, 0x80, 0x7f, 0xf0, 0x0,

    /* U+0636 "ض" */
    0x0, 0xff, 0x84, 0x80, 0x3f, 0xf9, 0x13, 0x80,
    0x1f, 0xfc, 0x8a, 0xa0, 0x7, 0xff, 0x20, 0x90,
    0x0, 0xb9, 0xfe, 0xb4, 0x0, 0xff, 0xe1, 0xd,
    0xd1, 0x9c, 0x96, 0x60, 0x1f, 0xc6, 0x40, 0x5e,
    0x8d, 0xd9, 0x8a, 0xa, 0x4, 0x50, 0xf, 0x7e,
    0x16, 0xd, 0x48, 0x80, 0x63, 0x2b, 0xe0, 0xf,
    0x30, 0xe8, 0xd2, 0x80, 0xa, 0x68, 0x39, 0x43,
    0x80, 0x3c, 0x60, 0x14, 0xe6, 0xfe, 0xb0, 0x4a,
    0x68, 0x38, 0x7, 0x8c, 0x14, 0xc, 0xc4, 0x29,
    0x1c, 0xc0, 0x20, 0x60, 0x1e, 0x70, 0xaf, 0xfd,
    0xd6, 0xe2, 0x0, 0x10, 0x20, 0xe, 0x52, 0x40,
    0xf, 0xfb, 0x3, 0xd0, 0x40, 0xa2, 0x83, 0xc0,
    0x3f, 0xe6, 0x33, 0x5f, 0x7e, 0xb8, 0x52, 0x0,
    0x7f, 0xf0, 0x32, 0x94, 0xcc, 0x91, 0xca, 0x1,
    0xff, 0xc0,

    /* U+0637 "ط" */
    0x0, 0xdf, 0x80, 0x1f, 0xff, 0xf0, 0xf, 0xff,
    0xa1, 0xd7, 0x7e, 0xc0, 0x7, 0xfa, 0x31, 0x4d,
    0xd, 0xec, 0x3, 0xf5, 0xb8, 0xde, 0xdf, 0x12,
    0x8, 0x7, 0xa9, 0x11, 0xe8, 0x1, 0xff, 0x1a,
    0x9d, 0x88, 0x1, 0xb4, 0x8c, 0x5f, 0x32, 0x0,
    0x87, 0x37, 0xbe, 0x49, 0x34, 0x38, 0xce, 0x0,
    0x88, 0xc8, 0x49, 0xae, 0xc2, 0x0,

    /* U+0638 "ظ" */
    0x0, 0xdf, 0x80, 0x1f, 0xff, 0xa1, 0x20, 0xf,
    0xfe, 0x1b, 0x68, 0x7, 0xff, 0xd, 0x68, 0x3,
    0xff, 0x86, 0x4a, 0x1, 0xff, 0xc4, 0x3a, 0xef,
    0xd8, 0x0, 0xff, 0x46, 0x29, 0xa1, 0xbd, 0x80,
    0x7e, 0xb7, 0x1b, 0xdb, 0xe2, 0x41, 0x0, 0xf5,
    0x22, 0x3d, 0x0, 0x3f, 0xe3, 0x53, 0xb1, 0x0,
    0x36, 0x91, 0x8b, 0xe6, 0x40, 0x10, 0xe6, 0xf7,
    0xc9, 0x26, 0x87, 0x19, 0xc0, 0x11, 0x19, 0x9,
    0x35, 0xd8, 0x40,

    /* U+0639 "ع" */
    0x0, 0x9f, 0x3a, 0xc0, 0x38, 0x76, 0xc, 0xb0,
    0x3, 0xa0, 0xa3, 0xf1, 0xc0, 0x39, 0xc9, 0xc0,
    0x30, 0x80, 0x46, 0x71, 0x35, 0xf7, 0x80, 0x50,
    0x19, 0xb2, 0x86, 0xe0, 0x12, 0x10, 0xc, 0x76,
    0xc8, 0x5, 0x86, 0xdc, 0xe2, 0x1, 0xa0, 0x9e,
    0x40, 0x3e, 0x40, 0x80, 0xf, 0xc2, 0x1, 0xfe,
    0x70, 0x20, 0xf, 0xdc, 0x1e, 0x60, 0x1c, 0x4c,
    0x8e, 0x59, 0xd7, 0x54, 0xdd, 0x82, 0x35, 0x89,
    0x54, 0x80, 0xf2,

    /* U+063A "غ" */
    0x0, 0x88, 0x3, 0xf9, 0x74, 0x80, 0x3f, 0x25,
    0x10, 0x7, 0xe1, 0x50, 0xf, 0xf3, 0xe7, 0x58,
    0x7, 0xe, 0xc1, 0x96, 0x0, 0x74, 0x14, 0x7e,
    0x38, 0x7, 0x39, 0x38, 0x6, 0x10, 0x8, 0xce,
    0x26, 0xbe, 0xf0, 0xa, 0x3, 0x36, 0x50, 0xdc,
    0x2, 0x42, 0x1, 0x8e, 0xd9, 0x0, 0xb0, 0xdb,
    0x9c, 0x40, 0x34, 0x13, 0xc8, 0x7, 0xc8, 0x10,
    0x1, 0xf8, 0x40, 0x3f, 0xce, 0x4, 0x1, 0xfb,
    0x83, 0xcc, 0x3, 0x89, 0x91, 0xcb, 0x3a, 0xea,
    0x9b, 0xb0, 0x46, 0xb1, 0x2a, 0x90, 0x1e, 0x40,

    /* U+0640 "ـ" */
    0x2c, 0xcf, 0x0, 0x99, 0xf8, 0x40,

    /* U+0641 "ف" */
    0x0, 0xff, 0xe1, 0x10, 0x7, 0xff, 0x14, 0x75,
    0x40, 0x3f, 0xf8, 0x83, 0x48, 0x1, 0xff, 0xc4,
    0x88, 0x6a, 0x0, 0x7f, 0xf0, 0xb1, 0xc8, 0xed,
    0x0, 0x3f, 0xf8, 0x6, 0x62, 0xea, 0x9, 0x0,
    0xff, 0xe0, 0x30, 0x28, 0xa8, 0x90, 0x1, 0x4c,
    0x3, 0xf3, 0x2, 0x89, 0x8, 0x1, 0xe9, 0x80,
    0x3f, 0x1a, 0x97, 0x68, 0x5, 0xa0, 0x80, 0x1f,
    0xd5, 0x47, 0x92, 0x30, 0x8, 0x80, 0x3f, 0xcb,
    0x38, 0x54, 0x1e, 0x1a, 0xa0, 0x1f, 0x92, 0x79,
    0x51, 0x81, 0x5c, 0x6b, 0xf7, 0x32, 0xde, 0xfb,
    0x61, 0x8b, 0x0, 0xa3, 0x58, 0xcf, 0xe5, 0x8b,
    0xe7, 0x0, 0x80,

    /* U+0642 "ق" */
    0x0, 0xf8, 0x44, 0x4, 0x1, 0xfe, 0xad, 0x4d,
    0x30, 0xf, 0xe8, 0x82, 0xd1, 0x0, 0x7f, 0x1a,
    0xa, 0x88, 0x7, 0xf1, 0x56, 0xe1, 0x80, 0x7e,
    0x1c, 0x52, 0x3c, 0x20, 0xf, 0x9c, 0x53, 0xa4,
    0x2c, 0x3, 0xfb, 0x5, 0x81, 0x0, 0x3e, 0x40,
    0x8a, 0xc0, 0x20, 0x3c, 0x60, 0x8, 0xa8, 0x94,
    0x8, 0x1, 0x66, 0xa0, 0x19, 0x77, 0xf0, 0x4,
    0x10, 0xc, 0x3, 0xe2, 0x22, 0x81, 0x10, 0x3,
    0xf4, 0x6, 0x80, 0x7f, 0x95, 0x44, 0xc0, 0x44,
    0x10, 0xe, 0x6a, 0xe, 0x0, 0x58, 0x50, 0x4,
    0x75, 0x21, 0x66, 0x0, 0x73, 0x4f, 0xef, 0xc5,
    0x2c, 0x40, 0xd, 0x8c, 0x23, 0x25, 0x69, 0x80,
    0x60,

    /* U+0643 "ك" */
    0x0, 0xff, 0x97, 0xdc, 0x3, 0xff, 0xac, 0x96,
    0xc0, 0x1f, 0xe1, 0x9a, 0x60, 0xf, 0xf8, 0xdc,
    0x3, 0xfe, 0x1a, 0xa3, 0x80, 0x7f, 0xc8, 0x81,
    0x0, 0xff, 0x6e, 0x81, 0x80, 0x30, 0x80, 0x76,
    0xea, 0x0, 0x23, 0x0, 0x88, 0x3, 0xfb, 0x80,
    0xe3, 0x50, 0x3, 0xf2, 0x82, 0x0, 0x38, 0x40,
    0x39, 0x74, 0x94, 0x64, 0x97, 0xb6, 0xa9, 0x7d,
    0x44, 0x94, 0x3, 0xb2, 0x66, 0x55, 0x8d, 0x6e,
    0xc0, 0x0,

    /* U+0644 "ل" */
    0x0, 0xfe, 0x1f, 0xb0, 0xf, 0xff, 0xf8, 0x7,
    0xff, 0xa8, 0xc0, 0x7, 0xf2, 0x1, 0xe1, 0x1,
    0xb0, 0xd0, 0xf, 0x58, 0x68, 0x1, 0xc0, 0x38,
    0x98, 0x17, 0x43, 0xc4, 0x2, 0x6c, 0x16, 0x25,
    0x33, 0x76, 0x63, 0xe4, 0x5a, 0x40, 0x19, 0x6,
    0x79, 0xf6, 0x40, 0x0,

    /* U+0645 "م" */
    0x0, 0xc9, 0xbf, 0x66, 0x1, 0x92, 0xc8, 0x13,
    0x10, 0x2, 0x90, 0x9f, 0x90, 0xf0, 0x8, 0x85,
    0x81, 0x81, 0x41, 0xb8, 0x5, 0x1, 0x40, 0x8e,
    0x44, 0x41, 0x7f, 0x41, 0x36, 0xd, 0xd8, 0xea,
    0xda, 0xa2, 0x18, 0x7, 0x15, 0x24, 0x6, 0x1,
    0xff, 0xdb,

    /* U+0646 "ن" */
    0x0, 0xe2, 0x0, 0xff, 0x9b, 0x44, 0x3, 0xfc,
    0x94, 0x20, 0x1, 0x30, 0xf, 0x12, 0x80, 0x49,
    0x90, 0x1, 0xfe, 0x50, 0x60, 0x2b, 0x60, 0xf,
    0x8c, 0x44, 0xa8, 0x1, 0xf9, 0x80, 0xfc, 0x8,
    0x3, 0xe1, 0x3, 0x0, 0xff, 0x20, 0xf, 0x1,
    0x80, 0x7a, 0x1, 0xc1, 0xc2, 0x14, 0x2, 0x18,
    0x71, 0x90, 0x1a, 0xa, 0xfd, 0xee, 0x38, 0xe8,
    0x80, 0x17, 0x58, 0x88, 0x7, 0x1e, 0x60, 0x0,

    /* U+0647 "ه" */
    0x2, 0xab, 0x71, 0x0, 0xd8, 0xa9, 0x1c, 0xa0,
    0x6, 0x16, 0xfa, 0x1a, 0x50, 0xf0, 0xa0, 0x5c,
    0x8, 0x0, 0x84, 0x0, 0x48, 0x40, 0x20, 0xe0,
    0x2, 0x41, 0xb, 0xa, 0xa5, 0xe8, 0x40, 0x1d,
    0x12, 0xad, 0x8c, 0x0,

    /* U+0648 "و" */
    0x0, 0x86, 0xbb, 0x8e, 0x1, 0xd8, 0xa2, 0x28,
    0x60, 0x8, 0xc8, 0xff, 0x42, 0x0, 0x27, 0x0,
    0x89, 0x4, 0x2, 0x42, 0x3f, 0xc5, 0x1, 0x0,
    0xb1, 0x88, 0xc4, 0x4, 0x2, 0x19, 0xde, 0x2,
    0x0, 0xfb, 0x42, 0x80, 0x30, 0xae, 0x99, 0x9c,
    0x2b, 0x7b, 0x94, 0x4b, 0x80, 0x7, 0x20, 0x37,
    0xca, 0x0, 0x80,

    /* U+0649 "ى" */
    0x0, 0xf8, 0x5a, 0x1c, 0xc0, 0x3f, 0x27, 0x4b,
    0xc6, 0x48, 0x7, 0xd4, 0x15, 0xfc, 0x6c, 0x40,
    0x1f, 0xb, 0x80, 0xee, 0x88, 0x3, 0xd2, 0x3b,
    0x6a, 0x24, 0x5, 0x6c, 0x1, 0x3d, 0xa2, 0x2b,
    0x4, 0x29, 0x14, 0x3, 0x25, 0xf3, 0x1c, 0x81,
    0x81, 0x0, 0x78, 0x70, 0xc, 0x8, 0x10, 0x3,
    0xcb, 0x61, 0xa1, 0x41, 0x54, 0x66, 0x4d, 0xfd,
    0xb, 0x30, 0xe, 0xc5, 0x66, 0x4c, 0x80, 0x97,
    0x20, 0x12, 0x75, 0x44, 0x27, 0x3e, 0xd0, 0x2,

    /* U+064A "ي" */
    0x0, 0xf9, 0xf7, 0xfa, 0x88, 0x3, 0xea, 0x83,
    0x64, 0x5c, 0x0, 0xf9, 0x47, 0xa6, 0xa5, 0x4c,
    0x3, 0xc4, 0x32, 0x60, 0xd6, 0x60, 0x42, 0x1,
    0x79, 0x36, 0x61, 0x0, 0xb, 0xae, 0x1, 0x16,
    0xda, 0x9d, 0xa0, 0x78, 0x20, 0x7, 0x25, 0x58,
    0x70, 0x4, 0x60, 0x1f, 0x68, 0x5, 0xa1, 0x42,
    0x1, 0x13, 0x63, 0x4, 0x3, 0x9a, 0x76, 0xeb,
    0xf6, 0x4c, 0xd8, 0x40, 0xc, 0x81, 0x22, 0x9,
    0xbe, 0x60, 0xc0, 0x33, 0xf6, 0xf7, 0xec, 0x18,
    0x7, 0xc3, 0xa9, 0x7a, 0x1, 0xfc, 0x34, 0x93,
    0x0, 0x1e,

    /* U+064B "ً" */
    0x0, 0xc6, 0xa9, 0x19, 0xfd, 0x9c, 0x13, 0xdb,
    0x35, 0x43, 0xbd, 0xdb, 0x31, 0xbd, 0xb9, 0xd4,
    0xe6, 0x0,

    /* U+064C "ٌ" */
    0x0, 0x2f, 0x48, 0x5, 0x10, 0x72, 0x0, 0xf,
    0x80, 0xe0, 0x72, 0x8f, 0x3a, 0x80, 0xce, 0x45,
    0x6d, 0x30, 0x9f, 0xf9, 0xc0, 0x0,

    /* U+064D "ٍ" */
    0x0, 0x13, 0x4d, 0xcf, 0x66, 0xf4, 0x6e, 0x75,
    0x9a, 0x8d, 0xe7, 0xcf, 0x67, 0x47, 0xec, 0x0,

    /* U+064E "َ" */
    0x0, 0xf8, 0x9a, 0xb7, 0x6c, 0xc6, 0xf6, 0xe7,
    0x53, 0x98, 0x0,

    /* U+064F "ُ" */
    0x0, 0x37, 0x48, 0x5, 0x70, 0xe4, 0x0, 0x6f,
    0x1, 0x0, 0x53, 0x8f, 0x1, 0xd0, 0x5e, 0x6e,
    0x8f, 0xd0, 0x73, 0xa0, 0x40, 0x0,

    /* U+0650 "ِ" */
    0x0, 0x85, 0x1d, 0x6b, 0x7a, 0x3, 0x75, 0xdf,
    0x8e,

    /* U+0651 "ّ" */
    0x0, 0xf3, 0x80, 0x8, 0x1d, 0xc1, 0x0, 0xd,
    0x0, 0x78, 0x7, 0xbd, 0xc, 0x3, 0x22, 0x86,
    0x38, 0x1, 0xea, 0x99, 0xb0, 0x0,

    /* U+0652 "ْ" */
    0x8, 0xee, 0x38, 0x33, 0x2a, 0xe5, 0x71, 0x91,
    0x5f, 0x35, 0x48, 0x89, 0xee, 0xdb, 0xa7, 0x60,
    0xbe, 0xe5, 0x0,

    /* U+0660 "٠" */
    0x57, 0x3e, 0x84, 0x0, 0x80,

    /* U+0661 "١" */
    0x18, 0x50, 0x0, 0xad, 0x0, 0x54, 0xa, 0x0,
    0x50, 0xe0, 0x1, 0x11, 0x0, 0x24, 0x3, 0x0,
    0x60, 0x20, 0x1, 0x83, 0x40, 0x4, 0x2, 0x0,
    0x10, 0x70, 0xf, 0xe1, 0x0, 0x84, 0x0,

    /* U+0662 "٢" */
    0x8, 0x60, 0xe, 0x76, 0x4, 0x93, 0x0, 0x8a,
    0x30, 0x28, 0x38, 0x80, 0x10, 0x18, 0xe, 0x5,
    0xb9, 0xaa, 0x4c, 0x2, 0x60, 0x84, 0x45, 0xc0,
    0xa, 0xc3, 0xb9, 0xf4, 0x20, 0x11, 0x86, 0x0,
    0x7c, 0xa0, 0x40, 0x1f, 0x8, 0x38, 0x7, 0xe1,
    0x10, 0x7, 0xf1, 0x80, 0x7e, 0x30, 0xf, 0xfe,
    0x20,

    /* U+0663 "٣" */
    0x18, 0x50, 0x4, 0x30, 0x24, 0x8, 0x96, 0x80,
    0xf, 0x41, 0xae, 0x61, 0x40, 0xc2, 0x4, 0x4,
    0x6, 0xc, 0x11, 0x80, 0x3e, 0x82, 0x20, 0x13,
    0x13, 0x77, 0x1a, 0xe0, 0x4, 0x81, 0x51, 0xc,
    0xa2, 0x0, 0xb4, 0x30, 0x3, 0xf3, 0x81, 0x0,
    0x7e, 0x20, 0x10, 0xf, 0xf3, 0x80, 0x7f, 0x84,
    0x3, 0xf8, 0x40, 0x3f, 0xf8, 0xc0,

    /* U+0664 "٤" */
    0x0, 0xcd, 0x78, 0x1, 0x8f, 0xa5, 0x18, 0x2,
    0x1c, 0x19, 0xfa, 0x0, 0x9c, 0x21, 0x80, 0x39,
    0x2, 0x54, 0x3, 0x8a, 0xc6, 0xb0, 0x3, 0x1d,
    0x80, 0xa0, 0x6, 0xe0, 0x9e, 0x80, 0x8, 0xc9,
    0x98, 0x1, 0xf0, 0x80, 0x78, 0xc1, 0x88, 0x0,
    0x50, 0x21, 0x3, 0xba, 0xfd, 0x73, 0x7, 0x81,
    0x22, 0x2c, 0x90,

    /* U+0665 "٥" */
    0x0, 0xd, 0xf4, 0x80, 0x76, 0xa0, 0x34, 0x0,
    0x4c, 0x6d, 0xc4, 0xe4, 0x0, 0xa0, 0x80, 0x80,
    0xa0, 0x23, 0x51, 0x5, 0x16, 0x4, 0xf, 0x0,
    0x90, 0x4b, 0xc1, 0x80, 0x2d, 0x6, 0x30, 0x20,
    0x8, 0x80, 0x80, 0x6, 0x1, 0x18, 0x0, 0x81,
    0xc0, 0x2f, 0x2, 0xd0, 0x90, 0x1, 0x30, 0x2a,
    0x88, 0xff, 0xb4, 0x18, 0x43, 0x14, 0x44, 0x51,
    0x20,

    /* U+0666 "٦" */
    0x15, 0x20, 0x0, 0x92, 0x90, 0x1d, 0x6f, 0xfb,
    0xb6, 0x98, 0xa, 0x59, 0x10, 0xa6, 0x2, 0x0,
    0x69, 0xbb, 0x55, 0x0, 0x3f, 0x8c, 0x8, 0x3,
    0xe1, 0xf, 0x0, 0xf9, 0xc0, 0x40, 0x3e, 0x20,
    0x20, 0xf, 0x84, 0x14, 0x3, 0xf1, 0x88, 0x80,
    0x3e, 0x50, 0x50, 0xf, 0xbc, 0x30, 0x3, 0xe4,
    0x3,

    /* U+0667 "٧" */
    0x28, 0x40, 0xe, 0x67, 0x2, 0x6a, 0x0, 0xc7,
    0x3a, 0x0, 0x91, 0x60, 0xa, 0x42, 0x0, 0xc,
    0x16, 0x0, 0x15, 0x32, 0x0, 0xa, 0x11, 0x1,
    0xc2, 0x80, 0x37, 0x5, 0x5, 0x3, 0x0, 0x65,
    0x5, 0x13, 0x40, 0xf, 0x29, 0x48, 0x68, 0x7,
    0xb0, 0x1c, 0x10, 0x3, 0xc8, 0x0, 0x12, 0x0,
    0xf1, 0x8, 0x20, 0x7, 0xe5, 0x2, 0x0, 0xfc,
    0x41, 0xa0, 0x18,

    /* U+0668 "٨" */
    0x0, 0xc9, 0x4, 0x1, 0xfb, 0x9d, 0x0, 0x3f,
    0x30, 0x78, 0x7, 0xe3, 0x5, 0x0, 0xf9, 0x0,
    0x6, 0x1, 0xf6, 0x1, 0x82, 0x0, 0x79, 0x42,
    0x3, 0x0, 0x38, 0x88, 0xa8, 0x2a, 0x1, 0xd4,
    0x1e, 0xe, 0x46, 0x1, 0x94, 0x14, 0x34, 0x2c,
    0x2, 0x42, 0x60, 0x2, 0x13, 0x0, 0x5e, 0x16,
    0x1, 0x58, 0xb0, 0x12, 0x20, 0x80, 0x26, 0x18,
    0x0,

    /* U+0669 "٩" */
    0x0, 0xc, 0xdc, 0x98, 0x6, 0x2f, 0x64, 0x6c,
    0x50, 0xa, 0x46, 0x7e, 0x82, 0xc0, 0x24, 0x36,
    0x5, 0x71, 0x40, 0x1, 0x1a, 0x0, 0x38, 0x8,
    0x1, 0x21, 0x7d, 0x96, 0x1c, 0x0, 0x4d, 0x63,
    0x31, 0x0, 0x80, 0x45, 0x3b, 0xfc, 0xa, 0x1,
    0xf0, 0x88, 0x80, 0x3f, 0x28, 0x88, 0x3, 0xe3,
    0x5, 0x0, 0xfb, 0x43, 0x0, 0x3e, 0x70, 0x30,

    /* U+067E "پ" */
    0x0, 0xff, 0xe1, 0x24, 0xa, 0xfb, 0x80, 0x7f,
    0xc6, 0xe5, 0xe0, 0xa0, 0x1f, 0xf6, 0x80, 0x7f,
    0xf0, 0xd1, 0x44, 0xf0, 0x3d, 0x0, 0x3c, 0x6d,
    0x76, 0xa, 0x6, 0x52, 0xbf, 0xcb, 0xce, 0xfc,
    0x94, 0x46, 0xa0, 0x2, 0xb1, 0x88, 0xd0, 0xcc,
    0x8f, 0x5d, 0x64, 0x1, 0x8e, 0x77, 0xf7, 0xf2,
    0xa1, 0x44, 0x3, 0xf8, 0xb5, 0x2b, 0x40, 0x3f,
    0xf8, 0x5, 0x4f, 0xfe, 0x0, 0xff, 0xe0, 0xae,
    0x60, 0xc0, 0x3f, 0xf8, 0x57, 0x40, 0x1f, 0x80,

    /* U+0686 "چ" */
    0x39, 0xce, 0xff, 0x77, 0x2e, 0x0, 0x8, 0xc0,
    0x8a, 0x2, 0x24, 0x50, 0x3, 0x7e, 0x7a, 0x82,
    0xdf, 0xe8, 0x0, 0x41, 0x28, 0x72, 0x90, 0x3,
    0x86, 0x87, 0xc, 0x3, 0xe9, 0x1b, 0x21, 0x20,
    0x20, 0xc, 0xa0, 0xa1, 0x3a, 0x3a, 0xc0, 0x11,
    0x18, 0x2, 0xac, 0x69, 0xc0, 0x3e, 0x21, 0xf7,
    0x10, 0x8, 0x8c, 0x40, 0xf, 0x6, 0x1, 0xa8,
    0x2c, 0x0, 0x4e, 0x20, 0x1, 0x7, 0x35, 0xc5,
    0x10, 0x1, 0xce, 0x0, 0x31, 0x4e, 0xbb, 0xfd,
    0x8c, 0x20, 0x15, 0x75, 0x3b, 0x32, 0x33, 0x0,

    /* U+0698 "ژ" */
    0x0, 0xf8, 0x84, 0x3, 0xf6, 0x40, 0x7, 0xc5,
    0x7a, 0x20, 0x1c, 0x3a, 0x1d, 0xa0, 0x1c, 0x34,
    0x93, 0x0, 0x1e, 0x51, 0x34, 0x0, 0xf8, 0x8c,
    0x3, 0xf5, 0xe1, 0x80, 0x7d, 0xe0, 0xa0, 0x1f,
    0x18, 0x7, 0xf1, 0x81, 0x80, 0x7d, 0xa0, 0xe0,
    0x1e, 0x44, 0x11, 0x0, 0x39, 0x6c, 0x20, 0x3,
    0x25, 0xd0, 0x42, 0x85, 0x77, 0xda, 0x1e, 0x38,
    0x1, 0x80, 0xdf, 0x30, 0x60, 0x10,

    /* U+06A9 "ک" */
    0x0, 0xff, 0xe1, 0xa5, 0x0, 0x7f, 0xf0, 0x5,
    0xfa, 0xd0, 0x3, 0xfc, 0x95, 0xd0, 0xf, 0xe0,
    0x1f, 0x87, 0x2d, 0x4e, 0xba, 0x4, 0x3, 0xf4,
    0x1a, 0x66, 0x14, 0x3, 0xfe, 0x20, 0x83, 0x0,
    0xff, 0xe0, 0xe8, 0x78, 0x7, 0xff, 0x9, 0x98,
    0x74, 0x1, 0xff, 0xc2, 0x93, 0x57, 0x0, 0xff,
    0xe1, 0x68, 0xc2, 0x0, 0x4b, 0xee, 0x1, 0xf0,
    0xe8, 0x48, 0x5, 0xe0, 0xa0, 0x1f, 0x8c, 0xc4,
    0x20, 0x1f, 0xfc, 0x12, 0x30, 0x10, 0x6, 0x7,
    0xa0, 0x7, 0x25, 0x68, 0x38, 0x4, 0xca, 0x57,
    0xf9, 0x8d, 0xfb, 0x51, 0x88, 0x0, 0x6a, 0xc6,
    0x23, 0x3c, 0xf7, 0xce, 0x1, 0x80,

    /* U+06AF "گ" */
    0x0, 0xff, 0xe1, 0x8b, 0x0, 0x7f, 0xf0, 0x4e,
    0x7a, 0x0, 0x3f, 0xe6, 0xcc, 0x24, 0xf8, 0x7,
    0xe2, 0x9f, 0x96, 0xbd, 0x2b, 0x0, 0xfd, 0x4f,
    0x1d, 0x67, 0xd6, 0x80, 0x1f, 0xa7, 0x8e, 0xfa,
    0x1, 0xfc, 0x3, 0xfb, 0x2d, 0x4e, 0xba, 0x4,
    0x3, 0xf4, 0x1a, 0x66, 0x14, 0x3, 0xfe, 0x20,
    0x83, 0x0, 0xff, 0xe0, 0xe8, 0x78, 0x7, 0xff,
    0x9, 0x98, 0x74, 0x1, 0xff, 0xc2, 0x93, 0x57,
    0x0, 0xff, 0xe1, 0x68, 0xc2, 0x0, 0x4b, 0xee,
    0x1, 0xf0, 0xe8, 0x48, 0x5, 0xe0, 0xa0, 0x1f,
    0x8c, 0xc4, 0x20, 0x1f, 0xfc, 0x12, 0x30, 0x10,
    0x6, 0x7, 0xa0, 0x7, 0x25, 0x68, 0x38, 0x4,
    0xca, 0x57, 0xf9, 0x8d, 0xfb, 0x51, 0x88, 0x0,
    0x6a, 0xc6, 0x23, 0x3c, 0xf7, 0xce, 0x1, 0x80,

    /* U+06CC "ی" */
    0x0, 0xf8, 0x5a, 0x1c, 0xc0, 0x3f, 0x27, 0x4b,
    0xc6, 0x48, 0x7, 0xd4, 0x15, 0xfc, 0x6c, 0x40,
    0x1f, 0xb, 0x80, 0xee, 0x88, 0x3, 0xd2, 0x3b,
    0x6a, 0x24, 0x5, 0x6c, 0x1, 0x3d, 0xa2, 0x2b,
    0x4, 0x29, 0x14, 0x3, 0x25, 0xf3, 0x1c, 0x81,
    0x81, 0x0, 0x78, 0x70, 0xc, 0x8, 0x10, 0x3,
    0xcb, 0x61, 0xa1, 0x41, 0x54, 0x66, 0x4d, 0xfd,
    0xb, 0x30, 0xe, 0xc5, 0x66, 0x4c, 0x80, 0x97,
    0x20, 0x12, 0x75, 0x44, 0x27, 0x3e, 0xd0, 0x2,

    /* U+2013 "–" */
    0x1, 0x1f, 0xc0, 0xe, 0xef, 0xc0, 0xb, 0xbf,
    0xc0,

    /* U+2014 "—" */
    0x1, 0x1f, 0xfe, 0x30, 0x3, 0xbb, 0xff, 0x8c,
    0x0, 0xbb, 0xff, 0xe3, 0x0,

    /* U+2018 "‘" */
    0x0, 0x73, 0x3, 0x8a, 0xc, 0x9, 0x28, 0x10,
    0x3a, 0x20, 0x0,

    /* U+2019 "’" */
    0x7, 0xf9, 0x0, 0x84, 0x30, 0x24, 0x11, 0xc4,
    0x4f, 0x20,

    /* U+201A "‚" */
    0x5, 0xb6, 0xd, 0x4e, 0x2, 0xc, 0x4, 0x48,
    0x86, 0x0,

    /* U+201C "“" */
    0x0, 0x73, 0x0, 0x39, 0x81, 0xc5, 0x1, 0xc5,
    0x6, 0x4, 0x86, 0x44, 0x94, 0x8, 0x14, 0x48,
    0x1d, 0x10, 0xe, 0x88, 0x0,

    /* U+201D "”" */
    0x8, 0xf9, 0x8, 0xf9, 0x0, 0x84, 0x2, 0x10,
    0x30, 0xa0, 0x30, 0xa0, 0x46, 0x20, 0x46, 0x22,
    0x24, 0x1, 0x24, 0x0,

    /* U+201E "„" */
    0x5, 0xb6, 0x5, 0xb6, 0xd, 0x4e, 0xd, 0x4e,
    0x2, 0xc, 0x2, 0xc, 0x4, 0x48, 0x11, 0x22,
    0x18, 0x2, 0x18, 0x0,

    /* U+2022 "•" */
    0x4, 0x99, 0x10, 0x35, 0xb3, 0x34, 0xe0, 0x3,
    0x48, 0x7, 0xb, 0x80, 0x6d, 0x96, 0x11, 0x43,
    0x0,

    /* U+2026 "…" */
    0x47, 0x20, 0xc, 0xee, 0x0, 0xc4, 0xe9, 0xf0,
    0x80, 0x1a, 0x20, 0x1, 0x92, 0x3c, 0x3, 0xff,
    0x88,

    /* U+2190 "←" */
    0x0, 0xc6, 0x1, 0xff, 0xc2, 0x3c, 0xb0, 0xf,
    0xfe, 0x1, 0xe0, 0x40, 0x7, 0xfc, 0x78, 0x16,
    0x60, 0x1f, 0xf6, 0x0, 0x2f, 0xff, 0xfd, 0x20,
    0x80, 0x6, 0x6f, 0xfb, 0x2, 0xd0, 0x1, 0x33,
    0xfe, 0x50, 0x5, 0xa3, 0x48, 0x7, 0xff, 0x6,
    0xd3, 0x0, 0x3f, 0xf8, 0x56, 0xa0, 0x1f, 0xe0,

    /* U+2191 "↑" */
    0x0, 0xcb, 0x20, 0x1f, 0x2d, 0x36, 0x0, 0x72,
    0xd0, 0x0, 0xf0, 0x2, 0x5a, 0x14, 0x6, 0x3c,
    0x0, 0x78, 0xf9, 0x4, 0x39, 0x98, 0x2b, 0xc4,
    0x2, 0x8d, 0x30, 0x0, 0x80, 0x71, 0x0, 0x7f,
    0xff, 0xc0, 0x3c,

    /* U+2192 "→" */
    0x0, 0xff, 0x10, 0x80, 0x7f, 0xf0, 0x7, 0x34,
    0x40, 0x3f, 0xe1, 0x93, 0xd1, 0x0, 0xff, 0x9d,
    0xc7, 0xa3, 0xdf, 0xff, 0xe7, 0x3, 0xb6, 0x6f,
    0xf9, 0x0, 0x19, 0x13, 0x3f, 0xd0, 0xc1, 0x2c,
    0x1, 0xfc, 0x38, 0x52, 0xc0, 0x1f, 0xe1, 0x79,
    0x60, 0xf, 0xfe, 0x5, 0x30, 0x4,

    /* U+2193 "↓" */
    0x0, 0xcb, 0x20, 0x1f, 0xb1, 0x84, 0x3, 0xff,
    0xfe, 0x1, 0xfc, 0xb2, 0x1, 0x8e, 0xc0, 0x1c,
    0xd2, 0x0, 0x5d, 0x43, 0xb, 0x46, 0x60, 0x58,
    0xd9, 0x80, 0x2d, 0x0, 0x2b, 0x40, 0xd, 0x68,
    0x16, 0x80, 0x1e, 0xbf, 0x40, 0x8,

    /* U+2328 "⌨" */
    0x5, 0x77, 0xff, 0xe5, 0x98, 0x55, 0x22, 0x3f,
    0xf9, 0x78, 0x68, 0xdd, 0x7f, 0x7f, 0x7d, 0x9d,
    0xbb, 0x67, 0x5f, 0xdf, 0xdf, 0xe5, 0xf0, 0x20,
    0xa, 0x5a, 0x5a, 0x5a, 0x6c, 0xf4, 0x5f, 0x3d,
    0xa5, 0xa5, 0xa6, 0x58, 0xf, 0x80, 0x16, 0xd6,
    0xd7, 0x1f, 0x2f, 0xb9, 0x12, 0xd6, 0xb6, 0xb8,
    0xf7, 0x61, 0x0, 0xeb, 0x79, 0x88, 0x4d, 0x6a,
    0x5a, 0xda, 0x5a, 0x54, 0xfe, 0x5d, 0x84, 0x3,
    0xb1, 0xfe, 0xe6, 0x27, 0x5a, 0xd2, 0xd3, 0x13,
    0x6b, 0xc0, 0x3f, 0xa7, 0x6b, 0x1f, 0x17, 0x12,
    0xda, 0xa2, 0x15, 0x4f, 0x30, 0xf, 0xe9, 0xfa,
    0xa2, 0x52, 0x52, 0x53, 0xd5, 0x22, 0x17, 0x21,
    0x55, 0x8, 0x7, 0x3e, 0x8d, 0x15, 0xb4, 0xc6,
    0x59, 0xfb, 0x68, 0xd1, 0xdd, 0x58, 0x80, 0x72,
    0xc9, 0x49, 0x4a, 0x56, 0x6f, 0xa5, 0xbc, 0x94,
    0x94, 0xbc, 0x88, 0x6, 0x4d, 0x5d, 0x51, 0xbe,
    0xa8, 0x84, 0xfd, 0x75, 0xcb, 0xad, 0xd5, 0x90,
    0x6, 0x76, 0x6, 0x30, 0x66, 0xff, 0x78, 0x3b,
    0x3, 0x18, 0x0, 0xd5, 0x35, 0x75, 0x9f, 0x77,
    0xfc, 0xe, 0x9a, 0xbb, 0x23, 0xd2, 0x71, 0x1f,
    0xfc, 0xa7, 0x46,

    /* U+25B6 "▶" */
    0x92, 0x0, 0xff, 0xe1, 0x36, 0xd1, 0x0, 0x7f,
    0xf0, 0x97, 0x68, 0x80, 0x3f, 0xf8, 0x4b, 0xb4,
    0x40, 0x1f, 0xfc, 0x25, 0xda, 0x20, 0xf, 0xfe,
    0x12, 0xec, 0x90, 0x7, 0xff, 0x9, 0xb6, 0x48,
    0x3, 0xff, 0x84, 0xdb, 0x20, 0x1f, 0xfc, 0x24,
    0xa0, 0xf, 0xfe, 0x2, 0x65, 0x98, 0x7, 0xf9,
    0x32, 0xcc, 0x3, 0xfc, 0x99, 0x66, 0x1, 0xfe,
    0x4c, 0xb3, 0x0, 0xff, 0x26, 0x59, 0x80, 0x7f,
    0x93, 0x2c, 0xc0, 0x3f, 0xec, 0xb3, 0x0, 0xff,
    0xe0, 0x80,

    /* U+26A0 "⚠" */
    0x0, 0xfc, 0x24, 0x1, 0xff, 0xc3, 0x89, 0x0,
    0xff, 0xe1, 0x12, 0x31, 0x80, 0x7f, 0xf0, 0x66,
    0x6f, 0x0, 0xff, 0xe0, 0x20, 0x0, 0x5d, 0x40,
    0x3f, 0xe9, 0x8e, 0x99, 0x40, 0x7, 0xf9, 0x9c,
    0xcc, 0xc4, 0x8c, 0x1, 0xfd, 0x76, 0xe, 0x30,
    0x8b, 0x0, 0xfc, 0xea, 0x20, 0x5c, 0x2, 0xae,
    0x1, 0xe1, 0xa8, 0x0, 0x9, 0x0, 0x22, 0x84,
    0x3, 0xa2, 0xc0, 0x25, 0x60, 0xa, 0xe0, 0x3,
    0x12, 0x30, 0x4, 0x24, 0x1, 0x32, 0x10, 0x5,
    0x32, 0x0, 0xd5, 0x40, 0xd, 0x10, 0x0, 0x1b,
    0xa0, 0x6, 0xb9, 0x0, 0xca, 0xc6, 0x1e, 0x5b,
    0xbd, 0x9f, 0xbb, 0xc5, 0x0,

    /* U+2713 "✓" */
    0x0, 0xfc, 0x90, 0x40, 0x1f, 0x35, 0x99, 0x0,
    0x78, 0xe4, 0x68, 0x3, 0xc3, 0xa1, 0xa2, 0x1,
    0xea, 0x19, 0x30, 0xf, 0x32, 0x2b, 0x0, 0x42,
    0x80, 0x32, 0x54, 0x1, 0xbe, 0xc6, 0x83, 0x80,
    0x38, 0xc3, 0x11, 0xcc, 0x3, 0x94, 0x8, 0x90,
    0x1, 0xe9, 0x0, 0x70, 0x7, 0xc3, 0xfe, 0x30,
    0xf, 0x80,

    /* U+2717 "✗" */
    0x0, 0xfe, 0x17, 0x60, 0xc, 0xfa, 0xa0, 0x16,
    0xc5, 0x0, 0x6f, 0x29, 0x0, 0x59, 0x8e, 0x80,
    0x6b, 0x3, 0x34, 0xa0, 0x60, 0x80, 0x63, 0x20,
    0xd6, 0xa, 0x20, 0xf, 0x50, 0x8, 0x3a, 0x80,
    0x7c, 0xa0, 0x14, 0x0, 0x7e, 0x90, 0x9, 0x80,
    0x3e, 0x84, 0x0, 0xac, 0x3, 0xca, 0xe0, 0xb2,
    0x4, 0xc0, 0x18, 0x6c, 0x6, 0x99, 0x2, 0x0,
    0x35, 0x8, 0x50, 0x2, 0x84, 0x80, 0x25, 0x40,
    0x64, 0x0, 0xe, 0xf8, 0x5, 0x80, 0x30, 0x1,
    0x8c, 0xc0, 0x16, 0x5, 0x88, 0x7, 0xf2, 0xf2,
    0x80, 0x7f, 0x80,

    /* U+F05A "" */
    0x0, 0xfc, 0x26, 0x61, 0x0, 0xff, 0xe0, 0x94,
    0xf7, 0x33, 0x1d, 0xc9, 0x20, 0xf, 0xe9, 0xd6,
    0x10, 0xc, 0x2d, 0xb2, 0x1, 0xe1, 0xc6, 0x0,
    0xff, 0x36, 0x8, 0x6, 0xa3, 0x0, 0xff, 0xe0,
    0x1d, 0x0, 0x4e, 0x80, 0x1e, 0x11, 0x0, 0x79,
    0x1c, 0x6, 0x0, 0x3c, 0x3d, 0xc1, 0x0, 0xf4,
    0xb, 0x80, 0x7c, 0x26, 0x61, 0x0, 0xf9, 0xf4,
    0x3, 0xf6, 0x60, 0x3, 0xf6, 0xa8, 0x7, 0x8a,
    0xf2, 0x80, 0x3f, 0x30, 0x80, 0x79, 0xd0, 0xd4,
    0xc0, 0x3e, 0x21, 0x0, 0xf2, 0xf2, 0x83, 0x80,
    0x7c, 0x26, 0x1, 0xf0, 0x80, 0x7f, 0x89, 0x40,
    0x3e, 0x56, 0x3, 0x0, 0xf9, 0x2c, 0x3, 0xcd,
    0x46, 0x10, 0xc0, 0x1e, 0xb3, 0x40, 0xe, 0x45,
    0x44, 0x2a, 0x0, 0x72, 0x18, 0x48, 0x7, 0x15,
    0x5d, 0xa8, 0x80, 0x3a, 0x40, 0x5, 0x60, 0x1f,
    0xfc, 0x2b, 0x20, 0x9, 0x2c, 0x40, 0x3f, 0xc3,
    0x68, 0x1, 0xc9, 0xec, 0x1, 0xf9, 0xbd, 0x0,
    0x3e, 0x19, 0xea, 0x65, 0x53, 0x57, 0x48, 0x80,
    0x60,

    /* U+F0ED "" */
    0x0, 0xfe, 0x10, 0xf, 0xfe, 0x39, 0xdf, 0xf7,
    0xd1, 0x80, 0x7f, 0xf0, 0xdf, 0x10, 0x2, 0x5c,
    0x50, 0xf, 0xfe, 0xa, 0x40, 0x7, 0xd4, 0x8f,
    0x2a, 0x1, 0xfd, 0x20, 0x1f, 0xd7, 0xd, 0x58,
    0x1, 0xf8, 0x80, 0x3f, 0xf8, 0x27, 0x20, 0x1e,
    0x30, 0xf, 0x84, 0x3, 0xe7, 0x0, 0xf2, 0x0,
    0x7a, 0x78, 0x40, 0x3f, 0xe1, 0xd8, 0x0, 0xf1,
    0x81, 0x80, 0x79, 0x40, 0x36, 0x10, 0x7, 0xff,
    0x11, 0x24, 0x0, 0xe4, 0x1, 0xc5, 0x44, 0x0,
    0x17, 0x80, 0xe, 0x69, 0xb, 0x0, 0xf3, 0xae,
    0x38, 0x7c, 0x28, 0x7, 0x98, 0x8c, 0x3, 0xca,
    0xe2, 0x40, 0x63, 0xe0, 0x1f, 0x21, 0x0, 0x7d,
    0x10, 0x0, 0x17, 0x90, 0x7, 0xc2, 0xe0, 0x1f,
    0x9e, 0x57, 0x4, 0x3, 0xf1, 0xc0, 0x7, 0xf3,
    0x50, 0x80, 0x7e, 0x14, 0x29, 0x0, 0xff, 0xe3,
    0xd0, 0x1, 0xb0, 0xc0, 0x3f, 0xf8, 0x67, 0x88,
    0x1, 0x1e, 0x7e, 0x5d, 0xff, 0xd9, 0xf8, 0x60,
    0x0,

    /* U+F12E "" */
    0x0, 0xfc, 0x64, 0x1, 0xff, 0xc4, 0x3e, 0xcd,
    0xa0, 0xf, 0xfe, 0x1c, 0x88, 0x1, 0x48, 0x3,
    0xff, 0x85, 0xe0, 0x11, 0x10, 0x3, 0xff, 0x84,
    0xa2, 0x0, 0xa0, 0xf, 0xf1, 0xa2, 0x67, 0x10,
    0x5, 0xa2, 0xc, 0x3, 0xd3, 0x97, 0x7a, 0x0,
    0x23, 0xbb, 0x64, 0x80, 0x73, 0x0, 0x7f, 0xf0,
    0x58, 0x3, 0xff, 0x9e, 0xf2, 0x20, 0x1f, 0xe2,
    0x7, 0x91, 0xbd, 0x86, 0xb0, 0xf, 0xf6, 0xfc,
    0x35, 0xa1, 0x0, 0x14, 0x3, 0xff, 0x84, 0xa0,
    0x18, 0x40, 0x3f, 0xf8, 0x43, 0x96, 0x0, 0x80,
    0xf, 0xf2, 0xb8, 0x2, 0xd, 0x3b, 0x58, 0x3,
    0xfd, 0x51, 0xfa, 0xc0, 0x1, 0x20, 0x8, 0x95,
    0x0, 0x3f, 0x10, 0x7, 0xc9, 0xb5, 0x78, 0x1,
    0xff, 0xc3, 0xe0, 0x8, 0xc8, 0x3, 0xff, 0x85,
    0xe0, 0x11, 0x90, 0x7, 0xe2, 0x0, 0xe5, 0x50,
    0x3, 0x80, 0x22, 0x0, 0xef, 0x54, 0x4c, 0xae,
    0x0, 0xa4, 0x42, 0xf8, 0x7, 0x0,

    /* U+F15C "" */
    0x7, 0xbb, 0xf5, 0x30, 0x7, 0x4c, 0x22, 0x79,
    0x66, 0x40, 0x19, 0xc0, 0x3e, 0x10, 0x69, 0x0,
    0x84, 0x3, 0xed, 0x20, 0x69, 0x0, 0xff, 0xe,
    0x10, 0x34, 0x80, 0x7f, 0x87, 0x8, 0x19, 0xc0,
    0x3f, 0x30, 0xe, 0x10, 0x48, 0x7, 0xeb, 0xdd,
    0x61, 0x80, 0x80, 0x7f, 0x11, 0x42, 0x1, 0xff,
    0xc9, 0x9b, 0xbe, 0x90, 0xf, 0x85, 0x91, 0x39,
    0x84, 0x3, 0xc3, 0xdb, 0xbd, 0xc2, 0x1, 0xf0,
    0x91, 0x70, 0x80, 0x7c, 0x3b, 0xff, 0xda, 0x20,
    0x1f, 0x18, 0x7, 0x18, 0x7, 0xc3, 0xdf, 0xfd,
    0xc2, 0x1, 0xff, 0xc6, 0x10, 0xf, 0xfe, 0x8,
    0xd8, 0x7, 0xff, 0x6, 0xd7, 0x66, 0x7f, 0xed,
    0x50,

    /* U+F1CD "" */
    0x0, 0xf8, 0x95, 0xdc, 0xa4, 0x1, 0xff, 0xc0,
    0x4d, 0xd5, 0x44, 0x2b, 0x74, 0x80, 0x1f, 0x2c,
    0x5d, 0x88, 0x3, 0xc5, 0x76, 0x85, 0x0, 0xd4,
    0xe8, 0x3, 0x19, 0xdc, 0xc8, 0x10, 0x47, 0xa0,
    0xf, 0x87, 0xdc, 0xc4, 0x46, 0xfe, 0x20, 0x1e,
    0x80, 0x8, 0x68, 0x3, 0xd4, 0x20, 0x14, 0x0,
    0xb8, 0x22, 0x1, 0x2e, 0x33, 0x13, 0x68, 0x8,
    0x80, 0x71, 0x90, 0x4, 0x5a, 0x2, 0x39, 0x99,
    0x90, 0x12, 0xe0, 0x1, 0x28, 0x4, 0x61, 0x60,
    0x12, 0x20, 0x2, 0xb0, 0x32, 0x4, 0x20, 0x70,
    0x1, 0x80, 0x22, 0xed, 0x0, 0x3, 0x0, 0x38,
    0x10, 0x81, 0x0, 0x18, 0x0, 0xa0, 0x5, 0x0,
    0x30, 0x0, 0x80, 0x44, 0x4, 0x0, 0x60, 0x2,
    0x80, 0x14, 0x0, 0xc0, 0x2, 0x1, 0x20, 0x70,
    0x1, 0x80, 0x22, 0xed, 0x0, 0x3, 0x0, 0x38,
    0x12, 0x1, 0x18, 0x58, 0x4, 0x88, 0x0, 0xac,
    0xc, 0x81, 0x24, 0x1, 0x16, 0x80, 0x6c, 0x66,
    0x64, 0x4, 0xb8, 0x0, 0x48, 0xb8, 0x22, 0x0,
    0xf2, 0x73, 0x13, 0x68, 0x8, 0x80, 0x81, 0x8,
    0x0, 0x87, 0x40, 0x3d, 0x42, 0x1, 0x38, 0x7,
    0x87, 0xdc, 0xc4, 0x46, 0xfe, 0x20, 0x1f, 0x54,
    0x20, 0xc, 0x67, 0x73, 0x20, 0x41, 0x22, 0x80,
    0x32, 0xbd, 0xd8, 0x80, 0x3c, 0x57, 0x67, 0x50,
    0xf, 0x93, 0x75, 0x51, 0xa, 0xdd, 0x20, 0x7,
    0x0,

    /* U+F1D8 "" */
    0x0, 0xff, 0xe4, 0x2b, 0x80, 0x7f, 0xf1, 0x92,
    0xbe, 0xa1, 0x0, 0x3f, 0xf8, 0x47, 0x3d, 0x6a,
    0x1, 0x28, 0x7, 0xfc, 0x4f, 0xb8, 0xc2, 0x1,
    0x90, 0x40, 0x3f, 0xb, 0x66, 0xc1, 0x0, 0x7d,
    0xc0, 0x1f, 0x2d, 0xf4, 0x98, 0x7, 0xf9, 0x40,
    0x32, 0x4f, 0xd2, 0x0, 0x7f, 0xf0, 0x14, 0x2,
    0x7e, 0xb6, 0x0, 0xff, 0xe1, 0xf0, 0x1, 0x20,
    0x40, 0x3f, 0xcc, 0x20, 0x18, 0x50, 0x0, 0xa2,
    0x1, 0xfe, 0xa9, 0x30, 0xc, 0xc0, 0x10, 0xf4,
    0x98, 0x7, 0x87, 0x16, 0xc8, 0x3, 0x58, 0x7,
    0x36, 0x6b, 0x0, 0x47, 0xe7, 0x8, 0x1, 0x88,
    0xc0, 0x3e, 0x29, 0xf9, 0x8c, 0x15, 0x70, 0xe,
    0xa0, 0xf, 0xf9, 0x9c, 0xe, 0x80, 0x3c, 0xa0,
    0x1f, 0xfc, 0x28, 0x0, 0xf1, 0x90, 0x7, 0xff,
    0x8, 0xc0, 0x3d, 0x40, 0x1f, 0xfc, 0x3a, 0x0,
    0xf3, 0x80, 0x7f, 0xf0, 0xc9, 0x0, 0x32, 0x8,
    0x7, 0xff, 0x13, 0x80, 0x37, 0x0, 0x7f, 0xf1,
    0x54, 0x40, 0x25, 0x0, 0xff, 0xe3, 0x30, 0x1,
    0x80, 0x3f, 0xf8, 0xf2, 0x21, 0x60, 0x1f, 0xfc,
    0x71, 0xef, 0x20, 0xf, 0x80,

    /* U+F1DE "" */
    0x0, 0xe2, 0xad, 0xa2, 0x0, 0xff, 0xe1, 0xf,
    0xa9, 0x2f, 0x88, 0x7, 0xf4, 0xff, 0xdc, 0x40,
    0x11, 0x77, 0xff, 0xe9, 0x40, 0xf, 0xfe, 0x32,
    0x7c, 0x44, 0xc0, 0x1c, 0xd1, 0x1f, 0xbc, 0x9d,
    0xe9, 0x70, 0x9, 0xe5, 0xdf, 0xf1, 0x0, 0x74,
    0x6d, 0x6c, 0x0, 0x9, 0x50, 0x3, 0xfe, 0x25,
    0x20, 0x2, 0x6d, 0x5e, 0x0, 0x63, 0x88, 0xff,
    0x58, 0x4, 0x77, 0x10, 0x3d, 0x77, 0xff, 0x0,
    0x72, 0x3b, 0xb5, 0x80, 0x3f, 0xf8, 0xcd, 0x1f,
    0xff, 0xe5, 0x0, 0xd9, 0xfe, 0x80, 0xe, 0x35,
    0x10, 0xa, 0x9c, 0xd3, 0xc, 0x3, 0xeb, 0xca,
    0xe4, 0x0, 0xa3, 0x2c, 0xc0, 0x31, 0x3b, 0xad,
    0x0, 0x2b, 0x87, 0x7f, 0xe2, 0xf8, 0x82, 0x0,
    0x73, 0xc4, 0x7f, 0x7a, 0x0, 0x7f, 0xf1, 0x92,
    0x7f, 0xd8, 0x1, 0x97, 0xff, 0xfd, 0x20, 0x11,
    0xda, 0x13, 0x50, 0x7, 0xfc,

    /* U+F2DB "" */
    0x0, 0xe5, 0x10, 0x2, 0x90, 0x1, 0x48, 0x3,
    0xf8, 0xaa, 0x0, 0x6a, 0x0, 0x6a, 0x40, 0x3f,
    0x84, 0xc, 0xc, 0x4, 0x2, 0x70, 0xf, 0xd3,
    0xa0, 0xbf, 0xa0, 0x9f, 0xc0, 0x7a, 0x80, 0x1c,
    0xec, 0x20, 0x1f, 0xe2, 0xb1, 0x0, 0x23, 0xd0,
    0x1, 0x1e, 0x23, 0xce, 0x20, 0x8, 0x74, 0xa8,
    0x20, 0x1b, 0x87, 0x7f, 0x45, 0x80, 0x1a, 0x2b,
    0x68, 0x80, 0x80, 0xe6, 0x7c, 0xc, 0x0, 0x7a,
    0xc3, 0x56, 0x0, 0x99, 0xbc, 0xe0, 0x1b, 0x14,
    0x8d, 0x98, 0x1, 0xff, 0xc2, 0xd6, 0x3d, 0x92,
    0x0, 0xff, 0xe1, 0x34, 0xee, 0xa4, 0x80, 0x3f,
    0xf8, 0x4d, 0x3a, 0x6c, 0xc0, 0xf, 0xfe, 0x16,
    0xb1, 0x99, 0x58, 0x2, 0x66, 0xf3, 0x80, 0x6c,
    0x52, 0xda, 0x20, 0x20, 0x39, 0x9f, 0x3, 0x0,
    0x1e, 0xb2, 0xa0, 0x80, 0x6e, 0x1d, 0xfd, 0x16,
    0x0, 0x68, 0xa4, 0x7a, 0x0, 0x23, 0xc4, 0x79,
    0xc4, 0x1, 0xe, 0x80, 0x7, 0x61, 0x0, 0xff,
    0x15, 0x88, 0x7, 0x4e, 0x82, 0xfe, 0x82, 0x7f,
    0x1, 0xea, 0x0, 0x7c, 0x20, 0x60, 0x60, 0x20,
    0x13, 0x80, 0x7f, 0x15, 0x58, 0xd, 0x40, 0xd,
    0x48, 0x7, 0x0,

    /* U+F2F5 "" */
    0x0, 0x13, 0x3b, 0x94, 0x3, 0xff, 0x87, 0x3b,
    0x31, 0xa, 0x50, 0xf, 0xfe, 0xb, 0xb0, 0x6,
    0x16, 0x0, 0xff, 0xe0, 0xd0, 0x16, 0xff, 0xb8,
    0xc0, 0x32, 0xfb, 0x0, 0x78, 0x81, 0x48, 0x3,
    0xf1, 0x4, 0xb0, 0x7, 0xde, 0x1, 0xff, 0xc0,
    0x96, 0x0, 0xff, 0xe4, 0x4b, 0x0, 0x7f, 0x16,
    0xff, 0xe8, 0x0, 0xd2, 0xc0, 0x1f, 0xa0, 0x80,
    0x3f, 0xd2, 0xc0, 0x1f, 0x8, 0x7, 0xff, 0x2,
    0x0, 0x3e, 0x10, 0xf, 0xfe, 0x4, 0x0, 0x7d,
    0x4, 0x1, 0xfe, 0x96, 0x0, 0xf8, 0xb7, 0xff,
    0x40, 0x6, 0x96, 0x0, 0xff, 0xe3, 0x4b, 0x0,
    0x77, 0x0, 0x7f, 0xf0, 0x25, 0x80, 0x32, 0x3,
    0x4b, 0xb9, 0x40, 0x38, 0x82, 0x58, 0x3, 0xa0,
    0x0, 0xd1, 0xa, 0x50, 0xc, 0xbe, 0xc0, 0x1e,
    0x3c, 0x30, 0x8, 0x58, 0x3, 0xff, 0x84, 0x79,
    0xff, 0x71, 0x80, 0x7f, 0xf0, 0x40,

    /* U+F2F9 "" */
    0x0, 0xff, 0xe9, 0x12, 0x19, 0x0, 0x78, 0x44,
    0x1, 0xe3, 0x9e, 0xdb, 0xcd, 0xe9, 0x30, 0x1,
    0x7f, 0x80, 0x3a, 0x71, 0x84, 0x3, 0xb, 0x64,
    0x9e, 0x8, 0x80, 0x21, 0xc6, 0x0, 0x24, 0x5d,
    0x42, 0x0, 0x1b, 0x4, 0x3, 0xb4, 0xc0, 0xb6,
    0xdd, 0x15, 0xef, 0xc, 0x3, 0xe8, 0x30, 0x6d,
    0x20, 0xf, 0x88, 0x3, 0xc2, 0xe0, 0x72, 0x1,
    0xf1, 0x68, 0x80, 0x79, 0x80, 0x1e, 0x1, 0xf9,
    0xc4, 0x3, 0x88, 0x30, 0x8, 0xc0, 0x3f, 0x2e,
    0xef, 0xc0, 0xa0, 0x80, 0x1f, 0xe2, 0x2f, 0x0,
    0x4, 0x4, 0x3, 0xff, 0x8c, 0x20, 0x20, 0x1f,
    0xfc, 0x62, 0x5, 0x0, 0xff, 0xe3, 0x20, 0x18,
    0x80, 0x7f, 0xf1, 0x6c, 0x1, 0x0, 0x1f, 0xfc,
    0x4, 0x70, 0x8, 0xd0, 0x19, 0x40, 0x3f, 0xcb,
    0x70, 0xa0, 0x14, 0x88, 0x53, 0x0, 0x7e, 0x6a,
    0x1, 0x40, 0x8, 0xb4, 0x1, 0x38, 0xa0, 0x19,
    0x72, 0x40, 0x1a, 0x20, 0x18, 0xf0, 0x40, 0xeb,
    0xfb, 0x9f, 0x46, 0x3, 0x86, 0x1, 0xe3, 0xe8,
    0x10, 0x0, 0x88, 0x0, 0x31, 0xc6, 0x1, 0xfc,
    0xfd, 0x70, 0xcc, 0x8b, 0xe7, 0x0, 0xff, 0xe0,
    0xa3, 0xcc, 0x9d, 0x0, 0x3e,

    /* U+F590 "" */
    0x0, 0xf1, 0x2b, 0xb2, 0x88, 0x7, 0xf9, 0x77,
    0x55, 0x13, 0x5d, 0x64, 0x1, 0xf5, 0x50, 0x80,
    0x3c, 0x9a, 0xc0, 0x1d, 0x8a, 0x0, 0x8c, 0xee,
    0x5a, 0x80, 0x25, 0xc0, 0x28, 0x30, 0x4e, 0x73,
    0x11, 0x25, 0x60, 0x84, 0x18, 0x13, 0x81, 0x58,
    0x80, 0x78, 0xf4, 0x1, 0xe1, 0x40, 0xe, 0x0,
    0xfe, 0x38, 0x3, 0x32, 0x1, 0x18, 0x7, 0xf9,
    0x80, 0x8, 0x40, 0x5f, 0xe8, 0x0, 0xf5, 0xff,
    0x80, 0x1a, 0x20, 0x19, 0xc8, 0x3, 0x3a, 0x0,
    0x80, 0x4, 0x3, 0xcc, 0x1, 0xbc, 0x3, 0xff,
    0x98, 0x40, 0x1f, 0xfc, 0x5a, 0x0, 0xe7, 0x0,
    0xff, 0x9d, 0x40, 0x21, 0x30, 0xd, 0x80, 0x1f,
    0x56, 0x44, 0x30, 0x3, 0x93, 0x22, 0x6c, 0x3,
    0x1b, 0xb8, 0x80, 0x3c, 0x6e, 0xc0, 0x2, 0x0,
    0xf1, 0x6f, 0xfa, 0xc0, 0x37, 0x7, 0x80, 0x7a,
    0x8, 0x0, 0x8e, 0x49, 0x4a, 0x4c, 0x1, 0xe3,
    0x0, 0xd1, 0xb6, 0xa5, 0xe0, 0x1f, 0x4b, 0xa2,
    0x73, 0x4e, 0x90, 0x0,

    /* U+F5FD "" */
    0x0, 0xfe, 0x22, 0x0, 0x7f, 0xf1, 0x17, 0x37,
    0x65, 0x0, 0xff, 0xe0, 0x36, 0xd1, 0x80, 0xa,
    0xb9, 0xc0, 0x3e, 0x18, 0xe9, 0x20, 0xf, 0xc,
    0x74, 0x8, 0x0, 0x67, 0x9c, 0x40, 0x3f, 0xc2,
    0xfd, 0x23, 0xec, 0x1, 0xff, 0xc4, 0x6f, 0x90,
    0xf, 0xfe, 0x34, 0xbf, 0x40, 0x80, 0x7f, 0xf0,
    0x6, 0x39, 0xc0, 0x5f, 0xa4, 0x80, 0x3f, 0x14,
    0xf3, 0x88, 0xc, 0xb8, 0xb6, 0xd1, 0x80, 0x63,
    0xad, 0x61, 0x79, 0x1f, 0x68, 0xe8, 0x15, 0xcc,
    0x33, 0x2f, 0x14, 0x63, 0xa1, 0xbe, 0x40, 0x27,
    0xe9, 0x23, 0x99, 0x21, 0x4f, 0x38, 0x5, 0x2f,
    0xd0, 0x20, 0x6, 0xdc, 0x88, 0x66, 0xb0, 0x0,
    0x63, 0x9c, 0x5, 0xfa, 0x48, 0x0, 0x6e, 0xe3,
    0x0, 0x14, 0xf3, 0x88, 0xc, 0xb8, 0xb6, 0xd1,
    0x80, 0x63, 0xad, 0x61, 0x79, 0x1f, 0x68, 0xe8,
    0x15, 0xcc, 0x33, 0x2f, 0x14, 0x63, 0xa1, 0xbe,
    0x40, 0x27, 0xe9, 0x23, 0x99, 0x21, 0x4f, 0x38,
    0x5, 0x2f, 0xd0, 0x20, 0x6, 0xdc, 0x88, 0x66,
    0xb0, 0x0, 0x63, 0x9c, 0x5, 0xfa, 0x48, 0x0,
    0x6e, 0xe3, 0x0, 0x14, 0xf3, 0x88, 0x7, 0x36,
    0xd1, 0x80, 0x63, 0xad, 0x60, 0xf, 0xf2, 0xe5,
    0xab, 0x5e, 0x28, 0x7, 0x80,

    /* U+FB56 "ﭖ" */
    0x0, 0xff, 0xe1, 0x24, 0xa, 0xfb, 0x80, 0x7f,
    0xc6, 0xe5, 0xe0, 0xa0, 0x1f, 0xf6, 0x80, 0x7f,
    0xf0, 0xd1, 0x44, 0xf0, 0x3d, 0x0, 0x3c, 0x6d,
    0x76, 0xa, 0x6, 0x52, 0xbf, 0xcb, 0xce, 0xfc,
    0x94, 0x46, 0xa0, 0x2, 0xb1, 0x88, 0xd0, 0xcc,
    0x8f, 0x5d, 0x64, 0x1, 0x8e, 0x77, 0xf7, 0xf2,
    0xa1, 0x44, 0x3, 0xf8, 0xb5, 0x2b, 0x40, 0x3f,
    0xf8, 0x5, 0x4f, 0xfe, 0x0, 0xff, 0xe0, 0xae,
    0x60, 0xc0, 0x3f, 0xf8, 0x57, 0x40, 0x1f, 0x80,

    /* U+FB57 "ﭗ" */
    0x0, 0xff, 0xe1, 0x24, 0x8, 0x1, 0x7d, 0xc0,
    0x3f, 0xe2, 0x75, 0x0, 0x78, 0x28, 0x7, 0xfd,
    0xc0, 0x20, 0x18, 0xc0, 0x3f, 0xca, 0xe0, 0x40,
    0xc, 0xa, 0x10, 0xf, 0x96, 0xe8, 0x1, 0x42,
    0xc, 0xc4, 0xec, 0x98, 0x9a, 0xcf, 0xa4, 0x46,
    0xb1, 0x75, 0x4, 0xe3, 0xb, 0x3b, 0x20, 0x34,
    0xf5, 0x94, 0xb0, 0x38, 0x0, 0xe7, 0x7f, 0x7f,
    0xdb, 0x2c, 0x20, 0x14, 0xfe, 0x80, 0x71, 0x6a,
    0x56, 0x80, 0x7f, 0xf0, 0x8a, 0x96, 0x3c, 0x3,
    0xff, 0x86, 0xa6, 0x46, 0x1, 0xff, 0xc4, 0xd9,
    0x0, 0xff, 0xe2, 0xdd, 0x0, 0x7f, 0x80,

    /* U+FB58 "ﭘ" */
    0x0, 0xbf, 0x40, 0x3f, 0xe1, 0x0, 0x94, 0x18,
    0xb, 0x68, 0x38, 0x4, 0x89, 0x28, 0x7, 0xfe,
    0x61, 0x10, 0x3, 0x5e, 0x3c, 0x1, 0x4b, 0x74,
    0x0, 0x53, 0x32, 0x0, 0x59, 0x60, 0x1a, 0x64,
    0x0,

    /* U+FB59 "ﭙ" */
    0x0, 0xbf, 0x40, 0x3f, 0xf9, 0x2a, 0x4, 0x60,
    0x2, 0xda, 0x0, 0x66, 0x90, 0x91, 0x21, 0xc4,
    0x84, 0xff, 0xcf, 0x3f, 0xe3, 0x0, 0x6b, 0xc7,
    0x80, 0x6a, 0x5b, 0xa0, 0xc, 0xa6, 0x64, 0x0,
    0xec, 0xb0, 0xf, 0x4c, 0x80, 0x20,

    /* U+FB7A "ﭺ" */
    0x39, 0xce, 0xff, 0x77, 0x2e, 0x0, 0x8, 0xc0,
    0x8a, 0x2, 0x24, 0x50, 0x3, 0x7e, 0x7a, 0x82,
    0xdf, 0xe8, 0x0, 0x41, 0x28, 0x72, 0x90, 0x3,
    0x86, 0x87, 0xc, 0x3, 0xe9, 0x1b, 0x21, 0x20,
    0x20, 0xc, 0xa0, 0xa1, 0x3a, 0x3a, 0xc0, 0x11,
    0x18, 0x2, 0xac, 0x69, 0xc0, 0x3e, 0x21, 0xf7,
    0x10, 0x8, 0x8c, 0x40, 0xf, 0x6, 0x1, 0xa8,
    0x2c, 0x0, 0x4e, 0x20, 0x1, 0x7, 0x35, 0xc5,
    0x10, 0x1, 0xce, 0x0, 0x31, 0x4e, 0xbb, 0xfd,
    0x8c, 0x20, 0x15, 0x75, 0x3b, 0x32, 0x33, 0x0,

    /* U+FB7B "ﭻ" */
    0x39, 0xce, 0xff, 0x76, 0xdb, 0x80, 0x48, 0xc4,
    0x44, 0x1, 0x24, 0x90, 0x9, 0x37, 0xbd, 0x40,
    0x24, 0xf0, 0x8, 0xc8, 0xf0, 0x63, 0xd1, 0x44,
    0x3, 0xb4, 0x2d, 0xc3, 0x84, 0xc0, 0x33, 0x8b,
    0xa0, 0x1, 0x46, 0x40, 0x35, 0x4, 0x80, 0x69,
    0x54, 0x0, 0x88, 0xc5, 0x54, 0x4e, 0xc7, 0x70,
    0x1, 0xd3, 0xcf, 0x7, 0x8a, 0xe2, 0x4, 0x61,
    0x87, 0x5e, 0x41, 0x5e, 0x21, 0x41, 0x21, 0x70,
    0x1, 0x84, 0x0, 0xe4, 0xd8, 0xcc, 0x0, 0x1c,
    0xe0, 0x5, 0x8a, 0x75, 0xdf, 0xec, 0x61, 0x0,
    0x86, 0xba, 0x9d, 0x99, 0x19, 0x80,

    /* U+FB7C "ﭼ" */
    0x0, 0x2e, 0xeb, 0x25, 0xcc, 0x3, 0x88, 0xa3,
    0x68, 0xce, 0x93, 0x0, 0x3f, 0xfb, 0x6e, 0xc,
    0x5b, 0x40, 0x38, 0x91, 0xec, 0x0, 0x60, 0x1f,
    0x54, 0x4, 0x68, 0x7, 0xa9, 0x4b, 0x1c, 0x3,
    0x97, 0x14, 0xf0, 0xc0, 0x5, 0x9b, 0xf4, 0x69,
    0x82, 0x1, 0x9, 0x91, 0x1f, 0x2c, 0x3, 0x8f,
    0xfd, 0xb3, 0x8d, 0x5a, 0x1, 0xf0, 0xc2, 0x75,
    0x80, 0x7e, 0x73, 0x56, 0x0, 0xfe, 0xf8, 0x0,
    0xff, 0x55, 0x80, 0x60,

    /* U+FB7D "ﭽ" */
    0x0, 0x2e, 0xeb, 0x25, 0xcc, 0x3, 0xf1, 0x14,
    0x6d, 0x19, 0xd2, 0x60, 0x1c, 0xff, 0xed, 0xb8,
    0x31, 0x6d, 0x0, 0xfc, 0x48, 0xe8, 0x0, 0x30,
    0xf, 0xf5, 0x38, 0x1e, 0x80, 0x7f, 0x52, 0x88,
    0x19, 0x0, 0x7c, 0xb8, 0xa5, 0xf0, 0x1e, 0x40,
    0x2, 0xcd, 0xfa, 0x34, 0xc1, 0x74, 0x2d, 0xd0,
    0x88, 0xc8, 0x8f, 0x96, 0x20, 0xb, 0x71, 0x20,
    0x3f, 0xf6, 0xce, 0x35, 0x68, 0x2, 0x3b, 0xc4,
    0x3, 0xc, 0x27, 0x58, 0x7, 0xfc, 0xe6, 0xac,
    0x1, 0xff, 0xc0, 0xf8, 0x0, 0xff, 0xe0, 0xd5,
    0x80, 0x7c,

    /* U+FB8A "ﮊ" */
    0x0, 0xf8, 0x84, 0x3, 0xf6, 0x40, 0x7, 0xc5,
    0x7a, 0x20, 0x1c, 0x3a, 0x1d, 0xa0, 0x1c, 0x34,
    0x93, 0x0, 0x1e, 0x51, 0x34, 0x0, 0xf8, 0x8c,
    0x3, 0xf5, 0xe1, 0x80, 0x7d, 0xe0, 0xa0, 0x1f,
    0x18, 0x7, 0xf1, 0x81, 0x80, 0x7d, 0xa0, 0xe0,
    0x1e, 0x44, 0x11, 0x0, 0x39, 0x6c, 0x20, 0x3,
    0x25, 0xd0, 0x42, 0x85, 0x77, 0xda, 0x1e, 0x38,
    0x1, 0x80, 0xdf, 0x30, 0x60, 0x10,

    /* U+FB8B "ﮋ" */
    0x0, 0xf8, 0x84, 0x3, 0xfe, 0xc8, 0x0, 0xff,
    0xaa, 0xc0, 0x3f, 0xc4, 0x86, 0x20, 0x1f, 0x87,
    0x56, 0xf4, 0x3, 0xf0, 0xd2, 0x4c, 0x0, 0x7f,
    0x28, 0x9a, 0x0, 0x7f, 0x8d, 0x0, 0x3f, 0xea,
    0xb2, 0x0, 0xff, 0x78, 0x20, 0x7, 0xf8, 0xc2,
    0xc4, 0x3, 0xf8, 0x80, 0xbb, 0x48, 0x3, 0xeb,
    0x5, 0x12, 0x10, 0xf, 0x31, 0x9a, 0xbb, 0xcc,
    0x3, 0xa2, 0x43, 0xc0, 0x38, 0x4d, 0xf9, 0xc2,
    0x8c, 0x3, 0x6f, 0x64, 0xb, 0x72, 0x80, 0x73,
    0xa3, 0x57, 0xc8, 0x80, 0x78,

    /* U+FB8E "ﮎ" */
    0x0, 0xff, 0xe1, 0xa5, 0x0, 0x7f, 0xf0, 0x5,
    0xfa, 0xd0, 0x3, 0xfc, 0x95, 0xd0, 0xf, 0xe0,
    0x1f, 0x87, 0x2d, 0x4e, 0xba, 0x4, 0x3, 0xf4,
    0x1a, 0x66, 0x14, 0x3, 0xfe, 0x20, 0x83, 0x0,
    0xff, 0xe0, 0xe8, 0x78, 0x7, 0xff, 0x9, 0x98,
    0x74, 0x1, 0xff, 0xc2, 0x93, 0x57, 0x0, 0xff,
    0xe1, 0x68, 0xc2, 0x0, 0x4b, 0xee, 0x1, 0xf0,
    0xe8, 0x48, 0x5, 0xe0, 0xa0, 0x1f, 0x8c, 0xc4,
    0x20, 0x1f, 0xfc, 0x12, 0x30, 0x10, 0x6, 0x7,
    0xa0, 0x7, 0x25, 0x68, 0x38, 0x4, 0xca, 0x57,
    0xf9, 0x8d, 0xfb, 0x51, 0x88, 0x0, 0x6a, 0xc6,
    0x23, 0x3c, 0xf7, 0xce, 0x1, 0x80,

    /* U+FB8F "ﮏ" */
    0x0, 0xff, 0xe2, 0x10, 0x7, 0xff, 0x11, 0x73,
    0x0, 0x1f, 0xfc, 0x11, 0x8e, 0xa3, 0x70, 0xf,
    0xf8, 0xeb, 0x9c, 0xe3, 0xa4, 0x3, 0xfc, 0x98,
    0xa9, 0x7a, 0xe2, 0x1, 0xff, 0x78, 0x55, 0xa0,
    0x7, 0xff, 0x10, 0xc0, 0x3f, 0xf8, 0x90, 0x12,
    0x60, 0x1f, 0xfc, 0x33, 0x90, 0xd1, 0x0, 0xff,
    0xe1, 0xb2, 0x8e, 0x80, 0x78, 0x61, 0x0, 0x3e,
    0xa3, 0x34, 0x80, 0x74, 0xb8, 0x7, 0xf7, 0x3,
    0x30, 0x3, 0x18, 0x28, 0x7, 0xe2, 0x30, 0x93,
    0x0, 0x84, 0x8, 0x3, 0xf1, 0x98, 0x1, 0xa4,
    0x0, 0xf0, 0xd5, 0x0, 0xe4, 0xac, 0xa, 0x71,
    0xdd, 0x3a, 0xb8, 0xd7, 0xe6, 0x37, 0xed, 0x4f,
    0x16, 0x20, 0x44, 0xd0, 0x8d, 0x62, 0x33, 0xcf,
    0x98, 0x30, 0x3, 0xef, 0xd0,

    /* U+FB90 "ﮐ" */
    0x0, 0xff, 0xe3, 0xae, 0x40, 0x7, 0xc, 0x75,
    0x1f, 0x0, 0x49, 0x7c, 0xe1, 0x1c, 0xc0, 0x8,
    0xb4, 0x45, 0x73, 0x88, 0x0, 0x5c, 0x72, 0xd4,
    0x3, 0xf1, 0x80, 0x7c, 0x2c, 0x34, 0x1, 0xfa,
    0x4d, 0x60, 0x3, 0xf6, 0x8b, 0xa8, 0x7, 0xc3,
    0xa1, 0x42, 0x1, 0xf1, 0xc0, 0x48, 0x7, 0xe5,
    0x3, 0x0, 0xfd, 0x40, 0x60, 0x11, 0x66, 0x5c,
    0xe1, 0x40, 0x10, 0x99, 0xc2, 0x78, 0x40, 0x10,

    /* U+FB91 "ﮑ" */
    0x0, 0xff, 0xe4, 0xae, 0x40, 0x7, 0xc3, 0x1d,
    0x47, 0xc0, 0x1c, 0x97, 0xce, 0x11, 0xcc, 0x1,
    0xa2, 0xd1, 0x15, 0xce, 0x20, 0x18, 0x5c, 0x72,
    0xd4, 0x3, 0xfc, 0x60, 0x1f, 0xc2, 0xc3, 0x40,
    0x1f, 0xe9, 0x35, 0x70, 0xf, 0xf6, 0x8c, 0x28,
    0x7, 0xf0, 0xe8, 0x51, 0x0, 0x7f, 0x1c, 0x6,
    0x8, 0x7, 0xf2, 0x80, 0xe8, 0x7, 0xf5, 0x0,
    0xe, 0x80, 0x22, 0xcc, 0xb9, 0xc3, 0x9, 0x7b,
    0x8, 0x4c, 0xe1, 0x4c, 0x3c, 0x50, 0x31,

    /* U+FB92 "ﮒ" */
    0x0, 0xff, 0xe1, 0x8b, 0x0, 0x7f, 0xf0, 0x4e,
    0x7a, 0x0, 0x3f, 0xe6, 0xcc, 0x24, 0xf8, 0x7,
    0xe2, 0x9f, 0x96, 0xbd, 0x2b, 0x0, 0xfd, 0x4f,
    0x1d, 0x67, 0xd6, 0x80, 0x1f, 0xa7, 0x8e, 0xfa,
    0x1, 0xfc, 0x3, 0xfb, 0x2d, 0x4e, 0xba, 0x4,
    0x3, 0xf4, 0x1a, 0x66, 0x14, 0x3, 0xfe, 0x20,
    0x83, 0x0, 0xff, 0xe0, 0xe8, 0x78, 0x7, 0xff,
    0x9, 0x98, 0x74, 0x1, 0xff, 0xc2, 0x93, 0x57,
    0x0, 0xff, 0xe1, 0x68, 0xc2, 0x0, 0x4b, 0xee,
    0x1, 0xf0, 0xe8, 0x48, 0x5, 0xe0, 0xa0, 0x1f,
    0x8c, 0xc4, 0x20, 0x1f, 0xfc, 0x12, 0x30, 0x10,
    0x6, 0x7, 0xa0, 0x7, 0x25, 0x68, 0x38, 0x4,
    0xca, 0x57, 0xf9, 0x8d, 0xfb, 0x51, 0x88, 0x0,
    0x6a, 0xc6, 0x23, 0x3c, 0xf7, 0xce, 0x1, 0x80,

    /* U+FB93 "ﮓ" */
    0x0, 0xff, 0xea, 0x94, 0x68, 0x7, 0xff, 0x9,
    0x2f, 0x5a, 0x80, 0x3f, 0xe1, 0x7e, 0xb7, 0xae,
    0x50, 0xf, 0xf3, 0x74, 0x3e, 0xe0, 0x66, 0x0,
    0x3f, 0xc7, 0x3f, 0x15, 0xd4, 0x6e, 0x1, 0xfe,
    0x55, 0x57, 0x39, 0xc7, 0x48, 0x7, 0xf9, 0x31,
    0x52, 0xf5, 0xc4, 0x3, 0xfe, 0xf0, 0xab, 0x40,
    0xf, 0xfe, 0x21, 0x80, 0x7f, 0xf1, 0x20, 0x24,
    0xc0, 0x3f, 0xf8, 0x67, 0x21, 0xa2, 0x1, 0xff,
    0xc3, 0x65, 0x1d, 0x0, 0xf0, 0xc2, 0x0, 0x7d,
    0x46, 0x69, 0x0, 0xe9, 0x70, 0xf, 0xee, 0x6,
    0x60, 0x6, 0x30, 0x50, 0xf, 0xc4, 0x61, 0x26,
    0x1, 0x8, 0x10, 0x7, 0xe3, 0x30, 0x3, 0x48,
    0x1, 0xe1, 0xaa, 0x1, 0xc9, 0x58, 0x14, 0xe3,
    0xba, 0x75, 0x71, 0xaf, 0xcc, 0x6f, 0xda, 0x9e,
    0x2c, 0x40, 0x89, 0xa1, 0x1a, 0xc4, 0x67, 0x9f,
    0x30, 0x60, 0x7, 0xdf, 0xa0,

    /* U+FB94 "ﮔ" */
    0x0, 0xfc, 0x30, 0xc0, 0x1e, 0x4a, 0xe6, 0x30,
    0x8, 0x5f, 0x6d, 0xa7, 0x94, 0x1, 0x3d, 0x9,
    0x98, 0x3c, 0x80, 0x1, 0x4f, 0xc5, 0xf5, 0x1f,
    0x0, 0x2c, 0xaf, 0x9c, 0x23, 0x98, 0x1, 0x16,
    0x88, 0xae, 0x71, 0x0, 0xb, 0x8e, 0x5a, 0x80,
    0x7e, 0x30, 0xf, 0x85, 0x86, 0x80, 0x3f, 0x49,
    0xac, 0x0, 0x7e, 0xd1, 0x75, 0x0, 0xf8, 0x74,
    0x28, 0x40, 0x3e, 0x38, 0x9, 0x0, 0xfc, 0xa0,
    0x60, 0x1f, 0xa8, 0xc, 0x2, 0x2c, 0xcb, 0x9c,
    0x28, 0x2, 0x13, 0x38, 0x4f, 0x8, 0x2,

    /* U+FB95 "ﮕ" */
    0x0, 0xfc, 0x30, 0xc0, 0x1f, 0x92, 0xb9, 0x8c,
    0x3, 0x85, 0xf6, 0xda, 0x79, 0x40, 0x34, 0xf4,
    0x26, 0x60, 0xf2, 0x0, 0x31, 0x4f, 0xc5, 0xf5,
    0x1f, 0x0, 0x6b, 0x2b, 0xe7, 0x8, 0xe6, 0x0,
    0xd1, 0x68, 0x8a, 0xe7, 0x10, 0xc, 0x2e, 0x39,
    0x6a, 0x1, 0xfe, 0x30, 0xf, 0xe1, 0x61, 0xa0,
    0xf, 0xf4, 0x9a, 0xb8, 0x7, 0xfb, 0x46, 0x14,
    0x3, 0xf8, 0x74, 0x28, 0x80, 0x3f, 0x8e, 0x3,
    0x4, 0x3, 0xf9, 0x40, 0x74, 0x3, 0xfa, 0x80,
    0x7, 0x40, 0x11, 0x66, 0x5c, 0xe1, 0x84, 0xbd,
    0x84, 0x26, 0x70, 0xa6, 0x1e, 0x28, 0x18, 0x80,

    /* U+FBFC "ﯼ" */
    0x0, 0xf8, 0x5a, 0x1c, 0xc0, 0x3f, 0x27, 0x4b,
    0xc6, 0x48, 0x7, 0xd4, 0x15, 0xfc, 0x6c, 0x40,
    0x1f, 0xb, 0x80, 0xee, 0x88, 0x3, 0xd2, 0x3b,
    0x6a, 0x24, 0x5, 0x6c, 0x1, 0x3d, 0xa2, 0x2b,
    0x4, 0x29, 0x14, 0x3, 0x25, 0xf3, 0x1c, 0x81,
    0x81, 0x0, 0x78, 0x70, 0xc, 0x8, 0x10, 0x3,
    0xcb, 0x61, 0xa1, 0x41, 0x54, 0x66, 0x4d, 0xfd,
    0xb, 0x30, 0xe, 0xc5, 0x66, 0x4c, 0x80, 0x97,
    0x20, 0x12, 0x75, 0x44, 0x27, 0x3e, 0xd0, 0x2,

    /* U+FBFD "ﯽ" */
    0x0, 0xff, 0x4f, 0xf2, 0x0, 0xa, 0x94, 0x3,
    0xd0, 0xc4, 0x36, 0x41, 0x6a, 0xc0, 0x1e, 0x40,
    0xeb, 0xe, 0x2, 0x2, 0x0, 0xf5, 0x6, 0x33,
    0x9e, 0x10, 0x28, 0x7, 0x99, 0xc1, 0x21, 0x87,
    0x42, 0xd8, 0x40, 0x2, 0x6e, 0xe0, 0x40, 0x9d,
    0x49, 0x9, 0xef, 0xf7, 0x64, 0x15, 0x90, 0x6,
    0x6e, 0x85, 0x43, 0x47, 0xbd, 0x40, 0xc,

    /* U+FBFE "ﯾ" */
    0x0, 0xbf, 0x40, 0x3f, 0xe1, 0x0, 0x94, 0x18,
    0xb, 0x68, 0x38, 0x4, 0x89, 0x28, 0x7, 0xfa,
    0xc0, 0x18, 0x80, 0x44, 0x0, 0xd7, 0x8f, 0x0,
    0x52, 0xd5, 0x0,

    /* U+FBFF "ﯿ" */
    0x0, 0xbf, 0x40, 0x3f, 0xf9, 0x2a, 0x4, 0x60,
    0x2, 0xda, 0x0, 0x66, 0x90, 0x91, 0x21, 0xc4,
    0x84, 0xff, 0x5e, 0x3b, 0xcc, 0x0, 0x40, 0x22,
    0x0, 0xda, 0xf1, 0xe0, 0x1a, 0x96, 0xa8, 0x0,

    /* U+FE70 "ﹰ" */
    0x0, 0xc6, 0xa9, 0x19, 0xfd, 0xbc, 0x11, 0xdb,
    0x15, 0x65, 0x7b, 0x9d, 0xcc, 0xc7, 0x67, 0xed,
    0x31, 0x80,

    /* U+FE71 "ﹱ" */
    0x0, 0xe3, 0x50, 0x2, 0x46, 0x7f, 0x68, 0x3,
    0x82, 0x3b, 0x60, 0x1, 0x56, 0x57, 0xb8, 0x0,
    0xee, 0x66, 0x3b, 0x0, 0x1f, 0xb4, 0xc6, 0x1,
    0x8, 0x7, 0xff, 0xe8, 0xb3, 0x3c, 0x2, 0x67,
    0xe1,

    /* U+FE72 "ﹲ" */
    0x0, 0x37, 0x40, 0x5, 0x16, 0xe2, 0x0, 0x3d,
    0x3, 0xd0, 0xe5, 0x9, 0x13, 0x10, 0xaa, 0x46,
    0x6d, 0xa8, 0xa7, 0xf9, 0x80, 0x0,

    /* U+FE73 "ﹳ" */
    0x76, 0x0, 0xaa, 0x48, 0x0, 0xa1, 0xba, 0x58,
    0x71, 0x22, 0x0,

    /* U+FE74 "ﹴ" */
    0x0, 0x13, 0x4d, 0x53, 0xb3, 0x1d, 0x3d, 0xfd,
    0x46, 0xc3, 0x1b, 0xf0, 0x5f, 0xdc, 0xfc, 0x70,

    /* U+FE76 "ﹶ" */
    0x0, 0xf8, 0xda, 0xb7, 0x3b, 0x99, 0x8e, 0xcf,
    0xda, 0x63, 0x0,

    /* U+FE77 "ﹷ" */
    0x0, 0xff, 0x1b, 0x56, 0xe0, 0x3, 0xb9, 0x98,
    0xec, 0x0, 0x7e, 0xd3, 0x18, 0x4, 0x20, 0x1f,
    0xff, 0xa2, 0xcc, 0xf0, 0x9, 0x9f, 0x84,

    /* U+FE78 "ﹸ" */
    0x0, 0x3f, 0x40, 0x5, 0x16, 0xe2, 0x0, 0x3d,
    0x3, 0x0, 0x6b, 0x4, 0x81, 0xe8, 0x65, 0x76,
    0xdf, 0x98, 0xff, 0x38, 0x80, 0x0,

    /* U+FE79 "ﹹ" */
    0x0, 0x9f, 0xa0, 0x3, 0xa2, 0xdc, 0x40, 0x31,
    0xe0, 0x18, 0x6, 0xd7, 0xe, 0x0, 0x8f, 0x4f,
    0x70, 0x1, 0xdc, 0xbd, 0x20, 0xb, 0xf5, 0xc0,
    0x38, 0x40, 0x3f, 0xff, 0x45, 0x99, 0xe0, 0x13,
    0x3f, 0x8,

    /* U+FE7A "ﹺ" */
    0x0, 0x85, 0x59, 0x95, 0xdc, 0x90, 0xfc, 0xdf,
    0xc6,

    /* U+FE7B "ﹻ" */
    0x2c, 0xcf, 0x0, 0x99, 0xf8, 0x4f, 0xfe, 0xea,
    0x91, 0x6, 0xae, 0xe4, 0x80, 0x5f, 0x9b, 0xf8,
    0xc0,

    /* U+FE7C "ﹼ" */
    0x0, 0xf3, 0x81, 0x84, 0x30, 0x40, 0x68, 0x0,
    0x40, 0x2, 0x0, 0x1c, 0x41, 0x19, 0x10, 0xf7,
    0x20, 0xd5, 0x7b, 0xa7,

    /* U+FE7D "ﹽ" */
    0x0, 0xf3, 0x80, 0xc, 0x21, 0x82, 0x0, 0x1a,
    0x0, 0x10, 0x8, 0x40, 0x3, 0x88, 0x20, 0x22,
    0x44, 0x3d, 0xc8, 0x1, 0xaa, 0xf7, 0x4e, 0x0,
    0x9e, 0x61, 0x20, 0xf, 0xff, 0xf1, 0x66, 0x78,
    0x4, 0xcf, 0xc2,

    /* U+FE7E "ﹾ" */
    0x8, 0xee, 0x30, 0x3a, 0xd5, 0xca, 0x65, 0x22,
    0xab, 0xe, 0xc4, 0x93, 0x64, 0x3b, 0x51, 0x47,
    0x3b, 0x94, 0x0,

    /* U+FE7F "ﹿ" */
    0x0, 0x3f, 0x6a, 0x80, 0x4b, 0x37, 0x6a, 0x20,
    0x7, 0xb2, 0xb2, 0x28, 0x0, 0x7c, 0x0, 0x3e,
    0x0, 0xca, 0x23, 0x5c, 0x0, 0x3b, 0xb7, 0x1d,
    0x0, 0x2a, 0xee, 0x40, 0x7, 0x8, 0x80, 0x3f,
    0xfe, 0xe5, 0x99, 0xe0, 0x13, 0x3f, 0x8,

    /* U+FE80 "ﺀ" */
    0x0, 0x25, 0x52, 0x40, 0x11, 0x6a, 0xa6, 0x1,
    0x71, 0xbf, 0xd0, 0x50, 0x64, 0x2, 0x0, 0x8c,
    0x3, 0x21, 0x27, 0x4c, 0xac, 0x35, 0x85, 0x98,
    0x9, 0xac, 0x5, 0x36, 0x46, 0xd9, 0xac, 0xd,
    0xd2, 0x60, 0x10,

    /* U+FE81 "ﺁ" */
    0x0, 0xfc, 0x39, 0x22, 0x5, 0x49, 0x56, 0x1d,
    0xf9, 0xa9, 0x2f, 0x3f, 0xdc, 0x70, 0x20, 0x8,
    0x40, 0x38, 0x7e, 0xc0, 0x3f, 0xff, 0xe0, 0x1f,
    0xfd, 0xc0,

    /* U+FE82 "ﺂ" */
    0x0, 0xfc, 0x39, 0x22, 0x5, 0x49, 0x56, 0x1d,
    0xf9, 0xa9, 0x2f, 0x3f, 0xdc, 0x70, 0x20, 0x8,
    0x40, 0x38, 0x7e, 0xc0, 0x3f, 0xff, 0xe0, 0x1f,
    0xfc, 0x61, 0x5, 0x10, 0xe, 0x61, 0xed, 0x30,
    0xa, 0x58, 0x49, 0xc0,

    /* U+FE83 "ﺃ" */
    0x4e, 0xe1, 0x4e, 0x79, 0x3, 0x88, 0x9e, 0xbd,
    0xce, 0x75, 0xa5, 0x88, 0x7, 0xec, 0x3, 0xff,
    0xda,

    /* U+FE84 "ﺄ" */
    0x4e, 0xe1, 0x0, 0x27, 0x3c, 0x80, 0x27, 0x11,
    0x0, 0x1e, 0xbd, 0xc0, 0x7, 0x3a, 0xc0, 0x9,
    0x62, 0x0, 0x87, 0xec, 0x3, 0xff, 0xf2, 0x20,
    0xa2, 0x1, 0x30, 0xf6, 0x98, 0x4b, 0x9, 0x38,

    /* U+FE85 "ﺅ" */
    0x0, 0xd5, 0xf4, 0x1, 0xe3, 0x6f, 0xb0, 0xf,
    0x84, 0x8c, 0x3, 0xc2, 0x7b, 0xa0, 0xf, 0xc,
    0xe7, 0x80, 0x78, 0xdc, 0xc0, 0x3e, 0x1a, 0xee,
    0x38, 0x7, 0x62, 0x88, 0xa1, 0x80, 0x23, 0x23,
    0xfd, 0x8, 0x0, 0x9c, 0x2, 0x24, 0x10, 0x9,
    0x8, 0xff, 0x14, 0x4, 0x2, 0xc6, 0x23, 0x10,
    0x10, 0x8, 0x67, 0x78, 0x8, 0x3, 0xed, 0xa,
    0x0, 0xc2, 0xba, 0x66, 0x70, 0xad, 0xee, 0x51,
    0x2e, 0x0, 0x1c, 0x80, 0xdf, 0x28, 0x2,

    /* U+FE86 "ﺆ" */
    0x0, 0xd5, 0xf4, 0x1, 0xf9, 0x7, 0xec, 0x3,
    0xf3, 0x2a, 0x28, 0x7, 0xe1, 0xb, 0xf0, 0xf,
    0xc5, 0xbf, 0x60, 0x1f, 0x84, 0x95, 0x0, 0x3f,
    0x2f, 0x55, 0xe0, 0x80, 0x70, 0xd0, 0x21, 0x1d,
    0x80, 0x72, 0x82, 0xde, 0x8a, 0x80, 0x73, 0x83,
    0x80, 0x14, 0x3, 0xc6, 0x62, 0xfd, 0x50, 0xdd,
    0x30, 0x5, 0xac, 0x24, 0x20, 0x44, 0xe0, 0x8,
    0x67, 0xb8, 0x7, 0xfe, 0x80, 0xe, 0x1c, 0x9,
    0x0, 0xe1, 0x48, 0xe2, 0x65, 0x0, 0xb7, 0xfa,
    0xdc, 0x22, 0x40, 0x33, 0x9a, 0xbd, 0x7b, 0x80,
    0x70,

    /* U+FE87 "ﺇ" */
    0x1f, 0xb0, 0xf, 0xff, 0x68, 0xfd, 0x82, 0xf7,
    0xa, 0x33, 0x89, 0xa9, 0x9, 0xdd, 0x3, 0xfe,
    0xc3,

    /* U+FE88 "ﺈ" */
    0x1f, 0xb0, 0xf, 0xff, 0xc8, 0x82, 0x88, 0x4,
    0xc3, 0xda, 0x61, 0x2c, 0x24, 0xe0, 0x9, 0xef,
    0x45, 0xee, 0x10, 0x2, 0x33, 0x88, 0x0, 0xd4,
    0x84, 0x0, 0x77, 0x40, 0x80, 0x3f, 0xd8, 0x60,
    0x0,

    /* U+FE89 "ﺉ" */
    0x0, 0x26, 0xf1, 0x80, 0x7f, 0xa3, 0xb8, 0x40,
    0x1f, 0xe5, 0x95, 0x20, 0xf, 0xf1, 0x27, 0x80,
    0x5, 0xa1, 0xcc, 0x3, 0x57, 0x51, 0xa7, 0x4b,
    0xc6, 0x48, 0x4, 0x20, 0x15, 0x5, 0x7f, 0x1b,
    0x10, 0x7, 0xc2, 0xe0, 0x3b, 0xa2, 0x0, 0xf4,
    0x8e, 0xda, 0x89, 0x1, 0x5b, 0x0, 0x4f, 0x68,
    0x8a, 0xc1, 0xa, 0x45, 0x0, 0xc9, 0x7c, 0xc7,
    0x20, 0x60, 0x40, 0x1e, 0x1c, 0x3, 0x2, 0x4,
    0x0, 0xf2, 0xd8, 0x68, 0x50, 0x55, 0x19, 0x93,
    0x7f, 0x42, 0xcc, 0x3, 0xb1, 0x59, 0x93, 0x20,
    0x25, 0xc8, 0x4, 0x9d, 0x51, 0x9, 0xcf, 0xb4,
    0x0, 0x80,

    /* U+FE8A "ﺊ" */
    0x0, 0x97, 0xb8, 0x60, 0x1f, 0xfc, 0x9, 0xde,
    0x20, 0xf, 0xfe, 0x2, 0xc3, 0x28, 0x7, 0xff,
    0x1, 0x43, 0x98, 0x3, 0xff, 0x81, 0x97, 0x4,
    0x1, 0x4f, 0xf2, 0x0, 0xa, 0x94, 0x3, 0xd0,
    0xc4, 0x36, 0x41, 0x6a, 0xc0, 0x1e, 0x40, 0xeb,
    0xe, 0x2, 0x2, 0x0, 0xf5, 0x6, 0x33, 0x9e,
    0x10, 0x28, 0x7, 0x99, 0xc1, 0x21, 0x87, 0x42,
    0xd8, 0x40, 0x2, 0x6e, 0xe0, 0x40, 0x9d, 0x49,
    0x9, 0xef, 0xf7, 0x64, 0x15, 0x90, 0x6, 0x6e,
    0x85, 0x43, 0x47, 0xbd, 0x40, 0xc,

    /* U+FE8B "ﺋ" */
    0x0, 0x26, 0xf2, 0x0, 0x3e, 0x79, 0x40, 0x5,
    0xca, 0x40, 0x3, 0x4e, 0x70, 0x5, 0xf5, 0xa0,
    0x0, 0x40, 0x3d, 0x72, 0x1, 0x91, 0x0, 0x1c,
    0x20, 0x12, 0x83, 0x1, 0x6d, 0x7, 0x0, 0x90,
    0xc2, 0x0,

    /* U+FE8C "ﺌ" */
    0x0, 0x26, 0xf2, 0x0, 0x6f, 0x9e, 0x50, 0xc,
    0x5c, 0xa4, 0x1, 0x8d, 0x39, 0xc0, 0x35, 0xf5,
    0xa0, 0x6, 0x10, 0xf, 0xd7, 0x20, 0x1e, 0x44,
    0x0, 0x7f, 0xf0, 0x54, 0x8, 0x80, 0x2, 0xda,
    0x0, 0x6e, 0x88, 0x48, 0x90, 0xe2, 0x42,

    /* U+FE8D "ﺍ" */
    0x1f, 0xb0, 0xf, 0xfe, 0xf0,

    /* U+FE8E "ﺎ" */
    0x1f, 0xb0, 0xf, 0xff, 0xc8, 0x82, 0x88, 0x4,
    0xc3, 0xda, 0x61, 0x2c, 0x24, 0xe0,

    /* U+FE8F "ﺏ" */
    0x0, 0xff, 0xe1, 0x24, 0xa, 0xfb, 0x80, 0x7f,
    0xc6, 0xe5, 0xe0, 0xa0, 0x1f, 0xf6, 0x80, 0x7f,
    0xf0, 0xd1, 0x44, 0xf0, 0x3d, 0x0, 0x3c, 0x6d,
    0x76, 0xa, 0x6, 0x52, 0xbf, 0xcb, 0xce, 0xfc,
    0x94, 0x46, 0xa0, 0x2, 0xb1, 0x88, 0xd0, 0xcc,
    0x8f, 0x5d, 0x64, 0x1, 0x8e, 0x77, 0xfe, 0xdb,
    0x85, 0x10, 0xf, 0xf8, 0x84, 0x3, 0xff, 0x87,
    0xb2, 0x1, 0xff, 0xc3, 0xba, 0x0, 0xfc,

    /* U+FE90 "ﺐ" */
    0x0, 0xff, 0xe1, 0x24, 0x8, 0x1, 0x7d, 0xc0,
    0x3f, 0xe2, 0x75, 0x0, 0x78, 0x28, 0x7, 0xfd,
    0xc0, 0x20, 0x18, 0xc0, 0x3f, 0xca, 0xe0, 0x40,
    0xc, 0xa, 0x10, 0xf, 0x96, 0xe8, 0x1, 0x42,
    0xc, 0xc4, 0xec, 0x98, 0x9a, 0xcf, 0xa4, 0x46,
    0xb1, 0x75, 0x4, 0xe3, 0xb, 0x3b, 0x20, 0x34,
    0xf5, 0x94, 0xb0, 0x38, 0x0, 0xe7, 0x7f, 0xee,
    0xc9, 0x61, 0x0, 0xa7, 0xf4, 0x3, 0xe2, 0x10,
    0xf, 0xfe, 0x2e, 0xc8, 0x7, 0xff, 0x16, 0xe8,
    0x3, 0xfc,

    /* U+FE91 "ﺑ" */
    0x0, 0xbf, 0x40, 0x3f, 0x84, 0x0, 0xa0, 0xc5,
    0xb4, 0x1c, 0x24, 0x49, 0x43, 0xfd, 0x60, 0xc,
    0x22, 0x0, 0xb2, 0xc0, 0x29, 0x90,

    /* U+FE92 "ﺒ" */
    0x0, 0xbf, 0x40, 0x3f, 0xf9, 0x2a, 0x4, 0x60,
    0x2, 0xda, 0x0, 0x66, 0x90, 0x91, 0x21, 0xc4,
    0x84, 0xff, 0x5e, 0x3b, 0xcc, 0x2, 0x11, 0x0,
    0x7b, 0x2c, 0x3, 0xd3, 0x20, 0x8,

    /* U+FE93 "ﺓ" */
    0x1, 0x10, 0x10, 0x7, 0x47, 0x8e, 0xa8, 0x6,
    0xba, 0x1a, 0x40, 0xc, 0x48, 0xa, 0x20, 0x18,
    0xaa, 0xdc, 0x40, 0x36, 0x2a, 0x47, 0x28, 0x1,
    0x85, 0xbe, 0x86, 0x94, 0x3c, 0x28, 0x17, 0x2,
    0x0, 0x21, 0x0, 0x12, 0x10, 0x8, 0x38, 0x0,
    0x90, 0x42, 0xc2, 0xa9, 0x7a, 0x10, 0x7, 0x44,
    0xab, 0x63, 0x0,

    /* U+FE94 "ﺔ" */
    0x0, 0x8, 0x80, 0x80, 0x3d, 0x1e, 0x5a, 0xa0,
    0x1d, 0x74, 0x54, 0x80, 0x1c, 0x48, 0xc, 0x60,
    0x1e, 0x16, 0xc9, 0x0, 0xc3, 0x5d, 0x20, 0xe0,
    0x1b, 0x16, 0x38, 0x8c, 0x2, 0x62, 0xa7, 0x17,
    0x2, 0x0, 0x70, 0x19, 0x2b, 0x4, 0x0, 0x28,
    0xa7, 0x68, 0x88, 0xbd, 0x65, 0xb9, 0x79, 0xd8,
    0x82, 0xa0,

    /* U+FE95 "ﺕ" */
    0x0, 0xf1, 0x0, 0x88, 0x3, 0xff, 0x80, 0x5a,
    0x95, 0xa0, 0x1f, 0x90, 0x80, 0x5, 0x4b, 0x1e,
    0x1, 0x9f, 0x49, 0xed, 0xc0, 0x25, 0x13, 0x30,
    0x7, 0x13, 0x68, 0x20, 0x7, 0xfd, 0x80, 0xc0,
    0x2, 0x0, 0xff, 0x32, 0x11, 0x3c, 0x39, 0x0,
    0x3c, 0x6f, 0x92, 0x1c, 0xa, 0xc5, 0x7f, 0x99,
    0x77, 0xe4, 0x1a, 0xf1, 0x80, 0x27, 0x18, 0x8c,
    0xf2, 0x3d, 0x75, 0x8, 0x0,

    /* U+FE96 "ﺖ" */
    0x0, 0xf1, 0x0, 0x88, 0x3, 0xff, 0x84, 0x5a,
    0x95, 0xa0, 0x1f, 0xe4, 0x20, 0x1, 0x52, 0xc7,
    0x80, 0x66, 0xd2, 0x0, 0x3d, 0xb8, 0x4, 0xa2,
    0x66, 0x0, 0xe2, 0x60, 0x6, 0x82, 0x0, 0x7f,
    0xde, 0x2, 0x1, 0x8c, 0x3, 0xfc, 0xec, 0x4,
    0x0, 0xf0, 0xe2, 0x0, 0xf9, 0x72, 0x0, 0x14,
    0x20, 0xae, 0x7b, 0x93, 0x13, 0x5b, 0xf4, 0x69,
    0xac, 0x5d, 0x41, 0x18, 0xc2, 0xce, 0xc8, 0x2d,
    0x5d, 0x65, 0x2c, 0xe,

    /* U+FE97 "ﺗ" */
    0x0, 0x10, 0x8, 0x80, 0x1a, 0xf1, 0xe0, 0xa,
    0x5a, 0xa0, 0x1, 0x48, 0xd0, 0x2, 0x11, 0x0,
    0x6e, 0xc0, 0xf, 0xf8, 0x40, 0x25, 0x5, 0x2,
    0xda, 0xa, 0x1, 0x22, 0x49, 0x80,

    /* U+FE98 "ﺘ" */
    0x0, 0x10, 0x8, 0x80, 0x36, 0xbc, 0x78, 0x6,
    0xa5, 0xaa, 0x0, 0x65, 0x23, 0x40, 0xe, 0x11,
    0x0, 0x7b, 0xb0, 0x3, 0xff, 0x92, 0xa0, 0x46,
    0x0, 0x2d, 0xa0, 0x6, 0x69, 0x9, 0x12, 0x1c,
    0x48, 0x40,

    /* U+FE99 "ﺙ" */
    0x0, 0xf8, 0x44, 0x1, 0xff, 0xc3, 0xe9, 0x0,
    0xff, 0xe1, 0x15, 0x60, 0x80, 0x7f, 0xf0, 0xb,
    0x47, 0xf4, 0x3, 0xf2, 0x10, 0x0, 0xa9, 0x63,
    0xc0, 0x33, 0xe9, 0x3d, 0xb8, 0x4, 0xa2, 0x66,
    0x0, 0xe2, 0x6d, 0x4, 0x0, 0xff, 0xb0, 0x18,
    0x0, 0x40, 0x1f, 0xe6, 0x42, 0x27, 0x87, 0x20,
    0x7, 0x8d, 0xf2, 0x43, 0x81, 0x58, 0xaf, 0xf3,
    0x2e, 0xfc, 0x83, 0x5e, 0x30, 0x4, 0xe3, 0x11,
    0x9e, 0x47, 0xae, 0xa1, 0x0, 0x0,

    /* U+FE9A "ﺚ" */
    0x0, 0xf8, 0x44, 0x1, 0xff, 0xc5, 0xe9, 0x0,
    0xff, 0xe2, 0x15, 0x60, 0x80, 0x7f, 0xf0, 0x8b,
    0x47, 0xf4, 0x3, 0xfc, 0x84, 0x0, 0x2a, 0x58,
    0xf0, 0xc, 0xda, 0x40, 0x7, 0xb7, 0x0, 0x94,
    0x4c, 0xc0, 0x1c, 0x4c, 0x0, 0xd0, 0x40, 0xf,
    0xfb, 0xc0, 0x40, 0x31, 0x80, 0x7f, 0x9d, 0x80,
    0x80, 0x1e, 0x1c, 0x40, 0x1f, 0x2e, 0x40, 0x2,
    0x84, 0x15, 0xcf, 0x72, 0x62, 0x6b, 0x7e, 0x8d,
    0x35, 0x8b, 0xa8, 0x23, 0x18, 0x59, 0xd9, 0x5,
    0xab, 0xac, 0xa5, 0x81, 0xc0,

    /* U+FE9B "ﺛ" */
    0x0, 0x84, 0x40, 0x1b, 0x2c, 0x2, 0x28, 0xe1,
    0x0, 0x69, 0x6f, 0x80, 0x29, 0x6a, 0x80, 0x5,
    0x23, 0x40, 0x8, 0x44, 0x1, 0xbb, 0x0, 0x3f,
    0xe1, 0x0, 0x94, 0x14, 0xb, 0x68, 0x28, 0x4,
    0x89, 0x26, 0x0,

    /* U+FE9C "ﺜ" */
    0x0, 0x84, 0x40, 0x1e, 0xcb, 0x0, 0xe2, 0x8e,
    0x10, 0xd, 0xa5, 0xbe, 0x1, 0xa9, 0x6a, 0x80,
    0x19, 0x48, 0xd0, 0x3, 0x84, 0x40, 0x1e, 0xec,
    0x0, 0xff, 0xe4, 0xa8, 0x11, 0x80, 0xb, 0x68,
    0x1, 0x9a, 0x42, 0x44, 0x87, 0x12, 0x10,

    /* U+FE9D "ﺝ" */
    0x39, 0xce, 0xff, 0x77, 0x2e, 0x0, 0x8, 0xc0,
    0x8a, 0x2, 0x24, 0x50, 0x3, 0x7e, 0x7a, 0x83,
    0x5f, 0xe8, 0x0, 0x41, 0xa8, 0xb6, 0x50, 0x3,
    0x8a, 0x4b, 0x8, 0x3, 0xeb, 0x9, 0x10, 0xf,
    0xce, 0x28, 0x0, 0x37, 0x0, 0xe1, 0x20, 0x9,
    0x20, 0x3, 0xc2, 0x1, 0x3f, 0x80, 0x72, 0x12,
    0x0, 0x7f, 0x40, 0x5a, 0x80, 0x70, 0xb8, 0x1d,
    0x5, 0x75, 0xd5, 0x37, 0xa4, 0x0, 0xbc, 0xe4,
    0xab, 0x3, 0x68,

    /* U+FE9E "ﺞ" */
    0x39, 0xce, 0xff, 0x76, 0xdb, 0x80, 0x48, 0xc4,
    0x44, 0x1, 0x24, 0x90, 0x9, 0x77, 0xbd, 0x40,
    0x41, 0x3c, 0x2, 0x22, 0x1e, 0xc, 0xf2, 0x28,
    0x80, 0x76, 0x86, 0x30, 0x70, 0xa0, 0x6, 0x71,
    0x83, 0x0, 0x28, 0xc0, 0x6, 0xa0, 0x70, 0xd,
    0x6, 0xe0, 0x11, 0x18, 0x0, 0x5c, 0x99, 0x23,
    0x44, 0x3, 0x8e, 0x18, 0x2d, 0x48, 0x0, 0x46,
    0x20, 0x5e, 0x80, 0xa, 0xf1, 0xa, 0xb, 0x0,
    0xff, 0x39, 0x2e, 0x28, 0x80, 0xe, 0x34, 0x2,
    0xc5, 0x3a, 0xef, 0xf6, 0x38, 0x80, 0x43, 0x5d,
    0x4e, 0xcc, 0x8c, 0xc0, 0x0,

    /* U+FE9F "ﺟ" */
    0x0, 0x3f, 0xfb, 0xb2, 0x54, 0x40, 0x30, 0x90,
    0x88, 0xda, 0xba, 0xd4, 0x0, 0xdb, 0xdf, 0xd6,
    0xe0, 0x96, 0x1, 0xe1, 0x75, 0x1, 0x90, 0xf,
    0x2e, 0x13, 0x73, 0x80, 0x63, 0xaa, 0xd, 0xc8,
    0x0, 0xb3, 0x7f, 0x14, 0xf1, 0x0, 0x21, 0x32,
    0x23, 0x5e, 0x10, 0x6, 0x3f, 0xf6, 0xca, 0x0,
    0x7f, 0xf0, 0x4, 0x40, 0x1f, 0xef, 0x80, 0xf,
    0xf5, 0x50, 0x3, 0x0,

    /* U+FEA0 "ﺠ" */
    0x0, 0x3f, 0xfb, 0xb2, 0x54, 0x40, 0x3e, 0x12,
    0x11, 0x1b, 0x57, 0x5a, 0x80, 0x73, 0x6f, 0x7f,
    0x5b, 0x82, 0x58, 0x7, 0xf0, 0xbb, 0x0, 0xc8,
    0x7, 0xf2, 0xe0, 0x80, 0x1c, 0x3, 0xe3, 0xaa,
    0xd, 0xb0, 0xe0, 0x80, 0xb, 0x37, 0xf1, 0x4f,
    0x12, 0x4c, 0xdd, 0x82, 0x23, 0x22, 0x35, 0xe1,
    0x0, 0x35, 0x84, 0xc0, 0xff, 0xdb, 0x28, 0x1,
    0x86, 0x7b, 0xc4, 0x3, 0xc2, 0x20, 0xf, 0xfe,
    0xf, 0xc0, 0x7, 0xff, 0x6, 0xa8, 0x1, 0xf0,

    /* U+FEA1 "ﺡ" */
    0x3, 0x68, 0x99, 0xa1, 0x48, 0x0, 0xf9, 0x2e,
    0xcd, 0x3d, 0x60, 0x0, 0xa3, 0x35, 0x80, 0x6,
    0xf0, 0x0, 0x57, 0x2e, 0x64, 0xdc, 0x86, 0x0,
    0xd4, 0x71, 0x64, 0x1, 0xe5, 0x45, 0x70, 0xf,
    0xdc, 0x16, 0x1, 0xfc, 0x84, 0x20, 0x1f, 0xe1,
    0x0, 0xff, 0x9, 0x0, 0x7f, 0x90, 0x54, 0x3,
    0xfa, 0x2, 0x98, 0x3, 0x8a, 0x0, 0xac, 0x27,
    0xee, 0xa9, 0xba, 0x60, 0x2, 0x74, 0x22, 0xac,
    0xd, 0xa0,

    /* U+FEA2 "ﺢ" */
    0x3, 0x68, 0x99, 0xa1, 0x48, 0x2, 0x7c, 0x97,
    0x66, 0x9e, 0xb0, 0x2, 0x28, 0xcd, 0x60, 0x8,
    0xe0, 0x2, 0x57, 0x2e, 0x64, 0xc3, 0x16, 0x0,
    0xea, 0x37, 0xb3, 0xa2, 0x30, 0xc, 0xa8, 0xb0,
    0x0, 0x61, 0x80, 0xd, 0xc1, 0x0, 0x1a, 0x51,
    0xc0, 0x24, 0x22, 0x0, 0x67, 0x38, 0xd1, 0x0,
    0x8, 0x7, 0xb5, 0x48, 0x0, 0x24, 0x1, 0xe1,
    0xaf, 0x10, 0x41, 0x50, 0xf, 0xf4, 0x5, 0x30,
    0x7, 0x14, 0x0, 0xa, 0xc2, 0x7e, 0xea, 0x9b,
    0xa6, 0x0, 0x93, 0xa1, 0x15, 0x60, 0x6d, 0x0,

    /* U+FEA3 "ﺣ" */
    0x0, 0x3f, 0xfb, 0xb2, 0x54, 0x40, 0x30, 0x90,
    0x88, 0xda, 0xba, 0xd4, 0x0, 0xdb, 0xdf, 0xd6,
    0xe0, 0x96, 0x1, 0xe1, 0x75, 0x1, 0x90, 0xf,
    0x2e, 0x13, 0x73, 0x80, 0x63, 0xaa, 0xd, 0xc8,
    0x0, 0xb3, 0x7f, 0x14, 0xf1, 0x0, 0x21, 0x32,
    0x23, 0x5e, 0x10, 0x6,

    /* U+FEA4 "ﺤ" */
    0x0, 0x3f, 0xfb, 0xb2, 0x54, 0x40, 0x3e, 0x12,
    0x11, 0x1b, 0x57, 0x5a, 0x80, 0x73, 0x6f, 0x7f,
    0x5b, 0x82, 0x58, 0x7, 0xf0, 0xbb, 0x0, 0xc8,
    0x7, 0xf2, 0xe0, 0x80, 0x1c, 0x3, 0xe3, 0xaa,
    0xd, 0xb0, 0xe0, 0x80, 0xb, 0x37, 0xf1, 0x4f,
    0x12, 0x4c, 0xdd, 0x82, 0x23, 0x22, 0x35, 0xe1,
    0x0, 0x35, 0x84, 0xc0,

    /* U+FEA5 "ﺥ" */
    0x0, 0xe2, 0x0, 0xff, 0x36, 0x88, 0x7, 0xf2,
    0x50, 0x80, 0x78, 0xda, 0x2f, 0x26, 0x14, 0x80,
    0xf, 0x92, 0xec, 0xd3, 0xd6, 0x0, 0xa, 0x33,
    0x58, 0x0, 0x6f, 0x0, 0x5, 0x72, 0xe6, 0x4d,
    0xc8, 0x60, 0xd, 0x47, 0x16, 0x40, 0x1e, 0x54,
    0x57, 0x0, 0xfd, 0xc1, 0x60, 0x1f, 0xc8, 0x42,
    0x1, 0xfe, 0x10, 0xf, 0xf0, 0x90, 0x7, 0xf9,
    0x5, 0x40, 0x3f, 0xa0, 0x29, 0x80, 0x38, 0xa0,
    0xa, 0xc2, 0x7e, 0xea, 0x9b, 0xa6, 0x0, 0x27,
    0x42, 0x2a, 0xc0, 0xda,

    /* U+FEA6 "ﺦ" */
    0x0, 0xe2, 0x0, 0xff, 0x9b, 0x44, 0x3, 0xfc,
    0x94, 0x20, 0x1f, 0xe2, 0x50, 0xf, 0xc6, 0xd1,
    0x33, 0x42, 0x90, 0x4, 0xf9, 0x2e, 0xcd, 0x3d,
    0x60, 0x4, 0x51, 0x9a, 0xc0, 0x11, 0xc0, 0x4,
    0xae, 0x5c, 0xc9, 0x86, 0x2c, 0x1, 0xd4, 0x6f,
    0x67, 0x44, 0x60, 0x19, 0x51, 0x60, 0x0, 0xc3,
    0x0, 0x1b, 0x82, 0x0, 0x34, 0xa3, 0x80, 0x48,
    0x44, 0x0, 0xce, 0x71, 0xa2, 0x0, 0x10, 0xf,
    0x6a, 0x90, 0x0, 0x48, 0x3, 0xc3, 0x5e, 0x20,
    0x82, 0xa0, 0x1f, 0xe8, 0xa, 0x60, 0xe, 0x28,
    0x0, 0x15, 0x84, 0xfd, 0xd5, 0x37, 0x4c, 0x1,
    0x27, 0x42, 0x2a, 0xc0, 0xda, 0x0,

    /* U+FEA7 "ﺧ" */
    0x0, 0xf0, 0x88, 0x3, 0xfd, 0xf0, 0x1, 0xfe,
    0xaa, 0x0, 0x7f, 0x90, 0xc0, 0x3c, 0xff, 0xee,
    0xc9, 0x51, 0x0, 0xc2, 0x42, 0x23, 0x6a, 0xeb,
    0x50, 0x3, 0x6f, 0x7f, 0x5b, 0x82, 0x58, 0x7,
    0x85, 0xd4, 0x6, 0x40, 0x3c, 0xb8, 0x4d, 0xce,
    0x1, 0x8e, 0xa8, 0x37, 0x20, 0x2, 0xcd, 0xfc,
    0x53, 0xc4, 0x0, 0x84, 0xc8, 0x8d, 0x78, 0x40,
    0x18,

    /* U+FEA8 "ﺨ" */
    0x0, 0xf0, 0x88, 0x3, 0xff, 0x83, 0xf0, 0x1,
    0xff, 0xc1, 0xaa, 0x0, 0x7f, 0xf0, 0x50, 0xc0,
    0x3f, 0x9f, 0xfd, 0xd9, 0x2a, 0x20, 0x1f, 0x9,
    0x8, 0x8d, 0xab, 0xad, 0x40, 0x39, 0xb7, 0xbf,
    0xad, 0xc1, 0x2c, 0x3, 0xf8, 0x5d, 0x80, 0x64,
    0x3, 0xf9, 0x70, 0x40, 0xe, 0x1, 0xf1, 0xd5,
    0x6, 0xd8, 0x70, 0x40, 0x5, 0x9b, 0xf8, 0xa7,
    0x89, 0x26, 0x6e, 0xc1, 0x11, 0x91, 0x1a, 0xf0,
    0x80, 0x1a, 0xc2, 0x60,

    /* U+FEA9 "ﺩ" */
    0x0, 0x2c, 0x18, 0x6, 0x45, 0xc3, 0x0, 0x87,
    0xc3, 0x40, 0x31, 0x38, 0xb0, 0x6, 0xa0, 0xc0,
    0xf, 0x8, 0x4, 0x3c, 0x19, 0x8d, 0xd7, 0x19,
    0x3a, 0x99, 0x11, 0xf0, 0x0,

    /* U+FEAA "ﺪ" */
    0x0, 0x2c, 0x18, 0x7, 0xc8, 0xb8, 0x60, 0x1e,
    0x1c, 0xe, 0x0, 0xf8, 0x5c, 0x94, 0x3, 0xea,
    0xf, 0x0, 0xfe, 0x70, 0xf, 0xf, 0x1, 0x30,
    0x2, 0x73, 0x1c, 0x64, 0x49, 0xd8, 0x53, 0x31,
    0x3e, 0x79, 0x91, 0x80,

    /* U+FEAB "ﺫ" */
    0x0, 0x8, 0x80, 0x3b, 0x2c, 0x3, 0xa6, 0x40,
    0x1c, 0x86, 0x1, 0xcd, 0x6c, 0x1, 0x98, 0x25,
    0x40, 0x35, 0xd, 0x80, 0x61, 0x91, 0x70, 0xc,
    0xa1, 0x80, 0x1f, 0xe2, 0xe0, 0xcc, 0x6e, 0xc6,
    0x4e, 0xa6, 0x44, 0x7d, 0x0,

    /* U+FEAC "ﺬ" */
    0x0, 0x8, 0x80, 0x3f, 0x65, 0x80, 0x7e, 0x99,
    0x0, 0x7e, 0x43, 0x0, 0xfc, 0xd4, 0xa0, 0x1f,
    0x33, 0x28, 0xc0, 0x3e, 0xd1, 0xe0, 0xf, 0x86,
    0x49, 0x40, 0x3e, 0x50, 0xf0, 0xf, 0xe7, 0x0,
    0xf1, 0x70, 0x13, 0x0, 0x27, 0x31, 0xa6, 0x44,
    0x9d, 0x85, 0x33, 0x13, 0xe7, 0x99, 0x18,

    /* U+FEAD "ﺭ" */
    0x0, 0xf9, 0x9c, 0x3, 0xf7, 0x42, 0x0, 0x7d,
    0xc0, 0x40, 0x1f, 0x18, 0x7, 0xf1, 0x1, 0x80,
    0x7d, 0x60, 0xe0, 0x1e, 0x53, 0x31, 0x0, 0x72,
    0xd0, 0x40, 0x6, 0x5b, 0xa0, 0x94, 0xa, 0xef,
    0xa4, 0x3c, 0x60, 0x3, 0x1, 0xbe, 0x60, 0xc0,
    0x20,

    /* U+FEAE "ﺮ" */
    0x0, 0xf9, 0x9c, 0x3, 0xfe, 0xe8, 0x30, 0xf,
    0xf7, 0x2, 0x0, 0x7f, 0x8c, 0x24, 0x40, 0x3f,
    0x88, 0x7, 0xb4, 0x80, 0x3e, 0xb0, 0x51, 0x21,
    0x0, 0xf3, 0x99, 0xab, 0xbc, 0xc0, 0x3a, 0x20,
    0x1e, 0x1, 0xc2, 0x71, 0xce, 0x14, 0x60, 0x1b,
    0x7b, 0x1c, 0x5b, 0x94, 0x3, 0x9d, 0x1a, 0xbe,
    0x44, 0x3, 0xc0,

    /* U+FEAF "ﺯ" */
    0x0, 0xf8, 0x84, 0x3, 0xf6, 0x40, 0x7, 0xea,
    0xb0, 0xf, 0xc8, 0x40, 0x1f, 0x88, 0xc0, 0x3f,
    0x5e, 0x18, 0x7, 0xde, 0xa, 0x1, 0xf1, 0x80,
    0x7f, 0x18, 0x18, 0x7, 0xda, 0xe, 0x1, 0xe4,
    0x41, 0x10, 0x3, 0x96, 0xc2, 0x0, 0x32, 0x5d,
    0x4, 0x28, 0x57, 0x7d, 0xa1, 0xe3, 0x80, 0x18,
    0xd, 0xf3, 0x6, 0x1, 0x0,

    /* U+FEB0 "ﺰ" */
    0x0, 0xf8, 0x84, 0x3, 0xfe, 0xc8, 0x0, 0xff,
    0xaa, 0xc0, 0x3f, 0xe4, 0x20, 0xf, 0xf8, 0xd0,
    0x3, 0xfe, 0xab, 0x20, 0xf, 0xf7, 0x82, 0x0,
    0x7f, 0x8c, 0x2c, 0x40, 0x3f, 0x88, 0xb, 0xb4,
    0x80, 0x3e, 0xb0, 0x51, 0x21, 0x0, 0xf3, 0x19,
    0xab, 0xbc, 0xc0, 0x3a, 0x24, 0x3c, 0x3, 0x84,
    0xdf, 0x9c, 0x28, 0xc0, 0x36, 0xf6, 0x40, 0xb7,
    0x28, 0x7, 0x3a, 0x35, 0x7c, 0x88, 0x7, 0x80,

    /* U+FEB1 "ﺱ" */
    0x0, 0xff, 0xe4, 0x43, 0x0, 0x7f, 0xf2, 0x1e,
    0x80, 0x3f, 0xb7, 0x80, 0x22, 0xfb, 0x0, 0xff,
    0xe1, 0x20, 0x98, 0x0, 0x40, 0x30, 0x83, 0x83,
    0x38, 0x7, 0xb0, 0x2c, 0x0, 0xa0, 0xa0, 0x3,
    0x1, 0x29, 0xd0, 0xf, 0x30, 0x3a, 0xd, 0x80,
    0xc8, 0xd8, 0x6a, 0x87, 0x80, 0x7f, 0x5f, 0x13,
    0x3, 0x73, 0xb, 0x68, 0x38, 0x7, 0x94, 0x10,
    0x41, 0x27, 0xc, 0xf, 0x4, 0x40, 0x60, 0x1e,
    0xa0, 0x8e, 0xfb, 0x3, 0xcf, 0xc2, 0x1, 0x2,
    0x0, 0xe7, 0x33, 0x80, 0x3f, 0xd8, 0x1e, 0x82,
    0x7, 0x30, 0x1e, 0x1, 0xff, 0x32, 0x1d, 0xf7,
    0xe3, 0xe, 0x18, 0x7, 0xff, 0x2, 0xe9, 0x4c,
    0xc9, 0x3c, 0x60, 0x1f, 0xfc, 0x0,

    /* U+FEB2 "ﺲ" */
    0x0, 0xff, 0xe4, 0x43, 0x0, 0x7f, 0xf2, 0xde,
    0x80, 0x3f, 0xf8, 0x1b, 0xc0, 0x10, 0xfd, 0x80,
    0x7f, 0xf1, 0x50, 0x48, 0x0, 0x60, 0x1f, 0xf3,
    0x38, 0x7, 0xb0, 0x14, 0x0, 0xe0, 0xa0, 0x2,
    0x1, 0x0, 0x8a, 0x74, 0x3, 0xcc, 0x12, 0x21,
    0xc0, 0x2c, 0x8, 0x4, 0xc0, 0x5, 0xf, 0x0,
    0xfc, 0x3f, 0xa8, 0x80, 0x9d, 0x90, 0x4, 0xec,
    0x68, 0x38, 0x7, 0x94, 0x8, 0x9, 0x2a, 0x84,
    0x55, 0x49, 0x10, 0xc4, 0xc, 0x3, 0xd4, 0x1d,
    0xcf, 0xb1, 0x5d, 0xfd, 0x56, 0xdf, 0xb1, 0x2,
    0x0, 0xe7, 0x32, 0x30, 0xf, 0xfe, 0xe, 0x7,
    0xa0, 0x81, 0xcc, 0x4, 0x80, 0x7f, 0xf0, 0x99,
    0xe, 0xfb, 0xf1, 0x86, 0xd0, 0x3, 0xff, 0x87,
    0x74, 0xa6, 0x64, 0x8f, 0x40, 0xf, 0xfe, 0x18,

    /* U+FEB3 "ﺳ" */
    0x0, 0xff, 0xe1, 0x2c, 0x0, 0x7f, 0xf0, 0xf9,
    0xc4, 0x2, 0x4f, 0x80, 0xb, 0x3c, 0x3, 0xff,
    0x86, 0x20, 0x20, 0x1f, 0x88, 0xc, 0x2, 0x20,
    0x20, 0x3, 0x80, 0x80, 0x6, 0xc1, 0xc, 0x18,
    0x1, 0x0, 0x46, 0x40, 0x59, 0xc4, 0x21, 0x9b,
    0x22, 0x69, 0xda, 0x10, 0x2, 0x60, 0xbe, 0xe4,
    0x55, 0x72, 0x9, 0x4a, 0x80,

    /* U+FEB4 "ﺴ" */
    0x0, 0xff, 0xe1, 0x2c, 0x0, 0x7f, 0xf1, 0xb9,
    0xc4, 0x3, 0xc9, 0xf0, 0x1, 0x67, 0x80, 0x7f,
    0xf1, 0x84, 0x4, 0x3, 0xfe, 0x20, 0x30, 0x8,
    0x80, 0x80, 0xe, 0x4, 0x1, 0xc3, 0x60, 0x86,
    0xc, 0x0, 0x80, 0x23, 0x8, 0x0, 0x8b, 0x38,
    0x84, 0x33, 0x64, 0x4d, 0x3b, 0x40, 0x9, 0xd8,
    0x2, 0x60, 0xbf, 0x44, 0x55, 0x72, 0x8, 0x9e,
    0xd0, 0x4c, 0x0,

    /* U+FEB5 "ﺵ" */
    0x0, 0xff, 0xe0, 0x9, 0x0, 0x7f, 0xf2, 0x23,
    0x0, 0x3f, 0xf9, 0x15, 0x40, 0xf, 0xfe, 0x38,
    0x92, 0x10, 0x7, 0xff, 0x1b, 0x6d, 0x74, 0x40,
    0x3f, 0xf8, 0xb1, 0x29, 0x42, 0x1, 0x8c, 0x80,
    0x3f, 0xe4, 0x31, 0x50, 0xe, 0xce, 0x0, 0xfe,
    0xbc, 0x0, 0x87, 0x64, 0x3, 0xff, 0x84, 0x46,
    0x40, 0x2, 0x28, 0x3, 0x38, 0x44, 0x80, 0x7b,
    0x2, 0x80, 0xa, 0xa, 0x0, 0x20, 0x13, 0x70,
    0xf, 0x98, 0x1d, 0x6, 0xc0, 0x64, 0x6c, 0xa,
    0xc3, 0x40, 0x3f, 0xaf, 0x89, 0x81, 0xb9, 0x82,
    0x48, 0x14, 0x3, 0xcc, 0x8, 0x20, 0x93, 0x86,
    0x7, 0x82, 0x20, 0xf, 0xd2, 0x11, 0xdf, 0x60,
    0x79, 0xf8, 0x60, 0x20, 0x40, 0x1c, 0xc6, 0x70,
    0x7, 0xfb, 0xc3, 0x90, 0x40, 0xe6, 0x41, 0xe0,
    0x1f, 0xf2, 0xa1, 0x5f, 0x7e, 0x30, 0xe1, 0x80,
    0x7f, 0xf0, 0x2e, 0x94, 0xcc, 0x93, 0xc6, 0x1,
    0xff, 0xc0,

    /* U+FEB6 "ﺶ" */
    0x0, 0xff, 0xe0, 0x9, 0x0, 0x7f, 0xf2, 0xe3,
    0x0, 0x3f, 0xf9, 0x75, 0x40, 0xf, 0xfe, 0x50,
    0x92, 0x10, 0x7, 0xff, 0x27, 0x6d, 0x74, 0x40,
    0x3f, 0xf9, 0x11, 0x29, 0x42, 0x1, 0x8c, 0x80,
    0x3f, 0xf8, 0x48, 0x62, 0xa0, 0x1d, 0x9c, 0x1,
    0xff, 0xc0, 0xab, 0x0, 0x87, 0x20, 0x3, 0xff,
    0x8c, 0x82, 0x0, 0x33, 0x80, 0x3f, 0x95, 0x80,
    0x3d, 0xe0, 0xe0, 0x7, 0x6, 0x0, 0x8, 0x8,
    0x4, 0x55, 0x80, 0x1e, 0x60, 0xb1, 0xe, 0x2,
    0x50, 0x70, 0x25, 0x0, 0x28, 0x78, 0x7, 0xe2,
    0xfd, 0x44, 0x5, 0x6c, 0x80, 0x2b, 0x63, 0x41,
    0xc0, 0x3c, 0xc0, 0x40, 0x49, 0x54, 0x22, 0xaa,
    0x48, 0x86, 0x20, 0x60, 0x1e, 0xe0, 0xee, 0x7d,
    0x8a, 0xef, 0xea, 0xb6, 0xfd, 0x88, 0x10, 0x7,
    0x32, 0x11, 0x80, 0x7f, 0xf0, 0x70, 0x3d, 0x4,
    0xe, 0x64, 0x12, 0x1, 0xff, 0xc2, 0x63, 0x35,
    0xf7, 0xe3, 0xd, 0xa0, 0x7, 0xff, 0xf, 0x29,
    0x4c, 0xc9, 0x1e, 0x80, 0x1f, 0xfc, 0x30,

    /* U+FEB7 "ﺷ" */
    0x0, 0xfe, 0x20, 0xf, 0xfe, 0x1b, 0xe8, 0x7,
    0xff, 0xd, 0x68, 0x3, 0xff, 0x84, 0x26, 0xa4,
    0x1, 0xff, 0xc1, 0xbc, 0x3d, 0x40, 0xf, 0xfe,
    0x4, 0xc8, 0xa9, 0x40, 0x4, 0x60, 0x1f, 0x8d,
    0x5, 0x44, 0x1, 0x38, 0x20, 0x11, 0xe3, 0x0,
    0x53, 0x80, 0x1f, 0xce, 0x7c, 0x1, 0x21, 0x88,
    0x7, 0xe2, 0x2, 0x0, 0x88, 0x8, 0x0, 0xe0,
    0x20, 0x15, 0x82, 0x90, 0x30, 0x2, 0x0, 0x4c,
    0x80, 0xb3, 0xc8, 0x43, 0x75, 0x22, 0x69, 0xdc,
    0xb, 0x1, 0x30, 0x5f, 0x72, 0x2a, 0xb9, 0x4,
    0x52, 0xc0,

    /* U+FEB8 "ﺸ" */
    0x0, 0xfe, 0x20, 0xf, 0xfe, 0x33, 0xe8, 0x7,
    0xff, 0x19, 0x68, 0x3, 0xff, 0x8a, 0x26, 0xa4,
    0x1, 0xff, 0xc4, 0xbc, 0x3d, 0x40, 0xf, 0xfe,
    0x1c, 0xc8, 0xa9, 0x40, 0x4, 0x60, 0x1f, 0xf1,
    0xa0, 0xa8, 0x80, 0x27, 0x4, 0x3, 0xc7, 0x8c,
    0x1, 0x4e, 0x0, 0x7f, 0xf0, 0x1c, 0xf8, 0x2,
    0x43, 0x10, 0xf, 0xf8, 0x80, 0x80, 0x22, 0x2,
    0x0, 0x38, 0x10, 0x7, 0xac, 0x14, 0x81, 0x80,
    0x10, 0x2, 0x61, 0x0, 0x11, 0x67, 0x90, 0x86,
    0xea, 0x44, 0xd3, 0xb8, 0x0, 0x4e, 0xc0, 0x13,
    0x5, 0xfa, 0x22, 0xab, 0x90, 0x44, 0xf6, 0x82,
    0x60,

    /* U+FEB9 "ﺹ" */
    0x0, 0xff, 0xe1, 0xae, 0x7f, 0xad, 0x0, 0x3f,
    0xf8, 0x43, 0x74, 0x67, 0x25, 0x98, 0x7, 0xf1,
    0x90, 0x17, 0xa3, 0x76, 0x62, 0x82, 0x81, 0x14,
    0x3, 0xdf, 0x85, 0x83, 0x52, 0x20, 0x18, 0xca,
    0xf8, 0x3, 0xcc, 0x3a, 0x34, 0xa0, 0x2, 0x9a,
    0xe, 0x50, 0xe0, 0xf, 0x18, 0x5, 0x39, 0xbf,
    0xac, 0x12, 0x9a, 0xe, 0x1, 0xe3, 0x5, 0x3,
    0x31, 0xa, 0x47, 0x30, 0x8, 0x18, 0x7, 0x9c,
    0x2b, 0xff, 0x75, 0xb8, 0x80, 0x4, 0x8, 0x3,
    0x94, 0x90, 0x3, 0xfe, 0xc0, 0xf4, 0x10, 0x28,
    0xa0, 0xf0, 0xf, 0xf9, 0x8c, 0xd7, 0xdf, 0xae,
    0x14, 0x80, 0x1f, 0xfc, 0xc, 0xa5, 0x33, 0x24,
    0x72, 0x80, 0x7f, 0xf0, 0x0,

    /* U+FEBA "ﺺ" */
    0x0, 0xff, 0xe1, 0xae, 0x7f, 0xad, 0x0, 0x3f,
    0xf8, 0x83, 0x74, 0x67, 0x25, 0x98, 0x7, 0xfc,
    0x64, 0x5, 0xe8, 0xdd, 0x98, 0xa0, 0xa0, 0x9,
    0x14, 0x3, 0xdf, 0x85, 0x83, 0x52, 0x20, 0x18,
    0xc0, 0x5, 0x7c, 0x1, 0xe6, 0x1d, 0x1a, 0x50,
    0x1, 0x4d, 0x6, 0x80, 0x14, 0x38, 0x3, 0xc6,
    0x1, 0x4e, 0x6f, 0xeb, 0x0, 0x23, 0x63, 0x41,
    0xc0, 0x3c, 0x60, 0xa0, 0x66, 0x21, 0x48, 0xea,
    0x22, 0x18, 0x81, 0x80, 0x79, 0xc2, 0xbf, 0xf7,
    0x5b, 0x8a, 0xef, 0xd8, 0x81, 0x0, 0x72, 0x92,
    0x0, 0x7f, 0xf0, 0x70, 0x3d, 0x4, 0xa, 0x28,
    0x3c, 0x3, 0xff, 0x82, 0xc6, 0x6b, 0xef, 0xd7,
    0xa, 0x40, 0xf, 0xfe, 0x16, 0x52, 0x99, 0x92,
    0x39, 0x40, 0x3f, 0xf8, 0x40,

    /* U+FEBB "ﺻ" */
    0x0, 0xff, 0x3e, 0xff, 0x51, 0x0, 0x7f, 0x1e,
    0xc1, 0xa1, 0x2e, 0x8, 0x4, 0x9c, 0xe0, 0xb8,
    0x51, 0xd7, 0x8e, 0x2e, 0x1, 0x8, 0xb5, 0x28,
    0x71, 0xc0, 0x38, 0x40, 0x29, 0x5, 0xb0, 0xd3,
    0x0, 0x1d, 0xb8, 0x29, 0x67, 0x98, 0x80, 0x7,
    0xf3, 0x7f, 0x10, 0x6c, 0x84, 0xc1, 0x7e, 0x48,
    0x4c, 0xc4, 0x29, 0x3c, 0x80,

    /* U+FEBC "ﺼ" */
    0x0, 0xff, 0x3e, 0xff, 0x51, 0x80, 0x7f, 0xc7,
    0xb0, 0x68, 0x4b, 0x82, 0x1, 0xc9, 0xce, 0xb,
    0x85, 0x1d, 0x78, 0xe0, 0xc0, 0x1c, 0x22, 0xd4,
    0xa1, 0xc7, 0x0, 0xff, 0xa4, 0x16, 0xc3, 0x4c,
    0x0, 0x76, 0xe0, 0x40, 0x2, 0xcf, 0x31, 0x0,
    0xf, 0xe6, 0xfe, 0x20, 0x2, 0xb5, 0x84, 0xc1,
    0x7e, 0x48, 0x4c, 0xc4, 0x29, 0x3f, 0x24, 0x4e,

    /* U+FEBD "ﺽ" */
    0x0, 0xff, 0x84, 0x80, 0x3f, 0xf9, 0x13, 0x80,
    0x1f, 0xfc, 0x8a, 0xa0, 0x7, 0xff, 0x20, 0x90,
    0x0, 0xb9, 0xfe, 0xb4, 0x0, 0xff, 0xe1, 0xd,
    0xd1, 0x9c, 0x96, 0x60, 0x1f, 0xc6, 0x40, 0x5e,
    0x8d, 0xd9, 0x8a, 0xa, 0x4, 0x50, 0xf, 0x7e,
    0x16, 0xd, 0x48, 0x80, 0x63, 0x2b, 0xe0, 0xf,
    0x30, 0xe8, 0xd2, 0x80, 0xa, 0x68, 0x39, 0x43,
    0x80, 0x3c, 0x60, 0x14, 0xe6, 0xfe, 0xb0, 0x4a,
    0x68, 0x38, 0x7, 0x8c, 0x14, 0xc, 0xc4, 0x29,
    0x1c, 0xc0, 0x20, 0x60, 0x1e, 0x70, 0xaf, 0xfd,
    0xd6, 0xe2, 0x0, 0x10, 0x20, 0xe, 0x52, 0x40,
    0xf, 0xfb, 0x3, 0xd0, 0x40, 0xa2, 0x83, 0xc0,
    0x3f, 0xe6, 0x33, 0x5f, 0x7e, 0xb8, 0x52, 0x0,
    0x7f, 0xf0, 0x32, 0x94, 0xcc, 0x91, 0xca, 0x1,
    0xff, 0xc0,

    /* U+FEBE "ﺾ" */
    0x0, 0xff, 0x84, 0x80, 0x3f, 0xf9, 0x53, 0x80,
    0x1f, 0xfc, 0xaa, 0xa0, 0x7, 0xff, 0x28, 0x90,
    0x0, 0xb9, 0xfe, 0xb4, 0x0, 0xff, 0xe2, 0xd,
    0xd1, 0x9c, 0x96, 0x60, 0x1f, 0xf1, 0x90, 0x17,
    0xa3, 0x76, 0x62, 0x82, 0x80, 0x24, 0x50, 0xf,
    0x7e, 0x16, 0xd, 0x48, 0x80, 0x63, 0x0, 0x15,
    0xf0, 0x7, 0x98, 0x74, 0x69, 0x40, 0x5, 0x34,
    0x1a, 0x0, 0x50, 0xe0, 0xf, 0x18, 0x5, 0x39,
    0xbf, 0xac, 0x0, 0x8d, 0x8d, 0x7, 0x0, 0xf1,
    0x82, 0x81, 0x98, 0x85, 0x23, 0xa8, 0x88, 0x62,
    0x6, 0x1, 0xe7, 0xa, 0xff, 0xdd, 0x6e, 0x2b,
    0xbf, 0x62, 0x4, 0x1, 0xca, 0x48, 0x1, 0xff,
    0xc1, 0xc0, 0xf4, 0x10, 0x28, 0xa0, 0xf0, 0xf,
    0xfe, 0xb, 0x19, 0xaf, 0xbf, 0x5c, 0x29, 0x0,
    0x3f, 0xf8, 0x59, 0x4a, 0x66, 0x48, 0xe5, 0x0,
    0xff, 0xe1, 0x0,

    /* U+FEBF "ﺿ" */
    0x0, 0xf1, 0x0, 0x7f, 0xf0, 0xd7, 0x44, 0x3,
    0xff, 0x84, 0x94, 0x20, 0x1f, 0xfc, 0x21, 0x50,
    0x9, 0xf7, 0xfa, 0x88, 0x3, 0xf8, 0xf6, 0xd,
    0x9, 0x70, 0x40, 0x24, 0xe7, 0x5, 0xc2, 0x8e,
    0xbc, 0x71, 0x70, 0x8, 0x45, 0xa9, 0x43, 0x8e,
    0x1, 0xc2, 0x1, 0x48, 0x2d, 0x86, 0x98, 0x0,
    0xed, 0xc1, 0x4b, 0x3c, 0xc4, 0x0, 0x3f, 0x9b,
    0xf8, 0x83, 0x64, 0x26, 0xb, 0xf2, 0x42, 0x66,
    0x21, 0x49, 0xe4, 0x0,

    /* U+FEC0 "ﻀ" */
    0x0, 0xf1, 0x0, 0x7f, 0xf1, 0x57, 0x44, 0x3,
    0xff, 0x88, 0x94, 0x20, 0x1f, 0xfc, 0x41, 0x50,
    0x9, 0xf7, 0xfa, 0x8c, 0x3, 0xfe, 0x3d, 0x83,
    0x42, 0x5c, 0x10, 0xe, 0x4e, 0x70, 0x5c, 0x28,
    0xeb, 0xc7, 0x6, 0x0, 0xe1, 0x16, 0xa5, 0xe,
    0x38, 0x7, 0xfd, 0x20, 0xb6, 0x1a, 0x60, 0x3,
    0xb7, 0x2, 0x0, 0x16, 0x79, 0x88, 0x0, 0x7f,
    0x37, 0xf1, 0x0, 0x15, 0xac, 0x26, 0xb, 0xf2,
    0x42, 0x66, 0x21, 0x49, 0xf9, 0x22, 0x70,

    /* U+FEC1 "ﻁ" */
    0x0, 0xdf, 0x80, 0x1f, 0xff, 0xf0, 0xf, 0xff,
    0xa1, 0xd7, 0x7e, 0xc0, 0x7, 0xfa, 0x31, 0x4d,
    0xd, 0xec, 0x3, 0xf5, 0xb8, 0xde, 0xdf, 0x12,
    0x8, 0x7, 0xa9, 0x11, 0xe8, 0x1, 0xff, 0x1a,
    0x9d, 0x88, 0x1, 0xb4, 0x8c, 0x5f, 0x32, 0x0,
    0x87, 0x37, 0xbe, 0x49, 0x34, 0x38, 0xce, 0x0,
    0x88, 0xc8, 0x49, 0xae, 0xc2, 0x0,

    /* U+FEC2 "ﻂ" */
    0x0, 0xdf, 0x80, 0x1f, 0xff, 0xf0, 0xf, 0xff,
    0xf8, 0x7, 0x1d, 0x77, 0xec, 0x0, 0x7f, 0xf0,
    0x23, 0x14, 0xd0, 0xde, 0xc0, 0x3f, 0xd6, 0xe3,
    0x7b, 0x7c, 0x48, 0x20, 0x1f, 0xa9, 0x11, 0xe8,
    0x1, 0xff, 0xc1, 0x35, 0x3b, 0x10, 0x3, 0x69,
    0x8, 0x80, 0xf, 0x99, 0x0, 0x43, 0x9b, 0xdf,
    0x24, 0x3, 0xf8, 0x5c, 0x67, 0x0, 0x44, 0x64,
    0x24, 0xd7, 0xca, 0x26, 0x20,

    /* U+FEC3 "ﻃ" */
    0x0, 0xa7, 0xcc, 0x3, 0xff, 0xfe, 0x1, 0xff,
    0xec, 0x7d, 0xfe, 0xb3, 0x0, 0xfc, 0x9d, 0x4,
    0x84, 0x98, 0x40, 0x1e, 0x5b, 0x17, 0xfb, 0xc9,
    0x5, 0x0, 0xe5, 0xa0, 0xb8, 0x0, 0x84, 0x3c,
    0x3, 0xa4, 0x2d, 0x0, 0x7, 0x50, 0x16, 0x59,
    0x87, 0x0, 0xc, 0x66, 0xfe, 0x28, 0xd1, 0x89,
    0x98, 0x40, 0x2, 0x66, 0x21, 0x49, 0xe5, 0x0,

    /* U+FEC4 "ﻄ" */
    0x0, 0xa7, 0xcc, 0x3, 0xff, 0xfe, 0x1, 0xff,
    0xfc, 0x7d, 0xfe, 0xb3, 0x0, 0xff, 0x27, 0x41,
    0x21, 0x26, 0x10, 0x7, 0xe5, 0xb1, 0x7f, 0xbc,
    0x90, 0xa0, 0xf, 0x96, 0x82, 0xe0, 0x2, 0x10,
    0xf, 0xe9, 0xb, 0x40, 0x1, 0xd4, 0x7, 0x0,
    0xb, 0x30, 0xe0, 0x1, 0x8c, 0xdf, 0xc5, 0x0,
    0x4e, 0xb8, 0x99, 0x84, 0x0, 0x26, 0x62, 0x14,
    0x9f, 0x92, 0x27, 0x0,

    /* U+FEC5 "ﻅ" */
    0x0, 0xdf, 0x80, 0x1f, 0xff, 0xa1, 0x20, 0xf,
    0xfe, 0x1b, 0x68, 0x7, 0xff, 0xd, 0x68, 0x3,
    0xff, 0x86, 0x4a, 0x1, 0xff, 0xc4, 0x3a, 0xef,
    0xd8, 0x0, 0xff, 0x46, 0x29, 0xa1, 0xbd, 0x80,
    0x7e, 0xb7, 0x1b, 0xdb, 0xe2, 0x41, 0x0, 0xf5,
    0x22, 0x3d, 0x0, 0x3f, 0xe3, 0x53, 0xb1, 0x0,
    0x36, 0x91, 0x8b, 0xe6, 0x40, 0x10, 0xe6, 0xf7,
    0xc9, 0x26, 0x87, 0x19, 0xc0, 0x11, 0x19, 0x9,
    0x35, 0xd8, 0x40,

    /* U+FEC6 "ﻆ" */
    0x0, 0xdf, 0x80, 0x1f, 0xff, 0xf0, 0x8, 0x48,
    0x3, 0xff, 0x8a, 0xda, 0x1, 0xff, 0xc5, 0x5a,
    0x0, 0xff, 0xe2, 0x92, 0x80, 0x7f, 0xf1, 0x8e,
    0xbb, 0xf6, 0x0, 0x3f, 0xf8, 0x11, 0x8a, 0x68,
    0x6f, 0x60, 0x1f, 0xeb, 0x71, 0xbd, 0xbe, 0x24,
    0x10, 0xf, 0xd4, 0x88, 0xf4, 0x0, 0xff, 0xe0,
    0x9a, 0x9d, 0x88, 0x1, 0xb4, 0x84, 0x40, 0x7,
    0xcc, 0x80, 0x21, 0xcd, 0xef, 0x92, 0x1, 0xfc,
    0x2e, 0x33, 0x80, 0x22, 0x32, 0x12, 0x6b, 0xe5,
    0x13, 0x10,

    /* U+FEC7 "ﻇ" */
    0x0, 0xa7, 0xcc, 0x3, 0xff, 0xec, 0x40, 0x1f,
    0xfc, 0x21, 0xd6, 0x0, 0xff, 0xe0, 0x8d, 0x20,
    0x7, 0xff, 0x9, 0x48, 0x3, 0xff, 0x86, 0xfb,
    0xfd, 0x66, 0x1, 0xf9, 0x3a, 0x9, 0x9, 0x30,
    0x80, 0x3c, 0xb6, 0x2f, 0xf7, 0x92, 0xa, 0x1,
    0xcb, 0x41, 0x70, 0x1, 0x8, 0x78, 0x7, 0x48,
    0x5a, 0x0, 0xe, 0xa0, 0x2c, 0xb3, 0xe, 0x0,
    0x18, 0xcd, 0xfc, 0x51, 0xa3, 0x13, 0x30, 0x80,
    0x4, 0xcc, 0x42, 0x93, 0xca, 0x0,

    /* U+FEC8 "ﻈ" */
    0x0, 0xa7, 0xcc, 0x3, 0xff, 0xfc, 0x40, 0x1f,
    0xfc, 0x41, 0xd6, 0x0, 0xff, 0xe1, 0x8d, 0x20,
    0x7, 0xff, 0x11, 0x48, 0x3, 0xff, 0x8a, 0xfb,
    0xfd, 0x66, 0x1, 0xfe, 0x4e, 0x82, 0x42, 0x4c,
    0x20, 0xf, 0xcb, 0x62, 0xff, 0x79, 0x21, 0x40,
    0x1f, 0x2d, 0x5, 0xc0, 0x4, 0x20, 0x1f, 0xd2,
    0x16, 0x80, 0x3, 0xa8, 0xe, 0x0, 0x16, 0x61,
    0xc0, 0x3, 0x19, 0xbf, 0x8a, 0x0, 0x9d, 0x71,
    0x33, 0x8, 0x0, 0x4c, 0xc4, 0x29, 0x3f, 0x24,
    0x4e,

    /* U+FEC9 "ﻉ" */
    0x0, 0x9f, 0x3a, 0xc0, 0x38, 0x76, 0xc, 0xb0,
    0x3, 0xa0, 0xa3, 0xf1, 0xc0, 0x39, 0xc9, 0xc0,
    0x30, 0x80, 0x46, 0x71, 0x35, 0xf7, 0x80, 0x50,
    0x19, 0xb2, 0x86, 0xe0, 0x12, 0x10, 0xc, 0x76,
    0xc8, 0x5, 0x86, 0xdc, 0xe2, 0x1, 0xa0, 0x9e,
    0x40, 0x3e, 0x40, 0x80, 0xf, 0xc2, 0x1, 0xfe,
    0x70, 0x20, 0xf, 0xdc, 0x1e, 0x60, 0x1c, 0x4c,
    0x8e, 0x59, 0xd7, 0x54, 0xdd, 0x82, 0x35, 0x89,
    0x54, 0x80, 0xf2,

    /* U+FECA "ﻊ" */
    0x1, 0x8c, 0xc4, 0x10, 0x6, 0x1f, 0x73, 0x33,
    0xe0, 0x80, 0x4a, 0x21, 0x9a, 0x2, 0x80, 0x12,
    0x10, 0x7e, 0x1, 0x20, 0x6, 0x90, 0x31, 0x6c,
    0x10, 0x8, 0x68, 0x4, 0x14, 0x80, 0x34, 0xa,
    0xf3, 0x1e, 0x76, 0x50, 0x28, 0x58, 0x4e, 0x28,
    0x1b, 0x80, 0x42, 0x0, 0x3a, 0xef, 0xd0, 0x60,
    0x30, 0xf, 0xd2, 0x1c, 0x60, 0x1c, 0x6e, 0x70,
    0x59, 0xd7, 0x54, 0xec, 0xc0, 0x3e, 0xb1, 0x2a,
    0xc6, 0xd2,

    /* U+FECB "ﻋ" */
    0x0, 0xe1, 0x69, 0x70, 0xf, 0x37, 0x4b, 0x60,
    0x7, 0x24, 0x95, 0xf5, 0x80, 0x77, 0x86, 0x20,
    0x80, 0x79, 0x4c, 0x40, 0x3f, 0x88, 0x3, 0x8c,
    0x2, 0x41, 0x70, 0x2, 0xe6, 0x80, 0x56, 0x31,
    0xdc, 0xa3, 0x70, 0x8, 0xd8, 0x4, 0x4d, 0xd2,
    0x59, 0xda, 0xe2, 0xfd, 0x22, 0x2, 0x60, 0xb5,
    0xd0, 0x20, 0x10,

    /* U+FECC "ﻌ" */
    0x0, 0x8a, 0x72, 0xdc, 0x3, 0x8f, 0x58, 0xd2,
    0x34, 0x3, 0x20, 0xf, 0xd0, 0x10, 0x80, 0x4c,
    0x22, 0x98, 0x5, 0x10, 0x8, 0x74, 0x58, 0x92,
    0x80, 0x39, 0xc0, 0x30, 0x80, 0xb, 0x3a, 0xc6,
    0x11, 0x1d, 0xb4, 0x26, 0x9, 0x8f, 0x72, 0x64,
    0xe0,

    /* U+FECD "ﻍ" */
    0x0, 0x88, 0x3, 0xf9, 0x74, 0x80, 0x3f, 0x25,
    0x10, 0x7, 0xe1, 0x50, 0xf, 0xf3, 0xe7, 0x58,
    0x7, 0xe, 0xc1, 0x96, 0x0, 0x74, 0x14, 0x7e,
    0x38, 0x7, 0x39, 0x38, 0x6, 0x10, 0x8, 0xce,
    0x26, 0xbe, 0xf0, 0xa, 0x3, 0x36, 0x50, 0xdc,
    0x2, 0x42, 0x1, 0x8e, 0xd9, 0x0, 0xb0, 0xdb,
    0x9c, 0x40, 0x34, 0x13, 0xc8, 0x7, 0xc8, 0x10,
    0x1, 0xf8, 0x40, 0x3f, 0xce, 0x4, 0x1, 0xfb,
    0x83, 0xcc, 0x3, 0x89, 0x91, 0xcb, 0x3a, 0xea,
    0x9b, 0xb0, 0x46, 0xb1, 0x2a, 0x90, 0x1e, 0x40,

    /* U+FECE "ﻎ" */
    0x0, 0x84, 0x40, 0x1f, 0xd9, 0x0, 0x1f, 0xd3,
    0x40, 0x1f, 0xc8, 0x60, 0x1f, 0xc, 0x66, 0x20,
    0x80, 0x30, 0xfb, 0x99, 0x9f, 0x4, 0x2, 0x51,
    0xc, 0xd0, 0x14, 0x0, 0x90, 0x83, 0xf0, 0x9,
    0x0, 0x34, 0x81, 0x8b, 0x60, 0x80, 0x43, 0x40,
    0x20, 0xa4, 0x1, 0xa0, 0x57, 0x98, 0xf3, 0xb2,
    0x81, 0x42, 0xc2, 0x71, 0x40, 0xdc, 0x2, 0x10,
    0x1, 0xd7, 0x7e, 0x83, 0x1, 0x80, 0x7e, 0x90,
    0xe3, 0x0, 0xe3, 0x73, 0x82, 0xce, 0xba, 0xa7,
    0x66, 0x1, 0xf5, 0x89, 0x56, 0x36, 0x90,

    /* U+FECF "ﻏ" */
    0x0, 0xe2, 0x0, 0xfe, 0x5d, 0x20, 0xf, 0xc9,
    0x44, 0x1, 0xf8, 0x51, 0xa5, 0xc0, 0x3c, 0xdd,
    0x2d, 0x80, 0x1c, 0x92, 0x57, 0xd6, 0x1, 0xde,
    0x18, 0x82, 0x1, 0xe5, 0x31, 0x0, 0xfe, 0x20,
    0xe, 0x30, 0x9, 0x5, 0xc0, 0xb, 0x9a, 0x1,
    0x58, 0xc7, 0x72, 0x8d, 0xc0, 0x23, 0x60, 0x11,
    0x37, 0x49, 0x67, 0x6b, 0x8b, 0xf4, 0x88, 0x9,
    0x82, 0xd7, 0x40, 0x80, 0x40,

    /* U+FED0 "ﻐ" */
    0x0, 0xe2, 0x10, 0xf, 0xec, 0x80, 0xf, 0xea,
    0xb0, 0xf, 0xe4, 0x20, 0xf, 0x8a, 0x72, 0xdc,
    0x3, 0x8f, 0x58, 0xd2, 0x34, 0x3, 0x20, 0xf,
    0xd0, 0x10, 0x80, 0x4c, 0x22, 0x98, 0x5, 0x10,
    0x8, 0x74, 0x58, 0x92, 0x80, 0x39, 0xc0, 0x30,
    0x80, 0xb, 0x3a, 0xc6, 0x11, 0x1d, 0xb4, 0x26,
    0x9, 0x8f, 0x72, 0x64, 0xe0,

    /* U+FED1 "ﻑ" */
    0x0, 0xff, 0xe1, 0x10, 0x7, 0xff, 0x14, 0x75,
    0x40, 0x3f, 0xf8, 0x83, 0x48, 0x1, 0xff, 0xc4,
    0x88, 0x6a, 0x0, 0x7f, 0xf0, 0xb1, 0xc8, 0xed,
    0x0, 0x3f, 0xf8, 0x6, 0x62, 0xea, 0x9, 0x0,
    0xff, 0xe0, 0x30, 0x28, 0xa8, 0x90, 0x1, 0x4c,
    0x3, 0xf3, 0x2, 0x89, 0x8, 0x1, 0xe9, 0x80,
    0x3f, 0x1a, 0x97, 0x68, 0x5, 0xa0, 0x80, 0x1f,
    0xd5, 0x47, 0x92, 0x30, 0x8, 0x80, 0x3f, 0xcb,
    0x38, 0x54, 0x1e, 0x1a, 0xa0, 0x1f, 0x92, 0x79,
    0x51, 0x81, 0x5c, 0x6b, 0xf7, 0x32, 0xde, 0xfb,
    0x61, 0x8b, 0x0, 0xa3, 0x58, 0xcf, 0xe5, 0x8b,
    0xe7, 0x0, 0x80,

    /* U+FED2 "ﻒ" */
    0x0, 0xff, 0xe1, 0x10, 0x7, 0xff, 0x18, 0x75,
    0x40, 0x3f, 0xf8, 0xa3, 0x48, 0x1, 0xff, 0xc6,
    0x51, 0x0, 0xff, 0xe2, 0xc6, 0xe2, 0x0, 0x7f,
    0xf0, 0xf1, 0xc8, 0xed, 0x40, 0x3, 0x8, 0x1,
    0xf9, 0xc, 0xdd, 0x41, 0x20, 0x9, 0x70, 0xf,
    0xe1, 0x4, 0x15, 0x22, 0x0, 0xc, 0x14, 0x3,
    0xf3, 0x83, 0x0, 0xc, 0xc0, 0x2, 0x4, 0x0,
    0xfc, 0x4a, 0x3b, 0x62, 0xa0, 0xa, 0xa, 0x83,
    0x10, 0x8, 0x49, 0x8, 0x9, 0x1, 0x72, 0xce,
    0x85, 0xf3, 0xbf, 0xee, 0xdb, 0x70, 0x24, 0x12,
    0x35, 0x5, 0xe9, 0x64, 0x33, 0x22, 0x16, 0x2b,
    0x75, 0x7d, 0xfe, 0xe0,

    /* U+FED3 "ﻓ" */
    0x0, 0xe1, 0x10, 0x7, 0xec, 0x80, 0xf, 0xd3,
    0x40, 0x1f, 0x90, 0xc0, 0x3e, 0x8d, 0xd2, 0x80,
    0x75, 0xb9, 0x12, 0x94, 0x2, 0x24, 0x1d, 0xb0,
    0xb0, 0x9, 0x81, 0xc9, 0x8, 0x44, 0x0, 0x50,
    0x41, 0x22, 0x0, 0x61, 0x62, 0xed, 0x0, 0x8,
    0x5, 0x36, 0xf2, 0x6, 0x1, 0xc9, 0x38, 0x16,
    0x5, 0x98, 0xde, 0xe2, 0x9b, 0x80, 0x99, 0x88,
    0x49, 0xf0, 0x0,

    /* U+FED4 "ﻔ" */
    0x0, 0xe1, 0x10, 0x7, 0xfa, 0xf4, 0x3, 0xfd,
    0x30, 0x1, 0xfe, 0x34, 0x0, 0xfe, 0x4b, 0xc5,
    0x0, 0xf9, 0x6d, 0xe, 0x9c, 0x3, 0xd0, 0x15,
    0x81, 0x0, 0x1e, 0x21, 0x53, 0x30, 0x8, 0x7,
    0x10, 0x90, 0x98, 0x8, 0x7, 0x50, 0x66, 0x1,
    0xc0, 0x22, 0xcc, 0x48, 0x9, 0x3, 0x66, 0xc,
    0x4c, 0xc2, 0x4c, 0xe6, 0x6, 0x66,

    /* U+FED5 "ﻕ" */
    0x0, 0xf8, 0x44, 0x4, 0x1, 0xfe, 0xad, 0x4d,
    0x30, 0xf, 0xe8, 0x82, 0xd1, 0x0, 0x7f, 0x1a,
    0xa, 0x88, 0x7, 0xf1, 0x56, 0xe1, 0x80, 0x7e,
    0x1c, 0x52, 0x3c, 0x20, 0xf, 0x9c, 0x53, 0xa4,
    0x2c, 0x3, 0xfb, 0x5, 0x81, 0x0, 0x3e, 0x40,
    0x8a, 0xc0, 0x20, 0x3c, 0x60, 0x8, 0xa8, 0x94,
    0x8, 0x1, 0x66, 0xa0, 0x19, 0x77, 0xf0, 0x4,
    0x10, 0xc, 0x3, 0xe2, 0x22, 0x81, 0x10, 0x3,
    0xf4, 0x6, 0x80, 0x7f, 0x95, 0x44, 0xc0, 0x44,
    0x10, 0xe, 0x6a, 0xe, 0x0, 0x58, 0x50, 0x4,
    0x75, 0x21, 0x66, 0x0, 0x73, 0x4f, 0xef, 0xc5,
    0x2c, 0x40, 0xd, 0x8c, 0x23, 0x25, 0x69, 0x80,
    0x60,

    /* U+FED6 "ﻖ" */
    0x0, 0xfc, 0x40, 0x22, 0x0, 0xff, 0x8f, 0x53,
    0x68, 0x3, 0xfe, 0x2a, 0x58, 0x80, 0x7, 0xfc,
    0x2a, 0x28, 0x60, 0x1f, 0xf1, 0xe7, 0xea, 0x0,
    0x7f, 0x87, 0x4c, 0xa, 0xc8, 0x3, 0xf9, 0xc5,
    0x7e, 0x82, 0x0, 0x3f, 0x84, 0x30, 0x14, 0x50,
    0x3, 0x8, 0x6, 0x40, 0x84, 0x2, 0x10, 0xa,
    0x78, 0xc0, 0x23, 0x61, 0xbe, 0x30, 0xcc, 0x5a,
    0x1, 0x80, 0x69, 0xa4, 0x0, 0x8c, 0xca, 0x64,
    0x1, 0xe5, 0xb6, 0x6, 0xff, 0x71, 0x10, 0x40,
    0x3c, 0xee, 0x18, 0x0, 0xac, 0x34, 0xc0, 0x4,
    0xfb, 0x3, 0x82, 0x1, 0x39, 0x1e, 0x7f, 0xb6,
    0x9, 0x3c, 0x80, 0x3b, 0x61, 0x8, 0x88, 0xf9,
    0x62, 0x1, 0xc0,

    /* U+FED7 "ﻗ" */
    0x0, 0xc4, 0x2, 0x20, 0xe, 0x1d, 0x6b, 0xc0,
    0xe, 0x1a, 0x49, 0x90, 0x7, 0x94, 0x8d, 0x0,
    0x3d, 0x1b, 0xa5, 0x0, 0xeb, 0x72, 0x25, 0x28,
    0x4, 0x48, 0x3b, 0x61, 0x60, 0x13, 0x3, 0x92,
    0x10, 0x88, 0x0, 0xa0, 0x82, 0x44, 0x0, 0xc2,
    0xc5, 0xda, 0x0, 0x10, 0xa, 0x6d, 0xe4, 0xc,
    0x3, 0x92, 0x70, 0x2c, 0xb, 0x31, 0xbd, 0xc5,
    0x37, 0x1, 0x33, 0x10, 0x93, 0xe0, 0x0,

    /* U+FED8 "ﻘ" */
    0x0, 0xc4, 0x22, 0x20, 0xf, 0xdb, 0x32, 0xd0,
    0xf, 0xd5, 0x58, 0x3, 0xf2, 0x91, 0x14, 0x3,
    0xf2, 0x5e, 0x28, 0x7, 0xcb, 0x68, 0x74, 0xe0,
    0x1e, 0x80, 0xac, 0x8, 0x0, 0xf1, 0xa, 0x99,
    0x80, 0x40, 0x38, 0x84, 0x84, 0xc0, 0x40, 0x3a,
    0x83, 0x30, 0xe, 0x1, 0x16, 0x62, 0x40, 0x48,
    0x1b, 0x30, 0x62, 0x66, 0x12, 0x67, 0x30, 0x33,
    0x30,

    /* U+FED9 "ﻙ" */
    0x0, 0xff, 0x97, 0xdc, 0x3, 0xff, 0xac, 0x96,
    0xc0, 0x1f, 0xe1, 0x9a, 0x60, 0xf, 0xf8, 0xdc,
    0x3, 0xfe, 0x1a, 0xa3, 0x80, 0x7f, 0xc8, 0x81,
    0x0, 0xff, 0x6e, 0x81, 0x80, 0x30, 0x80, 0x76,
    0xea, 0x0, 0x23, 0x0, 0x88, 0x3, 0xfb, 0x80,
    0xe3, 0x50, 0x3, 0xf2, 0x82, 0x0, 0x38, 0x40,
    0x39, 0x74, 0x94, 0x64, 0x97, 0xb6, 0xa9, 0x7d,
    0x44, 0x94, 0x3, 0xb2, 0x66, 0x55, 0x8d, 0x6e,
    0xc0, 0x0,

    /* U+FEDA "ﻚ" */
    0x0, 0xff, 0x97, 0xdc, 0x3, 0xff, 0xbe, 0x96,
    0xc0, 0x1f, 0xfc, 0x11, 0x9a, 0x60, 0xf, 0xfe,
    0x11, 0xb8, 0x7, 0xff, 0x8, 0x6a, 0x8e, 0x1,
    0xff, 0xc2, 0x44, 0x8, 0x7, 0xff, 0x7, 0x74,
    0xc, 0x1, 0xff, 0xc1, 0xdd, 0x40, 0x4, 0x60,
    0x1f, 0xfc, 0x4e, 0x0, 0xe7, 0xe3, 0x0, 0xfc,
    0xa0, 0x1d, 0xe3, 0x40, 0x1e, 0x5d, 0x20, 0xb0,
    0xa, 0x85, 0xbf, 0x2a, 0x97, 0xd4, 0x48, 0x83,
    0xec, 0x2, 0xf8, 0x32, 0x55, 0x21, 0xb5, 0xdc,
    0xc2, 0x60,

    /* U+FEDB "ﻛ" */
    0x0, 0xff, 0xe3, 0xae, 0x40, 0x7, 0xc, 0x75,
    0x1f, 0x0, 0x49, 0x7c, 0xe1, 0x1c, 0xc0, 0x8,
    0xb4, 0x45, 0x73, 0x88, 0x0, 0x5c, 0x72, 0xd4,
    0x3, 0xf1, 0x80, 0x7c, 0x2c, 0x34, 0x1, 0xfa,
    0x4d, 0x60, 0x3, 0xf6, 0x8b, 0xa8, 0x7, 0xc3,
    0xa1, 0x42, 0x1, 0xf1, 0xc0, 0x48, 0x7, 0xe5,
    0x3, 0x0, 0xfd, 0x40, 0x60, 0x11, 0x66, 0x5c,
    0xe1, 0x40, 0x10, 0x99, 0xc2, 0x78, 0x40, 0x10,

    /* U+FEDC "ﻜ" */
    0x0, 0xff, 0xe4, 0xae, 0x40, 0x7, 0xc3, 0x1d,
    0x47, 0xc0, 0x1c, 0x97, 0xce, 0x11, 0xcc, 0x1,
    0xa2, 0xd1, 0x15, 0xce, 0x20, 0x18, 0x5c, 0x72,
    0xd4, 0x3, 0xfc, 0x60, 0x1f, 0xc2, 0xc3, 0x40,
    0x1f, 0xe9, 0x35, 0x70, 0xf, 0xf6, 0x8c, 0x28,
    0x7, 0xf0, 0xe8, 0x51, 0x0, 0x7f, 0x1c, 0x6,
    0x8, 0x7, 0xf2, 0x80, 0xe8, 0x7, 0xf5, 0x0,
    0xe, 0x80, 0x22, 0xcc, 0xb9, 0xc3, 0x9, 0x7b,
    0x8, 0x4c, 0xe1, 0x4c, 0x3c, 0x50, 0x31,

    /* U+FEDD "ﻝ" */
    0x0, 0xfe, 0x1f, 0xb0, 0xf, 0xff, 0xf8, 0x7,
    0xff, 0xa8, 0xc0, 0x7, 0xf2, 0x1, 0xe1, 0x1,
    0xb0, 0xd0, 0xf, 0x58, 0x68, 0x1, 0xc0, 0x38,
    0x98, 0x17, 0x43, 0xc4, 0x2, 0x6c, 0x16, 0x25,
    0x33, 0x76, 0x63, 0xe4, 0x5a, 0x40, 0x19, 0x6,
    0x79, 0xf6, 0x40, 0x0,

    /* U+FEDE "ﻞ" */
    0x0, 0xfe, 0x1f, 0xb0, 0xf, 0xff, 0xf8, 0x7,
    0xff, 0xfc, 0x3, 0xff, 0x80, 0x60, 0xe0, 0x11,
    0xfc, 0x80, 0x78, 0x40, 0xc8, 0x1, 0x61, 0xa0,
    0x1e, 0xb0, 0x6, 0xe9, 0x0, 0xe, 0x1, 0xc4,
    0xc0, 0xa2, 0x43, 0xa1, 0xe2, 0x1, 0x36, 0xb,
    0x57, 0x7a, 0xa8, 0xcd, 0xd9, 0x8f, 0x91, 0x69,
    0x0, 0xec, 0x82, 0x33, 0x9f, 0x64, 0x3, 0x80,

    /* U+FEDF "ﻟ" */
    0x0, 0xa7, 0xcc, 0x3, 0xff, 0xe6, 0x60, 0x20,
    0x1, 0x40, 0x22, 0x67, 0xa, 0x0, 0x98, 0xad,
    0x0,

    /* U+FEE0 "ﻠ" */
    0x0, 0xa7, 0xcc, 0x3, 0xff, 0xfe, 0x1, 0xfe,
    0x30, 0xf, 0xa, 0x5, 0x80, 0xb, 0x38, 0x41,
    0xfa, 0x84, 0xc5, 0x68, 0x85, 0xc0,

    /* U+FEE1 "ﻡ" */
    0x0, 0xc9, 0xbf, 0x66, 0x1, 0x92, 0xc8, 0x13,
    0x10, 0x2, 0x90, 0x9f, 0x90, 0xf0, 0x8, 0x85,
    0x81, 0x81, 0x41, 0xb8, 0x5, 0x1, 0x40, 0x8e,
    0x44, 0x41, 0x7f, 0x41, 0x36, 0xd, 0xd8, 0xea,
    0xda, 0xa2, 0x18, 0x7, 0x15, 0x24, 0x6, 0x1,
    0xff, 0xdb,

    /* U+FEE2 "ﻢ" */
    0x0, 0xc5, 0x9f, 0x64, 0x1, 0xf0, 0xe1, 0x82,
    0x61, 0x0, 0x7a, 0x6, 0x7e, 0x6, 0xc0, 0x3c,
    0xe2, 0xc0, 0xe0, 0xe0, 0x1e, 0x10, 0x8, 0x80,
    0x5c, 0x2, 0x5d, 0x1, 0xfc, 0xc0, 0x2, 0x3d,
    0xce, 0x87, 0x1c, 0x8c, 0x49, 0x0, 0x1f, 0x61,
    0x27, 0x1b, 0xfe, 0xdb, 0xff, 0x40, 0x80, 0x7f,
    0xf0, 0xc, 0x3, 0xff, 0x9a, 0x44, 0x10, 0xf,
    0xf0,

    /* U+FEE3 "ﻣ" */
    0x0, 0xc3, 0x3d, 0x8e, 0x1, 0xec, 0x61, 0x38,
    0x80, 0x6, 0x52, 0x5f, 0xc0, 0x70, 0xd, 0x81,
    0x0, 0x66, 0x1, 0x0, 0xb, 0x80, 0x80, 0x8,
    0x4, 0xb3, 0xc4, 0x33, 0x74, 0x28, 0x2, 0x62,
    0xae, 0x45, 0x2d, 0x0,

    /* U+FEE4 "ﻤ" */
    0x0, 0xc3, 0x3b, 0x88, 0x1, 0xfb, 0x18, 0x8e,
    0xd4, 0x3, 0xca, 0x4b, 0xf6, 0x10, 0x1, 0xec,
    0x9, 0x4, 0x32, 0x10, 0xc, 0x2e, 0x1, 0x84,
    0x24, 0x0, 0x59, 0xe2, 0x19, 0xba, 0x20, 0x7e,
    0x91, 0x31, 0x56, 0x22, 0xca, 0x22, 0x50,

    /* U+FEE5 "ﻥ" */
    0x0, 0xe2, 0x0, 0xff, 0x9b, 0x44, 0x3, 0xfc,
    0x94, 0x20, 0x1, 0x30, 0xf, 0x12, 0x80, 0x49,
    0x90, 0x1, 0xfe, 0x50, 0x60, 0x2b, 0x60, 0xf,
    0x8c, 0x44, 0xa8, 0x1, 0xf9, 0x80, 0xfc, 0x8,
    0x3, 0xe1, 0x3, 0x0, 0xff, 0x20, 0xf, 0x1,
    0x80, 0x7a, 0x1, 0xc1, 0xc2, 0x14, 0x2, 0x18,
    0x71, 0x90, 0x1a, 0xa, 0xfd, 0xee, 0x38, 0xe8,
    0x80, 0x17, 0x58, 0x88, 0x7, 0x1e, 0x60, 0x0,

    /* U+FEE6 "ﻦ" */
    0x0, 0xe2, 0x0, 0xff, 0xe0, 0xb6, 0x88, 0x7,
    0xff, 0x1, 0x28, 0x40, 0xd, 0xea, 0x1, 0xf1,
    0x28, 0x4, 0xe1, 0xe0, 0x18, 0xc4, 0x3, 0xc2,
    0x6a, 0x20, 0x4, 0xc9, 0x0, 0xf9, 0x82, 0x0,
    0x6, 0x1a, 0x1, 0xfc, 0xda, 0xbe, 0xc, 0x1,
    0xf3, 0x81, 0x10, 0xfc, 0x1c, 0x3, 0xc4, 0x41,
    0xdf, 0x62, 0xd, 0x0, 0xf4, 0x4, 0x80, 0x4a,
    0x4d, 0x6, 0x2, 0x76, 0xa4, 0xe0, 0x1b, 0xc9,
    0xf3, 0xfb, 0x10, 0xf0, 0x3, 0x8b, 0x69, 0x4c,
    0xcd, 0x78, 0x20, 0x18,

    /* U+FEE7 "ﻧ" */
    0x0, 0x84, 0x40, 0x16, 0x58, 0x5, 0x32, 0x0,
    0x90, 0xc0, 0x21, 0x10, 0x5, 0xd8, 0x1, 0xfc,
    0x20, 0x5, 0x5, 0x2d, 0xa0, 0xa1, 0x22, 0x49,
    0x80,

    /* U+FEE8 "ﻨ" */
    0x0, 0x84, 0x40, 0x1e, 0xcb, 0x0, 0xf4, 0xc8,
    0x3, 0xc8, 0x60, 0x1e, 0x11, 0x0, 0x7b, 0xb0,
    0x3, 0xff, 0x92, 0xa0, 0x46, 0x0, 0x2d, 0xa0,
    0x6, 0x69, 0x9, 0x12, 0x1c, 0x48, 0x40,

    /* U+FEE9 "ﻩ" */
    0x2, 0xab, 0x71, 0x0, 0xd8, 0xa9, 0x1c, 0xa0,
    0x6, 0x16, 0xfa, 0x1a, 0x50, 0xf0, 0xa0, 0x5c,
    0x8, 0x0, 0x84, 0x0, 0x48, 0x40, 0x20, 0xe0,
    0x2, 0x41, 0xb, 0xa, 0xa5, 0xe8, 0x40, 0x1d,
    0x12, 0xad, 0x8c, 0x0,

    /* U+FEEA "ﻪ" */
    0x0, 0xe8, 0x50, 0xf, 0x2c, 0xbf, 0x0, 0x62,
    0xda, 0x70, 0x60, 0x8, 0x70, 0xeb, 0x88, 0x80,
    0x13, 0xd, 0x28, 0x20, 0x18, 0x3, 0xc3, 0x15,
    0xd0, 0x24, 0x1, 0x24, 0xf5, 0x6, 0x4b, 0xd6,
    0x3b, 0x97, 0x9d, 0x88, 0x2a,

    /* U+FEEB "ﻫ" */
    0x0, 0xa, 0x80, 0x7f, 0x15, 0x6a, 0x0, 0x7c,
    0x6c, 0x57, 0x20, 0x1e, 0x26, 0x0, 0x35, 0x80,
    0x72, 0x85, 0xe0, 0x25, 0x80, 0x6e, 0x4, 0x30,
    0x2, 0x30, 0x4, 0x20, 0x8a, 0xe, 0x30, 0x1,
    0x68, 0x4d, 0x86, 0xc8, 0x98, 0x1, 0x0, 0x84,
    0x94, 0xc1, 0xcb, 0x30, 0x1, 0xaa, 0x41, 0x44,
    0xc8, 0xe1, 0x81, 0x42, 0x84,

    /* U+FEEC "ﻬ" */
    0x0, 0xc5, 0x12, 0x80, 0x1e, 0x3d, 0x76, 0xb4,
    0x0, 0xee, 0xa, 0xc0, 0xd0, 0xc, 0x64, 0xaa,
    0x0, 0x8, 0x6, 0x50, 0xc4, 0xc2, 0x90, 0x1,
    0x64, 0x4, 0x58, 0x3, 0x71, 0x44, 0xc4, 0x4,
    0x0, 0x46, 0x7b, 0xe0, 0x25, 0xc1, 0x7f, 0xcc,
    0x0, 0x30, 0xe8, 0x95, 0x60, 0xc, 0x80, 0xc2,
    0xe1, 0xe0, 0x1d, 0x3, 0xfa, 0x1e, 0x1, 0xcf,
    0x20, 0x4c, 0xc0, 0x0,

    /* U+FEED "ﻭ" */
    0x0, 0x86, 0xbb, 0x8e, 0x1, 0xd8, 0xa2, 0x28,
    0x60, 0x8, 0xc8, 0xff, 0x42, 0x0, 0x27, 0x0,
    0x89, 0x4, 0x2, 0x42, 0x3f, 0xc5, 0x1, 0x0,
    0xb1, 0x88, 0xc4, 0x4, 0x2, 0x19, 0xde, 0x2,
    0x0, 0xfb, 0x42, 0x80, 0x30, 0xae, 0x99, 0x9c,
    0x2b, 0x7b, 0x94, 0x4b, 0x80, 0x7, 0x20, 0x37,
    0xca, 0x0, 0x80,

    /* U+FEEE "ﻮ" */
    0x0, 0xc4, 0xcc, 0x0, 0xfc, 0xdb, 0x32, 0xd1,
    0x0, 0xe1, 0x90, 0x42, 0x25, 0x80, 0x72, 0x2,
    0xde, 0x8a, 0x80, 0x73, 0x3, 0x80, 0x14, 0x3,
    0xc6, 0x62, 0xfd, 0x50, 0xdd, 0x30, 0x5, 0xac,
    0x24, 0x20, 0x44, 0xe0, 0x8, 0x67, 0xb8, 0x7,
    0xfe, 0x80, 0xe, 0x1c, 0x9, 0x0, 0xe1, 0x48,
    0xe2, 0x65, 0x0, 0xb7, 0xfa, 0xdc, 0x22, 0x40,
    0x33, 0x9a, 0xbd, 0x7b, 0x80, 0x70,

    /* U+FEEF "ﻯ" */
    0x0, 0xf8, 0x5a, 0x1c, 0xc0, 0x3f, 0x27, 0x4b,
    0xc6, 0x48, 0x7, 0xd4, 0x15, 0xfc, 0x6c, 0x40,
    0x1f, 0xb, 0x80, 0xee, 0x88, 0x3, 0xd2, 0x3b,
    0x6a, 0x24, 0x5, 0x6c, 0x1, 0x3d, 0xa2, 0x2b,
    0x4, 0x29, 0x14, 0x3, 0x25, 0xf3, 0x1c, 0x81,
    0x81, 0x0, 0x78, 0x70, 0xc, 0x8, 0x10, 0x3,
    0xcb, 0x61, 0xa1, 0x41, 0x54, 0x66, 0x4d, 0xfd,
    0xb, 0x30, 0xe, 0xc5, 0x66, 0x4c, 0x80, 0x97,
    0x20, 0x12, 0x75, 0x44, 0x27, 0x3e, 0xd0, 0x2,

    /* U+FEF0 "ﻰ" */
    0x0, 0xff, 0x4f, 0xf2, 0x0, 0xa, 0x94, 0x3,
    0xd0, 0xc4, 0x36, 0x41, 0x6a, 0xc0, 0x1e, 0x40,
    0xeb, 0xe, 0x2, 0x2, 0x0, 0xf5, 0x6, 0x33,
    0x9e, 0x10, 0x28, 0x7, 0x99, 0xc1, 0x21, 0x87,
    0x42, 0xd8, 0x40, 0x2, 0x6e, 0xe0, 0x40, 0x9d,
    0x49, 0x9, 0xef, 0xf7, 0x64, 0x15, 0x90, 0x6,
    0x6e, 0x85, 0x43, 0x47, 0xbd, 0x40, 0xc,

    /* U+FEF1 "ﻱ" */
    0x0, 0xf9, 0xf7, 0xfa, 0x88, 0x3, 0xea, 0x83,
    0x64, 0x5c, 0x0, 0xf9, 0x47, 0xa6, 0xa5, 0x4c,
    0x3, 0xc4, 0x32, 0x60, 0xd6, 0x60, 0x42, 0x1,
    0x79, 0x36, 0x61, 0x0, 0xb, 0xae, 0x1, 0x16,
    0xda, 0x9d, 0xa0, 0x78, 0x20, 0x7, 0x25, 0x58,
    0x70, 0x4, 0x60, 0x1f, 0x68, 0x5, 0xa1, 0x42,
    0x1, 0x13, 0x63, 0x4, 0x3, 0x9a, 0x76, 0xeb,
    0xf6, 0x4c, 0xd8, 0x40, 0xc, 0x81, 0x22, 0x9,
    0xbe, 0x60, 0xc0, 0x33, 0xf6, 0xf7, 0xec, 0x18,
    0x7, 0xc3, 0xa9, 0x7a, 0x1, 0xfc, 0x34, 0x93,
    0x0, 0x1e,

    /* U+FEF2 "ﻲ" */
    0x0, 0xff, 0x4f, 0xf2, 0x0, 0xa, 0x94, 0x3,
    0xd0, 0xc4, 0x36, 0x41, 0x6a, 0xc0, 0x1e, 0x40,
    0xeb, 0xe, 0x2, 0x2, 0x0, 0xf5, 0x6, 0x33,
    0x9e, 0x10, 0x28, 0x7, 0x99, 0xc1, 0x21, 0x87,
    0x42, 0xd8, 0x40, 0x2, 0x6e, 0xe0, 0x40, 0x9d,
    0x49, 0x9, 0xef, 0xf7, 0x64, 0x15, 0x90, 0x6,
    0x6e, 0x85, 0x43, 0x47, 0xbd, 0x40, 0xf, 0xb,
    0xc5, 0xed, 0x42, 0x0, 0x7f, 0xe, 0xad, 0xe8,
    0x7, 0xfc, 0x34, 0x93, 0x0, 0x1f, 0x80,

    /* U+FEF3 "ﻳ" */
    0x0, 0xbf, 0x40, 0x3f, 0xe1, 0x0, 0x94, 0x18,
    0xb, 0x68, 0x38, 0x4, 0x89, 0x28, 0x7, 0xfa,
    0xc0, 0x18, 0x80, 0x44, 0x0, 0xd7, 0x8f, 0x0,
    0x52, 0xd5, 0x0,

    /* U+FEF4 "ﻴ" */
    0x0, 0xbf, 0x40, 0x3f, 0xf9, 0x2a, 0x4, 0x60,
    0x2, 0xda, 0x0, 0x66, 0x90, 0x91, 0x21, 0xc4,
    0x84, 0xff, 0x5e, 0x3b, 0xcc, 0x0, 0x40, 0x22,
    0x0, 0xda, 0xf1, 0xe0, 0x1a, 0x96, 0xa8, 0x0,

    /* U+FEF5 "ﻵ" */
    0x0, 0xff, 0xe1, 0x26, 0xb0, 0x1, 0x34, 0x3,
    0xd3, 0x2d, 0xff, 0x44, 0x80, 0x7b, 0x52, 0xff,
    0xd8, 0x80, 0x7, 0xf5, 0x0, 0xd7, 0x0, 0x1f,
    0xf1, 0x39, 0x0, 0x7f, 0xac, 0x2c, 0x3, 0xfc,
    0x48, 0xc2, 0x1, 0xfe, 0x80, 0x60, 0xf, 0xf1,
    0x9a, 0x40, 0x3f, 0xe9, 0x16, 0x0, 0xff, 0x29,
    0x58, 0x70, 0x30, 0x7, 0xd6, 0x48, 0x80, 0x30,
    0xf, 0x98, 0x68, 0x94, 0x3, 0xf9, 0x84, 0x20,
    0x3, 0xf2, 0x38, 0x49, 0x0, 0x74, 0xf7, 0x2c,
    0x25, 0x80, 0x3d, 0xc2, 0x24, 0xc6, 0x0, 0x80,

    /* U+FEF6 "ﻶ" */
    0x0, 0xff, 0xe2, 0xa6, 0xb0, 0x1, 0x34, 0x3,
    0xfa, 0x65, 0xbf, 0xe8, 0x90, 0xf, 0xed, 0x4b,
    0xff, 0x62, 0x0, 0x1f, 0xd4, 0x3, 0xeb, 0x80,
    0xf, 0xfe, 0x11, 0x39, 0x0, 0x7f, 0xf0, 0x6c,
    0x2c, 0x3, 0xff, 0x82, 0x48, 0xc2, 0x1, 0xff,
    0xc1, 0x80, 0x60, 0xf, 0xfe, 0x9, 0x9a, 0x40,
    0x3f, 0xf8, 0x52, 0x2c, 0x1, 0xff, 0xc1, 0x52,
    0xb0, 0xe0, 0xf, 0xfe, 0x5, 0x92, 0x20, 0xc,
    0x3, 0xfc, 0xc3, 0x44, 0x2, 0x1, 0xff, 0x30,
    0x80, 0x34, 0x3, 0xfc, 0x8e, 0x14, 0x6a, 0x40,
    0x1e, 0x9e, 0xe5, 0x84, 0xac, 0x86, 0xe8, 0x40,
    0x37, 0x8, 0x93, 0x58, 0x16, 0x4, 0x8c,

    /* U+FEF7 "ﻷ" */
    0x9, 0xeb, 0x0, 0xf8, 0xd7, 0xa8, 0x3, 0xe2,
    0x22, 0x28, 0x7, 0xc6, 0x17, 0x0, 0x1f, 0x1e,
    0xfe, 0x0, 0x67, 0xf5, 0x13, 0x96, 0x0, 0xfe,
    0x39, 0x10, 0xf, 0xd2, 0x12, 0x1, 0xf8, 0xd1,
    0x80, 0x3f, 0xbc, 0x5c, 0x3, 0xf2, 0x14, 0x80,
    0x7f, 0x40, 0xa8, 0x7, 0xe5, 0x18, 0xe, 0x6,
    0x0, 0xe8, 0x24, 0x40, 0x18, 0x7, 0x30, 0xd1,
    0x28, 0x7, 0xcc, 0x21, 0x0, 0x1e, 0x47, 0x9,
    0x20, 0xa, 0x7b, 0x96, 0x12, 0xc0, 0x1b, 0x84,
    0x49, 0x8c, 0x1, 0x0,

    /* U+FEF8 "ﻸ" */
    0x9, 0xeb, 0x0, 0xff, 0x1a, 0xf5, 0x0, 0x7f,
    0x88, 0x88, 0xa0, 0x1f, 0xe3, 0xb, 0x80, 0xf,
    0xf1, 0xef, 0xe0, 0x6, 0x7f, 0x50, 0x8, 0x4e,
    0x58, 0x3, 0xff, 0x80, 0x72, 0x20, 0x1f, 0xf4,
    0x84, 0x80, 0x7f, 0xc6, 0x8c, 0x1, 0xff, 0xc0,
    0xf1, 0x70, 0xf, 0xf9, 0xa, 0x40, 0x3f, 0xf8,
    0x10, 0x2a, 0x1, 0xff, 0x28, 0xc0, 0x70, 0x7,
    0xfa, 0x9, 0x10, 0x6, 0x1, 0xf9, 0x86, 0x88,
    0x4, 0x3, 0xf9, 0x84, 0x1, 0xa0, 0x1f, 0x91,
    0xc2, 0x4d, 0x48, 0x3, 0x4f, 0x72, 0xc2, 0x5a,
    0x43, 0x74, 0x20, 0xe, 0x11, 0x26, 0x30, 0x2c,
    0x9, 0x18,

    /* U+FEF9 "ﻹ" */
    0x0, 0xf9, 0xfd, 0x42, 0x58, 0x3, 0xf1, 0xc8,
    0x80, 0x7d, 0x21, 0x20, 0x1f, 0x1a, 0x30, 0x7,
    0xef, 0x17, 0x0, 0xf9, 0xa, 0x40, 0x3f, 0x40,
    0xa8, 0x7, 0xca, 0x30, 0x1c, 0xc, 0x1, 0xa0,
    0x91, 0x0, 0x60, 0x19, 0x86, 0x89, 0x40, 0x3c,
    0xc2, 0x10, 0x1, 0xc8, 0xe1, 0x24, 0x0, 0x9e,
    0xe5, 0x84, 0xb0, 0x5, 0xc2, 0x24, 0xc6, 0x0,
    0x8e, 0x86, 0xec, 0x60, 0x1a, 0x27, 0x94, 0x3,
    0xc5, 0xc8, 0x40, 0x1f, 0x2c, 0x30, 0x7, 0xaf,
    0xf1, 0x40, 0x3c,

    /* U+FEFA "ﻺ" */
    0x0, 0xf9, 0xfd, 0x40, 0x34, 0xb0, 0x7, 0xfc,
    0x72, 0x20, 0x1f, 0xe9, 0x9, 0x0, 0xff, 0x1a,
    0x30, 0x7, 0xfd, 0xe2, 0xe0, 0x1f, 0xe4, 0x29,
    0x0, 0xff, 0xa0, 0x54, 0x3, 0xfc, 0xa3, 0x1,
    0xc0, 0x1f, 0xd0, 0x48, 0x80, 0x30, 0xf, 0x98,
    0x68, 0x80, 0x40, 0x3f, 0x30, 0x80, 0x34, 0x3,
    0xe4, 0x70, 0x93, 0x52, 0x0, 0xa7, 0xb9, 0x61,
    0x2d, 0x21, 0xba, 0x10, 0xe1, 0x12, 0x63, 0x2,
    0xc0, 0x91, 0x9a, 0x86, 0xec, 0x60, 0x13, 0xf7,
    0x94, 0x4f, 0x28, 0x7, 0xf1, 0x72, 0x10, 0x7,
    0xf9, 0x61, 0x80, 0x3f, 0xaf, 0xf1, 0x40, 0x3f,
    0x80,

    /* U+FEFB "ﻻ" */
    0x0, 0xf9, 0xfd, 0x42, 0x58, 0x3, 0xf1, 0xc8,
    0x80, 0x7d, 0x21, 0x20, 0x1f, 0x1a, 0x30, 0x7,
    0xef, 0x17, 0x0, 0xf9, 0xa, 0x40, 0x3f, 0x40,
    0xa8, 0x7, 0xca, 0x30, 0x1c, 0xc, 0x1, 0xa0,
    0x91, 0x0, 0x60, 0x19, 0x86, 0x89, 0x40, 0x3c,
    0xc2, 0x10, 0x1, 0xc8, 0xe1, 0x24, 0x0, 0x9e,
    0xe5, 0x84, 0xb0, 0x5, 0xc2, 0x24, 0xc6, 0x0,
    0x80,

    /* U+FEFC "ﻼ" */
    0x0, 0xf9, 0xfd, 0x40, 0x34, 0xb0, 0x7, 0xfc,
    0x72, 0x20, 0x1f, 0xe9, 0x9, 0x0, 0xff, 0x1a,
    0x30, 0x7, 0xfd, 0xe2, 0xe0, 0x1f, 0xe4, 0x29,
    0x0, 0xff, 0xa0, 0x54, 0x3, 0xfc, 0xa3, 0x1,
    0xc0, 0x1f, 0xd0, 0x48, 0x80, 0x30, 0xf, 0x98,
    0x68, 0x80, 0x40, 0x3f, 0x30, 0x80, 0x34, 0x3,
    0xe4, 0x70, 0x93, 0x52, 0x0, 0xa7, 0xb9, 0x61,
    0x2d, 0x21, 0xba, 0x10, 0xe1, 0x12, 0x63, 0x2,
    0xc0, 0x91, 0x80
};


/*---------------------
 *  GLYPH DESCRIPTION
 *--------------------*/

static const lv_font_fmt_txt_glyph_dsc_t glyph_dsc[] = {
    {.bitmap_index = 0, .adv_w = 0, .box_w = 0, .box_h = 0, .ofs_x = 0, .ofs_y = 0} /* id = 0 reserved */,
    {.bitmap_index = 0, .adv_w = 102, .box_w = 0, .box_h = 0, .ofs_x = 0, .ofs_y = 0},
    {.bitmap_index = 0, .adv_w = 128, .box_w = 2, .box_h = 14, .ofs_x = 3, .ofs_y = 0},
    {.bitmap_index = 12, .adv_w = 147, .box_w = 7, .box_h = 6, .ofs_x = 1, .ofs_y = 8},
    {.bitmap_index = 23, .adv_w = 268, .box_w = 15, .box_h = 14, .ofs_x = 1, .ofs_y = 0},
    {.bitmap_index = 118, .adv_w = 204, .box_w = 11, .box_h = 18, .ofs_x = 1, .ofs_y = -3},
    {.bitmap_index = 194, .adv_w = 304, .box_w = 17, .box_h = 14, .ofs_x = 1, .ofs_y = 0},
    {.bitmap_index = 299, .adv_w = 250, .box_w = 14, .box_h = 14, .ofs_x = 1, .ofs_y = 0},
    {.bitmap_index = 382, .adv_w = 88, .box_w = 3, .box_h = 6, .ofs_x = 1, .ofs_y = 8},
    {.bitmap_index = 389, .adv_w = 125, .box_w = 6, .box_h = 18, .ofs_x = 1, .ofs_y = -3},
    {.bitmap_index = 438, .adv_w = 125, .box_w = 6, .box_h = 18, .ofs_x = 1, .ofs_y = -3},
    {.bitmap_index = 485, .adv_w = 160, .box_w = 10, .box_h = 9, .ofs_x = 0, .ofs_y = 5},
    {.bitmap_index = 527, .adv_w = 268, .box_w = 13, .box_h = 13, .ofs_x = 2, .ofs_y = 0},
    {.bitmap_index = 556, .adv_w = 102, .box_w = 4, .box_h = 5, .ofs_x = 1, .ofs_y = -2},
    {.bitmap_index = 566, .adv_w = 115, .box_w = 7, .box_h = 2, .ofs_x = 0, .ofs_y = 5},
    {.bitmap_index = 571, .adv_w = 102, .box_w = 3, .box_h = 3, .ofs_x = 2, .ofs_y = 0},
    {.bitmap_index = 576, .adv_w = 108, .box_w = 7, .box_h = 16, .ofs_x = 0, .ofs_y = -2},
    {.bitmap_index = 622, .adv_w = 204, .box_w = 11, .box_h = 14, .ofs_x = 1, .ofs_y = 0},
    {.bitmap_index = 688, .adv_w = 204, .box_w = 9, .box_h = 14, .ofs_x = 2, .ofs_y = 0},
    {.bitmap_index = 715, .adv_w = 204, .box_w = 10, .box_h = 14, .ofs_x = 1, .ofs_y = 0},
    {.bitmap_index = 772, .adv_w = 204, .box_w = 11, .box_h = 14, .ofs_x = 1, .ofs_y = 0},
    {.bitmap_index = 839, .adv_w = 204, .box_w = 12, .box_h = 14, .ofs_x = 0, .ofs_y = 0},
    {.bitmap_index = 891, .adv_w = 204, .box_w = 10, .box_h = 14, .ofs_x = 1, .ofs_y = 0},
    {.bitmap_index = 947, .adv_w = 204, .box_w = 11, .box_h = 14, .ofs_x = 1, .ofs_y = 0},
    {.bitmap_index = 1020, .adv_w = 204, .box_w = 11, .box_h = 14, .ofs_x = 1, .ofs_y = 0},
    {.bitmap_index = 1071, .adv_w = 204, .box_w = 11, .box_h = 14, .ofs_x = 1, .ofs_y = 0},
    {.bitmap_index = 1147, .adv_w = 204, .box_w = 11, .box_h = 14, .ofs_x = 1, .ofs_y = 0},
    {.bitmap_index = 1221, .adv_w = 108, .box_w = 3, .box_h = 10, .ofs_x = 2, .ofs_y = 0},
    {.bitmap_index = 1234, .adv_w = 108, .box_w = 4, .box_h = 13, .ofs_x = 1, .ofs_y = -2},
    {.bitmap_index = 1254, .adv_w = 268, .box_w = 13, .box_h = 12, .ofs_x = 2, .ofs_y = 0},
    {.bitmap_index = 1316, .adv_w = 268, .box_w = 13, .box_h = 6, .ofs_x = 2, .ofs_y = 3},
    {.bitmap_index = 1336, .adv_w = 268, .box_w = 13, .box_h = 12, .ofs_x = 2, .ofs_y = 0},
    {.bitmap_index = 1398, .adv_w = 170, .box_w = 9, .box_h = 14, .ofs_x = 1, .ofs_y = 0},
    {.bitmap_index = 1449, .adv_w = 320, .box_w = 18, .box_h = 19, .ofs_x = 1, .ofs_y = -4},
    {.bitmap_index = 1600, .adv_w = 219, .box_w = 14, .box_h = 14, .ofs_x = 0, .ofs_y = 0},
    {.bitmap_index = 1676, .adv_w = 220, .box_w = 12, .box_h = 14, .ofs_x = 1, .ofs_y = 0},
    {.bitmap_index = 1737, .adv_w = 223, .box_w = 12, .box_h = 14, .ofs_x = 1, .ofs_y = 0},
    {.bitmap_index = 1800, .adv_w = 246, .box_w = 14, .box_h = 14, .ofs_x = 1, .ofs_y = 0},
    {.bitmap_index = 1863, .adv_w = 202, .box_w = 11, .box_h = 14, .ofs_x = 1, .ofs_y = 0},
    {.bitmap_index = 1895, .adv_w = 184, .box_w = 10, .box_h = 14, .ofs_x = 1, .ofs_y = 0},
    {.bitmap_index = 1920, .adv_w = 248, .box_w = 13, .box_h = 14, .ofs_x = 1, .ofs_y = 0},
    {.bitmap_index = 1994, .adv_w = 241, .box_w = 13, .box_h = 14, .ofs_x = 1, .ofs_y = 0},
    {.bitmap_index = 2016, .adv_w = 94, .box_w = 3, .box_h = 14, .ofs_x = 1, .ofs_y = 0},
    {.bitmap_index = 2021, .adv_w = 94, .box_w = 6, .box_h = 18, .ofs_x = -2, .ofs_y = -4},
    {.bitmap_index = 2040, .adv_w = 210, .box_w = 13, .box_h = 14, .ofs_x = 1, .ofs_y = 0},
    {.bitmap_index = 2101, .adv_w = 178, .box_w = 11, .box_h = 14, .ofs_x = 1, .ofs_y = 0},
    {.bitmap_index = 2115, .adv_w = 276, .box_w = 15, .box_h = 14, .ofs_x = 1, .ofs_y = 0},
    {.bitmap_index = 2186, .adv_w = 239, .box_w = 12, .box_h = 14, .ofs_x = 1, .ofs_y = 0},
    {.bitmap_index = 2239, .adv_w = 252, .box_w = 14, .box_h = 14, .ofs_x = 1, .ofs_y = 0},
    {.bitmap_index = 2320, .adv_w = 193, .box_w = 11, .box_h = 14, .ofs_x = 1, .ofs_y = 0},
    {.bitmap_index = 2359, .adv_w = 252, .box_w = 14, .box_h = 17, .ofs_x = 1, .ofs_y = -3},
    {.bitmap_index = 2455, .adv_w = 222, .box_w = 13, .box_h = 14, .ofs_x = 1, .ofs_y = 0},
    {.bitmap_index = 2517, .adv_w = 203, .box_w = 11, .box_h = 14, .ofs_x = 1, .ofs_y = 0},
    {.bitmap_index = 2585, .adv_w = 195, .box_w = 14, .box_h = 14, .ofs_x = -1, .ofs_y = 0},
    {.bitmap_index = 2608, .adv_w = 234, .box_w = 12, .box_h = 14, .ofs_x = 1, .ofs_y = 0},
    {.bitmap_index = 2646, .adv_w = 219, .box_w = 14, .box_h = 14, .ofs_x = 0, .ofs_y = 0},
    {.bitmap_index = 2723, .adv_w = 316, .box_w = 20, .box_h = 14, .ofs_x = 0, .ofs_y = 0},
    {.bitmap_index = 2849, .adv_w = 219, .box_w = 14, .box_h = 14, .ofs_x = 0, .ofs_y = 0},
    {.bitmap_index = 2930, .adv_w = 195, .box_w = 14, .box_h = 14, .ofs_x = -1, .ofs_y = 0},
    {.bitmap_index = 2981, .adv_w = 219, .box_w = 13, .box_h = 14, .ofs_x = 0, .ofs_y = 0},
    {.bitmap_index = 3041, .adv_w = 125, .box_w = 5, .box_h = 18, .ofs_x = 1, .ofs_y = -3},
    {.bitmap_index = 3058, .adv_w = 108, .box_w = 7, .box_h = 16, .ofs_x = 0, .ofs_y = -2},
    {.bitmap_index = 3102, .adv_w = 125, .box_w = 6, .box_h = 18, .ofs_x = 1, .ofs_y = -3},
    {.bitmap_index = 3121, .adv_w = 268, .box_w = 13, .box_h = 6, .ofs_x = 2, .ofs_y = 9},
    {.bitmap_index = 3153, .adv_w = 160, .box_w = 12, .box_h = 3, .ofs_x = -1, .ofs_y = -5},
    {.bitmap_index = 3163, .adv_w = 160, .box_w = 6, .box_h = 4, .ofs_x = 1, .ofs_y = 12},
    {.bitmap_index = 3175, .adv_w = 196, .box_w = 10, .box_h = 11, .ofs_x = 1, .ofs_y = 0},
    {.bitmap_index = 3231, .adv_w = 203, .box_w = 11, .box_h = 15, .ofs_x = 1, .ofs_y = 0},
    {.bitmap_index = 3290, .adv_w = 176, .box_w = 9, .box_h = 11, .ofs_x = 1, .ofs_y = 0},
    {.bitmap_index = 3333, .adv_w = 203, .box_w = 10, .box_h = 15, .ofs_x = 1, .ofs_y = 0},
    {.bitmap_index = 3388, .adv_w = 197, .box_w = 11, .box_h = 11, .ofs_x = 1, .ofs_y = 0},
    {.bitmap_index = 3441, .adv_w = 113, .box_w = 8, .box_h = 15, .ofs_x = 0, .ofs_y = 0},
    {.bitmap_index = 3472, .adv_w = 203, .box_w = 10, .box_h = 15, .ofs_x = 1, .ofs_y = -4},
    {.bitmap_index = 3541, .adv_w = 203, .box_w = 10, .box_h = 15, .ofs_x = 1, .ofs_y = 0},
    {.bitmap_index = 3573, .adv_w = 89, .box_w = 3, .box_h = 15, .ofs_x = 1, .ofs_y = 0},
    {.bitmap_index = 3584, .adv_w = 89, .box_w = 5, .box_h = 19, .ofs_x = -1, .ofs_y = -4},
    {.bitmap_index = 3608, .adv_w = 185, .box_w = 11, .box_h = 15, .ofs_x = 1, .ofs_y = 0},
    {.bitmap_index = 3655, .adv_w = 89, .box_w = 3, .box_h = 15, .ofs_x = 1, .ofs_y = 0},
    {.bitmap_index = 3660, .adv_w = 312, .box_w = 17, .box_h = 11, .ofs_x = 1, .ofs_y = 0},
    {.bitmap_index = 3711, .adv_w = 203, .box_w = 10, .box_h = 11, .ofs_x = 1, .ofs_y = 0},
    {.bitmap_index = 3740, .adv_w = 196, .box_w = 11, .box_h = 11, .ofs_x = 1, .ofs_y = 0},
    {.bitmap_index = 3797, .adv_w = 203, .box_w = 11, .box_h = 15, .ofs_x = 1, .ofs_y = -4},
    {.bitmap_index = 3860, .adv_w = 203, .box_w = 10, .box_h = 15, .ofs_x = 1, .ofs_y = -4},
    {.bitmap_index = 3917, .adv_w = 132, .box_w = 8, .box_h = 11, .ofs_x = 1, .ofs_y = 0},
    {.bitmap_index = 3939, .adv_w = 167, .box_w = 9, .box_h = 11, .ofs_x = 1, .ofs_y = 0},
    {.bitmap_index = 3985, .adv_w = 125, .box_w = 8, .box_h = 14, .ofs_x = 0, .ofs_y = 0},
    {.bitmap_index = 4016, .adv_w = 203, .box_w = 10, .box_h = 11, .ofs_x = 1, .ofs_y = 0},
    {.bitmap_index = 4042, .adv_w = 189, .box_w = 12, .box_h = 11, .ofs_x = 0, .ofs_y = 0},
    {.bitmap_index = 4099, .adv_w = 262, .box_w = 16, .box_h = 11, .ofs_x = 0, .ofs_y = 0},
    {.bitmap_index = 4184, .adv_w = 189, .box_w = 12, .box_h = 11, .ofs_x = 0, .ofs_y = 0},
    {.bitmap_index = 4242, .adv_w = 189, .box_w = 12, .box_h = 15, .ofs_x = 0, .ofs_y = -4},
    {.bitmap_index = 4314, .adv_w = 168, .box_w = 10, .box_h = 11, .ofs_x = 0, .ofs_y = 0},
    {.bitmap_index = 4357, .adv_w = 204, .box_w = 9, .box_h = 19, .ofs_x = 2, .ofs_y = -4},
    {.bitmap_index = 4417, .adv_w = 108, .box_w = 3, .box_h = 20, .ofs_x = 2, .ofs_y = -5},
    {.bitmap_index = 4424, .adv_w = 204, .box_w = 9, .box_h = 19, .ofs_x = 2, .ofs_y = -4},
    {.bitmap_index = 4486, .adv_w = 268, .box_w = 13, .box_h = 5, .ofs_x = 2, .ofs_y = 4},
    {.bitmap_index = 4514, .adv_w = 102, .box_w = 0, .box_h = 0, .ofs_x = 0, .ofs_y = 0},
    {.bitmap_index = 4514, .adv_w = 128, .box_w = 2, .box_h = 14, .ofs_x = 3, .ofs_y = -3},
    {.bitmap_index = 4526, .adv_w = 204, .box_w = 10, .box_h = 18, .ofs_x = 1, .ofs_y = -3},
    {.bitmap_index = 4590, .adv_w = 204, .box_w = 10, .box_h = 14, .ofs_x = 1, .ofs_y = 0},
    {.bitmap_index = 4646, .adv_w = 204, .box_w = 12, .box_h = 12, .ofs_x = 0, .ofs_y = 0},
    {.bitmap_index = 4706, .adv_w = 204, .box_w = 12, .box_h = 14, .ofs_x = 0, .ofs_y = 0},
    {.bitmap_index = 4771, .adv_w = 108, .box_w = 3, .box_h = 17, .ofs_x = 2, .ofs_y = -3},
    {.bitmap_index = 4785, .adv_w = 160, .box_w = 10, .box_h = 17, .ofs_x = 0, .ofs_y = -3},
    {.bitmap_index = 4865, .adv_w = 160, .box_w = 6, .box_h = 2, .ofs_x = 2, .ofs_y = 13},
    {.bitmap_index = 4871, .adv_w = 320, .box_w = 16, .box_h = 14, .ofs_x = 2, .ofs_y = 0},
    {.bitmap_index = 4972, .adv_w = 151, .box_w = 8, .box_h = 11, .ofs_x = 1, .ofs_y = 4},
    {.bitmap_index = 5013, .adv_w = 196, .box_w = 10, .box_h = 10, .ofs_x = 1, .ofs_y = 1},
    {.bitmap_index = 5060, .adv_w = 268, .box_w = 13, .box_h = 6, .ofs_x = 2, .ofs_y = 3},
    {.bitmap_index = 5073, .adv_w = 115, .box_w = 7, .box_h = 2, .ofs_x = 0, .ofs_y = 5},
    {.bitmap_index = 5078, .adv_w = 320, .box_w = 16, .box_h = 14, .ofs_x = 2, .ofs_y = 0},
    {.bitmap_index = 5178, .adv_w = 160, .box_w = 6, .box_h = 3, .ofs_x = 2, .ofs_y = 13},
    {.bitmap_index = 5185, .adv_w = 160, .box_w = 8, .box_h = 8, .ofs_x = 1, .ofs_y = 8},
    {.bitmap_index = 5215, .adv_w = 268, .box_w = 13, .box_h = 13, .ofs_x = 2, .ofs_y = 0},
    {.bitmap_index = 5252, .adv_w = 128, .box_w = 7, .box_h = 8, .ofs_x = 0, .ofs_y = 7},
    {.bitmap_index = 5280, .adv_w = 128, .box_w = 7, .box_h = 8, .ofs_x = 0, .ofs_y = 7},
    {.bitmap_index = 5308, .adv_w = 160, .box_w = 6, .box_h = 4, .ofs_x = 3, .ofs_y = 12},
    {.bitmap_index = 5320, .adv_w = 204, .box_w = 12, .box_h = 15, .ofs_x = 1, .ofs_y = -4},
    {.bitmap_index = 5357, .adv_w = 204, .box_w = 10, .box_h = 17, .ofs_x = 1, .ofs_y = -3},
    {.bitmap_index = 5393, .adv_w = 102, .box_w = 3, .box_h = 3, .ofs_x = 2, .ofs_y = 6},
    {.bitmap_index = 5398, .adv_w = 160, .box_w = 5, .box_h = 5, .ofs_x = 2, .ofs_y = -5},
    {.bitmap_index = 5411, .adv_w = 128, .box_w = 6, .box_h = 8, .ofs_x = 1, .ofs_y = 7},
    {.bitmap_index = 5428, .adv_w = 151, .box_w = 9, .box_h = 11, .ofs_x = 0, .ofs_y = 4},
    {.bitmap_index = 5472, .adv_w = 196, .box_w = 10, .box_h = 10, .ofs_x = 1, .ofs_y = 1},
    {.bitmap_index = 5519, .adv_w = 310, .box_w = 18, .box_h = 16, .ofs_x = 1, .ofs_y = -1},
    {.bitmap_index = 5624, .adv_w = 310, .box_w = 18, .box_h = 16, .ofs_x = 1, .ofs_y = -1},
    {.bitmap_index = 5730, .adv_w = 310, .box_w = 19, .box_h = 16, .ofs_x = 0, .ofs_y = -1},
    {.bitmap_index = 5851, .adv_w = 170, .box_w = 9, .box_h = 15, .ofs_x = 1, .ofs_y = -4},
    {.bitmap_index = 5901, .adv_w = 219, .box_w = 14, .box_h = 18, .ofs_x = 0, .ofs_y = 0},
    {.bitmap_index = 5993, .adv_w = 219, .box_w = 14, .box_h = 18, .ofs_x = 0, .ofs_y = 0},
    {.bitmap_index = 6084, .adv_w = 219, .box_w = 14, .box_h = 18, .ofs_x = 0, .ofs_y = 0},
    {.bitmap_index = 6179, .adv_w = 219, .box_w = 14, .box_h = 18, .ofs_x = 0, .ofs_y = 0},
    {.bitmap_index = 6275, .adv_w = 219, .box_w = 14, .box_h = 18, .ofs_x = 0, .ofs_y = 0},
    {.bitmap_index = 6367, .adv_w = 219, .box_w = 14, .box_h = 18, .ofs_x = 0, .ofs_y = 0},
    {.bitmap_index = 6463, .adv_w = 312, .box_w = 19, .box_h = 14, .ofs_x = 0, .ofs_y = 0},
    {.bitmap_index = 6548, .adv_w = 223, .box_w = 12, .box_h = 18, .ofs_x = 1, .ofs_y = -4},
    {.bitmap_index = 6629, .adv_w = 202, .box_w = 11, .box_h = 18, .ofs_x = 1, .ofs_y = 0},
    {.bitmap_index = 6675, .adv_w = 202, .box_w = 11, .box_h = 18, .ofs_x = 1, .ofs_y = 0},
    {.bitmap_index = 6721, .adv_w = 202, .box_w = 11, .box_h = 18, .ofs_x = 1, .ofs_y = 0},
    {.bitmap_index = 6771, .adv_w = 202, .box_w = 11, .box_h = 18, .ofs_x = 1, .ofs_y = 0},
    {.bitmap_index = 6819, .adv_w = 94, .box_w = 5, .box_h = 18, .ofs_x = 0, .ofs_y = 0},
    {.bitmap_index = 6835, .adv_w = 94, .box_w = 5, .box_h = 18, .ofs_x = 1, .ofs_y = 0},
    {.bitmap_index = 6850, .adv_w = 94, .box_w = 7, .box_h = 18, .ofs_x = -1, .ofs_y = 0},
    {.bitmap_index = 6874, .adv_w = 94, .box_w = 6, .box_h = 18, .ofs_x = 0, .ofs_y = 0},
    {.bitmap_index = 6891, .adv_w = 248, .box_w = 15, .box_h = 14, .ofs_x = 0, .ofs_y = 0},
    {.bitmap_index = 6972, .adv_w = 239, .box_w = 12, .box_h = 18, .ofs_x = 1, .ofs_y = 0},
    {.bitmap_index = 7045, .adv_w = 252, .box_w = 14, .box_h = 19, .ofs_x = 1, .ofs_y = 0},
    {.bitmap_index = 7143, .adv_w = 252, .box_w = 14, .box_h = 19, .ofs_x = 1, .ofs_y = 0},
    {.bitmap_index = 7240, .adv_w = 252, .box_w = 14, .box_h = 19, .ofs_x = 1, .ofs_y = 0},
    {.bitmap_index = 7340, .adv_w = 252, .box_w = 14, .box_h = 18, .ofs_x = 1, .ofs_y = 0},
    {.bitmap_index = 7441, .adv_w = 252, .box_w = 14, .box_h = 18, .ofs_x = 1, .ofs_y = 0},
    {.bitmap_index = 7538, .adv_w = 268, .box_w = 13, .box_h = 12, .ofs_x = 2, .ofs_y = 0},
    {.bitmap_index = 7606, .adv_w = 252, .box_w = 14, .box_h = 16, .ofs_x = 1, .ofs_y = -1},
    {.bitmap_index = 7712, .adv_w = 234, .box_w = 12, .box_h = 19, .ofs_x = 1, .ofs_y = 0},
    {.bitmap_index = 7767, .adv_w = 234, .box_w = 12, .box_h = 19, .ofs_x = 1, .ofs_y = 0},
    {.bitmap_index = 7822, .adv_w = 234, .box_w = 12, .box_h = 19, .ofs_x = 1, .ofs_y = 0},
    {.bitmap_index = 7880, .adv_w = 234, .box_w = 12, .box_h = 18, .ofs_x = 1, .ofs_y = 0},
    {.bitmap_index = 7935, .adv_w = 195, .box_w = 14, .box_h = 18, .ofs_x = -1, .ofs_y = 0},
    {.bitmap_index = 8001, .adv_w = 194, .box_w = 11, .box_h = 14, .ofs_x = 1, .ofs_y = 0},
    {.bitmap_index = 8049, .adv_w = 202, .box_w = 11, .box_h = 15, .ofs_x = 1, .ofs_y = 0},
    {.bitmap_index = 8117, .adv_w = 196, .box_w = 10, .box_h = 16, .ofs_x = 1, .ofs_y = 0},
    {.bitmap_index = 8189, .adv_w = 196, .box_w = 10, .box_h = 16, .ofs_x = 1, .ofs_y = 0},
    {.bitmap_index = 8262, .adv_w = 196, .box_w = 10, .box_h = 16, .ofs_x = 1, .ofs_y = 0},
    {.bitmap_index = 8339, .adv_w = 196, .box_w = 10, .box_h = 15, .ofs_x = 1, .ofs_y = 0},
    {.bitmap_index = 8414, .adv_w = 196, .box_w = 10, .box_h = 15, .ofs_x = 1, .ofs_y = 0},
    {.bitmap_index = 8485, .adv_w = 196, .box_w = 10, .box_h = 18, .ofs_x = 1, .ofs_y = 0},
    {.bitmap_index = 8568, .adv_w = 314, .box_w = 18, .box_h = 11, .ofs_x = 1, .ofs_y = 0},
    {.bitmap_index = 8659, .adv_w = 176, .box_w = 9, .box_h = 15, .ofs_x = 1, .ofs_y = -4},
    {.bitmap_index = 8718, .adv_w = 197, .box_w = 11, .box_h = 16, .ofs_x = 1, .ofs_y = 0},
    {.bitmap_index = 8788, .adv_w = 197, .box_w = 11, .box_h = 16, .ofs_x = 1, .ofs_y = 0},
    {.bitmap_index = 8858, .adv_w = 197, .box_w = 11, .box_h = 16, .ofs_x = 1, .ofs_y = 0},
    {.bitmap_index = 8932, .adv_w = 197, .box_w = 11, .box_h = 15, .ofs_x = 1, .ofs_y = 0},
    {.bitmap_index = 9000, .adv_w = 89, .box_w = 6, .box_h = 16, .ofs_x = -1, .ofs_y = 0},
    {.bitmap_index = 9020, .adv_w = 89, .box_w = 6, .box_h = 16, .ofs_x = 1, .ofs_y = 0},
    {.bitmap_index = 9040, .adv_w = 89, .box_w = 7, .box_h = 16, .ofs_x = -1, .ofs_y = 0},
    {.bitmap_index = 9063, .adv_w = 89, .box_w = 7, .box_h = 15, .ofs_x = -1, .ofs_y = 0},
    {.bitmap_index = 9080, .adv_w = 196, .box_w = 11, .box_h = 15, .ofs_x = 1, .ofs_y = 0},
    {.bitmap_index = 9158, .adv_w = 203, .box_w = 10, .box_h = 15, .ofs_x = 1, .ofs_y = 0},
    {.bitmap_index = 9207, .adv_w = 196, .box_w = 11, .box_h = 16, .ofs_x = 1, .ofs_y = 0},
    {.bitmap_index = 9282, .adv_w = 196, .box_w = 11, .box_h = 16, .ofs_x = 1, .ofs_y = 0},
    {.bitmap_index = 9356, .adv_w = 196, .box_w = 11, .box_h = 16, .ofs_x = 1, .ofs_y = 0},
    {.bitmap_index = 9434, .adv_w = 196, .box_w = 11, .box_h = 15, .ofs_x = 1, .ofs_y = 0},
    {.bitmap_index = 9510, .adv_w = 196, .box_w = 11, .box_h = 15, .ofs_x = 1, .ofs_y = 0},
    {.bitmap_index = 9582, .adv_w = 268, .box_w = 13, .box_h = 10, .ofs_x = 2, .ofs_y = 1},
    {.bitmap_index = 9614, .adv_w = 196, .box_w = 12, .box_h = 13, .ofs_x = 0, .ofs_y = -1},
    {.bitmap_index = 9689, .adv_w = 203, .box_w = 10, .box_h = 16, .ofs_x = 1, .ofs_y = 0},
    {.bitmap_index = 9733, .adv_w = 203, .box_w = 10, .box_h = 16, .ofs_x = 1, .ofs_y = 0},
    {.bitmap_index = 9777, .adv_w = 203, .box_w = 10, .box_h = 16, .ofs_x = 1, .ofs_y = 0},
    {.bitmap_index = 9825, .adv_w = 203, .box_w = 10, .box_h = 15, .ofs_x = 1, .ofs_y = 0},
    {.bitmap_index = 9867, .adv_w = 189, .box_w = 12, .box_h = 20, .ofs_x = 0, .ofs_y = -4},
    {.bitmap_index = 9958, .adv_w = 203, .box_w = 11, .box_h = 19, .ofs_x = 1, .ofs_y = -4},
    {.bitmap_index = 10024, .adv_w = 189, .box_w = 12, .box_h = 19, .ofs_x = 0, .ofs_y = -4},
    {.bitmap_index = 10112, .adv_w = 219, .box_w = 14, .box_h = 19, .ofs_x = 0, .ofs_y = 0},
    {.bitmap_index = 10205, .adv_w = 196, .box_w = 10, .box_h = 15, .ofs_x = 1, .ofs_y = 0},
    {.bitmap_index = 10274, .adv_w = 219, .box_w = 14, .box_h = 19, .ofs_x = 0, .ofs_y = 0},
    {.bitmap_index = 10374, .adv_w = 196, .box_w = 10, .box_h = 15, .ofs_x = 1, .ofs_y = 0},
    {.bitmap_index = 10447, .adv_w = 219, .box_w = 15, .box_h = 18, .ofs_x = 0, .ofs_y = -4},
    {.bitmap_index = 10545, .adv_w = 196, .box_w = 11, .box_h = 15, .ofs_x = 1, .ofs_y = -4},
    {.bitmap_index = 10618, .adv_w = 223, .box_w = 12, .box_h = 19, .ofs_x = 1, .ofs_y = 0},
    {.bitmap_index = 10696, .adv_w = 176, .box_w = 9, .box_h = 16, .ofs_x = 1, .ofs_y = 0},
    {.bitmap_index = 10755, .adv_w = 223, .box_w = 12, .box_h = 19, .ofs_x = 1, .ofs_y = 0},
    {.bitmap_index = 10837, .adv_w = 176, .box_w = 9, .box_h = 16, .ofs_x = 1, .ofs_y = 0},
    {.bitmap_index = 10901, .adv_w = 223, .box_w = 12, .box_h = 18, .ofs_x = 1, .ofs_y = 0},
    {.bitmap_index = 10975, .adv_w = 176, .box_w = 9, .box_h = 15, .ofs_x = 1, .ofs_y = 0},
    {.bitmap_index = 11029, .adv_w = 223, .box_w = 12, .box_h = 19, .ofs_x = 1, .ofs_y = 0},
    {.bitmap_index = 11112, .adv_w = 176, .box_w = 9, .box_h = 16, .ofs_x = 1, .ofs_y = 0},
    {.bitmap_index = 11175, .adv_w = 246, .box_w = 14, .box_h = 18, .ofs_x = 1, .ofs_y = 0},
    {.bitmap_index = 11257, .adv_w = 203, .box_w = 14, .box_h = 15, .ofs_x = 1, .ofs_y = 0},
    {.bitmap_index = 11331, .adv_w = 248, .box_w = 15, .box_h = 14, .ofs_x = 0, .ofs_y = 0},
    {.bitmap_index = 11412, .adv_w = 203, .box_w = 12, .box_h = 15, .ofs_x = 1, .ofs_y = 0},
    {.bitmap_index = 11484, .adv_w = 202, .box_w = 11, .box_h = 19, .ofs_x = 1, .ofs_y = 0},
    {.bitmap_index = 11533, .adv_w = 197, .box_w = 11, .box_h = 15, .ofs_x = 1, .ofs_y = 0},
    {.bitmap_index = 11599, .adv_w = 202, .box_w = 11, .box_h = 18, .ofs_x = 1, .ofs_y = 0},
    {.bitmap_index = 11648, .adv_w = 197, .box_w = 11, .box_h = 16, .ofs_x = 1, .ofs_y = 0},
    {.bitmap_index = 11723, .adv_w = 202, .box_w = 11, .box_h = 18, .ofs_x = 1, .ofs_y = 0},
    {.bitmap_index = 11765, .adv_w = 197, .box_w = 11, .box_h = 15, .ofs_x = 1, .ofs_y = 0},
    {.bitmap_index = 11829, .adv_w = 202, .box_w = 11, .box_h = 18, .ofs_x = 1, .ofs_y = -4},
    {.bitmap_index = 11876, .adv_w = 197, .box_w = 11, .box_h = 15, .ofs_x = 1, .ofs_y = -4},
    {.bitmap_index = 11946, .adv_w = 202, .box_w = 11, .box_h = 18, .ofs_x = 1, .ofs_y = 0},
    {.bitmap_index = 11995, .adv_w = 197, .box_w = 11, .box_h = 16, .ofs_x = 1, .ofs_y = 0},
    {.bitmap_index = 12069, .adv_w = 248, .box_w = 13, .box_h = 19, .ofs_x = 1, .ofs_y = 0},
    {.bitmap_index = 12163, .adv_w = 203, .box_w = 10, .box_h = 20, .ofs_x = 1, .ofs_y = -4},
    {.bitmap_index = 12253, .adv_w = 248, .box_w = 13, .box_h = 19, .ofs_x = 1, .ofs_y = 0},
    {.bitmap_index = 12350, .adv_w = 203, .box_w = 10, .box_h = 20, .ofs_x = 1, .ofs_y = -4},
    {.bitmap_index = 12440, .adv_w = 248, .box_w = 13, .box_h = 18, .ofs_x = 1, .ofs_y = 0},
    {.bitmap_index = 12524, .adv_w = 203, .box_w = 10, .box_h = 19, .ofs_x = 1, .ofs_y = -4},
    {.bitmap_index = 12604, .adv_w = 248, .box_w = 13, .box_h = 19, .ofs_x = 1, .ofs_y = -5},
    {.bitmap_index = 12699, .adv_w = 203, .box_w = 10, .box_h = 19, .ofs_x = 1, .ofs_y = -4},
    {.bitmap_index = 12781, .adv_w = 241, .box_w = 13, .box_h = 18, .ofs_x = 1, .ofs_y = 0},
    {.bitmap_index = 12822, .adv_w = 203, .box_w = 12, .box_h = 18, .ofs_x = -1, .ofs_y = 0},
    {.bitmap_index = 12871, .adv_w = 293, .box_w = 16, .box_h = 14, .ofs_x = 1, .ofs_y = 0},
    {.bitmap_index = 12919, .adv_w = 222, .box_w = 11, .box_h = 15, .ofs_x = 1, .ofs_y = 0},
    {.bitmap_index = 12966, .adv_w = 94, .box_w = 8, .box_h = 18, .ofs_x = -1, .ofs_y = 0},
    {.bitmap_index = 12990, .adv_w = 89, .box_w = 7, .box_h = 15, .ofs_x = -1, .ofs_y = 0},
    {.bitmap_index = 13010, .adv_w = 94, .box_w = 6, .box_h = 19, .ofs_x = 0, .ofs_y = 0},
    {.bitmap_index = 13025, .adv_w = 89, .box_w = 7, .box_h = 15, .ofs_x = -1, .ofs_y = 0},
    {.bitmap_index = 13040, .adv_w = 94, .box_w = 7, .box_h = 18, .ofs_x = -1, .ofs_y = 0},
    {.bitmap_index = 13063, .adv_w = 89, .box_w = 7, .box_h = 16, .ofs_x = -1, .ofs_y = 0},
    {.bitmap_index = 13086, .adv_w = 94, .box_w = 5, .box_h = 18, .ofs_x = 1, .ofs_y = -4},
    {.bitmap_index = 13101, .adv_w = 89, .box_w = 5, .box_h = 19, .ofs_x = 1, .ofs_y = -4},
    {.bitmap_index = 13125, .adv_w = 94, .box_w = 3, .box_h = 18, .ofs_x = 1, .ofs_y = 0},
    {.bitmap_index = 13136, .adv_w = 89, .box_w = 3, .box_h = 11, .ofs_x = 1, .ofs_y = 0},
    {.bitmap_index = 13141, .adv_w = 189, .box_w = 9, .box_h = 18, .ofs_x = 1, .ofs_y = -4},
    {.bitmap_index = 13169, .adv_w = 178, .box_w = 9, .box_h = 19, .ofs_x = 1, .ofs_y = -4},
    {.bitmap_index = 13209, .adv_w = 94, .box_w = 8, .box_h = 22, .ofs_x = -2, .ofs_y = -4},
    {.bitmap_index = 13249, .adv_w = 89, .box_w = 7, .box_h = 20, .ofs_x = -1, .ofs_y = -4},
    {.bitmap_index = 13286, .adv_w = 210, .box_w = 13, .box_h = 19, .ofs_x = 1, .ofs_y = -5},
    {.bitmap_index = 13368, .adv_w = 185, .box_w = 11, .box_h = 20, .ofs_x = 1, .ofs_y = -5},
    {.bitmap_index = 13434, .adv_w = 185, .box_w = 11, .box_h = 11, .ofs_x = 1, .ofs_y = 0},
    {.bitmap_index = 13480, .adv_w = 178, .box_w = 11, .box_h = 18, .ofs_x = 1, .ofs_y = 0},
    {.bitmap_index = 13508, .adv_w = 89, .box_w = 5, .box_h = 18, .ofs_x = 1, .ofs_y = 0},
    {.bitmap_index = 13521, .adv_w = 178, .box_w = 11, .box_h = 19, .ofs_x = 1, .ofs_y = -5},
    {.bitmap_index = 13552, .adv_w = 89, .box_w = 4, .box_h = 20, .ofs_x = 1, .ofs_y = -5},
    {.bitmap_index = 13567, .adv_w = 178, .box_w = 11, .box_h = 14, .ofs_x = 1, .ofs_y = 0},
    {.bitmap_index = 13594, .adv_w = 120, .box_w = 7, .box_h = 15, .ofs_x = 1, .ofs_y = 0},
    {.bitmap_index = 13611, .adv_w = 178, .box_w = 11, .box_h = 14, .ofs_x = 1, .ofs_y = 0},
    {.bitmap_index = 13634, .adv_w = 109, .box_w = 6, .box_h = 15, .ofs_x = 1, .ofs_y = 0},
    {.bitmap_index = 13650, .adv_w = 180, .box_w = 13, .box_h = 14, .ofs_x = -1, .ofs_y = 0},
    {.bitmap_index = 13689, .adv_w = 91, .box_w = 6, .box_h = 15, .ofs_x = 0, .ofs_y = 0},
    {.bitmap_index = 13711, .adv_w = 239, .box_w = 12, .box_h = 18, .ofs_x = 1, .ofs_y = 0},
    {.bitmap_index = 13779, .adv_w = 203, .box_w = 10, .box_h = 16, .ofs_x = 1, .ofs_y = 0},
    {.bitmap_index = 13826, .adv_w = 239, .box_w = 12, .box_h = 19, .ofs_x = 1, .ofs_y = -5},
    {.bitmap_index = 13898, .adv_w = 203, .box_w = 10, .box_h = 16, .ofs_x = 1, .ofs_y = -5},
    {.bitmap_index = 13944, .adv_w = 239, .box_w = 12, .box_h = 18, .ofs_x = 1, .ofs_y = 0},
    {.bitmap_index = 14016, .adv_w = 203, .box_w = 10, .box_h = 16, .ofs_x = 1, .ofs_y = 0},
    {.bitmap_index = 14067, .adv_w = 260, .box_w = 13, .box_h = 14, .ofs_x = 2, .ofs_y = 0},
    {.bitmap_index = 14114, .adv_w = 239, .box_w = 12, .box_h = 18, .ofs_x = 1, .ofs_y = -4},
    {.bitmap_index = 14171, .adv_w = 203, .box_w = 10, .box_h = 15, .ofs_x = 1, .ofs_y = -4},
    {.bitmap_index = 14215, .adv_w = 252, .box_w = 14, .box_h = 19, .ofs_x = 1, .ofs_y = 0},
    {.bitmap_index = 14313, .adv_w = 196, .box_w = 11, .box_h = 15, .ofs_x = 1, .ofs_y = 0},
    {.bitmap_index = 14382, .adv_w = 252, .box_w = 14, .box_h = 19, .ofs_x = 1, .ofs_y = 0},
    {.bitmap_index = 14486, .adv_w = 196, .box_w = 11, .box_h = 16, .ofs_x = 1, .ofs_y = 0},
    {.bitmap_index = 14565, .adv_w = 252, .box_w = 14, .box_h = 19, .ofs_x = 1, .ofs_y = 0},
    {.bitmap_index = 14668, .adv_w = 196, .box_w = 11, .box_h = 16, .ofs_x = 1, .ofs_y = 0},
    {.bitmap_index = 14748, .adv_w = 342, .box_w = 20, .box_h = 14, .ofs_x = 1, .ofs_y = 0},
    {.bitmap_index = 14839, .adv_w = 327, .box_w = 19, .box_h = 11, .ofs_x = 1, .ofs_y = 0},
    {.bitmap_index = 14933, .adv_w = 222, .box_w = 13, .box_h = 18, .ofs_x = 1, .ofs_y = 0},
    {.bitmap_index = 15010, .adv_w = 132, .box_w = 8, .box_h = 16, .ofs_x = 1, .ofs_y = 0},
    {.bitmap_index = 15049, .adv_w = 222, .box_w = 13, .box_h = 19, .ofs_x = 1, .ofs_y = -5},
    {.bitmap_index = 15131, .adv_w = 132, .box_w = 8, .box_h = 16, .ofs_x = 1, .ofs_y = -5},
    {.bitmap_index = 15168, .adv_w = 222, .box_w = 13, .box_h = 18, .ofs_x = 1, .ofs_y = 0},
    {.bitmap_index = 15248, .adv_w = 132, .box_w = 8, .box_h = 16, .ofs_x = 1, .ofs_y = 0},
    {.bitmap_index = 15290, .adv_w = 203, .box_w = 11, .box_h = 19, .ofs_x = 1, .ofs_y = 0},
    {.bitmap_index = 15374, .adv_w = 167, .box_w = 9, .box_h = 16, .ofs_x = 1, .ofs_y = 0},
    {.bitmap_index = 15437, .adv_w = 203, .box_w = 11, .box_h = 19, .ofs_x = 1, .ofs_y = 0},
    {.bitmap_index = 15524, .adv_w = 167, .box_w = 9, .box_h = 16, .ofs_x = 1, .ofs_y = 0},
    {.bitmap_index = 15591, .adv_w = 203, .box_w = 11, .box_h = 18, .ofs_x = 1, .ofs_y = -4},
    {.bitmap_index = 15676, .adv_w = 167, .box_w = 9, .box_h = 15, .ofs_x = 1, .ofs_y = -4},
    {.bitmap_index = 15737, .adv_w = 203, .box_w = 11, .box_h = 19, .ofs_x = 1, .ofs_y = 0},
    {.bitmap_index = 15824, .adv_w = 167, .box_w = 9, .box_h = 16, .ofs_x = 1, .ofs_y = 0},
    {.bitmap_index = 15890, .adv_w = 195, .box_w = 14, .box_h = 18, .ofs_x = -1, .ofs_y = -4},
    {.bitmap_index = 15930, .adv_w = 125, .box_w = 8, .box_h = 18, .ofs_x = 0, .ofs_y = -4},
    {.bitmap_index = 15979, .adv_w = 195, .box_w = 14, .box_h = 18, .ofs_x = -1, .ofs_y = 0},
    {.bitmap_index = 16020, .adv_w = 125, .box_w = 8, .box_h = 16, .ofs_x = 0, .ofs_y = 0},
    {.bitmap_index = 16063, .adv_w = 195, .box_w = 14, .box_h = 14, .ofs_x = -1, .ofs_y = 0},
    {.bitmap_index = 16100, .adv_w = 125, .box_w = 8, .box_h = 14, .ofs_x = 0, .ofs_y = 0},
    {.bitmap_index = 16145, .adv_w = 234, .box_w = 12, .box_h = 18, .ofs_x = 1, .ofs_y = 0},
    {.bitmap_index = 16204, .adv_w = 203, .box_w = 10, .box_h = 15, .ofs_x = 1, .ofs_y = 0},
    {.bitmap_index = 16249, .adv_w = 234, .box_w = 12, .box_h = 19, .ofs_x = 1, .ofs_y = 0},
    {.bitmap_index = 16305, .adv_w = 203, .box_w = 10, .box_h = 15, .ofs_x = 1, .ofs_y = 0},
    {.bitmap_index = 16345, .adv_w = 234, .box_w = 12, .box_h = 19, .ofs_x = 1, .ofs_y = 0},
    {.bitmap_index = 16406, .adv_w = 203, .box_w = 10, .box_h = 16, .ofs_x = 1, .ofs_y = 0},
    {.bitmap_index = 16455, .adv_w = 234, .box_w = 12, .box_h = 19, .ofs_x = 1, .ofs_y = 0},
    {.bitmap_index = 16523, .adv_w = 203, .box_w = 10, .box_h = 17, .ofs_x = 1, .ofs_y = 0},
    {.bitmap_index = 16577, .adv_w = 234, .box_w = 12, .box_h = 19, .ofs_x = 1, .ofs_y = 0},
    {.bitmap_index = 16638, .adv_w = 203, .box_w = 10, .box_h = 16, .ofs_x = 1, .ofs_y = 0},
    {.bitmap_index = 16687, .adv_w = 234, .box_w = 12, .box_h = 18, .ofs_x = 1, .ofs_y = -4},
    {.bitmap_index = 16742, .adv_w = 203, .box_w = 12, .box_h = 15, .ofs_x = 1, .ofs_y = -4},
    {.bitmap_index = 16786, .adv_w = 316, .box_w = 20, .box_h = 19, .ofs_x = 0, .ofs_y = 0},
    {.bitmap_index = 16936, .adv_w = 262, .box_w = 16, .box_h = 16, .ofs_x = 0, .ofs_y = 0},
    {.bitmap_index = 17047, .adv_w = 195, .box_w = 14, .box_h = 19, .ofs_x = -1, .ofs_y = 0},
    {.bitmap_index = 17118, .adv_w = 189, .box_w = 12, .box_h = 20, .ofs_x = 0, .ofs_y = -4},
    {.bitmap_index = 17213, .adv_w = 195, .box_w = 14, .box_h = 18, .ofs_x = -1, .ofs_y = 0},
    {.bitmap_index = 17280, .adv_w = 219, .box_w = 13, .box_h = 18, .ofs_x = 0, .ofs_y = 0},
    {.bitmap_index = 17355, .adv_w = 168, .box_w = 10, .box_h = 16, .ofs_x = 0, .ofs_y = 0},
    {.bitmap_index = 17416, .adv_w = 219, .box_w = 13, .box_h = 18, .ofs_x = 0, .ofs_y = 0},
    {.bitmap_index = 17486, .adv_w = 168, .box_w = 10, .box_h = 15, .ofs_x = 0, .ofs_y = 0},
    {.bitmap_index = 17541, .adv_w = 219, .box_w = 13, .box_h = 18, .ofs_x = 0, .ofs_y = 0},
    {.bitmap_index = 17619, .adv_w = 168, .box_w = 10, .box_h = 16, .ofs_x = 0, .ofs_y = 0},
    {.bitmap_index = 17684, .adv_w = 113, .box_w = 8, .box_h = 15, .ofs_x = 0, .ofs_y = 0},
    {.bitmap_index = 17711, .adv_w = 160, .box_w = 6, .box_h = 4, .ofs_x = 3, .ofs_y = 12},
    {.bitmap_index = 17723, .adv_w = 160, .box_w = 7, .box_h = 7, .ofs_x = 2, .ofs_y = 13},
    {.bitmap_index = 17745, .adv_w = 222, .box_w = 14, .box_h = 16, .ofs_x = 0, .ofs_y = 0},
    {.bitmap_index = 17834, .adv_w = 102, .box_w = 3, .box_h = 3, .ofs_x = 2, .ofs_y = 6},
    {.bitmap_index = 17839, .adv_w = 239, .box_w = 15, .box_h = 16, .ofs_x = -1, .ofs_y = 0},
    {.bitmap_index = 17891, .adv_w = 279, .box_w = 17, .box_h = 16, .ofs_x = -1, .ofs_y = 0},
    {.bitmap_index = 17937, .adv_w = 131, .box_w = 8, .box_h = 16, .ofs_x = -1, .ofs_y = 0},
    {.bitmap_index = 17961, .adv_w = 260, .box_w = 17, .box_h = 16, .ofs_x = -1, .ofs_y = 0},
    {.bitmap_index = 18068, .adv_w = 264, .box_w = 18, .box_h = 16, .ofs_x = -1, .ofs_y = 0},
    {.bitmap_index = 18143, .adv_w = 264, .box_w = 17, .box_h = 16, .ofs_x = -1, .ofs_y = 0},
    {.bitmap_index = 18254, .adv_w = 108, .box_w = 7, .box_h = 19, .ofs_x = 0, .ofs_y = 0},
    {.bitmap_index = 18296, .adv_w = 219, .box_w = 14, .box_h = 14, .ofs_x = 0, .ofs_y = 0},
    {.bitmap_index = 18372, .adv_w = 220, .box_w = 12, .box_h = 14, .ofs_x = 1, .ofs_y = 0},
    {.bitmap_index = 18433, .adv_w = 178, .box_w = 11, .box_h = 14, .ofs_x = 1, .ofs_y = 0},
    {.bitmap_index = 18448, .adv_w = 219, .box_w = 14, .box_h = 14, .ofs_x = 0, .ofs_y = 0},
    {.bitmap_index = 18524, .adv_w = 202, .box_w = 11, .box_h = 14, .ofs_x = 1, .ofs_y = 0},
    {.bitmap_index = 18556, .adv_w = 219, .box_w = 13, .box_h = 14, .ofs_x = 0, .ofs_y = 0},
    {.bitmap_index = 18616, .adv_w = 241, .box_w = 13, .box_h = 14, .ofs_x = 1, .ofs_y = 0},
    {.bitmap_index = 18638, .adv_w = 252, .box_w = 14, .box_h = 14, .ofs_x = 1, .ofs_y = 0},
    {.bitmap_index = 18723, .adv_w = 94, .box_w = 3, .box_h = 14, .ofs_x = 1, .ofs_y = 0},
    {.bitmap_index = 18728, .adv_w = 210, .box_w = 13, .box_h = 14, .ofs_x = 1, .ofs_y = 0},
    {.bitmap_index = 18789, .adv_w = 219, .box_w = 14, .box_h = 14, .ofs_x = 0, .ofs_y = 0},
    {.bitmap_index = 18865, .adv_w = 276, .box_w = 15, .box_h = 14, .ofs_x = 1, .ofs_y = 0},
    {.bitmap_index = 18936, .adv_w = 239, .box_w = 12, .box_h = 14, .ofs_x = 1, .ofs_y = 0},
    {.bitmap_index = 18989, .adv_w = 202, .box_w = 10, .box_h = 14, .ofs_x = 1, .ofs_y = 0},
    {.bitmap_index = 19018, .adv_w = 252, .box_w = 14, .box_h = 14, .ofs_x = 1, .ofs_y = 0},
    {.bitmap_index = 19099, .adv_w = 241, .box_w = 13, .box_h = 14, .ofs_x = 1, .ofs_y = 0},
    {.bitmap_index = 19116, .adv_w = 193, .box_w = 11, .box_h = 14, .ofs_x = 1, .ofs_y = 0},
    {.bitmap_index = 19155, .adv_w = 202, .box_w = 11, .box_h = 14, .ofs_x = 1, .ofs_y = 0},
    {.bitmap_index = 19211, .adv_w = 195, .box_w = 14, .box_h = 14, .ofs_x = -1, .ofs_y = 0},
    {.bitmap_index = 19234, .adv_w = 195, .box_w = 14, .box_h = 14, .ofs_x = -1, .ofs_y = 0},
    {.bitmap_index = 19285, .adv_w = 252, .box_w = 14, .box_h = 14, .ofs_x = 1, .ofs_y = 0},
    {.bitmap_index = 19368, .adv_w = 219, .box_w = 14, .box_h = 14, .ofs_x = 0, .ofs_y = 0},
    {.bitmap_index = 19449, .adv_w = 252, .box_w = 14, .box_h = 14, .ofs_x = 1, .ofs_y = 0},
    {.bitmap_index = 19511, .adv_w = 245, .box_w = 15, .box_h = 14, .ofs_x = 0, .ofs_y = 0},
    {.bitmap_index = 19601, .adv_w = 94, .box_w = 6, .box_h = 18, .ofs_x = 0, .ofs_y = 0},
    {.bitmap_index = 19618, .adv_w = 195, .box_w = 14, .box_h = 18, .ofs_x = -1, .ofs_y = 0},
    {.bitmap_index = 19684, .adv_w = 211, .box_w = 12, .box_h = 16, .ofs_x = 1, .ofs_y = 0},
    {.bitmap_index = 19767, .adv_w = 173, .box_w = 9, .box_h = 16, .ofs_x = 1, .ofs_y = 0},
    {.bitmap_index = 19831, .adv_w = 203, .box_w = 10, .box_h = 20, .ofs_x = 1, .ofs_y = -4},
    {.bitmap_index = 19883, .adv_w = 108, .box_w = 6, .box_h = 16, .ofs_x = 1, .ofs_y = 0},
    {.bitmap_index = 19914, .adv_w = 185, .box_w = 10, .box_h = 20, .ofs_x = 1, .ofs_y = 0},
    {.bitmap_index = 19990, .adv_w = 211, .box_w = 12, .box_h = 11, .ofs_x = 1, .ofs_y = 0},
    {.bitmap_index = 20055, .adv_w = 204, .box_w = 11, .box_h = 19, .ofs_x = 1, .ofs_y = -4},
    {.bitmap_index = 20133, .adv_w = 189, .box_w = 12, .box_h = 15, .ofs_x = 0, .ofs_y = -4},
    {.bitmap_index = 20194, .adv_w = 196, .box_w = 11, .box_h = 14, .ofs_x = 1, .ofs_y = 0},
    {.bitmap_index = 20266, .adv_w = 173, .box_w = 9, .box_h = 11, .ofs_x = 1, .ofs_y = 0},
    {.bitmap_index = 20314, .adv_w = 174, .box_w = 9, .box_h = 19, .ofs_x = 1, .ofs_y = -4},
    {.bitmap_index = 20382, .adv_w = 203, .box_w = 10, .box_h = 15, .ofs_x = 1, .ofs_y = -4},
    {.bitmap_index = 20416, .adv_w = 196, .box_w = 11, .box_h = 15, .ofs_x = 1, .ofs_y = 0},
    {.bitmap_index = 20491, .adv_w = 108, .box_w = 6, .box_h = 11, .ofs_x = 1, .ofs_y = 0},
    {.bitmap_index = 20507, .adv_w = 189, .box_w = 11, .box_h = 11, .ofs_x = 1, .ofs_y = 0},
    {.bitmap_index = 20554, .adv_w = 189, .box_w = 12, .box_h = 15, .ofs_x = 0, .ofs_y = 0},
    {.bitmap_index = 20624, .adv_w = 204, .box_w = 12, .box_h = 15, .ofs_x = 1, .ofs_y = -4},
    {.bitmap_index = 20661, .adv_w = 179, .box_w = 11, .box_h = 11, .ofs_x = 0, .ofs_y = 0},
    {.bitmap_index = 20717, .adv_w = 178, .box_w = 10, .box_h = 19, .ofs_x = 1, .ofs_y = -4},
    {.bitmap_index = 20794, .adv_w = 196, .box_w = 11, .box_h = 11, .ofs_x = 1, .ofs_y = 0},
    {.bitmap_index = 20851, .adv_w = 193, .box_w = 12, .box_h = 11, .ofs_x = 0, .ofs_y = 0},
    {.bitmap_index = 20876, .adv_w = 203, .box_w = 11, .box_h = 15, .ofs_x = 1, .ofs_y = -4},
    {.bitmap_index = 20939, .adv_w = 188, .box_w = 9, .box_h = 15, .ofs_x = 1, .ofs_y = -4},
    {.bitmap_index = 20996, .adv_w = 203, .box_w = 12, .box_h = 11, .ofs_x = 1, .ofs_y = 0},
    {.bitmap_index = 21056, .adv_w = 193, .box_w = 12, .box_h = 11, .ofs_x = 0, .ofs_y = 0},
    {.bitmap_index = 21086, .adv_w = 185, .box_w = 10, .box_h = 11, .ofs_x = 1, .ofs_y = 0},
    {.bitmap_index = 21130, .adv_w = 211, .box_w = 12, .box_h = 15, .ofs_x = 1, .ofs_y = -4},
    {.bitmap_index = 21199, .adv_w = 185, .box_w = 11, .box_h = 15, .ofs_x = 0, .ofs_y = -4},
    {.bitmap_index = 21271, .adv_w = 211, .box_w = 12, .box_h = 15, .ofs_x = 1, .ofs_y = -4},
    {.bitmap_index = 21311, .adv_w = 268, .box_w = 15, .box_h = 11, .ofs_x = 1, .ofs_y = 0},
    {.bitmap_index = 21383, .adv_w = 108, .box_w = 7, .box_h = 15, .ofs_x = 0, .ofs_y = 0},
    {.bitmap_index = 21412, .adv_w = 185, .box_w = 10, .box_h = 15, .ofs_x = 1, .ofs_y = 0},
    {.bitmap_index = 21471, .adv_w = 196, .box_w = 11, .box_h = 16, .ofs_x = 1, .ofs_y = 0},
    {.bitmap_index = 21546, .adv_w = 185, .box_w = 10, .box_h = 16, .ofs_x = 1, .ofs_y = 0},
    {.bitmap_index = 21607, .adv_w = 268, .box_w = 15, .box_h = 16, .ofs_x = 1, .ofs_y = 0},
    {.bitmap_index = 21700, .adv_w = 202, .box_w = 11, .box_h = 18, .ofs_x = 1, .ofs_y = 0},
    {.bitmap_index = 21745, .adv_w = 202, .box_w = 11, .box_h = 18, .ofs_x = 1, .ofs_y = 0},
    {.bitmap_index = 21791, .adv_w = 252, .box_w = 16, .box_h = 18, .ofs_x = -1, .ofs_y = -4},
    {.bitmap_index = 21866, .adv_w = 195, .box_w = 11, .box_h = 18, .ofs_x = 1, .ofs_y = 0},
    {.bitmap_index = 21895, .adv_w = 223, .box_w = 12, .box_h = 14, .ofs_x = 1, .ofs_y = 0},
    {.bitmap_index = 21963, .adv_w = 203, .box_w = 11, .box_h = 14, .ofs_x = 1, .ofs_y = 0},
    {.bitmap_index = 22031, .adv_w = 94, .box_w = 3, .box_h = 14, .ofs_x = 1, .ofs_y = 0},
    {.bitmap_index = 22036, .adv_w = 94, .box_w = 6, .box_h = 18, .ofs_x = 0, .ofs_y = 0},
    {.bitmap_index = 22053, .adv_w = 94, .box_w = 6, .box_h = 18, .ofs_x = -2, .ofs_y = -4},
    {.bitmap_index = 22072, .adv_w = 350, .box_w = 21, .box_h = 14, .ofs_x = 0, .ofs_y = 0},
    {.bitmap_index = 22162, .adv_w = 334, .box_w = 19, .box_h = 14, .ofs_x = 1, .ofs_y = 0},
    {.bitmap_index = 22226, .adv_w = 252, .box_w = 16, .box_h = 14, .ofs_x = -1, .ofs_y = 0},
    {.bitmap_index = 22277, .adv_w = 227, .box_w = 13, .box_h = 18, .ofs_x = 1, .ofs_y = 0},
    {.bitmap_index = 22355, .adv_w = 239, .box_w = 12, .box_h = 18, .ofs_x = 1, .ofs_y = 0},
    {.bitmap_index = 22423, .adv_w = 195, .box_w = 12, .box_h = 18, .ofs_x = 0, .ofs_y = 0},
    {.bitmap_index = 22511, .adv_w = 241, .box_w = 13, .box_h = 17, .ofs_x = 1, .ofs_y = -3},
    {.bitmap_index = 22537, .adv_w = 219, .box_w = 14, .box_h = 14, .ofs_x = 0, .ofs_y = 0},
    {.bitmap_index = 22613, .adv_w = 220, .box_w = 12, .box_h = 14, .ofs_x = 1, .ofs_y = 0},
    {.bitmap_index = 22666, .adv_w = 220, .box_w = 12, .box_h = 14, .ofs_x = 1, .ofs_y = 0},
    {.bitmap_index = 22727, .adv_w = 195, .box_w = 11, .box_h = 14, .ofs_x = 1, .ofs_y = 0},
    {.bitmap_index = 22742, .adv_w = 250, .box_w = 15, .box_h = 18, .ofs_x = 0, .ofs_y = -4},
    {.bitmap_index = 22813, .adv_w = 202, .box_w = 11, .box_h = 14, .ofs_x = 1, .ofs_y = 0},
    {.bitmap_index = 22845, .adv_w = 345, .box_w = 22, .box_h = 14, .ofs_x = 0, .ofs_y = 0},
    {.bitmap_index = 22962, .adv_w = 205, .box_w = 11, .box_h = 14, .ofs_x = 1, .ofs_y = 0},
    {.bitmap_index = 23031, .adv_w = 239, .box_w = 12, .box_h = 14, .ofs_x = 1, .ofs_y = 0},
    {.bitmap_index = 23084, .adv_w = 239, .box_w = 12, .box_h = 18, .ofs_x = 1, .ofs_y = 0},
    {.bitmap_index = 23156, .adv_w = 227, .box_w = 13, .box_h = 14, .ofs_x = 1, .ofs_y = 0},
    {.bitmap_index = 23219, .adv_w = 241, .box_w = 14, .box_h = 14, .ofs_x = 0, .ofs_y = 0},
    {.bitmap_index = 23272, .adv_w = 276, .box_w = 15, .box_h = 14, .ofs_x = 1, .ofs_y = 0},
    {.bitmap_index = 23343, .adv_w = 241, .box_w = 13, .box_h = 14, .ofs_x = 1, .ofs_y = 0},
    {.bitmap_index = 23365, .adv_w = 252, .box_w = 14, .box_h = 14, .ofs_x = 1, .ofs_y = 0},
    {.bitmap_index = 23446, .adv_w = 241, .box_w = 13, .box_h = 14, .ofs_x = 1, .ofs_y = 0},
    {.bitmap_index = 23463, .adv_w = 193, .box_w = 11, .box_h = 14, .ofs_x = 1, .ofs_y = 0},
    {.bitmap_index = 23502, .adv_w = 223, .box_w = 12, .box_h = 14, .ofs_x = 1, .ofs_y = 0},
    {.bitmap_index = 23565, .adv_w = 195, .box_w = 14, .box_h = 14, .ofs_x = -1, .ofs_y = 0},
    {.bitmap_index = 23588, .adv_w = 195, .box_w = 12, .box_h = 14, .ofs_x = 0, .ofs_y = 0},
    {.bitmap_index = 23657, .adv_w = 275, .box_w = 16, .box_h = 14, .ofs_x = 1, .ofs_y = 0},
    {.bitmap_index = 23746, .adv_w = 219, .box_w = 14, .box_h = 14, .ofs_x = 0, .ofs_y = 0},
    {.bitmap_index = 23827, .adv_w = 248, .box_w = 14, .box_h = 18, .ofs_x = 1, .ofs_y = -4},
    {.bitmap_index = 23857, .adv_w = 219, .box_w = 11, .box_h = 14, .ofs_x = 1, .ofs_y = 0},
    {.bitmap_index = 23889, .adv_w = 342, .box_w = 19, .box_h = 14, .ofs_x = 1, .ofs_y = 0},
    {.bitmap_index = 23919, .adv_w = 350, .box_w = 21, .box_h = 18, .ofs_x = 1, .ofs_y = -4},
    {.bitmap_index = 23962, .adv_w = 266, .box_w = 16, .box_h = 14, .ofs_x = 0, .ofs_y = 0},
    {.bitmap_index = 24024, .adv_w = 282, .box_w = 15, .box_h = 14, .ofs_x = 1, .ofs_y = 0},
    {.bitmap_index = 24077, .adv_w = 220, .box_w = 12, .box_h = 14, .ofs_x = 1, .ofs_y = 0},
    {.bitmap_index = 24121, .adv_w = 223, .box_w = 12, .box_h = 14, .ofs_x = 1, .ofs_y = 0},
    {.bitmap_index = 24189, .adv_w = 345, .box_w = 19, .box_h = 14, .ofs_x = 2, .ofs_y = 0},
    {.bitmap_index = 24289, .adv_w = 222, .box_w = 11, .box_h = 14, .ofs_x = 1, .ofs_y = 0},
    {.bitmap_index = 24347, .adv_w = 196, .box_w = 10, .box_h = 11, .ofs_x = 1, .ofs_y = 0},
    {.bitmap_index = 24403, .adv_w = 197, .box_w = 11, .box_h = 16, .ofs_x = 1, .ofs_y = 0},
    {.bitmap_index = 24483, .adv_w = 189, .box_w = 10, .box_h = 11, .ofs_x = 1, .ofs_y = 0},
    {.bitmap_index = 24533, .adv_w = 168, .box_w = 9, .box_h = 11, .ofs_x = 1, .ofs_y = 0},
    {.bitmap_index = 24546, .adv_w = 221, .box_w = 12, .box_h = 14, .ofs_x = 1, .ofs_y = -3},
    {.bitmap_index = 24600, .adv_w = 197, .box_w = 11, .box_h = 11, .ofs_x = 1, .ofs_y = 0},
    {.bitmap_index = 24653, .adv_w = 288, .box_w = 18, .box_h = 11, .ofs_x = 0, .ofs_y = 0},
    {.bitmap_index = 24734, .adv_w = 170, .box_w = 9, .box_h = 11, .ofs_x = 1, .ofs_y = 0},
    {.bitmap_index = 24782, .adv_w = 208, .box_w = 11, .box_h = 11, .ofs_x = 1, .ofs_y = 0},
    {.bitmap_index = 24823, .adv_w = 208, .box_w = 11, .box_h = 15, .ofs_x = 1, .ofs_y = 0},
    {.bitmap_index = 24884, .adv_w = 193, .box_w = 11, .box_h = 11, .ofs_x = 1, .ofs_y = 0},
    {.bitmap_index = 24929, .adv_w = 205, .box_w = 12, .box_h = 11, .ofs_x = 0, .ofs_y = 0},
    {.bitmap_index = 24970, .adv_w = 241, .box_w = 13, .box_h = 11, .ofs_x = 1, .ofs_y = 0},
    {.bitmap_index = 25021, .adv_w = 209, .box_w = 11, .box_h = 11, .ofs_x = 1, .ofs_y = 0},
    {.bitmap_index = 25045, .adv_w = 196, .box_w = 11, .box_h = 11, .ofs_x = 1, .ofs_y = 0},
    {.bitmap_index = 25102, .adv_w = 209, .box_w = 11, .box_h = 11, .ofs_x = 1, .ofs_y = 0},
    {.bitmap_index = 25119, .adv_w = 203, .box_w = 11, .box_h = 15, .ofs_x = 1, .ofs_y = -4},
    {.bitmap_index = 25182, .adv_w = 176, .box_w = 9, .box_h = 11, .ofs_x = 1, .ofs_y = 0},
    {.bitmap_index = 25225, .adv_w = 186, .box_w = 12, .box_h = 11, .ofs_x = 0, .ofs_y = 0},
    {.bitmap_index = 25244, .adv_w = 189, .box_w = 12, .box_h = 15, .ofs_x = 0, .ofs_y = -4},
    {.bitmap_index = 25316, .adv_w = 274, .box_w = 15, .box_h = 18, .ofs_x = 1, .ofs_y = -4},
    {.bitmap_index = 25404, .adv_w = 189, .box_w = 12, .box_h = 11, .ofs_x = 0, .ofs_y = 0},
    {.bitmap_index = 25462, .adv_w = 218, .box_w = 12, .box_h = 14, .ofs_x = 1, .ofs_y = -3},
    {.bitmap_index = 25489, .adv_w = 189, .box_w = 9, .box_h = 11, .ofs_x = 1, .ofs_y = 0},
    {.bitmap_index = 25518, .adv_w = 293, .box_w = 16, .box_h = 11, .ofs_x = 1, .ofs_y = 0},
    {.bitmap_index = 25543, .adv_w = 301, .box_w = 17, .box_h = 14, .ofs_x = 1, .ofs_y = -3},
    {.bitmap_index = 25578, .adv_w = 226, .box_w = 13, .box_h = 11, .ofs_x = 0, .ofs_y = 0},
    {.bitmap_index = 25620, .adv_w = 253, .box_w = 14, .box_h = 11, .ofs_x = 1, .ofs_y = 0},
    {.bitmap_index = 25662, .adv_w = 189, .box_w = 10, .box_h = 11, .ofs_x = 1, .ofs_y = 0},
    {.bitmap_index = 25696, .adv_w = 176, .box_w = 9, .box_h = 11, .ofs_x = 1, .ofs_y = 0},
    {.bitmap_index = 25742, .adv_w = 269, .box_w = 15, .box_h = 11, .ofs_x = 1, .ofs_y = 0},
    {.bitmap_index = 25814, .adv_w = 193, .box_w = 10, .box_h = 11, .ofs_x = 1, .ofs_y = 0},
    {.bitmap_index = 25861, .adv_w = 197, .box_w = 11, .box_h = 16, .ofs_x = 1, .ofs_y = 0},
    {.bitmap_index = 25930, .adv_w = 197, .box_w = 11, .box_h = 15, .ofs_x = 1, .ofs_y = 0},
    {.bitmap_index = 25997, .adv_w = 200, .box_w = 12, .box_h = 20, .ofs_x = 0, .ofs_y = -5},
    {.bitmap_index = 26078, .adv_w = 168, .box_w = 9, .box_h = 16, .ofs_x = 1, .ofs_y = 0},
    {.bitmap_index = 26108, .adv_w = 176, .box_w = 9, .box_h = 11, .ofs_x = 1, .ofs_y = 0},
    {.bitmap_index = 26153, .adv_w = 167, .box_w = 9, .box_h = 11, .ofs_x = 1, .ofs_y = 0},
    {.bitmap_index = 26199, .adv_w = 89, .box_w = 3, .box_h = 15, .ofs_x = 1, .ofs_y = 0},
    {.bitmap_index = 26210, .adv_w = 89, .box_w = 7, .box_h = 15, .ofs_x = -1, .ofs_y = 0},
    {.bitmap_index = 26227, .adv_w = 89, .box_w = 5, .box_h = 19, .ofs_x = -1, .ofs_y = -4},
    {.bitmap_index = 26251, .adv_w = 289, .box_w = 17, .box_h = 11, .ofs_x = 0, .ofs_y = 0},
    {.bitmap_index = 26316, .adv_w = 288, .box_w = 16, .box_h = 11, .ofs_x = 1, .ofs_y = 0},
    {.bitmap_index = 26366, .adv_w = 209, .box_w = 12, .box_h = 15, .ofs_x = 0, .ofs_y = 0},
    {.bitmap_index = 26422, .adv_w = 193, .box_w = 11, .box_h = 16, .ofs_x = 1, .ofs_y = 0},
    {.bitmap_index = 26486, .adv_w = 208, .box_w = 11, .box_h = 16, .ofs_x = 1, .ofs_y = 0},
    {.bitmap_index = 26545, .adv_w = 189, .box_w = 12, .box_h = 19, .ofs_x = 0, .ofs_y = -4},
    {.bitmap_index = 26635, .adv_w = 209, .box_w = 11, .box_h = 14, .ofs_x = 1, .ofs_y = -3},
    {.bitmap_index = 26664, .adv_w = 195, .box_w = 11, .box_h = 18, .ofs_x = 1, .ofs_y = 0},
    {.bitmap_index = 26688, .adv_w = 168, .box_w = 9, .box_h = 14, .ofs_x = 1, .ofs_y = 0},
    {.bitmap_index = 26707, .adv_w = 103, .box_w = 3, .box_h = 5, .ofs_x = 2, .ofs_y = 0},
    {.bitmap_index = 26715, .adv_w = 102, .box_w = 3, .box_h = 13, .ofs_x = 2, .ofs_y = 0},
    {.bitmap_index = 26732, .adv_w = 170, .box_w = 9, .box_h = 15, .ofs_x = 1, .ofs_y = 0},
    {.bitmap_index = 26783, .adv_w = 150, .box_w = 7, .box_h = 10, .ofs_x = 1, .ofs_y = 0},
    {.bitmap_index = 26818, .adv_w = 89, .box_w = 8, .box_h = 20, .ofs_x = -1, .ofs_y = 0},
    {.bitmap_index = 26844, .adv_w = 89, .box_w = 4, .box_h = 20, .ofs_x = 1, .ofs_y = 0},
    {.bitmap_index = 26859, .adv_w = 155, .box_w = 10, .box_h = 17, .ofs_x = -1, .ofs_y = -5},
    {.bitmap_index = 26930, .adv_w = 89, .box_w = 4, .box_h = 21, .ofs_x = 1, .ofs_y = -6},
    {.bitmap_index = 26947, .adv_w = 250, .box_w = 14, .box_h = 15, .ofs_x = 1, .ofs_y = -3},
    {.bitmap_index = 27037, .adv_w = 89, .box_w = 3, .box_h = 15, .ofs_x = 1, .ofs_y = 0},
    {.bitmap_index = 27042, .adv_w = 301, .box_w = 17, .box_h = 11, .ofs_x = 1, .ofs_y = -4},
    {.bitmap_index = 27105, .adv_w = 168, .box_w = 9, .box_h = 12, .ofs_x = 1, .ofs_y = 0},
    {.bitmap_index = 27156, .adv_w = 301, .box_w = 17, .box_h = 9, .ofs_x = 1, .ofs_y = 0},
    {.bitmap_index = 27217, .adv_w = 301, .box_w = 17, .box_h = 11, .ofs_x = 1, .ofs_y = 0},
    {.bitmap_index = 27287, .adv_w = 207, .box_w = 12, .box_h = 13, .ofs_x = 1, .ofs_y = -5},
    {.bitmap_index = 27354, .adv_w = 207, .box_w = 12, .box_h = 14, .ofs_x = 1, .ofs_y = -5},
    {.bitmap_index = 27420, .adv_w = 207, .box_w = 12, .box_h = 17, .ofs_x = 1, .ofs_y = -5},
    {.bitmap_index = 27496, .adv_w = 143, .box_w = 7, .box_h = 9, .ofs_x = 1, .ofs_y = 0},
    {.bitmap_index = 27525, .adv_w = 143, .box_w = 7, .box_h = 13, .ofs_x = 1, .ofs_y = 0},
    {.bitmap_index = 27562, .adv_w = 155, .box_w = 10, .box_h = 11, .ofs_x = -1, .ofs_y = -5},
    {.bitmap_index = 27603, .adv_w = 155, .box_w = 10, .box_h = 15, .ofs_x = -1, .ofs_y = -5},
    {.bitmap_index = 27656, .adv_w = 391, .box_w = 22, .box_h = 13, .ofs_x = 1, .ofs_y = -5},
    {.bitmap_index = 27758, .adv_w = 391, .box_w = 22, .box_h = 18, .ofs_x = 1, .ofs_y = -5},
    {.bitmap_index = 27888, .adv_w = 387, .box_w = 22, .box_h = 12, .ofs_x = 1, .ofs_y = -5},
    {.bitmap_index = 27989, .adv_w = 387, .box_w = 22, .box_h = 15, .ofs_x = 1, .ofs_y = -5},
    {.bitmap_index = 28103, .adv_w = 296, .box_w = 17, .box_h = 15, .ofs_x = 1, .ofs_y = 0},
    {.bitmap_index = 28157, .adv_w = 296, .box_w = 17, .box_h = 15, .ofs_x = 1, .ofs_y = 0},
    {.bitmap_index = 28224, .adv_w = 191, .box_w = 11, .box_h = 15, .ofs_x = 1, .ofs_y = -5},
    {.bitmap_index = 28291, .adv_w = 191, .box_w = 11, .box_h = 19, .ofs_x = 1, .ofs_y = -5},
    {.bitmap_index = 28371, .adv_w = 94, .box_w = 8, .box_h = 2, .ofs_x = -1, .ofs_y = 0},
    {.bitmap_index = 28377, .adv_w = 332, .box_w = 19, .box_h = 14, .ofs_x = 1, .ofs_y = -1},
    {.bitmap_index = 28468, .adv_w = 248, .box_w = 14, .box_h = 18, .ofs_x = 1, .ofs_y = -4},
    {.bitmap_index = 28565, .adv_w = 264, .box_w = 14, .box_h = 15, .ofs_x = 1, .ofs_y = 0},
    {.bitmap_index = 28631, .adv_w = 233, .box_w = 12, .box_h = 18, .ofs_x = 1, .ofs_y = -3},
    {.bitmap_index = 28675, .adv_w = 198, .box_w = 10, .box_h = 12, .ofs_x = 1, .ofs_y = -5},
    {.bitmap_index = 28717, .adv_w = 235, .box_w = 13, .box_h = 13, .ofs_x = 1, .ofs_y = -3},
    {.bitmap_index = 28781, .adv_w = 168, .box_w = 9, .box_h = 8, .ofs_x = 1, .ofs_y = 0},
    {.bitmap_index = 28817, .adv_w = 155, .box_w = 10, .box_h = 11, .ofs_x = -1, .ofs_y = -5},
    {.bitmap_index = 28868, .adv_w = 250, .box_w = 14, .box_h = 12, .ofs_x = 1, .ofs_y = -3},
    {.bitmap_index = 28940, .adv_w = 250, .box_w = 14, .box_h = 14, .ofs_x = 1, .ofs_y = -6},
    {.bitmap_index = 29022, .adv_w = 0, .box_w = 6, .box_h = 6, .ofs_x = 2, .ofs_y = 11},
    {.bitmap_index = 29040, .adv_w = 0, .box_w = 6, .box_h = 7, .ofs_x = 2, .ofs_y = 11},
    {.bitmap_index = 29062, .adv_w = 0, .box_w = 6, .box_h = 5, .ofs_x = 2, .ofs_y = -5},
    {.bitmap_index = 29078, .adv_w = 0, .box_w = 6, .box_h = 4, .ofs_x = 2, .ofs_y = 11},
    {.bitmap_index = 29089, .adv_w = 0, .box_w = 6, .box_h = 7, .ofs_x = 2, .ofs_y = 11},
    {.bitmap_index = 29111, .adv_w = 0, .box_w = 6, .box_h = 3, .ofs_x = 2, .ofs_y = -3},
    {.bitmap_index = 29120, .adv_w = 0, .box_w = 8, .box_h = 6, .ofs_x = 1, .ofs_y = 12},
    {.bitmap_index = 29142, .adv_w = 0, .box_w = 6, .box_h = 6, .ofs_x = 2, .ofs_y = 11},
    {.bitmap_index = 29161, .adv_w = 172, .box_w = 3, .box_h = 3, .ofs_x = 4, .ofs_y = 4},
    {.bitmap_index = 29166, .adv_w = 172, .box_w = 5, .box_h = 13, .ofs_x = 2, .ofs_y = 0},
    {.bitmap_index = 29197, .adv_w = 172, .box_w = 10, .box_h = 13, .ofs_x = 0, .ofs_y = 0},
    {.bitmap_index = 29246, .adv_w = 172, .box_w = 11, .box_h = 13, .ofs_x = 0, .ofs_y = 0},
    {.bitmap_index = 29300, .adv_w = 172, .box_w = 9, .box_h = 13, .ofs_x = 1, .ofs_y = 0},
    {.bitmap_index = 29351, .adv_w = 172, .box_w = 9, .box_h = 13, .ofs_x = 1, .ofs_y = 0},
    {.bitmap_index = 29408, .adv_w = 172, .box_w = 10, .box_h = 13, .ofs_x = 0, .ofs_y = 0},
    {.bitmap_index = 29457, .adv_w = 172, .box_w = 11, .box_h = 13, .ofs_x = 0, .ofs_y = 0},
    {.bitmap_index = 29516, .adv_w = 172, .box_w = 11, .box_h = 13, .ofs_x = 0, .ofs_y = 0},
    {.bitmap_index = 29573, .adv_w = 172, .box_w = 10, .box_h = 13, .ofs_x = 0, .ofs_y = 0},
    {.bitmap_index = 29629, .adv_w = 301, .box_w = 17, .box_h = 12, .ofs_x = 1, .ofs_y = -5},
    {.bitmap_index = 29701, .adv_w = 207, .box_w = 12, .box_h = 14, .ofs_x = 1, .ofs_y = -6},
    {.bitmap_index = 29781, .adv_w = 155, .box_w = 10, .box_h = 17, .ofs_x = -1, .ofs_y = -5},
    {.bitmap_index = 29843, .adv_w = 286, .box_w = 17, .box_h = 16, .ofs_x = 1, .ofs_y = -1},
    {.bitmap_index = 29937, .adv_w = 286, .box_w = 17, .box_h = 19, .ofs_x = 1, .ofs_y = -1},
    {.bitmap_index = 30049, .adv_w = 250, .box_w = 14, .box_h = 12, .ofs_x = 1, .ofs_y = -3},
    {.bitmap_index = 30121, .adv_w = 160, .box_w = 10, .box_h = 3, .ofs_x = 0, .ofs_y = 4},
    {.bitmap_index = 30130, .adv_w = 320, .box_w = 20, .box_h = 3, .ofs_x = 0, .ofs_y = 4},
    {.bitmap_index = 30143, .adv_w = 102, .box_w = 4, .box_h = 5, .ofs_x = 1, .ofs_y = 9},
    {.bitmap_index = 30154, .adv_w = 102, .box_w = 4, .box_h = 5, .ofs_x = 1, .ofs_y = 9},
    {.bitmap_index = 30164, .adv_w = 102, .box_w = 4, .box_h = 5, .ofs_x = 1, .ofs_y = -2},
    {.bitmap_index = 30174, .adv_w = 166, .box_w = 8, .box_h = 5, .ofs_x = 1, .ofs_y = 9},
    {.bitmap_index = 30195, .adv_w = 166, .box_w = 8, .box_h = 5, .ofs_x = 1, .ofs_y = 9},
    {.bitmap_index = 30215, .adv_w = 166, .box_w = 8, .box_h = 5, .ofs_x = 1, .ofs_y = -2},
    {.bitmap_index = 30235, .adv_w = 189, .box_w = 6, .box_h = 6, .ofs_x = 3, .ofs_y = 4},
    {.bitmap_index = 30252, .adv_w = 320, .box_w = 16, .box_h = 3, .ofs_x = 2, .ofs_y = 0},
    {.bitmap_index = 30269, .adv_w = 268, .box_w = 16, .box_h = 10, .ofs_x = 0, .ofs_y = 1},
    {.bitmap_index = 30317, .adv_w = 268, .box_w = 10, .box_h = 15, .ofs_x = 3, .ofs_y = 0},
    {.bitmap_index = 30352, .adv_w = 268, .box_w = 15, .box_h = 10, .ofs_x = 1, .ofs_y = 1},
    {.bitmap_index = 30398, .adv_w = 268, .box_w = 10, .box_h = 16, .ofs_x = 3, .ofs_y = -1},
    {.bitmap_index = 30436, .adv_w = 462, .box_w = 27, .box_h = 15, .ofs_x = 1, .ofs_y = 0},
    {.bitmap_index = 30599, .adv_w = 246, .box_w = 16, .box_h = 16, .ofs_x = 0, .ofs_y = -3},
    {.bitmap_index = 30673, .adv_w = 287, .box_w = 17, .box_h = 15, .ofs_x = 0, .ofs_y = 0},
    {.bitmap_index = 30766, .adv_w = 268, .box_w = 11, .box_h = 12, .ofs_x = 3, .ofs_y = 1},
    {.bitmap_index = 30816, .adv_w = 268, .box_w = 13, .box_h = 16, .ofs_x = 2, .ofs_y = -1},
    {.bitmap_index = 30899, .adv_w = 320, .box_w = 20, .box_h = 21, .ofs_x = 0, .ofs_y = -3},
    {.bitmap_index = 31044, .adv_w = 360, .box_w = 23, .box_h = 19, .ofs_x = 0, .ofs_y = -2},
    {.bitmap_index = 31181, .adv_w = 320, .box_w = 20, .box_h = 21, .ofs_x = 0, .ofs_y = -3},
    {.bitmap_index = 31315, .adv_w = 240, .box_w = 15, .box_h = 21, .ofs_x = 0, .ofs_y = -3},
    {.bitmap_index = 31412, .adv_w = 320, .box_w = 20, .box_h = 21, .ofs_x = 0, .ofs_y = -3},
    {.bitmap_index = 31605, .adv_w = 360, .box_w = 23, .box_h = 23, .ofs_x = 0, .ofs_y = -4},
    {.bitmap_index = 31762, .adv_w = 320, .box_w = 20, .box_h = 19, .ofs_x = 0, .ofs_y = -2},
    {.bitmap_index = 31887, .adv_w = 320, .box_w = 20, .box_h = 21, .ofs_x = 0, .ofs_y = -3},
    {.bitmap_index = 32050, .adv_w = 320, .box_w = 21, .box_h = 19, .ofs_x = 0, .ofs_y = -2},
    {.bitmap_index = 32176, .adv_w = 320, .box_w = 21, .box_h = 23, .ofs_x = -1, .ofs_y = -4},
    {.bitmap_index = 32341, .adv_w = 280, .box_w = 18, .box_h = 21, .ofs_x = 0, .ofs_y = -3},
    {.bitmap_index = 32481, .adv_w = 320, .box_w = 20, .box_h = 21, .ofs_x = 0, .ofs_y = -3},
    {.bitmap_index = 32654, .adv_w = 301, .box_w = 17, .box_h = 12, .ofs_x = 1, .ofs_y = -5},
    {.bitmap_index = 32726, .adv_w = 314, .box_w = 19, .box_h = 13, .ofs_x = 1, .ofs_y = -6},
    {.bitmap_index = 32813, .adv_w = 89, .box_w = 6, .box_h = 12, .ofs_x = -1, .ofs_y = -6},
    {.bitmap_index = 32846, .adv_w = 97, .box_w = 8, .box_h = 12, .ofs_x = -1, .ofs_y = -6},
    {.bitmap_index = 32884, .adv_w = 207, .box_w = 12, .box_h = 14, .ofs_x = 1, .ofs_y = -6},
    {.bitmap_index = 32964, .adv_w = 207, .box_w = 13, .box_h = 14, .ofs_x = 1, .ofs_y = -5},
    {.bitmap_index = 33050, .adv_w = 198, .box_w = 12, .box_h = 14, .ofs_x = -1, .ofs_y = -5},
    {.bitmap_index = 33118, .adv_w = 207, .box_w = 15, .box_h = 14, .ofs_x = -1, .ofs_y = -5},
    {.bitmap_index = 33200, .adv_w = 155, .box_w = 10, .box_h = 17, .ofs_x = -1, .ofs_y = -5},
    {.bitmap_index = 33262, .adv_w = 177, .box_w = 13, .box_h = 18, .ofs_x = -1, .ofs_y = -5},
    {.bitmap_index = 33339, .adv_w = 286, .box_w = 17, .box_h = 16, .ofs_x = 1, .ofs_y = -1},
    {.bitmap_index = 33433, .adv_w = 286, .box_w = 19, .box_h = 17, .ofs_x = 1, .ofs_y = -1},
    {.bitmap_index = 33542, .adv_w = 152, .box_w = 11, .box_h = 16, .ofs_x = -1, .ofs_y = 0},
    {.bitmap_index = 33606, .adv_w = 177, .box_w = 13, .box_h = 16, .ofs_x = -1, .ofs_y = 0},
    {.bitmap_index = 33677, .adv_w = 286, .box_w = 17, .box_h = 19, .ofs_x = 1, .ofs_y = -1},
    {.bitmap_index = 33789, .adv_w = 286, .box_w = 19, .box_h = 20, .ofs_x = 1, .ofs_y = -1},
    {.bitmap_index = 33914, .adv_w = 152, .box_w = 11, .box_h = 18, .ofs_x = -1, .ofs_y = 0},
    {.bitmap_index = 33993, .adv_w = 177, .box_w = 13, .box_h = 18, .ofs_x = -1, .ofs_y = 0},
    {.bitmap_index = 34081, .adv_w = 250, .box_w = 14, .box_h = 12, .ofs_x = 1, .ofs_y = -3},
    {.bitmap_index = 34153, .adv_w = 267, .box_w = 16, .box_h = 8, .ofs_x = 1, .ofs_y = -3},
    {.bitmap_index = 34208, .adv_w = 89, .box_w = 6, .box_h = 10, .ofs_x = -1, .ofs_y = -4},
    {.bitmap_index = 34235, .adv_w = 97, .box_w = 8, .box_h = 10, .ofs_x = -1, .ofs_y = -4},
    {.bitmap_index = 34267, .adv_w = 94, .box_w = 6, .box_h = 6, .ofs_x = 0, .ofs_y = 11},
    {.bitmap_index = 34285, .adv_w = 94, .box_w = 8, .box_h = 17, .ofs_x = -1, .ofs_y = 0},
    {.bitmap_index = 34318, .adv_w = 94, .box_w = 6, .box_h = 7, .ofs_x = 0, .ofs_y = 11},
    {.bitmap_index = 34340, .adv_w = 84, .box_w = 5, .box_h = 4, .ofs_x = 1, .ofs_y = 0},
    {.bitmap_index = 34351, .adv_w = 94, .box_w = 6, .box_h = 5, .ofs_x = 0, .ofs_y = -5},
    {.bitmap_index = 34367, .adv_w = 94, .box_w = 6, .box_h = 4, .ofs_x = 0, .ofs_y = 11},
    {.bitmap_index = 34378, .adv_w = 94, .box_w = 8, .box_h = 15, .ofs_x = -1, .ofs_y = 0},
    {.bitmap_index = 34401, .adv_w = 94, .box_w = 6, .box_h = 7, .ofs_x = 0, .ofs_y = 11},
    {.bitmap_index = 34423, .adv_w = 94, .box_w = 8, .box_h = 18, .ofs_x = -1, .ofs_y = 0},
    {.bitmap_index = 34457, .adv_w = 94, .box_w = 6, .box_h = 3, .ofs_x = 0, .ofs_y = -3},
    {.bitmap_index = 34466, .adv_w = 94, .box_w = 8, .box_h = 5, .ofs_x = -1, .ofs_y = -3},
    {.bitmap_index = 34483, .adv_w = 94, .box_w = 7, .box_h = 6, .ofs_x = -1, .ofs_y = 12},
    {.bitmap_index = 34503, .adv_w = 94, .box_w = 8, .box_h = 18, .ofs_x = -1, .ofs_y = 0},
    {.bitmap_index = 34538, .adv_w = 94, .box_w = 6, .box_h = 6, .ofs_x = 0, .ofs_y = 11},
    {.bitmap_index = 34557, .adv_w = 94, .box_w = 8, .box_h = 18, .ofs_x = -1, .ofs_y = 0},
    {.bitmap_index = 34596, .adv_w = 150, .box_w = 7, .box_h = 10, .ofs_x = 1, .ofs_y = 0},
    {.bitmap_index = 34631, .adv_w = 89, .box_w = 8, .box_h = 20, .ofs_x = -1, .ofs_y = 0},
    {.bitmap_index = 34657, .adv_w = 98, .box_w = 8, .box_h = 20, .ofs_x = -1, .ofs_y = 0},
    {.bitmap_index = 34693, .adv_w = 89, .box_w = 4, .box_h = 21, .ofs_x = 1, .ofs_y = 0},
    {.bitmap_index = 34710, .adv_w = 98, .box_w = 6, .box_h = 21, .ofs_x = 1, .ofs_y = 0},
    {.bitmap_index = 34742, .adv_w = 155, .box_w = 10, .box_h = 17, .ofs_x = -1, .ofs_y = -5},
    {.bitmap_index = 34813, .adv_w = 165, .box_w = 12, .box_h = 17, .ofs_x = -1, .ofs_y = -5},
    {.bitmap_index = 34894, .adv_w = 89, .box_w = 4, .box_h = 21, .ofs_x = 1, .ofs_y = -6},
    {.bitmap_index = 34911, .adv_w = 98, .box_w = 6, .box_h = 21, .ofs_x = 1, .ofs_y = -6},
    {.bitmap_index = 34944, .adv_w = 250, .box_w = 14, .box_h = 15, .ofs_x = 1, .ofs_y = -3},
    {.bitmap_index = 35034, .adv_w = 267, .box_w = 16, .box_h = 12, .ofs_x = 1, .ofs_y = -3},
    {.bitmap_index = 35112, .adv_w = 89, .box_w = 6, .box_h = 12, .ofs_x = -1, .ofs_y = 0},
    {.bitmap_index = 35146, .adv_w = 97, .box_w = 8, .box_h = 12, .ofs_x = -1, .ofs_y = 0},
    {.bitmap_index = 35185, .adv_w = 89, .box_w = 3, .box_h = 15, .ofs_x = 1, .ofs_y = 0},
    {.bitmap_index = 35190, .adv_w = 98, .box_w = 6, .box_h = 15, .ofs_x = 1, .ofs_y = 0},
    {.bitmap_index = 35204, .adv_w = 301, .box_w = 17, .box_h = 11, .ofs_x = 1, .ofs_y = -4},
    {.bitmap_index = 35267, .adv_w = 314, .box_w = 19, .box_h = 11, .ofs_x = 1, .ofs_y = -4},
    {.bitmap_index = 35341, .adv_w = 89, .box_w = 5, .box_h = 10, .ofs_x = -1, .ofs_y = -4},
    {.bitmap_index = 35363, .adv_w = 97, .box_w = 8, .box_h = 10, .ofs_x = -1, .ofs_y = -4},
    {.bitmap_index = 35393, .adv_w = 168, .box_w = 9, .box_h = 12, .ofs_x = 1, .ofs_y = 0},
    {.bitmap_index = 35444, .adv_w = 172, .box_w = 10, .box_h = 11, .ofs_x = 1, .ofs_y = 0},
    {.bitmap_index = 35494, .adv_w = 301, .box_w = 17, .box_h = 9, .ofs_x = 1, .ofs_y = 0},
    {.bitmap_index = 35555, .adv_w = 314, .box_w = 19, .box_h = 9, .ofs_x = 1, .ofs_y = 0},
    {.bitmap_index = 35623, .adv_w = 89, .box_w = 6, .box_h = 11, .ofs_x = -1, .ofs_y = 0},
    {.bitmap_index = 35653, .adv_w = 97, .box_w = 8, .box_h = 11, .ofs_x = -1, .ofs_y = 0},
    {.bitmap_index = 35687, .adv_w = 301, .box_w = 17, .box_h = 11, .ofs_x = 1, .ofs_y = 0},
    {.bitmap_index = 35757, .adv_w = 314, .box_w = 19, .box_h = 11, .ofs_x = 1, .ofs_y = 0},
    {.bitmap_index = 35834, .adv_w = 89, .box_w = 6, .box_h = 13, .ofs_x = -1, .ofs_y = 0},
    {.bitmap_index = 35869, .adv_w = 97, .box_w = 8, .box_h = 13, .ofs_x = -1, .ofs_y = 0},
    {.bitmap_index = 35908, .adv_w = 207, .box_w = 12, .box_h = 13, .ofs_x = 1, .ofs_y = -5},
    {.bitmap_index = 35975, .adv_w = 207, .box_w = 13, .box_h = 14, .ofs_x = 1, .ofs_y = -5},
    {.bitmap_index = 36060, .adv_w = 198, .box_w = 12, .box_h = 12, .ofs_x = -1, .ofs_y = -4},
    {.bitmap_index = 36120, .adv_w = 207, .box_w = 15, .box_h = 12, .ofs_x = -1, .ofs_y = -4},
    {.bitmap_index = 36192, .adv_w = 207, .box_w = 12, .box_h = 14, .ofs_x = 1, .ofs_y = -5},
    {.bitmap_index = 36258, .adv_w = 207, .box_w = 13, .box_h = 14, .ofs_x = 1, .ofs_y = -5},
    {.bitmap_index = 36338, .adv_w = 198, .box_w = 12, .box_h = 8, .ofs_x = -1, .ofs_y = 0},
    {.bitmap_index = 36382, .adv_w = 207, .box_w = 15, .box_h = 8, .ofs_x = -1, .ofs_y = 0},
    {.bitmap_index = 36434, .adv_w = 207, .box_w = 12, .box_h = 17, .ofs_x = 1, .ofs_y = -5},
    {.bitmap_index = 36510, .adv_w = 207, .box_w = 13, .box_h = 18, .ofs_x = 1, .ofs_y = -5},
    {.bitmap_index = 36604, .adv_w = 198, .box_w = 12, .box_h = 12, .ofs_x = -1, .ofs_y = 0},
    {.bitmap_index = 36661, .adv_w = 207, .box_w = 15, .box_h = 12, .ofs_x = -1, .ofs_y = 0},
    {.bitmap_index = 36729, .adv_w = 143, .box_w = 7, .box_h = 9, .ofs_x = 1, .ofs_y = 0},
    {.bitmap_index = 36758, .adv_w = 168, .box_w = 10, .box_h = 9, .ofs_x = 1, .ofs_y = 0},
    {.bitmap_index = 36794, .adv_w = 143, .box_w = 7, .box_h = 13, .ofs_x = 1, .ofs_y = 0},
    {.bitmap_index = 36831, .adv_w = 168, .box_w = 10, .box_h = 13, .ofs_x = 1, .ofs_y = 0},
    {.bitmap_index = 36878, .adv_w = 155, .box_w = 10, .box_h = 11, .ofs_x = -1, .ofs_y = -5},
    {.bitmap_index = 36919, .adv_w = 177, .box_w = 13, .box_h = 11, .ofs_x = -1, .ofs_y = -5},
    {.bitmap_index = 36970, .adv_w = 155, .box_w = 10, .box_h = 15, .ofs_x = -1, .ofs_y = -5},
    {.bitmap_index = 37023, .adv_w = 177, .box_w = 13, .box_h = 15, .ofs_x = -1, .ofs_y = -5},
    {.bitmap_index = 37087, .adv_w = 391, .box_w = 22, .box_h = 13, .ofs_x = 1, .ofs_y = -5},
    {.bitmap_index = 37189, .adv_w = 408, .box_w = 25, .box_h = 13, .ofs_x = 1, .ofs_y = -5},
    {.bitmap_index = 37301, .adv_w = 268, .box_w = 17, .box_h = 8, .ofs_x = -1, .ofs_y = 0},
    {.bitmap_index = 37354, .adv_w = 285, .box_w = 20, .box_h = 8, .ofs_x = -1, .ofs_y = 0},
    {.bitmap_index = 37413, .adv_w = 391, .box_w = 22, .box_h = 18, .ofs_x = 1, .ofs_y = -5},
    {.bitmap_index = 37543, .adv_w = 408, .box_w = 25, .box_h = 18, .ofs_x = 1, .ofs_y = -5},
    {.bitmap_index = 37686, .adv_w = 268, .box_w = 17, .box_h = 13, .ofs_x = -1, .ofs_y = 0},
    {.bitmap_index = 37768, .adv_w = 285, .box_w = 20, .box_h = 13, .ofs_x = -1, .ofs_y = 0},
    {.bitmap_index = 37857, .adv_w = 387, .box_w = 22, .box_h = 12, .ofs_x = 1, .ofs_y = -5},
    {.bitmap_index = 37958, .adv_w = 392, .box_w = 24, .box_h = 12, .ofs_x = 1, .ofs_y = -5},
    {.bitmap_index = 38067, .adv_w = 272, .box_w = 17, .box_h = 7, .ofs_x = -1, .ofs_y = 0},
    {.bitmap_index = 38120, .adv_w = 278, .box_w = 19, .box_h = 7, .ofs_x = -1, .ofs_y = 0},
    {.bitmap_index = 38176, .adv_w = 387, .box_w = 22, .box_h = 15, .ofs_x = 1, .ofs_y = -5},
    {.bitmap_index = 38290, .adv_w = 392, .box_w = 24, .box_h = 15, .ofs_x = 1, .ofs_y = -5},
    {.bitmap_index = 38413, .adv_w = 272, .box_w = 17, .box_h = 10, .ofs_x = -1, .ofs_y = 0},
    {.bitmap_index = 38481, .adv_w = 278, .box_w = 19, .box_h = 10, .ofs_x = -1, .ofs_y = 0},
    {.bitmap_index = 38552, .adv_w = 296, .box_w = 17, .box_h = 15, .ofs_x = 1, .ofs_y = 0},
    {.bitmap_index = 38606, .adv_w = 304, .box_w = 19, .box_h = 15, .ofs_x = 1, .ofs_y = 0},
    {.bitmap_index = 38667, .adv_w = 255, .box_w = 16, .box_h = 15, .ofs_x = -1, .ofs_y = 0},
    {.bitmap_index = 38723, .adv_w = 263, .box_w = 18, .box_h = 15, .ofs_x = -1, .ofs_y = 0},
    {.bitmap_index = 38783, .adv_w = 296, .box_w = 17, .box_h = 15, .ofs_x = 1, .ofs_y = 0},
    {.bitmap_index = 38850, .adv_w = 304, .box_w = 19, .box_h = 15, .ofs_x = 1, .ofs_y = 0},
    {.bitmap_index = 38924, .adv_w = 255, .box_w = 16, .box_h = 15, .ofs_x = -1, .ofs_y = 0},
    {.bitmap_index = 38994, .adv_w = 263, .box_w = 18, .box_h = 15, .ofs_x = -1, .ofs_y = 0},
    {.bitmap_index = 39067, .adv_w = 191, .box_w = 11, .box_h = 15, .ofs_x = 1, .ofs_y = -5},
    {.bitmap_index = 39134, .adv_w = 170, .box_w = 11, .box_h = 13, .ofs_x = 1, .ofs_y = -5},
    {.bitmap_index = 39200, .adv_w = 191, .box_w = 11, .box_h = 11, .ofs_x = -1, .ofs_y = 0},
    {.bitmap_index = 39251, .adv_w = 154, .box_w = 11, .box_h = 8, .ofs_x = -1, .ofs_y = 0},
    {.bitmap_index = 39292, .adv_w = 191, .box_w = 11, .box_h = 19, .ofs_x = 1, .ofs_y = -5},
    {.bitmap_index = 39372, .adv_w = 170, .box_w = 11, .box_h = 17, .ofs_x = 1, .ofs_y = -5},
    {.bitmap_index = 39451, .adv_w = 167, .box_w = 11, .box_h = 14, .ofs_x = -1, .ofs_y = 0},
    {.bitmap_index = 39512, .adv_w = 154, .box_w = 11, .box_h = 12, .ofs_x = -1, .ofs_y = 0},
    {.bitmap_index = 39565, .adv_w = 332, .box_w = 19, .box_h = 14, .ofs_x = 1, .ofs_y = -1},
    {.bitmap_index = 39656, .adv_w = 331, .box_w = 20, .box_h = 13, .ofs_x = 1, .ofs_y = -1},
    {.bitmap_index = 39748, .adv_w = 153, .box_w = 10, .box_h = 14, .ofs_x = -1, .ofs_y = 0},
    {.bitmap_index = 39807, .adv_w = 162, .box_w = 12, .box_h = 12, .ofs_x = -1, .ofs_y = 0},
    {.bitmap_index = 39861, .adv_w = 248, .box_w = 14, .box_h = 18, .ofs_x = 1, .ofs_y = -4},
    {.bitmap_index = 39958, .adv_w = 267, .box_w = 16, .box_h = 16, .ofs_x = 1, .ofs_y = -5},
    {.bitmap_index = 40057, .adv_w = 153, .box_w = 10, .box_h = 14, .ofs_x = -1, .ofs_y = 0},
    {.bitmap_index = 40120, .adv_w = 162, .box_w = 12, .box_h = 12, .ofs_x = -1, .ofs_y = 0},
    {.bitmap_index = 40177, .adv_w = 264, .box_w = 14, .box_h = 15, .ofs_x = 1, .ofs_y = 0},
    {.bitmap_index = 40243, .adv_w = 270, .box_w = 17, .box_h = 15, .ofs_x = 1, .ofs_y = 0},
    {.bitmap_index = 40317, .adv_w = 152, .box_w = 11, .box_h = 16, .ofs_x = -1, .ofs_y = 0},
    {.bitmap_index = 40381, .adv_w = 177, .box_w = 13, .box_h = 16, .ofs_x = -1, .ofs_y = 0},
    {.bitmap_index = 40452, .adv_w = 233, .box_w = 12, .box_h = 18, .ofs_x = 1, .ofs_y = -3},
    {.bitmap_index = 40496, .adv_w = 242, .box_w = 15, .box_h = 18, .ofs_x = 1, .ofs_y = -3},
    {.bitmap_index = 40552, .adv_w = 98, .box_w = 6, .box_h = 15, .ofs_x = -1, .ofs_y = 0},
    {.bitmap_index = 40569, .adv_w = 106, .box_w = 8, .box_h = 15, .ofs_x = -1, .ofs_y = 0},
    {.bitmap_index = 40591, .adv_w = 198, .box_w = 10, .box_h = 12, .ofs_x = 1, .ofs_y = -5},
    {.bitmap_index = 40633, .adv_w = 213, .box_w = 13, .box_h = 12, .ofs_x = 1, .ofs_y = -5},
    {.bitmap_index = 40690, .adv_w = 171, .box_w = 11, .box_h = 7, .ofs_x = -1, .ofs_y = 0},
    {.bitmap_index = 40726, .adv_w = 185, .box_w = 13, .box_h = 7, .ofs_x = -1, .ofs_y = 0},
    {.bitmap_index = 40765, .adv_w = 235, .box_w = 13, .box_h = 13, .ofs_x = 1, .ofs_y = -3},
    {.bitmap_index = 40829, .adv_w = 244, .box_w = 15, .box_h = 13, .ofs_x = 1, .ofs_y = -5},
    {.bitmap_index = 40905, .adv_w = 89, .box_w = 5, .box_h = 11, .ofs_x = -1, .ofs_y = 0},
    {.bitmap_index = 40930, .adv_w = 97, .box_w = 8, .box_h = 11, .ofs_x = -1, .ofs_y = 0},
    {.bitmap_index = 40961, .adv_w = 168, .box_w = 9, .box_h = 8, .ofs_x = 1, .ofs_y = 0},
    {.bitmap_index = 40997, .adv_w = 172, .box_w = 10, .box_h = 8, .ofs_x = 1, .ofs_y = 0},
    {.bitmap_index = 41034, .adv_w = 169, .box_w = 11, .box_h = 11, .ofs_x = -1, .ofs_y = 0},
    {.bitmap_index = 41087, .adv_w = 148, .box_w = 11, .box_h = 12, .ofs_x = -1, .ofs_y = -5},
    {.bitmap_index = 41147, .adv_w = 155, .box_w = 10, .box_h = 11, .ofs_x = -1, .ofs_y = -5},
    {.bitmap_index = 41198, .adv_w = 165, .box_w = 12, .box_h = 12, .ofs_x = -1, .ofs_y = -5},
    {.bitmap_index = 41260, .adv_w = 250, .box_w = 14, .box_h = 12, .ofs_x = 1, .ofs_y = -3},
    {.bitmap_index = 41332, .adv_w = 267, .box_w = 16, .box_h = 8, .ofs_x = 1, .ofs_y = -3},
    {.bitmap_index = 41387, .adv_w = 250, .box_w = 14, .box_h = 14, .ofs_x = 1, .ofs_y = -6},
    {.bitmap_index = 41469, .adv_w = 267, .box_w = 16, .box_h = 11, .ofs_x = 1, .ofs_y = -6},
    {.bitmap_index = 41540, .adv_w = 89, .box_w = 6, .box_h = 10, .ofs_x = -1, .ofs_y = -4},
    {.bitmap_index = 41567, .adv_w = 97, .box_w = 8, .box_h = 10, .ofs_x = -1, .ofs_y = -4},
    {.bitmap_index = 41599, .adv_w = 183, .box_w = 13, .box_h = 18, .ofs_x = -3, .ofs_y = 0},
    {.bitmap_index = 41679, .adv_w = 191, .box_w = 16, .box_h = 18, .ofs_x = -3, .ofs_y = 0},
    {.bitmap_index = 41774, .adv_w = 183, .box_w = 11, .box_h = 19, .ofs_x = -1, .ofs_y = 0},
    {.bitmap_index = 41850, .adv_w = 191, .box_w = 14, .box_h = 19, .ofs_x = -1, .ofs_y = 0},
    {.bitmap_index = 41940, .adv_w = 183, .box_w = 10, .box_h = 20, .ofs_x = 0, .ofs_y = -5},
    {.bitmap_index = 42015, .adv_w = 191, .box_w = 13, .box_h = 20, .ofs_x = 0, .ofs_y = -5},
    {.bitmap_index = 42104, .adv_w = 183, .box_w = 10, .box_h = 15, .ofs_x = 0, .ofs_y = 0},
    {.bitmap_index = 42161, .adv_w = 191, .box_w = 13, .box_h = 15, .ofs_x = 0, .ofs_y = 0}
};

/*---------------------
 *  CHARACTER MAPPING
 *--------------------*/

static const uint8_t glyph_id_ofs_list_2[] = {
    0, 1, 2, 3, 4, 5, 6, 0,
    7
};

static const uint16_t unicode_list_6[] = {
    0x0, 0x1, 0x17c, 0x18b, 0x18f
};

static const uint16_t unicode_list_10[] = {
    0x0, 0x8, 0x1a, 0x2b, 0x31, 0x4e, 0x1995, 0x1996,
    0x199a, 0x199b, 0x199c, 0x199e, 0x199f, 0x19a0, 0x19a4, 0x19a8,
    0x1b12, 0x1b13, 0x1b14, 0x1b15, 0x1caa, 0x1f38, 0x2022, 0x2095,
    0x2099, 0xe9dc, 0xea6f, 0xeab0, 0xeade, 0xeb4f, 0xeb5a, 0xeb60,
    0xec5d, 0xec77, 0xec7b, 0xef12, 0xef7f, 0xf4d8, 0xf4d9, 0xf4da,
    0xf4db, 0xf4fc, 0xf4fd, 0xf4fe, 0xf4ff, 0xf50c, 0xf50d, 0xf510,
    0xf511, 0xf512, 0xf513, 0xf514, 0xf515, 0xf516, 0xf517, 0xf57e,
    0xf57f, 0xf580, 0xf581, 0xf7f2, 0xf7f3, 0xf7f4, 0xf7f5, 0xf7f6
};

/*Collect the unicode lists and glyph_id offsets*/
static const lv_font_fmt_txt_cmap_t cmaps[] =
{
    {
        .range_start = 32, .range_length = 95, .glyph_id_start = 1,
        .unicode_list = NULL, .glyph_id_ofs_list = NULL, .list_length = 0, .type = LV_FONT_FMT_TXT_CMAP_FORMAT0_TINY
    },
    {
        .range_start = 160, .range_length = 224, .glyph_id_start = 96,
        .unicode_list = NULL, .glyph_id_ofs_list = NULL, .list_length = 0, .type = LV_FONT_FMT_TXT_CMAP_FORMAT0_TINY
    },
    {
        .range_start = 900, .range_length = 9, .glyph_id_start = 320,
        .unicode_list = NULL, .glyph_id_ofs_list = glyph_id_ofs_list_2, .list_length = 9, .type = LV_FONT_FMT_TXT_CMAP_FORMAT0_FULL
    },
    {
        .range_start = 910, .range_length = 20, .glyph_id_start = 328,
        .unicode_list = NULL, .glyph_id_ofs_list = NULL, .list_length = 0, .type = LV_FONT_FMT_TXT_CMAP_FORMAT0_TINY
    },
    {
        .range_start = 931, .range_length = 44, .glyph_id_start = 348,
        .unicode_list = NULL, .glyph_id_ofs_list = NULL, .list_length = 0, .type = LV_FONT_FMT_TXT_CMAP_FORMAT0_TINY
    },
    {
        .range_start = 1024, .range_length = 96, .glyph_id_start = 392,
        .unicode_list = NULL, .glyph_id_ofs_list = NULL, .list_length = 0, .type = LV_FONT_FMT_TXT_CMAP_FORMAT0_TINY
    },
    {
        .range_start = 1168, .range_length = 400, .glyph_id_start = 488,
        .unicode_list = unicode_list_6, .glyph_id_ofs_list = NULL, .list_length = 5, .type = LV_FONT_FMT_TXT_CMAP_SPARSE_TINY
    },
    {
        .range_start = 1569, .range_length = 26, .glyph_id_start = 493,
        .unicode_list = NULL, .glyph_id_ofs_list = NULL, .list_length = 0, .type = LV_FONT_FMT_TXT_CMAP_FORMAT0_TINY
    },
    {
        .range_start = 1600, .range_length = 19, .glyph_id_start = 519,
        .unicode_list = NULL, .glyph_id_ofs_list = NULL, .list_length = 0, .type = LV_FONT_FMT_TXT_CMAP_FORMAT0_TINY
    },
    {
        .range_start = 1632, .range_length = 10, .glyph_id_start = 538,
        .unicode_list = NULL, .glyph_id_ofs_list = NULL, .list_length = 0, .type = LV_FONT_FMT_TXT_CMAP_FORMAT0_TINY
    },
    {
        .range_start = 1662, .range_length = 63479, .glyph_id_start = 548,
        .unicode_list = unicode_list_10, .glyph_id_ofs_list = NULL, .list_length = 64, .type = LV_FONT_FMT_TXT_CMAP_SPARSE_TINY
    },
    {
        .range_start = 65142, .range_length = 135, .glyph_id_start = 612,
        .unicode_list = NULL, .glyph_id_ofs_list = NULL, .list_length = 0, .type = LV_FONT_FMT_TXT_CMAP_FORMAT0_TINY
    }
};



/*--------------------
 *  ALL CUSTOM DATA
 *--------------------*/

#if LVGL_VERSION_MAJOR == 8
/*Store all the custom data of the font*/
static  lv_font_fmt_txt_glyph_cache_t cache;
#endif

#if LVGL_VERSION_MAJOR >= 8
static const lv_font_fmt_txt_dsc_t font_dsc = {
#else
static lv_font_fmt_txt_dsc_t font_dsc = {
#endif
    .glyph_bitmap = glyph_bitmap,
    .glyph_dsc = glyph_dsc,
    .cmaps = cmaps,
    .kern_dsc = NULL,
    .kern_scale = 0,
    .cmap_num = 12,
    .bpp = 4,
    .kern_classes = 0,
    .bitmap_format = 1,
#if LVGL_VERSION_MAJOR == 8
    .cache = &cache
#endif
};



/*-----------------
 *  PUBLIC FONT
 *----------------*/

/*Initialize a public general font descriptor*/
#if LVGL_VERSION_MAJOR >= 8
const lv_font_t orm_font_20 = {
#else
lv_font_t orm_font_20 = {
#endif
    .get_glyph_dsc = lv_font_get_glyph_dsc_fmt_txt,    /*Function pointer to get glyph's data*/
    .get_glyph_bitmap = lv_font_get_bitmap_fmt_txt,    /*Function pointer to get glyph's bitmap*/
    .line_height = 27,          /*The maximum line height required by the font*/
    .base_line = 6,             /*Baseline measured from the bottom of the line*/
#if !(LVGL_VERSION_MAJOR == 6 && LVGL_VERSION_MINOR == 0)
    .subpx = LV_FONT_SUBPX_NONE,
#endif
#if LV_VERSION_CHECK(7, 4, 0) || LVGL_VERSION_MAJOR >= 8
    .underline_position = 0,
    .underline_thickness = 1,
#endif
    .dsc = &font_dsc,          /*The custom font data. Will be accessed by `get_glyph_bitmap/dsc` */
#if LV_VERSION_CHECK(8, 2, 0) || LVGL_VERSION_MAJOR >= 9
    .fallback = NULL,
#endif
    .user_data = NULL,
};



#endif /*#if ORM_FONT_20*/
