/* Generated by tools/mkfonts.sh, do not edit. Rendered from DejaVu Sans 2.37
 * (Bitstream Vera and Arev licenses, tools/fonts/DejaVuSans-LICENSE.txt) and icons of
 * Font Awesome 7.3.1 Free Solid (SIL OFL 1.1, tools/fonts/fontawesome/LICENSE.txt). */
/*******************************************************************************
 * Size: 14 px
 * Bpp: 4
 * Opts: --bpp 4 --size 14 --format lvgl --font tools/fonts/DejaVuSans.ttf -r 0x20-0x7E,0xA0-0x17F,0x384-0x38A,0x38C,0x38E-0x3A1,0x3A3-0x3CE,0x400-0x45F,0x490-0x491,0x60C,0x61B,0x61F,0x621-0x652,0x660-0x669,0x67E,0x686,0x698,0x6A9,0x6AF,0x6CC,0xFB56-0xFB59,0xFB7A-0xFB7D,0xFB8A-0xFB8B,0xFB8E-0xFB95,0xFBFC-0xFBFF,0xFE70-0xFEFC,0x2013-0x2014,0x2018-0x201A,0x201C-0x201E,0x2022,0x2026,0x2190-0x2193,0x2328,0x2713,0x2717,0x26A0,0x25B6 --font tools/fonts/fontawesome/fa-solid-900.ttf -r 0xF2F9,0xF15C,0xF1D8,0xF12E,0xF0ED,0xF1DE,0xF1CD,0xF2DB,0xF5FD,0xF590,0xF05A,0xF2F5 --lv-include lvgl.h --lv-font-name orm_font_14 -o src/fonts/orm_font_14.c.tmp
 ******************************************************************************/

#ifdef LV_LVGL_H_INCLUDE_SIMPLE
#include "lvgl.h"
#else
#include "lvgl.h"
#endif

#ifndef ORM_FONT_14
#define ORM_FONT_14 1
#endif

#if ORM_FONT_14

/*-----------------
 *    BITMAPS
 *----------------*/

/*Store the image of the glyphs*/
static LV_ATTRIBUTE_LARGE_CONST const uint8_t glyph_bitmap[] = {
    /* U+0020 " " */

    /* U+0021 "!" */
    0xe8, 0x0, 0xfb, 0xcc, 0x4, 0x58, 0xd4, 0xc9,
    0xc0,

    /* U+0022 "\"" */
    0xa8, 0x1f, 0x10, 0xf, 0xf1, 0xf8, 0x90, 0x0,

    /* U+0023 "#" */
    0x0, 0x87, 0xc0, 0x1e, 0x20, 0x19, 0xc, 0xc,
    0x44, 0x1, 0xb5, 0x1, 0x10, 0x0, 0x2f, 0xf3,
    0xbb, 0xe1, 0x7e, 0x4b, 0x70, 0x37, 0x41, 0x9b,
    0x0, 0x4c, 0x64, 0x24, 0x64, 0x3b, 0xf4, 0x7f,
    0x85, 0xfa, 0x19, 0xa3, 0x5a, 0x73, 0xb8, 0x2,
    0x62, 0xa4, 0x6e, 0x42, 0x0, 0x44, 0x2, 0x10,
    0x80, 0x40,

    /* U+0024 "$" */
    0x0, 0xac, 0x3, 0xfc, 0x35, 0xc9, 0xd8, 0x30,
    0xde, 0x9f, 0x20, 0xb6, 0x20, 0x2a, 0x29, 0x2c,
    0x1, 0xa2, 0x14, 0x9d, 0x0, 0x6, 0xc4, 0xa6,
    0x80, 0xc, 0x8e, 0x72, 0x82, 0x6, 0xf9, 0xf1,
    0xc9, 0xae, 0xe6, 0xcf, 0x4e, 0x90, 0xf, 0xc0,

    /* U+0025 "%" */
    0x5, 0xde, 0x80, 0x8, 0x78, 0x40, 0x3, 0x5f,
    0xca, 0x80, 0xb, 0x81, 0x0, 0x10, 0x90, 0x39,
    0x82, 0x33, 0x0, 0x22, 0x13, 0x17, 0x30, 0x9e,
    0x0, 0xc3, 0x5d, 0x94, 0x92, 0xa3, 0x9a, 0xc0,
    0x5, 0xdd, 0x39, 0xa4, 0x74, 0xe4, 0x18, 0x7,
    0x77, 0x4, 0x94, 0x5d, 0x0, 0x33, 0xa1, 0x98,
    0x3, 0xf1, 0x54, 0x81, 0xa, 0x3, 0xa0, 0x5,
    0xd0, 0x1, 0x54, 0xf3, 0x18,

    /* U+0026 "&" */
    0x0, 0x15, 0xff, 0x58, 0x7, 0xb9, 0xf7, 0x30,
    0x1, 0xe2, 0xa2, 0x23, 0x80, 0x7a, 0x6c, 0x40,
    0x3e, 0x29, 0x7c, 0x10, 0x1, 0x40, 0x3, 0xda,
    0x97, 0x8, 0x15, 0x0, 0x4a, 0xc2, 0x13, 0xa,
    0xe8, 0x4, 0x14, 0x1, 0x2f, 0xa2, 0xc0, 0x6,
    0x84, 0x0, 0x70, 0x19, 0x0, 0x26, 0x27, 0xb7,
    0x58, 0xb8, 0x20,

    /* U+0027 "'" */
    0xa8, 0x0, 0xc7, 0xe0,

    /* U+0028 "(" */
    0x1, 0xe1, 0x8, 0x71, 0x6, 0xa0, 0x51, 0x30,
    0xc4, 0x0, 0x11, 0x80, 0x1c, 0x40, 0xe, 0x20,
    0x3, 0x50, 0x5, 0x98, 0x0, 0xc9, 0x80, 0x11,
    0x60, 0x5, 0xa1,

    /* U+0029 ")" */
    0xa7, 0x0, 0x44, 0x4, 0x8, 0xd8, 0x1, 0x74,
    0x0, 0x42, 0x10, 0x10, 0x20, 0x30, 0x8, 0xc0,
    0x41, 0xc0, 0x83, 0x14, 0x0, 0xfc, 0xa, 0x48,
    0x7, 0xc0, 0x0,

    /* U+002A "*" */
    0x0, 0xb0, 0x2, 0x45, 0x0, 0x95, 0x11, 0xb6,
    0x37, 0xa8, 0x10, 0x45, 0x40, 0x26, 0x69, 0xee,
    0x22, 0xe2, 0x2, 0x62, 0x88, 0x2, 0x80, 0x2,

    /* U+002B "+" */
    0x0, 0xd4, 0xc0, 0x1f, 0x84, 0x40, 0x1f, 0xfc,
    0xc8, 0xff, 0x92, 0x3f, 0xe3, 0x9d, 0xd8, 0xdf,
    0x76, 0x31, 0x22, 0x9f, 0xc8, 0xa0, 0xf, 0xfe,
    0x48,

    /* U+002C "," */
    0x26, 0x7, 0x91, 0xd4, 0x14, 0x80,

    /* U+002D "-" */
    0x4f, 0xf9, 0x53, 0x76, 0x50,

    /* U+002E "." */
    0x6b, 0xe4,

    /* U+002F "/" */
    0x0, 0xa6, 0x0, 0x27, 0xc0, 0x1, 0x82, 0x0,
    0x2d, 0x0, 0x25, 0xf0, 0x1, 0x11, 0x40, 0xa,
    0x80, 0x15, 0xe8, 0x0, 0x4d, 0xc0, 0xe, 0x62,
    0x0, 0xdb, 0x0, 0xb1, 0x80, 0x20,

    /* U+0030 "0" */
    0x0, 0x2e, 0xfe, 0xa0, 0x1, 0x2a, 0x9a, 0xb6,
    0x61, 0xe8, 0xe5, 0x7, 0x20, 0x98, 0x1, 0x23,
    0x80, 0x8, 0x2, 0xf2, 0x0, 0xff, 0x10, 0x5,
    0xe4, 0x9, 0x80, 0x12, 0x38, 0x7a, 0x39, 0x41,
    0xc8, 0x25, 0x53, 0x56, 0xcc,

    /* U+0031 "1" */
    0x4b, 0xef, 0x50, 0x8, 0xec, 0x3, 0x24, 0x28,
    0x7, 0xff, 0x70, 0xcc, 0x4, 0x62, 0x99, 0x80,
    0x8c, 0x80,

    /* U+0032 "2" */
    0x6c, 0xee, 0x59, 0x85, 0x5d, 0x50, 0x30, 0x71,
    0xd1, 0x16, 0xe, 0x1, 0x84, 0x8, 0x3, 0x59,
    0x20, 0x5, 0x9, 0xe0, 0x14, 0xb6, 0x10, 0x2,
    0x5f, 0x8, 0x1, 0x4d, 0x62, 0x66, 0x15, 0xa,
    0xcc, 0xa4,

    /* U+0033 "3" */
    0x6c, 0xff, 0x62, 0x81, 0xce, 0x61, 0x69, 0x15,
    0x46, 0x69, 0x13, 0x0, 0xca, 0x26, 0x5, 0xfe,
    0xaa, 0x20, 0x16, 0xe3, 0xd1, 0x80, 0x8, 0xe1,
    0x20, 0x3, 0xe9, 0x53, 0x49, 0x4e, 0x8, 0xca,
    0x5a, 0x50,

    /* U+0034 "4" */
    0x0, 0xcf, 0xf4, 0x1, 0xc7, 0x26, 0x1, 0xee,
    0xa7, 0x0, 0xe9, 0x44, 0x0, 0x72, 0xa4, 0x80,
    0x70, 0xdf, 0x0, 0x79, 0x7, 0x3f, 0xc8, 0xbe,
    0x2b, 0xbb, 0x8d, 0x34, 0x40, 0x8b, 0x38, 0x90,
    0x7, 0xf8,

    /* U+0035 "5" */
    0x7f, 0xfe, 0x0, 0x16, 0x65, 0xa0, 0x1, 0x33,
    0x88, 0x0, 0x7d, 0xcb, 0x20, 0x3a, 0xda, 0x7d,
    0x14, 0x53, 0x4c, 0x19, 0x0, 0xe5, 0x20, 0xe,
    0x52, 0x95, 0x34, 0xc1, 0xa0, 0xbc, 0xa7, 0xd2,

    /* U+0036 "6" */
    0x0, 0xd, 0x77, 0xe9, 0x80, 0x7, 0xc6, 0xb2,
    0x4, 0x1, 0x27, 0x68, 0x6a, 0x40, 0x5, 0x4a,
    0xed, 0x60, 0x8, 0x98, 0xb6, 0xe5, 0xc0, 0x23,
    0x83, 0x67, 0xa0, 0x0, 0xb0, 0x5, 0xc4, 0x0,
    0x46, 0x0, 0xb8, 0x80, 0x12, 0x70, 0x4a, 0xf4,
    0x0, 0x3b, 0x5d, 0x88, 0x38, 0x0,

    /* U+0037 "7" */
    0xdf, 0xfe, 0xaf, 0xcc, 0xac, 0x3c, 0x8c, 0xf0,
    0xa8, 0x6, 0xa7, 0x0, 0xc8, 0x56, 0x1, 0xb8,
    0xc8, 0x2, 0x15, 0xa0, 0xc, 0xc0, 0xc0, 0x1a,
    0x98, 0x3, 0x19, 0x50, 0x4,

    /* U+0038 "8" */
    0x0, 0x47, 0x7e, 0xb8, 0x2, 0x1a, 0xb6, 0x20,
    0xe0, 0x8e, 0x84, 0xa9, 0xa0, 0x8e, 0x40, 0x6b,
    0x81, 0xf, 0xbf, 0x92, 0xc0, 0xcf, 0x5b, 0x30,
    0xc1, 0x12, 0xa4, 0xcf, 0x60, 0x20, 0x1f, 0x2c,
    0xa9, 0x2b, 0xa8, 0x5b, 0xde, 0xc3, 0xc0,

    /* U+0039 "9" */
    0x0, 0x47, 0x7e, 0x18, 0x2, 0x9a, 0xb5, 0x30,
    0x81, 0x61, 0xa, 0xa, 0xc0, 0x6, 0x1, 0xa,
    0x81, 0xc8, 0x82, 0x99, 0x7, 0x3f, 0x7c, 0xa8,
    0x0, 0xaf, 0xfb, 0x4, 0x80, 0x30, 0x92, 0x58,
    0x23, 0x1a, 0xe1, 0x38, 0x2, 0xf2, 0xdf, 0x0,

    /* U+003A ":" */
    0x5f, 0x11, 0x18, 0xa6, 0x0, 0x7c, 0x98, 0x2,
    0x62,

    /* U+003B ";" */
    0x5f, 0x11, 0x18, 0xa6, 0x0, 0x7c, 0x4c, 0xf,
    0x23, 0xa8, 0x29, 0x0,

    /* U+003C "<" */
    0x0, 0xfe, 0x10, 0xf, 0x25, 0x79, 0x0, 0x45,
    0x1d, 0x47, 0x86, 0x2d, 0x9a, 0x77, 0xd2, 0x61,
    0x32, 0xe, 0xb5, 0x0, 0xd3, 0x3, 0xd4, 0x80,
    0x18, 0x5f, 0x70, 0xeb, 0xa0, 0xc0, 0x31, 0xcf,
    0x59, 0xe1, 0x80, 0x79, 0x6f, 0x88,

    /* U+003D "=" */
    0x8f, 0xff, 0xc7, 0x3b, 0xbf, 0x8c, 0x48, 0xbf,
    0x4, 0x7f, 0xfe, 0x49, 0xcc, 0xfc, 0x80,

    /* U+003E ">" */
    0x10, 0xf, 0xe9, 0xe8, 0x20, 0xf, 0x45, 0x9e,
    0xe9, 0xc4, 0x3, 0x2d, 0xf5, 0xdb, 0xad, 0x40,
    0x30, 0xb6, 0x5a, 0xd2, 0x0, 0x65, 0xbb, 0x14,
    0xa0, 0x25, 0x7c, 0x66, 0xe3, 0x4, 0x51, 0xe6,
    0xb9, 0x0, 0x55, 0xd2, 0x60, 0x1e,

    /* U+003F "?" */
    0x7d, 0xfe, 0x70, 0xb8, 0xd9, 0x84, 0xc5, 0x27,
    0x2, 0x0, 0xa0, 0x5c, 0x1, 0xd, 0x82, 0x4,
    0xfa, 0x40, 0x6, 0x3, 0x0, 0x96, 0xc0, 0x32,
    0xc0, 0x6, 0x13, 0x10, 0x0,

    /* U+0040 "@" */
    0x0, 0xcb, 0x7d, 0xfa, 0xe0, 0x1e, 0x1c, 0x9f,
    0xfb, 0xb9, 0xa4, 0x1, 0xb5, 0x31, 0x4, 0xe,
    0x63, 0xc0, 0x25, 0x78, 0x0, 0xf2, 0xa3, 0x80,
    0x27, 0xc0, 0x13, 0xfc, 0xdc, 0x17, 0x40, 0x3,
    0x40, 0x85, 0xef, 0xa0, 0x1, 0x10, 0x0, 0x20,
    0x5, 0x81, 0x14, 0x0, 0x78, 0x40, 0x3f, 0x91,
    0x0, 0x3, 0x30, 0x2c, 0x8, 0xbc, 0xe, 0x60,
    0x1, 0x50, 0x10, 0xdd, 0x9a, 0x31, 0xc6, 0x0,
    0x67, 0x80, 0xaf, 0xd6, 0xfb, 0x30, 0xd, 0xa9,
    0x68, 0x0, 0x3a, 0xb0, 0xe, 0x1c, 0xd8, 0xff,
    0x76, 0xd0, 0x4,

    /* U+0041 "A" */
    0x0, 0x8f, 0xf0, 0x3, 0xea, 0x63, 0x20, 0xf,
    0x35, 0xb5, 0x0, 0x72, 0x91, 0x35, 0x80, 0x3a,
    0x68, 0x10, 0x14, 0x2, 0x23, 0x60, 0x3, 0x70,
    0x5, 0x41, 0xdf, 0xe7, 0x41, 0x0, 0x34, 0x6e,
    0xe3, 0x60, 0x41, 0x62, 0x2d, 0x72, 0x1e, 0x82,
    0x1, 0x94, 0x50,

    /* U+0042 "B" */
    0xaf, 0xfb, 0xac, 0xc0, 0x7, 0xbb, 0x6, 0x80,
    0x44, 0x43, 0xf1, 0x20, 0xe, 0xd1, 0x20, 0x3f,
    0xf9, 0xf4, 0x0, 0x7b, 0xac, 0x7d, 0x10, 0x1,
    0x10, 0xe4, 0x24, 0x3, 0xfc, 0x44, 0x39, 0x1b,
    0x3, 0xdd, 0x62, 0xd1, 0x80,

    /* U+0043 "C" */
    0x0, 0xc, 0x6f, 0xf5, 0xa0, 0x0, 0x7d, 0xaf,
    0x37, 0x28, 0x1, 0x61, 0xec, 0x66, 0x7f, 0x0,
    0x2c, 0x88, 0x6, 0x10, 0x20, 0x20, 0xf, 0xfe,
    0x29, 0x1, 0x0, 0x7e, 0x59, 0x10, 0xc, 0x20,
    0xb, 0xf, 0x63, 0x33, 0xf8, 0x0, 0x7d, 0xef,
    0x37, 0x28, 0x0,

    /* U+0044 "D" */
    0xaf, 0xfb, 0xad, 0x80, 0x23, 0xdd, 0xb2, 0x70,
    0x2, 0x22, 0x1b, 0xe9, 0xb8, 0x7, 0x89, 0x2c,
    0x3, 0xe3, 0x20, 0xf, 0xfe, 0x21, 0x90, 0x7,
    0x8d, 0x2c, 0x0, 0x44, 0x37, 0xc3, 0x70, 0x3d,
    0xdb, 0x27, 0x0,

    /* U+0045 "E" */
    0xaf, 0xfe, 0xd0, 0x3c, 0xcd, 0xe0, 0x3, 0x3c,
    0x40, 0x1f, 0x8f, 0xff, 0x48, 0x1e, 0x66, 0x80,
    0x1, 0x9e, 0x10, 0xf, 0xe3, 0x3c, 0x40, 0x79,
    0x9b, 0x40,

    /* U+0046 "F" */
    0xaf, 0xfe, 0x30, 0x3c, 0xcc, 0x60, 0x3, 0x3c,
    0x1, 0xfc, 0x7f, 0xf6, 0x0, 0xf, 0x32, 0xe0,
    0x8, 0xce, 0x20, 0xf, 0xfe, 0x50,

    /* U+0047 "G" */
    0x0, 0xc, 0x6f, 0xf6, 0x30, 0x0, 0x7d, 0xaf,
    0x36, 0x75, 0x82, 0xc3, 0xd8, 0xcc, 0xb6, 0xc0,
    0xb2, 0x20, 0x1e, 0x20, 0x20, 0xb, 0xbf, 0xd6,
    0x1, 0xec, 0xd4, 0x2, 0x2, 0x0, 0x88, 0x82,
    0x0, 0x49, 0x10, 0xf, 0xa8, 0x3d, 0x8c, 0xcc,
    0x82, 0x3, 0xed, 0x79, 0x8a, 0x9a,

    /* U+0048 "H" */
    0xac, 0x0, 0xc7, 0xe4, 0x1, 0xff, 0xd0, 0x3f,
    0xfd, 0x80, 0x11, 0xe6, 0x69, 0x0, 0xc6, 0x79,
    0x40, 0x3f, 0xfa, 0x20,

    /* U+0049 "I" */
    0xac, 0x0, 0xff, 0xe3, 0x0,

    /* U+004A "J" */
    0x0, 0x56, 0x0, 0x7f, 0xf5, 0xdc, 0x0, 0x22,
    0x26, 0x4f, 0x98, 0x75,

    /* U+004B "K" */
    0xac, 0x0, 0x93, 0xe0, 0x3, 0x96, 0xe2, 0x0,
    0x19, 0xaa, 0x5c, 0x3, 0x3c, 0xd3, 0x0, 0x63,
    0x8a, 0x50, 0xe, 0x22, 0x40, 0x80, 0x70, 0xe0,
    0x60, 0x80, 0x70, 0xe0, 0x60, 0x80, 0x70, 0xe0,
    0xe0, 0x80, 0x70, 0xe8, 0xe0, 0x80,

    /* U+004C "L" */
    0xac, 0x0, 0xff, 0xf6, 0x19, 0xe2, 0x3, 0xcc,
    0xd2,

    /* U+004D "M" */
    0xaf, 0xa0, 0xd, 0x1f, 0x60, 0x2a, 0x1, 0x98,
    0x40, 0xa, 0x6c, 0x0, 0x43, 0x40, 0xa, 0xa8,
    0x0, 0xfa, 0x0, 0xcc, 0x64, 0x28, 0xc0, 0x1c,
    0xb4, 0xc8, 0x20, 0x1d, 0xcd, 0x5c, 0x1, 0xe4,
    0x33, 0x28, 0x7, 0xdb, 0xc0, 0x1f, 0xfc, 0x20,

    /* U+004E "N" */
    0xaf, 0x80, 0x8, 0xfc, 0x40, 0xe, 0x20, 0x1e,
    0x43, 0x80, 0xf, 0xa1, 0x88, 0x3, 0xc8, 0x88,
    0x0, 0xfa, 0x14, 0xc0, 0x3c, 0x6b, 0xe0, 0x1f,
    0x41, 0xd8, 0x7, 0x89, 0x9c, 0x3, 0xe8, 0x0,
    0x80,

    /* U+004F "O" */
    0x0, 0xc, 0xf7, 0xf4, 0x88, 0x4, 0x3e, 0xb5,
    0xb4, 0xbe, 0x20, 0xb, 0xc, 0x42, 0x4c, 0xa,
    0x0, 0x2c, 0x80, 0x74, 0xa0, 0x10, 0x10, 0x7,
    0x18, 0x18, 0x7, 0xfc, 0x40, 0x40, 0x1c, 0x60,
    0x60, 0x92, 0x1, 0xd2, 0x80, 0x9, 0xc, 0x42,
    0x4c, 0xa, 0x0, 0x17, 0xad, 0x6d, 0x2f, 0x88,
    0x0,

    /* U+0050 "P" */
    0xaf, 0xfb, 0x60, 0x0, 0x7b, 0xab, 0x78, 0x0,
    0x11, 0x19, 0x8a, 0x1, 0xc2, 0x60, 0x18, 0xd9,
    0x0, 0xff, 0xd8, 0xb6, 0x7, 0xba, 0xfb, 0x10,
    0x1, 0x10, 0x3, 0xff, 0x8a,

    /* U+0051 "Q" */
    0x0, 0xc, 0xf7, 0xf4, 0x88, 0x4, 0x3e, 0xb5,
    0xb4, 0xbe, 0x20, 0xb, 0xc, 0x42, 0x4c, 0xa,
    0x0, 0x2c, 0x80, 0x74, 0xa0, 0x10, 0x10, 0x7,
    0x18, 0x18, 0x7, 0xf8, 0x48, 0x8, 0x3, 0x8c,
    0x8, 0x12, 0x40, 0x3a, 0x54, 0x1, 0x41, 0x88,
    0x49, 0x81, 0x60, 0x1, 0xf5, 0xad, 0xb0, 0xf1,
    0x0, 0x86, 0x7b, 0xe4, 0xd0, 0x3, 0xf3, 0x51,
    0x0, 0x0,

    /* U+0052 "R" */
    0xaf, 0xfb, 0xa4, 0x3, 0x1e, 0xea, 0xde, 0x40,
    0x31, 0x11, 0x59, 0xc0, 0x3c, 0x4a, 0x1, 0x8f,
    0xfd, 0xa5, 0x0, 0x11, 0xee, 0x32, 0xb0, 0x6,
    0x23, 0x96, 0x70, 0xf, 0xa2, 0x2, 0x1, 0xe4,
    0x29, 0x0, 0xfa, 0xdc, 0x40,

    /* U+0053 "S" */
    0x1, 0x9e, 0xfe, 0xb4, 0x0, 0x52, 0x5e, 0xd6,
    0x8, 0x1, 0x2d, 0x49, 0x1d, 0x40, 0x3, 0x80,
    0x1f, 0x52, 0x7e, 0x41, 0x80, 0x49, 0xd9, 0x67,
    0x8e, 0x1, 0x8d, 0xed, 0xe0, 0x3, 0xee, 0x0,
    0xb1, 0x8c, 0x96, 0x10, 0x0, 0x95, 0xba, 0x86,
    0xa0,

    /* U+0054 "T" */
    0xf, 0xff, 0xd2, 0x19, 0x93, 0x86, 0x65, 0x0,
    0x67, 0x70, 0x19, 0xc2, 0x1, 0xff, 0xfa,

    /* U+0055 "U" */
    0xc9, 0x0, 0xcb, 0xe0, 0x1f, 0xfe, 0x27, 0x30,
    0xc, 0x60, 0x2, 0x70, 0xd, 0x84, 0x16, 0x54,
    0x66, 0x75, 0x80, 0x2c, 0x1d, 0xcb, 0xa5, 0x0,

    /* U+0056 "V" */
    0xbb, 0x0, 0x71, 0x7a, 0x7a, 0x10, 0x6, 0xa1,
    0x44, 0xd, 0x0, 0x66, 0x90, 0x3, 0x30, 0x2,
    0x51, 0x60, 0x5, 0xa, 0x0, 0x39, 0x4, 0x0,
    0x47, 0xc0, 0x29, 0xc0, 0x1a, 0x54, 0x58, 0x54,
    0x3, 0x28, 0x3d, 0x30, 0x7, 0x9a, 0xa, 0x80,
    0x3d, 0x42, 0x64, 0x1, 0x0,

    /* U+0057 "W" */
    0x6f, 0x0, 0xdf, 0xa0, 0x11, 0x7a, 0x20, 0xc,
    0x0, 0x62, 0x42, 0x0, 0x40, 0x42, 0x14, 0x0,
    0x22, 0xd, 0x0, 0x18, 0x80, 0x4, 0xc0, 0x6,
    0x61, 0x30, 0x0, 0x98, 0x0, 0xc4, 0x0, 0x22,
    0x31, 0x0, 0x85, 0x0, 0x8, 0x8, 0x81, 0x24,
    0x21, 0x40, 0x30, 0x1, 0xe, 0x61, 0x0, 0x6,
    0x98, 0x80, 0x19, 0xd1, 0x18, 0x0, 0x4c, 0x4c,
    0x0, 0xd8, 0x66, 0x40, 0x6, 0x30, 0xa0, 0x6,
    0x40, 0x12, 0x0, 0x20, 0x0, 0xc0, 0x0,

    /* U+0058 "X" */
    0xc, 0xb0, 0xd, 0xb2, 0x0, 0xe4, 0x60, 0x4,
    0x84, 0x80, 0xa, 0x64, 0x28, 0xdc, 0x1, 0x99,
    0x36, 0x9c, 0xc0, 0x3a, 0x4c, 0xd0, 0x1, 0xea,
    0x2, 0x20, 0x7, 0x1b, 0xda, 0x70, 0x7, 0x73,
    0x25, 0x13, 0x80, 0x50, 0x12, 0x3, 0x70, 0x40,
    0x6f, 0x20, 0x12, 0xab, 0x80,

    /* U+0059 "Y" */
    0xa, 0xc0, 0xc, 0x9e, 0x61, 0x64, 0xe0, 0x15,
    0x39, 0x80, 0xd4, 0x18, 0x49, 0xc0, 0x4, 0x8d,
    0xca, 0xdc, 0x1, 0xd2, 0x75, 0x6, 0x1, 0xe9,
    0x7, 0x0, 0xf8, 0x40, 0x3f, 0xfa, 0xe0,

    /* U+005A "Z" */
    0x3f, 0xff, 0xb4, 0xf3, 0x3a, 0x42, 0x80, 0xcf,
    0x14, 0x2b, 0x80, 0x76, 0x95, 0x0, 0x75, 0xe,
    0x80, 0x74, 0x2f, 0x88, 0x6, 0x57, 0xb2, 0x0,
    0xc7, 0x50, 0x80, 0x18, 0x74, 0xd0, 0xcf, 0x13,
    0x89, 0xe6, 0x76, 0x80,

    /* U+005B "[" */
    0xcf, 0xf0, 0x84, 0x78, 0x80, 0x7f, 0xf7, 0x63,
    0xc4,

    /* U+005C "\\" */
    0xd4, 0x0, 0x97, 0x40, 0x2b, 0x70, 0x8, 0xc0,
    0xc0, 0x27, 0xb0, 0xb, 0x54, 0x2, 0x42, 0x20,
    0x4, 0xaa, 0x0, 0xbe, 0xc0, 0x24, 0x31, 0x0,
    0xa, 0x38, 0x5, 0xe6,

    /* U+005D "]" */
    0xaf, 0xf2, 0x57, 0x80, 0x7f, 0xf7, 0xa7, 0xc0,
    0x0,

    /* U+005E "^" */
    0x0, 0x93, 0xf8, 0x40, 0x38, 0xed, 0xd7, 0x4,
    0x2, 0x2d, 0x88, 0x5b, 0x68, 0x0, 0xb2, 0x1c,
    0x1, 0x6d, 0x60,

    /* U+005F "_" */
    0x2f, 0xff, 0x88,

    /* U+0060 "`" */
    0x45, 0x0, 0x2c, 0x20, 0xf, 0xc8, 0x80,

    /* U+0061 "a" */
    0x5, 0xcf, 0xeb, 0x20, 0xa, 0x37, 0x7, 0xc0,
    0xa, 0x84, 0x4a, 0x22, 0x1, 0x5f, 0x7f, 0x81,
    0x83, 0xb, 0x3f, 0xc0, 0x23, 0x59, 0x1, 0x0,
    0x4, 0x48, 0x3, 0x20, 0x15, 0x5f, 0x67, 0x0,
    0x0,

    /* U+0062 "b" */
    0xb8, 0x0, 0xff, 0xe6, 0x4f, 0xf4, 0x0, 0x4e,
    0x3b, 0x6e, 0xe0, 0x1, 0xc1, 0x2c, 0x48, 0x1,
    0x40, 0x24, 0x10, 0xf, 0x38, 0x4, 0xa0, 0x11,
    0x88, 0x0, 0xe0, 0x96, 0x24, 0x0, 0xe3, 0xb6,
    0xee, 0x0,

    /* U+0063 "c" */
    0x0, 0x3e, 0xff, 0x40, 0x44, 0x2f, 0x75, 0xc0,
    0xf2, 0xc4, 0x6c, 0x60, 0x80, 0x1f, 0xf1, 0x82,
    0x0, 0x73, 0xcb, 0x11, 0xb0, 0x44, 0x2f, 0x75,
    0xc0,

    /* U+0064 "d" */
    0x0, 0xf5, 0x48, 0x7, 0xff, 0x1a, 0x7f, 0xa0,
    0x2, 0x87, 0xbc, 0x25, 0x0, 0x3d, 0xa1, 0x50,
    0x81, 0x3, 0x80, 0x4a, 0x1, 0x18, 0x7, 0x10,
    0x28, 0x4, 0xc0, 0x6, 0x81, 0x7, 0x20, 0x4,
    0xaf, 0x74, 0xa0,

    /* U+0065 "e" */
    0x0, 0x3e, 0xfe, 0xb0, 0x2, 0x2a, 0x76, 0x20,
    0xa0, 0xf2, 0x84, 0xb3, 0xc6, 0x17, 0xff, 0x43,
    0x0, 0x37, 0xff, 0x69, 0x82, 0x80, 0x79, 0xe1,
    0x88, 0x8c, 0xc0, 0x89, 0xbd, 0xcd, 0x20,

    /* U+0066 "f" */
    0x0, 0x4f, 0x79, 0x82, 0xbe, 0x71, 0x81, 0x14,
    0x21, 0x50, 0x7f, 0xa1, 0x50, 0x7f, 0xa0, 0x1f,
    0xfd, 0x90,

    /* U+0067 "g" */
    0x0, 0x4f, 0xf4, 0x54, 0x84, 0xbd, 0xe0, 0xa8,
    0x1, 0xad, 0xa, 0x44, 0x8, 0x1c, 0x2, 0x50,
    0xf, 0xe2, 0x7, 0x0, 0x94, 0x0, 0xd6, 0x85,
    0x22, 0x0, 0x97, 0xbc, 0x15, 0x0, 0xa7, 0xfa,
    0x1f, 0xc0, 0x94, 0x4a, 0x49, 0xc0, 0x63, 0xb0,
    0xb0, 0x40,

    /* U+0068 "h" */
    0xb8, 0x0, 0xff, 0xe4, 0xc7, 0x72, 0x0, 0xc,
    0x19, 0x6e, 0xa0, 0x50, 0x4a, 0x98, 0x8, 0x1,
    0x11, 0x80, 0x78, 0x40, 0x3f, 0xf9, 0x20,

    /* U+0069 "i" */
    0xb9, 0xdc, 0x65, 0xb9, 0x0, 0xff, 0xe1, 0x0,

    /* U+006A "j" */
    0x0, 0x5c, 0x80, 0x37, 0x0, 0xc, 0xa0, 0xb,
    0x90, 0xf, 0xfe, 0x98, 0x81, 0x2e, 0xa6, 0xa2,
    0x80,

    /* U+006B "k" */
    0xb8, 0x0, 0xff, 0xe7, 0x27, 0xa8, 0x6, 0x5b,
    0xb2, 0x80, 0x4d, 0x78, 0x80, 0x13, 0x4e, 0x98,
    0x6, 0x41, 0xa0, 0xe, 0x2c, 0x79, 0x0, 0xe2,
    0xc7, 0x90, 0xe, 0x2c, 0x78, 0x0,

    /* U+006C "l" */
    0xb9, 0x0, 0xff, 0xe4, 0x0,

    /* U+006D "m" */
    0xb8, 0x9e, 0xe3, 0x4, 0xff, 0x30, 0x1, 0x87,
    0x26, 0x57, 0xdb, 0x32, 0x10, 0x58, 0x27, 0x20,
    0x72, 0x71, 0x40, 0x30, 0x8, 0x4c, 0x2, 0x32,
    0x0, 0xff, 0xf2, 0x0,

    /* U+006E "n" */
    0xb9, 0x97, 0x72, 0x0, 0xd, 0x9d, 0x8e, 0xa0,
    0x8a, 0x4, 0xb8, 0x6, 0x1, 0x19, 0x80, 0x3c,
    0x20, 0x1f, 0xfc, 0x90,

    /* U+006F "o" */
    0x0, 0x47, 0x7e, 0x20, 0x2, 0x1a, 0xb5, 0x6c,
    0x81, 0xe1, 0xa, 0x4a, 0xc8, 0x10, 0x2, 0x42,
    0x0, 0xfc, 0x40, 0x80, 0x12, 0x18, 0x3c, 0x21,
    0x49, 0x50, 0x43, 0x56, 0xad, 0x90,

    /* U+0070 "p" */
    0xb9, 0xae, 0xe4, 0x0, 0x4d, 0xfd, 0x8c, 0xe0,
    0x3, 0x50, 0x28, 0x90, 0x2, 0x80, 0x4a, 0x20,
    0x1e, 0x70, 0x9, 0x0, 0x23, 0x10, 0x1, 0x41,
    0x2c, 0x48, 0x1, 0xc7, 0x6d, 0xdc, 0x1, 0x4f,
    0xf4, 0x0, 0x7f, 0xf1, 0x80,

    /* U+0071 "q" */
    0x0, 0x4f, 0xf4, 0x54, 0x84, 0x3d, 0xe1, 0x28,
    0x1, 0xed, 0xa, 0x84, 0x8, 0x1c, 0x2, 0x50,
    0xf, 0xe2, 0x7, 0x0, 0x94, 0x0, 0xd6, 0x85,
    0x42, 0x0, 0x97, 0xbc, 0x25, 0x0, 0xa7, 0xfa,
    0x0, 0x3f, 0xf8, 0xc0,

    /* U+0072 "r" */
    0x0, 0xeb, 0x9a, 0xeb, 0x6, 0xce, 0xb0, 0x46,
    0x0, 0x88, 0x3, 0x8, 0x7, 0xff, 0x18,

    /* U+0073 "s" */
    0x4, 0xcf, 0xec, 0x10, 0xbb, 0x76, 0x48, 0x10,
    0x28, 0x92, 0x89, 0x2e, 0xd3, 0x8, 0x2, 0xb3,
    0x6b, 0x8c, 0x0, 0x6f, 0x87, 0x64, 0xe6, 0x28,
    0x5c, 0x19, 0xbd, 0x32, 0x60,

    /* U+0074 "t" */
    0xb, 0x90, 0xf, 0xea, 0x46, 0xff, 0x15, 0x23,
    0x7f, 0x88, 0x3, 0xff, 0x8e, 0x20, 0x1c, 0x4a,
    0x42, 0x0, 0x90, 0xde, 0x20,

    /* U+0075 "u" */
    0xd7, 0x0, 0xaa, 0x40, 0x3f, 0xf9, 0x22, 0x1,
    0xe7, 0xf0, 0x9, 0xc3, 0x14, 0x41, 0x88, 0x1d,
    0x3f, 0xb8, 0xa0,

    /* U+0076 "v" */
    0x6e, 0x0, 0xd5, 0x6e, 0x28, 0x1, 0x2f, 0xa,
    0x70, 0x1, 0x41, 0x43, 0x94, 0x1, 0xcc, 0x0,
    0x50, 0x51, 0x4d, 0x0, 0x9b, 0x9c, 0x50, 0x2,
    0xd4, 0xb6, 0x0, 0xc8, 0x25, 0x40, 0x0,

    /* U+0077 "w" */
    0x4f, 0x0, 0x17, 0xc8, 0x2, 0x2d, 0x0, 0xc1,
    0x5, 0x0, 0x9, 0x80, 0x68, 0x19, 0x24, 0x20,
    0x68, 0x9, 0x80, 0x88, 0x34, 0x40, 0x18, 0x62,
    0x10, 0x9a, 0x66, 0x10, 0x0, 0x81, 0x8, 0x18,
    0x88, 0xc0, 0x8, 0xd7, 0x1, 0x8, 0xd0, 0x2,
    0x40, 0x40, 0x1, 0x81, 0x80,

    /* U+0078 "x" */
    0x1e, 0x70, 0x1, 0x7a, 0x8d, 0x41, 0x87, 0xb2,
    0x82, 0x37, 0x48, 0x48, 0x5, 0x20, 0xdc, 0x1,
    0x88, 0x80, 0xc0, 0x1b, 0x96, 0x28, 0x40, 0x10,
    0x56, 0xe9, 0xa0, 0x6f, 0x42, 0x14, 0x4e,

    /* U+0079 "y" */
    0x6e, 0x0, 0xd5, 0x46, 0x15, 0x0, 0xa, 0xf0,
    0x37, 0x0, 0x1c, 0x50, 0x29, 0x4, 0x29, 0x80,
    0x6, 0x66, 0x33, 0x50, 0x5, 0x55, 0x21, 0x0,
    0x4c, 0x4d, 0xc0, 0x1c, 0xa2, 0xa0, 0x1c, 0x2e,
    0x1, 0x85, 0x52, 0xc0, 0x37, 0xd4, 0x10, 0x4,

    /* U+007A "z" */
    0x3f, 0xfe, 0xc3, 0xff, 0xb4, 0x6c, 0x3, 0x7a,
    0x38, 0x5, 0x41, 0x40, 0x14, 0x26, 0x0, 0x4a,
    0xfa, 0x20, 0x2, 0xa9, 0x30, 0x9, 0x2, 0x7f,
    0xec,

    /* U+007B "{" */
    0x0, 0x9f, 0xbc, 0x80, 0x28, 0x87, 0x90, 0x0,
    0x41, 0x0, 0x31, 0x80, 0x7e, 0x30, 0xd, 0x42,
    0x20, 0x2, 0x7b, 0xd8, 0x4, 0x9e, 0xf6, 0x1,
    0xd4, 0x22, 0x0, 0xf1, 0x80, 0x63, 0x0, 0xf0,
    0x82, 0x0, 0x74, 0xc7, 0x90,

    /* U+007C "|" */
    0x3f, 0x0, 0xff, 0xe7, 0x14, 0x0,

    /* U+007D "}" */
    0x4f, 0xe6, 0x0, 0x93, 0xda, 0x0, 0x3b, 0x4,
    0x3, 0x9c, 0x3, 0xf0, 0x80, 0x62, 0x7, 0x0,
    0xc3, 0x32, 0xf2, 0x0, 0xc, 0xcb, 0xc8, 0x0,
    0x40, 0xe0, 0x1e, 0x10, 0xf, 0xfa, 0xc4, 0x2,
    0x4f, 0x6b, 0x0, 0x80,

    /* U+007E "~" */
    0x0, 0xff, 0xa7, 0x7a, 0x90, 0x6, 0x4e, 0x3,
    0xa8, 0xeb, 0xf8, 0xe, 0x64, 0x69, 0x3d, 0xcf,
    0x90,

    /* U+00A0 " " */

    /* U+00A1 "¡" */
    0xe8, 0x5e, 0xb6, 0xc6, 0x11, 0x18, 0x3, 0xc0,
    0x3d, 0xd0,

    /* U+00A2 "¢" */
    0x0, 0x95, 0x0, 0x3c, 0x20, 0x11, 0x5d, 0x53,
    0x8, 0x74, 0xa2, 0x64, 0x10, 0x52, 0x46, 0xa4,
    0xa8, 0x1, 0xff, 0xc0, 0x55, 0x0, 0x75, 0x9c,
    0x18, 0x18, 0x96, 0x24, 0xd6, 0x98, 0x1e, 0x4d,
    0x71, 0x0, 0x46, 0x1, 0xe5, 0x50, 0x0,

    /* U+00A3 "£" */
    0x0, 0x97, 0x7f, 0x54, 0x0, 0x54, 0xbb, 0x22,
    0x0, 0x40, 0x82, 0x44, 0x0, 0x4, 0x80, 0x3d,
    0xe0, 0x1e, 0xd7, 0x2f, 0xf4, 0x0, 0x35, 0xcb,
    0xfd, 0x0, 0x1f, 0xe3, 0x13, 0x3c, 0x44, 0xc6,
    0x1c, 0xca, 0x0,

    /* U+00A4 "¤" */
    0x19, 0x0, 0xc3, 0x40, 0x25, 0x97, 0xd7, 0xa0,
    0x15, 0x1e, 0x69, 0x9a, 0x80, 0x8, 0x6e, 0x70,
    0x48, 0x0, 0x37, 0x0, 0x84, 0x2, 0x74, 0x40,
    0x29, 0xa0, 0x2, 0xa, 0xbe, 0x6, 0x0, 0x97,
    0x3b, 0x9b, 0x88, 0x25, 0x82, 0x2, 0x5, 0x82,

    /* U+00A5 "¥" */
    0x2f, 0x20, 0x8, 0xfc, 0x49, 0x60, 0x2, 0xf7,
    0x10, 0x85, 0x30, 0x42, 0x90, 0x1, 0x34, 0x4,
    0xc8, 0x40, 0x75, 0x11, 0x25, 0x5a, 0x3, 0xba,
    0x86, 0xad, 0xd0, 0xe, 0xea, 0x42, 0x37, 0x40,
    0x3b, 0xb0, 0x7e, 0xe8, 0x3, 0xff, 0x8e,

    /* U+00A6 "¦" */
    0x4, 0x3b, 0x0, 0xfc, 0x7e, 0x8, 0x76, 0x1,
    0xf8,

    /* U+00A7 "§" */
    0x3, 0xcf, 0xe7, 0x0, 0x7a, 0xfe, 0x18, 0x7,
    0x12, 0x0, 0x29, 0xa8, 0x40, 0x3, 0x14, 0x1c,
    0xa0, 0x84, 0xb5, 0x51, 0x39, 0xb0, 0x29, 0x39,
    0x64, 0x5b, 0x82, 0x81, 0xf1, 0xc4, 0x0, 0x34,
    0x3c, 0x0, 0x14, 0x40, 0x84, 0x1, 0x9f, 0xe6,
    0xe0,

    /* U+00A8 "¨" */
    0x11, 0x0, 0x8a, 0x70, 0x32, 0x6a, 0x42, 0x68,

    /* U+00A9 "©" */
    0x0, 0x8a, 0x6e, 0xd2, 0x40, 0x1c, 0xb3, 0x77,
    0xa5, 0x40, 0x23, 0xfb, 0x4c, 0xd9, 0xbf, 0x20,
    0x4, 0xdb, 0xd6, 0xea, 0x42, 0xe0, 0x0, 0x22,
    0xa8, 0x10, 0x20, 0x11, 0x0, 0x4, 0x9, 0x80,
    0x38, 0x40, 0x2, 0x4, 0xc0, 0x1c, 0x20, 0x1,
    0x15, 0x40, 0x81, 0x0, 0x88, 0x1, 0x36, 0xf5,
    0xba, 0x90, 0xb9, 0x0, 0x1f, 0xda, 0x66, 0xcd,
    0xf9, 0x80, 0x4b, 0x37, 0x7a, 0x54, 0x0,

    /* U+00AA "ª" */
    0x9, 0xcc, 0x58, 0x84, 0x66, 0xe, 0x41, 0xb3,
    0xa, 0x44, 0x9c, 0xc2, 0x1, 0x26, 0xd8, 0x10,
    0x56, 0xdc, 0xc0, 0x6e, 0xe8,

    /* U+00AB "«" */
    0x0, 0x84, 0x0, 0x20, 0xa, 0x50, 0xb2, 0xb,
    0x5, 0xc1, 0x3c, 0x2a, 0xd5, 0xa0, 0xb4, 0x24,
    0x40, 0x83, 0xde, 0x4d, 0xf8, 0x83, 0x5a, 0xb5,
    0x90, 0x1, 0x50, 0x14, 0xc0,

    /* U+00AC "¬" */
    0x8f, 0xff, 0xc9, 0x39, 0x9f, 0x8, 0x9, 0x9f,
    0xc0, 0x1f, 0xfc, 0x8c, 0x40,

    /* U+00AD "­" */
    0x4f, 0xf9, 0x53, 0x76, 0x50,

    /* U+00AE "®" */
    0x0, 0x8a, 0x6e, 0xd2, 0x40, 0x1c, 0xb3, 0x77,
    0xa5, 0x40, 0x23, 0xfb, 0x20, 0x1, 0x5f, 0x90,
    0x2, 0x6c, 0x76, 0xed, 0x1, 0x70, 0x0, 0x11,
    0x1, 0x5d, 0x98, 0xc4, 0x40, 0x1, 0x0, 0xaf,
    0xa4, 0xc0, 0x40, 0x2, 0x1, 0x5b, 0xf0, 0x0,
    0x40, 0x2, 0x20, 0xa, 0x5c, 0xc4, 0x40, 0x9,
    0xb1, 0x90, 0x6, 0xbd, 0xc8, 0x0, 0xfe, 0xd0,
    0x0, 0x3f, 0xe3, 0x0, 0x96, 0x6e, 0xf4, 0xa8,
    0x0,

    /* U+00AF "¯" */
    0x8e, 0xea, 0x21, 0xff, 0x40,

    /* U+00B0 "°" */
    0x9, 0xd9, 0x6, 0xd, 0x6, 0xca, 0xa, 0xcd,
    0xa0, 0xad, 0x73, 0xe0, 0x70,

    /* U+00B1 "±" */
    0x0, 0xd6, 0xe0, 0x1f, 0xfc, 0xc8, 0xff, 0x92,
    0x3f, 0xe4, 0x9c, 0xc8, 0xdf, 0x32, 0x41, 0x33,
    0x9f, 0xcc, 0xe0, 0xe, 0xd3, 0x0, 0xc2, 0x67,
    0x2b, 0x99, 0xc1, 0x39, 0x9f, 0x90,

    /* U+00B2 "²" */
    0x3b, 0xcd, 0x33, 0x5e, 0x55, 0x0, 0x7, 0x70,
    0xd, 0x3a, 0x2b, 0x2d, 0xb2,

    /* U+00B3 "³" */
    0x1a, 0xbb, 0x28, 0xc0, 0x2f, 0x81, 0x5d, 0x70,
    0x6, 0x93, 0xcc, 0x4c, 0x0,

    /* U+00B4 "´" */
    0x0, 0x2a, 0x2, 0xc2, 0x94, 0x60, 0x80,

    /* U+00B5 "µ" */
    0xd7, 0x0, 0xaa, 0x40, 0x3f, 0xfa, 0xde, 0x1,
    0x30, 0x4, 0xc8, 0x4e, 0x64, 0x20, 0xf3, 0xb9,
    0x28, 0xc1, 0xdb, 0xf6, 0xde, 0xe0, 0x1f, 0xfc,
    0x40,

    /* U+00B6 "¶" */
    0x7, 0xdf, 0xef, 0x68, 0x81, 0x6, 0x30, 0x28,
    0x7, 0xff, 0x6, 0x80, 0x3c, 0xf2, 0x60, 0x1c,
    0xd8, 0x40, 0x1f, 0xfd, 0x66, 0x3e, 0x30,

    /* U+00B7 "·" */
    0x6b, 0xe4,

    /* U+00B8 "¸" */
    0x0, 0xf3, 0xb0, 0x0, 0xe8, 0x36, 0x68,

    /* U+00B9 "¹" */
    0xa, 0xd7, 0x0, 0x52, 0x80, 0x7f, 0xf0, 0x6d,
    0xaa, 0x80,

    /* U+00BA "º" */
    0x5, 0xdc, 0xb2, 0x25, 0xe6, 0x36, 0x58, 0x84,
    0x11, 0x58, 0x84, 0x15, 0x45, 0x79, 0x94, 0x82,
    0xee, 0x59, 0x6, 0xee, 0x80,

    /* U+00BB "»" */
    0x10, 0x0, 0x80, 0x56, 0xa1, 0x68, 0x0, 0x8b,
    0x69, 0xa6, 0x2, 0xc8, 0x5c, 0x85, 0x4, 0x4,
    0x40, 0x3b, 0x5e, 0x2d, 0xf9, 0xe, 0x10, 0x60,
    0x83, 0x88, 0x38, 0x80, 0x0,

    /* U+00BC "¼" */
    0x0, 0x8, 0x7, 0x84, 0x3, 0xb3, 0xe, 0x1,
    0xde, 0x40, 0x1b, 0x14, 0x3, 0xa5, 0x88, 0x3,
    0xfc, 0x49, 0x0, 0x1f, 0xf7, 0x40, 0x7, 0xfc,
    0xce, 0xa0, 0x32, 0x40, 0xb, 0x5b, 0xa1, 0x89,
    0x0, 0x53, 0x88, 0x2, 0xf7, 0x2a, 0x24, 0x82,
    0x34, 0x80, 0x3c, 0x68, 0xe0, 0x62, 0xc0, 0x1f,
    0x7c, 0x80, 0x2d, 0x70, 0xf8, 0x40, 0x26, 0x62,
    0x0, 0x23, 0x30, 0x7c, 0x20, 0x11, 0xd8, 0x7,
    0xa0, 0x80,

    /* U+00BD "½" */
    0x6, 0x94, 0x0, 0xe7, 0x30, 0xc, 0x66, 0x0,
    0xc9, 0x46, 0x1, 0x31, 0x0, 0x74, 0xf0, 0x7,
    0xf9, 0xdc, 0x60, 0x1f, 0xc3, 0x36, 0x1, 0xd6,
    0xb7, 0x41, 0x70, 0xb9, 0x8a, 0x10, 0xbd, 0xca,
    0x46, 0x62, 0x66, 0xe, 0x0, 0x3a, 0x7c, 0x3,
    0x16, 0x0, 0x68, 0x43, 0x0, 0xa4, 0xd4, 0x2,
    0x26, 0x80, 0xa, 0xba, 0x0, 0x35, 0xd8, 0x40,
    0xa, 0x97, 0x90,

    /* U+00BE "¾" */
    0x1b, 0xcb, 0x20, 0xd, 0x66, 0x1, 0xd, 0x66,
    0x24, 0x2, 0x50, 0x30, 0xc, 0x20, 0x3, 0x0,
    0xae, 0x40, 0x38, 0xb2, 0x70, 0x0, 0xee, 0x20,
    0xe, 0x2c, 0xb9, 0x1, 0x98, 0x0, 0xe1, 0x0,
    0x84, 0x2e, 0x44, 0x0, 0xc2, 0x5, 0x79, 0xdc,
    0x37, 0x70, 0x2, 0xa0, 0x80, 0xef, 0x2c, 0xbe,
    0x0, 0xf, 0x84, 0x1, 0xe5, 0x5, 0x3, 0xf6,
    0x0, 0xfa, 0x3c, 0x1, 0x69, 0x87, 0xc2, 0x1,
    0x3b, 0x8c, 0x1, 0x19, 0x83, 0xe1, 0x0, 0x8a,
    0xc0, 0x3d, 0x4, 0x0,

    /* U+00BF "¿" */
    0x0, 0xab, 0x0, 0x3b, 0x54, 0x3, 0x9a, 0x0,
    0x3a, 0x28, 0x3, 0x8c, 0x40, 0x31, 0xaf, 0x80,
    0x45, 0x8e, 0xa0, 0x17, 0x24, 0x0, 0x63, 0xd0,
    0xe, 0x3b, 0x33, 0x4b, 0x6, 0xb6, 0x69, 0xa0,

    /* U+00C0 "À" */
    0x0, 0x97, 0x0, 0x3f, 0x2c, 0x20, 0x7, 0xe4,
    0x40, 0x7, 0xc7, 0xf8, 0x1, 0xf5, 0x31, 0x90,
    0x7, 0x9a, 0xda, 0x80, 0x39, 0x48, 0x9a, 0xc0,
    0x1d, 0x34, 0x8, 0xa, 0x1, 0x11, 0xb0, 0x1,
    0xb8, 0x2, 0xa0, 0xef, 0xf3, 0xa0, 0x80, 0x1a,
    0x37, 0x71, 0xb0, 0x20, 0xb1, 0x16, 0xb9, 0xf,
    0x41, 0x0, 0xca, 0x28,

    /* U+00C1 "Á" */
    0x0, 0xc9, 0x82, 0x1, 0xf1, 0xe8, 0x80, 0x7c,
    0xe2, 0x1, 0xf1, 0xfe, 0x0, 0x7d, 0x4c, 0x64,
    0x1, 0xe6, 0xb6, 0xa0, 0xe, 0x52, 0x26, 0xb0,
    0x7, 0x4d, 0x2, 0x2, 0x80, 0x44, 0x6c, 0x0,
    0x6e, 0x0, 0xa8, 0x3b, 0xfc, 0xe8, 0x20, 0x6,
    0x8d, 0xdc, 0x6c, 0x8, 0x2c, 0x45, 0xae, 0x43,
    0xd0, 0x40, 0x32, 0x8a, 0x0,

    /* U+00C2 "Â" */
    0x0, 0xce, 0x80, 0x1f, 0x4f, 0xc9, 0x0, 0x7b,
    0xe3, 0xdc, 0x3, 0xcc, 0x4, 0xa0, 0x1e, 0x3f,
    0xc0, 0xf, 0xa9, 0x8c, 0x80, 0x3c, 0xd6, 0xd4,
    0x1, 0xca, 0x44, 0xd6, 0x0, 0xe9, 0xa0, 0x40,
    0x50, 0x8, 0x8d, 0x80, 0xd, 0xc0, 0x15, 0x7,
    0x7f, 0x9d, 0x4, 0x0, 0xd1, 0xbb, 0x8d, 0x81,
    0x5, 0x88, 0xb5, 0xc8, 0x7a, 0x8, 0x6, 0x51,
    0x40,

    /* U+00C3 "Ã" */
    0x0, 0x1d, 0xee, 0x48, 0x7, 0x1d, 0xee, 0x48,
    0x7, 0xff, 0x10, 0xff, 0x0, 0x3e, 0xa6, 0x32,
    0x0, 0xf3, 0x5b, 0x50, 0x7, 0x29, 0x13, 0x58,
    0x3, 0xa6, 0x81, 0x1, 0x40, 0x22, 0x36, 0x0,
    0x37, 0x0, 0x54, 0x1d, 0xfe, 0x74, 0x10, 0x3,
    0x46, 0xee, 0x36, 0x4, 0x16, 0x22, 0xd7, 0x21,
    0xe8, 0x20, 0x19, 0x45, 0x0,

    /* U+00C4 "Ä" */
    0x0, 0x84, 0x4, 0x40, 0x1c, 0x9c, 0x51, 0x80,
    0x1c, 0xb6, 0x57, 0xc0, 0x1c, 0x28, 0x4, 0x60,
    0x1e, 0x3f, 0xc0, 0xf, 0xa9, 0x8c, 0x80, 0x3c,
    0xd6, 0xd4, 0x1, 0xca, 0x44, 0xd6, 0x0, 0xe9,
    0xa0, 0x40, 0x50, 0x8, 0x8d, 0x80, 0xd, 0xc0,
    0x15, 0x7, 0x7f, 0x9d, 0x4, 0x0, 0xd1, 0xbb,
    0x8d, 0x81, 0x5, 0x88, 0xb5, 0xc8, 0x7a, 0x8,
    0x6, 0x51, 0x40,

    /* U+00C5 "Å" */
    0x0, 0x97, 0x6c, 0x40, 0x3d, 0x1b, 0xd0, 0x1,
    0xf0, 0x98, 0x80, 0x7a, 0xfa, 0x60, 0x3, 0xd8,
    0xc0, 0x60, 0x1e, 0x5b, 0x6a, 0x0, 0xe6, 0x22,
    0x6b, 0x0, 0x75, 0x50, 0x10, 0x54, 0x2, 0x23,
    0x60, 0x3, 0x70, 0x5, 0x41, 0xdf, 0xe7, 0x42,
    0x0, 0x34, 0x6e, 0xe3, 0xa0, 0x51, 0x62, 0x2d,
    0x6c, 0x1c, 0x82, 0x1, 0x94, 0x50,

    /* U+00C6 "Æ" */
    0x0, 0xdd, 0xff, 0xf4, 0x80, 0x4a, 0x36, 0x4b,
    0x99, 0xa0, 0x2, 0xe5, 0x40, 0x23, 0x3c, 0x20,
    0x2, 0x49, 0x0, 0xff, 0x5a, 0x18, 0x1, 0xff,
    0xf3, 0x0, 0xb7, 0x80, 0x4b, 0x99, 0x9c, 0x18,
    0x2f, 0xfc, 0x44, 0x33, 0xc2, 0x15, 0x1b, 0xb1,
    0x0, 0x79, 0x9, 0x88, 0xa0, 0x23, 0x3c, 0x5e,
    0xa2, 0x1, 0x97, 0x33, 0x70,

    /* U+00C7 "Ç" */
    0x0, 0xc, 0x6f, 0xf5, 0xa0, 0x0, 0x7d, 0xaf,
    0x37, 0x28, 0x1, 0x61, 0xec, 0x66, 0x7f, 0x0,
    0x2c, 0x88, 0x6, 0x10, 0x20, 0x20, 0xf, 0xfe,
    0x29, 0x1, 0x0, 0x7e, 0x59, 0x10, 0xc, 0x20,
    0xb, 0xf, 0x63, 0x33, 0xf8, 0x0, 0x7d, 0xef,
    0x37, 0x28, 0x2, 0x19, 0xda, 0x6b, 0x40, 0xf,
    0x3a, 0x80, 0x7d, 0xb9, 0x40, 0x10,

    /* U+00C8 "È" */
    0x0, 0x4d, 0x0, 0x74, 0xe1, 0x0, 0x73, 0x10,
    0x2, 0xbf, 0xfb, 0x40, 0xf3, 0x37, 0x80, 0xc,
    0xf1, 0x0, 0x7e, 0x3f, 0xfd, 0x20, 0x79, 0x9a,
    0x0, 0x6, 0x78, 0x40, 0x3f, 0x8c, 0xf1, 0x1,
    0xe6, 0x6d,

    /* U+00C9 "É" */
    0x0, 0x9e, 0x80, 0x30, 0x85, 0x0, 0x61, 0x70,
    0xa, 0xbf, 0xfb, 0x40, 0xf3, 0x37, 0x80, 0xc,
    0xf1, 0x0, 0x7e, 0x3f, 0xfd, 0x20, 0x79, 0x9a,
    0x0, 0x6, 0x78, 0x40, 0x3f, 0x8c, 0xf1, 0x1,
    0xe6, 0x6d,

    /* U+00CA "Ê" */
    0x0, 0xc, 0x18, 0x6, 0xdf, 0xe1, 0x0, 0x14,
    0xbf, 0x10, 0x0, 0x94, 0xc, 0xc1, 0x5f, 0xfd,
    0xa0, 0x79, 0x9b, 0xc0, 0x6, 0x78, 0x80, 0x3f,
    0x1f, 0xfe, 0x90, 0x3c, 0xcd, 0x0, 0x3, 0x3c,
    0x20, 0x1f, 0xc6, 0x78, 0x80, 0xf3, 0x36, 0x80,

    /* U+00CB "Ë" */
    0x0, 0x8, 0x8, 0x80, 0xf, 0xc1, 0xb0, 0x0,
    0x5b, 0xf, 0xb0, 0x1, 0x20, 0x19, 0x5, 0x7f,
    0xf6, 0x81, 0xe6, 0x6f, 0x0, 0x19, 0xe2, 0x0,
    0xfc, 0x7f, 0xfa, 0x40, 0xf3, 0x34, 0x0, 0xc,
    0xf0, 0x80, 0x7f, 0x19, 0xe2, 0x3, 0xcc, 0xda,

    /* U+00CC "Ì" */
    0x2d, 0x20, 0x2f, 0x40, 0x1, 0x30, 0x2, 0xb0,
    0x3, 0xff, 0xb2,

    /* U+00CD "Í" */
    0x1d, 0x34, 0xe3, 0x53, 0xa, 0xc0, 0xf, 0xfe,
    0x80,

    /* U+00CE "Î" */
    0x0, 0x33, 0x80, 0x49, 0x5a, 0xc0, 0x2, 0xda,
    0x10, 0x3, 0x8, 0x38, 0x5, 0x58, 0x1, 0xff,
    0xec,

    /* U+00CF "Ï" */
    0x10, 0x0, 0x87, 0x32, 0x70, 0xda, 0x2d, 0x8a,
    0x10, 0xa0, 0x2, 0xb0, 0x3, 0xff, 0xc6,

    /* U+00D0 "Ð" */
    0x9, 0xff, 0xbb, 0x1c, 0x3, 0x8b, 0x76, 0xb9,
    0xc0, 0xe, 0x22, 0x1b, 0xe1, 0xc0, 0x7, 0xe2,
    0x55, 0x6, 0xb1, 0x77, 0x4, 0x1, 0xa4, 0x18,
    0xc5, 0xfe, 0x10, 0xe, 0x10, 0x0, 0x88, 0x2,
    0xd2, 0x0, 0xfc, 0x4a, 0xa0, 0xc, 0x44, 0x37,
    0xc3, 0x80, 0x8, 0xb7, 0x6b, 0x9c, 0x0, 0x0,

    /* U+00D1 "Ñ" */
    0x0, 0x4e, 0x6d, 0x98, 0x6, 0x9c, 0xdb, 0x30,
    0xf, 0xfa, 0xbe, 0x0, 0x23, 0xf1, 0x0, 0x38,
    0x80, 0x79, 0xe, 0x0, 0x3e, 0x86, 0x20, 0xf,
    0x22, 0x20, 0x3, 0xe8, 0x53, 0x0, 0xf1, 0xaf,
    0x80, 0x7d, 0x7, 0x60, 0x1e, 0x26, 0x70, 0xf,
    0xa0, 0x2,

    /* U+00D2 "Ò" */
    0x0, 0xce, 0x40, 0x1f, 0xc5, 0xc0, 0x1f, 0xcb,
    0x44, 0x1, 0xfc, 0xc4, 0x1, 0xe1, 0x9e, 0xfe,
    0x91, 0x0, 0x87, 0xd6, 0xb6, 0x97, 0xc4, 0x1,
    0x61, 0x88, 0x49, 0x81, 0x40, 0x5, 0x90, 0xe,
    0x94, 0x2, 0x2, 0x0, 0xe3, 0x3, 0x0, 0xff,
    0x88, 0x8, 0x3, 0x8c, 0xc, 0x12, 0x40, 0x3a,
    0x50, 0x1, 0x21, 0x88, 0x49, 0x81, 0x40, 0x2,
    0xf5, 0xad, 0xa5, 0xf1, 0x0,

    /* U+00D3 "Ó" */
    0x0, 0xe2, 0x70, 0xf, 0xee, 0x20, 0xf, 0xc5,
    0x4a, 0x1, 0xf8, 0x98, 0x3, 0xe1, 0x9e, 0xfe,
    0x91, 0x0, 0x87, 0xd6, 0xb6, 0x97, 0xc4, 0x1,
    0x61, 0x88, 0x49, 0x81, 0x40, 0x5, 0x90, 0xe,
    0x94, 0x2, 0x2, 0x0, 0xe3, 0x3, 0x0, 0xff,
    0x88, 0x8, 0x3, 0x8c, 0xc, 0x12, 0x40, 0x3a,
    0x50, 0x1, 0x21, 0x88, 0x49, 0x81, 0x40, 0x2,
    0xf5, 0xad, 0xa5, 0xf1, 0x0,

    /* U+00D4 "Ô" */
    0x0, 0xc5, 0x4, 0x1, 0xfb, 0xbf, 0x80, 0x3e,
    0x38, 0x78, 0x30, 0xf, 0x1a, 0x2, 0x18, 0x7,
    0xc, 0xf7, 0xf4, 0x88, 0x4, 0x3e, 0xb5, 0xb4,
    0xbe, 0x20, 0xb, 0xc, 0x42, 0x4c, 0xa, 0x0,
    0x2c, 0x80, 0x74, 0xa0, 0x10, 0x10, 0x7, 0x18,
    0x18, 0x7, 0xfc, 0x40, 0x40, 0x1c, 0x60, 0x60,
    0x92, 0x1, 0xd2, 0x80, 0x9, 0xc, 0x42, 0x4c,
    0xa, 0x0, 0x17, 0xad, 0x6d, 0x2f, 0x88, 0x0,

    /* U+00D5 "Õ" */
    0x0, 0x9b, 0x37, 0x18, 0x3, 0xcd, 0x9b, 0x8c,
    0x1, 0xff, 0xc4, 0x19, 0xef, 0xe9, 0x10, 0x8,
    0x7d, 0x6b, 0x69, 0x7c, 0x40, 0x16, 0x18, 0x84,
    0x98, 0x14, 0x0, 0x59, 0x0, 0xe9, 0x40, 0x20,
    0x20, 0xe, 0x30, 0x30, 0xf, 0xf8, 0x80, 0x80,
    0x38, 0xc0, 0xc1, 0x24, 0x3, 0xa5, 0x0, 0x12,
    0x18, 0x84, 0x98, 0x14, 0x0, 0x2f, 0x5a, 0xda,
    0x5f, 0x10,

    /* U+00D6 "Ö" */
    0x0, 0xc2, 0x2, 0x1, 0xf4, 0x78, 0x64, 0x0,
    0x7a, 0xa8, 0x13, 0x40, 0x1e, 0x24, 0x4, 0x20,
    0xe, 0x19, 0xef, 0xe9, 0x10, 0x8, 0x7d, 0x6b,
    0x69, 0x7c, 0x40, 0x16, 0x18, 0x84, 0x98, 0x14,
    0x0, 0x59, 0x0, 0xe9, 0x40, 0x20, 0x20, 0xe,
    0x30, 0x30, 0xf, 0xf8, 0x80, 0x80, 0x38, 0xc0,
    0xc1, 0x24, 0x3, 0xa5, 0x0, 0x12, 0x18, 0x84,
    0x98, 0x14, 0x0, 0x2f, 0x5a, 0xda, 0x5f, 0x10,

    /* U+00D7 "×" */
    0x3, 0x0, 0xe2, 0x20, 0x7d, 0x80, 0x43, 0x94,
    0x1a, 0xd4, 0x3, 0x89, 0x0, 0x38, 0xf5, 0x8f,
    0x40, 0x10, 0xf2, 0x9d, 0x0, 0x61, 0xe4, 0xa,
    0x0, 0x87, 0x1a, 0xf1, 0x24, 0x1, 0xad, 0x60,
    0x58, 0xf0, 0x11, 0x60, 0x11, 0x65, 0x0,

    /* U+00D8 "Ø" */
    0x0, 0xfe, 0x10, 0x8, 0x67, 0xbf, 0xa4, 0xb0,
    0x40, 0x7d, 0x6b, 0x6d, 0x36, 0xc4, 0x2c, 0x31,
    0x9, 0x5d, 0x30, 0x0, 0xb2, 0x1, 0x54, 0x72,
    0x81, 0x1, 0x0, 0x27, 0x89, 0x80, 0xc0, 0x2,
    0x11, 0xc8, 0xc, 0x0, 0x20, 0x37, 0x17, 0x0,
    0x68, 0x10, 0x34, 0xdc, 0x80, 0x5, 0x90, 0x43,
    0x4, 0x4a, 0x49, 0x81, 0x20, 0x31, 0xab, 0x7b,
    0x49, 0xe4, 0x3, 0x85, 0x1d, 0xfd, 0x22, 0x0,

    /* U+00D9 "Ù" */
    0x0, 0x13, 0x80, 0x7c, 0x58, 0xc0, 0x1f, 0x50,
    0x80, 0x7c, 0x2e, 0x1, 0xb2, 0x40, 0x32, 0xf8,
    0x7, 0xff, 0x89, 0xcc, 0x3, 0x18, 0x0, 0x9c,
    0x3, 0x61, 0x5, 0x95, 0x19, 0x9d, 0x60, 0xb,
    0x7, 0x72, 0xe9, 0x40,

    /* U+00DA "Ú" */
    0x0, 0xca, 0x80, 0x1e, 0x38, 0x50, 0xf, 0x37,
    0x8, 0x7, 0x94, 0xc0, 0x36, 0x48, 0x6, 0x5f,
    0x0, 0xff, 0xf1, 0x39, 0x80, 0x63, 0x0, 0x13,
    0x80, 0x6c, 0x20, 0xb2, 0xa3, 0x33, 0xac, 0x1,
    0x60, 0xee, 0x5d, 0x28, 0x0,

    /* U+00DB "Û" */
    0x0, 0x95, 0xc0, 0x3c, 0x73, 0xce, 0x1, 0xcb,
    0xb2, 0x1, 0xe6, 0x10, 0x70, 0xb, 0x24, 0x3,
    0x2f, 0x80, 0x7f, 0xf8, 0x9c, 0xc0, 0x31, 0x80,
    0x9, 0xc0, 0x36, 0x10, 0x59, 0x51, 0x99, 0xd6,
    0x0, 0xb0, 0x77, 0x2e, 0x94, 0x0,

    /* U+00DC "Ü" */
    0x0, 0x8, 0x0, 0x40, 0x3b, 0xdc, 0xf8, 0x80,
    0x35, 0x29, 0x59, 0x0, 0x64, 0x21, 0x40, 0xb,
    0x24, 0x3, 0x2f, 0x80, 0x7f, 0xf8, 0x9c, 0xc0,
    0x31, 0x80, 0x9, 0xc0, 0x36, 0x10, 0x59, 0x51,
    0x99, 0xd6, 0x0, 0xb0, 0x77, 0x2e, 0x94, 0x0,

    /* U+00DD "Ý" */
    0x0, 0xec, 0x60, 0xf, 0x8e, 0x58, 0x3, 0xe3,
    0x50, 0xe, 0xac, 0x0, 0xc9, 0xe6, 0x16, 0x4e,
    0x1, 0x53, 0x98, 0xd, 0x41, 0x84, 0x9c, 0x0,
    0x48, 0xdc, 0xad, 0xc0, 0x1d, 0x27, 0x50, 0x60,
    0x1e, 0x90, 0x70, 0xf, 0x84, 0x3, 0xff, 0xae,

    /* U+00DE "Þ" */
    0xac, 0x0, 0xf1, 0xff, 0xb6, 0x0, 0x7, 0xb9,
    0x6f, 0x0, 0x2, 0x36, 0x62, 0x80, 0x70, 0x98,
    0x6, 0x36, 0x40, 0x3f, 0xf6, 0x2d, 0x81, 0xee,
    0xbe, 0xc4, 0x0, 0x44, 0x0, 0xff, 0x0,

    /* U+00DF "ß" */
    0x7, 0xdf, 0xc3, 0x0, 0x34, 0x4f, 0x5e, 0x80,
    0x31, 0x90, 0x4c, 0x4c, 0x4, 0x41, 0x10, 0xb2,
    0x0, 0xcf, 0xe8, 0x20, 0x18, 0x68, 0x3, 0xd4,
    0xf8, 0x40, 0x19, 0x3d, 0xfc, 0x3, 0x86, 0x48,
    0x80, 0x4, 0x21, 0xa1, 0x20, 0x6, 0x63, 0x93,
    0x40,

    /* U+00E0 "à" */
    0x0, 0x39, 0x0, 0x78, 0x78, 0x3, 0xcd, 0x72,
    0x1, 0xe7, 0x90, 0xc, 0xb9, 0xfd, 0x64, 0x1,
    0x46, 0xe0, 0xf8, 0x1, 0x50, 0x89, 0x44, 0x40,
    0x2b, 0xef, 0xf0, 0x30, 0x61, 0x67, 0xf8, 0x4,
    0x6b, 0x20, 0x20, 0x0, 0x89, 0x0, 0x64, 0x2,
    0xab, 0xec, 0xe0, 0x0,

    /* U+00E1 "á" */
    0x0, 0xc2, 0xe2, 0x1, 0xd4, 0x2, 0x1, 0xa0,
    0x9c, 0x3, 0xa2, 0x40, 0x32, 0xe7, 0xf5, 0x90,
    0x5, 0x1b, 0x83, 0xe0, 0x5, 0x42, 0x25, 0x11,
    0x0, 0xaf, 0xbf, 0xc0, 0xc1, 0x85, 0x9f, 0xe0,
    0x11, 0xac, 0x80, 0x80, 0x2, 0x24, 0x1, 0x90,
    0xa, 0xaf, 0xb3, 0x80, 0x0,

    /* U+00E2 "â" */
    0x0, 0x91, 0x40, 0x38, 0xa6, 0x46, 0x1, 0xbb,
    0xaf, 0x0, 0xd8, 0x65, 0x80, 0x12, 0xe7, 0xf5,
    0x90, 0x5, 0x1b, 0x83, 0xe0, 0x5, 0x42, 0x25,
    0x11, 0x0, 0xaf, 0xbf, 0xc0, 0xc1, 0x85, 0x9f,
    0xe0, 0x11, 0xac, 0x80, 0x80, 0x2, 0x24, 0x1,
    0x90, 0xa, 0xaf, 0xb3, 0x80, 0x0,

    /* U+00E3 "ã" */
    0x0, 0x5e, 0x9d, 0x18, 0x0, 0x83, 0xfc, 0x26,
    0x0, 0x2b, 0x2c, 0xb0, 0x9, 0x73, 0xfa, 0xc8,
    0x2, 0x8d, 0xc1, 0xf0, 0x2, 0xa1, 0x12, 0x88,
    0x80, 0x57, 0xdf, 0xe0, 0x60, 0xc2, 0xcf, 0xf0,
    0x8, 0xd6, 0x40, 0x40, 0x1, 0x12, 0x0, 0xc8,
    0x5, 0x57, 0xd9, 0xc0, 0x0,

    /* U+00E4 "ä" */
    0x0, 0x7b, 0x27, 0x88, 0x5, 0x28, 0xd2, 0x20,
    0x13, 0x11, 0x18, 0x2, 0x5c, 0xfe, 0xb2, 0x0,
    0xa3, 0x70, 0x7c, 0x0, 0xa8, 0x44, 0xa2, 0x20,
    0x15, 0xf7, 0xf8, 0x18, 0x30, 0xb3, 0xfc, 0x2,
    0x35, 0x90, 0x10, 0x0, 0x44, 0x80, 0x32, 0x1,
    0x55, 0xf6, 0x70, 0x0,

    /* U+00E5 "å" */
    0x0, 0x16, 0x60, 0xc0, 0x34, 0xfe, 0xf8, 0x7,
    0xff, 0x2, 0x7f, 0x7c, 0x3, 0x16, 0x60, 0xc0,
    0x25, 0xcf, 0xeb, 0x20, 0xa, 0x37, 0x7, 0xc0,
    0xa, 0x84, 0x4a, 0x22, 0x1, 0x5f, 0x7f, 0x81,
    0x83, 0xb, 0x3f, 0xc0, 0x23, 0x59, 0x1, 0x0,
    0x4, 0x48, 0x3, 0x20, 0x15, 0x5f, 0x67, 0x0,
    0x0,

    /* U+00E6 "æ" */
    0x5, 0xcf, 0xf5, 0x92, 0xef, 0xeb, 0x80, 0x68,
    0xdd, 0xe, 0x5c, 0x6c, 0xd3, 0x80, 0x15, 0x8,
    0x94, 0x30, 0xa4, 0x91, 0x40, 0x2, 0xbe, 0xff,
    0x4, 0xff, 0xd4, 0x40, 0xc, 0x2f, 0xf8, 0x2b,
    0xff, 0x80, 0x45, 0x62, 0x6, 0x18, 0x1, 0xe1,
    0x15, 0x8a, 0x73, 0x31, 0xc8, 0x8b, 0x0, 0xa,
    0x4e, 0x98, 0x9b, 0xb6, 0xe4, 0xe8, 0x0,

    /* U+00E7 "ç" */
    0x0, 0x3e, 0xff, 0x40, 0x44, 0x2f, 0x75, 0xc0,
    0xf2, 0xc4, 0x6c, 0x60, 0x80, 0x1f, 0xf1, 0x82,
    0x0, 0x73, 0xcb, 0x11, 0xb0, 0x44, 0x2f, 0x75,
    0xc0, 0x7, 0xd9, 0x94, 0x0, 0x62, 0xc0, 0xd,
    0xb5, 0xa0,

    /* U+00E8 "è" */
    0x0, 0x2a, 0x80, 0x3c, 0x90, 0x60, 0x1c, 0x3f,
    0xc2, 0x1, 0xc5, 0xa2, 0x1, 0x9f, 0x7f, 0x58,
    0x1, 0x15, 0x3b, 0x10, 0x50, 0x79, 0x42, 0x59,
    0xe3, 0xb, 0xff, 0xa1, 0x80, 0x1b, 0xff, 0xb4,
    0xc1, 0x40, 0x3c, 0xf0, 0xc4, 0x46, 0x60, 0x44,
    0xde, 0xe6, 0x90,

    /* U+00E9 "é" */
    0x0, 0xe6, 0x40, 0xe, 0x5b, 0x40, 0xc, 0x51,
    0x80, 0x1c, 0x5a, 0x20, 0x19, 0xf7, 0xf5, 0x80,
    0x11, 0x53, 0xb1, 0x5, 0x7, 0x94, 0x25, 0x9e,
    0x30, 0xbf, 0xfa, 0x18, 0x1, 0xbf, 0xfb, 0x4c,
    0x14, 0x3, 0xcf, 0xc, 0x44, 0x66, 0x4, 0x4d,
    0xee, 0x69, 0x0,

    /* U+00EA "ê" */
    0x0, 0x85, 0xc0, 0x3d, 0x59, 0x20, 0x19, 0x8a,
    0xc9, 0x0, 0x26, 0x90, 0xb4, 0x0, 0x9f, 0x7f,
    0x58, 0x1, 0x15, 0x3b, 0x10, 0x50, 0x79, 0x42,
    0x59, 0xe3, 0xb, 0xff, 0xa1, 0x80, 0x1b, 0xff,
    0xb4, 0xc1, 0x40, 0x3c, 0xf0, 0xc4, 0x46, 0x60,
    0x44, 0xde, 0xe6, 0x90,

    /* U+00EB "ë" */
    0x0, 0x4e, 0x87, 0x38, 0x5, 0x50, 0x10, 0x80,
    0x11, 0xa8, 0x31, 0x80, 0x4f, 0xbf, 0xac, 0x0,
    0x8a, 0x9d, 0x88, 0x28, 0x3c, 0xa1, 0x2c, 0xf1,
    0x85, 0xff, 0xd0, 0xc0, 0xd, 0xff, 0xda, 0x60,
    0xa0, 0x1e, 0x78, 0x62, 0x23, 0x30, 0x22, 0x6f,
    0x73, 0x48,

    /* U+00EC "ì" */
    0x17, 0x10, 0x10, 0xa0, 0x3, 0x94, 0x0, 0x26,
    0x0, 0x17, 0x20, 0x1f, 0xfd, 0x0,

    /* U+00ED "í" */
    0x0, 0x13, 0x80, 0x5e, 0x40, 0xa, 0xa2, 0x80,
    0x29, 0xc0, 0x2b, 0x90, 0xf, 0xfe, 0xc8,

    /* U+00EE "î" */
    0x0, 0x2a, 0x0, 0x47, 0x12, 0x40, 0xf, 0xf7,
    0x70, 0x1, 0x84, 0x78, 0x1, 0x5c, 0x80, 0x7f,
    0xf8, 0x0,

    /* U+00EF "ï" */
    0x1f, 0x56, 0xf1, 0x97, 0x49, 0x6, 0x22, 0x30,
    0x2, 0xe4, 0x3, 0xff, 0xb0,

    /* U+00F0 "ð" */
    0x0, 0x37, 0x9a, 0xc8, 0x0, 0x40, 0x70, 0xa4,
    0x0, 0x47, 0xcd, 0x40, 0x11, 0xef, 0x31, 0x50,
    0x2, 0x1a, 0xba, 0xd4, 0xc1, 0xe1, 0x5, 0x11,
    0x44, 0x8, 0x1, 0x12, 0x80, 0x7c, 0xe4, 0x8,
    0x1, 0x21, 0x84, 0x41, 0xa, 0x4a, 0x41, 0xda,
    0xb5, 0x70, 0x40,

    /* U+00F1 "ñ" */
    0x4, 0xe9, 0x2b, 0x0, 0x6e, 0xbb, 0x3c, 0x1,
    0x26, 0xfc, 0x81, 0x73, 0x2e, 0xe4, 0x0, 0x1b,
    0x3b, 0x1d, 0x41, 0x14, 0x9, 0x70, 0xc, 0x2,
    0x33, 0x0, 0x78, 0x40, 0x3f, 0xf9, 0x20,

    /* U+00F2 "ò" */
    0x0, 0x31, 0x80, 0x79, 0x74, 0x80, 0x38, 0xeb,
    0x80, 0x3c, 0x98, 0x1, 0xd1, 0xdf, 0x88, 0x0,
    0x86, 0xad, 0x5b, 0x20, 0x78, 0x42, 0x92, 0xb2,
    0x4, 0x0, 0x90, 0x80, 0x3f, 0x10, 0x20, 0x4,
    0x86, 0xf, 0x8, 0x52, 0x54, 0x10, 0xd5, 0xab,
    0x64,

    /* U+00F3 "ó" */
    0x0, 0xe7, 0x20, 0xe, 0x8c, 0x20, 0xc, 0x88,
    0xb0, 0xe, 0x4c, 0x0, 0xe8, 0xef, 0xc4, 0x0,
    0x43, 0x56, 0xad, 0x90, 0x3c, 0x21, 0x49, 0x59,
    0x2, 0x0, 0x48, 0x40, 0x1f, 0x88, 0x10, 0x2,
    0x43, 0x7, 0x84, 0x29, 0x2a, 0x8, 0x6a, 0xd5,
    0xb2,

    /* U+00F4 "ô" */
    0x0, 0x8d, 0xc0, 0x3d, 0xd8, 0xe0, 0x1a, 0x2e,
    0xe2, 0x0, 0xa1, 0x83, 0x8, 0x2, 0x8e, 0xfc,
    0x40, 0x4, 0x35, 0x6a, 0xd9, 0x3, 0xc2, 0x14,
    0x95, 0x90, 0x20, 0x4, 0x84, 0x1, 0xf8, 0x81,
    0x0, 0x24, 0x30, 0x78, 0x42, 0x92, 0xa0, 0x86,
    0xad, 0x5b, 0x20,

    /* U+00F5 "õ" */
    0x0, 0x47, 0x33, 0x1c, 0x2, 0x4e, 0xcb, 0x50,
    0xb, 0x2, 0xb4, 0x80, 0x28, 0xef, 0xc4, 0x0,
    0x43, 0x56, 0xad, 0x90, 0x3c, 0x21, 0x49, 0x59,
    0x2, 0x0, 0x48, 0x40, 0x1f, 0x88, 0x10, 0x2,
    0x43, 0x7, 0x84, 0x29, 0x2a, 0x8, 0x6a, 0xd5,
    0xb2,

    /* U+00F6 "ö" */
    0x0, 0x65, 0xf, 0xa8, 0x5, 0x3c, 0x32, 0xe0,
    0x12, 0xa0, 0x31, 0x0, 0x51, 0xdf, 0x88, 0x0,
    0x86, 0xad, 0x5b, 0x20, 0x78, 0x42, 0x92, 0xb2,
    0x4, 0x0, 0x90, 0x80, 0x3f, 0x10, 0x20, 0x4,
    0x86, 0xf, 0x8, 0x52, 0x54, 0x10, 0xd5, 0xab,
    0x64,

    /* U+00F7 "÷" */
    0x0, 0xdf, 0x60, 0x1f, 0x97, 0x0, 0x3f, 0x53,
    0x80, 0x68, 0xff, 0xfc, 0x73, 0xbb, 0xf8, 0xc4,
    0x8a, 0x85, 0x22, 0x80, 0x39, 0x70, 0x3, 0x0,

    /* U+00F8 "ø" */
    0x0, 0xf8, 0xc0, 0x28, 0xef, 0xc8, 0x80, 0x2,
    0x1a, 0xb5, 0x9e, 0x0, 0xf, 0x8, 0x6c, 0x76,
    0x4, 0x8, 0x1b, 0xea, 0x60, 0x1a, 0xa4, 0xc0,
    0x22, 0xe, 0x25, 0x4, 0x20, 0x2, 0x9e, 0x14,
    0x95, 0x81, 0xbb, 0xab, 0x56, 0xc8, 0xb, 0xe3,
    0xbf, 0x10, 0x0,

    /* U+00F9 "ù" */
    0x6, 0x40, 0xe, 0x4a, 0x20, 0xc, 0x5b, 0xc0,
    0x1c, 0x78, 0x1, 0x6b, 0x80, 0x55, 0x20, 0x1f,
    0xfc, 0x91, 0x0, 0xf3, 0xf8, 0x4, 0xe1, 0x8a,
    0x20, 0xc4, 0xe, 0x9f, 0xdc, 0x50,

    /* U+00FA "ú" */
    0x0, 0xce, 0x60, 0x19, 0xf0, 0xc0, 0x24, 0xbb,
    0x0, 0x64, 0xc0, 0xb, 0x5c, 0x2, 0xa9, 0x0,
    0xff, 0xe4, 0x88, 0x7, 0x9f, 0xc0, 0x27, 0xc,
    0x51, 0x6, 0x20, 0x74, 0xfe, 0xe2, 0x80,

    /* U+00FB "û" */
    0x0, 0x13, 0x80, 0x77, 0x64, 0x0, 0x51, 0x76,
    0x43, 0x0, 0x43, 0x86, 0x18, 0x6b, 0x80, 0x55,
    0x20, 0x1f, 0xfc, 0x91, 0x0, 0xf3, 0xf8, 0x4,
    0xe1, 0x8a, 0x20, 0xc4, 0xe, 0x9f, 0xdc, 0x50,

    /* U+00FC "ü" */
    0xb, 0xb0, 0x7b, 0x0, 0x3f, 0xc1, 0x28, 0x0,
    0x44, 0x3, 0x10, 0x6b, 0x80, 0x55, 0x20, 0x1f,
    0xfc, 0x91, 0x0, 0xf3, 0xf8, 0x4, 0xe1, 0x8a,
    0x20, 0xc4, 0xe, 0x9f, 0xdc, 0x50,

    /* U+00FD "ý" */
    0x0, 0xe7, 0x10, 0xe, 0xaf, 0x10, 0xc, 0xe1,
    0x0, 0x1c, 0xf4, 0x1, 0x37, 0x0, 0x6a, 0xa3,
    0xa, 0x80, 0x5, 0x78, 0x1b, 0x80, 0xe, 0x28,
    0x14, 0x82, 0x14, 0xc0, 0x3, 0x33, 0x19, 0xa8,
    0x2, 0xaa, 0x90, 0x80, 0x26, 0x26, 0xe0, 0xe,
    0x51, 0x50, 0xe, 0x17, 0x0, 0xc2, 0xa9, 0x60,
    0x1b, 0xea, 0x8, 0x2,

    /* U+00FE "þ" */
    0xb8, 0x0, 0xff, 0xe6, 0x4f, 0xf4, 0x0, 0x4e,
    0x3b, 0x6e, 0xe0, 0x1, 0xc1, 0x2c, 0x48, 0x1,
    0x40, 0x24, 0x10, 0xf, 0x38, 0x4, 0xa0, 0x11,
    0x88, 0x0, 0xe0, 0x96, 0x24, 0x0, 0xe3, 0xb6,
    0xee, 0x0, 0xa7, 0xfa, 0x0, 0x3f, 0xf8, 0xc0,

    /* U+00FF "ÿ" */
    0x0, 0x74, 0x1f, 0x90, 0x5, 0x16, 0x52, 0x60,
    0x13, 0x18, 0xb0, 0x83, 0x70, 0x6, 0xaa, 0x30,
    0xa8, 0x0, 0x57, 0x81, 0xb8, 0x0, 0xe2, 0x81,
    0x48, 0x21, 0x4c, 0x0, 0x33, 0x31, 0x9a, 0x80,
    0x2a, 0xa9, 0x8, 0x2, 0x62, 0x6e, 0x0, 0xe5,
    0x15, 0x0, 0xe1, 0x70, 0xc, 0x2a, 0x96, 0x1,
    0xbe, 0xa0, 0x80, 0x20,

    /* U+0100 "Ā" */
    0x0, 0x1f, 0x75, 0x80, 0x1c, 0x7f, 0xf6, 0x80,
    0x78, 0x47, 0x0, 0x78, 0xff, 0x0, 0x3e, 0xa6,
    0x32, 0x0, 0xf3, 0x5b, 0x50, 0x7, 0x29, 0x13,
    0x58, 0x3, 0xa6, 0x81, 0x1, 0x40, 0x22, 0x36,
    0x0, 0x37, 0x0, 0x54, 0x1d, 0xfe, 0x74, 0x10,
    0x3, 0x46, 0xee, 0x36, 0x4, 0x16, 0x22, 0xd7,
    0x21, 0xe8, 0x20, 0x19, 0x45, 0x0,

    /* U+0101 "ā" */
    0x0, 0x7f, 0xe0, 0xd, 0xff, 0x80, 0x3f, 0xe5,
    0xcf, 0xeb, 0x20, 0xa, 0x37, 0x7, 0xc0, 0xa,
    0x84, 0x4a, 0x22, 0x1, 0x5f, 0x7f, 0x81, 0x83,
    0xb, 0x3f, 0xc0, 0x23, 0x59, 0x1, 0x0, 0x4,
    0x48, 0x3, 0x20, 0x15, 0x5f, 0x67, 0x0, 0x0,

    /* U+0102 "Ă" */
    0x0, 0xa, 0x80, 0x18, 0x3, 0x86, 0x4, 0xac,
    0x3, 0xd7, 0xfe, 0x90, 0xf, 0x37, 0x6a, 0x0,
    0x78, 0xff, 0x0, 0x3e, 0xa6, 0x32, 0x0, 0xf3,
    0x5b, 0x50, 0x7, 0x29, 0x13, 0x58, 0x3, 0xa6,
    0x81, 0x1, 0x40, 0x22, 0x36, 0x0, 0x37, 0x0,
    0x54, 0x1d, 0xfe, 0x74, 0x10, 0x3, 0x46, 0xee,
    0x36, 0x4, 0x16, 0x22, 0xd7, 0x21, 0xe8, 0x20,
    0x19, 0x45, 0x0,

    /* U+0103 "ă" */
    0x0, 0x70, 0x8b, 0x44, 0x2, 0x8f, 0xf5, 0x8,
    0x4, 0xdd, 0xc7, 0x0, 0x97, 0x3f, 0xac, 0x80,
    0x28, 0xdc, 0x1f, 0x0, 0x2a, 0x11, 0x28, 0x88,
    0x5, 0x7d, 0xfe, 0x6, 0xc, 0x2c, 0xff, 0x0,
    0x8d, 0x64, 0x4, 0x0, 0x11, 0x20, 0xc, 0x80,
    0x55, 0x7d, 0x9c, 0x0,

    /* U+0104 "Ą" */
    0x0, 0x8f, 0xf0, 0x3, 0xea, 0x63, 0x20, 0xf,
    0x35, 0xb5, 0x0, 0x72, 0x91, 0x35, 0x80, 0x3a,
    0x68, 0x10, 0x14, 0x2, 0x23, 0x60, 0x3, 0x70,
    0x5, 0x41, 0xdf, 0xe7, 0x41, 0x0, 0x34, 0x6e,
    0xe3, 0x60, 0x41, 0x62, 0x2d, 0x72, 0x1e, 0x82,
    0x1, 0x94, 0x52, 0xec, 0x1, 0xcc, 0xc4, 0x0,
    0xfb, 0x70, 0x3, 0xf6, 0x5e, 0x0,

    /* U+0105 "ą" */
    0x5, 0xcf, 0xeb, 0x20, 0xa, 0x37, 0x7, 0xc0,
    0xa, 0x84, 0x4a, 0x22, 0x1, 0x5f, 0x7f, 0x81,
    0x83, 0xb, 0x3f, 0xc0, 0x23, 0x59, 0x1, 0x0,
    0x4, 0x48, 0x3, 0x20, 0x15, 0x5f, 0x67, 0x0,
    0x49, 0xbd, 0xa2, 0xca, 0x1, 0xdb, 0x80, 0x1e,
    0xcb, 0xc0,

    /* U+0106 "Ć" */
    0x0, 0xe1, 0x70, 0xf, 0xd4, 0x20, 0x1f, 0xe,
    0xb0, 0x7, 0xc2, 0xc0, 0x1e, 0x18, 0xdf, 0xeb,
    0x40, 0x0, 0xfb, 0x5e, 0x6e, 0x50, 0x2, 0xc3,
    0xd8, 0xcc, 0xfe, 0x0, 0x59, 0x10, 0xc, 0x20,
    0x40, 0x40, 0x1f, 0xfc, 0x52, 0x2, 0x0, 0xfc,
    0xb2, 0x20, 0x18, 0x40, 0x16, 0x1e, 0xc6, 0x67,
    0xf0, 0x0, 0xfb, 0xde, 0x6e, 0x50, 0x0,

    /* U+0107 "ć" */
    0x0, 0xe6, 0x40, 0xc, 0xd4, 0x80, 0x11, 0x5e,
    0x80, 0x62, 0xd1, 0x0, 0x9f, 0x7f, 0xa0, 0x22,
    0x17, 0xba, 0xe0, 0x79, 0x62, 0x36, 0x30, 0x40,
    0xf, 0xf8, 0xc1, 0x0, 0x39, 0xe5, 0x88, 0xd8,
    0x22, 0x17, 0xba, 0xe0,

    /* U+0108 "Ĉ" */
    0x0, 0xe7, 0x40, 0xf, 0xa7, 0xe4, 0x80, 0x38,
    0x7e, 0x3d, 0xc0, 0x38, 0x58, 0x9, 0x40, 0x30,
    0xc6, 0xff, 0x5a, 0x0, 0x7, 0xda, 0xf3, 0x72,
    0x80, 0x16, 0x1e, 0xc6, 0x67, 0xf0, 0x2, 0xc8,
    0x80, 0x61, 0x2, 0x2, 0x0, 0xff, 0xe2, 0x90,
    0x10, 0x7, 0xe5, 0x91, 0x0, 0xc2, 0x0, 0xb0,
    0xf6, 0x33, 0x3f, 0x80, 0x7, 0xde, 0xf3, 0x72,
    0x80,

    /* U+0109 "ĉ" */
    0x0, 0xce, 0x40, 0x1a, 0x33, 0x80, 0x23, 0x35,
    0xa3, 0x80, 0xe, 0xc2, 0x1c, 0x0, 0xfb, 0xfd,
    0x1, 0x10, 0xbd, 0xd7, 0x3, 0xcb, 0x11, 0xb1,
    0x82, 0x0, 0x7f, 0xc6, 0x8, 0x1, 0xcf, 0x2c,
    0x46, 0xc1, 0x10, 0xbd, 0xd7, 0x0,

    /* U+010A "Ċ" */
    0x0, 0xe1, 0x0, 0xfe, 0xf7, 0x0, 0xfd, 0x4a,
    0x1, 0xf9, 0x8, 0x3, 0x86, 0x37, 0xfa, 0xd0,
    0x0, 0x3e, 0xd7, 0x9b, 0x94, 0x0, 0xb0, 0xf6,
    0x33, 0x3f, 0x80, 0x16, 0x44, 0x3, 0x8, 0x10,
    0x10, 0x7, 0xff, 0x14, 0x80, 0x80, 0x3f, 0x2c,
    0x88, 0x6, 0x10, 0x5, 0x87, 0xb1, 0x99, 0xfc,
    0x0, 0x3e, 0xf7, 0x9b, 0x94, 0x0,

    /* U+010B "ċ" */
    0x0, 0xde, 0x60, 0x1c, 0xa2, 0x1, 0xd4, 0x40,
    0x13, 0xef, 0xf4, 0x4, 0x42, 0xf7, 0x5c, 0xf,
    0x2c, 0x46, 0xc6, 0x8, 0x1, 0xff, 0x18, 0x20,
    0x7, 0x3c, 0xb1, 0x1b, 0x4, 0x42, 0xf7, 0x5c,

    /* U+010C "Č" */
    0x0, 0x89, 0x41, 0xc, 0x3, 0x8a, 0x5e, 0x4c,
    0x3, 0xdd, 0xfc, 0x1, 0xf1, 0x41, 0x80, 0x70,
    0xc6, 0xff, 0x5a, 0x0, 0x7, 0xda, 0xf3, 0x72,
    0x80, 0x16, 0x1e, 0xc6, 0x67, 0xf0, 0x2, 0xc8,
    0x80, 0x61, 0x2, 0x2, 0x0, 0xff, 0xe2, 0x90,
    0x10, 0x7, 0xe5, 0x91, 0x0, 0xc2, 0x0, 0xb0,
    0xf6, 0x33, 0x3f, 0x80, 0x7, 0xde, 0xf3, 0x72,
    0x80,

    /* U+010D "č" */
    0x0, 0x21, 0x82, 0x18, 0x1, 0xb8, 0xe4, 0xc0,
    0x5, 0x79, 0x20, 0x19, 0xbd, 0x0, 0x27, 0xdf,
    0xe8, 0x8, 0x85, 0xee, 0xb8, 0x1e, 0x58, 0x8d,
    0x8c, 0x10, 0x3, 0xfe, 0x30, 0x40, 0xe, 0x79,
    0x62, 0x36, 0x8, 0x85, 0xee, 0xb8,

    /* U+010E "Ď" */
    0x0, 0x30, 0x83, 0x80, 0x71, 0x6c, 0x80, 0x79,
    0x27, 0x9c, 0x3, 0xca, 0xe0, 0x1a, 0xbf, 0xee,
    0xb6, 0x0, 0x8f, 0x76, 0xc9, 0xc0, 0x8, 0x88,
    0x6f, 0xa6, 0xe0, 0x1e, 0x24, 0xb0, 0xf, 0x8c,
    0x80, 0x3f, 0xf8, 0x86, 0x40, 0x1e, 0x34, 0xb0,
    0x1, 0x10, 0xdf, 0xd, 0xc0, 0xf7, 0x6c, 0x9c,
    0x0,

    /* U+010F "ď" */
    0x0, 0xf5, 0x49, 0xf8, 0x80, 0x7e, 0x53, 0x10,
    0xf, 0xc7, 0x20, 0x14, 0xff, 0x40, 0x1, 0x54,
    0x0, 0x87, 0xbc, 0x25, 0x0, 0xe7, 0xb4, 0x2a,
    0x10, 0xc, 0x40, 0xe0, 0x12, 0x80, 0x78, 0xc0,
    0x3f, 0x10, 0x28, 0x4, 0xc0, 0x1c, 0xd0, 0x20,
    0xe4, 0x1, 0xd2, 0xbd, 0xd2, 0x80, 0x60,

    /* U+0110 "Đ" */
    0x9, 0xff, 0xbb, 0x1c, 0x3, 0x8b, 0x76, 0xb9,
    0xc0, 0xe, 0x22, 0x1b, 0xe1, 0xc0, 0x7, 0xe2,
    0x55, 0x6, 0xb1, 0x77, 0x4, 0x1, 0xa4, 0x18,
    0xc5, 0xfe, 0x10, 0xe, 0x10, 0x0, 0x88, 0x2,
    0xd2, 0x0, 0xfc, 0x4a, 0xa0, 0xc, 0x44, 0x37,
    0xc3, 0x80, 0x8, 0xb7, 0x6b, 0x9c, 0x0, 0x0,

    /* U+0111 "đ" */
    0x0, 0xf5, 0x48, 0x7, 0x67, 0x2b, 0x48, 0x6,
    0xce, 0x56, 0x90, 0x4, 0xff, 0x40, 0x6, 0x87,
    0xbc, 0x25, 0x0, 0x9e, 0xd0, 0xa8, 0x40, 0x4,
    0xe, 0x1, 0x28, 0x6, 0x30, 0xf, 0x10, 0x28,
    0x4, 0xc0, 0x13, 0x40, 0x83, 0x90, 0x5, 0x2b,
    0xdd, 0x28, 0x0,

    /* U+0112 "Ē" */
    0x6, 0xee, 0xa4, 0x0, 0xdf, 0xf4, 0x0, 0x42,
    0x38, 0x2b, 0xff, 0xb4, 0xf, 0x33, 0x78, 0x0,
    0xcf, 0x10, 0x7, 0xe3, 0xff, 0xd2, 0x7, 0x99,
    0xa0, 0x0, 0x67, 0x84, 0x3, 0xf8, 0xcf, 0x10,
    0x1e, 0x66, 0xd0,

    /* U+0113 "ē" */
    0x0, 0x47, 0xfd, 0x20, 0x14, 0x7f, 0xd2, 0x1,
    0xff, 0x3e, 0xfe, 0xb0, 0x2, 0x2a, 0x76, 0x20,
    0xa0, 0xf2, 0x84, 0xb3, 0xc6, 0x17, 0xff, 0x43,
    0x0, 0x37, 0xff, 0x69, 0x82, 0x80, 0x79, 0xe1,
    0x88, 0x8c, 0xc0, 0x89, 0xbd, 0xcd, 0x20,

    /* U+0114 "Ĕ" */
    0x3, 0x40, 0x25, 0x0, 0x14, 0x77, 0xb0, 0x0,
    0x73, 0xb4, 0xc0, 0x3f, 0x57, 0xff, 0x68, 0x1e,
    0x66, 0xf0, 0x1, 0x9e, 0x20, 0xf, 0xc7, 0xff,
    0xa4, 0xf, 0x33, 0x40, 0x0, 0xcf, 0x8, 0x7,
    0xf1, 0x9e, 0x20, 0x3c, 0xcd, 0xa0,

    /* U+0115 "ĕ" */
    0x0, 0x20, 0x80, 0xa8, 0x4, 0x50, 0x12, 0x40,
    0x13, 0x1f, 0x1b, 0x80, 0x6a, 0xeb, 0x0, 0xcf,
    0xbf, 0xac, 0x0, 0x8a, 0x9d, 0x88, 0x28, 0x3c,
    0xa1, 0x2c, 0xf1, 0x85, 0xff, 0xd0, 0xc0, 0xd,
    0xff, 0xda, 0x60, 0xa0, 0x1e, 0x78, 0x62, 0x23,
    0x30, 0x22, 0x6f, 0x73, 0x48,

    /* U+0116 "Ė" */
    0x0, 0x84, 0x3, 0x87, 0x90, 0x3, 0xd, 0xa8,
    0x7, 0x20, 0x80, 0x2b, 0xff, 0xb4, 0xf, 0x33,
    0x78, 0x0, 0xcf, 0x10, 0x7, 0xe3, 0xff, 0xd2,
    0x7, 0x99, 0xa0, 0x0, 0x67, 0x84, 0x3, 0xf8,
    0xcf, 0x10, 0x1e, 0x66, 0xd0,

    /* U+0117 "ė" */
    0x0, 0x87, 0xc8, 0x3, 0xca, 0x60, 0x1c, 0x34,
    0x20, 0x19, 0xf7, 0xf5, 0x80, 0x11, 0x53, 0xb1,
    0x5, 0x7, 0x94, 0x25, 0x9e, 0x30, 0xbf, 0xfa,
    0x18, 0x1, 0xbf, 0xfb, 0x4c, 0x14, 0x3, 0xcf,
    0xc, 0x44, 0x66, 0x4, 0x4d, 0xee, 0x69, 0x0,

    /* U+0118 "Ę" */
    0xaf, 0xfe, 0xd0, 0x3c, 0xcd, 0xe0, 0x3, 0x3c,
    0x40, 0x1f, 0x8f, 0xff, 0x48, 0x1e, 0x66, 0x80,
    0x1, 0x9e, 0x10, 0xf, 0xe3, 0x3c, 0x40, 0x79,
    0x9b, 0x6b, 0xfe, 0xd5, 0xf0, 0xd, 0x5a, 0x1,
    0xd9, 0x3a,

    /* U+0119 "ę" */
    0x0, 0x3e, 0xfe, 0xa0, 0x2, 0x21, 0x7b, 0x56,
    0x40, 0xee, 0x62, 0x74, 0xb3, 0xb, 0x0, 0xb1,
    0x40, 0x19, 0xff, 0x40, 0x98, 0x67, 0xfe, 0xd0,
    0x7e, 0x52, 0x22, 0x20, 0x22, 0xe3, 0x75, 0x0,
    0x13, 0x6f, 0x9e, 0xa0, 0x6, 0x12, 0x10, 0xe,
    0x12, 0xe5,

    /* U+011A "Ě" */
    0x1, 0xc3, 0xb4, 0x0, 0xe, 0xdf, 0xa0, 0x4,
    0x30, 0x80, 0xa, 0xff, 0xed, 0x3, 0xcc, 0xde,
    0x0, 0x33, 0xc4, 0x1, 0xf8, 0xff, 0xf4, 0x81,
    0xe6, 0x68, 0x0, 0x19, 0xe1, 0x0, 0xfe, 0x33,
    0xc4, 0x7, 0x99, 0xb4,

    /* U+011B "ě" */
    0x0, 0x21, 0x81, 0xa0, 0x4, 0xbc, 0x7c, 0xa0,
    0x10, 0xc6, 0x40, 0x80, 0x65, 0xf5, 0x0, 0xcf,
    0xbf, 0xac, 0x0, 0x8a, 0x9d, 0x88, 0x28, 0x3c,
    0xa1, 0x2c, 0xf1, 0x85, 0xff, 0xd0, 0xc0, 0xd,
    0xff, 0xda, 0x60, 0xa0, 0x1e, 0x78, 0x62, 0x23,
    0x30, 0x22, 0x6f, 0x73, 0x48,

    /* U+011C "Ĝ" */
    0x0, 0xe7, 0x50, 0xf, 0x9f, 0xa5, 0x0, 0x3e,
    0x9d, 0x20, 0xf, 0x38, 0xb, 0x0, 0x61, 0x8d,
    0xfe, 0xc6, 0x0, 0xf, 0xb5, 0xe6, 0xce, 0xb0,
    0x58, 0x7b, 0x19, 0x96, 0xd8, 0x16, 0x44, 0x3,
    0xc4, 0x4, 0x1, 0x77, 0xfa, 0xc0, 0x3d, 0x9a,
    0x80, 0x40, 0x40, 0x11, 0x10, 0x40, 0x9, 0x22,
    0x1, 0xf5, 0x7, 0xb1, 0x99, 0x90, 0x40, 0x7d,
    0xaf, 0x31, 0x53, 0x40,

    /* U+011D "ĝ" */
    0x0, 0x8d, 0xc0, 0x38, 0x7b, 0x18, 0x3, 0x5c,
    0x55, 0x88, 0x5, 0x4a, 0x3a, 0x20, 0x14, 0xff,
    0x45, 0x48, 0x4b, 0xde, 0xa, 0x80, 0x1a, 0xd0,
    0xa4, 0x40, 0x81, 0xc0, 0x25, 0x0, 0xfe, 0x20,
    0x70, 0x9, 0x40, 0xd, 0x68, 0x52, 0x20, 0x9,
    0x7b, 0xc1, 0x50, 0xa, 0x7f, 0xa1, 0xfc, 0x9,
    0x44, 0xa4, 0x9c, 0x6, 0x3b, 0xb, 0x4,

    /* U+011E "Ğ" */
    0x0, 0x94, 0x81, 0x10, 0x1, 0xcd, 0xdc, 0x86,
    0x0, 0xe3, 0xce, 0xc2, 0x0, 0xff, 0xe1, 0xc,
    0x6f, 0xf6, 0x30, 0x0, 0x7d, 0xaf, 0x36, 0x75,
    0x82, 0xc3, 0xd8, 0xcc, 0xb6, 0xc0, 0xb2, 0x20,
    0x1e, 0x20, 0x20, 0xb, 0xbf, 0xd6, 0x1, 0xec,
    0xd4, 0x2, 0x2, 0x0, 0x88, 0x82, 0x0, 0x49,
    0x10, 0xf, 0xa8, 0x3d, 0x8c, 0xcc, 0x82, 0x3,
    0xed, 0x79, 0x8a, 0x9a,

    /* U+011F "ğ" */
    0x0, 0x4b, 0xc, 0x38, 0x5, 0x75, 0xe6, 0xc0,
    0x11, 0x67, 0x58, 0x80, 0x53, 0xfd, 0x15, 0x21,
    0x2f, 0x78, 0x2a, 0x0, 0x6b, 0x42, 0x91, 0x2,
    0x7, 0x0, 0x94, 0x3, 0xf8, 0x81, 0xc0, 0x25,
    0x0, 0x35, 0xa1, 0x48, 0x80, 0x25, 0xef, 0x5,
    0x40, 0x29, 0xfe, 0x87, 0xf0, 0x25, 0x12, 0x92,
    0x70, 0x18, 0xec, 0x2c, 0x10,

    /* U+0120 "Ġ" */
    0x0, 0xe1, 0x10, 0x7, 0xec, 0x80, 0xf, 0xdd,
    0x60, 0x1f, 0x8c, 0x80, 0x38, 0x63, 0x7f, 0xb1,
    0x80, 0x3, 0xed, 0x79, 0xb3, 0xac, 0x16, 0x1e,
    0xc6, 0x65, 0xb6, 0x5, 0x91, 0x0, 0xf1, 0x1,
    0x0, 0x5d, 0xfe, 0xb0, 0xf, 0x66, 0xa0, 0x10,
    0x10, 0x4, 0x44, 0x10, 0x2, 0x48, 0x80, 0x7d,
    0x41, 0xec, 0x66, 0x64, 0x10, 0x1f, 0x6b, 0xcc,
    0x54, 0xd0,

    /* U+0121 "ġ" */
    0x0, 0x9b, 0x40, 0x3c, 0x4a, 0x1, 0xe4, 0x80,
    0xe, 0x9f, 0xe8, 0xa9, 0x9, 0x7b, 0xc1, 0x50,
    0x3, 0x5a, 0x14, 0x88, 0x10, 0x38, 0x4, 0xa0,
    0x1f, 0xc4, 0xe, 0x1, 0x28, 0x1, 0xad, 0xa,
    0x44, 0x1, 0x2f, 0x78, 0x2a, 0x1, 0x4f, 0xf4,
    0x3f, 0x81, 0x28, 0x94, 0x93, 0x80, 0xc7, 0x61,
    0x60, 0x80,

    /* U+0122 "Ģ" */
    0x0, 0xc, 0x6f, 0xf6, 0x30, 0x0, 0x7d, 0xaf,
    0x36, 0x75, 0x82, 0xc3, 0xd8, 0xcc, 0xb6, 0xc0,
    0xb2, 0x20, 0x1e, 0x20, 0x20, 0xb, 0xbf, 0xd6,
    0x1, 0xec, 0xd4, 0x2, 0x2, 0x0, 0x88, 0x82,
    0x0, 0x49, 0x10, 0xf, 0xa8, 0x3d, 0x8c, 0xcc,
    0x82, 0x3, 0xed, 0x79, 0x8a, 0x9a, 0x0, 0xc,
    0x6f, 0xfb, 0x1c, 0x3, 0xd7, 0x20, 0x1f, 0x96,
    0xc0, 0x3f, 0x69, 0x0, 0x40,

    /* U+0123 "ģ" */
    0x0, 0xd4, 0xa0, 0x1c, 0x4a, 0x80, 0x1c, 0x78,
    0x20, 0x1a, 0x7b, 0x62, 0xa4, 0x25, 0xef, 0x5,
    0x40, 0xd, 0x68, 0x52, 0x20, 0x40, 0xe0, 0x12,
    0x80, 0x7f, 0x10, 0x38, 0x4, 0xa0, 0x6, 0xb4,
    0x29, 0x10, 0x4, 0xbd, 0xe0, 0xa8, 0x5, 0x3f,
    0xd0, 0xfe, 0x4, 0xa2, 0x52, 0x4e, 0x3, 0x1d,
    0x85, 0x82,

    /* U+0124 "Ĥ" */
    0x0, 0x91, 0xc0, 0x3c, 0x53, 0xf2, 0x1, 0xcf,
    0xf1, 0xe2, 0x1, 0x94, 0x81, 0x84, 0x1, 0x58,
    0x1, 0x8f, 0xc8, 0x3, 0xff, 0xa0, 0x7f, 0xfb,
    0x0, 0x23, 0xcc, 0xd2, 0x1, 0x8c, 0xf2, 0x80,
    0x7f, 0xf4, 0x40,

    /* U+0125 "ĥ" */
    0x0, 0x3a, 0x80, 0x79, 0xfa, 0x50, 0x3, 0xd3,
    0xa4, 0x1, 0xcf, 0x72, 0xc0, 0x1f, 0xfc, 0xe8,
    0xee, 0x40, 0x6, 0x60, 0xcb, 0x75, 0x0, 0x8a,
    0x9, 0x53, 0x0, 0x24, 0x0, 0x88, 0xc0, 0x3f,
    0x8, 0x7, 0xff, 0x3c,

    /* U+0126 "Ħ" */
    0x7, 0xe0, 0xc, 0x3e, 0x81, 0x30, 0x3f, 0xfb,
    0x82, 0xde, 0x18, 0x77, 0x76, 0x4, 0xb0, 0xf0,
    0x11, 0x70, 0x10, 0x80, 0x7, 0xff, 0x70, 0x7,
    0xe, 0x66, 0xb0, 0xf, 0x19, 0xe5, 0x0, 0xff,
    0xec, 0x0,

    /* U+0127 "ħ" */
    0x5, 0xf0, 0xf, 0x15, 0x7, 0xf9, 0x40, 0x22,
    0x90, 0xdd, 0x28, 0x6, 0x30, 0x6f, 0xf5, 0x90,
    0x6, 0x89, 0xc7, 0x90, 0xd, 0xc8, 0x70, 0x80,
    0x18, 0x80, 0xc, 0x2, 0x1, 0xff, 0xd8,

    /* U+0128 "Ĩ" */
    0xa, 0xcd, 0xb1, 0xa, 0xcd, 0xb1, 0x0, 0xfd,
    0x58, 0x1, 0xff, 0xec,

    /* U+0129 "ĩ" */
    0xc, 0xd2, 0xb2, 0x35, 0xef, 0x12, 0x39, 0x3d,
    0xa0, 0xa, 0xe4, 0x3, 0xff, 0xc0,

    /* U+012A "Ī" */
    0xee, 0xc3, 0xff, 0x84, 0x78, 0x1, 0x58, 0x1,
    0xff, 0xe3,

    /* U+012B "ī" */
    0x1f, 0xfc, 0x3f, 0xf8, 0x1, 0x72, 0x1, 0xff,
    0xd8,

    /* U+012C "Ĭ" */
    0x7, 0x0, 0x30, 0x80, 0x3b, 0x9e, 0x20, 0xfd,
    0xc9, 0x0, 0xfe, 0xac, 0x0, 0xff, 0xf6, 0x0,

    /* U+012D "ĭ" */
    0x1d, 0x12, 0xe0, 0x1a, 0xfc, 0xb0, 0x3, 0xf7,
    0x14, 0x2, 0xb9, 0x0, 0xff, 0xf0, 0x0,

    /* U+012E "Į" */
    0xac, 0x0, 0xff, 0xe8, 0x65, 0x86, 0xa0, 0x66,
    0xd0,

    /* U+012F "į" */
    0xb9, 0xd, 0xc0, 0x65, 0xb, 0x90, 0xf, 0xfe,
    0x51, 0xe8, 0x32, 0x3, 0xf4, 0x0,

    /* U+0130 "İ" */
    0x11, 0x5e, 0xc7, 0x91, 0xd6, 0x0, 0x7f, 0xf1,
    0x80,

    /* U+0131 "ı" */
    0xb9, 0x0, 0xff, 0xe1, 0x0,

    /* U+0132 "Ĳ" */
    0xac, 0x0, 0x47, 0x0, 0x7f, 0xfa, 0xab, 0x0,
    0x2, 0x40, 0x1, 0x56, 0x40, 0x4, 0x5b, 0x40,

    /* U+0133 "ĳ" */
    0xb9, 0x0, 0x63, 0xee, 0x0, 0x2c, 0xd9, 0x40,
    0xe, 0x97, 0x20, 0xc, 0x70, 0xf, 0xfe, 0xf5,
    0xc8, 0x0, 0x44, 0x1, 0x19, 0x28, 0x1, 0xb5,
    0x8c,

    /* U+0134 "Ĵ" */
    0x2, 0xcc, 0x18, 0x1, 0x37, 0x14, 0x0, 0xc2,
    0xc, 0x1, 0x56, 0x0, 0x7f, 0xfa, 0x5c, 0x3,
    0x8, 0x80, 0x4, 0xc9, 0xe0, 0x9, 0x87, 0x50,
    0x0,

    /* U+0135 "ĵ" */
    0x0, 0x2a, 0x0, 0x47, 0x12, 0x40, 0xf, 0xf7,
    0x70, 0x1, 0x84, 0x78, 0x1, 0x5c, 0x80, 0x7f,
    0xf8, 0xc4, 0x2, 0x25, 0xd0, 0x2, 0x6a, 0x28,
    0x0,

    /* U+0136 "Ķ" */
    0xac, 0x0, 0x93, 0xe0, 0x3, 0x96, 0xe2, 0x0,
    0x19, 0xaa, 0x5c, 0x3, 0x3c, 0xd3, 0x0, 0x63,
    0x8a, 0x50, 0xe, 0x22, 0x40, 0x80, 0x70, 0xe0,
    0x60, 0x80, 0x70, 0xe0, 0x60, 0x80, 0x70, 0xe0,
    0xe0, 0x80, 0x70, 0xe8, 0xe0, 0xd6, 0x0, 0x43,
    0x9a, 0x20, 0x11, 0x79, 0x0, 0x79, 0x14, 0x80,
    0x3c, 0x96, 0x1, 0x80,

    /* U+0137 "ķ" */
    0xb8, 0x0, 0xff, 0xe7, 0x27, 0xa8, 0x6, 0x5b,
    0xb2, 0x80, 0x4d, 0x78, 0x80, 0x13, 0x4e, 0x98,
    0x6, 0x41, 0xa0, 0xe, 0x2c, 0x79, 0x0, 0xe2,
    0xc7, 0x90, 0xe, 0x2c, 0x78, 0xb, 0x80, 0x1,
    0x74, 0x0, 0x6e, 0x60, 0xe, 0x20, 0x60, 0xe,
    0x3c, 0x0, 0xc0,

    /* U+0138 "ĸ" */
    0xb8, 0x0, 0x27, 0xa8, 0x6, 0x5b, 0xb2, 0x80,
    0x4d, 0x78, 0x80, 0x13, 0x4e, 0x98, 0x6, 0x51,
    0xa0, 0xe, 0x3c, 0x79, 0x0, 0xe2, 0xc7, 0x90,
    0xe, 0x2c, 0x78, 0x0,

    /* U+0139 "Ĺ" */
    0x2, 0x70, 0xe, 0xe2, 0x0, 0xc5, 0x4a, 0x1,
    0x89, 0x80, 0x3a, 0xb0, 0x3, 0xff, 0xd8, 0x67,
    0x88, 0xf, 0x33, 0x48,

    /* U+013A "ĺ" */
    0x3, 0x60, 0xe5, 0x38, 0x38, 0xc0, 0xf, 0xfe,
    0x98,

    /* U+013B "Ļ" */
    0xac, 0x0, 0xff, 0xf6, 0x19, 0xe2, 0x3, 0xcc,
    0xd3, 0x5f, 0xfd, 0x60, 0x17, 0xa0, 0x6, 0x43,
    0x40, 0xc, 0xba, 0x1, 0x0,

    /* U+013C "ļ" */
    0xb, 0x90, 0xf, 0xfe, 0x9d, 0xc8, 0x55, 0x1,
    0x20, 0x34, 0x80,

    /* U+013D "Ľ" */
    0xac, 0x8, 0xc0, 0xe, 0x2b, 0x0, 0xe2, 0x50,
    0xe, 0x82, 0x0, 0xff, 0xea, 0x19, 0xe2, 0x3,
    0xcc, 0xd2,

    /* U+013E "ľ" */
    0xb9, 0x3f, 0x10, 0x2, 0x98, 0x80, 0xe, 0x40,
    0x25, 0x50, 0x7, 0xff, 0x60,

    /* U+013F "Ŀ" */
    0xac, 0x0, 0xff, 0xe5, 0xc4, 0x80, 0x71, 0x28,
    0x7, 0x56, 0x0, 0x7f, 0xf1, 0x4c, 0xf1, 0x1,
    0xe6, 0x69,

    /* U+0140 "ŀ" */
    0xb9, 0x0, 0xff, 0xe2, 0x62, 0x1, 0x98, 0x80,
    0xfd, 0x80, 0x3f, 0xf8, 0x80,

    /* U+0141 "Ł" */
    0x0, 0x4e, 0x80, 0x7f, 0xf1, 0xc4, 0x3, 0xe5,
    0xf3, 0x0, 0xe2, 0xec, 0x30, 0x9, 0x1c, 0xac,
    0x80, 0x36, 0xa8, 0x7, 0xd2, 0x40, 0x1f, 0xe3,
    0x3c, 0x40, 0x11, 0x66, 0x6e,

    /* U+0142 "ł" */
    0xa, 0xa0, 0x7, 0xff, 0x0, 0x80, 0xb, 0x6,
    0x88, 0xaa, 0x10, 0x84, 0xb0, 0x7, 0xff, 0x8,

    /* U+0143 "Ń" */
    0x0, 0xce, 0x40, 0x1e, 0x7c, 0x20, 0xf, 0xac,
    0x3, 0xe7, 0x0, 0xea, 0xf8, 0x0, 0x8f, 0xc4,
    0x0, 0xe2, 0x1, 0xe4, 0x38, 0x0, 0xfa, 0x18,
    0x80, 0x3c, 0x88, 0x80, 0xf, 0xa1, 0x4c, 0x3,
    0xc6, 0xbe, 0x1, 0xf4, 0x1d, 0x80, 0x78, 0x99,
    0xc0, 0x3e, 0x80, 0x8,

    /* U+0144 "ń" */
    0x0, 0x89, 0xc0, 0x3b, 0xc8, 0x3, 0x55, 0x14,
    0x3, 0x53, 0x80, 0x57, 0x32, 0xee, 0x40, 0x1,
    0xb3, 0xb1, 0xd4, 0x11, 0x40, 0x97, 0x0, 0xc0,
    0x23, 0x30, 0x7, 0x84, 0x3, 0xff, 0x92,

    /* U+0145 "Ņ" */
    0xaf, 0x80, 0x8, 0xfc, 0x40, 0xe, 0x20, 0x1e,
    0x43, 0x80, 0xf, 0xa1, 0x88, 0x3, 0xc8, 0x88,
    0x0, 0xfa, 0x14, 0xc0, 0x3c, 0x6b, 0xe0, 0x1f,
    0x41, 0xd8, 0x7, 0x89, 0x9c, 0x3, 0xe8, 0x0,
    0xaa, 0xc0, 0x21, 0xff, 0x8, 0x4, 0xbc, 0x1,
    0xf6, 0x48, 0x7, 0xd6, 0xe0, 0x18,

    /* U+0146 "ņ" */
    0xb9, 0x97, 0x72, 0x0, 0xd, 0x9d, 0x8e, 0xa0,
    0x8a, 0x4, 0xb8, 0x6, 0x1, 0x19, 0x80, 0x3c,
    0x20, 0x1f, 0xfc, 0x9b, 0x80, 0xa, 0x6c, 0x0,
    0x3e, 0x60, 0x19, 0x10, 0x60, 0x19, 0x28, 0x2,

    /* U+0147 "Ň" */
    0x0, 0x34, 0xa5, 0x80, 0x73, 0x61, 0xd8, 0x7,
    0x95, 0xc0, 0x35, 0x7c, 0x0, 0x47, 0xe2, 0x0,
    0x71, 0x0, 0xf2, 0x1c, 0x0, 0x7d, 0xc, 0x40,
    0x1e, 0x44, 0x40, 0x7, 0xd0, 0xa6, 0x1, 0xe3,
    0x5f, 0x0, 0xfa, 0xe, 0xc0, 0x3c, 0x4c, 0xe0,
    0x1f, 0x40, 0x4,

    /* U+0148 "ň" */
    0x3, 0x20, 0x33, 0x0, 0x7, 0xcb, 0x88, 0x0,
    0x57, 0xb0, 0x20, 0x13, 0x7a, 0x80, 0x2e, 0x65,
    0xdc, 0x80, 0x3, 0x67, 0x63, 0xa8, 0x22, 0x81,
    0x2e, 0x1, 0x80, 0x46, 0x60, 0xf, 0x8, 0x7,
    0xff, 0x24,

    /* U+0149 "ŉ" */
    0xf, 0x60, 0xf, 0x8c, 0x1c, 0x3, 0xe5, 0x53,
    0xf3, 0x6f, 0xd8, 0x82, 0x58, 0xe, 0x6f, 0x85,
    0x81, 0x8, 0x2, 0x80, 0x1c, 0x80, 0x18, 0x40,
    0x21, 0x10, 0x7, 0xff, 0x74,

    /* U+014A "Ŋ" */
    0xac, 0x3c, 0xfe, 0x70, 0x0, 0xf5, 0x63, 0x42,
    0x81, 0x73, 0x1c, 0x27, 0x1, 0x18, 0x4, 0x6c,
    0x2, 0x1, 0xbc, 0xc0, 0x3f, 0xfb, 0x95, 0x80,
    0x1f, 0xf1, 0x62, 0x80, 0x76, 0xb4, 0x0,

    /* U+014B "ŋ" */
    0xb9, 0x97, 0x72, 0x0, 0xd, 0x9d, 0x8e, 0xa0,
    0x8a, 0x4, 0xb8, 0x6, 0x1, 0x19, 0x80, 0x3c,
    0x20, 0x1f, 0xfc, 0x9b, 0x80, 0xc, 0x20, 0x10,
    0x92, 0x68, 0x1, 0xbb, 0x59, 0x80,

    /* U+014C "Ō" */
    0x0, 0x9f, 0xba, 0x80, 0xf, 0x3f, 0xfd, 0x0,
    0x1f, 0x8, 0xc0, 0x1e, 0x19, 0xef, 0xe9, 0x10,
    0x8, 0x7d, 0x6b, 0x69, 0x7c, 0x40, 0x16, 0x18,
    0x84, 0x98, 0x14, 0x0, 0x59, 0x0, 0xe9, 0x40,
    0x20, 0x20, 0xe, 0x30, 0x30, 0xf, 0xf8, 0x80,
    0x80, 0x38, 0xc0, 0xc1, 0x24, 0x3, 0xa5, 0x0,
    0x12, 0x18, 0x84, 0x98, 0x14, 0x0, 0x2f, 0x5a,
    0xda, 0x5f, 0x10,

    /* U+014D "ō" */
    0x0, 0x67, 0xfc, 0xa0, 0x16, 0x7f, 0xca, 0x1,
    0x47, 0x7e, 0x20, 0x2, 0x1a, 0xb5, 0x6c, 0x81,
    0xe1, 0xa, 0x4a, 0xc8, 0x10, 0x2, 0x42, 0x0,
    0xfc, 0x40, 0x80, 0x12, 0x18, 0x3c, 0x21, 0x49,
    0x50, 0x43, 0x56, 0xad, 0x90,

    /* U+014E "Ŏ" */
    0x0, 0x90, 0xc0, 0xd0, 0x3, 0xcd, 0xfd, 0xec,
    0x1, 0xe2, 0xce, 0xc2, 0x0, 0xff, 0xe2, 0xc,
    0xf7, 0xf4, 0x88, 0x4, 0x3e, 0xb5, 0xb4, 0xbe,
    0x20, 0xb, 0xc, 0x42, 0x4c, 0xa, 0x0, 0x2c,
    0x80, 0x74, 0xa0, 0x10, 0x10, 0x7, 0x18, 0x18,
    0x7, 0xfc, 0x40, 0x40, 0x1c, 0x60, 0x60, 0x92,
    0x1, 0xd2, 0x80, 0x9, 0xc, 0x42, 0x4c, 0xa,
    0x0, 0x17, 0xad, 0x6d, 0x2f, 0x88, 0x0,

    /* U+014F "ŏ" */
    0x0, 0x30, 0x0, 0xcc, 0x1, 0x62, 0x84, 0x0,
    0x68, 0x9e, 0x33, 0x0, 0x45, 0x9d, 0x0, 0x1a,
    0x3b, 0xf1, 0x0, 0x10, 0xd5, 0xab, 0x64, 0xf,
    0x8, 0x52, 0x56, 0x40, 0x80, 0x12, 0x10, 0x7,
    0xe2, 0x4, 0x0, 0x90, 0xc1, 0xe1, 0xa, 0x4a,
    0x82, 0x1a, 0xb5, 0x6c, 0x80,

    /* U+0150 "Ő" */
    0x0, 0xcb, 0x43, 0x84, 0x1, 0xc3, 0x10, 0xa9,
    0x20, 0xe, 0x1d, 0x2b, 0x50, 0xf, 0xfe, 0x20,
    0xcf, 0x7f, 0x48, 0x80, 0x43, 0xeb, 0x5b, 0x4b,
    0xe2, 0x0, 0xb0, 0xc4, 0x24, 0xc0, 0xa0, 0x2,
    0xc8, 0x7, 0x4a, 0x1, 0x1, 0x0, 0x71, 0x81,
    0x80, 0x7f, 0xc4, 0x4, 0x1, 0xc6, 0x6, 0x9,
    0x20, 0x1d, 0x28, 0x0, 0x90, 0xc4, 0x24, 0xc0,
    0xa0, 0x1, 0x7a, 0xd6, 0xd2, 0xf8, 0x80,

    /* U+0151 "ő" */
    0x0, 0x86, 0x42, 0xc, 0x2, 0x91, 0x44, 0x18,
    0x0, 0x56, 0x21, 0xc0, 0x10, 0xe8, 0x61, 0x0,
    0x51, 0xdf, 0x88, 0x0, 0x86, 0xad, 0x5b, 0x20,
    0x78, 0x42, 0x92, 0xb2, 0x4, 0x0, 0x90, 0x80,
    0x3f, 0x10, 0x20, 0x4, 0x86, 0xf, 0x8, 0x52,
    0x54, 0x10, 0xd5, 0xab, 0x64,

    /* U+0152 "Œ" */
    0x0, 0x9a, 0xfb, 0xff, 0xf0, 0x0, 0x72, 0xe,
    0xb1, 0x87, 0x33, 0x68, 0x2, 0xcb, 0x21, 0xc,
    0x40, 0xcf, 0x10, 0x1, 0x64, 0x80, 0x3f, 0xe2,
    0x3, 0x0, 0xe1, 0xff, 0xd8, 0x1, 0xfc, 0x39,
    0x9b, 0x80, 0x80, 0xc0, 0x3c, 0x67, 0x88, 0x0,
    0xb2, 0x40, 0x1f, 0xfc, 0xb, 0x2c, 0x84, 0x31,
    0x3, 0x3e, 0x0, 0xe, 0x41, 0xd6, 0x30, 0xe6,
    0x70, 0x80,

    /* U+0153 "œ" */
    0x0, 0x47, 0x7e, 0x20, 0xcf, 0x7e, 0x18, 0x2,
    0x1a, 0xb5, 0x6f, 0xb, 0x75, 0x7a, 0x20, 0xf0,
    0x85, 0x24, 0x4b, 0x32, 0x72, 0x72, 0x4, 0x0,
    0x90, 0x3f, 0xf1, 0xf8, 0x7, 0xc3, 0xff, 0xd2,
    0x40, 0x80, 0x12, 0x9, 0x80, 0x79, 0xe1, 0xa,
    0x48, 0xf9, 0x8, 0xe0, 0xc2, 0x1a, 0xb5, 0x73,
    0xb, 0x5b, 0xa2, 0x10,

    /* U+0154 "Ŕ" */
    0x0, 0x89, 0xc0, 0x3e, 0xe2, 0x0, 0xf1, 0x52,
    0x80, 0x78, 0x98, 0x3, 0xab, 0xfe, 0xe9, 0x0,
    0xc7, 0xba, 0xb7, 0x90, 0xc, 0x44, 0x56, 0x70,
    0xf, 0x12, 0x80, 0x63, 0xff, 0x69, 0x40, 0x4,
    0x7b, 0x8c, 0xac, 0x1, 0x88, 0xe5, 0x9c, 0x3,
    0xe8, 0x80, 0x80, 0x79, 0xa, 0x40, 0x3e, 0xb7,
    0x10,

    /* U+0155 "ŕ" */
    0x0, 0x89, 0xc0, 0x37, 0x90, 0x5, 0x54, 0x50,
    0xa, 0x9c, 0x1, 0x73, 0x5d, 0x60, 0x6, 0xce,
    0xb0, 0x2, 0x30, 0x6, 0x20, 0xe, 0x10, 0xf,
    0xfe, 0x50,

    /* U+0156 "Ŗ" */
    0xaf, 0xfb, 0xa4, 0x3, 0x1e, 0xea, 0xde, 0x40,
    0x31, 0x11, 0x59, 0xc0, 0x3c, 0x4a, 0x1, 0x8f,
    0xfd, 0xa5, 0x0, 0x11, 0xee, 0x32, 0xb0, 0x6,
    0x23, 0x96, 0x70, 0xf, 0xa2, 0x2, 0x1, 0xe4,
    0x29, 0x0, 0xfa, 0xdc, 0x6b, 0x0, 0x33, 0x78,
    0x80, 0x47, 0xe2, 0x1, 0xe4, 0x61, 0x0, 0xf2,
    0xc0, 0x6,

    /* U+0157 "ŗ" */
    0x0, 0xfa, 0xe6, 0xba, 0xc0, 0xd, 0x9d, 0x60,
    0x4, 0x60, 0xc, 0x40, 0x1c, 0x20, 0x1f, 0xfc,
    0xab, 0x80, 0xd, 0x54, 0x0, 0xc9, 0x0, 0x1b,
    0x48, 0x2,

    /* U+0158 "Ř" */
    0x4, 0xb3, 0xc1, 0x0, 0xc9, 0xf7, 0xa2, 0x1,
    0xc9, 0x2, 0x1, 0xab, 0xfe, 0xe9, 0x0, 0xc7,
    0xba, 0xb7, 0x90, 0xc, 0x44, 0x56, 0x70, 0xf,
    0x12, 0x80, 0x63, 0xff, 0x69, 0x40, 0x4, 0x7b,
    0x8c, 0xac, 0x1, 0x88, 0xe5, 0x9c, 0x3, 0xe8,
    0x80, 0x80, 0x79, 0xa, 0x40, 0x3e, 0xb7, 0x10,

    /* U+0159 "ř" */
    0x25, 0x2, 0x52, 0x94, 0xe6, 0xe, 0xb4, 0x30,
    0x2f, 0x80, 0xb9, 0xae, 0xb0, 0x6c, 0xeb, 0x4,
    0x60, 0x8, 0x80, 0x30, 0x80, 0x7f, 0xf1, 0x80,

    /* U+015A "Ś" */
    0x0, 0xc4, 0xe0, 0x1f, 0x71, 0x0, 0x78, 0xa9,
    0x40, 0x3c, 0x4c, 0x1, 0xc3, 0x3d, 0xfd, 0x68,
    0x0, 0xa4, 0xbd, 0xac, 0x10, 0x2, 0x5a, 0x92,
    0x3a, 0x80, 0x7, 0x0, 0x3e, 0xa4, 0xfc, 0x83,
    0x0, 0x93, 0xb2, 0xcf, 0x1c, 0x3, 0x1b, 0xdb,
    0xc0, 0x7, 0xdc, 0x1, 0x63, 0x19, 0x2c, 0x20,
    0x1, 0x2b, 0x75, 0xd, 0x40,

    /* U+015B "ś" */
    0x0, 0xc4, 0xe0, 0x1d, 0xe4, 0x1, 0xaa, 0x8a,
    0x1, 0xa9, 0xc0, 0x24, 0xcf, 0xec, 0x10, 0xbb,
    0x76, 0x48, 0x10, 0x28, 0x92, 0x89, 0x2e, 0xd3,
    0x8, 0x2, 0xb3, 0x6b, 0x8c, 0x0, 0x6f, 0x87,
    0x64, 0xe6, 0x28, 0x5c, 0x19, 0xbd, 0x32, 0x60,

    /* U+015C "Ŝ" */
    0x0, 0x8a, 0x8, 0x3, 0xdd, 0xfc, 0x1, 0xc7,
    0xf, 0x6, 0x1, 0x8d, 0x1, 0xc, 0x2, 0x19,
    0xef, 0xeb, 0x40, 0x5, 0x25, 0xed, 0x60, 0x80,
    0x12, 0xd4, 0x91, 0xd4, 0x0, 0x38, 0x1, 0xf5,
    0x27, 0xe4, 0x18, 0x4, 0x9d, 0x96, 0x78, 0xe0,
    0x18, 0xde, 0xde, 0x0, 0x3e, 0xe0, 0xb, 0x18,
    0xc9, 0x61, 0x0, 0x9, 0x5b, 0xa8, 0x6a, 0x0,

    /* U+015D "ŝ" */
    0x0, 0x9c, 0xc0, 0x33, 0x67, 0x0, 0x45, 0x57,
    0x69, 0x0, 0x16, 0x3, 0x48, 0x1, 0x33, 0xfb,
    0x4, 0x2e, 0xdd, 0x92, 0x4, 0xa, 0x24, 0xa2,
    0x4b, 0xb4, 0xc2, 0x0, 0xac, 0xda, 0xe3, 0x0,
    0x1b, 0xe1, 0xd9, 0x39, 0x8a, 0x17, 0x6, 0x6f,
    0x4c, 0x98,

    /* U+015E "Ş" */
    0x1, 0x9e, 0xfe, 0xb4, 0x0, 0x52, 0x5e, 0xd6,
    0x8, 0x1, 0x2d, 0x49, 0x1d, 0x40, 0x3, 0x80,
    0x1f, 0x52, 0x7e, 0x41, 0x80, 0x49, 0xd9, 0x67,
    0x8e, 0x1, 0x8d, 0xed, 0xe0, 0x3, 0xee, 0x0,
    0xb1, 0x8c, 0x96, 0x10, 0x0, 0x95, 0xba, 0xb6,
    0xa0, 0x4, 0x67, 0x44, 0x42, 0x1, 0xc7, 0xa0,
    0x1e, 0xda, 0xd0, 0x8,

    /* U+015F "ş" */
    0x4, 0xcf, 0xec, 0x10, 0xbb, 0x76, 0x48, 0x10,
    0x28, 0x92, 0x89, 0x2e, 0xd3, 0x8, 0x2, 0xb3,
    0x6b, 0x8c, 0x0, 0x6f, 0x87, 0x64, 0xe6, 0x28,
    0x5c, 0x19, 0xbd, 0x52, 0xc5, 0x7d, 0x88, 0xe0,
    0x18, 0x90, 0x3, 0x5f, 0xb8, 0x0,

    /* U+0160 "Š" */
    0x0, 0x1a, 0x2, 0x90, 0x6, 0x39, 0x79, 0x20,
    0xe, 0xff, 0x70, 0x7, 0x8a, 0x8, 0x3, 0xc,
    0xf7, 0xf5, 0xa0, 0x2, 0x92, 0xf6, 0xb0, 0x40,
    0x9, 0x6a, 0x48, 0xea, 0x0, 0x1c, 0x0, 0xfa,
    0x93, 0xf2, 0xc, 0x2, 0x4e, 0xcb, 0x3c, 0x70,
    0xc, 0x6f, 0x6f, 0x0, 0x1f, 0x70, 0x5, 0x8c,
    0x64, 0xb0, 0x80, 0x4, 0xad, 0xd4, 0x35, 0x0,

    /* U+0161 "š" */
    0x1, 0x60, 0x16, 0x0, 0xe, 0xad, 0x10, 0x5,
    0x56, 0x28, 0x1, 0xf, 0x50, 0x4, 0x99, 0xfd,
    0x82, 0x17, 0x6e, 0xc9, 0x2, 0x5, 0x12, 0x51,
    0x25, 0xda, 0x61, 0x0, 0x56, 0x6d, 0x71, 0x80,
    0xd, 0xf0, 0xec, 0x9c, 0xc5, 0xb, 0x83, 0x37,
    0xa6, 0x4c,

    /* U+0162 "Ţ" */
    0xf, 0xff, 0xd2, 0x19, 0x93, 0x86, 0x65, 0x0,
    0x67, 0x70, 0x19, 0xc2, 0x1, 0xff, 0xfe, 0x63,
    0x0, 0xfe, 0x64, 0x0, 0xf3, 0x6b, 0xa8, 0x4,

    /* U+0163 "ţ" */
    0xb, 0x90, 0xf, 0xea, 0x46, 0xff, 0x15, 0x23,
    0x7f, 0x88, 0x3, 0xff, 0x8e, 0x20, 0x1c, 0x4a,
    0x42, 0x0, 0x90, 0xde, 0x20, 0x1c, 0x5c, 0x20,
    0xb, 0x6c, 0x0, 0x5b, 0x38, 0x0,

    /* U+0164 "Ť" */
    0x0, 0x96, 0x92, 0xc4, 0x3, 0x97, 0x8e, 0x84,
    0x3, 0xc8, 0xe2, 0x1, 0xbf, 0xff, 0x48, 0x66,
    0x4e, 0x19, 0x94, 0x1, 0x9d, 0xc0, 0x67, 0x8,
    0x7, 0xff, 0xe8,

    /* U+0165 "ť" */
    0x0, 0x86, 0x44, 0x2, 0x47, 0x10, 0xb9, 0xd7,
    0x0, 0xd1, 0x21, 0x48, 0xdf, 0xe2, 0xa4, 0x6f,
    0xf1, 0x0, 0x7f, 0xf1, 0xc4, 0x3, 0x89, 0x48,
    0x40, 0x12, 0x1b, 0xc4,

    /* U+0166 "Ŧ" */
    0xf, 0xff, 0xd2, 0x19, 0x93, 0x86, 0x65, 0x0,
    0x67, 0x70, 0x19, 0xc2, 0x1, 0xff, 0xca, 0x3f,
    0x90, 0xfc, 0x0, 0xc7, 0x8e, 0x19, 0xc0, 0x1c,
    0x7c, 0x6, 0x40, 0x1f, 0xfc, 0xa0,

    /* U+0167 "ŧ" */
    0xb, 0x90, 0xf, 0xea, 0x46, 0xff, 0x15, 0x23,
    0x7f, 0x88, 0x3, 0xd2, 0x8d, 0xfe, 0x29, 0x46,
    0xff, 0x10, 0x7, 0xc4, 0xa2, 0x20, 0x5, 0x87,
    0x70, 0x80,

    /* U+0168 "Ũ" */
    0x0, 0x56, 0x6d, 0x90, 0x6, 0xac, 0xdb, 0x20,
    0xf, 0xfb, 0x24, 0x3, 0x2f, 0x80, 0x7f, 0xf8,
    0x9c, 0xc0, 0x31, 0x80, 0x9, 0xc0, 0x36, 0x10,
    0x59, 0x51, 0x99, 0xd6, 0x0, 0xb0, 0x77, 0x2e,
    0x94, 0x0,

    /* U+0169 "ũ" */
    0x6, 0xe7, 0x49, 0x0, 0x57, 0xf4, 0xd0, 0x3,
    0x6, 0x74, 0xc3, 0x5c, 0x2, 0xa9, 0x0, 0xff,
    0xe4, 0x88, 0x7, 0x9f, 0xc0, 0x27, 0xc, 0x51,
    0x6, 0x20, 0x74, 0xfe, 0xe2, 0x80,

    /* U+016A "Ū" */
    0x0, 0x6f, 0x74, 0x40, 0x1b, 0x3f, 0xe2, 0x0,
    0xc2, 0x38, 0x2, 0xc9, 0x0, 0xcb, 0xe0, 0x1f,
    0xfe, 0x27, 0x30, 0xc, 0x60, 0x2, 0x70, 0xd,
    0x84, 0x16, 0x54, 0x66, 0x75, 0x80, 0x2c, 0x1d,
    0xcb, 0xa5, 0x0,

    /* U+016B "ū" */
    0xa, 0xff, 0x9c, 0x1, 0x5f, 0xf3, 0x86, 0xb8,
    0x5, 0x52, 0x1, 0xff, 0xc9, 0x10, 0xf, 0x3f,
    0x80, 0x4e, 0x18, 0xa2, 0xc, 0x40, 0xe9, 0xfd,
    0xc5, 0x0,

    /* U+016C "Ŭ" */
    0x0, 0x38, 0x83, 0x8, 0x6, 0x1f, 0xef, 0x10,
    0xc, 0xdd, 0xc9, 0x0, 0xff, 0xe0, 0x64, 0x80,
    0x65, 0xf0, 0xf, 0xff, 0x13, 0x98, 0x6, 0x30,
    0x1, 0x38, 0x6, 0xc2, 0xb, 0x2a, 0x33, 0x3a,
    0xc0, 0x16, 0xe, 0xe5, 0xd2, 0x80,

    /* U+016D "ŭ" */
    0xa, 0x60, 0x96, 0x0, 0x45, 0x71, 0x30, 0x0,
    0xb3, 0xac, 0x1, 0xae, 0x1, 0x54, 0x80, 0x7f,
    0xf2, 0x44, 0x3, 0xcf, 0xe0, 0x13, 0x86, 0x28,
    0x83, 0x10, 0x3a, 0x7f, 0x71, 0x40,

    /* U+016E "Ů" */
    0x0, 0xd, 0xe1, 0x80, 0x74, 0xef, 0x78, 0x7,
    0x1a, 0x10, 0x80, 0x71, 0xa9, 0x8, 0x5, 0x93,
    0x2b, 0xff, 0x2f, 0x80, 0x43, 0x9a, 0x60, 0x1f,
    0xfd, 0xb7, 0x30, 0xc, 0x60, 0x2, 0x70, 0xd,
    0x84, 0x16, 0x54, 0x66, 0x75, 0x80, 0x2c, 0x1d,
    0xcb, 0xa5, 0x0,

    /* U+016F "ů" */
    0x0, 0x56, 0xb8, 0x4, 0xc5, 0xb6, 0x20, 0x1f,
    0xcc, 0x5b, 0x62, 0x1a, 0xf5, 0xaf, 0x52, 0x1,
    0xff, 0xc9, 0x10, 0xf, 0x3f, 0x80, 0x4e, 0x18,
    0xa2, 0xc, 0x40, 0xe9, 0xfd, 0xc5, 0x0,

    /* U+0170 "Ű" */
    0x0, 0xa5, 0x5a, 0x40, 0x33, 0x1b, 0xdc, 0x0,
    0x66, 0xa2, 0xd1, 0x0, 0xff, 0xb2, 0x40, 0x32,
    0xf8, 0x7, 0xff, 0x89, 0xcc, 0x3, 0x18, 0x0,
    0x9c, 0x3, 0x61, 0x5, 0x95, 0x19, 0x9d, 0x60,
    0xb, 0x7, 0x72, 0xe9, 0x40,

    /* U+0171 "ű" */
    0x0, 0xa4, 0x5d, 0x0, 0xc, 0x66, 0xa4, 0x0,
    0x5d, 0xa6, 0x40, 0x16, 0x8d, 0xa0, 0x6b, 0x80,
    0x55, 0x20, 0x1f, 0xfc, 0x91, 0x0, 0xf3, 0xf8,
    0x4, 0xe1, 0x8a, 0x20, 0xc4, 0xe, 0x9f, 0xdc,
    0x50,

    /* U+0172 "Ų" */
    0xc9, 0x0, 0xcb, 0xe0, 0x1f, 0xfe, 0x27, 0x30,
    0xc, 0x60, 0x2, 0x70, 0xd, 0x84, 0x16, 0x54,
    0x66, 0x75, 0x80, 0x2c, 0x1c, 0xc5, 0xd2, 0x80,
    0xe, 0xd3, 0x71, 0x40, 0x39, 0x8, 0x3, 0xe5,
    0xe7, 0x0, 0x80,

    /* U+0173 "ų" */
    0xd7, 0x0, 0xaa, 0x40, 0x3f, 0xf9, 0xa2, 0x1,
    0xf3, 0xf8, 0x4, 0xe0, 0xc, 0x51, 0x6, 0x20,
    0x3, 0xa7, 0xf7, 0x14, 0x2, 0x9e, 0xe4, 0x16,
    0x0, 0x79, 0x90, 0x3, 0xcf, 0xf0,

    /* U+0174 "Ŵ" */
    0x0, 0xf3, 0xa8, 0x7, 0xfc, 0xfb, 0x28, 0x1,
    0xff, 0x56, 0x90, 0x7, 0xf9, 0xc0, 0x58, 0x3,
    0x9b, 0xc0, 0x37, 0xe8, 0x4, 0x5e, 0x88, 0x3,
    0x0, 0x18, 0x90, 0x80, 0x10, 0x10, 0x85, 0x0,
    0x8, 0x83, 0x40, 0x6, 0x20, 0x1, 0x30, 0x1,
    0x98, 0x4c, 0x0, 0x26, 0x0, 0x31, 0x0, 0x8,
    0x8c, 0x40, 0x21, 0x40, 0x2, 0x2, 0x20, 0x49,
    0x8, 0x50, 0xc, 0x0, 0x43, 0x98, 0x40, 0x1,
    0xa6, 0x20, 0x6, 0x74, 0x46, 0x0, 0x13, 0x13,
    0x0, 0x36, 0x19, 0x90, 0x1, 0x8c, 0x28, 0x1,
    0x90, 0x4, 0x80, 0x8, 0x0, 0x30, 0x0,

    /* U+0175 "ŵ" */
    0x0, 0xe7, 0x30, 0xf, 0xcf, 0x9c, 0x1, 0xf1,
    0x5d, 0xd2, 0x1, 0xe2, 0xc0, 0x69, 0x0, 0x93,
    0xc0, 0x5, 0xf2, 0x0, 0x8b, 0x40, 0x30, 0x41,
    0x40, 0x2, 0x60, 0x1a, 0x6, 0x49, 0x8, 0x1a,
    0x2, 0x60, 0x22, 0xd, 0x10, 0x6, 0x18, 0x84,
    0x26, 0x99, 0x84, 0x0, 0x20, 0x42, 0x6, 0x22,
    0x30, 0x2, 0x35, 0xc0, 0x42, 0x34, 0x0, 0x90,
    0x10, 0x0, 0x60, 0x60,

    /* U+0176 "Ŷ" */
    0x0, 0xc8, 0xe0, 0x1f, 0x14, 0xfd, 0x0, 0x79,
    0xfe, 0x30, 0x40, 0x39, 0x48, 0x18, 0x40, 0x2a,
    0xc0, 0xc, 0x9e, 0x61, 0x64, 0xe0, 0x15, 0x39,
    0x80, 0xd4, 0x18, 0x49, 0xc0, 0x4, 0x8d, 0xca,
    0xdc, 0x1, 0xd2, 0x75, 0x6, 0x1, 0xe9, 0x7,
    0x0, 0xf8, 0x40, 0x3f, 0xfa, 0xe0,

    /* U+0177 "ŷ" */
    0x0, 0x91, 0x80, 0x38, 0x66, 0x94, 0x3, 0x54,
    0xec, 0x8, 0x5, 0x68, 0x3a, 0x20, 0xdc, 0x1,
    0xaa, 0x8c, 0x2a, 0x0, 0x15, 0xe0, 0x6e, 0x0,
    0x38, 0xa0, 0x52, 0x8, 0x53, 0x0, 0xc, 0xcc,
    0x66, 0xa0, 0xa, 0xaa, 0x42, 0x0, 0x98, 0x9b,
    0x80, 0x39, 0x45, 0x40, 0x38, 0x5c, 0x3, 0xa,
    0xa5, 0x80, 0x6f, 0xa8, 0x20, 0x8,

    /* U+0178 "Ÿ" */
    0x0, 0x84, 0x40, 0x20, 0x1e, 0xdb, 0x1e, 0x50,
    0xe, 0xf9, 0x1b, 0x40, 0xe, 0x33, 0x2, 0x8,
    0x5, 0x58, 0x1, 0x93, 0xcc, 0x2c, 0x9c, 0x2,
    0xa7, 0x30, 0x1a, 0x83, 0x9, 0x38, 0x0, 0x91,
    0xb9, 0x5b, 0x80, 0x3a, 0x4e, 0xa0, 0xc0, 0x3d,
    0x20, 0xe0, 0x1f, 0x8, 0x7, 0xff, 0x5c,

    /* U+0179 "Ź" */
    0x0, 0xc4, 0xe0, 0x1f, 0x71, 0x0, 0x78, 0xa9,
    0x40, 0x3c, 0x4c, 0x1, 0x8f, 0xff, 0xed, 0x3c,
    0xce, 0x90, 0xa0, 0x33, 0xc5, 0xa, 0xe0, 0x1d,
    0xa5, 0x40, 0x1d, 0x43, 0xa0, 0x1d, 0xb, 0xe2,
    0x1, 0x95, 0xec, 0x80, 0x31, 0xd4, 0x20, 0x6,
    0x1d, 0x34, 0x33, 0xc4, 0xe2, 0x79, 0x9d, 0xa0,

    /* U+017A "ź" */
    0x0, 0xc4, 0xe0, 0x1d, 0xe4, 0x1, 0xaa, 0x8a,
    0x1, 0xa9, 0xc0, 0x7, 0xff, 0xd8, 0x7f, 0xf6,
    0x8d, 0x80, 0x6f, 0x47, 0x0, 0xa8, 0x28, 0x2,
    0x84, 0xc0, 0x9, 0x5f, 0x44, 0x0, 0x55, 0x26,
    0x1, 0x20, 0x4f, 0xfd, 0x80,

    /* U+017B "Ż" */
    0x0, 0xc2, 0x1, 0xfb, 0xe0, 0x3, 0xea, 0xa0,
    0x7, 0xc8, 0x40, 0x11, 0xff, 0xfd, 0xa7, 0x99,
    0xd2, 0x14, 0x6, 0x78, 0xa1, 0x5c, 0x3, 0xb4,
    0xa8, 0x3, 0xa8, 0x74, 0x3, 0xa1, 0x7c, 0x40,
    0x32, 0xbd, 0x90, 0x6, 0x3a, 0x84, 0x0, 0xc3,
    0xa6, 0x86, 0x78, 0x9c, 0x4f, 0x33, 0xb4,

    /* U+017C "ż" */
    0x0, 0xbd, 0x0, 0x39, 0x98, 0x1, 0xd2, 0x40,
    0x3, 0xff, 0xec, 0x3f, 0xfb, 0x46, 0xc0, 0x37,
    0xa3, 0x80, 0x54, 0x14, 0x1, 0x42, 0x60, 0x4,
    0xaf, 0xa2, 0x0, 0x2a, 0x93, 0x0, 0x90, 0x27,
    0xfe, 0xc0,

    /* U+017D "Ž" */
    0x0, 0x98, 0x9, 0x40, 0x3b, 0xe3, 0xd8, 0x3,
    0xa7, 0xe4, 0xc0, 0x3c, 0xe8, 0x1, 0x1f, 0xff,
    0xda, 0x79, 0x9d, 0x21, 0x40, 0x67, 0x8a, 0x15,
    0xc0, 0x3b, 0x4a, 0x80, 0x3a, 0x87, 0x40, 0x3a,
    0x17, 0xc4, 0x3, 0x2b, 0xd9, 0x0, 0x63, 0xa8,
    0x40, 0xc, 0x3a, 0x68, 0x67, 0x89, 0xc4, 0xf3,
    0x3b, 0x40,

    /* U+017E "ž" */
    0x2, 0x50, 0x25, 0x0, 0x14, 0xa7, 0x30, 0x5,
    0xd6, 0x86, 0x1, 0x17, 0xc0, 0x0, 0xff, 0xfb,
    0xf, 0xfe, 0xd1, 0xb0, 0xd, 0xe8, 0xe0, 0x15,
    0x5, 0x0, 0x50, 0x98, 0x1, 0x2b, 0xe8, 0x80,
    0xa, 0xa4, 0xc0, 0x24, 0x9, 0xff, 0xb0,

    /* U+017F "ſ" */
    0x0, 0x4f, 0x79, 0x82, 0xb6, 0x71, 0x81, 0x19,
    0x8, 0x54, 0x0, 0x6a, 0x80, 0xf, 0xfe, 0xe0,

    /* U+0384 "΄" */
    0x0, 0x2a, 0x2, 0xc2, 0x94, 0x60, 0x80,

    /* U+0385 "΅" */
    0x0, 0x88, 0x80, 0x2, 0xc1, 0x0, 0x75, 0x18,
    0x9f, 0xa8, 0xcf, 0x1e, 0x4d, 0x48, 0x4d, 0x0,

    /* U+0386 "Ά" */
    0x0, 0x2a, 0x0, 0x7c, 0x76, 0xa0, 0x1f, 0x75,
    0x17, 0xe0, 0x6, 0x28, 0x4a, 0x63, 0x20, 0x8,
    0x94, 0x1a, 0xda, 0x80, 0x39, 0x48, 0x9a, 0xc0,
    0x1d, 0x34, 0x8, 0xa, 0x1, 0x11, 0xb0, 0x1,
    0xb8, 0x2, 0xa0, 0xef, 0xf3, 0xa0, 0x80, 0x1a,
    0x37, 0x71, 0xb0, 0x20, 0xb1, 0x16, 0xb9, 0xf,
    0x41, 0x0, 0xca, 0x28,

    /* U+0387 "·" */
    0x6b, 0xe4,

    /* U+0388 "Έ" */
    0x0, 0x1b, 0x80, 0x7f, 0x70, 0x80, 0x7e, 0x87,
    0x6f, 0xff, 0x30, 0x2, 0x80, 0x11, 0x99, 0x9c,
    0x20, 0x2, 0x23, 0x3c, 0x20, 0x1f, 0xfc, 0x4a,
    0xff, 0xc6, 0x1, 0xd1, 0x99, 0x8c, 0x3, 0x88,
    0xcf, 0x0, 0x7f, 0xf1, 0x48, 0xcf, 0x8, 0x7,
    0x46, 0x66, 0x90,

    /* U+0389 "Ή" */
    0x0, 0xff, 0xe1, 0x4d, 0x80, 0x7f, 0x2a, 0xab,
    0xd4, 0x3, 0x55, 0x81, 0x68, 0x7, 0xf9, 0xc4,
    0x3, 0xff, 0x9d, 0x5f, 0xf9, 0x40, 0x3d, 0x19,
    0x99, 0x0, 0x3c, 0x46, 0x78, 0x40, 0x3f, 0xfb,
    0x20,

    /* U+038A "Ί" */
    0x0, 0xfd, 0x34, 0x1, 0x2a, 0xaf, 0xd4, 0xb,
    0x44, 0x2, 0x71, 0x0, 0xff, 0xf0, 0x80,

    /* U+038C "Ό" */
    0x0, 0x13, 0x80, 0x7f, 0xb8, 0x3, 0xfc, 0xa0,
    0xee, 0xdf, 0xeb, 0x30, 0xb, 0xfa, 0xe6, 0xf7,
    0x43, 0x8a, 0x0, 0xa4, 0x46, 0xb1, 0x1d, 0x2d,
    0x80, 0x54, 0x86, 0x1, 0xa4, 0x54, 0x0, 0x44,
    0x0, 0xe3, 0x2, 0x0, 0xff, 0xe1, 0x12, 0x80,
    0x71, 0x81, 0x0, 0x28, 0xcc, 0x1, 0xa4, 0x54,
    0x0, 0xc9, 0xac, 0x47, 0x4b, 0x60, 0x1a, 0xe6,
    0xf7, 0x7, 0x14, 0x0,

    /* U+038E "Ύ" */
    0x0, 0x1b, 0x0, 0x7f, 0xda, 0x60, 0x1f, 0xe8,
    0x75, 0xcb, 0x0, 0xcb, 0xe4, 0x0, 0x90, 0xe4,
    0x60, 0x0, 0xdc, 0x10, 0x40, 0x0, 0xa6, 0x44,
    0x14, 0x4e, 0x1, 0xe6, 0x4e, 0x64, 0xe0, 0xf,
    0xd4, 0x53, 0x22, 0x0, 0xfc, 0x2c, 0x2c, 0x1,
    0xff, 0xeb,

    /* U+038F "Ώ" */
    0x0, 0x1b, 0x0, 0x7f, 0xb4, 0xc0, 0x3f, 0xa1,
    0x16, 0x37, 0xfa, 0x8c, 0x2, 0x2b, 0xc6, 0xab,
    0xb0, 0xe2, 0x0, 0x2a, 0x4f, 0x1d, 0x16, 0xd2,
    0x80, 0x25, 0x62, 0x0, 0xd0, 0x28, 0x0, 0x2e,
    0x0, 0xe3, 0x2, 0x0, 0xf, 0x80, 0x70, 0x81,
    0x80, 0x1d, 0x40, 0x39, 0x81, 0x0, 0x16, 0x4e,
    0x1, 0x14, 0xb8, 0x80, 0x6, 0x21, 0x20, 0x78,
    0x56, 0x20, 0x39, 0x0, 0xc1, 0x42, 0x79, 0x20,

    /* U+0390 "ΐ" */
    0x0, 0x2e, 0x88, 0x14, 0x78, 0x83, 0xf9, 0x7,
    0x9b, 0x78, 0xca, 0x34, 0x8b, 0x11, 0x18, 0x1,
    0x90, 0x1, 0xff, 0xcb, 0x70, 0xc, 0x68, 0x40,
    0x9, 0x7d, 0x50,

    /* U+0391 "Α" */
    0x0, 0x8f, 0xf0, 0x3, 0xea, 0x63, 0x20, 0xf,
    0x35, 0xb5, 0x0, 0x72, 0x91, 0x35, 0x80, 0x3a,
    0x68, 0x10, 0x14, 0x2, 0x23, 0x60, 0x3, 0x70,
    0x5, 0x41, 0xdf, 0xe7, 0x41, 0x0, 0x34, 0x6e,
    0xe3, 0x60, 0x41, 0x62, 0x2d, 0x72, 0x1e, 0x82,
    0x1, 0x94, 0x50,

    /* U+0392 "Β" */
    0xaf, 0xfb, 0xac, 0xc0, 0x7, 0xbb, 0x6, 0x80,
    0x44, 0x43, 0xf1, 0x20, 0xe, 0xd1, 0x20, 0x3f,
    0xf9, 0xf4, 0x0, 0x7b, 0xac, 0x7d, 0x10, 0x1,
    0x10, 0xe4, 0x24, 0x3, 0xfc, 0x44, 0x39, 0x1b,
    0x3, 0xdd, 0x62, 0xd1, 0x80,

    /* U+0393 "Γ" */
    0xaf, 0xfe, 0xb0, 0x3c, 0xcd, 0x20, 0x3, 0x3c,
    0x40, 0x1f, 0xfe, 0x50,

    /* U+0394 "Δ" */
    0x0, 0x8f, 0xf0, 0x3, 0xea, 0x53, 0x20, 0xf,
    0x34, 0xad, 0x0, 0x72, 0x89, 0xfb, 0x0, 0x74,
    0xb0, 0x28, 0x28, 0x4, 0x47, 0x40, 0x7, 0xe0,
    0xa, 0x88, 0x80, 0xa, 0x41, 0x0, 0x35, 0x0,
    0x46, 0x2c, 0x8, 0x26, 0x45, 0x92, 0x43, 0xc2,
    0xf7, 0x72, 0x8a, 0x0,

    /* U+0395 "Ε" */
    0xaf, 0xfe, 0xd0, 0x3c, 0xcd, 0xe0, 0x3, 0x3c,
    0x40, 0x1f, 0x8f, 0xff, 0x48, 0x1e, 0x66, 0x80,
    0x1, 0x9e, 0x10, 0xf, 0xe3, 0x3c, 0x40, 0x79,
    0x9b, 0x40,

    /* U+0396 "Ζ" */
    0x3f, 0xff, 0xb4, 0xf3, 0x3a, 0x42, 0x80, 0xcf,
    0x14, 0x2b, 0x80, 0x76, 0x95, 0x0, 0x75, 0xe,
    0x80, 0x74, 0x2f, 0x88, 0x6, 0x57, 0xb2, 0x0,
    0xc7, 0x50, 0x80, 0x18, 0x74, 0xd0, 0xcf, 0x13,
    0x89, 0xe6, 0x76, 0x80,

    /* U+0397 "Η" */
    0xac, 0x0, 0xc7, 0xe4, 0x1, 0xff, 0xd0, 0x3f,
    0xfd, 0x80, 0x11, 0xe6, 0x69, 0x0, 0xc6, 0x79,
    0x40, 0x3f, 0xfa, 0x20,

    /* U+0398 "Θ" */
    0x0, 0xc, 0xf7, 0xf4, 0x88, 0x4, 0x3e, 0xb5,
    0xb4, 0xbe, 0x20, 0xb, 0xc, 0x42, 0x4c, 0xa,
    0x0, 0x2c, 0x80, 0x74, 0xa0, 0x10, 0x17, 0x7f,
    0xdc, 0x60, 0x60, 0x16, 0x67, 0x0, 0x44, 0x4,
    0x43, 0x38, 0x8c, 0xc, 0x16, 0x40, 0x3a, 0x50,
    0x1, 0x61, 0x88, 0x49, 0x81, 0x20, 0x1, 0xf5,
    0xad, 0xa5, 0xf2, 0x0,

    /* U+0399 "Ι" */
    0xac, 0x0, 0xff, 0xe3, 0x0,

    /* U+039A "Κ" */
    0xac, 0x0, 0x93, 0xe0, 0x3, 0x96, 0xe2, 0x0,
    0x19, 0xaa, 0x5c, 0x3, 0x3c, 0xd3, 0x0, 0x63,
    0x8a, 0x50, 0xe, 0x22, 0x40, 0x80, 0x70, 0xe0,
    0x60, 0x80, 0x70, 0xe0, 0x60, 0x80, 0x70, 0xe0,
    0xe0, 0x80, 0x70, 0xe8, 0xe0, 0x80,

    /* U+039B "Λ" */
    0x0, 0x8f, 0xf0, 0x3, 0xea, 0x23, 0x20, 0xf,
    0x34, 0x1d, 0x0, 0x72, 0x82, 0xd3, 0x0, 0x74,
    0xb0, 0x38, 0xa8, 0x4, 0x47, 0x40, 0x2b, 0xc0,
    0x15, 0x11, 0x80, 0x39, 0x4, 0x0, 0xd4, 0x1,
    0x20, 0xb0, 0x20, 0xa8, 0x6, 0x69, 0xf, 0x42,
    0x0, 0xd4, 0x28,

    /* U+039C "Μ" */
    0xaf, 0xa0, 0xd, 0x1f, 0x60, 0x2a, 0x1, 0x98,
    0x40, 0xa, 0x6c, 0x0, 0x43, 0x40, 0xa, 0xa8,
    0x0, 0xfa, 0x0, 0xcc, 0x64, 0x28, 0xc0, 0x1c,
    0xb4, 0xc8, 0x20, 0x1d, 0xcd, 0x5c, 0x1, 0xe4,
    0x33, 0x28, 0x7, 0xdb, 0xc0, 0x1f, 0xfc, 0x20,

    /* U+039D "Ν" */
    0xaf, 0x80, 0x8, 0xfc, 0x40, 0xe, 0x20, 0x1e,
    0x43, 0x80, 0xf, 0xa1, 0x88, 0x3, 0xc8, 0x88,
    0x0, 0xfa, 0x14, 0xc0, 0x3c, 0x6b, 0xe0, 0x1f,
    0x41, 0xd8, 0x7, 0x89, 0x9c, 0x3, 0xe8, 0x0,
    0x80,

    /* U+039E "Ξ" */
    0xaf, 0xfe, 0xab, 0xcc, 0xe8, 0x13, 0x3e, 0x20,
    0xf, 0xdd, 0xff, 0x80, 0x19, 0x9b, 0x40, 0x4,
    0x67, 0x10, 0x7, 0xe1, 0x33, 0xe2, 0xbc, 0xce,
    0x80,

    /* U+039F "Ο" */
    0x0, 0xc, 0xf7, 0xf4, 0x88, 0x4, 0x3e, 0xb5,
    0xb4, 0xbe, 0x20, 0xb, 0xc, 0x42, 0x4c, 0xa,
    0x0, 0x2c, 0x80, 0x74, 0xa0, 0x10, 0x10, 0x7,
    0x18, 0x18, 0x7, 0xfc, 0x40, 0x40, 0x1c, 0x60,
    0x60, 0x92, 0x1, 0xd2, 0x80, 0x9, 0xc, 0x42,
    0x4c, 0xa, 0x0, 0x17, 0xad, 0x6d, 0x2f, 0x88,
    0x0,

    /* U+03A0 "Π" */
    0xaf, 0xff, 0x88, 0xf, 0x33, 0x48, 0x6, 0x33,
    0xca, 0x1, 0xff, 0xf5,

    /* U+03A1 "Ρ" */
    0xaf, 0xfb, 0x60, 0x0, 0x7b, 0xab, 0x78, 0x0,
    0x11, 0x19, 0x8a, 0x1, 0xc2, 0x60, 0x18, 0xd9,
    0x0, 0xff, 0xd8, 0xb6, 0x7, 0xba, 0xfb, 0x10,
    0x1, 0x10, 0x3, 0xff, 0x8a,

    /* U+03A3 "Σ" */
    0xaf, 0xfe, 0xdf, 0x8, 0xcc, 0xbd, 0x66, 0x0,
    0xcc, 0x40, 0xd1, 0x86, 0x1, 0x9d, 0xb4, 0x40,
    0x21, 0x77, 0x8, 0x5, 0xa5, 0x20, 0x14, 0x96,
    0x80, 0x4a, 0xd0, 0x46, 0x62, 0xf0, 0x9c, 0xcb,
    0x40,

    /* U+03A4 "Τ" */
    0xf, 0xff, 0xd2, 0x19, 0x93, 0x86, 0x65, 0x0,
    0x67, 0x70, 0x19, 0xc2, 0x1, 0xff, 0xfa,

    /* U+03A5 "Υ" */
    0xa, 0xc0, 0xc, 0x9e, 0x61, 0x64, 0xe0, 0x15,
    0x39, 0x80, 0xd4, 0x18, 0x49, 0xc0, 0x4, 0x8d,
    0xca, 0xdc, 0x1, 0xd2, 0x75, 0x6, 0x1, 0xe9,
    0x7, 0x0, 0xf8, 0x40, 0x3f, 0xfa, 0xe0,

    /* U+03A6 "Φ" */
    0x0, 0xc5, 0xe6, 0x1, 0xe2, 0x9f, 0xd, 0xa2,
    0x0, 0x93, 0x4e, 0xc2, 0x43, 0x54, 0x1, 0x49,
    0x48, 0x9, 0x4b, 0x60, 0x43, 0xc0, 0x1d, 0xe2,
    0x40, 0x1f, 0x84, 0x0, 0x43, 0xc0, 0x1d, 0xc2,
    0x41, 0x49, 0x48, 0xb, 0x4b, 0x60, 0x4, 0xd0,
    0x80, 0x80, 0xd5, 0x0, 0x8a, 0xb0, 0x36, 0x88,
    0x0,

    /* U+03A7 "Χ" */
    0xc, 0xb0, 0xd, 0xb2, 0x0, 0xe4, 0x60, 0x4,
    0x84, 0x80, 0xa, 0x64, 0x28, 0xdc, 0x1, 0x99,
    0x36, 0x9c, 0xc0, 0x3a, 0x4c, 0xd0, 0x1, 0xea,
    0x2, 0x20, 0x7, 0x1b, 0xda, 0x70, 0x7, 0x73,
    0x25, 0x13, 0x80, 0x50, 0x12, 0x3, 0x70, 0x40,
    0x6f, 0x20, 0x12, 0xab, 0x80,

    /* U+03A8 "Ψ" */
    0x3f, 0x40, 0x2f, 0x30, 0x3f, 0x40, 0xf, 0xfe,
    0x4b, 0x88, 0x8, 0x7, 0x38, 0x9, 0x6, 0x80,
    0x71, 0x81, 0x3, 0x38, 0x80, 0x43, 0x2c, 0x0,
    0x92, 0xc5, 0xb, 0xc3, 0x80, 0xb, 0x12, 0x41,
    0x93, 0x4, 0x2, 0x19, 0xc0, 0xd9, 0x10, 0xf,
    0xfe, 0x8,

    /* U+03A9 "Ω" */
    0x0, 0x15, 0x77, 0xec, 0x0, 0x63, 0xd6, 0xbb,
    0x9b, 0x40, 0x2e, 0x3c, 0x54, 0x6f, 0x29, 0x3,
    0x28, 0x0, 0xc2, 0xce, 0xc, 0xa, 0x1, 0xde,
    0x20, 0x20, 0x60, 0x1c, 0x20, 0x4, 0x5, 0x0,
    0xeb, 0x50, 0x4, 0xc1, 0x0, 0x4c, 0x70, 0x2,
    0xa9, 0x88, 0x11, 0x2e, 0x20, 0xd8, 0x83, 0xc0,
    0xe0, 0xf8, 0x40,

    /* U+03AA "Ϊ" */
    0x10, 0x0, 0x87, 0x32, 0x70, 0xda, 0x2d, 0x8a,
    0x10, 0xa0, 0x2, 0xb0, 0x3, 0xff, 0xc6,

    /* U+03AB "Ϋ" */
    0x0, 0x84, 0x40, 0x20, 0x1e, 0xdb, 0x1e, 0x40,
    0xe, 0xf8, 0x1b, 0x50, 0xe, 0x32, 0x4, 0x10,
    0xa, 0xb0, 0x3, 0x27, 0x98, 0x59, 0x38, 0x5,
    0x4e, 0x60, 0x35, 0x6, 0x12, 0x70, 0x1, 0x23,
    0x72, 0xb7, 0x0, 0x74, 0x9d, 0x41, 0x80, 0x7a,
    0x41, 0xc0, 0x3e, 0x10, 0xf, 0xfe, 0xb8,

    /* U+03AC "ά" */
    0x0, 0xe7, 0x20, 0xf, 0x4e, 0x90, 0x7, 0x29,
    0x50, 0x7, 0x96, 0xc0, 0x3d, 0x3d, 0xc8, 0xf,
    0x10, 0xa5, 0xff, 0x34, 0x98, 0x89, 0x64, 0x44,
    0xcc, 0xb0, 0x20, 0x70, 0x6, 0x82, 0x80, 0x80,
    0x61, 0x2, 0x2, 0x6, 0x0, 0x68, 0x8, 0x1,
    0x60, 0x9, 0x85, 0x0, 0x16, 0xdd, 0x91, 0x57,
    0x0,

    /* U+03AD "έ" */
    0x0, 0xc2, 0xe2, 0x1, 0xb4, 0x4, 0x2, 0x85,
    0x70, 0xd, 0x12, 0x1, 0x15, 0xff, 0xb5, 0x3,
    0x83, 0x36, 0x58, 0x0, 0x46, 0x48, 0x41, 0xc9,
    0xfe, 0x10, 0x4, 0x36, 0x68, 0x80, 0x16, 0xc,
    0x80, 0x22, 0x82, 0x13, 0x40, 0xf1, 0xce, 0xe1,
    0x0,

    /* U+03AE "ή" */
    0x0, 0xc6, 0xe0, 0x18, 0x78, 0xc0, 0x35, 0x5a,
    0x0, 0x6b, 0x60, 0x5, 0xcc, 0xbb, 0x90, 0x0,
    0x6c, 0xec, 0x75, 0x4, 0x50, 0x25, 0xc0, 0x30,
    0x8, 0xcc, 0x1, 0xe1, 0x0, 0xff, 0xe4, 0xdc,
    0x0, 0x7f, 0xf1, 0xc0,

    /* U+03AF "ί" */
    0x0, 0x39, 0x4, 0xe9, 0x29, 0x50, 0x2d, 0x80,
    0x35, 0x80, 0x3f, 0xf8, 0xe2, 0x0, 0x7c, 0x10,
    0x87, 0xe4,

    /* U+03B0 "ΰ" */
    0x0, 0xae, 0x0, 0x34, 0xc, 0x0, 0x6f, 0xa0,
    0x9, 0x7d, 0xea, 0xc0, 0xf, 0x21, 0xde, 0x0,
    0x26, 0x4, 0x40, 0x3, 0xd4, 0x1, 0x6e, 0x1,
    0xd1, 0x20, 0x1c, 0x42, 0x60, 0x18, 0x40, 0x3c,
    0x60, 0x22, 0x0, 0xac, 0x88, 0x92, 0x4a, 0xf2,
    0x16, 0xfb, 0x14, 0x80,

    /* U+03B1 "α" */
    0x0, 0x4f, 0x72, 0x3, 0xc4, 0x29, 0x7f, 0xcd,
    0x26, 0x22, 0x59, 0x11, 0x33, 0x2c, 0x8, 0x1c,
    0x1, 0xa0, 0xa0, 0x20, 0x18, 0x40, 0x80, 0x81,
    0x80, 0x1a, 0x2, 0x0, 0x58, 0x2, 0x61, 0x40,
    0x5, 0xb7, 0x64, 0x55, 0xc0,

    /* U+03B2 "β" */
    0x8, 0xef, 0xc3, 0x5, 0x7a, 0xe4, 0xd0, 0xc5,
    0x41, 0x91, 0x23, 0x30, 0x0, 0xc0, 0xc4, 0x0,
    0x52, 0x42, 0x0, 0x8d, 0x4b, 0x0, 0xa7, 0x22,
    0x5c, 0x0, 0x26, 0xf1, 0x20, 0x1c, 0x26, 0xc,
    0xc2, 0x4b, 0x50, 0x3b, 0xda, 0x48, 0x5, 0xdf,
    0xe9, 0x0, 0xff, 0xe1, 0x80,

    /* U+03B3 "γ" */
    0xcc, 0x8, 0x5, 0x54, 0xe0, 0x90, 0x0, 0xaf,
    0x14, 0xb0, 0x1, 0x85, 0x1, 0x44, 0xc2, 0x98,
    0x2, 0x5a, 0x32, 0xa0, 0xb, 0xde, 0x90, 0x80,
    0x25, 0x16, 0xe0, 0xe, 0x51, 0x50, 0xe, 0xd2,
    0x0, 0xff, 0xe3, 0x80,

    /* U+03B4 "δ" */
    0x0, 0x4f, 0x7f, 0x48, 0x1, 0x9f, 0x7b, 0x34,
    0x0, 0xa3, 0x4a, 0x48, 0x0, 0x26, 0x86, 0x98,
    0x0, 0x56, 0x9, 0x4a, 0xa8, 0x51, 0xc0, 0x24,
    0xf3, 0x0, 0xf3, 0x10, 0x20, 0x4, 0x8a, 0xd,
    0x8, 0x52, 0x56, 0x12, 0xf5, 0xab, 0x84,

    /* U+03B5 "ε" */
    0x2, 0xbf, 0xf6, 0xa0, 0x70, 0x66, 0xcb, 0x0,
    0x8, 0xc9, 0x8, 0x39, 0x3f, 0xc2, 0x0, 0x86,
    0xcd, 0x10, 0x2, 0xc1, 0x90, 0x4, 0x50, 0x42,
    0x68, 0x1e, 0x39, 0xdc, 0x20,

    /* U+03B6 "ζ" */
    0xf, 0xff, 0x5, 0xda, 0x88, 0x1c, 0x11, 0xa0,
    0x76, 0x0, 0x7d, 0xb0, 0x80, 0x10, 0x16, 0x1,
    0x9a, 0x0, 0x31, 0x2, 0x0, 0x61, 0x1, 0x0,
    0xc4, 0x8, 0x1, 0x85, 0x69, 0x48, 0x2, 0xa6,
    0x8d, 0xf4, 0x0, 0x46, 0xfb, 0xc0, 0x7, 0x8,
    0x7, 0x22, 0x3c,

    /* U+03B7 "η" */
    0xb9, 0x97, 0x72, 0x0, 0xd, 0x9d, 0x8e, 0xa0,
    0x8a, 0x4, 0xb8, 0x6, 0x1, 0x19, 0x80, 0x3c,
    0x20, 0x1f, 0xfc, 0x9b, 0x80, 0xf, 0xfe, 0x38,

    /* U+03B8 "θ" */
    0x0, 0x36, 0xfd, 0x88, 0x1, 0x26, 0x5c, 0x38,
    0x0, 0x86, 0x41, 0xa2, 0x50, 0x3c, 0x0, 0x8f,
    0x8, 0x1c, 0x2, 0x52, 0x10, 0xdf, 0xf9, 0x9c,
    0x42, 0xf3, 0x25, 0x72, 0x7, 0x33, 0x84, 0x80,
    0xec, 0x2, 0x4c, 0x8, 0x74, 0x19, 0x25, 0x4,
    0x99, 0x71, 0x60, 0x0,

    /* U+03B9 "ι" */
    0xd6, 0x0, 0xff, 0xe3, 0x88, 0x1, 0xf0, 0x42,
    0x1f, 0x90,

    /* U+03BA "κ" */
    0xb9, 0x0, 0x4e, 0x88, 0x5, 0x29, 0x82, 0x0,
    0x94, 0xc1, 0x0, 0x33, 0x4, 0x40, 0x11, 0x69,
    0x38, 0x4, 0x85, 0x70, 0x40, 0x19, 0x55, 0xe0,
    0x1d, 0x67, 0x0,

    /* U+03BB "λ" */
    0x7, 0xfb, 0x0, 0xe7, 0xc5, 0x60, 0xe, 0x36,
    0xa0, 0xf, 0x69, 0x90, 0x7, 0x70, 0x50, 0x6,
    0x24, 0x43, 0x0, 0x6b, 0x3a, 0x13, 0x0, 0xb,
    0x48, 0xa5, 0x0, 0x18, 0x94, 0x35, 0xc0, 0x13,
    0x60, 0x6, 0x15, 0x50, 0x30, 0x4, 0xbc,

    /* U+03BC "μ" */
    0xd7, 0x0, 0xaa, 0x40, 0x3f, 0xfa, 0xde, 0x1,
    0x30, 0x4, 0xc8, 0x4e, 0x64, 0x20, 0xf3, 0xb9,
    0x28, 0xc1, 0xdb, 0xf6, 0xde, 0xe0, 0x1f, 0xfc,
    0x40,

    /* U+03BD "ν" */
    0x5f, 0x0, 0xb5, 0x41, 0x1, 0x0, 0x17, 0x0,
    0x27, 0xa0, 0x4, 0x21, 0xb, 0x70, 0x0, 0x80,
    0x4a, 0x24, 0x14, 0x62, 0x4, 0x2a, 0x6d, 0xe0,
    0x13, 0xd6, 0xc1, 0x80, 0x5a, 0x48, 0xe0, 0x0,

    /* U+03BE "ξ" */
    0xd, 0xff, 0xd2, 0x10, 0x27, 0x15, 0x61, 0xc9,
    0x8e, 0xa4, 0xd, 0xe0, 0x1c, 0xf2, 0x80, 0x1a,
    0x9a, 0xff, 0x40, 0x10, 0x91, 0x7e, 0x4, 0xfa,
    0xe8, 0x40, 0x20, 0x40, 0x18, 0xc7, 0x50, 0x80,
    0x2f, 0x5a, 0xdf, 0x60, 0x19, 0xef, 0x98, 0x0,
    0xe1, 0x0, 0xe2, 0x9a,

    /* U+03BF "ο" */
    0x0, 0x47, 0x7e, 0x20, 0x2, 0x1a, 0xb5, 0x6c,
    0x81, 0xe1, 0xa, 0x4a, 0xc8, 0x10, 0x2, 0x42,
    0x0, 0xfc, 0x40, 0x80, 0x12, 0x18, 0x3c, 0x21,
    0x49, 0x50, 0x43, 0x56, 0xad, 0x90,

    /* U+03C0 "π" */
    0x8f, 0xff, 0x68, 0x52, 0x95, 0xd9, 0x87, 0x80,
    0x88, 0x28, 0x8f, 0x3, 0x0, 0xff, 0xea, 0x98,
    0x90, 0x7, 0x90, 0x74, 0x0,

    /* U+03C1 "ρ" */
    0x2, 0xcf, 0xe8, 0x0, 0xe, 0x26, 0xdb, 0xb8,
    0x18, 0xa0, 0x96, 0x24, 0x35, 0x40, 0x24, 0x10,
    0x10, 0xc, 0xe0, 0x12, 0x80, 0x46, 0x20, 0x3,
    0x82, 0x58, 0x90, 0x3, 0x8e, 0xdb, 0xb8, 0x2,
    0x9f, 0xe8, 0x0, 0xff, 0xe3, 0x0,

    /* U+03C2 "ς" */
    0x0, 0x3e, 0xff, 0x40, 0x44, 0x2f, 0x75, 0xc0,
    0xf2, 0xc4, 0x6c, 0x60, 0x80, 0x1f, 0xf1, 0x82,
    0x0, 0x73, 0xcb, 0x8, 0x5, 0x10, 0xbe, 0xd2,
    0x0, 0x3e, 0xfb, 0x58, 0x6, 0x17, 0x10, 0xc,
    0xc1, 0x20,

    /* U+03C3 "σ" */
    0x1, 0xae, 0xff, 0xce, 0x10, 0x9b, 0xd0, 0x10,
    0xa0, 0xd6, 0x62, 0xe7, 0xc4, 0x40, 0x70, 0x9,
    0x48, 0x3, 0xfc, 0x40, 0x80, 0x12, 0x18, 0x1,
    0xe1, 0xa, 0x4a, 0x40, 0x10, 0xd5, 0xab, 0x82,
    0x0,

    /* U+03C4 "τ" */
    0x5f, 0xff, 0x62, 0x5d, 0x98, 0x6e, 0xde, 0x28,
    0x8e, 0x34, 0x41, 0x80, 0x7f, 0xf1, 0xc4, 0x3,
    0xe5, 0x23, 0x10, 0xc, 0x6d, 0xb6, 0x0,

    /* U+03C5 "υ" */
    0xf5, 0x0, 0x5b, 0x80, 0x74, 0x48, 0x7, 0x10,
    0x98, 0x6, 0x10, 0xf, 0x18, 0x8, 0x80, 0x2b,
    0x22, 0x24, 0x92, 0xbc, 0x85, 0xbe, 0xc5, 0x20,
    0x0,

    /* U+03C6 "φ" */
    0x0, 0x4b, 0xbb, 0xf0, 0x80, 0x12, 0xeb, 0x12,
    0xfe, 0x0, 0x68, 0x20, 0x59, 0x24, 0x20, 0x40,
    0x8, 0x80, 0x80, 0x3f, 0x19, 0x2, 0x0, 0x44,
    0xe, 0xf, 0x8, 0xb, 0xe8, 0x41, 0xf, 0x61,
    0x2d, 0x40, 0x14, 0xf8, 0x65, 0x88, 0x7, 0xff,
    0x1c,

    /* U+03C7 "χ" */
    0x9e, 0x80, 0x0, 0xfb, 0x4d, 0xb9, 0x84, 0x13,
    0x2, 0xaa, 0x89, 0xa0, 0x2, 0xf7, 0x82, 0x50,
    0x9, 0x41, 0x64, 0x3, 0x88, 0x88, 0x1, 0x8c,
    0xc4, 0x20, 0x1b, 0xd0, 0x9c, 0x2, 0x43, 0x8a,
    0xa0, 0x5, 0xa, 0x6c, 0x6e, 0x2a, 0x70, 0x3,
    0x13, 0x60,

    /* U+03C8 "ψ" */
    0x3f, 0x0, 0x79, 0x86, 0xb0, 0x7, 0xff, 0x60,
    0x80, 0x80, 0x31, 0x18, 0x9c, 0x90, 0x34, 0x82,
    0x6, 0x8e, 0x85, 0x2e, 0x8, 0xd, 0x70, 0x5e,
    0x18, 0x6, 0x10, 0x70, 0xf, 0xfe, 0x0,

    /* U+03C9 "ω" */
    0x3, 0xf2, 0x0, 0xcf, 0xc0, 0xa, 0x22, 0x0,
    0x66, 0x14, 0x7, 0x50, 0xe, 0x12, 0xd0, 0x1e,
    0x0, 0x52, 0x80, 0x18, 0x80, 0x39, 0x88, 0x3,
    0x87, 0x80, 0x7, 0xa0, 0x6, 0x20, 0x76, 0x37,
    0x44, 0x1b, 0x16, 0x84, 0x2e, 0x54, 0xc6, 0xc4,
    0x10,

    /* U+03CA "ϊ" */
    0xf6, 0x4f, 0x19, 0x46, 0x91, 0x62, 0x23, 0x0,
    0x32, 0x0, 0x3f, 0xf9, 0x6e, 0x1, 0x8d, 0x8,
    0x1, 0x2f, 0xaa,

    /* U+03CB "ϋ" */
    0x5f, 0x1a, 0xb0, 0x3, 0xc8, 0xf7, 0x80, 0x9,
    0x81, 0x10, 0x0, 0xf5, 0x0, 0x5b, 0x80, 0x74,
    0x48, 0x7, 0x10, 0x98, 0x6, 0x10, 0xf, 0x18,
    0x8, 0x80, 0x2b, 0x22, 0x24, 0x92, 0xbc, 0x85,
    0xbe, 0xc5, 0x20, 0x0,

    /* U+03CC "ό" */
    0x0, 0xe6, 0x30, 0xe, 0x7d, 0x30, 0xc, 0x77,
    0x60, 0xe, 0x3c, 0x0, 0xe8, 0xef, 0xc4, 0x0,
    0x43, 0x56, 0xad, 0x90, 0x3c, 0x21, 0x49, 0x59,
    0x2, 0x0, 0x48, 0x40, 0x1f, 0x88, 0x10, 0x2,
    0x43, 0x7, 0x84, 0x29, 0x2a, 0x8, 0x6a, 0xd5,
    0xb2,

    /* U+03CD "ύ" */
    0x0, 0x91, 0x80, 0x31, 0x52, 0x80, 0x6e, 0xa3,
    0x0, 0xd8, 0x80, 0x17, 0xa8, 0x2, 0xdc, 0x3,
    0xa2, 0x40, 0x38, 0x84, 0xc0, 0x30, 0x80, 0x78,
    0xc0, 0x44, 0x1, 0x59, 0x11, 0x24, 0x95, 0xe4,
    0x2d, 0xf6, 0x29, 0x0,

    /* U+03CE "ώ" */
    0x0, 0xf1, 0xb8, 0x7, 0xe1, 0xe3, 0x0, 0xfd,
    0x56, 0x80, 0x1f, 0xad, 0x80, 0x38, 0xfc, 0x80,
    0x33, 0xf0, 0x2, 0x88, 0x80, 0x19, 0x85, 0x1,
    0xd4, 0x3, 0x84, 0xb4, 0x7, 0x80, 0x14, 0xa0,
    0x6, 0x20, 0xe, 0x62, 0x0, 0xe1, 0xe0, 0x1,
    0xe8, 0x1, 0x88, 0x1d, 0x8d, 0xd1, 0x6, 0xc5,
    0xa1, 0xb, 0x95, 0x31, 0xb1, 0x4,

    /* U+0400 "Ѐ" */
    0x0, 0x16, 0x98, 0x6, 0x2c, 0x50, 0xe, 0x16,
    0x0, 0x57, 0xff, 0x68, 0x1e, 0x66, 0xf0, 0x1,
    0x9e, 0x20, 0xf, 0xc7, 0xff, 0xa4, 0xf, 0x33,
    0x40, 0x0, 0xcf, 0x8, 0x7, 0xf1, 0x9e, 0x20,
    0x3c, 0xcd, 0xa0,

    /* U+0401 "Ё" */
    0x0, 0x8, 0x8, 0x80, 0xf, 0xc1, 0xb0, 0x0,
    0x5b, 0xf, 0xb0, 0x1, 0x20, 0x19, 0x5, 0x7f,
    0xf6, 0x81, 0xe6, 0x6f, 0x0, 0x19, 0xe2, 0x0,
    0xfc, 0x7f, 0xfa, 0x40, 0xf3, 0x34, 0x0, 0xc,
    0xf0, 0x80, 0x7f, 0x19, 0xe2, 0x3, 0xcc, 0xda,

    /* U+0402 "Ђ" */
    0xf, 0xff, 0xb8, 0x2, 0xcc, 0x58, 0x4e, 0x64,
    0x1, 0x19, 0x94, 0x8, 0xcc, 0x40, 0x1f, 0xfc,
    0x6b, 0xff, 0x74, 0x80, 0x7a, 0x73, 0x16, 0xd0,
    0x1, 0xc4, 0x66, 0x56, 0x50, 0xf, 0xee, 0x30,
    0xf, 0xfe, 0x68, 0xfa, 0x0, 0x5c, 0x60, 0x1f,
    0xa, 0xba, 0x0, 0x7d, 0x36, 0x92,

    /* U+0403 "Ѓ" */
    0x0, 0x9b, 0x0, 0x38, 0x70, 0x3, 0x9c, 0x2,
    0xaf, 0xfe, 0xb0, 0x3c, 0xcd, 0x20, 0x3, 0x3c,
    0x40, 0x1f, 0xfe, 0x50,

    /* U+0404 "Є" */
    0x0, 0xc, 0x6f, 0xf5, 0xa0, 0x0, 0x7d, 0x23,
    0x37, 0x24, 0x1, 0x65, 0x8a, 0x66, 0x7d, 0x0,
    0x2d, 0x0, 0x7c, 0x41, 0x3f, 0xfa, 0xc0, 0x34,
    0x6e, 0xea, 0x0, 0x10, 0x79, 0x16, 0x10, 0x9,
    0x58, 0x40, 0x31, 0x0, 0x2c, 0x3d, 0x8c, 0xd1,
    0xa0, 0x1, 0xf7, 0xbc, 0xd3, 0xb0,

    /* U+0405 "Ѕ" */
    0x1, 0x9e, 0xfe, 0xb4, 0x0, 0x52, 0x5e, 0xd6,
    0x8, 0x1, 0x2d, 0x49, 0x1d, 0x40, 0x3, 0x80,
    0x1f, 0x52, 0x7e, 0x41, 0x80, 0x49, 0xd9, 0x67,
    0x8e, 0x1, 0x8d, 0xed, 0xe0, 0x3, 0xee, 0x0,
    0xb1, 0x8c, 0x96, 0x10, 0x0, 0x95, 0xba, 0x86,
    0xa0,

    /* U+0406 "І" */
    0xac, 0x0, 0xff, 0xe3, 0x0,

    /* U+0407 "Ї" */
    0x10, 0x0, 0x87, 0x32, 0x70, 0xda, 0x2d, 0x8a,
    0x10, 0xa0, 0x2, 0xb0, 0x3, 0xff, 0xc6,

    /* U+0408 "Ј" */
    0x0, 0x56, 0x0, 0x7f, 0xf5, 0xdc, 0x0, 0x22,
    0x26, 0x4f, 0x98, 0x75,

    /* U+0409 "Љ" */
    0x0, 0xbb, 0xff, 0x88, 0x3, 0xf9, 0xf3, 0x12,
    0x1, 0xfe, 0x1f, 0x33, 0x28, 0x7, 0xfc, 0x20,
    0x1f, 0xfc, 0x7d, 0xfe, 0xa2, 0x0, 0x84, 0x8,
    0x3, 0x5e, 0xd3, 0x60, 0x4, 0xa0, 0xc0, 0x19,
    0x89, 0x3c, 0x4c, 0x1, 0xc2, 0x40, 0x1f, 0xe1,
    0x95, 0x80, 0xe, 0x62, 0x4f, 0x13, 0x75, 0xa6,
    0x0, 0xeb, 0xda, 0x7c, 0x0,

    /* U+040A "Њ" */
    0xac, 0x0, 0xdc, 0xe0, 0x1f, 0xfe, 0x13, 0xff,
    0xc3, 0x1f, 0xec, 0x50, 0x1, 0xe6, 0x61, 0x6c,
    0xc2, 0xd1, 0x80, 0xc, 0xf0, 0x71, 0x9a, 0x46,
    0xc0, 0x3f, 0xf9, 0x1e, 0x47, 0x23, 0x80, 0x1f,
    0x3e, 0xe2, 0xd2, 0x0,

    /* U+040B "Ћ" */
    0xf, 0xff, 0xb8, 0x2, 0xcc, 0x58, 0x4e, 0x64,
    0x1, 0x19, 0x94, 0x8, 0xcc, 0x40, 0x1f, 0xfc,
    0x6b, 0xff, 0x75, 0x0, 0x7a, 0x73, 0x16, 0xb0,
    0x1, 0xc4, 0x66, 0x56, 0x50, 0xf, 0xee, 0x30,
    0xf, 0xfe, 0x50,

    /* U+040C "Ќ" */
    0x0, 0x87, 0x50, 0x3, 0xcb, 0xc8, 0x1, 0xe4,
    0x30, 0xd, 0x58, 0x1, 0xb3, 0x44, 0x3, 0xb0,
    0x70, 0x40, 0x36, 0xe, 0x8, 0x6, 0xc1, 0xc1,
    0x0, 0xd8, 0x60, 0x20, 0x18, 0xc7, 0x42, 0x40,
    0x30, 0xe1, 0x73, 0x20, 0x4, 0x42, 0x6, 0xf4,
    0x20, 0x1e, 0x83, 0xb0, 0xf, 0xb9, 0x54,

    /* U+040D "Ѝ" */
    0x0, 0x16, 0x90, 0x7, 0x8b, 0xd0, 0x3, 0xe2,
    0x60, 0xd, 0x56, 0x1, 0xf, 0xf8, 0x40, 0x3a,
    0x0, 0x3e, 0x26, 0x70, 0xf, 0x41, 0xd8, 0x7,
    0x1a, 0xf8, 0x7, 0xa1, 0x4c, 0x3, 0x91, 0x10,
    0x1, 0xe8, 0x62, 0x0, 0xe4, 0x38, 0x0, 0xf9,
    0xc4, 0x3, 0x80,

    /* U+040E "Ў" */
    0x0, 0x30, 0x82, 0x90, 0x6, 0x3c, 0xee, 0x10,
    0x6, 0x5d, 0xeb, 0x0, 0xff, 0xe0, 0x47, 0x0,
    0x66, 0xf1, 0xa1, 0x50, 0xa, 0xd4, 0x49, 0x64,
    0x0, 0x85, 0x20, 0x9, 0x33, 0x7, 0x99, 0x80,
    0x6, 0x69, 0x24, 0x90, 0xd, 0x2b, 0x22, 0xa0,
    0x19, 0x45, 0x24, 0x3, 0xce, 0xc, 0x1, 0x89,
    0x1d, 0x84, 0x3, 0x45, 0xac, 0x0, 0x60,

    /* U+040F "Џ" */
    0xac, 0x0, 0xc7, 0xe4, 0x1, 0xff, 0xf5, 0x33,
    0xca, 0x1, 0x1e, 0x66, 0x90, 0x5, 0x7f, 0xa8,
    0xbf, 0xe2, 0x0, 0xfe,

    /* U+0410 "А" */
    0x0, 0x8f, 0xf0, 0x3, 0xea, 0x63, 0x20, 0xf,
    0x35, 0xb5, 0x0, 0x72, 0x91, 0x35, 0x80, 0x3a,
    0x68, 0x10, 0x14, 0x2, 0x23, 0x60, 0x3, 0x70,
    0x5, 0x41, 0xdf, 0xe7, 0x41, 0x0, 0x34, 0x6e,
    0xe3, 0x60, 0x41, 0x62, 0x2d, 0x72, 0x1e, 0x82,
    0x1, 0x94, 0x50,

    /* U+0411 "Б" */
    0xaf, 0xfe, 0xe0, 0x1, 0xee, 0xec, 0x0, 0x88,
    0xb8, 0x3, 0xfc, 0x7f, 0xee, 0xc4, 0x0, 0x1e,
    0xec, 0xd6, 0x60, 0x2, 0x21, 0xd0, 0xd8, 0x7,
    0xf8, 0x88, 0x72, 0x36, 0x7, 0xba, 0xc5, 0xa3,

    /* U+0412 "В" */
    0xaf, 0xfb, 0xac, 0xc0, 0x7, 0xbb, 0x6, 0x80,
    0x44, 0x43, 0xf1, 0x20, 0xe, 0xd1, 0x20, 0x3f,
    0xf9, 0xf4, 0x0, 0x7b, 0xac, 0x7d, 0x10, 0x1,
    0x10, 0xe4, 0x24, 0x3, 0xfc, 0x44, 0x39, 0x1b,
    0x3, 0xdd, 0x62, 0xd1, 0x80,

    /* U+0413 "Г" */
    0xaf, 0xfe, 0xb0, 0x3c, 0xcd, 0x20, 0x3, 0x3c,
    0x40, 0x1f, 0xfe, 0x50,

    /* U+0414 "Д" */
    0x0, 0xbf, 0xfc, 0x20, 0x1c, 0xf9, 0x89, 0x0,
    0xfb, 0x8c, 0xc4, 0x1, 0xf1, 0x80, 0x7e, 0x10,
    0x10, 0xf, 0xc4, 0xe, 0x1, 0xf9, 0x40, 0xc0,
    0x3f, 0x61, 0x80, 0x7e, 0x65, 0x43, 0x38, 0x81,
    0x41, 0x64, 0x1f, 0x32, 0x90, 0xb4, 0x2, 0xff,
    0xf8, 0x40, 0x3f, 0xf8, 0x9, 0xc0, 0x1f, 0x6a,
    0x0,

    /* U+0415 "Е" */
    0xaf, 0xfe, 0xd0, 0x3c, 0xcd, 0xe0, 0x3, 0x3c,
    0x40, 0x1f, 0x8f, 0xff, 0x48, 0x1e, 0x66, 0x80,
    0x1, 0x9e, 0x10, 0xf, 0xe3, 0x3c, 0x40, 0x79,
    0x9b, 0x40,

    /* U+0416 "Ж" */
    0x2e, 0xa0, 0x8, 0xbc, 0xc0, 0x29, 0xe2, 0x26,
    0x24, 0x80, 0x7d, 0xd, 0xa4, 0x5, 0xaf, 0x0,
    0x1c, 0xee, 0xc3, 0x0, 0x8f, 0x5d, 0xc0, 0x13,
    0x45, 0x98, 0x7, 0x8, 0x45, 0x85, 0x48, 0x38,
    0x7, 0xb9, 0x6d, 0x81, 0xa5, 0xb8, 0x3, 0x9c,
    0xad, 0x24, 0x21, 0xa4, 0xe0, 0x2, 0x28, 0xb1,
    0x4, 0x4, 0x0, 0x53, 0x98, 0x2, 0x51, 0x40,
    0x3e, 0x46, 0xf0, 0x64, 0xa0, 0xf, 0xe8, 0x27,

    /* U+0417 "З" */
    0x9, 0xdf, 0xf6, 0x30, 0x6, 0x8c, 0xc5, 0x4c,
    0x0, 0x25, 0x4c, 0xcc, 0xc4, 0x0, 0xf1, 0xbd,
    0x80, 0x49, 0xfe, 0xc7, 0x70, 0x4, 0x9b, 0x92,
    0xee, 0x0, 0xc4, 0x6d, 0x10, 0x0, 0xf8, 0x40,
    0x3, 0x6a, 0x66, 0x78, 0x70, 0x12, 0x9d, 0xcb,
    0xa8, 0x0,

    /* U+0418 "И" */
    0xab, 0x0, 0x87, 0xfc, 0x20, 0x1d, 0x0, 0x1f,
    0x13, 0x38, 0x7, 0xa0, 0xec, 0x3, 0x8d, 0x7c,
    0x3, 0xd0, 0xa6, 0x1, 0xc8, 0x88, 0x0, 0xf4,
    0x31, 0x0, 0x72, 0x1c, 0x0, 0x7c, 0xe2, 0x1,
    0xc0,

    /* U+0419 "Й" */
    0x0, 0x30, 0x83, 0x8, 0x7, 0x67, 0x60, 0x80,
    0x66, 0xde, 0xa0, 0xf, 0xfe, 0x5, 0x58, 0x4,
    0x3f, 0xe1, 0x0, 0xe8, 0x0, 0xf8, 0x99, 0xc0,
    0x3d, 0x7, 0x60, 0x1c, 0x6b, 0xe0, 0x1e, 0x85,
    0x30, 0xe, 0x44, 0x40, 0x7, 0xa1, 0x88, 0x3,
    0x90, 0xe0, 0x3, 0xe7, 0x10, 0xe,

    /* U+041A "К" */
    0xac, 0x0, 0xd9, 0xa2, 0x1, 0xd8, 0x38, 0x20,
    0x1b, 0x7, 0x4, 0x3, 0x60, 0xe0, 0x80, 0x6c,
    0x30, 0x10, 0xc, 0x63, 0xa1, 0x20, 0x18, 0x70,
    0xb9, 0x90, 0x2, 0x21, 0x3, 0x7a, 0x10, 0xf,
    0x41, 0xd8, 0x7, 0xdc, 0xaa,

    /* U+041B "Л" */
    0x0, 0xbb, 0xff, 0x88, 0x3, 0x3e, 0x62, 0x40,
    0x38, 0x7c, 0xcc, 0xa0, 0x1e, 0x10, 0xf, 0xfe,
    0x28, 0x81, 0x0, 0x7c, 0xa0, 0xc0, 0x1f, 0x68,
    0x90, 0x7, 0xb, 0xb4, 0x0, 0x79, 0xee, 0x98,
    0x3, 0xc0,

    /* U+041C "М" */
    0xaf, 0xa0, 0xd, 0x1f, 0x60, 0x2a, 0x1, 0x98,
    0x40, 0xa, 0x6c, 0x0, 0x43, 0x40, 0xa, 0xa8,
    0x0, 0xfa, 0x0, 0xcc, 0x64, 0x28, 0xc0, 0x1c,
    0xb4, 0xc8, 0x20, 0x1d, 0xcd, 0x5c, 0x1, 0xe4,
    0x33, 0x28, 0x7, 0xdb, 0xc0, 0x1f, 0xfc, 0x20,

    /* U+041D "Н" */
    0xac, 0x0, 0xc7, 0xe4, 0x1, 0xff, 0xd0, 0x3f,
    0xfd, 0x80, 0x11, 0xe6, 0x69, 0x0, 0xc6, 0x79,
    0x40, 0x3f, 0xfa, 0x20,

    /* U+041E "О" */
    0x0, 0xc, 0xf7, 0xf4, 0x88, 0x4, 0x3e, 0xb5,
    0xb4, 0xbe, 0x20, 0xb, 0xc, 0x42, 0x4c, 0xa,
    0x0, 0x2c, 0x80, 0x74, 0xa0, 0x10, 0x10, 0x7,
    0x18, 0x18, 0x7, 0xfc, 0x40, 0x40, 0x1c, 0x60,
    0x60, 0x92, 0x1, 0xd2, 0x80, 0x9, 0xc, 0x42,
    0x4c, 0xa, 0x0, 0x17, 0xad, 0x6d, 0x2f, 0x88,
    0x0,

    /* U+041F "П" */
    0xaf, 0xff, 0x88, 0xf, 0x33, 0x48, 0x6, 0x33,
    0xca, 0x1, 0xff, 0xf5,

    /* U+0420 "Р" */
    0xaf, 0xfb, 0x60, 0x0, 0x7b, 0xab, 0x78, 0x0,
    0x11, 0x19, 0x8a, 0x1, 0xc2, 0x60, 0x18, 0xd9,
    0x0, 0xff, 0xd8, 0xb6, 0x7, 0xba, 0xfb, 0x10,
    0x1, 0x10, 0x3, 0xff, 0x8a,

    /* U+0421 "С" */
    0x0, 0xc, 0x6f, 0xf5, 0xa0, 0x0, 0x7d, 0xaf,
    0x37, 0x28, 0x1, 0x61, 0xec, 0x66, 0x7f, 0x0,
    0x2c, 0x88, 0x6, 0x10, 0x20, 0x20, 0xf, 0xfe,
    0x29, 0x1, 0x0, 0x7e, 0x59, 0x10, 0xc, 0x20,
    0xb, 0xf, 0x63, 0x33, 0xf8, 0x0, 0x7d, 0xef,
    0x37, 0x28, 0x0,

    /* U+0422 "Т" */
    0xf, 0xff, 0xd2, 0x19, 0x93, 0x86, 0x65, 0x0,
    0x67, 0x70, 0x19, 0xc2, 0x1, 0xff, 0xfa,

    /* U+0423 "У" */
    0x8e, 0x0, 0xcd, 0xe3, 0x42, 0xa0, 0x15, 0xa8,
    0x92, 0xc8, 0x1, 0xa, 0x40, 0x12, 0x66, 0xf,
    0x33, 0x0, 0xc, 0xd2, 0x49, 0x20, 0x1a, 0x56,
    0x45, 0x40, 0x32, 0x8a, 0x48, 0x7, 0x9c, 0x18,
    0x3, 0x12, 0x3b, 0x8, 0x6, 0x8b, 0x58, 0x0,
    0xc0,

    /* U+0424 "Ф" */
    0x0, 0xea, 0xb0, 0xf, 0x8e, 0xb9, 0x53, 0xac,
    0xc0, 0x25, 0xc0, 0xd4, 0x3d, 0x2c, 0x60, 0x5,
    0xad, 0x18, 0xb9, 0xcb, 0x48, 0x10, 0xf8, 0x7,
    0xb4, 0x8, 0xc0, 0xc0, 0x3c, 0x20, 0x1, 0x2a,
    0x0, 0xf7, 0x11, 0x3, 0x8b, 0x5d, 0x98, 0xfa,
    0xbc, 0x0, 0x3e, 0xbd, 0x22, 0x6d, 0x71, 0x80,
    0x66, 0xa4, 0x45, 0x38, 0x4,

    /* U+0425 "Х" */
    0xc, 0xb0, 0xd, 0xb2, 0x0, 0xe4, 0x60, 0x4,
    0x84, 0x80, 0xa, 0x64, 0x28, 0xdc, 0x1, 0x99,
    0x36, 0x9c, 0xc0, 0x3a, 0x4c, 0xd0, 0x1, 0xea,
    0x2, 0x20, 0x7, 0x1b, 0xda, 0x70, 0x7, 0x73,
    0x25, 0x13, 0x80, 0x50, 0x12, 0x3, 0x70, 0x40,
    0x6f, 0x20, 0x12, 0xab, 0x80,

    /* U+0426 "Ц" */
    0xac, 0x0, 0xc7, 0xe4, 0x1, 0xff, 0xfd, 0x33,
    0xca, 0xe, 0x0, 0x3c, 0xcd, 0x21, 0x4b, 0x5f,
    0xff, 0x10, 0x7, 0xff, 0x1f, 0x90,

    /* U+0427 "Ч" */
    0xc9, 0x0, 0x8b, 0xcc, 0x3, 0xff, 0x88, 0xe6,
    0x1, 0xec, 0x53, 0x0, 0xe7, 0x4c, 0xff, 0x68,
    0x5, 0x7d, 0x98, 0xa0, 0xc, 0x26, 0x67, 0x0,
    0xff, 0xe3, 0x0,

    /* U+0428 "Ш" */
    0xac, 0x0, 0x8f, 0xc8, 0x2, 0xc9, 0x0, 0xff,
    0xff, 0x80, 0x7f, 0xf1, 0x8c, 0xe6, 0x7, 0x33,
    0x84, 0x0, 0x79, 0x95, 0x5, 0x66, 0x44, 0x0,

    /* U+0429 "Щ" */
    0xac, 0x0, 0x8f, 0xc8, 0x2, 0xc9, 0x0, 0xff,
    0xff, 0x80, 0x7f, 0xf3, 0x8c, 0xe6, 0x7, 0x33,
    0x84, 0xc8, 0xf, 0x32, 0xa0, 0xac, 0xc8, 0x97,
    0xab, 0xff, 0xfe, 0x90, 0xf, 0xfe, 0x7b, 0xf0,

    /* U+042A "Ъ" */
    0x9f, 0xfb, 0x40, 0x3d, 0x19, 0x85, 0x0, 0xf8,
    0x4c, 0xe0, 0xf, 0xfe, 0x51, 0x7f, 0xbb, 0x14,
    0x3, 0x8b, 0x76, 0x5a, 0x40, 0xe, 0x22, 0x1c,
    0x8e, 0x80, 0x7f, 0xf1, 0x8, 0x87, 0x23, 0xa0,
    0x18, 0xb7, 0x58, 0xb4, 0x80,

    /* U+042B "Ы" */
    0xac, 0x0, 0xf3, 0x78, 0x7, 0xff, 0x4c, 0xff,
    0xdd, 0x88, 0x1, 0x8f, 0x76, 0x5b, 0x30, 0xc,
    0x44, 0x39, 0x1b, 0x0, 0xff, 0xe1, 0x11, 0xe,
    0x46, 0xc0, 0x23, 0xdd, 0x62, 0xd1, 0x80, 0x0,

    /* U+042C "Ь" */
    0xac, 0x0, 0xff, 0xe9, 0x9f, 0xfb, 0xb1, 0x0,
    0x7, 0xbb, 0x2d, 0x98, 0x0, 0x88, 0x72, 0x36,
    0x1, 0xfe, 0x22, 0x1c, 0x8d, 0x81, 0xee, 0xb1,
    0x68, 0xc0,

    /* U+042D "Э" */
    0x5, 0xce, 0xfd, 0x70, 0x1, 0xcc, 0xb7, 0x2e,
    0x6c, 0xf, 0x14, 0xcc, 0xde, 0xae, 0x1, 0xe1,
    0x7b, 0x0, 0x77, 0xfe, 0x63, 0x0, 0x66, 0xee,
    0x50, 0x8, 0x8b, 0x98, 0xc4, 0x3, 0x90, 0xec,
    0xb9, 0x8c, 0xcf, 0x68, 0xe7, 0x75, 0xb9, 0x51,
    0x60,

    /* U+042E "Ю" */
    0x9d, 0x0, 0x86, 0x7b, 0xfa, 0x88, 0x3, 0xc5,
    0xe9, 0x7b, 0x43, 0xa6, 0x1, 0xd2, 0x38, 0xa4,
    0x96, 0x5e, 0x1, 0xc8, 0xc2, 0x1, 0xa0, 0xc8,
    0xb, 0xfc, 0x1e, 0x1, 0xcc, 0xc, 0x5, 0x98,
    0x0, 0xff, 0xe0, 0x19, 0x8b, 0xc0, 0x39, 0x81,
    0x80, 0x35, 0x30, 0x80, 0x68, 0x32, 0x0, 0xce,
    0x78, 0xa4, 0x96, 0x5c, 0x1, 0xec, 0x58, 0xda,
    0x1d, 0x20,

    /* U+042F "Я" */
    0x0, 0x3e, 0xff, 0xe5, 0x6, 0x8a, 0xcd, 0xd0,
    0x5, 0x84, 0xe6, 0x44, 0x0, 0xb4, 0x90, 0x3,
    0xce, 0xea, 0xff, 0x80, 0x34, 0x30, 0xee, 0x0,
    0x62, 0x78, 0x23, 0x0, 0xd0, 0x4c, 0x1, 0xc6,
    0xb2, 0x1, 0xef, 0x44, 0x0, 0x70,

    /* U+0430 "а" */
    0x5, 0xcf, 0xeb, 0x20, 0xa, 0x37, 0x7, 0xc0,
    0xa, 0x84, 0x4a, 0x22, 0x1, 0x5f, 0x7f, 0x81,
    0x83, 0xb, 0x3f, 0xc0, 0x23, 0x59, 0x1, 0x0,
    0x4, 0x48, 0x3, 0x20, 0x15, 0x5f, 0x67, 0x0,
    0x0,

    /* U+0431 "б" */
    0x0, 0xff, 0x14, 0xef, 0x79, 0x1, 0xe8, 0x76,
    0x71, 0x7, 0x44, 0x99, 0x8, 0x11, 0x3f, 0x7f,
    0x50, 0x4, 0x1e, 0x35, 0x6c, 0xc0, 0x10, 0xa5,
    0x7, 0x22, 0x8, 0x1, 0x23, 0x18, 0x7, 0xc2,
    0x24, 0x0, 0x91, 0x82, 0x61, 0x4a, 0xe, 0x41,
    0xdd, 0x7a, 0xb6, 0x60,

    /* U+0432 "в" */
    0xbf, 0xfb, 0x54, 0x0, 0xff, 0xcb, 0x40, 0x18,
    0x7c, 0x40, 0xf, 0xdf, 0x14, 0x0, 0x6f, 0xd8,
    0xb1, 0x1, 0x11, 0x38, 0x38, 0x6, 0x60, 0x50,
    0x7f, 0xf5, 0xc9, 0x80,

    /* U+0433 "г" */
    0xbf, 0xfd, 0x40, 0xff, 0xf5, 0x0, 0x7f, 0xf6,
    0x0,

    /* U+0434 "д" */
    0x0, 0x1f, 0xff, 0x0, 0x77, 0xfa, 0x80, 0x33,
    0x80, 0x7e, 0x10, 0xf, 0xc4, 0x40, 0xf, 0xb1,
    0x0, 0x3c, 0x88, 0xd0, 0xe, 0x4b, 0xb, 0xff,
    0x50, 0x78, 0x27, 0xff, 0x70, 0x7, 0xe1, 0x10,

    /* U+0435 "е" */
    0x0, 0x3e, 0xfe, 0xb0, 0x2, 0x2a, 0x76, 0x20,
    0xa0, 0xf2, 0x84, 0xb3, 0xc6, 0x17, 0xff, 0x43,
    0x0, 0x37, 0xff, 0x69, 0x82, 0x80, 0x79, 0xe1,
    0x88, 0x8c, 0xc0, 0x89, 0xbd, 0xcd, 0x20,

    /* U+0436 "ж" */
    0xa, 0xc0, 0x2, 0xf8, 0x0, 0xfd, 0x0, 0x14,
    0x14, 0x1, 0x8b, 0x65, 0x0, 0x2d, 0x79, 0x0,
    0xf, 0xcb, 0x0, 0x61, 0x76, 0xe0, 0xd2, 0x30,
    0xe, 0x45, 0xb5, 0x7, 0x89, 0x0, 0xea, 0x94,
    0x80, 0xb7, 0x18, 0x0, 0xa0, 0x98, 0xc, 0x2,
    0xf7, 0x30, 0x37, 0xe0, 0xf, 0x1b, 0xf8, 0x0,

    /* U+0437 "з" */
    0x9, 0xef, 0xe7, 0x0, 0x6e, 0xd7, 0x8, 0x8,
    0x64, 0xe2, 0x1, 0x47, 0xeb, 0x20, 0x2, 0x76,
    0x98, 0xc0, 0x2, 0x4a, 0x94, 0xc, 0x42, 0xaa,
    0xf0, 0xad, 0xe8, 0x83, 0x0,

    /* U+0438 "и" */
    0xb8, 0x0, 0xf, 0xe8, 0x6, 0xb0, 0xe, 0x35,
    0x70, 0xd, 0xf1, 0xc0, 0x13, 0xb, 0x80, 0x43,
    0x10, 0x0, 0xcc, 0xaa, 0x0, 0xe9, 0x0, 0xc0,

    /* U+0439 "й" */
    0x7, 0x80, 0x69, 0x0, 0x31, 0xf5, 0x40, 0x0,
    0x6f, 0xb0, 0x42, 0xe0, 0x0, 0x3f, 0xa0, 0x1a,
    0xc0, 0x38, 0xd5, 0xc0, 0x37, 0xc7, 0x0, 0x4c,
    0x2e, 0x1, 0xc, 0x40, 0x3, 0x32, 0xa8, 0x3,
    0xa4, 0x3, 0x0,

    /* U+043A "к" */
    0xb8, 0x0, 0x37, 0x98, 0x4, 0xb3, 0x86, 0x0,
    0x5a, 0xb3, 0x0, 0x25, 0xa, 0x80, 0x47, 0x25,
    0x60, 0x13, 0x33, 0x95, 0x0, 0x2, 0x5, 0x34,
    0x20, 0x19, 0x8a, 0xc0,

    /* U+043B "л" */
    0x0, 0x37, 0xfe, 0xc0, 0x8, 0x7f, 0xd0, 0x1,
    0x8c, 0x3, 0xc2, 0x20, 0xf, 0x73, 0x80, 0x79,
    0x4c, 0x3, 0xc, 0x1d, 0x0, 0x66, 0x4b, 0x20,
    0xc,

    /* U+043C "м" */
    0xbf, 0x40, 0xa, 0xfd, 0x0, 0x7c, 0x0, 0x4a,
    0x1, 0x3a, 0x90, 0x53, 0x0, 0x42, 0xd4, 0xd,
    0x40, 0x1a, 0x99, 0x8a, 0x40, 0x18, 0x96, 0x7c,
    0x3, 0xd1, 0x4, 0x0, 0xf1, 0xb8, 0x6,

    /* U+043D "н" */
    0xb8, 0x0, 0x9b, 0x80, 0x3f, 0xf8, 0x6f, 0xdd,
    0x48, 0x1, 0xbf, 0xe8, 0x0, 0x8, 0xf0, 0x7,
    0xff, 0xc,

    /* U+043E "о" */
    0x0, 0x47, 0x7e, 0x20, 0x2, 0x1a, 0xb5, 0x6c,
    0x81, 0xe1, 0xa, 0x4a, 0xc8, 0x10, 0x2, 0x42,
    0x0, 0xfc, 0x40, 0x80, 0x12, 0x18, 0x3c, 0x21,
    0x49, 0x50, 0x43, 0x56, 0xad, 0x90,

    /* U+043F "п" */
    0xbf, 0xfe, 0xe0, 0x7f, 0xfa, 0x40, 0x3f, 0xfb,
    0xe0,

    /* U+0440 "р" */
    0xb9, 0xae, 0xe4, 0x0, 0x4d, 0xfd, 0x8c, 0xe0,
    0x3, 0x50, 0x28, 0x90, 0x2, 0x80, 0x4a, 0x20,
    0x1e, 0x70, 0x9, 0x0, 0x23, 0x10, 0x1, 0x41,
    0x2c, 0x48, 0x1, 0xc7, 0x6d, 0xdc, 0x1, 0x4f,
    0xf4, 0x0, 0x7f, 0xf1, 0x80,

    /* U+0441 "с" */
    0x0, 0x3e, 0xff, 0x40, 0x44, 0x2f, 0x75, 0xc0,
    0xf2, 0xc4, 0x6c, 0x60, 0x80, 0x1f, 0xf1, 0x82,
    0x0, 0x73, 0xcb, 0x11, 0xb0, 0x44, 0x2f, 0x75,
    0xc0,

    /* U+0442 "т" */
    0x9f, 0xff, 0x64, 0xff, 0x9d, 0x3f, 0xd8, 0x1,
    0xff, 0xe4,

    /* U+0443 "у" */
    0x6e, 0x0, 0xd5, 0x46, 0x15, 0x0, 0xa, 0xf0,
    0x37, 0x0, 0x1c, 0x50, 0x29, 0x4, 0x29, 0x80,
    0x6, 0x66, 0x33, 0x50, 0x5, 0x55, 0x21, 0x0,
    0x4c, 0x4d, 0xc0, 0x1c, 0xa2, 0xa0, 0x1c, 0x2e,
    0x1, 0x85, 0x52, 0xc0, 0x37, 0xd4, 0x10, 0x4,

    /* U+0444 "ф" */
    0x0, 0xea, 0xa0, 0x7, 0xff, 0x18, 0x6f, 0xec,
    0x1, 0x7f, 0x60, 0x15, 0xbe, 0xf2, 0xab, 0xb5,
    0xa4, 0x0, 0xb0, 0x4a, 0xb8, 0xa5, 0x80, 0x81,
    0x40, 0x3c, 0xc0, 0x40, 0x1f, 0xfc, 0x2, 0x5,
    0x0, 0xf3, 0x1, 0x2, 0xc1, 0x2a, 0xe2, 0x96,
    0x0, 0x5b, 0xef, 0x2a, 0xbb, 0x5a, 0x0, 0x3,
    0x7f, 0x60, 0xb, 0xfb, 0x10, 0xf, 0xfe, 0x68,

    /* U+0445 "х" */
    0x1e, 0x70, 0x1, 0x7a, 0x8d, 0x41, 0x87, 0xb2,
    0x82, 0x37, 0x48, 0x48, 0x5, 0x20, 0xdc, 0x1,
    0x88, 0x80, 0xc0, 0x1b, 0x96, 0x28, 0x40, 0x10,
    0x56, 0xe9, 0xa0, 0x6f, 0x42, 0x14, 0x4e,

    /* U+0446 "ц" */
    0xb8, 0x0, 0x9b, 0x80, 0x3f, 0xfc, 0xcf, 0xff,
    0x48, 0xf5, 0xff, 0xf6, 0x80, 0x7c, 0x66,

    /* U+0447 "ч" */
    0xf4, 0x0, 0x27, 0x80, 0x78, 0x44, 0x1, 0x8b,
    0xc0, 0x37, 0xa7, 0xf5, 0x81, 0xf7, 0x3e, 0x80,
    0x21, 0x18, 0x3, 0xe0,

    /* U+0448 "ш" */
    0xb8, 0x0, 0x1f, 0x80, 0x57, 0x0, 0x1f, 0xfe,
    0xf7, 0x0, 0xf9, 0xff, 0xd6, 0x1f, 0xf2, 0x0,

    /* U+0449 "щ" */
    0xb8, 0x0, 0x1f, 0x80, 0x57, 0x0, 0x1f, 0xff,
    0x57, 0x0, 0xfc, 0xff, 0xeb, 0xf, 0xf9, 0x1e,
    0x2f, 0xff, 0xfa, 0x0, 0x3f, 0xf8, 0x20,

    /* U+044A "ъ" */
    0x9f, 0xf8, 0x80, 0x3a, 0x7f, 0x80, 0x3f, 0xf9,
    0x39, 0xdb, 0x44, 0x1, 0xd5, 0xfc, 0x3c, 0x1,
    0xcc, 0x27, 0xc6, 0x1, 0xc2, 0x3, 0xc4, 0x1,
    0xd9, 0xfc, 0x1e, 0x0,

    /* U+044B "ы" */
    0xb8, 0x0, 0xe7, 0xd0, 0xf, 0xfe, 0x3b, 0xf7,
    0x31, 0x40, 0x33, 0x7e, 0x5d, 0x10, 0x4, 0x22,
    0x27, 0x7, 0x0, 0xf3, 0x3, 0x0, 0x4f, 0xfe,
    0xb9, 0x30, 0x0,

    /* U+044C "ь" */
    0xb8, 0x0, 0xff, 0xe4, 0x3f, 0x73, 0x14, 0x0,
    0xdf, 0x97, 0x44, 0x2, 0x22, 0x70, 0x70, 0xc,
    0xc0, 0xc0, 0xff, 0xeb, 0x93,

    /* U+044D "э" */
    0x2c, 0xff, 0x59, 0x80, 0x27, 0x74, 0x78, 0x44,
    0x52, 0x24, 0x1d, 0x82, 0xf7, 0x46, 0xa0, 0xbf,
    0xf2, 0x80, 0x42, 0x33, 0xa9, 0x31, 0x1d, 0x14,
    0x5, 0x6e, 0x36, 0x8,

    /* U+044E "ю" */
    0xb9, 0x0, 0x36, 0xfe, 0xb0, 0x7, 0x34, 0xde,
    0xdc, 0xa8, 0x6, 0xb6, 0x61, 0x33, 0x24, 0x0,
    0xde, 0x58, 0x1, 0x79, 0x80, 0x17, 0x44, 0x3,
    0xf1, 0x92, 0xe0, 0x5, 0xe6, 0x1, 0xbd, 0x98,
    0x4c, 0xc9, 0x0, 0xc9, 0x37, 0xb7, 0x2a, 0x0,

    /* U+044F "я" */
    0x0, 0x4f, 0x7f, 0xc6, 0xe, 0xed, 0xff, 0x0,
    0x5a, 0xe6, 0x1, 0xc4, 0x82, 0x1, 0xd2, 0xdd,
    0xd0, 0x4, 0x3e, 0x1b, 0x80, 0x10, 0xd5, 0xc,
    0x80, 0x2d, 0x65, 0x0, 0xc0,

    /* U+0450 "ѐ" */
    0x0, 0x39, 0x0, 0x78, 0xbc, 0x3, 0xcb, 0x54,
    0x0, 0xf3, 0xd0, 0x7, 0x3e, 0xfe, 0xb0, 0x2,
    0x2a, 0x76, 0x20, 0xa0, 0xf2, 0x84, 0xb3, 0xc6,
    0x17, 0xff, 0x43, 0x0, 0x37, 0xff, 0x69, 0x82,
    0x80, 0x79, 0xe1, 0x88, 0x8c, 0xc0, 0x89, 0xbd,
    0xcd, 0x20,

    /* U+0451 "ё" */
    0x0, 0x84, 0x4, 0x3, 0x47, 0x86, 0x48, 0x5,
    0x54, 0xe, 0xb0, 0x8, 0x90, 0xc, 0x80, 0x27,
    0xdf, 0xd6, 0x0, 0x45, 0x4e, 0xc4, 0x14, 0x1e,
    0x50, 0x96, 0x78, 0xc2, 0xff, 0xe8, 0x60, 0x6,
    0xff, 0xed, 0x30, 0x50, 0xf, 0x3c, 0x31, 0x11,
    0x98, 0x11, 0x37, 0xb9, 0xa4,

    /* U+0452 "ђ" */
    0x6, 0xa0, 0xf, 0xb, 0x0, 0x7f, 0xf0, 0x6a,
    0xf, 0xfe, 0x70, 0xa8, 0x3f, 0xf9, 0xc0, 0x3f,
    0xf8, 0xb, 0xbd, 0x42, 0x0, 0x3e, 0xe5, 0x3d,
    0x80, 0x56, 0x69, 0x48, 0x0, 0x30, 0x8, 0x84,
    0x3, 0xda, 0x60, 0xf8, 0x1, 0x34, 0x80, 0x62,
    0xc7, 0x50, 0xd, 0x35, 0x20,

    /* U+0453 "ѓ" */
    0x0, 0xcc, 0x80, 0x13, 0x52, 0x0, 0xe, 0xf4,
    0x2, 0x3d, 0x10, 0xbf, 0xfd, 0x40, 0xff, 0xf5,
    0x0, 0x7f, 0xf6, 0x0,

    /* U+0454 "є" */
    0x0, 0x3e, 0xff, 0x40, 0x44, 0xc6, 0xeb, 0x81,
    0xed, 0x48, 0xd8, 0xc2, 0xfb, 0xa0, 0x10, 0xaf,
    0xf8, 0x8, 0xc, 0x46, 0x0, 0x44, 0x18, 0x8d,
    0xc1, 0xe2, 0xf7, 0x5e,

    /* U+0455 "ѕ" */
    0x4, 0xcf, 0xec, 0x10, 0xbb, 0x76, 0x48, 0x10,
    0x28, 0x92, 0x89, 0x2e, 0xd3, 0x8, 0x2, 0xb3,
    0x6b, 0x8c, 0x0, 0x6f, 0x87, 0x64, 0xe6, 0x28,
    0x5c, 0x19, 0xbd, 0x32, 0x60,

    /* U+0456 "і" */
    0xb9, 0xdc, 0x65, 0xb9, 0x0, 0xff, 0xe1, 0x0,

    /* U+0457 "ї" */
    0x1, 0x0, 0x8, 0xb9, 0x5b, 0x86, 0xd1, 0xec,
    0x10, 0x44, 0x80, 0xb, 0x90, 0xf, 0xfe, 0xc0,

    /* U+0458 "ј" */
    0x0, 0x5c, 0x80, 0x37, 0x0, 0xc, 0xa0, 0xb,
    0x90, 0xf, 0xfe, 0x98, 0x81, 0x2e, 0xa6, 0xa2,
    0x80,

    /* U+0459 "љ" */
    0x0, 0x37, 0xfe, 0x90, 0xf, 0x87, 0xfc, 0xa0,
    0x1f, 0x8c, 0x3, 0xfc, 0x22, 0x0, 0x9b, 0xb6,
    0x0, 0x2e, 0x70, 0x9, 0x7e, 0x5a, 0x0, 0xa,
    0x60, 0x11, 0x8a, 0x3a, 0xc, 0x1d, 0x0, 0x71,
    0x22, 0xb2, 0x59, 0x0, 0x4d, 0xf8, 0xf0,

    /* U+045A "њ" */
    0xb8, 0x0, 0xae, 0x0, 0x3f, 0xf9, 0xef, 0xdd,
    0x23, 0xf6, 0xc0, 0x1, 0xbf, 0xe3, 0x6f, 0x96,
    0x70, 0x11, 0xce, 0x22, 0x44, 0x60, 0x7, 0xe3,
    0x43, 0x0, 0xf3, 0xfe, 0xbc, 0x0,

    /* U+045B "ћ" */
    0x6, 0xa0, 0xf, 0xb, 0x0, 0x7f, 0xf0, 0x6a,
    0xf, 0xfe, 0x70, 0xa8, 0x3f, 0xf9, 0xc0, 0x3f,
    0xf8, 0xb, 0xbd, 0x42, 0x0, 0x3e, 0xe5, 0x3c,
    0x0, 0x56, 0x69, 0x68, 0x0, 0x30, 0x8, 0xcc,
    0x1, 0xf0, 0x80,

    /* U+045C "ќ" */
    0x0, 0xce, 0x40, 0x1a, 0x34, 0x80, 0x25, 0x4a,
    0x0, 0xcb, 0x80, 0x15, 0xc0, 0x1, 0xbc, 0xc0,
    0x25, 0x9c, 0x30, 0x2, 0xd5, 0x98, 0x1, 0x28,
    0x54, 0x2, 0x39, 0x2b, 0x0, 0x99, 0x9c, 0xa8,
    0x0, 0x10, 0x29, 0xa1, 0x0, 0xcc, 0x56,

    /* U+045D "ѝ" */
    0x7, 0x20, 0xe, 0x2f, 0x0, 0xe5, 0xba, 0x0,
    0xe6, 0xa0, 0xa, 0xe0, 0x0, 0x3f, 0xa0, 0x1a,
    0xc0, 0x38, 0xd5, 0xc0, 0x37, 0xc7, 0x0, 0x4c,
    0x2e, 0x1, 0xc, 0x40, 0x3, 0x32, 0xa8, 0x3,
    0xa4, 0x3, 0x0,

    /* U+045E "ў" */
    0x0, 0x69, 0x6, 0x10, 0x5, 0x3f, 0xc8, 0x40,
    0x12, 0x6f, 0x40, 0x1, 0xb8, 0x3, 0x55, 0x18,
    0x54, 0x0, 0x2b, 0xc0, 0xdc, 0x0, 0x71, 0x40,
    0xa4, 0x10, 0xa6, 0x0, 0x19, 0x98, 0xcd, 0x40,
    0x15, 0x54, 0x84, 0x1, 0x31, 0x37, 0x0, 0x72,
    0x8a, 0x80, 0x70, 0xb8, 0x6, 0x15, 0x4b, 0x0,
    0xdf, 0x50, 0x40, 0x10,

    /* U+045F "џ" */
    0xb8, 0x0, 0x9b, 0x80, 0x3f, 0xfb, 0xef, 0xff,
    0x48, 0x5f, 0xf8, 0x7b, 0xf8, 0x3, 0xe0,

    /* U+0490 "Ґ" */
    0x0, 0xe3, 0x50, 0xe, 0x4e, 0x0, 0xfa, 0xbf,
    0xf4, 0x0, 0xf, 0x33, 0x48, 0x0, 0xcf, 0x10,
    0x7, 0xff, 0x94,

    /* U+0491 "ґ" */
    0x0, 0xcb, 0x40, 0x1e, 0xbf, 0xfa, 0x80, 0xf,
    0xff, 0x50, 0x7, 0xff, 0x60,

    /* U+060C "،" */
    0x2, 0x20, 0x73, 0x29, 0xa6, 0x80, 0x0,

    /* U+061B "؛" */
    0xa, 0x52, 0x54, 0x50, 0x15, 0xa0, 0x25, 0x0,
    0xf9, 0x6c, 0x35, 0x0,

    /* U+061F "؟" */
    0x1b, 0xfe, 0xa2, 0xa6, 0xcd, 0x35, 0x4a, 0x33,
    0x4b, 0x9e, 0x0, 0x6e, 0x48, 0x0, 0x8b, 0x1d,
    0x40, 0x23, 0x5f, 0x0, 0xc6, 0x20, 0x1a, 0x24,
    0x3, 0x35, 0x80, 0x6e, 0x50, 0x0,

    /* U+0621 "ء" */
    0x0, 0xe1, 0xbf, 0xd0, 0xb6, 0xb9, 0x7, 0xa4,
    0x40, 0x24, 0xbb, 0x92, 0xd6, 0x20, 0x18, 0xf3,
    0xe9, 0xd8, 0xc0, 0x0,

    /* U+0622 "آ" */
    0x7, 0x10, 0x34, 0x52, 0xbb, 0x95, 0x61, 0x28,
    0x10, 0xf, 0xff, 0x80,

    /* U+0623 "أ" */
    0xa, 0x90, 0x23, 0xb0, 0x9, 0x0, 0x89, 0xe0,
    0x1f, 0xfd, 0xd0,

    /* U+0624 "ؤ" */
    0x0, 0xa6, 0x80, 0x30, 0x9d, 0x0, 0x72, 0x59,
    0x0, 0x43, 0xd6, 0x40, 0x11, 0x6f, 0xd0, 0x5,
    0x23, 0x48, 0xe0, 0x1c, 0xba, 0x0, 0x97, 0xa4,
    0x0, 0x8a, 0xf8, 0x70, 0x4, 0x9b, 0xc9, 0xa7,
    0xb6, 0x1b, 0x2, 0x37, 0xb9, 0x0, 0x0,

    /* U+0625 "إ" */
    0xb, 0x90, 0xf, 0xfe, 0xf0, 0x98, 0x19, 0x50,
    0xb, 0x58, 0x17, 0x58, 0x0,

    /* U+0626 "ئ" */
    0x0, 0x2d, 0x20, 0x7, 0xef, 0xa4, 0x0, 0xfc,
    0x78, 0xc0, 0x1f, 0xbe, 0x19, 0x33, 0xb0, 0xc0,
    0x26, 0x40, 0xb4, 0xc4, 0xf0, 0xf, 0x9, 0xb4,
    0x60, 0x1, 0xd0, 0x1, 0x83, 0x7a, 0x20, 0x8,
    0x70, 0x1, 0x57, 0x84, 0x80, 0x4e, 0x1, 0x94,
    0xb8, 0x0, 0xf7, 0x53, 0x7d, 0x4e, 0xc0, 0x8,
    0xb3, 0x3, 0xbf, 0x80, 0x0,

    /* U+0627 "ا" */
    0xb9, 0x0, 0xff, 0xe4, 0x0,

    /* U+0628 "ب" */
    0x6, 0x30, 0xf, 0x86, 0x0, 0x12, 0x1, 0xf8,
    0xdc, 0x40, 0xe, 0x1, 0xf4, 0x8, 0x81, 0x69,
    0xd0, 0xd1, 0xe7, 0x93, 0x40, 0x15, 0x37, 0x6c,
    0xab, 0xb, 0xe3, 0x0, 0x9f, 0x3f, 0xdd, 0x92,
    0xa0, 0x1f, 0x96, 0x40, 0x3f, 0xe5, 0x80, 0xf,
    0x0,

    /* U+0629 "ة" */
    0x4, 0xa8, 0x60, 0x9, 0x2e, 0x18, 0x3, 0x8,
    0x7, 0x2f, 0xf4, 0x0, 0x56, 0xd6, 0x98, 0x0,
    0x1a, 0x5c, 0x34, 0x1, 0xb2, 0x70, 0x60, 0xb5,
    0xdb, 0xa2,

    /* U+062A "ت" */
    0x0, 0xc7, 0x6e, 0xe0, 0xf, 0x42, 0x1, 0xd3,
    0xb8, 0x0, 0x5e, 0x0, 0x77, 0x0, 0x4, 0x3,
    0x8, 0x6, 0x70, 0xf, 0xf, 0x98, 0x1, 0x6a,
    0x10, 0xd5, 0xef, 0x83, 0x40, 0x15, 0x9, 0x79,
    0x76, 0x3b, 0xc1, 0x0,

    /* U+062B "ث" */
    0x0, 0xe5, 0x90, 0xf, 0xf1, 0xc8, 0xb8, 0x7,
    0xa1, 0x0, 0xf6, 0x1c, 0x0, 0x5e, 0x0, 0x77,
    0x0, 0x4, 0x3, 0x8, 0x6, 0x70, 0xf, 0xf,
    0x98, 0x1, 0x6a, 0x10, 0xd5, 0xef, 0x83, 0x40,
    0x15, 0x9, 0x79, 0x76, 0x3b, 0xc1, 0x0,

    /* U+062C "ج" */
    0x9c, 0xef, 0xed, 0x60, 0x0, 0xcb, 0x1, 0xa9,
    0x0, 0x20, 0xde, 0xb6, 0x10, 0x0, 0x53, 0x6a,
    0x1, 0xd4, 0x68, 0x1, 0xe1, 0x60, 0x5, 0xa8,
    0x5, 0xe8, 0x0, 0xb5, 0x0, 0x98, 0x2c, 0xc0,
    0x4, 0xe0, 0xc, 0x1c, 0xff, 0x6e, 0x0, 0xa,
    0xbf, 0xb7, 0xec, 0x0,

    /* U+062D "ح" */
    0x9c, 0xef, 0xed, 0x60, 0x0, 0xcb, 0x1, 0xa9,
    0x0, 0x20, 0xde, 0xb6, 0x10, 0x0, 0x53, 0x6a,
    0x1, 0xd4, 0x68, 0x1, 0xe1, 0x60, 0xf, 0xbd,
    0x0, 0x3e, 0x60, 0xb3, 0x0, 0x14, 0x0, 0x30,
    0x73, 0xfd, 0xa6, 0x0, 0x2a, 0xfe, 0xdf, 0xb0,

    /* U+062E "خ" */
    0x0, 0xb8, 0x3, 0xf7, 0x80, 0x7e, 0x10, 0xe,
    0x9c, 0xef, 0xed, 0x60, 0x0, 0xcb, 0x1, 0xa9,
    0x0, 0x20, 0xde, 0xb6, 0x10, 0x0, 0x53, 0x6a,
    0x1, 0xd4, 0x68, 0x1, 0xe1, 0x60, 0xf, 0xbd,
    0x0, 0x3e, 0x60, 0xb3, 0x0, 0x14, 0x0, 0x30,
    0x73, 0xfd, 0xa6, 0x0, 0x2a, 0xfe, 0xdf, 0xb0,

    /* U+062F "د" */
    0x0, 0x37, 0x18, 0x4, 0xcc, 0xe0, 0xd, 0x4,
    0x80, 0x18, 0x46, 0x54, 0xb1, 0x70, 0xbb, 0x3d,
    0x90,

    /* U+0630 "ذ" */
    0x0, 0x59, 0x80, 0x6a, 0x30, 0xc, 0xac, 0x1,
    0x96, 0x1c, 0x2, 0x1b, 0x81, 0x0, 0x94, 0x10,
    0x3, 0x8, 0xa, 0xa6, 0xa, 0x5, 0xd8, 0x30,
    0x40,

    /* U+0631 "ر" */
    0x0, 0xe6, 0x80, 0xe, 0x36, 0x0, 0xff, 0xe0,
    0x7a, 0x80, 0x65, 0x57, 0x81, 0x2d, 0xd3, 0xa4,
    0xed, 0x16, 0x40, 0x47, 0x7c, 0x98, 0x0,

    /* U+0632 "ز" */
    0x0, 0xea, 0x40, 0xe, 0xb4, 0x0, 0xf0, 0x80,
    0x73, 0x68, 0x7, 0x11, 0x0, 0x38, 0xcc, 0x1,
    0xda, 0xe0, 0x19, 0xd2, 0x40, 0x97, 0x22, 0x4e,
    0x76, 0x9b, 0x58, 0x23, 0x7e, 0x88, 0x0,

    /* U+0633 "س" */
    0x0, 0xff, 0xe1, 0x13, 0x80, 0x7c, 0xe4, 0x0,
    0x73, 0x7, 0x90, 0xf, 0xb1, 0x40, 0x12, 0xa0,
    0x18, 0xd8, 0x3, 0x1d, 0x80, 0x8b, 0xc0, 0xcc,
    0x1e, 0x20, 0x1b, 0xce, 0xa8, 0x2d, 0x16, 0x80,
    0x68, 0x1, 0xb8, 0x91, 0x75, 0x9d, 0xa0, 0x40,
    0x38, 0x5a, 0xbb, 0x87, 0x3f, 0x62, 0x34, 0x90,
    0xa6, 0x13, 0x80, 0x7e, 0xa4, 0xde, 0xb7, 0xc0,
    0xf, 0xe4, 0xed, 0xce, 0xa1, 0x0, 0xfc,

    /* U+0634 "ش" */
    0x0, 0xfe, 0x86, 0x0, 0xff, 0xe0, 0xb0, 0xea,
    0x0, 0x7f, 0xf0, 0x1a, 0x29, 0x0, 0x4, 0xe0,
    0x1f, 0x31, 0x8, 0x98, 0x81, 0xe4, 0x3, 0xed,
    0x50, 0x4, 0x20, 0x6, 0x58, 0x0, 0xc7, 0x60,
    0x22, 0xf0, 0x33, 0x4, 0x70, 0x6, 0xf3, 0xaa,
    0xb, 0x45, 0xa0, 0x12, 0x80, 0x6e, 0x24, 0x5d,
    0x67, 0x68, 0x10, 0xe, 0x16, 0xae, 0xe1, 0xcf,
    0xd8, 0x8d, 0x4, 0x29, 0x84, 0xe0, 0x1f, 0xa9,
    0x77, 0xad, 0xf0, 0x3, 0xf9, 0x3b, 0x73, 0xa8,
    0x40, 0x3f, 0x0,

    /* U+0635 "ص" */
    0x0, 0xff, 0xa3, 0x7a, 0xc8, 0x3, 0xf8, 0x75,
    0x63, 0x5e, 0x40, 0x90, 0x3, 0x6b, 0x63, 0x6a,
    0x9a, 0xb0, 0x76, 0x0, 0x66, 0x93, 0xf4, 0x6c,
    0x6b, 0x3, 0xb0, 0xc, 0xe4, 0x37, 0x73, 0x63,
    0x8, 0x7, 0x9, 0xc7, 0xfd, 0xb4, 0x60, 0x22,
    0x92, 0x14, 0xd1, 0x50, 0xf, 0xd4, 0x9b, 0xd6,
    0x18, 0x1, 0xfc, 0x9d, 0xb9, 0xd8, 0x40, 0x1f,
    0x80,

    /* U+0636 "ض" */
    0x0, 0xfc, 0x94, 0x1, 0xff, 0xc2, 0x4b, 0x0,
    0xff, 0xe1, 0x88, 0x46, 0xf5, 0x90, 0x7, 0xf0,
    0xea, 0xc6, 0xbc, 0x81, 0x20, 0x6, 0xd6, 0xc6,
    0xd5, 0x35, 0x60, 0xec, 0x0, 0xcd, 0x27, 0xe8,
    0xd8, 0xd6, 0x7, 0x60, 0x19, 0xc8, 0x6e, 0xe6,
    0xc6, 0x10, 0xe, 0x13, 0x8f, 0xfb, 0x68, 0xc0,
    0x45, 0x24, 0x29, 0xa2, 0xa0, 0x1f, 0xa9, 0x37,
    0xac, 0x30, 0x3, 0xf9, 0x3b, 0x73, 0xb0, 0x80,
    0x3f, 0x0,

    /* U+0637 "ط" */
    0x0, 0xa3, 0x0, 0x3f, 0xff, 0xcf, 0xbf, 0x86,
    0x1, 0xc3, 0x93, 0x78, 0xdc, 0x1, 0xda, 0x1e,
    0xc7, 0xa4, 0x8, 0x82, 0x33, 0x4a, 0xb5, 0xc3,
    0x85, 0xd9, 0x40, 0x15, 0x70, 0x37, 0x0,

    /* U+0638 "ظ" */
    0x0, 0xa3, 0x0, 0x3f, 0xfc, 0xa9, 0x40, 0x1f,
    0xe4, 0xb0, 0xf, 0xf9, 0xb7, 0xf0, 0xc0, 0x38,
    0x72, 0x6f, 0x1b, 0x80, 0x3b, 0x43, 0xd8, 0xf4,
    0x81, 0x10, 0x46, 0x69, 0x56, 0xb8, 0x70, 0xbb,
    0x28, 0x2, 0xae, 0x6, 0xe0,

    /* U+0639 "ع" */
    0x0, 0x1d, 0xf3, 0x0, 0x62, 0xc3, 0xa7, 0x0,
    0xd4, 0x90, 0x82, 0x20, 0xb, 0xd5, 0xa7, 0xb8,
    0x1, 0x39, 0x4a, 0x4e, 0x0, 0x4e, 0x73, 0xae,
    0x60, 0x14, 0x4b, 0x0, 0x71, 0x3, 0x80, 0x78,
    0xc0, 0xc0, 0x3c, 0x2b, 0xe8, 0x0, 0x27, 0x20,
    0xa4, 0xaf, 0xf6, 0xd9, 0x80, 0x27, 0xb9, 0xbf,
    0x82,

    /* U+063A "غ" */
    0x0, 0x34, 0x0, 0x7c, 0xd2, 0x1, 0xf1, 0xd7,
    0x30, 0x6, 0x2c, 0x3a, 0x70, 0xd, 0x49, 0x8,
    0x22, 0x0, 0xbd, 0x5a, 0x7b, 0x80, 0x13, 0x94,
    0xa4, 0xe0, 0x4, 0xe7, 0x3a, 0xe6, 0x1, 0x44,
    0xb0, 0x7, 0x10, 0x38, 0x7, 0x8c, 0xc, 0x3,
    0xc2, 0xbe, 0x80, 0x2, 0x72, 0xa, 0x4a, 0xff,
    0x6d, 0x98, 0x2, 0x7b, 0x9b, 0xf8, 0x20,

    /* U+0640 "ـ" */
    0x4, 0x4c, 0x5, 0x77, 0x8c,

    /* U+0641 "ف" */
    0x0, 0xff, 0x43, 0x0, 0x7f, 0xf0, 0x25, 0xc0,
    0x3f, 0xe5, 0xfe, 0x60, 0xf, 0xf5, 0x3c, 0x49,
    0x0, 0x7e, 0x10, 0xd6, 0x7, 0xd, 0x50, 0xe,
    0x16, 0xbe, 0x6, 0x12, 0x60, 0xf, 0x4f, 0x48,
    0x10, 0x97, 0xa0, 0x80, 0x4, 0xda, 0xa6, 0x4,
    0x3d, 0xaf, 0xbf, 0xdd, 0x96, 0x58, 0xe0, 0x2,
    0xaf, 0xdc, 0xdd, 0x7e, 0xc9, 0x80, 0x0,

    /* U+0642 "ق" */
    0x0, 0xe2, 0xc7, 0x80, 0xf, 0x16, 0xbc, 0x0,
    0x7c, 0x20, 0x1f, 0x87, 0x3e, 0xc0, 0x3d, 0x3,
    0x4c, 0xe0, 0x1c, 0x4c, 0xad, 0x80, 0x86, 0x0,
    0x85, 0xf5, 0x70, 0xb0, 0x8, 0xfb, 0x8c, 0xe6,
    0x6, 0x1, 0x85, 0xb4, 0x3, 0xeb, 0x26, 0x31,
    0x91, 0x26, 0xd6, 0xd0, 0x5, 0x37, 0x6c, 0xa6,
    0x88, 0x1, 0x3f, 0x37, 0xe4, 0x2,

    /* U+0643 "ك" */
    0x0, 0xfc, 0x5e, 0x20, 0x1f, 0xfc, 0xf7, 0x60,
    0xf, 0xc5, 0xcc, 0x1, 0xf8, 0xaa, 0x40, 0x3f,
    0x3c, 0xd0, 0x7, 0xe7, 0xa3, 0x1, 0x1, 0xd,
    0x40, 0xe, 0xa2, 0x0, 0xa1, 0x4c, 0x96, 0xda,
    0x0, 0x1e, 0xd7, 0x9b, 0x63, 0x8a, 0x0,

    /* U+0644 "ل" */
    0x0, 0xf9, 0x78, 0x3, 0xff, 0xe8, 0x22, 0x0,
    0xc6, 0x0, 0xc7, 0x0, 0xdc, 0x40, 0x44, 0x0,
    0xca, 0xa0, 0x3f, 0x21, 0x5c, 0x8, 0xe, 0x6d,
    0xea, 0x5c, 0x10, 0x2d, 0xed, 0xf9, 0x10,

    /* U+0645 "م" */
    0x0, 0xff, 0x97, 0xfd, 0x40, 0x10, 0xd3, 0x52,
    0x40, 0xc, 0x6, 0xa9, 0x8, 0x53, 0xa5, 0xf9,
    0x50, 0x25, 0xdb, 0xb7, 0x8c, 0x3, 0x9, 0x0,
    0x7f, 0xf1, 0x80,

    /* U+0646 "ن" */
    0x0, 0xb8, 0x3, 0xf7, 0x80, 0x15, 0x40, 0x18,
    0x40, 0x7, 0x60, 0xe8, 0x1, 0x90, 0x4a, 0x4,
    0x3, 0x18, 0x8, 0x8, 0x6, 0x20, 0x11, 0x10,
    0x6, 0xa2, 0x23, 0x42, 0x8, 0x9d, 0xa4, 0x21,
    0xef, 0xb9, 0x56, 0x80, 0x9, 0xfc, 0xdd, 0x20,
    0x0,

    /* U+0647 "ه" */
    0x0, 0xfc, 0xbf, 0xd0, 0x1, 0x5b, 0x5a, 0x60,
    0x0, 0x69, 0x70, 0xd0, 0x6, 0xc9, 0xc1, 0x82,
    0xd7, 0x6e, 0x88,

    /* U+0648 "و" */
    0x0, 0xfe, 0x2d, 0xfa, 0x0, 0xa4, 0x69, 0x1c,
    0x3, 0x97, 0x40, 0x12, 0xf4, 0x80, 0x11, 0x5f,
    0xe, 0x0, 0x93, 0x79, 0x34, 0xf6, 0xc3, 0x60,
    0x46, 0xf7, 0x20, 0x0,

    /* U+0649 "ى" */
    0x0, 0xe4, 0xce, 0xc3, 0x0, 0xf5, 0xa6, 0x27,
    0x80, 0x78, 0x4d, 0xa3, 0x0, 0xe, 0x80, 0xc,
    0x1b, 0xd1, 0x0, 0x43, 0x80, 0xa, 0xbc, 0x24,
    0x2, 0x70, 0xc, 0xa5, 0xc0, 0x7, 0xba, 0x9b,
    0xea, 0x76, 0x0, 0x45, 0x98, 0x1d, 0xfc, 0x0,
    0x0,

    /* U+064A "ي" */
    0x0, 0xe4, 0xce, 0xc3, 0x0, 0xf5, 0xa6, 0x27,
    0x80, 0x78, 0x4d, 0xa3, 0x0, 0x10, 0x80, 0xf,
    0x2a, 0xd2, 0x0, 0x3b, 0x80, 0x3, 0x3c, 0x16,
    0x1, 0x30, 0x6, 0x62, 0xf0, 0x4, 0x55, 0xd6,
    0x7c, 0x41, 0x80, 0xf, 0xb8, 0x55, 0x9c, 0xe0,
    0x18, 0xbf, 0xa8, 0x40, 0x3e, 0x96, 0xd2, 0x0,
    0xc0,

    /* U+064B "ً" */
    0x0, 0xa, 0x9a, 0xe5, 0x98, 0xaf, 0xee, 0x22,
    0xd9, 0xdb, 0x0,

    /* U+064C "ٌ" */
    0x0, 0x5d, 0x81, 0x88, 0xd5, 0x46, 0xdf, 0x6a,
    0xaf, 0xf2, 0x80,

    /* U+064D "ٍ" */
    0x4, 0x7b, 0x65, 0x33, 0x4b, 0xb6, 0xc4, 0xa8,
    0xc6, 0x5a, 0x0,

    /* U+064E "َ" */
    0x3, 0x7a, 0x65, 0xb3, 0xb6,

    /* U+064F "ُ" */
    0x0, 0x5d, 0x80, 0x25, 0x58, 0x5, 0xf1, 0x5a,
    0x20, 0x40,

    /* U+0650 "ِ" */
    0x1, 0x47, 0x56, 0xa3, 0x32, 0x80,

    /* U+0651 "ّ" */
    0x0, 0x28, 0xcc, 0xf, 0x1, 0x88, 0x2c, 0x6e,
    0x62, 0xbd, 0xc0,

    /* U+0652 "ْ" */
    0x9, 0xd8, 0x4, 0x3d, 0x24, 0x0, 0xe4, 0x3d,
    0x24,

    /* U+0660 "٠" */
    0xb5, 0x4d,

    /* U+0661 "١" */
    0xe, 0x60, 0x3, 0x50, 0x2, 0xcc, 0x40, 0xc1,
    0x40, 0x9, 0x80, 0x2, 0x20, 0x0, 0x44, 0x0,
    0xf7, 0x0, 0xc0,

    /* U+0662 "٢" */
    0x4f, 0x20, 0x3, 0xe2, 0xf, 0x11, 0x29, 0x1,
    0x8f, 0x74, 0x32, 0x18, 0x1b, 0xac, 0x10, 0x40,
    0x12, 0x0, 0xc2, 0xc0, 0x1c, 0x66, 0x0, 0xe1,
    0x0, 0xf8, 0x40, 0x20,

    /* U+0663 "٣" */
    0x4f, 0x18, 0xb1, 0xf1, 0x41, 0x71, 0x65, 0x0,
    0x9e, 0x58, 0xac, 0xc4, 0x30, 0x33, 0xb7, 0x0,
    0x8, 0x2, 0x22, 0x0, 0x84, 0x18, 0x3, 0xc2,
    0x20, 0xf, 0x19, 0x80, 0x3f, 0xf8, 0x0,

    /* U+0664 "٤" */
    0x0, 0x90, 0xc0, 0x9, 0xd6, 0xc0, 0x36, 0xde,
    0xa0, 0x17, 0x80, 0x43, 0x10, 0xb0, 0x2, 0x43,
    0x48, 0x3, 0xda, 0x48, 0x2, 0xe0, 0xd, 0x92,
    0xad, 0x4a, 0xee, 0xa8, 0x17,

    /* U+0665 "٥" */
    0x0, 0xfe, 0x5f, 0xc0, 0x8, 0x6a, 0x6, 0x40,
    0x12, 0x6f, 0x2c, 0x0, 0x5b, 0x4, 0x15, 0x2,
    0x40, 0x2, 0xe8, 0x80, 0x61, 0x18, 0x18, 0x0,
    0xe2, 0x9, 0xb, 0x5, 0x81, 0x4d, 0x4b, 0x28,

    /* U+0666 "٦" */
    0x22, 0x0, 0x8, 0xc1, 0x37, 0xfd, 0xbe, 0xd,
    0xdb, 0xa8, 0x10, 0x0, 0x91, 0x46, 0x1, 0xc2,
    0x20, 0xe, 0x70, 0x10, 0xc, 0x40, 0x40, 0x18,
    0x44, 0xc0, 0x1c, 0xb8, 0x1, 0xc6, 0xa0,

    /* U+0667 "٧" */
    0x5e, 0x0, 0x9f, 0x41, 0x41, 0x80, 0x13, 0x60,
    0x6, 0xb0, 0x41, 0x60, 0x5, 0x11, 0x39, 0x40,
    0x22, 0x22, 0xa7, 0x80, 0x65, 0x91, 0x40, 0xd,
    0x82, 0x42, 0x1, 0x94, 0x10, 0x3, 0x84, 0x5c,
    0x1, 0x0,

    /* U+0668 "٨" */
    0x0, 0xb9, 0xc0, 0x38, 0x45, 0xc0, 0x1c, 0xa0,
    0x80, 0x1d, 0x82, 0x42, 0x1, 0x95, 0x81, 0x0,
    0x22, 0x25, 0x2f, 0x80, 0x54, 0x44, 0xe5, 0x0,
    0x9a, 0xc1, 0x5, 0x81, 0x41, 0x80, 0x13, 0x60,

    /* U+0669 "٩" */
    0x0, 0xfc, 0x7b, 0xf4, 0x0, 0x1c, 0x5a, 0x48,
    0x5, 0x8, 0x59, 0x50, 0x50, 0x71, 0x11, 0x80,
    0xd4, 0xf4, 0x88, 0x1, 0x7b, 0x6c, 0xc, 0x2,
    0x24, 0x6, 0x0, 0xe3, 0xc0, 0xe, 0x45,

    /* U+067E "پ" */
    0x6, 0x30, 0xf, 0x86, 0x0, 0x12, 0x1, 0xf8,
    0xdc, 0x40, 0xe, 0x1, 0xf4, 0x8, 0x81, 0x69,
    0xd0, 0xd1, 0xe7, 0x93, 0x40, 0x15, 0x37, 0x6c,
    0xab, 0xb, 0xe3, 0x0, 0x9f, 0x30, 0x93, 0x72,
    0xa0, 0x1f, 0x1d, 0x3b, 0x80, 0x3f, 0xc9, 0x20,
    0x1f, 0xf2, 0xc0, 0x7, 0x80,

    /* U+0686 "چ" */
    0x9c, 0xef, 0xed, 0x60, 0x0, 0xcb, 0x1, 0xa9,
    0x0, 0x20, 0xde, 0xb6, 0x10, 0x0, 0x53, 0x6a,
    0x1, 0xd4, 0x68, 0xcf, 0x66, 0x0, 0x16, 0x6,
    0xed, 0x30, 0x7, 0xa0, 0x2, 0x18, 0x2, 0x60,
    0xb3, 0x10, 0x3a, 0x0, 0x60, 0xe7, 0xfb, 0x4,
    0x0, 0x55, 0xfd, 0xbf, 0x60,

    /* U+0698 "ژ" */
    0x0, 0xea, 0x40, 0xe, 0x8d, 0x92, 0x0, 0xd2,
    0xf8, 0x40, 0x18, 0x44, 0x1, 0xf3, 0x68, 0x7,
    0x88, 0x80, 0x1e, 0x33, 0x0, 0x7b, 0x5c, 0x3,
    0x9d, 0x24, 0x0, 0x4b, 0x91, 0x26, 0x13, 0xb4,
    0xda, 0xc0, 0x8, 0xdf, 0xa2, 0x0, 0x80,

    /* U+06A9 "ک" */
    0x0, 0xff, 0xe5, 0xae, 0x40, 0x7, 0xc3, 0x1d,
    0x76, 0x90, 0xf, 0x1f, 0x25, 0xf3, 0x88, 0x7,
    0xac, 0x71, 0x40, 0x3f, 0xac, 0x58, 0x3, 0xfc,
    0x73, 0x24, 0x0, 0xc6, 0x40, 0x19, 0x99, 0x42,
    0x1, 0x63, 0x0, 0x74, 0x83, 0x0, 0x4, 0x1c,
    0x3, 0xc7, 0xe0, 0x1, 0x3f, 0x41, 0x2, 0x7e,
    0x2a, 0x0, 0xb5, 0xaf, 0xbf, 0x6a, 0x78, 0x80,
    0x21, 0xaf, 0xdd, 0x76, 0xb8, 0x80, 0x40,

    /* U+06AF "گ" */
    0x0, 0xff, 0xe5, 0xa5, 0xc0, 0x7, 0xc2, 0xfb,
    0xfd, 0x20, 0x1e, 0x4f, 0xfb, 0xa6, 0x40, 0x1e,
    0x5c, 0xc, 0xbb, 0x48, 0x7, 0x8b, 0x52, 0xf9,
    0xc4, 0x3, 0xd6, 0x38, 0xa0, 0x1f, 0xd6, 0x2c,
    0x1, 0xfe, 0x39, 0x92, 0x0, 0x63, 0x20, 0xc,
    0xcc, 0xa1, 0x0, 0xb1, 0x80, 0x3a, 0x41, 0x80,
    0x2, 0xe, 0x1, 0xe3, 0xf0, 0x0, 0x9f, 0xa0,
    0x81, 0x3f, 0x15, 0x0, 0x5a, 0xd7, 0xdf, 0xb5,
    0x3c, 0x40, 0x10, 0xd7, 0xee, 0xbb, 0x5c, 0x40,
    0x20,

    /* U+06CC "ی" */
    0x0, 0xe4, 0xce, 0xc3, 0x0, 0xf5, 0xa6, 0x27,
    0x80, 0x78, 0x4d, 0xa3, 0x0, 0xe, 0x80, 0xc,
    0x1b, 0xd1, 0x0, 0x43, 0x80, 0xa, 0xbc, 0x24,
    0x2, 0x70, 0xc, 0xa5, 0xc0, 0x7, 0xba, 0x9b,
    0xea, 0x76, 0x0, 0x45, 0x98, 0x1d, 0xfc, 0x0,
    0x0,

    /* U+2013 "–" */
    0x5f, 0xfe, 0x50,

    /* U+2014 "—" */
    0x5f, 0xff, 0xfe, 0x2, 0x80,

    /* U+2018 "‘" */
    0xe, 0x17, 0x21, 0xb6, 0x9, 0xe0,

    /* U+2019 "’" */
    0x3f, 0x36, 0x13, 0xc9, 0xa, 0x70,

    /* U+201A "‚" */
    0x16, 0x15, 0x93, 0x22, 0xb6, 0x0,

    /* U+201C "“" */
    0xe, 0x12, 0xd7, 0x21, 0x84, 0xb6, 0x5, 0xe9,
    0xe0, 0x95,

    /* U+201D "”" */
    0x4f, 0x37, 0xf1, 0x2, 0xf2, 0xc7, 0x14, 0x8c,
    0x90, 0xa5,

    /* U+201E "„" */
    0x16, 0x13, 0x65, 0x93, 0x49, 0x22, 0xb5, 0x76,
    0x1, 0xe0,

    /* U+2022 "•" */
    0x0, 0x8, 0x1, 0x3f, 0xa0, 0x24, 0x0, 0xe2,
    0x20, 0x8, 0x7c, 0x86, 0x40,

    /* U+2026 "…" */
    0x4c, 0x0, 0xa2, 0x0, 0x16, 0x21, 0x18, 0x80,
    0xc, 0xc0, 0x1, 0x32,

    /* U+2190 "←" */
    0x0, 0x88, 0x3, 0xfa, 0x30, 0x3, 0xf4, 0x36,
    0x80, 0x7c, 0x8e, 0x39, 0xff, 0xee, 0x44, 0xd,
    0xe6, 0x7c, 0x16, 0xb2, 0x67, 0xe2, 0x0, 0x5c,
    0x0, 0x7c,

    /* U+2191 "↑" */
    0x0, 0x8c, 0x3, 0x9b, 0x2c, 0x2, 0x69, 0x4,
    0xb0, 0x19, 0xb1, 0xa6, 0x60, 0xf2, 0x0, 0xe3,
    0x0, 0x80, 0x42, 0x1, 0xff, 0xd8,

    /* U+2192 "→" */
    0x0, 0xfc, 0x40, 0x1f, 0xe3, 0xd4, 0x0, 0xfe,
    0x39, 0xb4, 0x3, 0xff, 0xfa, 0x42, 0xc0, 0xf3,
    0x3e, 0x90, 0x80, 0x1, 0x9f, 0x82, 0x61, 0xc0,
    0x3f, 0x1d, 0x38, 0x0,

    /* U+2193 "↓" */
    0x0, 0x88, 0x3, 0xd8, 0x80, 0x1f, 0xfd, 0xa3,
    0x0, 0x88, 0x7, 0x1c, 0xf, 0x18, 0x72, 0x6,
    0x19, 0x80, 0x78, 0xf, 0x0, 0x11, 0xfc, 0x0,
    0x0,

    /* U+2328 "⌨" */
    0x0, 0xff, 0xe4, 0xdf, 0xff, 0xff, 0x13, 0x44,
    0x49, 0xb5, 0x39, 0x35, 0x95, 0x37, 0x68, 0xc9,
    0x95, 0x8a, 0x80, 0x99, 0xc0, 0x18, 0xcc, 0x1,
    0xff, 0xd, 0x12, 0xd1, 0xad, 0x19, 0xbb, 0x8b,
    0x32, 0xd0, 0xe, 0x43, 0x1b, 0x21, 0xb2, 0x12,
    0xd1, 0x70, 0xf, 0xb5, 0x88, 0xdc, 0x8d, 0x8b,
    0x58, 0x6d, 0xf4, 0x3, 0x89, 0x20, 0x96, 0x49,
    0x3f, 0x1a, 0x95, 0x46, 0x1, 0x88, 0x45, 0xe5,
    0x8d, 0x98, 0x13, 0x36, 0xc, 0x88, 0x0, 0x44,
    0xa, 0x64, 0xdf, 0xfe, 0x30, 0x36, 0x50, 0x70,
    0x4d, 0xcb, 0xfd, 0xaa, 0xf5, 0xfd, 0xee, 0x9,
    0x80,

    /* U+25B6 "▶" */
    0xb4, 0x0, 0xfe, 0x4b, 0xc4, 0x0, 0xfe, 0x3b,
    0xc4, 0x0, 0xfe, 0x3b, 0xc4, 0x0, 0xfe, 0x3b,
    0xc4, 0x0, 0xfe, 0x3a, 0x40, 0xf, 0x86, 0x39,
    0x0, 0x38, 0x63, 0x9c, 0x3, 0x86, 0x39, 0xc0,
    0x38, 0x63, 0x9c, 0x3, 0xd1, 0xce, 0x1, 0xf8,

    /* U+26A0 "⚠" */
    0x0, 0xff, 0xe2, 0x8d, 0x80, 0x7f, 0xa0, 0xd0,
    0x3, 0xf1, 0x8f, 0x78, 0x7, 0xe9, 0xaa, 0x73,
    0x0, 0x79, 0x70, 0x9d, 0x70, 0x3, 0xde, 0xc0,
    0x61, 0x2e, 0x1, 0x9b, 0x80, 0x18, 0x7, 0xa2,
    0x1, 0x62, 0x0, 0x1c, 0x1, 0x12, 0x0, 0x88,
    0x0, 0x6, 0x80, 0x4, 0x23, 0x35, 0xcc, 0xa0,
    0x26, 0x63, 0xb0,

    /* U+2713 "✓" */
    0x0, 0xe2, 0xa2, 0x0, 0xc3, 0x86, 0x40, 0x1a,
    0x8a, 0x40, 0x33, 0xae, 0x80, 0x8, 0xa8, 0xa1,
    0x0, 0x7c, 0xf3, 0x20, 0x4, 0x88, 0x19, 0x0,
    0xd6, 0x9c, 0x1, 0xc0,

    /* U+2717 "✗" */
    0x0, 0xf8, 0x40, 0x22, 0xb2, 0x3, 0xf9, 0x0,
    0x1a, 0x59, 0x69, 0xc8, 0x0, 0x51, 0xbc, 0x30,
    0x3, 0x70, 0x15, 0x8, 0x6, 0x20, 0x3, 0x0,
    0x63, 0x81, 0x8, 0x0, 0x87, 0x43, 0xd, 0x48,
    0x1, 0x63, 0x25, 0xc0, 0xc0, 0x6a, 0x6c, 0x5,
    0xa8, 0x1, 0x70, 0x4, 0x40, 0x3, 0xf2, 0x0,
    0xf0,

    /* U+F05A "" */
    0x0, 0xe2, 0x44, 0x10, 0x7, 0xe4, 0xdd, 0x5d,
    0xb7, 0x48, 0x1, 0xd3, 0x64, 0x1, 0x8a, 0xe4,
    0x2, 0x76, 0x0, 0xfc, 0xce, 0x5, 0x0, 0x1a,
    0x20, 0x1, 0xa0, 0xac, 0x3, 0x88, 0x80, 0x1d,
    0x68, 0x1, 0xd1, 0x40, 0x1c, 0x84, 0x1, 0xab,
    0x70, 0x3, 0x88, 0x40, 0x35, 0x39, 0x0, 0x70,
    0x90, 0x7, 0x78, 0x7, 0x8a, 0xc0, 0x34, 0xc0,
    0xc8, 0x6, 0xb7, 0x20, 0xa, 0xa2, 0x14, 0x1,
    0x13, 0x87, 0x0, 0x46, 0xee, 0x30, 0xb, 0x80,
    0x7, 0x84, 0x1, 0xe2, 0xc3, 0x0, 0x8f, 0x60,
    0xc4, 0x47, 0x1a, 0x60, 0x0,

    /* U+F0ED "" */
    0x0, 0xe1, 0x42, 0x0, 0xff, 0xe0, 0x4f, 0x5e,
    0xd8, 0x7, 0xfa, 0x98, 0x2, 0x4b, 0x47, 0x30,
    0xe, 0x25, 0x0, 0xe4, 0xb8, 0xc6, 0x0, 0xce,
    0x1, 0xfe, 0x80, 0x8, 0x7c, 0x3, 0x5b, 0x80,
    0x7c, 0x3e, 0xa0, 0x19, 0xfc, 0x3, 0x88, 0x2c,
    0x40, 0x26, 0x60, 0x2, 0xc, 0x0, 0x38, 0x48,
    0x1, 0xd2, 0x6e, 0xe0, 0xc, 0x36, 0x1, 0xcd,
    0x0, 0xc, 0x30, 0xc, 0x48, 0x1, 0xcf, 0x58,
    0x60, 0x1c, 0x76, 0x20, 0x1c, 0xa6, 0x1, 0xc3,
    0x23, 0xea, 0x40, 0x1f, 0x85, 0x70, 0x40,

    /* U+F12E "" */
    0x0, 0xff, 0xe3, 0x9e, 0xf3, 0x80, 0x7f, 0xd6,
    0x43, 0x60, 0x1f, 0xf4, 0x80, 0x28, 0x3, 0xe3,
    0x88, 0xac, 0x1, 0x50, 0xc0, 0x1d, 0xae, 0xf2,
    0x80, 0xd, 0xe5, 0xc0, 0x30, 0x80, 0x7f, 0x78,
    0x6, 0x6b, 0xe1, 0x0, 0xf3, 0x4f, 0xc8, 0x4a,
    0xb, 0x80, 0x78, 0x58, 0x18, 0x14, 0x0, 0xa0,
    0x1f, 0x10, 0x18, 0x56, 0xd9, 0x80, 0x79, 0xb6,
    0xf4, 0x0, 0x48, 0x2, 0xf2, 0x40, 0x1, 0x4,
    0x10, 0xe, 0x98, 0x6f, 0x0, 0xff, 0xb0, 0x0,
    0xa0, 0x1f, 0x40, 0x80, 0x14, 0x82, 0xc0, 0xa8,
    0x3, 0x0,

    /* U+F15C "" */
    0x0, 0xff, 0x9b, 0xff, 0xb4, 0xc0, 0x29, 0x0,
    0xc2, 0x5a, 0x60, 0x1f, 0x2d, 0xe, 0x18, 0x7,
    0xcb, 0x41, 0x84, 0x1, 0xcc, 0x8c, 0xe1, 0x40,
    0x1c, 0x57, 0x8e, 0x1, 0xff, 0xc3, 0x3f, 0xfd,
    0x80, 0x1c, 0x7f, 0xfb, 0x0, 0x38, 0x66, 0xaa,
    0x70, 0xe, 0x24, 0x4d, 0xa0, 0x1c, 0x7b, 0xdd,
    0x50, 0x4, 0x20, 0x1f, 0xdf, 0x62, 0x1, 0xf2,
    0x30,

    /* U+F1CD "" */
    0x0, 0xff, 0xe2, 0x95, 0x77, 0xfb, 0xa8, 0x80,
    0x32, 0xe6, 0xa8, 0x22, 0x1, 0x77, 0x14, 0x1,
    0x86, 0x13, 0xd7, 0x6e, 0x90, 0x3c, 0x1, 0x60,
    0x5, 0x0, 0x6a, 0x0, 0x30, 0xc8, 0x4a, 0x9f,
    0x7f, 0xb8, 0xd6, 0x42, 0x50, 0x1a, 0x88, 0x4c,
    0xc2, 0x54, 0xc0, 0x86, 0x60, 0x1, 0x13, 0x30,
    0x44, 0x0, 0x19, 0x8, 0x80, 0x2, 0x64, 0x43,
    0x10, 0x0, 0x82, 0x90, 0x88, 0xc7, 0x74, 0x20,
    0x22, 0x25, 0xd0, 0xbc, 0x25, 0x44, 0x28, 0xe5,
    0x86, 0xb1, 0x29, 0x3d, 0x5d, 0xa9, 0xc9, 0x49,
    0x81, 0x0, 0x6, 0x82, 0x24, 0x20, 0x2, 0x0,
    0x2e, 0x91, 0x17, 0xdc, 0xb5, 0x4a, 0xb0, 0x1,
    0x2d, 0xe4, 0x2a, 0xa3, 0x2d, 0x48, 0x0,

    /* U+F1D8 "" */
    0x0, 0xff, 0xe8, 0x1c, 0x73, 0x0, 0x7f, 0xb,
    0xee, 0x38, 0x80, 0x7c, 0x2d, 0x9d, 0x4, 0x1,
    0x38, 0x6, 0x5a, 0xe9, 0x30, 0xe, 0x41, 0x3,
    0x9e, 0xa5, 0x0, 0xfd, 0xc0, 0xd8, 0xc2, 0x1,
    0xc6, 0x1, 0x94, 0x14, 0x80, 0x3d, 0x10, 0x0,
    0x94, 0x0, 0x7b, 0x6a, 0x1, 0x5a, 0xd0, 0x5,
    0xc0, 0x19, 0x2b, 0xa7, 0x53, 0xc4, 0x0, 0x28,
    0x1, 0xe1, 0x62, 0x92, 0x0, 0x98, 0x3, 0xfc,
    0x40, 0x1a, 0xc0, 0x3f, 0xde, 0x1, 0x11, 0x80,
    0x7f, 0x90, 0x40, 0x14, 0x1, 0xff, 0xc0, 0x90,
    0x2, 0x80, 0x7f, 0xf0, 0x18, 0x10, 0x80, 0x3f,
    0xf8, 0x3, 0xd6, 0x1, 0xc0,

    /* U+F1DE "" */
    0x0, 0xff, 0xe2, 0x96, 0x74, 0x0, 0x7c, 0xf7,
    0x6c, 0x31, 0x7b, 0xbf, 0x3d, 0xa2, 0x4, 0x2,
    0x44, 0xf5, 0xe7, 0xfa, 0x40, 0x5, 0xdf, 0xfd,
    0x80, 0x13, 0x6d, 0xe8, 0x82, 0x8, 0x7, 0xc4,
    0x80, 0x5d, 0x7c, 0x80, 0xc, 0xff, 0xf6, 0x88,
    0x2, 0xff, 0x6d, 0x13, 0xc6, 0x1, 0x12, 0x53,
    0xdd, 0xfb, 0x18, 0x53, 0x2d, 0xc0, 0x3, 0x9f,
    0x40, 0x9, 0xeb, 0x10, 0x4, 0x5f, 0x98, 0x2e,
    0xdd, 0xfa, 0x11, 0x2, 0x1, 0x12, 0x27, 0xd9,
    0xf8, 0x0, 0x2e, 0xff, 0xf6, 0x0, 0xf, 0xb3,
    0x44, 0x3, 0xe0,

    /* U+F2DB "" */
    0x0, 0xc2, 0x2, 0x20, 0x10, 0xf, 0x9f, 0x42,
    0x2c, 0x35, 0xc0, 0x38, 0xb0, 0x9d, 0x1d, 0xc5,
    0x84, 0x1, 0xe, 0x20, 0xc1, 0x12, 0x5, 0x34,
    0x42, 0x74, 0x4a, 0xf3, 0x35, 0x98, 0x6c, 0xf3,
    0x2, 0xaf, 0xd6, 0xd, 0xef, 0x20, 0x3, 0x99,
    0xc4, 0x0, 0xe6, 0xcd, 0x0, 0xff, 0x56, 0x43,
    0x0, 0x7f, 0x9e, 0x13, 0x0, 0x21, 0x1c, 0x1,
    0x6a, 0x75, 0x80, 0x97, 0x76, 0x3e, 0xb, 0xdc,
    0xa0, 0x6c, 0xbb, 0xd8, 0xc1, 0x3e, 0x4a, 0xc0,
    0x68, 0x98, 0xc1, 0x98, 0x40, 0x9, 0x82, 0xf5,
    0x57, 0x9b, 0xc8, 0x7, 0x25, 0x7, 0xe0, 0x5e,
    0x0, 0x40,

    /* U+F2F5 "" */
    0x4, 0x89, 0x80, 0xf, 0xf3, 0x5b, 0xb3, 0x90,
    0x7, 0xf4, 0xe, 0x6f, 0x10, 0x0, 0x6c, 0x80,
    0x30, 0x91, 0x90, 0x80, 0x44, 0x98, 0x40, 0x19,
    0xc0, 0x3f, 0xe, 0x10, 0x7, 0x8f, 0xbf, 0xd8,
    0x0, 0x1c, 0x20, 0xe, 0xa1, 0x0, 0xf0, 0xf8,
    0x7, 0x70, 0x7, 0xe5, 0x0, 0xe7, 0x98, 0x83,
    0x0, 0x4f, 0x0, 0x1e, 0x67, 0x75, 0x0, 0x1e,
    0x0, 0x26, 0x0, 0xfc, 0xf0, 0x1, 0x29, 0x76,
    0x58, 0x4, 0x79, 0x0, 0x1a, 0xd4, 0xd, 0x44,
    0x2, 0x30, 0xe,

    /* U+F2F9 "" */
    0x0, 0xf8, 0xc8, 0x3, 0x84, 0x3, 0x1d, 0xfe,
    0x6f, 0xd9, 0x5, 0x70, 0x5, 0x18, 0x86, 0xcc,
    0x44, 0x6e, 0x94, 0x2, 0x97, 0x2c, 0xc4, 0xca,
    0xf0, 0x8, 0x2, 0x36, 0x1d, 0x30, 0xd, 0x0,
    0x1d, 0x21, 0x40, 0x1c, 0x2c, 0x23, 0x18, 0x20,
    0x20, 0x7, 0xe, 0xf7, 0x58, 0x2, 0x60, 0x1f,
    0xfc, 0x11, 0x20, 0xf, 0xfe, 0xa, 0x89, 0x0,
    0x7f, 0xf0, 0x38, 0x24, 0x3, 0xf4, 0x40, 0x0,
    0xa6, 0x92, 0x1, 0xc3, 0x4e, 0x40, 0x16, 0x93,
    0x74, 0x2a, 0xa3, 0xd4, 0xec, 0x2, 0x1d, 0x61,
    0x7a, 0xa3, 0x8b, 0xe0, 0x80, 0x74, 0xf5, 0x44,
    0x2b, 0xa0, 0x3, 0xf0, 0xab, 0xb9, 0x44, 0x3,
    0x0,

    /* U+F590 "" */
    0x0, 0xf0, 0x80, 0x7f, 0x3e, 0xff, 0x6c, 0x88,
    0x6, 0x2d, 0x83, 0x45, 0x6, 0xf4, 0x0, 0xb8,
    0x9f, 0xae, 0xb6, 0x86, 0x84, 0x18, 0xde, 0x0,
    0x32, 0xd8, 0xd8, 0x68, 0x48, 0x7, 0x90, 0xd4,
    0x14, 0x3b, 0x44, 0x2, 0xaf, 0x30, 0x21, 0x0,
    0x12, 0x0, 0x5, 0x40, 0x21, 0x0, 0xc6, 0x0,
    0x30, 0xc, 0xe6, 0x1, 0x18, 0x0, 0xc0, 0x3b,
    0xc4, 0x0, 0xe0, 0x1, 0x20, 0xc, 0x7d, 0x9c,
    0x40, 0x16, 0xe7, 0x3, 0x80, 0xc, 0x45, 0x34,
    0x60, 0x68, 0x4, 0x1, 0xa5, 0x97, 0x95, 0xe9,
    0x84, 0x3, 0x59, 0x1, 0x55, 0x1e, 0x40,

    /* U+F5FD "" */
    0x0, 0xf0, 0x88, 0x3, 0xfc, 0x75, 0xdc, 0xa3,
    0x0, 0xf2, 0x5e, 0x28, 0x1, 0x72, 0xd0, 0x0,
    0x99, 0x68, 0x1, 0xe4, 0xbc, 0x48, 0x30, 0xf,
    0xf1, 0xce, 0x49, 0x0, 0x7e, 0x29, 0xd0, 0x4d,
    0xa3, 0x0, 0xc5, 0x5a, 0xe1, 0x9b, 0x63, 0x96,
    0xa9, 0x7a, 0xd7, 0xd9, 0x24, 0x97, 0xa3, 0x76,
    0x1c, 0xc2, 0xd, 0x2e, 0xd1, 0x95, 0x77, 0xd1,
    0x95, 0x73, 0x24, 0xb6, 0x61, 0x0, 0x9, 0x7a,
    0xd4, 0xb0, 0xd9, 0x6f, 0x7b, 0xab, 0xc, 0xc2,
    0xce, 0x49, 0x25, 0xe5, 0x53, 0x6c, 0xca, 0x70,
    0x1b, 0x68, 0xcc, 0xee, 0x23, 0xad, 0x60, 0xc,
    0xb9, 0x6a, 0xab, 0xc5, 0x0, 0x80,

    /* U+FB56 "ﭖ" */
    0x6, 0x30, 0xf, 0x86, 0x0, 0x12, 0x1, 0xf8,
    0xdc, 0x40, 0xe, 0x1, 0xf4, 0x8, 0x81, 0x69,
    0xd0, 0xd1, 0xe7, 0x93, 0x40, 0x15, 0x37, 0x6c,
    0xab, 0xb, 0xe3, 0x0, 0x9f, 0x30, 0x93, 0x72,
    0xa0, 0x1f, 0x1d, 0x3b, 0x80, 0x3f, 0xc9, 0x20,
    0x1f, 0xf2, 0xc0, 0x7, 0x80,

    /* U+FB57 "ﭗ" */
    0x0, 0xff, 0xc, 0x0, 0x5c, 0xa0, 0x1f, 0x9c,
    0x80, 0x44, 0xc0, 0x1e, 0x1a, 0x1, 0x1, 0x3d,
    0x74, 0x42, 0xbd, 0x73, 0x17, 0xa0, 0x63, 0x55,
    0xde, 0x3a, 0xdf, 0x1a, 0x0, 0x46, 0xff, 0xbb,
    0x25, 0x40, 0xb7, 0x80, 0x31, 0xdb, 0xb8, 0x3,
    0xfc, 0x7b, 0xa7, 0x0, 0xff, 0x9a, 0xc0, 0x3e,

    /* U+FB58 "ﭘ" */
    0x0, 0x4d, 0x0, 0x7c, 0xaf, 0xa0, 0x54, 0x4c,
    0x5, 0xf8, 0x20, 0x4, 0xa8, 0x50, 0x4d, 0x15,
    0x0, 0x3c, 0x80,

    /* U+FB59 "ﭙ" */
    0x0, 0x4d, 0x0, 0x70, 0x80, 0x4a, 0xe8, 0xa2,
    0x54, 0xa9, 0x48, 0x5f, 0x76, 0xf5, 0x4, 0xa8,
    0x50, 0x2, 0x68, 0xa8, 0x4, 0xf2, 0x0,

    /* U+FB7A "ﭺ" */
    0x9c, 0xef, 0xed, 0x60, 0x0, 0xcb, 0x1, 0xa9,
    0x0, 0x20, 0xde, 0xb6, 0x10, 0x0, 0x53, 0x6a,
    0x1, 0xd4, 0x68, 0xcf, 0x66, 0x0, 0x16, 0x6,
    0xed, 0x30, 0x7, 0xa0, 0x2, 0x18, 0x2, 0x60,
    0xb3, 0x10, 0x3a, 0x0, 0x60, 0xe7, 0xfb, 0x4,
    0x0, 0x55, 0xfd, 0xbf, 0x60,

    /* U+FB7B "ﭻ" */
    0x9d, 0xef, 0xed, 0x60, 0x0, 0xc3, 0x0, 0x81,
    0x0, 0x20, 0xde, 0xb4, 0x90, 0x0, 0x53, 0x6a,
    0x49, 0x0, 0xa, 0x35, 0x43, 0xe7, 0x81, 0x13,
    0x11, 0xa8, 0xd3, 0x1f, 0xb9, 0x8f, 0x22, 0xf1,
    0x31, 0xd9, 0x48, 0x14, 0x0, 0x30, 0x6f, 0xbf,
    0x4c, 0x0, 0x55, 0xfd, 0xbf, 0x60,

    /* U+FB7C "ﭼ" */
    0x0, 0xff, 0xbb, 0xfb, 0x20, 0xc0, 0x2d, 0xb8,
    0x55, 0x64, 0x80, 0xd, 0x1a, 0x80, 0x70, 0x3,
    0x1e, 0x37, 0xa8, 0x22, 0xd6, 0x35, 0x88, 0x15,
    0xd8, 0x2e, 0x40, 0x22, 0xfe, 0x9f, 0x86, 0x0,
    0xe3, 0xa8, 0x60, 0xf, 0x24, 0x0, 0x7c, 0xb2,
    0x1, 0x0,

    /* U+FB7D "ﭽ" */
    0x0, 0xff, 0xe0, 0xf7, 0xf6, 0x41, 0x80, 0x76,
    0xdc, 0x22, 0xe4, 0x80, 0x63, 0x46, 0xb3, 0xc,
    0x0, 0xf1, 0xe0, 0x1, 0x0, 0x24, 0x5a, 0xc6,
    0xe2, 0xc5, 0x2, 0xbb, 0xd, 0x48, 0x78, 0xd1,
    0x13, 0xfa, 0x3a, 0x18, 0xb3, 0xc8, 0x2, 0x3a,
    0x86, 0x0, 0xfc, 0x90, 0x1, 0xfc, 0xb2, 0x1,
    0xc0,

    /* U+FB8A "ﮊ" */
    0x0, 0xea, 0x40, 0xe, 0x8d, 0x92, 0x0, 0xd2,
    0xf8, 0x40, 0x18, 0x44, 0x1, 0xf3, 0x68, 0x7,
    0x88, 0x80, 0x1e, 0x33, 0x0, 0x7b, 0x5c, 0x3,
    0x9d, 0x24, 0x0, 0x4b, 0x91, 0x26, 0x13, 0xb4,
    0xda, 0xc0, 0x8, 0xdf, 0xa2, 0x0, 0x80,

    /* U+FB8B "ﮋ" */
    0x0, 0xea, 0x40, 0xf, 0x46, 0xc9, 0x0, 0x74,
    0xbe, 0x10, 0x7, 0x8, 0x8, 0x7, 0xd1, 0x60,
    0x1f, 0x6a, 0x80, 0x7c, 0x63, 0x26, 0x1, 0xd8,
    0x2f, 0xc0, 0x19, 0x96, 0xfb, 0x40, 0x97, 0x25,
    0x94, 0x1, 0x3b, 0x4d, 0x92, 0x1, 0x47, 0x7d,
    0x18, 0x6,

    /* U+FB8E "ﮎ" */
    0x0, 0xff, 0xe5, 0xae, 0x40, 0x7, 0xc3, 0x1d,
    0x76, 0x90, 0xf, 0x1f, 0x25, 0xf3, 0x88, 0x7,
    0xac, 0x71, 0x40, 0x3f, 0xac, 0x58, 0x3, 0xfc,
    0x73, 0x24, 0x0, 0xc6, 0x40, 0x19, 0x99, 0x42,
    0x1, 0x63, 0x0, 0x74, 0x83, 0x0, 0x4, 0x1c,
    0x3, 0xc7, 0xe0, 0x1, 0x3f, 0x41, 0x2, 0x7e,
    0x2a, 0x0, 0xb5, 0xaf, 0xbf, 0x6a, 0x78, 0x80,
    0x21, 0xaf, 0xdd, 0x76, 0xb8, 0x80, 0x40,

    /* U+FB8F "ﮏ" */
    0x0, 0xff, 0xe0, 0x10, 0x7, 0xf8, 0xe7, 0xe8,
    0x3, 0xf3, 0x6e, 0x15, 0xc0, 0x7, 0xcd, 0x29,
    0xb6, 0x80, 0x1f, 0xc3, 0x24, 0x1, 0xfe, 0x65,
    0xa0, 0xf, 0xfe, 0x5, 0xb4, 0x0, 0x73, 0x18,
    0x7, 0x6b, 0x28, 0x6, 0x90, 0xf, 0x9, 0xd2,
    0x0, 0x43, 0x26, 0x0, 0x26, 0xd2, 0x3a, 0x63,
    0xd, 0x1c, 0xff, 0x6c, 0x3e, 0x61, 0xe2, 0x0,
    0x77, 0xfb, 0xae, 0xe5, 0x18, 0x4f, 0x58,

    /* U+FB90 "ﮐ" */
    0x0, 0xf1, 0x28, 0x6, 0x5b, 0xdd, 0x0, 0x1b,
    0xac, 0xf6, 0x1, 0x26, 0x3a, 0x8, 0x3, 0x20,
    0x7, 0x22, 0xf8, 0x80, 0x75, 0x5, 0x0, 0x7b,
    0xd5, 0x80, 0x38, 0x93, 0x0, 0x24, 0x43, 0x2e,
    0x80, 0xa, 0xed, 0x2a, 0xe0, 0x0,

    /* U+FB91 "ﮑ" */
    0x0, 0xf1, 0x28, 0x7, 0x2d, 0xee, 0x80, 0x26,
    0xeb, 0x3d, 0x80, 0x2, 0x4c, 0x74, 0x10, 0x7,
    0x20, 0x7, 0x91, 0x7c, 0x40, 0x3d, 0x41, 0x40,
    0x1f, 0x7a, 0xc8, 0x7, 0x89, 0x19, 0x80, 0x12,
    0x21, 0x94, 0xe5, 0xcc, 0xae, 0xd2, 0xb9, 0x13,
    0xa0,

    /* U+FB92 "ﮒ" */
    0x0, 0xff, 0xe5, 0xa5, 0xc0, 0x7, 0xc2, 0xfb,
    0xfd, 0x20, 0x1e, 0x4f, 0xfb, 0xa6, 0x40, 0x1e,
    0x5c, 0xc, 0xbb, 0x48, 0x7, 0x8b, 0x52, 0xf9,
    0xc4, 0x3, 0xd6, 0x38, 0xa0, 0x1f, 0xd6, 0x2c,
    0x1, 0xfe, 0x39, 0x92, 0x0, 0x63, 0x20, 0xc,
    0xcc, 0xa1, 0x0, 0xb1, 0x80, 0x3a, 0x41, 0x80,
    0x2, 0xe, 0x1, 0xe3, 0xf0, 0x0, 0x9f, 0xa0,
    0x81, 0x3f, 0x15, 0x0, 0x5a, 0xd7, 0xdf, 0xb5,
    0x3c, 0x40, 0x10, 0xd7, 0xee, 0xbb, 0x5c, 0x40,
    0x20,

    /* U+FB93 "ﮓ" */
    0x0, 0xff, 0xe0, 0x8, 0x7, 0xf8, 0x5f, 0x9c,
    0x3, 0xf2, 0x57, 0xfb, 0x50, 0x3, 0xe5, 0x8f,
    0xa1, 0xca, 0x0, 0xf9, 0x6a, 0x2c, 0xae, 0x0,
    0x3e, 0x69, 0x4d, 0xb4, 0x0, 0xfe, 0x19, 0x20,
    0xf, 0xf3, 0x2d, 0x0, 0x7f, 0xf0, 0x2d, 0xa0,
    0x3, 0x98, 0xc0, 0x3b, 0x59, 0x40, 0x34, 0x80,
    0x78, 0x4e, 0x90, 0x2, 0x19, 0x30, 0x1, 0x36,
    0x91, 0xd3, 0x18, 0x68, 0xe7, 0xfb, 0x61, 0xf3,
    0xf, 0x10, 0x3, 0xbf, 0xdd, 0x77, 0x28, 0xc2,
    0x7a, 0xc0,

    /* U+FB94 "ﮔ" */
    0x0, 0xf0, 0xa0, 0x6, 0x3a, 0xf2, 0x0, 0x36,
    0xfe, 0x69, 0x81, 0xff, 0x4e, 0xe6, 0x81, 0xfe,
    0xd9, 0xec, 0x2, 0x4c, 0x74, 0x10, 0x6, 0x40,
    0xe, 0x45, 0xf1, 0x0, 0xea, 0xa, 0x0, 0xf7,
    0xab, 0x0, 0x71, 0x26, 0x0, 0x48, 0x86, 0x5d,
    0x0, 0x15, 0xda, 0x55, 0xc0, 0x0,

    /* U+FB95 "ﮕ" */
    0x0, 0xf0, 0xa0, 0x7, 0x1d, 0x79, 0x0, 0x4d,
    0xbf, 0x9a, 0x60, 0x3, 0xfe, 0x9d, 0xcd, 0x0,
    0x1f, 0xed, 0x9e, 0xc0, 0x1, 0x26, 0x3a, 0x8,
    0x3, 0x90, 0x3, 0xc8, 0xbe, 0x20, 0x1e, 0xa0,
    0xa0, 0xf, 0xbd, 0x64, 0x3, 0xc4, 0x8c, 0xc0,
    0x9, 0x10, 0xca, 0x72, 0xe6, 0x57, 0x69, 0x5c,
    0x89, 0xd0,

    /* U+FBFC "ﯼ" */
    0x0, 0xe4, 0xce, 0xc3, 0x0, 0xf5, 0xa6, 0x27,
    0x80, 0x78, 0x4d, 0xa3, 0x0, 0xe, 0x80, 0xc,
    0x1b, 0xd1, 0x0, 0x43, 0x80, 0xa, 0xbc, 0x24,
    0x2, 0x70, 0xc, 0xa5, 0xc0, 0x7, 0xba, 0x9b,
    0xea, 0x76, 0x0, 0x45, 0x98, 0x1d, 0xfc, 0x0,
    0x0,

    /* U+FBFD "ﯽ" */
    0x0, 0xff, 0xe3, 0x9f, 0x68, 0x80, 0x39, 0x40,
    0x37, 0xa3, 0xd8, 0x8, 0x98, 0x3, 0x92, 0x55,
    0x84, 0x1c, 0x3, 0x70, 0xb5, 0x50, 0x12, 0x50,
    0x4, 0xa8, 0x1d, 0x70, 0x29, 0xef, 0xfb, 0x4f,
    0x48, 0x2, 0x1a, 0xfd, 0xd7, 0x59, 0x0, 0x40,

    /* U+FBFE "ﯾ" */
    0x0, 0x4d, 0x0, 0x7c, 0xaf, 0xa0, 0x54, 0x4c,
    0x5, 0xf8, 0x20, 0x4, 0xa8, 0x50, 0x4b, 0x85,

    /* U+FBFF "ﯿ" */
    0x0, 0x4d, 0x0, 0x70, 0x80, 0x4a, 0xe8, 0xa2,
    0x54, 0xa9, 0x48, 0x5f, 0x76, 0xf5, 0x4, 0xa8,
    0x50, 0x2, 0x5c, 0x28, 0x0,

    /* U+FE70 "ﹰ" */
    0x0, 0x1b, 0x5, 0xdc, 0x61, 0x3c, 0x3c, 0x16,
    0x75, 0x60,

    /* U+FE71 "ﹱ" */
    0x0, 0x8d, 0x80, 0x17, 0x71, 0x80, 0x27, 0x87,
    0x80, 0x16, 0x75, 0x60, 0x9, 0x63, 0x0, 0xff,
    0xea, 0xa2, 0x60, 0x2b, 0xbc, 0x60,

    /* U+FE72 "ﹲ" */
    0x5, 0xc6, 0x8, 0x70, 0xb0, 0x23, 0xd, 0xf,
    0xdf, 0x0, 0x0,

    /* U+FE73 "ﹳ" */
    0x27, 0x0, 0xa2, 0x6, 0x50, 0xde,

    /* U+FE74 "ﹴ" */
    0x25, 0x9c, 0xb, 0x3b, 0xe0, 0xed, 0xeb, 0x4,
    0xbc, 0x90,

    /* U+FE76 "ﹶ" */
    0x15, 0x9b, 0x8, 0x3a, 0xb0,

    /* U+FE77 "ﹷ" */
    0x1, 0x59, 0xb0, 0x4, 0x1d, 0x58, 0x2, 0x58,
    0xc0, 0x3f, 0xfa, 0xa8, 0x98, 0xa, 0xef, 0x18,

    /* U+FE78 "ﹸ" */
    0x4, 0xc6, 0x0, 0x11, 0xd0, 0x0, 0x9f, 0x2,
    0xca, 0x0, 0x0,

    /* U+FE79 "ﹹ" */
    0x0, 0x26, 0x30, 0x4, 0x47, 0x40, 0x11, 0x46,
    0x0, 0x2c, 0x5c, 0x2, 0xb5, 0x0, 0xff, 0xeb,
    0x22, 0x60, 0x2b, 0xbc, 0x60,

    /* U+FE7A "ﹺ" */
    0x2, 0x69, 0xb, 0xb0, 0x58, 0x0,

    /* U+FE7B "ﹻ" */
    0x4, 0x4c, 0x5, 0x77, 0x8c, 0xbf, 0x65, 0x8c,
    0x2e, 0xc1, 0x60,

    /* U+FE7C "ﹼ" */
    0x0, 0x11, 0xc1, 0x4, 0xb2, 0x80, 0x46, 0x5a,
    0x86, 0xd, 0x91, 0xe2,

    /* U+FE7D "ﹽ" */
    0x0, 0x23, 0x41, 0x5, 0x0, 0x80, 0x62, 0xb4,
    0x20, 0x1c, 0xff, 0x0, 0x2e, 0x8c, 0xc0, 0x1f,
    0xfd, 0x44, 0x4c, 0x5, 0x77, 0x8c,

    /* U+FE7E "ﹾ" */
    0x2c, 0xc1, 0xcf, 0x73, 0xc0, 0x34, 0xf7, 0x3c,

    /* U+FE7F "ﹿ" */
    0x2, 0xcc, 0x18, 0x2, 0x7b, 0x9e, 0x1, 0xfa,
    0x7b, 0x9e, 0x0, 0x2c, 0xc1, 0x80, 0x7f, 0xf5,
    0x11, 0x30, 0x15, 0xde, 0x30,

    /* U+FE80 "ﺀ" */
    0x0, 0xe1, 0xbf, 0xd0, 0xb6, 0xb9, 0x7, 0xa4,
    0x40, 0x24, 0xbb, 0x92, 0xd6, 0x20, 0x18, 0xf3,
    0xe9, 0xd8, 0xc0, 0x0,

    /* U+FE81 "ﺁ" */
    0x7, 0x10, 0x34, 0x52, 0xbb, 0x95, 0x61, 0x28,
    0x10, 0xf, 0xff, 0x80,

    /* U+FE82 "ﺂ" */
    0x7, 0x10, 0x34, 0x52, 0xbb, 0x95, 0x61, 0x28,
    0x10, 0xf, 0xff, 0x0, 0x80, 0x76, 0xba, 0x88,
    0x1, 0x96, 0x9c,

    /* U+FE83 "ﺃ" */
    0xa, 0xa0, 0x19, 0x50, 0xb, 0xe0, 0x17, 0x60,
    0x2, 0xa4, 0x3, 0xff, 0xba,

    /* U+FE84 "ﺄ" */
    0xa, 0xa0, 0x0, 0xca, 0x80, 0x2, 0xf8, 0x0,
    0x2e, 0xc0, 0xa, 0xa4, 0x3, 0xff, 0xb4, 0x20,
    0x1b, 0x5d, 0x44, 0x19, 0x69, 0xc0,

    /* U+FE85 "ﺅ" */
    0x0, 0xa6, 0x80, 0x30, 0x9d, 0x0, 0x72, 0x59,
    0x0, 0x43, 0xd6, 0x40, 0x11, 0x6f, 0xd0, 0x5,
    0x23, 0x48, 0xe0, 0x1c, 0xba, 0x0, 0x97, 0xa4,
    0x0, 0x8a, 0xf8, 0x70, 0x4, 0x9b, 0xc9, 0xa7,
    0xb6, 0x1b, 0x2, 0x37, 0xb9, 0x0, 0x0,

    /* U+FE86 "ﺆ" */
    0x0, 0xa6, 0x80, 0x3c, 0x27, 0x40, 0x1f, 0x35,
    0x8, 0x7, 0xe, 0x40, 0x80, 0x72, 0x7e, 0xe8,
    0x40, 0x34, 0x2f, 0x84, 0x80, 0x67, 0x72, 0xb1,
    0xa0, 0x80, 0x25, 0xa9, 0x11, 0x6e, 0x0, 0x2b,
    0xe1, 0x9f, 0x60, 0x12, 0x6f, 0x56, 0x0, 0x4f,
    0x6c, 0x4d, 0x80, 0x51, 0xbd, 0xc7, 0x0, 0xc0,

    /* U+FE87 "ﺇ" */
    0xb, 0x90, 0xf, 0xfe, 0xf0, 0x98, 0x19, 0x50,
    0xb, 0x58, 0x17, 0x58, 0x0,

    /* U+FE88 "ﺈ" */
    0xb, 0x90, 0xf, 0xfe, 0xd0, 0x80, 0x6d, 0x75,
    0x10, 0x65, 0xa7, 0xb, 0x1f, 0x63, 0x2a, 0x0,
    0xb, 0x58, 0x0, 0xba, 0xc0, 0x0,

    /* U+FE89 "ﺉ" */
    0x0, 0x2d, 0x20, 0x7, 0xef, 0xa4, 0x0, 0xfc,
    0x78, 0xc0, 0x1f, 0xbe, 0x19, 0x33, 0xb0, 0xc0,
    0x26, 0x40, 0xb4, 0xc4, 0xf0, 0xf, 0x9, 0xb4,
    0x60, 0x1, 0xd0, 0x1, 0x83, 0x7a, 0x20, 0x8,
    0x70, 0x1, 0x57, 0x84, 0x80, 0x4e, 0x1, 0x94,
    0xb8, 0x0, 0xf7, 0x53, 0x7d, 0x4e, 0xc0, 0x8,
    0xb3, 0x3, 0xbf, 0x80, 0x0,

    /* U+FE8A "ﺊ" */
    0x0, 0xa6, 0x80, 0x3f, 0xc5, 0x40, 0x1f, 0xc2,
    0xf4, 0x20, 0x1f, 0x87, 0x28, 0x40, 0xfb, 0x44,
    0x1, 0xca, 0x1, 0xbd, 0x1e, 0xc0, 0x44, 0xc0,
    0x1c, 0x92, 0xac, 0x20, 0xe0, 0x1b, 0x85, 0xaa,
    0x80, 0x92, 0x80, 0x25, 0x40, 0xeb, 0x81, 0x4f,
    0x7f, 0xda, 0x7a, 0x40, 0x10, 0xd7, 0xee, 0xba,
    0xc8, 0x2,

    /* U+FE8B "ﺋ" */
    0x0, 0x4d, 0x0, 0x4, 0x28, 0x2, 0x7c, 0x10,
    0x1f, 0xc1, 0x0, 0x19, 0x0, 0x57, 0x0, 0x1f,
    0x2b, 0xe8, 0x15, 0x2b, 0x80,

    /* U+FE8C "ﺌ" */
    0x0, 0x4d, 0x0, 0x42, 0x14, 0x1, 0x9f, 0x4,
    0x0, 0x3f, 0x82, 0x1, 0x19, 0x0, 0x6b, 0x80,
    0xe, 0x10, 0x9, 0x5d, 0x14, 0x4a, 0x95, 0x29,
    0x0,

    /* U+FE8D "ﺍ" */
    0xb9, 0x0, 0xff, 0xe4, 0x0,

    /* U+FE8E "ﺎ" */
    0xb9, 0x0, 0xff, 0xe9, 0x8, 0x5, 0xae, 0xa2,
    0xcb, 0x4e,

    /* U+FE8F "ﺏ" */
    0x6, 0x30, 0xf, 0x86, 0x0, 0x12, 0x1, 0xf8,
    0xdc, 0x40, 0xe, 0x1, 0xf4, 0x8, 0x81, 0x69,
    0xd0, 0xd1, 0xe7, 0x93, 0x40, 0x15, 0x37, 0x6c,
    0xab, 0xb, 0xe3, 0x0, 0x9f, 0x3f, 0xdd, 0x92,
    0xa0, 0x1f, 0x96, 0x40, 0x3f, 0xe5, 0x80, 0xf,
    0x0,

    /* U+FE90 "ﺐ" */
    0x0, 0xff, 0xc, 0x0, 0x5c, 0xa0, 0x1f, 0x9c,
    0x80, 0x44, 0xc0, 0x1e, 0x1a, 0x1, 0x1, 0x3d,
    0x74, 0x42, 0xbd, 0x73, 0x17, 0xa0, 0x63, 0x55,
    0xde, 0x3a, 0xdf, 0x1a, 0x0, 0x46, 0xff, 0xbb,
    0x25, 0x40, 0xb7, 0x80, 0x39, 0x64, 0x3, 0xff,
    0x80, 0xb0, 0x1, 0xf0,

    /* U+FE91 "ﺑ" */
    0x0, 0x4d, 0x0, 0x72, 0xbe, 0x95, 0x13, 0x17,
    0xe0, 0x80, 0x1a, 0x0, 0xd, 0x0,

    /* U+FE92 "ﺒ" */
    0x0, 0x4d, 0x0, 0x70, 0x80, 0x4a, 0xe8, 0xa2,
    0x54, 0xa9, 0x48, 0x5f, 0x76, 0xf5, 0x0, 0x34,
    0x0, 0x66, 0x80, 0x0,

    /* U+FE93 "ﺓ" */
    0x4, 0xa8, 0x60, 0x9, 0x2e, 0x18, 0x3, 0x8,
    0x7, 0x2f, 0xf4, 0x0, 0x56, 0xd6, 0x98, 0x0,
    0x1a, 0x5c, 0x34, 0x1, 0xb2, 0x70, 0x60, 0xb5,
    0xdb, 0xa2,

    /* U+FE94 "ﺔ" */
    0x0, 0x43, 0x60, 0x80, 0x68, 0x6d, 0x10, 0xe,
    0x4c, 0x60, 0x8, 0xf7, 0xc3, 0x80, 0x2e, 0xab,
    0x43, 0x0, 0x8f, 0x5d, 0x10, 0xc4, 0x1f, 0xa1,
    0x31, 0x30,

    /* U+FE95 "ﺕ" */
    0x0, 0xc7, 0x6e, 0xe0, 0xf, 0x42, 0x1, 0xd3,
    0xb8, 0x0, 0x5e, 0x0, 0x77, 0x0, 0x4, 0x3,
    0x8, 0x6, 0x70, 0xf, 0xf, 0x98, 0x1, 0x6a,
    0x10, 0xd5, 0xef, 0x83, 0x40, 0x15, 0x9, 0x79,
    0x76, 0x3b, 0xc1, 0x0,

    /* U+FE96 "ﺖ" */
    0x0, 0xc7, 0x6e, 0xe0, 0xf, 0x9d, 0x0, 0xe9,
    0xdc, 0x0, 0x2f, 0x0, 0xa1, 0xc0, 0x2, 0x1,
    0x84, 0x8, 0x2, 0x70, 0xf, 0x1f, 0x3, 0x0,
    0x1a, 0xe1, 0x51, 0x5e, 0xf0, 0xa, 0x10, 0x26,
    0x49, 0x57, 0x71, 0x56, 0xf8, 0xd0,

    /* U+FE97 "ﺗ" */
    0x4, 0xa8, 0x50, 0x4b, 0x95, 0x0, 0xfa, 0x2c,
    0x3, 0xe5, 0x7d, 0x2, 0xa5, 0x60,

    /* U+FE98 "ﺘ" */
    0x4, 0xa8, 0x50, 0x2, 0x5c, 0xa8, 0x7, 0xf4,
    0x58, 0x7, 0x8, 0x4, 0xae, 0x8a, 0x25, 0x4a,
    0x94, 0x80,

    /* U+FE99 "ﺙ" */
    0x0, 0xe5, 0x90, 0xf, 0xf1, 0xc8, 0xb8, 0x7,
    0xa1, 0x0, 0xf6, 0x1c, 0x0, 0x5e, 0x0, 0x77,
    0x0, 0x4, 0x3, 0x8, 0x6, 0x70, 0xf, 0xf,
    0x98, 0x1, 0x6a, 0x10, 0xd5, 0xef, 0x83, 0x40,
    0x15, 0x9, 0x79, 0x76, 0x3b, 0xc1, 0x0,

    /* U+FE9A "ﺚ" */
    0x0, 0xe5, 0x90, 0xf, 0xf8, 0xe4, 0x5c, 0x3,
    0xe7, 0x40, 0x3d, 0x87, 0x0, 0x17, 0x80, 0x50,
    0xe0, 0x1, 0x0, 0xc2, 0x4, 0x1, 0x38, 0x7,
    0x8f, 0x81, 0x80, 0xd, 0x70, 0xa8, 0xaf, 0x78,
    0x5, 0x8, 0x13, 0x24, 0xab, 0xb8, 0xab, 0x7c,
    0x68,

    /* U+FE9B "ﺛ" */
    0x0, 0x34, 0x0, 0x4d, 0x0, 0x4, 0xa8, 0x50,
    0x4b, 0x95, 0x0, 0xfa, 0x2c, 0x3, 0xe5, 0x7d,
    0x2, 0xa5, 0x60,

    /* U+FE9C "ﺜ" */
    0x0, 0x34, 0x0, 0x66, 0x80, 0x9, 0x2a, 0x14,
    0x0, 0x97, 0x2a, 0x1, 0xfd, 0x16, 0x1, 0xc2,
    0x1, 0x2b, 0xa2, 0x89, 0x52, 0xa5, 0x20,

    /* U+FE9D "ﺝ" */
    0x9c, 0xef, 0xed, 0x60, 0x0, 0xcb, 0x1, 0xa9,
    0x0, 0x20, 0xde, 0xb6, 0x10, 0x0, 0x53, 0x6a,
    0x1, 0xd4, 0x68, 0x1, 0xe1, 0x60, 0x5, 0xa8,
    0x5, 0xe8, 0x0, 0xb5, 0x0, 0x98, 0x2c, 0xc0,
    0x4, 0xe0, 0xc, 0x1c, 0xff, 0x6e, 0x0, 0xa,
    0xbf, 0xb7, 0xec, 0x0,

    /* U+FE9E "ﺞ" */
    0x9d, 0xef, 0xed, 0x60, 0x0, 0xc3, 0x0, 0x81,
    0x0, 0x20, 0xde, 0xb4, 0x90, 0x0, 0x53, 0x6a,
    0x48, 0xe0, 0xa, 0x34, 0x0, 0x44, 0x1c, 0x5,
    0x80, 0xec, 0xea, 0x4b, 0xdc, 0xe, 0x81, 0x78,
    0x98, 0xec, 0xc4, 0xa, 0x0, 0x18, 0x39, 0xfe,
    0xd3, 0x0, 0x15, 0x7f, 0x6f, 0xd8, 0x0,

    /* U+FE9F "ﺟ" */
    0x0, 0xff, 0xbb, 0xfb, 0x20, 0xc0, 0x2d, 0xb8,
    0x55, 0x64, 0x80, 0xd, 0x1a, 0x80, 0x70, 0x3,
    0x1e, 0x37, 0xa8, 0x22, 0xd6, 0x35, 0x88, 0x15,
    0xd8, 0x2e, 0x40, 0x22, 0xfe, 0xa4, 0x0, 0xfc,
    0xb0, 0x1, 0xf2, 0xc0, 0x4,

    /* U+FEA0 "ﺠ" */
    0x0, 0xff, 0xe0, 0xf7, 0xf6, 0x41, 0x80, 0x76,
    0xdc, 0x22, 0xe4, 0x80, 0x63, 0x46, 0xb3, 0xc,
    0x0, 0xf1, 0xe0, 0x1, 0x0, 0x24, 0x5a, 0xc6,
    0xe2, 0xc5, 0x2, 0xbb, 0xd, 0x48, 0x78, 0xd1,
    0x13, 0xfa, 0xd4, 0x0, 0x59, 0xe4, 0x1, 0x96,
    0x0, 0x3f, 0x96, 0x0, 0x38,

    /* U+FEA1 "ﺡ" */
    0x9c, 0xef, 0xed, 0x60, 0x0, 0xcb, 0x1, 0xa9,
    0x0, 0x20, 0xde, 0xb6, 0x10, 0x0, 0x53, 0x6a,
    0x1, 0xd4, 0x68, 0x1, 0xe1, 0x60, 0xf, 0xbd,
    0x0, 0x3e, 0x60, 0xb3, 0x0, 0x14, 0x0, 0x30,
    0x73, 0xfd, 0xa6, 0x0, 0x2a, 0xfe, 0xdf, 0xb0,

    /* U+FEA2 "ﺢ" */
    0x9d, 0xef, 0xed, 0x60, 0x0, 0xc3, 0x0, 0x81,
    0x0, 0x20, 0xde, 0xb4, 0x90, 0x0, 0x53, 0x6a,
    0x48, 0xe0, 0xa, 0x34, 0x0, 0x44, 0x1c, 0x5,
    0x80, 0x23, 0xa9, 0x2f, 0x70, 0xc, 0xbc, 0x4c,
    0x76, 0x60, 0x2, 0x70, 0x6, 0xe, 0x7f, 0xb7,
    0x0, 0x5, 0x5f, 0xdb, 0xf6, 0x0,

    /* U+FEA3 "ﺣ" */
    0x0, 0xff, 0xbb, 0xfb, 0x20, 0xc0, 0x2d, 0xb8,
    0x55, 0x64, 0x80, 0xd, 0x1a, 0x80, 0x70, 0x3,
    0x1e, 0x37, 0xa8, 0x22, 0xd6, 0x35, 0x88, 0x15,
    0xd8, 0x2e, 0x40, 0x20,

    /* U+FEA4 "ﺤ" */
    0x0, 0xff, 0xe0, 0xf7, 0xf6, 0x41, 0x80, 0x76,
    0xdc, 0x22, 0xe4, 0x80, 0x63, 0x46, 0xb3, 0xc,
    0x0, 0xf1, 0xe0, 0x1, 0x0, 0x24, 0x5a, 0xc6,
    0xe2, 0xc5, 0x2, 0xbb, 0xd, 0x48, 0x78, 0xd1,
    0x0,

    /* U+FEA5 "ﺥ" */
    0x0, 0xb8, 0x3, 0xf7, 0x80, 0x7e, 0x10, 0xe,
    0x9c, 0xef, 0xed, 0x60, 0x0, 0xcb, 0x1, 0xa9,
    0x0, 0x20, 0xde, 0xb6, 0x10, 0x0, 0x53, 0x6a,
    0x1, 0xd4, 0x68, 0x1, 0xe1, 0x60, 0xf, 0xbd,
    0x0, 0x3e, 0x60, 0xb3, 0x0, 0x14, 0x0, 0x30,
    0x73, 0xfd, 0xa6, 0x0, 0x2a, 0xfe, 0xdf, 0xb0,

    /* U+FEA6 "ﺦ" */
    0x0, 0xb8, 0x3, 0xf7, 0x80, 0x74, 0xef, 0x75,
    0xac, 0x0, 0x18, 0x60, 0x10, 0x20, 0x4, 0x1b,
    0xd6, 0x92, 0x0, 0xa, 0x6d, 0x49, 0x1c, 0x1,
    0x46, 0x80, 0x8, 0x83, 0x80, 0xb0, 0x4, 0x75,
    0x25, 0xee, 0x1, 0x97, 0x89, 0x8e, 0xcc, 0x0,
    0x4e, 0x0, 0xc1, 0xcf, 0xf6, 0xe0, 0x0, 0xab,
    0xfb, 0x7e, 0xc0,

    /* U+FEA7 "ﺧ" */
    0x0, 0xcb, 0x0, 0x1f, 0x2c, 0x0, 0x77, 0x7f,
    0x64, 0x18, 0x5, 0xb7, 0xa, 0xac, 0x90, 0x1,
    0xa3, 0x50, 0xe, 0x0, 0x63, 0xc6, 0xf5, 0x4,
    0x5a, 0xc6, 0xb1, 0x2, 0xbb, 0x5, 0xc8, 0x4,

    /* U+FEA8 "ﺨ" */
    0x0, 0xcb, 0x0, 0x1f, 0xcb, 0x0, 0x1f, 0x77,
    0xf6, 0x41, 0x80, 0x76, 0xdc, 0x22, 0xe4, 0x80,
    0x63, 0x46, 0xb3, 0xc, 0x0, 0xf1, 0xe0, 0x1,
    0x0, 0x24, 0x5a, 0xc6, 0xe2, 0xc5, 0x2, 0xbb,
    0xd, 0x48, 0x78, 0xd1, 0x0,

    /* U+FEA9 "ﺩ" */
    0x0, 0x37, 0x18, 0x4, 0xcc, 0xe0, 0xd, 0x4,
    0x80, 0x18, 0x46, 0x54, 0xb1, 0x70, 0xbb, 0x3d,
    0x90,

    /* U+FEAA "ﺪ" */
    0x0, 0x37, 0x10, 0x7, 0x33, 0x3c, 0x3, 0xd0,
    0x48, 0x1, 0xe1, 0x30, 0x9, 0x11, 0x63, 0x2a,
    0x44, 0xbb, 0x3e, 0x35, 0x28,

    /* U+FEAB "ﺫ" */
    0x0, 0x59, 0x80, 0x6a, 0x30, 0xc, 0xac, 0x1,
    0x96, 0x1c, 0x2, 0x1b, 0x81, 0x0, 0x94, 0x10,
    0x3, 0x8, 0xa, 0xa6, 0xa, 0x5, 0xd8, 0x30,
    0x40,

    /* U+FEAC "ﺬ" */
    0x0, 0x59, 0x80, 0x7a, 0x8c, 0x3, 0xca, 0x80,
    0x1e, 0x6a, 0x50, 0xe, 0x2b, 0xb0, 0x7, 0x94,
    0x50, 0x3, 0xc3, 0x80, 0x12, 0x22, 0xc5, 0xd4,
    0x89, 0x76, 0x7c, 0x7a, 0x50,

    /* U+FEAD "ﺭ" */
    0x0, 0xe6, 0x80, 0xe, 0x36, 0x0, 0xff, 0xe0,
    0x7a, 0x80, 0x65, 0x57, 0x81, 0x2d, 0xd3, 0xa4,
    0xed, 0x16, 0x40, 0x47, 0x7c, 0x98, 0x0,

    /* U+FEAE "ﺮ" */
    0x0, 0xe8, 0xa0, 0xf, 0xb5, 0x0, 0x3e, 0x31,
    0x93, 0x0, 0xec, 0x17, 0xe0, 0xc, 0xcb, 0x7d,
    0xa0, 0x4b, 0x72, 0xca, 0x0, 0x9d, 0xa1, 0xc9,
    0x0, 0xa3, 0xbe, 0x8c, 0x3, 0x0,

    /* U+FEAF "ﺯ" */
    0x0, 0xea, 0x40, 0xe, 0xb4, 0x0, 0xf0, 0x80,
    0x73, 0x68, 0x7, 0x11, 0x0, 0x38, 0xcc, 0x1,
    0xda, 0xe0, 0x19, 0xd2, 0x40, 0x97, 0x22, 0x4e,
    0x76, 0x9b, 0x58, 0x23, 0x7e, 0x88, 0x0,

    /* U+FEB0 "ﺰ" */
    0x0, 0xea, 0x40, 0xf, 0xad, 0x0, 0x3e, 0x10,
    0xf, 0xd1, 0x60, 0x1f, 0x6a, 0x80, 0x7c, 0x63,
    0x26, 0x1, 0xd8, 0x2f, 0xc0, 0x19, 0x96, 0xfb,
    0x40, 0x97, 0x25, 0x94, 0x1, 0x3b, 0x4d, 0x92,
    0x1, 0x47, 0x7d, 0x18, 0x6,

    /* U+FEB1 "ﺱ" */
    0x0, 0xff, 0xe1, 0x13, 0x80, 0x7c, 0xe4, 0x0,
    0x73, 0x7, 0x90, 0xf, 0xb1, 0x40, 0x12, 0xa0,
    0x18, 0xd8, 0x3, 0x1d, 0x80, 0x8b, 0xc0, 0xcc,
    0x1e, 0x20, 0x1b, 0xce, 0xa8, 0x2d, 0x16, 0x80,
    0x68, 0x1, 0xb8, 0x91, 0x75, 0x9d, 0xa0, 0x40,
    0x38, 0x5a, 0xbb, 0x87, 0x3f, 0x62, 0x34, 0x90,
    0xa6, 0x13, 0x80, 0x7e, 0xa4, 0xde, 0xb7, 0xc0,
    0xf, 0xe4, 0xed, 0xce, 0xa1, 0x0, 0xfc,

    /* U+FEB2 "ﺲ" */
    0x0, 0xff, 0xe1, 0x2f, 0x0, 0x7f, 0x6b, 0x0,
    0x39, 0x80, 0x3c, 0x6c, 0x1, 0x93, 0x0, 0x2,
    0x20, 0x31, 0x0, 0xbc, 0x40, 0x37, 0x2b, 0x48,
    0x4a, 0xd0, 0x49, 0x81, 0xa0, 0x6, 0xf1, 0x97,
    0xb4, 0xa0, 0x77, 0x60, 0x80, 0x70, 0xb3, 0x3f,
    0x92, 0xbf, 0x23, 0xbc, 0x45, 0x24, 0x29, 0xa1,
    0x20, 0x1f, 0xea, 0x4d, 0xeb, 0x7f, 0x10, 0xf,
    0xf2, 0x76, 0xe7, 0x58, 0x80, 0x7f, 0x80,

    /* U+FEB3 "ﺳ" */
    0x0, 0xff, 0x5c, 0x80, 0x7, 0xc8, 0x13, 0xc0,
    0x3c, 0x60, 0xc0, 0x40, 0x40, 0x1, 0x4, 0x90,
    0x85, 0xb0, 0x95, 0x4c, 0x2b, 0x6a, 0xa, 0x6c,
    0x6a, 0x74,

    /* U+FEB4 "ﺴ" */
    0x0, 0xff, 0x2a, 0x0, 0x74, 0x8, 0xc, 0x0,
    0x3b, 0x40, 0x30, 0xb9, 0x82, 0xb8, 0x7, 0xe5,
    0x7, 0x3, 0x3, 0x7, 0x20, 0x0, 0xbc, 0x85,
    0xc4, 0x7, 0xa4, 0xd2, 0x50, 0xe0, 0x35, 0x5d,
    0x30, 0x59, 0xdc, 0xdc,

    /* U+FEB5 "ﺵ" */
    0x0, 0xfe, 0x86, 0x0, 0xff, 0xe0, 0xb0, 0xea,
    0x0, 0x7f, 0xf0, 0x1a, 0x29, 0x0, 0x4, 0xe0,
    0x1f, 0x31, 0x8, 0x98, 0x81, 0xe4, 0x3, 0xed,
    0x50, 0x4, 0x20, 0x6, 0x58, 0x0, 0xc7, 0x60,
    0x22, 0xf0, 0x33, 0x4, 0x70, 0x6, 0xf3, 0xaa,
    0xb, 0x45, 0xa0, 0x12, 0x80, 0x6e, 0x24, 0x5d,
    0x67, 0x68, 0x10, 0xe, 0x16, 0xae, 0xe1, 0xcf,
    0xd8, 0x8d, 0x4, 0x29, 0x84, 0xe0, 0x1f, 0xa9,
    0x77, 0xad, 0xf0, 0x3, 0xf9, 0x3b, 0x73, 0xa8,
    0x40, 0x3f, 0x0,

    /* U+FEB6 "ﺶ" */
    0x0, 0xfe, 0x86, 0x0, 0xff, 0xe1, 0xb0, 0xea,
    0x0, 0x7f, 0xf0, 0x9a, 0x29, 0x0, 0x4, 0xe0,
    0x1f, 0xcc, 0x23, 0x29, 0x3, 0xc8, 0x7, 0xf6,
    0xb0, 0x2, 0xd0, 0x3, 0xc8, 0xc0, 0x18, 0xf0,
    0x4, 0x5c, 0x6, 0x20, 0x14, 0x8, 0x6, 0xf4,
    0x78, 0x7, 0x5a, 0xa, 0x30, 0x34, 0x0, 0xdc,
    0x30, 0xf6, 0xb4, 0xe, 0x98, 0x20, 0x1c, 0x2e,
    0xdf, 0xc9, 0x5f, 0x91, 0xde, 0x22, 0x82, 0x14,
    0xc0, 0x90, 0xf, 0xf5, 0x2e, 0xf5, 0xb7, 0x88,
    0x7, 0xf9, 0x3b, 0x73, 0xac, 0x40, 0x3f, 0xc0,

    /* U+FEB7 "ﺷ" */
    0x0, 0xf5, 0x20, 0x7, 0xf4, 0x6c, 0x10, 0x7,
    0xe8, 0x7d, 0x20, 0x54, 0x0, 0x98, 0x0, 0x2e,
    0x0, 0xed, 0x0, 0xc, 0x90, 0x2c, 0x80, 0x42,
    0x0, 0x20, 0x60, 0x20, 0x30, 0x7f, 0x4, 0xf0,
    0x85, 0xb0, 0xf5, 0x34, 0x2b, 0x1a, 0xa, 0x6c,
    0x1a, 0x83,

    /* U+FEB8 "ﺸ" */
    0x0, 0xf5, 0x20, 0x7, 0xfd, 0x1b, 0x4, 0x1,
    0xfe, 0x87, 0xd2, 0x5, 0x40, 0xe, 0x71, 0x1,
    0x60, 0x7, 0x68, 0x6, 0x18, 0x30, 0x58, 0x0,
    0xfc, 0x40, 0xe0, 0x60, 0x60, 0xe4, 0x0, 0x17,
    0xe0, 0xb8, 0x91, 0xe9, 0x34, 0x94, 0x38, 0xd,
    0x57, 0x5c, 0x16, 0x77, 0x37, 0x0,

    /* U+FEB9 "ﺹ" */
    0x0, 0xff, 0xa3, 0x7a, 0xc8, 0x3, 0xf8, 0x75,
    0x63, 0x5e, 0x40, 0x90, 0x3, 0x6b, 0x63, 0x6a,
    0x9a, 0xb0, 0x76, 0x0, 0x66, 0x93, 0xf4, 0x6c,
    0x6b, 0x3, 0xb0, 0xc, 0xe4, 0x37, 0x73, 0x63,
    0x8, 0x7, 0x9, 0xc7, 0xfd, 0xb4, 0x60, 0x22,
    0x92, 0x14, 0xd1, 0x50, 0xf, 0xd4, 0x9b, 0xd6,
    0x18, 0x1, 0xfc, 0x9d, 0xb9, 0xd8, 0x40, 0x1f,
    0x80,

    /* U+FEBA "ﺺ" */
    0x0, 0xff, 0x9f, 0x7a, 0xc8, 0x3, 0xfe, 0x1c,
    0xa8, 0xd7, 0x90, 0x8, 0x90, 0x3, 0x6b, 0x63,
    0xea, 0x9a, 0xb0, 0x5, 0xd8, 0x1, 0x9a, 0x4f,
    0xd1, 0xb1, 0x81, 0x44, 0xe, 0xc0, 0x33, 0x90,
    0xdd, 0xcd, 0x43, 0x4a, 0x20, 0x1c, 0x27, 0x1f,
    0xf6, 0xd2, 0xe7, 0xa0, 0x8a, 0x48, 0x53, 0x45,
    0x40, 0x3f, 0xd4, 0x9b, 0xd6, 0x18, 0x1, 0xff,
    0x27, 0x6e, 0x76, 0x10, 0x7, 0xf8,

    /* U+FEBB "ﺻ" */
    0x0, 0xfa, 0x3b, 0xec, 0x80, 0x28, 0x12, 0xd5,
    0xbc, 0x79, 0x0, 0x13, 0xbb, 0x1f, 0x54, 0xd5,
    0xc1, 0x24, 0x24, 0x39, 0x5f, 0x1a, 0x4a, 0xda,
    0xd0, 0x6e, 0xa8, 0xb8, 0xa0,

    /* U+FEBC "ﺼ" */
    0x0, 0xfa, 0x3b, 0xec, 0x80, 0x3a, 0x4, 0xb5,
    0x6f, 0x1e, 0x40, 0x31, 0x3b, 0xb1, 0xf5, 0x4d,
    0x58, 0x2, 0x49, 0x9, 0xe, 0x57, 0xc6, 0x5,
    0x12, 0xb6, 0xb4, 0x1b, 0xaa, 0x35, 0xd, 0x28,

    /* U+FEBD "ﺽ" */
    0x0, 0xfc, 0x94, 0x1, 0xff, 0xc2, 0x4b, 0x0,
    0xff, 0xe1, 0x88, 0x46, 0xf5, 0x90, 0x7, 0xf0,
    0xea, 0xc6, 0xbc, 0x81, 0x20, 0x6, 0xd6, 0xc6,
    0xd5, 0x35, 0x60, 0xec, 0x0, 0xcd, 0x27, 0xe8,
    0xd8, 0xd6, 0x7, 0x60, 0x19, 0xc8, 0x6e, 0xe6,
    0xc6, 0x10, 0xe, 0x13, 0x8f, 0xfb, 0x68, 0xc0,
    0x45, 0x24, 0x29, 0xa2, 0xa0, 0x1f, 0xa9, 0x37,
    0xac, 0x30, 0x3, 0xf9, 0x3b, 0x73, 0xb0, 0x80,
    0x3f, 0x0,

    /* U+FEBE "ﺾ" */
    0x0, 0xfc, 0x94, 0x1, 0xff, 0xc4, 0x4b, 0x0,
    0xff, 0xe2, 0x88, 0x3e, 0xf5, 0x90, 0x7, 0xfc,
    0x39, 0x51, 0xaf, 0x20, 0x11, 0x20, 0x6, 0xd6,
    0xc7, 0xd5, 0x35, 0x60, 0xb, 0xb0, 0x3, 0x34,
    0x9f, 0xa3, 0x63, 0x2, 0x88, 0x1d, 0x80, 0x67,
    0x21, 0xbb, 0x9a, 0x86, 0x94, 0x40, 0x38, 0x4e,
    0x3f, 0xed, 0xa5, 0xcf, 0x41, 0x14, 0x90, 0xa6,
    0x8a, 0x80, 0x7f, 0xa9, 0x37, 0xac, 0x30, 0x3,
    0xfe, 0x4e, 0xdc, 0xec, 0x20, 0xf, 0xf0,

    /* U+FEBF "ﺿ" */
    0x0, 0xd6, 0x60, 0x1f, 0xea, 0x30, 0xf, 0xf0,
    0x80, 0x23, 0xbe, 0xc8, 0x2, 0x81, 0x2d, 0x5b,
    0xc7, 0x90, 0x1, 0x3b, 0xb1, 0xf5, 0x4d, 0x5c,
    0x12, 0x42, 0x43, 0x95, 0xf1, 0xa4, 0xad, 0xad,
    0x6, 0xea, 0x8b, 0x8a,

    /* U+FEC0 "ﻀ" */
    0x0, 0xd6, 0x60, 0x1f, 0xfc, 0xa, 0x30, 0xf,
    0xfe, 0x0, 0x80, 0x23, 0xbe, 0xc8, 0x3, 0xa0,
    0x4b, 0x56, 0xf1, 0xe4, 0x3, 0x13, 0xbb, 0x1f,
    0x54, 0xd5, 0x80, 0x24, 0x90, 0x90, 0xe5, 0x7c,
    0x60, 0x51, 0x2b, 0x6b, 0x41, 0xba, 0xa3, 0x50,
    0xd2, 0x80,

    /* U+FEC1 "ﻁ" */
    0x0, 0xa3, 0x0, 0x3f, 0xff, 0xcf, 0xbf, 0x86,
    0x1, 0xc3, 0x93, 0x78, 0xdc, 0x1, 0xda, 0x1e,
    0xc7, 0xa4, 0x8, 0x82, 0x33, 0x4a, 0xb5, 0xc3,
    0x85, 0xd9, 0x40, 0x15, 0x70, 0x37, 0x0,

    /* U+FEC2 "ﻂ" */
    0x0, 0xa3, 0x0, 0x3f, 0xff, 0xe0, 0x1f, 0xf3,
    0xef, 0xe1, 0x80, 0x7c, 0x39, 0x37, 0x8d, 0xc0,
    0x1f, 0x68, 0x7b, 0x1e, 0x90, 0x4, 0x88, 0x23,
    0x34, 0xab, 0x5c, 0xa, 0x88, 0x5d, 0x94, 0x1,
    0x57, 0x3, 0x4b, 0x4e,

    /* U+FEC3 "ﻃ" */
    0x0, 0x2f, 0x80, 0x7f, 0xff, 0x9b, 0x3f, 0x54,
    0x3, 0xd5, 0x37, 0x8b, 0x42, 0x1, 0xa9, 0x35,
    0xcf, 0x0, 0xc1, 0x8, 0x16, 0x19, 0x95, 0x68,
    0x44, 0xb8, 0x0, 0x4d, 0xc0, 0xd5, 0x80,

    /* U+FEC4 "ﻄ" */
    0x0, 0x2f, 0x80, 0x7f, 0xff, 0xc0, 0x39, 0xb3,
    0xf5, 0x40, 0x3e, 0xa9, 0xbc, 0x5a, 0x10, 0xe,
    0xa4, 0xd7, 0x3c, 0x3, 0x0, 0x21, 0x2, 0xc3,
    0x32, 0xac, 0x10, 0x89, 0x70, 0x0, 0x9b, 0x81,
    0xa6, 0x98,

    /* U+FEC5 "ﻅ" */
    0x0, 0xa3, 0x0, 0x3f, 0xfc, 0xa9, 0x40, 0x1f,
    0xe4, 0xb0, 0xf, 0xf9, 0xb7, 0xf0, 0xc0, 0x38,
    0x72, 0x6f, 0x1b, 0x80, 0x3b, 0x43, 0xd8, 0xf4,
    0x81, 0x10, 0x46, 0x69, 0x56, 0xb8, 0x70, 0xbb,
    0x28, 0x2, 0xae, 0x6, 0xe0,

    /* U+FEC6 "ﻆ" */
    0x0, 0xa3, 0x0, 0x3f, 0xfd, 0xa9, 0x40, 0x1f,
    0xfc, 0x4, 0xb0, 0xf, 0xfe, 0xb, 0x6f, 0xe1,
    0x80, 0x7c, 0x39, 0x37, 0x8d, 0xc0, 0x1f, 0x68,
    0x7b, 0x1e, 0x90, 0x4, 0x88, 0x23, 0x34, 0xab,
    0x5c, 0xa, 0x88, 0x5d, 0x94, 0x1, 0x57, 0x3,
    0x4b, 0x4e,

    /* U+FEC7 "ﻇ" */
    0x0, 0x2f, 0x80, 0x7f, 0xf9, 0x4b, 0x40, 0x3f,
    0xc5, 0x80, 0x1f, 0xf3, 0xe7, 0xea, 0x80, 0x7a,
    0xa6, 0xf1, 0x68, 0x40, 0x35, 0x26, 0xb9, 0xe0,
    0x18, 0x21, 0x2, 0xc3, 0x32, 0xad, 0x8, 0x97,
    0x0, 0x9, 0xb8, 0x1a, 0xb0,

    /* U+FEC8 "ﻈ" */
    0x0, 0x2f, 0x80, 0x7f, 0xfa, 0x4b, 0x40, 0x3f,
    0xe2, 0xc0, 0xf, 0xfe, 0x3, 0xe7, 0xea, 0x80,
    0x7d, 0x53, 0x78, 0xb4, 0x20, 0x1d, 0x49, 0xae,
    0x78, 0x6, 0x0, 0x42, 0x5, 0x86, 0x65, 0x58,
    0x21, 0x12, 0xe0, 0x1, 0x37, 0x3, 0x4d, 0x30,

    /* U+FEC9 "ﻉ" */
    0x0, 0x1d, 0xf3, 0x0, 0x62, 0xc3, 0xa7, 0x0,
    0xd4, 0x90, 0x82, 0x20, 0xb, 0xd5, 0xa7, 0xb8,
    0x1, 0x39, 0x4a, 0x4e, 0x0, 0x4e, 0x73, 0xae,
    0x60, 0x14, 0x4b, 0x0, 0x71, 0x3, 0x80, 0x78,
    0xc0, 0xc0, 0x3c, 0x2b, 0xe8, 0x0, 0x27, 0x20,
    0xa4, 0xaf, 0xf6, 0xd9, 0x80, 0x27, 0xb9, 0xbf,
    0x82,

    /* U+FECA "ﻊ" */
    0x0, 0xff, 0x26, 0xfe, 0xa8, 0x6, 0xf2, 0xb3,
    0x90, 0xd, 0x1, 0x45, 0xc0, 0x1a, 0x4, 0x88,
    0xa8, 0x40, 0x49, 0xb9, 0x35, 0x76, 0x3, 0x1,
    0x7, 0xdf, 0x90, 0x13, 0xe3, 0x0, 0xb, 0x10,
    0x6b, 0x67, 0xfb, 0xa8, 0xc0, 0x6b, 0xfb, 0x7f,
    0x4,

    /* U+FECB "ﻋ" */
    0x0, 0x92, 0xf9, 0x80, 0x22, 0xb3, 0xa7, 0x0,
    0xa9, 0x21, 0x4, 0x2, 0xf7, 0x0, 0x94, 0x0,
    0xc3, 0x75, 0xd2, 0x8, 0xe2, 0x83, 0x58, 0x57,
    0x64, 0xdb, 0x40,

    /* U+FECC "ﻌ" */
    0x0, 0xff, 0x37, 0x7e, 0xa0, 0x5, 0x67, 0x65,
    0xa0, 0x17, 0x15, 0x14, 0x0, 0x11, 0x0, 0x12,
    0x19, 0x5d, 0x4f, 0x2d, 0xe8,

    /* U+FECD "ﻍ" */
    0x0, 0x34, 0x0, 0x7c, 0xd2, 0x1, 0xf1, 0xd7,
    0x30, 0x6, 0x2c, 0x3a, 0x70, 0xd, 0x49, 0x8,
    0x22, 0x0, 0xbd, 0x5a, 0x7b, 0x80, 0x13, 0x94,
    0xa4, 0xe0, 0x4, 0xe7, 0x3a, 0xe6, 0x1, 0x44,
    0xb0, 0x7, 0x10, 0x38, 0x7, 0x8c, 0xc, 0x3,
    0xc2, 0xbe, 0x80, 0x2, 0x72, 0xa, 0x4a, 0xff,
    0x6d, 0x98, 0x2, 0x7b, 0x9b, 0xf8, 0x20,

    /* U+FECE "ﻎ" */
    0x0, 0xe, 0x80, 0x7c, 0x38, 0x1, 0xf8, 0x40,
    0x3c, 0x9b, 0xfa, 0xa0, 0x1b, 0xca, 0xce, 0x40,
    0x34, 0x5, 0x17, 0x0, 0x68, 0x12, 0x22, 0xa1,
    0x1, 0x26, 0xe4, 0xd5, 0xd8, 0xc, 0x4, 0x1f,
    0x7e, 0x40, 0x4f, 0x8c, 0x0, 0x2c, 0x41, 0xad,
    0x9f, 0xee, 0xa3, 0x1, 0xaf, 0xed, 0xfc, 0x10,

    /* U+FECF "ﻏ" */
    0x0, 0x9a, 0x0, 0x3c, 0xd2, 0x1, 0xe4, 0xae,
    0x60, 0x8, 0xac, 0xe9, 0xc0, 0x2a, 0x48, 0x41,
    0x0, 0xbd, 0xc0, 0x25, 0x0, 0x30, 0xdd, 0x74,
    0x82, 0x38, 0xa0, 0xd6, 0x15, 0xd9, 0x36, 0xd0,
    0x0,

    /* U+FED0 "ﻐ" */
    0x0, 0x8b, 0x0, 0x3c, 0x5a, 0x1, 0xf0, 0x80,
    0x73, 0x77, 0xea, 0x0, 0x56, 0x76, 0x5a, 0x1,
    0x71, 0x51, 0x40, 0x1, 0x10, 0x1, 0x21, 0x95,
    0xd4, 0xf2, 0xde, 0x80,

    /* U+FED1 "ﻑ" */
    0x0, 0xff, 0x43, 0x0, 0x7f, 0xf0, 0x25, 0xc0,
    0x3f, 0xe5, 0xfe, 0x60, 0xf, 0xf5, 0x3c, 0x49,
    0x0, 0x7e, 0x10, 0xd6, 0x7, 0xd, 0x50, 0xe,
    0x16, 0xbe, 0x6, 0x12, 0x60, 0xf, 0x4f, 0x48,
    0x10, 0x97, 0xa0, 0x80, 0x4, 0xda, 0xa6, 0x4,
    0x3d, 0xaf, 0xbf, 0xdd, 0x96, 0x58, 0xe0, 0x2,
    0xaf, 0xdc, 0xdd, 0x7e, 0xc9, 0x80, 0x0,

    /* U+FED2 "ﻒ" */
    0x0, 0xff, 0x43, 0x0, 0x7f, 0xf0, 0x61, 0x80,
    0x3f, 0xf9, 0xef, 0xde, 0xe0, 0x12, 0x98, 0x7,
    0xc, 0x34, 0x40, 0x80, 0x14, 0x1, 0xe1, 0xb,
    0x70, 0x10, 0x0, 0xc1, 0x88, 0x4, 0x2d, 0xd0,
    0x2e, 0x41, 0xaf, 0x9d, 0xff, 0x73, 0x1a, 0xd,
    0xc0, 0x1e, 0x76, 0xe6, 0x37, 0x5d, 0xcc, 0xff,
    0x50,

    /* U+FED3 "ﻓ" */
    0x0, 0x87, 0x40, 0x38, 0x70, 0x3, 0x16, 0x75,
    0x0, 0x50, 0x14, 0x8e, 0x0, 0x16, 0x55, 0x68,
    0x3, 0xd7, 0xd0, 0x2, 0x4f, 0xe1, 0xd0, 0x44,
    0x2d, 0xb, 0x15, 0xda, 0x9e, 0xc4,

    /* U+FED4 "ﻔ" */
    0x0, 0xdc, 0x1, 0xfb, 0xc0, 0x3f, 0x8, 0x7,
    0x86, 0xff, 0x4, 0x3, 0x32, 0xd1, 0x40, 0x6,
    0xf3, 0x55, 0x0, 0x64, 0xe2, 0xd4, 0xe4, 0x2,
    0xb9, 0x27, 0x28, 0xb3,

    /* U+FED5 "ﻕ" */
    0x0, 0xe2, 0xc7, 0x80, 0xf, 0x16, 0xbc, 0x0,
    0x7c, 0x20, 0x1f, 0x87, 0x3e, 0xc0, 0x3d, 0x3,
    0x4c, 0xe0, 0x1c, 0x4c, 0xad, 0x80, 0x86, 0x0,
    0x85, 0xf5, 0x70, 0xb0, 0x8, 0xfb, 0x8c, 0xe6,
    0x6, 0x1, 0x85, 0xb4, 0x3, 0xeb, 0x26, 0x31,
    0x91, 0x26, 0xd6, 0xd0, 0x5, 0x37, 0x6c, 0xa6,
    0x88, 0x1, 0x3f, 0x37, 0xe4, 0x2,

    /* U+FED6 "ﻖ" */
    0x0, 0xf6, 0x26, 0x0, 0x7f, 0x6a, 0xe8, 0x7,
    0xe1, 0xde, 0xa0, 0xf, 0xd0, 0x34, 0xae, 0x1,
    0xf1, 0x3a, 0xb6, 0x0, 0x46, 0x20, 0xe, 0x5b,
    0x36, 0x43, 0x2c, 0x0, 0x96, 0xc5, 0xa, 0xf8,
    0x40, 0x40, 0x24, 0xe0, 0x9f, 0xd3, 0x9, 0x21,
    0x39, 0xb6, 0x60, 0x5, 0x2d, 0xbd, 0x89, 0x32,
    0x0, 0xcd, 0xf9, 0x8d, 0xd3, 0x0, 0x60,

    /* U+FED7 "ﻗ" */
    0x0, 0xb9, 0x2c, 0x3, 0x7a, 0x50, 0x4, 0x5b,
    0xf6, 0x1, 0x40, 0x52, 0x38, 0x0, 0x59, 0x55,
    0xa0, 0xf, 0x5f, 0x40, 0x9, 0x3f, 0x87, 0x41,
    0x10, 0xb4, 0x2c, 0x57, 0x6a, 0x7b, 0x10,

    /* U+FED8 "ﻘ" */
    0x0, 0xb1, 0x30, 0x3, 0xda, 0x9a, 0x1, 0xe1,
    0x1, 0x0, 0xe1, 0xbf, 0xc1, 0x0, 0xcc, 0xb4,
    0x50, 0x1, 0xbc, 0xd5, 0x40, 0x19, 0x38, 0xb5,
    0x39, 0x0, 0xae, 0x49, 0xca, 0x2c, 0xc0,

    /* U+FED9 "ﻙ" */
    0x0, 0xfc, 0x5e, 0x20, 0x1f, 0xfc, 0xf7, 0x60,
    0xf, 0xc5, 0xcc, 0x1, 0xf8, 0xaa, 0x40, 0x3f,
    0x3c, 0xd0, 0x7, 0xe7, 0xa3, 0x1, 0x1, 0xd,
    0x40, 0xe, 0xa2, 0x0, 0xa1, 0x4c, 0x96, 0xda,
    0x0, 0x1e, 0xd7, 0x9b, 0x63, 0x8a, 0x0,

    /* U+FEDA "ﻚ" */
    0x0, 0xfc, 0x5e, 0x20, 0x1f, 0xfd, 0x27, 0x60,
    0xf, 0xe2, 0xe6, 0x0, 0xfe, 0x2a, 0x90, 0xf,
    0xe7, 0x9a, 0x0, 0xfe, 0x7a, 0x30, 0x10, 0xd,
    0x46, 0x1, 0xd4, 0x6, 0x0, 0x48, 0x53, 0x25,
    0xb6, 0x8, 0x40, 0xc1, 0xbc, 0xdb, 0x1b, 0xc4,
    0xa0,

    /* U+FEDB "ﻛ" */
    0x0, 0xf1, 0x28, 0x6, 0x5b, 0xdd, 0x0, 0x1b,
    0xac, 0xf6, 0x1, 0x26, 0x3a, 0x8, 0x3, 0x20,
    0x7, 0x22, 0xf8, 0x80, 0x75, 0x5, 0x0, 0x7b,
    0xd5, 0x80, 0x38, 0x93, 0x0, 0x24, 0x43, 0x2e,
    0x80, 0xa, 0xed, 0x2a, 0xe0, 0x0,

    /* U+FEDC "ﻜ" */
    0x0, 0xf1, 0x28, 0x7, 0x2d, 0xee, 0x80, 0x26,
    0xeb, 0x3d, 0x80, 0x2, 0x4c, 0x74, 0x10, 0x7,
    0x20, 0x7, 0x91, 0x7c, 0x40, 0x3d, 0x41, 0x40,
    0x1f, 0x7a, 0xc8, 0x7, 0x89, 0x19, 0x80, 0x12,
    0x21, 0x94, 0xe5, 0xcc, 0xae, 0xd2, 0xb9, 0x13,
    0xa0,

    /* U+FEDD "ﻝ" */
    0x0, 0xf9, 0x78, 0x3, 0xff, 0xe8, 0x22, 0x0,
    0xc6, 0x0, 0xc7, 0x0, 0xdc, 0x40, 0x44, 0x0,
    0xca, 0xa0, 0x3f, 0x21, 0x5c, 0x8, 0xe, 0x6d,
    0xea, 0x5c, 0x10, 0x2d, 0xed, 0xf9, 0x10,

    /* U+FEDE "ﻞ" */
    0x0, 0xf9, 0x78, 0x3, 0xff, 0xfe, 0x1, 0xc2,
    0x20, 0xc, 0x62, 0x1, 0x63, 0x80, 0x6e, 0x7,
    0x30, 0x22, 0x0, 0x65, 0x28, 0x80, 0x1f, 0x90,
    0xae, 0x6, 0x7d, 0x87, 0x36, 0xf5, 0x2e, 0x8,
    0x4, 0x5b, 0xdb, 0xf2, 0x20, 0x10,

    /* U+FEDF "ﻟ" */
    0x0, 0x2f, 0x80, 0x7f, 0xf4, 0xc4, 0x12, 0x48,
    0x96, 0x3e,

    /* U+FEE0 "ﻠ" */
    0x0, 0x2f, 0x80, 0x7f, 0xf9, 0xd2, 0x42, 0xc,
    0xac, 0x59, 0x9e,

    /* U+FEE1 "ﻡ" */
    0x0, 0xff, 0x97, 0xfd, 0x40, 0x10, 0xd3, 0x52,
    0x40, 0xc, 0x6, 0xa9, 0x8, 0x53, 0xa5, 0xf9,
    0x50, 0x25, 0xdb, 0xb7, 0x8c, 0x3, 0x9, 0x0,
    0x7f, 0xf1, 0x80,

    /* U+FEE2 "ﻢ" */
    0x0, 0xff, 0xe0, 0x97, 0x7b, 0x80, 0x7b, 0x92,
    0xa1, 0x0, 0x30, 0x9c, 0x2a, 0x70, 0x6, 0x70,
    0xa4, 0x55, 0x39, 0x4, 0xd3, 0xad, 0x81, 0x42,
    0x83, 0x4c, 0x6f, 0xf6, 0xfb, 0x80, 0x7f, 0xf2,
    0x65, 0x0, 0x3e,

    /* U+FEE3 "ﻣ" */
    0x0, 0xff, 0x97, 0xfd, 0x0, 0x10, 0xd4, 0x41,
    0xcc, 0x0, 0xa2, 0xee, 0x6, 0x4, 0x81, 0x66,
    0x3, 0x15, 0x8a, 0x44, 0xb9, 0x80,

    /* U+FEE4 "ﻤ" */
    0x0, 0xff, 0xe0, 0xaf, 0xf9, 0x40, 0x38, 0x69,
    0xdd, 0x44, 0x1, 0x94, 0x62, 0x0, 0x80, 0x12,
    0x40, 0xb2, 0x85, 0xa0, 0x15, 0x8a, 0x45, 0x19,
    0xac, 0xc0,

    /* U+FEE5 "ﻥ" */
    0x0, 0xb8, 0x3, 0xf7, 0x80, 0x15, 0x40, 0x18,
    0x40, 0x7, 0x60, 0xe8, 0x1, 0x90, 0x4a, 0x4,
    0x3, 0x18, 0x8, 0x8, 0x6, 0x20, 0x11, 0x10,
    0x6, 0xa2, 0x23, 0x42, 0x8, 0x9d, 0xa4, 0x21,
    0xef, 0xb9, 0x56, 0x80, 0x9, 0xfc, 0xdd, 0x20,
    0x0,

    /* U+FEE6 "ﻦ" */
    0x0, 0xb4, 0x0, 0x20, 0x1e, 0xc0, 0x3, 0x58,
    0x0, 0x84, 0x4, 0x0, 0xa8, 0x41, 0xee, 0x1,
    0x8c, 0x24, 0xc8, 0x80, 0x18, 0x81, 0x7c, 0x44,
    0x1, 0xac, 0x7b, 0x1e, 0x10, 0x49, 0xdd, 0x0,
    0x9, 0x4b, 0xed, 0xaa, 0x30, 0x5, 0x3f, 0xbb,
    0x28, 0x4,

    /* U+FEE7 "ﻧ" */
    0x0, 0x34, 0x0, 0x1a, 0x0, 0x2, 0x20, 0x4,
    0x58, 0x7, 0x2b, 0xe9, 0x52, 0xb0,

    /* U+FEE8 "ﻨ" */
    0x0, 0x34, 0x0, 0x66, 0x80, 0xc, 0x22, 0x0,
    0xd1, 0x60, 0x1c, 0x20, 0x12, 0xba, 0x28, 0x95,
    0x2a, 0x52, 0x0,

    /* U+FEE9 "ﻩ" */
    0x0, 0xfc, 0xbf, 0xd0, 0x1, 0x5b, 0x5a, 0x60,
    0x0, 0x69, 0x70, 0xd0, 0x6, 0xc9, 0xc1, 0x82,
    0xd7, 0x6e, 0x88,

    /* U+FEEA "ﻪ" */
    0x0, 0x97, 0x98, 0x2, 0x3e, 0xe1, 0xf0, 0x5,
    0xd3, 0x6a, 0x60, 0x11, 0xec, 0x2a, 0x31, 0x7,
    0xef, 0xcc, 0x4c, 0x0,

    /* U+FEEB "ﻫ" */
    0x0, 0x20, 0x7, 0xdd, 0xc5, 0x0, 0xed, 0x1a,
    0x80, 0xd, 0x16, 0xce, 0xe0, 0xc, 0xe6, 0x50,
    0x40, 0x2, 0xe5, 0xa3, 0x50, 0x46, 0x20, 0x47,
    0x2, 0xb5, 0x51, 0x63, 0xb0,

    /* U+FEEC "ﻬ" */
    0x0, 0xa3, 0xa8, 0x3, 0x33, 0x29, 0x50, 0x2,
    0xa6, 0x50, 0xc, 0x84, 0x38, 0x60, 0x44, 0xb1,
    0x62, 0x3b, 0xb1, 0x79, 0x4b, 0x1f, 0xc8, 0x1,
    0x2e, 0x9, 0x40, 0x28, 0x1e, 0x4, 0x0, 0x87,
    0x3b, 0x82, 0x0,

    /* U+FEED "ﻭ" */
    0x0, 0xfe, 0x2d, 0xfa, 0x0, 0xa4, 0x69, 0x1c,
    0x3, 0x97, 0x40, 0x12, 0xf4, 0x80, 0x11, 0x5f,
    0xe, 0x0, 0x93, 0x79, 0x34, 0xf6, 0xc3, 0x60,
    0x46, 0xf7, 0x20, 0x0,

    /* U+FEEE "ﻮ" */
    0x0, 0x8d, 0xc8, 0x3, 0x9b, 0x23, 0x48, 0x3,
    0x52, 0xf9, 0x50, 0x6, 0x67, 0x56, 0x34, 0x10,
    0x5, 0xb5, 0x22, 0x2d, 0xc0, 0x3, 0x7c, 0x33,
    0xec, 0x2, 0x4d, 0xea, 0xc0, 0x9, 0xed, 0x89,
    0xb0, 0xa, 0x37, 0xb8, 0xe0, 0x18,

    /* U+FEEF "ﻯ" */
    0x0, 0xe4, 0xce, 0xc3, 0x0, 0xf5, 0xa6, 0x27,
    0x80, 0x78, 0x4d, 0xa3, 0x0, 0xe, 0x80, 0xc,
    0x1b, 0xd1, 0x0, 0x43, 0x80, 0xa, 0xbc, 0x24,
    0x2, 0x70, 0xc, 0xa5, 0xc0, 0x7, 0xba, 0x9b,
    0xea, 0x76, 0x0, 0x45, 0x98, 0x1d, 0xfc, 0x0,
    0x0,

    /* U+FEF0 "ﻰ" */
    0x0, 0xff, 0xe3, 0x9f, 0x68, 0x80, 0x39, 0x40,
    0x37, 0xa3, 0xd8, 0x8, 0x98, 0x3, 0x92, 0x55,
    0x84, 0x1c, 0x3, 0x70, 0xb5, 0x50, 0x12, 0x50,
    0x4, 0xa8, 0x1d, 0x70, 0x29, 0xef, 0xfb, 0x4f,
    0x48, 0x2, 0x1a, 0xfd, 0xd7, 0x59, 0x0, 0x40,

    /* U+FEF1 "ﻱ" */
    0x0, 0xe4, 0xce, 0xc3, 0x0, 0xf5, 0xa6, 0x27,
    0x80, 0x78, 0x4d, 0xa3, 0x0, 0x10, 0x80, 0xf,
    0x2a, 0xd2, 0x0, 0x3b, 0x80, 0x3, 0x3c, 0x16,
    0x1, 0x30, 0x6, 0x62, 0xf0, 0x4, 0x55, 0xd6,
    0x7c, 0x41, 0x80, 0xf, 0xb8, 0x55, 0x9c, 0xe0,
    0x18, 0xbf, 0xa8, 0x40, 0x3e, 0x96, 0xd2, 0x0,
    0xc0,

    /* U+FEF2 "ﻲ" */
    0x0, 0xff, 0xe3, 0x9f, 0x68, 0x80, 0x39, 0x40,
    0x37, 0xa3, 0xd8, 0x8, 0x98, 0x3, 0x92, 0x55,
    0x84, 0x1c, 0x3, 0x70, 0xb5, 0x50, 0x16, 0x50,
    0x4, 0xa8, 0x51, 0x70, 0x29, 0x6b, 0xfb, 0x7,
    0xc4, 0x3, 0x43, 0x41, 0x64, 0x88, 0x7, 0xa5,
    0xf0, 0x80, 0x38,

    /* U+FEF3 "ﻳ" */
    0x0, 0x4d, 0x0, 0x7c, 0xaf, 0xa0, 0x54, 0x4c,
    0x5, 0xf8, 0x20, 0x4, 0xa8, 0x50, 0x4b, 0x85,

    /* U+FEF4 "ﻴ" */
    0x0, 0x4d, 0x0, 0x70, 0x80, 0x4a, 0xe8, 0xa2,
    0x54, 0xa9, 0x48, 0x5f, 0x76, 0xf5, 0x4, 0xa8,
    0x50, 0x2, 0x5c, 0x28, 0x0,

    /* U+FEF5 "ﻵ" */
    0x7, 0x20, 0x24, 0x0, 0x94, 0xa2, 0xec, 0xa1,
    0x72, 0xaa, 0xbf, 0x91, 0x0, 0xf5, 0x98, 0x7,
    0x85, 0xe4, 0x3, 0xe9, 0x52, 0x0, 0xf0, 0xb5,
    0x80, 0x4, 0x3, 0x5b, 0xb, 0x70, 0x6, 0x25,
    0xb2, 0x70, 0xe, 0xe5, 0x50, 0x80, 0x4c, 0xb2,
    0x54, 0x1, 0xa2, 0x93, 0x40, 0x0,

    /* U+FEF6 "ﻶ" */
    0x7, 0x20, 0x24, 0x0, 0xe5, 0x28, 0xbb, 0x28,
    0x5c, 0x80, 0x15, 0x57, 0xf2, 0x20, 0x1f, 0xac,
    0xc0, 0x3f, 0xb, 0xc8, 0x7, 0xf4, 0xa9, 0x0,
    0x7e, 0x16, 0xb0, 0xf, 0xeb, 0x61, 0x60, 0xf,
    0x89, 0x6c, 0x80, 0x3f, 0x72, 0x82, 0x80, 0x73,
    0x2c, 0x95, 0x9b, 0x10, 0x5, 0x14, 0x98, 0x91,
    0x2a,

    /* U+FEF7 "ﻷ" */
    0x9, 0xa0, 0xe, 0x20, 0xa0, 0xe, 0x37, 0xc1,
    0x0, 0xc3, 0xf8, 0x20, 0xb, 0x90, 0x2e, 0x0,
    0xf1, 0x93, 0x80, 0x7a, 0x68, 0x3, 0xca, 0x68,
    0x1, 0xe9, 0xf0, 0x0, 0x80, 0x4c, 0x84, 0xdc,
    0x1, 0xb, 0x71, 0x38, 0x6, 0xa3, 0x51, 0x0,
    0x32, 0xf1, 0x50, 0x5, 0x14, 0x9a, 0x0,

    /* U+FEF8 "ﻸ" */
    0x9, 0xa0, 0xf, 0x88, 0x28, 0x3, 0xe3, 0x7c,
    0x10, 0xf, 0xf, 0xe0, 0x80, 0x2e, 0x40, 0x22,
    0xe0, 0xf, 0xc6, 0x4e, 0x1, 0xfa, 0x68, 0x3,
    0xf2, 0x9a, 0x0, 0x7e, 0x9f, 0x0, 0xfc, 0xc8,
    0x4c, 0x1, 0xe1, 0x6e, 0x20, 0xf, 0xa8, 0xc1,
    0x40, 0x33, 0x2f, 0x16, 0x1b, 0x10, 0x2, 0x29,
    0x30, 0xe2, 0x54,

    /* U+FEF9 "ﻹ" */
    0x0, 0xeb, 0x93, 0xe0, 0xe, 0x32, 0x70, 0xe,
    0x9a, 0x0, 0xe5, 0x34, 0x0, 0xe9, 0xf0, 0x0,
    0x80, 0x19, 0x9, 0xb8, 0x0, 0x2d, 0xc4, 0xe0,
    0x15, 0x1a, 0x88, 0x32, 0xf1, 0x50, 0x2, 0x29,
    0x34, 0x0, 0xc9, 0x92, 0x1, 0x6d, 0x18, 0x7,
    0x6a, 0x80, 0x6a, 0xd5, 0x0, 0xc0,

    /* U+FEFA "ﻺ" */
    0x0, 0xeb, 0x90, 0x1, 0xf0, 0x7, 0xc6, 0x4e,
    0x1, 0xf4, 0xd0, 0x7, 0xca, 0x68, 0x1, 0xf4,
    0xf8, 0x7, 0xcc, 0x84, 0xc0, 0x1c, 0x2d, 0xc4,
    0x1, 0xea, 0x30, 0x50, 0x9, 0x97, 0x8b, 0xd,
    0x88, 0x22, 0x93, 0xe, 0x25, 0x59, 0x32, 0x44,
    0x1f, 0xdf, 0x68, 0xc0, 0x3e, 0xd5, 0x0, 0xf5,
    0x6a, 0x80, 0x78,

    /* U+FEFB "ﻻ" */
    0x0, 0xeb, 0x93, 0xe0, 0xe, 0x32, 0x70, 0xe,
    0x9a, 0x0, 0xe5, 0x34, 0x0, 0xe9, 0xf0, 0x0,
    0x80, 0x19, 0x9, 0xb8, 0x0, 0x2d, 0xc4, 0xe0,
    0x15, 0x1a, 0x88, 0x32, 0xf1, 0x50, 0x2, 0x29,
    0x34, 0x0,

    /* U+FEFC "ﻼ" */
    0x0, 0xeb, 0x90, 0x1, 0xf0, 0x7, 0xc6, 0x4e,
    0x1, 0xf4, 0xd0, 0x7, 0xca, 0x68, 0x1, 0xf4,
    0xf8, 0x7, 0xcc, 0x84, 0xc0, 0x1c, 0x2d, 0xc4,
    0x1, 0xea, 0x30, 0x50, 0x9, 0x97, 0x8b, 0xd,
    0x88, 0x22, 0x93, 0xe, 0x25, 0x40
};


/*---------------------
 *  GLYPH DESCRIPTION
 *--------------------*/

static const lv_font_fmt_txt_glyph_dsc_t glyph_dsc[] = {
    {.bitmap_index = 0, .adv_w = 0, .box_w = 0, .box_h = 0, .ofs_x = 0, .ofs_y = 0} /* id = 0 reserved */,
    {.bitmap_index = 0, .adv_w = 71, .box_w = 0, .box_h = 0, .ofs_x = 0, .ofs_y = 0},
    {.bitmap_index = 0, .adv_w = 90, .box_w = 2, .box_h = 10, .ofs_x = 2, .ofs_y = 0},
    {.bitmap_index = 9, .adv_w = 103, .box_w = 5, .box_h = 4, .ofs_x = 1, .ofs_y = 6},
    {.bitmap_index = 17, .adv_w = 188, .box_w = 10, .box_h = 10, .ofs_x = 1, .ofs_y = 0},
    {.bitmap_index = 67, .adv_w = 143, .box_w = 7, .box_h = 13, .ofs_x = 1, .ofs_y = -2},
    {.bitmap_index = 107, .adv_w = 213, .box_w = 13, .box_h = 10, .ofs_x = 0, .ofs_y = 0},
    {.bitmap_index = 168, .adv_w = 175, .box_w = 11, .box_h = 10, .ofs_x = 0, .ofs_y = 0},
    {.bitmap_index = 219, .adv_w = 62, .box_w = 2, .box_h = 4, .ofs_x = 1, .ofs_y = 6},
    {.bitmap_index = 223, .adv_w = 87, .box_w = 4, .box_h = 13, .ofs_x = 1, .ofs_y = -2},
    {.bitmap_index = 250, .adv_w = 87, .box_w = 4, .box_h = 13, .ofs_x = 1, .ofs_y = -2},
    {.bitmap_index = 277, .adv_w = 112, .box_w = 7, .box_h = 7, .ofs_x = 0, .ofs_y = 3},
    {.bitmap_index = 301, .adv_w = 188, .box_w = 10, .box_h = 9, .ofs_x = 1, .ofs_y = 0},
    {.bitmap_index = 326, .adv_w = 71, .box_w = 3, .box_h = 4, .ofs_x = 1, .ofs_y = -2},
    {.bitmap_index = 332, .adv_w = 81, .box_w = 5, .box_h = 2, .ofs_x = 0, .ofs_y = 3},
    {.bitmap_index = 337, .adv_w = 71, .box_w = 2, .box_h = 2, .ofs_x = 1, .ofs_y = 0},
    {.bitmap_index = 339, .adv_w = 75, .box_w = 5, .box_h = 12, .ofs_x = 0, .ofs_y = -2},
    {.bitmap_index = 369, .adv_w = 143, .box_w = 8, .box_h = 10, .ofs_x = 0, .ofs_y = 0},
    {.bitmap_index = 406, .adv_w = 143, .box_w = 7, .box_h = 10, .ofs_x = 1, .ofs_y = 0},
    {.bitmap_index = 424, .adv_w = 143, .box_w = 7, .box_h = 10, .ofs_x = 1, .ofs_y = 0},
    {.bitmap_index = 458, .adv_w = 143, .box_w = 7, .box_h = 10, .ofs_x = 1, .ofs_y = 0},
    {.bitmap_index = 492, .adv_w = 143, .box_w = 9, .box_h = 10, .ofs_x = 0, .ofs_y = 0},
    {.bitmap_index = 526, .adv_w = 143, .box_w = 7, .box_h = 10, .ofs_x = 1, .ofs_y = 0},
    {.bitmap_index = 558, .adv_w = 143, .box_w = 9, .box_h = 10, .ofs_x = 0, .ofs_y = 0},
    {.bitmap_index = 604, .adv_w = 143, .box_w = 7, .box_h = 10, .ofs_x = 1, .ofs_y = 0},
    {.bitmap_index = 633, .adv_w = 143, .box_w = 8, .box_h = 10, .ofs_x = 0, .ofs_y = 0},
    {.bitmap_index = 672, .adv_w = 143, .box_w = 8, .box_h = 10, .ofs_x = 0, .ofs_y = 0},
    {.bitmap_index = 712, .adv_w = 75, .box_w = 3, .box_h = 7, .ofs_x = 1, .ofs_y = 0},
    {.bitmap_index = 721, .adv_w = 75, .box_w = 3, .box_h = 9, .ofs_x = 1, .ofs_y = -2},
    {.bitmap_index = 733, .adv_w = 188, .box_w = 10, .box_h = 9, .ofs_x = 1, .ofs_y = 0},
    {.bitmap_index = 771, .adv_w = 188, .box_w = 10, .box_h = 5, .ofs_x = 1, .ofs_y = 2},
    {.bitmap_index = 786, .adv_w = 188, .box_w = 10, .box_h = 9, .ofs_x = 1, .ofs_y = 0},
    {.bitmap_index = 824, .adv_w = 119, .box_w = 6, .box_h = 10, .ofs_x = 1, .ofs_y = 0},
    {.bitmap_index = 853, .adv_w = 224, .box_w = 14, .box_h = 13, .ofs_x = 0, .ofs_y = -2},
    {.bitmap_index = 936, .adv_w = 153, .box_w = 10, .box_h = 10, .ofs_x = 0, .ofs_y = 0},
    {.bitmap_index = 979, .adv_w = 154, .box_w = 8, .box_h = 10, .ofs_x = 1, .ofs_y = 0},
    {.bitmap_index = 1016, .adv_w = 156, .box_w = 10, .box_h = 10, .ofs_x = 0, .ofs_y = 0},
    {.bitmap_index = 1059, .adv_w = 172, .box_w = 9, .box_h = 10, .ofs_x = 1, .ofs_y = 0},
    {.bitmap_index = 1094, .adv_w = 142, .box_w = 7, .box_h = 10, .ofs_x = 1, .ofs_y = 0},
    {.bitmap_index = 1120, .adv_w = 129, .box_w = 7, .box_h = 10, .ofs_x = 1, .ofs_y = 0},
    {.bitmap_index = 1142, .adv_w = 174, .box_w = 10, .box_h = 10, .ofs_x = 0, .ofs_y = 0},
    {.bitmap_index = 1188, .adv_w = 168, .box_w = 9, .box_h = 10, .ofs_x = 1, .ofs_y = 0},
    {.bitmap_index = 1208, .adv_w = 66, .box_w = 2, .box_h = 10, .ofs_x = 1, .ofs_y = 0},
    {.bitmap_index = 1213, .adv_w = 66, .box_w = 4, .box_h = 13, .ofs_x = -1, .ofs_y = -3},
    {.bitmap_index = 1225, .adv_w = 147, .box_w = 9, .box_h = 10, .ofs_x = 1, .ofs_y = 0},
    {.bitmap_index = 1263, .adv_w = 125, .box_w = 7, .box_h = 10, .ofs_x = 1, .ofs_y = 0},
    {.bitmap_index = 1272, .adv_w = 193, .box_w = 10, .box_h = 10, .ofs_x = 1, .ofs_y = 0},
    {.bitmap_index = 1312, .adv_w = 168, .box_w = 9, .box_h = 10, .ofs_x = 1, .ofs_y = 0},
    {.bitmap_index = 1345, .adv_w = 176, .box_w = 11, .box_h = 10, .ofs_x = 0, .ofs_y = 0},
    {.bitmap_index = 1394, .adv_w = 135, .box_w = 7, .box_h = 10, .ofs_x = 1, .ofs_y = 0},
    {.bitmap_index = 1423, .adv_w = 176, .box_w = 11, .box_h = 12, .ofs_x = 0, .ofs_y = -2},
    {.bitmap_index = 1481, .adv_w = 156, .box_w = 9, .box_h = 10, .ofs_x = 1, .ofs_y = 0},
    {.bitmap_index = 1518, .adv_w = 142, .box_w = 9, .box_h = 10, .ofs_x = 0, .ofs_y = 0},
    {.bitmap_index = 1559, .adv_w = 137, .box_w = 10, .box_h = 10, .ofs_x = -1, .ofs_y = 0},
    {.bitmap_index = 1574, .adv_w = 164, .box_w = 9, .box_h = 10, .ofs_x = 1, .ofs_y = 0},
    {.bitmap_index = 1598, .adv_w = 153, .box_w = 10, .box_h = 10, .ofs_x = 0, .ofs_y = 0},
    {.bitmap_index = 1643, .adv_w = 221, .box_w = 14, .box_h = 10, .ofs_x = 0, .ofs_y = 0},
    {.bitmap_index = 1714, .adv_w = 153, .box_w = 10, .box_h = 10, .ofs_x = 0, .ofs_y = 0},
    {.bitmap_index = 1759, .adv_w = 137, .box_w = 10, .box_h = 10, .ofs_x = -1, .ofs_y = 0},
    {.bitmap_index = 1790, .adv_w = 153, .box_w = 9, .box_h = 10, .ofs_x = 0, .ofs_y = 0},
    {.bitmap_index = 1826, .adv_w = 87, .box_w = 4, .box_h = 13, .ofs_x = 1, .ofs_y = -2},
    {.bitmap_index = 1835, .adv_w = 75, .box_w = 5, .box_h = 12, .ofs_x = 0, .ofs_y = -2},
    {.bitmap_index = 1863, .adv_w = 87, .box_w = 4, .box_h = 13, .ofs_x = 1, .ofs_y = -2},
    {.bitmap_index = 1872, .adv_w = 188, .box_w = 10, .box_h = 4, .ofs_x = 1, .ofs_y = 7},
    {.bitmap_index = 1891, .adv_w = 112, .box_w = 9, .box_h = 1, .ofs_x = -1, .ofs_y = -3},
    {.bitmap_index = 1894, .adv_w = 112, .box_w = 4, .box_h = 3, .ofs_x = 1, .ofs_y = 9},
    {.bitmap_index = 1901, .adv_w = 137, .box_w = 8, .box_h = 8, .ofs_x = 0, .ofs_y = 0},
    {.bitmap_index = 1934, .adv_w = 142, .box_w = 8, .box_h = 11, .ofs_x = 1, .ofs_y = 0},
    {.bitmap_index = 1968, .adv_w = 123, .box_w = 7, .box_h = 8, .ofs_x = 0, .ofs_y = 0},
    {.bitmap_index = 1993, .adv_w = 142, .box_w = 8, .box_h = 11, .ofs_x = 0, .ofs_y = 0},
    {.bitmap_index = 2028, .adv_w = 138, .box_w = 8, .box_h = 8, .ofs_x = 0, .ofs_y = 0},
    {.bitmap_index = 2059, .adv_w = 79, .box_w = 6, .box_h = 11, .ofs_x = 0, .ofs_y = 0},
    {.bitmap_index = 2077, .adv_w = 142, .box_w = 8, .box_h = 11, .ofs_x = 0, .ofs_y = -3},
    {.bitmap_index = 2119, .adv_w = 142, .box_w = 7, .box_h = 11, .ofs_x = 1, .ofs_y = 0},
    {.bitmap_index = 2142, .adv_w = 62, .box_w = 2, .box_h = 11, .ofs_x = 1, .ofs_y = 0},
    {.bitmap_index = 2150, .adv_w = 62, .box_w = 4, .box_h = 14, .ofs_x = -1, .ofs_y = -3},
    {.bitmap_index = 2167, .adv_w = 130, .box_w = 8, .box_h = 11, .ofs_x = 1, .ofs_y = 0},
    {.bitmap_index = 2197, .adv_w = 62, .box_w = 2, .box_h = 11, .ofs_x = 1, .ofs_y = 0},
    {.bitmap_index = 2202, .adv_w = 218, .box_w = 12, .box_h = 8, .ofs_x = 1, .ofs_y = 0},
    {.bitmap_index = 2230, .adv_w = 142, .box_w = 7, .box_h = 8, .ofs_x = 1, .ofs_y = 0},
    {.bitmap_index = 2250, .adv_w = 137, .box_w = 8, .box_h = 8, .ofs_x = 0, .ofs_y = 0},
    {.bitmap_index = 2280, .adv_w = 142, .box_w = 8, .box_h = 11, .ofs_x = 1, .ofs_y = -3},
    {.bitmap_index = 2317, .adv_w = 142, .box_w = 8, .box_h = 11, .ofs_x = 0, .ofs_y = -3},
    {.bitmap_index = 2353, .adv_w = 92, .box_w = 5, .box_h = 9, .ofs_x = 1, .ofs_y = 0},
    {.bitmap_index = 2368, .adv_w = 117, .box_w = 7, .box_h = 8, .ofs_x = 0, .ofs_y = 0},
    {.bitmap_index = 2397, .adv_w = 88, .box_w = 6, .box_h = 10, .ofs_x = 0, .ofs_y = 0},
    {.bitmap_index = 2418, .adv_w = 142, .box_w = 7, .box_h = 8, .ofs_x = 1, .ofs_y = 0},
    {.bitmap_index = 2437, .adv_w = 133, .box_w = 8, .box_h = 8, .ofs_x = 0, .ofs_y = 0},
    {.bitmap_index = 2468, .adv_w = 183, .box_w = 11, .box_h = 8, .ofs_x = 0, .ofs_y = 0},
    {.bitmap_index = 2513, .adv_w = 133, .box_w = 8, .box_h = 8, .ofs_x = 0, .ofs_y = 0},
    {.bitmap_index = 2544, .adv_w = 133, .box_w = 8, .box_h = 11, .ofs_x = 0, .ofs_y = -3},
    {.bitmap_index = 2584, .adv_w = 118, .box_w = 7, .box_h = 8, .ofs_x = 0, .ofs_y = 0},
    {.bitmap_index = 2609, .adv_w = 143, .box_w = 7, .box_h = 13, .ofs_x = 1, .ofs_y = -2},
    {.bitmap_index = 2646, .adv_w = 75, .box_w = 2, .box_h = 15, .ofs_x = 1, .ofs_y = -4},
    {.bitmap_index = 2652, .adv_w = 143, .box_w = 7, .box_h = 13, .ofs_x = 1, .ofs_y = -2},
    {.bitmap_index = 2688, .adv_w = 188, .box_w = 10, .box_h = 4, .ofs_x = 1, .ofs_y = 3},
    {.bitmap_index = 2705, .adv_w = 71, .box_w = 0, .box_h = 0, .ofs_x = 0, .ofs_y = 0},
    {.bitmap_index = 2705, .adv_w = 90, .box_w = 2, .box_h = 11, .ofs_x = 2, .ofs_y = -3},
    {.bitmap_index = 2715, .adv_w = 143, .box_w = 7, .box_h = 13, .ofs_x = 1, .ofs_y = -3},
    {.bitmap_index = 2754, .adv_w = 143, .box_w = 8, .box_h = 10, .ofs_x = 0, .ofs_y = 0},
    {.bitmap_index = 2789, .adv_w = 143, .box_w = 9, .box_h = 9, .ofs_x = 0, .ofs_y = 0},
    {.bitmap_index = 2829, .adv_w = 143, .box_w = 9, .box_h = 10, .ofs_x = 0, .ofs_y = 0},
    {.bitmap_index = 2868, .adv_w = 75, .box_w = 2, .box_h = 13, .ofs_x = 1, .ofs_y = -2},
    {.bitmap_index = 2877, .adv_w = 112, .box_w = 7, .box_h = 12, .ofs_x = 0, .ofs_y = -2},
    {.bitmap_index = 2918, .adv_w = 112, .box_w = 5, .box_h = 3, .ofs_x = 1, .ofs_y = 9},
    {.bitmap_index = 2926, .adv_w = 224, .box_w = 12, .box_h = 11, .ofs_x = 1, .ofs_y = 0},
    {.bitmap_index = 2989, .adv_w = 106, .box_w = 6, .box_h = 7, .ofs_x = 0, .ofs_y = 3},
    {.bitmap_index = 3010, .adv_w = 137, .box_w = 7, .box_h = 8, .ofs_x = 1, .ofs_y = 0},
    {.bitmap_index = 3039, .adv_w = 188, .box_w = 10, .box_h = 5, .ofs_x = 1, .ofs_y = 1},
    {.bitmap_index = 3052, .adv_w = 81, .box_w = 5, .box_h = 2, .ofs_x = 0, .ofs_y = 3},
    {.bitmap_index = 3057, .adv_w = 224, .box_w = 12, .box_h = 11, .ofs_x = 1, .ofs_y = 0},
    {.bitmap_index = 3122, .adv_w = 112, .box_w = 5, .box_h = 2, .ofs_x = 1, .ofs_y = 9},
    {.bitmap_index = 3127, .adv_w = 112, .box_w = 5, .box_h = 5, .ofs_x = 1, .ofs_y = 6},
    {.bitmap_index = 3140, .adv_w = 188, .box_w = 10, .box_h = 9, .ofs_x = 1, .ofs_y = 0},
    {.bitmap_index = 3170, .adv_w = 90, .box_w = 5, .box_h = 5, .ofs_x = 0, .ofs_y = 5},
    {.bitmap_index = 3183, .adv_w = 90, .box_w = 5, .box_h = 5, .ofs_x = 0, .ofs_y = 5},
    {.bitmap_index = 3196, .adv_w = 112, .box_w = 4, .box_h = 3, .ofs_x = 2, .ofs_y = 9},
    {.bitmap_index = 3203, .adv_w = 143, .box_w = 8, .box_h = 11, .ofs_x = 1, .ofs_y = -3},
    {.bitmap_index = 3228, .adv_w = 143, .box_w = 7, .box_h = 12, .ofs_x = 1, .ofs_y = -2},
    {.bitmap_index = 3251, .adv_w = 71, .box_w = 2, .box_h = 2, .ofs_x = 1, .ofs_y = 4},
    {.bitmap_index = 3253, .adv_w = 112, .box_w = 4, .box_h = 4, .ofs_x = 1, .ofs_y = -3},
    {.bitmap_index = 3260, .adv_w = 90, .box_w = 5, .box_h = 5, .ofs_x = 0, .ofs_y = 5},
    {.bitmap_index = 3270, .adv_w = 106, .box_w = 6, .box_h = 7, .ofs_x = 0, .ofs_y = 3},
    {.bitmap_index = 3291, .adv_w = 137, .box_w = 7, .box_h = 8, .ofs_x = 1, .ofs_y = 0},
    {.bitmap_index = 3320, .adv_w = 217, .box_w = 14, .box_h = 12, .ofs_x = 0, .ofs_y = -1},
    {.bitmap_index = 3386, .adv_w = 217, .box_w = 13, .box_h = 11, .ofs_x = 0, .ofs_y = 0},
    {.bitmap_index = 3445, .adv_w = 217, .box_w = 14, .box_h = 12, .ofs_x = 0, .ofs_y = -1},
    {.bitmap_index = 3521, .adv_w = 119, .box_w = 7, .box_h = 11, .ofs_x = 0, .ofs_y = -3},
    {.bitmap_index = 3553, .adv_w = 153, .box_w = 10, .box_h = 13, .ofs_x = 0, .ofs_y = 0},
    {.bitmap_index = 3605, .adv_w = 153, .box_w = 10, .box_h = 13, .ofs_x = 0, .ofs_y = 0},
    {.bitmap_index = 3658, .adv_w = 153, .box_w = 10, .box_h = 14, .ofs_x = 0, .ofs_y = 0},
    {.bitmap_index = 3715, .adv_w = 153, .box_w = 10, .box_h = 13, .ofs_x = 0, .ofs_y = 0},
    {.bitmap_index = 3768, .adv_w = 153, .box_w = 10, .box_h = 14, .ofs_x = 0, .ofs_y = 0},
    {.bitmap_index = 3827, .adv_w = 153, .box_w = 10, .box_h = 13, .ofs_x = 0, .ofs_y = 0},
    {.bitmap_index = 3881, .adv_w = 218, .box_w = 13, .box_h = 10, .ofs_x = 0, .ofs_y = 0},
    {.bitmap_index = 3934, .adv_w = 156, .box_w = 10, .box_h = 13, .ofs_x = 0, .ofs_y = -3},
    {.bitmap_index = 3988, .adv_w = 142, .box_w = 7, .box_h = 13, .ofs_x = 1, .ofs_y = 0},
    {.bitmap_index = 4022, .adv_w = 142, .box_w = 7, .box_h = 13, .ofs_x = 1, .ofs_y = 0},
    {.bitmap_index = 4056, .adv_w = 142, .box_w = 7, .box_h = 14, .ofs_x = 1, .ofs_y = 0},
    {.bitmap_index = 4096, .adv_w = 142, .box_w = 7, .box_h = 14, .ofs_x = 1, .ofs_y = 0},
    {.bitmap_index = 4136, .adv_w = 66, .box_w = 4, .box_h = 13, .ofs_x = 0, .ofs_y = 0},
    {.bitmap_index = 4147, .adv_w = 66, .box_w = 3, .box_h = 13, .ofs_x = 1, .ofs_y = 0},
    {.bitmap_index = 4156, .adv_w = 66, .box_w = 6, .box_h = 14, .ofs_x = -1, .ofs_y = 0},
    {.bitmap_index = 4173, .adv_w = 66, .box_w = 5, .box_h = 14, .ofs_x = 0, .ofs_y = 0},
    {.bitmap_index = 4188, .adv_w = 174, .box_w = 11, .box_h = 10, .ofs_x = 0, .ofs_y = 0},
    {.bitmap_index = 4236, .adv_w = 168, .box_w = 9, .box_h = 13, .ofs_x = 1, .ofs_y = 0},
    {.bitmap_index = 4278, .adv_w = 176, .box_w = 11, .box_h = 14, .ofs_x = 0, .ofs_y = 0},
    {.bitmap_index = 4339, .adv_w = 176, .box_w = 11, .box_h = 14, .ofs_x = 0, .ofs_y = 0},
    {.bitmap_index = 4400, .adv_w = 176, .box_w = 11, .box_h = 14, .ofs_x = 0, .ofs_y = 0},
    {.bitmap_index = 4464, .adv_w = 176, .box_w = 11, .box_h = 13, .ofs_x = 0, .ofs_y = 0},
    {.bitmap_index = 4522, .adv_w = 176, .box_w = 11, .box_h = 14, .ofs_x = 0, .ofs_y = 0},
    {.bitmap_index = 4586, .adv_w = 188, .box_w = 9, .box_h = 9, .ofs_x = 1, .ofs_y = 0},
    {.bitmap_index = 4625, .adv_w = 176, .box_w = 11, .box_h = 12, .ofs_x = 0, .ofs_y = -1},
    {.bitmap_index = 4689, .adv_w = 164, .box_w = 9, .box_h = 14, .ofs_x = 1, .ofs_y = 0},
    {.bitmap_index = 4725, .adv_w = 164, .box_w = 9, .box_h = 14, .ofs_x = 1, .ofs_y = 0},
    {.bitmap_index = 4762, .adv_w = 164, .box_w = 9, .box_h = 14, .ofs_x = 1, .ofs_y = 0},
    {.bitmap_index = 4800, .adv_w = 164, .box_w = 9, .box_h = 14, .ofs_x = 1, .ofs_y = 0},
    {.bitmap_index = 4840, .adv_w = 137, .box_w = 10, .box_h = 13, .ofs_x = -1, .ofs_y = 0},
    {.bitmap_index = 4880, .adv_w = 136, .box_w = 7, .box_h = 10, .ofs_x = 1, .ofs_y = 0},
    {.bitmap_index = 4911, .adv_w = 141, .box_w = 8, .box_h = 11, .ofs_x = 1, .ofs_y = 0},
    {.bitmap_index = 4952, .adv_w = 137, .box_w = 8, .box_h = 12, .ofs_x = 0, .ofs_y = 0},
    {.bitmap_index = 4996, .adv_w = 137, .box_w = 8, .box_h = 12, .ofs_x = 0, .ofs_y = 0},
    {.bitmap_index = 5041, .adv_w = 137, .box_w = 8, .box_h = 12, .ofs_x = 0, .ofs_y = 0},
    {.bitmap_index = 5087, .adv_w = 137, .box_w = 8, .box_h = 11, .ofs_x = 0, .ofs_y = 0},
    {.bitmap_index = 5132, .adv_w = 137, .box_w = 8, .box_h = 11, .ofs_x = 0, .ofs_y = 0},
    {.bitmap_index = 5176, .adv_w = 137, .box_w = 8, .box_h = 13, .ofs_x = 0, .ofs_y = 0},
    {.bitmap_index = 5225, .adv_w = 220, .box_w = 14, .box_h = 8, .ofs_x = 0, .ofs_y = 0},
    {.bitmap_index = 5280, .adv_w = 123, .box_w = 7, .box_h = 11, .ofs_x = 0, .ofs_y = -3},
    {.bitmap_index = 5314, .adv_w = 138, .box_w = 8, .box_h = 12, .ofs_x = 0, .ofs_y = 0},
    {.bitmap_index = 5357, .adv_w = 138, .box_w = 8, .box_h = 12, .ofs_x = 0, .ofs_y = 0},
    {.bitmap_index = 5400, .adv_w = 138, .box_w = 8, .box_h = 12, .ofs_x = 0, .ofs_y = 0},
    {.bitmap_index = 5444, .adv_w = 138, .box_w = 8, .box_h = 11, .ofs_x = 0, .ofs_y = 0},
    {.bitmap_index = 5486, .adv_w = 62, .box_w = 4, .box_h = 12, .ofs_x = -1, .ofs_y = 0},
    {.bitmap_index = 5500, .adv_w = 62, .box_w = 5, .box_h = 12, .ofs_x = 0, .ofs_y = 0},
    {.bitmap_index = 5515, .adv_w = 62, .box_w = 6, .box_h = 12, .ofs_x = -1, .ofs_y = 0},
    {.bitmap_index = 5533, .adv_w = 62, .box_w = 5, .box_h = 11, .ofs_x = -1, .ofs_y = 0},
    {.bitmap_index = 5546, .adv_w = 137, .box_w = 8, .box_h = 11, .ofs_x = 0, .ofs_y = 0},
    {.bitmap_index = 5589, .adv_w = 142, .box_w = 7, .box_h = 11, .ofs_x = 1, .ofs_y = 0},
    {.bitmap_index = 5620, .adv_w = 137, .box_w = 8, .box_h = 12, .ofs_x = 0, .ofs_y = 0},
    {.bitmap_index = 5661, .adv_w = 137, .box_w = 8, .box_h = 12, .ofs_x = 0, .ofs_y = 0},
    {.bitmap_index = 5702, .adv_w = 137, .box_w = 8, .box_h = 12, .ofs_x = 0, .ofs_y = 0},
    {.bitmap_index = 5745, .adv_w = 137, .box_w = 8, .box_h = 11, .ofs_x = 0, .ofs_y = 0},
    {.bitmap_index = 5786, .adv_w = 137, .box_w = 8, .box_h = 11, .ofs_x = 0, .ofs_y = 0},
    {.bitmap_index = 5827, .adv_w = 188, .box_w = 10, .box_h = 7, .ofs_x = 1, .ofs_y = 1},
    {.bitmap_index = 5851, .adv_w = 137, .box_w = 9, .box_h = 10, .ofs_x = 0, .ofs_y = -1},
    {.bitmap_index = 5894, .adv_w = 142, .box_w = 7, .box_h = 12, .ofs_x = 1, .ofs_y = 0},
    {.bitmap_index = 5924, .adv_w = 142, .box_w = 7, .box_h = 12, .ofs_x = 1, .ofs_y = 0},
    {.bitmap_index = 5955, .adv_w = 142, .box_w = 7, .box_h = 12, .ofs_x = 1, .ofs_y = 0},
    {.bitmap_index = 5987, .adv_w = 142, .box_w = 7, .box_h = 11, .ofs_x = 1, .ofs_y = 0},
    {.bitmap_index = 6017, .adv_w = 133, .box_w = 8, .box_h = 15, .ofs_x = 0, .ofs_y = -3},
    {.bitmap_index = 6069, .adv_w = 142, .box_w = 8, .box_h = 14, .ofs_x = 1, .ofs_y = -3},
    {.bitmap_index = 6109, .adv_w = 133, .box_w = 8, .box_h = 14, .ofs_x = 0, .ofs_y = -3},
    {.bitmap_index = 6161, .adv_w = 153, .box_w = 10, .box_h = 13, .ofs_x = 0, .ofs_y = 0},
    {.bitmap_index = 6215, .adv_w = 137, .box_w = 8, .box_h = 11, .ofs_x = 0, .ofs_y = 0},
    {.bitmap_index = 6255, .adv_w = 153, .box_w = 10, .box_h = 14, .ofs_x = 0, .ofs_y = 0},
    {.bitmap_index = 6314, .adv_w = 137, .box_w = 8, .box_h = 11, .ofs_x = 0, .ofs_y = 0},
    {.bitmap_index = 6358, .adv_w = 153, .box_w = 10, .box_h = 13, .ofs_x = 0, .ofs_y = -3},
    {.bitmap_index = 6412, .adv_w = 137, .box_w = 8, .box_h = 11, .ofs_x = 0, .ofs_y = -3},
    {.bitmap_index = 6454, .adv_w = 156, .box_w = 10, .box_h = 14, .ofs_x = 0, .ofs_y = 0},
    {.bitmap_index = 6509, .adv_w = 123, .box_w = 7, .box_h = 12, .ofs_x = 0, .ofs_y = 0},
    {.bitmap_index = 6545, .adv_w = 156, .box_w = 10, .box_h = 14, .ofs_x = 0, .ofs_y = 0},
    {.bitmap_index = 6602, .adv_w = 123, .box_w = 7, .box_h = 12, .ofs_x = 0, .ofs_y = 0},
    {.bitmap_index = 6640, .adv_w = 156, .box_w = 10, .box_h = 14, .ofs_x = 0, .ofs_y = 0},
    {.bitmap_index = 6694, .adv_w = 123, .box_w = 7, .box_h = 11, .ofs_x = 0, .ofs_y = 0},
    {.bitmap_index = 6726, .adv_w = 156, .box_w = 10, .box_h = 14, .ofs_x = 0, .ofs_y = 0},
    {.bitmap_index = 6783, .adv_w = 123, .box_w = 7, .box_h = 12, .ofs_x = 0, .ofs_y = 0},
    {.bitmap_index = 6821, .adv_w = 172, .box_w = 9, .box_h = 14, .ofs_x = 1, .ofs_y = 0},
    {.bitmap_index = 6870, .adv_w = 142, .box_w = 11, .box_h = 11, .ofs_x = 0, .ofs_y = 0},
    {.bitmap_index = 6917, .adv_w = 174, .box_w = 11, .box_h = 10, .ofs_x = 0, .ofs_y = 0},
    {.bitmap_index = 6965, .adv_w = 142, .box_w = 9, .box_h = 11, .ofs_x = 0, .ofs_y = 0},
    {.bitmap_index = 7008, .adv_w = 142, .box_w = 7, .box_h = 13, .ofs_x = 1, .ofs_y = 0},
    {.bitmap_index = 7043, .adv_w = 138, .box_w = 8, .box_h = 11, .ofs_x = 0, .ofs_y = 0},
    {.bitmap_index = 7082, .adv_w = 142, .box_w = 7, .box_h = 14, .ofs_x = 1, .ofs_y = 0},
    {.bitmap_index = 7120, .adv_w = 138, .box_w = 8, .box_h = 12, .ofs_x = 0, .ofs_y = 0},
    {.bitmap_index = 7165, .adv_w = 142, .box_w = 7, .box_h = 14, .ofs_x = 1, .ofs_y = 0},
    {.bitmap_index = 7202, .adv_w = 138, .box_w = 8, .box_h = 11, .ofs_x = 0, .ofs_y = 0},
    {.bitmap_index = 7242, .adv_w = 142, .box_w = 7, .box_h = 13, .ofs_x = 1, .ofs_y = -3},
    {.bitmap_index = 7276, .adv_w = 138, .box_w = 8, .box_h = 11, .ofs_x = 0, .ofs_y = -3},
    {.bitmap_index = 7318, .adv_w = 142, .box_w = 7, .box_h = 13, .ofs_x = 1, .ofs_y = 0},
    {.bitmap_index = 7354, .adv_w = 138, .box_w = 8, .box_h = 12, .ofs_x = 0, .ofs_y = 0},
    {.bitmap_index = 7399, .adv_w = 174, .box_w = 10, .box_h = 14, .ofs_x = 0, .ofs_y = 0},
    {.bitmap_index = 7459, .adv_w = 142, .box_w = 8, .box_h = 15, .ofs_x = 0, .ofs_y = -3},
    {.bitmap_index = 7514, .adv_w = 174, .box_w = 10, .box_h = 14, .ofs_x = 0, .ofs_y = 0},
    {.bitmap_index = 7574, .adv_w = 142, .box_w = 8, .box_h = 14, .ofs_x = 0, .ofs_y = -3},
    {.bitmap_index = 7627, .adv_w = 174, .box_w = 10, .box_h = 14, .ofs_x = 0, .ofs_y = 0},
    {.bitmap_index = 7685, .adv_w = 142, .box_w = 8, .box_h = 14, .ofs_x = 0, .ofs_y = -3},
    {.bitmap_index = 7735, .adv_w = 174, .box_w = 10, .box_h = 14, .ofs_x = 0, .ofs_y = -4},
    {.bitmap_index = 7796, .adv_w = 142, .box_w = 8, .box_h = 14, .ofs_x = 0, .ofs_y = -3},
    {.bitmap_index = 7846, .adv_w = 168, .box_w = 9, .box_h = 14, .ofs_x = 1, .ofs_y = 0},
    {.bitmap_index = 7881, .adv_w = 142, .box_w = 9, .box_h = 14, .ofs_x = -1, .ofs_y = 0},
    {.bitmap_index = 7917, .adv_w = 205, .box_w = 11, .box_h = 10, .ofs_x = 1, .ofs_y = 0},
    {.bitmap_index = 7951, .adv_w = 156, .box_w = 9, .box_h = 11, .ofs_x = 0, .ofs_y = 0},
    {.bitmap_index = 7982, .adv_w = 66, .box_w = 6, .box_h = 13, .ofs_x = -1, .ofs_y = 0},
    {.bitmap_index = 7994, .adv_w = 62, .box_w = 6, .box_h = 11, .ofs_x = -1, .ofs_y = 0},
    {.bitmap_index = 8008, .adv_w = 66, .box_w = 5, .box_h = 13, .ofs_x = 0, .ofs_y = 0},
    {.bitmap_index = 8018, .adv_w = 62, .box_w = 5, .box_h = 10, .ofs_x = -1, .ofs_y = 0},
    {.bitmap_index = 8027, .adv_w = 66, .box_w = 6, .box_h = 14, .ofs_x = -1, .ofs_y = 0},
    {.bitmap_index = 8043, .adv_w = 62, .box_w = 6, .box_h = 11, .ofs_x = -1, .ofs_y = 0},
    {.bitmap_index = 8058, .adv_w = 66, .box_w = 3, .box_h = 13, .ofs_x = 1, .ofs_y = -3},
    {.bitmap_index = 8067, .adv_w = 62, .box_w = 3, .box_h = 14, .ofs_x = 1, .ofs_y = -3},
    {.bitmap_index = 8081, .adv_w = 66, .box_w = 2, .box_h = 14, .ofs_x = 1, .ofs_y = 0},
    {.bitmap_index = 8090, .adv_w = 62, .box_w = 2, .box_h = 8, .ofs_x = 1, .ofs_y = 0},
    {.bitmap_index = 8095, .adv_w = 132, .box_w = 6, .box_h = 13, .ofs_x = 1, .ofs_y = -3},
    {.bitmap_index = 8111, .adv_w = 124, .box_w = 6, .box_h = 14, .ofs_x = 1, .ofs_y = -3},
    {.bitmap_index = 8136, .adv_w = 66, .box_w = 6, .box_h = 16, .ofs_x = -1, .ofs_y = -3},
    {.bitmap_index = 8161, .adv_w = 62, .box_w = 6, .box_h = 15, .ofs_x = -1, .ofs_y = -3},
    {.bitmap_index = 8186, .adv_w = 147, .box_w = 9, .box_h = 14, .ofs_x = 1, .ofs_y = -4},
    {.bitmap_index = 8238, .adv_w = 130, .box_w = 8, .box_h = 15, .ofs_x = 1, .ofs_y = -4},
    {.bitmap_index = 8281, .adv_w = 130, .box_w = 8, .box_h = 8, .ofs_x = 1, .ofs_y = 0},
    {.bitmap_index = 8309, .adv_w = 125, .box_w = 7, .box_h = 14, .ofs_x = 1, .ofs_y = 0},
    {.bitmap_index = 8329, .adv_w = 62, .box_w = 3, .box_h = 14, .ofs_x = 1, .ofs_y = 0},
    {.bitmap_index = 8338, .adv_w = 125, .box_w = 7, .box_h = 14, .ofs_x = 1, .ofs_y = -4},
    {.bitmap_index = 8359, .adv_w = 62, .box_w = 3, .box_h = 15, .ofs_x = 0, .ofs_y = -4},
    {.bitmap_index = 8370, .adv_w = 125, .box_w = 7, .box_h = 10, .ofs_x = 1, .ofs_y = 0},
    {.bitmap_index = 8388, .adv_w = 84, .box_w = 5, .box_h = 11, .ofs_x = 1, .ofs_y = 0},
    {.bitmap_index = 8401, .adv_w = 125, .box_w = 7, .box_h = 10, .ofs_x = 1, .ofs_y = 0},
    {.bitmap_index = 8419, .adv_w = 77, .box_w = 4, .box_h = 11, .ofs_x = 1, .ofs_y = 0},
    {.bitmap_index = 8432, .adv_w = 126, .box_w = 9, .box_h = 10, .ofs_x = -1, .ofs_y = 0},
    {.bitmap_index = 8461, .adv_w = 64, .box_w = 4, .box_h = 11, .ofs_x = 0, .ofs_y = 0},
    {.bitmap_index = 8477, .adv_w = 168, .box_w = 9, .box_h = 14, .ofs_x = 1, .ofs_y = 0},
    {.bitmap_index = 8521, .adv_w = 142, .box_w = 7, .box_h = 12, .ofs_x = 1, .ofs_y = 0},
    {.bitmap_index = 8552, .adv_w = 168, .box_w = 9, .box_h = 14, .ofs_x = 1, .ofs_y = -4},
    {.bitmap_index = 8598, .adv_w = 142, .box_w = 7, .box_h = 12, .ofs_x = 1, .ofs_y = -4},
    {.bitmap_index = 8630, .adv_w = 168, .box_w = 9, .box_h = 13, .ofs_x = 1, .ofs_y = 0},
    {.bitmap_index = 8673, .adv_w = 142, .box_w = 7, .box_h = 12, .ofs_x = 1, .ofs_y = 0},
    {.bitmap_index = 8707, .adv_w = 182, .box_w = 10, .box_h = 10, .ofs_x = 1, .ofs_y = 0},
    {.bitmap_index = 8736, .adv_w = 168, .box_w = 8, .box_h = 13, .ofs_x = 1, .ofs_y = -3},
    {.bitmap_index = 8767, .adv_w = 142, .box_w = 7, .box_h = 11, .ofs_x = 1, .ofs_y = -3},
    {.bitmap_index = 8797, .adv_w = 176, .box_w = 11, .box_h = 13, .ofs_x = 0, .ofs_y = 0},
    {.bitmap_index = 8856, .adv_w = 137, .box_w = 8, .box_h = 10, .ofs_x = 0, .ofs_y = 0},
    {.bitmap_index = 8893, .adv_w = 176, .box_w = 11, .box_h = 14, .ofs_x = 0, .ofs_y = 0},
    {.bitmap_index = 8956, .adv_w = 137, .box_w = 8, .box_h = 12, .ofs_x = 0, .ofs_y = 0},
    {.bitmap_index = 9001, .adv_w = 176, .box_w = 11, .box_h = 14, .ofs_x = 0, .ofs_y = 0},
    {.bitmap_index = 9064, .adv_w = 137, .box_w = 8, .box_h = 12, .ofs_x = 0, .ofs_y = 0},
    {.bitmap_index = 9109, .adv_w = 240, .box_w = 15, .box_h = 10, .ofs_x = 0, .ofs_y = 0},
    {.bitmap_index = 9167, .adv_w = 229, .box_w = 14, .box_h = 8, .ofs_x = 0, .ofs_y = 0},
    {.bitmap_index = 9219, .adv_w = 156, .box_w = 9, .box_h = 14, .ofs_x = 1, .ofs_y = 0},
    {.bitmap_index = 9268, .adv_w = 92, .box_w = 6, .box_h = 12, .ofs_x = 1, .ofs_y = 0},
    {.bitmap_index = 9294, .adv_w = 156, .box_w = 9, .box_h = 14, .ofs_x = 1, .ofs_y = -4},
    {.bitmap_index = 9344, .adv_w = 92, .box_w = 6, .box_h = 13, .ofs_x = 0, .ofs_y = -4},
    {.bitmap_index = 9370, .adv_w = 156, .box_w = 9, .box_h = 13, .ofs_x = 1, .ofs_y = 0},
    {.bitmap_index = 9418, .adv_w = 92, .box_w = 5, .box_h = 12, .ofs_x = 1, .ofs_y = 0},
    {.bitmap_index = 9442, .adv_w = 142, .box_w = 9, .box_h = 14, .ofs_x = 0, .ofs_y = 0},
    {.bitmap_index = 9495, .adv_w = 117, .box_w = 7, .box_h = 12, .ofs_x = 0, .ofs_y = 0},
    {.bitmap_index = 9535, .adv_w = 142, .box_w = 9, .box_h = 14, .ofs_x = 0, .ofs_y = 0},
    {.bitmap_index = 9591, .adv_w = 117, .box_w = 7, .box_h = 12, .ofs_x = 0, .ofs_y = 0},
    {.bitmap_index = 9633, .adv_w = 142, .box_w = 9, .box_h = 13, .ofs_x = 0, .ofs_y = -3},
    {.bitmap_index = 9685, .adv_w = 117, .box_w = 7, .box_h = 11, .ofs_x = 0, .ofs_y = -3},
    {.bitmap_index = 9723, .adv_w = 142, .box_w = 9, .box_h = 14, .ofs_x = 0, .ofs_y = 0},
    {.bitmap_index = 9779, .adv_w = 117, .box_w = 7, .box_h = 12, .ofs_x = 0, .ofs_y = 0},
    {.bitmap_index = 9821, .adv_w = 137, .box_w = 10, .box_h = 13, .ofs_x = -1, .ofs_y = -3},
    {.bitmap_index = 9845, .adv_w = 88, .box_w = 6, .box_h = 13, .ofs_x = 0, .ofs_y = -3},
    {.bitmap_index = 9875, .adv_w = 137, .box_w = 10, .box_h = 13, .ofs_x = -1, .ofs_y = 0},
    {.bitmap_index = 9902, .adv_w = 88, .box_w = 6, .box_h = 12, .ofs_x = 0, .ofs_y = 0},
    {.bitmap_index = 9930, .adv_w = 137, .box_w = 10, .box_h = 10, .ofs_x = -1, .ofs_y = 0},
    {.bitmap_index = 9960, .adv_w = 88, .box_w = 6, .box_h = 10, .ofs_x = 0, .ofs_y = 0},
    {.bitmap_index = 9986, .adv_w = 164, .box_w = 9, .box_h = 13, .ofs_x = 1, .ofs_y = 0},
    {.bitmap_index = 10020, .adv_w = 142, .box_w = 7, .box_h = 11, .ofs_x = 1, .ofs_y = 0},
    {.bitmap_index = 10050, .adv_w = 164, .box_w = 9, .box_h = 13, .ofs_x = 1, .ofs_y = 0},
    {.bitmap_index = 10085, .adv_w = 142, .box_w = 7, .box_h = 10, .ofs_x = 1, .ofs_y = 0},
    {.bitmap_index = 10111, .adv_w = 164, .box_w = 9, .box_h = 14, .ofs_x = 1, .ofs_y = 0},
    {.bitmap_index = 10149, .adv_w = 142, .box_w = 7, .box_h = 11, .ofs_x = 1, .ofs_y = 0},
    {.bitmap_index = 10179, .adv_w = 164, .box_w = 9, .box_h = 14, .ofs_x = 1, .ofs_y = 0},
    {.bitmap_index = 10222, .adv_w = 142, .box_w = 7, .box_h = 12, .ofs_x = 1, .ofs_y = 0},
    {.bitmap_index = 10253, .adv_w = 164, .box_w = 9, .box_h = 14, .ofs_x = 1, .ofs_y = 0},
    {.bitmap_index = 10290, .adv_w = 142, .box_w = 7, .box_h = 12, .ofs_x = 1, .ofs_y = 0},
    {.bitmap_index = 10323, .adv_w = 164, .box_w = 9, .box_h = 13, .ofs_x = 1, .ofs_y = -3},
    {.bitmap_index = 10358, .adv_w = 142, .box_w = 8, .box_h = 11, .ofs_x = 1, .ofs_y = -3},
    {.bitmap_index = 10388, .adv_w = 221, .box_w = 14, .box_h = 14, .ofs_x = 0, .ofs_y = 0},
    {.bitmap_index = 10475, .adv_w = 183, .box_w = 11, .box_h = 12, .ofs_x = 0, .ofs_y = 0},
    {.bitmap_index = 10535, .adv_w = 137, .box_w = 10, .box_h = 14, .ofs_x = -1, .ofs_y = 0},
    {.bitmap_index = 10581, .adv_w = 133, .box_w = 8, .box_h = 15, .ofs_x = 0, .ofs_y = -3},
    {.bitmap_index = 10635, .adv_w = 137, .box_w = 10, .box_h = 14, .ofs_x = -1, .ofs_y = 0},
    {.bitmap_index = 10682, .adv_w = 153, .box_w = 9, .box_h = 14, .ofs_x = 0, .ofs_y = 0},
    {.bitmap_index = 10730, .adv_w = 118, .box_w = 7, .box_h = 12, .ofs_x = 0, .ofs_y = 0},
    {.bitmap_index = 10767, .adv_w = 153, .box_w = 9, .box_h = 14, .ofs_x = 0, .ofs_y = 0},
    {.bitmap_index = 10814, .adv_w = 118, .box_w = 7, .box_h = 11, .ofs_x = 0, .ofs_y = 0},
    {.bitmap_index = 10848, .adv_w = 153, .box_w = 9, .box_h = 14, .ofs_x = 0, .ofs_y = 0},
    {.bitmap_index = 10898, .adv_w = 118, .box_w = 7, .box_h = 12, .ofs_x = 0, .ofs_y = 0},
    {.bitmap_index = 10937, .adv_w = 79, .box_w = 6, .box_h = 11, .ofs_x = 0, .ofs_y = 0},
    {.bitmap_index = 10953, .adv_w = 112, .box_w = 4, .box_h = 3, .ofs_x = 2, .ofs_y = 9},
    {.bitmap_index = 10960, .adv_w = 112, .box_w = 5, .box_h = 6, .ofs_x = 1, .ofs_y = 9},
    {.bitmap_index = 10976, .adv_w = 155, .box_w = 10, .box_h = 12, .ofs_x = 0, .ofs_y = 0},
    {.bitmap_index = 11028, .adv_w = 71, .box_w = 2, .box_h = 2, .ofs_x = 1, .ofs_y = 4},
    {.bitmap_index = 11030, .adv_w = 167, .box_w = 11, .box_h = 12, .ofs_x = -1, .ofs_y = 0},
    {.bitmap_index = 11073, .adv_w = 195, .box_w = 12, .box_h = 12, .ofs_x = -1, .ofs_y = 0},
    {.bitmap_index = 11106, .adv_w = 91, .box_w = 6, .box_h = 12, .ofs_x = -1, .ofs_y = 0},
    {.bitmap_index = 11121, .adv_w = 182, .box_w = 12, .box_h = 12, .ofs_x = -1, .ofs_y = 0},
    {.bitmap_index = 11181, .adv_w = 185, .box_w = 13, .box_h = 12, .ofs_x = -1, .ofs_y = 0},
    {.bitmap_index = 11223, .adv_w = 185, .box_w = 12, .box_h = 12, .ofs_x = -1, .ofs_y = 0},
    {.bitmap_index = 11287, .adv_w = 76, .box_w = 5, .box_h = 14, .ofs_x = 0, .ofs_y = 0},
    {.bitmap_index = 11314, .adv_w = 153, .box_w = 10, .box_h = 10, .ofs_x = 0, .ofs_y = 0},
    {.bitmap_index = 11357, .adv_w = 154, .box_w = 8, .box_h = 10, .ofs_x = 1, .ofs_y = 0},
    {.bitmap_index = 11394, .adv_w = 125, .box_w = 7, .box_h = 10, .ofs_x = 1, .ofs_y = 0},
    {.bitmap_index = 11406, .adv_w = 153, .box_w = 10, .box_h = 10, .ofs_x = 0, .ofs_y = 0},
    {.bitmap_index = 11450, .adv_w = 142, .box_w = 7, .box_h = 10, .ofs_x = 1, .ofs_y = 0},
    {.bitmap_index = 11476, .adv_w = 153, .box_w = 9, .box_h = 10, .ofs_x = 0, .ofs_y = 0},
    {.bitmap_index = 11512, .adv_w = 168, .box_w = 9, .box_h = 10, .ofs_x = 1, .ofs_y = 0},
    {.bitmap_index = 11532, .adv_w = 176, .box_w = 11, .box_h = 10, .ofs_x = 0, .ofs_y = 0},
    {.bitmap_index = 11584, .adv_w = 66, .box_w = 2, .box_h = 10, .ofs_x = 1, .ofs_y = 0},
    {.bitmap_index = 11589, .adv_w = 147, .box_w = 9, .box_h = 10, .ofs_x = 1, .ofs_y = 0},
    {.bitmap_index = 11627, .adv_w = 153, .box_w = 10, .box_h = 10, .ofs_x = 0, .ofs_y = 0},
    {.bitmap_index = 11670, .adv_w = 193, .box_w = 10, .box_h = 10, .ofs_x = 1, .ofs_y = 0},
    {.bitmap_index = 11710, .adv_w = 168, .box_w = 9, .box_h = 10, .ofs_x = 1, .ofs_y = 0},
    {.bitmap_index = 11743, .adv_w = 142, .box_w = 7, .box_h = 10, .ofs_x = 1, .ofs_y = 0},
    {.bitmap_index = 11768, .adv_w = 176, .box_w = 11, .box_h = 10, .ofs_x = 0, .ofs_y = 0},
    {.bitmap_index = 11817, .adv_w = 168, .box_w = 9, .box_h = 10, .ofs_x = 1, .ofs_y = 0},
    {.bitmap_index = 11829, .adv_w = 135, .box_w = 7, .box_h = 10, .ofs_x = 1, .ofs_y = 0},
    {.bitmap_index = 11858, .adv_w = 142, .box_w = 7, .box_h = 10, .ofs_x = 1, .ofs_y = 0},
    {.bitmap_index = 11891, .adv_w = 137, .box_w = 10, .box_h = 10, .ofs_x = -1, .ofs_y = 0},
    {.bitmap_index = 11906, .adv_w = 137, .box_w = 10, .box_h = 10, .ofs_x = -1, .ofs_y = 0},
    {.bitmap_index = 11937, .adv_w = 176, .box_w = 11, .box_h = 10, .ofs_x = 0, .ofs_y = 0},
    {.bitmap_index = 11986, .adv_w = 153, .box_w = 10, .box_h = 10, .ofs_x = 0, .ofs_y = 0},
    {.bitmap_index = 12031, .adv_w = 176, .box_w = 11, .box_h = 10, .ofs_x = 0, .ofs_y = 0},
    {.bitmap_index = 12073, .adv_w = 171, .box_w = 11, .box_h = 10, .ofs_x = 0, .ofs_y = 0},
    {.bitmap_index = 12124, .adv_w = 66, .box_w = 5, .box_h = 14, .ofs_x = 0, .ofs_y = 0},
    {.bitmap_index = 12139, .adv_w = 137, .box_w = 10, .box_h = 14, .ofs_x = -1, .ofs_y = 0},
    {.bitmap_index = 12186, .adv_w = 148, .box_w = 9, .box_h = 12, .ofs_x = 0, .ofs_y = 0},
    {.bitmap_index = 12235, .adv_w = 121, .box_w = 7, .box_h = 12, .ofs_x = 0, .ofs_y = 0},
    {.bitmap_index = 12276, .adv_w = 142, .box_w = 7, .box_h = 15, .ofs_x = 1, .ofs_y = -3},
    {.bitmap_index = 12312, .adv_w = 76, .box_w = 4, .box_h = 12, .ofs_x = 1, .ofs_y = 0},
    {.bitmap_index = 12330, .adv_w = 130, .box_w = 7, .box_h = 14, .ofs_x = 1, .ofs_y = 0},
    {.bitmap_index = 12374, .adv_w = 148, .box_w = 9, .box_h = 8, .ofs_x = 0, .ofs_y = 0},
    {.bitmap_index = 12411, .adv_w = 143, .box_w = 7, .box_h = 14, .ofs_x = 1, .ofs_y = -3},
    {.bitmap_index = 12456, .adv_w = 133, .box_w = 8, .box_h = 11, .ofs_x = 0, .ofs_y = -3},
    {.bitmap_index = 12492, .adv_w = 137, .box_w = 8, .box_h = 10, .ofs_x = 0, .ofs_y = 0},
    {.bitmap_index = 12531, .adv_w = 121, .box_w = 7, .box_h = 8, .ofs_x = 0, .ofs_y = 0},
    {.bitmap_index = 12560, .adv_w = 122, .box_w = 7, .box_h = 14, .ofs_x = 0, .ofs_y = -3},
    {.bitmap_index = 12603, .adv_w = 142, .box_w = 7, .box_h = 11, .ofs_x = 1, .ofs_y = -3},
    {.bitmap_index = 12627, .adv_w = 137, .box_w = 8, .box_h = 11, .ofs_x = 0, .ofs_y = 0},
    {.bitmap_index = 12671, .adv_w = 76, .box_w = 4, .box_h = 8, .ofs_x = 1, .ofs_y = 0},
    {.bitmap_index = 12681, .adv_w = 132, .box_w = 7, .box_h = 8, .ofs_x = 1, .ofs_y = 0},
    {.bitmap_index = 12708, .adv_w = 133, .box_w = 8, .box_h = 11, .ofs_x = 0, .ofs_y = 0},
    {.bitmap_index = 12747, .adv_w = 143, .box_w = 8, .box_h = 11, .ofs_x = 1, .ofs_y = -3},
    {.bitmap_index = 12772, .adv_w = 125, .box_w = 8, .box_h = 8, .ofs_x = 0, .ofs_y = 0},
    {.bitmap_index = 12804, .adv_w = 125, .box_w = 7, .box_h = 14, .ofs_x = 0, .ofs_y = -3},
    {.bitmap_index = 12848, .adv_w = 137, .box_w = 8, .box_h = 8, .ofs_x = 0, .ofs_y = 0},
    {.bitmap_index = 12878, .adv_w = 135, .box_w = 9, .box_h = 8, .ofs_x = 0, .ofs_y = 0},
    {.bitmap_index = 12899, .adv_w = 142, .box_w = 8, .box_h = 11, .ofs_x = 1, .ofs_y = -3},
    {.bitmap_index = 12937, .adv_w = 131, .box_w = 7, .box_h = 11, .ofs_x = 0, .ofs_y = -3},
    {.bitmap_index = 12971, .adv_w = 142, .box_w = 9, .box_h = 8, .ofs_x = 0, .ofs_y = 0},
    {.bitmap_index = 13004, .adv_w = 135, .box_w = 8, .box_h = 8, .ofs_x = 0, .ofs_y = 0},
    {.bitmap_index = 13027, .adv_w = 130, .box_w = 7, .box_h = 8, .ofs_x = 1, .ofs_y = 0},
    {.bitmap_index = 13052, .adv_w = 148, .box_w = 9, .box_h = 11, .ofs_x = 0, .ofs_y = -3},
    {.bitmap_index = 13093, .adv_w = 129, .box_w = 8, .box_h = 11, .ofs_x = 0, .ofs_y = -3},
    {.bitmap_index = 13135, .adv_w = 148, .box_w = 9, .box_h = 11, .ofs_x = 0, .ofs_y = -3},
    {.bitmap_index = 13166, .adv_w = 188, .box_w = 11, .box_h = 8, .ofs_x = 0, .ofs_y = 0},
    {.bitmap_index = 13207, .adv_w = 76, .box_w = 5, .box_h = 11, .ofs_x = 0, .ofs_y = 0},
    {.bitmap_index = 13226, .adv_w = 130, .box_w = 7, .box_h = 11, .ofs_x = 1, .ofs_y = 0},
    {.bitmap_index = 13262, .adv_w = 137, .box_w = 8, .box_h = 12, .ofs_x = 0, .ofs_y = 0},
    {.bitmap_index = 13303, .adv_w = 130, .box_w = 7, .box_h = 12, .ofs_x = 1, .ofs_y = 0},
    {.bitmap_index = 13339, .adv_w = 188, .box_w = 11, .box_h = 12, .ofs_x = 0, .ofs_y = 0},
    {.bitmap_index = 13393, .adv_w = 142, .box_w = 7, .box_h = 13, .ofs_x = 1, .ofs_y = 0},
    {.bitmap_index = 13428, .adv_w = 142, .box_w = 7, .box_h = 14, .ofs_x = 1, .ofs_y = 0},
    {.bitmap_index = 13468, .adv_w = 176, .box_w = 11, .box_h = 13, .ofs_x = -1, .ofs_y = -3},
    {.bitmap_index = 13514, .adv_w = 137, .box_w = 7, .box_h = 13, .ofs_x = 1, .ofs_y = 0},
    {.bitmap_index = 13534, .adv_w = 156, .box_w = 10, .box_h = 10, .ofs_x = 0, .ofs_y = 0},
    {.bitmap_index = 13580, .adv_w = 142, .box_w = 9, .box_h = 10, .ofs_x = 0, .ofs_y = 0},
    {.bitmap_index = 13621, .adv_w = 66, .box_w = 2, .box_h = 10, .ofs_x = 1, .ofs_y = 0},
    {.bitmap_index = 13626, .adv_w = 66, .box_w = 5, .box_h = 14, .ofs_x = 0, .ofs_y = 0},
    {.bitmap_index = 13641, .adv_w = 66, .box_w = 4, .box_h = 13, .ofs_x = -1, .ofs_y = -3},
    {.bitmap_index = 13653, .adv_w = 245, .box_w = 15, .box_h = 10, .ofs_x = 0, .ofs_y = 0},
    {.bitmap_index = 13706, .adv_w = 234, .box_w = 13, .box_h = 10, .ofs_x = 1, .ofs_y = 0},
    {.bitmap_index = 13742, .adv_w = 176, .box_w = 11, .box_h = 10, .ofs_x = -1, .ofs_y = 0},
    {.bitmap_index = 13777, .adv_w = 159, .box_w = 9, .box_h = 13, .ofs_x = 1, .ofs_y = 0},
    {.bitmap_index = 13824, .adv_w = 168, .box_w = 9, .box_h = 13, .ofs_x = 1, .ofs_y = 0},
    {.bitmap_index = 13867, .adv_w = 137, .box_w = 9, .box_h = 14, .ofs_x = 0, .ofs_y = 0},
    {.bitmap_index = 13922, .adv_w = 168, .box_w = 9, .box_h = 12, .ofs_x = 1, .ofs_y = -2},
    {.bitmap_index = 13942, .adv_w = 153, .box_w = 10, .box_h = 10, .ofs_x = 0, .ofs_y = 0},
    {.bitmap_index = 13985, .adv_w = 154, .box_w = 8, .box_h = 10, .ofs_x = 1, .ofs_y = 0},
    {.bitmap_index = 14017, .adv_w = 154, .box_w = 8, .box_h = 10, .ofs_x = 1, .ofs_y = 0},
    {.bitmap_index = 14054, .adv_w = 137, .box_w = 7, .box_h = 10, .ofs_x = 1, .ofs_y = 0},
    {.bitmap_index = 14066, .adv_w = 175, .box_w = 11, .box_h = 13, .ofs_x = 0, .ofs_y = -3},
    {.bitmap_index = 14115, .adv_w = 142, .box_w = 7, .box_h = 10, .ofs_x = 1, .ofs_y = 0},
    {.bitmap_index = 14141, .adv_w = 241, .box_w = 15, .box_h = 10, .ofs_x = 0, .ofs_y = 0},
    {.bitmap_index = 14205, .adv_w = 144, .box_w = 9, .box_h = 10, .ofs_x = 0, .ofs_y = 0},
    {.bitmap_index = 14247, .adv_w = 168, .box_w = 9, .box_h = 10, .ofs_x = 1, .ofs_y = 0},
    {.bitmap_index = 14280, .adv_w = 168, .box_w = 9, .box_h = 14, .ofs_x = 1, .ofs_y = 0},
    {.bitmap_index = 14326, .adv_w = 159, .box_w = 9, .box_h = 10, .ofs_x = 1, .ofs_y = 0},
    {.bitmap_index = 14363, .adv_w = 168, .box_w = 10, .box_h = 10, .ofs_x = 0, .ofs_y = 0},
    {.bitmap_index = 14397, .adv_w = 193, .box_w = 10, .box_h = 10, .ofs_x = 1, .ofs_y = 0},
    {.bitmap_index = 14437, .adv_w = 168, .box_w = 9, .box_h = 10, .ofs_x = 1, .ofs_y = 0},
    {.bitmap_index = 14457, .adv_w = 176, .box_w = 11, .box_h = 10, .ofs_x = 0, .ofs_y = 0},
    {.bitmap_index = 14506, .adv_w = 168, .box_w = 9, .box_h = 10, .ofs_x = 1, .ofs_y = 0},
    {.bitmap_index = 14518, .adv_w = 135, .box_w = 7, .box_h = 10, .ofs_x = 1, .ofs_y = 0},
    {.bitmap_index = 14547, .adv_w = 156, .box_w = 10, .box_h = 10, .ofs_x = 0, .ofs_y = 0},
    {.bitmap_index = 14590, .adv_w = 137, .box_w = 10, .box_h = 10, .ofs_x = -1, .ofs_y = 0},
    {.bitmap_index = 14605, .adv_w = 137, .box_w = 9, .box_h = 10, .ofs_x = 0, .ofs_y = 0},
    {.bitmap_index = 14646, .adv_w = 193, .box_w = 12, .box_h = 10, .ofs_x = 0, .ofs_y = 0},
    {.bitmap_index = 14699, .adv_w = 153, .box_w = 10, .box_h = 10, .ofs_x = 0, .ofs_y = 0},
    {.bitmap_index = 14744, .adv_w = 174, .box_w = 10, .box_h = 13, .ofs_x = 1, .ofs_y = -3},
    {.bitmap_index = 14766, .adv_w = 154, .box_w = 8, .box_h = 10, .ofs_x = 1, .ofs_y = 0},
    {.bitmap_index = 14793, .adv_w = 240, .box_w = 13, .box_h = 10, .ofs_x = 1, .ofs_y = 0},
    {.bitmap_index = 14817, .adv_w = 245, .box_w = 14, .box_h = 13, .ofs_x = 1, .ofs_y = -3},
    {.bitmap_index = 14849, .adv_w = 186, .box_w = 11, .box_h = 10, .ofs_x = 0, .ofs_y = 0},
    {.bitmap_index = 14886, .adv_w = 198, .box_w = 10, .box_h = 10, .ofs_x = 1, .ofs_y = 0},
    {.bitmap_index = 14918, .adv_w = 154, .box_w = 8, .box_h = 10, .ofs_x = 1, .ofs_y = 0},
    {.bitmap_index = 14944, .adv_w = 156, .box_w = 9, .box_h = 10, .ofs_x = 0, .ofs_y = 0},
    {.bitmap_index = 14985, .adv_w = 242, .box_w = 14, .box_h = 10, .ofs_x = 1, .ofs_y = 0},
    {.bitmap_index = 15043, .adv_w = 156, .box_w = 9, .box_h = 10, .ofs_x = 0, .ofs_y = 0},
    {.bitmap_index = 15081, .adv_w = 137, .box_w = 8, .box_h = 8, .ofs_x = 0, .ofs_y = 0},
    {.bitmap_index = 15114, .adv_w = 138, .box_w = 8, .box_h = 12, .ofs_x = 0, .ofs_y = 0},
    {.bitmap_index = 15158, .adv_w = 132, .box_w = 7, .box_h = 8, .ofs_x = 1, .ofs_y = 0},
    {.bitmap_index = 15186, .adv_w = 118, .box_w = 6, .box_h = 8, .ofs_x = 1, .ofs_y = 0},
    {.bitmap_index = 15195, .adv_w = 155, .box_w = 9, .box_h = 10, .ofs_x = 0, .ofs_y = -2},
    {.bitmap_index = 15227, .adv_w = 138, .box_w = 8, .box_h = 8, .ofs_x = 0, .ofs_y = 0},
    {.bitmap_index = 15258, .adv_w = 202, .box_w = 13, .box_h = 8, .ofs_x = 0, .ofs_y = 0},
    {.bitmap_index = 15306, .adv_w = 119, .box_w = 7, .box_h = 8, .ofs_x = 0, .ofs_y = 0},
    {.bitmap_index = 15335, .adv_w = 146, .box_w = 7, .box_h = 8, .ofs_x = 1, .ofs_y = 0},
    {.bitmap_index = 15359, .adv_w = 146, .box_w = 7, .box_h = 11, .ofs_x = 1, .ofs_y = 0},
    {.bitmap_index = 15394, .adv_w = 135, .box_w = 7, .box_h = 8, .ofs_x = 1, .ofs_y = 0},
    {.bitmap_index = 15422, .adv_w = 143, .box_w = 8, .box_h = 8, .ofs_x = 0, .ofs_y = 0},
    {.bitmap_index = 15447, .adv_w = 169, .box_w = 9, .box_h = 8, .ofs_x = 1, .ofs_y = 0},
    {.bitmap_index = 15478, .adv_w = 146, .box_w = 7, .box_h = 8, .ofs_x = 1, .ofs_y = 0},
    {.bitmap_index = 15496, .adv_w = 137, .box_w = 8, .box_h = 8, .ofs_x = 0, .ofs_y = 0},
    {.bitmap_index = 15526, .adv_w = 146, .box_w = 7, .box_h = 8, .ofs_x = 1, .ofs_y = 0},
    {.bitmap_index = 15535, .adv_w = 142, .box_w = 8, .box_h = 11, .ofs_x = 1, .ofs_y = -3},
    {.bitmap_index = 15572, .adv_w = 123, .box_w = 7, .box_h = 8, .ofs_x = 0, .ofs_y = 0},
    {.bitmap_index = 15597, .adv_w = 130, .box_w = 8, .box_h = 8, .ofs_x = 0, .ofs_y = 0},
    {.bitmap_index = 15607, .adv_w = 133, .box_w = 8, .box_h = 11, .ofs_x = 0, .ofs_y = -3},
    {.bitmap_index = 15647, .adv_w = 192, .box_w = 12, .box_h = 13, .ofs_x = 0, .ofs_y = -3},
    {.bitmap_index = 15703, .adv_w = 133, .box_w = 8, .box_h = 8, .ofs_x = 0, .ofs_y = 0},
    {.bitmap_index = 15734, .adv_w = 152, .box_w = 8, .box_h = 10, .ofs_x = 1, .ofs_y = -2},
    {.bitmap_index = 15749, .adv_w = 132, .box_w = 6, .box_h = 8, .ofs_x = 1, .ofs_y = 0},
    {.bitmap_index = 15769, .adv_w = 205, .box_w = 11, .box_h = 8, .ofs_x = 1, .ofs_y = 0},
    {.bitmap_index = 15785, .adv_w = 211, .box_w = 12, .box_h = 10, .ofs_x = 1, .ofs_y = -2},
    {.bitmap_index = 15808, .adv_w = 158, .box_w = 10, .box_h = 8, .ofs_x = 0, .ofs_y = 0},
    {.bitmap_index = 15836, .adv_w = 177, .box_w = 9, .box_h = 8, .ofs_x = 1, .ofs_y = 0},
    {.bitmap_index = 15863, .adv_w = 132, .box_w = 7, .box_h = 8, .ofs_x = 1, .ofs_y = 0},
    {.bitmap_index = 15884, .adv_w = 123, .box_w = 7, .box_h = 8, .ofs_x = 0, .ofs_y = 0},
    {.bitmap_index = 15912, .adv_w = 189, .box_w = 11, .box_h = 8, .ofs_x = 1, .ofs_y = 0},
    {.bitmap_index = 15952, .adv_w = 135, .box_w = 8, .box_h = 8, .ofs_x = 0, .ofs_y = 0},
    {.bitmap_index = 15981, .adv_w = 138, .box_w = 8, .box_h = 12, .ofs_x = 0, .ofs_y = 0},
    {.bitmap_index = 16023, .adv_w = 138, .box_w = 8, .box_h = 12, .ofs_x = 0, .ofs_y = 0},
    {.bitmap_index = 16068, .adv_w = 140, .box_w = 8, .box_h = 14, .ofs_x = 0, .ofs_y = -3},
    {.bitmap_index = 16113, .adv_w = 118, .box_w = 6, .box_h = 12, .ofs_x = 1, .ofs_y = 0},
    {.bitmap_index = 16133, .adv_w = 123, .box_w = 7, .box_h = 8, .ofs_x = 0, .ofs_y = 0},
    {.bitmap_index = 16161, .adv_w = 117, .box_w = 7, .box_h = 8, .ofs_x = 0, .ofs_y = 0},
    {.bitmap_index = 16190, .adv_w = 62, .box_w = 2, .box_h = 11, .ofs_x = 1, .ofs_y = 0},
    {.bitmap_index = 16198, .adv_w = 62, .box_w = 5, .box_h = 12, .ofs_x = -1, .ofs_y = 0},
    {.bitmap_index = 16214, .adv_w = 62, .box_w = 4, .box_h = 14, .ofs_x = -1, .ofs_y = -3},
    {.bitmap_index = 16231, .adv_w = 202, .box_w = 12, .box_h = 8, .ofs_x = 0, .ofs_y = 0},
    {.bitmap_index = 16270, .adv_w = 201, .box_w = 11, .box_h = 8, .ofs_x = 1, .ofs_y = 0},
    {.bitmap_index = 16300, .adv_w = 146, .box_w = 8, .box_h = 11, .ofs_x = 0, .ofs_y = 0},
    {.bitmap_index = 16335, .adv_w = 135, .box_w = 7, .box_h = 12, .ofs_x = 1, .ofs_y = 0},
    {.bitmap_index = 16374, .adv_w = 146, .box_w = 7, .box_h = 12, .ofs_x = 1, .ofs_y = 0},
    {.bitmap_index = 16409, .adv_w = 133, .box_w = 8, .box_h = 14, .ofs_x = 0, .ofs_y = -3},
    {.bitmap_index = 16461, .adv_w = 146, .box_w = 7, .box_h = 10, .ofs_x = 1, .ofs_y = -2},
    {.bitmap_index = 16476, .adv_w = 137, .box_w = 7, .box_h = 13, .ofs_x = 1, .ofs_y = 0},
    {.bitmap_index = 16495, .adv_w = 118, .box_w = 6, .box_h = 10, .ofs_x = 1, .ofs_y = 0},
    {.bitmap_index = 16508, .adv_w = 72, .box_w = 3, .box_h = 4, .ofs_x = 1, .ofs_y = 0},
    {.bitmap_index = 16515, .adv_w = 71, .box_w = 3, .box_h = 9, .ofs_x = 1, .ofs_y = 0},
    {.bitmap_index = 16527, .adv_w = 119, .box_w = 6, .box_h = 11, .ofs_x = 1, .ofs_y = 0},
    {.bitmap_index = 16557, .adv_w = 105, .box_w = 5, .box_h = 8, .ofs_x = 1, .ofs_y = 0},
    {.bitmap_index = 16577, .adv_w = 62, .box_w = 6, .box_h = 13, .ofs_x = -1, .ofs_y = 0},
    {.bitmap_index = 16589, .adv_w = 62, .box_w = 4, .box_h = 14, .ofs_x = 0, .ofs_y = 0},
    {.bitmap_index = 16600, .adv_w = 108, .box_w = 7, .box_h = 12, .ofs_x = -1, .ofs_y = -4},
    {.bitmap_index = 16639, .adv_w = 62, .box_w = 4, .box_h = 15, .ofs_x = 0, .ofs_y = -4},
    {.bitmap_index = 16652, .adv_w = 175, .box_w = 11, .box_h = 11, .ofs_x = 0, .ofs_y = -2},
    {.bitmap_index = 16705, .adv_w = 62, .box_w = 2, .box_h = 11, .ofs_x = 1, .ofs_y = 0},
    {.bitmap_index = 16710, .adv_w = 211, .box_w = 13, .box_h = 8, .ofs_x = 0, .ofs_y = -3},
    {.bitmap_index = 16751, .adv_w = 117, .box_w = 7, .box_h = 8, .ofs_x = 0, .ofs_y = 0},
    {.bitmap_index = 16777, .adv_w = 211, .box_w = 13, .box_h = 6, .ofs_x = 0, .ofs_y = 0},
    {.bitmap_index = 16813, .adv_w = 211, .box_w = 13, .box_h = 7, .ofs_x = 0, .ofs_y = 0},
    {.bitmap_index = 16852, .adv_w = 145, .box_w = 9, .box_h = 10, .ofs_x = 1, .ofs_y = -4},
    {.bitmap_index = 16896, .adv_w = 145, .box_w = 9, .box_h = 10, .ofs_x = 1, .ofs_y = -4},
    {.bitmap_index = 16936, .adv_w = 145, .box_w = 9, .box_h = 13, .ofs_x = 1, .ofs_y = -4},
    {.bitmap_index = 16984, .adv_w = 100, .box_w = 6, .box_h = 6, .ofs_x = 0, .ofs_y = 0},
    {.bitmap_index = 17001, .adv_w = 100, .box_w = 6, .box_h = 9, .ofs_x = 0, .ofs_y = 0},
    {.bitmap_index = 17026, .adv_w = 108, .box_w = 7, .box_h = 8, .ofs_x = -1, .ofs_y = -4},
    {.bitmap_index = 17049, .adv_w = 108, .box_w = 7, .box_h = 11, .ofs_x = -1, .ofs_y = -4},
    {.bitmap_index = 17080, .adv_w = 273, .box_w = 16, .box_h = 10, .ofs_x = 0, .ofs_y = -4},
    {.bitmap_index = 17143, .adv_w = 273, .box_w = 16, .box_h = 12, .ofs_x = 0, .ofs_y = -4},
    {.bitmap_index = 17218, .adv_w = 271, .box_w = 16, .box_h = 9, .ofs_x = 0, .ofs_y = -4},
    {.bitmap_index = 17275, .adv_w = 271, .box_w = 16, .box_h = 11, .ofs_x = 0, .ofs_y = -4},
    {.bitmap_index = 17341, .adv_w = 207, .box_w = 12, .box_h = 11, .ofs_x = 0, .ofs_y = 0},
    {.bitmap_index = 17372, .adv_w = 207, .box_w = 12, .box_h = 11, .ofs_x = 0, .ofs_y = 0},
    {.bitmap_index = 17409, .adv_w = 134, .box_w = 9, .box_h = 12, .ofs_x = 0, .ofs_y = -4},
    {.bitmap_index = 17458, .adv_w = 134, .box_w = 9, .box_h = 14, .ofs_x = 0, .ofs_y = -4},
    {.bitmap_index = 17513, .adv_w = 66, .box_w = 6, .box_h = 2, .ofs_x = -1, .ofs_y = 0},
    {.bitmap_index = 17518, .adv_w = 232, .box_w = 14, .box_h = 10, .ofs_x = 0, .ofs_y = -1},
    {.bitmap_index = 17573, .adv_w = 174, .box_w = 10, .box_h = 13, .ofs_x = 0, .ofs_y = -4},
    {.bitmap_index = 17627, .adv_w = 185, .box_w = 11, .box_h = 11, .ofs_x = 0, .ofs_y = 0},
    {.bitmap_index = 17666, .adv_w = 163, .box_w = 9, .box_h = 14, .ofs_x = 0, .ofs_y = -3},
    {.bitmap_index = 17697, .adv_w = 139, .box_w = 8, .box_h = 9, .ofs_x = 0, .ofs_y = -3},
    {.bitmap_index = 17724, .adv_w = 165, .box_w = 9, .box_h = 10, .ofs_x = 1, .ofs_y = -3},
    {.bitmap_index = 17765, .adv_w = 117, .box_w = 7, .box_h = 6, .ofs_x = 0, .ofs_y = 0},
    {.bitmap_index = 17784, .adv_w = 108, .box_w = 7, .box_h = 9, .ofs_x = -1, .ofs_y = -4},
    {.bitmap_index = 17812, .adv_w = 175, .box_w = 11, .box_h = 8, .ofs_x = 0, .ofs_y = -2},
    {.bitmap_index = 17853, .adv_w = 175, .box_w = 11, .box_h = 10, .ofs_x = 0, .ofs_y = -4},
    {.bitmap_index = 17902, .adv_w = 0, .box_w = 5, .box_h = 4, .ofs_x = 1, .ofs_y = 8},
    {.bitmap_index = 17913, .adv_w = 0, .box_w = 5, .box_h = 4, .ofs_x = 1, .ofs_y = 8},
    {.bitmap_index = 17924, .adv_w = 0, .box_w = 5, .box_h = 4, .ofs_x = 1, .ofs_y = -4},
    {.bitmap_index = 17935, .adv_w = 0, .box_w = 5, .box_h = 2, .ofs_x = 1, .ofs_y = 8},
    {.bitmap_index = 17940, .adv_w = 0, .box_w = 5, .box_h = 4, .ofs_x = 1, .ofs_y = 8},
    {.bitmap_index = 17950, .adv_w = 0, .box_w = 5, .box_h = 2, .ofs_x = 1, .ofs_y = -2},
    {.bitmap_index = 17956, .adv_w = 0, .box_w = 5, .box_h = 4, .ofs_x = 1, .ofs_y = 8},
    {.bitmap_index = 17967, .adv_w = 0, .box_w = 5, .box_h = 4, .ofs_x = 1, .ofs_y = 8},
    {.bitmap_index = 17976, .adv_w = 120, .box_w = 2, .box_h = 2, .ofs_x = 3, .ofs_y = 3},
    {.bitmap_index = 17978, .adv_w = 120, .box_w = 4, .box_h = 9, .ofs_x = 1, .ofs_y = 0},
    {.bitmap_index = 17997, .adv_w = 120, .box_w = 7, .box_h = 9, .ofs_x = 0, .ofs_y = 0},
    {.bitmap_index = 18025, .adv_w = 120, .box_w = 8, .box_h = 9, .ofs_x = 0, .ofs_y = 0},
    {.bitmap_index = 18056, .adv_w = 120, .box_w = 6, .box_h = 10, .ofs_x = 1, .ofs_y = 0},
    {.bitmap_index = 18085, .adv_w = 120, .box_w = 7, .box_h = 10, .ofs_x = 0, .ofs_y = 0},
    {.bitmap_index = 18117, .adv_w = 120, .box_w = 7, .box_h = 10, .ofs_x = 0, .ofs_y = 0},
    {.bitmap_index = 18148, .adv_w = 120, .box_w = 8, .box_h = 9, .ofs_x = 0, .ofs_y = 0},
    {.bitmap_index = 18182, .adv_w = 120, .box_w = 8, .box_h = 9, .ofs_x = 0, .ofs_y = 0},
    {.bitmap_index = 18214, .adv_w = 120, .box_w = 7, .box_h = 10, .ofs_x = 0, .ofs_y = 0},
    {.bitmap_index = 18245, .adv_w = 211, .box_w = 13, .box_h = 9, .ofs_x = 0, .ofs_y = -4},
    {.bitmap_index = 18290, .adv_w = 145, .box_w = 9, .box_h = 10, .ofs_x = 1, .ofs_y = -4},
    {.bitmap_index = 18335, .adv_w = 108, .box_w = 8, .box_h = 12, .ofs_x = -1, .ofs_y = -4},
    {.bitmap_index = 18374, .adv_w = 200, .box_w = 13, .box_h = 13, .ofs_x = 0, .ofs_y = -1},
    {.bitmap_index = 18437, .adv_w = 200, .box_w = 13, .box_h = 15, .ofs_x = 0, .ofs_y = -1},
    {.bitmap_index = 18510, .adv_w = 175, .box_w = 11, .box_h = 8, .ofs_x = 0, .ofs_y = -2},
    {.bitmap_index = 18551, .adv_w = 112, .box_w = 7, .box_h = 1, .ofs_x = 0, .ofs_y = 3},
    {.bitmap_index = 18554, .adv_w = 224, .box_w = 14, .box_h = 1, .ofs_x = 0, .ofs_y = 3},
    {.bitmap_index = 18559, .adv_w = 71, .box_w = 3, .box_h = 4, .ofs_x = 1, .ofs_y = 6},
    {.bitmap_index = 18565, .adv_w = 71, .box_w = 3, .box_h = 4, .ofs_x = 1, .ofs_y = 6},
    {.bitmap_index = 18571, .adv_w = 71, .box_w = 3, .box_h = 4, .ofs_x = 1, .ofs_y = -2},
    {.bitmap_index = 18577, .adv_w = 116, .box_w = 5, .box_h = 4, .ofs_x = 1, .ofs_y = 6},
    {.bitmap_index = 18587, .adv_w = 116, .box_w = 5, .box_h = 4, .ofs_x = 1, .ofs_y = 6},
    {.bitmap_index = 18597, .adv_w = 116, .box_w = 5, .box_h = 4, .ofs_x = 1, .ofs_y = -2},
    {.bitmap_index = 18607, .adv_w = 132, .box_w = 5, .box_h = 5, .ofs_x = 2, .ofs_y = 3},
    {.bitmap_index = 18620, .adv_w = 224, .box_w = 12, .box_h = 2, .ofs_x = 1, .ofs_y = 0},
    {.bitmap_index = 18632, .adv_w = 188, .box_w = 11, .box_h = 7, .ofs_x = 0, .ofs_y = 1},
    {.bitmap_index = 18658, .adv_w = 188, .box_w = 7, .box_h = 11, .ofs_x = 2, .ofs_y = 0},
    {.bitmap_index = 18680, .adv_w = 188, .box_w = 12, .box_h = 7, .ofs_x = 0, .ofs_y = 1},
    {.bitmap_index = 18708, .adv_w = 188, .box_w = 7, .box_h = 12, .ofs_x = 2, .ofs_y = -1},
    {.bitmap_index = 18733, .adv_w = 323, .box_w = 20, .box_h = 11, .ofs_x = 0, .ofs_y = 0},
    {.bitmap_index = 18822, .adv_w = 172, .box_w = 11, .box_h = 11, .ofs_x = 0, .ofs_y = -2},
    {.bitmap_index = 18862, .adv_w = 201, .box_w = 12, .box_h = 11, .ofs_x = 0, .ofs_y = 0},
    {.bitmap_index = 18913, .adv_w = 188, .box_w = 8, .box_h = 8, .ofs_x = 2, .ofs_y = 1},
    {.bitmap_index = 18941, .adv_w = 188, .box_w = 9, .box_h = 12, .ofs_x = 1, .ofs_y = -1},
    {.bitmap_index = 18990, .adv_w = 224, .box_w = 14, .box_h = 15, .ofs_x = 0, .ofs_y = -2},
    {.bitmap_index = 19075, .adv_w = 252, .box_w = 16, .box_h = 13, .ofs_x = 0, .ofs_y = -1},
    {.bitmap_index = 19154, .adv_w = 224, .box_w = 15, .box_h = 15, .ofs_x = 0, .ofs_y = -2},
    {.bitmap_index = 19236, .adv_w = 168, .box_w = 11, .box_h = 15, .ofs_x = 0, .ofs_y = -2},
    {.bitmap_index = 19293, .adv_w = 224, .box_w = 14, .box_h = 15, .ofs_x = 0, .ofs_y = -2},
    {.bitmap_index = 19396, .adv_w = 252, .box_w = 16, .box_h = 17, .ofs_x = 0, .ofs_y = -3},
    {.bitmap_index = 19489, .adv_w = 224, .box_w = 14, .box_h = 15, .ofs_x = 0, .ofs_y = -2},
    {.bitmap_index = 19572, .adv_w = 224, .box_w = 14, .box_h = 15, .ofs_x = 0, .ofs_y = -2},
    {.bitmap_index = 19662, .adv_w = 224, .box_w = 15, .box_h = 13, .ofs_x = 0, .ofs_y = -1},
    {.bitmap_index = 19737, .adv_w = 224, .box_w = 15, .box_h = 16, .ofs_x = -1, .ofs_y = -3},
    {.bitmap_index = 19834, .adv_w = 196, .box_w = 13, .box_h = 15, .ofs_x = 0, .ofs_y = -2},
    {.bitmap_index = 19921, .adv_w = 224, .box_w = 14, .box_h = 15, .ofs_x = 0, .ofs_y = -2},
    {.bitmap_index = 20015, .adv_w = 211, .box_w = 13, .box_h = 9, .ofs_x = 0, .ofs_y = -4},
    {.bitmap_index = 20060, .adv_w = 220, .box_w = 14, .box_h = 9, .ofs_x = 0, .ofs_y = -4},
    {.bitmap_index = 20108, .adv_w = 62, .box_w = 5, .box_h = 8, .ofs_x = -1, .ofs_y = -4},
    {.bitmap_index = 20127, .adv_w = 68, .box_w = 6, .box_h = 8, .ofs_x = -1, .ofs_y = -4},
    {.bitmap_index = 20150, .adv_w = 145, .box_w = 9, .box_h = 10, .ofs_x = 1, .ofs_y = -4},
    {.bitmap_index = 20195, .adv_w = 145, .box_w = 9, .box_h = 10, .ofs_x = 1, .ofs_y = -4},
    {.bitmap_index = 20241, .adv_w = 138, .box_w = 9, .box_h = 11, .ofs_x = -1, .ofs_y = -4},
    {.bitmap_index = 20283, .adv_w = 145, .box_w = 11, .box_h = 11, .ofs_x = -1, .ofs_y = -4},
    {.bitmap_index = 20332, .adv_w = 108, .box_w = 8, .box_h = 12, .ofs_x = -1, .ofs_y = -4},
    {.bitmap_index = 20371, .adv_w = 124, .box_w = 9, .box_h = 12, .ofs_x = -1, .ofs_y = -4},
    {.bitmap_index = 20413, .adv_w = 200, .box_w = 13, .box_h = 13, .ofs_x = 0, .ofs_y = -1},
    {.bitmap_index = 20476, .adv_w = 200, .box_w = 14, .box_h = 12, .ofs_x = 0, .ofs_y = -1},
    {.bitmap_index = 20539, .adv_w = 107, .box_w = 8, .box_h = 11, .ofs_x = -1, .ofs_y = 0},
    {.bitmap_index = 20577, .adv_w = 124, .box_w = 9, .box_h = 11, .ofs_x = -1, .ofs_y = 0},
    {.bitmap_index = 20618, .adv_w = 200, .box_w = 13, .box_h = 15, .ofs_x = 0, .ofs_y = -1},
    {.bitmap_index = 20691, .adv_w = 200, .box_w = 14, .box_h = 14, .ofs_x = 0, .ofs_y = -1},
    {.bitmap_index = 20765, .adv_w = 107, .box_w = 8, .box_h = 13, .ofs_x = -1, .ofs_y = 0},
    {.bitmap_index = 20811, .adv_w = 124, .box_w = 9, .box_h = 13, .ofs_x = -1, .ofs_y = 0},
    {.bitmap_index = 20861, .adv_w = 175, .box_w = 11, .box_h = 8, .ofs_x = 0, .ofs_y = -2},
    {.bitmap_index = 20902, .adv_w = 187, .box_w = 12, .box_h = 8, .ofs_x = 0, .ofs_y = -3},
    {.bitmap_index = 20942, .adv_w = 62, .box_w = 5, .box_h = 7, .ofs_x = -1, .ofs_y = -3},
    {.bitmap_index = 20958, .adv_w = 68, .box_w = 6, .box_h = 7, .ofs_x = -1, .ofs_y = -3},
    {.bitmap_index = 20979, .adv_w = 66, .box_w = 5, .box_h = 4, .ofs_x = 0, .ofs_y = 8},
    {.bitmap_index = 20989, .adv_w = 66, .box_w = 6, .box_h = 12, .ofs_x = -1, .ofs_y = 0},
    {.bitmap_index = 21011, .adv_w = 66, .box_w = 5, .box_h = 4, .ofs_x = 0, .ofs_y = 8},
    {.bitmap_index = 21022, .adv_w = 59, .box_w = 4, .box_h = 3, .ofs_x = 0, .ofs_y = 0},
    {.bitmap_index = 21028, .adv_w = 66, .box_w = 5, .box_h = 4, .ofs_x = 0, .ofs_y = -4},
    {.bitmap_index = 21038, .adv_w = 66, .box_w = 5, .box_h = 2, .ofs_x = 0, .ofs_y = 8},
    {.bitmap_index = 21043, .adv_w = 66, .box_w = 6, .box_h = 10, .ofs_x = -1, .ofs_y = 0},
    {.bitmap_index = 21059, .adv_w = 66, .box_w = 5, .box_h = 4, .ofs_x = 0, .ofs_y = 8},
    {.bitmap_index = 21070, .adv_w = 66, .box_w = 6, .box_h = 12, .ofs_x = -1, .ofs_y = 0},
    {.bitmap_index = 21091, .adv_w = 66, .box_w = 5, .box_h = 2, .ofs_x = 0, .ofs_y = -2},
    {.bitmap_index = 21097, .adv_w = 66, .box_w = 6, .box_h = 4, .ofs_x = -1, .ofs_y = -2},
    {.bitmap_index = 21108, .adv_w = 66, .box_w = 6, .box_h = 4, .ofs_x = -1, .ofs_y = 8},
    {.bitmap_index = 21120, .adv_w = 66, .box_w = 6, .box_h = 12, .ofs_x = -1, .ofs_y = 0},
    {.bitmap_index = 21142, .adv_w = 66, .box_w = 4, .box_h = 4, .ofs_x = 0, .ofs_y = 8},
    {.bitmap_index = 21150, .adv_w = 66, .box_w = 6, .box_h = 12, .ofs_x = -1, .ofs_y = 0},
    {.bitmap_index = 21171, .adv_w = 105, .box_w = 5, .box_h = 8, .ofs_x = 1, .ofs_y = 0},
    {.bitmap_index = 21191, .adv_w = 62, .box_w = 6, .box_h = 13, .ofs_x = -1, .ofs_y = 0},
    {.bitmap_index = 21203, .adv_w = 68, .box_w = 6, .box_h = 13, .ofs_x = -1, .ofs_y = 0},
    {.bitmap_index = 21222, .adv_w = 62, .box_w = 4, .box_h = 15, .ofs_x = 0, .ofs_y = 0},
    {.bitmap_index = 21235, .adv_w = 68, .box_w = 5, .box_h = 15, .ofs_x = 0, .ofs_y = 0},
    {.bitmap_index = 21257, .adv_w = 108, .box_w = 7, .box_h = 12, .ofs_x = -1, .ofs_y = -4},
    {.bitmap_index = 21296, .adv_w = 116, .box_w = 9, .box_h = 12, .ofs_x = -1, .ofs_y = -4},
    {.bitmap_index = 21344, .adv_w = 62, .box_w = 4, .box_h = 15, .ofs_x = 0, .ofs_y = -4},
    {.bitmap_index = 21357, .adv_w = 68, .box_w = 5, .box_h = 15, .ofs_x = 0, .ofs_y = -4},
    {.bitmap_index = 21379, .adv_w = 175, .box_w = 11, .box_h = 11, .ofs_x = 0, .ofs_y = -2},
    {.bitmap_index = 21432, .adv_w = 187, .box_w = 12, .box_h = 10, .ofs_x = 0, .ofs_y = -3},
    {.bitmap_index = 21482, .adv_w = 62, .box_w = 5, .box_h = 9, .ofs_x = -1, .ofs_y = 0},
    {.bitmap_index = 21503, .adv_w = 68, .box_w = 6, .box_h = 9, .ofs_x = -1, .ofs_y = 0},
    {.bitmap_index = 21528, .adv_w = 62, .box_w = 2, .box_h = 11, .ofs_x = 1, .ofs_y = 0},
    {.bitmap_index = 21533, .adv_w = 68, .box_w = 4, .box_h = 11, .ofs_x = 1, .ofs_y = 0},
    {.bitmap_index = 21543, .adv_w = 211, .box_w = 13, .box_h = 8, .ofs_x = 0, .ofs_y = -3},
    {.bitmap_index = 21584, .adv_w = 220, .box_w = 14, .box_h = 8, .ofs_x = 0, .ofs_y = -3},
    {.bitmap_index = 21628, .adv_w = 62, .box_w = 4, .box_h = 7, .ofs_x = -1, .ofs_y = -3},
    {.bitmap_index = 21642, .adv_w = 68, .box_w = 6, .box_h = 7, .ofs_x = -1, .ofs_y = -3},
    {.bitmap_index = 21662, .adv_w = 117, .box_w = 7, .box_h = 8, .ofs_x = 0, .ofs_y = 0},
    {.bitmap_index = 21688, .adv_w = 120, .box_w = 8, .box_h = 7, .ofs_x = 0, .ofs_y = 0},
    {.bitmap_index = 21714, .adv_w = 211, .box_w = 13, .box_h = 6, .ofs_x = 0, .ofs_y = 0},
    {.bitmap_index = 21750, .adv_w = 220, .box_w = 14, .box_h = 6, .ofs_x = 0, .ofs_y = 0},
    {.bitmap_index = 21788, .adv_w = 62, .box_w = 5, .box_h = 7, .ofs_x = -1, .ofs_y = 0},
    {.bitmap_index = 21802, .adv_w = 68, .box_w = 6, .box_h = 7, .ofs_x = -1, .ofs_y = 0},
    {.bitmap_index = 21820, .adv_w = 211, .box_w = 13, .box_h = 7, .ofs_x = 0, .ofs_y = 0},
    {.bitmap_index = 21859, .adv_w = 220, .box_w = 14, .box_h = 7, .ofs_x = 0, .ofs_y = 0},
    {.bitmap_index = 21900, .adv_w = 62, .box_w = 5, .box_h = 9, .ofs_x = -1, .ofs_y = 0},
    {.bitmap_index = 21919, .adv_w = 68, .box_w = 6, .box_h = 9, .ofs_x = -1, .ofs_y = 0},
    {.bitmap_index = 21942, .adv_w = 145, .box_w = 9, .box_h = 10, .ofs_x = 1, .ofs_y = -4},
    {.bitmap_index = 21986, .adv_w = 145, .box_w = 9, .box_h = 10, .ofs_x = 1, .ofs_y = -4},
    {.bitmap_index = 22033, .adv_w = 138, .box_w = 9, .box_h = 10, .ofs_x = -1, .ofs_y = -3},
    {.bitmap_index = 22070, .adv_w = 145, .box_w = 11, .box_h = 10, .ofs_x = -1, .ofs_y = -3},
    {.bitmap_index = 22115, .adv_w = 145, .box_w = 9, .box_h = 10, .ofs_x = 1, .ofs_y = -4},
    {.bitmap_index = 22155, .adv_w = 145, .box_w = 9, .box_h = 10, .ofs_x = 1, .ofs_y = -4},
    {.bitmap_index = 22201, .adv_w = 138, .box_w = 9, .box_h = 7, .ofs_x = -1, .ofs_y = 0},
    {.bitmap_index = 22229, .adv_w = 145, .box_w = 11, .box_h = 7, .ofs_x = -1, .ofs_y = 0},
    {.bitmap_index = 22262, .adv_w = 145, .box_w = 9, .box_h = 13, .ofs_x = 1, .ofs_y = -4},
    {.bitmap_index = 22310, .adv_w = 145, .box_w = 9, .box_h = 12, .ofs_x = 1, .ofs_y = -4},
    {.bitmap_index = 22361, .adv_w = 138, .box_w = 9, .box_h = 8, .ofs_x = -1, .ofs_y = 0},
    {.bitmap_index = 22393, .adv_w = 145, .box_w = 11, .box_h = 8, .ofs_x = -1, .ofs_y = 0},
    {.bitmap_index = 22430, .adv_w = 100, .box_w = 6, .box_h = 6, .ofs_x = 0, .ofs_y = 0},
    {.bitmap_index = 22447, .adv_w = 118, .box_w = 8, .box_h = 6, .ofs_x = 0, .ofs_y = 0},
    {.bitmap_index = 22468, .adv_w = 100, .box_w = 6, .box_h = 9, .ofs_x = 0, .ofs_y = 0},
    {.bitmap_index = 22493, .adv_w = 118, .box_w = 8, .box_h = 9, .ofs_x = 0, .ofs_y = 0},
    {.bitmap_index = 22522, .adv_w = 108, .box_w = 7, .box_h = 8, .ofs_x = -1, .ofs_y = -4},
    {.bitmap_index = 22545, .adv_w = 124, .box_w = 9, .box_h = 8, .ofs_x = -1, .ofs_y = -4},
    {.bitmap_index = 22575, .adv_w = 108, .box_w = 7, .box_h = 11, .ofs_x = -1, .ofs_y = -4},
    {.bitmap_index = 22606, .adv_w = 124, .box_w = 9, .box_h = 11, .ofs_x = -1, .ofs_y = -4},
    {.bitmap_index = 22643, .adv_w = 273, .box_w = 16, .box_h = 10, .ofs_x = 0, .ofs_y = -4},
    {.bitmap_index = 22706, .adv_w = 286, .box_w = 18, .box_h = 9, .ofs_x = 0, .ofs_y = -4},
    {.bitmap_index = 22769, .adv_w = 188, .box_w = 12, .box_h = 5, .ofs_x = -1, .ofs_y = 0},
    {.bitmap_index = 22795, .adv_w = 200, .box_w = 14, .box_h = 6, .ofs_x = -1, .ofs_y = 0},
    {.bitmap_index = 22831, .adv_w = 273, .box_w = 16, .box_h = 12, .ofs_x = 0, .ofs_y = -4},
    {.bitmap_index = 22906, .adv_w = 286, .box_w = 18, .box_h = 12, .ofs_x = 0, .ofs_y = -4},
    {.bitmap_index = 22986, .adv_w = 188, .box_w = 12, .box_h = 8, .ofs_x = -1, .ofs_y = 0},
    {.bitmap_index = 23028, .adv_w = 200, .box_w = 14, .box_h = 8, .ofs_x = -1, .ofs_y = 0},
    {.bitmap_index = 23074, .adv_w = 271, .box_w = 16, .box_h = 9, .ofs_x = 0, .ofs_y = -4},
    {.bitmap_index = 23131, .adv_w = 274, .box_w = 18, .box_h = 9, .ofs_x = 0, .ofs_y = -4},
    {.bitmap_index = 23193, .adv_w = 190, .box_w = 12, .box_h = 5, .ofs_x = -1, .ofs_y = 0},
    {.bitmap_index = 23222, .adv_w = 194, .box_w = 14, .box_h = 5, .ofs_x = -1, .ofs_y = 0},
    {.bitmap_index = 23254, .adv_w = 271, .box_w = 16, .box_h = 11, .ofs_x = 0, .ofs_y = -4},
    {.bitmap_index = 23320, .adv_w = 274, .box_w = 18, .box_h = 11, .ofs_x = 0, .ofs_y = -4},
    {.bitmap_index = 23391, .adv_w = 190, .box_w = 12, .box_h = 7, .ofs_x = -1, .ofs_y = 0},
    {.bitmap_index = 23427, .adv_w = 194, .box_w = 14, .box_h = 7, .ofs_x = -1, .ofs_y = 0},
    {.bitmap_index = 23469, .adv_w = 207, .box_w = 12, .box_h = 11, .ofs_x = 0, .ofs_y = 0},
    {.bitmap_index = 23500, .adv_w = 213, .box_w = 14, .box_h = 11, .ofs_x = 0, .ofs_y = 0},
    {.bitmap_index = 23536, .adv_w = 178, .box_w = 12, .box_h = 11, .ofs_x = -1, .ofs_y = 0},
    {.bitmap_index = 23567, .adv_w = 184, .box_w = 13, .box_h = 11, .ofs_x = -1, .ofs_y = 0},
    {.bitmap_index = 23601, .adv_w = 207, .box_w = 12, .box_h = 11, .ofs_x = 0, .ofs_y = 0},
    {.bitmap_index = 23638, .adv_w = 213, .box_w = 14, .box_h = 11, .ofs_x = 0, .ofs_y = 0},
    {.bitmap_index = 23680, .adv_w = 178, .box_w = 12, .box_h = 11, .ofs_x = -1, .ofs_y = 0},
    {.bitmap_index = 23717, .adv_w = 184, .box_w = 13, .box_h = 11, .ofs_x = -1, .ofs_y = 0},
    {.bitmap_index = 23757, .adv_w = 134, .box_w = 9, .box_h = 12, .ofs_x = 0, .ofs_y = -4},
    {.bitmap_index = 23806, .adv_w = 119, .box_w = 9, .box_h = 10, .ofs_x = 0, .ofs_y = -4},
    {.bitmap_index = 23847, .adv_w = 134, .box_w = 8, .box_h = 7, .ofs_x = -1, .ofs_y = 0},
    {.bitmap_index = 23874, .adv_w = 108, .box_w = 8, .box_h = 6, .ofs_x = -1, .ofs_y = 0},
    {.bitmap_index = 23895, .adv_w = 134, .box_w = 9, .box_h = 14, .ofs_x = 0, .ofs_y = -4},
    {.bitmap_index = 23950, .adv_w = 119, .box_w = 9, .box_h = 12, .ofs_x = 0, .ofs_y = -4},
    {.bitmap_index = 23998, .adv_w = 117, .box_w = 8, .box_h = 9, .ofs_x = -1, .ofs_y = 0},
    {.bitmap_index = 24031, .adv_w = 108, .box_w = 8, .box_h = 8, .ofs_x = -1, .ofs_y = 0},
    {.bitmap_index = 24059, .adv_w = 232, .box_w = 14, .box_h = 10, .ofs_x = 0, .ofs_y = -1},
    {.bitmap_index = 24114, .adv_w = 232, .box_w = 15, .box_h = 9, .ofs_x = 0, .ofs_y = -1},
    {.bitmap_index = 24163, .adv_w = 107, .box_w = 7, .box_h = 9, .ofs_x = -1, .ofs_y = 0},
    {.bitmap_index = 24193, .adv_w = 113, .box_w = 9, .box_h = 8, .ofs_x = -1, .ofs_y = 0},
    {.bitmap_index = 24221, .adv_w = 174, .box_w = 10, .box_h = 13, .ofs_x = 0, .ofs_y = -4},
    {.bitmap_index = 24275, .adv_w = 187, .box_w = 12, .box_h = 11, .ofs_x = 0, .ofs_y = -4},
    {.bitmap_index = 24330, .adv_w = 107, .box_w = 7, .box_h = 9, .ofs_x = -1, .ofs_y = 0},
    {.bitmap_index = 24361, .adv_w = 113, .box_w = 9, .box_h = 8, .ofs_x = -1, .ofs_y = 0},
    {.bitmap_index = 24392, .adv_w = 185, .box_w = 11, .box_h = 11, .ofs_x = 0, .ofs_y = 0},
    {.bitmap_index = 24431, .adv_w = 189, .box_w = 12, .box_h = 11, .ofs_x = 0, .ofs_y = 0},
    {.bitmap_index = 24472, .adv_w = 107, .box_w = 8, .box_h = 11, .ofs_x = -1, .ofs_y = 0},
    {.bitmap_index = 24510, .adv_w = 124, .box_w = 9, .box_h = 11, .ofs_x = -1, .ofs_y = 0},
    {.bitmap_index = 24551, .adv_w = 163, .box_w = 9, .box_h = 14, .ofs_x = 0, .ofs_y = -3},
    {.bitmap_index = 24582, .adv_w = 170, .box_w = 11, .box_h = 14, .ofs_x = 0, .ofs_y = -3},
    {.bitmap_index = 24620, .adv_w = 68, .box_w = 4, .box_h = 11, .ofs_x = -1, .ofs_y = 0},
    {.bitmap_index = 24630, .adv_w = 74, .box_w = 6, .box_h = 11, .ofs_x = -1, .ofs_y = 0},
    {.bitmap_index = 24641, .adv_w = 139, .box_w = 8, .box_h = 9, .ofs_x = 0, .ofs_y = -3},
    {.bitmap_index = 24668, .adv_w = 149, .box_w = 10, .box_h = 10, .ofs_x = 0, .ofs_y = -4},
    {.bitmap_index = 24703, .adv_w = 120, .box_w = 8, .box_h = 6, .ofs_x = -1, .ofs_y = 0},
    {.bitmap_index = 24725, .adv_w = 130, .box_w = 10, .box_h = 6, .ofs_x = -1, .ofs_y = 0},
    {.bitmap_index = 24751, .adv_w = 165, .box_w = 9, .box_h = 10, .ofs_x = 1, .ofs_y = -3},
    {.bitmap_index = 24792, .adv_w = 171, .box_w = 10, .box_h = 9, .ofs_x = 1, .ofs_y = -4},
    {.bitmap_index = 24834, .adv_w = 62, .box_w = 4, .box_h = 7, .ofs_x = -1, .ofs_y = 0},
    {.bitmap_index = 24848, .adv_w = 68, .box_w = 6, .box_h = 7, .ofs_x = -1, .ofs_y = 0},
    {.bitmap_index = 24867, .adv_w = 117, .box_w = 7, .box_h = 6, .ofs_x = 0, .ofs_y = 0},
    {.bitmap_index = 24886, .adv_w = 120, .box_w = 8, .box_h = 5, .ofs_x = 0, .ofs_y = 0},
    {.bitmap_index = 24906, .adv_w = 118, .box_w = 8, .box_h = 8, .ofs_x = -1, .ofs_y = 0},
    {.bitmap_index = 24935, .adv_w = 103, .box_w = 8, .box_h = 9, .ofs_x = -1, .ofs_y = -4},
    {.bitmap_index = 24970, .adv_w = 108, .box_w = 7, .box_h = 9, .ofs_x = -1, .ofs_y = -4},
    {.bitmap_index = 24998, .adv_w = 116, .box_w = 9, .box_h = 9, .ofs_x = -1, .ofs_y = -4},
    {.bitmap_index = 25036, .adv_w = 175, .box_w = 11, .box_h = 8, .ofs_x = 0, .ofs_y = -2},
    {.bitmap_index = 25077, .adv_w = 187, .box_w = 12, .box_h = 8, .ofs_x = 0, .ofs_y = -3},
    {.bitmap_index = 25117, .adv_w = 175, .box_w = 11, .box_h = 10, .ofs_x = 0, .ofs_y = -4},
    {.bitmap_index = 25166, .adv_w = 187, .box_w = 12, .box_h = 9, .ofs_x = 0, .ofs_y = -4},
    {.bitmap_index = 25209, .adv_w = 62, .box_w = 5, .box_h = 7, .ofs_x = -1, .ofs_y = -3},
    {.bitmap_index = 25225, .adv_w = 68, .box_w = 6, .box_h = 7, .ofs_x = -1, .ofs_y = -3},
    {.bitmap_index = 25246, .adv_w = 128, .box_w = 9, .box_h = 12, .ofs_x = -2, .ofs_y = 0},
    {.bitmap_index = 25292, .adv_w = 134, .box_w = 11, .box_h = 12, .ofs_x = -2, .ofs_y = 0},
    {.bitmap_index = 25341, .adv_w = 128, .box_w = 8, .box_h = 14, .ofs_x = -1, .ofs_y = 0},
    {.bitmap_index = 25388, .adv_w = 134, .box_w = 10, .box_h = 14, .ofs_x = -1, .ofs_y = 0},
    {.bitmap_index = 25439, .adv_w = 128, .box_w = 7, .box_h = 15, .ofs_x = 0, .ofs_y = -4},
    {.bitmap_index = 25485, .adv_w = 134, .box_w = 9, .box_h = 15, .ofs_x = 0, .ofs_y = -4},
    {.bitmap_index = 25536, .adv_w = 128, .box_w = 7, .box_h = 11, .ofs_x = 0, .ofs_y = 0},
    {.bitmap_index = 25570, .adv_w = 134, .box_w = 9, .box_h = 11, .ofs_x = 0, .ofs_y = 0}
};

/*---------------------
 *  CHARACTER MAPPING
 *--------------------*/

static const uint8_t glyph_id_ofs_list_2[] = {
    0, 1, 2, 3, 4, 5, 6, 0,
    7
};

static const uint16_t unicode_list_6[] = {
    0x0, 0x1, 0x17c, 0x18b, 0x18f
};

static const uint16_t unicode_list_10[] = {
    0x0, 0x8, 0x1a, 0x2b, 0x31, 0x4e, 0x1995, 0x1996,
    0x199a, 0x199b, 0x199c, 0x199e, 0x199f, 0x19a0, 0x19a4, 0x19a8,
    0x1b12, 0x1b13, 0x1b14, 0x1b15, 0x1caa, 0x1f38, 0x2022, 0x2095,
    0x2099, 0xe9dc, 0xea6f, 0xeab0, 0xeade, 0xeb4f, 0xeb5a, 0xeb60,
    0xec5d, 0xec77, 0xec7b, 0xef12, 0xef7f, 0xf4d8, 0xf4d9, 0xf4da,
    0xf4db, 0xf4fc, 0xf4fd, 0xf4fe, 0xf4ff, 0xf50c, 0xf50d, 0xf510,
    0xf511, 0xf512, 0xf513, 0xf514, 0xf515, 0xf516, 0xf517, 0xf57e,
    0xf57f, 0xf580, 0xf581, 0xf7f2, 0xf7f3, 0xf7f4, 0xf7f5, 0xf7f6
};

/*Collect the unicode lists and glyph_id offsets*/
static const lv_font_fmt_txt_cmap_t cmaps[] =
{
    {
        .range_start = 32, .range_length = 95, .glyph_id_start = 1,
        .unicode_list = NULL, .glyph_id_ofs_list = NULL, .list_length = 0, .type = LV_FONT_FMT_TXT_CMAP_FORMAT0_TINY
    },
    {
        .range_start = 160, .range_length = 224, .glyph_id_start = 96,
        .unicode_list = NULL, .glyph_id_ofs_list = NULL, .list_length = 0, .type = LV_FONT_FMT_TXT_CMAP_FORMAT0_TINY
    },
    {
        .range_start = 900, .range_length = 9, .glyph_id_start = 320,
        .unicode_list = NULL, .glyph_id_ofs_list = glyph_id_ofs_list_2, .list_length = 9, .type = LV_FONT_FMT_TXT_CMAP_FORMAT0_FULL
    },
    {
        .range_start = 910, .range_length = 20, .glyph_id_start = 328,
        .unicode_list = NULL, .glyph_id_ofs_list = NULL, .list_length = 0, .type = LV_FONT_FMT_TXT_CMAP_FORMAT0_TINY
    },
    {
        .range_start = 931, .range_length = 44, .glyph_id_start = 348,
        .unicode_list = NULL, .glyph_id_ofs_list = NULL, .list_length = 0, .type = LV_FONT_FMT_TXT_CMAP_FORMAT0_TINY
    },
    {
        .range_start = 1024, .range_length = 96, .glyph_id_start = 392,
        .unicode_list = NULL, .glyph_id_ofs_list = NULL, .list_length = 0, .type = LV_FONT_FMT_TXT_CMAP_FORMAT0_TINY
    },
    {
        .range_start = 1168, .range_length = 400, .glyph_id_start = 488,
        .unicode_list = unicode_list_6, .glyph_id_ofs_list = NULL, .list_length = 5, .type = LV_FONT_FMT_TXT_CMAP_SPARSE_TINY
    },
    {
        .range_start = 1569, .range_length = 26, .glyph_id_start = 493,
        .unicode_list = NULL, .glyph_id_ofs_list = NULL, .list_length = 0, .type = LV_FONT_FMT_TXT_CMAP_FORMAT0_TINY
    },
    {
        .range_start = 1600, .range_length = 19, .glyph_id_start = 519,
        .unicode_list = NULL, .glyph_id_ofs_list = NULL, .list_length = 0, .type = LV_FONT_FMT_TXT_CMAP_FORMAT0_TINY
    },
    {
        .range_start = 1632, .range_length = 10, .glyph_id_start = 538,
        .unicode_list = NULL, .glyph_id_ofs_list = NULL, .list_length = 0, .type = LV_FONT_FMT_TXT_CMAP_FORMAT0_TINY
    },
    {
        .range_start = 1662, .range_length = 63479, .glyph_id_start = 548,
        .unicode_list = unicode_list_10, .glyph_id_ofs_list = NULL, .list_length = 64, .type = LV_FONT_FMT_TXT_CMAP_SPARSE_TINY
    },
    {
        .range_start = 65142, .range_length = 135, .glyph_id_start = 612,
        .unicode_list = NULL, .glyph_id_ofs_list = NULL, .list_length = 0, .type = LV_FONT_FMT_TXT_CMAP_FORMAT0_TINY
    }
};



/*--------------------
 *  ALL CUSTOM DATA
 *--------------------*/

#if LVGL_VERSION_MAJOR == 8
/*Store all the custom data of the font*/
static  lv_font_fmt_txt_glyph_cache_t cache;
#endif

#if LVGL_VERSION_MAJOR >= 8
static const lv_font_fmt_txt_dsc_t font_dsc = {
#else
static lv_font_fmt_txt_dsc_t font_dsc = {
#endif
    .glyph_bitmap = glyph_bitmap,
    .glyph_dsc = glyph_dsc,
    .cmaps = cmaps,
    .kern_dsc = NULL,
    .kern_scale = 0,
    .cmap_num = 12,
    .bpp = 4,
    .kern_classes = 0,
    .bitmap_format = 1,
#if LVGL_VERSION_MAJOR == 8
    .cache = &cache
#endif
};



/*-----------------
 *  PUBLIC FONT
 *----------------*/

/*Initialize a public general font descriptor*/
#if LVGL_VERSION_MAJOR >= 8
const lv_font_t orm_font_14 = {
#else
lv_font_t orm_font_14 = {
#endif
    .get_glyph_dsc = lv_font_get_glyph_dsc_fmt_txt,    /*Function pointer to get glyph's data*/
    .get_glyph_bitmap = lv_font_get_bitmap_fmt_txt,    /*Function pointer to get glyph's bitmap*/
    .line_height = 19,          /*The maximum line height required by the font*/
    .base_line = 4,             /*Baseline measured from the bottom of the line*/
#if !(LVGL_VERSION_MAJOR == 6 && LVGL_VERSION_MINOR == 0)
    .subpx = LV_FONT_SUBPX_NONE,
#endif
#if LV_VERSION_CHECK(7, 4, 0) || LVGL_VERSION_MAJOR >= 8
    .underline_position = 0,
    .underline_thickness = 1,
#endif
    .dsc = &font_dsc,          /*The custom font data. Will be accessed by `get_glyph_bitmap/dsc` */
#if LV_VERSION_CHECK(8, 2, 0) || LVGL_VERSION_MAJOR >= 9
    .fallback = NULL,
#endif
    .user_data = NULL,
};



#endif /*#if ORM_FONT_14*/
